uetr,ts,service,status,msg_type,rail,amount,currency,debtor_account,country,latency_ms
e302123b-000b-e425-0f72-221829fb876e,2026-07-07T05:42:09.936,gateway,OK,pacs.008,FAST,179.68,MYR,**************6252,MY,60
e302123b-000b-e425-0f72-221829fb876e,2026-07-07T05:42:10.190,auth,OK,pacs.008,FAST,179.68,MYR,**************6252,MY,63
e302123b-000b-e425-0f72-221829fb876e,2026-07-07T05:42:10.282,validation,OK,pacs.008,FAST,179.68,MYR,**************6252,MY,59
e302123b-000b-e425-0f72-221829fb876e,2026-07-07T05:42:10.368,aml,OK,pacs.008,FAST,179.68,MYR,**************6252,MY,199
e302123b-000b-e425-0f72-221829fb876e,2026-07-07T05:42:10.444,payment-hub,OK,pacs.008,FAST,179.68,MYR,**************6252,MY,40
e302123b-000b-e425-0f72-221829fb876e,2026-07-07T05:42:10.499,core-banking,OK,pacs.008,FAST,179.68,MYR,**************6252,MY,163
e302123b-000b-e425-0f72-221829fb876e,2026-07-07T05:42:10.543,settlement,SETTLED,pacs.008,FAST,179.68,MYR,**************6252,MY,82
020a4fc5-2f52-40b3-9e1d-158494e1cbfa,2026-07-04T06:09:44.235,gateway,OK,MT103,SWIFT,794.69,MYR,**************7603,MY,22
020a4fc5-2f52-40b3-9e1d-158494e1cbfa,2026-07-04T06:09:44.289,auth,OK,MT103,SWIFT,794.69,MYR,**************7603,MY,23
020a4fc5-2f52-40b3-9e1d-158494e1cbfa,2026-07-04T06:09:44.387,validation,OK,MT103,SWIFT,794.69,MYR,**************7603,MY,40
020a4fc5-2f52-40b3-9e1d-158494e1cbfa,2026-07-04T06:09:44.468,aml,OK,MT103,SWIFT,794.69,MYR,**************7603,MY,235
020a4fc5-2f52-40b3-9e1d-158494e1cbfa,2026-07-04T06:09:44.531,payment-hub,OK,MT103,SWIFT,794.69,MYR,**************7603,MY,120
020a4fc5-2f52-40b3-9e1d-158494e1cbfa,2026-07-04T06:09:44.647,core-banking,OK,MT103,SWIFT,794.69,MYR,**************7603,MY,110
020a4fc5-2f52-40b3-9e1d-158494e1cbfa,2026-07-04T06:09:44.687,settlement,SETTLED,MT103,SWIFT,794.69,MYR,**************7603,MY,207
ef1f5ee9-35dd-3fc8-b358-ae22c619172a,2026-07-14T22:28:26.853,gateway,OK,0200,CARDS,1064.9,USD,**************2651,US,33
ef1f5ee9-35dd-3fc8-b358-ae22c619172a,2026-07-14T22:28:27.093,auth,OK,0200,CARDS,1064.9,USD,**************2651,US,73
ef1f5ee9-35dd-3fc8-b358-ae22c619172a,2026-07-14T22:28:27.346,validation,OK,0200,CARDS,1064.9,USD,**************2651,US,27
ef1f5ee9-35dd-3fc8-b358-ae22c619172a,2026-07-14T22:28:27.420,aml,OK,0200,CARDS,1064.9,USD,**************2651,US,295
ef1f5ee9-35dd-3fc8-b358-ae22c619172a,2026-07-14T22:28:27.557,payment-hub,OK,0200,CARDS,1064.9,USD,**************2651,US,118
ef1f5ee9-35dd-3fc8-b358-ae22c619172a,2026-07-14T22:28:27.667,core-banking,OK,0200,CARDS,1064.9,USD,**************2651,US,134
ef1f5ee9-35dd-3fc8-b358-ae22c619172a,2026-07-14T22:28:27.719,settlement,SETTLED,0200,CARDS,1064.9,USD,**************2651,US,109
9e282d63-6e7b-d569-b4ff-441542a50124,2026-07-04T04:05:15.968,gateway,OK,MT103,SWIFT,3619.89,INR,**************3848,SG,36
9e282d63-6e7b-d569-b4ff-441542a50124,2026-07-04T04:05:16.051,auth,OK,MT103,SWIFT,3619.89,INR,**************3848,SG,49
9e282d63-6e7b-d569-b4ff-441542a50124,2026-07-04T04:05:16.127,validation,OK,MT103,SWIFT,3619.89,INR,**************3848,SG,94
9e282d63-6e7b-d569-b4ff-441542a50124,2026-07-04T04:05:16.287,aml,TIMEOUT,MT103,SWIFT,3619.89,INR,**************3848,SG,30000
9e282d63-6e7b-d569-b4ff-441542a50124,2026-07-04T04:05:16.362,payment-hub,FAILED,MT103,SWIFT,3619.89,INR,**************3848,SG,60
61dca6c8-da42-8dc8-c869-1be7f5c902fc,2026-07-07T16:28:44.942,gateway,OK,MT103,SWIFT,455.82,SGD,**************9314,SG,30
61dca6c8-da42-8dc8-c869-1be7f5c902fc,2026-07-07T16:28:45.011,auth,OK,MT103,SWIFT,455.82,SGD,**************9314,SG,87
61dca6c8-da42-8dc8-c869-1be7f5c902fc,2026-07-07T16:28:45.337,validation,OK,MT103,SWIFT,455.82,SGD,**************9314,SG,38
61dca6c8-da42-8dc8-c869-1be7f5c902fc,2026-07-07T16:28:45.392,aml,TIMEOUT,MT103,SWIFT,455.82,SGD,**************9314,SG,30000
61dca6c8-da42-8dc8-c869-1be7f5c902fc,2026-07-07T16:28:45.533,payment-hub,FAILED,MT103,SWIFT,455.82,SGD,**************9314,SG,39
9df5cf59-b65e-0e30-f24a-99a96826aaae,2026-07-10T12:25:40.067,gateway,OK,pacs.008,FAST,280.82,MYR,**************5617,SG,27
9df5cf59-b65e-0e30-f24a-99a96826aaae,2026-07-10T12:26:10.074,auth,OK,pacs.008,FAST,280.82,MYR,**************5617,SG,26
9df5cf59-b65e-0e30-f24a-99a96826aaae,2026-07-10T12:26:10.182,validation,OK,pacs.008,FAST,280.82,MYR,**************5617,SG,39
9df5cf59-b65e-0e30-f24a-99a96826aaae,2026-07-10T12:26:10.208,aml,OK,pacs.008,FAST,280.82,MYR,**************5617,SG,163
9df5cf59-b65e-0e30-f24a-99a96826aaae,2026-07-10T12:26:10.276,payment-hub,OK,pacs.008,FAST,280.82,MYR,**************5617,SG,123
9df5cf59-b65e-0e30-f24a-99a96826aaae,2026-07-10T12:26:10.340,core-banking,OK,pacs.008,FAST,280.82,MYR,**************5617,SG,176
9df5cf59-b65e-0e30-f24a-99a96826aaae,2026-07-10T12:26:10.600,settlement,SETTLED,pacs.008,FAST,280.82,MYR,**************5617,SG,323
82378b40-1164-bd29-f7b2-a75ff42475ca,2026-07-02T17:27:33.165,gateway,OK,MT103,SWIFT,325.32,GBP,**************7074,GB,25
82378b40-1164-bd29-f7b2-a75ff42475ca,2026-07-02T17:27:33.273,auth,OK,MT103,SWIFT,325.32,GBP,**************7074,GB,72
82378b40-1164-bd29-f7b2-a75ff42475ca,2026-07-02T17:28:03.304,validation,REJECTED,MT103,SWIFT,325.32,GBP,**************7074,GB,70
4e1b2bd1-a76b-f10e-9da4-70bbd5206644,2026-07-03T10:03:16.937,gateway,OK,pacs.008,FAST,499.3,GBP,**************4104,GB,60
4e1b2bd1-a76b-f10e-9da4-70bbd5206644,2026-07-03T10:03:17.126,auth,OK,pacs.008,FAST,499.3,GBP,**************4104,GB,43
4e1b2bd1-a76b-f10e-9da4-70bbd5206644,2026-07-03T10:03:17.256,validation,OK,pacs.008,FAST,499.3,GBP,**************4104,GB,106
4e1b2bd1-a76b-f10e-9da4-70bbd5206644,2026-07-03T10:03:17.422,aml,OK,pacs.008,FAST,499.3,GBP,**************4104,GB,297
4e1b2bd1-a76b-f10e-9da4-70bbd5206644,2026-07-03T10:03:17.559,payment-hub,OK,pacs.008,FAST,499.3,GBP,**************4104,GB,112
4e1b2bd1-a76b-f10e-9da4-70bbd5206644,2026-07-03T10:03:17.652,core-banking,OK,pacs.008,FAST,499.3,GBP,**************4104,GB,62
4e1b2bd1-a76b-f10e-9da4-70bbd5206644,2026-07-03T10:03:17.865,settlement,SETTLED,pacs.008,FAST,499.3,GBP,**************4104,GB,241
81ebb9cd-790a-316b-a9b8-e50d76e85bdf,2026-07-07T09:06:32.278,gateway,OK,pacs.008,FAST,946.61,SGD,**************4366,SG,29
81ebb9cd-790a-316b-a9b8-e50d76e85bdf,2026-07-07T09:06:32.477,auth,OK,pacs.008,FAST,946.61,SGD,**************4366,SG,28
81ebb9cd-790a-316b-a9b8-e50d76e85bdf,2026-07-07T09:06:32.592,validation,OK,pacs.008,FAST,946.61,SGD,**************4366,SG,85
81ebb9cd-790a-316b-a9b8-e50d76e85bdf,2026-07-07T09:06:32.752,aml,TIMEOUT,pacs.008,FAST,946.61,SGD,**************4366,SG,30000
81ebb9cd-790a-316b-a9b8-e50d76e85bdf,2026-07-07T09:06:32.864,payment-hub,FAILED,pacs.008,FAST,946.61,SGD,**************4366,SG,105
ffeb3c43-f348-2ac9-c6fe-e3e2265a5c86,2026-07-08T06:33:49.834,gateway,OK,pacs.008,FAST,781.37,INR,**************3048,IN,24
ffeb3c43-f348-2ac9-c6fe-e3e2265a5c86,2026-07-08T06:33:49.991,auth,OK,pacs.008,FAST,781.37,INR,**************3048,IN,36
ffeb3c43-f348-2ac9-c6fe-e3e2265a5c86,2026-07-08T06:33:50.140,validation,OK,pacs.008,FAST,781.37,INR,**************3048,IN,104
ffeb3c43-f348-2ac9-c6fe-e3e2265a5c86,2026-07-08T06:33:50.415,aml,TIMEOUT,pacs.008,FAST,781.37,INR,**************3048,IN,30000
ffeb3c43-f348-2ac9-c6fe-e3e2265a5c86,2026-07-08T06:33:50.478,payment-hub,FAILED,pacs.008,FAST,781.37,INR,**************3048,IN,70
805a3118-aa9d-cc09-a746-eda8dc8fa795,2026-07-02T05:08:23.923,gateway,OK,MT103,SWIFT,1941.95,MYR,**************7104,MY,43
805a3118-aa9d-cc09-a746-eda8dc8fa795,2026-07-02T05:08:23.959,auth,OK,MT103,SWIFT,1941.95,MYR,**************7104,MY,45
805a3118-aa9d-cc09-a746-eda8dc8fa795,2026-07-02T05:08:24.025,validation,OK,MT103,SWIFT,1941.95,MYR,**************7104,MY,29
805a3118-aa9d-cc09-a746-eda8dc8fa795,2026-07-02T05:08:24.088,aml,OK,MT103,SWIFT,1941.95,MYR,**************7104,MY,128
805a3118-aa9d-cc09-a746-eda8dc8fa795,2026-07-02T05:08:24.168,payment-hub,OK,MT103,SWIFT,1941.95,MYR,**************7104,MY,148
805a3118-aa9d-cc09-a746-eda8dc8fa795,2026-07-02T05:08:24.226,core-banking,OK,MT103,SWIFT,1941.95,MYR,**************7104,MY,56
805a3118-aa9d-cc09-a746-eda8dc8fa795,2026-07-02T05:08:24.314,settlement,SETTLED,MT103,SWIFT,1941.95,MYR,**************7104,MY,250
5d517b6d-0c22-7cfc-9ae2-0544cd5493fa,2026-07-15T05:27:34.157,gateway,OK,MT103,SWIFT,529.67,MYR,**************9351,MY,39
5d517b6d-0c22-7cfc-9ae2-0544cd5493fa,2026-07-15T05:27:34.301,auth,OK,MT103,SWIFT,529.67,MYR,**************9351,MY,80
5d517b6d-0c22-7cfc-9ae2-0544cd5493fa,2026-07-15T05:27:34.365,validation,OK,MT103,SWIFT,529.67,MYR,**************9351,MY,28
5d517b6d-0c22-7cfc-9ae2-0544cd5493fa,2026-07-15T05:27:34.496,aml,OK,MT103,SWIFT,529.67,MYR,**************9351,MY,299
5d517b6d-0c22-7cfc-9ae2-0544cd5493fa,2026-07-15T05:27:34.568,payment-hub,OK,MT103,SWIFT,529.67,MYR,**************9351,MY,85
5d517b6d-0c22-7cfc-9ae2-0544cd5493fa,2026-07-15T05:27:34.647,core-banking,OK,MT103,SWIFT,529.67,MYR,**************9351,MY,105
5d517b6d-0c22-7cfc-9ae2-0544cd5493fa,2026-07-15T05:27:34.718,settlement,SETTLED,MT103,SWIFT,529.67,MYR,**************9351,MY,299
48df8a52-7e72-484c-646a-0b6700be70dd,2026-07-07T18:52:31.981,gateway,OK,0200,CARDS,223.2,SGD,**************1169,SG,22
48df8a52-7e72-484c-646a-0b6700be70dd,2026-07-07T18:52:32.045,auth,OK,0200,CARDS,223.2,SGD,**************1169,SG,61
48df8a52-7e72-484c-646a-0b6700be70dd,2026-07-07T18:52:32.111,validation,OK,0200,CARDS,223.2,SGD,**************1169,SG,34
48df8a52-7e72-484c-646a-0b6700be70dd,2026-07-07T18:52:32.196,aml,OK,0200,CARDS,223.2,SGD,**************1169,SG,274
48df8a52-7e72-484c-646a-0b6700be70dd,2026-07-07T18:52:32.305,payment-hub,OK,0200,CARDS,223.2,SGD,**************1169,SG,81
48df8a52-7e72-484c-646a-0b6700be70dd,2026-07-07T18:52:32.405,core-banking,OK,0200,CARDS,223.2,SGD,**************1169,SG,91
48df8a52-7e72-484c-646a-0b6700be70dd,2026-07-07T18:52:32.498,settlement,SETTLED,0200,CARDS,223.2,SGD,**************1169,SG,214
fda7f9f0-93e7-d61d-3d55-b572c1480b18,2026-07-01T21:43:12.112,gateway,OK,pacs.008,FAST,396.49,MYR,**************5178,MY,44
fda7f9f0-93e7-d61d-3d55-b572c1480b18,2026-07-01T21:43:12.204,auth,OK,pacs.008,FAST,396.49,MYR,**************5178,MY,77
fda7f9f0-93e7-d61d-3d55-b572c1480b18,2026-07-01T21:43:12.270,validation,OK,pacs.008,FAST,396.49,MYR,**************5178,MY,30
fda7f9f0-93e7-d61d-3d55-b572c1480b18,2026-07-01T21:43:12.440,aml,TIMEOUT,pacs.008,FAST,396.49,MYR,**************5178,MY,30000
fda7f9f0-93e7-d61d-3d55-b572c1480b18,2026-07-01T21:43:12.543,payment-hub,FAILED,pacs.008,FAST,396.49,MYR,**************5178,MY,36
01df0957-197e-585d-09a6-19f0d5da932d,2026-07-05T09:46:55.573,gateway,OK,0200,CARDS,703.96,SGD,**************9500,SG,43
01df0957-197e-585d-09a6-19f0d5da932d,2026-07-05T09:46:55.815,auth,OK,0200,CARDS,703.96,SGD,**************9500,SG,47
01df0957-197e-585d-09a6-19f0d5da932d,2026-07-05T09:46:55.999,validation,OK,0200,CARDS,703.96,SGD,**************9500,SG,75
01df0957-197e-585d-09a6-19f0d5da932d,2026-07-05T09:46:56.085,aml,TIMEOUT,0200,CARDS,703.96,SGD,**************9500,SG,30000
01df0957-197e-585d-09a6-19f0d5da932d,2026-07-05T09:46:56.114,payment-hub,FAILED,0200,CARDS,703.96,SGD,**************9500,SG,121
a1de5c3a-3c2a-2af8-2e0b-63e518c91aa6,2026-07-05T01:23:17.458,gateway,OK,0200,CARDS,406.85,SGD,**************0154,SG,41
a1de5c3a-3c2a-2af8-2e0b-63e518c91aa6,2026-07-05T01:23:17.541,auth,OK,0200,CARDS,406.85,SGD,**************0154,SG,90
a1de5c3a-3c2a-2af8-2e0b-63e518c91aa6,2026-07-05T01:23:17.644,validation,OK,0200,CARDS,406.85,SGD,**************0154,SG,118
a1de5c3a-3c2a-2af8-2e0b-63e518c91aa6,2026-07-05T01:23:17.732,aml,OK,0200,CARDS,406.85,SGD,**************0154,SG,44
a1de5c3a-3c2a-2af8-2e0b-63e518c91aa6,2026-07-05T01:23:17.843,payment-hub,OK,0200,CARDS,406.85,SGD,**************0154,SG,139
a1de5c3a-3c2a-2af8-2e0b-63e518c91aa6,2026-07-05T01:23:17.985,core-banking,OK,0200,CARDS,406.85,SGD,**************0154,SG,229
a1de5c3a-3c2a-2af8-2e0b-63e518c91aa6,2026-07-05T01:23:18.145,settlement,SETTLED,0200,CARDS,406.85,SGD,**************0154,SG,217
27390220-bd0c-262b-bcb3-44eb431851af,2026-07-12T02:27:59.538,gateway,OK,MT103,SWIFT,468.38,SGD,**************4405,SG,42
27390220-bd0c-262b-bcb3-44eb431851af,2026-07-12T02:27:59.579,auth,OK,MT103,SWIFT,468.38,SGD,**************4405,SG,66
27390220-bd0c-262b-bcb3-44eb431851af,2026-07-12T02:27:59.670,validation,OK,MT103,SWIFT,468.38,SGD,**************4405,SG,27
27390220-bd0c-262b-bcb3-44eb431851af,2026-07-12T02:27:59.719,aml,TIMEOUT,MT103,SWIFT,468.38,SGD,**************4405,SG,30000
27390220-bd0c-262b-bcb3-44eb431851af,2026-07-12T02:27:59.807,payment-hub,FAILED,MT103,SWIFT,468.38,SGD,**************4405,SG,117
2db0da65-d5df-cfc9-84b4-97954e18db1b,2026-07-11T21:35:38.708,gateway,OK,pacs.008,FAST,1186.8,MYR,**************7383,MY,54
2db0da65-d5df-cfc9-84b4-97954e18db1b,2026-07-11T21:35:38.838,auth,OK,pacs.008,FAST,1186.8,MYR,**************7383,MY,73
2db0da65-d5df-cfc9-84b4-97954e18db1b,2026-07-11T21:35:38.903,validation,OK,pacs.008,FAST,1186.8,MYR,**************7383,MY,100
2db0da65-d5df-cfc9-84b4-97954e18db1b,2026-07-11T21:35:39.140,aml,OK,pacs.008,FAST,1186.8,MYR,**************7383,MY,149
2db0da65-d5df-cfc9-84b4-97954e18db1b,2026-07-11T21:35:39.383,payment-hub,OK,pacs.008,FAST,1186.8,MYR,**************7383,MY,59
2db0da65-d5df-cfc9-84b4-97954e18db1b,2026-07-11T21:35:39.551,core-banking,OK,pacs.008,FAST,1186.8,MYR,**************7383,MY,89
2db0da65-d5df-cfc9-84b4-97954e18db1b,2026-07-11T21:35:39.688,settlement,SETTLED,pacs.008,FAST,1186.8,MYR,**************7383,MY,137
01696fc9-cd8e-a86a-cbbd-cd985eb651ce,2026-07-12T10:18:16.396,gateway,OK,MT103,SWIFT,323.04,INR,**************8378,HK,32
01696fc9-cd8e-a86a-cbbd-cd985eb651ce,2026-07-12T10:18:16.556,auth,OK,MT103,SWIFT,323.04,INR,**************8378,HK,75
01696fc9-cd8e-a86a-cbbd-cd985eb651ce,2026-07-12T10:18:16.707,validation,OK,MT103,SWIFT,323.04,INR,**************8378,HK,95
01696fc9-cd8e-a86a-cbbd-cd985eb651ce,2026-07-12T10:18:16.814,aml,OK,MT103,SWIFT,323.04,INR,**************8378,HK,282
01696fc9-cd8e-a86a-cbbd-cd985eb651ce,2026-07-12T10:18:16.892,payment-hub,OK,MT103,SWIFT,323.04,INR,**************8378,HK,82
01696fc9-cd8e-a86a-cbbd-cd985eb651ce,2026-07-12T10:18:16.953,core-banking,OK,MT103,SWIFT,323.04,INR,**************8378,HK,116
01696fc9-cd8e-a86a-cbbd-cd985eb651ce,2026-07-12T10:18:16.998,settlement,SETTLED,MT103,SWIFT,323.04,INR,**************8378,HK,63
47c9bd87-ea35-5ce8-e25e-1196c4d2649b,2026-07-13T07:00:10.284,gateway,OK,0200,CARDS,2056.73,SGD,**************4491,SG,23
47c9bd87-ea35-5ce8-e25e-1196c4d2649b,2026-07-13T07:00:10.353,auth,OK,0200,CARDS,2056.73,SGD,**************4491,SG,78
47c9bd87-ea35-5ce8-e25e-1196c4d2649b,2026-07-13T07:00:10.418,validation,OK,0200,CARDS,2056.73,SGD,**************4491,SG,106
47c9bd87-ea35-5ce8-e25e-1196c4d2649b,2026-07-13T07:00:10.444,aml,OK,0200,CARDS,2056.73,SGD,**************4491,SG,258
47c9bd87-ea35-5ce8-e25e-1196c4d2649b,2026-07-13T07:00:10.534,payment-hub,OK,0200,CARDS,2056.73,SGD,**************4491,SG,129
47c9bd87-ea35-5ce8-e25e-1196c4d2649b,2026-07-13T07:00:10.650,core-banking,OK,0200,CARDS,2056.73,SGD,**************4491,SG,241
47c9bd87-ea35-5ce8-e25e-1196c4d2649b,2026-07-13T07:00:10.720,settlement,SETTLED,0200,CARDS,2056.73,SGD,**************4491,SG,137
95df17fc-5133-43fb-0264-c8d9be72a169,2026-07-15T02:43:02.231,gateway,OK,MT103,SWIFT,975.34,MYR,**************4576,MY,56
95df17fc-5133-43fb-0264-c8d9be72a169,2026-07-15T02:43:02.269,auth,OK,MT103,SWIFT,975.34,MYR,**************4576,MY,68
95df17fc-5133-43fb-0264-c8d9be72a169,2026-07-15T02:43:02.400,validation,OK,MT103,SWIFT,975.34,MYR,**************4576,MY,58
95df17fc-5133-43fb-0264-c8d9be72a169,2026-07-15T02:43:02.468,aml,OK,MT103,SWIFT,975.34,MYR,**************4576,MY,81
95df17fc-5133-43fb-0264-c8d9be72a169,2026-07-15T02:43:02.573,payment-hub,OK,MT103,SWIFT,975.34,MYR,**************4576,MY,43
95df17fc-5133-43fb-0264-c8d9be72a169,2026-07-15T02:43:02.647,core-banking,OK,MT103,SWIFT,975.34,MYR,**************4576,MY,146
95df17fc-5133-43fb-0264-c8d9be72a169,2026-07-15T02:43:02.718,settlement,SETTLED,MT103,SWIFT,975.34,MYR,**************4576,MY,277
cbf9855a-1aab-3d29-3a4c-f1c0d0722bbf,2026-07-04T17:25:11.288,gateway,OK,0200,CARDS,3938.81,INR,**************2704,IN,49
cbf9855a-1aab-3d29-3a4c-f1c0d0722bbf,2026-07-04T17:25:11.496,auth,OK,0200,CARDS,3938.81,INR,**************2704,IN,47
cbf9855a-1aab-3d29-3a4c-f1c0d0722bbf,2026-07-04T17:25:11.528,validation,OK,0200,CARDS,3938.81,INR,**************2704,IN,101
cbf9855a-1aab-3d29-3a4c-f1c0d0722bbf,2026-07-04T17:25:11.644,aml,TIMEOUT,0200,CARDS,3938.81,INR,**************2704,IN,30000
cbf9855a-1aab-3d29-3a4c-f1c0d0722bbf,2026-07-04T17:25:11.800,payment-hub,FAILED,0200,CARDS,3938.81,INR,**************2704,IN,104
110073c8-8922-aadf-eda6-680d0e08d01d,2026-07-04T03:21:45.886,gateway,OK,pacs.008,FAST,169.88,INR,**************1887,IN,50
110073c8-8922-aadf-eda6-680d0e08d01d,2026-07-04T03:21:45.957,auth,OK,pacs.008,FAST,169.88,INR,**************1887,IN,43
110073c8-8922-aadf-eda6-680d0e08d01d,2026-07-04T03:21:46.005,validation,OK,pacs.008,FAST,169.88,INR,**************1887,IN,65
110073c8-8922-aadf-eda6-680d0e08d01d,2026-07-04T03:21:46.067,aml,OK,pacs.008,FAST,169.88,INR,**************1887,IN,122
110073c8-8922-aadf-eda6-680d0e08d01d,2026-07-04T03:21:46.284,payment-hub,OK,pacs.008,FAST,169.88,INR,**************1887,IN,146
110073c8-8922-aadf-eda6-680d0e08d01d,2026-07-04T03:21:46.442,core-banking,OK,pacs.008,FAST,169.88,INR,**************1887,IN,71
110073c8-8922-aadf-eda6-680d0e08d01d,2026-07-04T03:21:46.520,settlement,SETTLED,pacs.008,FAST,169.88,INR,**************1887,IN,379
d52e7173-06cc-643a-223e-6cc6aa11dde7,2026-07-10T17:01:54.631,gateway,OK,MT103,SWIFT,655.6,MYR,**************5931,MY,33
d52e7173-06cc-643a-223e-6cc6aa11dde7,2026-07-10T17:01:54.702,auth,OK,MT103,SWIFT,655.6,MYR,**************5931,MY,48
d52e7173-06cc-643a-223e-6cc6aa11dde7,2026-07-10T17:01:54.758,validation,OK,MT103,SWIFT,655.6,MYR,**************5931,MY,42
d52e7173-06cc-643a-223e-6cc6aa11dde7,2026-07-10T17:01:54.832,aml,OK,MT103,SWIFT,655.6,MYR,**************5931,MY,150
d52e7173-06cc-643a-223e-6cc6aa11dde7,2026-07-10T17:01:54.922,payment-hub,OK,MT103,SWIFT,655.6,MYR,**************5931,MY,33
d52e7173-06cc-643a-223e-6cc6aa11dde7,2026-07-10T17:01:55.034,core-banking,OK,MT103,SWIFT,655.6,MYR,**************5931,MY,111
d52e7173-06cc-643a-223e-6cc6aa11dde7,2026-07-10T17:01:55.146,settlement,SETTLED,MT103,SWIFT,655.6,MYR,**************5931,MY,374
eeba9f38-bea3-538d-e882-fae3171623cc,2026-07-02T20:43:28.040,gateway,OK,pacs.008,FAST,2069.93,INR,**************9452,IN,36
eeba9f38-bea3-538d-e882-fae3171623cc,2026-07-02T20:43:28.117,auth,OK,pacs.008,FAST,2069.93,INR,**************9452,IN,31
eeba9f38-bea3-538d-e882-fae3171623cc,2026-07-02T20:43:28.311,validation,OK,pacs.008,FAST,2069.93,INR,**************9452,IN,89
eeba9f38-bea3-538d-e882-fae3171623cc,2026-07-02T20:43:28.391,aml,OK,pacs.008,FAST,2069.93,INR,**************9452,IN,110
eeba9f38-bea3-538d-e882-fae3171623cc,2026-07-02T20:43:28.655,payment-hub,OK,pacs.008,FAST,2069.93,INR,**************9452,IN,47
eeba9f38-bea3-538d-e882-fae3171623cc,2026-07-02T20:43:28.723,core-banking,OK,pacs.008,FAST,2069.93,INR,**************9452,IN,138
eeba9f38-bea3-538d-e882-fae3171623cc,2026-07-02T20:43:28.826,settlement,SETTLED,pacs.008,FAST,2069.93,INR,**************9452,IN,156
ba3864bb-f1e1-0639-8d59-226ae3e3ffc9,2026-07-14T21:29:32.325,gateway,OK,pacs.008,FAST,1135.89,EUR,**************9058,MY,18
ba3864bb-f1e1-0639-8d59-226ae3e3ffc9,2026-07-14T21:29:32.420,auth,OK,pacs.008,FAST,1135.89,EUR,**************9058,MY,80
ba3864bb-f1e1-0639-8d59-226ae3e3ffc9,2026-07-14T21:29:32.515,validation,OK,pacs.008,FAST,1135.89,EUR,**************9058,MY,105
ba3864bb-f1e1-0639-8d59-226ae3e3ffc9,2026-07-14T21:29:32.553,aml,OK,pacs.008,FAST,1135.89,EUR,**************9058,MY,224
ba3864bb-f1e1-0639-8d59-226ae3e3ffc9,2026-07-14T21:29:32.678,payment-hub,OK,pacs.008,FAST,1135.89,EUR,**************9058,MY,73
ba3864bb-f1e1-0639-8d59-226ae3e3ffc9,2026-07-14T21:29:32.741,core-banking,OK,pacs.008,FAST,1135.89,EUR,**************9058,MY,157
ba3864bb-f1e1-0639-8d59-226ae3e3ffc9,2026-07-14T21:29:32.931,settlement,SETTLED,pacs.008,FAST,1135.89,EUR,**************9058,MY,393
92d7194f-fa77-3c32-1c97-566473098641,2026-07-07T09:30:48.331,gateway,OK,pacs.008,FAST,612.67,SGD,**************5182,SG,38
92d7194f-fa77-3c32-1c97-566473098641,2026-07-07T09:30:48.390,auth,OK,pacs.008,FAST,612.67,SGD,**************5182,SG,29
92d7194f-fa77-3c32-1c97-566473098641,2026-07-07T09:30:48.609,validation,OK,pacs.008,FAST,612.67,SGD,**************5182,SG,105
92d7194f-fa77-3c32-1c97-566473098641,2026-07-07T09:30:48.750,aml,OK,pacs.008,FAST,612.67,SGD,**************5182,SG,240
92d7194f-fa77-3c32-1c97-566473098641,2026-07-07T09:30:49.043,payment-hub,OK,pacs.008,FAST,612.67,SGD,**************5182,SG,34
92d7194f-fa77-3c32-1c97-566473098641,2026-07-07T09:30:49.151,core-banking,OK,pacs.008,FAST,612.67,SGD,**************5182,SG,114
92d7194f-fa77-3c32-1c97-566473098641,2026-07-07T09:30:49.231,settlement,SETTLED,pacs.008,FAST,612.67,SGD,**************5182,SG,168
9cae754d-4a54-eab5-638b-96c2bccc76b8,2026-07-13T00:20:09.132,gateway,OK,pacs.008,FAST,105.79,MYR,**************9570,SG,31
9cae754d-4a54-eab5-638b-96c2bccc76b8,2026-07-13T00:20:09.233,auth,OK,pacs.008,FAST,105.79,MYR,**************9570,SG,59
9cae754d-4a54-eab5-638b-96c2bccc76b8,2026-07-13T00:20:09.281,validation,OK,pacs.008,FAST,105.79,MYR,**************9570,SG,102
9cae754d-4a54-eab5-638b-96c2bccc76b8,2026-07-13T00:20:09.409,aml,OK,pacs.008,FAST,105.79,MYR,**************9570,SG,145
9cae754d-4a54-eab5-638b-96c2bccc76b8,2026-07-13T00:20:09.521,payment-hub,OK,pacs.008,FAST,105.79,MYR,**************9570,SG,130
9cae754d-4a54-eab5-638b-96c2bccc76b8,2026-07-13T00:20:09.630,core-banking,OK,pacs.008,FAST,105.79,MYR,**************9570,SG,117
9cae754d-4a54-eab5-638b-96c2bccc76b8,2026-07-13T00:20:09.740,settlement,SETTLED,pacs.008,FAST,105.79,MYR,**************9570,SG,96
544d8e8d-cc22-9113-2f87-5323a0b94ee3,2026-07-07T16:14:27.993,gateway,OK,MT103,SWIFT,527.21,MYR,**************7509,SG,15
544d8e8d-cc22-9113-2f87-5323a0b94ee3,2026-07-07T16:14:28.270,auth,OK,MT103,SWIFT,527.21,MYR,**************7509,SG,36
544d8e8d-cc22-9113-2f87-5323a0b94ee3,2026-07-07T16:14:28.338,validation,OK,MT103,SWIFT,527.21,MYR,**************7509,SG,76
544d8e8d-cc22-9113-2f87-5323a0b94ee3,2026-07-07T16:14:28.394,aml,OK,MT103,SWIFT,527.21,MYR,**************7509,SG,223
544d8e8d-cc22-9113-2f87-5323a0b94ee3,2026-07-07T16:14:28.576,payment-hub,OK,MT103,SWIFT,527.21,MYR,**************7509,SG,92
544d8e8d-cc22-9113-2f87-5323a0b94ee3,2026-07-07T16:14:28.787,core-banking,OK,MT103,SWIFT,527.21,MYR,**************7509,SG,235
544d8e8d-cc22-9113-2f87-5323a0b94ee3,2026-07-07T16:14:28.844,settlement,SETTLED,MT103,SWIFT,527.21,MYR,**************7509,SG,197
de3f5e4b-6704-b507-4629-cb288bc42177,2026-07-13T08:44:03.561,gateway,OK,pacs.008,FAST,3669.88,SGD,**************4204,SG,59
de3f5e4b-6704-b507-4629-cb288bc42177,2026-07-13T08:44:03.647,auth,OK,pacs.008,FAST,3669.88,SGD,**************4204,SG,33
de3f5e4b-6704-b507-4629-cb288bc42177,2026-07-13T08:44:03.794,validation,REJECTED,pacs.008,FAST,3669.88,SGD,**************4204,SG,25
143debac-d9a5-be29-e736-e8839db38eb9,2026-07-12T08:35:21.747,gateway,OK,pacs.008,FAST,1043.59,MYR,**************2134,IN,41
143debac-d9a5-be29-e736-e8839db38eb9,2026-07-12T08:35:21.868,auth,OK,pacs.008,FAST,1043.59,MYR,**************2134,IN,31
143debac-d9a5-be29-e736-e8839db38eb9,2026-07-12T08:35:21.949,validation,OK,pacs.008,FAST,1043.59,MYR,**************2134,IN,100
143debac-d9a5-be29-e736-e8839db38eb9,2026-07-12T08:35:22.154,aml,OK,pacs.008,FAST,1043.59,MYR,**************2134,IN,224
143debac-d9a5-be29-e736-e8839db38eb9,2026-07-12T08:35:22.192,payment-hub,OK,pacs.008,FAST,1043.59,MYR,**************2134,IN,104
143debac-d9a5-be29-e736-e8839db38eb9,2026-07-12T08:35:22.264,core-banking,OK,pacs.008,FAST,1043.59,MYR,**************2134,IN,212
143debac-d9a5-be29-e736-e8839db38eb9,2026-07-12T08:35:22.397,settlement,SETTLED,pacs.008,FAST,1043.59,MYR,**************2134,IN,296
3e39bf56-cba1-8e7e-1f3a-68bd6198bcea,2026-07-05T13:50:55.947,gateway,OK,pacs.008,FAST,437.49,MYR,**************0926,MY,33
3e39bf56-cba1-8e7e-1f3a-68bd6198bcea,2026-07-05T13:50:56.097,auth,OK,pacs.008,FAST,437.49,MYR,**************0926,MY,43
3e39bf56-cba1-8e7e-1f3a-68bd6198bcea,2026-07-05T13:50:56.352,validation,OK,pacs.008,FAST,437.49,MYR,**************0926,MY,83
3e39bf56-cba1-8e7e-1f3a-68bd6198bcea,2026-07-05T13:50:56.624,aml,OK,pacs.008,FAST,437.49,MYR,**************0926,MY,199
3e39bf56-cba1-8e7e-1f3a-68bd6198bcea,2026-07-05T13:50:56.731,payment-hub,OK,pacs.008,FAST,437.49,MYR,**************0926,MY,93
3e39bf56-cba1-8e7e-1f3a-68bd6198bcea,2026-07-05T13:50:56.776,core-banking,OK,pacs.008,FAST,437.49,MYR,**************0926,MY,134
3e39bf56-cba1-8e7e-1f3a-68bd6198bcea,2026-07-05T13:50:56.914,settlement,SETTLED,pacs.008,FAST,437.49,MYR,**************0926,MY,375
75d08f99-8bc5-5340-aa03-fafd714dcd8a,2026-07-14T12:14:49.072,gateway,OK,pacs.008,FAST,2787.22,MYR,**************3518,MY,46
75d08f99-8bc5-5340-aa03-fafd714dcd8a,2026-07-14T12:14:49.197,auth,OK,pacs.008,FAST,2787.22,MYR,**************3518,MY,54
75d08f99-8bc5-5340-aa03-fafd714dcd8a,2026-07-14T12:14:49.275,validation,OK,pacs.008,FAST,2787.22,MYR,**************3518,MY,111
75d08f99-8bc5-5340-aa03-fafd714dcd8a,2026-07-14T12:14:49.354,aml,OK,pacs.008,FAST,2787.22,MYR,**************3518,MY,43
75d08f99-8bc5-5340-aa03-fafd714dcd8a,2026-07-14T12:14:49.457,payment-hub,OK,pacs.008,FAST,2787.22,MYR,**************3518,MY,35
75d08f99-8bc5-5340-aa03-fafd714dcd8a,2026-07-14T12:14:49.573,core-banking,OK,pacs.008,FAST,2787.22,MYR,**************3518,MY,123
75d08f99-8bc5-5340-aa03-fafd714dcd8a,2026-07-14T12:14:49.819,settlement,SETTLED,pacs.008,FAST,2787.22,MYR,**************3518,MY,240
3d509c0f-85f8-1cc1-aa19-73c4d6df81ee,2026-07-03T15:00:05.288,gateway,OK,pacs.008,FAST,169.33,GBP,**************9912,GB,36
3d509c0f-85f8-1cc1-aa19-73c4d6df81ee,2026-07-03T15:00:05.362,auth,OK,pacs.008,FAST,169.33,GBP,**************9912,GB,26
3d509c0f-85f8-1cc1-aa19-73c4d6df81ee,2026-07-03T15:00:05.430,validation,OK,pacs.008,FAST,169.33,GBP,**************9912,GB,74
3d509c0f-85f8-1cc1-aa19-73c4d6df81ee,2026-07-03T15:00:05.503,aml,OK,pacs.008,FAST,169.33,GBP,**************9912,GB,41
3d509c0f-85f8-1cc1-aa19-73c4d6df81ee,2026-07-03T15:00:05.612,payment-hub,OK,pacs.008,FAST,169.33,GBP,**************9912,GB,145
3d509c0f-85f8-1cc1-aa19-73c4d6df81ee,2026-07-03T15:00:05.846,core-banking,OK,pacs.008,FAST,169.33,GBP,**************9912,GB,119
3d509c0f-85f8-1cc1-aa19-73c4d6df81ee,2026-07-03T15:00:05.918,settlement,SETTLED,pacs.008,FAST,169.33,GBP,**************9912,GB,265
51c2e428-c7da-646a-bb75-1a384301b740,2026-07-11T02:06:14.101,gateway,OK,MT103,SWIFT,886.14,SGD,**************3873,SG,49
51c2e428-c7da-646a-bb75-1a384301b740,2026-07-11T02:06:14.167,auth,OK,MT103,SWIFT,886.14,SGD,**************3873,SG,62
51c2e428-c7da-646a-bb75-1a384301b740,2026-07-11T02:06:14.198,validation,REJECTED,MT103,SWIFT,886.14,SGD,**************3873,SG,100
0dfab4f4-8bbf-3e80-ee81-87fc8915123a,2026-07-02T08:48:11.232,gateway,OK,MT103,SWIFT,651.39,USD,**************9710,HK,27
0dfab4f4-8bbf-3e80-ee81-87fc8915123a,2026-07-02T08:48:11.323,auth,OK,MT103,SWIFT,651.39,USD,**************9710,HK,87
0dfab4f4-8bbf-3e80-ee81-87fc8915123a,2026-07-02T08:48:11.380,validation,OK,MT103,SWIFT,651.39,USD,**************9710,HK,63
0dfab4f4-8bbf-3e80-ee81-87fc8915123a,2026-07-02T08:48:11.437,aml,OK,MT103,SWIFT,651.39,USD,**************9710,HK,120
0dfab4f4-8bbf-3e80-ee81-87fc8915123a,2026-07-02T08:48:11.496,payment-hub,OK,MT103,SWIFT,651.39,USD,**************9710,HK,95
0dfab4f4-8bbf-3e80-ee81-87fc8915123a,2026-07-02T08:48:11.566,core-banking,OK,MT103,SWIFT,651.39,USD,**************9710,HK,86
0dfab4f4-8bbf-3e80-ee81-87fc8915123a,2026-07-02T08:48:11.785,settlement,SETTLED,MT103,SWIFT,651.39,USD,**************9710,HK,69
1cb8f86c-fb35-a422-ebf4-098754420fd7,2026-07-06T00:22:55.792,gateway,OK,MT103,SWIFT,1624.14,SGD,**************8358,SG,47
1cb8f86c-fb35-a422-ebf4-098754420fd7,2026-07-06T00:22:55.871,auth,OK,MT103,SWIFT,1624.14,SGD,**************8358,SG,84
1cb8f86c-fb35-a422-ebf4-098754420fd7,2026-07-06T00:22:55.921,validation,OK,MT103,SWIFT,1624.14,SGD,**************8358,SG,77
1cb8f86c-fb35-a422-ebf4-098754420fd7,2026-07-06T00:22:55.985,aml,OK,MT103,SWIFT,1624.14,SGD,**************8358,SG,296
1cb8f86c-fb35-a422-ebf4-098754420fd7,2026-07-06T00:22:56.067,payment-hub,OK,MT103,SWIFT,1624.14,SGD,**************8358,SG,51
1cb8f86c-fb35-a422-ebf4-098754420fd7,2026-07-06T00:22:56.123,core-banking,OK,MT103,SWIFT,1624.14,SGD,**************8358,SG,211
1cb8f86c-fb35-a422-ebf4-098754420fd7,2026-07-06T00:23:26.130,settlement,SETTLED,MT103,SWIFT,1624.14,SGD,**************8358,SG,220
58dd24ba-4bd1-204d-9c43-7f3d384348ca,2026-07-02T13:19:10.849,gateway,OK,pacs.008,FAST,1113.13,GBP,**************5206,GB,43
58dd24ba-4bd1-204d-9c43-7f3d384348ca,2026-07-02T13:19:10.907,auth,OK,pacs.008,FAST,1113.13,GBP,**************5206,GB,65
58dd24ba-4bd1-204d-9c43-7f3d384348ca,2026-07-02T13:19:11.017,validation,OK,pacs.008,FAST,1113.13,GBP,**************5206,GB,115
58dd24ba-4bd1-204d-9c43-7f3d384348ca,2026-07-02T13:19:11.071,aml,OK,pacs.008,FAST,1113.13,GBP,**************5206,GB,219
58dd24ba-4bd1-204d-9c43-7f3d384348ca,2026-07-02T13:19:11.242,payment-hub,OK,pacs.008,FAST,1113.13,GBP,**************5206,GB,38
58dd24ba-4bd1-204d-9c43-7f3d384348ca,2026-07-02T13:19:11.311,core-banking,OK,pacs.008,FAST,1113.13,GBP,**************5206,GB,87
58dd24ba-4bd1-204d-9c43-7f3d384348ca,2026-07-02T13:19:11.432,settlement,SETTLED,pacs.008,FAST,1113.13,GBP,**************5206,GB,143
6c1212ec-8d89-5996-a338-ac9d1a984511,2026-07-10T02:43:11.345,gateway,OK,pacs.008,FAST,256.2,SGD,**************9666,SG,25
6c1212ec-8d89-5996-a338-ac9d1a984511,2026-07-10T02:43:11.416,auth,OK,pacs.008,FAST,256.2,SGD,**************9666,SG,39
6c1212ec-8d89-5996-a338-ac9d1a984511,2026-07-10T02:43:11.495,validation,OK,pacs.008,FAST,256.2,SGD,**************9666,SG,48
6c1212ec-8d89-5996-a338-ac9d1a984511,2026-07-10T02:43:11.767,aml,OK,pacs.008,FAST,256.2,SGD,**************9666,SG,281
6c1212ec-8d89-5996-a338-ac9d1a984511,2026-07-10T02:43:11.894,payment-hub,OK,pacs.008,FAST,256.2,SGD,**************9666,SG,74
6c1212ec-8d89-5996-a338-ac9d1a984511,2026-07-10T02:43:12.100,core-banking,OK,pacs.008,FAST,256.2,SGD,**************9666,SG,101
6c1212ec-8d89-5996-a338-ac9d1a984511,2026-07-10T02:43:12.242,settlement,SETTLED,pacs.008,FAST,256.2,SGD,**************9666,SG,251
108bf58b-331e-9d60-4d80-3ad7def1233a,2026-07-08T18:03:58.557,gateway,OK,0200,CARDS,197.45,SGD,**************8288,SG,54
108bf58b-331e-9d60-4d80-3ad7def1233a,2026-07-08T18:03:58.636,auth,OK,0200,CARDS,197.45,SGD,**************8288,SG,46
108bf58b-331e-9d60-4d80-3ad7def1233a,2026-07-08T18:03:58.868,validation,OK,0200,CARDS,197.45,SGD,**************8288,SG,101
108bf58b-331e-9d60-4d80-3ad7def1233a,2026-07-08T18:03:58.947,aml,OK,0200,CARDS,197.45,SGD,**************8288,SG,44
108bf58b-331e-9d60-4d80-3ad7def1233a,2026-07-08T18:03:59.182,payment-hub,OK,0200,CARDS,197.45,SGD,**************8288,SG,35
108bf58b-331e-9d60-4d80-3ad7def1233a,2026-07-08T18:03:59.240,core-banking,OK,0200,CARDS,197.45,SGD,**************8288,SG,148
108bf58b-331e-9d60-4d80-3ad7def1233a,2026-07-08T18:03:59.380,settlement,SETTLED,0200,CARDS,197.45,SGD,**************8288,SG,166
88e29284-0b21-e901-fb65-411f37389590,2026-07-03T17:55:45.074,gateway,OK,pacs.008,FAST,1305.92,INR,**************3825,IN,53
88e29284-0b21-e901-fb65-411f37389590,2026-07-03T17:55:45.303,auth,OK,pacs.008,FAST,1305.92,INR,**************3825,IN,68
88e29284-0b21-e901-fb65-411f37389590,2026-07-03T17:55:45.484,validation,OK,pacs.008,FAST,1305.92,INR,**************3825,IN,115
88e29284-0b21-e901-fb65-411f37389590,2026-07-03T17:55:45.688,aml,OK,pacs.008,FAST,1305.92,INR,**************3825,IN,159
88e29284-0b21-e901-fb65-411f37389590,2026-07-03T17:55:45.855,payment-hub,OK,pacs.008,FAST,1305.92,INR,**************3825,IN,48
88e29284-0b21-e901-fb65-411f37389590,2026-07-03T17:55:45.942,core-banking,OK,pacs.008,FAST,1305.92,INR,**************3825,IN,140
88e29284-0b21-e901-fb65-411f37389590,2026-07-03T17:55:46.181,settlement,SETTLED,pacs.008,FAST,1305.92,INR,**************3825,IN,326
0e2462f0-eda6-6a24-bfd9-c2499d67d68a,2026-07-07T13:42:20.124,gateway,OK,MT103,SWIFT,606.29,MYR,**************1351,MY,33
0e2462f0-eda6-6a24-bfd9-c2499d67d68a,2026-07-07T13:42:20.259,auth,OK,MT103,SWIFT,606.29,MYR,**************1351,MY,88
0e2462f0-eda6-6a24-bfd9-c2499d67d68a,2026-07-07T13:42:20.327,validation,OK,MT103,SWIFT,606.29,MYR,**************1351,MY,36
0e2462f0-eda6-6a24-bfd9-c2499d67d68a,2026-07-07T13:42:20.446,aml,OK,MT103,SWIFT,606.29,MYR,**************1351,MY,185
0e2462f0-eda6-6a24-bfd9-c2499d67d68a,2026-07-07T13:42:20.655,payment-hub,OK,MT103,SWIFT,606.29,MYR,**************1351,MY,91
0e2462f0-eda6-6a24-bfd9-c2499d67d68a,2026-07-07T13:42:20.753,core-banking,OK,MT103,SWIFT,606.29,MYR,**************1351,MY,66
0e2462f0-eda6-6a24-bfd9-c2499d67d68a,2026-07-07T13:42:20.899,settlement,SETTLED,MT103,SWIFT,606.29,MYR,**************1351,MY,110
b74a8669-f027-0ab4-392b-49a467beabc7,2026-07-14T04:54:35.753,gateway,OK,0200,CARDS,297.89,SGD,**************9255,SG,41
b74a8669-f027-0ab4-392b-49a467beabc7,2026-07-14T04:54:35.834,auth,OK,0200,CARDS,297.89,SGD,**************9255,SG,20
b74a8669-f027-0ab4-392b-49a467beabc7,2026-07-14T04:54:35.914,validation,OK,0200,CARDS,297.89,SGD,**************9255,SG,83
b74a8669-f027-0ab4-392b-49a467beabc7,2026-07-14T04:54:36.037,aml,OK,0200,CARDS,297.89,SGD,**************9255,SG,128
b74a8669-f027-0ab4-392b-49a467beabc7,2026-07-14T04:54:36.101,payment-hub,OK,0200,CARDS,297.89,SGD,**************9255,SG,73
b74a8669-f027-0ab4-392b-49a467beabc7,2026-07-14T04:54:36.255,core-banking,OK,0200,CARDS,297.89,SGD,**************9255,SG,245
b74a8669-f027-0ab4-392b-49a467beabc7,2026-07-14T04:54:36.364,settlement,SETTLED,0200,CARDS,297.89,SGD,**************9255,SG,243
1c33e40e-8e89-6bb3-c17e-06c7d3213916,2026-07-06T06:13:27.855,gateway,OK,pacs.008,FAST,1531.69,GBP,**************6561,GB,45
1c33e40e-8e89-6bb3-c17e-06c7d3213916,2026-07-06T06:13:27.942,auth,OK,pacs.008,FAST,1531.69,GBP,**************6561,GB,88
1c33e40e-8e89-6bb3-c17e-06c7d3213916,2026-07-06T06:13:28.002,validation,OK,pacs.008,FAST,1531.69,GBP,**************6561,GB,54
1c33e40e-8e89-6bb3-c17e-06c7d3213916,2026-07-06T06:13:28.165,aml,OK,pacs.008,FAST,1531.69,GBP,**************6561,GB,279
1c33e40e-8e89-6bb3-c17e-06c7d3213916,2026-07-06T06:13:28.224,payment-hub,OK,pacs.008,FAST,1531.69,GBP,**************6561,GB,60
1c33e40e-8e89-6bb3-c17e-06c7d3213916,2026-07-06T06:13:28.312,core-banking,OK,pacs.008,FAST,1531.69,GBP,**************6561,GB,193
1c33e40e-8e89-6bb3-c17e-06c7d3213916,2026-07-06T06:13:28.395,settlement,SETTLED,pacs.008,FAST,1531.69,GBP,**************6561,GB,139
ed543b7a-3847-0737-f5e9-78a02d8d928f,2026-07-08T19:55:34.170,gateway,OK,pacs.008,FAST,417.78,INR,**************1573,IN,38
ed543b7a-3847-0737-f5e9-78a02d8d928f,2026-07-08T19:55:34.258,auth,OK,pacs.008,FAST,417.78,INR,**************1573,IN,40
ed543b7a-3847-0737-f5e9-78a02d8d928f,2026-07-08T19:55:34.374,validation,OK,pacs.008,FAST,417.78,INR,**************1573,IN,38
ed543b7a-3847-0737-f5e9-78a02d8d928f,2026-07-08T19:55:34.528,aml,OK,pacs.008,FAST,417.78,INR,**************1573,IN,200
ed543b7a-3847-0737-f5e9-78a02d8d928f,2026-07-08T19:55:34.598,payment-hub,OK,pacs.008,FAST,417.78,INR,**************1573,IN,31
ed543b7a-3847-0737-f5e9-78a02d8d928f,2026-07-08T19:55:34.713,core-banking,OK,pacs.008,FAST,417.78,INR,**************1573,IN,166
ed543b7a-3847-0737-f5e9-78a02d8d928f,2026-07-08T19:55:34.794,settlement,SETTLED,pacs.008,FAST,417.78,INR,**************1573,IN,144
5e49aa9a-696e-0fcb-fa5e-c604be2d4c25,2026-07-08T05:30:37.071,gateway,OK,MT103,SWIFT,1082.43,INR,**************1592,IN,51
5e49aa9a-696e-0fcb-fa5e-c604be2d4c25,2026-07-08T05:30:37.144,auth,OK,MT103,SWIFT,1082.43,INR,**************1592,IN,38
5e49aa9a-696e-0fcb-fa5e-c604be2d4c25,2026-07-08T05:30:37.232,validation,OK,MT103,SWIFT,1082.43,INR,**************1592,IN,119
5e49aa9a-696e-0fcb-fa5e-c604be2d4c25,2026-07-08T05:30:37.469,aml,TIMEOUT,MT103,SWIFT,1082.43,INR,**************1592,IN,30000
5e49aa9a-696e-0fcb-fa5e-c604be2d4c25,2026-07-08T05:30:37.508,payment-hub,FAILED,MT103,SWIFT,1082.43,INR,**************1592,IN,92
6d51a1ed-5f72-b7c4-3f69-511335b7b5a2,2026-07-06T09:46:16.546,gateway,OK,MT103,SWIFT,105.5,SGD,**************2645,SG,25
6d51a1ed-5f72-b7c4-3f69-511335b7b5a2,2026-07-06T09:46:16.590,auth,OK,MT103,SWIFT,105.5,SGD,**************2645,SG,84
6d51a1ed-5f72-b7c4-3f69-511335b7b5a2,2026-07-06T09:46:16.710,validation,OK,MT103,SWIFT,105.5,SGD,**************2645,SG,55
6d51a1ed-5f72-b7c4-3f69-511335b7b5a2,2026-07-06T09:46:16.849,aml,TIMEOUT,MT103,SWIFT,105.5,SGD,**************2645,SG,30000
6d51a1ed-5f72-b7c4-3f69-511335b7b5a2,2026-07-06T09:46:16.929,payment-hub,FAILED,MT103,SWIFT,105.5,SGD,**************2645,SG,95
4a491eab-8d18-4f40-387d-36040d6916d4,2026-07-06T04:41:18.650,gateway,OK,pacs.008,FAST,772.46,MYR,**************2970,MY,21
4a491eab-8d18-4f40-387d-36040d6916d4,2026-07-06T04:41:18.757,auth,OK,pacs.008,FAST,772.46,MYR,**************2970,MY,31
4a491eab-8d18-4f40-387d-36040d6916d4,2026-07-06T04:41:18.800,validation,OK,pacs.008,FAST,772.46,MYR,**************2970,MY,42
4a491eab-8d18-4f40-387d-36040d6916d4,2026-07-06T04:41:18.920,aml,OK,pacs.008,FAST,772.46,MYR,**************2970,MY,226
4a491eab-8d18-4f40-387d-36040d6916d4,2026-07-06T04:41:18.962,payment-hub,OK,pacs.008,FAST,772.46,MYR,**************2970,MY,144
4a491eab-8d18-4f40-387d-36040d6916d4,2026-07-06T04:41:19.098,core-banking,OK,pacs.008,FAST,772.46,MYR,**************2970,MY,115
4a491eab-8d18-4f40-387d-36040d6916d4,2026-07-06T04:41:19.229,settlement,SETTLED,pacs.008,FAST,772.46,MYR,**************2970,MY,137
2241ccdd-de44-8930-14c8-898603721ec1,2026-07-09T08:49:03.249,gateway,OK,pacs.008,FAST,1026.19,GBP,**************1618,SG,26
2241ccdd-de44-8930-14c8-898603721ec1,2026-07-09T08:49:03.372,auth,OK,pacs.008,FAST,1026.19,GBP,**************1618,SG,35
2241ccdd-de44-8930-14c8-898603721ec1,2026-07-09T08:49:03.480,validation,OK,pacs.008,FAST,1026.19,GBP,**************1618,SG,106
2241ccdd-de44-8930-14c8-898603721ec1,2026-07-09T08:49:03.526,aml,OK,pacs.008,FAST,1026.19,GBP,**************1618,SG,89
2241ccdd-de44-8930-14c8-898603721ec1,2026-07-09T08:49:03.610,payment-hub,OK,pacs.008,FAST,1026.19,GBP,**************1618,SG,103
2241ccdd-de44-8930-14c8-898603721ec1,2026-07-09T08:49:03.770,core-banking,OK,pacs.008,FAST,1026.19,GBP,**************1618,SG,58
2241ccdd-de44-8930-14c8-898603721ec1,2026-07-09T08:49:03.947,settlement,SETTLED,pacs.008,FAST,1026.19,GBP,**************1618,SG,213
1a25a3c5-a603-6a10-4ffc-7bb83e92d7d5,2026-07-15T03:22:39.789,gateway,OK,pacs.008,FAST,460.23,GBP,**************3058,GB,18
1a25a3c5-a603-6a10-4ffc-7bb83e92d7d5,2026-07-15T03:22:39.855,auth,OK,pacs.008,FAST,460.23,GBP,**************3058,GB,29
1a25a3c5-a603-6a10-4ffc-7bb83e92d7d5,2026-07-15T03:22:39.957,validation,OK,pacs.008,FAST,460.23,GBP,**************3058,GB,70
1a25a3c5-a603-6a10-4ffc-7bb83e92d7d5,2026-07-15T03:22:40.210,aml,TIMEOUT,pacs.008,FAST,460.23,GBP,**************3058,GB,30000
1a25a3c5-a603-6a10-4ffc-7bb83e92d7d5,2026-07-15T03:22:40.289,payment-hub,FAILED,pacs.008,FAST,460.23,GBP,**************3058,GB,78
9bfd73db-9d2c-1a58-723e-1e0e13ec7154,2026-07-01T11:05:20.617,gateway,OK,pacs.008,FAST,790.65,MYR,**************1398,SG,54
9bfd73db-9d2c-1a58-723e-1e0e13ec7154,2026-07-01T11:05:20.700,auth,OK,pacs.008,FAST,790.65,MYR,**************1398,SG,54
9bfd73db-9d2c-1a58-723e-1e0e13ec7154,2026-07-01T11:05:21.031,validation,OK,pacs.008,FAST,790.65,MYR,**************1398,SG,117
9bfd73db-9d2c-1a58-723e-1e0e13ec7154,2026-07-01T11:05:21.114,aml,OK,pacs.008,FAST,790.65,MYR,**************1398,SG,140
9bfd73db-9d2c-1a58-723e-1e0e13ec7154,2026-07-01T11:05:21.155,payment-hub,OK,pacs.008,FAST,790.65,MYR,**************1398,SG,98
9bfd73db-9d2c-1a58-723e-1e0e13ec7154,2026-07-01T11:05:21.420,core-banking,OK,pacs.008,FAST,790.65,MYR,**************1398,SG,99
9bfd73db-9d2c-1a58-723e-1e0e13ec7154,2026-07-01T11:05:21.511,settlement,SETTLED,pacs.008,FAST,790.65,MYR,**************1398,SG,202
f3985cb8-ec4d-20e1-4359-ea73dc8ae17b,2026-07-10T00:16:28.064,gateway,OK,pacs.008,FAST,592.1,USD,**************1081,HK,42
f3985cb8-ec4d-20e1-4359-ea73dc8ae17b,2026-07-10T00:16:28.126,auth,OK,pacs.008,FAST,592.1,USD,**************1081,HK,25
f3985cb8-ec4d-20e1-4359-ea73dc8ae17b,2026-07-10T00:16:28.334,validation,REJECTED,pacs.008,FAST,592.1,USD,**************1081,HK,83
f1a51445-1cef-0314-542f-d53d63619d59,2026-07-01T12:26:41.935,gateway,OK,MT103,SWIFT,285.58,SGD,**************7954,SG,40
f1a51445-1cef-0314-542f-d53d63619d59,2026-07-01T12:26:42.099,auth,OK,MT103,SWIFT,285.58,SGD,**************7954,SG,60
f1a51445-1cef-0314-542f-d53d63619d59,2026-07-01T12:26:42.234,validation,OK,MT103,SWIFT,285.58,SGD,**************7954,SG,25
f1a51445-1cef-0314-542f-d53d63619d59,2026-07-01T12:26:42.283,aml,OK,MT103,SWIFT,285.58,SGD,**************7954,SG,147
f1a51445-1cef-0314-542f-d53d63619d59,2026-07-01T12:26:42.325,payment-hub,OK,MT103,SWIFT,285.58,SGD,**************7954,SG,54
f1a51445-1cef-0314-542f-d53d63619d59,2026-07-01T12:26:42.526,core-banking,OK,MT103,SWIFT,285.58,SGD,**************7954,SG,151
f1a51445-1cef-0314-542f-d53d63619d59,2026-07-01T12:26:42.609,settlement,SETTLED,MT103,SWIFT,285.58,SGD,**************7954,SG,84
b51c866b-b482-7ae0-7eb6-f5d64e3a5b2d,2026-07-04T06:11:55.329,gateway,OK,pacs.008,FAST,2357.01,MYR,**************3063,SG,31
b51c866b-b482-7ae0-7eb6-f5d64e3a5b2d,2026-07-04T06:11:55.414,auth,OK,pacs.008,FAST,2357.01,MYR,**************3063,SG,66
b51c866b-b482-7ae0-7eb6-f5d64e3a5b2d,2026-07-04T06:11:55.564,validation,OK,pacs.008,FAST,2357.01,MYR,**************3063,SG,32
b51c866b-b482-7ae0-7eb6-f5d64e3a5b2d,2026-07-04T06:11:55.821,aml,OK,pacs.008,FAST,2357.01,MYR,**************3063,SG,289
b51c866b-b482-7ae0-7eb6-f5d64e3a5b2d,2026-07-04T06:11:56.023,payment-hub,OK,pacs.008,FAST,2357.01,MYR,**************3063,SG,76
b51c866b-b482-7ae0-7eb6-f5d64e3a5b2d,2026-07-04T06:11:56.156,core-banking,OK,pacs.008,FAST,2357.01,MYR,**************3063,SG,61
b51c866b-b482-7ae0-7eb6-f5d64e3a5b2d,2026-07-04T06:11:56.255,settlement,SETTLED,pacs.008,FAST,2357.01,MYR,**************3063,SG,81
0591ed62-1d40-ff32-ae9b-0f12b32ccdab,2026-07-02T08:03:04.445,gateway,OK,0200,CARDS,2944.34,MYR,**************7735,MY,25
0591ed62-1d40-ff32-ae9b-0f12b32ccdab,2026-07-02T08:03:04.502,auth,OK,0200,CARDS,2944.34,MYR,**************7735,MY,62
0591ed62-1d40-ff32-ae9b-0f12b32ccdab,2026-07-02T08:03:04.593,validation,OK,0200,CARDS,2944.34,MYR,**************7735,MY,36
0591ed62-1d40-ff32-ae9b-0f12b32ccdab,2026-07-02T08:03:04.731,aml,OK,0200,CARDS,2944.34,MYR,**************7735,MY,208
0591ed62-1d40-ff32-ae9b-0f12b32ccdab,2026-07-02T08:03:04.819,payment-hub,OK,0200,CARDS,2944.34,MYR,**************7735,MY,56
0591ed62-1d40-ff32-ae9b-0f12b32ccdab,2026-07-02T08:03:05.097,core-banking,OK,0200,CARDS,2944.34,MYR,**************7735,MY,100
0591ed62-1d40-ff32-ae9b-0f12b32ccdab,2026-07-02T08:03:05.195,settlement,SETTLED,0200,CARDS,2944.34,MYR,**************7735,MY,165
cdec5e23-196a-f985-72f2-47c929a7fc17,2026-07-11T21:56:57.697,gateway,OK,pacs.008,FAST,411.54,SGD,**************4743,SG,16
cdec5e23-196a-f985-72f2-47c929a7fc17,2026-07-11T21:56:57.854,auth,OK,pacs.008,FAST,411.54,SGD,**************4743,SG,51
cdec5e23-196a-f985-72f2-47c929a7fc17,2026-07-11T21:56:57.945,validation,OK,pacs.008,FAST,411.54,SGD,**************4743,SG,83
cdec5e23-196a-f985-72f2-47c929a7fc17,2026-07-11T21:56:58.025,aml,OK,pacs.008,FAST,411.54,SGD,**************4743,SG,117
cdec5e23-196a-f985-72f2-47c929a7fc17,2026-07-11T21:56:58.147,payment-hub,OK,pacs.008,FAST,411.54,SGD,**************4743,SG,53
cdec5e23-196a-f985-72f2-47c929a7fc17,2026-07-11T21:56:58.210,core-banking,OK,pacs.008,FAST,411.54,SGD,**************4743,SG,194
cdec5e23-196a-f985-72f2-47c929a7fc17,2026-07-11T21:56:58.277,settlement,SETTLED,pacs.008,FAST,411.54,SGD,**************4743,SG,278
13443eca-88b8-a8ec-d4d9-c4f6d66a00bf,2026-07-11T06:16:10.684,gateway,OK,pacs.008,FAST,2650.37,INR,**************0775,IN,45
13443eca-88b8-a8ec-d4d9-c4f6d66a00bf,2026-07-11T06:16:10.747,auth,OK,pacs.008,FAST,2650.37,INR,**************0775,IN,89
13443eca-88b8-a8ec-d4d9-c4f6d66a00bf,2026-07-11T06:16:10.804,validation,OK,pacs.008,FAST,2650.37,INR,**************0775,IN,68
13443eca-88b8-a8ec-d4d9-c4f6d66a00bf,2026-07-11T06:16:10.886,aml,OK,pacs.008,FAST,2650.37,INR,**************0775,IN,213
13443eca-88b8-a8ec-d4d9-c4f6d66a00bf,2026-07-11T06:16:10.978,payment-hub,OK,pacs.008,FAST,2650.37,INR,**************0775,IN,139
13443eca-88b8-a8ec-d4d9-c4f6d66a00bf,2026-07-11T06:16:11.059,core-banking,OK,pacs.008,FAST,2650.37,INR,**************0775,IN,141
13443eca-88b8-a8ec-d4d9-c4f6d66a00bf,2026-07-11T06:16:11.123,settlement,SETTLED,pacs.008,FAST,2650.37,INR,**************0775,IN,108
89bef735-f440-8d82-7306-34dd6bbde1d0,2026-07-05T23:54:27.022,gateway,OK,pacs.008,FAST,885.23,SGD,**************5467,SG,58
89bef735-f440-8d82-7306-34dd6bbde1d0,2026-07-05T23:54:27.114,auth,OK,pacs.008,FAST,885.23,SGD,**************5467,SG,39
89bef735-f440-8d82-7306-34dd6bbde1d0,2026-07-05T23:54:27.168,validation,OK,pacs.008,FAST,885.23,SGD,**************5467,SG,30
89bef735-f440-8d82-7306-34dd6bbde1d0,2026-07-05T23:54:27.220,aml,OK,pacs.008,FAST,885.23,SGD,**************5467,SG,83
89bef735-f440-8d82-7306-34dd6bbde1d0,2026-07-05T23:54:27.379,payment-hub,OK,pacs.008,FAST,885.23,SGD,**************5467,SG,80
89bef735-f440-8d82-7306-34dd6bbde1d0,2026-07-05T23:54:27.510,core-banking,OK,pacs.008,FAST,885.23,SGD,**************5467,SG,95
89bef735-f440-8d82-7306-34dd6bbde1d0,2026-07-05T23:54:27.603,settlement,SETTLED,pacs.008,FAST,885.23,SGD,**************5467,SG,393
5b910a35-1e8a-e284-4d32-821ffe4a2094,2026-07-13T14:45:58.158,gateway,OK,pacs.008,FAST,200.63,SGD,**************8322,SG,36
5b910a35-1e8a-e284-4d32-821ffe4a2094,2026-07-13T14:45:58.231,auth,OK,pacs.008,FAST,200.63,SGD,**************8322,SG,28
5b910a35-1e8a-e284-4d32-821ffe4a2094,2026-07-13T14:45:58.374,validation,OK,pacs.008,FAST,200.63,SGD,**************8322,SG,115
5b910a35-1e8a-e284-4d32-821ffe4a2094,2026-07-13T14:45:58.475,aml,OK,pacs.008,FAST,200.63,SGD,**************8322,SG,209
5b910a35-1e8a-e284-4d32-821ffe4a2094,2026-07-13T14:46:28.490,payment-hub,OK,pacs.008,FAST,200.63,SGD,**************8322,SG,45
5b910a35-1e8a-e284-4d32-821ffe4a2094,2026-07-13T14:46:28.586,core-banking,OK,pacs.008,FAST,200.63,SGD,**************8322,SG,143
5b910a35-1e8a-e284-4d32-821ffe4a2094,2026-07-13T14:46:28.642,settlement,SETTLED,pacs.008,FAST,200.63,SGD,**************8322,SG,161
cb9d7272-5778-46f9-31ac-4b2859ebfa8b,2026-07-12T17:18:24.231,gateway,OK,pacs.008,FAST,161.59,SGD,**************3237,SG,30
cb9d7272-5778-46f9-31ac-4b2859ebfa8b,2026-07-12T17:18:24.350,auth,OK,pacs.008,FAST,161.59,SGD,**************3237,SG,38
cb9d7272-5778-46f9-31ac-4b2859ebfa8b,2026-07-12T17:18:24.626,validation,OK,pacs.008,FAST,161.59,SGD,**************3237,SG,113
cb9d7272-5778-46f9-31ac-4b2859ebfa8b,2026-07-12T17:18:24.797,aml,OK,pacs.008,FAST,161.59,SGD,**************3237,SG,97
cb9d7272-5778-46f9-31ac-4b2859ebfa8b,2026-07-12T17:18:24.865,payment-hub,OK,pacs.008,FAST,161.59,SGD,**************3237,SG,131
cb9d7272-5778-46f9-31ac-4b2859ebfa8b,2026-07-12T17:18:24.957,core-banking,OK,pacs.008,FAST,161.59,SGD,**************3237,SG,63
cb9d7272-5778-46f9-31ac-4b2859ebfa8b,2026-07-12T17:18:25.105,settlement,SETTLED,pacs.008,FAST,161.59,SGD,**************3237,SG,288
fb0936e6-42b8-96b6-f4ce-7fcf0cd38153,2026-07-10T07:04:16.399,gateway,OK,MT103,SWIFT,1160.22,SGD,**************1703,SG,29
fb0936e6-42b8-96b6-f4ce-7fcf0cd38153,2026-07-10T07:04:16.534,auth,OK,MT103,SWIFT,1160.22,SGD,**************1703,SG,43
fb0936e6-42b8-96b6-f4ce-7fcf0cd38153,2026-07-10T07:04:16.582,validation,REJECTED,MT103,SWIFT,1160.22,SGD,**************1703,SG,71
daad0f6d-d4a8-9d0c-f05e-16bee97d174c,2026-07-11T08:01:43.659,gateway,OK,pacs.008,FAST,2805.74,SGD,**************3808,SG,48
daad0f6d-d4a8-9d0c-f05e-16bee97d174c,2026-07-11T08:01:43.716,auth,OK,pacs.008,FAST,2805.74,SGD,**************3808,SG,54
daad0f6d-d4a8-9d0c-f05e-16bee97d174c,2026-07-11T08:01:43.815,validation,OK,pacs.008,FAST,2805.74,SGD,**************3808,SG,47
daad0f6d-d4a8-9d0c-f05e-16bee97d174c,2026-07-11T08:01:43.879,aml,OK,pacs.008,FAST,2805.74,SGD,**************3808,SG,177
daad0f6d-d4a8-9d0c-f05e-16bee97d174c,2026-07-11T08:01:43.953,payment-hub,OK,pacs.008,FAST,2805.74,SGD,**************3808,SG,49
daad0f6d-d4a8-9d0c-f05e-16bee97d174c,2026-07-11T08:01:44.106,core-banking,OK,pacs.008,FAST,2805.74,SGD,**************3808,SG,194
daad0f6d-d4a8-9d0c-f05e-16bee97d174c,2026-07-11T08:01:44.214,settlement,SETTLED,pacs.008,FAST,2805.74,SGD,**************3808,SG,146
a7aacc54-2ed2-82e7-a9fd-c014bc2aed37,2026-07-08T11:01:48.773,gateway,OK,MT103,SWIFT,516.88,MYR,**************4783,MY,38
a7aacc54-2ed2-82e7-a9fd-c014bc2aed37,2026-07-08T11:01:48.830,auth,OK,MT103,SWIFT,516.88,MYR,**************4783,MY,46
a7aacc54-2ed2-82e7-a9fd-c014bc2aed37,2026-07-08T11:01:48.883,validation,OK,MT103,SWIFT,516.88,MYR,**************4783,MY,66
a7aacc54-2ed2-82e7-a9fd-c014bc2aed37,2026-07-08T11:01:48.953,aml,TIMEOUT,MT103,SWIFT,516.88,MYR,**************4783,MY,30000
a7aacc54-2ed2-82e7-a9fd-c014bc2aed37,2026-07-08T11:01:49.054,payment-hub,FAILED,MT103,SWIFT,516.88,MYR,**************4783,MY,132
1f4bcd87-ab6c-9ff0-169c-7f3260d1ef99,2026-07-03T01:00:43.155,gateway,OK,pacs.008,FAST,193.76,SGD,**************4330,SG,60
1f4bcd87-ab6c-9ff0-169c-7f3260d1ef99,2026-07-03T01:00:43.251,auth,OK,pacs.008,FAST,193.76,SGD,**************4330,SG,89
1f4bcd87-ab6c-9ff0-169c-7f3260d1ef99,2026-07-03T01:00:43.418,validation,OK,pacs.008,FAST,193.76,SGD,**************4330,SG,34
1f4bcd87-ab6c-9ff0-169c-7f3260d1ef99,2026-07-03T01:00:43.484,aml,OK,pacs.008,FAST,193.76,SGD,**************4330,SG,175
1f4bcd87-ab6c-9ff0-169c-7f3260d1ef99,2026-07-03T01:00:43.599,payment-hub,OK,pacs.008,FAST,193.76,SGD,**************4330,SG,139
1f4bcd87-ab6c-9ff0-169c-7f3260d1ef99,2026-07-03T01:00:43.632,core-banking,OK,pacs.008,FAST,193.76,SGD,**************4330,SG,151
1f4bcd87-ab6c-9ff0-169c-7f3260d1ef99,2026-07-03T01:00:43.756,settlement,SETTLED,pacs.008,FAST,193.76,SGD,**************4330,SG,296
31314a6f-4dfa-4406-b065-1d79ebbeb2dc,2026-07-13T23:40:10.950,gateway,OK,pacs.008,FAST,375.06,SGD,**************2563,SG,52
31314a6f-4dfa-4406-b065-1d79ebbeb2dc,2026-07-13T23:40:11.074,auth,OK,pacs.008,FAST,375.06,SGD,**************2563,SG,80
31314a6f-4dfa-4406-b065-1d79ebbeb2dc,2026-07-13T23:40:11.099,validation,OK,pacs.008,FAST,375.06,SGD,**************2563,SG,96
31314a6f-4dfa-4406-b065-1d79ebbeb2dc,2026-07-13T23:40:11.150,aml,OK,pacs.008,FAST,375.06,SGD,**************2563,SG,281
31314a6f-4dfa-4406-b065-1d79ebbeb2dc,2026-07-13T23:40:11.223,payment-hub,OK,pacs.008,FAST,375.06,SGD,**************2563,SG,80
31314a6f-4dfa-4406-b065-1d79ebbeb2dc,2026-07-13T23:40:11.357,core-banking,OK,pacs.008,FAST,375.06,SGD,**************2563,SG,166
31314a6f-4dfa-4406-b065-1d79ebbeb2dc,2026-07-13T23:40:11.615,settlement,SETTLED,pacs.008,FAST,375.06,SGD,**************2563,SG,257
c4ecb3f4-229c-9471-44c5-f512a985f2e0,2026-07-09T20:33:00.833,gateway,OK,pacs.008,FAST,58.79,INR,**************7145,IN,59
c4ecb3f4-229c-9471-44c5-f512a985f2e0,2026-07-09T20:33:00.944,auth,OK,pacs.008,FAST,58.79,INR,**************7145,IN,68
c4ecb3f4-229c-9471-44c5-f512a985f2e0,2026-07-09T20:33:01.001,validation,OK,pacs.008,FAST,58.79,INR,**************7145,IN,51
c4ecb3f4-229c-9471-44c5-f512a985f2e0,2026-07-09T20:33:01.162,aml,TIMEOUT,pacs.008,FAST,58.79,INR,**************7145,IN,30000
c4ecb3f4-229c-9471-44c5-f512a985f2e0,2026-07-09T20:33:01.236,payment-hub,FAILED,pacs.008,FAST,58.79,INR,**************7145,IN,73
62d62052-211c-d9c5-9ccf-088d5e9ca774,2026-07-13T09:49:20.425,gateway,OK,MT103,SWIFT,2692.26,SGD,**************9573,SG,46
62d62052-211c-d9c5-9ccf-088d5e9ca774,2026-07-13T09:49:20.643,auth,OK,MT103,SWIFT,2692.26,SGD,**************9573,SG,65
62d62052-211c-d9c5-9ccf-088d5e9ca774,2026-07-13T09:49:20.842,validation,OK,MT103,SWIFT,2692.26,SGD,**************9573,SG,98
62d62052-211c-d9c5-9ccf-088d5e9ca774,2026-07-13T09:49:20.975,aml,TIMEOUT,MT103,SWIFT,2692.26,SGD,**************9573,SG,30000
62d62052-211c-d9c5-9ccf-088d5e9ca774,2026-07-13T09:49:21.019,payment-hub,FAILED,MT103,SWIFT,2692.26,SGD,**************9573,SG,118
865375c0-4f2a-7bd0-7b0e-d8e58f0cab83,2026-07-09T04:19:27.608,gateway,OK,pacs.008,FAST,731.16,INR,**************2489,IN,34
865375c0-4f2a-7bd0-7b0e-d8e58f0cab83,2026-07-09T04:19:27.697,auth,OK,pacs.008,FAST,731.16,INR,**************2489,IN,74
865375c0-4f2a-7bd0-7b0e-d8e58f0cab83,2026-07-09T04:19:27.860,validation,OK,pacs.008,FAST,731.16,INR,**************2489,IN,39
865375c0-4f2a-7bd0-7b0e-d8e58f0cab83,2026-07-09T04:19:27.920,aml,OK,pacs.008,FAST,731.16,INR,**************2489,IN,118
865375c0-4f2a-7bd0-7b0e-d8e58f0cab83,2026-07-09T04:19:28.088,payment-hub,OK,pacs.008,FAST,731.16,INR,**************2489,IN,66
865375c0-4f2a-7bd0-7b0e-d8e58f0cab83,2026-07-09T04:19:28.170,core-banking,OK,pacs.008,FAST,731.16,INR,**************2489,IN,190
865375c0-4f2a-7bd0-7b0e-d8e58f0cab83,2026-07-09T04:19:28.220,settlement,SETTLED,pacs.008,FAST,731.16,INR,**************2489,IN,251
5b892fbd-95bd-5021-2d80-475e4880065a,2026-07-10T14:14:45.573,gateway,OK,pacs.008,FAST,647.39,SGD,**************8455,SG,30
5b892fbd-95bd-5021-2d80-475e4880065a,2026-07-10T14:14:45.839,auth,OK,pacs.008,FAST,647.39,SGD,**************8455,SG,51
5b892fbd-95bd-5021-2d80-475e4880065a,2026-07-10T14:14:45.978,validation,OK,pacs.008,FAST,647.39,SGD,**************8455,SG,32
5b892fbd-95bd-5021-2d80-475e4880065a,2026-07-10T14:14:46.020,aml,TIMEOUT,pacs.008,FAST,647.39,SGD,**************8455,SG,30000
5b892fbd-95bd-5021-2d80-475e4880065a,2026-07-10T14:14:46.147,payment-hub,FAILED,pacs.008,FAST,647.39,SGD,**************8455,SG,129
b4f00ab6-94f9-5e3d-08f9-f0d026d6b934,2026-07-08T02:17:13.668,gateway,OK,pacs.008,FAST,761.75,SGD,**************9834,SG,30
b4f00ab6-94f9-5e3d-08f9-f0d026d6b934,2026-07-08T02:17:13.733,auth,OK,pacs.008,FAST,761.75,SGD,**************9834,SG,58
b4f00ab6-94f9-5e3d-08f9-f0d026d6b934,2026-07-08T02:17:13.768,validation,OK,pacs.008,FAST,761.75,SGD,**************9834,SG,88
b4f00ab6-94f9-5e3d-08f9-f0d026d6b934,2026-07-08T02:17:13.825,aml,TIMEOUT,pacs.008,FAST,761.75,SGD,**************9834,SG,30000
b4f00ab6-94f9-5e3d-08f9-f0d026d6b934,2026-07-08T02:17:13.919,payment-hub,FAILED,pacs.008,FAST,761.75,SGD,**************9834,SG,100
f1e46599-ba16-4bab-3a93-2900a223e21d,2026-07-14T05:48:55.896,gateway,OK,MT103,SWIFT,524.05,USD,**************2225,US,55
f1e46599-ba16-4bab-3a93-2900a223e21d,2026-07-14T05:48:55.977,auth,OK,MT103,SWIFT,524.05,USD,**************2225,US,82
f1e46599-ba16-4bab-3a93-2900a223e21d,2026-07-14T05:48:56.081,validation,OK,MT103,SWIFT,524.05,USD,**************2225,US,68
f1e46599-ba16-4bab-3a93-2900a223e21d,2026-07-14T05:48:56.328,aml,OK,MT103,SWIFT,524.05,USD,**************2225,US,285
f1e46599-ba16-4bab-3a93-2900a223e21d,2026-07-14T05:48:56.382,payment-hub,OK,MT103,SWIFT,524.05,USD,**************2225,US,47
f1e46599-ba16-4bab-3a93-2900a223e21d,2026-07-14T05:48:56.524,core-banking,OK,MT103,SWIFT,524.05,USD,**************2225,US,156
f1e46599-ba16-4bab-3a93-2900a223e21d,2026-07-14T05:48:56.569,settlement,SETTLED,MT103,SWIFT,524.05,USD,**************2225,US,162
bbf5d0f3-3be9-446d-0cd6-eb4e5f533a95,2026-07-11T22:56:39.186,gateway,OK,pacs.008,FAST,341.16,GBP,**************8621,GB,50
bbf5d0f3-3be9-446d-0cd6-eb4e5f533a95,2026-07-11T22:56:39.279,auth,OK,pacs.008,FAST,341.16,GBP,**************8621,GB,43
bbf5d0f3-3be9-446d-0cd6-eb4e5f533a95,2026-07-11T22:56:39.385,validation,OK,pacs.008,FAST,341.16,GBP,**************8621,GB,96
bbf5d0f3-3be9-446d-0cd6-eb4e5f533a95,2026-07-11T22:56:39.619,aml,OK,pacs.008,FAST,341.16,GBP,**************8621,GB,68
bbf5d0f3-3be9-446d-0cd6-eb4e5f533a95,2026-07-11T22:56:39.647,payment-hub,OK,pacs.008,FAST,341.16,GBP,**************8621,GB,93
bbf5d0f3-3be9-446d-0cd6-eb4e5f533a95,2026-07-11T22:56:39.768,core-banking,OK,pacs.008,FAST,341.16,GBP,**************8621,GB,120
bbf5d0f3-3be9-446d-0cd6-eb4e5f533a95,2026-07-11T22:56:39.863,settlement,SETTLED,pacs.008,FAST,341.16,GBP,**************8621,GB,265
157e5a9c-ab9c-4bfe-b851-31fec9efd8e7,2026-07-11T08:45:32.769,gateway,OK,MT103,SWIFT,86.99,INR,**************8548,IN,49
157e5a9c-ab9c-4bfe-b851-31fec9efd8e7,2026-07-11T08:45:32.901,auth,OK,MT103,SWIFT,86.99,INR,**************8548,IN,40
157e5a9c-ab9c-4bfe-b851-31fec9efd8e7,2026-07-11T08:45:32.954,validation,OK,MT103,SWIFT,86.99,INR,**************8548,IN,46
157e5a9c-ab9c-4bfe-b851-31fec9efd8e7,2026-07-11T08:45:33.094,aml,OK,MT103,SWIFT,86.99,INR,**************8548,IN,291
157e5a9c-ab9c-4bfe-b851-31fec9efd8e7,2026-07-11T08:45:33.263,payment-hub,OK,MT103,SWIFT,86.99,INR,**************8548,IN,63
157e5a9c-ab9c-4bfe-b851-31fec9efd8e7,2026-07-11T08:45:33.336,core-banking,OK,MT103,SWIFT,86.99,INR,**************8548,IN,185
157e5a9c-ab9c-4bfe-b851-31fec9efd8e7,2026-07-11T08:45:33.437,settlement,SETTLED,MT103,SWIFT,86.99,INR,**************8548,IN,257
0a240239-4314-60c5-a268-93b8c1f512a7,2026-07-07T11:47:01.173,gateway,OK,pacs.008,FAST,297.25,MYR,**************4603,MY,52
0a240239-4314-60c5-a268-93b8c1f512a7,2026-07-07T11:47:01.282,auth,OK,pacs.008,FAST,297.25,MYR,**************4603,MY,46
0a240239-4314-60c5-a268-93b8c1f512a7,2026-07-07T11:47:01.478,validation,OK,pacs.008,FAST,297.25,MYR,**************4603,MY,89
0a240239-4314-60c5-a268-93b8c1f512a7,2026-07-07T11:47:01.632,aml,OK,pacs.008,FAST,297.25,MYR,**************4603,MY,165
0a240239-4314-60c5-a268-93b8c1f512a7,2026-07-07T11:47:01.779,payment-hub,OK,pacs.008,FAST,297.25,MYR,**************4603,MY,103
0a240239-4314-60c5-a268-93b8c1f512a7,2026-07-07T11:47:01.931,core-banking,OK,pacs.008,FAST,297.25,MYR,**************4603,MY,148
0a240239-4314-60c5-a268-93b8c1f512a7,2026-07-07T11:47:01.980,settlement,SETTLED,pacs.008,FAST,297.25,MYR,**************4603,MY,230
af146851-8ee4-62aa-93ff-73f8a4b15ce0,2026-07-13T05:36:16.087,gateway,OK,pacs.008,FAST,1472.97,GBP,**************0918,SG,29
af146851-8ee4-62aa-93ff-73f8a4b15ce0,2026-07-13T05:36:16.137,auth,OK,pacs.008,FAST,1472.97,GBP,**************0918,SG,36
af146851-8ee4-62aa-93ff-73f8a4b15ce0,2026-07-13T05:36:16.214,validation,REJECTED,pacs.008,FAST,1472.97,GBP,**************0918,SG,98
18e3b0e7-e562-0559-d92c-7a5bc1611c5d,2026-07-07T19:01:31.177,gateway,OK,MT103,SWIFT,355.35,INR,**************6630,IN,41
18e3b0e7-e562-0559-d92c-7a5bc1611c5d,2026-07-07T19:01:31.223,auth,OK,MT103,SWIFT,355.35,INR,**************6630,IN,58
18e3b0e7-e562-0559-d92c-7a5bc1611c5d,2026-07-07T19:01:31.292,validation,OK,MT103,SWIFT,355.35,INR,**************6630,IN,95
18e3b0e7-e562-0559-d92c-7a5bc1611c5d,2026-07-07T19:01:31.337,aml,OK,MT103,SWIFT,355.35,INR,**************6630,IN,42
18e3b0e7-e562-0559-d92c-7a5bc1611c5d,2026-07-07T19:01:31.595,payment-hub,OK,MT103,SWIFT,355.35,INR,**************6630,IN,102
18e3b0e7-e562-0559-d92c-7a5bc1611c5d,2026-07-07T19:01:31.659,core-banking,OK,MT103,SWIFT,355.35,INR,**************6630,IN,162
18e3b0e7-e562-0559-d92c-7a5bc1611c5d,2026-07-07T19:01:31.795,settlement,SETTLED,MT103,SWIFT,355.35,INR,**************6630,IN,234
3ece2ee7-d480-a360-5d9b-45ee3055ef6d,2026-07-01T13:37:14.915,gateway,OK,pacs.008,FAST,1398.17,SGD,**************6243,SG,19
3ece2ee7-d480-a360-5d9b-45ee3055ef6d,2026-07-01T13:37:15.009,auth,OK,pacs.008,FAST,1398.17,SGD,**************6243,SG,69
3ece2ee7-d480-a360-5d9b-45ee3055ef6d,2026-07-01T13:37:15.145,validation,OK,pacs.008,FAST,1398.17,SGD,**************6243,SG,120
3ece2ee7-d480-a360-5d9b-45ee3055ef6d,2026-07-01T13:37:15.395,aml,OK,pacs.008,FAST,1398.17,SGD,**************6243,SG,73
3ece2ee7-d480-a360-5d9b-45ee3055ef6d,2026-07-01T13:37:15.441,payment-hub,OK,pacs.008,FAST,1398.17,SGD,**************6243,SG,89
3ece2ee7-d480-a360-5d9b-45ee3055ef6d,2026-07-01T13:37:15.515,core-banking,OK,pacs.008,FAST,1398.17,SGD,**************6243,SG,248
3ece2ee7-d480-a360-5d9b-45ee3055ef6d,2026-07-01T13:37:15.629,settlement,SETTLED,pacs.008,FAST,1398.17,SGD,**************6243,SG,391
56375ce8-5c24-4499-7d91-43336b5ec41d,2026-07-11T04:23:12.994,gateway,OK,0200,CARDS,429.85,SGD,**************2801,SG,31
56375ce8-5c24-4499-7d91-43336b5ec41d,2026-07-11T04:23:13.094,auth,OK,0200,CARDS,429.85,SGD,**************2801,SG,87
56375ce8-5c24-4499-7d91-43336b5ec41d,2026-07-11T04:23:13.213,validation,OK,0200,CARDS,429.85,SGD,**************2801,SG,43
56375ce8-5c24-4499-7d91-43336b5ec41d,2026-07-11T04:23:13.275,aml,OK,0200,CARDS,429.85,SGD,**************2801,SG,134
56375ce8-5c24-4499-7d91-43336b5ec41d,2026-07-11T04:23:13.306,payment-hub,OK,0200,CARDS,429.85,SGD,**************2801,SG,58
56375ce8-5c24-4499-7d91-43336b5ec41d,2026-07-11T04:23:13.346,core-banking,OK,0200,CARDS,429.85,SGD,**************2801,SG,176
56375ce8-5c24-4499-7d91-43336b5ec41d,2026-07-11T04:23:13.395,settlement,SETTLED,0200,CARDS,429.85,SGD,**************2801,SG,135
f00143d2-130e-0074-1b15-beb83e2bb344,2026-07-07T04:58:04.949,gateway,OK,0200,CARDS,249.89,MYR,**************3091,MY,46
f00143d2-130e-0074-1b15-beb83e2bb344,2026-07-07T04:58:05.256,auth,OK,0200,CARDS,249.89,MYR,**************3091,MY,53
f00143d2-130e-0074-1b15-beb83e2bb344,2026-07-07T04:58:05.276,validation,OK,0200,CARDS,249.89,MYR,**************3091,MY,62
f00143d2-130e-0074-1b15-beb83e2bb344,2026-07-07T04:58:05.501,aml,OK,0200,CARDS,249.89,MYR,**************3091,MY,80
f00143d2-130e-0074-1b15-beb83e2bb344,2026-07-07T04:58:05.569,payment-hub,OK,0200,CARDS,249.89,MYR,**************3091,MY,32
f00143d2-130e-0074-1b15-beb83e2bb344,2026-07-07T04:58:05.718,core-banking,OK,0200,CARDS,249.89,MYR,**************3091,MY,247
f00143d2-130e-0074-1b15-beb83e2bb344,2026-07-07T04:58:05.796,settlement,SETTLED,0200,CARDS,249.89,MYR,**************3091,MY,278
4b5bb6d4-114c-0324-7b07-24f4781880d7,2026-07-10T03:49:16.708,gateway,OK,pacs.008,FAST,813.69,SGD,**************0963,SG,34
4b5bb6d4-114c-0324-7b07-24f4781880d7,2026-07-10T03:49:16.811,auth,OK,pacs.008,FAST,813.69,SGD,**************0963,SG,84
4b5bb6d4-114c-0324-7b07-24f4781880d7,2026-07-10T03:49:16.938,validation,OK,pacs.008,FAST,813.69,SGD,**************0963,SG,28
4b5bb6d4-114c-0324-7b07-24f4781880d7,2026-07-10T03:49:17.002,aml,OK,pacs.008,FAST,813.69,SGD,**************0963,SG,108
4b5bb6d4-114c-0324-7b07-24f4781880d7,2026-07-10T03:49:17.206,payment-hub,OK,pacs.008,FAST,813.69,SGD,**************0963,SG,33
4b5bb6d4-114c-0324-7b07-24f4781880d7,2026-07-10T03:49:17.294,core-banking,OK,pacs.008,FAST,813.69,SGD,**************0963,SG,151
4b5bb6d4-114c-0324-7b07-24f4781880d7,2026-07-10T03:49:17.409,settlement,SETTLED,pacs.008,FAST,813.69,SGD,**************0963,SG,342
75899da0-42cf-d6bd-8b63-fdee26fa45ab,2026-07-08T13:23:41.654,gateway,OK,0200,CARDS,259.26,USD,**************9921,HK,33
75899da0-42cf-d6bd-8b63-fdee26fa45ab,2026-07-08T13:23:41.759,auth,OK,0200,CARDS,259.26,USD,**************9921,HK,79
75899da0-42cf-d6bd-8b63-fdee26fa45ab,2026-07-08T13:23:41.797,validation,OK,0200,CARDS,259.26,USD,**************9921,HK,105
75899da0-42cf-d6bd-8b63-fdee26fa45ab,2026-07-08T13:23:41.892,aml,OK,0200,CARDS,259.26,USD,**************9921,HK,45
75899da0-42cf-d6bd-8b63-fdee26fa45ab,2026-07-08T13:23:41.981,payment-hub,OK,0200,CARDS,259.26,USD,**************9921,HK,37
75899da0-42cf-d6bd-8b63-fdee26fa45ab,2026-07-08T13:23:42.020,core-banking,OK,0200,CARDS,259.26,USD,**************9921,HK,50
75899da0-42cf-d6bd-8b63-fdee26fa45ab,2026-07-08T13:23:42.194,settlement,SETTLED,0200,CARDS,259.26,USD,**************9921,HK,335
9cfb4089-1248-a5b2-87ef-c8e60c9f978e,2026-07-10T14:58:24.318,gateway,OK,MT103,SWIFT,861.92,USD,**************1612,HK,56
9cfb4089-1248-a5b2-87ef-c8e60c9f978e,2026-07-10T14:58:24.438,auth,OK,MT103,SWIFT,861.92,USD,**************1612,HK,53
9cfb4089-1248-a5b2-87ef-c8e60c9f978e,2026-07-10T14:58:24.476,validation,OK,MT103,SWIFT,861.92,USD,**************1612,HK,59
9cfb4089-1248-a5b2-87ef-c8e60c9f978e,2026-07-10T14:58:24.607,aml,TIMEOUT,MT103,SWIFT,861.92,USD,**************1612,HK,30000
9cfb4089-1248-a5b2-87ef-c8e60c9f978e,2026-07-10T14:58:24.679,payment-hub,FAILED,MT103,SWIFT,861.92,USD,**************1612,HK,116
722c9073-488a-6215-7b9f-6a577479d203,2026-07-15T00:36:43.504,gateway,OK,MT103,SWIFT,5138.47,SGD,**************7631,SG,25
722c9073-488a-6215-7b9f-6a577479d203,2026-07-15T00:36:43.635,auth,OK,MT103,SWIFT,5138.47,SGD,**************7631,SG,51
722c9073-488a-6215-7b9f-6a577479d203,2026-07-15T00:36:43.697,validation,OK,MT103,SWIFT,5138.47,SGD,**************7631,SG,117
722c9073-488a-6215-7b9f-6a577479d203,2026-07-15T00:36:43.769,aml,OK,MT103,SWIFT,5138.47,SGD,**************7631,SG,240
722c9073-488a-6215-7b9f-6a577479d203,2026-07-15T00:36:43.862,payment-hub,OK,MT103,SWIFT,5138.47,SGD,**************7631,SG,46
722c9073-488a-6215-7b9f-6a577479d203,2026-07-15T00:36:43.930,core-banking,OK,MT103,SWIFT,5138.47,SGD,**************7631,SG,173
722c9073-488a-6215-7b9f-6a577479d203,2026-07-15T00:36:43.996,settlement,SETTLED,MT103,SWIFT,5138.47,SGD,**************7631,SG,373
5f24e3ba-033e-f534-3587-5a884227aa33,2026-07-10T11:45:50.638,gateway,OK,MT103,SWIFT,93.38,MYR,**************2752,MY,33
5f24e3ba-033e-f534-3587-5a884227aa33,2026-07-10T11:45:50.880,auth,OK,MT103,SWIFT,93.38,MYR,**************2752,MY,33
5f24e3ba-033e-f534-3587-5a884227aa33,2026-07-10T11:45:50.940,validation,OK,MT103,SWIFT,93.38,MYR,**************2752,MY,94
5f24e3ba-033e-f534-3587-5a884227aa33,2026-07-10T11:45:51.062,aml,OK,MT103,SWIFT,93.38,MYR,**************2752,MY,242
5f24e3ba-033e-f534-3587-5a884227aa33,2026-07-10T11:45:51.138,payment-hub,OK,MT103,SWIFT,93.38,MYR,**************2752,MY,79
5f24e3ba-033e-f534-3587-5a884227aa33,2026-07-10T11:45:51.201,core-banking,OK,MT103,SWIFT,93.38,MYR,**************2752,MY,127
5f24e3ba-033e-f534-3587-5a884227aa33,2026-07-10T11:45:51.300,settlement,SETTLED,MT103,SWIFT,93.38,MYR,**************2752,MY,339
037e6117-3803-bb36-2862-3f7d120e4ee5,2026-07-04T13:06:17.716,gateway,OK,MT103,SWIFT,698.13,SGD,**************8540,SG,51
037e6117-3803-bb36-2862-3f7d120e4ee5,2026-07-04T13:06:18.007,auth,OK,MT103,SWIFT,698.13,SGD,**************8540,SG,39
037e6117-3803-bb36-2862-3f7d120e4ee5,2026-07-04T13:06:18.095,validation,OK,MT103,SWIFT,698.13,SGD,**************8540,SG,101
037e6117-3803-bb36-2862-3f7d120e4ee5,2026-07-04T13:06:18.341,aml,OK,MT103,SWIFT,698.13,SGD,**************8540,SG,130
037e6117-3803-bb36-2862-3f7d120e4ee5,2026-07-04T13:06:18.377,payment-hub,OK,MT103,SWIFT,698.13,SGD,**************8540,SG,49
037e6117-3803-bb36-2862-3f7d120e4ee5,2026-07-04T13:06:18.454,core-banking,OK,MT103,SWIFT,698.13,SGD,**************8540,SG,201
037e6117-3803-bb36-2862-3f7d120e4ee5,2026-07-04T13:06:18.577,settlement,SETTLED,MT103,SWIFT,698.13,SGD,**************8540,SG,263
2942b071-83ad-4c1d-d1b6-ad4d372b21a1,2026-07-08T08:53:29.887,gateway,OK,MT103,SWIFT,10425.07,SGD,**************0773,SG,60
2942b071-83ad-4c1d-d1b6-ad4d372b21a1,2026-07-08T08:53:30.201,auth,OK,MT103,SWIFT,10425.07,SGD,**************0773,SG,77
2942b071-83ad-4c1d-d1b6-ad4d372b21a1,2026-07-08T08:53:30.282,validation,OK,MT103,SWIFT,10425.07,SGD,**************0773,SG,86
2942b071-83ad-4c1d-d1b6-ad4d372b21a1,2026-07-08T08:53:30.333,aml,OK,MT103,SWIFT,10425.07,SGD,**************0773,SG,89
2942b071-83ad-4c1d-d1b6-ad4d372b21a1,2026-07-08T08:53:30.529,payment-hub,OK,MT103,SWIFT,10425.07,SGD,**************0773,SG,137
2942b071-83ad-4c1d-d1b6-ad4d372b21a1,2026-07-08T08:53:30.618,core-banking,OK,MT103,SWIFT,10425.07,SGD,**************0773,SG,214
2942b071-83ad-4c1d-d1b6-ad4d372b21a1,2026-07-08T08:53:30.755,settlement,SETTLED,MT103,SWIFT,10425.07,SGD,**************0773,SG,369
5f9d7c92-c96e-8a8a-7513-e92df36cd3f2,2026-07-02T12:34:57.743,gateway,OK,MT103,SWIFT,167.52,SGD,**************6286,SG,20
5f9d7c92-c96e-8a8a-7513-e92df36cd3f2,2026-07-02T12:34:57.800,auth,OK,MT103,SWIFT,167.52,SGD,**************6286,SG,47
5f9d7c92-c96e-8a8a-7513-e92df36cd3f2,2026-07-02T12:34:57.855,validation,OK,MT103,SWIFT,167.52,SGD,**************6286,SG,80
5f9d7c92-c96e-8a8a-7513-e92df36cd3f2,2026-07-02T12:34:57.965,aml,OK,MT103,SWIFT,167.52,SGD,**************6286,SG,111
5f9d7c92-c96e-8a8a-7513-e92df36cd3f2,2026-07-02T12:34:58.049,payment-hub,OK,MT103,SWIFT,167.52,SGD,**************6286,SG,78
5f9d7c92-c96e-8a8a-7513-e92df36cd3f2,2026-07-02T12:34:58.096,core-banking,OK,MT103,SWIFT,167.52,SGD,**************6286,SG,80
5f9d7c92-c96e-8a8a-7513-e92df36cd3f2,2026-07-02T12:34:58.171,settlement,SETTLED,MT103,SWIFT,167.52,SGD,**************6286,SG,71
c79e0525-e1ec-5083-df81-0e795a7377a7,2026-07-04T15:02:33.206,gateway,OK,pacs.008,FAST,369.54,USD,**************4750,US,46
c79e0525-e1ec-5083-df81-0e795a7377a7,2026-07-04T15:02:33.312,auth,OK,pacs.008,FAST,369.54,USD,**************4750,US,80
c79e0525-e1ec-5083-df81-0e795a7377a7,2026-07-04T15:02:33.459,validation,OK,pacs.008,FAST,369.54,USD,**************4750,US,69
c79e0525-e1ec-5083-df81-0e795a7377a7,2026-07-04T15:02:33.511,aml,OK,pacs.008,FAST,369.54,USD,**************4750,US,103
c79e0525-e1ec-5083-df81-0e795a7377a7,2026-07-04T15:02:33.611,payment-hub,OK,pacs.008,FAST,369.54,USD,**************4750,US,47
c79e0525-e1ec-5083-df81-0e795a7377a7,2026-07-04T15:02:33.670,core-banking,OK,pacs.008,FAST,369.54,USD,**************4750,US,85
c79e0525-e1ec-5083-df81-0e795a7377a7,2026-07-04T15:02:33.792,settlement,SETTLED,pacs.008,FAST,369.54,USD,**************4750,US,358
0d18e427-a069-95b7-a91a-ac0f6f68271a,2026-07-07T06:58:35.958,gateway,OK,pacs.008,FAST,717.14,INR,**************7625,IN,58
0d18e427-a069-95b7-a91a-ac0f6f68271a,2026-07-07T06:58:36.026,auth,OK,pacs.008,FAST,717.14,INR,**************7625,IN,86
0d18e427-a069-95b7-a91a-ac0f6f68271a,2026-07-07T06:58:36.125,validation,OK,pacs.008,FAST,717.14,INR,**************7625,IN,63
0d18e427-a069-95b7-a91a-ac0f6f68271a,2026-07-07T06:58:36.218,aml,TIMEOUT,pacs.008,FAST,717.14,INR,**************7625,IN,30000
0d18e427-a069-95b7-a91a-ac0f6f68271a,2026-07-07T06:58:36.291,payment-hub,FAILED,pacs.008,FAST,717.14,INR,**************7625,IN,140
d9964a6e-640f-bf26-e98f-63b09d3821f2,2026-07-13T10:50:01.413,gateway,OK,MT103,SWIFT,1501.53,MYR,**************6543,MY,60
d9964a6e-640f-bf26-e98f-63b09d3821f2,2026-07-13T10:50:01.461,auth,OK,MT103,SWIFT,1501.53,MYR,**************6543,MY,42
d9964a6e-640f-bf26-e98f-63b09d3821f2,2026-07-13T10:50:01.534,validation,OK,MT103,SWIFT,1501.53,MYR,**************6543,MY,82
d9964a6e-640f-bf26-e98f-63b09d3821f2,2026-07-13T10:50:01.764,aml,OK,MT103,SWIFT,1501.53,MYR,**************6543,MY,155
d9964a6e-640f-bf26-e98f-63b09d3821f2,2026-07-13T10:50:01.821,payment-hub,OK,MT103,SWIFT,1501.53,MYR,**************6543,MY,49
d9964a6e-640f-bf26-e98f-63b09d3821f2,2026-07-13T10:50:01.929,core-banking,OK,MT103,SWIFT,1501.53,MYR,**************6543,MY,188
d9964a6e-640f-bf26-e98f-63b09d3821f2,2026-07-13T10:50:02.107,settlement,SETTLED,MT103,SWIFT,1501.53,MYR,**************6543,MY,211
ab31d606-7bf9-a117-ef06-05d4cc57452c,2026-07-08T12:27:37.655,gateway,OK,pacs.008,FAST,207.23,INR,**************7054,IN,50
ab31d606-7bf9-a117-ef06-05d4cc57452c,2026-07-08T12:27:37.747,auth,OK,pacs.008,FAST,207.23,INR,**************7054,IN,46
ab31d606-7bf9-a117-ef06-05d4cc57452c,2026-07-08T12:27:37.840,validation,OK,pacs.008,FAST,207.23,INR,**************7054,IN,66
ab31d606-7bf9-a117-ef06-05d4cc57452c,2026-07-08T12:27:37.959,aml,OK,pacs.008,FAST,207.23,INR,**************7054,IN,281
ab31d606-7bf9-a117-ef06-05d4cc57452c,2026-07-08T12:27:38.035,payment-hub,OK,pacs.008,FAST,207.23,INR,**************7054,IN,83
ab31d606-7bf9-a117-ef06-05d4cc57452c,2026-07-08T12:27:38.090,core-banking,OK,pacs.008,FAST,207.23,INR,**************7054,IN,67
ab31d606-7bf9-a117-ef06-05d4cc57452c,2026-07-08T12:28:08.126,settlement,SETTLED,pacs.008,FAST,207.23,INR,**************7054,IN,311
7070f0ef-0cd8-8123-098f-78988ad787ae,2026-07-07T13:26:21.540,gateway,OK,pacs.008,FAST,166.44,MYR,**************5347,MY,40
7070f0ef-0cd8-8123-098f-78988ad787ae,2026-07-07T13:26:21.596,auth,OK,pacs.008,FAST,166.44,MYR,**************5347,MY,88
7070f0ef-0cd8-8123-098f-78988ad787ae,2026-07-07T13:26:21.658,validation,OK,pacs.008,FAST,166.44,MYR,**************5347,MY,80
7070f0ef-0cd8-8123-098f-78988ad787ae,2026-07-07T13:26:21.718,aml,TIMEOUT,pacs.008,FAST,166.44,MYR,**************5347,MY,30000
7070f0ef-0cd8-8123-098f-78988ad787ae,2026-07-07T13:26:21.816,payment-hub,FAILED,pacs.008,FAST,166.44,MYR,**************5347,MY,100
a7201182-e859-fccd-92aa-29f35d3dad7b,2026-07-06T13:25:20.159,gateway,OK,pacs.008,FAST,4026.65,SGD,**************8538,SG,34
a7201182-e859-fccd-92aa-29f35d3dad7b,2026-07-06T13:25:20.217,auth,OK,pacs.008,FAST,4026.65,SGD,**************8538,SG,38
a7201182-e859-fccd-92aa-29f35d3dad7b,2026-07-06T13:25:20.293,validation,OK,pacs.008,FAST,4026.65,SGD,**************8538,SG,80
a7201182-e859-fccd-92aa-29f35d3dad7b,2026-07-06T13:25:20.383,aml,TIMEOUT,pacs.008,FAST,4026.65,SGD,**************8538,SG,30000
a7201182-e859-fccd-92aa-29f35d3dad7b,2026-07-06T13:25:20.496,payment-hub,FAILED,pacs.008,FAST,4026.65,SGD,**************8538,SG,120
b8a399b3-7878-74f2-6271-8633eddc545c,2026-07-04T06:21:34.138,gateway,OK,pacs.008,FAST,350.34,USD,**************3391,US,18
b8a399b3-7878-74f2-6271-8633eddc545c,2026-07-04T06:21:34.270,auth,OK,pacs.008,FAST,350.34,USD,**************3391,US,27
b8a399b3-7878-74f2-6271-8633eddc545c,2026-07-04T06:21:34.327,validation,OK,pacs.008,FAST,350.34,USD,**************3391,US,69
b8a399b3-7878-74f2-6271-8633eddc545c,2026-07-04T06:21:34.409,aml,OK,pacs.008,FAST,350.34,USD,**************3391,US,141
b8a399b3-7878-74f2-6271-8633eddc545c,2026-07-04T06:21:34.673,payment-hub,OK,pacs.008,FAST,350.34,USD,**************3391,US,54
b8a399b3-7878-74f2-6271-8633eddc545c,2026-07-04T06:21:34.789,core-banking,OK,pacs.008,FAST,350.34,USD,**************3391,US,218
b8a399b3-7878-74f2-6271-8633eddc545c,2026-07-04T06:21:34.863,settlement,SETTLED,pacs.008,FAST,350.34,USD,**************3391,US,389
d43f30a8-7da4-7d8a-557f-e549e5235474,2026-07-14T09:08:57.316,gateway,OK,0200,CARDS,389.03,MYR,**************5359,MY,24
d43f30a8-7da4-7d8a-557f-e549e5235474,2026-07-14T09:08:57.427,auth,OK,0200,CARDS,389.03,MYR,**************5359,MY,88
d43f30a8-7da4-7d8a-557f-e549e5235474,2026-07-14T09:08:57.486,validation,OK,0200,CARDS,389.03,MYR,**************5359,MY,102
d43f30a8-7da4-7d8a-557f-e549e5235474,2026-07-14T09:08:57.578,aml,TIMEOUT,0200,CARDS,389.03,MYR,**************5359,MY,30000
d43f30a8-7da4-7d8a-557f-e549e5235474,2026-07-14T09:08:57.845,payment-hub,FAILED,0200,CARDS,389.03,MYR,**************5359,MY,31
c7d53fae-af99-2469-8e44-11e626ddf312,2026-07-12T01:46:48.470,gateway,OK,pacs.008,FAST,1688.12,GBP,**************8734,GB,30
c7d53fae-af99-2469-8e44-11e626ddf312,2026-07-12T01:46:48.608,auth,OK,pacs.008,FAST,1688.12,GBP,**************8734,GB,75
c7d53fae-af99-2469-8e44-11e626ddf312,2026-07-12T01:46:48.722,validation,REJECTED,pacs.008,FAST,1688.12,GBP,**************8734,GB,49
842db3e2-3aba-7cbf-26e0-03495fc89cdd,2026-07-05T15:42:52.276,gateway,OK,pacs.008,FAST,175.24,SGD,**************5520,SG,42
842db3e2-3aba-7cbf-26e0-03495fc89cdd,2026-07-05T15:42:52.403,auth,OK,pacs.008,FAST,175.24,SGD,**************5520,SG,68
842db3e2-3aba-7cbf-26e0-03495fc89cdd,2026-07-05T15:42:52.527,validation,OK,pacs.008,FAST,175.24,SGD,**************5520,SG,71
842db3e2-3aba-7cbf-26e0-03495fc89cdd,2026-07-05T15:42:52.598,aml,OK,pacs.008,FAST,175.24,SGD,**************5520,SG,84
842db3e2-3aba-7cbf-26e0-03495fc89cdd,2026-07-05T15:42:52.686,payment-hub,OK,pacs.008,FAST,175.24,SGD,**************5520,SG,96
842db3e2-3aba-7cbf-26e0-03495fc89cdd,2026-07-05T15:42:52.762,core-banking,OK,pacs.008,FAST,175.24,SGD,**************5520,SG,51
842db3e2-3aba-7cbf-26e0-03495fc89cdd,2026-07-05T15:42:53.031,settlement,SETTLED,pacs.008,FAST,175.24,SGD,**************5520,SG,276
9b33d69d-7fc2-685f-f262-2317ab4d1768,2026-07-06T02:16:29.902,gateway,OK,pacs.008,FAST,1690.68,GBP,**************5396,GB,59
9b33d69d-7fc2-685f-f262-2317ab4d1768,2026-07-06T02:16:29.942,auth,OK,pacs.008,FAST,1690.68,GBP,**************5396,GB,52
9b33d69d-7fc2-685f-f262-2317ab4d1768,2026-07-06T02:16:29.983,validation,OK,pacs.008,FAST,1690.68,GBP,**************5396,GB,104
9b33d69d-7fc2-685f-f262-2317ab4d1768,2026-07-06T02:16:30.035,aml,OK,pacs.008,FAST,1690.68,GBP,**************5396,GB,53
9b33d69d-7fc2-685f-f262-2317ab4d1768,2026-07-06T02:16:30.265,payment-hub,OK,pacs.008,FAST,1690.68,GBP,**************5396,GB,62
9b33d69d-7fc2-685f-f262-2317ab4d1768,2026-07-06T02:16:30.527,core-banking,OK,pacs.008,FAST,1690.68,GBP,**************5396,GB,156
9b33d69d-7fc2-685f-f262-2317ab4d1768,2026-07-06T02:16:30.666,settlement,SETTLED,pacs.008,FAST,1690.68,GBP,**************5396,GB,382
45fce724-b422-a8f0-be0c-fd6cdd73d74d,2026-07-11T10:02:33.140,gateway,OK,MT103,SWIFT,443.91,SGD,**************9935,SG,22
45fce724-b422-a8f0-be0c-fd6cdd73d74d,2026-07-11T10:02:33.321,auth,OK,MT103,SWIFT,443.91,SGD,**************9935,SG,62
45fce724-b422-a8f0-be0c-fd6cdd73d74d,2026-07-11T10:03:03.361,validation,OK,MT103,SWIFT,443.91,SGD,**************9935,SG,62
45fce724-b422-a8f0-be0c-fd6cdd73d74d,2026-07-11T10:03:03.507,aml,OK,MT103,SWIFT,443.91,SGD,**************9935,SG,130
45fce724-b422-a8f0-be0c-fd6cdd73d74d,2026-07-11T10:03:03.598,payment-hub,OK,MT103,SWIFT,443.91,SGD,**************9935,SG,84
45fce724-b422-a8f0-be0c-fd6cdd73d74d,2026-07-11T10:03:03.669,core-banking,OK,MT103,SWIFT,443.91,SGD,**************9935,SG,105
45fce724-b422-a8f0-be0c-fd6cdd73d74d,2026-07-11T10:03:03.845,settlement,SETTLED,MT103,SWIFT,443.91,SGD,**************9935,SG,128
4f293148-cf24-d638-2efb-16c66e3f3e4a,2026-07-11T17:54:59.971,gateway,OK,MT103,SWIFT,1506.57,USD,**************6472,US,57
4f293148-cf24-d638-2efb-16c66e3f3e4a,2026-07-11T17:55:00.076,auth,OK,MT103,SWIFT,1506.57,USD,**************6472,US,58
4f293148-cf24-d638-2efb-16c66e3f3e4a,2026-07-11T17:55:00.142,validation,OK,MT103,SWIFT,1506.57,USD,**************6472,US,117
4f293148-cf24-d638-2efb-16c66e3f3e4a,2026-07-11T17:55:00.270,aml,OK,MT103,SWIFT,1506.57,USD,**************6472,US,74
4f293148-cf24-d638-2efb-16c66e3f3e4a,2026-07-11T17:55:00.401,payment-hub,OK,MT103,SWIFT,1506.57,USD,**************6472,US,107
4f293148-cf24-d638-2efb-16c66e3f3e4a,2026-07-11T17:55:00.453,core-banking,OK,MT103,SWIFT,1506.57,USD,**************6472,US,95
4f293148-cf24-d638-2efb-16c66e3f3e4a,2026-07-11T17:55:00.607,settlement,SETTLED,MT103,SWIFT,1506.57,USD,**************6472,US,63
12362f7d-a1f6-afef-40d7-0c88edaf685e,2026-07-12T03:03:47.001,gateway,OK,MT103,SWIFT,984.14,SGD,**************0293,SG,39
12362f7d-a1f6-afef-40d7-0c88edaf685e,2026-07-12T03:03:47.173,auth,OK,MT103,SWIFT,984.14,SGD,**************0293,SG,35
12362f7d-a1f6-afef-40d7-0c88edaf685e,2026-07-12T03:03:47.232,validation,OK,MT103,SWIFT,984.14,SGD,**************0293,SG,33
12362f7d-a1f6-afef-40d7-0c88edaf685e,2026-07-12T03:03:47.284,aml,TIMEOUT,MT103,SWIFT,984.14,SGD,**************0293,SG,30000
12362f7d-a1f6-afef-40d7-0c88edaf685e,2026-07-12T03:03:47.351,payment-hub,FAILED,MT103,SWIFT,984.14,SGD,**************0293,SG,117
0eee405f-0e69-34e8-4886-5b158e7af3c9,2026-07-14T04:34:37.860,gateway,OK,pacs.008,FAST,163.57,INR,**************4977,IN,37
0eee405f-0e69-34e8-4886-5b158e7af3c9,2026-07-14T04:34:37.907,auth,OK,pacs.008,FAST,163.57,INR,**************4977,IN,40
0eee405f-0e69-34e8-4886-5b158e7af3c9,2026-07-14T04:35:07.933,validation,OK,pacs.008,FAST,163.57,INR,**************4977,IN,75
0eee405f-0e69-34e8-4886-5b158e7af3c9,2026-07-14T04:35:08.017,aml,OK,pacs.008,FAST,163.57,INR,**************4977,IN,151
0eee405f-0e69-34e8-4886-5b158e7af3c9,2026-07-14T04:35:08.101,payment-hub,OK,pacs.008,FAST,163.57,INR,**************4977,IN,122
0eee405f-0e69-34e8-4886-5b158e7af3c9,2026-07-14T04:35:38.141,core-banking,OK,pacs.008,FAST,163.57,INR,**************4977,IN,164
0eee405f-0e69-34e8-4886-5b158e7af3c9,2026-07-14T04:35:38.199,settlement,SETTLED,pacs.008,FAST,163.57,INR,**************4977,IN,374
886ca32c-380c-0b25-0a90-7cb6c067eeb6,2026-07-06T10:06:54.450,gateway,OK,0200,CARDS,1195.17,SGD,**************8322,SG,33
886ca32c-380c-0b25-0a90-7cb6c067eeb6,2026-07-06T10:06:54.536,auth,OK,0200,CARDS,1195.17,SGD,**************8322,SG,56
886ca32c-380c-0b25-0a90-7cb6c067eeb6,2026-07-06T10:06:54.698,validation,OK,0200,CARDS,1195.17,SGD,**************8322,SG,116
886ca32c-380c-0b25-0a90-7cb6c067eeb6,2026-07-06T10:06:54.735,aml,OK,0200,CARDS,1195.17,SGD,**************8322,SG,74
886ca32c-380c-0b25-0a90-7cb6c067eeb6,2026-07-06T10:06:54.832,payment-hub,OK,0200,CARDS,1195.17,SGD,**************8322,SG,51
886ca32c-380c-0b25-0a90-7cb6c067eeb6,2026-07-06T10:06:54.891,core-banking,OK,0200,CARDS,1195.17,SGD,**************8322,SG,61
886ca32c-380c-0b25-0a90-7cb6c067eeb6,2026-07-06T10:06:54.983,settlement,SETTLED,0200,CARDS,1195.17,SGD,**************8322,SG,231
825bc9df-e215-66ad-2ce8-facec477220e,2026-07-08T08:32:44.248,gateway,OK,MT103,SWIFT,148.5,SGD,**************1154,SG,59
825bc9df-e215-66ad-2ce8-facec477220e,2026-07-08T08:32:44.323,auth,OK,MT103,SWIFT,148.5,SGD,**************1154,SG,47
825bc9df-e215-66ad-2ce8-facec477220e,2026-07-08T08:32:44.381,validation,OK,MT103,SWIFT,148.5,SGD,**************1154,SG,100
825bc9df-e215-66ad-2ce8-facec477220e,2026-07-08T08:32:44.476,aml,OK,MT103,SWIFT,148.5,SGD,**************1154,SG,61
825bc9df-e215-66ad-2ce8-facec477220e,2026-07-08T08:32:44.571,payment-hub,OK,MT103,SWIFT,148.5,SGD,**************1154,SG,62
825bc9df-e215-66ad-2ce8-facec477220e,2026-07-08T08:32:44.825,core-banking,OK,MT103,SWIFT,148.5,SGD,**************1154,SG,125
825bc9df-e215-66ad-2ce8-facec477220e,2026-07-08T08:32:44.900,settlement,SETTLED,MT103,SWIFT,148.5,SGD,**************1154,SG,385
0abdce6e-28b8-fbc3-d731-2a04ec692c24,2026-07-11T21:49:17.004,gateway,OK,0200,CARDS,10321.35,INR,**************8248,GB,35
0abdce6e-28b8-fbc3-d731-2a04ec692c24,2026-07-11T21:49:17.071,auth,OK,0200,CARDS,10321.35,INR,**************8248,GB,50
0abdce6e-28b8-fbc3-d731-2a04ec692c24,2026-07-11T21:49:17.141,validation,OK,0200,CARDS,10321.35,INR,**************8248,GB,31
0abdce6e-28b8-fbc3-d731-2a04ec692c24,2026-07-11T21:49:17.325,aml,OK,0200,CARDS,10321.35,INR,**************8248,GB,262
0abdce6e-28b8-fbc3-d731-2a04ec692c24,2026-07-11T21:49:17.441,payment-hub,OK,0200,CARDS,10321.35,INR,**************8248,GB,82
0abdce6e-28b8-fbc3-d731-2a04ec692c24,2026-07-11T21:49:47.473,core-banking,OK,0200,CARDS,10321.35,INR,**************8248,GB,59
0abdce6e-28b8-fbc3-d731-2a04ec692c24,2026-07-11T21:49:47.554,settlement,SETTLED,0200,CARDS,10321.35,INR,**************8248,GB,130
ce148f7d-ed41-10c5-8554-4aa5b524c614,2026-07-07T10:36:53.264,gateway,OK,pacs.008,FAST,1777.02,EUR,**************5494,SG,35
ce148f7d-ed41-10c5-8554-4aa5b524c614,2026-07-07T10:36:53.301,auth,OK,pacs.008,FAST,1777.02,EUR,**************5494,SG,61
ce148f7d-ed41-10c5-8554-4aa5b524c614,2026-07-07T10:36:53.393,validation,OK,pacs.008,FAST,1777.02,EUR,**************5494,SG,37
ce148f7d-ed41-10c5-8554-4aa5b524c614,2026-07-07T10:36:53.451,aml,OK,pacs.008,FAST,1777.02,EUR,**************5494,SG,224
ce148f7d-ed41-10c5-8554-4aa5b524c614,2026-07-07T10:36:53.518,payment-hub,OK,pacs.008,FAST,1777.02,EUR,**************5494,SG,115
ce148f7d-ed41-10c5-8554-4aa5b524c614,2026-07-07T10:36:53.544,core-banking,OK,pacs.008,FAST,1777.02,EUR,**************5494,SG,68
ce148f7d-ed41-10c5-8554-4aa5b524c614,2026-07-07T10:36:53.751,settlement,SETTLED,pacs.008,FAST,1777.02,EUR,**************5494,SG,119
cedc0acb-b8df-847e-67cc-3ce68c78c4f1,2026-07-11T07:09:14.253,gateway,OK,pacs.008,FAST,513.87,SGD,**************7267,SG,59
cedc0acb-b8df-847e-67cc-3ce68c78c4f1,2026-07-11T07:09:14.308,auth,OK,pacs.008,FAST,513.87,SGD,**************7267,SG,71
cedc0acb-b8df-847e-67cc-3ce68c78c4f1,2026-07-11T07:09:14.407,validation,OK,pacs.008,FAST,513.87,SGD,**************7267,SG,118
cedc0acb-b8df-847e-67cc-3ce68c78c4f1,2026-07-11T07:09:14.540,aml,OK,pacs.008,FAST,513.87,SGD,**************7267,SG,282
cedc0acb-b8df-847e-67cc-3ce68c78c4f1,2026-07-11T07:09:14.620,payment-hub,OK,pacs.008,FAST,513.87,SGD,**************7267,SG,69
cedc0acb-b8df-847e-67cc-3ce68c78c4f1,2026-07-11T07:09:14.716,core-banking,OK,pacs.008,FAST,513.87,SGD,**************7267,SG,79
cedc0acb-b8df-847e-67cc-3ce68c78c4f1,2026-07-11T07:09:14.872,settlement,SETTLED,pacs.008,FAST,513.87,SGD,**************7267,SG,271
5a7cfa57-0983-63af-0e42-ff0ab7e37cbe,2026-07-06T09:33:27.745,gateway,OK,0200,CARDS,990.06,EUR,**************6376,MY,45
5a7cfa57-0983-63af-0e42-ff0ab7e37cbe,2026-07-06T09:33:27.804,auth,OK,0200,CARDS,990.06,EUR,**************6376,MY,35
5a7cfa57-0983-63af-0e42-ff0ab7e37cbe,2026-07-06T09:33:27.871,validation,OK,0200,CARDS,990.06,EUR,**************6376,MY,106
5a7cfa57-0983-63af-0e42-ff0ab7e37cbe,2026-07-06T09:33:27.944,aml,TIMEOUT,0200,CARDS,990.06,EUR,**************6376,MY,30000
5a7cfa57-0983-63af-0e42-ff0ab7e37cbe,2026-07-06T09:33:28.008,payment-hub,FAILED,0200,CARDS,990.06,EUR,**************6376,MY,67
14c9243a-ecb0-8900-8713-7205da58293a,2026-07-08T11:45:27.422,gateway,OK,MT103,SWIFT,345.19,USD,**************5717,US,18
14c9243a-ecb0-8900-8713-7205da58293a,2026-07-08T11:45:57.458,auth,OK,MT103,SWIFT,345.19,USD,**************5717,US,85
14c9243a-ecb0-8900-8713-7205da58293a,2026-07-08T11:45:57.520,validation,OK,MT103,SWIFT,345.19,USD,**************5717,US,79
14c9243a-ecb0-8900-8713-7205da58293a,2026-07-08T11:45:57.589,aml,OK,MT103,SWIFT,345.19,USD,**************5717,US,139
14c9243a-ecb0-8900-8713-7205da58293a,2026-07-08T11:45:57.662,payment-hub,OK,MT103,SWIFT,345.19,USD,**************5717,US,79
14c9243a-ecb0-8900-8713-7205da58293a,2026-07-08T11:45:57.756,core-banking,OK,MT103,SWIFT,345.19,USD,**************5717,US,67
14c9243a-ecb0-8900-8713-7205da58293a,2026-07-08T11:45:57.856,settlement,SETTLED,MT103,SWIFT,345.19,USD,**************5717,US,205
8f8671cc-3c49-4814-4b83-c7ebc7381dbb,2026-07-14T15:59:32.717,gateway,OK,MT103,SWIFT,1481.54,USD,**************9788,HK,38
8f8671cc-3c49-4814-4b83-c7ebc7381dbb,2026-07-14T15:59:32.790,auth,OK,MT103,SWIFT,1481.54,USD,**************9788,HK,72
8f8671cc-3c49-4814-4b83-c7ebc7381dbb,2026-07-14T15:59:32.960,validation,OK,MT103,SWIFT,1481.54,USD,**************9788,HK,78
8f8671cc-3c49-4814-4b83-c7ebc7381dbb,2026-07-14T15:59:33.108,aml,OK,MT103,SWIFT,1481.54,USD,**************9788,HK,251
8f8671cc-3c49-4814-4b83-c7ebc7381dbb,2026-07-14T15:59:33.285,payment-hub,OK,MT103,SWIFT,1481.54,USD,**************9788,HK,74
8f8671cc-3c49-4814-4b83-c7ebc7381dbb,2026-07-14T15:59:33.363,core-banking,OK,MT103,SWIFT,1481.54,USD,**************9788,HK,134
8f8671cc-3c49-4814-4b83-c7ebc7381dbb,2026-07-14T15:59:33.443,settlement,SETTLED,MT103,SWIFT,1481.54,USD,**************9788,HK,173
c1ed3dc3-d8ec-07fd-7500-a828a9cb1a40,2026-07-12T04:56:02.365,gateway,OK,pacs.008,FAST,162.07,INR,**************1495,HK,46
c1ed3dc3-d8ec-07fd-7500-a828a9cb1a40,2026-07-12T04:56:02.464,auth,OK,pacs.008,FAST,162.07,INR,**************1495,HK,56
c1ed3dc3-d8ec-07fd-7500-a828a9cb1a40,2026-07-12T04:56:02.590,validation,OK,pacs.008,FAST,162.07,INR,**************1495,HK,87
c1ed3dc3-d8ec-07fd-7500-a828a9cb1a40,2026-07-12T04:56:02.686,aml,OK,pacs.008,FAST,162.07,INR,**************1495,HK,183
c1ed3dc3-d8ec-07fd-7500-a828a9cb1a40,2026-07-12T04:56:02.759,payment-hub,OK,pacs.008,FAST,162.07,INR,**************1495,HK,131
c1ed3dc3-d8ec-07fd-7500-a828a9cb1a40,2026-07-12T04:56:02.812,core-banking,OK,pacs.008,FAST,162.07,INR,**************1495,HK,119
c1ed3dc3-d8ec-07fd-7500-a828a9cb1a40,2026-07-12T04:56:02.999,settlement,SETTLED,pacs.008,FAST,162.07,INR,**************1495,HK,315
033baa6b-134e-d67e-15f0-b4e82342fe4e,2026-07-04T07:48:43.480,gateway,OK,pacs.008,FAST,411.73,SGD,**************8443,SG,15
033baa6b-134e-d67e-15f0-b4e82342fe4e,2026-07-04T07:48:43.571,auth,OK,pacs.008,FAST,411.73,SGD,**************8443,SG,83
033baa6b-134e-d67e-15f0-b4e82342fe4e,2026-07-04T07:48:43.645,validation,OK,pacs.008,FAST,411.73,SGD,**************8443,SG,46
033baa6b-134e-d67e-15f0-b4e82342fe4e,2026-07-04T07:48:43.717,aml,TIMEOUT,pacs.008,FAST,411.73,SGD,**************8443,SG,30000
033baa6b-134e-d67e-15f0-b4e82342fe4e,2026-07-04T07:48:43.942,payment-hub,FAILED,pacs.008,FAST,411.73,SGD,**************8443,SG,113
2b115331-c3b9-f9ff-4624-ee62b98e4726,2026-07-10T04:49:47.292,gateway,OK,pacs.008,FAST,1634.56,INR,**************3014,IN,49
2b115331-c3b9-f9ff-4624-ee62b98e4726,2026-07-10T04:49:47.359,auth,OK,pacs.008,FAST,1634.56,INR,**************3014,IN,68
2b115331-c3b9-f9ff-4624-ee62b98e4726,2026-07-10T04:49:47.491,validation,OK,pacs.008,FAST,1634.56,INR,**************3014,IN,102
2b115331-c3b9-f9ff-4624-ee62b98e4726,2026-07-10T04:49:47.623,aml,OK,pacs.008,FAST,1634.56,INR,**************3014,IN,100
2b115331-c3b9-f9ff-4624-ee62b98e4726,2026-07-10T04:49:47.670,payment-hub,OK,pacs.008,FAST,1634.56,INR,**************3014,IN,35
2b115331-c3b9-f9ff-4624-ee62b98e4726,2026-07-10T04:49:47.999,core-banking,OK,pacs.008,FAST,1634.56,INR,**************3014,IN,100
2b115331-c3b9-f9ff-4624-ee62b98e4726,2026-07-10T04:49:48.107,settlement,SETTLED,pacs.008,FAST,1634.56,INR,**************3014,IN,73
e1a0fa89-2873-caa8-983c-dd1ebc158138,2026-07-02T15:09:04.578,gateway,OK,0200,CARDS,680.47,GBP,**************6729,GB,54
e1a0fa89-2873-caa8-983c-dd1ebc158138,2026-07-02T15:09:04.659,auth,OK,0200,CARDS,680.47,GBP,**************6729,GB,32
e1a0fa89-2873-caa8-983c-dd1ebc158138,2026-07-02T15:09:04.765,validation,OK,0200,CARDS,680.47,GBP,**************6729,GB,93
e1a0fa89-2873-caa8-983c-dd1ebc158138,2026-07-02T15:09:04.849,aml,OK,0200,CARDS,680.47,GBP,**************6729,GB,222
e1a0fa89-2873-caa8-983c-dd1ebc158138,2026-07-02T15:09:05.006,payment-hub,OK,0200,CARDS,680.47,GBP,**************6729,GB,49
e1a0fa89-2873-caa8-983c-dd1ebc158138,2026-07-02T15:09:05.038,core-banking,OK,0200,CARDS,680.47,GBP,**************6729,GB,188
e1a0fa89-2873-caa8-983c-dd1ebc158138,2026-07-02T15:09:05.094,settlement,SETTLED,0200,CARDS,680.47,GBP,**************6729,GB,134
60582310-50b3-70df-cf09-01fd6a3cf7a1,2026-07-08T13:13:31.030,gateway,OK,pacs.008,FAST,87.45,INR,**************8061,IN,58
60582310-50b3-70df-cf09-01fd6a3cf7a1,2026-07-08T13:13:31.114,auth,OK,pacs.008,FAST,87.45,INR,**************8061,IN,65
60582310-50b3-70df-cf09-01fd6a3cf7a1,2026-07-08T13:13:31.165,validation,OK,pacs.008,FAST,87.45,INR,**************8061,IN,55
60582310-50b3-70df-cf09-01fd6a3cf7a1,2026-07-08T13:13:31.390,aml,OK,pacs.008,FAST,87.45,INR,**************8061,IN,56
60582310-50b3-70df-cf09-01fd6a3cf7a1,2026-07-08T13:13:31.464,payment-hub,OK,pacs.008,FAST,87.45,INR,**************8061,IN,92
60582310-50b3-70df-cf09-01fd6a3cf7a1,2026-07-08T13:13:31.524,core-banking,OK,pacs.008,FAST,87.45,INR,**************8061,IN,146
60582310-50b3-70df-cf09-01fd6a3cf7a1,2026-07-08T13:13:31.718,settlement,SETTLED,pacs.008,FAST,87.45,INR,**************8061,IN,371
3d8aa7d3-6dac-d1ec-43d7-b262b147c061,2026-07-08T16:47:05.638,gateway,OK,pacs.008,FAST,177.27,USD,**************8568,US,41
3d8aa7d3-6dac-d1ec-43d7-b262b147c061,2026-07-08T16:47:05.739,auth,OK,pacs.008,FAST,177.27,USD,**************8568,US,45
3d8aa7d3-6dac-d1ec-43d7-b262b147c061,2026-07-08T16:47:05.906,validation,OK,pacs.008,FAST,177.27,USD,**************8568,US,88
3d8aa7d3-6dac-d1ec-43d7-b262b147c061,2026-07-08T16:47:05.953,aml,OK,pacs.008,FAST,177.27,USD,**************8568,US,214
3d8aa7d3-6dac-d1ec-43d7-b262b147c061,2026-07-08T16:47:05.991,payment-hub,OK,pacs.008,FAST,177.27,USD,**************8568,US,97
3d8aa7d3-6dac-d1ec-43d7-b262b147c061,2026-07-08T16:47:06.058,core-banking,OK,pacs.008,FAST,177.27,USD,**************8568,US,93
3d8aa7d3-6dac-d1ec-43d7-b262b147c061,2026-07-08T16:47:06.310,settlement,SETTLED,pacs.008,FAST,177.27,USD,**************8568,US,350
0c8bffd1-ec30-b1ef-9fd9-89600ef96af7,2026-07-03T00:59:18.038,gateway,OK,MT103,SWIFT,690.76,SGD,**************3076,SG,26
0c8bffd1-ec30-b1ef-9fd9-89600ef96af7,2026-07-03T00:59:18.336,auth,OK,MT103,SWIFT,690.76,SGD,**************3076,SG,64
0c8bffd1-ec30-b1ef-9fd9-89600ef96af7,2026-07-03T00:59:18.433,validation,OK,MT103,SWIFT,690.76,SGD,**************3076,SG,38
0c8bffd1-ec30-b1ef-9fd9-89600ef96af7,2026-07-03T00:59:18.498,aml,OK,MT103,SWIFT,690.76,SGD,**************3076,SG,47
0c8bffd1-ec30-b1ef-9fd9-89600ef96af7,2026-07-03T00:59:18.637,payment-hub,OK,MT103,SWIFT,690.76,SGD,**************3076,SG,61
0c8bffd1-ec30-b1ef-9fd9-89600ef96af7,2026-07-03T00:59:18.724,core-banking,OK,MT103,SWIFT,690.76,SGD,**************3076,SG,123
0c8bffd1-ec30-b1ef-9fd9-89600ef96af7,2026-07-03T00:59:18.856,settlement,SETTLED,MT103,SWIFT,690.76,SGD,**************3076,SG,266
b2d67423-0bc5-a425-88ba-803644abf177,2026-07-07T09:57:42.108,gateway,OK,pacs.008,FAST,558.67,INR,**************1527,IN,28
b2d67423-0bc5-a425-88ba-803644abf177,2026-07-07T09:57:42.185,auth,OK,pacs.008,FAST,558.67,INR,**************1527,IN,59
b2d67423-0bc5-a425-88ba-803644abf177,2026-07-07T09:57:42.243,validation,OK,pacs.008,FAST,558.67,INR,**************1527,IN,54
b2d67423-0bc5-a425-88ba-803644abf177,2026-07-07T09:57:42.337,aml,TIMEOUT,pacs.008,FAST,558.67,INR,**************1527,IN,30000
b2d67423-0bc5-a425-88ba-803644abf177,2026-07-07T09:57:42.396,payment-hub,FAILED,pacs.008,FAST,558.67,INR,**************1527,IN,96
0bafb98b-6b4d-878b-9b5b-2e0895d6c49f,2026-07-03T05:45:24.293,gateway,OK,pacs.008,FAST,522.93,SGD,**************3522,SG,58
0bafb98b-6b4d-878b-9b5b-2e0895d6c49f,2026-07-03T05:45:24.373,auth,OK,pacs.008,FAST,522.93,SGD,**************3522,SG,59
0bafb98b-6b4d-878b-9b5b-2e0895d6c49f,2026-07-03T05:45:24.425,validation,OK,pacs.008,FAST,522.93,SGD,**************3522,SG,88
0bafb98b-6b4d-878b-9b5b-2e0895d6c49f,2026-07-03T05:45:24.479,aml,OK,pacs.008,FAST,522.93,SGD,**************3522,SG,247
0bafb98b-6b4d-878b-9b5b-2e0895d6c49f,2026-07-03T05:45:24.535,payment-hub,OK,pacs.008,FAST,522.93,SGD,**************3522,SG,140
0bafb98b-6b4d-878b-9b5b-2e0895d6c49f,2026-07-03T05:45:24.570,core-banking,OK,pacs.008,FAST,522.93,SGD,**************3522,SG,134
0bafb98b-6b4d-878b-9b5b-2e0895d6c49f,2026-07-03T05:45:24.838,settlement,SETTLED,pacs.008,FAST,522.93,SGD,**************3522,SG,152
dfdc47a7-b33c-2b19-0850-8ac4934a7c2e,2026-07-10T00:30:30.249,gateway,OK,pacs.008,FAST,4788.88,SGD,**************5041,SG,32
dfdc47a7-b33c-2b19-0850-8ac4934a7c2e,2026-07-10T00:30:30.319,auth,OK,pacs.008,FAST,4788.88,SGD,**************5041,SG,80
dfdc47a7-b33c-2b19-0850-8ac4934a7c2e,2026-07-10T00:30:30.434,validation,OK,pacs.008,FAST,4788.88,SGD,**************5041,SG,61
dfdc47a7-b33c-2b19-0850-8ac4934a7c2e,2026-07-10T00:30:30.527,aml,OK,pacs.008,FAST,4788.88,SGD,**************5041,SG,267
dfdc47a7-b33c-2b19-0850-8ac4934a7c2e,2026-07-10T00:30:30.656,payment-hub,OK,pacs.008,FAST,4788.88,SGD,**************5041,SG,99
dfdc47a7-b33c-2b19-0850-8ac4934a7c2e,2026-07-10T00:31:00.662,core-banking,OK,pacs.008,FAST,4788.88,SGD,**************5041,SG,162
dfdc47a7-b33c-2b19-0850-8ac4934a7c2e,2026-07-10T00:31:00.732,settlement,SETTLED,pacs.008,FAST,4788.88,SGD,**************5041,SG,221
4185ee21-d8ff-ded0-0d57-63ef959c6f55,2026-07-07T19:22:36.054,gateway,OK,MT103,SWIFT,855.0,MYR,**************3823,SG,60
4185ee21-d8ff-ded0-0d57-63ef959c6f55,2026-07-07T19:22:36.133,auth,OK,MT103,SWIFT,855.0,MYR,**************3823,SG,79
4185ee21-d8ff-ded0-0d57-63ef959c6f55,2026-07-07T19:22:36.218,validation,OK,MT103,SWIFT,855.0,MYR,**************3823,SG,89
4185ee21-d8ff-ded0-0d57-63ef959c6f55,2026-07-07T19:22:36.299,aml,TIMEOUT,MT103,SWIFT,855.0,MYR,**************3823,SG,30000
4185ee21-d8ff-ded0-0d57-63ef959c6f55,2026-07-07T19:22:36.365,payment-hub,FAILED,MT103,SWIFT,855.0,MYR,**************3823,SG,128
6d3296e5-925d-bc49-3f39-9ebf9ca2c4fd,2026-07-09T00:21:24.204,gateway,OK,pacs.008,FAST,1626.11,SGD,**************1896,SG,57
6d3296e5-925d-bc49-3f39-9ebf9ca2c4fd,2026-07-09T00:21:54.229,auth,OK,pacs.008,FAST,1626.11,SGD,**************1896,SG,90
6d3296e5-925d-bc49-3f39-9ebf9ca2c4fd,2026-07-09T00:21:54.338,validation,OK,pacs.008,FAST,1626.11,SGD,**************1896,SG,66
6d3296e5-925d-bc49-3f39-9ebf9ca2c4fd,2026-07-09T00:21:54.405,aml,OK,pacs.008,FAST,1626.11,SGD,**************1896,SG,167
6d3296e5-925d-bc49-3f39-9ebf9ca2c4fd,2026-07-09T00:21:54.574,payment-hub,OK,pacs.008,FAST,1626.11,SGD,**************1896,SG,150
6d3296e5-925d-bc49-3f39-9ebf9ca2c4fd,2026-07-09T00:21:54.701,core-banking,OK,pacs.008,FAST,1626.11,SGD,**************1896,SG,186
6d3296e5-925d-bc49-3f39-9ebf9ca2c4fd,2026-07-09T00:21:54.806,settlement,SETTLED,pacs.008,FAST,1626.11,SGD,**************1896,SG,252
8314ab18-6a55-64fd-8d3a-025b94abd22b,2026-07-10T19:44:04.457,gateway,OK,0200,CARDS,128.42,USD,**************9733,US,25
8314ab18-6a55-64fd-8d3a-025b94abd22b,2026-07-10T19:44:04.535,auth,OK,0200,CARDS,128.42,USD,**************9733,US,42
8314ab18-6a55-64fd-8d3a-025b94abd22b,2026-07-10T19:44:04.608,validation,OK,0200,CARDS,128.42,USD,**************9733,US,65
8314ab18-6a55-64fd-8d3a-025b94abd22b,2026-07-10T19:44:04.691,aml,OK,0200,CARDS,128.42,USD,**************9733,US,271
8314ab18-6a55-64fd-8d3a-025b94abd22b,2026-07-10T19:44:04.837,payment-hub,OK,0200,CARDS,128.42,USD,**************9733,US,43
8314ab18-6a55-64fd-8d3a-025b94abd22b,2026-07-10T19:44:04.897,core-banking,OK,0200,CARDS,128.42,USD,**************9733,US,97
8314ab18-6a55-64fd-8d3a-025b94abd22b,2026-07-10T19:44:04.982,settlement,SETTLED,0200,CARDS,128.42,USD,**************9733,US,268
07f5675a-e5bd-0c3f-1da8-a846413a2fe1,2026-07-06T22:41:33.458,gateway,OK,MT103,SWIFT,1185.42,USD,**************5100,HK,23
07f5675a-e5bd-0c3f-1da8-a846413a2fe1,2026-07-06T22:41:33.512,auth,OK,MT103,SWIFT,1185.42,USD,**************5100,HK,28
07f5675a-e5bd-0c3f-1da8-a846413a2fe1,2026-07-06T22:41:33.753,validation,OK,MT103,SWIFT,1185.42,USD,**************5100,HK,88
07f5675a-e5bd-0c3f-1da8-a846413a2fe1,2026-07-06T22:41:33.857,aml,TIMEOUT,MT103,SWIFT,1185.42,USD,**************5100,HK,30000
07f5675a-e5bd-0c3f-1da8-a846413a2fe1,2026-07-06T22:41:33.939,payment-hub,FAILED,MT103,SWIFT,1185.42,USD,**************5100,HK,108
731cd358-1bd2-e3bd-3906-2a897fe46798,2026-07-09T02:54:57.652,gateway,OK,pacs.008,FAST,1171.06,INR,**************6026,IN,31
731cd358-1bd2-e3bd-3906-2a897fe46798,2026-07-09T02:54:57.772,auth,OK,pacs.008,FAST,1171.06,INR,**************6026,IN,22
731cd358-1bd2-e3bd-3906-2a897fe46798,2026-07-09T02:54:57.810,validation,OK,pacs.008,FAST,1171.06,INR,**************6026,IN,55
731cd358-1bd2-e3bd-3906-2a897fe46798,2026-07-09T02:54:57.941,aml,OK,pacs.008,FAST,1171.06,INR,**************6026,IN,246
731cd358-1bd2-e3bd-3906-2a897fe46798,2026-07-09T02:54:58.157,payment-hub,OK,pacs.008,FAST,1171.06,INR,**************6026,IN,122
731cd358-1bd2-e3bd-3906-2a897fe46798,2026-07-09T02:54:58.216,core-banking,OK,pacs.008,FAST,1171.06,INR,**************6026,IN,81
731cd358-1bd2-e3bd-3906-2a897fe46798,2026-07-09T02:54:58.389,settlement,SETTLED,pacs.008,FAST,1171.06,INR,**************6026,IN,394
7683f625-6138-72d0-8d32-188c5d690e73,2026-07-11T23:34:19.373,gateway,OK,pacs.008,FAST,911.52,GBP,**************3388,GB,43
7683f625-6138-72d0-8d32-188c5d690e73,2026-07-11T23:34:19.485,auth,OK,pacs.008,FAST,911.52,GBP,**************3388,GB,71
7683f625-6138-72d0-8d32-188c5d690e73,2026-07-11T23:34:19.564,validation,OK,pacs.008,FAST,911.52,GBP,**************3388,GB,64
7683f625-6138-72d0-8d32-188c5d690e73,2026-07-11T23:34:19.673,aml,OK,pacs.008,FAST,911.52,GBP,**************3388,GB,227
7683f625-6138-72d0-8d32-188c5d690e73,2026-07-11T23:34:19.757,payment-hub,OK,pacs.008,FAST,911.52,GBP,**************3388,GB,93
7683f625-6138-72d0-8d32-188c5d690e73,2026-07-11T23:34:19.879,core-banking,OK,pacs.008,FAST,911.52,GBP,**************3388,GB,197
7683f625-6138-72d0-8d32-188c5d690e73,2026-07-11T23:34:20.055,settlement,SETTLED,pacs.008,FAST,911.52,GBP,**************3388,GB,349
15968ffc-2a9f-9c80-e6e2-71b0598e0f3e,2026-07-14T02:08:23.580,gateway,OK,pacs.008,FAST,462.87,EUR,**************4759,GB,21
15968ffc-2a9f-9c80-e6e2-71b0598e0f3e,2026-07-14T02:08:23.846,auth,OK,pacs.008,FAST,462.87,EUR,**************4759,GB,52
15968ffc-2a9f-9c80-e6e2-71b0598e0f3e,2026-07-14T02:08:24.002,validation,OK,pacs.008,FAST,462.87,EUR,**************4759,GB,42
15968ffc-2a9f-9c80-e6e2-71b0598e0f3e,2026-07-14T02:08:24.091,aml,OK,pacs.008,FAST,462.87,EUR,**************4759,GB,54
15968ffc-2a9f-9c80-e6e2-71b0598e0f3e,2026-07-14T02:08:24.209,payment-hub,OK,pacs.008,FAST,462.87,EUR,**************4759,GB,101
15968ffc-2a9f-9c80-e6e2-71b0598e0f3e,2026-07-14T02:08:24.238,core-banking,OK,pacs.008,FAST,462.87,EUR,**************4759,GB,180
15968ffc-2a9f-9c80-e6e2-71b0598e0f3e,2026-07-14T02:08:24.312,settlement,SETTLED,pacs.008,FAST,462.87,EUR,**************4759,GB,249
36d82a91-7b88-81c7-a9b5-a74d06e97b80,2026-07-06T05:16:16.860,gateway,OK,MT103,SWIFT,272.56,SGD,**************6482,SG,41
36d82a91-7b88-81c7-a9b5-a74d06e97b80,2026-07-06T05:16:16.937,auth,OK,MT103,SWIFT,272.56,SGD,**************6482,SG,55
36d82a91-7b88-81c7-a9b5-a74d06e97b80,2026-07-06T05:16:17.077,validation,OK,MT103,SWIFT,272.56,SGD,**************6482,SG,37
36d82a91-7b88-81c7-a9b5-a74d06e97b80,2026-07-06T05:16:17.158,aml,OK,MT103,SWIFT,272.56,SGD,**************6482,SG,60
36d82a91-7b88-81c7-a9b5-a74d06e97b80,2026-07-06T05:16:17.259,payment-hub,OK,MT103,SWIFT,272.56,SGD,**************6482,SG,44
36d82a91-7b88-81c7-a9b5-a74d06e97b80,2026-07-06T05:16:17.341,core-banking,OK,MT103,SWIFT,272.56,SGD,**************6482,SG,97
36d82a91-7b88-81c7-a9b5-a74d06e97b80,2026-07-06T05:16:17.461,settlement,SETTLED,MT103,SWIFT,272.56,SGD,**************6482,SG,140
d38c7f18-24e2-2186-0fcc-1cc7a69cde23,2026-07-10T16:10:30.980,gateway,OK,pacs.008,FAST,1719.7,MYR,**************6747,MY,43
d38c7f18-24e2-2186-0fcc-1cc7a69cde23,2026-07-10T16:10:31.245,auth,OK,pacs.008,FAST,1719.7,MYR,**************6747,MY,90
d38c7f18-24e2-2186-0fcc-1cc7a69cde23,2026-07-10T16:10:31.357,validation,OK,pacs.008,FAST,1719.7,MYR,**************6747,MY,25
d38c7f18-24e2-2186-0fcc-1cc7a69cde23,2026-07-10T16:10:31.524,aml,TIMEOUT,pacs.008,FAST,1719.7,MYR,**************6747,MY,30000
d38c7f18-24e2-2186-0fcc-1cc7a69cde23,2026-07-10T16:10:31.785,payment-hub,FAILED,pacs.008,FAST,1719.7,MYR,**************6747,MY,46
a1630dac-b5a6-7250-7014-250e58fd18a0,2026-07-11T01:54:17.119,gateway,OK,pacs.008,FAST,227.71,GBP,**************5581,GB,33
a1630dac-b5a6-7250-7014-250e58fd18a0,2026-07-11T01:54:17.214,auth,OK,pacs.008,FAST,227.71,GBP,**************5581,GB,86
a1630dac-b5a6-7250-7014-250e58fd18a0,2026-07-11T01:54:17.262,validation,OK,pacs.008,FAST,227.71,GBP,**************5581,GB,69
a1630dac-b5a6-7250-7014-250e58fd18a0,2026-07-11T01:54:17.568,aml,OK,pacs.008,FAST,227.71,GBP,**************5581,GB,53
a1630dac-b5a6-7250-7014-250e58fd18a0,2026-07-11T01:54:17.621,payment-hub,OK,pacs.008,FAST,227.71,GBP,**************5581,GB,81
a1630dac-b5a6-7250-7014-250e58fd18a0,2026-07-11T01:54:17.752,core-banking,OK,pacs.008,FAST,227.71,GBP,**************5581,GB,151
a1630dac-b5a6-7250-7014-250e58fd18a0,2026-07-11T01:54:17.964,settlement,SETTLED,pacs.008,FAST,227.71,GBP,**************5581,GB,249
fa41baba-2432-e8ed-5025-13bd9dc04d2f,2026-07-03T10:05:44.750,gateway,OK,pacs.008,FAST,331.38,USD,**************2878,HK,55
fa41baba-2432-e8ed-5025-13bd9dc04d2f,2026-07-03T10:05:44.936,auth,OK,pacs.008,FAST,331.38,USD,**************2878,HK,84
fa41baba-2432-e8ed-5025-13bd9dc04d2f,2026-07-03T10:05:45.105,validation,OK,pacs.008,FAST,331.38,USD,**************2878,HK,54
fa41baba-2432-e8ed-5025-13bd9dc04d2f,2026-07-03T10:05:45.156,aml,OK,pacs.008,FAST,331.38,USD,**************2878,HK,201
fa41baba-2432-e8ed-5025-13bd9dc04d2f,2026-07-03T10:05:45.240,payment-hub,OK,pacs.008,FAST,331.38,USD,**************2878,HK,58
fa41baba-2432-e8ed-5025-13bd9dc04d2f,2026-07-03T10:05:45.321,core-banking,OK,pacs.008,FAST,331.38,USD,**************2878,HK,140
fa41baba-2432-e8ed-5025-13bd9dc04d2f,2026-07-03T10:05:45.399,settlement,SETTLED,pacs.008,FAST,331.38,USD,**************2878,HK,342
6fdf738e-a27f-1ccb-72e6-57590f8de4d1,2026-07-10T16:19:29.783,gateway,OK,pacs.008,FAST,146.39,USD,**************5542,US,39
6fdf738e-a27f-1ccb-72e6-57590f8de4d1,2026-07-10T16:19:30.022,auth,OK,pacs.008,FAST,146.39,USD,**************5542,US,80
6fdf738e-a27f-1ccb-72e6-57590f8de4d1,2026-07-10T16:19:30.211,validation,OK,pacs.008,FAST,146.39,USD,**************5542,US,95
6fdf738e-a27f-1ccb-72e6-57590f8de4d1,2026-07-10T16:19:30.307,aml,OK,pacs.008,FAST,146.39,USD,**************5542,US,165
6fdf738e-a27f-1ccb-72e6-57590f8de4d1,2026-07-10T16:19:30.335,payment-hub,OK,pacs.008,FAST,146.39,USD,**************5542,US,91
6fdf738e-a27f-1ccb-72e6-57590f8de4d1,2026-07-10T16:19:30.613,core-banking,OK,pacs.008,FAST,146.39,USD,**************5542,US,94
6fdf738e-a27f-1ccb-72e6-57590f8de4d1,2026-07-10T16:19:30.655,settlement,SETTLED,pacs.008,FAST,146.39,USD,**************5542,US,318
f1d93215-6310-612d-9cb2-fb435af63c5d,2026-07-11T07:49:03.809,gateway,OK,pacs.008,FAST,708.83,MYR,**************1933,MY,28
f1d93215-6310-612d-9cb2-fb435af63c5d,2026-07-11T07:49:03.982,auth,OK,pacs.008,FAST,708.83,MYR,**************1933,MY,77
f1d93215-6310-612d-9cb2-fb435af63c5d,2026-07-11T07:49:04.073,validation,OK,pacs.008,FAST,708.83,MYR,**************1933,MY,111
f1d93215-6310-612d-9cb2-fb435af63c5d,2026-07-11T07:49:04.221,aml,OK,pacs.008,FAST,708.83,MYR,**************1933,MY,119
f1d93215-6310-612d-9cb2-fb435af63c5d,2026-07-11T07:49:04.258,payment-hub,OK,pacs.008,FAST,708.83,MYR,**************1933,MY,58
f1d93215-6310-612d-9cb2-fb435af63c5d,2026-07-11T07:49:04.530,core-banking,OK,pacs.008,FAST,708.83,MYR,**************1933,MY,149
f1d93215-6310-612d-9cb2-fb435af63c5d,2026-07-11T07:49:04.613,settlement,SETTLED,pacs.008,FAST,708.83,MYR,**************1933,MY,314
ce839c4e-f1ab-22d4-27af-0aebc642b577,2026-07-06T22:25:30.370,gateway,OK,pacs.008,FAST,1342.65,USD,**************6330,US,50
ce839c4e-f1ab-22d4-27af-0aebc642b577,2026-07-06T22:25:30.422,auth,OK,pacs.008,FAST,1342.65,USD,**************6330,US,36
ce839c4e-f1ab-22d4-27af-0aebc642b577,2026-07-06T22:25:30.592,validation,OK,pacs.008,FAST,1342.65,USD,**************6330,US,80
ce839c4e-f1ab-22d4-27af-0aebc642b577,2026-07-06T22:25:30.640,aml,OK,pacs.008,FAST,1342.65,USD,**************6330,US,56
ce839c4e-f1ab-22d4-27af-0aebc642b577,2026-07-06T22:25:30.693,payment-hub,OK,pacs.008,FAST,1342.65,USD,**************6330,US,58
ce839c4e-f1ab-22d4-27af-0aebc642b577,2026-07-06T22:25:30.746,core-banking,OK,pacs.008,FAST,1342.65,USD,**************6330,US,233
ce839c4e-f1ab-22d4-27af-0aebc642b577,2026-07-06T22:25:30.856,settlement,SETTLED,pacs.008,FAST,1342.65,USD,**************6330,US,81
ebc0ed88-e79d-df9c-13dc-9cb77bf04e86,2026-07-10T12:13:10.617,gateway,OK,pacs.008,FAST,1012.26,SGD,**************3615,SG,59
ebc0ed88-e79d-df9c-13dc-9cb77bf04e86,2026-07-10T12:13:10.836,auth,OK,pacs.008,FAST,1012.26,SGD,**************3615,SG,22
ebc0ed88-e79d-df9c-13dc-9cb77bf04e86,2026-07-10T12:13:10.996,validation,OK,pacs.008,FAST,1012.26,SGD,**************3615,SG,34
ebc0ed88-e79d-df9c-13dc-9cb77bf04e86,2026-07-10T12:13:11.097,aml,OK,pacs.008,FAST,1012.26,SGD,**************3615,SG,79
ebc0ed88-e79d-df9c-13dc-9cb77bf04e86,2026-07-10T12:13:11.156,payment-hub,OK,pacs.008,FAST,1012.26,SGD,**************3615,SG,136
ebc0ed88-e79d-df9c-13dc-9cb77bf04e86,2026-07-10T12:13:11.218,core-banking,OK,pacs.008,FAST,1012.26,SGD,**************3615,SG,198
ebc0ed88-e79d-df9c-13dc-9cb77bf04e86,2026-07-10T12:13:11.274,settlement,SETTLED,pacs.008,FAST,1012.26,SGD,**************3615,SG,302
cb6b2ca4-ce9c-386a-ef6c-9ab309eeac10,2026-07-05T05:04:48.988,gateway,OK,MT103,SWIFT,144.26,SGD,**************0010,SG,38
cb6b2ca4-ce9c-386a-ef6c-9ab309eeac10,2026-07-05T05:04:49.050,auth,OK,MT103,SWIFT,144.26,SGD,**************0010,SG,67
cb6b2ca4-ce9c-386a-ef6c-9ab309eeac10,2026-07-05T05:04:49.095,validation,OK,MT103,SWIFT,144.26,SGD,**************0010,SG,56
cb6b2ca4-ce9c-386a-ef6c-9ab309eeac10,2026-07-05T05:04:49.195,aml,OK,MT103,SWIFT,144.26,SGD,**************0010,SG,68
cb6b2ca4-ce9c-386a-ef6c-9ab309eeac10,2026-07-05T05:04:49.320,payment-hub,OK,MT103,SWIFT,144.26,SGD,**************0010,SG,38
cb6b2ca4-ce9c-386a-ef6c-9ab309eeac10,2026-07-05T05:04:49.570,core-banking,OK,MT103,SWIFT,144.26,SGD,**************0010,SG,157
cb6b2ca4-ce9c-386a-ef6c-9ab309eeac10,2026-07-05T05:04:49.697,settlement,SETTLED,MT103,SWIFT,144.26,SGD,**************0010,SG,200
93408fda-5d8b-0e14-0346-861bc51630c7,2026-07-12T17:25:26.821,gateway,OK,MT103,SWIFT,2298.21,USD,**************7377,IN,58
93408fda-5d8b-0e14-0346-861bc51630c7,2026-07-12T17:25:26.933,auth,OK,MT103,SWIFT,2298.21,USD,**************7377,IN,47
93408fda-5d8b-0e14-0346-861bc51630c7,2026-07-12T17:25:26.989,validation,OK,MT103,SWIFT,2298.21,USD,**************7377,IN,67
93408fda-5d8b-0e14-0346-861bc51630c7,2026-07-12T17:25:27.093,aml,TIMEOUT,MT103,SWIFT,2298.21,USD,**************7377,IN,30000
93408fda-5d8b-0e14-0346-861bc51630c7,2026-07-12T17:25:27.189,payment-hub,FAILED,MT103,SWIFT,2298.21,USD,**************7377,IN,104
58437fc7-0435-a3cb-24d0-1e13d27ab117,2026-07-09T00:24:51.027,gateway,OK,pacs.008,FAST,1743.12,MYR,**************0649,MY,27
58437fc7-0435-a3cb-24d0-1e13d27ab117,2026-07-09T00:24:51.161,auth,OK,pacs.008,FAST,1743.12,MYR,**************0649,MY,48
58437fc7-0435-a3cb-24d0-1e13d27ab117,2026-07-09T00:24:51.186,validation,OK,pacs.008,FAST,1743.12,MYR,**************0649,MY,28
58437fc7-0435-a3cb-24d0-1e13d27ab117,2026-07-09T00:24:51.253,aml,OK,pacs.008,FAST,1743.12,MYR,**************0649,MY,79
58437fc7-0435-a3cb-24d0-1e13d27ab117,2026-07-09T00:24:51.334,payment-hub,OK,pacs.008,FAST,1743.12,MYR,**************0649,MY,86
58437fc7-0435-a3cb-24d0-1e13d27ab117,2026-07-09T00:24:51.394,core-banking,OK,pacs.008,FAST,1743.12,MYR,**************0649,MY,123
58437fc7-0435-a3cb-24d0-1e13d27ab117,2026-07-09T00:24:51.557,settlement,SETTLED,pacs.008,FAST,1743.12,MYR,**************0649,MY,341
d4c373cf-e86c-edad-55c4-abff3ce192f4,2026-07-09T19:18:10.744,gateway,OK,0200,CARDS,723.66,USD,**************0860,US,17
d4c373cf-e86c-edad-55c4-abff3ce192f4,2026-07-09T19:18:10.840,auth,OK,0200,CARDS,723.66,USD,**************0860,US,62
d4c373cf-e86c-edad-55c4-abff3ce192f4,2026-07-09T19:18:10.955,validation,OK,0200,CARDS,723.66,USD,**************0860,US,70
d4c373cf-e86c-edad-55c4-abff3ce192f4,2026-07-09T19:18:11.033,aml,OK,0200,CARDS,723.66,USD,**************0860,US,83
d4c373cf-e86c-edad-55c4-abff3ce192f4,2026-07-09T19:18:11.090,payment-hub,OK,0200,CARDS,723.66,USD,**************0860,US,87
d4c373cf-e86c-edad-55c4-abff3ce192f4,2026-07-09T19:18:11.212,core-banking,OK,0200,CARDS,723.66,USD,**************0860,US,117
d4c373cf-e86c-edad-55c4-abff3ce192f4,2026-07-09T19:18:11.273,settlement,SETTLED,0200,CARDS,723.66,USD,**************0860,US,378
433ce4e8-140f-b6fd-2894-a11bd881344c,2026-07-10T06:06:06.843,gateway,OK,0200,CARDS,375.43,MYR,**************4858,MY,54
433ce4e8-140f-b6fd-2894-a11bd881344c,2026-07-10T06:06:06.911,auth,OK,0200,CARDS,375.43,MYR,**************4858,MY,58
433ce4e8-140f-b6fd-2894-a11bd881344c,2026-07-10T06:06:07.034,validation,OK,0200,CARDS,375.43,MYR,**************4858,MY,59
433ce4e8-140f-b6fd-2894-a11bd881344c,2026-07-10T06:06:07.103,aml,OK,0200,CARDS,375.43,MYR,**************4858,MY,137
433ce4e8-140f-b6fd-2894-a11bd881344c,2026-07-10T06:06:07.182,payment-hub,OK,0200,CARDS,375.43,MYR,**************4858,MY,93
433ce4e8-140f-b6fd-2894-a11bd881344c,2026-07-10T06:06:07.265,core-banking,OK,0200,CARDS,375.43,MYR,**************4858,MY,93
433ce4e8-140f-b6fd-2894-a11bd881344c,2026-07-10T06:06:07.304,settlement,SETTLED,0200,CARDS,375.43,MYR,**************4858,MY,147
09052033-1db8-7081-f62a-e260c94abbda,2026-07-08T17:45:41.660,gateway,OK,pacs.008,FAST,72.37,USD,**************5606,US,58
09052033-1db8-7081-f62a-e260c94abbda,2026-07-08T17:45:41.740,auth,OK,pacs.008,FAST,72.37,USD,**************5606,US,26
09052033-1db8-7081-f62a-e260c94abbda,2026-07-08T17:45:41.790,validation,OK,pacs.008,FAST,72.37,USD,**************5606,US,62
09052033-1db8-7081-f62a-e260c94abbda,2026-07-08T17:45:41.862,aml,OK,pacs.008,FAST,72.37,USD,**************5606,US,83
09052033-1db8-7081-f62a-e260c94abbda,2026-07-08T17:45:41.909,payment-hub,OK,pacs.008,FAST,72.37,USD,**************5606,US,111
09052033-1db8-7081-f62a-e260c94abbda,2026-07-08T17:45:41.973,core-banking,OK,pacs.008,FAST,72.37,USD,**************5606,US,162
09052033-1db8-7081-f62a-e260c94abbda,2026-07-08T17:45:42.062,settlement,SETTLED,pacs.008,FAST,72.37,USD,**************5606,US,309
3343b671-6cc1-eca0-352e-b867e2041b49,2026-07-06T23:55:36.097,gateway,OK,pacs.008,FAST,329.22,SGD,**************5577,SG,36
3343b671-6cc1-eca0-352e-b867e2041b49,2026-07-06T23:55:36.168,auth,OK,pacs.008,FAST,329.22,SGD,**************5577,SG,50
3343b671-6cc1-eca0-352e-b867e2041b49,2026-07-06T23:55:36.261,validation,OK,pacs.008,FAST,329.22,SGD,**************5577,SG,33
3343b671-6cc1-eca0-352e-b867e2041b49,2026-07-06T23:55:36.335,aml,OK,pacs.008,FAST,329.22,SGD,**************5577,SG,209
3343b671-6cc1-eca0-352e-b867e2041b49,2026-07-06T23:55:36.435,payment-hub,OK,pacs.008,FAST,329.22,SGD,**************5577,SG,129
3343b671-6cc1-eca0-352e-b867e2041b49,2026-07-06T23:55:36.638,core-banking,OK,pacs.008,FAST,329.22,SGD,**************5577,SG,104
3343b671-6cc1-eca0-352e-b867e2041b49,2026-07-06T23:55:36.759,settlement,SETTLED,pacs.008,FAST,329.22,SGD,**************5577,SG,341
46fe1ff2-7dc0-60d0-2797-dc915ac318e3,2026-07-03T09:53:38.893,gateway,OK,pacs.008,FAST,810.82,SGD,**************5590,SG,21
46fe1ff2-7dc0-60d0-2797-dc915ac318e3,2026-07-03T09:53:39.006,auth,OK,pacs.008,FAST,810.82,SGD,**************5590,SG,69
46fe1ff2-7dc0-60d0-2797-dc915ac318e3,2026-07-03T09:53:39.074,validation,OK,pacs.008,FAST,810.82,SGD,**************5590,SG,69
46fe1ff2-7dc0-60d0-2797-dc915ac318e3,2026-07-03T09:53:39.207,aml,OK,pacs.008,FAST,810.82,SGD,**************5590,SG,55
46fe1ff2-7dc0-60d0-2797-dc915ac318e3,2026-07-03T09:53:39.335,payment-hub,OK,pacs.008,FAST,810.82,SGD,**************5590,SG,89
46fe1ff2-7dc0-60d0-2797-dc915ac318e3,2026-07-03T09:53:39.462,core-banking,OK,pacs.008,FAST,810.82,SGD,**************5590,SG,105
46fe1ff2-7dc0-60d0-2797-dc915ac318e3,2026-07-03T09:53:39.599,settlement,SETTLED,pacs.008,FAST,810.82,SGD,**************5590,SG,111
7b2c9ecd-623c-6394-2f1b-cedeaaa3ef3c,2026-07-14T08:50:55.048,gateway,OK,pacs.008,FAST,761.93,MYR,**************3160,MY,24
7b2c9ecd-623c-6394-2f1b-cedeaaa3ef3c,2026-07-14T08:50:55.163,auth,OK,pacs.008,FAST,761.93,MYR,**************3160,MY,65
7b2c9ecd-623c-6394-2f1b-cedeaaa3ef3c,2026-07-14T08:50:55.197,validation,OK,pacs.008,FAST,761.93,MYR,**************3160,MY,42
7b2c9ecd-623c-6394-2f1b-cedeaaa3ef3c,2026-07-14T08:50:55.300,aml,OK,pacs.008,FAST,761.93,MYR,**************3160,MY,278
7b2c9ecd-623c-6394-2f1b-cedeaaa3ef3c,2026-07-14T08:50:55.379,payment-hub,OK,pacs.008,FAST,761.93,MYR,**************3160,MY,131
7b2c9ecd-623c-6394-2f1b-cedeaaa3ef3c,2026-07-14T08:50:55.489,core-banking,OK,pacs.008,FAST,761.93,MYR,**************3160,MY,148
7b2c9ecd-623c-6394-2f1b-cedeaaa3ef3c,2026-07-14T08:50:55.566,settlement,SETTLED,pacs.008,FAST,761.93,MYR,**************3160,MY,81
52e1b085-d2f8-71da-3d44-0efa68a3dd14,2026-07-03T22:18:32.123,gateway,OK,pacs.008,FAST,8530.19,SGD,**************3194,SG,48
52e1b085-d2f8-71da-3d44-0efa68a3dd14,2026-07-03T22:18:32.321,auth,OK,pacs.008,FAST,8530.19,SGD,**************3194,SG,28
52e1b085-d2f8-71da-3d44-0efa68a3dd14,2026-07-03T22:18:32.418,validation,OK,pacs.008,FAST,8530.19,SGD,**************3194,SG,115
52e1b085-d2f8-71da-3d44-0efa68a3dd14,2026-07-03T22:18:32.478,aml,OK,pacs.008,FAST,8530.19,SGD,**************3194,SG,224
52e1b085-d2f8-71da-3d44-0efa68a3dd14,2026-07-03T22:18:32.540,payment-hub,OK,pacs.008,FAST,8530.19,SGD,**************3194,SG,31
52e1b085-d2f8-71da-3d44-0efa68a3dd14,2026-07-03T22:18:32.601,core-banking,OK,pacs.008,FAST,8530.19,SGD,**************3194,SG,68
52e1b085-d2f8-71da-3d44-0efa68a3dd14,2026-07-03T22:18:32.719,settlement,SETTLED,pacs.008,FAST,8530.19,SGD,**************3194,SG,168
9001a4ab-b9d6-a825-cc4c-6b1131bd9ee1,2026-07-04T09:19:47.274,gateway,OK,MT103,SWIFT,818.24,USD,**************4155,US,15
9001a4ab-b9d6-a825-cc4c-6b1131bd9ee1,2026-07-04T09:19:47.341,auth,OK,MT103,SWIFT,818.24,USD,**************4155,US,64
9001a4ab-b9d6-a825-cc4c-6b1131bd9ee1,2026-07-04T09:19:47.420,validation,OK,MT103,SWIFT,818.24,USD,**************4155,US,89
9001a4ab-b9d6-a825-cc4c-6b1131bd9ee1,2026-07-04T09:19:47.473,aml,TIMEOUT,MT103,SWIFT,818.24,USD,**************4155,US,30000
9001a4ab-b9d6-a825-cc4c-6b1131bd9ee1,2026-07-04T09:19:47.542,payment-hub,FAILED,MT103,SWIFT,818.24,USD,**************4155,US,115
8877f412-2c96-687c-b7c8-e46266e3cbe8,2026-07-04T20:17:57.381,gateway,OK,pacs.008,FAST,1759.86,SGD,**************1337,SG,56
8877f412-2c96-687c-b7c8-e46266e3cbe8,2026-07-04T20:17:57.504,auth,OK,pacs.008,FAST,1759.86,SGD,**************1337,SG,33
8877f412-2c96-687c-b7c8-e46266e3cbe8,2026-07-04T20:17:57.664,validation,OK,pacs.008,FAST,1759.86,SGD,**************1337,SG,39
8877f412-2c96-687c-b7c8-e46266e3cbe8,2026-07-04T20:17:57.722,aml,OK,pacs.008,FAST,1759.86,SGD,**************1337,SG,46
8877f412-2c96-687c-b7c8-e46266e3cbe8,2026-07-04T20:17:57.862,payment-hub,OK,pacs.008,FAST,1759.86,SGD,**************1337,SG,85
8877f412-2c96-687c-b7c8-e46266e3cbe8,2026-07-04T20:17:58.061,core-banking,OK,pacs.008,FAST,1759.86,SGD,**************1337,SG,187
8877f412-2c96-687c-b7c8-e46266e3cbe8,2026-07-04T20:17:58.127,settlement,SETTLED,pacs.008,FAST,1759.86,SGD,**************1337,SG,229
0919d5d9-150a-95d4-1af1-cf4366618fdd,2026-07-07T03:44:05.646,gateway,OK,pacs.008,FAST,1445.98,MYR,**************0521,MY,55
0919d5d9-150a-95d4-1af1-cf4366618fdd,2026-07-07T03:44:05.696,auth,OK,pacs.008,FAST,1445.98,MYR,**************0521,MY,90
0919d5d9-150a-95d4-1af1-cf4366618fdd,2026-07-07T03:44:05.766,validation,OK,pacs.008,FAST,1445.98,MYR,**************0521,MY,52
0919d5d9-150a-95d4-1af1-cf4366618fdd,2026-07-07T03:44:05.837,aml,OK,pacs.008,FAST,1445.98,MYR,**************0521,MY,129
0919d5d9-150a-95d4-1af1-cf4366618fdd,2026-07-07T03:44:05.899,payment-hub,OK,pacs.008,FAST,1445.98,MYR,**************0521,MY,138
0919d5d9-150a-95d4-1af1-cf4366618fdd,2026-07-07T03:44:05.987,core-banking,OK,pacs.008,FAST,1445.98,MYR,**************0521,MY,194
0919d5d9-150a-95d4-1af1-cf4366618fdd,2026-07-07T03:44:06.136,settlement,SETTLED,pacs.008,FAST,1445.98,MYR,**************0521,MY,286
efd6dd0e-da17-10c9-2a6d-56137fa1ff42,2026-07-14T02:33:37.276,gateway,OK,pacs.008,FAST,724.33,USD,**************3705,HK,46
efd6dd0e-da17-10c9-2a6d-56137fa1ff42,2026-07-14T02:33:37.401,auth,OK,pacs.008,FAST,724.33,USD,**************3705,HK,53
efd6dd0e-da17-10c9-2a6d-56137fa1ff42,2026-07-14T02:33:37.517,validation,OK,pacs.008,FAST,724.33,USD,**************3705,HK,47
efd6dd0e-da17-10c9-2a6d-56137fa1ff42,2026-07-14T02:33:37.660,aml,OK,pacs.008,FAST,724.33,USD,**************3705,HK,165
efd6dd0e-da17-10c9-2a6d-56137fa1ff42,2026-07-14T02:33:37.720,payment-hub,OK,pacs.008,FAST,724.33,USD,**************3705,HK,50
efd6dd0e-da17-10c9-2a6d-56137fa1ff42,2026-07-14T02:33:37.995,core-banking,OK,pacs.008,FAST,724.33,USD,**************3705,HK,213
efd6dd0e-da17-10c9-2a6d-56137fa1ff42,2026-07-14T02:33:38.072,settlement,SETTLED,pacs.008,FAST,724.33,USD,**************3705,HK,327
d2c4845e-320d-271a-ccc9-39b77ec7e59e,2026-07-12T06:33:07.940,gateway,OK,pacs.008,FAST,1301.86,MYR,**************8950,MY,27
d2c4845e-320d-271a-ccc9-39b77ec7e59e,2026-07-12T06:33:07.977,auth,OK,pacs.008,FAST,1301.86,MYR,**************8950,MY,58
d2c4845e-320d-271a-ccc9-39b77ec7e59e,2026-07-12T06:33:08.064,validation,OK,pacs.008,FAST,1301.86,MYR,**************8950,MY,88
d2c4845e-320d-271a-ccc9-39b77ec7e59e,2026-07-12T06:33:08.155,aml,OK,pacs.008,FAST,1301.86,MYR,**************8950,MY,113
d2c4845e-320d-271a-ccc9-39b77ec7e59e,2026-07-12T06:33:08.231,payment-hub,OK,pacs.008,FAST,1301.86,MYR,**************8950,MY,97
d2c4845e-320d-271a-ccc9-39b77ec7e59e,2026-07-12T06:33:08.329,core-banking,OK,pacs.008,FAST,1301.86,MYR,**************8950,MY,108
d2c4845e-320d-271a-ccc9-39b77ec7e59e,2026-07-12T06:33:08.497,settlement,SETTLED,pacs.008,FAST,1301.86,MYR,**************8950,MY,281
9ab68880-fa9d-67cd-4866-fff3da3e1360,2026-07-05T21:27:27.392,gateway,OK,MT103,SWIFT,250.28,SGD,**************3334,MY,27
9ab68880-fa9d-67cd-4866-fff3da3e1360,2026-07-05T21:27:27.474,auth,OK,MT103,SWIFT,250.28,SGD,**************3334,MY,38
9ab68880-fa9d-67cd-4866-fff3da3e1360,2026-07-05T21:27:27.536,validation,OK,MT103,SWIFT,250.28,SGD,**************3334,MY,72
9ab68880-fa9d-67cd-4866-fff3da3e1360,2026-07-05T21:27:27.669,aml,OK,MT103,SWIFT,250.28,SGD,**************3334,MY,164
9ab68880-fa9d-67cd-4866-fff3da3e1360,2026-07-05T21:27:27.731,payment-hub,OK,MT103,SWIFT,250.28,SGD,**************3334,MY,55
9ab68880-fa9d-67cd-4866-fff3da3e1360,2026-07-05T21:27:27.868,core-banking,OK,MT103,SWIFT,250.28,SGD,**************3334,MY,200
9ab68880-fa9d-67cd-4866-fff3da3e1360,2026-07-05T21:27:27.975,settlement,SETTLED,MT103,SWIFT,250.28,SGD,**************3334,MY,316
e066c3b2-6bed-bcd8-5867-897cd6e66d8c,2026-07-02T04:01:49.042,gateway,OK,pacs.008,FAST,224.88,SGD,**************7779,SG,41
e066c3b2-6bed-bcd8-5867-897cd6e66d8c,2026-07-02T04:01:49.133,auth,OK,pacs.008,FAST,224.88,SGD,**************7779,SG,40
e066c3b2-6bed-bcd8-5867-897cd6e66d8c,2026-07-02T04:01:49.332,validation,OK,pacs.008,FAST,224.88,SGD,**************7779,SG,50
e066c3b2-6bed-bcd8-5867-897cd6e66d8c,2026-07-02T04:01:49.405,aml,OK,pacs.008,FAST,224.88,SGD,**************7779,SG,234
e066c3b2-6bed-bcd8-5867-897cd6e66d8c,2026-07-02T04:01:49.600,payment-hub,OK,pacs.008,FAST,224.88,SGD,**************7779,SG,127
e066c3b2-6bed-bcd8-5867-897cd6e66d8c,2026-07-02T04:01:49.709,core-banking,OK,pacs.008,FAST,224.88,SGD,**************7779,SG,68
e066c3b2-6bed-bcd8-5867-897cd6e66d8c,2026-07-02T04:01:49.786,settlement,SETTLED,pacs.008,FAST,224.88,SGD,**************7779,SG,228
6c13dbba-4390-d2e1-5e3a-115300039c16,2026-07-08T16:12:41.151,gateway,OK,pacs.008,FAST,241.1,SGD,**************4686,SG,31
6c13dbba-4390-d2e1-5e3a-115300039c16,2026-07-08T16:12:41.278,auth,OK,pacs.008,FAST,241.1,SGD,**************4686,SG,59
6c13dbba-4390-d2e1-5e3a-115300039c16,2026-07-08T16:12:41.397,validation,OK,pacs.008,FAST,241.1,SGD,**************4686,SG,64
6c13dbba-4390-d2e1-5e3a-115300039c16,2026-07-08T16:12:41.650,aml,OK,pacs.008,FAST,241.1,SGD,**************4686,SG,94
6c13dbba-4390-d2e1-5e3a-115300039c16,2026-07-08T16:12:41.767,payment-hub,OK,pacs.008,FAST,241.1,SGD,**************4686,SG,101
6c13dbba-4390-d2e1-5e3a-115300039c16,2026-07-08T16:12:41.909,core-banking,OK,pacs.008,FAST,241.1,SGD,**************4686,SG,212
6c13dbba-4390-d2e1-5e3a-115300039c16,2026-07-08T16:12:41.970,settlement,SETTLED,pacs.008,FAST,241.1,SGD,**************4686,SG,239
fb4644b6-6c9b-a213-a569-a22fa6494ef3,2026-07-11T00:08:51.850,gateway,OK,0200,CARDS,1042.29,SGD,**************6458,SG,33
fb4644b6-6c9b-a213-a569-a22fa6494ef3,2026-07-11T00:08:51.959,auth,OK,0200,CARDS,1042.29,SGD,**************6458,SG,34
fb4644b6-6c9b-a213-a569-a22fa6494ef3,2026-07-11T00:08:52.151,validation,OK,0200,CARDS,1042.29,SGD,**************6458,SG,25
fb4644b6-6c9b-a213-a569-a22fa6494ef3,2026-07-11T00:08:52.248,aml,OK,0200,CARDS,1042.29,SGD,**************6458,SG,299
fb4644b6-6c9b-a213-a569-a22fa6494ef3,2026-07-11T00:08:52.452,payment-hub,OK,0200,CARDS,1042.29,SGD,**************6458,SG,63
fb4644b6-6c9b-a213-a569-a22fa6494ef3,2026-07-11T00:08:52.516,core-banking,OK,0200,CARDS,1042.29,SGD,**************6458,SG,148
fb4644b6-6c9b-a213-a569-a22fa6494ef3,2026-07-11T00:08:52.622,settlement,SETTLED,0200,CARDS,1042.29,SGD,**************6458,SG,238
57e6ca1e-ed83-53d8-ed54-f0c48b5211f3,2026-07-06T06:28:24.924,gateway,OK,MT103,SWIFT,347.96,SGD,**************0421,MY,53
57e6ca1e-ed83-53d8-ed54-f0c48b5211f3,2026-07-06T06:28:25.071,auth,OK,MT103,SWIFT,347.96,SGD,**************0421,MY,20
57e6ca1e-ed83-53d8-ed54-f0c48b5211f3,2026-07-06T06:28:25.129,validation,OK,MT103,SWIFT,347.96,SGD,**************0421,MY,58
57e6ca1e-ed83-53d8-ed54-f0c48b5211f3,2026-07-06T06:28:25.431,aml,OK,MT103,SWIFT,347.96,SGD,**************0421,MY,225
57e6ca1e-ed83-53d8-ed54-f0c48b5211f3,2026-07-06T06:28:25.527,payment-hub,OK,MT103,SWIFT,347.96,SGD,**************0421,MY,55
57e6ca1e-ed83-53d8-ed54-f0c48b5211f3,2026-07-06T06:28:25.838,core-banking,OK,MT103,SWIFT,347.96,SGD,**************0421,MY,72
57e6ca1e-ed83-53d8-ed54-f0c48b5211f3,2026-07-06T06:28:25.867,settlement,SETTLED,MT103,SWIFT,347.96,SGD,**************0421,MY,282
183eb7d2-fca9-c889-1ca5-e7114f848b6f,2026-07-14T14:20:29.433,gateway,OK,pacs.008,FAST,1112.15,INR,**************3421,IN,37
183eb7d2-fca9-c889-1ca5-e7114f848b6f,2026-07-14T14:20:29.558,auth,OK,pacs.008,FAST,1112.15,INR,**************3421,IN,72
183eb7d2-fca9-c889-1ca5-e7114f848b6f,2026-07-14T14:20:29.639,validation,OK,pacs.008,FAST,1112.15,INR,**************3421,IN,45
183eb7d2-fca9-c889-1ca5-e7114f848b6f,2026-07-14T14:20:29.942,aml,OK,pacs.008,FAST,1112.15,INR,**************3421,IN,271
183eb7d2-fca9-c889-1ca5-e7114f848b6f,2026-07-14T14:20:30.179,payment-hub,OK,pacs.008,FAST,1112.15,INR,**************3421,IN,104
183eb7d2-fca9-c889-1ca5-e7114f848b6f,2026-07-14T14:20:30.243,core-banking,OK,pacs.008,FAST,1112.15,INR,**************3421,IN,246
183eb7d2-fca9-c889-1ca5-e7114f848b6f,2026-07-14T14:20:30.283,settlement,SETTLED,pacs.008,FAST,1112.15,INR,**************3421,IN,156
6f80e8b0-63b5-39be-d98a-46a4b134cded,2026-07-07T20:39:11.524,gateway,OK,MT103,SWIFT,1769.38,SGD,**************5633,SG,27
6f80e8b0-63b5-39be-d98a-46a4b134cded,2026-07-07T20:39:11.574,auth,OK,MT103,SWIFT,1769.38,SGD,**************5633,SG,80
6f80e8b0-63b5-39be-d98a-46a4b134cded,2026-07-07T20:39:11.742,validation,OK,MT103,SWIFT,1769.38,SGD,**************5633,SG,95
6f80e8b0-63b5-39be-d98a-46a4b134cded,2026-07-07T20:39:11.833,aml,OK,MT103,SWIFT,1769.38,SGD,**************5633,SG,95
6f80e8b0-63b5-39be-d98a-46a4b134cded,2026-07-07T20:39:11.891,payment-hub,OK,MT103,SWIFT,1769.38,SGD,**************5633,SG,32
6f80e8b0-63b5-39be-d98a-46a4b134cded,2026-07-07T20:39:12.152,core-banking,OK,MT103,SWIFT,1769.38,SGD,**************5633,SG,189
6f80e8b0-63b5-39be-d98a-46a4b134cded,2026-07-07T20:39:12.247,settlement,SETTLED,MT103,SWIFT,1769.38,SGD,**************5633,SG,298
1d873536-d874-87fd-b966-e1d28bdd91e6,2026-07-06T00:29:37.383,gateway,OK,pacs.008,FAST,2834.24,MYR,**************8543,MY,33
1d873536-d874-87fd-b966-e1d28bdd91e6,2026-07-06T00:29:37.636,auth,OK,pacs.008,FAST,2834.24,MYR,**************8543,MY,37
1d873536-d874-87fd-b966-e1d28bdd91e6,2026-07-06T00:29:37.695,validation,OK,pacs.008,FAST,2834.24,MYR,**************8543,MY,102
1d873536-d874-87fd-b966-e1d28bdd91e6,2026-07-06T00:29:37.781,aml,OK,pacs.008,FAST,2834.24,MYR,**************8543,MY,52
1d873536-d874-87fd-b966-e1d28bdd91e6,2026-07-06T00:29:37.880,payment-hub,OK,pacs.008,FAST,2834.24,MYR,**************8543,MY,144
1d873536-d874-87fd-b966-e1d28bdd91e6,2026-07-06T00:29:38.008,core-banking,OK,pacs.008,FAST,2834.24,MYR,**************8543,MY,58
1d873536-d874-87fd-b966-e1d28bdd91e6,2026-07-06T00:29:38.117,settlement,SETTLED,pacs.008,FAST,2834.24,MYR,**************8543,MY,291
44b2b871-d5d9-52e5-82d1-23344e8df187,2026-07-08T06:20:00.546,gateway,OK,pacs.008,FAST,1058.28,USD,**************6863,US,27
44b2b871-d5d9-52e5-82d1-23344e8df187,2026-07-08T06:20:00.860,auth,OK,pacs.008,FAST,1058.28,USD,**************6863,US,79
44b2b871-d5d9-52e5-82d1-23344e8df187,2026-07-08T06:20:01.107,validation,OK,pacs.008,FAST,1058.28,USD,**************6863,US,84
44b2b871-d5d9-52e5-82d1-23344e8df187,2026-07-08T06:20:01.198,aml,OK,pacs.008,FAST,1058.28,USD,**************6863,US,207
44b2b871-d5d9-52e5-82d1-23344e8df187,2026-07-08T06:20:01.274,payment-hub,OK,pacs.008,FAST,1058.28,USD,**************6863,US,91
44b2b871-d5d9-52e5-82d1-23344e8df187,2026-07-08T06:20:01.350,core-banking,OK,pacs.008,FAST,1058.28,USD,**************6863,US,79
44b2b871-d5d9-52e5-82d1-23344e8df187,2026-07-08T06:20:01.426,settlement,SETTLED,pacs.008,FAST,1058.28,USD,**************6863,US,349
221d837f-61fa-e2ab-045d-78e26da789d3,2026-07-07T02:27:42.510,gateway,OK,pacs.008,FAST,480.96,GBP,**************7472,GB,39
221d837f-61fa-e2ab-045d-78e26da789d3,2026-07-07T02:27:42.622,auth,OK,pacs.008,FAST,480.96,GBP,**************7472,GB,59
221d837f-61fa-e2ab-045d-78e26da789d3,2026-07-07T02:27:42.883,validation,OK,pacs.008,FAST,480.96,GBP,**************7472,GB,56
221d837f-61fa-e2ab-045d-78e26da789d3,2026-07-07T02:27:42.981,aml,OK,pacs.008,FAST,480.96,GBP,**************7472,GB,240
221d837f-61fa-e2ab-045d-78e26da789d3,2026-07-07T02:28:13.019,payment-hub,OK,pacs.008,FAST,480.96,GBP,**************7472,GB,42
221d837f-61fa-e2ab-045d-78e26da789d3,2026-07-07T02:28:13.100,core-banking,OK,pacs.008,FAST,480.96,GBP,**************7472,GB,82
221d837f-61fa-e2ab-045d-78e26da789d3,2026-07-07T02:28:13.190,settlement,SETTLED,pacs.008,FAST,480.96,GBP,**************7472,GB,171
119402b3-67ad-6d3d-743a-66199d9f2721,2026-07-02T22:27:32.467,gateway,OK,pacs.008,FAST,425.38,SGD,**************4494,SG,42
119402b3-67ad-6d3d-743a-66199d9f2721,2026-07-02T22:27:32.551,auth,OK,pacs.008,FAST,425.38,SGD,**************4494,SG,44
119402b3-67ad-6d3d-743a-66199d9f2721,2026-07-02T22:27:32.600,validation,OK,pacs.008,FAST,425.38,SGD,**************4494,SG,40
119402b3-67ad-6d3d-743a-66199d9f2721,2026-07-02T22:27:32.753,aml,OK,pacs.008,FAST,425.38,SGD,**************4494,SG,132
119402b3-67ad-6d3d-743a-66199d9f2721,2026-07-02T22:27:33.029,payment-hub,OK,pacs.008,FAST,425.38,SGD,**************4494,SG,93
119402b3-67ad-6d3d-743a-66199d9f2721,2026-07-02T22:28:03.039,core-banking,OK,pacs.008,FAST,425.38,SGD,**************4494,SG,157
119402b3-67ad-6d3d-743a-66199d9f2721,2026-07-02T22:28:03.159,settlement,SETTLED,pacs.008,FAST,425.38,SGD,**************4494,SG,89
bf0f544b-4eed-6a74-48ed-226e54c3fa4c,2026-07-11T07:58:30.341,gateway,OK,pacs.008,FAST,40.05,SGD,**************8041,SG,23
bf0f544b-4eed-6a74-48ed-226e54c3fa4c,2026-07-11T07:58:30.487,auth,OK,pacs.008,FAST,40.05,SGD,**************8041,SG,75
bf0f544b-4eed-6a74-48ed-226e54c3fa4c,2026-07-11T07:58:30.614,validation,OK,pacs.008,FAST,40.05,SGD,**************8041,SG,105
bf0f544b-4eed-6a74-48ed-226e54c3fa4c,2026-07-11T07:58:30.743,aml,OK,pacs.008,FAST,40.05,SGD,**************8041,SG,213
bf0f544b-4eed-6a74-48ed-226e54c3fa4c,2026-07-11T07:58:30.842,payment-hub,OK,pacs.008,FAST,40.05,SGD,**************8041,SG,66
bf0f544b-4eed-6a74-48ed-226e54c3fa4c,2026-07-11T07:58:31.054,core-banking,OK,pacs.008,FAST,40.05,SGD,**************8041,SG,83
bf0f544b-4eed-6a74-48ed-226e54c3fa4c,2026-07-11T07:58:31.171,settlement,SETTLED,pacs.008,FAST,40.05,SGD,**************8041,SG,119
32b6abba-c52b-d207-9c0f-e2cc10d0638c,2026-07-04T17:12:06.859,gateway,OK,pacs.008,FAST,1494.18,SGD,**************3129,SG,46
32b6abba-c52b-d207-9c0f-e2cc10d0638c,2026-07-04T17:12:07.191,auth,OK,pacs.008,FAST,1494.18,SGD,**************3129,SG,70
32b6abba-c52b-d207-9c0f-e2cc10d0638c,2026-07-04T17:12:07.469,validation,OK,pacs.008,FAST,1494.18,SGD,**************3129,SG,108
32b6abba-c52b-d207-9c0f-e2cc10d0638c,2026-07-04T17:12:07.565,aml,OK,pacs.008,FAST,1494.18,SGD,**************3129,SG,217
32b6abba-c52b-d207-9c0f-e2cc10d0638c,2026-07-04T17:12:07.707,payment-hub,OK,pacs.008,FAST,1494.18,SGD,**************3129,SG,85
32b6abba-c52b-d207-9c0f-e2cc10d0638c,2026-07-04T17:12:07.767,core-banking,OK,pacs.008,FAST,1494.18,SGD,**************3129,SG,69
32b6abba-c52b-d207-9c0f-e2cc10d0638c,2026-07-04T17:12:07.930,settlement,SETTLED,pacs.008,FAST,1494.18,SGD,**************3129,SG,118
5e46383d-c61b-e66d-0333-d72dd2c957d3,2026-07-03T20:04:40.648,gateway,OK,pacs.008,FAST,1319.28,GBP,**************3370,SG,33
5e46383d-c61b-e66d-0333-d72dd2c957d3,2026-07-03T20:04:40.741,auth,OK,pacs.008,FAST,1319.28,GBP,**************3370,SG,72
5e46383d-c61b-e66d-0333-d72dd2c957d3,2026-07-03T20:04:40.868,validation,OK,pacs.008,FAST,1319.28,GBP,**************3370,SG,81
5e46383d-c61b-e66d-0333-d72dd2c957d3,2026-07-03T20:04:41.034,aml,OK,pacs.008,FAST,1319.28,GBP,**************3370,SG,99
5e46383d-c61b-e66d-0333-d72dd2c957d3,2026-07-03T20:04:41.200,payment-hub,OK,pacs.008,FAST,1319.28,GBP,**************3370,SG,45
5e46383d-c61b-e66d-0333-d72dd2c957d3,2026-07-03T20:04:41.289,core-banking,OK,pacs.008,FAST,1319.28,GBP,**************3370,SG,80
5e46383d-c61b-e66d-0333-d72dd2c957d3,2026-07-03T20:04:41.542,settlement,SETTLED,pacs.008,FAST,1319.28,GBP,**************3370,SG,64
d0325ca6-6b2c-7551-161e-f04889a6b838,2026-07-12T00:47:13.631,gateway,OK,pacs.008,FAST,154.38,SGD,**************1115,SG,51
d0325ca6-6b2c-7551-161e-f04889a6b838,2026-07-12T00:47:13.903,auth,OK,pacs.008,FAST,154.38,SGD,**************1115,SG,48
d0325ca6-6b2c-7551-161e-f04889a6b838,2026-07-12T00:47:14.159,validation,OK,pacs.008,FAST,154.38,SGD,**************1115,SG,74
d0325ca6-6b2c-7551-161e-f04889a6b838,2026-07-12T00:47:14.262,aml,OK,pacs.008,FAST,154.38,SGD,**************1115,SG,286
d0325ca6-6b2c-7551-161e-f04889a6b838,2026-07-12T00:47:14.340,payment-hub,OK,pacs.008,FAST,154.38,SGD,**************1115,SG,106
d0325ca6-6b2c-7551-161e-f04889a6b838,2026-07-12T00:47:14.423,core-banking,OK,pacs.008,FAST,154.38,SGD,**************1115,SG,221
d0325ca6-6b2c-7551-161e-f04889a6b838,2026-07-12T00:47:14.474,settlement,SETTLED,pacs.008,FAST,154.38,SGD,**************1115,SG,227
75b79056-0ec3-91e1-bfe4-3662b44e0a30,2026-07-04T19:23:03.904,gateway,OK,pacs.008,FAST,193.29,GBP,**************1896,GB,17
75b79056-0ec3-91e1-bfe4-3662b44e0a30,2026-07-04T19:23:04.019,auth,OK,pacs.008,FAST,193.29,GBP,**************1896,GB,33
75b79056-0ec3-91e1-bfe4-3662b44e0a30,2026-07-04T19:23:04.086,validation,OK,pacs.008,FAST,193.29,GBP,**************1896,GB,80
75b79056-0ec3-91e1-bfe4-3662b44e0a30,2026-07-04T19:23:04.172,aml,OK,pacs.008,FAST,193.29,GBP,**************1896,GB,127
75b79056-0ec3-91e1-bfe4-3662b44e0a30,2026-07-04T19:23:04.219,payment-hub,OK,pacs.008,FAST,193.29,GBP,**************1896,GB,89
75b79056-0ec3-91e1-bfe4-3662b44e0a30,2026-07-04T19:23:04.298,core-banking,OK,pacs.008,FAST,193.29,GBP,**************1896,GB,166
75b79056-0ec3-91e1-bfe4-3662b44e0a30,2026-07-04T19:23:04.338,settlement,SETTLED,pacs.008,FAST,193.29,GBP,**************1896,GB,333
e8ed1afc-b35f-2f16-a7d5-471e8cd5cc23,2026-07-07T09:04:27.653,gateway,OK,MT103,SWIFT,975.19,INR,**************8186,SG,48
e8ed1afc-b35f-2f16-a7d5-471e8cd5cc23,2026-07-07T09:04:27.726,auth,OK,MT103,SWIFT,975.19,INR,**************8186,SG,31
e8ed1afc-b35f-2f16-a7d5-471e8cd5cc23,2026-07-07T09:04:27.793,validation,OK,MT103,SWIFT,975.19,INR,**************8186,SG,103
e8ed1afc-b35f-2f16-a7d5-471e8cd5cc23,2026-07-07T09:04:27.903,aml,OK,MT103,SWIFT,975.19,INR,**************8186,SG,262
e8ed1afc-b35f-2f16-a7d5-471e8cd5cc23,2026-07-07T09:04:27.963,payment-hub,OK,MT103,SWIFT,975.19,INR,**************8186,SG,41
e8ed1afc-b35f-2f16-a7d5-471e8cd5cc23,2026-07-07T09:04:28.113,core-banking,OK,MT103,SWIFT,975.19,INR,**************8186,SG,62
e8ed1afc-b35f-2f16-a7d5-471e8cd5cc23,2026-07-07T09:04:28.192,settlement,SETTLED,MT103,SWIFT,975.19,INR,**************8186,SG,334
3302c8af-3284-27c9-0f00-824f379eefd4,2026-07-13T18:56:39.957,gateway,OK,pacs.008,FAST,1195.08,SGD,**************3268,SG,42
3302c8af-3284-27c9-0f00-824f379eefd4,2026-07-13T18:56:40.237,auth,OK,pacs.008,FAST,1195.08,SGD,**************3268,SG,30
3302c8af-3284-27c9-0f00-824f379eefd4,2026-07-13T18:56:40.394,validation,OK,pacs.008,FAST,1195.08,SGD,**************3268,SG,25
3302c8af-3284-27c9-0f00-824f379eefd4,2026-07-13T18:56:40.443,aml,OK,pacs.008,FAST,1195.08,SGD,**************3268,SG,224
3302c8af-3284-27c9-0f00-824f379eefd4,2026-07-13T18:56:40.576,payment-hub,OK,pacs.008,FAST,1195.08,SGD,**************3268,SG,59
3302c8af-3284-27c9-0f00-824f379eefd4,2026-07-13T18:56:40.615,core-banking,OK,pacs.008,FAST,1195.08,SGD,**************3268,SG,189
3302c8af-3284-27c9-0f00-824f379eefd4,2026-07-13T18:57:10.631,settlement,SETTLED,pacs.008,FAST,1195.08,SGD,**************3268,SG,288
0191825d-5af2-e1f7-af78-131ebdacbd84,2026-07-13T08:19:16.402,gateway,OK,pacs.008,FAST,594.56,GBP,**************2263,GB,56
0191825d-5af2-e1f7-af78-131ebdacbd84,2026-07-13T08:19:16.473,auth,OK,pacs.008,FAST,594.56,GBP,**************2263,GB,54
0191825d-5af2-e1f7-af78-131ebdacbd84,2026-07-13T08:19:16.625,validation,OK,pacs.008,FAST,594.56,GBP,**************2263,GB,46
0191825d-5af2-e1f7-af78-131ebdacbd84,2026-07-13T08:19:16.716,aml,TIMEOUT,pacs.008,FAST,594.56,GBP,**************2263,GB,30000
0191825d-5af2-e1f7-af78-131ebdacbd84,2026-07-13T08:19:16.812,payment-hub,FAILED,pacs.008,FAST,594.56,GBP,**************2263,GB,89
9ef7164a-74bc-9bc1-3317-6a1ca920f27d,2026-07-13T00:21:30.371,gateway,OK,pacs.008,FAST,1188.33,SGD,**************8232,SG,42
9ef7164a-74bc-9bc1-3317-6a1ca920f27d,2026-07-13T00:21:30.465,auth,OK,pacs.008,FAST,1188.33,SGD,**************8232,SG,31
9ef7164a-74bc-9bc1-3317-6a1ca920f27d,2026-07-13T00:21:30.608,validation,OK,pacs.008,FAST,1188.33,SGD,**************8232,SG,52
9ef7164a-74bc-9bc1-3317-6a1ca920f27d,2026-07-13T00:21:30.678,aml,OK,pacs.008,FAST,1188.33,SGD,**************8232,SG,78
9ef7164a-74bc-9bc1-3317-6a1ca920f27d,2026-07-13T00:21:30.751,payment-hub,OK,pacs.008,FAST,1188.33,SGD,**************8232,SG,58
9ef7164a-74bc-9bc1-3317-6a1ca920f27d,2026-07-13T00:21:30.894,core-banking,OK,pacs.008,FAST,1188.33,SGD,**************8232,SG,73
9ef7164a-74bc-9bc1-3317-6a1ca920f27d,2026-07-13T00:21:30.953,settlement,SETTLED,pacs.008,FAST,1188.33,SGD,**************8232,SG,331
61f5608d-38d5-8106-37dd-0253e7726990,2026-07-13T11:57:06.029,gateway,OK,pacs.008,FAST,280.79,USD,**************7753,HK,36
61f5608d-38d5-8106-37dd-0253e7726990,2026-07-13T11:57:06.111,auth,OK,pacs.008,FAST,280.79,USD,**************7753,HK,35
61f5608d-38d5-8106-37dd-0253e7726990,2026-07-13T11:57:06.281,validation,OK,pacs.008,FAST,280.79,USD,**************7753,HK,120
61f5608d-38d5-8106-37dd-0253e7726990,2026-07-13T11:57:06.331,aml,OK,pacs.008,FAST,280.79,USD,**************7753,HK,153
61f5608d-38d5-8106-37dd-0253e7726990,2026-07-13T11:57:06.609,payment-hub,OK,pacs.008,FAST,280.79,USD,**************7753,HK,40
61f5608d-38d5-8106-37dd-0253e7726990,2026-07-13T11:57:06.786,core-banking,OK,pacs.008,FAST,280.79,USD,**************7753,HK,249
61f5608d-38d5-8106-37dd-0253e7726990,2026-07-13T11:57:06.895,settlement,SETTLED,pacs.008,FAST,280.79,USD,**************7753,HK,329
90050108-991d-c181-68e4-24b8b685cc32,2026-07-11T10:05:47.658,gateway,OK,MT103,SWIFT,1443.61,USD,**************6919,US,41
90050108-991d-c181-68e4-24b8b685cc32,2026-07-11T10:05:47.772,auth,OK,MT103,SWIFT,1443.61,USD,**************6919,US,56
90050108-991d-c181-68e4-24b8b685cc32,2026-07-11T10:05:47.976,validation,OK,MT103,SWIFT,1443.61,USD,**************6919,US,30
90050108-991d-c181-68e4-24b8b685cc32,2026-07-11T10:05:48.189,aml,OK,MT103,SWIFT,1443.61,USD,**************6919,US,134
90050108-991d-c181-68e4-24b8b685cc32,2026-07-11T10:05:48.262,payment-hub,OK,MT103,SWIFT,1443.61,USD,**************6919,US,118
90050108-991d-c181-68e4-24b8b685cc32,2026-07-11T10:05:48.523,core-banking,OK,MT103,SWIFT,1443.61,USD,**************6919,US,63
90050108-991d-c181-68e4-24b8b685cc32,2026-07-11T10:05:48.707,settlement,SETTLED,MT103,SWIFT,1443.61,USD,**************6919,US,293
1590ad1b-5df4-70f4-c27a-44f8a77ca89c,2026-07-06T14:44:14.811,gateway,OK,pacs.008,FAST,462.8,MYR,**************5706,MY,28
1590ad1b-5df4-70f4-c27a-44f8a77ca89c,2026-07-06T14:44:14.853,auth,OK,pacs.008,FAST,462.8,MYR,**************5706,MY,57
1590ad1b-5df4-70f4-c27a-44f8a77ca89c,2026-07-06T14:44:15.028,validation,OK,pacs.008,FAST,462.8,MYR,**************5706,MY,57
1590ad1b-5df4-70f4-c27a-44f8a77ca89c,2026-07-06T14:44:15.083,aml,OK,pacs.008,FAST,462.8,MYR,**************5706,MY,104
1590ad1b-5df4-70f4-c27a-44f8a77ca89c,2026-07-06T14:44:15.332,payment-hub,OK,pacs.008,FAST,462.8,MYR,**************5706,MY,78
1590ad1b-5df4-70f4-c27a-44f8a77ca89c,2026-07-06T14:44:15.386,core-banking,OK,pacs.008,FAST,462.8,MYR,**************5706,MY,227
1590ad1b-5df4-70f4-c27a-44f8a77ca89c,2026-07-06T14:44:15.477,settlement,SETTLED,pacs.008,FAST,462.8,MYR,**************5706,MY,336
91a41166-eb76-ddf4-7afa-5c38bce04a7c,2026-07-03T12:16:12.200,gateway,OK,0200,CARDS,1721.5,MYR,**************5967,MY,29
91a41166-eb76-ddf4-7afa-5c38bce04a7c,2026-07-03T12:16:12.248,auth,OK,0200,CARDS,1721.5,MYR,**************5967,MY,67
91a41166-eb76-ddf4-7afa-5c38bce04a7c,2026-07-03T12:16:12.489,validation,OK,0200,CARDS,1721.5,MYR,**************5967,MY,44
91a41166-eb76-ddf4-7afa-5c38bce04a7c,2026-07-03T12:16:12.692,aml,OK,0200,CARDS,1721.5,MYR,**************5967,MY,214
91a41166-eb76-ddf4-7afa-5c38bce04a7c,2026-07-03T12:16:12.755,payment-hub,OK,0200,CARDS,1721.5,MYR,**************5967,MY,88
91a41166-eb76-ddf4-7afa-5c38bce04a7c,2026-07-03T12:16:12.924,core-banking,OK,0200,CARDS,1721.5,MYR,**************5967,MY,191
91a41166-eb76-ddf4-7afa-5c38bce04a7c,2026-07-03T12:16:13.043,settlement,SETTLED,0200,CARDS,1721.5,MYR,**************5967,MY,350
2f2d91dd-3106-4317-d812-0beb4d64f8a3,2026-07-07T07:15:07.819,gateway,OK,pacs.008,FAST,305.14,SGD,**************9030,SG,54
2f2d91dd-3106-4317-d812-0beb4d64f8a3,2026-07-07T07:15:07.931,auth,OK,pacs.008,FAST,305.14,SGD,**************9030,SG,45
2f2d91dd-3106-4317-d812-0beb4d64f8a3,2026-07-07T07:15:08.030,validation,OK,pacs.008,FAST,305.14,SGD,**************9030,SG,40
2f2d91dd-3106-4317-d812-0beb4d64f8a3,2026-07-07T07:15:08.072,aml,OK,pacs.008,FAST,305.14,SGD,**************9030,SG,234
2f2d91dd-3106-4317-d812-0beb4d64f8a3,2026-07-07T07:15:08.217,payment-hub,OK,pacs.008,FAST,305.14,SGD,**************9030,SG,103
2f2d91dd-3106-4317-d812-0beb4d64f8a3,2026-07-07T07:15:08.439,core-banking,OK,pacs.008,FAST,305.14,SGD,**************9030,SG,78
2f2d91dd-3106-4317-d812-0beb4d64f8a3,2026-07-07T07:15:08.488,settlement,SETTLED,pacs.008,FAST,305.14,SGD,**************9030,SG,225
d4723a2b-4d36-e62d-9bfb-7b6594610a91,2026-07-08T21:15:43.000,gateway,OK,pacs.008,FAST,505.23,INR,**************6359,IN,38
d4723a2b-4d36-e62d-9bfb-7b6594610a91,2026-07-08T21:15:43.159,auth,OK,pacs.008,FAST,505.23,INR,**************6359,IN,76
d4723a2b-4d36-e62d-9bfb-7b6594610a91,2026-07-08T21:15:43.196,validation,OK,pacs.008,FAST,505.23,INR,**************6359,IN,55
d4723a2b-4d36-e62d-9bfb-7b6594610a91,2026-07-08T21:15:43.284,aml,OK,pacs.008,FAST,505.23,INR,**************6359,IN,130
d4723a2b-4d36-e62d-9bfb-7b6594610a91,2026-07-08T21:15:43.313,payment-hub,OK,pacs.008,FAST,505.23,INR,**************6359,IN,74
d4723a2b-4d36-e62d-9bfb-7b6594610a91,2026-07-08T21:15:43.434,core-banking,OK,pacs.008,FAST,505.23,INR,**************6359,IN,127
d4723a2b-4d36-e62d-9bfb-7b6594610a91,2026-07-08T21:15:43.513,settlement,SETTLED,pacs.008,FAST,505.23,INR,**************6359,IN,79
08650882-a6d3-0b84-b555-8531664fe4a1,2026-07-05T15:55:30.138,gateway,OK,pacs.008,FAST,2161.97,EUR,**************4111,SG,53
08650882-a6d3-0b84-b555-8531664fe4a1,2026-07-05T15:55:30.176,auth,OK,pacs.008,FAST,2161.97,EUR,**************4111,SG,49
08650882-a6d3-0b84-b555-8531664fe4a1,2026-07-05T15:55:30.226,validation,OK,pacs.008,FAST,2161.97,EUR,**************4111,SG,66
08650882-a6d3-0b84-b555-8531664fe4a1,2026-07-05T15:55:30.454,aml,OK,pacs.008,FAST,2161.97,EUR,**************4111,SG,131
08650882-a6d3-0b84-b555-8531664fe4a1,2026-07-05T15:55:30.627,payment-hub,OK,pacs.008,FAST,2161.97,EUR,**************4111,SG,129
08650882-a6d3-0b84-b555-8531664fe4a1,2026-07-05T15:55:30.673,core-banking,OK,pacs.008,FAST,2161.97,EUR,**************4111,SG,226
08650882-a6d3-0b84-b555-8531664fe4a1,2026-07-05T15:55:30.781,settlement,SETTLED,pacs.008,FAST,2161.97,EUR,**************4111,SG,230
34560d2a-2ce0-b21c-e39b-f095e1b8266a,2026-07-08T17:11:29.728,gateway,OK,MT103,SWIFT,292.4,SGD,**************3193,SG,37
34560d2a-2ce0-b21c-e39b-f095e1b8266a,2026-07-08T17:11:29.812,auth,OK,MT103,SWIFT,292.4,SGD,**************3193,SG,53
34560d2a-2ce0-b21c-e39b-f095e1b8266a,2026-07-08T17:11:29.868,validation,OK,MT103,SWIFT,292.4,SGD,**************3193,SG,71
34560d2a-2ce0-b21c-e39b-f095e1b8266a,2026-07-08T17:11:29.965,aml,OK,MT103,SWIFT,292.4,SGD,**************3193,SG,208
34560d2a-2ce0-b21c-e39b-f095e1b8266a,2026-07-08T17:11:30.119,payment-hub,OK,MT103,SWIFT,292.4,SGD,**************3193,SG,54
34560d2a-2ce0-b21c-e39b-f095e1b8266a,2026-07-08T17:11:30.236,core-banking,OK,MT103,SWIFT,292.4,SGD,**************3193,SG,53
34560d2a-2ce0-b21c-e39b-f095e1b8266a,2026-07-08T17:11:30.343,settlement,SETTLED,MT103,SWIFT,292.4,SGD,**************3193,SG,349
a000123e-f2d3-0cd1-cc27-e14e3885c824,2026-07-03T06:48:36.612,gateway,OK,MT103,SWIFT,4438.55,USD,**************2564,GB,36
a000123e-f2d3-0cd1-cc27-e14e3885c824,2026-07-03T06:49:06.648,auth,OK,MT103,SWIFT,4438.55,USD,**************2564,GB,86
a000123e-f2d3-0cd1-cc27-e14e3885c824,2026-07-03T06:49:06.843,validation,OK,MT103,SWIFT,4438.55,USD,**************2564,GB,80
a000123e-f2d3-0cd1-cc27-e14e3885c824,2026-07-03T06:49:06.998,aml,OK,MT103,SWIFT,4438.55,USD,**************2564,GB,265
a000123e-f2d3-0cd1-cc27-e14e3885c824,2026-07-03T06:49:07.153,payment-hub,OK,MT103,SWIFT,4438.55,USD,**************2564,GB,128
a000123e-f2d3-0cd1-cc27-e14e3885c824,2026-07-03T06:49:07.223,core-banking,OK,MT103,SWIFT,4438.55,USD,**************2564,GB,207
a000123e-f2d3-0cd1-cc27-e14e3885c824,2026-07-03T06:49:07.353,settlement,SETTLED,MT103,SWIFT,4438.55,USD,**************2564,GB,92
93248a6f-fd7f-4c5d-1cb0-986247fe25f3,2026-07-09T19:59:29.671,gateway,OK,0200,CARDS,460.31,SGD,**************8769,SG,16
93248a6f-fd7f-4c5d-1cb0-986247fe25f3,2026-07-09T19:59:29.757,auth,OK,0200,CARDS,460.31,SGD,**************8769,SG,21
93248a6f-fd7f-4c5d-1cb0-986247fe25f3,2026-07-09T19:59:29.842,validation,OK,0200,CARDS,460.31,SGD,**************8769,SG,56
93248a6f-fd7f-4c5d-1cb0-986247fe25f3,2026-07-09T19:59:29.977,aml,OK,0200,CARDS,460.31,SGD,**************8769,SG,284
93248a6f-fd7f-4c5d-1cb0-986247fe25f3,2026-07-09T19:59:30.280,payment-hub,OK,0200,CARDS,460.31,SGD,**************8769,SG,111
93248a6f-fd7f-4c5d-1cb0-986247fe25f3,2026-07-09T19:59:30.350,core-banking,OK,0200,CARDS,460.31,SGD,**************8769,SG,231
93248a6f-fd7f-4c5d-1cb0-986247fe25f3,2026-07-09T19:59:30.426,settlement,SETTLED,0200,CARDS,460.31,SGD,**************8769,SG,248
d28fb62c-a686-2904-42de-93c0a8004049,2026-07-01T18:33:22.396,gateway,OK,pacs.008,FAST,3155.37,USD,**************1455,HK,47
d28fb62c-a686-2904-42de-93c0a8004049,2026-07-01T18:33:22.498,auth,OK,pacs.008,FAST,3155.37,USD,**************1455,HK,80
d28fb62c-a686-2904-42de-93c0a8004049,2026-07-01T18:33:22.665,validation,OK,pacs.008,FAST,3155.37,USD,**************1455,HK,40
d28fb62c-a686-2904-42de-93c0a8004049,2026-07-01T18:33:22.698,aml,OK,pacs.008,FAST,3155.37,USD,**************1455,HK,251
d28fb62c-a686-2904-42de-93c0a8004049,2026-07-01T18:33:22.969,payment-hub,OK,pacs.008,FAST,3155.37,USD,**************1455,HK,120
d28fb62c-a686-2904-42de-93c0a8004049,2026-07-01T18:33:23.070,core-banking,OK,pacs.008,FAST,3155.37,USD,**************1455,HK,101
d28fb62c-a686-2904-42de-93c0a8004049,2026-07-01T18:33:23.168,settlement,SETTLED,pacs.008,FAST,3155.37,USD,**************1455,HK,101
a913e3ca-a277-4ef4-5a4a-0366055f2b64,2026-07-04T14:05:14.928,gateway,OK,MT103,SWIFT,3238.88,USD,**************7882,US,18
a913e3ca-a277-4ef4-5a4a-0366055f2b64,2026-07-04T14:05:15.063,auth,OK,MT103,SWIFT,3238.88,USD,**************7882,US,22
a913e3ca-a277-4ef4-5a4a-0366055f2b64,2026-07-04T14:05:15.170,validation,OK,MT103,SWIFT,3238.88,USD,**************7882,US,36
a913e3ca-a277-4ef4-5a4a-0366055f2b64,2026-07-04T14:05:15.233,aml,OK,MT103,SWIFT,3238.88,USD,**************7882,US,184
a913e3ca-a277-4ef4-5a4a-0366055f2b64,2026-07-04T14:05:15.452,payment-hub,OK,MT103,SWIFT,3238.88,USD,**************7882,US,101
a913e3ca-a277-4ef4-5a4a-0366055f2b64,2026-07-04T14:05:15.518,core-banking,OK,MT103,SWIFT,3238.88,USD,**************7882,US,85
a913e3ca-a277-4ef4-5a4a-0366055f2b64,2026-07-04T14:05:15.803,settlement,SETTLED,MT103,SWIFT,3238.88,USD,**************7882,US,366
780a449d-fc0f-6597-bd44-69a60158e99d,2026-07-14T09:05:31.925,gateway,OK,pacs.008,FAST,1323.08,USD,**************6779,US,25
780a449d-fc0f-6597-bd44-69a60158e99d,2026-07-14T09:05:32.010,auth,OK,pacs.008,FAST,1323.08,USD,**************6779,US,88
780a449d-fc0f-6597-bd44-69a60158e99d,2026-07-14T09:05:32.122,validation,OK,pacs.008,FAST,1323.08,USD,**************6779,US,32
780a449d-fc0f-6597-bd44-69a60158e99d,2026-07-14T09:05:32.248,aml,OK,pacs.008,FAST,1323.08,USD,**************6779,US,171
780a449d-fc0f-6597-bd44-69a60158e99d,2026-07-14T09:05:32.304,payment-hub,OK,pacs.008,FAST,1323.08,USD,**************6779,US,41
780a449d-fc0f-6597-bd44-69a60158e99d,2026-07-14T09:05:32.562,core-banking,OK,pacs.008,FAST,1323.08,USD,**************6779,US,171
780a449d-fc0f-6597-bd44-69a60158e99d,2026-07-14T09:05:32.627,settlement,SETTLED,pacs.008,FAST,1323.08,USD,**************6779,US,336
77eb45e2-814d-47d1-4bf1-585b659464c6,2026-07-05T01:52:11.176,gateway,OK,MT103,SWIFT,235.62,INR,**************5534,IN,42
77eb45e2-814d-47d1-4bf1-585b659464c6,2026-07-05T01:52:11.424,auth,OK,MT103,SWIFT,235.62,INR,**************5534,IN,87
77eb45e2-814d-47d1-4bf1-585b659464c6,2026-07-05T01:52:11.503,validation,OK,MT103,SWIFT,235.62,INR,**************5534,IN,104
77eb45e2-814d-47d1-4bf1-585b659464c6,2026-07-05T01:52:11.552,aml,OK,MT103,SWIFT,235.62,INR,**************5534,IN,286
77eb45e2-814d-47d1-4bf1-585b659464c6,2026-07-05T01:52:11.777,payment-hub,OK,MT103,SWIFT,235.62,INR,**************5534,IN,111
77eb45e2-814d-47d1-4bf1-585b659464c6,2026-07-05T01:52:11.884,core-banking,OK,MT103,SWIFT,235.62,INR,**************5534,IN,108
77eb45e2-814d-47d1-4bf1-585b659464c6,2026-07-05T01:52:12.092,settlement,SETTLED,MT103,SWIFT,235.62,INR,**************5534,IN,372
e541342e-e653-386b-e9a0-25aaa73a7a51,2026-07-03T15:06:49.837,gateway,OK,pacs.008,FAST,1040.73,USD,**************6518,US,58
e541342e-e653-386b-e9a0-25aaa73a7a51,2026-07-03T15:06:49.945,auth,OK,pacs.008,FAST,1040.73,USD,**************6518,US,30
e541342e-e653-386b-e9a0-25aaa73a7a51,2026-07-03T15:06:50.044,validation,OK,pacs.008,FAST,1040.73,USD,**************6518,US,74
e541342e-e653-386b-e9a0-25aaa73a7a51,2026-07-03T15:06:50.129,aml,TIMEOUT,pacs.008,FAST,1040.73,USD,**************6518,US,30000
e541342e-e653-386b-e9a0-25aaa73a7a51,2026-07-03T15:06:50.193,payment-hub,FAILED,pacs.008,FAST,1040.73,USD,**************6518,US,135
820956af-1c7e-a118-db6d-f0db0eb00fff,2026-07-09T02:07:32.173,gateway,OK,pacs.008,FAST,132.59,GBP,**************9848,GB,31
820956af-1c7e-a118-db6d-f0db0eb00fff,2026-07-09T02:07:32.259,auth,OK,pacs.008,FAST,132.59,GBP,**************9848,GB,58
820956af-1c7e-a118-db6d-f0db0eb00fff,2026-07-09T02:07:32.375,validation,OK,pacs.008,FAST,132.59,GBP,**************9848,GB,112
820956af-1c7e-a118-db6d-f0db0eb00fff,2026-07-09T02:07:32.447,aml,OK,pacs.008,FAST,132.59,GBP,**************9848,GB,44
820956af-1c7e-a118-db6d-f0db0eb00fff,2026-07-09T02:07:32.575,payment-hub,OK,pacs.008,FAST,132.59,GBP,**************9848,GB,105
820956af-1c7e-a118-db6d-f0db0eb00fff,2026-07-09T02:07:32.631,core-banking,OK,pacs.008,FAST,132.59,GBP,**************9848,GB,223
820956af-1c7e-a118-db6d-f0db0eb00fff,2026-07-09T02:07:32.667,settlement,SETTLED,pacs.008,FAST,132.59,GBP,**************9848,GB,250
363326e3-c971-5bec-16d8-43162c5420ee,2026-07-10T18:26:45.257,gateway,OK,pacs.008,FAST,1486.34,EUR,**************1371,IN,21
363326e3-c971-5bec-16d8-43162c5420ee,2026-07-10T18:26:45.386,auth,OK,pacs.008,FAST,1486.34,EUR,**************1371,IN,48
363326e3-c971-5bec-16d8-43162c5420ee,2026-07-10T18:26:45.420,validation,OK,pacs.008,FAST,1486.34,EUR,**************1371,IN,68
363326e3-c971-5bec-16d8-43162c5420ee,2026-07-10T18:26:45.655,aml,OK,pacs.008,FAST,1486.34,EUR,**************1371,IN,152
363326e3-c971-5bec-16d8-43162c5420ee,2026-07-10T18:26:45.779,payment-hub,OK,pacs.008,FAST,1486.34,EUR,**************1371,IN,76
363326e3-c971-5bec-16d8-43162c5420ee,2026-07-10T18:26:45.911,core-banking,OK,pacs.008,FAST,1486.34,EUR,**************1371,IN,150
363326e3-c971-5bec-16d8-43162c5420ee,2026-07-10T18:26:45.961,settlement,SETTLED,pacs.008,FAST,1486.34,EUR,**************1371,IN,132
913fd86c-b87f-e94c-2a0b-a60b0958f58d,2026-07-11T15:09:30.859,gateway,OK,pacs.008,FAST,579.9,GBP,**************2181,SG,42
913fd86c-b87f-e94c-2a0b-a60b0958f58d,2026-07-11T15:09:30.974,auth,OK,pacs.008,FAST,579.9,GBP,**************2181,SG,90
913fd86c-b87f-e94c-2a0b-a60b0958f58d,2026-07-11T15:09:31.123,validation,OK,pacs.008,FAST,579.9,GBP,**************2181,SG,48
913fd86c-b87f-e94c-2a0b-a60b0958f58d,2026-07-11T15:09:31.219,aml,TIMEOUT,pacs.008,FAST,579.9,GBP,**************2181,SG,30000
913fd86c-b87f-e94c-2a0b-a60b0958f58d,2026-07-11T15:09:31.336,payment-hub,FAILED,pacs.008,FAST,579.9,GBP,**************2181,SG,103
298df143-0aed-f5fc-7dd6-627b35423499,2026-07-08T22:48:29.845,gateway,OK,pacs.008,FAST,942.93,SGD,**************9280,SG,38
298df143-0aed-f5fc-7dd6-627b35423499,2026-07-08T22:48:29.926,auth,OK,pacs.008,FAST,942.93,SGD,**************9280,SG,58
298df143-0aed-f5fc-7dd6-627b35423499,2026-07-08T22:48:30.015,validation,OK,pacs.008,FAST,942.93,SGD,**************9280,SG,54
298df143-0aed-f5fc-7dd6-627b35423499,2026-07-08T22:48:30.095,aml,TIMEOUT,pacs.008,FAST,942.93,SGD,**************9280,SG,30000
298df143-0aed-f5fc-7dd6-627b35423499,2026-07-08T22:48:30.197,payment-hub,FAILED,pacs.008,FAST,942.93,SGD,**************9280,SG,73
7122e733-027d-b5f9-3b51-8bfe88091a03,2026-07-14T11:24:08.423,gateway,OK,pacs.008,FAST,341.18,GBP,**************5336,SG,30
7122e733-027d-b5f9-3b51-8bfe88091a03,2026-07-14T11:24:08.637,auth,OK,pacs.008,FAST,341.18,GBP,**************5336,SG,67
7122e733-027d-b5f9-3b51-8bfe88091a03,2026-07-14T11:24:08.686,validation,OK,pacs.008,FAST,341.18,GBP,**************5336,SG,119
7122e733-027d-b5f9-3b51-8bfe88091a03,2026-07-14T11:24:08.768,aml,TIMEOUT,pacs.008,FAST,341.18,GBP,**************5336,SG,30000
7122e733-027d-b5f9-3b51-8bfe88091a03,2026-07-14T11:24:08.873,payment-hub,FAILED,pacs.008,FAST,341.18,GBP,**************5336,SG,104
bd6fcd9b-dba3-f1c3-8625-a5c5ece314bf,2026-07-03T19:31:19.844,gateway,OK,pacs.008,FAST,5784.36,SGD,**************8476,SG,32
bd6fcd9b-dba3-f1c3-8625-a5c5ece314bf,2026-07-03T19:31:19.907,auth,OK,pacs.008,FAST,5784.36,SGD,**************8476,SG,24
bd6fcd9b-dba3-f1c3-8625-a5c5ece314bf,2026-07-03T19:31:19.954,validation,OK,pacs.008,FAST,5784.36,SGD,**************8476,SG,107
bd6fcd9b-dba3-f1c3-8625-a5c5ece314bf,2026-07-03T19:31:20.074,aml,OK,pacs.008,FAST,5784.36,SGD,**************8476,SG,239
bd6fcd9b-dba3-f1c3-8625-a5c5ece314bf,2026-07-03T19:31:20.133,payment-hub,OK,pacs.008,FAST,5784.36,SGD,**************8476,SG,49
bd6fcd9b-dba3-f1c3-8625-a5c5ece314bf,2026-07-03T19:31:20.244,core-banking,OK,pacs.008,FAST,5784.36,SGD,**************8476,SG,128
bd6fcd9b-dba3-f1c3-8625-a5c5ece314bf,2026-07-03T19:31:20.317,settlement,SETTLED,pacs.008,FAST,5784.36,SGD,**************8476,SG,187
abaa99b7-7531-2ea9-79b5-eafa6d0561c6,2026-07-01T13:18:07.894,gateway,OK,pacs.008,FAST,554.99,SGD,**************4300,SG,35
abaa99b7-7531-2ea9-79b5-eafa6d0561c6,2026-07-01T13:18:07.952,auth,OK,pacs.008,FAST,554.99,SGD,**************4300,SG,36
abaa99b7-7531-2ea9-79b5-eafa6d0561c6,2026-07-01T13:18:08.045,validation,OK,pacs.008,FAST,554.99,SGD,**************4300,SG,60
abaa99b7-7531-2ea9-79b5-eafa6d0561c6,2026-07-01T13:18:08.123,aml,OK,pacs.008,FAST,554.99,SGD,**************4300,SG,161
abaa99b7-7531-2ea9-79b5-eafa6d0561c6,2026-07-01T13:18:08.275,payment-hub,OK,pacs.008,FAST,554.99,SGD,**************4300,SG,121
abaa99b7-7531-2ea9-79b5-eafa6d0561c6,2026-07-01T13:18:08.307,core-banking,OK,pacs.008,FAST,554.99,SGD,**************4300,SG,133
abaa99b7-7531-2ea9-79b5-eafa6d0561c6,2026-07-01T13:18:08.382,settlement,SETTLED,pacs.008,FAST,554.99,SGD,**************4300,SG,157
107fb858-034a-4a43-f5e7-620fb32a2615,2026-07-11T23:15:16.012,gateway,OK,pacs.008,FAST,1039.18,INR,**************6665,IN,23
107fb858-034a-4a43-f5e7-620fb32a2615,2026-07-11T23:15:16.109,auth,OK,pacs.008,FAST,1039.18,INR,**************6665,IN,31
107fb858-034a-4a43-f5e7-620fb32a2615,2026-07-11T23:15:16.177,validation,OK,pacs.008,FAST,1039.18,INR,**************6665,IN,110
107fb858-034a-4a43-f5e7-620fb32a2615,2026-07-11T23:15:16.209,aml,TIMEOUT,pacs.008,FAST,1039.18,INR,**************6665,IN,30000
107fb858-034a-4a43-f5e7-620fb32a2615,2026-07-11T23:15:16.345,payment-hub,FAILED,pacs.008,FAST,1039.18,INR,**************6665,IN,127
6fb44383-3965-191d-b85c-08a5221db8e3,2026-07-11T11:26:54.491,gateway,OK,MT103,SWIFT,500.45,INR,**************6670,IN,58
6fb44383-3965-191d-b85c-08a5221db8e3,2026-07-11T11:26:54.713,auth,OK,MT103,SWIFT,500.45,INR,**************6670,IN,67
6fb44383-3965-191d-b85c-08a5221db8e3,2026-07-11T11:26:54.833,validation,OK,MT103,SWIFT,500.45,INR,**************6670,IN,114
6fb44383-3965-191d-b85c-08a5221db8e3,2026-07-11T11:26:54.928,aml,OK,MT103,SWIFT,500.45,INR,**************6670,IN,256
6fb44383-3965-191d-b85c-08a5221db8e3,2026-07-11T11:26:55.017,payment-hub,OK,MT103,SWIFT,500.45,INR,**************6670,IN,35
6fb44383-3965-191d-b85c-08a5221db8e3,2026-07-11T11:26:55.165,core-banking,OK,MT103,SWIFT,500.45,INR,**************6670,IN,157
6fb44383-3965-191d-b85c-08a5221db8e3,2026-07-11T11:26:55.274,settlement,SETTLED,MT103,SWIFT,500.45,INR,**************6670,IN,156
93bd3528-8b22-5227-8b89-9718a3a87378,2026-07-10T02:17:35.068,gateway,OK,MT103,SWIFT,277.39,EUR,**************5358,US,41
93bd3528-8b22-5227-8b89-9718a3a87378,2026-07-10T02:17:35.242,auth,OK,MT103,SWIFT,277.39,EUR,**************5358,US,75
93bd3528-8b22-5227-8b89-9718a3a87378,2026-07-10T02:17:35.283,validation,OK,MT103,SWIFT,277.39,EUR,**************5358,US,88
93bd3528-8b22-5227-8b89-9718a3a87378,2026-07-10T02:17:35.516,aml,OK,MT103,SWIFT,277.39,EUR,**************5358,US,190
93bd3528-8b22-5227-8b89-9718a3a87378,2026-07-10T02:17:35.563,payment-hub,OK,MT103,SWIFT,277.39,EUR,**************5358,US,127
93bd3528-8b22-5227-8b89-9718a3a87378,2026-07-10T02:17:35.721,core-banking,OK,MT103,SWIFT,277.39,EUR,**************5358,US,156
93bd3528-8b22-5227-8b89-9718a3a87378,2026-07-10T02:17:35.855,settlement,SETTLED,MT103,SWIFT,277.39,EUR,**************5358,US,329
9d822a6f-68bb-e295-9e2a-f11272008a6d,2026-07-05T03:33:36.035,gateway,OK,0200,CARDS,1128.43,USD,**************8553,US,57
9d822a6f-68bb-e295-9e2a-f11272008a6d,2026-07-05T03:33:36.064,auth,OK,0200,CARDS,1128.43,USD,**************8553,US,90
9d822a6f-68bb-e295-9e2a-f11272008a6d,2026-07-05T03:33:36.207,validation,OK,0200,CARDS,1128.43,USD,**************8553,US,94
9d822a6f-68bb-e295-9e2a-f11272008a6d,2026-07-05T03:33:36.306,aml,TIMEOUT,0200,CARDS,1128.43,USD,**************8553,US,30000
9d822a6f-68bb-e295-9e2a-f11272008a6d,2026-07-05T03:33:36.416,payment-hub,FAILED,0200,CARDS,1128.43,USD,**************8553,US,139
ea4e0bea-3c6c-f93d-dd0a-8a9aa7d1735c,2026-07-02T13:51:28.143,gateway,OK,0200,CARDS,648.23,USD,**************8858,HK,57
ea4e0bea-3c6c-f93d-dd0a-8a9aa7d1735c,2026-07-02T13:51:28.241,auth,OK,0200,CARDS,648.23,USD,**************8858,HK,80
ea4e0bea-3c6c-f93d-dd0a-8a9aa7d1735c,2026-07-02T13:51:28.301,validation,OK,0200,CARDS,648.23,USD,**************8858,HK,27
ea4e0bea-3c6c-f93d-dd0a-8a9aa7d1735c,2026-07-02T13:51:28.370,aml,OK,0200,CARDS,648.23,USD,**************8858,HK,281
ea4e0bea-3c6c-f93d-dd0a-8a9aa7d1735c,2026-07-02T13:51:28.560,payment-hub,OK,0200,CARDS,648.23,USD,**************8858,HK,91
ea4e0bea-3c6c-f93d-dd0a-8a9aa7d1735c,2026-07-02T13:51:28.608,core-banking,OK,0200,CARDS,648.23,USD,**************8858,HK,105
ea4e0bea-3c6c-f93d-dd0a-8a9aa7d1735c,2026-07-02T13:51:28.670,settlement,SETTLED,0200,CARDS,648.23,USD,**************8858,HK,144
8b83599f-5152-7f55-ae2f-af51bc00f386,2026-07-08T19:44:19.128,gateway,OK,pacs.008,FAST,978.39,SGD,**************8668,SG,20
8b83599f-5152-7f55-ae2f-af51bc00f386,2026-07-08T19:44:19.198,auth,OK,pacs.008,FAST,978.39,SGD,**************8668,SG,87
8b83599f-5152-7f55-ae2f-af51bc00f386,2026-07-08T19:44:19.388,validation,OK,pacs.008,FAST,978.39,SGD,**************8668,SG,41
8b83599f-5152-7f55-ae2f-af51bc00f386,2026-07-08T19:44:19.431,aml,OK,pacs.008,FAST,978.39,SGD,**************8668,SG,49
8b83599f-5152-7f55-ae2f-af51bc00f386,2026-07-08T19:44:19.515,payment-hub,OK,pacs.008,FAST,978.39,SGD,**************8668,SG,55
8b83599f-5152-7f55-ae2f-af51bc00f386,2026-07-08T19:44:19.551,core-banking,OK,pacs.008,FAST,978.39,SGD,**************8668,SG,248
8b83599f-5152-7f55-ae2f-af51bc00f386,2026-07-08T19:44:19.614,settlement,SETTLED,pacs.008,FAST,978.39,SGD,**************8668,SG,111
979179c8-5445-72a8-4991-e56ba5073dd0,2026-07-02T10:45:50.824,gateway,OK,MT103,SWIFT,277.51,SGD,**************5542,SG,39
979179c8-5445-72a8-4991-e56ba5073dd0,2026-07-02T10:45:51.054,auth,OK,MT103,SWIFT,277.51,SGD,**************5542,SG,31
979179c8-5445-72a8-4991-e56ba5073dd0,2026-07-02T10:45:51.111,validation,OK,MT103,SWIFT,277.51,SGD,**************5542,SG,69
979179c8-5445-72a8-4991-e56ba5073dd0,2026-07-02T10:45:51.210,aml,OK,MT103,SWIFT,277.51,SGD,**************5542,SG,238
979179c8-5445-72a8-4991-e56ba5073dd0,2026-07-02T10:45:51.303,payment-hub,OK,MT103,SWIFT,277.51,SGD,**************5542,SG,69
979179c8-5445-72a8-4991-e56ba5073dd0,2026-07-02T10:45:51.406,core-banking,OK,MT103,SWIFT,277.51,SGD,**************5542,SG,209
979179c8-5445-72a8-4991-e56ba5073dd0,2026-07-02T10:45:51.452,settlement,SETTLED,MT103,SWIFT,277.51,SGD,**************5542,SG,228
41cd46c1-eb52-06e1-220c-6bf82a6b6966,2026-07-10T22:27:17.906,gateway,OK,pacs.008,FAST,4308.75,MYR,**************3689,MY,31
41cd46c1-eb52-06e1-220c-6bf82a6b6966,2026-07-10T22:27:17.945,auth,OK,pacs.008,FAST,4308.75,MYR,**************3689,MY,83
41cd46c1-eb52-06e1-220c-6bf82a6b6966,2026-07-10T22:27:18.029,validation,OK,pacs.008,FAST,4308.75,MYR,**************3689,MY,48
41cd46c1-eb52-06e1-220c-6bf82a6b6966,2026-07-10T22:27:18.066,aml,OK,pacs.008,FAST,4308.75,MYR,**************3689,MY,161
41cd46c1-eb52-06e1-220c-6bf82a6b6966,2026-07-10T22:27:18.186,payment-hub,OK,pacs.008,FAST,4308.75,MYR,**************3689,MY,39
41cd46c1-eb52-06e1-220c-6bf82a6b6966,2026-07-10T22:27:18.314,core-banking,OK,pacs.008,FAST,4308.75,MYR,**************3689,MY,229
41cd46c1-eb52-06e1-220c-6bf82a6b6966,2026-07-10T22:27:18.563,settlement,SETTLED,pacs.008,FAST,4308.75,MYR,**************3689,MY,76
0462a9a4-27e7-a8e6-38f5-29f72a335b16,2026-07-12T01:24:20.448,gateway,OK,MT103,SWIFT,915.48,INR,**************7312,IN,15
0462a9a4-27e7-a8e6-38f5-29f72a335b16,2026-07-12T01:24:20.571,auth,OK,MT103,SWIFT,915.48,INR,**************7312,IN,86
0462a9a4-27e7-a8e6-38f5-29f72a335b16,2026-07-12T01:24:20.849,validation,OK,MT103,SWIFT,915.48,INR,**************7312,IN,109
0462a9a4-27e7-a8e6-38f5-29f72a335b16,2026-07-12T01:24:20.942,aml,TIMEOUT,MT103,SWIFT,915.48,INR,**************7312,IN,30000
0462a9a4-27e7-a8e6-38f5-29f72a335b16,2026-07-12T01:24:21.020,payment-hub,FAILED,MT103,SWIFT,915.48,INR,**************7312,IN,65
49dd23df-f606-62c7-8d34-c97ffebb5fd9,2026-07-13T14:01:53.276,gateway,OK,pacs.008,FAST,2002.62,MYR,**************4270,MY,57
49dd23df-f606-62c7-8d34-c97ffebb5fd9,2026-07-13T14:01:53.382,auth,OK,pacs.008,FAST,2002.62,MYR,**************4270,MY,49
49dd23df-f606-62c7-8d34-c97ffebb5fd9,2026-07-13T14:01:53.478,validation,OK,pacs.008,FAST,2002.62,MYR,**************4270,MY,111
49dd23df-f606-62c7-8d34-c97ffebb5fd9,2026-07-13T14:01:53.585,aml,OK,pacs.008,FAST,2002.62,MYR,**************4270,MY,119
49dd23df-f606-62c7-8d34-c97ffebb5fd9,2026-07-13T14:01:53.654,payment-hub,OK,pacs.008,FAST,2002.62,MYR,**************4270,MY,68
49dd23df-f606-62c7-8d34-c97ffebb5fd9,2026-07-13T14:01:53.693,core-banking,OK,pacs.008,FAST,2002.62,MYR,**************4270,MY,138
49dd23df-f606-62c7-8d34-c97ffebb5fd9,2026-07-13T14:01:53.908,settlement,SETTLED,pacs.008,FAST,2002.62,MYR,**************4270,MY,94
73159539-81a6-e4e4-4fb4-92243c3b3de5,2026-07-13T22:20:12.532,gateway,OK,0200,CARDS,97.93,INR,**************7804,SG,15
73159539-81a6-e4e4-4fb4-92243c3b3de5,2026-07-13T22:20:12.625,auth,OK,0200,CARDS,97.93,INR,**************7804,SG,38
73159539-81a6-e4e4-4fb4-92243c3b3de5,2026-07-13T22:20:12.672,validation,OK,0200,CARDS,97.93,INR,**************7804,SG,89
73159539-81a6-e4e4-4fb4-92243c3b3de5,2026-07-13T22:20:12.786,aml,OK,0200,CARDS,97.93,INR,**************7804,SG,299
73159539-81a6-e4e4-4fb4-92243c3b3de5,2026-07-13T22:20:12.859,payment-hub,OK,0200,CARDS,97.93,INR,**************7804,SG,47
73159539-81a6-e4e4-4fb4-92243c3b3de5,2026-07-13T22:20:42.892,core-banking,OK,0200,CARDS,97.93,INR,**************7804,SG,179
73159539-81a6-e4e4-4fb4-92243c3b3de5,2026-07-13T22:20:43.121,settlement,SETTLED,0200,CARDS,97.93,INR,**************7804,SG,263
cf6d4733-970e-60c4-f6e2-7589bb537790,2026-07-03T23:33:53.588,gateway,OK,MT103,SWIFT,165.6,SGD,**************8162,SG,28
cf6d4733-970e-60c4-f6e2-7589bb537790,2026-07-03T23:33:53.731,auth,OK,MT103,SWIFT,165.6,SGD,**************8162,SG,71
cf6d4733-970e-60c4-f6e2-7589bb537790,2026-07-03T23:33:53.873,validation,OK,MT103,SWIFT,165.6,SGD,**************8162,SG,95
cf6d4733-970e-60c4-f6e2-7589bb537790,2026-07-03T23:33:54.069,aml,OK,MT103,SWIFT,165.6,SGD,**************8162,SG,140
cf6d4733-970e-60c4-f6e2-7589bb537790,2026-07-03T23:33:54.138,payment-hub,OK,MT103,SWIFT,165.6,SGD,**************8162,SG,30
cf6d4733-970e-60c4-f6e2-7589bb537790,2026-07-03T23:33:54.247,core-banking,OK,MT103,SWIFT,165.6,SGD,**************8162,SG,248
cf6d4733-970e-60c4-f6e2-7589bb537790,2026-07-03T23:33:54.285,settlement,SETTLED,MT103,SWIFT,165.6,SGD,**************8162,SG,372
ec8ae4b4-56a1-f827-f975-2eb6264532e1,2026-07-09T13:35:08.108,gateway,OK,pacs.008,FAST,1282.65,MYR,**************7673,MY,24
ec8ae4b4-56a1-f827-f975-2eb6264532e1,2026-07-09T13:35:08.177,auth,OK,pacs.008,FAST,1282.65,MYR,**************7673,MY,27
ec8ae4b4-56a1-f827-f975-2eb6264532e1,2026-07-09T13:35:08.208,validation,OK,pacs.008,FAST,1282.65,MYR,**************7673,MY,74
ec8ae4b4-56a1-f827-f975-2eb6264532e1,2026-07-09T13:35:08.308,aml,OK,pacs.008,FAST,1282.65,MYR,**************7673,MY,45
ec8ae4b4-56a1-f827-f975-2eb6264532e1,2026-07-09T13:35:08.498,payment-hub,OK,pacs.008,FAST,1282.65,MYR,**************7673,MY,149
ec8ae4b4-56a1-f827-f975-2eb6264532e1,2026-07-09T13:35:08.591,core-banking,OK,pacs.008,FAST,1282.65,MYR,**************7673,MY,97
ec8ae4b4-56a1-f827-f975-2eb6264532e1,2026-07-09T13:35:08.670,settlement,SETTLED,pacs.008,FAST,1282.65,MYR,**************7673,MY,303
9720ab27-e6b8-fb61-0c92-ff67858b42c6,2026-07-03T04:52:29.930,gateway,OK,pacs.008,FAST,613.33,SGD,**************2244,SG,20
9720ab27-e6b8-fb61-0c92-ff67858b42c6,2026-07-03T04:52:29.968,auth,OK,pacs.008,FAST,613.33,SGD,**************2244,SG,82
9720ab27-e6b8-fb61-0c92-ff67858b42c6,2026-07-03T04:52:30.158,validation,OK,pacs.008,FAST,613.33,SGD,**************2244,SG,85
9720ab27-e6b8-fb61-0c92-ff67858b42c6,2026-07-03T04:52:30.232,aml,OK,pacs.008,FAST,613.33,SGD,**************2244,SG,90
9720ab27-e6b8-fb61-0c92-ff67858b42c6,2026-07-03T04:52:30.284,payment-hub,OK,pacs.008,FAST,613.33,SGD,**************2244,SG,110
9720ab27-e6b8-fb61-0c92-ff67858b42c6,2026-07-03T04:52:30.418,core-banking,OK,pacs.008,FAST,613.33,SGD,**************2244,SG,103
9720ab27-e6b8-fb61-0c92-ff67858b42c6,2026-07-03T04:52:30.505,settlement,SETTLED,pacs.008,FAST,613.33,SGD,**************2244,SG,245
b79ebeb8-5e77-c7a6-9108-591b7fa2dd6e,2026-07-02T15:35:25.928,gateway,OK,pacs.008,FAST,331.24,INR,**************7637,IN,20
b79ebeb8-5e77-c7a6-9108-591b7fa2dd6e,2026-07-02T15:35:25.979,auth,OK,pacs.008,FAST,331.24,INR,**************7637,IN,41
b79ebeb8-5e77-c7a6-9108-591b7fa2dd6e,2026-07-02T15:35:26.012,validation,OK,pacs.008,FAST,331.24,INR,**************7637,IN,108
b79ebeb8-5e77-c7a6-9108-591b7fa2dd6e,2026-07-02T15:35:26.242,aml,OK,pacs.008,FAST,331.24,INR,**************7637,IN,251
b79ebeb8-5e77-c7a6-9108-591b7fa2dd6e,2026-07-02T15:35:26.322,payment-hub,OK,pacs.008,FAST,331.24,INR,**************7637,IN,126
b79ebeb8-5e77-c7a6-9108-591b7fa2dd6e,2026-07-02T15:35:26.390,core-banking,OK,pacs.008,FAST,331.24,INR,**************7637,IN,104
b79ebeb8-5e77-c7a6-9108-591b7fa2dd6e,2026-07-02T15:35:26.432,settlement,SETTLED,pacs.008,FAST,331.24,INR,**************7637,IN,177
47c1c37e-4b33-9550-f949-70d5e3914e22,2026-07-07T10:15:39.243,gateway,OK,pacs.008,FAST,276.91,USD,**************2719,HK,15
47c1c37e-4b33-9550-f949-70d5e3914e22,2026-07-07T10:15:39.323,auth,OK,pacs.008,FAST,276.91,USD,**************2719,HK,88
47c1c37e-4b33-9550-f949-70d5e3914e22,2026-07-07T10:15:39.487,validation,OK,pacs.008,FAST,276.91,USD,**************2719,HK,69
47c1c37e-4b33-9550-f949-70d5e3914e22,2026-07-07T10:15:39.623,aml,OK,pacs.008,FAST,276.91,USD,**************2719,HK,221
47c1c37e-4b33-9550-f949-70d5e3914e22,2026-07-07T10:15:39.742,payment-hub,OK,pacs.008,FAST,276.91,USD,**************2719,HK,103
47c1c37e-4b33-9550-f949-70d5e3914e22,2026-07-07T10:15:39.810,core-banking,OK,pacs.008,FAST,276.91,USD,**************2719,HK,172
47c1c37e-4b33-9550-f949-70d5e3914e22,2026-07-07T10:15:39.998,settlement,SETTLED,pacs.008,FAST,276.91,USD,**************2719,HK,63
a0471856-99f7-6773-4751-cd84ee503c0f,2026-07-03T10:39:25.534,gateway,OK,0200,CARDS,346.01,EUR,**************7894,GB,57
a0471856-99f7-6773-4751-cd84ee503c0f,2026-07-03T10:39:25.723,auth,OK,0200,CARDS,346.01,EUR,**************7894,GB,29
a0471856-99f7-6773-4751-cd84ee503c0f,2026-07-03T10:39:25.814,validation,OK,0200,CARDS,346.01,EUR,**************7894,GB,120
a0471856-99f7-6773-4751-cd84ee503c0f,2026-07-03T10:39:25.906,aml,OK,0200,CARDS,346.01,EUR,**************7894,GB,279
a0471856-99f7-6773-4751-cd84ee503c0f,2026-07-03T10:39:26.087,payment-hub,OK,0200,CARDS,346.01,EUR,**************7894,GB,105
a0471856-99f7-6773-4751-cd84ee503c0f,2026-07-03T10:39:26.171,core-banking,OK,0200,CARDS,346.01,EUR,**************7894,GB,163
a0471856-99f7-6773-4751-cd84ee503c0f,2026-07-03T10:39:26.273,settlement,SETTLED,0200,CARDS,346.01,EUR,**************7894,GB,276
bb881824-55c6-e576-0b60-d42151d47397,2026-07-06T02:32:27.199,gateway,OK,MT103,SWIFT,758.65,SGD,**************4896,SG,23
bb881824-55c6-e576-0b60-d42151d47397,2026-07-06T02:32:57.216,auth,OK,MT103,SWIFT,758.65,SGD,**************4896,SG,76
bb881824-55c6-e576-0b60-d42151d47397,2026-07-06T02:32:57.294,validation,OK,MT103,SWIFT,758.65,SGD,**************4896,SG,86
bb881824-55c6-e576-0b60-d42151d47397,2026-07-06T02:32:57.368,aml,OK,MT103,SWIFT,758.65,SGD,**************4896,SG,68
bb881824-55c6-e576-0b60-d42151d47397,2026-07-06T02:32:57.536,payment-hub,OK,MT103,SWIFT,758.65,SGD,**************4896,SG,99
bb881824-55c6-e576-0b60-d42151d47397,2026-07-06T02:32:57.691,core-banking,OK,MT103,SWIFT,758.65,SGD,**************4896,SG,175
bb881824-55c6-e576-0b60-d42151d47397,2026-07-06T02:32:57.825,settlement,SETTLED,MT103,SWIFT,758.65,SGD,**************4896,SG,400
e627a471-d9f8-624e-9d54-2e4c43e288d7,2026-07-04T13:27:48.253,gateway,OK,pacs.008,FAST,438.21,INR,**************4739,IN,47
e627a471-d9f8-624e-9d54-2e4c43e288d7,2026-07-04T13:27:48.350,auth,OK,pacs.008,FAST,438.21,INR,**************4739,IN,25
e627a471-d9f8-624e-9d54-2e4c43e288d7,2026-07-04T13:27:48.437,validation,OK,pacs.008,FAST,438.21,INR,**************4739,IN,55
e627a471-d9f8-624e-9d54-2e4c43e288d7,2026-07-04T13:27:48.485,aml,OK,pacs.008,FAST,438.21,INR,**************4739,IN,211
e627a471-d9f8-624e-9d54-2e4c43e288d7,2026-07-04T13:27:48.565,payment-hub,OK,pacs.008,FAST,438.21,INR,**************4739,IN,109
e627a471-d9f8-624e-9d54-2e4c43e288d7,2026-07-04T13:27:48.625,core-banking,OK,pacs.008,FAST,438.21,INR,**************4739,IN,248
e627a471-d9f8-624e-9d54-2e4c43e288d7,2026-07-04T13:27:48.673,settlement,SETTLED,pacs.008,FAST,438.21,INR,**************4739,IN,203
a1418ae1-8975-64af-485b-bbe4c3384470,2026-07-03T06:49:57.169,gateway,OK,pacs.008,FAST,7994.03,SGD,**************9041,SG,17
a1418ae1-8975-64af-485b-bbe4c3384470,2026-07-03T06:49:57.329,auth,OK,pacs.008,FAST,7994.03,SGD,**************9041,SG,38
a1418ae1-8975-64af-485b-bbe4c3384470,2026-07-03T06:49:57.421,validation,OK,pacs.008,FAST,7994.03,SGD,**************9041,SG,45
a1418ae1-8975-64af-485b-bbe4c3384470,2026-07-03T06:49:57.527,aml,OK,pacs.008,FAST,7994.03,SGD,**************9041,SG,57
a1418ae1-8975-64af-485b-bbe4c3384470,2026-07-03T06:49:57.666,payment-hub,OK,pacs.008,FAST,7994.03,SGD,**************9041,SG,94
a1418ae1-8975-64af-485b-bbe4c3384470,2026-07-03T06:49:57.711,core-banking,OK,pacs.008,FAST,7994.03,SGD,**************9041,SG,86
a1418ae1-8975-64af-485b-bbe4c3384470,2026-07-03T06:49:57.776,settlement,SETTLED,pacs.008,FAST,7994.03,SGD,**************9041,SG,395
a05293e8-c77c-9c8d-3738-790c30c07194,2026-07-14T04:52:41.051,gateway,OK,pacs.008,FAST,173.76,USD,**************4524,HK,29
a05293e8-c77c-9c8d-3738-790c30c07194,2026-07-14T04:52:41.259,auth,OK,pacs.008,FAST,173.76,USD,**************4524,HK,84
a05293e8-c77c-9c8d-3738-790c30c07194,2026-07-14T04:52:41.354,validation,OK,pacs.008,FAST,173.76,USD,**************4524,HK,91
a05293e8-c77c-9c8d-3738-790c30c07194,2026-07-14T04:52:41.482,aml,OK,pacs.008,FAST,173.76,USD,**************4524,HK,165
a05293e8-c77c-9c8d-3738-790c30c07194,2026-07-14T04:52:41.511,payment-hub,OK,pacs.008,FAST,173.76,USD,**************4524,HK,134
a05293e8-c77c-9c8d-3738-790c30c07194,2026-07-14T04:52:41.572,core-banking,OK,pacs.008,FAST,173.76,USD,**************4524,HK,164
a05293e8-c77c-9c8d-3738-790c30c07194,2026-07-14T04:52:41.803,settlement,SETTLED,pacs.008,FAST,173.76,USD,**************4524,HK,131
79d28f98-c48b-3ec4-5d7a-91f9eb2f3eab,2026-07-10T07:24:08.364,gateway,OK,MT103,SWIFT,114.48,SGD,**************2358,SG,27
79d28f98-c48b-3ec4-5d7a-91f9eb2f3eab,2026-07-10T07:24:08.402,auth,OK,MT103,SWIFT,114.48,SGD,**************2358,SG,74
79d28f98-c48b-3ec4-5d7a-91f9eb2f3eab,2026-07-10T07:24:08.453,validation,OK,MT103,SWIFT,114.48,SGD,**************2358,SG,88
79d28f98-c48b-3ec4-5d7a-91f9eb2f3eab,2026-07-10T07:24:08.514,aml,TIMEOUT,MT103,SWIFT,114.48,SGD,**************2358,SG,30000
79d28f98-c48b-3ec4-5d7a-91f9eb2f3eab,2026-07-10T07:24:08.574,payment-hub,FAILED,MT103,SWIFT,114.48,SGD,**************2358,SG,123
b74b41bc-295c-8852-f033-2e3a39188561,2026-07-08T09:45:03.933,gateway,OK,pacs.008,FAST,3773.53,INR,**************7227,IN,49
b74b41bc-295c-8852-f033-2e3a39188561,2026-07-08T09:45:04.081,auth,OK,pacs.008,FAST,3773.53,INR,**************7227,IN,41
b74b41bc-295c-8852-f033-2e3a39188561,2026-07-08T09:45:04.130,validation,OK,pacs.008,FAST,3773.53,INR,**************7227,IN,74
b74b41bc-295c-8852-f033-2e3a39188561,2026-07-08T09:45:04.273,aml,OK,pacs.008,FAST,3773.53,INR,**************7227,IN,213
b74b41bc-295c-8852-f033-2e3a39188561,2026-07-08T09:45:04.360,payment-hub,OK,pacs.008,FAST,3773.53,INR,**************7227,IN,44
b74b41bc-295c-8852-f033-2e3a39188561,2026-07-08T09:45:04.427,core-banking,OK,pacs.008,FAST,3773.53,INR,**************7227,IN,167
b74b41bc-295c-8852-f033-2e3a39188561,2026-07-08T09:45:04.567,settlement,SETTLED,pacs.008,FAST,3773.53,INR,**************7227,IN,204
a390a2a2-c82b-8aff-37e5-9ba62547b581,2026-07-05T16:58:26.111,gateway,OK,pacs.008,FAST,1031.16,USD,**************5410,US,27
a390a2a2-c82b-8aff-37e5-9ba62547b581,2026-07-05T16:58:56.135,auth,OK,pacs.008,FAST,1031.16,USD,**************5410,US,80
a390a2a2-c82b-8aff-37e5-9ba62547b581,2026-07-05T16:58:56.181,validation,OK,pacs.008,FAST,1031.16,USD,**************5410,US,94
a390a2a2-c82b-8aff-37e5-9ba62547b581,2026-07-05T16:58:56.436,aml,OK,pacs.008,FAST,1031.16,USD,**************5410,US,294
a390a2a2-c82b-8aff-37e5-9ba62547b581,2026-07-05T16:58:56.755,payment-hub,OK,pacs.008,FAST,1031.16,USD,**************5410,US,33
a390a2a2-c82b-8aff-37e5-9ba62547b581,2026-07-05T16:58:56.820,core-banking,OK,pacs.008,FAST,1031.16,USD,**************5410,US,107
a390a2a2-c82b-8aff-37e5-9ba62547b581,2026-07-05T16:58:57.041,settlement,SETTLED,pacs.008,FAST,1031.16,USD,**************5410,US,293
7bba57f2-cbef-cc18-d1cf-41f6b84733ac,2026-07-02T00:49:10.508,gateway,OK,pacs.008,FAST,1302.25,MYR,**************1499,MY,55
7bba57f2-cbef-cc18-d1cf-41f6b84733ac,2026-07-02T00:49:10.670,auth,OK,pacs.008,FAST,1302.25,MYR,**************1499,MY,33
7bba57f2-cbef-cc18-d1cf-41f6b84733ac,2026-07-02T00:49:10.731,validation,OK,pacs.008,FAST,1302.25,MYR,**************1499,MY,46
7bba57f2-cbef-cc18-d1cf-41f6b84733ac,2026-07-02T00:49:11.009,aml,TIMEOUT,pacs.008,FAST,1302.25,MYR,**************1499,MY,30000
7bba57f2-cbef-cc18-d1cf-41f6b84733ac,2026-07-02T00:49:11.131,payment-hub,FAILED,pacs.008,FAST,1302.25,MYR,**************1499,MY,82
4e6d070f-909d-7380-a312-09b0e1abe0d2,2026-07-04T10:02:00.285,gateway,OK,pacs.008,FAST,189.83,SGD,**************3534,SG,58
4e6d070f-909d-7380-a312-09b0e1abe0d2,2026-07-04T10:02:00.435,auth,OK,pacs.008,FAST,189.83,SGD,**************3534,SG,43
4e6d070f-909d-7380-a312-09b0e1abe0d2,2026-07-04T10:02:00.490,validation,OK,pacs.008,FAST,189.83,SGD,**************3534,SG,118
4e6d070f-909d-7380-a312-09b0e1abe0d2,2026-07-04T10:02:00.594,aml,OK,pacs.008,FAST,189.83,SGD,**************3534,SG,77
4e6d070f-909d-7380-a312-09b0e1abe0d2,2026-07-04T10:02:00.678,payment-hub,OK,pacs.008,FAST,189.83,SGD,**************3534,SG,103
4e6d070f-909d-7380-a312-09b0e1abe0d2,2026-07-04T10:02:00.748,core-banking,OK,pacs.008,FAST,189.83,SGD,**************3534,SG,90
4e6d070f-909d-7380-a312-09b0e1abe0d2,2026-07-04T10:02:00.840,settlement,SETTLED,pacs.008,FAST,189.83,SGD,**************3534,SG,308
9e48ad64-b517-6a64-52f2-f5cbb166e5b1,2026-07-05T20:52:33.982,gateway,OK,MT103,SWIFT,3987.44,USD,**************6866,HK,31
9e48ad64-b517-6a64-52f2-f5cbb166e5b1,2026-07-05T20:52:34.081,auth,OK,MT103,SWIFT,3987.44,USD,**************6866,HK,68
9e48ad64-b517-6a64-52f2-f5cbb166e5b1,2026-07-05T20:52:34.126,validation,OK,MT103,SWIFT,3987.44,USD,**************6866,HK,35
9e48ad64-b517-6a64-52f2-f5cbb166e5b1,2026-07-05T20:52:34.265,aml,OK,MT103,SWIFT,3987.44,USD,**************6866,HK,219
9e48ad64-b517-6a64-52f2-f5cbb166e5b1,2026-07-05T20:52:34.319,payment-hub,OK,MT103,SWIFT,3987.44,USD,**************6866,HK,87
9e48ad64-b517-6a64-52f2-f5cbb166e5b1,2026-07-05T20:52:34.488,core-banking,OK,MT103,SWIFT,3987.44,USD,**************6866,HK,165
9e48ad64-b517-6a64-52f2-f5cbb166e5b1,2026-07-05T20:52:34.629,settlement,SETTLED,MT103,SWIFT,3987.44,USD,**************6866,HK,100
f2fa17fb-d52e-8161-447f-79489ec70ede,2026-07-04T17:57:11.361,gateway,OK,MT103,SWIFT,140.69,SGD,**************7652,SG,43
f2fa17fb-d52e-8161-447f-79489ec70ede,2026-07-04T17:57:11.423,auth,OK,MT103,SWIFT,140.69,SGD,**************7652,SG,76
f2fa17fb-d52e-8161-447f-79489ec70ede,2026-07-04T17:57:11.494,validation,OK,MT103,SWIFT,140.69,SGD,**************7652,SG,106
f2fa17fb-d52e-8161-447f-79489ec70ede,2026-07-04T17:57:11.597,aml,TIMEOUT,MT103,SWIFT,140.69,SGD,**************7652,SG,30000
f2fa17fb-d52e-8161-447f-79489ec70ede,2026-07-04T17:57:11.695,payment-hub,FAILED,MT103,SWIFT,140.69,SGD,**************7652,SG,39
1c75b4ec-3a2e-cf68-25cb-b747355344e6,2026-07-07T15:54:46.772,gateway,OK,pacs.008,FAST,56.77,GBP,**************0654,GB,29
1c75b4ec-3a2e-cf68-25cb-b747355344e6,2026-07-07T15:54:46.891,auth,OK,pacs.008,FAST,56.77,GBP,**************0654,GB,30
1c75b4ec-3a2e-cf68-25cb-b747355344e6,2026-07-07T15:54:47.001,validation,OK,pacs.008,FAST,56.77,GBP,**************0654,GB,112
1c75b4ec-3a2e-cf68-25cb-b747355344e6,2026-07-07T15:54:47.110,aml,OK,pacs.008,FAST,56.77,GBP,**************0654,GB,151
1c75b4ec-3a2e-cf68-25cb-b747355344e6,2026-07-07T15:54:47.144,payment-hub,OK,pacs.008,FAST,56.77,GBP,**************0654,GB,84
1c75b4ec-3a2e-cf68-25cb-b747355344e6,2026-07-07T15:54:47.213,core-banking,OK,pacs.008,FAST,56.77,GBP,**************0654,GB,105
1c75b4ec-3a2e-cf68-25cb-b747355344e6,2026-07-07T15:54:47.278,settlement,SETTLED,pacs.008,FAST,56.77,GBP,**************0654,GB,90
2011eaed-d44f-0001-3403-aa7d64dbe568,2026-07-10T14:21:51.281,gateway,OK,0200,CARDS,60.55,MYR,**************7502,MY,31
2011eaed-d44f-0001-3403-aa7d64dbe568,2026-07-10T14:21:51.448,auth,OK,0200,CARDS,60.55,MYR,**************7502,MY,23
2011eaed-d44f-0001-3403-aa7d64dbe568,2026-07-10T14:21:51.526,validation,OK,0200,CARDS,60.55,MYR,**************7502,MY,51
2011eaed-d44f-0001-3403-aa7d64dbe568,2026-07-10T14:21:51.745,aml,OK,0200,CARDS,60.55,MYR,**************7502,MY,278
2011eaed-d44f-0001-3403-aa7d64dbe568,2026-07-10T14:21:51.835,payment-hub,OK,0200,CARDS,60.55,MYR,**************7502,MY,60
2011eaed-d44f-0001-3403-aa7d64dbe568,2026-07-10T14:21:52.120,core-banking,OK,0200,CARDS,60.55,MYR,**************7502,MY,229
2011eaed-d44f-0001-3403-aa7d64dbe568,2026-07-10T14:21:52.181,settlement,SETTLED,0200,CARDS,60.55,MYR,**************7502,MY,105
8187b864-b4c6-97a4-bea3-8f025e1a744c,2026-07-14T04:32:33.386,gateway,OK,0200,CARDS,2384.45,SGD,**************7544,SG,16
8187b864-b4c6-97a4-bea3-8f025e1a744c,2026-07-14T04:32:33.553,auth,OK,0200,CARDS,2384.45,SGD,**************7544,SG,65
8187b864-b4c6-97a4-bea3-8f025e1a744c,2026-07-14T04:32:33.679,validation,OK,0200,CARDS,2384.45,SGD,**************7544,SG,26
8187b864-b4c6-97a4-bea3-8f025e1a744c,2026-07-14T04:32:33.784,aml,OK,0200,CARDS,2384.45,SGD,**************7544,SG,107
8187b864-b4c6-97a4-bea3-8f025e1a744c,2026-07-14T04:32:33.877,payment-hub,OK,0200,CARDS,2384.45,SGD,**************7544,SG,80
8187b864-b4c6-97a4-bea3-8f025e1a744c,2026-07-14T04:32:34.081,core-banking,OK,0200,CARDS,2384.45,SGD,**************7544,SG,206
8187b864-b4c6-97a4-bea3-8f025e1a744c,2026-07-14T04:32:34.200,settlement,SETTLED,0200,CARDS,2384.45,SGD,**************7544,SG,143
f3de7649-670c-c64e-44c6-ebcff1798e7b,2026-07-14T07:22:37.035,gateway,OK,MT103,SWIFT,1343.64,SGD,**************0891,SG,27
f3de7649-670c-c64e-44c6-ebcff1798e7b,2026-07-14T07:22:37.160,auth,OK,MT103,SWIFT,1343.64,SGD,**************0891,SG,27
f3de7649-670c-c64e-44c6-ebcff1798e7b,2026-07-14T07:22:37.270,validation,OK,MT103,SWIFT,1343.64,SGD,**************0891,SG,96
f3de7649-670c-c64e-44c6-ebcff1798e7b,2026-07-14T07:22:37.343,aml,TIMEOUT,MT103,SWIFT,1343.64,SGD,**************0891,SG,30000
f3de7649-670c-c64e-44c6-ebcff1798e7b,2026-07-14T07:22:37.473,payment-hub,FAILED,MT103,SWIFT,1343.64,SGD,**************0891,SG,38
572a4ffc-fbf8-1155-c78c-1aa94d457a4e,2026-07-06T08:46:14.295,gateway,OK,pacs.008,FAST,1003.94,SGD,**************3395,SG,27
572a4ffc-fbf8-1155-c78c-1aa94d457a4e,2026-07-06T08:46:14.392,auth,OK,pacs.008,FAST,1003.94,SGD,**************3395,SG,81
572a4ffc-fbf8-1155-c78c-1aa94d457a4e,2026-07-06T08:46:14.420,validation,OK,pacs.008,FAST,1003.94,SGD,**************3395,SG,105
572a4ffc-fbf8-1155-c78c-1aa94d457a4e,2026-07-06T08:46:14.688,aml,OK,pacs.008,FAST,1003.94,SGD,**************3395,SG,125
572a4ffc-fbf8-1155-c78c-1aa94d457a4e,2026-07-06T08:46:14.869,payment-hub,OK,pacs.008,FAST,1003.94,SGD,**************3395,SG,75
572a4ffc-fbf8-1155-c78c-1aa94d457a4e,2026-07-06T08:46:15.164,core-banking,OK,pacs.008,FAST,1003.94,SGD,**************3395,SG,126
572a4ffc-fbf8-1155-c78c-1aa94d457a4e,2026-07-06T08:46:45.170,settlement,SETTLED,pacs.008,FAST,1003.94,SGD,**************3395,SG,113
6b8ba07f-4687-0683-a0ab-434e44ac775f,2026-07-06T05:18:08.845,gateway,OK,MT103,SWIFT,55.56,SGD,**************5304,SG,47
6b8ba07f-4687-0683-a0ab-434e44ac775f,2026-07-06T05:18:08.954,auth,OK,MT103,SWIFT,55.56,SGD,**************5304,SG,57
6b8ba07f-4687-0683-a0ab-434e44ac775f,2026-07-06T05:18:09.180,validation,OK,MT103,SWIFT,55.56,SGD,**************5304,SG,45
6b8ba07f-4687-0683-a0ab-434e44ac775f,2026-07-06T05:18:09.425,aml,OK,MT103,SWIFT,55.56,SGD,**************5304,SG,115
6b8ba07f-4687-0683-a0ab-434e44ac775f,2026-07-06T05:18:09.606,payment-hub,OK,MT103,SWIFT,55.56,SGD,**************5304,SG,79
6b8ba07f-4687-0683-a0ab-434e44ac775f,2026-07-06T05:18:09.667,core-banking,OK,MT103,SWIFT,55.56,SGD,**************5304,SG,197
6b8ba07f-4687-0683-a0ab-434e44ac775f,2026-07-06T05:18:09.754,settlement,SETTLED,MT103,SWIFT,55.56,SGD,**************5304,SG,238
28b4e49d-d1dc-8c3a-bfa9-d410bc518987,2026-07-14T21:26:52.394,gateway,OK,0200,CARDS,305.55,GBP,**************0789,GB,39
28b4e49d-d1dc-8c3a-bfa9-d410bc518987,2026-07-14T21:26:52.601,auth,OK,0200,CARDS,305.55,GBP,**************0789,GB,31
28b4e49d-d1dc-8c3a-bfa9-d410bc518987,2026-07-14T21:26:52.636,validation,REJECTED,0200,CARDS,305.55,GBP,**************0789,GB,40
69955fec-5939-160b-5a64-84ddcf685743,2026-07-05T13:30:07.931,gateway,OK,pacs.008,FAST,1228.77,INR,**************8842,IN,26
69955fec-5939-160b-5a64-84ddcf685743,2026-07-05T13:30:08.005,auth,OK,pacs.008,FAST,1228.77,INR,**************8842,IN,32
69955fec-5939-160b-5a64-84ddcf685743,2026-07-05T13:30:08.092,validation,OK,pacs.008,FAST,1228.77,INR,**************8842,IN,29
69955fec-5939-160b-5a64-84ddcf685743,2026-07-05T13:30:08.205,aml,OK,pacs.008,FAST,1228.77,INR,**************8842,IN,205
69955fec-5939-160b-5a64-84ddcf685743,2026-07-05T13:30:38.223,payment-hub,OK,pacs.008,FAST,1228.77,INR,**************8842,IN,63
69955fec-5939-160b-5a64-84ddcf685743,2026-07-05T13:30:38.263,core-banking,OK,pacs.008,FAST,1228.77,INR,**************8842,IN,53
69955fec-5939-160b-5a64-84ddcf685743,2026-07-05T13:30:38.386,settlement,SETTLED,pacs.008,FAST,1228.77,INR,**************8842,IN,148
26e117c8-0e9b-f757-b11c-d069907e3587,2026-07-10T19:12:44.573,gateway,OK,pacs.008,FAST,147.73,SGD,**************1826,SG,51
26e117c8-0e9b-f757-b11c-d069907e3587,2026-07-10T19:12:44.668,auth,OK,pacs.008,FAST,147.73,SGD,**************1826,SG,43
26e117c8-0e9b-f757-b11c-d069907e3587,2026-07-10T19:12:44.745,validation,OK,pacs.008,FAST,147.73,SGD,**************1826,SG,29
26e117c8-0e9b-f757-b11c-d069907e3587,2026-07-10T19:12:44.818,aml,TIMEOUT,pacs.008,FAST,147.73,SGD,**************1826,SG,30000
26e117c8-0e9b-f757-b11c-d069907e3587,2026-07-10T19:12:44.875,payment-hub,FAILED,pacs.008,FAST,147.73,SGD,**************1826,SG,119
6b5cc0b8-4bab-4f35-b4fb-ed399e315fa2,2026-07-05T06:15:05.379,gateway,OK,pacs.008,FAST,25.1,SGD,**************5187,US,52
6b5cc0b8-4bab-4f35-b4fb-ed399e315fa2,2026-07-05T06:15:05.521,auth,OK,pacs.008,FAST,25.1,SGD,**************5187,US,61
6b5cc0b8-4bab-4f35-b4fb-ed399e315fa2,2026-07-05T06:15:05.597,validation,OK,pacs.008,FAST,25.1,SGD,**************5187,US,116
6b5cc0b8-4bab-4f35-b4fb-ed399e315fa2,2026-07-05T06:15:05.667,aml,OK,pacs.008,FAST,25.1,SGD,**************5187,US,230
6b5cc0b8-4bab-4f35-b4fb-ed399e315fa2,2026-07-05T06:15:05.747,payment-hub,OK,pacs.008,FAST,25.1,SGD,**************5187,US,131
6b5cc0b8-4bab-4f35-b4fb-ed399e315fa2,2026-07-05T06:15:05.920,core-banking,OK,pacs.008,FAST,25.1,SGD,**************5187,US,139
6b5cc0b8-4bab-4f35-b4fb-ed399e315fa2,2026-07-05T06:15:05.989,settlement,SETTLED,pacs.008,FAST,25.1,SGD,**************5187,US,338
9005e5f8-5097-5498-ad29-dcceb89e86e5,2026-07-06T17:22:20.068,gateway,OK,pacs.008,FAST,283.21,SGD,**************3256,SG,17
9005e5f8-5097-5498-ad29-dcceb89e86e5,2026-07-06T17:22:20.123,auth,OK,pacs.008,FAST,283.21,SGD,**************3256,SG,70
9005e5f8-5097-5498-ad29-dcceb89e86e5,2026-07-06T17:22:20.158,validation,OK,pacs.008,FAST,283.21,SGD,**************3256,SG,67
9005e5f8-5097-5498-ad29-dcceb89e86e5,2026-07-06T17:22:20.257,aml,OK,pacs.008,FAST,283.21,SGD,**************3256,SG,153
9005e5f8-5097-5498-ad29-dcceb89e86e5,2026-07-06T17:22:20.312,payment-hub,OK,pacs.008,FAST,283.21,SGD,**************3256,SG,132
9005e5f8-5097-5498-ad29-dcceb89e86e5,2026-07-06T17:22:20.484,core-banking,OK,pacs.008,FAST,283.21,SGD,**************3256,SG,206
9005e5f8-5097-5498-ad29-dcceb89e86e5,2026-07-06T17:22:20.595,settlement,SETTLED,pacs.008,FAST,283.21,SGD,**************3256,SG,395
2ee55b24-bbc4-f257-2f4a-ffd8369d6064,2026-07-12T23:01:40.967,gateway,OK,pacs.008,FAST,1519.0,USD,**************4846,US,54
2ee55b24-bbc4-f257-2f4a-ffd8369d6064,2026-07-12T23:01:41.042,auth,OK,pacs.008,FAST,1519.0,USD,**************4846,US,55
2ee55b24-bbc4-f257-2f4a-ffd8369d6064,2026-07-12T23:01:41.118,validation,OK,pacs.008,FAST,1519.0,USD,**************4846,US,32
2ee55b24-bbc4-f257-2f4a-ffd8369d6064,2026-07-12T23:01:41.172,aml,OK,pacs.008,FAST,1519.0,USD,**************4846,US,264
2ee55b24-bbc4-f257-2f4a-ffd8369d6064,2026-07-12T23:01:41.471,payment-hub,OK,pacs.008,FAST,1519.0,USD,**************4846,US,42
2ee55b24-bbc4-f257-2f4a-ffd8369d6064,2026-07-12T23:01:41.563,core-banking,OK,pacs.008,FAST,1519.0,USD,**************4846,US,195
2ee55b24-bbc4-f257-2f4a-ffd8369d6064,2026-07-12T23:01:41.804,settlement,SETTLED,pacs.008,FAST,1519.0,USD,**************4846,US,288
22732177-d2fb-ea22-40b7-fa573cd90b07,2026-07-03T21:06:37.416,gateway,OK,pacs.008,FAST,390.62,GBP,**************7437,GB,41
22732177-d2fb-ea22-40b7-fa573cd90b07,2026-07-03T21:06:37.646,auth,OK,pacs.008,FAST,390.62,GBP,**************7437,GB,33
22732177-d2fb-ea22-40b7-fa573cd90b07,2026-07-03T21:06:37.708,validation,REJECTED,pacs.008,FAST,390.62,GBP,**************7437,GB,48
6af78ff4-faf5-e457-f043-d41ff42e5462,2026-07-03T06:11:46.598,gateway,OK,pacs.008,FAST,804.67,MYR,**************2873,MY,55
6af78ff4-faf5-e457-f043-d41ff42e5462,2026-07-03T06:11:46.826,auth,OK,pacs.008,FAST,804.67,MYR,**************2873,MY,33
6af78ff4-faf5-e457-f043-d41ff42e5462,2026-07-03T06:11:47.057,validation,OK,pacs.008,FAST,804.67,MYR,**************2873,MY,84
6af78ff4-faf5-e457-f043-d41ff42e5462,2026-07-03T06:11:47.198,aml,TIMEOUT,pacs.008,FAST,804.67,MYR,**************2873,MY,30000
6af78ff4-faf5-e457-f043-d41ff42e5462,2026-07-03T06:11:47.237,payment-hub,FAILED,pacs.008,FAST,804.67,MYR,**************2873,MY,78
a5f16d49-001a-dcde-959d-e8c37607b702,2026-07-10T23:30:19.415,gateway,OK,pacs.008,FAST,179.48,EUR,**************2101,SG,58
a5f16d49-001a-dcde-959d-e8c37607b702,2026-07-10T23:30:19.461,auth,OK,pacs.008,FAST,179.48,EUR,**************2101,SG,26
a5f16d49-001a-dcde-959d-e8c37607b702,2026-07-10T23:30:19.668,validation,OK,pacs.008,FAST,179.48,EUR,**************2101,SG,34
a5f16d49-001a-dcde-959d-e8c37607b702,2026-07-10T23:30:19.881,aml,OK,pacs.008,FAST,179.48,EUR,**************2101,SG,108
a5f16d49-001a-dcde-959d-e8c37607b702,2026-07-10T23:30:19.982,payment-hub,OK,pacs.008,FAST,179.48,EUR,**************2101,SG,54
a5f16d49-001a-dcde-959d-e8c37607b702,2026-07-10T23:30:20.169,core-banking,OK,pacs.008,FAST,179.48,EUR,**************2101,SG,115
a5f16d49-001a-dcde-959d-e8c37607b702,2026-07-10T23:30:20.390,settlement,SETTLED,pacs.008,FAST,179.48,EUR,**************2101,SG,234
6e379f55-d432-7aed-a0da-dcf3a5c50b21,2026-07-07T23:28:11.637,gateway,OK,pacs.008,FAST,178.99,USD,**************8975,US,41
6e379f55-d432-7aed-a0da-dcf3a5c50b21,2026-07-07T23:28:11.721,auth,OK,pacs.008,FAST,178.99,USD,**************8975,US,27
6e379f55-d432-7aed-a0da-dcf3a5c50b21,2026-07-07T23:28:11.799,validation,OK,pacs.008,FAST,178.99,USD,**************8975,US,60
6e379f55-d432-7aed-a0da-dcf3a5c50b21,2026-07-07T23:28:11.876,aml,OK,pacs.008,FAST,178.99,USD,**************8975,US,50
6e379f55-d432-7aed-a0da-dcf3a5c50b21,2026-07-07T23:28:11.914,payment-hub,OK,pacs.008,FAST,178.99,USD,**************8975,US,135
6e379f55-d432-7aed-a0da-dcf3a5c50b21,2026-07-07T23:28:41.929,core-banking,OK,pacs.008,FAST,178.99,USD,**************8975,US,100
6e379f55-d432-7aed-a0da-dcf3a5c50b21,2026-07-07T23:28:41.994,settlement,SETTLED,pacs.008,FAST,178.99,USD,**************8975,US,74
dcf027e9-c897-ab24-91c0-49bd5ffb953b,2026-07-08T02:22:01.293,gateway,OK,pacs.008,FAST,208.77,INR,**************5974,IN,51
dcf027e9-c897-ab24-91c0-49bd5ffb953b,2026-07-08T02:22:01.354,auth,OK,pacs.008,FAST,208.77,INR,**************5974,IN,79
dcf027e9-c897-ab24-91c0-49bd5ffb953b,2026-07-08T02:22:01.404,validation,OK,pacs.008,FAST,208.77,INR,**************5974,IN,92
dcf027e9-c897-ab24-91c0-49bd5ffb953b,2026-07-08T02:22:01.514,aml,OK,pacs.008,FAST,208.77,INR,**************5974,IN,235
dcf027e9-c897-ab24-91c0-49bd5ffb953b,2026-07-08T02:22:01.560,payment-hub,OK,pacs.008,FAST,208.77,INR,**************5974,IN,37
dcf027e9-c897-ab24-91c0-49bd5ffb953b,2026-07-08T02:22:01.682,core-banking,OK,pacs.008,FAST,208.77,INR,**************5974,IN,107
dcf027e9-c897-ab24-91c0-49bd5ffb953b,2026-07-08T02:22:01.767,settlement,SETTLED,pacs.008,FAST,208.77,INR,**************5974,IN,60
ba6de355-685a-3bd8-01d0-c2062b8f22b7,2026-07-01T08:50:07.498,gateway,OK,pacs.008,FAST,2061.33,INR,**************2085,IN,47
ba6de355-685a-3bd8-01d0-c2062b8f22b7,2026-07-01T08:50:07.602,auth,OK,pacs.008,FAST,2061.33,INR,**************2085,IN,68
ba6de355-685a-3bd8-01d0-c2062b8f22b7,2026-07-01T08:50:07.629,validation,OK,pacs.008,FAST,2061.33,INR,**************2085,IN,96
ba6de355-685a-3bd8-01d0-c2062b8f22b7,2026-07-01T08:50:07.682,aml,TIMEOUT,pacs.008,FAST,2061.33,INR,**************2085,IN,30000
ba6de355-685a-3bd8-01d0-c2062b8f22b7,2026-07-01T08:50:07.760,payment-hub,FAILED,pacs.008,FAST,2061.33,INR,**************2085,IN,128
72db7126-c1ff-ac51-d4f3-ace9c54c5f09,2026-07-02T08:29:16.537,gateway,OK,pacs.008,FAST,426.87,MYR,**************7906,MY,40
72db7126-c1ff-ac51-d4f3-ace9c54c5f09,2026-07-02T08:29:16.639,auth,OK,pacs.008,FAST,426.87,MYR,**************7906,MY,25
72db7126-c1ff-ac51-d4f3-ace9c54c5f09,2026-07-02T08:29:16.741,validation,OK,pacs.008,FAST,426.87,MYR,**************7906,MY,111
72db7126-c1ff-ac51-d4f3-ace9c54c5f09,2026-07-02T08:29:46.766,aml,OK,pacs.008,FAST,426.87,MYR,**************7906,MY,285
72db7126-c1ff-ac51-d4f3-ace9c54c5f09,2026-07-02T08:29:46.837,payment-hub,OK,pacs.008,FAST,426.87,MYR,**************7906,MY,139
72db7126-c1ff-ac51-d4f3-ace9c54c5f09,2026-07-02T08:29:46.884,core-banking,OK,pacs.008,FAST,426.87,MYR,**************7906,MY,146
72db7126-c1ff-ac51-d4f3-ace9c54c5f09,2026-07-02T08:29:47.082,settlement,SETTLED,pacs.008,FAST,426.87,MYR,**************7906,MY,74
9dc93c80-a9fa-78c9-03b9-adb50d2b5ea3,2026-07-05T05:26:57.321,gateway,OK,MT103,SWIFT,2455.07,MYR,**************1280,MY,49
9dc93c80-a9fa-78c9-03b9-adb50d2b5ea3,2026-07-05T05:26:57.501,auth,OK,MT103,SWIFT,2455.07,MYR,**************1280,MY,68
9dc93c80-a9fa-78c9-03b9-adb50d2b5ea3,2026-07-05T05:26:57.674,validation,OK,MT103,SWIFT,2455.07,MYR,**************1280,MY,46
9dc93c80-a9fa-78c9-03b9-adb50d2b5ea3,2026-07-05T05:26:57.811,aml,OK,MT103,SWIFT,2455.07,MYR,**************1280,MY,46
9dc93c80-a9fa-78c9-03b9-adb50d2b5ea3,2026-07-05T05:26:58.073,payment-hub,OK,MT103,SWIFT,2455.07,MYR,**************1280,MY,137
9dc93c80-a9fa-78c9-03b9-adb50d2b5ea3,2026-07-05T05:27:28.100,core-banking,OK,MT103,SWIFT,2455.07,MYR,**************1280,MY,158
9dc93c80-a9fa-78c9-03b9-adb50d2b5ea3,2026-07-05T05:27:28.162,settlement,SETTLED,MT103,SWIFT,2455.07,MYR,**************1280,MY,377
3d247975-60eb-9acc-527d-18252e32c693,2026-07-08T21:41:12.824,gateway,OK,pacs.008,FAST,131.11,INR,**************6539,IN,18
3d247975-60eb-9acc-527d-18252e32c693,2026-07-08T21:41:12.882,auth,OK,pacs.008,FAST,131.11,INR,**************6539,IN,21
3d247975-60eb-9acc-527d-18252e32c693,2026-07-08T21:41:13.111,validation,OK,pacs.008,FAST,131.11,INR,**************6539,IN,40
3d247975-60eb-9acc-527d-18252e32c693,2026-07-08T21:41:13.255,aml,OK,pacs.008,FAST,131.11,INR,**************6539,IN,81
3d247975-60eb-9acc-527d-18252e32c693,2026-07-08T21:41:13.353,payment-hub,OK,pacs.008,FAST,131.11,INR,**************6539,IN,116
3d247975-60eb-9acc-527d-18252e32c693,2026-07-08T21:41:13.417,core-banking,OK,pacs.008,FAST,131.11,INR,**************6539,IN,195
3d247975-60eb-9acc-527d-18252e32c693,2026-07-08T21:41:13.568,settlement,SETTLED,pacs.008,FAST,131.11,INR,**************6539,IN,249
0c574cdf-c760-70c1-782b-b6ce812595f6,2026-07-05T12:25:24.731,gateway,OK,MT103,SWIFT,100.84,INR,**************9049,IN,30
0c574cdf-c760-70c1-782b-b6ce812595f6,2026-07-05T12:25:25.053,auth,OK,MT103,SWIFT,100.84,INR,**************9049,IN,40
0c574cdf-c760-70c1-782b-b6ce812595f6,2026-07-05T12:25:25.146,validation,OK,MT103,SWIFT,100.84,INR,**************9049,IN,116
0c574cdf-c760-70c1-782b-b6ce812595f6,2026-07-05T12:25:25.287,aml,OK,MT103,SWIFT,100.84,INR,**************9049,IN,65
0c574cdf-c760-70c1-782b-b6ce812595f6,2026-07-05T12:25:25.326,payment-hub,OK,MT103,SWIFT,100.84,INR,**************9049,IN,102
0c574cdf-c760-70c1-782b-b6ce812595f6,2026-07-05T12:25:25.358,core-banking,OK,MT103,SWIFT,100.84,INR,**************9049,IN,79
0c574cdf-c760-70c1-782b-b6ce812595f6,2026-07-05T12:25:25.437,settlement,SETTLED,MT103,SWIFT,100.84,INR,**************9049,IN,288
8a4a79f5-243c-1056-1946-c92efbfd2ed7,2026-07-15T07:25:33.081,gateway,OK,pacs.008,FAST,466.19,MYR,**************5685,MY,44
8a4a79f5-243c-1056-1946-c92efbfd2ed7,2026-07-15T07:25:33.151,auth,OK,pacs.008,FAST,466.19,MYR,**************5685,MY,80
8a4a79f5-243c-1056-1946-c92efbfd2ed7,2026-07-15T07:25:33.288,validation,OK,pacs.008,FAST,466.19,MYR,**************5685,MY,86
8a4a79f5-243c-1056-1946-c92efbfd2ed7,2026-07-15T07:25:33.347,aml,OK,pacs.008,FAST,466.19,MYR,**************5685,MY,240
8a4a79f5-243c-1056-1946-c92efbfd2ed7,2026-07-15T07:25:33.528,payment-hub,OK,pacs.008,FAST,466.19,MYR,**************5685,MY,143
8a4a79f5-243c-1056-1946-c92efbfd2ed7,2026-07-15T07:25:33.595,core-banking,OK,pacs.008,FAST,466.19,MYR,**************5685,MY,147
8a4a79f5-243c-1056-1946-c92efbfd2ed7,2026-07-15T07:25:33.686,settlement,SETTLED,pacs.008,FAST,466.19,MYR,**************5685,MY,219
5d87966f-1c24-d1f3-8b98-019418642c8a,2026-07-08T03:52:34.384,gateway,OK,pacs.008,FAST,192.77,USD,**************0903,US,24
5d87966f-1c24-d1f3-8b98-019418642c8a,2026-07-08T03:52:34.453,auth,OK,pacs.008,FAST,192.77,USD,**************0903,US,35
5d87966f-1c24-d1f3-8b98-019418642c8a,2026-07-08T03:52:34.496,validation,OK,pacs.008,FAST,192.77,USD,**************0903,US,33
5d87966f-1c24-d1f3-8b98-019418642c8a,2026-07-08T03:52:34.712,aml,OK,pacs.008,FAST,192.77,USD,**************0903,US,56
5d87966f-1c24-d1f3-8b98-019418642c8a,2026-07-08T03:52:34.785,payment-hub,OK,pacs.008,FAST,192.77,USD,**************0903,US,107
5d87966f-1c24-d1f3-8b98-019418642c8a,2026-07-08T03:52:35.061,core-banking,OK,pacs.008,FAST,192.77,USD,**************0903,US,67
5d87966f-1c24-d1f3-8b98-019418642c8a,2026-07-08T03:52:35.127,settlement,SETTLED,pacs.008,FAST,192.77,USD,**************0903,US,194
b2cf1dc0-6b4d-1d98-fc1d-7062a32389dd,2026-07-09T01:45:50.729,gateway,OK,0200,CARDS,1462.06,SGD,**************5952,MY,18
b2cf1dc0-6b4d-1d98-fc1d-7062a32389dd,2026-07-09T01:45:50.779,auth,OK,0200,CARDS,1462.06,SGD,**************5952,MY,38
b2cf1dc0-6b4d-1d98-fc1d-7062a32389dd,2026-07-09T01:45:51.032,validation,OK,0200,CARDS,1462.06,SGD,**************5952,MY,64
b2cf1dc0-6b4d-1d98-fc1d-7062a32389dd,2026-07-09T01:45:51.170,aml,OK,0200,CARDS,1462.06,SGD,**************5952,MY,108
b2cf1dc0-6b4d-1d98-fc1d-7062a32389dd,2026-07-09T01:45:51.280,payment-hub,OK,0200,CARDS,1462.06,SGD,**************5952,MY,38
b2cf1dc0-6b4d-1d98-fc1d-7062a32389dd,2026-07-09T01:45:51.386,core-banking,OK,0200,CARDS,1462.06,SGD,**************5952,MY,76
b2cf1dc0-6b4d-1d98-fc1d-7062a32389dd,2026-07-09T01:45:51.619,settlement,SETTLED,0200,CARDS,1462.06,SGD,**************5952,MY,327
c3f295c1-a1a7-59d9-e274-a0a816aaa4e4,2026-07-10T14:17:02.453,gateway,OK,pacs.008,FAST,383.17,MYR,**************8514,MY,50
c3f295c1-a1a7-59d9-e274-a0a816aaa4e4,2026-07-10T14:17:02.502,auth,OK,pacs.008,FAST,383.17,MYR,**************8514,MY,83
c3f295c1-a1a7-59d9-e274-a0a816aaa4e4,2026-07-10T14:17:02.541,validation,OK,pacs.008,FAST,383.17,MYR,**************8514,MY,57
c3f295c1-a1a7-59d9-e274-a0a816aaa4e4,2026-07-10T14:17:02.764,aml,OK,pacs.008,FAST,383.17,MYR,**************8514,MY,85
c3f295c1-a1a7-59d9-e274-a0a816aaa4e4,2026-07-10T14:17:02.869,payment-hub,OK,pacs.008,FAST,383.17,MYR,**************8514,MY,146
c3f295c1-a1a7-59d9-e274-a0a816aaa4e4,2026-07-10T14:17:02.942,core-banking,OK,pacs.008,FAST,383.17,MYR,**************8514,MY,134
c3f295c1-a1a7-59d9-e274-a0a816aaa4e4,2026-07-10T14:17:03.197,settlement,SETTLED,pacs.008,FAST,383.17,MYR,**************8514,MY,391
6385379a-0c35-af81-2027-ba7015322f17,2026-07-12T12:52:35.207,gateway,OK,pacs.008,FAST,801.75,INR,**************4142,IN,58
6385379a-0c35-af81-2027-ba7015322f17,2026-07-12T12:52:35.366,auth,OK,pacs.008,FAST,801.75,INR,**************4142,IN,64
6385379a-0c35-af81-2027-ba7015322f17,2026-07-12T12:52:35.445,validation,OK,pacs.008,FAST,801.75,INR,**************4142,IN,57
6385379a-0c35-af81-2027-ba7015322f17,2026-07-12T12:52:35.524,aml,OK,pacs.008,FAST,801.75,INR,**************4142,IN,41
6385379a-0c35-af81-2027-ba7015322f17,2026-07-12T12:52:35.620,payment-hub,OK,pacs.008,FAST,801.75,INR,**************4142,IN,101
6385379a-0c35-af81-2027-ba7015322f17,2026-07-12T12:52:35.706,core-banking,OK,pacs.008,FAST,801.75,INR,**************4142,IN,168
6385379a-0c35-af81-2027-ba7015322f17,2026-07-12T12:52:35.774,settlement,SETTLED,pacs.008,FAST,801.75,INR,**************4142,IN,141
d19b4bad-549c-53a2-790e-d1e3f5df85a9,2026-07-07T04:33:38.966,gateway,OK,MT103,SWIFT,3310.88,GBP,**************9716,GB,27
d19b4bad-549c-53a2-790e-d1e3f5df85a9,2026-07-07T04:33:39.236,auth,OK,MT103,SWIFT,3310.88,GBP,**************9716,GB,31
d19b4bad-549c-53a2-790e-d1e3f5df85a9,2026-07-07T04:33:39.526,validation,OK,MT103,SWIFT,3310.88,GBP,**************9716,GB,75
d19b4bad-549c-53a2-790e-d1e3f5df85a9,2026-07-07T04:33:39.784,aml,OK,MT103,SWIFT,3310.88,GBP,**************9716,GB,75
d19b4bad-549c-53a2-790e-d1e3f5df85a9,2026-07-07T04:33:39.879,payment-hub,OK,MT103,SWIFT,3310.88,GBP,**************9716,GB,39
d19b4bad-549c-53a2-790e-d1e3f5df85a9,2026-07-07T04:33:40.054,core-banking,OK,MT103,SWIFT,3310.88,GBP,**************9716,GB,211
d19b4bad-549c-53a2-790e-d1e3f5df85a9,2026-07-07T04:33:40.113,settlement,SETTLED,MT103,SWIFT,3310.88,GBP,**************9716,GB,246
b7643589-5b64-710d-31f1-76cfcad79b9c,2026-07-14T21:25:24.538,gateway,OK,pacs.008,FAST,237.14,SGD,**************2809,SG,29
b7643589-5b64-710d-31f1-76cfcad79b9c,2026-07-14T21:25:24.639,auth,OK,pacs.008,FAST,237.14,SGD,**************2809,SG,40
b7643589-5b64-710d-31f1-76cfcad79b9c,2026-07-14T21:25:24.780,validation,OK,pacs.008,FAST,237.14,SGD,**************2809,SG,68
b7643589-5b64-710d-31f1-76cfcad79b9c,2026-07-14T21:25:24.976,aml,OK,pacs.008,FAST,237.14,SGD,**************2809,SG,133
b7643589-5b64-710d-31f1-76cfcad79b9c,2026-07-14T21:25:25.037,payment-hub,OK,pacs.008,FAST,237.14,SGD,**************2809,SG,107
b7643589-5b64-710d-31f1-76cfcad79b9c,2026-07-14T21:25:25.175,core-banking,OK,pacs.008,FAST,237.14,SGD,**************2809,SG,219
b7643589-5b64-710d-31f1-76cfcad79b9c,2026-07-14T21:25:25.249,settlement,SETTLED,pacs.008,FAST,237.14,SGD,**************2809,SG,160
5e833e8f-3c41-277f-8277-b580e9952dc3,2026-07-01T11:46:49.656,gateway,OK,pacs.008,FAST,1084.68,USD,**************8308,US,48
5e833e8f-3c41-277f-8277-b580e9952dc3,2026-07-01T11:46:49.826,auth,OK,pacs.008,FAST,1084.68,USD,**************8308,US,25
5e833e8f-3c41-277f-8277-b580e9952dc3,2026-07-01T11:46:49.903,validation,OK,pacs.008,FAST,1084.68,USD,**************8308,US,62
5e833e8f-3c41-277f-8277-b580e9952dc3,2026-07-01T11:46:50.039,aml,OK,pacs.008,FAST,1084.68,USD,**************8308,US,145
5e833e8f-3c41-277f-8277-b580e9952dc3,2026-07-01T11:46:50.148,payment-hub,OK,pacs.008,FAST,1084.68,USD,**************8308,US,129
5e833e8f-3c41-277f-8277-b580e9952dc3,2026-07-01T11:46:50.377,core-banking,OK,pacs.008,FAST,1084.68,USD,**************8308,US,151
5e833e8f-3c41-277f-8277-b580e9952dc3,2026-07-01T11:46:50.654,settlement,SETTLED,pacs.008,FAST,1084.68,USD,**************8308,US,322
f0cfa323-0563-607a-46a2-c6f646e0382f,2026-07-07T22:02:49.558,gateway,OK,pacs.008,FAST,253.6,USD,**************6934,US,55
f0cfa323-0563-607a-46a2-c6f646e0382f,2026-07-07T22:02:49.823,auth,OK,pacs.008,FAST,253.6,USD,**************6934,US,33
f0cfa323-0563-607a-46a2-c6f646e0382f,2026-07-07T22:02:49.960,validation,OK,pacs.008,FAST,253.6,USD,**************6934,US,53
f0cfa323-0563-607a-46a2-c6f646e0382f,2026-07-07T22:02:50.073,aml,OK,pacs.008,FAST,253.6,USD,**************6934,US,47
f0cfa323-0563-607a-46a2-c6f646e0382f,2026-07-07T22:02:50.125,payment-hub,OK,pacs.008,FAST,253.6,USD,**************6934,US,94
f0cfa323-0563-607a-46a2-c6f646e0382f,2026-07-07T22:02:50.228,core-banking,OK,pacs.008,FAST,253.6,USD,**************6934,US,201
f0cfa323-0563-607a-46a2-c6f646e0382f,2026-07-07T22:02:50.352,settlement,SETTLED,pacs.008,FAST,253.6,USD,**************6934,US,211
fd484bec-2062-6104-dc46-262570490575,2026-07-15T01:12:53.673,gateway,OK,pacs.008,FAST,1475.83,SGD,**************0513,SG,60
fd484bec-2062-6104-dc46-262570490575,2026-07-15T01:12:53.837,auth,OK,pacs.008,FAST,1475.83,SGD,**************0513,SG,61
fd484bec-2062-6104-dc46-262570490575,2026-07-15T01:12:54.025,validation,REJECTED,pacs.008,FAST,1475.83,SGD,**************0513,SG,59
9552f899-0d2a-364d-17e3-07c43a241c92,2026-07-06T21:20:29.509,gateway,OK,MT103,SWIFT,538.12,MYR,**************1983,MY,39
9552f899-0d2a-364d-17e3-07c43a241c92,2026-07-06T21:20:29.648,auth,OK,MT103,SWIFT,538.12,MYR,**************1983,MY,65
9552f899-0d2a-364d-17e3-07c43a241c92,2026-07-06T21:20:29.757,validation,OK,MT103,SWIFT,538.12,MYR,**************1983,MY,69
9552f899-0d2a-364d-17e3-07c43a241c92,2026-07-06T21:20:29.839,aml,OK,MT103,SWIFT,538.12,MYR,**************1983,MY,90
9552f899-0d2a-364d-17e3-07c43a241c92,2026-07-06T21:20:29.875,payment-hub,OK,MT103,SWIFT,538.12,MYR,**************1983,MY,139
9552f899-0d2a-364d-17e3-07c43a241c92,2026-07-06T21:20:30.108,core-banking,OK,MT103,SWIFT,538.12,MYR,**************1983,MY,191
9552f899-0d2a-364d-17e3-07c43a241c92,2026-07-06T21:20:30.166,settlement,SETTLED,MT103,SWIFT,538.12,MYR,**************1983,MY,332
485e10ce-d409-83db-0e76-041fcb9bea40,2026-07-12T10:52:42.039,gateway,OK,pacs.008,FAST,530.17,EUR,**************3015,SG,41
485e10ce-d409-83db-0e76-041fcb9bea40,2026-07-12T10:52:42.112,auth,OK,pacs.008,FAST,530.17,EUR,**************3015,SG,76
485e10ce-d409-83db-0e76-041fcb9bea40,2026-07-12T10:52:42.304,validation,OK,pacs.008,FAST,530.17,EUR,**************3015,SG,78
485e10ce-d409-83db-0e76-041fcb9bea40,2026-07-12T10:52:42.466,aml,OK,pacs.008,FAST,530.17,EUR,**************3015,SG,115
485e10ce-d409-83db-0e76-041fcb9bea40,2026-07-12T10:52:42.573,payment-hub,OK,pacs.008,FAST,530.17,EUR,**************3015,SG,113
485e10ce-d409-83db-0e76-041fcb9bea40,2026-07-12T10:52:42.643,core-banking,OK,pacs.008,FAST,530.17,EUR,**************3015,SG,185
485e10ce-d409-83db-0e76-041fcb9bea40,2026-07-12T10:52:42.687,settlement,SETTLED,pacs.008,FAST,530.17,EUR,**************3015,SG,124
18db79a6-78e4-2e94-faf6-257578fd1ca6,2026-07-05T17:59:10.254,gateway,OK,pacs.008,FAST,960.08,USD,**************5712,HK,30
18db79a6-78e4-2e94-faf6-257578fd1ca6,2026-07-05T17:59:10.351,auth,OK,pacs.008,FAST,960.08,USD,**************5712,HK,60
18db79a6-78e4-2e94-faf6-257578fd1ca6,2026-07-05T17:59:10.411,validation,OK,pacs.008,FAST,960.08,USD,**************5712,HK,120
18db79a6-78e4-2e94-faf6-257578fd1ca6,2026-07-05T17:59:10.477,aml,OK,pacs.008,FAST,960.08,USD,**************5712,HK,203
18db79a6-78e4-2e94-faf6-257578fd1ca6,2026-07-05T17:59:10.620,payment-hub,OK,pacs.008,FAST,960.08,USD,**************5712,HK,105
18db79a6-78e4-2e94-faf6-257578fd1ca6,2026-07-05T17:59:10.823,core-banking,OK,pacs.008,FAST,960.08,USD,**************5712,HK,155
18db79a6-78e4-2e94-faf6-257578fd1ca6,2026-07-05T17:59:10.889,settlement,SETTLED,pacs.008,FAST,960.08,USD,**************5712,HK,390
206ddd3f-350f-cb3c-fa2c-30246d46f996,2026-07-08T08:41:53.799,gateway,OK,MT103,SWIFT,420.3,SGD,**************7067,SG,48
206ddd3f-350f-cb3c-fa2c-30246d46f996,2026-07-08T08:41:53.924,auth,OK,MT103,SWIFT,420.3,SGD,**************7067,SG,33
206ddd3f-350f-cb3c-fa2c-30246d46f996,2026-07-08T08:41:54.138,validation,OK,MT103,SWIFT,420.3,SGD,**************7067,SG,107
206ddd3f-350f-cb3c-fa2c-30246d46f996,2026-07-08T08:41:54.195,aml,OK,MT103,SWIFT,420.3,SGD,**************7067,SG,177
206ddd3f-350f-cb3c-fa2c-30246d46f996,2026-07-08T08:41:54.437,payment-hub,OK,MT103,SWIFT,420.3,SGD,**************7067,SG,44
206ddd3f-350f-cb3c-fa2c-30246d46f996,2026-07-08T08:41:54.630,core-banking,OK,MT103,SWIFT,420.3,SGD,**************7067,SG,125
206ddd3f-350f-cb3c-fa2c-30246d46f996,2026-07-08T08:41:54.757,settlement,SETTLED,MT103,SWIFT,420.3,SGD,**************7067,SG,373
642b4048-8342-7846-f609-4d7aa2473f05,2026-07-05T06:04:06.367,gateway,OK,pacs.008,FAST,313.77,MYR,**************1888,MY,45
642b4048-8342-7846-f609-4d7aa2473f05,2026-07-05T06:04:06.431,auth,OK,pacs.008,FAST,313.77,MYR,**************1888,MY,34
642b4048-8342-7846-f609-4d7aa2473f05,2026-07-05T06:04:06.508,validation,OK,pacs.008,FAST,313.77,MYR,**************1888,MY,68
642b4048-8342-7846-f609-4d7aa2473f05,2026-07-05T06:04:06.592,aml,TIMEOUT,pacs.008,FAST,313.77,MYR,**************1888,MY,30000
642b4048-8342-7846-f609-4d7aa2473f05,2026-07-05T06:04:06.668,payment-hub,FAILED,pacs.008,FAST,313.77,MYR,**************1888,MY,79
02546484-f67a-c2e1-1158-fbb2c918587e,2026-07-06T00:09:14.135,gateway,OK,pacs.008,FAST,276.69,SGD,**************0030,SG,52
02546484-f67a-c2e1-1158-fbb2c918587e,2026-07-06T00:09:14.236,auth,OK,pacs.008,FAST,276.69,SGD,**************0030,SG,20
02546484-f67a-c2e1-1158-fbb2c918587e,2026-07-06T00:09:14.373,validation,OK,pacs.008,FAST,276.69,SGD,**************0030,SG,117
02546484-f67a-c2e1-1158-fbb2c918587e,2026-07-06T00:09:14.466,aml,OK,pacs.008,FAST,276.69,SGD,**************0030,SG,151
02546484-f67a-c2e1-1158-fbb2c918587e,2026-07-06T00:09:14.500,payment-hub,OK,pacs.008,FAST,276.69,SGD,**************0030,SG,86
02546484-f67a-c2e1-1158-fbb2c918587e,2026-07-06T00:09:14.569,core-banking,OK,pacs.008,FAST,276.69,SGD,**************0030,SG,245
02546484-f67a-c2e1-1158-fbb2c918587e,2026-07-06T00:09:14.640,settlement,SETTLED,pacs.008,FAST,276.69,SGD,**************0030,SG,234
e7287fd5-83c9-7ae2-92b5-1441bb2920bb,2026-07-10T05:56:13.485,gateway,OK,pacs.008,FAST,165.33,GBP,**************3750,GB,41
e7287fd5-83c9-7ae2-92b5-1441bb2920bb,2026-07-10T05:56:13.621,auth,OK,pacs.008,FAST,165.33,GBP,**************3750,GB,26
e7287fd5-83c9-7ae2-92b5-1441bb2920bb,2026-07-10T05:56:13.665,validation,OK,pacs.008,FAST,165.33,GBP,**************3750,GB,44
e7287fd5-83c9-7ae2-92b5-1441bb2920bb,2026-07-10T05:56:13.723,aml,OK,pacs.008,FAST,165.33,GBP,**************3750,GB,297
e7287fd5-83c9-7ae2-92b5-1441bb2920bb,2026-07-10T05:56:13.827,payment-hub,OK,pacs.008,FAST,165.33,GBP,**************3750,GB,145
e7287fd5-83c9-7ae2-92b5-1441bb2920bb,2026-07-10T05:56:13.936,core-banking,OK,pacs.008,FAST,165.33,GBP,**************3750,GB,73
e7287fd5-83c9-7ae2-92b5-1441bb2920bb,2026-07-10T05:56:13.997,settlement,SETTLED,pacs.008,FAST,165.33,GBP,**************3750,GB,87
00cb1a70-d67d-44c8-8242-89c6bb772051,2026-07-09T22:28:50.009,gateway,OK,MT103,SWIFT,437.2,SGD,**************5064,SG,48
00cb1a70-d67d-44c8-8242-89c6bb772051,2026-07-09T22:28:50.099,auth,OK,MT103,SWIFT,437.2,SGD,**************5064,SG,72
00cb1a70-d67d-44c8-8242-89c6bb772051,2026-07-09T22:28:50.181,validation,OK,MT103,SWIFT,437.2,SGD,**************5064,SG,31
00cb1a70-d67d-44c8-8242-89c6bb772051,2026-07-09T22:28:50.201,aml,OK,MT103,SWIFT,437.2,SGD,**************5064,SG,131
00cb1a70-d67d-44c8-8242-89c6bb772051,2026-07-09T22:28:50.248,payment-hub,OK,MT103,SWIFT,437.2,SGD,**************5064,SG,138
00cb1a70-d67d-44c8-8242-89c6bb772051,2026-07-09T22:28:50.301,core-banking,OK,MT103,SWIFT,437.2,SGD,**************5064,SG,171
00cb1a70-d67d-44c8-8242-89c6bb772051,2026-07-09T22:28:50.409,settlement,SETTLED,MT103,SWIFT,437.2,SGD,**************5064,SG,306
debd3daa-cd11-9b20-f369-41241413b337,2026-07-04T13:29:07.637,gateway,OK,MT103,SWIFT,236.33,SGD,**************0321,SG,34
debd3daa-cd11-9b20-f369-41241413b337,2026-07-04T13:29:07.752,auth,OK,MT103,SWIFT,236.33,SGD,**************0321,SG,31
debd3daa-cd11-9b20-f369-41241413b337,2026-07-04T13:29:08.033,validation,OK,MT103,SWIFT,236.33,SGD,**************0321,SG,39
debd3daa-cd11-9b20-f369-41241413b337,2026-07-04T13:29:08.136,aml,TIMEOUT,MT103,SWIFT,236.33,SGD,**************0321,SG,30000
debd3daa-cd11-9b20-f369-41241413b337,2026-07-04T13:29:08.242,payment-hub,FAILED,MT103,SWIFT,236.33,SGD,**************0321,SG,45
b49009dc-27ac-389c-960b-6a9d2363af8a,2026-07-07T19:46:54.873,gateway,OK,MT103,SWIFT,298.79,SGD,**************6977,SG,23
b49009dc-27ac-389c-960b-6a9d2363af8a,2026-07-07T19:46:54.927,auth,OK,MT103,SWIFT,298.79,SGD,**************6977,SG,20
b49009dc-27ac-389c-960b-6a9d2363af8a,2026-07-07T19:46:55.022,validation,OK,MT103,SWIFT,298.79,SGD,**************6977,SG,105
b49009dc-27ac-389c-960b-6a9d2363af8a,2026-07-07T19:46:55.125,aml,OK,MT103,SWIFT,298.79,SGD,**************6977,SG,89
b49009dc-27ac-389c-960b-6a9d2363af8a,2026-07-07T19:46:55.318,payment-hub,OK,MT103,SWIFT,298.79,SGD,**************6977,SG,93
b49009dc-27ac-389c-960b-6a9d2363af8a,2026-07-07T19:46:55.569,core-banking,OK,MT103,SWIFT,298.79,SGD,**************6977,SG,197
b49009dc-27ac-389c-960b-6a9d2363af8a,2026-07-07T19:46:55.698,settlement,SETTLED,MT103,SWIFT,298.79,SGD,**************6977,SG,203
e9513b49-3c1f-2506-f8e3-7fa202d61bca,2026-07-05T20:56:28.836,gateway,OK,pacs.008,FAST,309.22,SGD,**************8887,SG,28
e9513b49-3c1f-2506-f8e3-7fa202d61bca,2026-07-05T20:56:28.913,auth,OK,pacs.008,FAST,309.22,SGD,**************8887,SG,22
e9513b49-3c1f-2506-f8e3-7fa202d61bca,2026-07-05T20:56:29.105,validation,OK,pacs.008,FAST,309.22,SGD,**************8887,SG,116
e9513b49-3c1f-2506-f8e3-7fa202d61bca,2026-07-05T20:56:29.168,aml,OK,pacs.008,FAST,309.22,SGD,**************8887,SG,146
e9513b49-3c1f-2506-f8e3-7fa202d61bca,2026-07-05T20:56:29.242,payment-hub,OK,pacs.008,FAST,309.22,SGD,**************8887,SG,150
e9513b49-3c1f-2506-f8e3-7fa202d61bca,2026-07-05T20:56:29.333,core-banking,OK,pacs.008,FAST,309.22,SGD,**************8887,SG,123
e9513b49-3c1f-2506-f8e3-7fa202d61bca,2026-07-05T20:56:29.390,settlement,SETTLED,pacs.008,FAST,309.22,SGD,**************8887,SG,109
51c4a954-39d9-6be3-f58f-d71656b37391,2026-07-04T13:50:07.756,gateway,OK,MT103,SWIFT,957.44,SGD,**************7319,SG,17
51c4a954-39d9-6be3-f58f-d71656b37391,2026-07-04T13:50:37.775,auth,OK,MT103,SWIFT,957.44,SGD,**************7319,SG,35
51c4a954-39d9-6be3-f58f-d71656b37391,2026-07-04T13:50:37.872,validation,OK,MT103,SWIFT,957.44,SGD,**************7319,SG,75
51c4a954-39d9-6be3-f58f-d71656b37391,2026-07-04T13:50:37.942,aml,OK,MT103,SWIFT,957.44,SGD,**************7319,SG,221
51c4a954-39d9-6be3-f58f-d71656b37391,2026-07-04T13:50:37.989,payment-hub,OK,MT103,SWIFT,957.44,SGD,**************7319,SG,30
51c4a954-39d9-6be3-f58f-d71656b37391,2026-07-04T13:50:38.076,core-banking,OK,MT103,SWIFT,957.44,SGD,**************7319,SG,225
51c4a954-39d9-6be3-f58f-d71656b37391,2026-07-04T13:50:38.250,settlement,SETTLED,MT103,SWIFT,957.44,SGD,**************7319,SG,306
644c9b1e-249b-b415-b8fe-1da5278cfd06,2026-07-08T14:59:46.188,gateway,OK,pacs.008,FAST,2318.84,INR,**************1412,IN,28
644c9b1e-249b-b415-b8fe-1da5278cfd06,2026-07-08T14:59:46.413,auth,OK,pacs.008,FAST,2318.84,INR,**************1412,IN,89
644c9b1e-249b-b415-b8fe-1da5278cfd06,2026-07-08T14:59:46.640,validation,OK,pacs.008,FAST,2318.84,INR,**************1412,IN,75
644c9b1e-249b-b415-b8fe-1da5278cfd06,2026-07-08T14:59:46.735,aml,TIMEOUT,pacs.008,FAST,2318.84,INR,**************1412,IN,30000
644c9b1e-249b-b415-b8fe-1da5278cfd06,2026-07-08T14:59:46.837,payment-hub,FAILED,pacs.008,FAST,2318.84,INR,**************1412,IN,78
cb914895-1c24-0146-25b9-d6703298162e,2026-07-04T02:03:32.274,gateway,OK,MT103,SWIFT,485.3,MYR,**************6622,MY,59
cb914895-1c24-0146-25b9-d6703298162e,2026-07-04T02:03:32.328,auth,OK,MT103,SWIFT,485.3,MYR,**************6622,MY,73
cb914895-1c24-0146-25b9-d6703298162e,2026-07-04T02:03:32.399,validation,OK,MT103,SWIFT,485.3,MYR,**************6622,MY,74
cb914895-1c24-0146-25b9-d6703298162e,2026-07-04T02:03:32.483,aml,OK,MT103,SWIFT,485.3,MYR,**************6622,MY,165
cb914895-1c24-0146-25b9-d6703298162e,2026-07-04T02:03:32.543,payment-hub,OK,MT103,SWIFT,485.3,MYR,**************6622,MY,34
cb914895-1c24-0146-25b9-d6703298162e,2026-07-04T02:03:32.653,core-banking,OK,MT103,SWIFT,485.3,MYR,**************6622,MY,116
cb914895-1c24-0146-25b9-d6703298162e,2026-07-04T02:03:32.741,settlement,SETTLED,MT103,SWIFT,485.3,MYR,**************6622,MY,399
bb33c131-3903-8604-973e-71d89075f3e0,2026-07-06T18:53:31.302,gateway,OK,pacs.008,FAST,2196.89,MYR,**************0137,MY,29
bb33c131-3903-8604-973e-71d89075f3e0,2026-07-06T18:53:31.348,auth,OK,pacs.008,FAST,2196.89,MYR,**************0137,MY,71
bb33c131-3903-8604-973e-71d89075f3e0,2026-07-06T18:53:31.527,validation,OK,pacs.008,FAST,2196.89,MYR,**************0137,MY,100
bb33c131-3903-8604-973e-71d89075f3e0,2026-07-06T18:53:31.607,aml,OK,pacs.008,FAST,2196.89,MYR,**************0137,MY,130
bb33c131-3903-8604-973e-71d89075f3e0,2026-07-06T18:53:31.753,payment-hub,OK,pacs.008,FAST,2196.89,MYR,**************0137,MY,99
bb33c131-3903-8604-973e-71d89075f3e0,2026-07-06T18:53:31.785,core-banking,OK,pacs.008,FAST,2196.89,MYR,**************0137,MY,162
bb33c131-3903-8604-973e-71d89075f3e0,2026-07-06T18:53:31.839,settlement,SETTLED,pacs.008,FAST,2196.89,MYR,**************0137,MY,83
342f3455-71e0-f861-4e5e-aec44e087f16,2026-07-05T09:29:10.976,gateway,OK,pacs.008,FAST,954.02,SGD,**************4351,SG,56
342f3455-71e0-f861-4e5e-aec44e087f16,2026-07-05T09:29:11.034,auth,OK,pacs.008,FAST,954.02,SGD,**************4351,SG,71
342f3455-71e0-f861-4e5e-aec44e087f16,2026-07-05T09:29:11.215,validation,OK,pacs.008,FAST,954.02,SGD,**************4351,SG,103
342f3455-71e0-f861-4e5e-aec44e087f16,2026-07-05T09:29:11.277,aml,TIMEOUT,pacs.008,FAST,954.02,SGD,**************4351,SG,30000
342f3455-71e0-f861-4e5e-aec44e087f16,2026-07-05T09:29:11.369,payment-hub,FAILED,pacs.008,FAST,954.02,SGD,**************4351,SG,31
cd99a154-ac94-d21d-cbb6-aaa3b7a60b4a,2026-07-14T15:00:52.627,gateway,OK,pacs.008,FAST,162.71,SGD,**************5683,SG,54
cd99a154-ac94-d21d-cbb6-aaa3b7a60b4a,2026-07-14T15:00:52.670,auth,OK,pacs.008,FAST,162.71,SGD,**************5683,SG,53
cd99a154-ac94-d21d-cbb6-aaa3b7a60b4a,2026-07-14T15:00:52.729,validation,OK,pacs.008,FAST,162.71,SGD,**************5683,SG,35
cd99a154-ac94-d21d-cbb6-aaa3b7a60b4a,2026-07-14T15:00:52.975,aml,OK,pacs.008,FAST,162.71,SGD,**************5683,SG,115
cd99a154-ac94-d21d-cbb6-aaa3b7a60b4a,2026-07-14T15:00:53.116,payment-hub,OK,pacs.008,FAST,162.71,SGD,**************5683,SG,138
cd99a154-ac94-d21d-cbb6-aaa3b7a60b4a,2026-07-14T15:00:53.173,core-banking,OK,pacs.008,FAST,162.71,SGD,**************5683,SG,183
cd99a154-ac94-d21d-cbb6-aaa3b7a60b4a,2026-07-14T15:00:53.313,settlement,SETTLED,pacs.008,FAST,162.71,SGD,**************5683,SG,208
fcbfd3ed-736a-60bb-74e7-7d36683e6ca9,2026-07-08T02:47:45.908,gateway,OK,MT103,SWIFT,4399.08,MYR,**************3430,MY,55
fcbfd3ed-736a-60bb-74e7-7d36683e6ca9,2026-07-08T02:47:46.100,auth,OK,MT103,SWIFT,4399.08,MYR,**************3430,MY,21
fcbfd3ed-736a-60bb-74e7-7d36683e6ca9,2026-07-08T02:47:46.158,validation,OK,MT103,SWIFT,4399.08,MYR,**************3430,MY,102
fcbfd3ed-736a-60bb-74e7-7d36683e6ca9,2026-07-08T02:47:46.300,aml,OK,MT103,SWIFT,4399.08,MYR,**************3430,MY,207
fcbfd3ed-736a-60bb-74e7-7d36683e6ca9,2026-07-08T02:47:46.484,payment-hub,OK,MT103,SWIFT,4399.08,MYR,**************3430,MY,59
fcbfd3ed-736a-60bb-74e7-7d36683e6ca9,2026-07-08T02:47:46.597,core-banking,OK,MT103,SWIFT,4399.08,MYR,**************3430,MY,84
fcbfd3ed-736a-60bb-74e7-7d36683e6ca9,2026-07-08T02:47:46.657,settlement,SETTLED,MT103,SWIFT,4399.08,MYR,**************3430,MY,223
9eeca24b-49f8-32b7-4d00-32b9b3e42a78,2026-07-02T07:52:36.436,gateway,OK,MT103,SWIFT,3245.39,SGD,**************7346,SG,49
9eeca24b-49f8-32b7-4d00-32b9b3e42a78,2026-07-02T07:52:36.578,auth,OK,MT103,SWIFT,3245.39,SGD,**************7346,SG,63
9eeca24b-49f8-32b7-4d00-32b9b3e42a78,2026-07-02T07:52:36.717,validation,OK,MT103,SWIFT,3245.39,SGD,**************7346,SG,73
9eeca24b-49f8-32b7-4d00-32b9b3e42a78,2026-07-02T07:52:36.900,aml,OK,MT103,SWIFT,3245.39,SGD,**************7346,SG,268
9eeca24b-49f8-32b7-4d00-32b9b3e42a78,2026-07-02T07:52:37.000,payment-hub,OK,MT103,SWIFT,3245.39,SGD,**************7346,SG,127
9eeca24b-49f8-32b7-4d00-32b9b3e42a78,2026-07-02T07:52:37.256,core-banking,OK,MT103,SWIFT,3245.39,SGD,**************7346,SG,166
9eeca24b-49f8-32b7-4d00-32b9b3e42a78,2026-07-02T07:52:37.381,settlement,SETTLED,MT103,SWIFT,3245.39,SGD,**************7346,SG,166
bee32982-4f0d-f0d0-3d6a-8d78297a931f,2026-07-08T21:15:14.783,gateway,OK,MT103,SWIFT,431.33,GBP,**************2738,GB,15
bee32982-4f0d-f0d0-3d6a-8d78297a931f,2026-07-08T21:15:14.913,auth,OK,MT103,SWIFT,431.33,GBP,**************2738,GB,43
bee32982-4f0d-f0d0-3d6a-8d78297a931f,2026-07-08T21:15:14.962,validation,OK,MT103,SWIFT,431.33,GBP,**************2738,GB,78
bee32982-4f0d-f0d0-3d6a-8d78297a931f,2026-07-08T21:15:15.094,aml,OK,MT103,SWIFT,431.33,GBP,**************2738,GB,108
bee32982-4f0d-f0d0-3d6a-8d78297a931f,2026-07-08T21:15:15.149,payment-hub,OK,MT103,SWIFT,431.33,GBP,**************2738,GB,114
bee32982-4f0d-f0d0-3d6a-8d78297a931f,2026-07-08T21:15:15.255,core-banking,OK,MT103,SWIFT,431.33,GBP,**************2738,GB,235
bee32982-4f0d-f0d0-3d6a-8d78297a931f,2026-07-08T21:15:15.345,settlement,SETTLED,MT103,SWIFT,431.33,GBP,**************2738,GB,186
a7b926fc-44d4-11de-b3c5-c0a425d3f905,2026-07-09T20:00:19.193,gateway,OK,MT103,SWIFT,784.22,SGD,**************1649,SG,16
a7b926fc-44d4-11de-b3c5-c0a425d3f905,2026-07-09T20:00:19.296,auth,OK,MT103,SWIFT,784.22,SGD,**************1649,SG,44
a7b926fc-44d4-11de-b3c5-c0a425d3f905,2026-07-09T20:00:19.443,validation,REJECTED,MT103,SWIFT,784.22,SGD,**************1649,SG,59
c6c3acc4-015d-200c-1515-0af181287372,2026-07-06T10:19:43.437,gateway,OK,pacs.008,FAST,292.81,SGD,**************9681,MY,60
c6c3acc4-015d-200c-1515-0af181287372,2026-07-06T10:19:43.552,auth,OK,pacs.008,FAST,292.81,SGD,**************9681,MY,79
c6c3acc4-015d-200c-1515-0af181287372,2026-07-06T10:19:43.634,validation,REJECTED,pacs.008,FAST,292.81,SGD,**************9681,MY,26
ba75793d-b323-9864-0a79-b5ceec071540,2026-07-06T19:37:24.800,gateway,OK,pacs.008,FAST,319.74,SGD,**************0197,SG,32
ba75793d-b323-9864-0a79-b5ceec071540,2026-07-06T19:37:54.831,auth,OK,pacs.008,FAST,319.74,SGD,**************0197,SG,63
ba75793d-b323-9864-0a79-b5ceec071540,2026-07-06T19:37:54.896,validation,OK,pacs.008,FAST,319.74,SGD,**************0197,SG,70
ba75793d-b323-9864-0a79-b5ceec071540,2026-07-06T19:37:54.966,aml,OK,pacs.008,FAST,319.74,SGD,**************0197,SG,138
ba75793d-b323-9864-0a79-b5ceec071540,2026-07-06T19:37:55.016,payment-hub,OK,pacs.008,FAST,319.74,SGD,**************0197,SG,36
ba75793d-b323-9864-0a79-b5ceec071540,2026-07-06T19:37:55.103,core-banking,OK,pacs.008,FAST,319.74,SGD,**************0197,SG,131
ba75793d-b323-9864-0a79-b5ceec071540,2026-07-06T19:38:25.143,settlement,SETTLED,pacs.008,FAST,319.74,SGD,**************0197,SG,77
9d7a6c13-1128-9d5b-9621-854bca558594,2026-07-14T14:25:05.031,gateway,OK,MT103,SWIFT,404.41,SGD,**************6518,SG,59
9d7a6c13-1128-9d5b-9621-854bca558594,2026-07-14T14:25:05.146,auth,OK,MT103,SWIFT,404.41,SGD,**************6518,SG,42
9d7a6c13-1128-9d5b-9621-854bca558594,2026-07-14T14:25:05.377,validation,OK,MT103,SWIFT,404.41,SGD,**************6518,SG,32
9d7a6c13-1128-9d5b-9621-854bca558594,2026-07-14T14:25:05.435,aml,OK,MT103,SWIFT,404.41,SGD,**************6518,SG,195
9d7a6c13-1128-9d5b-9621-854bca558594,2026-07-14T14:25:05.497,payment-hub,OK,MT103,SWIFT,404.41,SGD,**************6518,SG,42
9d7a6c13-1128-9d5b-9621-854bca558594,2026-07-14T14:25:05.721,core-banking,OK,MT103,SWIFT,404.41,SGD,**************6518,SG,173
9d7a6c13-1128-9d5b-9621-854bca558594,2026-07-14T14:25:05.805,settlement,SETTLED,MT103,SWIFT,404.41,SGD,**************6518,SG,140
101fccd7-3539-3aab-a0f7-8e11f1eafda5,2026-07-11T02:22:55.507,gateway,OK,MT103,SWIFT,568.14,SGD,**************6188,SG,51
101fccd7-3539-3aab-a0f7-8e11f1eafda5,2026-07-11T02:22:55.610,auth,OK,MT103,SWIFT,568.14,SGD,**************6188,SG,71
101fccd7-3539-3aab-a0f7-8e11f1eafda5,2026-07-11T02:22:55.915,validation,OK,MT103,SWIFT,568.14,SGD,**************6188,SG,91
101fccd7-3539-3aab-a0f7-8e11f1eafda5,2026-07-11T02:22:56.190,aml,TIMEOUT,MT103,SWIFT,568.14,SGD,**************6188,SG,30000
101fccd7-3539-3aab-a0f7-8e11f1eafda5,2026-07-11T02:22:56.334,payment-hub,FAILED,MT103,SWIFT,568.14,SGD,**************6188,SG,31
dd863c58-579d-977b-c215-bb5e8375b197,2026-07-11T21:29:24.001,gateway,OK,MT103,SWIFT,782.48,USD,**************0649,US,53
dd863c58-579d-977b-c215-bb5e8375b197,2026-07-11T21:29:24.121,auth,OK,MT103,SWIFT,782.48,USD,**************0649,US,87
dd863c58-579d-977b-c215-bb5e8375b197,2026-07-11T21:29:24.260,validation,OK,MT103,SWIFT,782.48,USD,**************0649,US,37
dd863c58-579d-977b-c215-bb5e8375b197,2026-07-11T21:29:24.336,aml,OK,MT103,SWIFT,782.48,USD,**************0649,US,258
dd863c58-579d-977b-c215-bb5e8375b197,2026-07-11T21:29:24.399,payment-hub,OK,MT103,SWIFT,782.48,USD,**************0649,US,76
dd863c58-579d-977b-c215-bb5e8375b197,2026-07-11T21:29:24.591,core-banking,OK,MT103,SWIFT,782.48,USD,**************0649,US,84
dd863c58-579d-977b-c215-bb5e8375b197,2026-07-11T21:29:24.622,settlement,SETTLED,MT103,SWIFT,782.48,USD,**************0649,US,301
23472300-96ef-ab73-0fad-2439b9b69d87,2026-07-05T07:19:37.315,gateway,OK,pacs.008,FAST,1051.36,SGD,**************4806,SG,56
23472300-96ef-ab73-0fad-2439b9b69d87,2026-07-05T07:19:37.434,auth,OK,pacs.008,FAST,1051.36,SGD,**************4806,SG,30
23472300-96ef-ab73-0fad-2439b9b69d87,2026-07-05T07:19:37.483,validation,OK,pacs.008,FAST,1051.36,SGD,**************4806,SG,66
23472300-96ef-ab73-0fad-2439b9b69d87,2026-07-05T07:19:37.522,aml,OK,pacs.008,FAST,1051.36,SGD,**************4806,SG,141
23472300-96ef-ab73-0fad-2439b9b69d87,2026-07-05T07:19:37.661,payment-hub,OK,pacs.008,FAST,1051.36,SGD,**************4806,SG,94
23472300-96ef-ab73-0fad-2439b9b69d87,2026-07-05T07:19:37.831,core-banking,OK,pacs.008,FAST,1051.36,SGD,**************4806,SG,213
23472300-96ef-ab73-0fad-2439b9b69d87,2026-07-05T07:19:38.050,settlement,SETTLED,pacs.008,FAST,1051.36,SGD,**************4806,SG,197
fe627e3a-9067-a717-6886-197e7048e67c,2026-07-04T08:18:38.804,gateway,OK,pacs.008,FAST,804.6,EUR,**************9914,GB,36
fe627e3a-9067-a717-6886-197e7048e67c,2026-07-04T08:18:38.894,auth,OK,pacs.008,FAST,804.6,EUR,**************9914,GB,34
fe627e3a-9067-a717-6886-197e7048e67c,2026-07-04T08:18:39.008,validation,OK,pacs.008,FAST,804.6,EUR,**************9914,GB,57
fe627e3a-9067-a717-6886-197e7048e67c,2026-07-04T08:18:39.059,aml,OK,pacs.008,FAST,804.6,EUR,**************9914,GB,223
fe627e3a-9067-a717-6886-197e7048e67c,2026-07-04T08:18:39.249,payment-hub,OK,pacs.008,FAST,804.6,EUR,**************9914,GB,48
fe627e3a-9067-a717-6886-197e7048e67c,2026-07-04T08:18:39.286,core-banking,OK,pacs.008,FAST,804.6,EUR,**************9914,GB,61
fe627e3a-9067-a717-6886-197e7048e67c,2026-07-04T08:18:39.347,settlement,SETTLED,pacs.008,FAST,804.6,EUR,**************9914,GB,78
19714607-7605-4a44-977e-afb7c9031af1,2026-07-07T07:15:22.784,gateway,OK,pacs.008,FAST,2368.91,GBP,**************9374,GB,34
19714607-7605-4a44-977e-afb7c9031af1,2026-07-07T07:15:22.828,auth,OK,pacs.008,FAST,2368.91,GBP,**************9374,GB,88
19714607-7605-4a44-977e-afb7c9031af1,2026-07-07T07:15:23.096,validation,OK,pacs.008,FAST,2368.91,GBP,**************9374,GB,28
19714607-7605-4a44-977e-afb7c9031af1,2026-07-07T07:15:23.275,aml,TIMEOUT,pacs.008,FAST,2368.91,GBP,**************9374,GB,30000
19714607-7605-4a44-977e-afb7c9031af1,2026-07-07T07:15:23.369,payment-hub,FAILED,pacs.008,FAST,2368.91,GBP,**************9374,GB,148
d4156cc8-9e1a-d26b-304a-3c46a57c8d6d,2026-07-04T15:22:00.692,gateway,OK,pacs.008,FAST,116.91,INR,**************9705,IN,24
d4156cc8-9e1a-d26b-304a-3c46a57c8d6d,2026-07-04T15:22:00.767,auth,OK,pacs.008,FAST,116.91,INR,**************9705,IN,85
d4156cc8-9e1a-d26b-304a-3c46a57c8d6d,2026-07-04T15:22:00.874,validation,OK,pacs.008,FAST,116.91,INR,**************9705,IN,79
d4156cc8-9e1a-d26b-304a-3c46a57c8d6d,2026-07-04T15:22:01.112,aml,OK,pacs.008,FAST,116.91,INR,**************9705,IN,115
d4156cc8-9e1a-d26b-304a-3c46a57c8d6d,2026-07-04T15:22:01.371,payment-hub,OK,pacs.008,FAST,116.91,INR,**************9705,IN,72
d4156cc8-9e1a-d26b-304a-3c46a57c8d6d,2026-07-04T15:22:01.695,core-banking,OK,pacs.008,FAST,116.91,INR,**************9705,IN,139
d4156cc8-9e1a-d26b-304a-3c46a57c8d6d,2026-07-04T15:22:01.933,settlement,SETTLED,pacs.008,FAST,116.91,INR,**************9705,IN,352
2e750514-d8c4-52b8-3a09-3849090f1d12,2026-07-13T19:49:23.690,gateway,OK,pacs.008,FAST,330.69,USD,**************9026,HK,45
2e750514-d8c4-52b8-3a09-3849090f1d12,2026-07-13T19:49:23.806,auth,OK,pacs.008,FAST,330.69,USD,**************9026,HK,86
2e750514-d8c4-52b8-3a09-3849090f1d12,2026-07-13T19:49:23.922,validation,OK,pacs.008,FAST,330.69,USD,**************9026,HK,52
2e750514-d8c4-52b8-3a09-3849090f1d12,2026-07-13T19:49:24.027,aml,OK,pacs.008,FAST,330.69,USD,**************9026,HK,80
2e750514-d8c4-52b8-3a09-3849090f1d12,2026-07-13T19:49:24.122,payment-hub,OK,pacs.008,FAST,330.69,USD,**************9026,HK,87
2e750514-d8c4-52b8-3a09-3849090f1d12,2026-07-13T19:49:24.402,core-banking,OK,pacs.008,FAST,330.69,USD,**************9026,HK,122
2e750514-d8c4-52b8-3a09-3849090f1d12,2026-07-13T19:49:24.510,settlement,SETTLED,pacs.008,FAST,330.69,USD,**************9026,HK,69
378f379c-2fba-7854-5b40-322de94868b1,2026-07-12T10:30:57.570,gateway,OK,pacs.008,FAST,782.55,GBP,**************6379,GB,51
378f379c-2fba-7854-5b40-322de94868b1,2026-07-12T10:30:57.710,auth,OK,pacs.008,FAST,782.55,GBP,**************6379,GB,84
378f379c-2fba-7854-5b40-322de94868b1,2026-07-12T10:30:57.787,validation,OK,pacs.008,FAST,782.55,GBP,**************6379,GB,51
378f379c-2fba-7854-5b40-322de94868b1,2026-07-12T10:31:27.798,aml,TIMEOUT,pacs.008,FAST,782.55,GBP,**************6379,GB,30000
378f379c-2fba-7854-5b40-322de94868b1,2026-07-12T10:31:27.877,payment-hub,FAILED,pacs.008,FAST,782.55,GBP,**************6379,GB,117
c9ba60ab-e261-c146-87f6-27b083f6d57c,2026-07-05T06:03:32.146,gateway,OK,MT103,SWIFT,118.9,SGD,**************0390,SG,57
c9ba60ab-e261-c146-87f6-27b083f6d57c,2026-07-05T06:03:32.236,auth,OK,MT103,SWIFT,118.9,SGD,**************0390,SG,82
c9ba60ab-e261-c146-87f6-27b083f6d57c,2026-07-05T06:03:32.317,validation,OK,MT103,SWIFT,118.9,SGD,**************0390,SG,82
c9ba60ab-e261-c146-87f6-27b083f6d57c,2026-07-05T06:03:32.365,aml,OK,MT103,SWIFT,118.9,SGD,**************0390,SG,241
c9ba60ab-e261-c146-87f6-27b083f6d57c,2026-07-05T06:03:32.417,payment-hub,OK,MT103,SWIFT,118.9,SGD,**************0390,SG,103
c9ba60ab-e261-c146-87f6-27b083f6d57c,2026-07-05T06:04:02.449,core-banking,OK,MT103,SWIFT,118.9,SGD,**************0390,SG,103
c9ba60ab-e261-c146-87f6-27b083f6d57c,2026-07-05T06:04:02.545,settlement,SETTLED,MT103,SWIFT,118.9,SGD,**************0390,SG,141
ebdff143-9033-0d48-de6a-8ae0ce1884d3,2026-07-04T05:23:22.694,gateway,OK,MT103,SWIFT,1653.51,INR,**************8341,IN,37
ebdff143-9033-0d48-de6a-8ae0ce1884d3,2026-07-04T05:23:22.883,auth,OK,MT103,SWIFT,1653.51,INR,**************8341,IN,20
ebdff143-9033-0d48-de6a-8ae0ce1884d3,2026-07-04T05:23:23.045,validation,OK,MT103,SWIFT,1653.51,INR,**************8341,IN,60
ebdff143-9033-0d48-de6a-8ae0ce1884d3,2026-07-04T05:23:23.182,aml,OK,MT103,SWIFT,1653.51,INR,**************8341,IN,80
ebdff143-9033-0d48-de6a-8ae0ce1884d3,2026-07-04T05:23:23.249,payment-hub,OK,MT103,SWIFT,1653.51,INR,**************8341,IN,136
ebdff143-9033-0d48-de6a-8ae0ce1884d3,2026-07-04T05:23:23.289,core-banking,OK,MT103,SWIFT,1653.51,INR,**************8341,IN,240
ebdff143-9033-0d48-de6a-8ae0ce1884d3,2026-07-04T05:23:23.366,settlement,SETTLED,MT103,SWIFT,1653.51,INR,**************8341,IN,220
97e8c277-b05d-2734-a27c-ad173636e2a7,2026-07-09T23:33:26.002,gateway,OK,pacs.008,FAST,4538.38,MYR,**************8512,MY,41
97e8c277-b05d-2734-a27c-ad173636e2a7,2026-07-09T23:33:26.183,auth,OK,pacs.008,FAST,4538.38,MYR,**************8512,MY,48
97e8c277-b05d-2734-a27c-ad173636e2a7,2026-07-09T23:33:26.245,validation,OK,pacs.008,FAST,4538.38,MYR,**************8512,MY,90
97e8c277-b05d-2734-a27c-ad173636e2a7,2026-07-09T23:33:26.412,aml,OK,pacs.008,FAST,4538.38,MYR,**************8512,MY,267
97e8c277-b05d-2734-a27c-ad173636e2a7,2026-07-09T23:33:26.500,payment-hub,OK,pacs.008,FAST,4538.38,MYR,**************8512,MY,113
97e8c277-b05d-2734-a27c-ad173636e2a7,2026-07-09T23:33:56.532,core-banking,OK,pacs.008,FAST,4538.38,MYR,**************8512,MY,158
97e8c277-b05d-2734-a27c-ad173636e2a7,2026-07-09T23:33:56.703,settlement,SETTLED,pacs.008,FAST,4538.38,MYR,**************8512,MY,312
93bb51b6-da73-84a2-0af4-bd6b4417f758,2026-07-02T01:01:34.313,gateway,OK,0200,CARDS,3862.68,SGD,**************6847,SG,18
93bb51b6-da73-84a2-0af4-bd6b4417f758,2026-07-02T01:01:34.516,auth,OK,0200,CARDS,3862.68,SGD,**************6847,SG,45
93bb51b6-da73-84a2-0af4-bd6b4417f758,2026-07-02T01:01:34.598,validation,OK,0200,CARDS,3862.68,SGD,**************6847,SG,61
93bb51b6-da73-84a2-0af4-bd6b4417f758,2026-07-02T01:01:34.676,aml,OK,0200,CARDS,3862.68,SGD,**************6847,SG,233
93bb51b6-da73-84a2-0af4-bd6b4417f758,2026-07-02T01:01:34.734,payment-hub,OK,0200,CARDS,3862.68,SGD,**************6847,SG,80
93bb51b6-da73-84a2-0af4-bd6b4417f758,2026-07-02T01:01:34.772,core-banking,OK,0200,CARDS,3862.68,SGD,**************6847,SG,71
93bb51b6-da73-84a2-0af4-bd6b4417f758,2026-07-02T01:01:34.857,settlement,SETTLED,0200,CARDS,3862.68,SGD,**************6847,SG,364
c54b5bc5-99f2-12a9-9fbd-0932bb59fba9,2026-07-07T23:58:55.828,gateway,OK,pacs.008,FAST,365.7,SGD,**************3001,SG,39
c54b5bc5-99f2-12a9-9fbd-0932bb59fba9,2026-07-07T23:58:55.902,auth,OK,pacs.008,FAST,365.7,SGD,**************3001,SG,27
c54b5bc5-99f2-12a9-9fbd-0932bb59fba9,2026-07-07T23:58:55.950,validation,OK,pacs.008,FAST,365.7,SGD,**************3001,SG,67
c54b5bc5-99f2-12a9-9fbd-0932bb59fba9,2026-07-07T23:58:56.033,aml,OK,pacs.008,FAST,365.7,SGD,**************3001,SG,252
c54b5bc5-99f2-12a9-9fbd-0932bb59fba9,2026-07-07T23:59:26.040,payment-hub,OK,pacs.008,FAST,365.7,SGD,**************3001,SG,50
c54b5bc5-99f2-12a9-9fbd-0932bb59fba9,2026-07-07T23:59:26.094,core-banking,OK,pacs.008,FAST,365.7,SGD,**************3001,SG,84
c54b5bc5-99f2-12a9-9fbd-0932bb59fba9,2026-07-07T23:59:26.140,settlement,SETTLED,pacs.008,FAST,365.7,SGD,**************3001,SG,291
786657d9-32ee-ee42-8d8f-914fb9c99b7b,2026-07-02T02:03:45.483,gateway,OK,0200,CARDS,3170.48,SGD,**************8113,MY,29
786657d9-32ee-ee42-8d8f-914fb9c99b7b,2026-07-02T02:03:45.535,auth,OK,0200,CARDS,3170.48,SGD,**************8113,MY,63
786657d9-32ee-ee42-8d8f-914fb9c99b7b,2026-07-02T02:03:45.615,validation,OK,0200,CARDS,3170.48,SGD,**************8113,MY,34
786657d9-32ee-ee42-8d8f-914fb9c99b7b,2026-07-02T02:03:45.692,aml,OK,0200,CARDS,3170.48,SGD,**************8113,MY,58
786657d9-32ee-ee42-8d8f-914fb9c99b7b,2026-07-02T02:03:45.775,payment-hub,OK,0200,CARDS,3170.48,SGD,**************8113,MY,121
786657d9-32ee-ee42-8d8f-914fb9c99b7b,2026-07-02T02:03:45.853,core-banking,OK,0200,CARDS,3170.48,SGD,**************8113,MY,182
786657d9-32ee-ee42-8d8f-914fb9c99b7b,2026-07-02T02:03:45.886,settlement,SETTLED,0200,CARDS,3170.48,SGD,**************8113,MY,377
b0e0df3b-b8de-fb5e-c11a-1ecfe8482a40,2026-07-09T05:08:51.011,gateway,OK,pacs.008,FAST,646.36,MYR,**************5222,MY,38
b0e0df3b-b8de-fb5e-c11a-1ecfe8482a40,2026-07-09T05:08:51.133,auth,OK,pacs.008,FAST,646.36,MYR,**************5222,MY,38
b0e0df3b-b8de-fb5e-c11a-1ecfe8482a40,2026-07-09T05:08:51.204,validation,OK,pacs.008,FAST,646.36,MYR,**************5222,MY,85
b0e0df3b-b8de-fb5e-c11a-1ecfe8482a40,2026-07-09T05:08:51.279,aml,TIMEOUT,pacs.008,FAST,646.36,MYR,**************5222,MY,30000
b0e0df3b-b8de-fb5e-c11a-1ecfe8482a40,2026-07-09T05:08:51.409,payment-hub,FAILED,pacs.008,FAST,646.36,MYR,**************5222,MY,84
37799647-9f35-7487-d12d-08907ff41a7c,2026-07-06T15:40:04.427,gateway,OK,0200,CARDS,165.09,MYR,**************2627,MY,53
37799647-9f35-7487-d12d-08907ff41a7c,2026-07-06T15:40:04.509,auth,OK,0200,CARDS,165.09,MYR,**************2627,MY,79
37799647-9f35-7487-d12d-08907ff41a7c,2026-07-06T15:40:04.656,validation,OK,0200,CARDS,165.09,MYR,**************2627,MY,104
37799647-9f35-7487-d12d-08907ff41a7c,2026-07-06T15:40:04.721,aml,OK,0200,CARDS,165.09,MYR,**************2627,MY,193
37799647-9f35-7487-d12d-08907ff41a7c,2026-07-06T15:40:04.817,payment-hub,OK,0200,CARDS,165.09,MYR,**************2627,MY,58
37799647-9f35-7487-d12d-08907ff41a7c,2026-07-06T15:40:04.862,core-banking,OK,0200,CARDS,165.09,MYR,**************2627,MY,136
37799647-9f35-7487-d12d-08907ff41a7c,2026-07-06T15:40:05.033,settlement,SETTLED,0200,CARDS,165.09,MYR,**************2627,MY,88
407814d8-2fff-6dd5-de87-d15b6bbd30a3,2026-07-08T03:14:13.560,gateway,OK,MT103,SWIFT,366.58,MYR,**************7569,MY,55
407814d8-2fff-6dd5-de87-d15b6bbd30a3,2026-07-08T03:14:13.642,auth,OK,MT103,SWIFT,366.58,MYR,**************7569,MY,45
407814d8-2fff-6dd5-de87-d15b6bbd30a3,2026-07-08T03:14:13.750,validation,OK,MT103,SWIFT,366.58,MYR,**************7569,MY,31
407814d8-2fff-6dd5-de87-d15b6bbd30a3,2026-07-08T03:14:13.806,aml,OK,MT103,SWIFT,366.58,MYR,**************7569,MY,230
407814d8-2fff-6dd5-de87-d15b6bbd30a3,2026-07-08T03:14:13.880,payment-hub,OK,MT103,SWIFT,366.58,MYR,**************7569,MY,62
407814d8-2fff-6dd5-de87-d15b6bbd30a3,2026-07-08T03:14:13.996,core-banking,OK,MT103,SWIFT,366.58,MYR,**************7569,MY,64
407814d8-2fff-6dd5-de87-d15b6bbd30a3,2026-07-08T03:14:14.111,settlement,SETTLED,MT103,SWIFT,366.58,MYR,**************7569,MY,251
88e06bb2-e1f2-3cfe-59f6-4113e6adb80f,2026-07-04T11:02:09.268,gateway,OK,pacs.008,FAST,212.12,SGD,**************0069,SG,41
88e06bb2-e1f2-3cfe-59f6-4113e6adb80f,2026-07-04T11:02:09.337,auth,OK,pacs.008,FAST,212.12,SGD,**************0069,SG,75
88e06bb2-e1f2-3cfe-59f6-4113e6adb80f,2026-07-04T11:02:09.401,validation,OK,pacs.008,FAST,212.12,SGD,**************0069,SG,50
88e06bb2-e1f2-3cfe-59f6-4113e6adb80f,2026-07-04T11:02:09.442,aml,OK,pacs.008,FAST,212.12,SGD,**************0069,SG,258
88e06bb2-e1f2-3cfe-59f6-4113e6adb80f,2026-07-04T11:02:09.473,payment-hub,OK,pacs.008,FAST,212.12,SGD,**************0069,SG,48
88e06bb2-e1f2-3cfe-59f6-4113e6adb80f,2026-07-04T11:02:09.543,core-banking,OK,pacs.008,FAST,212.12,SGD,**************0069,SG,181
88e06bb2-e1f2-3cfe-59f6-4113e6adb80f,2026-07-04T11:02:09.726,settlement,SETTLED,pacs.008,FAST,212.12,SGD,**************0069,SG,81
6c408fcb-854e-9571-44b8-2e66f4df4b1d,2026-07-05T12:00:01.559,gateway,OK,pacs.008,FAST,951.56,SGD,**************5727,SG,16
6c408fcb-854e-9571-44b8-2e66f4df4b1d,2026-07-05T12:00:01.629,auth,OK,pacs.008,FAST,951.56,SGD,**************5727,SG,87
6c408fcb-854e-9571-44b8-2e66f4df4b1d,2026-07-05T12:00:01.875,validation,OK,pacs.008,FAST,951.56,SGD,**************5727,SG,38
6c408fcb-854e-9571-44b8-2e66f4df4b1d,2026-07-05T12:00:02.005,aml,TIMEOUT,pacs.008,FAST,951.56,SGD,**************5727,SG,30000
6c408fcb-854e-9571-44b8-2e66f4df4b1d,2026-07-05T12:00:02.060,payment-hub,FAILED,pacs.008,FAST,951.56,SGD,**************5727,SG,109
5f9a176f-cc0e-0716-d906-0909ab9d734c,2026-07-06T13:00:10.655,gateway,OK,pacs.008,FAST,46.61,INR,**************6771,IN,31
5f9a176f-cc0e-0716-d906-0909ab9d734c,2026-07-06T13:00:10.740,auth,OK,pacs.008,FAST,46.61,INR,**************6771,IN,73
5f9a176f-cc0e-0716-d906-0909ab9d734c,2026-07-06T13:00:10.901,validation,OK,pacs.008,FAST,46.61,INR,**************6771,IN,33
5f9a176f-cc0e-0716-d906-0909ab9d734c,2026-07-06T13:00:11.035,aml,OK,pacs.008,FAST,46.61,INR,**************6771,IN,110
5f9a176f-cc0e-0716-d906-0909ab9d734c,2026-07-06T13:00:11.150,payment-hub,OK,pacs.008,FAST,46.61,INR,**************6771,IN,107
5f9a176f-cc0e-0716-d906-0909ab9d734c,2026-07-06T13:00:11.234,core-banking,OK,pacs.008,FAST,46.61,INR,**************6771,IN,137
5f9a176f-cc0e-0716-d906-0909ab9d734c,2026-07-06T13:00:11.385,settlement,SETTLED,pacs.008,FAST,46.61,INR,**************6771,IN,250
e6a8ad57-367c-bba8-f520-8eead8ebd07b,2026-07-14T11:14:20.210,gateway,OK,pacs.008,FAST,116.62,SGD,**************7018,SG,43
e6a8ad57-367c-bba8-f520-8eead8ebd07b,2026-07-14T11:14:20.240,auth,OK,pacs.008,FAST,116.62,SGD,**************7018,SG,81
e6a8ad57-367c-bba8-f520-8eead8ebd07b,2026-07-14T11:14:20.290,validation,REJECTED,pacs.008,FAST,116.62,SGD,**************7018,SG,109
706a3a70-a5d3-ef78-4c74-5db9e6742238,2026-07-14T19:28:48.218,gateway,OK,pacs.008,FAST,228.9,MYR,**************5734,SG,40
706a3a70-a5d3-ef78-4c74-5db9e6742238,2026-07-14T19:28:48.296,auth,OK,pacs.008,FAST,228.9,MYR,**************5734,SG,63
706a3a70-a5d3-ef78-4c74-5db9e6742238,2026-07-14T19:28:48.369,validation,OK,pacs.008,FAST,228.9,MYR,**************5734,SG,45
706a3a70-a5d3-ef78-4c74-5db9e6742238,2026-07-14T19:28:48.489,aml,OK,pacs.008,FAST,228.9,MYR,**************5734,SG,120
706a3a70-a5d3-ef78-4c74-5db9e6742238,2026-07-14T19:28:48.810,payment-hub,OK,pacs.008,FAST,228.9,MYR,**************5734,SG,63
706a3a70-a5d3-ef78-4c74-5db9e6742238,2026-07-14T19:28:49.093,core-banking,OK,pacs.008,FAST,228.9,MYR,**************5734,SG,245
706a3a70-a5d3-ef78-4c74-5db9e6742238,2026-07-14T19:28:49.169,settlement,SETTLED,pacs.008,FAST,228.9,MYR,**************5734,SG,129
f26169a8-f0f8-6a06-9b87-88d7d60da15d,2026-07-12T13:40:08.520,gateway,OK,pacs.008,FAST,729.44,INR,**************1458,IN,21
f26169a8-f0f8-6a06-9b87-88d7d60da15d,2026-07-12T13:40:08.577,auth,OK,pacs.008,FAST,729.44,INR,**************1458,IN,32
f26169a8-f0f8-6a06-9b87-88d7d60da15d,2026-07-12T13:40:08.699,validation,OK,pacs.008,FAST,729.44,INR,**************1458,IN,116
f26169a8-f0f8-6a06-9b87-88d7d60da15d,2026-07-12T13:40:08.802,aml,OK,pacs.008,FAST,729.44,INR,**************1458,IN,284
f26169a8-f0f8-6a06-9b87-88d7d60da15d,2026-07-12T13:40:08.841,payment-hub,OK,pacs.008,FAST,729.44,INR,**************1458,IN,55
f26169a8-f0f8-6a06-9b87-88d7d60da15d,2026-07-12T13:40:08.874,core-banking,OK,pacs.008,FAST,729.44,INR,**************1458,IN,78
f26169a8-f0f8-6a06-9b87-88d7d60da15d,2026-07-12T13:40:08.936,settlement,SETTLED,pacs.008,FAST,729.44,INR,**************1458,IN,315
a5b71787-45a7-2a02-752a-a038b8edc6a8,2026-07-02T12:02:54.829,gateway,OK,pacs.008,FAST,370.98,GBP,**************5817,GB,39
a5b71787-45a7-2a02-752a-a038b8edc6a8,2026-07-02T12:02:54.980,auth,OK,pacs.008,FAST,370.98,GBP,**************5817,GB,21
a5b71787-45a7-2a02-752a-a038b8edc6a8,2026-07-02T12:02:55.074,validation,OK,pacs.008,FAST,370.98,GBP,**************5817,GB,82
a5b71787-45a7-2a02-752a-a038b8edc6a8,2026-07-02T12:02:55.189,aml,OK,pacs.008,FAST,370.98,GBP,**************5817,GB,62
a5b71787-45a7-2a02-752a-a038b8edc6a8,2026-07-02T12:02:55.395,payment-hub,OK,pacs.008,FAST,370.98,GBP,**************5817,GB,75
a5b71787-45a7-2a02-752a-a038b8edc6a8,2026-07-02T12:02:55.462,core-banking,OK,pacs.008,FAST,370.98,GBP,**************5817,GB,97
a5b71787-45a7-2a02-752a-a038b8edc6a8,2026-07-02T12:02:55.565,settlement,SETTLED,pacs.008,FAST,370.98,GBP,**************5817,GB,316
87a077da-744b-372e-6e05-983225cb901f,2026-07-04T10:01:00.591,gateway,OK,pacs.008,FAST,1301.45,SGD,**************5467,SG,59
87a077da-744b-372e-6e05-983225cb901f,2026-07-04T10:01:00.698,auth,OK,pacs.008,FAST,1301.45,SGD,**************5467,SG,63
87a077da-744b-372e-6e05-983225cb901f,2026-07-04T10:01:00.823,validation,OK,pacs.008,FAST,1301.45,SGD,**************5467,SG,107
87a077da-744b-372e-6e05-983225cb901f,2026-07-04T10:01:00.911,aml,OK,pacs.008,FAST,1301.45,SGD,**************5467,SG,235
87a077da-744b-372e-6e05-983225cb901f,2026-07-04T10:01:00.958,payment-hub,OK,pacs.008,FAST,1301.45,SGD,**************5467,SG,112
87a077da-744b-372e-6e05-983225cb901f,2026-07-04T10:01:01.067,core-banking,OK,pacs.008,FAST,1301.45,SGD,**************5467,SG,190
87a077da-744b-372e-6e05-983225cb901f,2026-07-04T10:01:01.390,settlement,SETTLED,pacs.008,FAST,1301.45,SGD,**************5467,SG,287
959ec740-d082-c190-aa3e-e0293ceb4b40,2026-07-11T13:10:30.192,gateway,OK,pacs.008,FAST,808.47,SGD,**************3914,SG,33
959ec740-d082-c190-aa3e-e0293ceb4b40,2026-07-11T13:10:30.231,auth,OK,pacs.008,FAST,808.47,SGD,**************3914,SG,68
959ec740-d082-c190-aa3e-e0293ceb4b40,2026-07-11T13:10:30.325,validation,OK,pacs.008,FAST,808.47,SGD,**************3914,SG,71
959ec740-d082-c190-aa3e-e0293ceb4b40,2026-07-11T13:10:30.464,aml,OK,pacs.008,FAST,808.47,SGD,**************3914,SG,252
959ec740-d082-c190-aa3e-e0293ceb4b40,2026-07-11T13:10:30.535,payment-hub,OK,pacs.008,FAST,808.47,SGD,**************3914,SG,30
959ec740-d082-c190-aa3e-e0293ceb4b40,2026-07-11T13:10:30.684,core-banking,OK,pacs.008,FAST,808.47,SGD,**************3914,SG,93
959ec740-d082-c190-aa3e-e0293ceb4b40,2026-07-11T13:10:30.819,settlement,SETTLED,pacs.008,FAST,808.47,SGD,**************3914,SG,68
7329aedd-14ce-f7ac-fa04-952ad26b6c03,2026-07-09T01:25:33.506,gateway,OK,pacs.008,FAST,732.33,INR,**************7083,IN,57
7329aedd-14ce-f7ac-fa04-952ad26b6c03,2026-07-09T01:25:33.647,auth,OK,pacs.008,FAST,732.33,INR,**************7083,IN,57
7329aedd-14ce-f7ac-fa04-952ad26b6c03,2026-07-09T01:25:33.796,validation,OK,pacs.008,FAST,732.33,INR,**************7083,IN,45
7329aedd-14ce-f7ac-fa04-952ad26b6c03,2026-07-09T01:25:33.857,aml,OK,pacs.008,FAST,732.33,INR,**************7083,IN,101
7329aedd-14ce-f7ac-fa04-952ad26b6c03,2026-07-09T01:25:33.956,payment-hub,OK,pacs.008,FAST,732.33,INR,**************7083,IN,110
7329aedd-14ce-f7ac-fa04-952ad26b6c03,2026-07-09T01:25:34.191,core-banking,OK,pacs.008,FAST,732.33,INR,**************7083,IN,222
7329aedd-14ce-f7ac-fa04-952ad26b6c03,2026-07-09T01:25:34.298,settlement,SETTLED,pacs.008,FAST,732.33,INR,**************7083,IN,165
65307f91-bcd3-67ac-dd77-7d7cf069ffb1,2026-07-10T15:11:30.537,gateway,OK,pacs.008,FAST,5140.19,SGD,**************7459,SG,30
65307f91-bcd3-67ac-dd77-7d7cf069ffb1,2026-07-10T15:11:30.588,auth,OK,pacs.008,FAST,5140.19,SGD,**************7459,SG,20
65307f91-bcd3-67ac-dd77-7d7cf069ffb1,2026-07-10T15:11:30.708,validation,OK,pacs.008,FAST,5140.19,SGD,**************7459,SG,62
65307f91-bcd3-67ac-dd77-7d7cf069ffb1,2026-07-10T15:11:30.778,aml,OK,pacs.008,FAST,5140.19,SGD,**************7459,SG,163
65307f91-bcd3-67ac-dd77-7d7cf069ffb1,2026-07-10T15:11:30.898,payment-hub,OK,pacs.008,FAST,5140.19,SGD,**************7459,SG,70
65307f91-bcd3-67ac-dd77-7d7cf069ffb1,2026-07-10T15:11:31.090,core-banking,OK,pacs.008,FAST,5140.19,SGD,**************7459,SG,68
65307f91-bcd3-67ac-dd77-7d7cf069ffb1,2026-07-10T15:11:31.185,settlement,SETTLED,pacs.008,FAST,5140.19,SGD,**************7459,SG,393
589177f9-7ee8-88fe-616e-95911ebc53f4,2026-07-06T04:06:41.710,gateway,OK,pacs.008,FAST,842.17,USD,**************9321,US,39
589177f9-7ee8-88fe-616e-95911ebc53f4,2026-07-06T04:06:41.844,auth,OK,pacs.008,FAST,842.17,USD,**************9321,US,67
589177f9-7ee8-88fe-616e-95911ebc53f4,2026-07-06T04:06:41.943,validation,OK,pacs.008,FAST,842.17,USD,**************9321,US,51
589177f9-7ee8-88fe-616e-95911ebc53f4,2026-07-06T04:06:42.134,aml,OK,pacs.008,FAST,842.17,USD,**************9321,US,61
589177f9-7ee8-88fe-616e-95911ebc53f4,2026-07-06T04:06:42.295,payment-hub,OK,pacs.008,FAST,842.17,USD,**************9321,US,66
589177f9-7ee8-88fe-616e-95911ebc53f4,2026-07-06T04:06:42.354,core-banking,OK,pacs.008,FAST,842.17,USD,**************9321,US,146
589177f9-7ee8-88fe-616e-95911ebc53f4,2026-07-06T04:06:42.437,settlement,SETTLED,pacs.008,FAST,842.17,USD,**************9321,US,219
2fa84d4b-3499-b8e3-8fe1-43d664a788df,2026-07-14T01:54:16.528,gateway,OK,pacs.008,FAST,228.58,USD,**************3151,HK,15
2fa84d4b-3499-b8e3-8fe1-43d664a788df,2026-07-14T01:54:16.616,auth,OK,pacs.008,FAST,228.58,USD,**************3151,HK,76
2fa84d4b-3499-b8e3-8fe1-43d664a788df,2026-07-14T01:54:16.682,validation,OK,pacs.008,FAST,228.58,USD,**************3151,HK,88
2fa84d4b-3499-b8e3-8fe1-43d664a788df,2026-07-14T01:54:16.737,aml,OK,pacs.008,FAST,228.58,USD,**************3151,HK,299
2fa84d4b-3499-b8e3-8fe1-43d664a788df,2026-07-14T01:54:16.864,payment-hub,OK,pacs.008,FAST,228.58,USD,**************3151,HK,136
2fa84d4b-3499-b8e3-8fe1-43d664a788df,2026-07-14T01:54:16.963,core-banking,OK,pacs.008,FAST,228.58,USD,**************3151,HK,214
2fa84d4b-3499-b8e3-8fe1-43d664a788df,2026-07-14T01:54:17.052,settlement,SETTLED,pacs.008,FAST,228.58,USD,**************3151,HK,338
608f6ba6-46db-2484-d92e-c3b953611655,2026-07-15T00:33:34.986,gateway,OK,0200,CARDS,453.61,SGD,**************7899,SG,43
608f6ba6-46db-2484-d92e-c3b953611655,2026-07-15T00:33:35.314,auth,OK,0200,CARDS,453.61,SGD,**************7899,SG,26
608f6ba6-46db-2484-d92e-c3b953611655,2026-07-15T00:34:05.343,validation,OK,0200,CARDS,453.61,SGD,**************7899,SG,105
608f6ba6-46db-2484-d92e-c3b953611655,2026-07-15T00:34:05.486,aml,OK,0200,CARDS,453.61,SGD,**************7899,SG,209
608f6ba6-46db-2484-d92e-c3b953611655,2026-07-15T00:34:05.605,payment-hub,OK,0200,CARDS,453.61,SGD,**************7899,SG,125
608f6ba6-46db-2484-d92e-c3b953611655,2026-07-15T00:34:05.707,core-banking,OK,0200,CARDS,453.61,SGD,**************7899,SG,98
608f6ba6-46db-2484-d92e-c3b953611655,2026-07-15T00:34:05.814,settlement,SETTLED,0200,CARDS,453.61,SGD,**************7899,SG,110
9417cfae-10e3-4f0c-0531-c45672f472ee,2026-07-14T01:14:44.536,gateway,OK,pacs.008,FAST,758.47,SGD,**************9091,SG,43
9417cfae-10e3-4f0c-0531-c45672f472ee,2026-07-14T01:14:44.796,auth,OK,pacs.008,FAST,758.47,SGD,**************9091,SG,64
9417cfae-10e3-4f0c-0531-c45672f472ee,2026-07-14T01:14:44.906,validation,OK,pacs.008,FAST,758.47,SGD,**************9091,SG,80
9417cfae-10e3-4f0c-0531-c45672f472ee,2026-07-14T01:14:44.973,aml,OK,pacs.008,FAST,758.47,SGD,**************9091,SG,217
9417cfae-10e3-4f0c-0531-c45672f472ee,2026-07-14T01:14:45.090,payment-hub,OK,pacs.008,FAST,758.47,SGD,**************9091,SG,93
9417cfae-10e3-4f0c-0531-c45672f472ee,2026-07-14T01:14:45.193,core-banking,OK,pacs.008,FAST,758.47,SGD,**************9091,SG,188
9417cfae-10e3-4f0c-0531-c45672f472ee,2026-07-14T01:14:45.291,settlement,SETTLED,pacs.008,FAST,758.47,SGD,**************9091,SG,295
f46f0069-442e-65f7-9fa8-b1ce074adc62,2026-07-11T01:07:51.617,gateway,OK,MT103,SWIFT,1607.76,USD,**************6696,US,16
f46f0069-442e-65f7-9fa8-b1ce074adc62,2026-07-11T01:07:51.738,auth,OK,MT103,SWIFT,1607.76,USD,**************6696,US,83
f46f0069-442e-65f7-9fa8-b1ce074adc62,2026-07-11T01:07:51.855,validation,OK,MT103,SWIFT,1607.76,USD,**************6696,US,36
f46f0069-442e-65f7-9fa8-b1ce074adc62,2026-07-11T01:07:52.010,aml,OK,MT103,SWIFT,1607.76,USD,**************6696,US,159
f46f0069-442e-65f7-9fa8-b1ce074adc62,2026-07-11T01:07:52.125,payment-hub,OK,MT103,SWIFT,1607.76,USD,**************6696,US,125
f46f0069-442e-65f7-9fa8-b1ce074adc62,2026-07-11T01:07:52.291,core-banking,OK,MT103,SWIFT,1607.76,USD,**************6696,US,245
f46f0069-442e-65f7-9fa8-b1ce074adc62,2026-07-11T01:07:52.465,settlement,SETTLED,MT103,SWIFT,1607.76,USD,**************6696,US,246
a5cdd3d1-35c0-ef82-3912-9b6573cdf56e,2026-07-03T08:38:39.556,gateway,OK,pacs.008,FAST,210.87,USD,**************5008,HK,52
a5cdd3d1-35c0-ef82-3912-9b6573cdf56e,2026-07-03T08:38:39.668,auth,OK,pacs.008,FAST,210.87,USD,**************5008,HK,67
a5cdd3d1-35c0-ef82-3912-9b6573cdf56e,2026-07-03T08:38:39.743,validation,OK,pacs.008,FAST,210.87,USD,**************5008,HK,54
a5cdd3d1-35c0-ef82-3912-9b6573cdf56e,2026-07-03T08:38:39.784,aml,OK,pacs.008,FAST,210.87,USD,**************5008,HK,225
a5cdd3d1-35c0-ef82-3912-9b6573cdf56e,2026-07-03T08:38:39.856,payment-hub,OK,pacs.008,FAST,210.87,USD,**************5008,HK,79
a5cdd3d1-35c0-ef82-3912-9b6573cdf56e,2026-07-03T08:38:39.903,core-banking,OK,pacs.008,FAST,210.87,USD,**************5008,HK,58
a5cdd3d1-35c0-ef82-3912-9b6573cdf56e,2026-07-03T08:38:40.017,settlement,SETTLED,pacs.008,FAST,210.87,USD,**************5008,HK,380
86e64eeb-8c07-c4e6-922b-1f4231a1e155,2026-07-11T02:28:07.921,gateway,OK,MT103,SWIFT,2693.53,INR,**************4699,IN,50
86e64eeb-8c07-c4e6-922b-1f4231a1e155,2026-07-11T02:28:07.991,auth,OK,MT103,SWIFT,2693.53,INR,**************4699,IN,81
86e64eeb-8c07-c4e6-922b-1f4231a1e155,2026-07-11T02:28:08.049,validation,OK,MT103,SWIFT,2693.53,INR,**************4699,IN,98
86e64eeb-8c07-c4e6-922b-1f4231a1e155,2026-07-11T02:28:08.157,aml,OK,MT103,SWIFT,2693.53,INR,**************4699,IN,126
86e64eeb-8c07-c4e6-922b-1f4231a1e155,2026-07-11T02:28:08.216,payment-hub,OK,MT103,SWIFT,2693.53,INR,**************4699,IN,48
86e64eeb-8c07-c4e6-922b-1f4231a1e155,2026-07-11T02:28:08.295,core-banking,OK,MT103,SWIFT,2693.53,INR,**************4699,IN,148
86e64eeb-8c07-c4e6-922b-1f4231a1e155,2026-07-11T02:28:08.347,settlement,SETTLED,MT103,SWIFT,2693.53,INR,**************4699,IN,99
a66aed52-8580-a349-2aa3-3be4c03b74c5,2026-07-08T21:38:23.173,gateway,OK,pacs.008,FAST,8042.93,SGD,**************1491,SG,30
a66aed52-8580-a349-2aa3-3be4c03b74c5,2026-07-08T21:38:23.236,auth,OK,pacs.008,FAST,8042.93,SGD,**************1491,SG,79
a66aed52-8580-a349-2aa3-3be4c03b74c5,2026-07-08T21:38:23.319,validation,OK,pacs.008,FAST,8042.93,SGD,**************1491,SG,28
a66aed52-8580-a349-2aa3-3be4c03b74c5,2026-07-08T21:38:23.365,aml,OK,pacs.008,FAST,8042.93,SGD,**************1491,SG,175
a66aed52-8580-a349-2aa3-3be4c03b74c5,2026-07-08T21:38:23.520,payment-hub,OK,pacs.008,FAST,8042.93,SGD,**************1491,SG,110
a66aed52-8580-a349-2aa3-3be4c03b74c5,2026-07-08T21:38:23.555,core-banking,OK,pacs.008,FAST,8042.93,SGD,**************1491,SG,56
a66aed52-8580-a349-2aa3-3be4c03b74c5,2026-07-08T21:38:23.663,settlement,SETTLED,pacs.008,FAST,8042.93,SGD,**************1491,SG,228
6b860439-e248-e202-88ec-249fb28ff398,2026-07-10T19:52:21.984,gateway,OK,MT103,SWIFT,483.93,SGD,**************3800,SG,48
6b860439-e248-e202-88ec-249fb28ff398,2026-07-10T19:52:22.072,auth,OK,MT103,SWIFT,483.93,SGD,**************3800,SG,20
6b860439-e248-e202-88ec-249fb28ff398,2026-07-10T19:52:22.145,validation,OK,MT103,SWIFT,483.93,SGD,**************3800,SG,30
6b860439-e248-e202-88ec-249fb28ff398,2026-07-10T19:52:22.199,aml,OK,MT103,SWIFT,483.93,SGD,**************3800,SG,105
6b860439-e248-e202-88ec-249fb28ff398,2026-07-10T19:52:22.290,payment-hub,OK,MT103,SWIFT,483.93,SGD,**************3800,SG,63
6b860439-e248-e202-88ec-249fb28ff398,2026-07-10T19:52:22.328,core-banking,OK,MT103,SWIFT,483.93,SGD,**************3800,SG,62
6b860439-e248-e202-88ec-249fb28ff398,2026-07-10T19:52:22.409,settlement,SETTLED,MT103,SWIFT,483.93,SGD,**************3800,SG,266
24ac5290-a97e-fd18-681e-8be075a8e842,2026-07-09T22:28:26.768,gateway,OK,pacs.008,FAST,997.31,GBP,**************0004,GB,37
24ac5290-a97e-fd18-681e-8be075a8e842,2026-07-09T22:28:26.842,auth,OK,pacs.008,FAST,997.31,GBP,**************0004,GB,40
24ac5290-a97e-fd18-681e-8be075a8e842,2026-07-09T22:28:26.896,validation,OK,pacs.008,FAST,997.31,GBP,**************0004,GB,102
24ac5290-a97e-fd18-681e-8be075a8e842,2026-07-09T22:28:26.976,aml,TIMEOUT,pacs.008,FAST,997.31,GBP,**************0004,GB,30000
24ac5290-a97e-fd18-681e-8be075a8e842,2026-07-09T22:28:27.022,payment-hub,FAILED,pacs.008,FAST,997.31,GBP,**************0004,GB,90
170cd6f9-91ca-2061-5edb-c7c52f6fefad,2026-07-13T06:48:27.677,gateway,OK,MT103,SWIFT,307.26,SGD,**************0105,US,24
170cd6f9-91ca-2061-5edb-c7c52f6fefad,2026-07-13T06:48:27.848,auth,OK,MT103,SWIFT,307.26,SGD,**************0105,US,38
170cd6f9-91ca-2061-5edb-c7c52f6fefad,2026-07-13T06:48:28.002,validation,OK,MT103,SWIFT,307.26,SGD,**************0105,US,85
170cd6f9-91ca-2061-5edb-c7c52f6fefad,2026-07-13T06:48:28.172,aml,OK,MT103,SWIFT,307.26,SGD,**************0105,US,130
170cd6f9-91ca-2061-5edb-c7c52f6fefad,2026-07-13T06:48:28.338,payment-hub,OK,MT103,SWIFT,307.26,SGD,**************0105,US,101
170cd6f9-91ca-2061-5edb-c7c52f6fefad,2026-07-13T06:48:28.385,core-banking,OK,MT103,SWIFT,307.26,SGD,**************0105,US,233
170cd6f9-91ca-2061-5edb-c7c52f6fefad,2026-07-13T06:48:28.454,settlement,SETTLED,MT103,SWIFT,307.26,SGD,**************0105,US,382
d7d15d7a-c1a8-5a90-addf-52609f8be576,2026-07-10T07:07:12.679,gateway,OK,0200,CARDS,6957.6,SGD,**************0265,SG,20
d7d15d7a-c1a8-5a90-addf-52609f8be576,2026-07-10T07:07:12.773,auth,OK,0200,CARDS,6957.6,SGD,**************0265,SG,50
d7d15d7a-c1a8-5a90-addf-52609f8be576,2026-07-10T07:07:12.921,validation,OK,0200,CARDS,6957.6,SGD,**************0265,SG,84
d7d15d7a-c1a8-5a90-addf-52609f8be576,2026-07-10T07:07:42.927,aml,OK,0200,CARDS,6957.6,SGD,**************0265,SG,108
d7d15d7a-c1a8-5a90-addf-52609f8be576,2026-07-10T07:07:43.043,payment-hub,OK,0200,CARDS,6957.6,SGD,**************0265,SG,116
d7d15d7a-c1a8-5a90-addf-52609f8be576,2026-07-10T07:07:43.102,core-banking,OK,0200,CARDS,6957.6,SGD,**************0265,SG,76
d7d15d7a-c1a8-5a90-addf-52609f8be576,2026-07-10T07:07:43.133,settlement,SETTLED,0200,CARDS,6957.6,SGD,**************0265,SG,229
cd8a4d1f-d5a5-f918-252e-50a305eec68d,2026-07-07T23:03:50.477,gateway,OK,0200,CARDS,993.58,GBP,**************9671,GB,21
cd8a4d1f-d5a5-f918-252e-50a305eec68d,2026-07-07T23:03:50.532,auth,OK,0200,CARDS,993.58,GBP,**************9671,GB,68
cd8a4d1f-d5a5-f918-252e-50a305eec68d,2026-07-07T23:03:50.611,validation,OK,0200,CARDS,993.58,GBP,**************9671,GB,76
cd8a4d1f-d5a5-f918-252e-50a305eec68d,2026-07-07T23:03:50.827,aml,OK,0200,CARDS,993.58,GBP,**************9671,GB,109
cd8a4d1f-d5a5-f918-252e-50a305eec68d,2026-07-07T23:03:51.030,payment-hub,OK,0200,CARDS,993.58,GBP,**************9671,GB,143
cd8a4d1f-d5a5-f918-252e-50a305eec68d,2026-07-07T23:03:51.142,core-banking,OK,0200,CARDS,993.58,GBP,**************9671,GB,174
cd8a4d1f-d5a5-f918-252e-50a305eec68d,2026-07-07T23:03:51.201,settlement,SETTLED,0200,CARDS,993.58,GBP,**************9671,GB,111
e44eb1e8-ddbd-5c08-ffd8-0b6883a14a32,2026-07-13T23:41:56.835,gateway,OK,0200,CARDS,756.93,SGD,**************4387,SG,48
e44eb1e8-ddbd-5c08-ffd8-0b6883a14a32,2026-07-13T23:41:56.925,auth,OK,0200,CARDS,756.93,SGD,**************4387,SG,85
e44eb1e8-ddbd-5c08-ffd8-0b6883a14a32,2026-07-13T23:41:56.999,validation,OK,0200,CARDS,756.93,SGD,**************4387,SG,75
e44eb1e8-ddbd-5c08-ffd8-0b6883a14a32,2026-07-13T23:41:57.086,aml,OK,0200,CARDS,756.93,SGD,**************4387,SG,196
e44eb1e8-ddbd-5c08-ffd8-0b6883a14a32,2026-07-13T23:41:57.337,payment-hub,OK,0200,CARDS,756.93,SGD,**************4387,SG,136
e44eb1e8-ddbd-5c08-ffd8-0b6883a14a32,2026-07-13T23:41:57.386,core-banking,OK,0200,CARDS,756.93,SGD,**************4387,SG,183
e44eb1e8-ddbd-5c08-ffd8-0b6883a14a32,2026-07-13T23:41:57.548,settlement,SETTLED,0200,CARDS,756.93,SGD,**************4387,SG,171
f47104ec-c220-faa1-b582-040bf0db1e23,2026-07-01T18:58:13.381,gateway,OK,MT103,SWIFT,355.09,INR,**************7231,HK,19
f47104ec-c220-faa1-b582-040bf0db1e23,2026-07-01T18:58:13.545,auth,OK,MT103,SWIFT,355.09,INR,**************7231,HK,47
f47104ec-c220-faa1-b582-040bf0db1e23,2026-07-01T18:58:13.668,validation,OK,MT103,SWIFT,355.09,INR,**************7231,HK,94
f47104ec-c220-faa1-b582-040bf0db1e23,2026-07-01T18:58:13.750,aml,OK,MT103,SWIFT,355.09,INR,**************7231,HK,139
f47104ec-c220-faa1-b582-040bf0db1e23,2026-07-01T18:58:13.869,payment-hub,OK,MT103,SWIFT,355.09,INR,**************7231,HK,148
f47104ec-c220-faa1-b582-040bf0db1e23,2026-07-01T18:58:13.949,core-banking,OK,MT103,SWIFT,355.09,INR,**************7231,HK,107
f47104ec-c220-faa1-b582-040bf0db1e23,2026-07-01T18:58:14.071,settlement,SETTLED,MT103,SWIFT,355.09,INR,**************7231,HK,174
8ed7ee5c-fa5e-0acb-7f4a-cb38d65f0ba8,2026-07-13T12:15:45.469,gateway,OK,pacs.008,FAST,1181.8,USD,**************3920,HK,18
8ed7ee5c-fa5e-0acb-7f4a-cb38d65f0ba8,2026-07-13T12:15:45.523,auth,OK,pacs.008,FAST,1181.8,USD,**************3920,HK,50
8ed7ee5c-fa5e-0acb-7f4a-cb38d65f0ba8,2026-07-13T12:15:45.566,validation,OK,pacs.008,FAST,1181.8,USD,**************3920,HK,51
8ed7ee5c-fa5e-0acb-7f4a-cb38d65f0ba8,2026-07-13T12:15:45.693,aml,OK,pacs.008,FAST,1181.8,USD,**************3920,HK,203
8ed7ee5c-fa5e-0acb-7f4a-cb38d65f0ba8,2026-07-13T12:15:45.813,payment-hub,OK,pacs.008,FAST,1181.8,USD,**************3920,HK,41
8ed7ee5c-fa5e-0acb-7f4a-cb38d65f0ba8,2026-07-13T12:15:46.070,core-banking,OK,pacs.008,FAST,1181.8,USD,**************3920,HK,59
8ed7ee5c-fa5e-0acb-7f4a-cb38d65f0ba8,2026-07-13T12:15:46.276,settlement,SETTLED,pacs.008,FAST,1181.8,USD,**************3920,HK,187
0c5eae17-e906-14de-e5d3-e47a3fdbb801,2026-07-11T22:15:33.044,gateway,OK,pacs.008,FAST,705.69,SGD,**************9859,SG,42
0c5eae17-e906-14de-e5d3-e47a3fdbb801,2026-07-11T22:15:33.110,auth,OK,pacs.008,FAST,705.69,SGD,**************9859,SG,67
0c5eae17-e906-14de-e5d3-e47a3fdbb801,2026-07-11T22:15:33.242,validation,OK,pacs.008,FAST,705.69,SGD,**************9859,SG,120
0c5eae17-e906-14de-e5d3-e47a3fdbb801,2026-07-11T22:15:33.379,aml,OK,pacs.008,FAST,705.69,SGD,**************9859,SG,90
0c5eae17-e906-14de-e5d3-e47a3fdbb801,2026-07-11T22:15:33.453,payment-hub,OK,pacs.008,FAST,705.69,SGD,**************9859,SG,132
0c5eae17-e906-14de-e5d3-e47a3fdbb801,2026-07-11T22:15:33.566,core-banking,OK,pacs.008,FAST,705.69,SGD,**************9859,SG,189
0c5eae17-e906-14de-e5d3-e47a3fdbb801,2026-07-11T22:15:33.829,settlement,SETTLED,pacs.008,FAST,705.69,SGD,**************9859,SG,383
028dd593-3776-8b4a-bd09-c2d7b6835a70,2026-07-06T14:13:20.606,gateway,OK,pacs.008,FAST,1280.16,SGD,**************7872,SG,46
028dd593-3776-8b4a-bd09-c2d7b6835a70,2026-07-06T14:13:20.773,auth,OK,pacs.008,FAST,1280.16,SGD,**************7872,SG,35
028dd593-3776-8b4a-bd09-c2d7b6835a70,2026-07-06T14:13:20.849,validation,OK,pacs.008,FAST,1280.16,SGD,**************7872,SG,34
028dd593-3776-8b4a-bd09-c2d7b6835a70,2026-07-06T14:13:20.906,aml,OK,pacs.008,FAST,1280.16,SGD,**************7872,SG,75
028dd593-3776-8b4a-bd09-c2d7b6835a70,2026-07-06T14:13:21.035,payment-hub,OK,pacs.008,FAST,1280.16,SGD,**************7872,SG,114
028dd593-3776-8b4a-bd09-c2d7b6835a70,2026-07-06T14:13:21.141,core-banking,OK,pacs.008,FAST,1280.16,SGD,**************7872,SG,176
028dd593-3776-8b4a-bd09-c2d7b6835a70,2026-07-06T14:13:21.187,settlement,SETTLED,pacs.008,FAST,1280.16,SGD,**************7872,SG,319
15012745-a4a7-13e3-ad9c-44905c62573c,2026-07-13T13:25:16.090,gateway,OK,MT103,SWIFT,281.78,GBP,**************7075,MY,21
15012745-a4a7-13e3-ad9c-44905c62573c,2026-07-13T13:25:16.231,auth,OK,MT103,SWIFT,281.78,GBP,**************7075,MY,53
15012745-a4a7-13e3-ad9c-44905c62573c,2026-07-13T13:25:16.315,validation,OK,MT103,SWIFT,281.78,GBP,**************7075,MY,65
15012745-a4a7-13e3-ad9c-44905c62573c,2026-07-13T13:25:16.423,aml,OK,MT103,SWIFT,281.78,GBP,**************7075,MY,279
15012745-a4a7-13e3-ad9c-44905c62573c,2026-07-13T13:25:16.481,payment-hub,OK,MT103,SWIFT,281.78,GBP,**************7075,MY,73
15012745-a4a7-13e3-ad9c-44905c62573c,2026-07-13T13:25:16.637,core-banking,OK,MT103,SWIFT,281.78,GBP,**************7075,MY,59
15012745-a4a7-13e3-ad9c-44905c62573c,2026-07-13T13:25:16.850,settlement,SETTLED,MT103,SWIFT,281.78,GBP,**************7075,MY,226
97956f30-2de3-066d-d22d-b1a1ea5331e8,2026-07-06T23:32:27.671,gateway,OK,pacs.008,FAST,1327.05,GBP,**************0111,SG,26
97956f30-2de3-066d-d22d-b1a1ea5331e8,2026-07-06T23:32:27.952,auth,OK,pacs.008,FAST,1327.05,GBP,**************0111,SG,45
97956f30-2de3-066d-d22d-b1a1ea5331e8,2026-07-06T23:32:28.107,validation,OK,pacs.008,FAST,1327.05,GBP,**************0111,SG,80
97956f30-2de3-066d-d22d-b1a1ea5331e8,2026-07-06T23:32:28.185,aml,OK,pacs.008,FAST,1327.05,GBP,**************0111,SG,176
97956f30-2de3-066d-d22d-b1a1ea5331e8,2026-07-06T23:32:28.257,payment-hub,OK,pacs.008,FAST,1327.05,GBP,**************0111,SG,135
97956f30-2de3-066d-d22d-b1a1ea5331e8,2026-07-06T23:32:28.304,core-banking,OK,pacs.008,FAST,1327.05,GBP,**************0111,SG,189
97956f30-2de3-066d-d22d-b1a1ea5331e8,2026-07-06T23:32:28.401,settlement,SETTLED,pacs.008,FAST,1327.05,GBP,**************0111,SG,237
24e279a9-8f8b-72a0-d2b3-14c811821f35,2026-07-14T22:01:03.821,gateway,OK,MT103,SWIFT,908.79,SGD,**************2214,SG,44
24e279a9-8f8b-72a0-d2b3-14c811821f35,2026-07-14T22:01:03.900,auth,OK,MT103,SWIFT,908.79,SGD,**************2214,SG,64
24e279a9-8f8b-72a0-d2b3-14c811821f35,2026-07-14T22:01:03.936,validation,OK,MT103,SWIFT,908.79,SGD,**************2214,SG,55
24e279a9-8f8b-72a0-d2b3-14c811821f35,2026-07-14T22:01:03.973,aml,OK,MT103,SWIFT,908.79,SGD,**************2214,SG,204
24e279a9-8f8b-72a0-d2b3-14c811821f35,2026-07-14T22:01:04.030,payment-hub,OK,MT103,SWIFT,908.79,SGD,**************2214,SG,68
24e279a9-8f8b-72a0-d2b3-14c811821f35,2026-07-14T22:01:04.251,core-banking,OK,MT103,SWIFT,908.79,SGD,**************2214,SG,162
24e279a9-8f8b-72a0-d2b3-14c811821f35,2026-07-14T22:01:04.301,settlement,SETTLED,MT103,SWIFT,908.79,SGD,**************2214,SG,214
886f550b-b710-f2d6-e609-07187d6ee7a5,2026-07-14T01:20:12.582,gateway,OK,pacs.008,FAST,365.68,EUR,**************9965,IN,41
886f550b-b710-f2d6-e609-07187d6ee7a5,2026-07-14T01:20:12.701,auth,OK,pacs.008,FAST,365.68,EUR,**************9965,IN,56
886f550b-b710-f2d6-e609-07187d6ee7a5,2026-07-14T01:20:12.950,validation,OK,pacs.008,FAST,365.68,EUR,**************9965,IN,120
886f550b-b710-f2d6-e609-07187d6ee7a5,2026-07-14T01:20:42.968,aml,OK,pacs.008,FAST,365.68,EUR,**************9965,IN,108
886f550b-b710-f2d6-e609-07187d6ee7a5,2026-07-14T01:20:43.056,payment-hub,OK,pacs.008,FAST,365.68,EUR,**************9965,IN,41
886f550b-b710-f2d6-e609-07187d6ee7a5,2026-07-14T01:20:43.184,core-banking,OK,pacs.008,FAST,365.68,EUR,**************9965,IN,240
886f550b-b710-f2d6-e609-07187d6ee7a5,2026-07-14T01:20:43.285,settlement,SETTLED,pacs.008,FAST,365.68,EUR,**************9965,IN,83
b726c04d-cdc8-ad9c-1478-ffa10b924ff2,2026-07-14T11:46:42.498,gateway,OK,pacs.008,FAST,1030.27,USD,**************9408,US,60
b726c04d-cdc8-ad9c-1478-ffa10b924ff2,2026-07-14T11:46:42.624,auth,OK,pacs.008,FAST,1030.27,USD,**************9408,US,25
b726c04d-cdc8-ad9c-1478-ffa10b924ff2,2026-07-14T11:46:42.889,validation,OK,pacs.008,FAST,1030.27,USD,**************9408,US,27
b726c04d-cdc8-ad9c-1478-ffa10b924ff2,2026-07-14T11:46:43.117,aml,OK,pacs.008,FAST,1030.27,USD,**************9408,US,169
b726c04d-cdc8-ad9c-1478-ffa10b924ff2,2026-07-14T11:46:43.255,payment-hub,OK,pacs.008,FAST,1030.27,USD,**************9408,US,77
b726c04d-cdc8-ad9c-1478-ffa10b924ff2,2026-07-14T11:46:43.338,core-banking,OK,pacs.008,FAST,1030.27,USD,**************9408,US,59
b726c04d-cdc8-ad9c-1478-ffa10b924ff2,2026-07-14T11:46:43.402,settlement,SETTLED,pacs.008,FAST,1030.27,USD,**************9408,US,96
cdf87996-f117-113b-eba1-d302a5e491ca,2026-07-04T14:50:38.291,gateway,OK,pacs.008,FAST,2194.01,SGD,**************8261,SG,20
cdf87996-f117-113b-eba1-d302a5e491ca,2026-07-04T14:50:38.349,auth,OK,pacs.008,FAST,2194.01,SGD,**************8261,SG,37
cdf87996-f117-113b-eba1-d302a5e491ca,2026-07-04T14:50:38.417,validation,OK,pacs.008,FAST,2194.01,SGD,**************8261,SG,40
cdf87996-f117-113b-eba1-d302a5e491ca,2026-07-04T14:50:38.531,aml,TIMEOUT,pacs.008,FAST,2194.01,SGD,**************8261,SG,30000
cdf87996-f117-113b-eba1-d302a5e491ca,2026-07-04T14:50:38.690,payment-hub,FAILED,pacs.008,FAST,2194.01,SGD,**************8261,SG,67
28fc8fbe-8436-5618-e792-d578b43af6ec,2026-07-04T11:55:48.075,gateway,OK,MT103,SWIFT,1638.14,MYR,**************5864,MY,29
28fc8fbe-8436-5618-e792-d578b43af6ec,2026-07-04T11:55:48.154,auth,OK,MT103,SWIFT,1638.14,MYR,**************5864,MY,68
28fc8fbe-8436-5618-e792-d578b43af6ec,2026-07-04T11:55:48.223,validation,OK,MT103,SWIFT,1638.14,MYR,**************5864,MY,25
28fc8fbe-8436-5618-e792-d578b43af6ec,2026-07-04T11:55:48.251,aml,OK,MT103,SWIFT,1638.14,MYR,**************5864,MY,49
28fc8fbe-8436-5618-e792-d578b43af6ec,2026-07-04T11:55:48.390,payment-hub,OK,MT103,SWIFT,1638.14,MYR,**************5864,MY,34
28fc8fbe-8436-5618-e792-d578b43af6ec,2026-07-04T11:55:48.510,core-banking,OK,MT103,SWIFT,1638.14,MYR,**************5864,MY,110
28fc8fbe-8436-5618-e792-d578b43af6ec,2026-07-04T11:55:48.772,settlement,SETTLED,MT103,SWIFT,1638.14,MYR,**************5864,MY,194
52fc4755-d97b-0dcc-0ac1-485b6fbcf910,2026-07-09T15:23:07.192,gateway,OK,pacs.008,FAST,289.71,SGD,**************3189,SG,39
52fc4755-d97b-0dcc-0ac1-485b6fbcf910,2026-07-09T15:23:07.249,auth,OK,pacs.008,FAST,289.71,SGD,**************3189,SG,29
52fc4755-d97b-0dcc-0ac1-485b6fbcf910,2026-07-09T15:23:07.514,validation,OK,pacs.008,FAST,289.71,SGD,**************3189,SG,99
52fc4755-d97b-0dcc-0ac1-485b6fbcf910,2026-07-09T15:23:07.688,aml,TIMEOUT,pacs.008,FAST,289.71,SGD,**************3189,SG,30000
52fc4755-d97b-0dcc-0ac1-485b6fbcf910,2026-07-09T15:23:07.781,payment-hub,FAILED,pacs.008,FAST,289.71,SGD,**************3189,SG,96
ab65eeed-a2cb-6393-8f09-f14d46d14c3e,2026-07-02T01:45:52.567,gateway,OK,0200,CARDS,1844.54,SGD,**************7623,SG,23
ab65eeed-a2cb-6393-8f09-f14d46d14c3e,2026-07-02T01:45:52.819,auth,OK,0200,CARDS,1844.54,SGD,**************7623,SG,80
ab65eeed-a2cb-6393-8f09-f14d46d14c3e,2026-07-02T01:45:53.022,validation,OK,0200,CARDS,1844.54,SGD,**************7623,SG,45
ab65eeed-a2cb-6393-8f09-f14d46d14c3e,2026-07-02T01:45:53.087,aml,OK,0200,CARDS,1844.54,SGD,**************7623,SG,252
ab65eeed-a2cb-6393-8f09-f14d46d14c3e,2026-07-02T01:45:53.157,payment-hub,OK,0200,CARDS,1844.54,SGD,**************7623,SG,144
ab65eeed-a2cb-6393-8f09-f14d46d14c3e,2026-07-02T01:45:53.217,core-banking,OK,0200,CARDS,1844.54,SGD,**************7623,SG,174
ab65eeed-a2cb-6393-8f09-f14d46d14c3e,2026-07-02T01:45:53.288,settlement,SETTLED,0200,CARDS,1844.54,SGD,**************7623,SG,180
bf227b04-685e-510b-138e-9fac0c83c353,2026-07-05T13:23:57.500,gateway,OK,pacs.008,FAST,3039.06,SGD,**************9484,SG,39
bf227b04-685e-510b-138e-9fac0c83c353,2026-07-05T13:23:57.670,auth,OK,pacs.008,FAST,3039.06,SGD,**************9484,SG,49
bf227b04-685e-510b-138e-9fac0c83c353,2026-07-05T13:23:57.749,validation,OK,pacs.008,FAST,3039.06,SGD,**************9484,SG,51
bf227b04-685e-510b-138e-9fac0c83c353,2026-07-05T13:23:57.859,aml,OK,pacs.008,FAST,3039.06,SGD,**************9484,SG,66
bf227b04-685e-510b-138e-9fac0c83c353,2026-07-05T13:23:57.963,payment-hub,OK,pacs.008,FAST,3039.06,SGD,**************9484,SG,144
bf227b04-685e-510b-138e-9fac0c83c353,2026-07-05T13:23:58.056,core-banking,OK,pacs.008,FAST,3039.06,SGD,**************9484,SG,210
bf227b04-685e-510b-138e-9fac0c83c353,2026-07-05T13:23:58.233,settlement,SETTLED,pacs.008,FAST,3039.06,SGD,**************9484,SG,243
45f3b5d7-544d-7758-6fcb-fffbe61f34ed,2026-07-10T06:44:35.423,gateway,OK,0200,CARDS,725.88,SGD,**************9231,SG,27
45f3b5d7-544d-7758-6fcb-fffbe61f34ed,2026-07-10T06:44:35.524,auth,OK,0200,CARDS,725.88,SGD,**************9231,SG,54
45f3b5d7-544d-7758-6fcb-fffbe61f34ed,2026-07-10T06:44:35.560,validation,OK,0200,CARDS,725.88,SGD,**************9231,SG,103
45f3b5d7-544d-7758-6fcb-fffbe61f34ed,2026-07-10T06:44:35.710,aml,OK,0200,CARDS,725.88,SGD,**************9231,SG,299
45f3b5d7-544d-7758-6fcb-fffbe61f34ed,2026-07-10T06:44:35.779,payment-hub,OK,0200,CARDS,725.88,SGD,**************9231,SG,76
45f3b5d7-544d-7758-6fcb-fffbe61f34ed,2026-07-10T06:44:35.939,core-banking,OK,0200,CARDS,725.88,SGD,**************9231,SG,249
45f3b5d7-544d-7758-6fcb-fffbe61f34ed,2026-07-10T06:44:36.178,settlement,SETTLED,0200,CARDS,725.88,SGD,**************9231,SG,151
94ef7643-567c-4560-1442-0e9176a1521d,2026-07-04T13:04:55.693,gateway,OK,MT103,SWIFT,1511.05,SGD,**************3869,SG,55
94ef7643-567c-4560-1442-0e9176a1521d,2026-07-04T13:04:55.808,auth,OK,MT103,SWIFT,1511.05,SGD,**************3869,SG,32
94ef7643-567c-4560-1442-0e9176a1521d,2026-07-04T13:04:55.861,validation,OK,MT103,SWIFT,1511.05,SGD,**************3869,SG,111
94ef7643-567c-4560-1442-0e9176a1521d,2026-07-04T13:04:55.925,aml,OK,MT103,SWIFT,1511.05,SGD,**************3869,SG,74
94ef7643-567c-4560-1442-0e9176a1521d,2026-07-04T13:04:56.008,payment-hub,OK,MT103,SWIFT,1511.05,SGD,**************3869,SG,125
94ef7643-567c-4560-1442-0e9176a1521d,2026-07-04T13:04:56.070,core-banking,OK,MT103,SWIFT,1511.05,SGD,**************3869,SG,182
94ef7643-567c-4560-1442-0e9176a1521d,2026-07-04T13:04:56.107,settlement,SETTLED,MT103,SWIFT,1511.05,SGD,**************3869,SG,191
d3e3565e-1b7e-3d9b-fa91-714564e5c36d,2026-07-02T01:10:32.023,gateway,OK,pacs.008,FAST,214.97,EUR,**************1014,SG,23
d3e3565e-1b7e-3d9b-fa91-714564e5c36d,2026-07-02T01:10:32.154,auth,OK,pacs.008,FAST,214.97,EUR,**************1014,SG,87
d3e3565e-1b7e-3d9b-fa91-714564e5c36d,2026-07-02T01:10:32.207,validation,OK,pacs.008,FAST,214.97,EUR,**************1014,SG,102
d3e3565e-1b7e-3d9b-fa91-714564e5c36d,2026-07-02T01:10:32.253,aml,OK,pacs.008,FAST,214.97,EUR,**************1014,SG,250
d3e3565e-1b7e-3d9b-fa91-714564e5c36d,2026-07-02T01:10:32.375,payment-hub,OK,pacs.008,FAST,214.97,EUR,**************1014,SG,120
d3e3565e-1b7e-3d9b-fa91-714564e5c36d,2026-07-02T01:10:32.468,core-banking,OK,pacs.008,FAST,214.97,EUR,**************1014,SG,69
d3e3565e-1b7e-3d9b-fa91-714564e5c36d,2026-07-02T01:10:32.507,settlement,SETTLED,pacs.008,FAST,214.97,EUR,**************1014,SG,198
679cd327-6c52-ff5e-7390-3bcca43882a3,2026-07-11T14:59:47.739,gateway,OK,pacs.008,FAST,1939.11,SGD,**************7901,SG,27
679cd327-6c52-ff5e-7390-3bcca43882a3,2026-07-11T14:59:47.841,auth,OK,pacs.008,FAST,1939.11,SGD,**************7901,SG,55
679cd327-6c52-ff5e-7390-3bcca43882a3,2026-07-11T14:59:47.997,validation,OK,pacs.008,FAST,1939.11,SGD,**************7901,SG,50
679cd327-6c52-ff5e-7390-3bcca43882a3,2026-07-11T15:00:18.005,aml,OK,pacs.008,FAST,1939.11,SGD,**************7901,SG,64
679cd327-6c52-ff5e-7390-3bcca43882a3,2026-07-11T15:00:18.144,payment-hub,OK,pacs.008,FAST,1939.11,SGD,**************7901,SG,102
679cd327-6c52-ff5e-7390-3bcca43882a3,2026-07-11T15:00:18.304,core-banking,OK,pacs.008,FAST,1939.11,SGD,**************7901,SG,78
679cd327-6c52-ff5e-7390-3bcca43882a3,2026-07-11T15:00:18.403,settlement,SETTLED,pacs.008,FAST,1939.11,SGD,**************7901,SG,234
282059d0-d50f-52aa-fdf8-773efb423e63,2026-07-08T13:33:31.596,gateway,OK,0200,CARDS,8051.84,SGD,**************6012,SG,36
282059d0-d50f-52aa-fdf8-773efb423e63,2026-07-08T13:33:31.683,auth,OK,0200,CARDS,8051.84,SGD,**************6012,SG,35
282059d0-d50f-52aa-fdf8-773efb423e63,2026-07-08T13:33:31.772,validation,OK,0200,CARDS,8051.84,SGD,**************6012,SG,25
282059d0-d50f-52aa-fdf8-773efb423e63,2026-07-08T13:33:31.913,aml,OK,0200,CARDS,8051.84,SGD,**************6012,SG,41
282059d0-d50f-52aa-fdf8-773efb423e63,2026-07-08T13:33:32.044,payment-hub,OK,0200,CARDS,8051.84,SGD,**************6012,SG,105
282059d0-d50f-52aa-fdf8-773efb423e63,2026-07-08T13:33:32.144,core-banking,OK,0200,CARDS,8051.84,SGD,**************6012,SG,116
282059d0-d50f-52aa-fdf8-773efb423e63,2026-07-08T13:33:32.201,settlement,SETTLED,0200,CARDS,8051.84,SGD,**************6012,SG,376
9ee9c45b-4cdb-2f46-475c-2d3a172a526a,2026-07-08T16:31:20.966,gateway,OK,pacs.008,FAST,122.49,INR,**************7752,IN,27
9ee9c45b-4cdb-2f46-475c-2d3a172a526a,2026-07-08T16:31:21.022,auth,OK,pacs.008,FAST,122.49,INR,**************7752,IN,34
9ee9c45b-4cdb-2f46-475c-2d3a172a526a,2026-07-08T16:31:21.089,validation,OK,pacs.008,FAST,122.49,INR,**************7752,IN,77
9ee9c45b-4cdb-2f46-475c-2d3a172a526a,2026-07-08T16:31:21.172,aml,OK,pacs.008,FAST,122.49,INR,**************7752,IN,138
9ee9c45b-4cdb-2f46-475c-2d3a172a526a,2026-07-08T16:31:21.231,payment-hub,OK,pacs.008,FAST,122.49,INR,**************7752,IN,135
9ee9c45b-4cdb-2f46-475c-2d3a172a526a,2026-07-08T16:31:21.487,core-banking,OK,pacs.008,FAST,122.49,INR,**************7752,IN,249
9ee9c45b-4cdb-2f46-475c-2d3a172a526a,2026-07-08T16:31:21.565,settlement,SETTLED,pacs.008,FAST,122.49,INR,**************7752,IN,210
4288439d-7942-4f98-860e-7a593ad4622f,2026-07-10T13:18:47.736,gateway,OK,MT103,SWIFT,462.44,MYR,**************1345,MY,50
4288439d-7942-4f98-860e-7a593ad4622f,2026-07-10T13:18:47.800,auth,OK,MT103,SWIFT,462.44,MYR,**************1345,MY,80
4288439d-7942-4f98-860e-7a593ad4622f,2026-07-10T13:18:48.012,validation,OK,MT103,SWIFT,462.44,MYR,**************1345,MY,91
4288439d-7942-4f98-860e-7a593ad4622f,2026-07-10T13:18:48.297,aml,TIMEOUT,MT103,SWIFT,462.44,MYR,**************1345,MY,30000
4288439d-7942-4f98-860e-7a593ad4622f,2026-07-10T13:18:48.344,payment-hub,FAILED,MT103,SWIFT,462.44,MYR,**************1345,MY,132
ddfcd150-750a-65ee-0a26-33b0b4933499,2026-07-02T17:19:47.111,gateway,OK,MT103,SWIFT,763.96,SGD,**************6782,SG,41
ddfcd150-750a-65ee-0a26-33b0b4933499,2026-07-02T17:19:47.255,auth,OK,MT103,SWIFT,763.96,SGD,**************6782,SG,68
ddfcd150-750a-65ee-0a26-33b0b4933499,2026-07-02T17:19:47.511,validation,OK,MT103,SWIFT,763.96,SGD,**************6782,SG,97
ddfcd150-750a-65ee-0a26-33b0b4933499,2026-07-02T17:20:17.518,aml,OK,MT103,SWIFT,763.96,SGD,**************6782,SG,108
ddfcd150-750a-65ee-0a26-33b0b4933499,2026-07-02T17:20:17.765,payment-hub,OK,MT103,SWIFT,763.96,SGD,**************6782,SG,135
ddfcd150-750a-65ee-0a26-33b0b4933499,2026-07-02T17:20:17.824,core-banking,OK,MT103,SWIFT,763.96,SGD,**************6782,SG,109
ddfcd150-750a-65ee-0a26-33b0b4933499,2026-07-02T17:20:17.918,settlement,SETTLED,MT103,SWIFT,763.96,SGD,**************6782,SG,342
b236ad4a-d3f9-8d4d-30a5-ce0a32203d96,2026-07-05T04:42:07.948,gateway,OK,pacs.008,FAST,332.69,SGD,**************4955,SG,45
b236ad4a-d3f9-8d4d-30a5-ce0a32203d96,2026-07-05T04:42:08.028,auth,OK,pacs.008,FAST,332.69,SGD,**************4955,SG,34
b236ad4a-d3f9-8d4d-30a5-ce0a32203d96,2026-07-05T04:42:08.138,validation,OK,pacs.008,FAST,332.69,SGD,**************4955,SG,75
b236ad4a-d3f9-8d4d-30a5-ce0a32203d96,2026-07-05T04:42:08.163,aml,OK,pacs.008,FAST,332.69,SGD,**************4955,SG,50
b236ad4a-d3f9-8d4d-30a5-ce0a32203d96,2026-07-05T04:42:08.214,payment-hub,OK,pacs.008,FAST,332.69,SGD,**************4955,SG,88
b236ad4a-d3f9-8d4d-30a5-ce0a32203d96,2026-07-05T04:42:08.273,core-banking,OK,pacs.008,FAST,332.69,SGD,**************4955,SG,234
b236ad4a-d3f9-8d4d-30a5-ce0a32203d96,2026-07-05T04:42:08.339,settlement,SETTLED,pacs.008,FAST,332.69,SGD,**************4955,SG,100
3b1d8eff-62c1-0b3d-180a-7cb3efcae76e,2026-07-12T12:47:12.470,gateway,OK,MT103,SWIFT,73.64,MYR,**************8510,MY,30
3b1d8eff-62c1-0b3d-180a-7cb3efcae76e,2026-07-12T12:47:12.604,auth,OK,MT103,SWIFT,73.64,MYR,**************8510,MY,46
3b1d8eff-62c1-0b3d-180a-7cb3efcae76e,2026-07-12T12:47:12.664,validation,OK,MT103,SWIFT,73.64,MYR,**************8510,MY,86
3b1d8eff-62c1-0b3d-180a-7cb3efcae76e,2026-07-12T12:47:12.742,aml,OK,MT103,SWIFT,73.64,MYR,**************8510,MY,268
3b1d8eff-62c1-0b3d-180a-7cb3efcae76e,2026-07-12T12:47:12.917,payment-hub,OK,MT103,SWIFT,73.64,MYR,**************8510,MY,44
3b1d8eff-62c1-0b3d-180a-7cb3efcae76e,2026-07-12T12:47:12.965,core-banking,OK,MT103,SWIFT,73.64,MYR,**************8510,MY,219
3b1d8eff-62c1-0b3d-180a-7cb3efcae76e,2026-07-12T12:47:13.070,settlement,SETTLED,MT103,SWIFT,73.64,MYR,**************8510,MY,187
6b2a59a6-f4c9-1403-387a-da89454767ec,2026-07-01T13:08:16.954,gateway,OK,pacs.008,FAST,2229.24,INR,**************3040,IN,34
6b2a59a6-f4c9-1403-387a-da89454767ec,2026-07-01T13:08:17.057,auth,OK,pacs.008,FAST,2229.24,INR,**************3040,IN,56
6b2a59a6-f4c9-1403-387a-da89454767ec,2026-07-01T13:08:17.134,validation,OK,pacs.008,FAST,2229.24,INR,**************3040,IN,54
6b2a59a6-f4c9-1403-387a-da89454767ec,2026-07-01T13:08:17.244,aml,TIMEOUT,pacs.008,FAST,2229.24,INR,**************3040,IN,30000
6b2a59a6-f4c9-1403-387a-da89454767ec,2026-07-01T13:08:17.284,payment-hub,FAILED,pacs.008,FAST,2229.24,INR,**************3040,IN,146
b6f62392-c387-13db-2a01-c537aca69761,2026-07-05T16:43:42.057,gateway,OK,pacs.008,FAST,532.59,SGD,**************8193,SG,44
b6f62392-c387-13db-2a01-c537aca69761,2026-07-05T16:43:42.176,auth,OK,pacs.008,FAST,532.59,SGD,**************8193,SG,87
b6f62392-c387-13db-2a01-c537aca69761,2026-07-05T16:43:42.249,validation,OK,pacs.008,FAST,532.59,SGD,**************8193,SG,70
b6f62392-c387-13db-2a01-c537aca69761,2026-07-05T16:43:42.448,aml,OK,pacs.008,FAST,532.59,SGD,**************8193,SG,150
b6f62392-c387-13db-2a01-c537aca69761,2026-07-05T16:43:42.654,payment-hub,OK,pacs.008,FAST,532.59,SGD,**************8193,SG,30
b6f62392-c387-13db-2a01-c537aca69761,2026-07-05T16:43:42.711,core-banking,OK,pacs.008,FAST,532.59,SGD,**************8193,SG,204
b6f62392-c387-13db-2a01-c537aca69761,2026-07-05T16:43:42.828,settlement,SETTLED,pacs.008,FAST,532.59,SGD,**************8193,SG,92
977a78bb-0ec0-4bbd-bc8c-c26c44282ac9,2026-07-08T22:03:45.323,gateway,OK,pacs.008,FAST,3891.88,INR,**************0133,GB,19
977a78bb-0ec0-4bbd-bc8c-c26c44282ac9,2026-07-08T22:03:45.426,auth,OK,pacs.008,FAST,3891.88,INR,**************0133,GB,32
977a78bb-0ec0-4bbd-bc8c-c26c44282ac9,2026-07-08T22:03:45.479,validation,OK,pacs.008,FAST,3891.88,INR,**************0133,GB,38
977a78bb-0ec0-4bbd-bc8c-c26c44282ac9,2026-07-08T22:03:45.548,aml,OK,pacs.008,FAST,3891.88,INR,**************0133,GB,99
977a78bb-0ec0-4bbd-bc8c-c26c44282ac9,2026-07-08T22:03:45.609,payment-hub,OK,pacs.008,FAST,3891.88,INR,**************0133,GB,150
977a78bb-0ec0-4bbd-bc8c-c26c44282ac9,2026-07-08T22:03:45.738,core-banking,OK,pacs.008,FAST,3891.88,INR,**************0133,GB,248
977a78bb-0ec0-4bbd-bc8c-c26c44282ac9,2026-07-08T22:03:45.876,settlement,SETTLED,pacs.008,FAST,3891.88,INR,**************0133,GB,258
c17fc7f4-675a-0178-3100-f83c4b473349,2026-07-08T22:01:28.845,gateway,OK,pacs.008,FAST,2323.5,MYR,**************4145,MY,39
c17fc7f4-675a-0178-3100-f83c4b473349,2026-07-08T22:01:28.949,auth,OK,pacs.008,FAST,2323.5,MYR,**************4145,MY,25
c17fc7f4-675a-0178-3100-f83c4b473349,2026-07-08T22:01:29.020,validation,OK,pacs.008,FAST,2323.5,MYR,**************4145,MY,82
c17fc7f4-675a-0178-3100-f83c4b473349,2026-07-08T22:01:29.127,aml,OK,pacs.008,FAST,2323.5,MYR,**************4145,MY,45
c17fc7f4-675a-0178-3100-f83c4b473349,2026-07-08T22:01:29.215,payment-hub,OK,pacs.008,FAST,2323.5,MYR,**************4145,MY,105
c17fc7f4-675a-0178-3100-f83c4b473349,2026-07-08T22:01:29.283,core-banking,OK,pacs.008,FAST,2323.5,MYR,**************4145,MY,229
c17fc7f4-675a-0178-3100-f83c4b473349,2026-07-08T22:01:29.425,settlement,SETTLED,pacs.008,FAST,2323.5,MYR,**************4145,MY,283
339bc267-6df7-c131-93d4-01f2ed05a80e,2026-07-06T17:59:42.339,gateway,OK,MT103,SWIFT,704.49,USD,**************5254,SG,52
339bc267-6df7-c131-93d4-01f2ed05a80e,2026-07-06T17:59:42.563,auth,OK,MT103,SWIFT,704.49,USD,**************5254,SG,75
339bc267-6df7-c131-93d4-01f2ed05a80e,2026-07-06T17:59:42.720,validation,OK,MT103,SWIFT,704.49,USD,**************5254,SG,56
339bc267-6df7-c131-93d4-01f2ed05a80e,2026-07-06T17:59:42.939,aml,OK,MT103,SWIFT,704.49,USD,**************5254,SG,78
339bc267-6df7-c131-93d4-01f2ed05a80e,2026-07-06T17:59:43.191,payment-hub,OK,MT103,SWIFT,704.49,USD,**************5254,SG,48
339bc267-6df7-c131-93d4-01f2ed05a80e,2026-07-06T17:59:43.418,core-banking,OK,MT103,SWIFT,704.49,USD,**************5254,SG,129
339bc267-6df7-c131-93d4-01f2ed05a80e,2026-07-06T17:59:43.452,settlement,SETTLED,MT103,SWIFT,704.49,USD,**************5254,SG,155
89362230-8ed0-0c11-7b9d-f008319e7171,2026-07-09T21:42:10.865,gateway,OK,pacs.008,FAST,864.95,INR,**************9326,MY,18
89362230-8ed0-0c11-7b9d-f008319e7171,2026-07-09T21:42:10.935,auth,OK,pacs.008,FAST,864.95,INR,**************9326,MY,38
89362230-8ed0-0c11-7b9d-f008319e7171,2026-07-09T21:42:11.066,validation,OK,pacs.008,FAST,864.95,INR,**************9326,MY,113
89362230-8ed0-0c11-7b9d-f008319e7171,2026-07-09T21:42:11.108,aml,OK,pacs.008,FAST,864.95,INR,**************9326,MY,229
89362230-8ed0-0c11-7b9d-f008319e7171,2026-07-09T21:42:11.171,payment-hub,OK,pacs.008,FAST,864.95,INR,**************9326,MY,145
89362230-8ed0-0c11-7b9d-f008319e7171,2026-07-09T21:42:11.264,core-banking,OK,pacs.008,FAST,864.95,INR,**************9326,MY,137
89362230-8ed0-0c11-7b9d-f008319e7171,2026-07-09T21:42:11.303,settlement,SETTLED,pacs.008,FAST,864.95,INR,**************9326,MY,346
939f4d07-b081-a21d-625d-fbb616f47578,2026-07-14T10:23:05.794,gateway,OK,pacs.008,FAST,710.63,INR,**************0622,SG,20
939f4d07-b081-a21d-625d-fbb616f47578,2026-07-14T10:23:05.906,auth,OK,pacs.008,FAST,710.63,INR,**************0622,SG,71
939f4d07-b081-a21d-625d-fbb616f47578,2026-07-14T10:23:05.971,validation,OK,pacs.008,FAST,710.63,INR,**************0622,SG,101
939f4d07-b081-a21d-625d-fbb616f47578,2026-07-14T10:23:06.077,aml,OK,pacs.008,FAST,710.63,INR,**************0622,SG,163
939f4d07-b081-a21d-625d-fbb616f47578,2026-07-14T10:23:06.129,payment-hub,OK,pacs.008,FAST,710.63,INR,**************0622,SG,118
939f4d07-b081-a21d-625d-fbb616f47578,2026-07-14T10:23:06.184,core-banking,OK,pacs.008,FAST,710.63,INR,**************0622,SG,116
939f4d07-b081-a21d-625d-fbb616f47578,2026-07-14T10:23:06.328,settlement,SETTLED,pacs.008,FAST,710.63,INR,**************0622,SG,220
95fc50a1-1689-8a6f-9bdf-d00fe9d52a8a,2026-07-13T16:53:41.368,gateway,OK,MT103,SWIFT,1490.17,USD,**************6527,HK,24
95fc50a1-1689-8a6f-9bdf-d00fe9d52a8a,2026-07-13T16:53:41.447,auth,OK,MT103,SWIFT,1490.17,USD,**************6527,HK,78
95fc50a1-1689-8a6f-9bdf-d00fe9d52a8a,2026-07-13T16:53:41.568,validation,OK,MT103,SWIFT,1490.17,USD,**************6527,HK,83
95fc50a1-1689-8a6f-9bdf-d00fe9d52a8a,2026-07-13T16:53:41.613,aml,OK,MT103,SWIFT,1490.17,USD,**************6527,HK,157
95fc50a1-1689-8a6f-9bdf-d00fe9d52a8a,2026-07-13T16:53:41.838,payment-hub,OK,MT103,SWIFT,1490.17,USD,**************6527,HK,79
95fc50a1-1689-8a6f-9bdf-d00fe9d52a8a,2026-07-13T16:53:41.912,core-banking,OK,MT103,SWIFT,1490.17,USD,**************6527,HK,213
95fc50a1-1689-8a6f-9bdf-d00fe9d52a8a,2026-07-13T16:53:42.075,settlement,SETTLED,MT103,SWIFT,1490.17,USD,**************6527,HK,160
315ee92c-8fc2-531a-b0a4-5e1c79cafbaf,2026-07-04T01:41:10.632,gateway,OK,pacs.008,FAST,324.08,USD,**************1842,US,46
315ee92c-8fc2-531a-b0a4-5e1c79cafbaf,2026-07-04T01:41:10.697,auth,OK,pacs.008,FAST,324.08,USD,**************1842,US,39
315ee92c-8fc2-531a-b0a4-5e1c79cafbaf,2026-07-04T01:41:10.919,validation,OK,pacs.008,FAST,324.08,USD,**************1842,US,89
315ee92c-8fc2-531a-b0a4-5e1c79cafbaf,2026-07-04T01:41:11.097,aml,OK,pacs.008,FAST,324.08,USD,**************1842,US,208
315ee92c-8fc2-531a-b0a4-5e1c79cafbaf,2026-07-04T01:41:11.361,payment-hub,OK,pacs.008,FAST,324.08,USD,**************1842,US,134
315ee92c-8fc2-531a-b0a4-5e1c79cafbaf,2026-07-04T01:41:11.431,core-banking,OK,pacs.008,FAST,324.08,USD,**************1842,US,160
315ee92c-8fc2-531a-b0a4-5e1c79cafbaf,2026-07-04T01:41:11.462,settlement,SETTLED,pacs.008,FAST,324.08,USD,**************1842,US,141
af1af555-3a4b-03c8-b5e5-f86c9df48a96,2026-07-09T14:02:34.559,gateway,OK,MT103,SWIFT,322.65,SGD,**************6307,SG,36
af1af555-3a4b-03c8-b5e5-f86c9df48a96,2026-07-09T14:02:34.651,auth,OK,MT103,SWIFT,322.65,SGD,**************6307,SG,57
af1af555-3a4b-03c8-b5e5-f86c9df48a96,2026-07-09T14:02:34.740,validation,OK,MT103,SWIFT,322.65,SGD,**************6307,SG,80
af1af555-3a4b-03c8-b5e5-f86c9df48a96,2026-07-09T14:02:34.814,aml,OK,MT103,SWIFT,322.65,SGD,**************6307,SG,209
af1af555-3a4b-03c8-b5e5-f86c9df48a96,2026-07-09T14:02:35.044,payment-hub,OK,MT103,SWIFT,322.65,SGD,**************6307,SG,144
af1af555-3a4b-03c8-b5e5-f86c9df48a96,2026-07-09T14:02:35.206,core-banking,OK,MT103,SWIFT,322.65,SGD,**************6307,SG,177
af1af555-3a4b-03c8-b5e5-f86c9df48a96,2026-07-09T14:02:35.307,settlement,SETTLED,MT103,SWIFT,322.65,SGD,**************6307,SG,221
7eef60a9-8195-fec2-8b9e-428852ed99bb,2026-07-12T09:08:07.649,gateway,OK,MT103,SWIFT,1668.73,SGD,**************8440,SG,57
7eef60a9-8195-fec2-8b9e-428852ed99bb,2026-07-12T09:08:07.722,auth,OK,MT103,SWIFT,1668.73,SGD,**************8440,SG,46
7eef60a9-8195-fec2-8b9e-428852ed99bb,2026-07-12T09:08:07.898,validation,OK,MT103,SWIFT,1668.73,SGD,**************8440,SG,76
7eef60a9-8195-fec2-8b9e-428852ed99bb,2026-07-12T09:08:08.002,aml,OK,MT103,SWIFT,1668.73,SGD,**************8440,SG,52
7eef60a9-8195-fec2-8b9e-428852ed99bb,2026-07-12T09:08:08.139,payment-hub,OK,MT103,SWIFT,1668.73,SGD,**************8440,SG,44
7eef60a9-8195-fec2-8b9e-428852ed99bb,2026-07-12T09:08:08.212,core-banking,OK,MT103,SWIFT,1668.73,SGD,**************8440,SG,201
7eef60a9-8195-fec2-8b9e-428852ed99bb,2026-07-12T09:08:08.301,settlement,SETTLED,MT103,SWIFT,1668.73,SGD,**************8440,SG,269
49d3bfaf-0266-7682-4656-3b680c1a07e9,2026-07-09T04:43:52.928,gateway,OK,pacs.008,FAST,163.24,MYR,**************0823,MY,41
49d3bfaf-0266-7682-4656-3b680c1a07e9,2026-07-09T04:43:53.052,auth,OK,pacs.008,FAST,163.24,MYR,**************0823,MY,42
49d3bfaf-0266-7682-4656-3b680c1a07e9,2026-07-09T04:43:53.126,validation,OK,pacs.008,FAST,163.24,MYR,**************0823,MY,62
49d3bfaf-0266-7682-4656-3b680c1a07e9,2026-07-09T04:43:53.225,aml,OK,pacs.008,FAST,163.24,MYR,**************0823,MY,265
49d3bfaf-0266-7682-4656-3b680c1a07e9,2026-07-09T04:43:53.279,payment-hub,OK,pacs.008,FAST,163.24,MYR,**************0823,MY,80
49d3bfaf-0266-7682-4656-3b680c1a07e9,2026-07-09T04:43:53.414,core-banking,OK,pacs.008,FAST,163.24,MYR,**************0823,MY,130
49d3bfaf-0266-7682-4656-3b680c1a07e9,2026-07-09T04:43:53.497,settlement,SETTLED,pacs.008,FAST,163.24,MYR,**************0823,MY,252
1f4481b9-51bc-3710-d6e8-f6403d198a87,2026-07-07T01:35:30.106,gateway,OK,MT103,SWIFT,1662.13,SGD,**************3090,SG,23
1f4481b9-51bc-3710-d6e8-f6403d198a87,2026-07-07T01:35:30.398,auth,OK,MT103,SWIFT,1662.13,SGD,**************3090,SG,30
1f4481b9-51bc-3710-d6e8-f6403d198a87,2026-07-07T01:35:30.519,validation,OK,MT103,SWIFT,1662.13,SGD,**************3090,SG,53
1f4481b9-51bc-3710-d6e8-f6403d198a87,2026-07-07T01:35:30.580,aml,OK,MT103,SWIFT,1662.13,SGD,**************3090,SG,188
1f4481b9-51bc-3710-d6e8-f6403d198a87,2026-07-07T01:35:30.735,payment-hub,OK,MT103,SWIFT,1662.13,SGD,**************3090,SG,109
1f4481b9-51bc-3710-d6e8-f6403d198a87,2026-07-07T01:35:30.803,core-banking,OK,MT103,SWIFT,1662.13,SGD,**************3090,SG,171
1f4481b9-51bc-3710-d6e8-f6403d198a87,2026-07-07T01:35:30.950,settlement,SETTLED,MT103,SWIFT,1662.13,SGD,**************3090,SG,122
e8d2b352-c512-0cdd-ecc3-ebefffc4d951,2026-07-10T01:21:48.334,gateway,OK,pacs.008,FAST,253.42,SGD,**************4396,US,53
e8d2b352-c512-0cdd-ecc3-ebefffc4d951,2026-07-10T01:21:48.446,auth,OK,pacs.008,FAST,253.42,SGD,**************4396,US,32
e8d2b352-c512-0cdd-ecc3-ebefffc4d951,2026-07-10T01:21:48.491,validation,OK,pacs.008,FAST,253.42,SGD,**************4396,US,73
e8d2b352-c512-0cdd-ecc3-ebefffc4d951,2026-07-10T01:21:48.583,aml,OK,pacs.008,FAST,253.42,SGD,**************4396,US,219
e8d2b352-c512-0cdd-ecc3-ebefffc4d951,2026-07-10T01:21:48.805,payment-hub,OK,pacs.008,FAST,253.42,SGD,**************4396,US,62
e8d2b352-c512-0cdd-ecc3-ebefffc4d951,2026-07-10T01:21:48.878,core-banking,OK,pacs.008,FAST,253.42,SGD,**************4396,US,83
e8d2b352-c512-0cdd-ecc3-ebefffc4d951,2026-07-10T01:21:49.065,settlement,SETTLED,pacs.008,FAST,253.42,SGD,**************4396,US,227
522e07da-9343-e378-dbd0-7d61eedb9829,2026-07-14T02:39:37.029,gateway,OK,pacs.008,FAST,1993.9,USD,**************3618,US,27
522e07da-9343-e378-dbd0-7d61eedb9829,2026-07-14T02:39:37.245,auth,OK,pacs.008,FAST,1993.9,USD,**************3618,US,65
522e07da-9343-e378-dbd0-7d61eedb9829,2026-07-14T02:39:37.450,validation,OK,pacs.008,FAST,1993.9,USD,**************3618,US,92
522e07da-9343-e378-dbd0-7d61eedb9829,2026-07-14T02:39:37.528,aml,OK,pacs.008,FAST,1993.9,USD,**************3618,US,294
522e07da-9343-e378-dbd0-7d61eedb9829,2026-07-14T02:39:37.767,payment-hub,OK,pacs.008,FAST,1993.9,USD,**************3618,US,101
522e07da-9343-e378-dbd0-7d61eedb9829,2026-07-14T02:39:37.846,core-banking,OK,pacs.008,FAST,1993.9,USD,**************3618,US,68
522e07da-9343-e378-dbd0-7d61eedb9829,2026-07-14T02:39:37.924,settlement,SETTLED,pacs.008,FAST,1993.9,USD,**************3618,US,353
32fea2cf-04a5-29d0-26a5-3ca23ec0fd51,2026-07-04T22:40:36.461,gateway,OK,pacs.008,FAST,352.2,GBP,**************6545,IN,18
32fea2cf-04a5-29d0-26a5-3ca23ec0fd51,2026-07-04T22:40:36.548,auth,OK,pacs.008,FAST,352.2,GBP,**************6545,IN,47
32fea2cf-04a5-29d0-26a5-3ca23ec0fd51,2026-07-04T22:40:36.675,validation,OK,pacs.008,FAST,352.2,GBP,**************6545,IN,118
32fea2cf-04a5-29d0-26a5-3ca23ec0fd51,2026-07-04T22:40:36.928,aml,OK,pacs.008,FAST,352.2,GBP,**************6545,IN,84
32fea2cf-04a5-29d0-26a5-3ca23ec0fd51,2026-07-04T22:40:37.052,payment-hub,OK,pacs.008,FAST,352.2,GBP,**************6545,IN,122
32fea2cf-04a5-29d0-26a5-3ca23ec0fd51,2026-07-04T22:40:37.158,core-banking,OK,pacs.008,FAST,352.2,GBP,**************6545,IN,226
32fea2cf-04a5-29d0-26a5-3ca23ec0fd51,2026-07-04T22:40:37.242,settlement,SETTLED,pacs.008,FAST,352.2,GBP,**************6545,IN,186
4da7ab9d-4299-005c-bf82-855013bc5a4b,2026-07-04T22:17:51.305,gateway,OK,pacs.008,FAST,235.89,USD,**************0124,HK,49
4da7ab9d-4299-005c-bf82-855013bc5a4b,2026-07-04T22:17:51.366,auth,OK,pacs.008,FAST,235.89,USD,**************0124,HK,51
4da7ab9d-4299-005c-bf82-855013bc5a4b,2026-07-04T22:17:51.413,validation,OK,pacs.008,FAST,235.89,USD,**************0124,HK,113
4da7ab9d-4299-005c-bf82-855013bc5a4b,2026-07-04T22:17:51.475,aml,OK,pacs.008,FAST,235.89,USD,**************0124,HK,213
4da7ab9d-4299-005c-bf82-855013bc5a4b,2026-07-04T22:17:51.561,payment-hub,OK,pacs.008,FAST,235.89,USD,**************0124,HK,75
4da7ab9d-4299-005c-bf82-855013bc5a4b,2026-07-04T22:17:51.623,core-banking,OK,pacs.008,FAST,235.89,USD,**************0124,HK,56
4da7ab9d-4299-005c-bf82-855013bc5a4b,2026-07-04T22:17:51.911,settlement,SETTLED,pacs.008,FAST,235.89,USD,**************0124,HK,224
7faa9e59-7a1f-1ce9-2944-244a75a5d46b,2026-07-04T15:16:30.257,gateway,OK,pacs.008,FAST,1068.05,INR,**************0016,IN,46
7faa9e59-7a1f-1ce9-2944-244a75a5d46b,2026-07-04T15:16:30.340,auth,OK,pacs.008,FAST,1068.05,INR,**************0016,IN,76
7faa9e59-7a1f-1ce9-2944-244a75a5d46b,2026-07-04T15:16:30.508,validation,OK,pacs.008,FAST,1068.05,INR,**************0016,IN,25
7faa9e59-7a1f-1ce9-2944-244a75a5d46b,2026-07-04T15:16:30.591,aml,OK,pacs.008,FAST,1068.05,INR,**************0016,IN,111
7faa9e59-7a1f-1ce9-2944-244a75a5d46b,2026-07-04T15:16:30.697,payment-hub,OK,pacs.008,FAST,1068.05,INR,**************0016,IN,31
7faa9e59-7a1f-1ce9-2944-244a75a5d46b,2026-07-04T15:16:30.746,core-banking,OK,pacs.008,FAST,1068.05,INR,**************0016,IN,87
7faa9e59-7a1f-1ce9-2944-244a75a5d46b,2026-07-04T15:16:30.921,settlement,SETTLED,pacs.008,FAST,1068.05,INR,**************0016,IN,211
a2720f1c-cfde-5cc0-d5a9-9fa1022aa32b,2026-07-11T01:09:07.318,gateway,OK,pacs.008,FAST,633.11,GBP,**************1790,GB,20
a2720f1c-cfde-5cc0-d5a9-9fa1022aa32b,2026-07-11T01:09:07.383,auth,OK,pacs.008,FAST,633.11,GBP,**************1790,GB,22
a2720f1c-cfde-5cc0-d5a9-9fa1022aa32b,2026-07-11T01:09:07.432,validation,OK,pacs.008,FAST,633.11,GBP,**************1790,GB,116
a2720f1c-cfde-5cc0-d5a9-9fa1022aa32b,2026-07-11T01:09:07.485,aml,OK,pacs.008,FAST,633.11,GBP,**************1790,GB,85
a2720f1c-cfde-5cc0-d5a9-9fa1022aa32b,2026-07-11T01:09:07.591,payment-hub,OK,pacs.008,FAST,633.11,GBP,**************1790,GB,76
a2720f1c-cfde-5cc0-d5a9-9fa1022aa32b,2026-07-11T01:09:07.648,core-banking,OK,pacs.008,FAST,633.11,GBP,**************1790,GB,180
a2720f1c-cfde-5cc0-d5a9-9fa1022aa32b,2026-07-11T01:09:07.698,settlement,SETTLED,pacs.008,FAST,633.11,GBP,**************1790,GB,191
bc9d627e-d63e-65e4-56d8-0306e2cda7dd,2026-07-06T13:44:12.136,gateway,OK,pacs.008,FAST,329.12,INR,**************7073,IN,56
bc9d627e-d63e-65e4-56d8-0306e2cda7dd,2026-07-06T13:44:12.188,auth,OK,pacs.008,FAST,329.12,INR,**************7073,IN,38
bc9d627e-d63e-65e4-56d8-0306e2cda7dd,2026-07-06T13:44:12.311,validation,OK,pacs.008,FAST,329.12,INR,**************7073,IN,93
bc9d627e-d63e-65e4-56d8-0306e2cda7dd,2026-07-06T13:44:12.464,aml,OK,pacs.008,FAST,329.12,INR,**************7073,IN,297
bc9d627e-d63e-65e4-56d8-0306e2cda7dd,2026-07-06T13:44:12.578,payment-hub,OK,pacs.008,FAST,329.12,INR,**************7073,IN,106
bc9d627e-d63e-65e4-56d8-0306e2cda7dd,2026-07-06T13:44:12.700,core-banking,OK,pacs.008,FAST,329.12,INR,**************7073,IN,234
bc9d627e-d63e-65e4-56d8-0306e2cda7dd,2026-07-06T13:44:12.806,settlement,SETTLED,pacs.008,FAST,329.12,INR,**************7073,IN,229
4ad0a832-c6e3-7db6-19a5-9b9b86758741,2026-07-14T12:08:51.087,gateway,OK,pacs.008,FAST,719.09,SGD,**************7265,SG,23
4ad0a832-c6e3-7db6-19a5-9b9b86758741,2026-07-14T12:08:51.131,auth,OK,pacs.008,FAST,719.09,SGD,**************7265,SG,33
4ad0a832-c6e3-7db6-19a5-9b9b86758741,2026-07-14T12:08:51.240,validation,OK,pacs.008,FAST,719.09,SGD,**************7265,SG,52
4ad0a832-c6e3-7db6-19a5-9b9b86758741,2026-07-14T12:08:51.543,aml,OK,pacs.008,FAST,719.09,SGD,**************7265,SG,224
4ad0a832-c6e3-7db6-19a5-9b9b86758741,2026-07-14T12:08:51.662,payment-hub,OK,pacs.008,FAST,719.09,SGD,**************7265,SG,42
4ad0a832-c6e3-7db6-19a5-9b9b86758741,2026-07-14T12:08:51.797,core-banking,OK,pacs.008,FAST,719.09,SGD,**************7265,SG,249
4ad0a832-c6e3-7db6-19a5-9b9b86758741,2026-07-14T12:08:51.860,settlement,SETTLED,pacs.008,FAST,719.09,SGD,**************7265,SG,137
74a80821-8427-07c4-9376-0369f1c552a5,2026-07-10T04:43:12.363,gateway,OK,pacs.008,FAST,531.79,USD,**************0298,MY,59
74a80821-8427-07c4-9376-0369f1c552a5,2026-07-10T04:43:12.539,auth,OK,pacs.008,FAST,531.79,USD,**************0298,MY,29
74a80821-8427-07c4-9376-0369f1c552a5,2026-07-10T04:43:12.658,validation,OK,pacs.008,FAST,531.79,USD,**************0298,MY,52
74a80821-8427-07c4-9376-0369f1c552a5,2026-07-10T04:43:12.729,aml,OK,pacs.008,FAST,531.79,USD,**************0298,MY,57
74a80821-8427-07c4-9376-0369f1c552a5,2026-07-10T04:43:12.817,payment-hub,OK,pacs.008,FAST,531.79,USD,**************0298,MY,102
74a80821-8427-07c4-9376-0369f1c552a5,2026-07-10T04:43:13.017,core-banking,OK,pacs.008,FAST,531.79,USD,**************0298,MY,109
74a80821-8427-07c4-9376-0369f1c552a5,2026-07-10T04:43:13.112,settlement,SETTLED,pacs.008,FAST,531.79,USD,**************0298,MY,169
d2c9a4eb-d668-4de1-b2b3-bdc0fb834316,2026-07-08T13:22:15.898,gateway,OK,pacs.008,FAST,208.95,INR,**************8719,US,36
d2c9a4eb-d668-4de1-b2b3-bdc0fb834316,2026-07-08T13:22:16.012,auth,OK,pacs.008,FAST,208.95,INR,**************8719,US,61
d2c9a4eb-d668-4de1-b2b3-bdc0fb834316,2026-07-08T13:22:16.298,validation,OK,pacs.008,FAST,208.95,INR,**************8719,US,94
d2c9a4eb-d668-4de1-b2b3-bdc0fb834316,2026-07-08T13:22:16.585,aml,TIMEOUT,pacs.008,FAST,208.95,INR,**************8719,US,30000
d2c9a4eb-d668-4de1-b2b3-bdc0fb834316,2026-07-08T13:22:16.751,payment-hub,FAILED,pacs.008,FAST,208.95,INR,**************8719,US,80
505eb24c-e737-543e-d0b5-f6bc20400ad2,2026-07-08T06:34:05.745,gateway,OK,pacs.008,FAST,775.3,MYR,**************7963,MY,24
505eb24c-e737-543e-d0b5-f6bc20400ad2,2026-07-08T06:34:05.793,auth,OK,pacs.008,FAST,775.3,MYR,**************7963,MY,53
505eb24c-e737-543e-d0b5-f6bc20400ad2,2026-07-08T06:34:05.903,validation,OK,pacs.008,FAST,775.3,MYR,**************7963,MY,109
505eb24c-e737-543e-d0b5-f6bc20400ad2,2026-07-08T06:34:06.002,aml,OK,pacs.008,FAST,775.3,MYR,**************7963,MY,105
505eb24c-e737-543e-d0b5-f6bc20400ad2,2026-07-08T06:34:06.100,payment-hub,OK,pacs.008,FAST,775.3,MYR,**************7963,MY,32
505eb24c-e737-543e-d0b5-f6bc20400ad2,2026-07-08T06:34:06.213,core-banking,OK,pacs.008,FAST,775.3,MYR,**************7963,MY,156
505eb24c-e737-543e-d0b5-f6bc20400ad2,2026-07-08T06:34:06.325,settlement,SETTLED,pacs.008,FAST,775.3,MYR,**************7963,MY,238
db1e5ec8-1ceb-a50b-69f4-269e47ef6f96,2026-07-03T04:57:13.657,gateway,OK,pacs.008,FAST,2702.11,MYR,**************0804,MY,17
db1e5ec8-1ceb-a50b-69f4-269e47ef6f96,2026-07-03T04:57:13.774,auth,OK,pacs.008,FAST,2702.11,MYR,**************0804,MY,84
db1e5ec8-1ceb-a50b-69f4-269e47ef6f96,2026-07-03T04:57:13.895,validation,OK,pacs.008,FAST,2702.11,MYR,**************0804,MY,44
db1e5ec8-1ceb-a50b-69f4-269e47ef6f96,2026-07-03T04:57:13.981,aml,OK,pacs.008,FAST,2702.11,MYR,**************0804,MY,289
db1e5ec8-1ceb-a50b-69f4-269e47ef6f96,2026-07-03T04:57:14.011,payment-hub,OK,pacs.008,FAST,2702.11,MYR,**************0804,MY,59
db1e5ec8-1ceb-a50b-69f4-269e47ef6f96,2026-07-03T04:57:14.108,core-banking,OK,pacs.008,FAST,2702.11,MYR,**************0804,MY,127
db1e5ec8-1ceb-a50b-69f4-269e47ef6f96,2026-07-03T04:57:14.183,settlement,SETTLED,pacs.008,FAST,2702.11,MYR,**************0804,MY,174
2a63071f-4b51-8de7-9760-2982ed35890a,2026-07-13T13:19:59.872,gateway,OK,0200,CARDS,1042.12,SGD,**************7790,SG,41
2a63071f-4b51-8de7-9760-2982ed35890a,2026-07-13T13:19:59.968,auth,OK,0200,CARDS,1042.12,SGD,**************7790,SG,79
2a63071f-4b51-8de7-9760-2982ed35890a,2026-07-13T13:20:00.039,validation,OK,0200,CARDS,1042.12,SGD,**************7790,SG,25
2a63071f-4b51-8de7-9760-2982ed35890a,2026-07-13T13:20:00.181,aml,OK,0200,CARDS,1042.12,SGD,**************7790,SG,94
2a63071f-4b51-8de7-9760-2982ed35890a,2026-07-13T13:20:00.225,payment-hub,OK,0200,CARDS,1042.12,SGD,**************7790,SG,33
2a63071f-4b51-8de7-9760-2982ed35890a,2026-07-13T13:20:00.301,core-banking,OK,0200,CARDS,1042.12,SGD,**************7790,SG,181
2a63071f-4b51-8de7-9760-2982ed35890a,2026-07-13T13:20:00.412,settlement,SETTLED,0200,CARDS,1042.12,SGD,**************7790,SG,292
85983c15-e891-0781-bf1c-2289fd321572,2026-07-13T07:27:45.312,gateway,OK,MT103,SWIFT,2026.39,SGD,**************5932,SG,15
85983c15-e891-0781-bf1c-2289fd321572,2026-07-13T07:27:45.425,auth,OK,MT103,SWIFT,2026.39,SGD,**************5932,SG,24
85983c15-e891-0781-bf1c-2289fd321572,2026-07-13T07:27:45.590,validation,OK,MT103,SWIFT,2026.39,SGD,**************5932,SG,114
85983c15-e891-0781-bf1c-2289fd321572,2026-07-13T07:27:45.758,aml,OK,MT103,SWIFT,2026.39,SGD,**************5932,SG,112
85983c15-e891-0781-bf1c-2289fd321572,2026-07-13T07:27:46.088,payment-hub,OK,MT103,SWIFT,2026.39,SGD,**************5932,SG,116
85983c15-e891-0781-bf1c-2289fd321572,2026-07-13T07:27:46.206,core-banking,OK,MT103,SWIFT,2026.39,SGD,**************5932,SG,88
85983c15-e891-0781-bf1c-2289fd321572,2026-07-13T07:27:46.357,settlement,SETTLED,MT103,SWIFT,2026.39,SGD,**************5932,SG,394
e8297f59-6741-34ce-b5f5-99ff944a7857,2026-07-02T05:21:09.779,gateway,OK,0200,CARDS,1880.69,SGD,**************3622,SG,54
e8297f59-6741-34ce-b5f5-99ff944a7857,2026-07-02T05:21:09.844,auth,OK,0200,CARDS,1880.69,SGD,**************3622,SG,86
e8297f59-6741-34ce-b5f5-99ff944a7857,2026-07-02T05:21:09.898,validation,OK,0200,CARDS,1880.69,SGD,**************3622,SG,85
e8297f59-6741-34ce-b5f5-99ff944a7857,2026-07-02T05:21:10.041,aml,TIMEOUT,0200,CARDS,1880.69,SGD,**************3622,SG,30000
e8297f59-6741-34ce-b5f5-99ff944a7857,2026-07-02T05:21:10.107,payment-hub,FAILED,0200,CARDS,1880.69,SGD,**************3622,SG,135
628ac415-cbdd-40d9-4f80-bc004779028a,2026-07-12T19:15:09.045,gateway,OK,pacs.008,FAST,1464.67,MYR,**************7041,SG,17
628ac415-cbdd-40d9-4f80-bc004779028a,2026-07-12T19:15:09.327,auth,OK,pacs.008,FAST,1464.67,MYR,**************7041,SG,81
628ac415-cbdd-40d9-4f80-bc004779028a,2026-07-12T19:15:09.522,validation,OK,pacs.008,FAST,1464.67,MYR,**************7041,SG,103
628ac415-cbdd-40d9-4f80-bc004779028a,2026-07-12T19:15:09.633,aml,OK,pacs.008,FAST,1464.67,MYR,**************7041,SG,253
628ac415-cbdd-40d9-4f80-bc004779028a,2026-07-12T19:15:09.870,payment-hub,OK,pacs.008,FAST,1464.67,MYR,**************7041,SG,140
628ac415-cbdd-40d9-4f80-bc004779028a,2026-07-12T19:15:09.970,core-banking,OK,pacs.008,FAST,1464.67,MYR,**************7041,SG,134
628ac415-cbdd-40d9-4f80-bc004779028a,2026-07-12T19:15:10.107,settlement,SETTLED,pacs.008,FAST,1464.67,MYR,**************7041,SG,341
4f5c5418-4ab9-9f0f-f7a3-611b0857789a,2026-07-13T10:05:00.261,gateway,OK,pacs.008,FAST,77.15,INR,**************3417,IN,43
4f5c5418-4ab9-9f0f-f7a3-611b0857789a,2026-07-13T10:05:00.345,auth,OK,pacs.008,FAST,77.15,INR,**************3417,IN,28
4f5c5418-4ab9-9f0f-f7a3-611b0857789a,2026-07-13T10:05:00.470,validation,OK,pacs.008,FAST,77.15,INR,**************3417,IN,52
4f5c5418-4ab9-9f0f-f7a3-611b0857789a,2026-07-13T10:05:00.534,aml,OK,pacs.008,FAST,77.15,INR,**************3417,IN,85
4f5c5418-4ab9-9f0f-f7a3-611b0857789a,2026-07-13T10:05:00.698,payment-hub,OK,pacs.008,FAST,77.15,INR,**************3417,IN,93
4f5c5418-4ab9-9f0f-f7a3-611b0857789a,2026-07-13T10:05:00.785,core-banking,OK,pacs.008,FAST,77.15,INR,**************3417,IN,222
4f5c5418-4ab9-9f0f-f7a3-611b0857789a,2026-07-13T10:05:00.868,settlement,SETTLED,pacs.008,FAST,77.15,INR,**************3417,IN,87
6d65af3b-f7b8-a05a-a676-e1fefdb7b73d,2026-07-05T00:48:38.464,gateway,OK,pacs.008,FAST,1660.38,MYR,**************3750,SG,51
6d65af3b-f7b8-a05a-a676-e1fefdb7b73d,2026-07-05T00:48:38.600,auth,OK,pacs.008,FAST,1660.38,MYR,**************3750,SG,30
6d65af3b-f7b8-a05a-a676-e1fefdb7b73d,2026-07-05T00:48:38.851,validation,OK,pacs.008,FAST,1660.38,MYR,**************3750,SG,108
6d65af3b-f7b8-a05a-a676-e1fefdb7b73d,2026-07-05T00:48:38.972,aml,OK,pacs.008,FAST,1660.38,MYR,**************3750,SG,126
6d65af3b-f7b8-a05a-a676-e1fefdb7b73d,2026-07-05T00:48:39.038,payment-hub,OK,pacs.008,FAST,1660.38,MYR,**************3750,SG,150
6d65af3b-f7b8-a05a-a676-e1fefdb7b73d,2026-07-05T00:48:39.318,core-banking,OK,pacs.008,FAST,1660.38,MYR,**************3750,SG,218
6d65af3b-f7b8-a05a-a676-e1fefdb7b73d,2026-07-05T00:48:39.375,settlement,SETTLED,pacs.008,FAST,1660.38,MYR,**************3750,SG,343
ace9baa1-b91c-1f50-708e-5a61defb7ed8,2026-07-11T10:20:47.690,gateway,OK,pacs.008,FAST,239.34,SGD,**************3850,SG,34
ace9baa1-b91c-1f50-708e-5a61defb7ed8,2026-07-11T10:20:47.773,auth,OK,pacs.008,FAST,239.34,SGD,**************3850,SG,53
ace9baa1-b91c-1f50-708e-5a61defb7ed8,2026-07-11T10:20:47.914,validation,OK,pacs.008,FAST,239.34,SGD,**************3850,SG,66
ace9baa1-b91c-1f50-708e-5a61defb7ed8,2026-07-11T10:20:47.967,aml,OK,pacs.008,FAST,239.34,SGD,**************3850,SG,224
ace9baa1-b91c-1f50-708e-5a61defb7ed8,2026-07-11T10:20:48.110,payment-hub,OK,pacs.008,FAST,239.34,SGD,**************3850,SG,119
ace9baa1-b91c-1f50-708e-5a61defb7ed8,2026-07-11T10:20:48.208,core-banking,OK,pacs.008,FAST,239.34,SGD,**************3850,SG,213
ace9baa1-b91c-1f50-708e-5a61defb7ed8,2026-07-11T10:20:48.503,settlement,SETTLED,pacs.008,FAST,239.34,SGD,**************3850,SG,103
76f6cbf5-44c2-799c-c120-aa8394399fdb,2026-07-14T22:01:45.490,gateway,OK,pacs.008,FAST,1520.78,EUR,**************4023,IN,42
76f6cbf5-44c2-799c-c120-aa8394399fdb,2026-07-14T22:01:45.636,auth,OK,pacs.008,FAST,1520.78,EUR,**************4023,IN,37
76f6cbf5-44c2-799c-c120-aa8394399fdb,2026-07-14T22:01:45.752,validation,OK,pacs.008,FAST,1520.78,EUR,**************4023,IN,74
76f6cbf5-44c2-799c-c120-aa8394399fdb,2026-07-14T22:01:45.801,aml,OK,pacs.008,FAST,1520.78,EUR,**************4023,IN,291
76f6cbf5-44c2-799c-c120-aa8394399fdb,2026-07-14T22:01:45.887,payment-hub,OK,pacs.008,FAST,1520.78,EUR,**************4023,IN,111
76f6cbf5-44c2-799c-c120-aa8394399fdb,2026-07-14T22:01:45.937,core-banking,OK,pacs.008,FAST,1520.78,EUR,**************4023,IN,127
76f6cbf5-44c2-799c-c120-aa8394399fdb,2026-07-14T22:02:15.954,settlement,SETTLED,pacs.008,FAST,1520.78,EUR,**************4023,IN,366
9e7449f5-50e5-e9e4-8737-d2a8f01f55c4,2026-07-04T12:09:36.559,gateway,OK,pacs.008,FAST,244.44,USD,**************6773,HK,31
9e7449f5-50e5-e9e4-8737-d2a8f01f55c4,2026-07-04T12:09:36.660,auth,OK,pacs.008,FAST,244.44,USD,**************6773,HK,26
9e7449f5-50e5-e9e4-8737-d2a8f01f55c4,2026-07-04T12:09:36.777,validation,OK,pacs.008,FAST,244.44,USD,**************6773,HK,55
9e7449f5-50e5-e9e4-8737-d2a8f01f55c4,2026-07-04T12:09:36.832,aml,OK,pacs.008,FAST,244.44,USD,**************6773,HK,133
9e7449f5-50e5-e9e4-8737-d2a8f01f55c4,2026-07-04T12:10:06.869,payment-hub,OK,pacs.008,FAST,244.44,USD,**************6773,HK,129
9e7449f5-50e5-e9e4-8737-d2a8f01f55c4,2026-07-04T12:10:06.908,core-banking,OK,pacs.008,FAST,244.44,USD,**************6773,HK,101
9e7449f5-50e5-e9e4-8737-d2a8f01f55c4,2026-07-04T12:10:07.116,settlement,SETTLED,pacs.008,FAST,244.44,USD,**************6773,HK,166
1937b5bd-d00e-4004-275e-1e5a9445ceba,2026-07-02T21:07:25.843,gateway,OK,MT103,SWIFT,2350.01,SGD,**************5455,SG,20
1937b5bd-d00e-4004-275e-1e5a9445ceba,2026-07-02T21:07:25.919,auth,OK,MT103,SWIFT,2350.01,SGD,**************5455,SG,26
1937b5bd-d00e-4004-275e-1e5a9445ceba,2026-07-02T21:07:26.000,validation,OK,MT103,SWIFT,2350.01,SGD,**************5455,SG,27
1937b5bd-d00e-4004-275e-1e5a9445ceba,2026-07-02T21:07:26.048,aml,OK,MT103,SWIFT,2350.01,SGD,**************5455,SG,187
1937b5bd-d00e-4004-275e-1e5a9445ceba,2026-07-02T21:07:26.130,payment-hub,OK,MT103,SWIFT,2350.01,SGD,**************5455,SG,43
1937b5bd-d00e-4004-275e-1e5a9445ceba,2026-07-02T21:07:26.219,core-banking,OK,MT103,SWIFT,2350.01,SGD,**************5455,SG,178
1937b5bd-d00e-4004-275e-1e5a9445ceba,2026-07-02T21:07:26.267,settlement,SETTLED,MT103,SWIFT,2350.01,SGD,**************5455,SG,388
3488d45a-2931-95dc-9067-151e9d604121,2026-07-02T18:28:50.395,gateway,OK,pacs.008,FAST,845.16,SGD,**************8666,SG,24
3488d45a-2931-95dc-9067-151e9d604121,2026-07-02T18:28:50.509,auth,OK,pacs.008,FAST,845.16,SGD,**************8666,SG,69
3488d45a-2931-95dc-9067-151e9d604121,2026-07-02T18:28:50.582,validation,OK,pacs.008,FAST,845.16,SGD,**************8666,SG,109
3488d45a-2931-95dc-9067-151e9d604121,2026-07-02T18:28:50.675,aml,OK,pacs.008,FAST,845.16,SGD,**************8666,SG,219
3488d45a-2931-95dc-9067-151e9d604121,2026-07-02T18:28:50.818,payment-hub,OK,pacs.008,FAST,845.16,SGD,**************8666,SG,121
3488d45a-2931-95dc-9067-151e9d604121,2026-07-02T18:28:50.943,core-banking,OK,pacs.008,FAST,845.16,SGD,**************8666,SG,122
3488d45a-2931-95dc-9067-151e9d604121,2026-07-02T18:28:51.117,settlement,SETTLED,pacs.008,FAST,845.16,SGD,**************8666,SG,63
57dd3233-b9a2-b9dc-d0b5-52e848040dbc,2026-07-09T17:54:42.662,gateway,OK,pacs.008,FAST,1083.01,SGD,**************9816,SG,29
57dd3233-b9a2-b9dc-d0b5-52e848040dbc,2026-07-09T17:54:42.782,auth,OK,pacs.008,FAST,1083.01,SGD,**************9816,SG,32
57dd3233-b9a2-b9dc-d0b5-52e848040dbc,2026-07-09T17:54:42.871,validation,OK,pacs.008,FAST,1083.01,SGD,**************9816,SG,93
57dd3233-b9a2-b9dc-d0b5-52e848040dbc,2026-07-09T17:54:42.963,aml,OK,pacs.008,FAST,1083.01,SGD,**************9816,SG,280
57dd3233-b9a2-b9dc-d0b5-52e848040dbc,2026-07-09T17:54:43.053,payment-hub,OK,pacs.008,FAST,1083.01,SGD,**************9816,SG,83
57dd3233-b9a2-b9dc-d0b5-52e848040dbc,2026-07-09T17:54:43.097,core-banking,OK,pacs.008,FAST,1083.01,SGD,**************9816,SG,134
57dd3233-b9a2-b9dc-d0b5-52e848040dbc,2026-07-09T17:54:43.226,settlement,SETTLED,pacs.008,FAST,1083.01,SGD,**************9816,SG,392
30ea5f4e-4d6d-481f-f071-c03547615a6e,2026-07-05T09:25:11.030,gateway,OK,pacs.008,FAST,275.53,SGD,**************3614,SG,56
30ea5f4e-4d6d-481f-f071-c03547615a6e,2026-07-05T09:25:11.140,auth,OK,pacs.008,FAST,275.53,SGD,**************3614,SG,72
30ea5f4e-4d6d-481f-f071-c03547615a6e,2026-07-05T09:25:11.251,validation,OK,pacs.008,FAST,275.53,SGD,**************3614,SG,55
30ea5f4e-4d6d-481f-f071-c03547615a6e,2026-07-05T09:25:11.480,aml,OK,pacs.008,FAST,275.53,SGD,**************3614,SG,112
30ea5f4e-4d6d-481f-f071-c03547615a6e,2026-07-05T09:25:11.584,payment-hub,OK,pacs.008,FAST,275.53,SGD,**************3614,SG,85
30ea5f4e-4d6d-481f-f071-c03547615a6e,2026-07-05T09:25:11.654,core-banking,OK,pacs.008,FAST,275.53,SGD,**************3614,SG,172
30ea5f4e-4d6d-481f-f071-c03547615a6e,2026-07-05T09:25:11.742,settlement,SETTLED,pacs.008,FAST,275.53,SGD,**************3614,SG,372
8cb163f5-aa69-728b-847a-0067b37c5823,2026-07-03T01:09:46.611,gateway,OK,pacs.008,FAST,1532.29,SGD,**************2192,GB,54
8cb163f5-aa69-728b-847a-0067b37c5823,2026-07-03T01:09:46.705,auth,OK,pacs.008,FAST,1532.29,SGD,**************2192,GB,67
8cb163f5-aa69-728b-847a-0067b37c5823,2026-07-03T01:09:46.987,validation,OK,pacs.008,FAST,1532.29,SGD,**************2192,GB,51
8cb163f5-aa69-728b-847a-0067b37c5823,2026-07-03T01:09:47.217,aml,OK,pacs.008,FAST,1532.29,SGD,**************2192,GB,48
8cb163f5-aa69-728b-847a-0067b37c5823,2026-07-03T01:09:47.339,payment-hub,OK,pacs.008,FAST,1532.29,SGD,**************2192,GB,66
8cb163f5-aa69-728b-847a-0067b37c5823,2026-07-03T01:09:47.470,core-banking,OK,pacs.008,FAST,1532.29,SGD,**************2192,GB,97
8cb163f5-aa69-728b-847a-0067b37c5823,2026-07-03T01:09:47.772,settlement,SETTLED,pacs.008,FAST,1532.29,SGD,**************2192,GB,303
cc0b0199-0622-c7bb-0fd2-803e641d5be1,2026-07-04T11:25:12.460,gateway,OK,pacs.008,FAST,219.81,SGD,**************9321,SG,15
cc0b0199-0622-c7bb-0fd2-803e641d5be1,2026-07-04T11:25:12.605,auth,OK,pacs.008,FAST,219.81,SGD,**************9321,SG,70
cc0b0199-0622-c7bb-0fd2-803e641d5be1,2026-07-04T11:25:12.644,validation,OK,pacs.008,FAST,219.81,SGD,**************9321,SG,86
cc0b0199-0622-c7bb-0fd2-803e641d5be1,2026-07-04T11:25:12.760,aml,OK,pacs.008,FAST,219.81,SGD,**************9321,SG,108
cc0b0199-0622-c7bb-0fd2-803e641d5be1,2026-07-04T11:25:12.870,payment-hub,OK,pacs.008,FAST,219.81,SGD,**************9321,SG,116
cc0b0199-0622-c7bb-0fd2-803e641d5be1,2026-07-04T11:25:13.050,core-banking,OK,pacs.008,FAST,219.81,SGD,**************9321,SG,224
cc0b0199-0622-c7bb-0fd2-803e641d5be1,2026-07-04T11:25:13.101,settlement,SETTLED,pacs.008,FAST,219.81,SGD,**************9321,SG,291
3484d7b1-b991-494b-f730-61f648f5b6c7,2026-07-02T23:58:26.437,gateway,OK,pacs.008,FAST,7842.29,SGD,**************4748,SG,34
3484d7b1-b991-494b-f730-61f648f5b6c7,2026-07-02T23:58:26.561,auth,OK,pacs.008,FAST,7842.29,SGD,**************4748,SG,82
3484d7b1-b991-494b-f730-61f648f5b6c7,2026-07-02T23:58:26.653,validation,OK,pacs.008,FAST,7842.29,SGD,**************4748,SG,74
3484d7b1-b991-494b-f730-61f648f5b6c7,2026-07-02T23:58:26.691,aml,OK,pacs.008,FAST,7842.29,SGD,**************4748,SG,133
3484d7b1-b991-494b-f730-61f648f5b6c7,2026-07-02T23:58:26.794,payment-hub,OK,pacs.008,FAST,7842.29,SGD,**************4748,SG,59
3484d7b1-b991-494b-f730-61f648f5b6c7,2026-07-02T23:58:26.888,core-banking,OK,pacs.008,FAST,7842.29,SGD,**************4748,SG,121
3484d7b1-b991-494b-f730-61f648f5b6c7,2026-07-02T23:58:26.992,settlement,SETTLED,pacs.008,FAST,7842.29,SGD,**************4748,SG,165
90e168cb-a332-9937-b057-e984390c5c0f,2026-07-11T11:51:30.328,gateway,OK,pacs.008,FAST,13461.28,USD,**************8073,US,23
90e168cb-a332-9937-b057-e984390c5c0f,2026-07-11T11:51:30.405,auth,OK,pacs.008,FAST,13461.28,USD,**************8073,US,26
90e168cb-a332-9937-b057-e984390c5c0f,2026-07-11T11:51:30.555,validation,OK,pacs.008,FAST,13461.28,USD,**************8073,US,106
90e168cb-a332-9937-b057-e984390c5c0f,2026-07-11T11:51:30.715,aml,OK,pacs.008,FAST,13461.28,USD,**************8073,US,133
90e168cb-a332-9937-b057-e984390c5c0f,2026-07-11T11:51:30.754,payment-hub,OK,pacs.008,FAST,13461.28,USD,**************8073,US,88
90e168cb-a332-9937-b057-e984390c5c0f,2026-07-11T11:51:30.910,core-banking,OK,pacs.008,FAST,13461.28,USD,**************8073,US,97
90e168cb-a332-9937-b057-e984390c5c0f,2026-07-11T11:51:31.006,settlement,SETTLED,pacs.008,FAST,13461.28,USD,**************8073,US,94
57ad71df-f497-d124-6d48-8b66cd2dd783,2026-07-13T19:42:55.222,gateway,OK,pacs.008,FAST,293.82,GBP,**************7606,GB,30
57ad71df-f497-d124-6d48-8b66cd2dd783,2026-07-13T19:42:55.409,auth,OK,pacs.008,FAST,293.82,GBP,**************7606,GB,50
57ad71df-f497-d124-6d48-8b66cd2dd783,2026-07-13T19:42:55.601,validation,OK,pacs.008,FAST,293.82,GBP,**************7606,GB,64
57ad71df-f497-d124-6d48-8b66cd2dd783,2026-07-13T19:42:55.708,aml,OK,pacs.008,FAST,293.82,GBP,**************7606,GB,67
57ad71df-f497-d124-6d48-8b66cd2dd783,2026-07-13T19:42:55.811,payment-hub,OK,pacs.008,FAST,293.82,GBP,**************7606,GB,102
57ad71df-f497-d124-6d48-8b66cd2dd783,2026-07-13T19:42:55.870,core-banking,OK,pacs.008,FAST,293.82,GBP,**************7606,GB,126
57ad71df-f497-d124-6d48-8b66cd2dd783,2026-07-13T19:42:56.084,settlement,SETTLED,pacs.008,FAST,293.82,GBP,**************7606,GB,86
b0d1f8bd-f2d0-0433-7069-2a586d75bf12,2026-07-12T21:40:46.112,gateway,OK,MT103,SWIFT,1009.53,GBP,**************6114,GB,57
b0d1f8bd-f2d0-0433-7069-2a586d75bf12,2026-07-12T21:40:46.227,auth,OK,MT103,SWIFT,1009.53,GBP,**************6114,GB,70
b0d1f8bd-f2d0-0433-7069-2a586d75bf12,2026-07-12T21:40:46.288,validation,OK,MT103,SWIFT,1009.53,GBP,**************6114,GB,81
b0d1f8bd-f2d0-0433-7069-2a586d75bf12,2026-07-12T21:40:46.331,aml,OK,MT103,SWIFT,1009.53,GBP,**************6114,GB,76
b0d1f8bd-f2d0-0433-7069-2a586d75bf12,2026-07-12T21:40:46.419,payment-hub,OK,MT103,SWIFT,1009.53,GBP,**************6114,GB,140
b0d1f8bd-f2d0-0433-7069-2a586d75bf12,2026-07-12T21:40:46.588,core-banking,OK,MT103,SWIFT,1009.53,GBP,**************6114,GB,249
b0d1f8bd-f2d0-0433-7069-2a586d75bf12,2026-07-12T21:40:46.627,settlement,SETTLED,MT103,SWIFT,1009.53,GBP,**************6114,GB,180
e5e863ea-e03f-feb3-5033-5a29e516ec00,2026-07-05T06:19:34.318,gateway,OK,MT103,SWIFT,622.31,USD,**************7949,GB,56
e5e863ea-e03f-feb3-5033-5a29e516ec00,2026-07-05T06:19:34.429,auth,OK,MT103,SWIFT,622.31,USD,**************7949,GB,81
e5e863ea-e03f-feb3-5033-5a29e516ec00,2026-07-05T06:19:34.653,validation,OK,MT103,SWIFT,622.31,USD,**************7949,GB,33
e5e863ea-e03f-feb3-5033-5a29e516ec00,2026-07-05T06:19:34.847,aml,OK,MT103,SWIFT,622.31,USD,**************7949,GB,49
e5e863ea-e03f-feb3-5033-5a29e516ec00,2026-07-05T06:19:34.893,payment-hub,OK,MT103,SWIFT,622.31,USD,**************7949,GB,82
e5e863ea-e03f-feb3-5033-5a29e516ec00,2026-07-05T06:19:34.991,core-banking,OK,MT103,SWIFT,622.31,USD,**************7949,GB,72
e5e863ea-e03f-feb3-5033-5a29e516ec00,2026-07-05T06:19:35.060,settlement,SETTLED,MT103,SWIFT,622.31,USD,**************7949,GB,235
a3dfff2c-698f-31e2-b703-0b2412ea5b28,2026-07-14T14:48:02.219,gateway,OK,pacs.008,FAST,1502.79,USD,**************8274,HK,30
a3dfff2c-698f-31e2-b703-0b2412ea5b28,2026-07-14T14:48:02.305,auth,OK,pacs.008,FAST,1502.79,USD,**************8274,HK,81
a3dfff2c-698f-31e2-b703-0b2412ea5b28,2026-07-14T14:48:02.523,validation,OK,pacs.008,FAST,1502.79,USD,**************8274,HK,35
a3dfff2c-698f-31e2-b703-0b2412ea5b28,2026-07-14T14:48:02.561,aml,TIMEOUT,pacs.008,FAST,1502.79,USD,**************8274,HK,30000
a3dfff2c-698f-31e2-b703-0b2412ea5b28,2026-07-14T14:48:02.662,payment-hub,FAILED,pacs.008,FAST,1502.79,USD,**************8274,HK,142
8a894849-4142-6a40-99c1-1faf17aa83e1,2026-07-03T05:09:24.940,gateway,OK,pacs.008,FAST,137.77,USD,**************2344,US,22
8a894849-4142-6a40-99c1-1faf17aa83e1,2026-07-03T05:09:24.988,auth,OK,pacs.008,FAST,137.77,USD,**************2344,US,70
8a894849-4142-6a40-99c1-1faf17aa83e1,2026-07-03T05:09:25.031,validation,OK,pacs.008,FAST,137.77,USD,**************2344,US,35
8a894849-4142-6a40-99c1-1faf17aa83e1,2026-07-03T05:09:25.095,aml,OK,pacs.008,FAST,137.77,USD,**************2344,US,58
8a894849-4142-6a40-99c1-1faf17aa83e1,2026-07-03T05:09:25.162,payment-hub,OK,pacs.008,FAST,137.77,USD,**************2344,US,48
8a894849-4142-6a40-99c1-1faf17aa83e1,2026-07-03T05:09:25.237,core-banking,OK,pacs.008,FAST,137.77,USD,**************2344,US,250
8a894849-4142-6a40-99c1-1faf17aa83e1,2026-07-03T05:09:25.448,settlement,SETTLED,pacs.008,FAST,137.77,USD,**************2344,US,194
b85ae3fa-9b3a-c4d5-fe24-3c4fd9409673,2026-07-09T15:24:54.447,gateway,OK,MT103,SWIFT,317.28,SGD,**************0055,SG,57
b85ae3fa-9b3a-c4d5-fe24-3c4fd9409673,2026-07-09T15:24:54.538,auth,OK,MT103,SWIFT,317.28,SGD,**************0055,SG,73
b85ae3fa-9b3a-c4d5-fe24-3c4fd9409673,2026-07-09T15:24:54.636,validation,OK,MT103,SWIFT,317.28,SGD,**************0055,SG,68
b85ae3fa-9b3a-c4d5-fe24-3c4fd9409673,2026-07-09T15:24:54.796,aml,OK,MT103,SWIFT,317.28,SGD,**************0055,SG,267
b85ae3fa-9b3a-c4d5-fe24-3c4fd9409673,2026-07-09T15:24:54.892,payment-hub,OK,MT103,SWIFT,317.28,SGD,**************0055,SG,112
b85ae3fa-9b3a-c4d5-fe24-3c4fd9409673,2026-07-09T15:24:54.938,core-banking,OK,MT103,SWIFT,317.28,SGD,**************0055,SG,155
b85ae3fa-9b3a-c4d5-fe24-3c4fd9409673,2026-07-09T15:24:54.991,settlement,SETTLED,MT103,SWIFT,317.28,SGD,**************0055,SG,397
f63bea7f-3222-cfc4-c84a-e97809991dd1,2026-07-10T06:35:22.646,gateway,OK,pacs.008,FAST,1144.8,GBP,**************4168,GB,55
f63bea7f-3222-cfc4-c84a-e97809991dd1,2026-07-10T06:35:22.771,auth,OK,pacs.008,FAST,1144.8,GBP,**************4168,GB,24
f63bea7f-3222-cfc4-c84a-e97809991dd1,2026-07-10T06:35:23.013,validation,OK,pacs.008,FAST,1144.8,GBP,**************4168,GB,57
f63bea7f-3222-cfc4-c84a-e97809991dd1,2026-07-10T06:35:23.160,aml,OK,pacs.008,FAST,1144.8,GBP,**************4168,GB,229
f63bea7f-3222-cfc4-c84a-e97809991dd1,2026-07-10T06:35:23.243,payment-hub,OK,pacs.008,FAST,1144.8,GBP,**************4168,GB,93
f63bea7f-3222-cfc4-c84a-e97809991dd1,2026-07-10T06:35:23.324,core-banking,OK,pacs.008,FAST,1144.8,GBP,**************4168,GB,151
f63bea7f-3222-cfc4-c84a-e97809991dd1,2026-07-10T06:35:23.403,settlement,SETTLED,pacs.008,FAST,1144.8,GBP,**************4168,GB,282
588256e3-cc7f-6b79-141e-4c50bd763824,2026-07-08T18:13:55.566,gateway,OK,pacs.008,FAST,726.13,USD,**************0222,US,46
588256e3-cc7f-6b79-141e-4c50bd763824,2026-07-08T18:13:55.643,auth,OK,pacs.008,FAST,726.13,USD,**************0222,US,65
588256e3-cc7f-6b79-141e-4c50bd763824,2026-07-08T18:13:55.711,validation,OK,pacs.008,FAST,726.13,USD,**************0222,US,68
588256e3-cc7f-6b79-141e-4c50bd763824,2026-07-08T18:13:55.758,aml,OK,pacs.008,FAST,726.13,USD,**************0222,US,69
588256e3-cc7f-6b79-141e-4c50bd763824,2026-07-08T18:13:55.833,payment-hub,OK,pacs.008,FAST,726.13,USD,**************0222,US,118
588256e3-cc7f-6b79-141e-4c50bd763824,2026-07-08T18:13:56.021,core-banking,OK,pacs.008,FAST,726.13,USD,**************0222,US,127
588256e3-cc7f-6b79-141e-4c50bd763824,2026-07-08T18:13:56.111,settlement,SETTLED,pacs.008,FAST,726.13,USD,**************0222,US,361
030b6545-7b2b-4647-f1c6-1558db13fa54,2026-07-09T12:49:58.833,gateway,OK,MT103,SWIFT,684.85,SGD,**************5156,SG,23
030b6545-7b2b-4647-f1c6-1558db13fa54,2026-07-09T12:49:58.984,auth,OK,MT103,SWIFT,684.85,SGD,**************5156,SG,55
030b6545-7b2b-4647-f1c6-1558db13fa54,2026-07-09T12:49:59.121,validation,OK,MT103,SWIFT,684.85,SGD,**************5156,SG,78
030b6545-7b2b-4647-f1c6-1558db13fa54,2026-07-09T12:49:59.202,aml,OK,MT103,SWIFT,684.85,SGD,**************5156,SG,291
030b6545-7b2b-4647-f1c6-1558db13fa54,2026-07-09T12:49:59.262,payment-hub,OK,MT103,SWIFT,684.85,SGD,**************5156,SG,100
030b6545-7b2b-4647-f1c6-1558db13fa54,2026-07-09T12:49:59.427,core-banking,OK,MT103,SWIFT,684.85,SGD,**************5156,SG,147
030b6545-7b2b-4647-f1c6-1558db13fa54,2026-07-09T12:49:59.563,settlement,SETTLED,MT103,SWIFT,684.85,SGD,**************5156,SG,265
30f5e6c1-8757-cf9f-c47f-d81e4529617c,2026-07-11T14:38:39.736,gateway,OK,pacs.008,FAST,207.73,MYR,**************3866,MY,16
30f5e6c1-8757-cf9f-c47f-d81e4529617c,2026-07-11T14:38:39.787,auth,OK,pacs.008,FAST,207.73,MYR,**************3866,MY,68
30f5e6c1-8757-cf9f-c47f-d81e4529617c,2026-07-11T14:38:39.867,validation,OK,pacs.008,FAST,207.73,MYR,**************3866,MY,83
30f5e6c1-8757-cf9f-c47f-d81e4529617c,2026-07-11T14:38:39.946,aml,OK,pacs.008,FAST,207.73,MYR,**************3866,MY,296
30f5e6c1-8757-cf9f-c47f-d81e4529617c,2026-07-11T14:38:40.014,payment-hub,OK,pacs.008,FAST,207.73,MYR,**************3866,MY,33
30f5e6c1-8757-cf9f-c47f-d81e4529617c,2026-07-11T14:38:40.101,core-banking,OK,pacs.008,FAST,207.73,MYR,**************3866,MY,162
30f5e6c1-8757-cf9f-c47f-d81e4529617c,2026-07-11T14:38:40.167,settlement,SETTLED,pacs.008,FAST,207.73,MYR,**************3866,MY,198
e7323f1b-1fb8-2f58-98f3-1cfe46cf64e6,2026-07-12T17:01:16.749,gateway,OK,pacs.008,FAST,65.08,SGD,**************0931,SG,52
e7323f1b-1fb8-2f58-98f3-1cfe46cf64e6,2026-07-12T17:01:17.016,auth,OK,pacs.008,FAST,65.08,SGD,**************0931,SG,23
e7323f1b-1fb8-2f58-98f3-1cfe46cf64e6,2026-07-12T17:01:17.054,validation,OK,pacs.008,FAST,65.08,SGD,**************0931,SG,87
e7323f1b-1fb8-2f58-98f3-1cfe46cf64e6,2026-07-12T17:01:17.120,aml,OK,pacs.008,FAST,65.08,SGD,**************0931,SG,125
e7323f1b-1fb8-2f58-98f3-1cfe46cf64e6,2026-07-12T17:01:17.200,payment-hub,OK,pacs.008,FAST,65.08,SGD,**************0931,SG,138
e7323f1b-1fb8-2f58-98f3-1cfe46cf64e6,2026-07-12T17:01:17.317,core-banking,OK,pacs.008,FAST,65.08,SGD,**************0931,SG,140
e7323f1b-1fb8-2f58-98f3-1cfe46cf64e6,2026-07-12T17:01:17.362,settlement,SETTLED,pacs.008,FAST,65.08,SGD,**************0931,SG,345
65ee4196-a2bd-bff2-ff1a-0ef475151a4b,2026-07-03T01:03:32.070,gateway,OK,0200,CARDS,1607.56,SGD,**************8062,SG,49
65ee4196-a2bd-bff2-ff1a-0ef475151a4b,2026-07-03T01:03:32.316,auth,OK,0200,CARDS,1607.56,SGD,**************8062,SG,62
65ee4196-a2bd-bff2-ff1a-0ef475151a4b,2026-07-03T01:03:32.488,validation,OK,0200,CARDS,1607.56,SGD,**************8062,SG,58
65ee4196-a2bd-bff2-ff1a-0ef475151a4b,2026-07-03T01:03:32.643,aml,OK,0200,CARDS,1607.56,SGD,**************8062,SG,125
65ee4196-a2bd-bff2-ff1a-0ef475151a4b,2026-07-03T01:03:32.737,payment-hub,OK,0200,CARDS,1607.56,SGD,**************8062,SG,93
65ee4196-a2bd-bff2-ff1a-0ef475151a4b,2026-07-03T01:03:32.807,core-banking,OK,0200,CARDS,1607.56,SGD,**************8062,SG,220
65ee4196-a2bd-bff2-ff1a-0ef475151a4b,2026-07-03T01:03:32.953,settlement,SETTLED,0200,CARDS,1607.56,SGD,**************8062,SG,269
afc47f27-e2cf-e034-6ab8-c087809bcf8d,2026-07-14T02:39:51.765,gateway,OK,0200,CARDS,261.26,MYR,**************9737,MY,60
afc47f27-e2cf-e034-6ab8-c087809bcf8d,2026-07-14T02:39:51.793,auth,OK,0200,CARDS,261.26,MYR,**************9737,MY,71
afc47f27-e2cf-e034-6ab8-c087809bcf8d,2026-07-14T02:39:51.837,validation,OK,0200,CARDS,261.26,MYR,**************9737,MY,101
afc47f27-e2cf-e034-6ab8-c087809bcf8d,2026-07-14T02:39:51.987,aml,OK,0200,CARDS,261.26,MYR,**************9737,MY,256
afc47f27-e2cf-e034-6ab8-c087809bcf8d,2026-07-14T02:39:52.051,payment-hub,OK,0200,CARDS,261.26,MYR,**************9737,MY,127
afc47f27-e2cf-e034-6ab8-c087809bcf8d,2026-07-14T02:39:52.284,core-banking,OK,0200,CARDS,261.26,MYR,**************9737,MY,166
afc47f27-e2cf-e034-6ab8-c087809bcf8d,2026-07-14T02:39:52.380,settlement,SETTLED,0200,CARDS,261.26,MYR,**************9737,MY,278
0405b5c8-b382-3380-2056-90e1c06511ad,2026-07-04T04:13:48.280,gateway,OK,pacs.008,FAST,717.06,SGD,**************8972,SG,22
0405b5c8-b382-3380-2056-90e1c06511ad,2026-07-04T04:13:48.402,auth,OK,pacs.008,FAST,717.06,SGD,**************8972,SG,74
0405b5c8-b382-3380-2056-90e1c06511ad,2026-07-04T04:13:48.528,validation,OK,pacs.008,FAST,717.06,SGD,**************8972,SG,101
0405b5c8-b382-3380-2056-90e1c06511ad,2026-07-04T04:13:48.730,aml,OK,pacs.008,FAST,717.06,SGD,**************8972,SG,201
0405b5c8-b382-3380-2056-90e1c06511ad,2026-07-04T04:13:48.859,payment-hub,OK,pacs.008,FAST,717.06,SGD,**************8972,SG,53
0405b5c8-b382-3380-2056-90e1c06511ad,2026-07-04T04:13:48.958,core-banking,OK,pacs.008,FAST,717.06,SGD,**************8972,SG,179
0405b5c8-b382-3380-2056-90e1c06511ad,2026-07-04T04:13:48.997,settlement,SETTLED,pacs.008,FAST,717.06,SGD,**************8972,SG,290
585a0dd3-1c7a-9a4d-cace-4005a0487b7c,2026-07-10T14:10:34.805,gateway,OK,pacs.008,FAST,303.03,SGD,**************0666,SG,25
585a0dd3-1c7a-9a4d-cace-4005a0487b7c,2026-07-10T14:10:34.881,auth,OK,pacs.008,FAST,303.03,SGD,**************0666,SG,47
585a0dd3-1c7a-9a4d-cace-4005a0487b7c,2026-07-10T14:10:34.994,validation,OK,pacs.008,FAST,303.03,SGD,**************0666,SG,49
585a0dd3-1c7a-9a4d-cace-4005a0487b7c,2026-07-10T14:10:35.058,aml,TIMEOUT,pacs.008,FAST,303.03,SGD,**************0666,SG,30000
585a0dd3-1c7a-9a4d-cace-4005a0487b7c,2026-07-10T14:10:35.105,payment-hub,FAILED,pacs.008,FAST,303.03,SGD,**************0666,SG,149
325be9ba-80bc-896f-da98-c14ebd8dedea,2026-07-12T03:18:19.604,gateway,OK,pacs.008,FAST,394.28,SGD,**************3408,SG,21
325be9ba-80bc-896f-da98-c14ebd8dedea,2026-07-12T03:18:19.699,auth,OK,pacs.008,FAST,394.28,SGD,**************3408,SG,33
325be9ba-80bc-896f-da98-c14ebd8dedea,2026-07-12T03:18:19.779,validation,OK,pacs.008,FAST,394.28,SGD,**************3408,SG,111
325be9ba-80bc-896f-da98-c14ebd8dedea,2026-07-12T03:18:19.852,aml,OK,pacs.008,FAST,394.28,SGD,**************3408,SG,240
325be9ba-80bc-896f-da98-c14ebd8dedea,2026-07-12T03:18:19.892,payment-hub,OK,pacs.008,FAST,394.28,SGD,**************3408,SG,48
325be9ba-80bc-896f-da98-c14ebd8dedea,2026-07-12T03:18:19.966,core-banking,OK,pacs.008,FAST,394.28,SGD,**************3408,SG,150
325be9ba-80bc-896f-da98-c14ebd8dedea,2026-07-12T03:18:20.011,settlement,SETTLED,pacs.008,FAST,394.28,SGD,**************3408,SG,192
95d6c502-7800-dd98-890d-04aa5f6c675b,2026-07-05T00:23:33.654,gateway,OK,pacs.008,FAST,1662.92,INR,**************8822,IN,41
95d6c502-7800-dd98-890d-04aa5f6c675b,2026-07-05T00:23:33.794,auth,OK,pacs.008,FAST,1662.92,INR,**************8822,IN,31
95d6c502-7800-dd98-890d-04aa5f6c675b,2026-07-05T00:23:33.880,validation,REJECTED,pacs.008,FAST,1662.92,INR,**************8822,IN,34
347bf94f-2c81-ad31-61ed-cb31c7cc2321,2026-07-05T22:01:15.429,gateway,OK,pacs.008,FAST,539.67,USD,**************5830,MY,15
347bf94f-2c81-ad31-61ed-cb31c7cc2321,2026-07-05T22:01:15.570,auth,OK,pacs.008,FAST,539.67,USD,**************5830,MY,42
347bf94f-2c81-ad31-61ed-cb31c7cc2321,2026-07-05T22:01:15.645,validation,OK,pacs.008,FAST,539.67,USD,**************5830,MY,78
347bf94f-2c81-ad31-61ed-cb31c7cc2321,2026-07-05T22:01:15.743,aml,OK,pacs.008,FAST,539.67,USD,**************5830,MY,189
347bf94f-2c81-ad31-61ed-cb31c7cc2321,2026-07-05T22:01:15.791,payment-hub,OK,pacs.008,FAST,539.67,USD,**************5830,MY,118
347bf94f-2c81-ad31-61ed-cb31c7cc2321,2026-07-05T22:01:15.908,core-banking,OK,pacs.008,FAST,539.67,USD,**************5830,MY,100
347bf94f-2c81-ad31-61ed-cb31c7cc2321,2026-07-05T22:01:16.088,settlement,SETTLED,pacs.008,FAST,539.67,USD,**************5830,MY,296
b29275e1-4dbc-34d1-769f-bc85d86d836b,2026-07-07T23:12:40.386,gateway,OK,pacs.008,FAST,1241.78,INR,**************9282,IN,23
b29275e1-4dbc-34d1-769f-bc85d86d836b,2026-07-07T23:12:40.541,auth,OK,pacs.008,FAST,1241.78,INR,**************9282,IN,83
b29275e1-4dbc-34d1-769f-bc85d86d836b,2026-07-07T23:12:40.583,validation,OK,pacs.008,FAST,1241.78,INR,**************9282,IN,83
b29275e1-4dbc-34d1-769f-bc85d86d836b,2026-07-07T23:12:40.856,aml,OK,pacs.008,FAST,1241.78,INR,**************9282,IN,204
b29275e1-4dbc-34d1-769f-bc85d86d836b,2026-07-07T23:12:41.043,payment-hub,OK,pacs.008,FAST,1241.78,INR,**************9282,IN,92
b29275e1-4dbc-34d1-769f-bc85d86d836b,2026-07-07T23:12:41.151,core-banking,OK,pacs.008,FAST,1241.78,INR,**************9282,IN,164
b29275e1-4dbc-34d1-769f-bc85d86d836b,2026-07-07T23:12:41.323,settlement,SETTLED,pacs.008,FAST,1241.78,INR,**************9282,IN,138
f67d0a3a-fafe-d457-41e0-26631fdc38a3,2026-07-12T13:59:31.099,gateway,OK,pacs.008,FAST,4155.97,USD,**************1455,HK,58
f67d0a3a-fafe-d457-41e0-26631fdc38a3,2026-07-12T13:59:31.165,auth,OK,pacs.008,FAST,4155.97,USD,**************1455,HK,59
f67d0a3a-fafe-d457-41e0-26631fdc38a3,2026-07-12T13:59:31.307,validation,OK,pacs.008,FAST,4155.97,USD,**************1455,HK,52
f67d0a3a-fafe-d457-41e0-26631fdc38a3,2026-07-12T13:59:31.376,aml,TIMEOUT,pacs.008,FAST,4155.97,USD,**************1455,HK,30000
f67d0a3a-fafe-d457-41e0-26631fdc38a3,2026-07-12T13:59:31.490,payment-hub,FAILED,pacs.008,FAST,4155.97,USD,**************1455,HK,48
c6b22141-f464-7c9b-7005-6a754a6efc3d,2026-07-04T11:12:43.637,gateway,OK,MT103,SWIFT,587.53,USD,**************9411,GB,60
c6b22141-f464-7c9b-7005-6a754a6efc3d,2026-07-04T11:12:43.749,auth,OK,MT103,SWIFT,587.53,USD,**************9411,GB,44
c6b22141-f464-7c9b-7005-6a754a6efc3d,2026-07-04T11:12:43.830,validation,OK,MT103,SWIFT,587.53,USD,**************9411,GB,70
c6b22141-f464-7c9b-7005-6a754a6efc3d,2026-07-04T11:12:43.901,aml,TIMEOUT,MT103,SWIFT,587.53,USD,**************9411,GB,30000
c6b22141-f464-7c9b-7005-6a754a6efc3d,2026-07-04T11:12:44.132,payment-hub,FAILED,MT103,SWIFT,587.53,USD,**************9411,GB,118
aa675a85-db75-c67f-37ad-f9e90d13174d,2026-07-01T10:51:26.241,gateway,OK,pacs.008,FAST,986.65,USD,**************5391,HK,15
aa675a85-db75-c67f-37ad-f9e90d13174d,2026-07-01T10:51:26.285,auth,OK,pacs.008,FAST,986.65,USD,**************5391,HK,73
aa675a85-db75-c67f-37ad-f9e90d13174d,2026-07-01T10:51:26.534,validation,OK,pacs.008,FAST,986.65,USD,**************5391,HK,56
aa675a85-db75-c67f-37ad-f9e90d13174d,2026-07-01T10:51:26.590,aml,OK,pacs.008,FAST,986.65,USD,**************5391,HK,231
aa675a85-db75-c67f-37ad-f9e90d13174d,2026-07-01T10:51:26.752,payment-hub,OK,pacs.008,FAST,986.65,USD,**************5391,HK,77
aa675a85-db75-c67f-37ad-f9e90d13174d,2026-07-01T10:51:26.807,core-banking,OK,pacs.008,FAST,986.65,USD,**************5391,HK,179
aa675a85-db75-c67f-37ad-f9e90d13174d,2026-07-01T10:51:26.905,settlement,SETTLED,pacs.008,FAST,986.65,USD,**************5391,HK,63
1e4fa6dc-e214-8827-e5dc-13967e9b7d6b,2026-07-02T15:58:22.457,gateway,OK,pacs.008,FAST,1448.99,EUR,**************7728,SG,38
1e4fa6dc-e214-8827-e5dc-13967e9b7d6b,2026-07-02T15:58:22.521,auth,OK,pacs.008,FAST,1448.99,EUR,**************7728,SG,66
1e4fa6dc-e214-8827-e5dc-13967e9b7d6b,2026-07-02T15:58:22.598,validation,OK,pacs.008,FAST,1448.99,EUR,**************7728,SG,86
1e4fa6dc-e214-8827-e5dc-13967e9b7d6b,2026-07-02T15:58:22.701,aml,OK,pacs.008,FAST,1448.99,EUR,**************7728,SG,251
1e4fa6dc-e214-8827-e5dc-13967e9b7d6b,2026-07-02T15:58:22.792,payment-hub,OK,pacs.008,FAST,1448.99,EUR,**************7728,SG,136
1e4fa6dc-e214-8827-e5dc-13967e9b7d6b,2026-07-02T15:58:22.905,core-banking,OK,pacs.008,FAST,1448.99,EUR,**************7728,SG,78
1e4fa6dc-e214-8827-e5dc-13967e9b7d6b,2026-07-02T15:58:23.224,settlement,SETTLED,pacs.008,FAST,1448.99,EUR,**************7728,SG,236
56e52e60-15d4-65be-39d6-a132d92a2823,2026-07-10T07:59:10.403,gateway,OK,MT103,SWIFT,202.16,INR,**************4121,IN,58
56e52e60-15d4-65be-39d6-a132d92a2823,2026-07-10T07:59:10.487,auth,OK,MT103,SWIFT,202.16,INR,**************4121,IN,45
56e52e60-15d4-65be-39d6-a132d92a2823,2026-07-10T07:59:10.542,validation,OK,MT103,SWIFT,202.16,INR,**************4121,IN,108
56e52e60-15d4-65be-39d6-a132d92a2823,2026-07-10T07:59:10.637,aml,OK,MT103,SWIFT,202.16,INR,**************4121,IN,49
56e52e60-15d4-65be-39d6-a132d92a2823,2026-07-10T07:59:10.895,payment-hub,OK,MT103,SWIFT,202.16,INR,**************4121,IN,71
56e52e60-15d4-65be-39d6-a132d92a2823,2026-07-10T07:59:11.001,core-banking,OK,MT103,SWIFT,202.16,INR,**************4121,IN,249
56e52e60-15d4-65be-39d6-a132d92a2823,2026-07-10T07:59:11.067,settlement,SETTLED,MT103,SWIFT,202.16,INR,**************4121,IN,227
ca25a7a8-983b-6ef7-8f49-d527e136b9f0,2026-07-14T18:43:02.574,gateway,OK,MT103,SWIFT,610.25,SGD,**************8377,SG,53
ca25a7a8-983b-6ef7-8f49-d527e136b9f0,2026-07-14T18:43:02.643,auth,OK,MT103,SWIFT,610.25,SGD,**************8377,SG,48
ca25a7a8-983b-6ef7-8f49-d527e136b9f0,2026-07-14T18:43:02.707,validation,OK,MT103,SWIFT,610.25,SGD,**************8377,SG,59
ca25a7a8-983b-6ef7-8f49-d527e136b9f0,2026-07-14T18:43:02.764,aml,OK,MT103,SWIFT,610.25,SGD,**************8377,SG,239
ca25a7a8-983b-6ef7-8f49-d527e136b9f0,2026-07-14T18:43:02.819,payment-hub,OK,MT103,SWIFT,610.25,SGD,**************8377,SG,131
ca25a7a8-983b-6ef7-8f49-d527e136b9f0,2026-07-14T18:43:02.903,core-banking,OK,MT103,SWIFT,610.25,SGD,**************8377,SG,195
ca25a7a8-983b-6ef7-8f49-d527e136b9f0,2026-07-14T18:43:02.950,settlement,SETTLED,MT103,SWIFT,610.25,SGD,**************8377,SG,246
75977938-e9a4-4f84-fe10-4019a41f188c,2026-07-09T00:49:57.813,gateway,OK,pacs.008,FAST,1049.05,MYR,**************0050,GB,56
75977938-e9a4-4f84-fe10-4019a41f188c,2026-07-09T00:49:57.872,auth,OK,pacs.008,FAST,1049.05,MYR,**************0050,GB,52
75977938-e9a4-4f84-fe10-4019a41f188c,2026-07-09T00:49:58.029,validation,OK,pacs.008,FAST,1049.05,MYR,**************0050,GB,48
75977938-e9a4-4f84-fe10-4019a41f188c,2026-07-09T00:49:58.114,aml,OK,pacs.008,FAST,1049.05,MYR,**************0050,GB,284
75977938-e9a4-4f84-fe10-4019a41f188c,2026-07-09T00:49:58.264,payment-hub,OK,pacs.008,FAST,1049.05,MYR,**************0050,GB,132
75977938-e9a4-4f84-fe10-4019a41f188c,2026-07-09T00:49:58.531,core-banking,OK,pacs.008,FAST,1049.05,MYR,**************0050,GB,116
75977938-e9a4-4f84-fe10-4019a41f188c,2026-07-09T00:49:58.774,settlement,SETTLED,pacs.008,FAST,1049.05,MYR,**************0050,GB,360
bfaad048-7fe0-c57e-331f-d156e2910dc1,2026-07-07T15:02:31.873,gateway,OK,0200,CARDS,190.53,INR,**************3969,IN,36
bfaad048-7fe0-c57e-331f-d156e2910dc1,2026-07-07T15:02:31.997,auth,OK,0200,CARDS,190.53,INR,**************3969,IN,61
bfaad048-7fe0-c57e-331f-d156e2910dc1,2026-07-07T15:02:32.091,validation,OK,0200,CARDS,190.53,INR,**************3969,IN,103
bfaad048-7fe0-c57e-331f-d156e2910dc1,2026-07-07T15:02:32.208,aml,OK,0200,CARDS,190.53,INR,**************3969,IN,277
bfaad048-7fe0-c57e-331f-d156e2910dc1,2026-07-07T15:02:32.351,payment-hub,OK,0200,CARDS,190.53,INR,**************3969,IN,73
bfaad048-7fe0-c57e-331f-d156e2910dc1,2026-07-07T15:02:32.615,core-banking,OK,0200,CARDS,190.53,INR,**************3969,IN,228
bfaad048-7fe0-c57e-331f-d156e2910dc1,2026-07-07T15:02:32.806,settlement,SETTLED,0200,CARDS,190.53,INR,**************3969,IN,243
783797d0-715c-88c5-eedc-2cda3fe6755c,2026-07-03T07:06:37.299,gateway,OK,pacs.008,FAST,1018.46,SGD,**************9704,SG,23
783797d0-715c-88c5-eedc-2cda3fe6755c,2026-07-03T07:06:37.349,auth,OK,pacs.008,FAST,1018.46,SGD,**************9704,SG,58
783797d0-715c-88c5-eedc-2cda3fe6755c,2026-07-03T07:06:37.490,validation,OK,pacs.008,FAST,1018.46,SGD,**************9704,SG,92
783797d0-715c-88c5-eedc-2cda3fe6755c,2026-07-03T07:06:37.586,aml,OK,pacs.008,FAST,1018.46,SGD,**************9704,SG,183
783797d0-715c-88c5-eedc-2cda3fe6755c,2026-07-03T07:06:37.709,payment-hub,OK,pacs.008,FAST,1018.46,SGD,**************9704,SG,61
783797d0-715c-88c5-eedc-2cda3fe6755c,2026-07-03T07:06:37.795,core-banking,OK,pacs.008,FAST,1018.46,SGD,**************9704,SG,215
783797d0-715c-88c5-eedc-2cda3fe6755c,2026-07-03T07:06:37.855,settlement,SETTLED,pacs.008,FAST,1018.46,SGD,**************9704,SG,202
6f4ff77a-9b93-a7c7-93d4-a30efe72fd05,2026-07-11T22:19:09.137,gateway,OK,0200,CARDS,3463.38,SGD,**************8191,SG,59
6f4ff77a-9b93-a7c7-93d4-a30efe72fd05,2026-07-11T22:19:09.217,auth,OK,0200,CARDS,3463.38,SGD,**************8191,SG,34
6f4ff77a-9b93-a7c7-93d4-a30efe72fd05,2026-07-11T22:19:09.432,validation,OK,0200,CARDS,3463.38,SGD,**************8191,SG,63
6f4ff77a-9b93-a7c7-93d4-a30efe72fd05,2026-07-11T22:19:09.497,aml,OK,0200,CARDS,3463.38,SGD,**************8191,SG,223
6f4ff77a-9b93-a7c7-93d4-a30efe72fd05,2026-07-11T22:19:09.581,payment-hub,OK,0200,CARDS,3463.38,SGD,**************8191,SG,39
6f4ff77a-9b93-a7c7-93d4-a30efe72fd05,2026-07-11T22:19:09.651,core-banking,OK,0200,CARDS,3463.38,SGD,**************8191,SG,133
6f4ff77a-9b93-a7c7-93d4-a30efe72fd05,2026-07-11T22:19:09.706,settlement,SETTLED,0200,CARDS,3463.38,SGD,**************8191,SG,160
7fe9c2b3-d47d-2ade-25e1-83884a8e5348,2026-07-13T09:08:45.769,gateway,OK,MT103,SWIFT,233.98,SGD,**************2397,SG,44
7fe9c2b3-d47d-2ade-25e1-83884a8e5348,2026-07-13T09:08:45.814,auth,OK,MT103,SWIFT,233.98,SGD,**************2397,SG,31
7fe9c2b3-d47d-2ade-25e1-83884a8e5348,2026-07-13T09:08:45.985,validation,OK,MT103,SWIFT,233.98,SGD,**************2397,SG,62
7fe9c2b3-d47d-2ade-25e1-83884a8e5348,2026-07-13T09:08:46.013,aml,TIMEOUT,MT103,SWIFT,233.98,SGD,**************2397,SG,30000
7fe9c2b3-d47d-2ade-25e1-83884a8e5348,2026-07-13T09:08:46.121,payment-hub,FAILED,MT103,SWIFT,233.98,SGD,**************2397,SG,75
dd26ea19-77b5-c654-8b8d-72c4543eff34,2026-07-13T19:56:11.454,gateway,OK,MT103,SWIFT,5765.24,SGD,**************4891,SG,40
dd26ea19-77b5-c654-8b8d-72c4543eff34,2026-07-13T19:56:11.493,auth,OK,MT103,SWIFT,5765.24,SGD,**************4891,SG,83
dd26ea19-77b5-c654-8b8d-72c4543eff34,2026-07-13T19:56:11.523,validation,OK,MT103,SWIFT,5765.24,SGD,**************4891,SG,31
dd26ea19-77b5-c654-8b8d-72c4543eff34,2026-07-13T19:56:11.614,aml,OK,MT103,SWIFT,5765.24,SGD,**************4891,SG,67
dd26ea19-77b5-c654-8b8d-72c4543eff34,2026-07-13T19:56:11.806,payment-hub,OK,MT103,SWIFT,5765.24,SGD,**************4891,SG,85
dd26ea19-77b5-c654-8b8d-72c4543eff34,2026-07-13T19:56:11.882,core-banking,OK,MT103,SWIFT,5765.24,SGD,**************4891,SG,52
dd26ea19-77b5-c654-8b8d-72c4543eff34,2026-07-13T19:56:11.923,settlement,SETTLED,MT103,SWIFT,5765.24,SGD,**************4891,SG,129
ee1d4fee-366a-4a96-78dd-53bc2ac8a722,2026-07-11T07:38:27.869,gateway,OK,pacs.008,FAST,4153.9,MYR,**************3987,MY,21
ee1d4fee-366a-4a96-78dd-53bc2ac8a722,2026-07-11T07:38:27.937,auth,OK,pacs.008,FAST,4153.9,MYR,**************3987,MY,71
ee1d4fee-366a-4a96-78dd-53bc2ac8a722,2026-07-11T07:38:28.083,validation,OK,pacs.008,FAST,4153.9,MYR,**************3987,MY,111
ee1d4fee-366a-4a96-78dd-53bc2ac8a722,2026-07-11T07:38:28.220,aml,OK,pacs.008,FAST,4153.9,MYR,**************3987,MY,130
ee1d4fee-366a-4a96-78dd-53bc2ac8a722,2026-07-11T07:38:28.355,payment-hub,OK,pacs.008,FAST,4153.9,MYR,**************3987,MY,117
ee1d4fee-366a-4a96-78dd-53bc2ac8a722,2026-07-11T07:38:28.460,core-banking,OK,pacs.008,FAST,4153.9,MYR,**************3987,MY,164
ee1d4fee-366a-4a96-78dd-53bc2ac8a722,2026-07-11T07:38:28.581,settlement,SETTLED,pacs.008,FAST,4153.9,MYR,**************3987,MY,143
65f57013-c7e0-842b-b8d2-cca3129f6838,2026-07-08T04:42:03.834,gateway,OK,MT103,SWIFT,841.07,SGD,**************5443,SG,40
65f57013-c7e0-842b-b8d2-cca3129f6838,2026-07-08T04:42:03.934,auth,OK,MT103,SWIFT,841.07,SGD,**************5443,SG,20
65f57013-c7e0-842b-b8d2-cca3129f6838,2026-07-08T04:42:03.991,validation,REJECTED,MT103,SWIFT,841.07,SGD,**************5443,SG,118
a22dfa1c-dfb9-08c5-cde4-c155536f5081,2026-07-02T00:57:37.571,gateway,OK,pacs.008,FAST,521.46,INR,**************5457,IN,21
a22dfa1c-dfb9-08c5-cde4-c155536f5081,2026-07-02T00:57:37.624,auth,OK,pacs.008,FAST,521.46,INR,**************5457,IN,63
a22dfa1c-dfb9-08c5-cde4-c155536f5081,2026-07-02T00:57:37.677,validation,OK,pacs.008,FAST,521.46,INR,**************5457,IN,116
a22dfa1c-dfb9-08c5-cde4-c155536f5081,2026-07-02T00:57:37.915,aml,TIMEOUT,pacs.008,FAST,521.46,INR,**************5457,IN,30000
a22dfa1c-dfb9-08c5-cde4-c155536f5081,2026-07-02T00:57:38.039,payment-hub,FAILED,pacs.008,FAST,521.46,INR,**************5457,IN,138
08b00447-01aa-a1c6-4c4a-c1ad0f1b6158,2026-07-05T13:24:36.760,gateway,OK,MT103,SWIFT,284.18,SGD,**************6731,SG,49
08b00447-01aa-a1c6-4c4a-c1ad0f1b6158,2026-07-05T13:24:36.952,auth,OK,MT103,SWIFT,284.18,SGD,**************6731,SG,72
08b00447-01aa-a1c6-4c4a-c1ad0f1b6158,2026-07-05T13:24:37.032,validation,OK,MT103,SWIFT,284.18,SGD,**************6731,SG,82
08b00447-01aa-a1c6-4c4a-c1ad0f1b6158,2026-07-05T13:24:37.083,aml,OK,MT103,SWIFT,284.18,SGD,**************6731,SG,173
08b00447-01aa-a1c6-4c4a-c1ad0f1b6158,2026-07-05T13:24:37.272,payment-hub,OK,MT103,SWIFT,284.18,SGD,**************6731,SG,76
08b00447-01aa-a1c6-4c4a-c1ad0f1b6158,2026-07-05T13:24:37.318,core-banking,OK,MT103,SWIFT,284.18,SGD,**************6731,SG,111
08b00447-01aa-a1c6-4c4a-c1ad0f1b6158,2026-07-05T13:24:37.388,settlement,SETTLED,MT103,SWIFT,284.18,SGD,**************6731,SG,262
9af32b91-0fce-096b-e396-75b71594abf4,2026-07-04T21:20:39.010,gateway,OK,0200,CARDS,2275.69,SGD,**************8838,SG,39
9af32b91-0fce-096b-e396-75b71594abf4,2026-07-04T21:20:39.256,auth,OK,0200,CARDS,2275.69,SGD,**************8838,SG,83
9af32b91-0fce-096b-e396-75b71594abf4,2026-07-04T21:20:39.340,validation,OK,0200,CARDS,2275.69,SGD,**************8838,SG,99
9af32b91-0fce-096b-e396-75b71594abf4,2026-07-04T21:20:39.517,aml,OK,0200,CARDS,2275.69,SGD,**************8838,SG,240
9af32b91-0fce-096b-e396-75b71594abf4,2026-07-04T21:20:39.587,payment-hub,OK,0200,CARDS,2275.69,SGD,**************8838,SG,80
9af32b91-0fce-096b-e396-75b71594abf4,2026-07-04T21:20:39.756,core-banking,OK,0200,CARDS,2275.69,SGD,**************8838,SG,87
9af32b91-0fce-096b-e396-75b71594abf4,2026-07-04T21:20:39.822,settlement,SETTLED,0200,CARDS,2275.69,SGD,**************8838,SG,200
a34184f0-4495-6216-5ff2-42dba3d6c122,2026-07-11T18:02:43.908,gateway,OK,pacs.008,FAST,777.39,SGD,**************2261,IN,52
a34184f0-4495-6216-5ff2-42dba3d6c122,2026-07-11T18:02:44.207,auth,OK,pacs.008,FAST,777.39,SGD,**************2261,IN,65
a34184f0-4495-6216-5ff2-42dba3d6c122,2026-07-11T18:02:44.329,validation,OK,pacs.008,FAST,777.39,SGD,**************2261,IN,50
a34184f0-4495-6216-5ff2-42dba3d6c122,2026-07-11T18:02:44.479,aml,OK,pacs.008,FAST,777.39,SGD,**************2261,IN,256
a34184f0-4495-6216-5ff2-42dba3d6c122,2026-07-11T18:02:44.688,payment-hub,OK,pacs.008,FAST,777.39,SGD,**************2261,IN,100
a34184f0-4495-6216-5ff2-42dba3d6c122,2026-07-11T18:02:44.820,core-banking,OK,pacs.008,FAST,777.39,SGD,**************2261,IN,98
a34184f0-4495-6216-5ff2-42dba3d6c122,2026-07-11T18:02:44.933,settlement,SETTLED,pacs.008,FAST,777.39,SGD,**************2261,IN,387
fdc65891-8d10-3271-d20c-f89ee6002784,2026-07-12T09:44:52.931,gateway,OK,pacs.008,FAST,58.57,GBP,**************2247,GB,44
fdc65891-8d10-3271-d20c-f89ee6002784,2026-07-12T09:44:53.045,auth,OK,pacs.008,FAST,58.57,GBP,**************2247,GB,55
fdc65891-8d10-3271-d20c-f89ee6002784,2026-07-12T09:44:53.115,validation,OK,pacs.008,FAST,58.57,GBP,**************2247,GB,29
fdc65891-8d10-3271-d20c-f89ee6002784,2026-07-12T09:44:53.156,aml,OK,pacs.008,FAST,58.57,GBP,**************2247,GB,89
fdc65891-8d10-3271-d20c-f89ee6002784,2026-07-12T09:44:53.314,payment-hub,OK,pacs.008,FAST,58.57,GBP,**************2247,GB,138
fdc65891-8d10-3271-d20c-f89ee6002784,2026-07-12T09:44:53.397,core-banking,OK,pacs.008,FAST,58.57,GBP,**************2247,GB,100
fdc65891-8d10-3271-d20c-f89ee6002784,2026-07-12T09:44:53.497,settlement,SETTLED,pacs.008,FAST,58.57,GBP,**************2247,GB,317
bb52d6cd-7cee-bce2-ae86-642e49336731,2026-07-03T21:15:17.583,gateway,OK,MT103,SWIFT,759.31,SGD,**************7819,SG,45
bb52d6cd-7cee-bce2-ae86-642e49336731,2026-07-03T21:15:17.655,auth,OK,MT103,SWIFT,759.31,SGD,**************7819,SG,43
bb52d6cd-7cee-bce2-ae86-642e49336731,2026-07-03T21:15:17.706,validation,OK,MT103,SWIFT,759.31,SGD,**************7819,SG,53
bb52d6cd-7cee-bce2-ae86-642e49336731,2026-07-03T21:15:17.813,aml,OK,MT103,SWIFT,759.31,SGD,**************7819,SG,134
bb52d6cd-7cee-bce2-ae86-642e49336731,2026-07-03T21:15:17.893,payment-hub,OK,MT103,SWIFT,759.31,SGD,**************7819,SG,61
bb52d6cd-7cee-bce2-ae86-642e49336731,2026-07-03T21:15:18.019,core-banking,OK,MT103,SWIFT,759.31,SGD,**************7819,SG,134
bb52d6cd-7cee-bce2-ae86-642e49336731,2026-07-03T21:15:18.278,settlement,SETTLED,MT103,SWIFT,759.31,SGD,**************7819,SG,213
f4b1c600-be72-1776-9647-4f839904cc94,2026-07-09T09:13:17.504,gateway,OK,MT103,SWIFT,91.48,INR,**************4900,IN,36
f4b1c600-be72-1776-9647-4f839904cc94,2026-07-09T09:13:17.584,auth,OK,MT103,SWIFT,91.48,INR,**************4900,IN,76
f4b1c600-be72-1776-9647-4f839904cc94,2026-07-09T09:13:17.675,validation,OK,MT103,SWIFT,91.48,INR,**************4900,IN,27
f4b1c600-be72-1776-9647-4f839904cc94,2026-07-09T09:13:17.770,aml,OK,MT103,SWIFT,91.48,INR,**************4900,IN,295
f4b1c600-be72-1776-9647-4f839904cc94,2026-07-09T09:13:17.916,payment-hub,OK,MT103,SWIFT,91.48,INR,**************4900,IN,84
f4b1c600-be72-1776-9647-4f839904cc94,2026-07-09T09:13:18.020,core-banking,OK,MT103,SWIFT,91.48,INR,**************4900,IN,55
f4b1c600-be72-1776-9647-4f839904cc94,2026-07-09T09:13:18.090,settlement,SETTLED,MT103,SWIFT,91.48,INR,**************4900,IN,137
1525ad24-37cd-2d8e-d49a-cb53c5e83815,2026-07-03T09:12:35.118,gateway,OK,0200,CARDS,2173.45,MYR,**************7612,MY,27
1525ad24-37cd-2d8e-d49a-cb53c5e83815,2026-07-03T09:12:35.157,auth,OK,0200,CARDS,2173.45,MYR,**************7612,MY,35
1525ad24-37cd-2d8e-d49a-cb53c5e83815,2026-07-03T09:12:35.299,validation,OK,0200,CARDS,2173.45,MYR,**************7612,MY,84
1525ad24-37cd-2d8e-d49a-cb53c5e83815,2026-07-03T09:12:35.394,aml,OK,0200,CARDS,2173.45,MYR,**************7612,MY,159
1525ad24-37cd-2d8e-d49a-cb53c5e83815,2026-07-03T09:12:35.540,payment-hub,OK,0200,CARDS,2173.45,MYR,**************7612,MY,33
1525ad24-37cd-2d8e-d49a-cb53c5e83815,2026-07-03T09:12:35.606,core-banking,OK,0200,CARDS,2173.45,MYR,**************7612,MY,198
1525ad24-37cd-2d8e-d49a-cb53c5e83815,2026-07-03T09:12:35.645,settlement,SETTLED,0200,CARDS,2173.45,MYR,**************7612,MY,83
9f55a511-a82d-50cd-fb2a-a2a9060feb1e,2026-07-11T14:15:22.254,gateway,OK,0200,CARDS,244.38,USD,**************3304,HK,58
9f55a511-a82d-50cd-fb2a-a2a9060feb1e,2026-07-11T14:15:22.498,auth,OK,0200,CARDS,244.38,USD,**************3304,HK,88
9f55a511-a82d-50cd-fb2a-a2a9060feb1e,2026-07-11T14:15:22.537,validation,OK,0200,CARDS,244.38,USD,**************3304,HK,65
9f55a511-a82d-50cd-fb2a-a2a9060feb1e,2026-07-11T14:15:22.647,aml,OK,0200,CARDS,244.38,USD,**************3304,HK,214
9f55a511-a82d-50cd-fb2a-a2a9060feb1e,2026-07-11T14:15:22.786,payment-hub,OK,0200,CARDS,244.38,USD,**************3304,HK,112
9f55a511-a82d-50cd-fb2a-a2a9060feb1e,2026-07-11T14:15:22.863,core-banking,OK,0200,CARDS,244.38,USD,**************3304,HK,109
9f55a511-a82d-50cd-fb2a-a2a9060feb1e,2026-07-11T14:15:23.055,settlement,SETTLED,0200,CARDS,244.38,USD,**************3304,HK,255
369cea38-4e92-dfe3-031a-51a8e20cd322,2026-07-04T14:16:48.134,gateway,OK,pacs.008,FAST,800.08,USD,**************3515,US,16
369cea38-4e92-dfe3-031a-51a8e20cd322,2026-07-04T14:16:48.224,auth,OK,pacs.008,FAST,800.08,USD,**************3515,US,53
369cea38-4e92-dfe3-031a-51a8e20cd322,2026-07-04T14:16:48.309,validation,OK,pacs.008,FAST,800.08,USD,**************3515,US,54
369cea38-4e92-dfe3-031a-51a8e20cd322,2026-07-04T14:16:48.406,aml,OK,pacs.008,FAST,800.08,USD,**************3515,US,246
369cea38-4e92-dfe3-031a-51a8e20cd322,2026-07-04T14:16:48.479,payment-hub,OK,pacs.008,FAST,800.08,USD,**************3515,US,101
369cea38-4e92-dfe3-031a-51a8e20cd322,2026-07-04T14:16:48.540,core-banking,OK,pacs.008,FAST,800.08,USD,**************3515,US,249
369cea38-4e92-dfe3-031a-51a8e20cd322,2026-07-04T14:16:48.743,settlement,SETTLED,pacs.008,FAST,800.08,USD,**************3515,US,287
ada8c3be-227f-d400-f883-24ce97d5f209,2026-07-01T16:21:02.207,gateway,OK,pacs.008,FAST,2328.81,MYR,**************1557,MY,15
ada8c3be-227f-d400-f883-24ce97d5f209,2026-07-01T16:21:02.315,auth,OK,pacs.008,FAST,2328.81,MYR,**************1557,MY,24
ada8c3be-227f-d400-f883-24ce97d5f209,2026-07-01T16:21:02.397,validation,OK,pacs.008,FAST,2328.81,MYR,**************1557,MY,111
ada8c3be-227f-d400-f883-24ce97d5f209,2026-07-01T16:21:02.518,aml,OK,pacs.008,FAST,2328.81,MYR,**************1557,MY,53
ada8c3be-227f-d400-f883-24ce97d5f209,2026-07-01T16:21:02.582,payment-hub,OK,pacs.008,FAST,2328.81,MYR,**************1557,MY,61
ada8c3be-227f-d400-f883-24ce97d5f209,2026-07-01T16:21:02.704,core-banking,OK,pacs.008,FAST,2328.81,MYR,**************1557,MY,188
ada8c3be-227f-d400-f883-24ce97d5f209,2026-07-01T16:21:02.739,settlement,SETTLED,pacs.008,FAST,2328.81,MYR,**************1557,MY,118
b9807172-601f-0cff-53bd-6265aac64d93,2026-07-01T14:24:26.240,gateway,OK,MT103,SWIFT,306.31,MYR,**************6973,MY,57
b9807172-601f-0cff-53bd-6265aac64d93,2026-07-01T14:24:26.381,auth,OK,MT103,SWIFT,306.31,MYR,**************6973,MY,29
b9807172-601f-0cff-53bd-6265aac64d93,2026-07-01T14:24:26.457,validation,OK,MT103,SWIFT,306.31,MYR,**************6973,MY,100
b9807172-601f-0cff-53bd-6265aac64d93,2026-07-01T14:24:26.560,aml,OK,MT103,SWIFT,306.31,MYR,**************6973,MY,81
b9807172-601f-0cff-53bd-6265aac64d93,2026-07-01T14:24:26.620,payment-hub,OK,MT103,SWIFT,306.31,MYR,**************6973,MY,95
b9807172-601f-0cff-53bd-6265aac64d93,2026-07-01T14:24:26.651,core-banking,OK,MT103,SWIFT,306.31,MYR,**************6973,MY,75
b9807172-601f-0cff-53bd-6265aac64d93,2026-07-01T14:24:26.757,settlement,SETTLED,MT103,SWIFT,306.31,MYR,**************6973,MY,225
f91396c1-5fbf-3881-2a66-a43fe41df815,2026-07-11T06:27:10.804,gateway,OK,pacs.008,FAST,699.69,SGD,**************3960,SG,25
f91396c1-5fbf-3881-2a66-a43fe41df815,2026-07-11T06:27:11.030,auth,OK,pacs.008,FAST,699.69,SGD,**************3960,SG,22
f91396c1-5fbf-3881-2a66-a43fe41df815,2026-07-11T06:27:11.097,validation,OK,pacs.008,FAST,699.69,SGD,**************3960,SG,103
f91396c1-5fbf-3881-2a66-a43fe41df815,2026-07-11T06:27:11.144,aml,OK,pacs.008,FAST,699.69,SGD,**************3960,SG,65
f91396c1-5fbf-3881-2a66-a43fe41df815,2026-07-11T06:27:11.302,payment-hub,OK,pacs.008,FAST,699.69,SGD,**************3960,SG,98
f91396c1-5fbf-3881-2a66-a43fe41df815,2026-07-11T06:27:11.346,core-banking,OK,pacs.008,FAST,699.69,SGD,**************3960,SG,77
f91396c1-5fbf-3881-2a66-a43fe41df815,2026-07-11T06:27:11.492,settlement,SETTLED,pacs.008,FAST,699.69,SGD,**************3960,SG,301
911ef5c8-752e-8c8e-0950-dced06999b51,2026-07-03T08:13:32.488,gateway,OK,pacs.008,FAST,1420.63,USD,**************8151,US,24
911ef5c8-752e-8c8e-0950-dced06999b51,2026-07-03T08:13:32.603,auth,OK,pacs.008,FAST,1420.63,USD,**************8151,US,85
911ef5c8-752e-8c8e-0950-dced06999b51,2026-07-03T08:13:32.711,validation,OK,pacs.008,FAST,1420.63,USD,**************8151,US,116
911ef5c8-752e-8c8e-0950-dced06999b51,2026-07-03T08:13:32.884,aml,OK,pacs.008,FAST,1420.63,USD,**************8151,US,295
911ef5c8-752e-8c8e-0950-dced06999b51,2026-07-03T08:13:33.023,payment-hub,OK,pacs.008,FAST,1420.63,USD,**************8151,US,123
911ef5c8-752e-8c8e-0950-dced06999b51,2026-07-03T08:13:33.080,core-banking,OK,pacs.008,FAST,1420.63,USD,**************8151,US,200
911ef5c8-752e-8c8e-0950-dced06999b51,2026-07-03T08:13:33.194,settlement,SETTLED,pacs.008,FAST,1420.63,USD,**************8151,US,271
3cd195cc-128e-c1fe-12a8-4a25edfd8fdb,2026-07-09T05:04:30.338,gateway,OK,0200,CARDS,583.65,GBP,**************6777,US,22
3cd195cc-128e-c1fe-12a8-4a25edfd8fdb,2026-07-09T05:04:30.363,auth,OK,0200,CARDS,583.65,GBP,**************6777,US,80
3cd195cc-128e-c1fe-12a8-4a25edfd8fdb,2026-07-09T05:04:30.656,validation,OK,0200,CARDS,583.65,GBP,**************6777,US,118
3cd195cc-128e-c1fe-12a8-4a25edfd8fdb,2026-07-09T05:04:30.724,aml,OK,0200,CARDS,583.65,GBP,**************6777,US,225
3cd195cc-128e-c1fe-12a8-4a25edfd8fdb,2026-07-09T05:04:31.020,payment-hub,OK,0200,CARDS,583.65,GBP,**************6777,US,32
3cd195cc-128e-c1fe-12a8-4a25edfd8fdb,2026-07-09T05:04:31.252,core-banking,OK,0200,CARDS,583.65,GBP,**************6777,US,89
3cd195cc-128e-c1fe-12a8-4a25edfd8fdb,2026-07-09T05:04:31.341,settlement,SETTLED,0200,CARDS,583.65,GBP,**************6777,US,344
bb759aa3-3840-3e6c-a0fd-664a09f4da42,2026-07-13T10:49:46.253,gateway,OK,pacs.008,FAST,175.84,USD,**************7647,US,15
bb759aa3-3840-3e6c-a0fd-664a09f4da42,2026-07-13T10:49:46.316,auth,OK,pacs.008,FAST,175.84,USD,**************7647,US,38
bb759aa3-3840-3e6c-a0fd-664a09f4da42,2026-07-13T10:49:46.498,validation,OK,pacs.008,FAST,175.84,USD,**************7647,US,43
bb759aa3-3840-3e6c-a0fd-664a09f4da42,2026-07-13T10:50:16.515,aml,OK,pacs.008,FAST,175.84,USD,**************7647,US,284
bb759aa3-3840-3e6c-a0fd-664a09f4da42,2026-07-13T10:50:16.574,payment-hub,OK,pacs.008,FAST,175.84,USD,**************7647,US,137
bb759aa3-3840-3e6c-a0fd-664a09f4da42,2026-07-13T10:50:16.852,core-banking,OK,pacs.008,FAST,175.84,USD,**************7647,US,186
bb759aa3-3840-3e6c-a0fd-664a09f4da42,2026-07-13T10:50:16.891,settlement,SETTLED,pacs.008,FAST,175.84,USD,**************7647,US,376
7ad29554-c796-b54c-e328-87ba27444beb,2026-07-12T07:58:46.910,gateway,OK,pacs.008,FAST,234.2,SGD,**************9319,SG,40
7ad29554-c796-b54c-e328-87ba27444beb,2026-07-12T07:58:46.979,auth,OK,pacs.008,FAST,234.2,SGD,**************9319,SG,28
7ad29554-c796-b54c-e328-87ba27444beb,2026-07-12T07:58:47.104,validation,OK,pacs.008,FAST,234.2,SGD,**************9319,SG,58
7ad29554-c796-b54c-e328-87ba27444beb,2026-07-12T07:58:47.236,aml,OK,pacs.008,FAST,234.2,SGD,**************9319,SG,147
7ad29554-c796-b54c-e328-87ba27444beb,2026-07-12T07:58:47.404,payment-hub,OK,pacs.008,FAST,234.2,SGD,**************9319,SG,115
7ad29554-c796-b54c-e328-87ba27444beb,2026-07-12T07:58:47.513,core-banking,OK,pacs.008,FAST,234.2,SGD,**************9319,SG,182
7ad29554-c796-b54c-e328-87ba27444beb,2026-07-12T07:58:47.698,settlement,SETTLED,pacs.008,FAST,234.2,SGD,**************9319,SG,288
68360151-77e4-29fd-20f3-9ebe34398f8c,2026-07-13T14:34:27.948,gateway,OK,pacs.008,FAST,604.54,USD,**************0242,US,28
68360151-77e4-29fd-20f3-9ebe34398f8c,2026-07-13T14:34:28.052,auth,OK,pacs.008,FAST,604.54,USD,**************0242,US,82
68360151-77e4-29fd-20f3-9ebe34398f8c,2026-07-13T14:34:28.150,validation,OK,pacs.008,FAST,604.54,USD,**************0242,US,103
68360151-77e4-29fd-20f3-9ebe34398f8c,2026-07-13T14:34:28.263,aml,TIMEOUT,pacs.008,FAST,604.54,USD,**************0242,US,30000
68360151-77e4-29fd-20f3-9ebe34398f8c,2026-07-13T14:34:28.471,payment-hub,FAILED,pacs.008,FAST,604.54,USD,**************0242,US,78
7f5ba215-60c3-8dad-005c-b25c5deadfe7,2026-07-11T16:56:17.039,gateway,OK,pacs.008,FAST,2353.96,MYR,**************3981,MY,28
7f5ba215-60c3-8dad-005c-b25c5deadfe7,2026-07-11T16:56:17.122,auth,OK,pacs.008,FAST,2353.96,MYR,**************3981,MY,83
7f5ba215-60c3-8dad-005c-b25c5deadfe7,2026-07-11T16:56:17.201,validation,OK,pacs.008,FAST,2353.96,MYR,**************3981,MY,41
7f5ba215-60c3-8dad-005c-b25c5deadfe7,2026-07-11T16:56:17.261,aml,TIMEOUT,pacs.008,FAST,2353.96,MYR,**************3981,MY,30000
7f5ba215-60c3-8dad-005c-b25c5deadfe7,2026-07-11T16:56:17.357,payment-hub,FAILED,pacs.008,FAST,2353.96,MYR,**************3981,MY,108
a40e2378-a411-5b7b-e21e-7dd9d70ac6d6,2026-07-06T18:49:03.852,gateway,OK,pacs.008,FAST,513.48,SGD,**************2674,SG,42
a40e2378-a411-5b7b-e21e-7dd9d70ac6d6,2026-07-06T18:49:03.944,auth,OK,pacs.008,FAST,513.48,SGD,**************2674,SG,51
a40e2378-a411-5b7b-e21e-7dd9d70ac6d6,2026-07-06T18:49:04.015,validation,OK,pacs.008,FAST,513.48,SGD,**************2674,SG,68
a40e2378-a411-5b7b-e21e-7dd9d70ac6d6,2026-07-06T18:49:04.051,aml,OK,pacs.008,FAST,513.48,SGD,**************2674,SG,102
a40e2378-a411-5b7b-e21e-7dd9d70ac6d6,2026-07-06T18:49:04.319,payment-hub,OK,pacs.008,FAST,513.48,SGD,**************2674,SG,114
a40e2378-a411-5b7b-e21e-7dd9d70ac6d6,2026-07-06T18:49:04.523,core-banking,OK,pacs.008,FAST,513.48,SGD,**************2674,SG,189
a40e2378-a411-5b7b-e21e-7dd9d70ac6d6,2026-07-06T18:49:04.825,settlement,SETTLED,pacs.008,FAST,513.48,SGD,**************2674,SG,377
5d91b6d6-54eb-6aec-e092-a6fa5c34fac4,2026-07-10T22:20:10.981,gateway,OK,MT103,SWIFT,273.43,SGD,**************4265,SG,60
5d91b6d6-54eb-6aec-e092-a6fa5c34fac4,2026-07-10T22:20:11.095,auth,OK,MT103,SWIFT,273.43,SGD,**************4265,SG,43
5d91b6d6-54eb-6aec-e092-a6fa5c34fac4,2026-07-10T22:20:11.200,validation,OK,MT103,SWIFT,273.43,SGD,**************4265,SG,101
5d91b6d6-54eb-6aec-e092-a6fa5c34fac4,2026-07-10T22:20:11.286,aml,OK,MT103,SWIFT,273.43,SGD,**************4265,SG,120
5d91b6d6-54eb-6aec-e092-a6fa5c34fac4,2026-07-10T22:20:11.384,payment-hub,OK,MT103,SWIFT,273.43,SGD,**************4265,SG,96
5d91b6d6-54eb-6aec-e092-a6fa5c34fac4,2026-07-10T22:20:11.495,core-banking,OK,MT103,SWIFT,273.43,SGD,**************4265,SG,171
5d91b6d6-54eb-6aec-e092-a6fa5c34fac4,2026-07-10T22:20:11.593,settlement,SETTLED,MT103,SWIFT,273.43,SGD,**************4265,SG,310
23f2cb65-d3f1-4c58-914c-12672e609fd7,2026-07-09T06:32:07.866,gateway,OK,pacs.008,FAST,119.03,USD,**************2142,HK,57
23f2cb65-d3f1-4c58-914c-12672e609fd7,2026-07-09T06:32:07.958,auth,OK,pacs.008,FAST,119.03,USD,**************2142,HK,49
23f2cb65-d3f1-4c58-914c-12672e609fd7,2026-07-09T06:32:08.232,validation,OK,pacs.008,FAST,119.03,USD,**************2142,HK,74
23f2cb65-d3f1-4c58-914c-12672e609fd7,2026-07-09T06:32:08.300,aml,OK,pacs.008,FAST,119.03,USD,**************2142,HK,127
23f2cb65-d3f1-4c58-914c-12672e609fd7,2026-07-09T06:32:08.427,payment-hub,OK,pacs.008,FAST,119.03,USD,**************2142,HK,43
23f2cb65-d3f1-4c58-914c-12672e609fd7,2026-07-09T06:32:08.609,core-banking,OK,pacs.008,FAST,119.03,USD,**************2142,HK,250
23f2cb65-d3f1-4c58-914c-12672e609fd7,2026-07-09T06:32:08.676,settlement,SETTLED,pacs.008,FAST,119.03,USD,**************2142,HK,115
a2e28136-44ec-6634-01f0-8cd644a743b5,2026-07-12T12:53:56.243,gateway,OK,pacs.008,FAST,204.76,SGD,**************2675,SG,39
a2e28136-44ec-6634-01f0-8cd644a743b5,2026-07-12T12:53:56.444,auth,OK,pacs.008,FAST,204.76,SGD,**************2675,SG,32
a2e28136-44ec-6634-01f0-8cd644a743b5,2026-07-12T12:53:56.509,validation,OK,pacs.008,FAST,204.76,SGD,**************2675,SG,40
a2e28136-44ec-6634-01f0-8cd644a743b5,2026-07-12T12:53:56.581,aml,OK,pacs.008,FAST,204.76,SGD,**************2675,SG,126
a2e28136-44ec-6634-01f0-8cd644a743b5,2026-07-12T12:53:56.655,payment-hub,OK,pacs.008,FAST,204.76,SGD,**************2675,SG,92
a2e28136-44ec-6634-01f0-8cd644a743b5,2026-07-12T12:53:56.852,core-banking,OK,pacs.008,FAST,204.76,SGD,**************2675,SG,224
a2e28136-44ec-6634-01f0-8cd644a743b5,2026-07-12T12:53:56.943,settlement,SETTLED,pacs.008,FAST,204.76,SGD,**************2675,SG,61
b18ea07c-800f-752d-e483-49b9052341d0,2026-07-11T21:56:21.580,gateway,OK,0200,CARDS,3023.5,INR,**************7412,IN,16
b18ea07c-800f-752d-e483-49b9052341d0,2026-07-11T21:56:21.623,auth,OK,0200,CARDS,3023.5,INR,**************7412,IN,34
b18ea07c-800f-752d-e483-49b9052341d0,2026-07-11T21:56:21.906,validation,REJECTED,0200,CARDS,3023.5,INR,**************7412,IN,72
d6abb058-419a-919e-3eae-4c63e316dbae,2026-07-03T06:34:53.353,gateway,OK,0200,CARDS,646.33,MYR,**************2050,SG,18
d6abb058-419a-919e-3eae-4c63e316dbae,2026-07-03T06:34:53.408,auth,OK,0200,CARDS,646.33,MYR,**************2050,SG,36
d6abb058-419a-919e-3eae-4c63e316dbae,2026-07-03T06:34:53.459,validation,OK,0200,CARDS,646.33,MYR,**************2050,SG,83
d6abb058-419a-919e-3eae-4c63e316dbae,2026-07-03T06:34:53.515,aml,OK,0200,CARDS,646.33,MYR,**************2050,SG,174
d6abb058-419a-919e-3eae-4c63e316dbae,2026-07-03T06:34:53.633,payment-hub,OK,0200,CARDS,646.33,MYR,**************2050,SG,147
d6abb058-419a-919e-3eae-4c63e316dbae,2026-07-03T06:34:53.720,core-banking,OK,0200,CARDS,646.33,MYR,**************2050,SG,241
d6abb058-419a-919e-3eae-4c63e316dbae,2026-07-03T06:34:53.848,settlement,SETTLED,0200,CARDS,646.33,MYR,**************2050,SG,265
59a30250-0faa-0ff0-3427-b56990969cf0,2026-07-08T21:09:41.035,gateway,OK,0200,CARDS,1191.62,SGD,**************8996,SG,52
59a30250-0faa-0ff0-3427-b56990969cf0,2026-07-08T21:09:41.109,auth,OK,0200,CARDS,1191.62,SGD,**************8996,SG,29
59a30250-0faa-0ff0-3427-b56990969cf0,2026-07-08T21:09:41.254,validation,OK,0200,CARDS,1191.62,SGD,**************8996,SG,120
59a30250-0faa-0ff0-3427-b56990969cf0,2026-07-08T21:09:41.313,aml,OK,0200,CARDS,1191.62,SGD,**************8996,SG,297
59a30250-0faa-0ff0-3427-b56990969cf0,2026-07-08T21:09:41.390,payment-hub,OK,0200,CARDS,1191.62,SGD,**************8996,SG,105
59a30250-0faa-0ff0-3427-b56990969cf0,2026-07-08T21:09:41.457,core-banking,OK,0200,CARDS,1191.62,SGD,**************8996,SG,117
59a30250-0faa-0ff0-3427-b56990969cf0,2026-07-08T21:09:41.526,settlement,SETTLED,0200,CARDS,1191.62,SGD,**************8996,SG,283
0ab081d2-ef34-86a9-0e50-5ba66e2bd25c,2026-07-09T09:37:25.587,gateway,OK,MT103,SWIFT,1456.31,GBP,**************9914,GB,50
0ab081d2-ef34-86a9-0e50-5ba66e2bd25c,2026-07-09T09:37:25.730,auth,OK,MT103,SWIFT,1456.31,GBP,**************9914,GB,30
0ab081d2-ef34-86a9-0e50-5ba66e2bd25c,2026-07-09T09:37:25.824,validation,OK,MT103,SWIFT,1456.31,GBP,**************9914,GB,37
0ab081d2-ef34-86a9-0e50-5ba66e2bd25c,2026-07-09T09:37:25.884,aml,OK,MT103,SWIFT,1456.31,GBP,**************9914,GB,81
0ab081d2-ef34-86a9-0e50-5ba66e2bd25c,2026-07-09T09:37:26.008,payment-hub,OK,MT103,SWIFT,1456.31,GBP,**************9914,GB,77
0ab081d2-ef34-86a9-0e50-5ba66e2bd25c,2026-07-09T09:37:26.232,core-banking,OK,MT103,SWIFT,1456.31,GBP,**************9914,GB,221
0ab081d2-ef34-86a9-0e50-5ba66e2bd25c,2026-07-09T09:37:26.363,settlement,SETTLED,MT103,SWIFT,1456.31,GBP,**************9914,GB,283
36498bed-7c24-e4c6-6b94-95b3c1202691,2026-07-08T10:08:05.790,gateway,OK,pacs.008,FAST,310.81,SGD,**************8546,SG,36
36498bed-7c24-e4c6-6b94-95b3c1202691,2026-07-08T10:08:05.895,auth,OK,pacs.008,FAST,310.81,SGD,**************8546,SG,65
36498bed-7c24-e4c6-6b94-95b3c1202691,2026-07-08T10:08:05.963,validation,OK,pacs.008,FAST,310.81,SGD,**************8546,SG,39
36498bed-7c24-e4c6-6b94-95b3c1202691,2026-07-08T10:08:06.039,aml,OK,pacs.008,FAST,310.81,SGD,**************8546,SG,101
36498bed-7c24-e4c6-6b94-95b3c1202691,2026-07-08T10:08:06.161,payment-hub,OK,pacs.008,FAST,310.81,SGD,**************8546,SG,65
36498bed-7c24-e4c6-6b94-95b3c1202691,2026-07-08T10:08:06.376,core-banking,OK,pacs.008,FAST,310.81,SGD,**************8546,SG,180
36498bed-7c24-e4c6-6b94-95b3c1202691,2026-07-08T10:08:06.567,settlement,SETTLED,pacs.008,FAST,310.81,SGD,**************8546,SG,156
b2540189-af95-a374-ea77-92eb50305e92,2026-07-05T18:34:27.794,gateway,OK,0200,CARDS,66.77,USD,**************0670,SG,21
b2540189-af95-a374-ea77-92eb50305e92,2026-07-05T18:34:27.957,auth,OK,0200,CARDS,66.77,USD,**************0670,SG,47
b2540189-af95-a374-ea77-92eb50305e92,2026-07-05T18:34:28.120,validation,OK,0200,CARDS,66.77,USD,**************0670,SG,74
b2540189-af95-a374-ea77-92eb50305e92,2026-07-05T18:34:28.241,aml,OK,0200,CARDS,66.77,USD,**************0670,SG,70
b2540189-af95-a374-ea77-92eb50305e92,2026-07-05T18:34:28.403,payment-hub,OK,0200,CARDS,66.77,USD,**************0670,SG,98
b2540189-af95-a374-ea77-92eb50305e92,2026-07-05T18:34:58.420,core-banking,OK,0200,CARDS,66.77,USD,**************0670,SG,69
b2540189-af95-a374-ea77-92eb50305e92,2026-07-05T18:34:58.528,settlement,SETTLED,0200,CARDS,66.77,USD,**************0670,SG,295
96b1b3a3-20a9-984c-d0e2-aa076c5a8a41,2026-07-08T13:32:53.148,gateway,OK,pacs.008,FAST,543.76,SGD,**************4658,SG,45
96b1b3a3-20a9-984c-d0e2-aa076c5a8a41,2026-07-08T13:32:53.211,auth,OK,pacs.008,FAST,543.76,SGD,**************4658,SG,56
96b1b3a3-20a9-984c-d0e2-aa076c5a8a41,2026-07-08T13:32:53.289,validation,OK,pacs.008,FAST,543.76,SGD,**************4658,SG,115
96b1b3a3-20a9-984c-d0e2-aa076c5a8a41,2026-07-08T13:32:53.363,aml,OK,pacs.008,FAST,543.76,SGD,**************4658,SG,157
96b1b3a3-20a9-984c-d0e2-aa076c5a8a41,2026-07-08T13:32:53.489,payment-hub,OK,pacs.008,FAST,543.76,SGD,**************4658,SG,70
96b1b3a3-20a9-984c-d0e2-aa076c5a8a41,2026-07-08T13:32:53.575,core-banking,OK,pacs.008,FAST,543.76,SGD,**************4658,SG,122
96b1b3a3-20a9-984c-d0e2-aa076c5a8a41,2026-07-08T13:32:53.639,settlement,SETTLED,pacs.008,FAST,543.76,SGD,**************4658,SG,289
0ade0999-38b1-1a5e-7ab7-3e168480fd89,2026-07-13T17:03:56.347,gateway,OK,MT103,SWIFT,145.78,SGD,**************5127,SG,43
0ade0999-38b1-1a5e-7ab7-3e168480fd89,2026-07-13T17:03:56.394,auth,OK,MT103,SWIFT,145.78,SGD,**************5127,SG,88
0ade0999-38b1-1a5e-7ab7-3e168480fd89,2026-07-13T17:03:56.582,validation,OK,MT103,SWIFT,145.78,SGD,**************5127,SG,50
0ade0999-38b1-1a5e-7ab7-3e168480fd89,2026-07-13T17:03:56.715,aml,OK,MT103,SWIFT,145.78,SGD,**************5127,SG,183
0ade0999-38b1-1a5e-7ab7-3e168480fd89,2026-07-13T17:03:56.782,payment-hub,OK,MT103,SWIFT,145.78,SGD,**************5127,SG,32
0ade0999-38b1-1a5e-7ab7-3e168480fd89,2026-07-13T17:03:57.028,core-banking,OK,MT103,SWIFT,145.78,SGD,**************5127,SG,170
0ade0999-38b1-1a5e-7ab7-3e168480fd89,2026-07-13T17:03:57.116,settlement,SETTLED,MT103,SWIFT,145.78,SGD,**************5127,SG,287
aa264deb-3894-213f-6a97-023a4fa8891f,2026-07-11T12:41:51.832,gateway,OK,0200,CARDS,409.59,SGD,**************2104,SG,26
aa264deb-3894-213f-6a97-023a4fa8891f,2026-07-11T12:41:51.892,auth,OK,0200,CARDS,409.59,SGD,**************2104,SG,83
aa264deb-3894-213f-6a97-023a4fa8891f,2026-07-11T12:41:51.985,validation,OK,0200,CARDS,409.59,SGD,**************2104,SG,75
aa264deb-3894-213f-6a97-023a4fa8891f,2026-07-11T12:41:52.086,aml,TIMEOUT,0200,CARDS,409.59,SGD,**************2104,SG,30000
aa264deb-3894-213f-6a97-023a4fa8891f,2026-07-11T12:41:52.170,payment-hub,FAILED,0200,CARDS,409.59,SGD,**************2104,SG,39
f7461813-b07f-8a06-1ee5-09064af97a88,2026-07-01T22:24:22.570,gateway,OK,MT103,SWIFT,1513.93,MYR,**************9295,MY,55
f7461813-b07f-8a06-1ee5-09064af97a88,2026-07-01T22:24:22.821,auth,OK,MT103,SWIFT,1513.93,MYR,**************9295,MY,87
f7461813-b07f-8a06-1ee5-09064af97a88,2026-07-01T22:24:22.905,validation,OK,MT103,SWIFT,1513.93,MYR,**************9295,MY,39
f7461813-b07f-8a06-1ee5-09064af97a88,2026-07-01T22:24:23.062,aml,OK,MT103,SWIFT,1513.93,MYR,**************9295,MY,67
f7461813-b07f-8a06-1ee5-09064af97a88,2026-07-01T22:24:23.140,payment-hub,OK,MT103,SWIFT,1513.93,MYR,**************9295,MY,132
f7461813-b07f-8a06-1ee5-09064af97a88,2026-07-01T22:24:23.202,core-banking,OK,MT103,SWIFT,1513.93,MYR,**************9295,MY,166
f7461813-b07f-8a06-1ee5-09064af97a88,2026-07-01T22:24:23.457,settlement,SETTLED,MT103,SWIFT,1513.93,MYR,**************9295,MY,229
efd4feab-4e00-25b7-4b4c-2ba169379388,2026-07-12T10:06:43.693,gateway,OK,MT103,SWIFT,23.46,EUR,**************0652,IN,28
efd4feab-4e00-25b7-4b4c-2ba169379388,2026-07-12T10:06:43.755,auth,OK,MT103,SWIFT,23.46,EUR,**************0652,IN,88
efd4feab-4e00-25b7-4b4c-2ba169379388,2026-07-12T10:06:43.884,validation,OK,MT103,SWIFT,23.46,EUR,**************0652,IN,105
efd4feab-4e00-25b7-4b4c-2ba169379388,2026-07-12T10:06:43.972,aml,OK,MT103,SWIFT,23.46,EUR,**************0652,IN,118
efd4feab-4e00-25b7-4b4c-2ba169379388,2026-07-12T10:06:44.088,payment-hub,OK,MT103,SWIFT,23.46,EUR,**************0652,IN,119
efd4feab-4e00-25b7-4b4c-2ba169379388,2026-07-12T10:06:44.198,core-banking,OK,MT103,SWIFT,23.46,EUR,**************0652,IN,82
efd4feab-4e00-25b7-4b4c-2ba169379388,2026-07-12T10:06:44.351,settlement,SETTLED,MT103,SWIFT,23.46,EUR,**************0652,IN,313
a858b4cf-91f9-6f60-a934-44ce3f419a2c,2026-07-08T11:33:25.518,gateway,OK,0200,CARDS,1429.77,SGD,**************9913,SG,21
a858b4cf-91f9-6f60-a934-44ce3f419a2c,2026-07-08T11:33:25.672,auth,OK,0200,CARDS,1429.77,SGD,**************9913,SG,76
a858b4cf-91f9-6f60-a934-44ce3f419a2c,2026-07-08T11:33:25.767,validation,OK,0200,CARDS,1429.77,SGD,**************9913,SG,34
a858b4cf-91f9-6f60-a934-44ce3f419a2c,2026-07-08T11:33:25.883,aml,OK,0200,CARDS,1429.77,SGD,**************9913,SG,57
a858b4cf-91f9-6f60-a934-44ce3f419a2c,2026-07-08T11:33:25.936,payment-hub,OK,0200,CARDS,1429.77,SGD,**************9913,SG,47
a858b4cf-91f9-6f60-a934-44ce3f419a2c,2026-07-08T11:33:26.006,core-banking,OK,0200,CARDS,1429.77,SGD,**************9913,SG,108
a858b4cf-91f9-6f60-a934-44ce3f419a2c,2026-07-08T11:33:26.089,settlement,SETTLED,0200,CARDS,1429.77,SGD,**************9913,SG,286
cefad7df-511b-a1ea-bb54-aefc681def1f,2026-07-01T10:12:14.701,gateway,OK,pacs.008,FAST,1109.31,MYR,**************8739,MY,24
cefad7df-511b-a1ea-bb54-aefc681def1f,2026-07-01T10:12:14.796,auth,OK,pacs.008,FAST,1109.31,MYR,**************8739,MY,53
cefad7df-511b-a1ea-bb54-aefc681def1f,2026-07-01T10:12:14.844,validation,OK,pacs.008,FAST,1109.31,MYR,**************8739,MY,81
cefad7df-511b-a1ea-bb54-aefc681def1f,2026-07-01T10:12:14.926,aml,OK,pacs.008,FAST,1109.31,MYR,**************8739,MY,108
cefad7df-511b-a1ea-bb54-aefc681def1f,2026-07-01T10:12:14.971,payment-hub,OK,pacs.008,FAST,1109.31,MYR,**************8739,MY,119
cefad7df-511b-a1ea-bb54-aefc681def1f,2026-07-01T10:12:15.040,core-banking,OK,pacs.008,FAST,1109.31,MYR,**************8739,MY,85
cefad7df-511b-a1ea-bb54-aefc681def1f,2026-07-01T10:12:15.181,settlement,SETTLED,pacs.008,FAST,1109.31,MYR,**************8739,MY,369
59374e0f-8a42-2467-86c0-051ff6bc8c24,2026-07-02T10:55:03.609,gateway,OK,pacs.008,FAST,2447.87,USD,**************0272,HK,51
59374e0f-8a42-2467-86c0-051ff6bc8c24,2026-07-02T10:55:03.796,auth,OK,pacs.008,FAST,2447.87,USD,**************0272,HK,85
59374e0f-8a42-2467-86c0-051ff6bc8c24,2026-07-02T10:55:03.863,validation,OK,pacs.008,FAST,2447.87,USD,**************0272,HK,76
59374e0f-8a42-2467-86c0-051ff6bc8c24,2026-07-02T10:55:03.931,aml,OK,pacs.008,FAST,2447.87,USD,**************0272,HK,63
59374e0f-8a42-2467-86c0-051ff6bc8c24,2026-07-02T10:55:04.006,payment-hub,OK,pacs.008,FAST,2447.87,USD,**************0272,HK,138
59374e0f-8a42-2467-86c0-051ff6bc8c24,2026-07-02T10:55:04.155,core-banking,OK,pacs.008,FAST,2447.87,USD,**************0272,HK,107
59374e0f-8a42-2467-86c0-051ff6bc8c24,2026-07-02T10:55:04.286,settlement,SETTLED,pacs.008,FAST,2447.87,USD,**************0272,HK,235
ae442635-99eb-f6c9-8dc9-07d07225d3f6,2026-07-02T02:19:11.589,gateway,OK,MT103,SWIFT,239.29,MYR,**************2731,MY,25
ae442635-99eb-f6c9-8dc9-07d07225d3f6,2026-07-02T02:19:11.810,auth,OK,MT103,SWIFT,239.29,MYR,**************2731,MY,72
ae442635-99eb-f6c9-8dc9-07d07225d3f6,2026-07-02T02:19:41.844,validation,OK,MT103,SWIFT,239.29,MYR,**************2731,MY,75
ae442635-99eb-f6c9-8dc9-07d07225d3f6,2026-07-02T02:19:42.059,aml,OK,MT103,SWIFT,239.29,MYR,**************2731,MY,110
ae442635-99eb-f6c9-8dc9-07d07225d3f6,2026-07-02T02:19:42.130,payment-hub,OK,MT103,SWIFT,239.29,MYR,**************2731,MY,62
ae442635-99eb-f6c9-8dc9-07d07225d3f6,2026-07-02T02:19:42.188,core-banking,OK,MT103,SWIFT,239.29,MYR,**************2731,MY,198
ae442635-99eb-f6c9-8dc9-07d07225d3f6,2026-07-02T02:19:42.271,settlement,SETTLED,MT103,SWIFT,239.29,MYR,**************2731,MY,372
0fccc64f-cb13-98e4-cc5f-454beff5a3d8,2026-07-08T00:43:16.421,gateway,OK,0200,CARDS,935.96,USD,**************9807,US,33
0fccc64f-cb13-98e4-cc5f-454beff5a3d8,2026-07-08T00:43:16.465,auth,OK,0200,CARDS,935.96,USD,**************9807,US,46
0fccc64f-cb13-98e4-cc5f-454beff5a3d8,2026-07-08T00:43:16.737,validation,OK,0200,CARDS,935.96,USD,**************9807,US,69
0fccc64f-cb13-98e4-cc5f-454beff5a3d8,2026-07-08T00:43:16.854,aml,OK,0200,CARDS,935.96,USD,**************9807,US,170
0fccc64f-cb13-98e4-cc5f-454beff5a3d8,2026-07-08T00:43:16.889,payment-hub,OK,0200,CARDS,935.96,USD,**************9807,US,116
0fccc64f-cb13-98e4-cc5f-454beff5a3d8,2026-07-08T00:43:17.047,core-banking,OK,0200,CARDS,935.96,USD,**************9807,US,193
0fccc64f-cb13-98e4-cc5f-454beff5a3d8,2026-07-08T00:43:17.243,settlement,SETTLED,0200,CARDS,935.96,USD,**************9807,US,207
52d2b447-5549-9b95-37db-894b901fce55,2026-07-04T00:04:02.365,gateway,OK,pacs.008,FAST,2223.34,SGD,**************9395,SG,38
52d2b447-5549-9b95-37db-894b901fce55,2026-07-04T00:04:02.394,auth,OK,pacs.008,FAST,2223.34,SGD,**************9395,SG,32
52d2b447-5549-9b95-37db-894b901fce55,2026-07-04T00:04:02.473,validation,OK,pacs.008,FAST,2223.34,SGD,**************9395,SG,52
52d2b447-5549-9b95-37db-894b901fce55,2026-07-04T00:04:02.545,aml,OK,pacs.008,FAST,2223.34,SGD,**************9395,SG,261
52d2b447-5549-9b95-37db-894b901fce55,2026-07-04T00:04:02.707,payment-hub,OK,pacs.008,FAST,2223.34,SGD,**************9395,SG,73
52d2b447-5549-9b95-37db-894b901fce55,2026-07-04T00:04:02.805,core-banking,OK,pacs.008,FAST,2223.34,SGD,**************9395,SG,61
52d2b447-5549-9b95-37db-894b901fce55,2026-07-04T00:04:02.891,settlement,SETTLED,pacs.008,FAST,2223.34,SGD,**************9395,SG,80
366deae2-5d4f-95a2-7f8e-093e191ae5ae,2026-07-10T19:37:57.229,gateway,OK,pacs.008,FAST,379.9,SGD,**************7803,SG,34
366deae2-5d4f-95a2-7f8e-093e191ae5ae,2026-07-10T19:37:57.355,auth,OK,pacs.008,FAST,379.9,SGD,**************7803,SG,85
366deae2-5d4f-95a2-7f8e-093e191ae5ae,2026-07-10T19:37:57.630,validation,OK,pacs.008,FAST,379.9,SGD,**************7803,SG,61
366deae2-5d4f-95a2-7f8e-093e191ae5ae,2026-07-10T19:37:57.791,aml,OK,pacs.008,FAST,379.9,SGD,**************7803,SG,218
366deae2-5d4f-95a2-7f8e-093e191ae5ae,2026-07-10T19:37:57.845,payment-hub,OK,pacs.008,FAST,379.9,SGD,**************7803,SG,149
366deae2-5d4f-95a2-7f8e-093e191ae5ae,2026-07-10T19:37:57.900,core-banking,OK,pacs.008,FAST,379.9,SGD,**************7803,SG,102
366deae2-5d4f-95a2-7f8e-093e191ae5ae,2026-07-10T19:37:57.946,settlement,SETTLED,pacs.008,FAST,379.9,SGD,**************7803,SG,355
09029ef8-f728-6ecc-93e1-4350201f7eb5,2026-07-05T19:24:12.891,gateway,OK,MT103,SWIFT,1073.62,USD,**************6889,US,47
09029ef8-f728-6ecc-93e1-4350201f7eb5,2026-07-05T19:24:13.011,auth,OK,MT103,SWIFT,1073.62,USD,**************6889,US,37
09029ef8-f728-6ecc-93e1-4350201f7eb5,2026-07-05T19:24:13.078,validation,OK,MT103,SWIFT,1073.62,USD,**************6889,US,52
09029ef8-f728-6ecc-93e1-4350201f7eb5,2026-07-05T19:24:13.146,aml,OK,MT103,SWIFT,1073.62,USD,**************6889,US,161
09029ef8-f728-6ecc-93e1-4350201f7eb5,2026-07-05T19:24:13.213,payment-hub,OK,MT103,SWIFT,1073.62,USD,**************6889,US,71
09029ef8-f728-6ecc-93e1-4350201f7eb5,2026-07-05T19:24:13.292,core-banking,OK,MT103,SWIFT,1073.62,USD,**************6889,US,89
09029ef8-f728-6ecc-93e1-4350201f7eb5,2026-07-05T19:24:13.372,settlement,SETTLED,MT103,SWIFT,1073.62,USD,**************6889,US,366
3804a4b5-f853-49c0-218f-1bb4f95cd5e4,2026-07-09T08:34:38.382,gateway,OK,pacs.008,FAST,866.36,SGD,**************6227,SG,17
3804a4b5-f853-49c0-218f-1bb4f95cd5e4,2026-07-09T08:34:38.511,auth,OK,pacs.008,FAST,866.36,SGD,**************6227,SG,32
3804a4b5-f853-49c0-218f-1bb4f95cd5e4,2026-07-09T08:34:38.575,validation,REJECTED,pacs.008,FAST,866.36,SGD,**************6227,SG,49
cdb15862-ea5f-966d-26d2-2e7d24f5b689,2026-07-04T05:34:36.297,gateway,OK,pacs.008,FAST,223.49,USD,**************1307,US,20
cdb15862-ea5f-966d-26d2-2e7d24f5b689,2026-07-04T05:34:36.351,auth,OK,pacs.008,FAST,223.49,USD,**************1307,US,26
cdb15862-ea5f-966d-26d2-2e7d24f5b689,2026-07-04T05:34:36.439,validation,OK,pacs.008,FAST,223.49,USD,**************1307,US,89
cdb15862-ea5f-966d-26d2-2e7d24f5b689,2026-07-04T05:34:36.541,aml,OK,pacs.008,FAST,223.49,USD,**************1307,US,216
cdb15862-ea5f-966d-26d2-2e7d24f5b689,2026-07-04T05:34:36.782,payment-hub,OK,pacs.008,FAST,223.49,USD,**************1307,US,81
cdb15862-ea5f-966d-26d2-2e7d24f5b689,2026-07-04T05:34:36.878,core-banking,OK,pacs.008,FAST,223.49,USD,**************1307,US,56
cdb15862-ea5f-966d-26d2-2e7d24f5b689,2026-07-04T05:34:37.044,settlement,SETTLED,pacs.008,FAST,223.49,USD,**************1307,US,188
bb15c9dd-d727-a92a-447c-f3f0932137d0,2026-07-13T16:45:42.121,gateway,OK,pacs.008,FAST,1648.41,SGD,**************4039,SG,15
bb15c9dd-d727-a92a-447c-f3f0932137d0,2026-07-13T16:45:42.174,auth,OK,pacs.008,FAST,1648.41,SGD,**************4039,SG,29
bb15c9dd-d727-a92a-447c-f3f0932137d0,2026-07-13T16:45:42.293,validation,OK,pacs.008,FAST,1648.41,SGD,**************4039,SG,36
bb15c9dd-d727-a92a-447c-f3f0932137d0,2026-07-13T16:45:42.455,aml,OK,pacs.008,FAST,1648.41,SGD,**************4039,SG,115
bb15c9dd-d727-a92a-447c-f3f0932137d0,2026-07-13T16:45:42.578,payment-hub,OK,pacs.008,FAST,1648.41,SGD,**************4039,SG,111
bb15c9dd-d727-a92a-447c-f3f0932137d0,2026-07-13T16:45:42.633,core-banking,OK,pacs.008,FAST,1648.41,SGD,**************4039,SG,229
bb15c9dd-d727-a92a-447c-f3f0932137d0,2026-07-13T16:45:42.762,settlement,SETTLED,pacs.008,FAST,1648.41,SGD,**************4039,SG,371
89d742bd-c841-dd80-fb01-20f69325fe20,2026-07-07T08:45:35.961,gateway,OK,MT103,SWIFT,784.18,MYR,**************6130,MY,43
89d742bd-c841-dd80-fb01-20f69325fe20,2026-07-07T08:45:36.063,auth,OK,MT103,SWIFT,784.18,MYR,**************6130,MY,84
89d742bd-c841-dd80-fb01-20f69325fe20,2026-07-07T08:45:36.208,validation,OK,MT103,SWIFT,784.18,MYR,**************6130,MY,95
89d742bd-c841-dd80-fb01-20f69325fe20,2026-07-07T08:45:36.340,aml,TIMEOUT,MT103,SWIFT,784.18,MYR,**************6130,MY,30000
89d742bd-c841-dd80-fb01-20f69325fe20,2026-07-07T08:45:36.415,payment-hub,FAILED,MT103,SWIFT,784.18,MYR,**************6130,MY,139
5285d5ca-5ced-aca0-b976-082edfdf3795,2026-07-08T17:18:07.696,gateway,OK,pacs.008,FAST,5077.37,SGD,**************2233,SG,54
5285d5ca-5ced-aca0-b976-082edfdf3795,2026-07-08T17:18:07.794,auth,OK,pacs.008,FAST,5077.37,SGD,**************2233,SG,32
5285d5ca-5ced-aca0-b976-082edfdf3795,2026-07-08T17:18:07.904,validation,OK,pacs.008,FAST,5077.37,SGD,**************2233,SG,81
5285d5ca-5ced-aca0-b976-082edfdf3795,2026-07-08T17:18:07.970,aml,TIMEOUT,pacs.008,FAST,5077.37,SGD,**************2233,SG,30000
5285d5ca-5ced-aca0-b976-082edfdf3795,2026-07-08T17:18:08.037,payment-hub,FAILED,pacs.008,FAST,5077.37,SGD,**************2233,SG,42
7b7a2e5b-fbbd-c0ad-9c15-2ea65f0cfeaf,2026-07-04T09:47:12.344,gateway,OK,MT103,SWIFT,677.13,USD,**************6841,IN,37
7b7a2e5b-fbbd-c0ad-9c15-2ea65f0cfeaf,2026-07-04T09:47:12.411,auth,OK,MT103,SWIFT,677.13,USD,**************6841,IN,29
7b7a2e5b-fbbd-c0ad-9c15-2ea65f0cfeaf,2026-07-04T09:47:12.486,validation,OK,MT103,SWIFT,677.13,USD,**************6841,IN,38
7b7a2e5b-fbbd-c0ad-9c15-2ea65f0cfeaf,2026-07-04T09:47:12.559,aml,OK,MT103,SWIFT,677.13,USD,**************6841,IN,293
7b7a2e5b-fbbd-c0ad-9c15-2ea65f0cfeaf,2026-07-04T09:47:12.768,payment-hub,OK,MT103,SWIFT,677.13,USD,**************6841,IN,48
7b7a2e5b-fbbd-c0ad-9c15-2ea65f0cfeaf,2026-07-04T09:47:12.884,core-banking,OK,MT103,SWIFT,677.13,USD,**************6841,IN,230
7b7a2e5b-fbbd-c0ad-9c15-2ea65f0cfeaf,2026-07-04T09:47:12.978,settlement,SETTLED,MT103,SWIFT,677.13,USD,**************6841,IN,230
dcf3f273-711e-6ba3-cad2-3bc712930e5e,2026-07-01T10:33:25.006,gateway,OK,pacs.008,FAST,247.16,SGD,**************8631,SG,23
dcf3f273-711e-6ba3-cad2-3bc712930e5e,2026-07-01T10:33:25.112,auth,OK,pacs.008,FAST,247.16,SGD,**************8631,SG,61
dcf3f273-711e-6ba3-cad2-3bc712930e5e,2026-07-01T10:33:25.220,validation,OK,pacs.008,FAST,247.16,SGD,**************8631,SG,87
dcf3f273-711e-6ba3-cad2-3bc712930e5e,2026-07-01T10:33:25.333,aml,OK,pacs.008,FAST,247.16,SGD,**************8631,SG,218
dcf3f273-711e-6ba3-cad2-3bc712930e5e,2026-07-01T10:33:25.615,payment-hub,OK,pacs.008,FAST,247.16,SGD,**************8631,SG,106
dcf3f273-711e-6ba3-cad2-3bc712930e5e,2026-07-01T10:33:25.902,core-banking,OK,pacs.008,FAST,247.16,SGD,**************8631,SG,141
dcf3f273-711e-6ba3-cad2-3bc712930e5e,2026-07-01T10:33:26.001,settlement,SETTLED,pacs.008,FAST,247.16,SGD,**************8631,SG,260
efc1fc45-8b2b-6bc7-c91d-913709cdc509,2026-07-13T18:47:32.120,gateway,OK,MT103,SWIFT,411.39,EUR,**************3898,US,52
efc1fc45-8b2b-6bc7-c91d-913709cdc509,2026-07-13T18:47:32.290,auth,OK,MT103,SWIFT,411.39,EUR,**************3898,US,52
efc1fc45-8b2b-6bc7-c91d-913709cdc509,2026-07-13T18:47:32.421,validation,OK,MT103,SWIFT,411.39,EUR,**************3898,US,48
efc1fc45-8b2b-6bc7-c91d-913709cdc509,2026-07-13T18:47:32.539,aml,TIMEOUT,MT103,SWIFT,411.39,EUR,**************3898,US,30000
efc1fc45-8b2b-6bc7-c91d-913709cdc509,2026-07-13T18:47:32.669,payment-hub,FAILED,MT103,SWIFT,411.39,EUR,**************3898,US,127
bb929430-ce5a-9c7b-b37e-ce723ae568e0,2026-07-10T07:33:25.724,gateway,OK,pacs.008,FAST,1278.47,USD,**************0048,HK,40
bb929430-ce5a-9c7b-b37e-ce723ae568e0,2026-07-10T07:33:25.987,auth,OK,pacs.008,FAST,1278.47,USD,**************0048,HK,64
bb929430-ce5a-9c7b-b37e-ce723ae568e0,2026-07-10T07:33:26.053,validation,OK,pacs.008,FAST,1278.47,USD,**************0048,HK,83
bb929430-ce5a-9c7b-b37e-ce723ae568e0,2026-07-10T07:33:26.286,aml,OK,pacs.008,FAST,1278.47,USD,**************0048,HK,163
bb929430-ce5a-9c7b-b37e-ce723ae568e0,2026-07-10T07:33:26.592,payment-hub,OK,pacs.008,FAST,1278.47,USD,**************0048,HK,30
bb929430-ce5a-9c7b-b37e-ce723ae568e0,2026-07-10T07:33:26.661,core-banking,OK,pacs.008,FAST,1278.47,USD,**************0048,HK,214
bb929430-ce5a-9c7b-b37e-ce723ae568e0,2026-07-10T07:33:26.769,settlement,SETTLED,pacs.008,FAST,1278.47,USD,**************0048,HK,153
2b802240-a239-d912-08a6-baaae671ca3f,2026-07-12T16:09:33.868,gateway,OK,0200,CARDS,429.91,MYR,**************9631,SG,45
2b802240-a239-d912-08a6-baaae671ca3f,2026-07-12T16:09:33.929,auth,OK,0200,CARDS,429.91,MYR,**************9631,SG,86
2b802240-a239-d912-08a6-baaae671ca3f,2026-07-12T16:09:33.981,validation,OK,0200,CARDS,429.91,MYR,**************9631,SG,42
2b802240-a239-d912-08a6-baaae671ca3f,2026-07-12T16:09:34.094,aml,OK,0200,CARDS,429.91,MYR,**************9631,SG,268
2b802240-a239-d912-08a6-baaae671ca3f,2026-07-12T16:09:34.163,payment-hub,OK,0200,CARDS,429.91,MYR,**************9631,SG,41
2b802240-a239-d912-08a6-baaae671ca3f,2026-07-12T16:09:34.227,core-banking,OK,0200,CARDS,429.91,MYR,**************9631,SG,159
2b802240-a239-d912-08a6-baaae671ca3f,2026-07-12T16:09:34.404,settlement,SETTLED,0200,CARDS,429.91,MYR,**************9631,SG,146
eb2a8aff-8c3a-7590-7dae-6b3b930a604f,2026-07-06T18:14:41.075,gateway,OK,pacs.008,FAST,411.62,MYR,**************6145,MY,16
eb2a8aff-8c3a-7590-7dae-6b3b930a604f,2026-07-06T18:14:41.213,auth,OK,pacs.008,FAST,411.62,MYR,**************6145,MY,40
eb2a8aff-8c3a-7590-7dae-6b3b930a604f,2026-07-06T18:14:41.436,validation,OK,pacs.008,FAST,411.62,MYR,**************6145,MY,52
eb2a8aff-8c3a-7590-7dae-6b3b930a604f,2026-07-06T18:14:41.586,aml,OK,pacs.008,FAST,411.62,MYR,**************6145,MY,228
eb2a8aff-8c3a-7590-7dae-6b3b930a604f,2026-07-06T18:15:11.614,payment-hub,OK,pacs.008,FAST,411.62,MYR,**************6145,MY,30
eb2a8aff-8c3a-7590-7dae-6b3b930a604f,2026-07-06T18:15:11.721,core-banking,OK,pacs.008,FAST,411.62,MYR,**************6145,MY,189
eb2a8aff-8c3a-7590-7dae-6b3b930a604f,2026-07-06T18:15:11.860,settlement,SETTLED,pacs.008,FAST,411.62,MYR,**************6145,MY,124
269e055f-6c04-ad8b-2d1b-06f714a4fd77,2026-07-13T00:59:20.440,gateway,OK,pacs.008,FAST,1733.99,USD,**************9074,US,43
269e055f-6c04-ad8b-2d1b-06f714a4fd77,2026-07-13T00:59:20.567,auth,OK,pacs.008,FAST,1733.99,USD,**************9074,US,89
269e055f-6c04-ad8b-2d1b-06f714a4fd77,2026-07-13T00:59:20.623,validation,OK,pacs.008,FAST,1733.99,USD,**************9074,US,115
269e055f-6c04-ad8b-2d1b-06f714a4fd77,2026-07-13T00:59:20.699,aml,OK,pacs.008,FAST,1733.99,USD,**************9074,US,46
269e055f-6c04-ad8b-2d1b-06f714a4fd77,2026-07-13T00:59:20.769,payment-hub,OK,pacs.008,FAST,1733.99,USD,**************9074,US,64
269e055f-6c04-ad8b-2d1b-06f714a4fd77,2026-07-13T00:59:20.933,core-banking,OK,pacs.008,FAST,1733.99,USD,**************9074,US,249
269e055f-6c04-ad8b-2d1b-06f714a4fd77,2026-07-13T00:59:21.044,settlement,SETTLED,pacs.008,FAST,1733.99,USD,**************9074,US,296
877e97f7-eb40-b136-9fdd-addf11d09cd5,2026-07-04T13:00:32.017,gateway,OK,pacs.008,FAST,1002.72,INR,**************0119,IN,31
877e97f7-eb40-b136-9fdd-addf11d09cd5,2026-07-04T13:00:32.080,auth,OK,pacs.008,FAST,1002.72,INR,**************0119,IN,23
877e97f7-eb40-b136-9fdd-addf11d09cd5,2026-07-04T13:00:32.137,validation,OK,pacs.008,FAST,1002.72,INR,**************0119,IN,101
877e97f7-eb40-b136-9fdd-addf11d09cd5,2026-07-04T13:00:32.276,aml,OK,pacs.008,FAST,1002.72,INR,**************0119,IN,227
877e97f7-eb40-b136-9fdd-addf11d09cd5,2026-07-04T13:00:32.393,payment-hub,OK,pacs.008,FAST,1002.72,INR,**************0119,IN,138
877e97f7-eb40-b136-9fdd-addf11d09cd5,2026-07-04T13:00:32.575,core-banking,OK,pacs.008,FAST,1002.72,INR,**************0119,IN,100
877e97f7-eb40-b136-9fdd-addf11d09cd5,2026-07-04T13:00:32.809,settlement,SETTLED,pacs.008,FAST,1002.72,INR,**************0119,IN,198
8db0cce3-ba09-b4e5-a08f-24bb99dae2ed,2026-07-14T16:01:35.687,gateway,OK,pacs.008,FAST,588.8,MYR,**************7633,MY,43
8db0cce3-ba09-b4e5-a08f-24bb99dae2ed,2026-07-14T16:01:35.889,auth,OK,pacs.008,FAST,588.8,MYR,**************7633,MY,20
8db0cce3-ba09-b4e5-a08f-24bb99dae2ed,2026-07-14T16:01:35.930,validation,OK,pacs.008,FAST,588.8,MYR,**************7633,MY,79
8db0cce3-ba09-b4e5-a08f-24bb99dae2ed,2026-07-14T16:01:35.995,aml,OK,pacs.008,FAST,588.8,MYR,**************7633,MY,214
8db0cce3-ba09-b4e5-a08f-24bb99dae2ed,2026-07-14T16:01:36.095,payment-hub,OK,pacs.008,FAST,588.8,MYR,**************7633,MY,143
8db0cce3-ba09-b4e5-a08f-24bb99dae2ed,2026-07-14T16:01:36.196,core-banking,OK,pacs.008,FAST,588.8,MYR,**************7633,MY,116
8db0cce3-ba09-b4e5-a08f-24bb99dae2ed,2026-07-14T16:01:36.291,settlement,SETTLED,pacs.008,FAST,588.8,MYR,**************7633,MY,258
3fef48bb-d5ab-8893-bc9a-4fc17ce12472,2026-07-07T05:41:33.807,gateway,OK,pacs.008,FAST,308.86,SGD,**************0498,SG,54
3fef48bb-d5ab-8893-bc9a-4fc17ce12472,2026-07-07T05:41:33.858,auth,OK,pacs.008,FAST,308.86,SGD,**************0498,SG,54
3fef48bb-d5ab-8893-bc9a-4fc17ce12472,2026-07-07T05:41:33.925,validation,OK,pacs.008,FAST,308.86,SGD,**************0498,SG,29
3fef48bb-d5ab-8893-bc9a-4fc17ce12472,2026-07-07T05:41:34.058,aml,OK,pacs.008,FAST,308.86,SGD,**************0498,SG,216
3fef48bb-d5ab-8893-bc9a-4fc17ce12472,2026-07-07T05:41:34.098,payment-hub,OK,pacs.008,FAST,308.86,SGD,**************0498,SG,32
3fef48bb-d5ab-8893-bc9a-4fc17ce12472,2026-07-07T05:41:34.242,core-banking,OK,pacs.008,FAST,308.86,SGD,**************0498,SG,192
3fef48bb-d5ab-8893-bc9a-4fc17ce12472,2026-07-07T05:41:34.452,settlement,SETTLED,pacs.008,FAST,308.86,SGD,**************0498,SG,332
ed0a9954-87e4-dad3-bf33-2d898d52d3cc,2026-07-10T10:58:15.140,gateway,OK,pacs.008,FAST,1816.35,MYR,**************5130,MY,53
ed0a9954-87e4-dad3-bf33-2d898d52d3cc,2026-07-10T10:58:15.232,auth,OK,pacs.008,FAST,1816.35,MYR,**************5130,MY,87
ed0a9954-87e4-dad3-bf33-2d898d52d3cc,2026-07-10T10:58:15.479,validation,OK,pacs.008,FAST,1816.35,MYR,**************5130,MY,44
ed0a9954-87e4-dad3-bf33-2d898d52d3cc,2026-07-10T10:58:15.548,aml,OK,pacs.008,FAST,1816.35,MYR,**************5130,MY,47
ed0a9954-87e4-dad3-bf33-2d898d52d3cc,2026-07-10T10:58:15.640,payment-hub,OK,pacs.008,FAST,1816.35,MYR,**************5130,MY,137
ed0a9954-87e4-dad3-bf33-2d898d52d3cc,2026-07-10T10:58:15.740,core-banking,OK,pacs.008,FAST,1816.35,MYR,**************5130,MY,68
ed0a9954-87e4-dad3-bf33-2d898d52d3cc,2026-07-10T10:58:15.815,settlement,SETTLED,pacs.008,FAST,1816.35,MYR,**************5130,MY,133
d18c405e-6a63-f855-d6f2-30141a528810,2026-07-02T19:55:54.121,gateway,OK,pacs.008,FAST,1061.61,SGD,**************8563,SG,43
d18c405e-6a63-f855-d6f2-30141a528810,2026-07-02T19:55:54.271,auth,OK,pacs.008,FAST,1061.61,SGD,**************8563,SG,73
d18c405e-6a63-f855-d6f2-30141a528810,2026-07-02T19:56:24.292,validation,OK,pacs.008,FAST,1061.61,SGD,**************8563,SG,56
d18c405e-6a63-f855-d6f2-30141a528810,2026-07-02T19:56:24.326,aml,OK,pacs.008,FAST,1061.61,SGD,**************8563,SG,179
d18c405e-6a63-f855-d6f2-30141a528810,2026-07-02T19:56:24.493,payment-hub,OK,pacs.008,FAST,1061.61,SGD,**************8563,SG,84
d18c405e-6a63-f855-d6f2-30141a528810,2026-07-02T19:56:24.642,core-banking,OK,pacs.008,FAST,1061.61,SGD,**************8563,SG,206
d18c405e-6a63-f855-d6f2-30141a528810,2026-07-02T19:56:24.859,settlement,SETTLED,pacs.008,FAST,1061.61,SGD,**************8563,SG,336
920801a0-e18e-b8f8-e943-6070c424de24,2026-07-01T19:48:52.375,gateway,OK,MT103,SWIFT,514.32,SGD,**************7197,SG,52
920801a0-e18e-b8f8-e943-6070c424de24,2026-07-01T19:48:52.509,auth,OK,MT103,SWIFT,514.32,SGD,**************7197,SG,59
920801a0-e18e-b8f8-e943-6070c424de24,2026-07-01T19:48:52.651,validation,OK,MT103,SWIFT,514.32,SGD,**************7197,SG,47
920801a0-e18e-b8f8-e943-6070c424de24,2026-07-01T19:48:52.787,aml,OK,MT103,SWIFT,514.32,SGD,**************7197,SG,249
920801a0-e18e-b8f8-e943-6070c424de24,2026-07-01T19:48:52.879,payment-hub,OK,MT103,SWIFT,514.32,SGD,**************7197,SG,116
920801a0-e18e-b8f8-e943-6070c424de24,2026-07-01T19:48:52.923,core-banking,OK,MT103,SWIFT,514.32,SGD,**************7197,SG,103
920801a0-e18e-b8f8-e943-6070c424de24,2026-07-01T19:48:53.014,settlement,SETTLED,MT103,SWIFT,514.32,SGD,**************7197,SG,77
383b250c-0c88-e7a2-f393-77db939a7068,2026-07-01T16:24:24.748,gateway,OK,MT103,SWIFT,169.65,GBP,**************2666,GB,41
383b250c-0c88-e7a2-f393-77db939a7068,2026-07-01T16:24:25.033,auth,OK,MT103,SWIFT,169.65,GBP,**************2666,GB,48
383b250c-0c88-e7a2-f393-77db939a7068,2026-07-01T16:24:25.103,validation,OK,MT103,SWIFT,169.65,GBP,**************2666,GB,54
383b250c-0c88-e7a2-f393-77db939a7068,2026-07-01T16:24:25.173,aml,OK,MT103,SWIFT,169.65,GBP,**************2666,GB,155
383b250c-0c88-e7a2-f393-77db939a7068,2026-07-01T16:24:25.412,payment-hub,OK,MT103,SWIFT,169.65,GBP,**************2666,GB,119
383b250c-0c88-e7a2-f393-77db939a7068,2026-07-01T16:24:25.557,core-banking,OK,MT103,SWIFT,169.65,GBP,**************2666,GB,223
383b250c-0c88-e7a2-f393-77db939a7068,2026-07-01T16:24:25.678,settlement,SETTLED,MT103,SWIFT,169.65,GBP,**************2666,GB,277
0649360c-11ac-f11c-c727-6523f54561f0,2026-07-02T10:40:39.430,gateway,OK,0200,CARDS,4802.02,SGD,**************7785,SG,16
0649360c-11ac-f11c-c727-6523f54561f0,2026-07-02T10:40:39.579,auth,OK,0200,CARDS,4802.02,SGD,**************7785,SG,55
0649360c-11ac-f11c-c727-6523f54561f0,2026-07-02T10:40:39.626,validation,OK,0200,CARDS,4802.02,SGD,**************7785,SG,79
0649360c-11ac-f11c-c727-6523f54561f0,2026-07-02T10:40:39.696,aml,OK,0200,CARDS,4802.02,SGD,**************7785,SG,57
0649360c-11ac-f11c-c727-6523f54561f0,2026-07-02T10:40:39.759,payment-hub,OK,0200,CARDS,4802.02,SGD,**************7785,SG,115
0649360c-11ac-f11c-c727-6523f54561f0,2026-07-02T10:40:39.797,core-banking,OK,0200,CARDS,4802.02,SGD,**************7785,SG,194
0649360c-11ac-f11c-c727-6523f54561f0,2026-07-02T10:40:39.970,settlement,SETTLED,0200,CARDS,4802.02,SGD,**************7785,SG,386
bd985872-3e74-32b5-9979-dc4dcd49a8fa,2026-07-06T07:17:51.254,gateway,OK,pacs.008,FAST,306.55,INR,**************7748,IN,58
bd985872-3e74-32b5-9979-dc4dcd49a8fa,2026-07-06T07:17:51.277,auth,OK,pacs.008,FAST,306.55,INR,**************7748,IN,65
bd985872-3e74-32b5-9979-dc4dcd49a8fa,2026-07-06T07:17:51.454,validation,OK,pacs.008,FAST,306.55,INR,**************7748,IN,46
bd985872-3e74-32b5-9979-dc4dcd49a8fa,2026-07-06T07:17:51.493,aml,OK,pacs.008,FAST,306.55,INR,**************7748,IN,108
bd985872-3e74-32b5-9979-dc4dcd49a8fa,2026-07-06T07:17:51.530,payment-hub,OK,pacs.008,FAST,306.55,INR,**************7748,IN,103
bd985872-3e74-32b5-9979-dc4dcd49a8fa,2026-07-06T07:17:51.616,core-banking,OK,pacs.008,FAST,306.55,INR,**************7748,IN,214
bd985872-3e74-32b5-9979-dc4dcd49a8fa,2026-07-06T07:17:51.770,settlement,SETTLED,pacs.008,FAST,306.55,INR,**************7748,IN,257
f719ab7a-8bfa-74b4-4bbc-be4bde47cec9,2026-07-02T07:21:04.858,gateway,OK,pacs.008,FAST,762.76,SGD,**************0812,SG,25
f719ab7a-8bfa-74b4-4bbc-be4bde47cec9,2026-07-02T07:21:05.080,auth,OK,pacs.008,FAST,762.76,SGD,**************0812,SG,85
f719ab7a-8bfa-74b4-4bbc-be4bde47cec9,2026-07-02T07:21:05.229,validation,OK,pacs.008,FAST,762.76,SGD,**************0812,SG,104
f719ab7a-8bfa-74b4-4bbc-be4bde47cec9,2026-07-02T07:21:05.339,aml,OK,pacs.008,FAST,762.76,SGD,**************0812,SG,228
f719ab7a-8bfa-74b4-4bbc-be4bde47cec9,2026-07-02T07:21:05.408,payment-hub,OK,pacs.008,FAST,762.76,SGD,**************0812,SG,146
f719ab7a-8bfa-74b4-4bbc-be4bde47cec9,2026-07-02T07:21:05.468,core-banking,OK,pacs.008,FAST,762.76,SGD,**************0812,SG,102
f719ab7a-8bfa-74b4-4bbc-be4bde47cec9,2026-07-02T07:21:05.631,settlement,SETTLED,pacs.008,FAST,762.76,SGD,**************0812,SG,395
0f13b84c-ecb7-8a1d-aa14-c2afb96c6cf3,2026-07-12T13:35:22.473,gateway,OK,pacs.008,FAST,265.53,SGD,**************3535,SG,16
0f13b84c-ecb7-8a1d-aa14-c2afb96c6cf3,2026-07-12T13:35:22.607,auth,OK,pacs.008,FAST,265.53,SGD,**************3535,SG,36
0f13b84c-ecb7-8a1d-aa14-c2afb96c6cf3,2026-07-12T13:35:22.699,validation,OK,pacs.008,FAST,265.53,SGD,**************3535,SG,119
0f13b84c-ecb7-8a1d-aa14-c2afb96c6cf3,2026-07-12T13:35:22.762,aml,OK,pacs.008,FAST,265.53,SGD,**************3535,SG,282
0f13b84c-ecb7-8a1d-aa14-c2afb96c6cf3,2026-07-12T13:35:22.833,payment-hub,OK,pacs.008,FAST,265.53,SGD,**************3535,SG,103
0f13b84c-ecb7-8a1d-aa14-c2afb96c6cf3,2026-07-12T13:35:22.890,core-banking,OK,pacs.008,FAST,265.53,SGD,**************3535,SG,143
0f13b84c-ecb7-8a1d-aa14-c2afb96c6cf3,2026-07-12T13:35:22.993,settlement,SETTLED,pacs.008,FAST,265.53,SGD,**************3535,SG,167
88f20103-dd7a-8b04-4cf9-97cd7e691aa6,2026-07-10T00:06:05.160,gateway,OK,MT103,SWIFT,956.09,SGD,**************3517,SG,45
88f20103-dd7a-8b04-4cf9-97cd7e691aa6,2026-07-10T00:06:05.350,auth,OK,MT103,SWIFT,956.09,SGD,**************3517,SG,26
88f20103-dd7a-8b04-4cf9-97cd7e691aa6,2026-07-10T00:06:05.454,validation,OK,MT103,SWIFT,956.09,SGD,**************3517,SG,108
88f20103-dd7a-8b04-4cf9-97cd7e691aa6,2026-07-10T00:06:05.562,aml,OK,MT103,SWIFT,956.09,SGD,**************3517,SG,135
88f20103-dd7a-8b04-4cf9-97cd7e691aa6,2026-07-10T00:06:05.797,payment-hub,OK,MT103,SWIFT,956.09,SGD,**************3517,SG,67
88f20103-dd7a-8b04-4cf9-97cd7e691aa6,2026-07-10T00:06:05.913,core-banking,OK,MT103,SWIFT,956.09,SGD,**************3517,SG,119
88f20103-dd7a-8b04-4cf9-97cd7e691aa6,2026-07-10T00:06:05.999,settlement,SETTLED,MT103,SWIFT,956.09,SGD,**************3517,SG,292
8fa38c5d-9de1-654b-559b-723776a4dcd5,2026-07-07T13:08:56.601,gateway,OK,pacs.008,FAST,230.3,INR,**************4732,IN,52
8fa38c5d-9de1-654b-559b-723776a4dcd5,2026-07-07T13:08:56.694,auth,OK,pacs.008,FAST,230.3,INR,**************4732,IN,48
8fa38c5d-9de1-654b-559b-723776a4dcd5,2026-07-07T13:08:56.955,validation,OK,pacs.008,FAST,230.3,INR,**************4732,IN,26
8fa38c5d-9de1-654b-559b-723776a4dcd5,2026-07-07T13:08:57.091,aml,OK,pacs.008,FAST,230.3,INR,**************4732,IN,263
8fa38c5d-9de1-654b-559b-723776a4dcd5,2026-07-07T13:08:57.157,payment-hub,OK,pacs.008,FAST,230.3,INR,**************4732,IN,148
8fa38c5d-9de1-654b-559b-723776a4dcd5,2026-07-07T13:08:57.239,core-banking,OK,pacs.008,FAST,230.3,INR,**************4732,IN,173
8fa38c5d-9de1-654b-559b-723776a4dcd5,2026-07-07T13:08:57.509,settlement,SETTLED,pacs.008,FAST,230.3,INR,**************4732,IN,278
10b6b3f4-05f5-5cfe-eb67-ec003b1143b5,2026-07-03T10:40:06.368,gateway,OK,MT103,SWIFT,2975.82,SGD,**************3990,SG,53
10b6b3f4-05f5-5cfe-eb67-ec003b1143b5,2026-07-03T10:40:06.424,auth,OK,MT103,SWIFT,2975.82,SGD,**************3990,SG,30
10b6b3f4-05f5-5cfe-eb67-ec003b1143b5,2026-07-03T10:40:06.547,validation,OK,MT103,SWIFT,2975.82,SGD,**************3990,SG,61
10b6b3f4-05f5-5cfe-eb67-ec003b1143b5,2026-07-03T10:40:06.744,aml,OK,MT103,SWIFT,2975.82,SGD,**************3990,SG,134
10b6b3f4-05f5-5cfe-eb67-ec003b1143b5,2026-07-03T10:40:06.857,payment-hub,OK,MT103,SWIFT,2975.82,SGD,**************3990,SG,120
10b6b3f4-05f5-5cfe-eb67-ec003b1143b5,2026-07-03T10:40:06.911,core-banking,OK,MT103,SWIFT,2975.82,SGD,**************3990,SG,179
10b6b3f4-05f5-5cfe-eb67-ec003b1143b5,2026-07-03T10:40:07.004,settlement,SETTLED,MT103,SWIFT,2975.82,SGD,**************3990,SG,324
65412b68-132e-6511-5e49-bc725b935341,2026-07-13T05:13:27.246,gateway,OK,MT103,SWIFT,2712.18,INR,**************6523,IN,38
65412b68-132e-6511-5e49-bc725b935341,2026-07-13T05:13:27.290,auth,OK,MT103,SWIFT,2712.18,INR,**************6523,IN,34
65412b68-132e-6511-5e49-bc725b935341,2026-07-13T05:13:27.354,validation,OK,MT103,SWIFT,2712.18,INR,**************6523,IN,93
65412b68-132e-6511-5e49-bc725b935341,2026-07-13T05:13:27.410,aml,OK,MT103,SWIFT,2712.18,INR,**************6523,IN,152
65412b68-132e-6511-5e49-bc725b935341,2026-07-13T05:13:27.436,payment-hub,OK,MT103,SWIFT,2712.18,INR,**************6523,IN,43
65412b68-132e-6511-5e49-bc725b935341,2026-07-13T05:13:27.485,core-banking,OK,MT103,SWIFT,2712.18,INR,**************6523,IN,249
65412b68-132e-6511-5e49-bc725b935341,2026-07-13T05:13:27.702,settlement,SETTLED,MT103,SWIFT,2712.18,INR,**************6523,IN,316
fd28346c-5a05-cf3f-93cf-99bc704c3902,2026-07-14T00:24:30.871,gateway,OK,pacs.008,FAST,886.01,SGD,**************8613,MY,45
fd28346c-5a05-cf3f-93cf-99bc704c3902,2026-07-14T00:24:30.953,auth,OK,pacs.008,FAST,886.01,SGD,**************8613,MY,65
fd28346c-5a05-cf3f-93cf-99bc704c3902,2026-07-14T00:24:31.107,validation,OK,pacs.008,FAST,886.01,SGD,**************8613,MY,87
fd28346c-5a05-cf3f-93cf-99bc704c3902,2026-07-14T00:24:31.174,aml,OK,pacs.008,FAST,886.01,SGD,**************8613,MY,193
fd28346c-5a05-cf3f-93cf-99bc704c3902,2026-07-14T00:24:31.274,payment-hub,OK,pacs.008,FAST,886.01,SGD,**************8613,MY,126
fd28346c-5a05-cf3f-93cf-99bc704c3902,2026-07-14T00:24:31.465,core-banking,OK,pacs.008,FAST,886.01,SGD,**************8613,MY,95
fd28346c-5a05-cf3f-93cf-99bc704c3902,2026-07-14T00:24:31.630,settlement,SETTLED,pacs.008,FAST,886.01,SGD,**************8613,MY,316
d320a007-c3de-3f43-e75e-13f3452f9c27,2026-07-11T00:57:10.973,gateway,OK,0200,CARDS,215.54,INR,**************8892,IN,53
d320a007-c3de-3f43-e75e-13f3452f9c27,2026-07-11T00:57:11.045,auth,OK,0200,CARDS,215.54,INR,**************8892,IN,47
d320a007-c3de-3f43-e75e-13f3452f9c27,2026-07-11T00:57:11.210,validation,OK,0200,CARDS,215.54,INR,**************8892,IN,87
d320a007-c3de-3f43-e75e-13f3452f9c27,2026-07-11T00:57:11.308,aml,OK,0200,CARDS,215.54,INR,**************8892,IN,83
d320a007-c3de-3f43-e75e-13f3452f9c27,2026-07-11T00:57:11.498,payment-hub,OK,0200,CARDS,215.54,INR,**************8892,IN,149
d320a007-c3de-3f43-e75e-13f3452f9c27,2026-07-11T00:57:11.559,core-banking,OK,0200,CARDS,215.54,INR,**************8892,IN,84
d320a007-c3de-3f43-e75e-13f3452f9c27,2026-07-11T00:57:11.613,settlement,SETTLED,0200,CARDS,215.54,INR,**************8892,IN,154
6c12dabf-d714-d273-512d-d2ee143313a9,2026-07-12T01:55:05.484,gateway,OK,MT103,SWIFT,1313.95,MYR,**************4181,MY,41
6c12dabf-d714-d273-512d-d2ee143313a9,2026-07-12T01:55:05.746,auth,OK,MT103,SWIFT,1313.95,MYR,**************4181,MY,50
6c12dabf-d714-d273-512d-d2ee143313a9,2026-07-12T01:55:05.872,validation,OK,MT103,SWIFT,1313.95,MYR,**************4181,MY,103
6c12dabf-d714-d273-512d-d2ee143313a9,2026-07-12T01:55:06.116,aml,OK,MT103,SWIFT,1313.95,MYR,**************4181,MY,100
6c12dabf-d714-d273-512d-d2ee143313a9,2026-07-12T01:55:06.181,payment-hub,OK,MT103,SWIFT,1313.95,MYR,**************4181,MY,86
6c12dabf-d714-d273-512d-d2ee143313a9,2026-07-12T01:55:06.239,core-banking,OK,MT103,SWIFT,1313.95,MYR,**************4181,MY,122
6c12dabf-d714-d273-512d-d2ee143313a9,2026-07-12T01:55:06.429,settlement,SETTLED,MT103,SWIFT,1313.95,MYR,**************4181,MY,186
abdeae17-d90c-0f95-7c19-e4243462196e,2026-07-04T05:27:32.208,gateway,OK,pacs.008,FAST,1633.07,SGD,**************6028,SG,35
abdeae17-d90c-0f95-7c19-e4243462196e,2026-07-04T05:27:32.312,auth,OK,pacs.008,FAST,1633.07,SGD,**************6028,SG,39
abdeae17-d90c-0f95-7c19-e4243462196e,2026-07-04T05:27:32.403,validation,OK,pacs.008,FAST,1633.07,SGD,**************6028,SG,57
abdeae17-d90c-0f95-7c19-e4243462196e,2026-07-04T05:27:32.529,aml,TIMEOUT,pacs.008,FAST,1633.07,SGD,**************6028,SG,30000
abdeae17-d90c-0f95-7c19-e4243462196e,2026-07-04T05:27:32.593,payment-hub,FAILED,pacs.008,FAST,1633.07,SGD,**************6028,SG,120
591caf0d-6f59-56fc-71e6-fab0008cd978,2026-07-03T13:37:27.511,gateway,OK,pacs.008,FAST,1977.26,INR,**************2105,IN,17
591caf0d-6f59-56fc-71e6-fab0008cd978,2026-07-03T13:37:27.598,auth,OK,pacs.008,FAST,1977.26,INR,**************2105,IN,33
591caf0d-6f59-56fc-71e6-fab0008cd978,2026-07-03T13:37:27.664,validation,OK,pacs.008,FAST,1977.26,INR,**************2105,IN,90
591caf0d-6f59-56fc-71e6-fab0008cd978,2026-07-03T13:37:27.773,aml,OK,pacs.008,FAST,1977.26,INR,**************2105,IN,280
591caf0d-6f59-56fc-71e6-fab0008cd978,2026-07-03T13:37:27.833,payment-hub,OK,pacs.008,FAST,1977.26,INR,**************2105,IN,63
591caf0d-6f59-56fc-71e6-fab0008cd978,2026-07-03T13:37:28.053,core-banking,OK,pacs.008,FAST,1977.26,INR,**************2105,IN,71
591caf0d-6f59-56fc-71e6-fab0008cd978,2026-07-03T13:37:28.163,settlement,SETTLED,pacs.008,FAST,1977.26,INR,**************2105,IN,270
7fb1b7f3-bb84-f662-1e9c-2a3a43d5fe41,2026-07-13T20:05:39.727,gateway,OK,MT103,SWIFT,352.59,SGD,**************0143,MY,35
7fb1b7f3-bb84-f662-1e9c-2a3a43d5fe41,2026-07-13T20:05:39.799,auth,OK,MT103,SWIFT,352.59,SGD,**************0143,MY,71
7fb1b7f3-bb84-f662-1e9c-2a3a43d5fe41,2026-07-13T20:05:39.860,validation,OK,MT103,SWIFT,352.59,SGD,**************0143,MY,91
7fb1b7f3-bb84-f662-1e9c-2a3a43d5fe41,2026-07-13T20:05:40.021,aml,OK,MT103,SWIFT,352.59,SGD,**************0143,MY,87
7fb1b7f3-bb84-f662-1e9c-2a3a43d5fe41,2026-07-13T20:05:40.109,payment-hub,OK,MT103,SWIFT,352.59,SGD,**************0143,MY,147
7fb1b7f3-bb84-f662-1e9c-2a3a43d5fe41,2026-07-13T20:05:40.358,core-banking,OK,MT103,SWIFT,352.59,SGD,**************0143,MY,89
7fb1b7f3-bb84-f662-1e9c-2a3a43d5fe41,2026-07-13T20:05:40.601,settlement,SETTLED,MT103,SWIFT,352.59,SGD,**************0143,MY,226
d5ee1a67-0242-d686-f039-ab16fd87545f,2026-07-08T20:11:17.224,gateway,OK,pacs.008,FAST,1017.65,SGD,**************1785,SG,20
d5ee1a67-0242-d686-f039-ab16fd87545f,2026-07-08T20:11:17.338,auth,OK,pacs.008,FAST,1017.65,SGD,**************1785,SG,27
d5ee1a67-0242-d686-f039-ab16fd87545f,2026-07-08T20:11:17.437,validation,OK,pacs.008,FAST,1017.65,SGD,**************1785,SG,81
d5ee1a67-0242-d686-f039-ab16fd87545f,2026-07-08T20:11:17.656,aml,TIMEOUT,pacs.008,FAST,1017.65,SGD,**************1785,SG,30000
d5ee1a67-0242-d686-f039-ab16fd87545f,2026-07-08T20:11:17.801,payment-hub,FAILED,pacs.008,FAST,1017.65,SGD,**************1785,SG,113
8c848cc7-99dd-35cb-85ba-072286d2981b,2026-07-06T10:54:01.612,gateway,OK,0200,CARDS,307.15,EUR,**************7848,GB,31
8c848cc7-99dd-35cb-85ba-072286d2981b,2026-07-06T10:54:01.874,auth,OK,0200,CARDS,307.15,EUR,**************7848,GB,61
8c848cc7-99dd-35cb-85ba-072286d2981b,2026-07-06T10:54:01.924,validation,OK,0200,CARDS,307.15,EUR,**************7848,GB,59
8c848cc7-99dd-35cb-85ba-072286d2981b,2026-07-06T10:54:02.018,aml,OK,0200,CARDS,307.15,EUR,**************7848,GB,139
8c848cc7-99dd-35cb-85ba-072286d2981b,2026-07-06T10:54:02.076,payment-hub,OK,0200,CARDS,307.15,EUR,**************7848,GB,118
8c848cc7-99dd-35cb-85ba-072286d2981b,2026-07-06T10:54:02.217,core-banking,OK,0200,CARDS,307.15,EUR,**************7848,GB,165
8c848cc7-99dd-35cb-85ba-072286d2981b,2026-07-06T10:54:02.310,settlement,SETTLED,0200,CARDS,307.15,EUR,**************7848,GB,243
516a6af9-d9f5-1af3-9b19-ee5af7b26ef4,2026-07-09T13:01:34.781,gateway,OK,0200,CARDS,928.55,INR,**************5232,IN,15
516a6af9-d9f5-1af3-9b19-ee5af7b26ef4,2026-07-09T13:01:34.820,auth,OK,0200,CARDS,928.55,INR,**************5232,IN,87
516a6af9-d9f5-1af3-9b19-ee5af7b26ef4,2026-07-09T13:01:34.922,validation,OK,0200,CARDS,928.55,INR,**************5232,IN,72
516a6af9-d9f5-1af3-9b19-ee5af7b26ef4,2026-07-09T13:01:35.058,aml,OK,0200,CARDS,928.55,INR,**************5232,IN,282
516a6af9-d9f5-1af3-9b19-ee5af7b26ef4,2026-07-09T13:01:35.124,payment-hub,OK,0200,CARDS,928.55,INR,**************5232,IN,136
516a6af9-d9f5-1af3-9b19-ee5af7b26ef4,2026-07-09T13:01:35.185,core-banking,OK,0200,CARDS,928.55,INR,**************5232,IN,138
516a6af9-d9f5-1af3-9b19-ee5af7b26ef4,2026-07-09T13:01:35.238,settlement,SETTLED,0200,CARDS,928.55,INR,**************5232,IN,189
901302d2-8c43-7cad-e3ea-6b702514dcbe,2026-07-09T21:25:06.694,gateway,OK,MT103,SWIFT,190.99,SGD,**************0181,SG,27
901302d2-8c43-7cad-e3ea-6b702514dcbe,2026-07-09T21:25:06.957,auth,OK,MT103,SWIFT,190.99,SGD,**************0181,SG,88
901302d2-8c43-7cad-e3ea-6b702514dcbe,2026-07-09T21:25:06.985,validation,OK,MT103,SWIFT,190.99,SGD,**************0181,SG,49
901302d2-8c43-7cad-e3ea-6b702514dcbe,2026-07-09T21:25:07.095,aml,OK,MT103,SWIFT,190.99,SGD,**************0181,SG,116
901302d2-8c43-7cad-e3ea-6b702514dcbe,2026-07-09T21:25:07.259,payment-hub,OK,MT103,SWIFT,190.99,SGD,**************0181,SG,45
901302d2-8c43-7cad-e3ea-6b702514dcbe,2026-07-09T21:25:07.329,core-banking,OK,MT103,SWIFT,190.99,SGD,**************0181,SG,81
901302d2-8c43-7cad-e3ea-6b702514dcbe,2026-07-09T21:25:07.365,settlement,SETTLED,MT103,SWIFT,190.99,SGD,**************0181,SG,374
e5ee9e3a-11fb-a1cb-050b-14c5ab55ccd2,2026-07-10T00:09:30.790,gateway,OK,pacs.008,FAST,517.74,GBP,**************7050,MY,49
e5ee9e3a-11fb-a1cb-050b-14c5ab55ccd2,2026-07-10T00:09:30.924,auth,OK,pacs.008,FAST,517.74,GBP,**************7050,MY,69
e5ee9e3a-11fb-a1cb-050b-14c5ab55ccd2,2026-07-10T00:09:31.196,validation,OK,pacs.008,FAST,517.74,GBP,**************7050,MY,51
e5ee9e3a-11fb-a1cb-050b-14c5ab55ccd2,2026-07-10T00:09:31.352,aml,OK,pacs.008,FAST,517.74,GBP,**************7050,MY,140
e5ee9e3a-11fb-a1cb-050b-14c5ab55ccd2,2026-07-10T00:09:31.448,payment-hub,OK,pacs.008,FAST,517.74,GBP,**************7050,MY,136
e5ee9e3a-11fb-a1cb-050b-14c5ab55ccd2,2026-07-10T00:09:31.653,core-banking,OK,pacs.008,FAST,517.74,GBP,**************7050,MY,222
e5ee9e3a-11fb-a1cb-050b-14c5ab55ccd2,2026-07-10T00:09:31.762,settlement,SETTLED,pacs.008,FAST,517.74,GBP,**************7050,MY,163
97b99715-766b-f519-eea7-ecf25a7480a6,2026-07-02T18:33:21.014,gateway,OK,pacs.008,FAST,727.53,SGD,**************2625,SG,43
97b99715-766b-f519-eea7-ecf25a7480a6,2026-07-02T18:33:21.065,auth,OK,pacs.008,FAST,727.53,SGD,**************2625,SG,78
97b99715-766b-f519-eea7-ecf25a7480a6,2026-07-02T18:33:21.119,validation,OK,pacs.008,FAST,727.53,SGD,**************2625,SG,55
97b99715-766b-f519-eea7-ecf25a7480a6,2026-07-02T18:33:21.293,aml,OK,pacs.008,FAST,727.53,SGD,**************2625,SG,162
97b99715-766b-f519-eea7-ecf25a7480a6,2026-07-02T18:33:21.349,payment-hub,OK,pacs.008,FAST,727.53,SGD,**************2625,SG,49
97b99715-766b-f519-eea7-ecf25a7480a6,2026-07-02T18:33:21.442,core-banking,OK,pacs.008,FAST,727.53,SGD,**************2625,SG,205
97b99715-766b-f519-eea7-ecf25a7480a6,2026-07-02T18:33:21.488,settlement,SETTLED,pacs.008,FAST,727.53,SGD,**************2625,SG,109
2bcb2116-8d5d-c6b9-cb0d-b7cb892fb1d0,2026-07-02T00:41:43.383,gateway,OK,MT103,SWIFT,498.81,MYR,**************3407,MY,47
2bcb2116-8d5d-c6b9-cb0d-b7cb892fb1d0,2026-07-02T00:41:43.504,auth,OK,MT103,SWIFT,498.81,MYR,**************3407,MY,67
2bcb2116-8d5d-c6b9-cb0d-b7cb892fb1d0,2026-07-02T00:41:43.586,validation,OK,MT103,SWIFT,498.81,MYR,**************3407,MY,114
2bcb2116-8d5d-c6b9-cb0d-b7cb892fb1d0,2026-07-02T00:41:43.680,aml,OK,MT103,SWIFT,498.81,MYR,**************3407,MY,177
2bcb2116-8d5d-c6b9-cb0d-b7cb892fb1d0,2026-07-02T00:41:43.771,payment-hub,OK,MT103,SWIFT,498.81,MYR,**************3407,MY,110
2bcb2116-8d5d-c6b9-cb0d-b7cb892fb1d0,2026-07-02T00:41:43.836,core-banking,OK,MT103,SWIFT,498.81,MYR,**************3407,MY,245
2bcb2116-8d5d-c6b9-cb0d-b7cb892fb1d0,2026-07-02T00:41:43.933,settlement,SETTLED,MT103,SWIFT,498.81,MYR,**************3407,MY,317
f0d93f83-0edb-d016-02f3-1f4d22ac8934,2026-07-09T15:45:31.882,gateway,OK,pacs.008,FAST,357.47,SGD,**************5128,SG,51
f0d93f83-0edb-d016-02f3-1f4d22ac8934,2026-07-09T15:45:32.110,auth,OK,pacs.008,FAST,357.47,SGD,**************5128,SG,51
f0d93f83-0edb-d016-02f3-1f4d22ac8934,2026-07-09T15:45:32.342,validation,OK,pacs.008,FAST,357.47,SGD,**************5128,SG,90
f0d93f83-0edb-d016-02f3-1f4d22ac8934,2026-07-09T15:45:32.576,aml,TIMEOUT,pacs.008,FAST,357.47,SGD,**************5128,SG,30000
f0d93f83-0edb-d016-02f3-1f4d22ac8934,2026-07-09T15:45:32.644,payment-hub,FAILED,pacs.008,FAST,357.47,SGD,**************5128,SG,98
4933c915-cf81-f432-e29c-8d3dea92a3ae,2026-07-02T04:01:34.796,gateway,OK,pacs.008,FAST,422.92,MYR,**************1534,MY,31
4933c915-cf81-f432-e29c-8d3dea92a3ae,2026-07-02T04:01:34.961,auth,OK,pacs.008,FAST,422.92,MYR,**************1534,MY,68
4933c915-cf81-f432-e29c-8d3dea92a3ae,2026-07-02T04:01:35.274,validation,OK,pacs.008,FAST,422.92,MYR,**************1534,MY,60
4933c915-cf81-f432-e29c-8d3dea92a3ae,2026-07-02T04:01:35.375,aml,TIMEOUT,pacs.008,FAST,422.92,MYR,**************1534,MY,30000
4933c915-cf81-f432-e29c-8d3dea92a3ae,2026-07-02T04:01:35.709,payment-hub,FAILED,pacs.008,FAST,422.92,MYR,**************1534,MY,143
862b49fe-b4c1-8c30-3824-100e1316a81c,2026-07-01T21:21:36.695,gateway,OK,pacs.008,FAST,1327.28,INR,**************2184,IN,34
862b49fe-b4c1-8c30-3824-100e1316a81c,2026-07-01T21:21:36.805,auth,OK,pacs.008,FAST,1327.28,INR,**************2184,IN,80
862b49fe-b4c1-8c30-3824-100e1316a81c,2026-07-01T21:21:36.929,validation,OK,pacs.008,FAST,1327.28,INR,**************2184,IN,53
862b49fe-b4c1-8c30-3824-100e1316a81c,2026-07-01T21:21:37.014,aml,OK,pacs.008,FAST,1327.28,INR,**************2184,IN,248
862b49fe-b4c1-8c30-3824-100e1316a81c,2026-07-01T21:21:37.218,payment-hub,OK,pacs.008,FAST,1327.28,INR,**************2184,IN,102
862b49fe-b4c1-8c30-3824-100e1316a81c,2026-07-01T21:21:37.307,core-banking,OK,pacs.008,FAST,1327.28,INR,**************2184,IN,74
862b49fe-b4c1-8c30-3824-100e1316a81c,2026-07-01T21:21:37.398,settlement,SETTLED,pacs.008,FAST,1327.28,INR,**************2184,IN,231
3a6635a7-33b2-def1-548b-96fbde06fad7,2026-07-01T10:14:18.568,gateway,OK,0200,CARDS,696.33,MYR,**************4553,SG,37
3a6635a7-33b2-def1-548b-96fbde06fad7,2026-07-01T10:14:48.585,auth,OK,0200,CARDS,696.33,MYR,**************4553,SG,79
3a6635a7-33b2-def1-548b-96fbde06fad7,2026-07-01T10:14:48.708,validation,OK,0200,CARDS,696.33,MYR,**************4553,SG,57
3a6635a7-33b2-def1-548b-96fbde06fad7,2026-07-01T10:14:48.880,aml,OK,0200,CARDS,696.33,MYR,**************4553,SG,173
3a6635a7-33b2-def1-548b-96fbde06fad7,2026-07-01T10:14:49.002,payment-hub,OK,0200,CARDS,696.33,MYR,**************4553,SG,119
3a6635a7-33b2-def1-548b-96fbde06fad7,2026-07-01T10:14:49.062,core-banking,OK,0200,CARDS,696.33,MYR,**************4553,SG,121
3a6635a7-33b2-def1-548b-96fbde06fad7,2026-07-01T10:14:49.113,settlement,SETTLED,0200,CARDS,696.33,MYR,**************4553,SG,333
f46a43db-0ce5-8fcf-08ea-574d9b50875a,2026-07-12T22:12:32.776,gateway,OK,pacs.008,FAST,821.14,INR,**************3591,IN,22
f46a43db-0ce5-8fcf-08ea-574d9b50875a,2026-07-12T22:12:32.884,auth,OK,pacs.008,FAST,821.14,INR,**************3591,IN,68
f46a43db-0ce5-8fcf-08ea-574d9b50875a,2026-07-12T22:12:32.960,validation,OK,pacs.008,FAST,821.14,INR,**************3591,IN,83
f46a43db-0ce5-8fcf-08ea-574d9b50875a,2026-07-12T22:12:33.121,aml,OK,pacs.008,FAST,821.14,INR,**************3591,IN,239
f46a43db-0ce5-8fcf-08ea-574d9b50875a,2026-07-12T22:12:33.283,payment-hub,OK,pacs.008,FAST,821.14,INR,**************3591,IN,50
f46a43db-0ce5-8fcf-08ea-574d9b50875a,2026-07-12T22:12:33.375,core-banking,OK,pacs.008,FAST,821.14,INR,**************3591,IN,159
f46a43db-0ce5-8fcf-08ea-574d9b50875a,2026-07-12T22:12:33.587,settlement,SETTLED,pacs.008,FAST,821.14,INR,**************3591,IN,207
3a3ca3d2-82c3-e445-21d3-6db93b36ab86,2026-07-01T19:35:10.241,gateway,OK,MT103,SWIFT,162.54,INR,**************7226,IN,18
3a3ca3d2-82c3-e445-21d3-6db93b36ab86,2026-07-01T19:35:10.298,auth,OK,MT103,SWIFT,162.54,INR,**************7226,IN,37
3a3ca3d2-82c3-e445-21d3-6db93b36ab86,2026-07-01T19:35:10.522,validation,OK,MT103,SWIFT,162.54,INR,**************7226,IN,115
3a3ca3d2-82c3-e445-21d3-6db93b36ab86,2026-07-01T19:35:10.596,aml,OK,MT103,SWIFT,162.54,INR,**************7226,IN,250
3a3ca3d2-82c3-e445-21d3-6db93b36ab86,2026-07-01T19:35:10.675,payment-hub,OK,MT103,SWIFT,162.54,INR,**************7226,IN,44
3a3ca3d2-82c3-e445-21d3-6db93b36ab86,2026-07-01T19:35:10.912,core-banking,OK,MT103,SWIFT,162.54,INR,**************7226,IN,221
3a3ca3d2-82c3-e445-21d3-6db93b36ab86,2026-07-01T19:35:10.975,settlement,SETTLED,MT103,SWIFT,162.54,INR,**************7226,IN,152
6be36654-490b-e18a-4ccc-949d0fc5daf7,2026-07-12T11:01:13.467,gateway,OK,pacs.008,FAST,3664.48,USD,**************7023,US,50
6be36654-490b-e18a-4ccc-949d0fc5daf7,2026-07-12T11:01:13.651,auth,OK,pacs.008,FAST,3664.48,USD,**************7023,US,86
6be36654-490b-e18a-4ccc-949d0fc5daf7,2026-07-12T11:01:13.685,validation,OK,pacs.008,FAST,3664.48,USD,**************7023,US,26
6be36654-490b-e18a-4ccc-949d0fc5daf7,2026-07-12T11:01:13.712,aml,OK,pacs.008,FAST,3664.48,USD,**************7023,US,243
6be36654-490b-e18a-4ccc-949d0fc5daf7,2026-07-12T11:01:13.819,payment-hub,OK,pacs.008,FAST,3664.48,USD,**************7023,US,122
6be36654-490b-e18a-4ccc-949d0fc5daf7,2026-07-12T11:01:14.050,core-banking,OK,pacs.008,FAST,3664.48,USD,**************7023,US,140
6be36654-490b-e18a-4ccc-949d0fc5daf7,2026-07-12T11:01:14.170,settlement,SETTLED,pacs.008,FAST,3664.48,USD,**************7023,US,161
3c2d43d5-fbd0-748b-441a-498bd0e25edc,2026-07-03T07:32:10.079,gateway,OK,pacs.008,FAST,1922.07,MYR,**************4845,MY,41
3c2d43d5-fbd0-748b-441a-498bd0e25edc,2026-07-03T07:32:10.150,auth,OK,pacs.008,FAST,1922.07,MYR,**************4845,MY,75
3c2d43d5-fbd0-748b-441a-498bd0e25edc,2026-07-03T07:32:10.213,validation,OK,pacs.008,FAST,1922.07,MYR,**************4845,MY,48
3c2d43d5-fbd0-748b-441a-498bd0e25edc,2026-07-03T07:32:10.530,aml,OK,pacs.008,FAST,1922.07,MYR,**************4845,MY,75
3c2d43d5-fbd0-748b-441a-498bd0e25edc,2026-07-03T07:32:10.655,payment-hub,OK,pacs.008,FAST,1922.07,MYR,**************4845,MY,118
3c2d43d5-fbd0-748b-441a-498bd0e25edc,2026-07-03T07:32:10.740,core-banking,OK,pacs.008,FAST,1922.07,MYR,**************4845,MY,82
3c2d43d5-fbd0-748b-441a-498bd0e25edc,2026-07-03T07:32:10.813,settlement,SETTLED,pacs.008,FAST,1922.07,MYR,**************4845,MY,159
1f4285a6-e6a8-6a64-7a69-cede8a5606d8,2026-07-04T23:14:23.135,gateway,OK,MT103,SWIFT,796.47,USD,**************3052,US,39
1f4285a6-e6a8-6a64-7a69-cede8a5606d8,2026-07-04T23:14:53.149,auth,OK,MT103,SWIFT,796.47,USD,**************3052,US,26
1f4285a6-e6a8-6a64-7a69-cede8a5606d8,2026-07-04T23:14:53.253,validation,OK,MT103,SWIFT,796.47,USD,**************3052,US,37
1f4285a6-e6a8-6a64-7a69-cede8a5606d8,2026-07-04T23:14:53.419,aml,OK,MT103,SWIFT,796.47,USD,**************3052,US,66
1f4285a6-e6a8-6a64-7a69-cede8a5606d8,2026-07-04T23:14:53.468,payment-hub,OK,MT103,SWIFT,796.47,USD,**************3052,US,82
1f4285a6-e6a8-6a64-7a69-cede8a5606d8,2026-07-04T23:14:53.549,core-banking,OK,MT103,SWIFT,796.47,USD,**************3052,US,71
1f4285a6-e6a8-6a64-7a69-cede8a5606d8,2026-07-04T23:14:53.638,settlement,SETTLED,MT103,SWIFT,796.47,USD,**************3052,US,192
c85ef0b1-bd0a-a750-7995-835b6326d64d,2026-07-13T13:30:55.890,gateway,OK,pacs.008,FAST,86.31,INR,**************7253,IN,54
c85ef0b1-bd0a-a750-7995-835b6326d64d,2026-07-13T13:30:55.958,auth,OK,pacs.008,FAST,86.31,INR,**************7253,IN,89
c85ef0b1-bd0a-a750-7995-835b6326d64d,2026-07-13T13:30:56.031,validation,OK,pacs.008,FAST,86.31,INR,**************7253,IN,89
c85ef0b1-bd0a-a750-7995-835b6326d64d,2026-07-13T13:30:56.308,aml,OK,pacs.008,FAST,86.31,INR,**************7253,IN,127
c85ef0b1-bd0a-a750-7995-835b6326d64d,2026-07-13T13:30:56.401,payment-hub,OK,pacs.008,FAST,86.31,INR,**************7253,IN,116
c85ef0b1-bd0a-a750-7995-835b6326d64d,2026-07-13T13:30:56.555,core-banking,OK,pacs.008,FAST,86.31,INR,**************7253,IN,53
c85ef0b1-bd0a-a750-7995-835b6326d64d,2026-07-13T13:30:56.788,settlement,SETTLED,pacs.008,FAST,86.31,INR,**************7253,IN,81
12d9bc2c-f09c-576a-c588-c335193fc035,2026-07-02T05:51:49.122,gateway,OK,pacs.008,FAST,1362.66,USD,**************9562,HK,52
12d9bc2c-f09c-576a-c588-c335193fc035,2026-07-02T05:51:49.372,auth,OK,pacs.008,FAST,1362.66,USD,**************9562,HK,21
12d9bc2c-f09c-576a-c588-c335193fc035,2026-07-02T05:51:49.557,validation,OK,pacs.008,FAST,1362.66,USD,**************9562,HK,77
12d9bc2c-f09c-576a-c588-c335193fc035,2026-07-02T05:51:49.661,aml,OK,pacs.008,FAST,1362.66,USD,**************9562,HK,43
12d9bc2c-f09c-576a-c588-c335193fc035,2026-07-02T05:51:49.753,payment-hub,OK,pacs.008,FAST,1362.66,USD,**************9562,HK,46
12d9bc2c-f09c-576a-c588-c335193fc035,2026-07-02T05:51:49.816,core-banking,OK,pacs.008,FAST,1362.66,USD,**************9562,HK,138
12d9bc2c-f09c-576a-c588-c335193fc035,2026-07-02T05:51:49.929,settlement,SETTLED,pacs.008,FAST,1362.66,USD,**************9562,HK,306
1b818798-a21c-f33f-1f45-9b73abd61a07,2026-07-12T16:13:04.805,gateway,OK,pacs.008,FAST,159.46,SGD,**************2790,SG,50
1b818798-a21c-f33f-1f45-9b73abd61a07,2026-07-12T16:13:04.906,auth,OK,pacs.008,FAST,159.46,SGD,**************2790,SG,69
1b818798-a21c-f33f-1f45-9b73abd61a07,2026-07-12T16:13:04.954,validation,OK,pacs.008,FAST,159.46,SGD,**************2790,SG,98
1b818798-a21c-f33f-1f45-9b73abd61a07,2026-07-12T16:13:05.013,aml,OK,pacs.008,FAST,159.46,SGD,**************2790,SG,247
1b818798-a21c-f33f-1f45-9b73abd61a07,2026-07-12T16:13:35.035,payment-hub,OK,pacs.008,FAST,159.46,SGD,**************2790,SG,86
1b818798-a21c-f33f-1f45-9b73abd61a07,2026-07-12T16:14:05.053,core-banking,OK,pacs.008,FAST,159.46,SGD,**************2790,SG,237
1b818798-a21c-f33f-1f45-9b73abd61a07,2026-07-12T16:14:05.380,settlement,SETTLED,pacs.008,FAST,159.46,SGD,**************2790,SG,390
3f0106da-9093-87e6-524f-6fb1febf1bb6,2026-07-08T10:25:16.436,gateway,OK,pacs.008,FAST,163.89,SGD,**************7184,SG,38
3f0106da-9093-87e6-524f-6fb1febf1bb6,2026-07-08T10:25:16.481,auth,OK,pacs.008,FAST,163.89,SGD,**************7184,SG,77
3f0106da-9093-87e6-524f-6fb1febf1bb6,2026-07-08T10:25:46.506,validation,OK,pacs.008,FAST,163.89,SGD,**************7184,SG,33
3f0106da-9093-87e6-524f-6fb1febf1bb6,2026-07-08T10:25:46.575,aml,OK,pacs.008,FAST,163.89,SGD,**************7184,SG,57
3f0106da-9093-87e6-524f-6fb1febf1bb6,2026-07-08T10:25:46.813,payment-hub,OK,pacs.008,FAST,163.89,SGD,**************7184,SG,48
3f0106da-9093-87e6-524f-6fb1febf1bb6,2026-07-08T10:25:46.877,core-banking,OK,pacs.008,FAST,163.89,SGD,**************7184,SG,109
3f0106da-9093-87e6-524f-6fb1febf1bb6,2026-07-08T10:25:46.991,settlement,SETTLED,pacs.008,FAST,163.89,SGD,**************7184,SG,357
0e694654-f70f-a6fd-b3e1-e27943955d34,2026-07-14T03:26:12.131,gateway,OK,0200,CARDS,187.37,INR,**************3279,IN,21
0e694654-f70f-a6fd-b3e1-e27943955d34,2026-07-14T03:26:12.235,auth,OK,0200,CARDS,187.37,INR,**************3279,IN,53
0e694654-f70f-a6fd-b3e1-e27943955d34,2026-07-14T03:26:12.337,validation,OK,0200,CARDS,187.37,INR,**************3279,IN,116
0e694654-f70f-a6fd-b3e1-e27943955d34,2026-07-14T03:26:12.554,aml,OK,0200,CARDS,187.37,INR,**************3279,IN,237
0e694654-f70f-a6fd-b3e1-e27943955d34,2026-07-14T03:26:12.655,payment-hub,OK,0200,CARDS,187.37,INR,**************3279,IN,54
0e694654-f70f-a6fd-b3e1-e27943955d34,2026-07-14T03:26:12.753,core-banking,OK,0200,CARDS,187.37,INR,**************3279,IN,202
0e694654-f70f-a6fd-b3e1-e27943955d34,2026-07-14T03:26:12.906,settlement,SETTLED,0200,CARDS,187.37,INR,**************3279,IN,110
bb3a3dfd-190c-b10a-f7b1-506bcffde326,2026-07-08T08:15:23.281,gateway,OK,pacs.008,FAST,163.42,SGD,**************2929,SG,46
bb3a3dfd-190c-b10a-f7b1-506bcffde326,2026-07-08T08:15:23.355,auth,OK,pacs.008,FAST,163.42,SGD,**************2929,SG,29
bb3a3dfd-190c-b10a-f7b1-506bcffde326,2026-07-08T08:15:23.449,validation,REJECTED,pacs.008,FAST,163.42,SGD,**************2929,SG,100
a1ac44ad-3599-3533-3f53-5020582b127e,2026-07-07T13:16:39.224,gateway,OK,pacs.008,FAST,5221.14,USD,**************8535,US,24
a1ac44ad-3599-3533-3f53-5020582b127e,2026-07-07T13:16:39.356,auth,OK,pacs.008,FAST,5221.14,USD,**************8535,US,89
a1ac44ad-3599-3533-3f53-5020582b127e,2026-07-07T13:16:39.503,validation,OK,pacs.008,FAST,5221.14,USD,**************8535,US,32
a1ac44ad-3599-3533-3f53-5020582b127e,2026-07-07T13:16:39.603,aml,OK,pacs.008,FAST,5221.14,USD,**************8535,US,282
a1ac44ad-3599-3533-3f53-5020582b127e,2026-07-07T13:16:39.704,payment-hub,OK,pacs.008,FAST,5221.14,USD,**************8535,US,133
a1ac44ad-3599-3533-3f53-5020582b127e,2026-07-07T13:16:39.873,core-banking,OK,pacs.008,FAST,5221.14,USD,**************8535,US,246
a1ac44ad-3599-3533-3f53-5020582b127e,2026-07-07T13:16:39.964,settlement,SETTLED,pacs.008,FAST,5221.14,USD,**************8535,US,377
50044db1-09ba-3320-d75a-2150b1f26984,2026-07-14T18:52:50.940,gateway,OK,pacs.008,FAST,194.5,SGD,**************5955,SG,33
50044db1-09ba-3320-d75a-2150b1f26984,2026-07-14T18:52:50.995,auth,OK,pacs.008,FAST,194.5,SGD,**************5955,SG,24
50044db1-09ba-3320-d75a-2150b1f26984,2026-07-14T18:52:51.159,validation,OK,pacs.008,FAST,194.5,SGD,**************5955,SG,30
50044db1-09ba-3320-d75a-2150b1f26984,2026-07-14T18:52:51.310,aml,OK,pacs.008,FAST,194.5,SGD,**************5955,SG,181
50044db1-09ba-3320-d75a-2150b1f26984,2026-07-14T18:52:51.434,payment-hub,OK,pacs.008,FAST,194.5,SGD,**************5955,SG,89
50044db1-09ba-3320-d75a-2150b1f26984,2026-07-14T18:52:51.496,core-banking,OK,pacs.008,FAST,194.5,SGD,**************5955,SG,125
50044db1-09ba-3320-d75a-2150b1f26984,2026-07-14T18:52:51.598,settlement,SETTLED,pacs.008,FAST,194.5,SGD,**************5955,SG,259
d55be63d-bd61-1e10-ad55-beff9554d590,2026-07-06T12:23:42.738,gateway,OK,pacs.008,FAST,403.9,GBP,**************3865,MY,31
d55be63d-bd61-1e10-ad55-beff9554d590,2026-07-06T12:23:42.796,auth,OK,pacs.008,FAST,403.9,GBP,**************3865,MY,62
d55be63d-bd61-1e10-ad55-beff9554d590,2026-07-06T12:23:42.999,validation,OK,pacs.008,FAST,403.9,GBP,**************3865,MY,82
d55be63d-bd61-1e10-ad55-beff9554d590,2026-07-06T12:23:43.060,aml,OK,pacs.008,FAST,403.9,GBP,**************3865,MY,119
d55be63d-bd61-1e10-ad55-beff9554d590,2026-07-06T12:23:43.310,payment-hub,OK,pacs.008,FAST,403.9,GBP,**************3865,MY,92
d55be63d-bd61-1e10-ad55-beff9554d590,2026-07-06T12:23:43.439,core-banking,OK,pacs.008,FAST,403.9,GBP,**************3865,MY,85
d55be63d-bd61-1e10-ad55-beff9554d590,2026-07-06T12:23:43.498,settlement,SETTLED,pacs.008,FAST,403.9,GBP,**************3865,MY,213
6c4b951d-0ae9-eae9-817e-6e4d05e6573d,2026-07-15T05:08:00.995,gateway,OK,pacs.008,FAST,1012.94,MYR,**************4702,GB,31
6c4b951d-0ae9-eae9-817e-6e4d05e6573d,2026-07-15T05:08:01.073,auth,OK,pacs.008,FAST,1012.94,MYR,**************4702,GB,58
6c4b951d-0ae9-eae9-817e-6e4d05e6573d,2026-07-15T05:08:01.149,validation,OK,pacs.008,FAST,1012.94,MYR,**************4702,GB,116
6c4b951d-0ae9-eae9-817e-6e4d05e6573d,2026-07-15T05:08:01.199,aml,OK,pacs.008,FAST,1012.94,MYR,**************4702,GB,104
6c4b951d-0ae9-eae9-817e-6e4d05e6573d,2026-07-15T05:08:01.252,payment-hub,OK,pacs.008,FAST,1012.94,MYR,**************4702,GB,47
6c4b951d-0ae9-eae9-817e-6e4d05e6573d,2026-07-15T05:08:01.456,core-banking,OK,pacs.008,FAST,1012.94,MYR,**************4702,GB,162
6c4b951d-0ae9-eae9-817e-6e4d05e6573d,2026-07-15T05:08:01.553,settlement,SETTLED,pacs.008,FAST,1012.94,MYR,**************4702,GB,372
ff791b92-0957-ddb3-ba80-4161b406ede2,2026-07-07T06:49:04.315,gateway,OK,pacs.008,FAST,3641.99,SGD,**************5197,SG,54
ff791b92-0957-ddb3-ba80-4161b406ede2,2026-07-07T06:49:04.403,auth,OK,pacs.008,FAST,3641.99,SGD,**************5197,SG,26
ff791b92-0957-ddb3-ba80-4161b406ede2,2026-07-07T06:49:04.585,validation,OK,pacs.008,FAST,3641.99,SGD,**************5197,SG,41
ff791b92-0957-ddb3-ba80-4161b406ede2,2026-07-07T06:49:34.595,aml,OK,pacs.008,FAST,3641.99,SGD,**************5197,SG,298
ff791b92-0957-ddb3-ba80-4161b406ede2,2026-07-07T06:49:34.824,payment-hub,OK,pacs.008,FAST,3641.99,SGD,**************5197,SG,88
ff791b92-0957-ddb3-ba80-4161b406ede2,2026-07-07T06:49:34.926,core-banking,OK,pacs.008,FAST,3641.99,SGD,**************5197,SG,96
ff791b92-0957-ddb3-ba80-4161b406ede2,2026-07-07T06:49:35.022,settlement,SETTLED,pacs.008,FAST,3641.99,SGD,**************5197,SG,211
c7591d79-a4e6-aed5-ec22-45bf530cd2f8,2026-07-04T11:16:29.593,gateway,OK,pacs.008,FAST,222.59,USD,**************0750,HK,27
c7591d79-a4e6-aed5-ec22-45bf530cd2f8,2026-07-04T11:16:29.623,auth,OK,pacs.008,FAST,222.59,USD,**************0750,HK,39
c7591d79-a4e6-aed5-ec22-45bf530cd2f8,2026-07-04T11:16:29.663,validation,OK,pacs.008,FAST,222.59,USD,**************0750,HK,56
c7591d79-a4e6-aed5-ec22-45bf530cd2f8,2026-07-04T11:16:29.798,aml,OK,pacs.008,FAST,222.59,USD,**************0750,HK,200
c7591d79-a4e6-aed5-ec22-45bf530cd2f8,2026-07-04T11:16:29.917,payment-hub,OK,pacs.008,FAST,222.59,USD,**************0750,HK,93
c7591d79-a4e6-aed5-ec22-45bf530cd2f8,2026-07-04T11:16:30.001,core-banking,OK,pacs.008,FAST,222.59,USD,**************0750,HK,191
c7591d79-a4e6-aed5-ec22-45bf530cd2f8,2026-07-04T11:16:30.065,settlement,SETTLED,pacs.008,FAST,222.59,USD,**************0750,HK,107
6dc83ddb-c3d1-9ce6-a46e-5e413edb3551,2026-07-10T23:33:23.954,gateway,OK,pacs.008,FAST,3035.96,INR,**************8545,MY,41
6dc83ddb-c3d1-9ce6-a46e-5e413edb3551,2026-07-10T23:33:24.051,auth,OK,pacs.008,FAST,3035.96,INR,**************8545,MY,78
6dc83ddb-c3d1-9ce6-a46e-5e413edb3551,2026-07-10T23:33:24.167,validation,OK,pacs.008,FAST,3035.96,INR,**************8545,MY,70
6dc83ddb-c3d1-9ce6-a46e-5e413edb3551,2026-07-10T23:33:24.315,aml,OK,pacs.008,FAST,3035.96,INR,**************8545,MY,205
6dc83ddb-c3d1-9ce6-a46e-5e413edb3551,2026-07-10T23:33:24.435,payment-hub,OK,pacs.008,FAST,3035.96,INR,**************8545,MY,51
6dc83ddb-c3d1-9ce6-a46e-5e413edb3551,2026-07-10T23:33:24.512,core-banking,OK,pacs.008,FAST,3035.96,INR,**************8545,MY,128
6dc83ddb-c3d1-9ce6-a46e-5e413edb3551,2026-07-10T23:33:24.618,settlement,SETTLED,pacs.008,FAST,3035.96,INR,**************8545,MY,356
342b0983-828c-b4d4-90ee-6cd96e880ab9,2026-07-08T23:42:14.693,gateway,OK,MT103,SWIFT,1028.04,SGD,**************3277,IN,39
342b0983-828c-b4d4-90ee-6cd96e880ab9,2026-07-08T23:42:14.902,auth,OK,MT103,SWIFT,1028.04,SGD,**************3277,IN,27
342b0983-828c-b4d4-90ee-6cd96e880ab9,2026-07-08T23:42:14.933,validation,OK,MT103,SWIFT,1028.04,SGD,**************3277,IN,82
342b0983-828c-b4d4-90ee-6cd96e880ab9,2026-07-08T23:42:15.006,aml,OK,MT103,SWIFT,1028.04,SGD,**************3277,IN,269
342b0983-828c-b4d4-90ee-6cd96e880ab9,2026-07-08T23:42:15.058,payment-hub,OK,MT103,SWIFT,1028.04,SGD,**************3277,IN,81
342b0983-828c-b4d4-90ee-6cd96e880ab9,2026-07-08T23:42:15.200,core-banking,OK,MT103,SWIFT,1028.04,SGD,**************3277,IN,131
342b0983-828c-b4d4-90ee-6cd96e880ab9,2026-07-08T23:42:15.322,settlement,SETTLED,MT103,SWIFT,1028.04,SGD,**************3277,IN,204
b1fcc32b-0d8c-e1f5-df0f-1e63775d338c,2026-07-13T04:38:33.880,gateway,OK,MT103,SWIFT,288.68,MYR,**************9754,MY,58
b1fcc32b-0d8c-e1f5-df0f-1e63775d338c,2026-07-13T04:38:34.002,auth,OK,MT103,SWIFT,288.68,MYR,**************9754,MY,33
b1fcc32b-0d8c-e1f5-df0f-1e63775d338c,2026-07-13T04:38:34.201,validation,OK,MT103,SWIFT,288.68,MYR,**************9754,MY,100
b1fcc32b-0d8c-e1f5-df0f-1e63775d338c,2026-07-13T04:39:04.240,aml,OK,MT103,SWIFT,288.68,MYR,**************9754,MY,174
b1fcc32b-0d8c-e1f5-df0f-1e63775d338c,2026-07-13T04:39:04.323,payment-hub,OK,MT103,SWIFT,288.68,MYR,**************9754,MY,143
b1fcc32b-0d8c-e1f5-df0f-1e63775d338c,2026-07-13T04:39:04.458,core-banking,OK,MT103,SWIFT,288.68,MYR,**************9754,MY,249
b1fcc32b-0d8c-e1f5-df0f-1e63775d338c,2026-07-13T04:39:34.469,settlement,SETTLED,MT103,SWIFT,288.68,MYR,**************9754,MY,379
89094f01-b0fd-699a-bf47-f1c5f7c760c4,2026-07-14T22:56:02.715,gateway,OK,pacs.008,FAST,815.55,SGD,**************5738,SG,42
89094f01-b0fd-699a-bf47-f1c5f7c760c4,2026-07-14T22:56:02.771,auth,OK,pacs.008,FAST,815.55,SGD,**************5738,SG,70
89094f01-b0fd-699a-bf47-f1c5f7c760c4,2026-07-14T22:56:02.815,validation,OK,pacs.008,FAST,815.55,SGD,**************5738,SG,48
89094f01-b0fd-699a-bf47-f1c5f7c760c4,2026-07-14T22:56:02.887,aml,TIMEOUT,pacs.008,FAST,815.55,SGD,**************5738,SG,30000
89094f01-b0fd-699a-bf47-f1c5f7c760c4,2026-07-14T22:56:03.113,payment-hub,FAILED,pacs.008,FAST,815.55,SGD,**************5738,SG,91
7281174b-221d-4f5c-55e7-4638482f0f0e,2026-07-14T20:36:40.156,gateway,OK,pacs.008,FAST,558.72,SGD,**************1840,SG,30
7281174b-221d-4f5c-55e7-4638482f0f0e,2026-07-14T20:36:40.252,auth,OK,pacs.008,FAST,558.72,SGD,**************1840,SG,65
7281174b-221d-4f5c-55e7-4638482f0f0e,2026-07-14T20:36:40.379,validation,OK,pacs.008,FAST,558.72,SGD,**************1840,SG,95
7281174b-221d-4f5c-55e7-4638482f0f0e,2026-07-14T20:36:40.619,aml,OK,pacs.008,FAST,558.72,SGD,**************1840,SG,131
7281174b-221d-4f5c-55e7-4638482f0f0e,2026-07-14T20:36:40.700,payment-hub,OK,pacs.008,FAST,558.72,SGD,**************1840,SG,97
7281174b-221d-4f5c-55e7-4638482f0f0e,2026-07-14T20:36:40.799,core-banking,OK,pacs.008,FAST,558.72,SGD,**************1840,SG,166
7281174b-221d-4f5c-55e7-4638482f0f0e,2026-07-14T20:36:40.865,settlement,SETTLED,pacs.008,FAST,558.72,SGD,**************1840,SG,202
ce3ce69f-e697-5d1f-3852-a00114ecaaea,2026-07-09T20:44:35.504,gateway,OK,pacs.008,FAST,3872.02,SGD,**************4178,SG,45
ce3ce69f-e697-5d1f-3852-a00114ecaaea,2026-07-09T20:44:35.676,auth,OK,pacs.008,FAST,3872.02,SGD,**************4178,SG,26
ce3ce69f-e697-5d1f-3852-a00114ecaaea,2026-07-09T20:44:35.932,validation,OK,pacs.008,FAST,3872.02,SGD,**************4178,SG,26
ce3ce69f-e697-5d1f-3852-a00114ecaaea,2026-07-09T20:44:35.980,aml,OK,pacs.008,FAST,3872.02,SGD,**************4178,SG,189
ce3ce69f-e697-5d1f-3852-a00114ecaaea,2026-07-09T20:44:36.215,payment-hub,OK,pacs.008,FAST,3872.02,SGD,**************4178,SG,101
ce3ce69f-e697-5d1f-3852-a00114ecaaea,2026-07-09T20:44:36.285,core-banking,OK,pacs.008,FAST,3872.02,SGD,**************4178,SG,178
ce3ce69f-e697-5d1f-3852-a00114ecaaea,2026-07-09T20:44:36.385,settlement,SETTLED,pacs.008,FAST,3872.02,SGD,**************4178,SG,295
258635b7-4df9-47a4-3115-b969d23b7260,2026-07-12T07:01:42.423,gateway,OK,MT103,SWIFT,4209.57,SGD,**************1423,SG,54
258635b7-4df9-47a4-3115-b969d23b7260,2026-07-12T07:01:42.467,auth,OK,MT103,SWIFT,4209.57,SGD,**************1423,SG,47
258635b7-4df9-47a4-3115-b969d23b7260,2026-07-12T07:01:42.549,validation,OK,MT103,SWIFT,4209.57,SGD,**************1423,SG,28
258635b7-4df9-47a4-3115-b969d23b7260,2026-07-12T07:01:42.594,aml,OK,MT103,SWIFT,4209.57,SGD,**************1423,SG,240
258635b7-4df9-47a4-3115-b969d23b7260,2026-07-12T07:01:42.648,payment-hub,OK,MT103,SWIFT,4209.57,SGD,**************1423,SG,43
258635b7-4df9-47a4-3115-b969d23b7260,2026-07-12T07:01:42.730,core-banking,OK,MT103,SWIFT,4209.57,SGD,**************1423,SG,117
258635b7-4df9-47a4-3115-b969d23b7260,2026-07-12T07:01:42.767,settlement,SETTLED,MT103,SWIFT,4209.57,SGD,**************1423,SG,389
f6164a5a-14e6-5dd8-8aff-b5164fd195c9,2026-07-01T22:53:21.179,gateway,OK,pacs.008,FAST,98.25,MYR,**************7633,MY,47
f6164a5a-14e6-5dd8-8aff-b5164fd195c9,2026-07-01T22:53:21.341,auth,OK,pacs.008,FAST,98.25,MYR,**************7633,MY,51
f6164a5a-14e6-5dd8-8aff-b5164fd195c9,2026-07-01T22:53:21.396,validation,OK,pacs.008,FAST,98.25,MYR,**************7633,MY,78
f6164a5a-14e6-5dd8-8aff-b5164fd195c9,2026-07-01T22:53:21.493,aml,OK,pacs.008,FAST,98.25,MYR,**************7633,MY,187
f6164a5a-14e6-5dd8-8aff-b5164fd195c9,2026-07-01T22:53:21.645,payment-hub,OK,pacs.008,FAST,98.25,MYR,**************7633,MY,41
f6164a5a-14e6-5dd8-8aff-b5164fd195c9,2026-07-01T22:53:21.722,core-banking,OK,pacs.008,FAST,98.25,MYR,**************7633,MY,60
f6164a5a-14e6-5dd8-8aff-b5164fd195c9,2026-07-01T22:53:21.783,settlement,SETTLED,pacs.008,FAST,98.25,MYR,**************7633,MY,136
f7d3ed9f-cf39-9ce4-6a82-b082576c0fc7,2026-07-02T17:30:50.603,gateway,OK,pacs.008,FAST,941.47,SGD,**************3700,SG,23
f7d3ed9f-cf39-9ce4-6a82-b082576c0fc7,2026-07-02T17:30:50.676,auth,OK,pacs.008,FAST,941.47,SGD,**************3700,SG,73
f7d3ed9f-cf39-9ce4-6a82-b082576c0fc7,2026-07-02T17:30:50.921,validation,OK,pacs.008,FAST,941.47,SGD,**************3700,SG,114
f7d3ed9f-cf39-9ce4-6a82-b082576c0fc7,2026-07-02T17:30:51.052,aml,OK,pacs.008,FAST,941.47,SGD,**************3700,SG,277
f7d3ed9f-cf39-9ce4-6a82-b082576c0fc7,2026-07-02T17:31:21.069,payment-hub,OK,pacs.008,FAST,941.47,SGD,**************3700,SG,38
f7d3ed9f-cf39-9ce4-6a82-b082576c0fc7,2026-07-02T17:31:21.217,core-banking,OK,pacs.008,FAST,941.47,SGD,**************3700,SG,136
f7d3ed9f-cf39-9ce4-6a82-b082576c0fc7,2026-07-02T17:31:21.314,settlement,SETTLED,pacs.008,FAST,941.47,SGD,**************3700,SG,144
2003e1fc-bbeb-ca34-18bf-e81fc54849fa,2026-07-03T05:50:54.298,gateway,OK,pacs.008,FAST,1735.96,USD,**************4466,US,34
2003e1fc-bbeb-ca34-18bf-e81fc54849fa,2026-07-03T05:50:54.402,auth,OK,pacs.008,FAST,1735.96,USD,**************4466,US,86
2003e1fc-bbeb-ca34-18bf-e81fc54849fa,2026-07-03T05:50:54.509,validation,OK,pacs.008,FAST,1735.96,USD,**************4466,US,65
2003e1fc-bbeb-ca34-18bf-e81fc54849fa,2026-07-03T05:50:54.627,aml,OK,pacs.008,FAST,1735.96,USD,**************4466,US,234
2003e1fc-bbeb-ca34-18bf-e81fc54849fa,2026-07-03T05:50:54.842,payment-hub,OK,pacs.008,FAST,1735.96,USD,**************4466,US,143
2003e1fc-bbeb-ca34-18bf-e81fc54849fa,2026-07-03T05:50:54.911,core-banking,OK,pacs.008,FAST,1735.96,USD,**************4466,US,196
2003e1fc-bbeb-ca34-18bf-e81fc54849fa,2026-07-03T05:50:55.003,settlement,SETTLED,pacs.008,FAST,1735.96,USD,**************4466,US,291
1746c70a-f943-501b-6203-667bea98f0d5,2026-07-04T19:20:24.626,gateway,OK,pacs.008,FAST,748.24,USD,**************3915,HK,25
1746c70a-f943-501b-6203-667bea98f0d5,2026-07-04T19:20:54.664,auth,OK,pacs.008,FAST,748.24,USD,**************3915,HK,27
1746c70a-f943-501b-6203-667bea98f0d5,2026-07-04T19:20:54.911,validation,OK,pacs.008,FAST,748.24,USD,**************3915,HK,33
1746c70a-f943-501b-6203-667bea98f0d5,2026-07-04T19:20:54.992,aml,OK,pacs.008,FAST,748.24,USD,**************3915,HK,123
1746c70a-f943-501b-6203-667bea98f0d5,2026-07-04T19:20:55.028,payment-hub,OK,pacs.008,FAST,748.24,USD,**************3915,HK,146
1746c70a-f943-501b-6203-667bea98f0d5,2026-07-04T19:20:55.141,core-banking,OK,pacs.008,FAST,748.24,USD,**************3915,HK,104
1746c70a-f943-501b-6203-667bea98f0d5,2026-07-04T19:20:55.207,settlement,SETTLED,pacs.008,FAST,748.24,USD,**************3915,HK,269
6d940007-359b-d3c6-7982-e72afce8e66b,2026-07-03T11:49:28.635,gateway,OK,pacs.008,FAST,194.16,SGD,**************4002,SG,58
6d940007-359b-d3c6-7982-e72afce8e66b,2026-07-03T11:49:28.784,auth,OK,pacs.008,FAST,194.16,SGD,**************4002,SG,72
6d940007-359b-d3c6-7982-e72afce8e66b,2026-07-03T11:49:28.863,validation,OK,pacs.008,FAST,194.16,SGD,**************4002,SG,25
6d940007-359b-d3c6-7982-e72afce8e66b,2026-07-03T11:49:29.033,aml,OK,pacs.008,FAST,194.16,SGD,**************4002,SG,148
6d940007-359b-d3c6-7982-e72afce8e66b,2026-07-03T11:49:29.174,payment-hub,OK,pacs.008,FAST,194.16,SGD,**************4002,SG,103
6d940007-359b-d3c6-7982-e72afce8e66b,2026-07-03T11:49:29.235,core-banking,OK,pacs.008,FAST,194.16,SGD,**************4002,SG,79
6d940007-359b-d3c6-7982-e72afce8e66b,2026-07-03T11:49:29.262,settlement,SETTLED,pacs.008,FAST,194.16,SGD,**************4002,SG,173
4190f73b-4ac0-f3c7-c4ef-9574c0a7b301,2026-07-04T00:56:55.062,gateway,OK,MT103,SWIFT,457.92,GBP,**************3139,GB,48
4190f73b-4ac0-f3c7-c4ef-9574c0a7b301,2026-07-04T00:56:55.141,auth,OK,MT103,SWIFT,457.92,GBP,**************3139,GB,42
4190f73b-4ac0-f3c7-c4ef-9574c0a7b301,2026-07-04T00:56:55.259,validation,REJECTED,MT103,SWIFT,457.92,GBP,**************3139,GB,107
fbd7c468-4798-54c5-d00c-a9707d8bca58,2026-07-03T23:16:29.871,gateway,OK,pacs.008,FAST,1208.26,INR,**************6566,IN,30
fbd7c468-4798-54c5-d00c-a9707d8bca58,2026-07-03T23:16:30.163,auth,OK,pacs.008,FAST,1208.26,INR,**************6566,IN,55
fbd7c468-4798-54c5-d00c-a9707d8bca58,2026-07-03T23:16:30.392,validation,REJECTED,pacs.008,FAST,1208.26,INR,**************6566,IN,119
28ea30e5-397a-bc79-3785-da9f843cc86d,2026-07-13T19:18:22.090,gateway,OK,pacs.008,FAST,117.48,USD,**************0431,HK,21
28ea30e5-397a-bc79-3785-da9f843cc86d,2026-07-13T19:18:22.231,auth,OK,pacs.008,FAST,117.48,USD,**************0431,HK,25
28ea30e5-397a-bc79-3785-da9f843cc86d,2026-07-13T19:18:22.361,validation,OK,pacs.008,FAST,117.48,USD,**************0431,HK,103
28ea30e5-397a-bc79-3785-da9f843cc86d,2026-07-13T19:18:22.477,aml,OK,pacs.008,FAST,117.48,USD,**************0431,HK,118
28ea30e5-397a-bc79-3785-da9f843cc86d,2026-07-13T19:18:22.598,payment-hub,OK,pacs.008,FAST,117.48,USD,**************0431,HK,69
28ea30e5-397a-bc79-3785-da9f843cc86d,2026-07-13T19:18:22.850,core-banking,OK,pacs.008,FAST,117.48,USD,**************0431,HK,80
28ea30e5-397a-bc79-3785-da9f843cc86d,2026-07-13T19:18:22.916,settlement,SETTLED,pacs.008,FAST,117.48,USD,**************0431,HK,221
1d99bb27-2b58-8500-831c-c9db03ad0ba1,2026-07-07T04:34:33.277,gateway,OK,pacs.008,FAST,341.34,SGD,**************9490,SG,37
1d99bb27-2b58-8500-831c-c9db03ad0ba1,2026-07-07T04:34:33.455,auth,OK,pacs.008,FAST,341.34,SGD,**************9490,SG,33
1d99bb27-2b58-8500-831c-c9db03ad0ba1,2026-07-07T04:34:33.605,validation,OK,pacs.008,FAST,341.34,SGD,**************9490,SG,100
1d99bb27-2b58-8500-831c-c9db03ad0ba1,2026-07-07T04:34:33.692,aml,OK,pacs.008,FAST,341.34,SGD,**************9490,SG,294
1d99bb27-2b58-8500-831c-c9db03ad0ba1,2026-07-07T04:34:33.760,payment-hub,OK,pacs.008,FAST,341.34,SGD,**************9490,SG,44
1d99bb27-2b58-8500-831c-c9db03ad0ba1,2026-07-07T04:34:33.853,core-banking,OK,pacs.008,FAST,341.34,SGD,**************9490,SG,223
1d99bb27-2b58-8500-831c-c9db03ad0ba1,2026-07-07T04:34:33.956,settlement,SETTLED,pacs.008,FAST,341.34,SGD,**************9490,SG,189
cfaaefeb-bd78-f6cf-2db6-3caafabdd667,2026-07-11T18:30:13.148,gateway,OK,MT103,SWIFT,38.1,GBP,**************5276,GB,58
cfaaefeb-bd78-f6cf-2db6-3caafabdd667,2026-07-11T18:30:13.321,auth,OK,MT103,SWIFT,38.1,GBP,**************5276,GB,60
cfaaefeb-bd78-f6cf-2db6-3caafabdd667,2026-07-11T18:30:13.443,validation,OK,MT103,SWIFT,38.1,GBP,**************5276,GB,113
cfaaefeb-bd78-f6cf-2db6-3caafabdd667,2026-07-11T18:30:13.473,aml,OK,MT103,SWIFT,38.1,GBP,**************5276,GB,119
cfaaefeb-bd78-f6cf-2db6-3caafabdd667,2026-07-11T18:30:13.538,payment-hub,OK,MT103,SWIFT,38.1,GBP,**************5276,GB,32
cfaaefeb-bd78-f6cf-2db6-3caafabdd667,2026-07-11T18:30:13.613,core-banking,OK,MT103,SWIFT,38.1,GBP,**************5276,GB,172
cfaaefeb-bd78-f6cf-2db6-3caafabdd667,2026-07-11T18:30:13.744,settlement,SETTLED,MT103,SWIFT,38.1,GBP,**************5276,GB,211
e303f223-9cab-3c16-3370-23e286da4730,2026-07-06T23:17:03.348,gateway,OK,pacs.008,FAST,660.32,INR,**************4639,IN,23
e303f223-9cab-3c16-3370-23e286da4730,2026-07-06T23:17:03.450,auth,OK,pacs.008,FAST,660.32,INR,**************4639,IN,31
e303f223-9cab-3c16-3370-23e286da4730,2026-07-06T23:17:03.610,validation,OK,pacs.008,FAST,660.32,INR,**************4639,IN,47
e303f223-9cab-3c16-3370-23e286da4730,2026-07-06T23:17:03.721,aml,OK,pacs.008,FAST,660.32,INR,**************4639,IN,189
e303f223-9cab-3c16-3370-23e286da4730,2026-07-06T23:17:03.772,payment-hub,OK,pacs.008,FAST,660.32,INR,**************4639,IN,95
e303f223-9cab-3c16-3370-23e286da4730,2026-07-06T23:17:03.892,core-banking,OK,pacs.008,FAST,660.32,INR,**************4639,IN,239
e303f223-9cab-3c16-3370-23e286da4730,2026-07-06T23:17:04.085,settlement,SETTLED,pacs.008,FAST,660.32,INR,**************4639,IN,74
5927bd43-0336-6bac-b877-8f84f35ff94d,2026-07-11T10:46:28.308,gateway,OK,MT103,SWIFT,2121.87,SGD,**************8783,SG,22
5927bd43-0336-6bac-b877-8f84f35ff94d,2026-07-11T10:46:28.398,auth,OK,MT103,SWIFT,2121.87,SGD,**************8783,SG,74
5927bd43-0336-6bac-b877-8f84f35ff94d,2026-07-11T10:46:28.476,validation,OK,MT103,SWIFT,2121.87,SGD,**************8783,SG,44
5927bd43-0336-6bac-b877-8f84f35ff94d,2026-07-11T10:46:28.625,aml,OK,MT103,SWIFT,2121.87,SGD,**************8783,SG,121
5927bd43-0336-6bac-b877-8f84f35ff94d,2026-07-11T10:46:28.686,payment-hub,OK,MT103,SWIFT,2121.87,SGD,**************8783,SG,106
5927bd43-0336-6bac-b877-8f84f35ff94d,2026-07-11T10:46:28.772,core-banking,OK,MT103,SWIFT,2121.87,SGD,**************8783,SG,95
5927bd43-0336-6bac-b877-8f84f35ff94d,2026-07-11T10:46:28.844,settlement,SETTLED,MT103,SWIFT,2121.87,SGD,**************8783,SG,205
798b9d8e-58bf-2234-bfb5-6e2111c0df19,2026-07-05T22:23:49.778,gateway,OK,MT103,SWIFT,411.67,SGD,**************9633,SG,27
798b9d8e-58bf-2234-bfb5-6e2111c0df19,2026-07-05T22:23:49.832,auth,OK,MT103,SWIFT,411.67,SGD,**************9633,SG,89
798b9d8e-58bf-2234-bfb5-6e2111c0df19,2026-07-05T22:23:49.917,validation,OK,MT103,SWIFT,411.67,SGD,**************9633,SG,81
798b9d8e-58bf-2234-bfb5-6e2111c0df19,2026-07-05T22:23:49.956,aml,OK,MT103,SWIFT,411.67,SGD,**************9633,SG,147
798b9d8e-58bf-2234-bfb5-6e2111c0df19,2026-07-05T22:23:50.003,payment-hub,OK,MT103,SWIFT,411.67,SGD,**************9633,SG,50
798b9d8e-58bf-2234-bfb5-6e2111c0df19,2026-07-05T22:23:50.058,core-banking,OK,MT103,SWIFT,411.67,SGD,**************9633,SG,127
798b9d8e-58bf-2234-bfb5-6e2111c0df19,2026-07-05T22:23:50.162,settlement,SETTLED,MT103,SWIFT,411.67,SGD,**************9633,SG,379
9bcfbb29-57e1-9934-ebd5-7c1da23ef9d3,2026-07-02T15:20:36.701,gateway,OK,MT103,SWIFT,2733.43,INR,**************2588,SG,27
9bcfbb29-57e1-9934-ebd5-7c1da23ef9d3,2026-07-02T15:20:36.765,auth,OK,MT103,SWIFT,2733.43,INR,**************2588,SG,39
9bcfbb29-57e1-9934-ebd5-7c1da23ef9d3,2026-07-02T15:20:36.876,validation,OK,MT103,SWIFT,2733.43,INR,**************2588,SG,105
9bcfbb29-57e1-9934-ebd5-7c1da23ef9d3,2026-07-02T15:20:36.954,aml,OK,MT103,SWIFT,2733.43,INR,**************2588,SG,214
9bcfbb29-57e1-9934-ebd5-7c1da23ef9d3,2026-07-02T15:20:37.206,payment-hub,OK,MT103,SWIFT,2733.43,INR,**************2588,SG,56
9bcfbb29-57e1-9934-ebd5-7c1da23ef9d3,2026-07-02T15:20:37.341,core-banking,OK,MT103,SWIFT,2733.43,INR,**************2588,SG,97
9bcfbb29-57e1-9934-ebd5-7c1da23ef9d3,2026-07-02T15:20:37.652,settlement,SETTLED,MT103,SWIFT,2733.43,INR,**************2588,SG,379
cc5c4e41-acff-f5a1-689c-d506b6a297b8,2026-07-13T20:02:37.695,gateway,OK,pacs.008,FAST,1817.47,USD,**************4544,US,18
cc5c4e41-acff-f5a1-689c-d506b6a297b8,2026-07-13T20:02:37.782,auth,OK,pacs.008,FAST,1817.47,USD,**************4544,US,32
cc5c4e41-acff-f5a1-689c-d506b6a297b8,2026-07-13T20:02:37.832,validation,OK,pacs.008,FAST,1817.47,USD,**************4544,US,63
cc5c4e41-acff-f5a1-689c-d506b6a297b8,2026-07-13T20:02:37.885,aml,OK,pacs.008,FAST,1817.47,USD,**************4544,US,273
cc5c4e41-acff-f5a1-689c-d506b6a297b8,2026-07-13T20:02:37.964,payment-hub,OK,pacs.008,FAST,1817.47,USD,**************4544,US,140
cc5c4e41-acff-f5a1-689c-d506b6a297b8,2026-07-13T20:02:38.005,core-banking,OK,pacs.008,FAST,1817.47,USD,**************4544,US,173
cc5c4e41-acff-f5a1-689c-d506b6a297b8,2026-07-13T20:02:38.195,settlement,SETTLED,pacs.008,FAST,1817.47,USD,**************4544,US,317
1730886c-ec86-42e9-67d1-ec5ef566364b,2026-07-03T13:48:19.897,gateway,OK,pacs.008,FAST,973.51,GBP,**************3545,GB,27
1730886c-ec86-42e9-67d1-ec5ef566364b,2026-07-03T13:48:19.947,auth,OK,pacs.008,FAST,973.51,GBP,**************3545,GB,42
1730886c-ec86-42e9-67d1-ec5ef566364b,2026-07-03T13:48:20.089,validation,OK,pacs.008,FAST,973.51,GBP,**************3545,GB,66
1730886c-ec86-42e9-67d1-ec5ef566364b,2026-07-03T13:48:20.184,aml,OK,pacs.008,FAST,973.51,GBP,**************3545,GB,173
1730886c-ec86-42e9-67d1-ec5ef566364b,2026-07-03T13:48:20.361,payment-hub,OK,pacs.008,FAST,973.51,GBP,**************3545,GB,110
1730886c-ec86-42e9-67d1-ec5ef566364b,2026-07-03T13:48:20.590,core-banking,OK,pacs.008,FAST,973.51,GBP,**************3545,GB,189
1730886c-ec86-42e9-67d1-ec5ef566364b,2026-07-03T13:48:20.645,settlement,SETTLED,pacs.008,FAST,973.51,GBP,**************3545,GB,309
efd6fd9c-2c29-a37e-98bf-8b51e6df4d9c,2026-07-01T08:13:15.436,gateway,OK,0200,CARDS,206.38,MYR,**************0816,MY,59
efd6fd9c-2c29-a37e-98bf-8b51e6df4d9c,2026-07-01T08:13:15.502,auth,OK,0200,CARDS,206.38,MYR,**************0816,MY,67
efd6fd9c-2c29-a37e-98bf-8b51e6df4d9c,2026-07-01T08:13:15.555,validation,OK,0200,CARDS,206.38,MYR,**************0816,MY,86
efd6fd9c-2c29-a37e-98bf-8b51e6df4d9c,2026-07-01T08:13:15.655,aml,OK,0200,CARDS,206.38,MYR,**************0816,MY,228
efd6fd9c-2c29-a37e-98bf-8b51e6df4d9c,2026-07-01T08:13:15.784,payment-hub,OK,0200,CARDS,206.38,MYR,**************0816,MY,33
efd6fd9c-2c29-a37e-98bf-8b51e6df4d9c,2026-07-01T08:13:15.863,core-banking,OK,0200,CARDS,206.38,MYR,**************0816,MY,58
efd6fd9c-2c29-a37e-98bf-8b51e6df4d9c,2026-07-01T08:13:15.914,settlement,SETTLED,0200,CARDS,206.38,MYR,**************0816,MY,282
1f672068-79b3-9fdf-2a98-defdcb805b19,2026-07-09T10:41:47.147,gateway,OK,pacs.008,FAST,731.13,SGD,**************2380,SG,45
1f672068-79b3-9fdf-2a98-defdcb805b19,2026-07-09T10:41:47.218,auth,OK,pacs.008,FAST,731.13,SGD,**************2380,SG,89
1f672068-79b3-9fdf-2a98-defdcb805b19,2026-07-09T10:41:47.389,validation,OK,pacs.008,FAST,731.13,SGD,**************2380,SG,62
1f672068-79b3-9fdf-2a98-defdcb805b19,2026-07-09T10:41:47.486,aml,OK,pacs.008,FAST,731.13,SGD,**************2380,SG,139
1f672068-79b3-9fdf-2a98-defdcb805b19,2026-07-09T10:41:47.563,payment-hub,OK,pacs.008,FAST,731.13,SGD,**************2380,SG,36
1f672068-79b3-9fdf-2a98-defdcb805b19,2026-07-09T10:41:47.651,core-banking,OK,pacs.008,FAST,731.13,SGD,**************2380,SG,112
1f672068-79b3-9fdf-2a98-defdcb805b19,2026-07-09T10:41:47.717,settlement,SETTLED,pacs.008,FAST,731.13,SGD,**************2380,SG,118
21013202-ab7a-072c-f9b4-3bcd852853aa,2026-07-12T23:38:26.131,gateway,OK,pacs.008,FAST,1452.09,SGD,**************8826,SG,56
21013202-ab7a-072c-f9b4-3bcd852853aa,2026-07-12T23:38:26.184,auth,OK,pacs.008,FAST,1452.09,SGD,**************8826,SG,44
21013202-ab7a-072c-f9b4-3bcd852853aa,2026-07-12T23:38:26.278,validation,OK,pacs.008,FAST,1452.09,SGD,**************8826,SG,47
21013202-ab7a-072c-f9b4-3bcd852853aa,2026-07-12T23:38:26.325,aml,OK,pacs.008,FAST,1452.09,SGD,**************8826,SG,200
21013202-ab7a-072c-f9b4-3bcd852853aa,2026-07-12T23:38:26.423,payment-hub,OK,pacs.008,FAST,1452.09,SGD,**************8826,SG,40
21013202-ab7a-072c-f9b4-3bcd852853aa,2026-07-12T23:38:26.479,core-banking,OK,pacs.008,FAST,1452.09,SGD,**************8826,SG,192
21013202-ab7a-072c-f9b4-3bcd852853aa,2026-07-12T23:38:26.582,settlement,SETTLED,pacs.008,FAST,1452.09,SGD,**************8826,SG,156
0872fa30-3bbe-1aaf-4a5b-d49e10d9de88,2026-07-04T05:45:53.854,gateway,OK,MT103,SWIFT,888.88,SGD,**************6787,SG,37
0872fa30-3bbe-1aaf-4a5b-d49e10d9de88,2026-07-04T05:45:53.921,auth,OK,MT103,SWIFT,888.88,SGD,**************6787,SG,45
0872fa30-3bbe-1aaf-4a5b-d49e10d9de88,2026-07-04T05:45:54.232,validation,OK,MT103,SWIFT,888.88,SGD,**************6787,SG,25
0872fa30-3bbe-1aaf-4a5b-d49e10d9de88,2026-07-04T05:45:54.347,aml,OK,MT103,SWIFT,888.88,SGD,**************6787,SG,263
0872fa30-3bbe-1aaf-4a5b-d49e10d9de88,2026-07-04T05:45:54.616,payment-hub,OK,MT103,SWIFT,888.88,SGD,**************6787,SG,40
0872fa30-3bbe-1aaf-4a5b-d49e10d9de88,2026-07-04T05:45:54.642,core-banking,OK,MT103,SWIFT,888.88,SGD,**************6787,SG,212
0872fa30-3bbe-1aaf-4a5b-d49e10d9de88,2026-07-04T05:45:54.721,settlement,SETTLED,MT103,SWIFT,888.88,SGD,**************6787,SG,235
0f266631-5b61-8132-6bc9-46888b344604,2026-07-04T13:29:16.539,gateway,OK,pacs.008,FAST,173.76,USD,**************2432,US,33
0f266631-5b61-8132-6bc9-46888b344604,2026-07-04T13:29:16.813,auth,OK,pacs.008,FAST,173.76,USD,**************2432,US,64
0f266631-5b61-8132-6bc9-46888b344604,2026-07-04T13:29:16.940,validation,OK,pacs.008,FAST,173.76,USD,**************2432,US,32
0f266631-5b61-8132-6bc9-46888b344604,2026-07-04T13:29:17.247,aml,OK,pacs.008,FAST,173.76,USD,**************2432,US,260
0f266631-5b61-8132-6bc9-46888b344604,2026-07-04T13:29:17.325,payment-hub,OK,pacs.008,FAST,173.76,USD,**************2432,US,74
0f266631-5b61-8132-6bc9-46888b344604,2026-07-04T13:29:17.450,core-banking,OK,pacs.008,FAST,173.76,USD,**************2432,US,172
0f266631-5b61-8132-6bc9-46888b344604,2026-07-04T13:29:17.496,settlement,SETTLED,pacs.008,FAST,173.76,USD,**************2432,US,132
ea8c4c60-34d1-3eec-9b4a-2475d39bb823,2026-07-15T06:00:59.914,gateway,OK,pacs.008,FAST,162.63,EUR,**************3797,HK,27
ea8c4c60-34d1-3eec-9b4a-2475d39bb823,2026-07-15T06:01:00.003,auth,OK,pacs.008,FAST,162.63,EUR,**************3797,HK,67
ea8c4c60-34d1-3eec-9b4a-2475d39bb823,2026-07-15T06:01:00.036,validation,OK,pacs.008,FAST,162.63,EUR,**************3797,HK,111
ea8c4c60-34d1-3eec-9b4a-2475d39bb823,2026-07-15T06:01:00.181,aml,OK,pacs.008,FAST,162.63,EUR,**************3797,HK,63
ea8c4c60-34d1-3eec-9b4a-2475d39bb823,2026-07-15T06:01:00.451,payment-hub,OK,pacs.008,FAST,162.63,EUR,**************3797,HK,30
ea8c4c60-34d1-3eec-9b4a-2475d39bb823,2026-07-15T06:01:00.596,core-banking,OK,pacs.008,FAST,162.63,EUR,**************3797,HK,85
ea8c4c60-34d1-3eec-9b4a-2475d39bb823,2026-07-15T06:01:00.672,settlement,SETTLED,pacs.008,FAST,162.63,EUR,**************3797,HK,78
0a636f98-ac8d-8bd8-ad5e-cfccad89c03b,2026-07-06T13:10:01.467,gateway,OK,pacs.008,FAST,1547.43,SGD,**************7279,SG,37
0a636f98-ac8d-8bd8-ad5e-cfccad89c03b,2026-07-06T13:10:01.622,auth,OK,pacs.008,FAST,1547.43,SGD,**************7279,SG,42
0a636f98-ac8d-8bd8-ad5e-cfccad89c03b,2026-07-06T13:10:01.796,validation,OK,pacs.008,FAST,1547.43,SGD,**************7279,SG,104
0a636f98-ac8d-8bd8-ad5e-cfccad89c03b,2026-07-06T13:10:01.874,aml,OK,pacs.008,FAST,1547.43,SGD,**************7279,SG,224
0a636f98-ac8d-8bd8-ad5e-cfccad89c03b,2026-07-06T13:10:01.960,payment-hub,OK,pacs.008,FAST,1547.43,SGD,**************7279,SG,94
0a636f98-ac8d-8bd8-ad5e-cfccad89c03b,2026-07-06T13:10:02.095,core-banking,OK,pacs.008,FAST,1547.43,SGD,**************7279,SG,123
0a636f98-ac8d-8bd8-ad5e-cfccad89c03b,2026-07-06T13:10:02.167,settlement,SETTLED,pacs.008,FAST,1547.43,SGD,**************7279,SG,139
06a015b1-11a8-c7f3-908c-d612fe8c5ed5,2026-07-02T11:14:27.715,gateway,OK,pacs.008,FAST,1274.32,SGD,**************3280,SG,60
06a015b1-11a8-c7f3-908c-d612fe8c5ed5,2026-07-02T11:14:27.789,auth,OK,pacs.008,FAST,1274.32,SGD,**************3280,SG,80
06a015b1-11a8-c7f3-908c-d612fe8c5ed5,2026-07-02T11:14:27.902,validation,OK,pacs.008,FAST,1274.32,SGD,**************3280,SG,50
06a015b1-11a8-c7f3-908c-d612fe8c5ed5,2026-07-02T11:14:28.209,aml,OK,pacs.008,FAST,1274.32,SGD,**************3280,SG,169
06a015b1-11a8-c7f3-908c-d612fe8c5ed5,2026-07-02T11:14:28.318,payment-hub,OK,pacs.008,FAST,1274.32,SGD,**************3280,SG,31
06a015b1-11a8-c7f3-908c-d612fe8c5ed5,2026-07-02T11:14:28.523,core-banking,OK,pacs.008,FAST,1274.32,SGD,**************3280,SG,121
06a015b1-11a8-c7f3-908c-d612fe8c5ed5,2026-07-02T11:14:28.778,settlement,SETTLED,pacs.008,FAST,1274.32,SGD,**************3280,SG,314
71899f29-938e-27ee-744c-1df8a7d44704,2026-07-09T16:08:24.741,gateway,OK,MT103,SWIFT,459.51,MYR,**************9349,MY,56
71899f29-938e-27ee-744c-1df8a7d44704,2026-07-09T16:08:24.810,auth,OK,MT103,SWIFT,459.51,MYR,**************9349,MY,60
71899f29-938e-27ee-744c-1df8a7d44704,2026-07-09T16:08:24.942,validation,OK,MT103,SWIFT,459.51,MYR,**************9349,MY,26
71899f29-938e-27ee-744c-1df8a7d44704,2026-07-09T16:08:25.021,aml,OK,MT103,SWIFT,459.51,MYR,**************9349,MY,124
71899f29-938e-27ee-744c-1df8a7d44704,2026-07-09T16:08:25.059,payment-hub,OK,MT103,SWIFT,459.51,MYR,**************9349,MY,97
71899f29-938e-27ee-744c-1df8a7d44704,2026-07-09T16:08:25.131,core-banking,OK,MT103,SWIFT,459.51,MYR,**************9349,MY,183
71899f29-938e-27ee-744c-1df8a7d44704,2026-07-09T16:08:25.213,settlement,SETTLED,MT103,SWIFT,459.51,MYR,**************9349,MY,400
ee2d13b0-b669-6325-4d49-a7eb35aaf7ae,2026-07-13T03:37:12.560,gateway,OK,pacs.008,FAST,3223.75,USD,**************3882,US,18
ee2d13b0-b669-6325-4d49-a7eb35aaf7ae,2026-07-13T03:37:12.673,auth,OK,pacs.008,FAST,3223.75,USD,**************3882,US,82
ee2d13b0-b669-6325-4d49-a7eb35aaf7ae,2026-07-13T03:37:12.779,validation,OK,pacs.008,FAST,3223.75,USD,**************3882,US,87
ee2d13b0-b669-6325-4d49-a7eb35aaf7ae,2026-07-13T03:37:12.832,aml,OK,pacs.008,FAST,3223.75,USD,**************3882,US,255
ee2d13b0-b669-6325-4d49-a7eb35aaf7ae,2026-07-13T03:37:12.904,payment-hub,OK,pacs.008,FAST,3223.75,USD,**************3882,US,135
ee2d13b0-b669-6325-4d49-a7eb35aaf7ae,2026-07-13T03:37:13.177,core-banking,OK,pacs.008,FAST,3223.75,USD,**************3882,US,119
ee2d13b0-b669-6325-4d49-a7eb35aaf7ae,2026-07-13T03:37:13.414,settlement,SETTLED,pacs.008,FAST,3223.75,USD,**************3882,US,380
02de8336-77d0-abeb-cfa2-464837f22359,2026-07-07T16:12:18.236,gateway,OK,pacs.008,FAST,579.65,MYR,**************9832,MY,27
02de8336-77d0-abeb-cfa2-464837f22359,2026-07-07T16:12:18.340,auth,OK,pacs.008,FAST,579.65,MYR,**************9832,MY,76
02de8336-77d0-abeb-cfa2-464837f22359,2026-07-07T16:12:18.448,validation,OK,pacs.008,FAST,579.65,MYR,**************9832,MY,114
02de8336-77d0-abeb-cfa2-464837f22359,2026-07-07T16:12:18.563,aml,OK,pacs.008,FAST,579.65,MYR,**************9832,MY,101
02de8336-77d0-abeb-cfa2-464837f22359,2026-07-07T16:12:18.666,payment-hub,OK,pacs.008,FAST,579.65,MYR,**************9832,MY,118
02de8336-77d0-abeb-cfa2-464837f22359,2026-07-07T16:12:18.730,core-banking,OK,pacs.008,FAST,579.65,MYR,**************9832,MY,121
02de8336-77d0-abeb-cfa2-464837f22359,2026-07-07T16:12:18.846,settlement,SETTLED,pacs.008,FAST,579.65,MYR,**************9832,MY,396
99a65746-a0a5-78d9-5ed3-b0fd970b16eb,2026-07-13T15:58:36.423,gateway,OK,pacs.008,FAST,299.6,SGD,**************4382,SG,32
99a65746-a0a5-78d9-5ed3-b0fd970b16eb,2026-07-13T15:58:36.500,auth,OK,pacs.008,FAST,299.6,SGD,**************4382,SG,86
99a65746-a0a5-78d9-5ed3-b0fd970b16eb,2026-07-13T15:58:36.742,validation,OK,pacs.008,FAST,299.6,SGD,**************4382,SG,32
99a65746-a0a5-78d9-5ed3-b0fd970b16eb,2026-07-13T15:58:36.786,aml,OK,pacs.008,FAST,299.6,SGD,**************4382,SG,128
99a65746-a0a5-78d9-5ed3-b0fd970b16eb,2026-07-13T15:58:36.869,payment-hub,OK,pacs.008,FAST,299.6,SGD,**************4382,SG,133
99a65746-a0a5-78d9-5ed3-b0fd970b16eb,2026-07-13T15:58:37.028,core-banking,OK,pacs.008,FAST,299.6,SGD,**************4382,SG,50
99a65746-a0a5-78d9-5ed3-b0fd970b16eb,2026-07-13T15:58:37.119,settlement,SETTLED,pacs.008,FAST,299.6,SGD,**************4382,SG,161
bd0f78cc-1319-32d7-93bc-8ec8e4dc26e1,2026-07-04T05:34:17.908,gateway,OK,MT103,SWIFT,93.78,USD,**************0645,US,39
bd0f78cc-1319-32d7-93bc-8ec8e4dc26e1,2026-07-04T05:34:18.048,auth,OK,MT103,SWIFT,93.78,USD,**************0645,US,31
bd0f78cc-1319-32d7-93bc-8ec8e4dc26e1,2026-07-04T05:34:18.167,validation,OK,MT103,SWIFT,93.78,USD,**************0645,US,86
bd0f78cc-1319-32d7-93bc-8ec8e4dc26e1,2026-07-04T05:34:18.282,aml,OK,MT103,SWIFT,93.78,USD,**************0645,US,49
bd0f78cc-1319-32d7-93bc-8ec8e4dc26e1,2026-07-04T05:34:18.317,payment-hub,OK,MT103,SWIFT,93.78,USD,**************0645,US,113
bd0f78cc-1319-32d7-93bc-8ec8e4dc26e1,2026-07-04T05:34:18.426,core-banking,OK,MT103,SWIFT,93.78,USD,**************0645,US,85
bd0f78cc-1319-32d7-93bc-8ec8e4dc26e1,2026-07-04T05:34:18.558,settlement,SETTLED,MT103,SWIFT,93.78,USD,**************0645,US,134
f9437d70-b688-bb46-df10-2a51a73e4cb1,2026-07-14T07:13:47.680,gateway,OK,pacs.008,FAST,1055.03,EUR,**************4030,MY,41
f9437d70-b688-bb46-df10-2a51a73e4cb1,2026-07-14T07:13:47.751,auth,OK,pacs.008,FAST,1055.03,EUR,**************4030,MY,71
f9437d70-b688-bb46-df10-2a51a73e4cb1,2026-07-14T07:13:47.837,validation,OK,pacs.008,FAST,1055.03,EUR,**************4030,MY,39
f9437d70-b688-bb46-df10-2a51a73e4cb1,2026-07-14T07:13:47.996,aml,OK,pacs.008,FAST,1055.03,EUR,**************4030,MY,228
f9437d70-b688-bb46-df10-2a51a73e4cb1,2026-07-14T07:13:48.091,payment-hub,OK,pacs.008,FAST,1055.03,EUR,**************4030,MY,33
f9437d70-b688-bb46-df10-2a51a73e4cb1,2026-07-14T07:13:48.191,core-banking,OK,pacs.008,FAST,1055.03,EUR,**************4030,MY,221
f9437d70-b688-bb46-df10-2a51a73e4cb1,2026-07-14T07:13:48.256,settlement,SETTLED,pacs.008,FAST,1055.03,EUR,**************4030,MY,131
a4fd3d2d-1f3c-1a4b-e7f1-475a6cfb9730,2026-07-05T21:08:47.582,gateway,OK,pacs.008,FAST,346.18,SGD,**************8723,SG,19
a4fd3d2d-1f3c-1a4b-e7f1-475a6cfb9730,2026-07-05T21:08:47.669,auth,OK,pacs.008,FAST,346.18,SGD,**************8723,SG,52
a4fd3d2d-1f3c-1a4b-e7f1-475a6cfb9730,2026-07-05T21:08:47.710,validation,OK,pacs.008,FAST,346.18,SGD,**************8723,SG,47
a4fd3d2d-1f3c-1a4b-e7f1-475a6cfb9730,2026-07-05T21:08:47.824,aml,OK,pacs.008,FAST,346.18,SGD,**************8723,SG,258
a4fd3d2d-1f3c-1a4b-e7f1-475a6cfb9730,2026-07-05T21:08:47.951,payment-hub,OK,pacs.008,FAST,346.18,SGD,**************8723,SG,123
a4fd3d2d-1f3c-1a4b-e7f1-475a6cfb9730,2026-07-05T21:08:48.098,core-banking,OK,pacs.008,FAST,346.18,SGD,**************8723,SG,183
a4fd3d2d-1f3c-1a4b-e7f1-475a6cfb9730,2026-07-05T21:08:48.250,settlement,SETTLED,pacs.008,FAST,346.18,SGD,**************8723,SG,343
c77ad7ca-421c-6498-bc20-1d67a5a7af79,2026-07-15T00:26:36.507,gateway,OK,0200,CARDS,370.31,INR,**************0124,IN,56
c77ad7ca-421c-6498-bc20-1d67a5a7af79,2026-07-15T00:26:36.679,auth,OK,0200,CARDS,370.31,INR,**************0124,IN,57
c77ad7ca-421c-6498-bc20-1d67a5a7af79,2026-07-15T00:26:36.830,validation,OK,0200,CARDS,370.31,INR,**************0124,IN,33
c77ad7ca-421c-6498-bc20-1d67a5a7af79,2026-07-15T00:26:36.926,aml,TIMEOUT,0200,CARDS,370.31,INR,**************0124,IN,30000
c77ad7ca-421c-6498-bc20-1d67a5a7af79,2026-07-15T00:26:37.124,payment-hub,FAILED,0200,CARDS,370.31,INR,**************0124,IN,93
3eb45742-3f9b-b5d9-8200-5e8e0125e666,2026-07-15T00:12:40.462,gateway,OK,pacs.008,FAST,196.09,SGD,**************0836,SG,37
3eb45742-3f9b-b5d9-8200-5e8e0125e666,2026-07-15T00:12:40.542,auth,OK,pacs.008,FAST,196.09,SGD,**************0836,SG,76
3eb45742-3f9b-b5d9-8200-5e8e0125e666,2026-07-15T00:12:40.631,validation,OK,pacs.008,FAST,196.09,SGD,**************0836,SG,44
3eb45742-3f9b-b5d9-8200-5e8e0125e666,2026-07-15T00:12:40.869,aml,OK,pacs.008,FAST,196.09,SGD,**************0836,SG,199
3eb45742-3f9b-b5d9-8200-5e8e0125e666,2026-07-15T00:12:40.962,payment-hub,OK,pacs.008,FAST,196.09,SGD,**************0836,SG,81
3eb45742-3f9b-b5d9-8200-5e8e0125e666,2026-07-15T00:12:41.068,core-banking,OK,pacs.008,FAST,196.09,SGD,**************0836,SG,137
3eb45742-3f9b-b5d9-8200-5e8e0125e666,2026-07-15T00:12:41.164,settlement,SETTLED,pacs.008,FAST,196.09,SGD,**************0836,SG,314
224f8caf-ca17-cb52-2684-ca36c433fafe,2026-07-13T03:57:37.885,gateway,OK,MT103,SWIFT,1072.26,MYR,**************0548,MY,30
224f8caf-ca17-cb52-2684-ca36c433fafe,2026-07-13T03:57:37.999,auth,OK,MT103,SWIFT,1072.26,MYR,**************0548,MY,37
224f8caf-ca17-cb52-2684-ca36c433fafe,2026-07-13T03:57:38.067,validation,OK,MT103,SWIFT,1072.26,MYR,**************0548,MY,120
224f8caf-ca17-cb52-2684-ca36c433fafe,2026-07-13T03:57:38.150,aml,OK,MT103,SWIFT,1072.26,MYR,**************0548,MY,224
224f8caf-ca17-cb52-2684-ca36c433fafe,2026-07-13T03:57:38.364,payment-hub,OK,MT103,SWIFT,1072.26,MYR,**************0548,MY,41
224f8caf-ca17-cb52-2684-ca36c433fafe,2026-07-13T03:57:38.478,core-banking,OK,MT103,SWIFT,1072.26,MYR,**************0548,MY,100
224f8caf-ca17-cb52-2684-ca36c433fafe,2026-07-13T03:57:38.580,settlement,SETTLED,MT103,SWIFT,1072.26,MYR,**************0548,MY,111
32b25183-5d2a-f7f3-0651-671cb66e0342,2026-07-09T18:59:24.150,gateway,OK,0200,CARDS,1711.56,SGD,**************0821,SG,31
32b25183-5d2a-f7f3-0651-671cb66e0342,2026-07-09T18:59:24.231,auth,OK,0200,CARDS,1711.56,SGD,**************0821,SG,37
32b25183-5d2a-f7f3-0651-671cb66e0342,2026-07-09T18:59:24.450,validation,OK,0200,CARDS,1711.56,SGD,**************0821,SG,118
32b25183-5d2a-f7f3-0651-671cb66e0342,2026-07-09T18:59:24.494,aml,TIMEOUT,0200,CARDS,1711.56,SGD,**************0821,SG,30000
32b25183-5d2a-f7f3-0651-671cb66e0342,2026-07-09T18:59:24.578,payment-hub,FAILED,0200,CARDS,1711.56,SGD,**************0821,SG,60
d02ed9a7-46b2-7a55-eeb9-7705716e4771,2026-07-02T02:08:16.841,gateway,OK,0200,CARDS,3604.16,SGD,**************3868,SG,39
d02ed9a7-46b2-7a55-eeb9-7705716e4771,2026-07-02T02:08:16.909,auth,OK,0200,CARDS,3604.16,SGD,**************3868,SG,67
d02ed9a7-46b2-7a55-eeb9-7705716e4771,2026-07-02T02:08:17.243,validation,OK,0200,CARDS,3604.16,SGD,**************3868,SG,32
d02ed9a7-46b2-7a55-eeb9-7705716e4771,2026-07-02T02:08:17.374,aml,OK,0200,CARDS,3604.16,SGD,**************3868,SG,134
d02ed9a7-46b2-7a55-eeb9-7705716e4771,2026-07-02T02:08:17.481,payment-hub,OK,0200,CARDS,3604.16,SGD,**************3868,SG,114
d02ed9a7-46b2-7a55-eeb9-7705716e4771,2026-07-02T02:08:17.560,core-banking,OK,0200,CARDS,3604.16,SGD,**************3868,SG,55
d02ed9a7-46b2-7a55-eeb9-7705716e4771,2026-07-02T02:08:17.718,settlement,SETTLED,0200,CARDS,3604.16,SGD,**************3868,SG,237
1d1d89e2-30f0-4fc9-eb99-1101654f47ae,2026-07-09T02:00:09.698,gateway,OK,pacs.008,FAST,139.99,USD,**************3874,US,42
1d1d89e2-30f0-4fc9-eb99-1101654f47ae,2026-07-09T02:00:09.883,auth,OK,pacs.008,FAST,139.99,USD,**************3874,US,41
1d1d89e2-30f0-4fc9-eb99-1101654f47ae,2026-07-09T02:00:09.959,validation,OK,pacs.008,FAST,139.99,USD,**************3874,US,53
1d1d89e2-30f0-4fc9-eb99-1101654f47ae,2026-07-09T02:00:10.052,aml,OK,pacs.008,FAST,139.99,USD,**************3874,US,214
1d1d89e2-30f0-4fc9-eb99-1101654f47ae,2026-07-09T02:00:10.339,payment-hub,OK,pacs.008,FAST,139.99,USD,**************3874,US,56
1d1d89e2-30f0-4fc9-eb99-1101654f47ae,2026-07-09T02:00:10.402,core-banking,OK,pacs.008,FAST,139.99,USD,**************3874,US,157
1d1d89e2-30f0-4fc9-eb99-1101654f47ae,2026-07-09T02:00:40.413,settlement,SETTLED,pacs.008,FAST,139.99,USD,**************3874,US,133
d73ef587-ebe1-c953-d7ea-5fe5279a08fe,2026-07-11T13:18:18.468,gateway,OK,pacs.008,FAST,255.38,SGD,**************3883,SG,55
d73ef587-ebe1-c953-d7ea-5fe5279a08fe,2026-07-11T13:18:18.532,auth,OK,pacs.008,FAST,255.38,SGD,**************3883,SG,71
d73ef587-ebe1-c953-d7ea-5fe5279a08fe,2026-07-11T13:18:18.624,validation,OK,pacs.008,FAST,255.38,SGD,**************3883,SG,119
d73ef587-ebe1-c953-d7ea-5fe5279a08fe,2026-07-11T13:18:18.693,aml,OK,pacs.008,FAST,255.38,SGD,**************3883,SG,60
d73ef587-ebe1-c953-d7ea-5fe5279a08fe,2026-07-11T13:18:18.782,payment-hub,OK,pacs.008,FAST,255.38,SGD,**************3883,SG,104
d73ef587-ebe1-c953-d7ea-5fe5279a08fe,2026-07-11T13:18:18.883,core-banking,OK,pacs.008,FAST,255.38,SGD,**************3883,SG,72
d73ef587-ebe1-c953-d7ea-5fe5279a08fe,2026-07-11T13:18:19.007,settlement,SETTLED,pacs.008,FAST,255.38,SGD,**************3883,SG,344
90a824f3-21d0-46cf-3b3b-4b4040c8fe55,2026-07-11T21:56:55.301,gateway,OK,pacs.008,FAST,5533.04,SGD,**************1588,SG,49
90a824f3-21d0-46cf-3b3b-4b4040c8fe55,2026-07-11T21:56:55.335,auth,OK,pacs.008,FAST,5533.04,SGD,**************1588,SG,70
90a824f3-21d0-46cf-3b3b-4b4040c8fe55,2026-07-11T21:56:55.502,validation,OK,pacs.008,FAST,5533.04,SGD,**************1588,SG,38
90a824f3-21d0-46cf-3b3b-4b4040c8fe55,2026-07-11T21:56:55.785,aml,OK,pacs.008,FAST,5533.04,SGD,**************1588,SG,115
90a824f3-21d0-46cf-3b3b-4b4040c8fe55,2026-07-11T21:56:55.855,payment-hub,OK,pacs.008,FAST,5533.04,SGD,**************1588,SG,74
90a824f3-21d0-46cf-3b3b-4b4040c8fe55,2026-07-11T21:56:55.910,core-banking,OK,pacs.008,FAST,5533.04,SGD,**************1588,SG,182
90a824f3-21d0-46cf-3b3b-4b4040c8fe55,2026-07-11T21:56:56.157,settlement,SETTLED,pacs.008,FAST,5533.04,SGD,**************1588,SG,155
7c2a13d3-58b9-728a-1c1f-35cdefd58834,2026-07-02T08:08:19.713,gateway,OK,MT103,SWIFT,18265.69,USD,**************0842,HK,50
7c2a13d3-58b9-728a-1c1f-35cdefd58834,2026-07-02T08:08:19.830,auth,OK,MT103,SWIFT,18265.69,USD,**************0842,HK,51
7c2a13d3-58b9-728a-1c1f-35cdefd58834,2026-07-02T08:08:19.889,validation,OK,MT103,SWIFT,18265.69,USD,**************0842,HK,75
7c2a13d3-58b9-728a-1c1f-35cdefd58834,2026-07-02T08:08:19.988,aml,OK,MT103,SWIFT,18265.69,USD,**************0842,HK,249
7c2a13d3-58b9-728a-1c1f-35cdefd58834,2026-07-02T08:08:20.083,payment-hub,OK,MT103,SWIFT,18265.69,USD,**************0842,HK,31
7c2a13d3-58b9-728a-1c1f-35cdefd58834,2026-07-02T08:08:20.138,core-banking,OK,MT103,SWIFT,18265.69,USD,**************0842,HK,198
7c2a13d3-58b9-728a-1c1f-35cdefd58834,2026-07-02T08:08:20.204,settlement,SETTLED,MT103,SWIFT,18265.69,USD,**************0842,HK,221
ac12d939-1532-8a18-516a-f77b03ca5731,2026-07-01T08:26:38.437,gateway,OK,MT103,SWIFT,257.15,SGD,**************2068,SG,23
ac12d939-1532-8a18-516a-f77b03ca5731,2026-07-01T08:26:38.507,auth,OK,MT103,SWIFT,257.15,SGD,**************2068,SG,48
ac12d939-1532-8a18-516a-f77b03ca5731,2026-07-01T08:26:38.622,validation,OK,MT103,SWIFT,257.15,SGD,**************2068,SG,101
ac12d939-1532-8a18-516a-f77b03ca5731,2026-07-01T08:26:38.702,aml,OK,MT103,SWIFT,257.15,SGD,**************2068,SG,135
ac12d939-1532-8a18-516a-f77b03ca5731,2026-07-01T08:26:38.783,payment-hub,OK,MT103,SWIFT,257.15,SGD,**************2068,SG,110
ac12d939-1532-8a18-516a-f77b03ca5731,2026-07-01T08:26:38.852,core-banking,OK,MT103,SWIFT,257.15,SGD,**************2068,SG,65
ac12d939-1532-8a18-516a-f77b03ca5731,2026-07-01T08:26:38.958,settlement,SETTLED,MT103,SWIFT,257.15,SGD,**************2068,SG,93
d449cf5f-fd94-e83c-0f40-8cfb80ee1eb2,2026-07-13T13:27:20.605,gateway,OK,MT103,SWIFT,208.88,INR,**************8012,IN,57
d449cf5f-fd94-e83c-0f40-8cfb80ee1eb2,2026-07-13T13:27:20.729,auth,OK,MT103,SWIFT,208.88,INR,**************8012,IN,48
d449cf5f-fd94-e83c-0f40-8cfb80ee1eb2,2026-07-13T13:27:20.852,validation,OK,MT103,SWIFT,208.88,INR,**************8012,IN,108
d449cf5f-fd94-e83c-0f40-8cfb80ee1eb2,2026-07-13T13:27:20.916,aml,OK,MT103,SWIFT,208.88,INR,**************8012,IN,93
d449cf5f-fd94-e83c-0f40-8cfb80ee1eb2,2026-07-13T13:27:21.125,payment-hub,OK,MT103,SWIFT,208.88,INR,**************8012,IN,73
d449cf5f-fd94-e83c-0f40-8cfb80ee1eb2,2026-07-13T13:27:21.376,core-banking,OK,MT103,SWIFT,208.88,INR,**************8012,IN,166
d449cf5f-fd94-e83c-0f40-8cfb80ee1eb2,2026-07-13T13:27:21.511,settlement,SETTLED,MT103,SWIFT,208.88,INR,**************8012,IN,174
f00a9b26-f11d-2dd4-5836-e832b2161d11,2026-07-14T01:16:24.846,gateway,OK,0200,CARDS,296.7,INR,**************0975,IN,40
f00a9b26-f11d-2dd4-5836-e832b2161d11,2026-07-14T01:16:24.947,auth,OK,0200,CARDS,296.7,INR,**************0975,IN,80
f00a9b26-f11d-2dd4-5836-e832b2161d11,2026-07-14T01:16:25.030,validation,OK,0200,CARDS,296.7,INR,**************0975,IN,83
f00a9b26-f11d-2dd4-5836-e832b2161d11,2026-07-14T01:16:25.154,aml,OK,0200,CARDS,296.7,INR,**************0975,IN,47
f00a9b26-f11d-2dd4-5836-e832b2161d11,2026-07-14T01:16:25.261,payment-hub,OK,0200,CARDS,296.7,INR,**************0975,IN,133
f00a9b26-f11d-2dd4-5836-e832b2161d11,2026-07-14T01:16:25.409,core-banking,OK,0200,CARDS,296.7,INR,**************0975,IN,162
f00a9b26-f11d-2dd4-5836-e832b2161d11,2026-07-14T01:16:25.552,settlement,SETTLED,0200,CARDS,296.7,INR,**************0975,IN,271
1e15c14b-b7f1-e286-f7f9-49dd321e4b4e,2026-07-14T13:55:01.588,gateway,OK,pacs.008,FAST,664.15,SGD,**************5799,SG,52
1e15c14b-b7f1-e286-f7f9-49dd321e4b4e,2026-07-14T13:55:01.837,auth,OK,pacs.008,FAST,664.15,SGD,**************5799,SG,75
1e15c14b-b7f1-e286-f7f9-49dd321e4b4e,2026-07-14T13:55:01.992,validation,OK,pacs.008,FAST,664.15,SGD,**************5799,SG,76
1e15c14b-b7f1-e286-f7f9-49dd321e4b4e,2026-07-14T13:55:02.080,aml,OK,pacs.008,FAST,664.15,SGD,**************5799,SG,242
1e15c14b-b7f1-e286-f7f9-49dd321e4b4e,2026-07-14T13:55:02.171,payment-hub,OK,pacs.008,FAST,664.15,SGD,**************5799,SG,126
1e15c14b-b7f1-e286-f7f9-49dd321e4b4e,2026-07-14T13:55:02.240,core-banking,OK,pacs.008,FAST,664.15,SGD,**************5799,SG,150
1e15c14b-b7f1-e286-f7f9-49dd321e4b4e,2026-07-14T13:55:02.490,settlement,SETTLED,pacs.008,FAST,664.15,SGD,**************5799,SG,115
d697042f-1739-2b79-564f-8b9d52d1f73d,2026-07-13T08:41:18.494,gateway,OK,pacs.008,FAST,878.82,EUR,**************9700,MY,16
d697042f-1739-2b79-564f-8b9d52d1f73d,2026-07-13T08:41:18.578,auth,OK,pacs.008,FAST,878.82,EUR,**************9700,MY,57
d697042f-1739-2b79-564f-8b9d52d1f73d,2026-07-13T08:41:18.640,validation,OK,pacs.008,FAST,878.82,EUR,**************9700,MY,71
d697042f-1739-2b79-564f-8b9d52d1f73d,2026-07-13T08:41:18.748,aml,OK,pacs.008,FAST,878.82,EUR,**************9700,MY,97
d697042f-1739-2b79-564f-8b9d52d1f73d,2026-07-13T08:41:18.822,payment-hub,OK,pacs.008,FAST,878.82,EUR,**************9700,MY,54
d697042f-1739-2b79-564f-8b9d52d1f73d,2026-07-13T08:41:18.916,core-banking,OK,pacs.008,FAST,878.82,EUR,**************9700,MY,206
d697042f-1739-2b79-564f-8b9d52d1f73d,2026-07-13T08:41:18.963,settlement,SETTLED,pacs.008,FAST,878.82,EUR,**************9700,MY,79
480247e3-ece7-53ed-b6e2-94b3afec686a,2026-07-02T16:18:30.468,gateway,OK,pacs.008,FAST,763.87,USD,**************4084,HK,41
480247e3-ece7-53ed-b6e2-94b3afec686a,2026-07-02T16:18:30.576,auth,OK,pacs.008,FAST,763.87,USD,**************4084,HK,85
480247e3-ece7-53ed-b6e2-94b3afec686a,2026-07-02T16:18:30.710,validation,OK,pacs.008,FAST,763.87,USD,**************4084,HK,100
480247e3-ece7-53ed-b6e2-94b3afec686a,2026-07-02T16:18:30.981,aml,OK,pacs.008,FAST,763.87,USD,**************4084,HK,52
480247e3-ece7-53ed-b6e2-94b3afec686a,2026-07-02T16:18:31.115,payment-hub,OK,pacs.008,FAST,763.87,USD,**************4084,HK,38
480247e3-ece7-53ed-b6e2-94b3afec686a,2026-07-02T16:18:31.186,core-banking,OK,pacs.008,FAST,763.87,USD,**************4084,HK,172
480247e3-ece7-53ed-b6e2-94b3afec686a,2026-07-02T16:18:31.429,settlement,SETTLED,pacs.008,FAST,763.87,USD,**************4084,HK,112
3f1a3f16-83b7-8889-2fa8-e5210f85f016,2026-07-07T04:14:15.444,gateway,OK,pacs.008,FAST,264.06,EUR,**************4511,SG,33
3f1a3f16-83b7-8889-2fa8-e5210f85f016,2026-07-07T04:14:15.539,auth,OK,pacs.008,FAST,264.06,EUR,**************4511,SG,29
3f1a3f16-83b7-8889-2fa8-e5210f85f016,2026-07-07T04:14:15.687,validation,OK,pacs.008,FAST,264.06,EUR,**************4511,SG,75
3f1a3f16-83b7-8889-2fa8-e5210f85f016,2026-07-07T04:14:15.776,aml,OK,pacs.008,FAST,264.06,EUR,**************4511,SG,58
3f1a3f16-83b7-8889-2fa8-e5210f85f016,2026-07-07T04:14:15.857,payment-hub,OK,pacs.008,FAST,264.06,EUR,**************4511,SG,148
3f1a3f16-83b7-8889-2fa8-e5210f85f016,2026-07-07T04:14:16.000,core-banking,OK,pacs.008,FAST,264.06,EUR,**************4511,SG,73
3f1a3f16-83b7-8889-2fa8-e5210f85f016,2026-07-07T04:14:46.013,settlement,SETTLED,pacs.008,FAST,264.06,EUR,**************4511,SG,398
849ed423-0b1c-ac8e-ffbf-641f092c42be,2026-07-10T00:35:15.648,gateway,OK,pacs.008,FAST,127.93,GBP,**************5247,GB,46
849ed423-0b1c-ac8e-ffbf-641f092c42be,2026-07-10T00:35:15.770,auth,OK,pacs.008,FAST,127.93,GBP,**************5247,GB,33
849ed423-0b1c-ac8e-ffbf-641f092c42be,2026-07-10T00:35:16.003,validation,OK,pacs.008,FAST,127.93,GBP,**************5247,GB,48
849ed423-0b1c-ac8e-ffbf-641f092c42be,2026-07-10T00:35:16.290,aml,OK,pacs.008,FAST,127.93,GBP,**************5247,GB,288
849ed423-0b1c-ac8e-ffbf-641f092c42be,2026-07-10T00:35:16.367,payment-hub,OK,pacs.008,FAST,127.93,GBP,**************5247,GB,63
849ed423-0b1c-ac8e-ffbf-641f092c42be,2026-07-10T00:35:16.492,core-banking,OK,pacs.008,FAST,127.93,GBP,**************5247,GB,186
849ed423-0b1c-ac8e-ffbf-641f092c42be,2026-07-10T00:35:16.547,settlement,SETTLED,pacs.008,FAST,127.93,GBP,**************5247,GB,175
0973601a-d8bc-3ef3-2bce-631077d06ddd,2026-07-11T04:43:35.513,gateway,OK,MT103,SWIFT,3048.99,SGD,**************3457,SG,46
0973601a-d8bc-3ef3-2bce-631077d06ddd,2026-07-11T04:43:35.601,auth,OK,MT103,SWIFT,3048.99,SGD,**************3457,SG,27
0973601a-d8bc-3ef3-2bce-631077d06ddd,2026-07-11T04:43:35.670,validation,REJECTED,MT103,SWIFT,3048.99,SGD,**************3457,SG,32
62637923-ccd8-48ad-8bce-f0711bb51e04,2026-07-12T08:47:23.450,gateway,OK,pacs.008,FAST,4554.24,SGD,**************8582,SG,43
62637923-ccd8-48ad-8bce-f0711bb51e04,2026-07-12T08:47:23.538,auth,OK,pacs.008,FAST,4554.24,SGD,**************8582,SG,71
62637923-ccd8-48ad-8bce-f0711bb51e04,2026-07-12T08:47:23.648,validation,OK,pacs.008,FAST,4554.24,SGD,**************8582,SG,119
62637923-ccd8-48ad-8bce-f0711bb51e04,2026-07-12T08:47:23.764,aml,OK,pacs.008,FAST,4554.24,SGD,**************8582,SG,246
62637923-ccd8-48ad-8bce-f0711bb51e04,2026-07-12T08:47:23.893,payment-hub,OK,pacs.008,FAST,4554.24,SGD,**************8582,SG,138
62637923-ccd8-48ad-8bce-f0711bb51e04,2026-07-12T08:47:24.021,core-banking,OK,pacs.008,FAST,4554.24,SGD,**************8582,SG,202
62637923-ccd8-48ad-8bce-f0711bb51e04,2026-07-12T08:47:24.119,settlement,SETTLED,pacs.008,FAST,4554.24,SGD,**************8582,SG,164
a7209177-3510-a493-e6a1-ad0358be47a6,2026-07-05T01:12:34.816,gateway,OK,pacs.008,FAST,401.62,SGD,**************8741,SG,29
a7209177-3510-a493-e6a1-ad0358be47a6,2026-07-05T01:12:34.888,auth,OK,pacs.008,FAST,401.62,SGD,**************8741,SG,37
a7209177-3510-a493-e6a1-ad0358be47a6,2026-07-05T01:12:34.953,validation,OK,pacs.008,FAST,401.62,SGD,**************8741,SG,50
a7209177-3510-a493-e6a1-ad0358be47a6,2026-07-05T01:12:34.982,aml,OK,pacs.008,FAST,401.62,SGD,**************8741,SG,284
a7209177-3510-a493-e6a1-ad0358be47a6,2026-07-05T01:12:35.032,payment-hub,OK,pacs.008,FAST,401.62,SGD,**************8741,SG,101
a7209177-3510-a493-e6a1-ad0358be47a6,2026-07-05T01:12:35.179,core-banking,OK,pacs.008,FAST,401.62,SGD,**************8741,SG,182
a7209177-3510-a493-e6a1-ad0358be47a6,2026-07-05T01:12:35.322,settlement,SETTLED,pacs.008,FAST,401.62,SGD,**************8741,SG,243
babaad13-2b11-080f-8b96-15092eb3da4a,2026-07-14T04:19:52.023,gateway,OK,pacs.008,FAST,797.41,MYR,**************9150,MY,33
babaad13-2b11-080f-8b96-15092eb3da4a,2026-07-14T04:19:52.092,auth,OK,pacs.008,FAST,797.41,MYR,**************9150,MY,70
babaad13-2b11-080f-8b96-15092eb3da4a,2026-07-14T04:19:52.227,validation,OK,pacs.008,FAST,797.41,MYR,**************9150,MY,76
babaad13-2b11-080f-8b96-15092eb3da4a,2026-07-14T04:19:52.437,aml,OK,pacs.008,FAST,797.41,MYR,**************9150,MY,120
babaad13-2b11-080f-8b96-15092eb3da4a,2026-07-14T04:19:52.498,payment-hub,OK,pacs.008,FAST,797.41,MYR,**************9150,MY,64
babaad13-2b11-080f-8b96-15092eb3da4a,2026-07-14T04:19:52.559,core-banking,OK,pacs.008,FAST,797.41,MYR,**************9150,MY,248
babaad13-2b11-080f-8b96-15092eb3da4a,2026-07-14T04:19:52.648,settlement,SETTLED,pacs.008,FAST,797.41,MYR,**************9150,MY,274
00b871a8-28bc-c621-89f4-58569e91674a,2026-07-05T09:37:44.717,gateway,OK,pacs.008,FAST,195.39,SGD,**************0969,SG,43
00b871a8-28bc-c621-89f4-58569e91674a,2026-07-05T09:37:44.758,auth,OK,pacs.008,FAST,195.39,SGD,**************0969,SG,66
00b871a8-28bc-c621-89f4-58569e91674a,2026-07-05T09:37:44.857,validation,OK,pacs.008,FAST,195.39,SGD,**************0969,SG,107
00b871a8-28bc-c621-89f4-58569e91674a,2026-07-05T09:37:44.914,aml,TIMEOUT,pacs.008,FAST,195.39,SGD,**************0969,SG,30000
00b871a8-28bc-c621-89f4-58569e91674a,2026-07-05T09:37:44.979,payment-hub,FAILED,pacs.008,FAST,195.39,SGD,**************0969,SG,118
2a727f73-d479-f931-4080-990f45738c5e,2026-07-12T12:13:42.361,gateway,OK,MT103,SWIFT,408.89,SGD,**************1042,SG,40
2a727f73-d479-f931-4080-990f45738c5e,2026-07-12T12:13:42.679,auth,OK,MT103,SWIFT,408.89,SGD,**************1042,SG,90
2a727f73-d479-f931-4080-990f45738c5e,2026-07-12T12:13:42.814,validation,OK,MT103,SWIFT,408.89,SGD,**************1042,SG,77
2a727f73-d479-f931-4080-990f45738c5e,2026-07-12T12:13:42.892,aml,OK,MT103,SWIFT,408.89,SGD,**************1042,SG,271
2a727f73-d479-f931-4080-990f45738c5e,2026-07-12T12:13:43.044,payment-hub,OK,MT103,SWIFT,408.89,SGD,**************1042,SG,112
2a727f73-d479-f931-4080-990f45738c5e,2026-07-12T12:13:43.120,core-banking,OK,MT103,SWIFT,408.89,SGD,**************1042,SG,112
2a727f73-d479-f931-4080-990f45738c5e,2026-07-12T12:13:43.366,settlement,SETTLED,MT103,SWIFT,408.89,SGD,**************1042,SG,75
deef179a-54ff-37e4-3445-247b54f28a45,2026-07-04T15:44:18.718,gateway,OK,pacs.008,FAST,535.5,MYR,**************1055,US,26
deef179a-54ff-37e4-3445-247b54f28a45,2026-07-04T15:44:18.993,auth,OK,pacs.008,FAST,535.5,MYR,**************1055,US,59
deef179a-54ff-37e4-3445-247b54f28a45,2026-07-04T15:44:19.106,validation,OK,pacs.008,FAST,535.5,MYR,**************1055,US,120
deef179a-54ff-37e4-3445-247b54f28a45,2026-07-04T15:44:19.186,aml,OK,pacs.008,FAST,535.5,MYR,**************1055,US,249
deef179a-54ff-37e4-3445-247b54f28a45,2026-07-04T15:44:19.304,payment-hub,OK,pacs.008,FAST,535.5,MYR,**************1055,US,132
deef179a-54ff-37e4-3445-247b54f28a45,2026-07-04T15:44:19.553,core-banking,OK,pacs.008,FAST,535.5,MYR,**************1055,US,250
deef179a-54ff-37e4-3445-247b54f28a45,2026-07-04T15:44:19.643,settlement,SETTLED,pacs.008,FAST,535.5,MYR,**************1055,US,304
a5e77db8-5042-6bae-e011-3b00a060b638,2026-07-05T21:56:29.030,gateway,OK,pacs.008,FAST,937.68,USD,**************1577,HK,53
a5e77db8-5042-6bae-e011-3b00a060b638,2026-07-05T21:56:29.062,auth,OK,pacs.008,FAST,937.68,USD,**************1577,HK,64
a5e77db8-5042-6bae-e011-3b00a060b638,2026-07-05T21:56:29.129,validation,OK,pacs.008,FAST,937.68,USD,**************1577,HK,67
a5e77db8-5042-6bae-e011-3b00a060b638,2026-07-05T21:56:29.289,aml,OK,pacs.008,FAST,937.68,USD,**************1577,HK,191
a5e77db8-5042-6bae-e011-3b00a060b638,2026-07-05T21:56:29.525,payment-hub,OK,pacs.008,FAST,937.68,USD,**************1577,HK,148
a5e77db8-5042-6bae-e011-3b00a060b638,2026-07-05T21:56:29.587,core-banking,OK,pacs.008,FAST,937.68,USD,**************1577,HK,169
a5e77db8-5042-6bae-e011-3b00a060b638,2026-07-05T21:56:29.843,settlement,SETTLED,pacs.008,FAST,937.68,USD,**************1577,HK,392
508aac14-c921-71ef-7171-1aaef4827d80,2026-07-07T05:32:36.690,gateway,OK,pacs.008,FAST,970.03,USD,**************6949,US,28
508aac14-c921-71ef-7171-1aaef4827d80,2026-07-07T05:32:36.737,auth,OK,pacs.008,FAST,970.03,USD,**************6949,US,78
508aac14-c921-71ef-7171-1aaef4827d80,2026-07-07T05:32:36.898,validation,REJECTED,pacs.008,FAST,970.03,USD,**************6949,US,34
7aa7b796-1480-7b5d-a127-faa9b042dba8,2026-07-01T08:32:12.396,gateway,OK,MT103,SWIFT,2140.47,SGD,**************6052,SG,46
7aa7b796-1480-7b5d-a127-faa9b042dba8,2026-07-01T08:32:12.617,auth,OK,MT103,SWIFT,2140.47,SGD,**************6052,SG,20
7aa7b796-1480-7b5d-a127-faa9b042dba8,2026-07-01T08:32:12.853,validation,OK,MT103,SWIFT,2140.47,SGD,**************6052,SG,70
7aa7b796-1480-7b5d-a127-faa9b042dba8,2026-07-01T08:32:12.901,aml,OK,MT103,SWIFT,2140.47,SGD,**************6052,SG,112
7aa7b796-1480-7b5d-a127-faa9b042dba8,2026-07-01T08:32:13.147,payment-hub,OK,MT103,SWIFT,2140.47,SGD,**************6052,SG,37
7aa7b796-1480-7b5d-a127-faa9b042dba8,2026-07-01T08:32:13.275,core-banking,OK,MT103,SWIFT,2140.47,SGD,**************6052,SG,117
7aa7b796-1480-7b5d-a127-faa9b042dba8,2026-07-01T08:32:13.517,settlement,SETTLED,MT103,SWIFT,2140.47,SGD,**************6052,SG,287
1d95820a-dc9b-94ec-c76c-549658446b0a,2026-07-08T05:36:19.114,gateway,OK,MT103,SWIFT,288.08,USD,**************1808,US,60
1d95820a-dc9b-94ec-c76c-549658446b0a,2026-07-08T05:36:19.243,auth,OK,MT103,SWIFT,288.08,USD,**************1808,US,66
1d95820a-dc9b-94ec-c76c-549658446b0a,2026-07-08T05:36:19.359,validation,REJECTED,MT103,SWIFT,288.08,USD,**************1808,US,48
175f541f-7b60-e597-4ae2-0c4f8774fddf,2026-07-13T14:11:08.414,gateway,OK,0200,CARDS,201.47,INR,**************2258,IN,36
175f541f-7b60-e597-4ae2-0c4f8774fddf,2026-07-13T14:11:08.557,auth,OK,0200,CARDS,201.47,INR,**************2258,IN,27
175f541f-7b60-e597-4ae2-0c4f8774fddf,2026-07-13T14:11:08.656,validation,OK,0200,CARDS,201.47,INR,**************2258,IN,87
175f541f-7b60-e597-4ae2-0c4f8774fddf,2026-07-13T14:11:08.747,aml,OK,0200,CARDS,201.47,INR,**************2258,IN,196
175f541f-7b60-e597-4ae2-0c4f8774fddf,2026-07-13T14:11:08.963,payment-hub,OK,0200,CARDS,201.47,INR,**************2258,IN,140
175f541f-7b60-e597-4ae2-0c4f8774fddf,2026-07-13T14:11:09.092,core-banking,OK,0200,CARDS,201.47,INR,**************2258,IN,133
175f541f-7b60-e597-4ae2-0c4f8774fddf,2026-07-13T14:11:09.195,settlement,SETTLED,0200,CARDS,201.47,INR,**************2258,IN,400
0c5daee8-9a34-62cd-a2b6-4e13c8e54ded,2026-07-14T13:36:43.474,gateway,OK,MT103,SWIFT,490.04,SGD,**************6370,SG,21
0c5daee8-9a34-62cd-a2b6-4e13c8e54ded,2026-07-14T13:36:43.593,auth,OK,MT103,SWIFT,490.04,SGD,**************6370,SG,88
0c5daee8-9a34-62cd-a2b6-4e13c8e54ded,2026-07-14T13:36:43.686,validation,OK,MT103,SWIFT,490.04,SGD,**************6370,SG,52
0c5daee8-9a34-62cd-a2b6-4e13c8e54ded,2026-07-14T13:36:43.810,aml,OK,MT103,SWIFT,490.04,SGD,**************6370,SG,105
0c5daee8-9a34-62cd-a2b6-4e13c8e54ded,2026-07-14T13:36:43.907,payment-hub,OK,MT103,SWIFT,490.04,SGD,**************6370,SG,107
0c5daee8-9a34-62cd-a2b6-4e13c8e54ded,2026-07-14T13:36:44.131,core-banking,OK,MT103,SWIFT,490.04,SGD,**************6370,SG,189
0c5daee8-9a34-62cd-a2b6-4e13c8e54ded,2026-07-14T13:36:44.201,settlement,SETTLED,MT103,SWIFT,490.04,SGD,**************6370,SG,155
700366df-059b-aa94-6e8c-fee1a4002d83,2026-07-03T00:57:00.169,gateway,OK,MT103,SWIFT,271.78,USD,**************2391,US,58
700366df-059b-aa94-6e8c-fee1a4002d83,2026-07-03T00:57:00.235,auth,OK,MT103,SWIFT,271.78,USD,**************2391,US,21
700366df-059b-aa94-6e8c-fee1a4002d83,2026-07-03T00:57:00.346,validation,OK,MT103,SWIFT,271.78,USD,**************2391,US,113
700366df-059b-aa94-6e8c-fee1a4002d83,2026-07-03T00:57:00.399,aml,OK,MT103,SWIFT,271.78,USD,**************2391,US,272
700366df-059b-aa94-6e8c-fee1a4002d83,2026-07-03T00:57:00.571,payment-hub,OK,MT103,SWIFT,271.78,USD,**************2391,US,51
700366df-059b-aa94-6e8c-fee1a4002d83,2026-07-03T00:57:00.695,core-banking,OK,MT103,SWIFT,271.78,USD,**************2391,US,97
700366df-059b-aa94-6e8c-fee1a4002d83,2026-07-03T00:57:00.863,settlement,SETTLED,MT103,SWIFT,271.78,USD,**************2391,US,244
a04559fa-8725-dad7-6d37-8e9098c5cc78,2026-07-11T23:41:11.101,gateway,OK,pacs.008,FAST,952.46,SGD,**************2259,SG,52
a04559fa-8725-dad7-6d37-8e9098c5cc78,2026-07-11T23:41:11.180,auth,OK,pacs.008,FAST,952.46,SGD,**************2259,SG,66
a04559fa-8725-dad7-6d37-8e9098c5cc78,2026-07-11T23:41:11.281,validation,REJECTED,pacs.008,FAST,952.46,SGD,**************2259,SG,86
a44bc0d0-b421-b7dd-b9eb-7573d2bf84d2,2026-07-07T17:09:47.123,gateway,OK,MT103,SWIFT,789.58,USD,**************4732,US,29
a44bc0d0-b421-b7dd-b9eb-7573d2bf84d2,2026-07-07T17:09:47.239,auth,OK,MT103,SWIFT,789.58,USD,**************4732,US,60
a44bc0d0-b421-b7dd-b9eb-7573d2bf84d2,2026-07-07T17:09:47.279,validation,OK,MT103,SWIFT,789.58,USD,**************4732,US,66
a44bc0d0-b421-b7dd-b9eb-7573d2bf84d2,2026-07-07T17:09:47.386,aml,OK,MT103,SWIFT,789.58,USD,**************4732,US,183
a44bc0d0-b421-b7dd-b9eb-7573d2bf84d2,2026-07-07T17:09:47.441,payment-hub,OK,MT103,SWIFT,789.58,USD,**************4732,US,92
a44bc0d0-b421-b7dd-b9eb-7573d2bf84d2,2026-07-07T17:09:47.514,core-banking,OK,MT103,SWIFT,789.58,USD,**************4732,US,163
a44bc0d0-b421-b7dd-b9eb-7573d2bf84d2,2026-07-07T17:09:47.588,settlement,SETTLED,MT103,SWIFT,789.58,USD,**************4732,US,144
2b260949-7521-e339-e11d-ed01857dcc10,2026-07-09T22:43:38.468,gateway,OK,MT103,SWIFT,638.25,MYR,**************0977,MY,45
2b260949-7521-e339-e11d-ed01857dcc10,2026-07-09T22:43:38.542,auth,OK,MT103,SWIFT,638.25,MYR,**************0977,MY,68
2b260949-7521-e339-e11d-ed01857dcc10,2026-07-09T22:43:38.642,validation,OK,MT103,SWIFT,638.25,MYR,**************0977,MY,90
2b260949-7521-e339-e11d-ed01857dcc10,2026-07-09T22:43:38.703,aml,OK,MT103,SWIFT,638.25,MYR,**************0977,MY,224
2b260949-7521-e339-e11d-ed01857dcc10,2026-07-09T22:43:38.785,payment-hub,OK,MT103,SWIFT,638.25,MYR,**************0977,MY,109
2b260949-7521-e339-e11d-ed01857dcc10,2026-07-09T22:43:38.831,core-banking,OK,MT103,SWIFT,638.25,MYR,**************0977,MY,158
2b260949-7521-e339-e11d-ed01857dcc10,2026-07-09T22:43:38.930,settlement,SETTLED,MT103,SWIFT,638.25,MYR,**************0977,MY,271
f52223a0-9231-2ea0-807b-3ffd5c895d5d,2026-07-05T11:56:48.169,gateway,OK,pacs.008,FAST,332.85,USD,**************8310,US,59
f52223a0-9231-2ea0-807b-3ffd5c895d5d,2026-07-05T11:56:48.216,auth,OK,pacs.008,FAST,332.85,USD,**************8310,US,47
f52223a0-9231-2ea0-807b-3ffd5c895d5d,2026-07-05T11:56:48.289,validation,OK,pacs.008,FAST,332.85,USD,**************8310,US,43
f52223a0-9231-2ea0-807b-3ffd5c895d5d,2026-07-05T11:56:48.524,aml,OK,pacs.008,FAST,332.85,USD,**************8310,US,257
f52223a0-9231-2ea0-807b-3ffd5c895d5d,2026-07-05T11:56:48.747,payment-hub,OK,pacs.008,FAST,332.85,USD,**************8310,US,65
f52223a0-9231-2ea0-807b-3ffd5c895d5d,2026-07-05T11:56:48.791,core-banking,OK,pacs.008,FAST,332.85,USD,**************8310,US,209
f52223a0-9231-2ea0-807b-3ffd5c895d5d,2026-07-05T11:56:48.973,settlement,SETTLED,pacs.008,FAST,332.85,USD,**************8310,US,351
a35bb005-4786-a389-9740-a1f88d375af4,2026-07-05T04:11:26.424,gateway,OK,MT103,SWIFT,502.29,INR,**************7701,SG,40
a35bb005-4786-a389-9740-a1f88d375af4,2026-07-05T04:11:26.630,auth,OK,MT103,SWIFT,502.29,INR,**************7701,SG,51
a35bb005-4786-a389-9740-a1f88d375af4,2026-07-05T04:11:26.702,validation,OK,MT103,SWIFT,502.29,INR,**************7701,SG,118
a35bb005-4786-a389-9740-a1f88d375af4,2026-07-05T04:11:26.756,aml,OK,MT103,SWIFT,502.29,INR,**************7701,SG,68
a35bb005-4786-a389-9740-a1f88d375af4,2026-07-05T04:11:26.906,payment-hub,OK,MT103,SWIFT,502.29,INR,**************7701,SG,93
a35bb005-4786-a389-9740-a1f88d375af4,2026-07-05T04:11:26.966,core-banking,OK,MT103,SWIFT,502.29,INR,**************7701,SG,91
a35bb005-4786-a389-9740-a1f88d375af4,2026-07-05T04:11:27.034,settlement,SETTLED,MT103,SWIFT,502.29,INR,**************7701,SG,140
b38faae3-cc80-f44c-c5be-0efbae439674,2026-07-14T09:13:04.928,gateway,OK,pacs.008,FAST,657.48,SGD,**************6556,SG,33
b38faae3-cc80-f44c-c5be-0efbae439674,2026-07-14T09:13:04.971,auth,OK,pacs.008,FAST,657.48,SGD,**************6556,SG,65
b38faae3-cc80-f44c-c5be-0efbae439674,2026-07-14T09:13:05.051,validation,OK,pacs.008,FAST,657.48,SGD,**************6556,SG,63
b38faae3-cc80-f44c-c5be-0efbae439674,2026-07-14T09:13:05.103,aml,OK,pacs.008,FAST,657.48,SGD,**************6556,SG,292
b38faae3-cc80-f44c-c5be-0efbae439674,2026-07-14T09:13:05.379,payment-hub,OK,pacs.008,FAST,657.48,SGD,**************6556,SG,63
b38faae3-cc80-f44c-c5be-0efbae439674,2026-07-14T09:13:05.538,core-banking,OK,pacs.008,FAST,657.48,SGD,**************6556,SG,184
b38faae3-cc80-f44c-c5be-0efbae439674,2026-07-14T09:13:05.635,settlement,SETTLED,pacs.008,FAST,657.48,SGD,**************6556,SG,291
b44f8d22-7711-7bac-acd8-af1dd5ec792d,2026-07-08T03:25:44.827,gateway,OK,pacs.008,FAST,213.79,INR,**************4684,US,45
b44f8d22-7711-7bac-acd8-af1dd5ec792d,2026-07-08T03:25:45.027,auth,OK,pacs.008,FAST,213.79,INR,**************4684,US,76
b44f8d22-7711-7bac-acd8-af1dd5ec792d,2026-07-08T03:25:45.109,validation,OK,pacs.008,FAST,213.79,INR,**************4684,US,116
b44f8d22-7711-7bac-acd8-af1dd5ec792d,2026-07-08T03:25:45.188,aml,OK,pacs.008,FAST,213.79,INR,**************4684,US,280
b44f8d22-7711-7bac-acd8-af1dd5ec792d,2026-07-08T03:25:45.326,payment-hub,OK,pacs.008,FAST,213.79,INR,**************4684,US,96
b44f8d22-7711-7bac-acd8-af1dd5ec792d,2026-07-08T03:25:45.463,core-banking,OK,pacs.008,FAST,213.79,INR,**************4684,US,109
b44f8d22-7711-7bac-acd8-af1dd5ec792d,2026-07-08T03:25:45.522,settlement,SETTLED,pacs.008,FAST,213.79,INR,**************4684,US,335
12e607dc-c0d4-9a32-056d-659b07fd8972,2026-07-08T08:41:56.349,gateway,OK,pacs.008,FAST,943.02,INR,**************7745,SG,52
12e607dc-c0d4-9a32-056d-659b07fd8972,2026-07-08T08:41:56.440,auth,OK,pacs.008,FAST,943.02,INR,**************7745,SG,83
12e607dc-c0d4-9a32-056d-659b07fd8972,2026-07-08T08:41:56.502,validation,OK,pacs.008,FAST,943.02,INR,**************7745,SG,28
12e607dc-c0d4-9a32-056d-659b07fd8972,2026-07-08T08:41:56.540,aml,OK,pacs.008,FAST,943.02,INR,**************7745,SG,212
12e607dc-c0d4-9a32-056d-659b07fd8972,2026-07-08T08:41:56.679,payment-hub,OK,pacs.008,FAST,943.02,INR,**************7745,SG,44
12e607dc-c0d4-9a32-056d-659b07fd8972,2026-07-08T08:41:56.878,core-banking,OK,pacs.008,FAST,943.02,INR,**************7745,SG,190
12e607dc-c0d4-9a32-056d-659b07fd8972,2026-07-08T08:41:56.915,settlement,SETTLED,pacs.008,FAST,943.02,INR,**************7745,SG,173
3775df7e-a814-ad27-23d4-c51b55d6810b,2026-07-05T13:37:12.633,gateway,OK,pacs.008,FAST,5113.87,SGD,**************6119,SG,50
3775df7e-a814-ad27-23d4-c51b55d6810b,2026-07-05T13:37:12.756,auth,OK,pacs.008,FAST,5113.87,SGD,**************6119,SG,26
3775df7e-a814-ad27-23d4-c51b55d6810b,2026-07-05T13:37:12.817,validation,OK,pacs.008,FAST,5113.87,SGD,**************6119,SG,59
3775df7e-a814-ad27-23d4-c51b55d6810b,2026-07-05T13:37:12.966,aml,OK,pacs.008,FAST,5113.87,SGD,**************6119,SG,60
3775df7e-a814-ad27-23d4-c51b55d6810b,2026-07-05T13:37:13.198,payment-hub,OK,pacs.008,FAST,5113.87,SGD,**************6119,SG,116
3775df7e-a814-ad27-23d4-c51b55d6810b,2026-07-05T13:37:13.294,core-banking,OK,pacs.008,FAST,5113.87,SGD,**************6119,SG,198
3775df7e-a814-ad27-23d4-c51b55d6810b,2026-07-05T13:37:13.447,settlement,SETTLED,pacs.008,FAST,5113.87,SGD,**************6119,SG,331
6336bdd5-2175-ee9b-a837-af16bce6e4ac,2026-07-12T08:12:44.150,gateway,OK,0200,CARDS,310.93,SGD,**************5257,SG,48
6336bdd5-2175-ee9b-a837-af16bce6e4ac,2026-07-12T08:12:44.183,auth,OK,0200,CARDS,310.93,SGD,**************5257,SG,47
6336bdd5-2175-ee9b-a837-af16bce6e4ac,2026-07-12T08:12:44.273,validation,OK,0200,CARDS,310.93,SGD,**************5257,SG,61
6336bdd5-2175-ee9b-a837-af16bce6e4ac,2026-07-12T08:12:44.328,aml,OK,0200,CARDS,310.93,SGD,**************5257,SG,45
6336bdd5-2175-ee9b-a837-af16bce6e4ac,2026-07-12T08:12:44.434,payment-hub,OK,0200,CARDS,310.93,SGD,**************5257,SG,69
6336bdd5-2175-ee9b-a837-af16bce6e4ac,2026-07-12T08:12:44.547,core-banking,OK,0200,CARDS,310.93,SGD,**************5257,SG,157
6336bdd5-2175-ee9b-a837-af16bce6e4ac,2026-07-12T08:12:44.589,settlement,SETTLED,0200,CARDS,310.93,SGD,**************5257,SG,74
6a9cef2b-af02-2d0b-d8f5-776b5b926e38,2026-07-10T04:29:29.493,gateway,OK,pacs.008,FAST,405.14,INR,**************0810,IN,38
6a9cef2b-af02-2d0b-d8f5-776b5b926e38,2026-07-10T04:29:29.636,auth,OK,pacs.008,FAST,405.14,INR,**************0810,IN,74
6a9cef2b-af02-2d0b-d8f5-776b5b926e38,2026-07-10T04:29:29.893,validation,OK,pacs.008,FAST,405.14,INR,**************0810,IN,45
6a9cef2b-af02-2d0b-d8f5-776b5b926e38,2026-07-10T04:29:30.001,aml,OK,pacs.008,FAST,405.14,INR,**************0810,IN,269
6a9cef2b-af02-2d0b-d8f5-776b5b926e38,2026-07-10T04:29:30.181,payment-hub,OK,pacs.008,FAST,405.14,INR,**************0810,IN,117
6a9cef2b-af02-2d0b-d8f5-776b5b926e38,2026-07-10T04:29:30.252,core-banking,OK,pacs.008,FAST,405.14,INR,**************0810,IN,94
6a9cef2b-af02-2d0b-d8f5-776b5b926e38,2026-07-10T04:29:30.320,settlement,SETTLED,pacs.008,FAST,405.14,INR,**************0810,IN,156
e0348fe3-711f-e9ac-333f-643c54e3d46a,2026-07-04T20:52:40.465,gateway,OK,pacs.008,FAST,58.1,USD,**************2347,US,44
e0348fe3-711f-e9ac-333f-643c54e3d46a,2026-07-04T20:52:40.525,auth,OK,pacs.008,FAST,58.1,USD,**************2347,US,66
e0348fe3-711f-e9ac-333f-643c54e3d46a,2026-07-04T20:52:40.776,validation,OK,pacs.008,FAST,58.1,USD,**************2347,US,29
e0348fe3-711f-e9ac-333f-643c54e3d46a,2026-07-04T20:52:40.888,aml,OK,pacs.008,FAST,58.1,USD,**************2347,US,202
e0348fe3-711f-e9ac-333f-643c54e3d46a,2026-07-04T20:52:40.979,payment-hub,OK,pacs.008,FAST,58.1,USD,**************2347,US,138
e0348fe3-711f-e9ac-333f-643c54e3d46a,2026-07-04T20:52:41.111,core-banking,OK,pacs.008,FAST,58.1,USD,**************2347,US,249
e0348fe3-711f-e9ac-333f-643c54e3d46a,2026-07-04T20:52:41.195,settlement,SETTLED,pacs.008,FAST,58.1,USD,**************2347,US,228
cd142799-320e-6842-2d57-a7c4b7ffd861,2026-07-14T22:18:09.353,gateway,OK,pacs.008,FAST,1418.47,USD,**************1371,HK,60
cd142799-320e-6842-2d57-a7c4b7ffd861,2026-07-14T22:18:09.463,auth,OK,pacs.008,FAST,1418.47,USD,**************1371,HK,63
cd142799-320e-6842-2d57-a7c4b7ffd861,2026-07-14T22:18:09.757,validation,OK,pacs.008,FAST,1418.47,USD,**************1371,HK,97
cd142799-320e-6842-2d57-a7c4b7ffd861,2026-07-14T22:18:09.828,aml,OK,pacs.008,FAST,1418.47,USD,**************1371,HK,45
cd142799-320e-6842-2d57-a7c4b7ffd861,2026-07-14T22:18:09.945,payment-hub,OK,pacs.008,FAST,1418.47,USD,**************1371,HK,108
cd142799-320e-6842-2d57-a7c4b7ffd861,2026-07-14T22:18:10.024,core-banking,OK,pacs.008,FAST,1418.47,USD,**************1371,HK,102
cd142799-320e-6842-2d57-a7c4b7ffd861,2026-07-14T22:18:10.205,settlement,SETTLED,pacs.008,FAST,1418.47,USD,**************1371,HK,256
27590c2e-1dad-48d3-b0b5-07e7c0de9c6b,2026-07-11T04:58:31.395,gateway,OK,pacs.008,FAST,1377.31,MYR,**************0964,MY,23
27590c2e-1dad-48d3-b0b5-07e7c0de9c6b,2026-07-11T04:58:31.596,auth,OK,pacs.008,FAST,1377.31,MYR,**************0964,MY,82
27590c2e-1dad-48d3-b0b5-07e7c0de9c6b,2026-07-11T04:58:31.649,validation,OK,pacs.008,FAST,1377.31,MYR,**************0964,MY,38
27590c2e-1dad-48d3-b0b5-07e7c0de9c6b,2026-07-11T04:58:31.915,aml,TIMEOUT,pacs.008,FAST,1377.31,MYR,**************0964,MY,30000
27590c2e-1dad-48d3-b0b5-07e7c0de9c6b,2026-07-11T04:58:32.022,payment-hub,FAILED,pacs.008,FAST,1377.31,MYR,**************0964,MY,148
ecf8b526-9aed-ec9e-9457-be8df555d370,2026-07-11T18:14:45.980,gateway,OK,pacs.008,FAST,3660.96,SGD,**************4241,SG,54
ecf8b526-9aed-ec9e-9457-be8df555d370,2026-07-11T18:14:46.038,auth,OK,pacs.008,FAST,3660.96,SGD,**************4241,SG,72
ecf8b526-9aed-ec9e-9457-be8df555d370,2026-07-11T18:14:46.108,validation,OK,pacs.008,FAST,3660.96,SGD,**************4241,SG,54
ecf8b526-9aed-ec9e-9457-be8df555d370,2026-07-11T18:14:46.415,aml,TIMEOUT,pacs.008,FAST,3660.96,SGD,**************4241,SG,30000
ecf8b526-9aed-ec9e-9457-be8df555d370,2026-07-11T18:14:46.576,payment-hub,FAILED,pacs.008,FAST,3660.96,SGD,**************4241,SG,31
e62ffb18-e366-2024-8aee-de00fbc6e85b,2026-07-07T16:56:25.164,gateway,OK,pacs.008,FAST,644.19,INR,**************9595,SG,59
e62ffb18-e366-2024-8aee-de00fbc6e85b,2026-07-07T16:56:25.219,auth,OK,pacs.008,FAST,644.19,INR,**************9595,SG,46
e62ffb18-e366-2024-8aee-de00fbc6e85b,2026-07-07T16:56:25.299,validation,OK,pacs.008,FAST,644.19,INR,**************9595,SG,85
e62ffb18-e366-2024-8aee-de00fbc6e85b,2026-07-07T16:56:25.398,aml,TIMEOUT,pacs.008,FAST,644.19,INR,**************9595,SG,30000
e62ffb18-e366-2024-8aee-de00fbc6e85b,2026-07-07T16:56:25.465,payment-hub,FAILED,pacs.008,FAST,644.19,INR,**************9595,SG,31
9bcc1f61-44a5-7618-e78c-201b7053c9ca,2026-07-14T05:12:59.312,gateway,OK,pacs.008,FAST,1601.59,INR,**************4631,SG,53
9bcc1f61-44a5-7618-e78c-201b7053c9ca,2026-07-14T05:12:59.388,auth,OK,pacs.008,FAST,1601.59,INR,**************4631,SG,69
9bcc1f61-44a5-7618-e78c-201b7053c9ca,2026-07-14T05:12:59.497,validation,OK,pacs.008,FAST,1601.59,INR,**************4631,SG,26
9bcc1f61-44a5-7618-e78c-201b7053c9ca,2026-07-14T05:12:59.583,aml,OK,pacs.008,FAST,1601.59,INR,**************4631,SG,214
9bcc1f61-44a5-7618-e78c-201b7053c9ca,2026-07-14T05:12:59.705,payment-hub,OK,pacs.008,FAST,1601.59,INR,**************4631,SG,120
9bcc1f61-44a5-7618-e78c-201b7053c9ca,2026-07-14T05:12:59.907,core-banking,OK,pacs.008,FAST,1601.59,INR,**************4631,SG,162
9bcc1f61-44a5-7618-e78c-201b7053c9ca,2026-07-14T05:12:59.937,settlement,SETTLED,pacs.008,FAST,1601.59,INR,**************4631,SG,223
d7f8f43c-4f18-edb6-11e7-7e6592b5902d,2026-07-07T21:03:36.759,gateway,OK,MT103,SWIFT,550.45,GBP,**************6608,SG,58
d7f8f43c-4f18-edb6-11e7-7e6592b5902d,2026-07-07T21:03:36.823,auth,OK,MT103,SWIFT,550.45,GBP,**************6608,SG,68
d7f8f43c-4f18-edb6-11e7-7e6592b5902d,2026-07-07T21:03:36.863,validation,OK,MT103,SWIFT,550.45,GBP,**************6608,SG,102
d7f8f43c-4f18-edb6-11e7-7e6592b5902d,2026-07-07T21:03:37.000,aml,OK,MT103,SWIFT,550.45,GBP,**************6608,SG,139
d7f8f43c-4f18-edb6-11e7-7e6592b5902d,2026-07-07T21:04:07.034,payment-hub,OK,MT103,SWIFT,550.45,GBP,**************6608,SG,80
d7f8f43c-4f18-edb6-11e7-7e6592b5902d,2026-07-07T21:04:07.122,core-banking,OK,MT103,SWIFT,550.45,GBP,**************6608,SG,76
d7f8f43c-4f18-edb6-11e7-7e6592b5902d,2026-07-07T21:04:07.254,settlement,SETTLED,MT103,SWIFT,550.45,GBP,**************6608,SG,269
1e075b1a-85ca-0f45-b15d-9d7f3e401e32,2026-07-13T02:09:56.010,gateway,OK,pacs.008,FAST,205.86,SGD,**************5437,SG,31
1e075b1a-85ca-0f45-b15d-9d7f3e401e32,2026-07-13T02:09:56.073,auth,OK,pacs.008,FAST,205.86,SGD,**************5437,SG,52
1e075b1a-85ca-0f45-b15d-9d7f3e401e32,2026-07-13T02:09:56.158,validation,OK,pacs.008,FAST,205.86,SGD,**************5437,SG,71
1e075b1a-85ca-0f45-b15d-9d7f3e401e32,2026-07-13T02:09:56.395,aml,OK,pacs.008,FAST,205.86,SGD,**************5437,SG,175
1e075b1a-85ca-0f45-b15d-9d7f3e401e32,2026-07-13T02:09:56.617,payment-hub,OK,pacs.008,FAST,205.86,SGD,**************5437,SG,121
1e075b1a-85ca-0f45-b15d-9d7f3e401e32,2026-07-13T02:09:56.649,core-banking,OK,pacs.008,FAST,205.86,SGD,**************5437,SG,201
1e075b1a-85ca-0f45-b15d-9d7f3e401e32,2026-07-13T02:09:56.794,settlement,SETTLED,pacs.008,FAST,205.86,SGD,**************5437,SG,62
91b8cc4c-d628-506e-5ffa-67be1175aebd,2026-07-12T00:13:23.291,gateway,OK,pacs.008,FAST,290.87,MYR,**************5354,MY,21
91b8cc4c-d628-506e-5ffa-67be1175aebd,2026-07-12T00:13:23.386,auth,OK,pacs.008,FAST,290.87,MYR,**************5354,MY,42
91b8cc4c-d628-506e-5ffa-67be1175aebd,2026-07-12T00:13:23.481,validation,OK,pacs.008,FAST,290.87,MYR,**************5354,MY,92
91b8cc4c-d628-506e-5ffa-67be1175aebd,2026-07-12T00:13:23.560,aml,OK,pacs.008,FAST,290.87,MYR,**************5354,MY,162
91b8cc4c-d628-506e-5ffa-67be1175aebd,2026-07-12T00:13:23.821,payment-hub,OK,pacs.008,FAST,290.87,MYR,**************5354,MY,138
91b8cc4c-d628-506e-5ffa-67be1175aebd,2026-07-12T00:13:23.919,core-banking,OK,pacs.008,FAST,290.87,MYR,**************5354,MY,68
91b8cc4c-d628-506e-5ffa-67be1175aebd,2026-07-12T00:13:24.201,settlement,SETTLED,pacs.008,FAST,290.87,MYR,**************5354,MY,253
df3325e3-f4cd-9d1d-0660-792a0d1bf120,2026-07-02T18:12:03.201,gateway,OK,MT103,SWIFT,1985.65,SGD,**************6128,SG,39
df3325e3-f4cd-9d1d-0660-792a0d1bf120,2026-07-02T18:12:03.301,auth,OK,MT103,SWIFT,1985.65,SGD,**************6128,SG,77
df3325e3-f4cd-9d1d-0660-792a0d1bf120,2026-07-02T18:12:03.613,validation,OK,MT103,SWIFT,1985.65,SGD,**************6128,SG,28
df3325e3-f4cd-9d1d-0660-792a0d1bf120,2026-07-02T18:12:03.709,aml,OK,MT103,SWIFT,1985.65,SGD,**************6128,SG,116
df3325e3-f4cd-9d1d-0660-792a0d1bf120,2026-07-02T18:12:03.793,payment-hub,OK,MT103,SWIFT,1985.65,SGD,**************6128,SG,83
df3325e3-f4cd-9d1d-0660-792a0d1bf120,2026-07-02T18:12:03.861,core-banking,OK,MT103,SWIFT,1985.65,SGD,**************6128,SG,127
df3325e3-f4cd-9d1d-0660-792a0d1bf120,2026-07-02T18:12:03.930,settlement,SETTLED,MT103,SWIFT,1985.65,SGD,**************6128,SG,187
b2e1288f-9a52-9464-01ee-0bd99b9cc04f,2026-07-09T02:38:33.262,gateway,OK,pacs.008,FAST,241.47,SGD,**************9353,SG,40
b2e1288f-9a52-9464-01ee-0bd99b9cc04f,2026-07-09T02:38:33.557,auth,OK,pacs.008,FAST,241.47,SGD,**************9353,SG,57
b2e1288f-9a52-9464-01ee-0bd99b9cc04f,2026-07-09T02:38:33.797,validation,OK,pacs.008,FAST,241.47,SGD,**************9353,SG,82
b2e1288f-9a52-9464-01ee-0bd99b9cc04f,2026-07-09T02:38:33.948,aml,OK,pacs.008,FAST,241.47,SGD,**************9353,SG,245
b2e1288f-9a52-9464-01ee-0bd99b9cc04f,2026-07-09T02:38:34.050,payment-hub,OK,pacs.008,FAST,241.47,SGD,**************9353,SG,68
b2e1288f-9a52-9464-01ee-0bd99b9cc04f,2026-07-09T02:38:34.142,core-banking,OK,pacs.008,FAST,241.47,SGD,**************9353,SG,225
b2e1288f-9a52-9464-01ee-0bd99b9cc04f,2026-07-09T02:38:34.301,settlement,SETTLED,pacs.008,FAST,241.47,SGD,**************9353,SG,363
3d049803-da17-15cb-e497-f6c766f26152,2026-07-07T18:14:49.007,gateway,OK,pacs.008,FAST,722.38,SGD,**************5368,SG,45
3d049803-da17-15cb-e497-f6c766f26152,2026-07-07T18:14:49.056,auth,OK,pacs.008,FAST,722.38,SGD,**************5368,SG,66
3d049803-da17-15cb-e497-f6c766f26152,2026-07-07T18:14:49.106,validation,OK,pacs.008,FAST,722.38,SGD,**************5368,SG,54
3d049803-da17-15cb-e497-f6c766f26152,2026-07-07T18:14:49.142,aml,OK,pacs.008,FAST,722.38,SGD,**************5368,SG,83
3d049803-da17-15cb-e497-f6c766f26152,2026-07-07T18:14:49.292,payment-hub,OK,pacs.008,FAST,722.38,SGD,**************5368,SG,116
3d049803-da17-15cb-e497-f6c766f26152,2026-07-07T18:14:49.372,core-banking,OK,pacs.008,FAST,722.38,SGD,**************5368,SG,98
3d049803-da17-15cb-e497-f6c766f26152,2026-07-07T18:14:49.489,settlement,SETTLED,pacs.008,FAST,722.38,SGD,**************5368,SG,299
98dd6a0d-a7d4-ae15-ce6a-3ab9ad118e7e,2026-07-09T19:35:09.536,gateway,OK,pacs.008,FAST,307.47,GBP,**************9778,GB,52
98dd6a0d-a7d4-ae15-ce6a-3ab9ad118e7e,2026-07-09T19:35:09.684,auth,OK,pacs.008,FAST,307.47,GBP,**************9778,GB,23
98dd6a0d-a7d4-ae15-ce6a-3ab9ad118e7e,2026-07-09T19:35:09.803,validation,OK,pacs.008,FAST,307.47,GBP,**************9778,GB,35
98dd6a0d-a7d4-ae15-ce6a-3ab9ad118e7e,2026-07-09T19:35:10.108,aml,OK,pacs.008,FAST,307.47,GBP,**************9778,GB,92
98dd6a0d-a7d4-ae15-ce6a-3ab9ad118e7e,2026-07-09T19:35:10.211,payment-hub,OK,pacs.008,FAST,307.47,GBP,**************9778,GB,150
98dd6a0d-a7d4-ae15-ce6a-3ab9ad118e7e,2026-07-09T19:35:10.397,core-banking,OK,pacs.008,FAST,307.47,GBP,**************9778,GB,244
98dd6a0d-a7d4-ae15-ce6a-3ab9ad118e7e,2026-07-09T19:35:10.544,settlement,SETTLED,pacs.008,FAST,307.47,GBP,**************9778,GB,304
40528941-e026-385d-f558-28fa9285555a,2026-07-12T07:09:22.506,gateway,OK,MT103,SWIFT,172.51,GBP,**************2684,GB,30
40528941-e026-385d-f558-28fa9285555a,2026-07-12T07:09:22.621,auth,OK,MT103,SWIFT,172.51,GBP,**************2684,GB,65
40528941-e026-385d-f558-28fa9285555a,2026-07-12T07:09:22.878,validation,OK,MT103,SWIFT,172.51,GBP,**************2684,GB,113
40528941-e026-385d-f558-28fa9285555a,2026-07-12T07:09:22.981,aml,OK,MT103,SWIFT,172.51,GBP,**************2684,GB,181
40528941-e026-385d-f558-28fa9285555a,2026-07-12T07:09:23.124,payment-hub,OK,MT103,SWIFT,172.51,GBP,**************2684,GB,51
40528941-e026-385d-f558-28fa9285555a,2026-07-12T07:09:23.182,core-banking,OK,MT103,SWIFT,172.51,GBP,**************2684,GB,245
40528941-e026-385d-f558-28fa9285555a,2026-07-12T07:09:23.266,settlement,SETTLED,MT103,SWIFT,172.51,GBP,**************2684,GB,353
ea89e13b-3911-2a31-bc7b-b2876705fefc,2026-07-06T05:01:20.043,gateway,OK,pacs.008,FAST,425.75,SGD,**************6626,SG,50
ea89e13b-3911-2a31-bc7b-b2876705fefc,2026-07-06T05:01:20.150,auth,OK,pacs.008,FAST,425.75,SGD,**************6626,SG,63
ea89e13b-3911-2a31-bc7b-b2876705fefc,2026-07-06T05:01:20.249,validation,REJECTED,pacs.008,FAST,425.75,SGD,**************6626,SG,102
550b1e8d-2ac8-f244-18ca-071d9a79e699,2026-07-05T12:57:19.306,gateway,OK,pacs.008,FAST,874.47,SGD,**************3761,SG,37
550b1e8d-2ac8-f244-18ca-071d9a79e699,2026-07-05T12:57:19.478,auth,OK,pacs.008,FAST,874.47,SGD,**************3761,SG,42
550b1e8d-2ac8-f244-18ca-071d9a79e699,2026-07-05T12:57:49.491,validation,OK,pacs.008,FAST,874.47,SGD,**************3761,SG,45
550b1e8d-2ac8-f244-18ca-071d9a79e699,2026-07-05T12:57:49.539,aml,OK,pacs.008,FAST,874.47,SGD,**************3761,SG,243
550b1e8d-2ac8-f244-18ca-071d9a79e699,2026-07-05T12:57:49.622,payment-hub,OK,pacs.008,FAST,874.47,SGD,**************3761,SG,68
550b1e8d-2ac8-f244-18ca-071d9a79e699,2026-07-05T12:57:49.843,core-banking,OK,pacs.008,FAST,874.47,SGD,**************3761,SG,52
550b1e8d-2ac8-f244-18ca-071d9a79e699,2026-07-05T12:57:49.901,settlement,SETTLED,pacs.008,FAST,874.47,SGD,**************3761,SG,373
7e8dc212-4b79-97d7-5999-af9c48b7581a,2026-07-09T12:03:04.151,gateway,OK,pacs.008,FAST,739.36,SGD,**************6782,SG,42
7e8dc212-4b79-97d7-5999-af9c48b7581a,2026-07-09T12:03:04.328,auth,OK,pacs.008,FAST,739.36,SGD,**************6782,SG,78
7e8dc212-4b79-97d7-5999-af9c48b7581a,2026-07-09T12:03:04.396,validation,OK,pacs.008,FAST,739.36,SGD,**************6782,SG,42
7e8dc212-4b79-97d7-5999-af9c48b7581a,2026-07-09T12:03:04.438,aml,OK,pacs.008,FAST,739.36,SGD,**************6782,SG,187
7e8dc212-4b79-97d7-5999-af9c48b7581a,2026-07-09T12:03:04.559,payment-hub,OK,pacs.008,FAST,739.36,SGD,**************6782,SG,147
7e8dc212-4b79-97d7-5999-af9c48b7581a,2026-07-09T12:03:04.666,core-banking,OK,pacs.008,FAST,739.36,SGD,**************6782,SG,105
7e8dc212-4b79-97d7-5999-af9c48b7581a,2026-07-09T12:03:04.763,settlement,SETTLED,pacs.008,FAST,739.36,SGD,**************6782,SG,100
867ccf5a-8050-caa7-d60a-b207cc8fa323,2026-07-12T02:36:35.096,gateway,OK,pacs.008,FAST,1086.45,INR,**************4320,IN,58
867ccf5a-8050-caa7-d60a-b207cc8fa323,2026-07-12T02:36:35.197,auth,OK,pacs.008,FAST,1086.45,INR,**************4320,IN,39
867ccf5a-8050-caa7-d60a-b207cc8fa323,2026-07-12T02:36:35.357,validation,OK,pacs.008,FAST,1086.45,INR,**************4320,IN,88
867ccf5a-8050-caa7-d60a-b207cc8fa323,2026-07-12T02:36:35.422,aml,OK,pacs.008,FAST,1086.45,INR,**************4320,IN,55
867ccf5a-8050-caa7-d60a-b207cc8fa323,2026-07-12T02:36:35.526,payment-hub,OK,pacs.008,FAST,1086.45,INR,**************4320,IN,47
867ccf5a-8050-caa7-d60a-b207cc8fa323,2026-07-12T02:36:35.564,core-banking,OK,pacs.008,FAST,1086.45,INR,**************4320,IN,129
867ccf5a-8050-caa7-d60a-b207cc8fa323,2026-07-12T02:36:35.655,settlement,SETTLED,pacs.008,FAST,1086.45,INR,**************4320,IN,173
3a9741d4-fdd7-991f-b2f6-6772cb87114d,2026-07-13T12:26:12.971,gateway,OK,MT103,SWIFT,1164.67,INR,**************3908,IN,55
3a9741d4-fdd7-991f-b2f6-6772cb87114d,2026-07-13T12:26:13.033,auth,OK,MT103,SWIFT,1164.67,INR,**************3908,IN,67
3a9741d4-fdd7-991f-b2f6-6772cb87114d,2026-07-13T12:26:13.091,validation,OK,MT103,SWIFT,1164.67,INR,**************3908,IN,69
3a9741d4-fdd7-991f-b2f6-6772cb87114d,2026-07-13T12:26:13.166,aml,OK,MT103,SWIFT,1164.67,INR,**************3908,IN,93
3a9741d4-fdd7-991f-b2f6-6772cb87114d,2026-07-13T12:26:13.261,payment-hub,OK,MT103,SWIFT,1164.67,INR,**************3908,IN,105
3a9741d4-fdd7-991f-b2f6-6772cb87114d,2026-07-13T12:26:13.328,core-banking,OK,MT103,SWIFT,1164.67,INR,**************3908,IN,112
3a9741d4-fdd7-991f-b2f6-6772cb87114d,2026-07-13T12:26:13.394,settlement,SETTLED,MT103,SWIFT,1164.67,INR,**************3908,IN,131
932216f2-5b9e-f306-7087-faf54552cf7a,2026-07-11T21:15:39.303,gateway,OK,pacs.008,FAST,166.21,MYR,**************9634,MY,25
932216f2-5b9e-f306-7087-faf54552cf7a,2026-07-11T21:15:39.514,auth,OK,pacs.008,FAST,166.21,MYR,**************9634,MY,34
932216f2-5b9e-f306-7087-faf54552cf7a,2026-07-11T21:15:39.718,validation,OK,pacs.008,FAST,166.21,MYR,**************9634,MY,105
932216f2-5b9e-f306-7087-faf54552cf7a,2026-07-11T21:15:39.962,aml,OK,pacs.008,FAST,166.21,MYR,**************9634,MY,261
932216f2-5b9e-f306-7087-faf54552cf7a,2026-07-11T21:15:40.000,payment-hub,OK,pacs.008,FAST,166.21,MYR,**************9634,MY,92
932216f2-5b9e-f306-7087-faf54552cf7a,2026-07-11T21:15:40.068,core-banking,OK,pacs.008,FAST,166.21,MYR,**************9634,MY,133
932216f2-5b9e-f306-7087-faf54552cf7a,2026-07-11T21:15:40.121,settlement,SETTLED,pacs.008,FAST,166.21,MYR,**************9634,MY,391
15a6110d-fe62-06a8-227a-2ec6c5da4da1,2026-07-12T10:04:45.719,gateway,OK,MT103,SWIFT,603.55,GBP,**************3769,SG,25
15a6110d-fe62-06a8-227a-2ec6c5da4da1,2026-07-12T10:04:45.776,auth,OK,MT103,SWIFT,603.55,GBP,**************3769,SG,71
15a6110d-fe62-06a8-227a-2ec6c5da4da1,2026-07-12T10:04:45.832,validation,OK,MT103,SWIFT,603.55,GBP,**************3769,SG,36
15a6110d-fe62-06a8-227a-2ec6c5da4da1,2026-07-12T10:04:45.898,aml,OK,MT103,SWIFT,603.55,GBP,**************3769,SG,153
15a6110d-fe62-06a8-227a-2ec6c5da4da1,2026-07-12T10:04:45.987,payment-hub,OK,MT103,SWIFT,603.55,GBP,**************3769,SG,91
15a6110d-fe62-06a8-227a-2ec6c5da4da1,2026-07-12T10:04:46.186,core-banking,OK,MT103,SWIFT,603.55,GBP,**************3769,SG,195
15a6110d-fe62-06a8-227a-2ec6c5da4da1,2026-07-12T10:04:46.294,settlement,SETTLED,MT103,SWIFT,603.55,GBP,**************3769,SG,229
9bf0773f-6d06-4033-e01e-a73bd4a87aa3,2026-07-05T20:41:25.296,gateway,OK,pacs.008,FAST,303.38,INR,**************2479,IN,33
9bf0773f-6d06-4033-e01e-a73bd4a87aa3,2026-07-05T20:41:25.353,auth,OK,pacs.008,FAST,303.38,INR,**************2479,IN,76
9bf0773f-6d06-4033-e01e-a73bd4a87aa3,2026-07-05T20:41:25.444,validation,REJECTED,pacs.008,FAST,303.38,INR,**************2479,IN,36
abb89a0d-6ae4-0851-461c-2d3cfc045f05,2026-07-04T13:14:25.368,gateway,OK,pacs.008,FAST,1716.28,MYR,**************6604,SG,20
abb89a0d-6ae4-0851-461c-2d3cfc045f05,2026-07-04T13:14:25.434,auth,OK,pacs.008,FAST,1716.28,MYR,**************6604,SG,80
abb89a0d-6ae4-0851-461c-2d3cfc045f05,2026-07-04T13:14:25.527,validation,REJECTED,pacs.008,FAST,1716.28,MYR,**************6604,SG,34
3b2db81f-d945-0c2c-ae79-a5f66eed4a4f,2026-07-07T21:39:08.782,gateway,OK,pacs.008,FAST,556.61,INR,**************4847,IN,42
3b2db81f-d945-0c2c-ae79-a5f66eed4a4f,2026-07-07T21:39:09.002,auth,OK,pacs.008,FAST,556.61,INR,**************4847,IN,76
3b2db81f-d945-0c2c-ae79-a5f66eed4a4f,2026-07-07T21:39:09.132,validation,OK,pacs.008,FAST,556.61,INR,**************4847,IN,37
3b2db81f-d945-0c2c-ae79-a5f66eed4a4f,2026-07-07T21:39:09.283,aml,OK,pacs.008,FAST,556.61,INR,**************4847,IN,158
3b2db81f-d945-0c2c-ae79-a5f66eed4a4f,2026-07-07T21:39:09.439,payment-hub,OK,pacs.008,FAST,556.61,INR,**************4847,IN,76
3b2db81f-d945-0c2c-ae79-a5f66eed4a4f,2026-07-07T21:39:09.728,core-banking,OK,pacs.008,FAST,556.61,INR,**************4847,IN,248
3b2db81f-d945-0c2c-ae79-a5f66eed4a4f,2026-07-07T21:39:09.826,settlement,SETTLED,pacs.008,FAST,556.61,INR,**************4847,IN,296
24333bbb-1534-8950-a235-217c024ec00c,2026-07-02T14:21:44.125,gateway,OK,pacs.008,FAST,3137.71,SGD,**************7066,SG,51
24333bbb-1534-8950-a235-217c024ec00c,2026-07-02T14:21:44.174,auth,OK,pacs.008,FAST,3137.71,SGD,**************7066,SG,73
24333bbb-1534-8950-a235-217c024ec00c,2026-07-02T14:21:44.226,validation,OK,pacs.008,FAST,3137.71,SGD,**************7066,SG,101
24333bbb-1534-8950-a235-217c024ec00c,2026-07-02T14:21:44.324,aml,OK,pacs.008,FAST,3137.71,SGD,**************7066,SG,46
24333bbb-1534-8950-a235-217c024ec00c,2026-07-02T14:21:44.393,payment-hub,OK,pacs.008,FAST,3137.71,SGD,**************7066,SG,51
24333bbb-1534-8950-a235-217c024ec00c,2026-07-02T14:21:44.556,core-banking,OK,pacs.008,FAST,3137.71,SGD,**************7066,SG,194
24333bbb-1534-8950-a235-217c024ec00c,2026-07-02T14:21:44.698,settlement,SETTLED,pacs.008,FAST,3137.71,SGD,**************7066,SG,94
a038c830-a915-1b78-0707-9219970f83fd,2026-07-12T10:54:01.769,gateway,OK,pacs.008,FAST,130.28,MYR,**************2277,MY,30
a038c830-a915-1b78-0707-9219970f83fd,2026-07-12T10:54:01.864,auth,OK,pacs.008,FAST,130.28,MYR,**************2277,MY,68
a038c830-a915-1b78-0707-9219970f83fd,2026-07-12T10:54:02.118,validation,OK,pacs.008,FAST,130.28,MYR,**************2277,MY,25
a038c830-a915-1b78-0707-9219970f83fd,2026-07-12T10:54:02.201,aml,OK,pacs.008,FAST,130.28,MYR,**************2277,MY,249
a038c830-a915-1b78-0707-9219970f83fd,2026-07-12T10:54:02.315,payment-hub,OK,pacs.008,FAST,130.28,MYR,**************2277,MY,115
a038c830-a915-1b78-0707-9219970f83fd,2026-07-12T10:54:02.482,core-banking,OK,pacs.008,FAST,130.28,MYR,**************2277,MY,94
a038c830-a915-1b78-0707-9219970f83fd,2026-07-12T10:54:02.592,settlement,SETTLED,pacs.008,FAST,130.28,MYR,**************2277,MY,111
f96b8170-adc9-8812-9898-efcdf5207d87,2026-07-08T13:38:41.608,gateway,OK,pacs.008,FAST,1590.32,SGD,**************3856,SG,26
f96b8170-adc9-8812-9898-efcdf5207d87,2026-07-08T13:38:41.680,auth,OK,pacs.008,FAST,1590.32,SGD,**************3856,SG,38
f96b8170-adc9-8812-9898-efcdf5207d87,2026-07-08T13:38:41.797,validation,OK,pacs.008,FAST,1590.32,SGD,**************3856,SG,108
f96b8170-adc9-8812-9898-efcdf5207d87,2026-07-08T13:38:41.862,aml,OK,pacs.008,FAST,1590.32,SGD,**************3856,SG,138
f96b8170-adc9-8812-9898-efcdf5207d87,2026-07-08T13:38:41.933,payment-hub,OK,pacs.008,FAST,1590.32,SGD,**************3856,SG,51
f96b8170-adc9-8812-9898-efcdf5207d87,2026-07-08T13:38:42.252,core-banking,OK,pacs.008,FAST,1590.32,SGD,**************3856,SG,228
f96b8170-adc9-8812-9898-efcdf5207d87,2026-07-08T13:38:42.350,settlement,SETTLED,pacs.008,FAST,1590.32,SGD,**************3856,SG,156
386d0968-4eb9-e584-b977-d198d1b5e2b7,2026-07-01T10:30:55.559,gateway,OK,MT103,SWIFT,453.6,MYR,**************9544,MY,34
386d0968-4eb9-e584-b977-d198d1b5e2b7,2026-07-01T10:30:55.620,auth,OK,MT103,SWIFT,453.6,MYR,**************9544,MY,88
386d0968-4eb9-e584-b977-d198d1b5e2b7,2026-07-01T10:30:55.741,validation,OK,MT103,SWIFT,453.6,MYR,**************9544,MY,82
386d0968-4eb9-e584-b977-d198d1b5e2b7,2026-07-01T10:30:55.805,aml,OK,MT103,SWIFT,453.6,MYR,**************9544,MY,113
386d0968-4eb9-e584-b977-d198d1b5e2b7,2026-07-01T10:30:55.999,payment-hub,OK,MT103,SWIFT,453.6,MYR,**************9544,MY,69
386d0968-4eb9-e584-b977-d198d1b5e2b7,2026-07-01T10:30:56.119,core-banking,OK,MT103,SWIFT,453.6,MYR,**************9544,MY,58
386d0968-4eb9-e584-b977-d198d1b5e2b7,2026-07-01T10:30:56.240,settlement,SETTLED,MT103,SWIFT,453.6,MYR,**************9544,MY,340
7ebecbfa-eff7-53b1-7bd5-8d796c32604a,2026-07-03T06:22:08.462,gateway,OK,MT103,SWIFT,620.84,USD,**************8596,US,37
7ebecbfa-eff7-53b1-7bd5-8d796c32604a,2026-07-03T06:22:08.506,auth,OK,MT103,SWIFT,620.84,USD,**************8596,US,20
7ebecbfa-eff7-53b1-7bd5-8d796c32604a,2026-07-03T06:22:08.553,validation,OK,MT103,SWIFT,620.84,USD,**************8596,US,25
7ebecbfa-eff7-53b1-7bd5-8d796c32604a,2026-07-03T06:22:08.663,aml,OK,MT103,SWIFT,620.84,USD,**************8596,US,223
7ebecbfa-eff7-53b1-7bd5-8d796c32604a,2026-07-03T06:22:08.822,payment-hub,OK,MT103,SWIFT,620.84,USD,**************8596,US,65
7ebecbfa-eff7-53b1-7bd5-8d796c32604a,2026-07-03T06:22:08.865,core-banking,OK,MT103,SWIFT,620.84,USD,**************8596,US,173
7ebecbfa-eff7-53b1-7bd5-8d796c32604a,2026-07-03T06:22:08.977,settlement,SETTLED,MT103,SWIFT,620.84,USD,**************8596,US,97
826f6ddd-bf8d-a9ba-db6c-fe371334c5fe,2026-07-02T19:41:22.704,gateway,OK,MT103,SWIFT,687.04,USD,**************2654,IN,32
826f6ddd-bf8d-a9ba-db6c-fe371334c5fe,2026-07-02T19:41:22.811,auth,OK,MT103,SWIFT,687.04,USD,**************2654,IN,23
826f6ddd-bf8d-a9ba-db6c-fe371334c5fe,2026-07-02T19:41:22.859,validation,OK,MT103,SWIFT,687.04,USD,**************2654,IN,34
826f6ddd-bf8d-a9ba-db6c-fe371334c5fe,2026-07-02T19:41:22.931,aml,OK,MT103,SWIFT,687.04,USD,**************2654,IN,180
826f6ddd-bf8d-a9ba-db6c-fe371334c5fe,2026-07-02T19:41:23.134,payment-hub,OK,MT103,SWIFT,687.04,USD,**************2654,IN,137
826f6ddd-bf8d-a9ba-db6c-fe371334c5fe,2026-07-02T19:41:23.166,core-banking,OK,MT103,SWIFT,687.04,USD,**************2654,IN,235
826f6ddd-bf8d-a9ba-db6c-fe371334c5fe,2026-07-02T19:41:23.230,settlement,SETTLED,MT103,SWIFT,687.04,USD,**************2654,IN,96
54f4ea35-63d7-5963-391e-f9124601c06c,2026-07-09T03:28:48.404,gateway,OK,pacs.008,FAST,5603.16,INR,**************0171,IN,57
54f4ea35-63d7-5963-391e-f9124601c06c,2026-07-09T03:28:48.499,auth,OK,pacs.008,FAST,5603.16,INR,**************0171,IN,86
54f4ea35-63d7-5963-391e-f9124601c06c,2026-07-09T03:28:48.612,validation,OK,pacs.008,FAST,5603.16,INR,**************0171,IN,87
54f4ea35-63d7-5963-391e-f9124601c06c,2026-07-09T03:28:48.661,aml,OK,pacs.008,FAST,5603.16,INR,**************0171,IN,130
54f4ea35-63d7-5963-391e-f9124601c06c,2026-07-09T03:28:48.758,payment-hub,OK,pacs.008,FAST,5603.16,INR,**************0171,IN,114
54f4ea35-63d7-5963-391e-f9124601c06c,2026-07-09T03:28:48.856,core-banking,OK,pacs.008,FAST,5603.16,INR,**************0171,IN,109
54f4ea35-63d7-5963-391e-f9124601c06c,2026-07-09T03:28:48.886,settlement,SETTLED,pacs.008,FAST,5603.16,INR,**************0171,IN,76
23891b38-1f21-602c-0c5b-249f2155493c,2026-07-04T11:14:22.708,gateway,OK,0200,CARDS,967.26,MYR,**************1867,MY,24
23891b38-1f21-602c-0c5b-249f2155493c,2026-07-04T11:14:22.778,auth,OK,0200,CARDS,967.26,MYR,**************1867,MY,88
23891b38-1f21-602c-0c5b-249f2155493c,2026-07-04T11:14:22.891,validation,OK,0200,CARDS,967.26,MYR,**************1867,MY,117
23891b38-1f21-602c-0c5b-249f2155493c,2026-07-04T11:14:22.990,aml,OK,0200,CARDS,967.26,MYR,**************1867,MY,166
23891b38-1f21-602c-0c5b-249f2155493c,2026-07-04T11:14:23.103,payment-hub,OK,0200,CARDS,967.26,MYR,**************1867,MY,89
23891b38-1f21-602c-0c5b-249f2155493c,2026-07-04T11:14:23.301,core-banking,OK,0200,CARDS,967.26,MYR,**************1867,MY,55
23891b38-1f21-602c-0c5b-249f2155493c,2026-07-04T11:14:23.418,settlement,SETTLED,0200,CARDS,967.26,MYR,**************1867,MY,373
346e59cf-0aba-91c4-1b2f-628c92984df4,2026-07-08T16:14:32.439,gateway,OK,pacs.008,FAST,232.6,USD,**************2114,HK,15
346e59cf-0aba-91c4-1b2f-628c92984df4,2026-07-08T16:14:32.571,auth,OK,pacs.008,FAST,232.6,USD,**************2114,HK,63
346e59cf-0aba-91c4-1b2f-628c92984df4,2026-07-08T16:14:32.671,validation,REJECTED,pacs.008,FAST,232.6,USD,**************2114,HK,62
f46efa1a-3f6f-51f5-1a4e-8bb995e9804f,2026-07-05T20:28:26.807,gateway,OK,MT103,SWIFT,7160.79,USD,**************7075,US,25
f46efa1a-3f6f-51f5-1a4e-8bb995e9804f,2026-07-05T20:28:26.895,auth,OK,MT103,SWIFT,7160.79,USD,**************7075,US,37
f46efa1a-3f6f-51f5-1a4e-8bb995e9804f,2026-07-05T20:28:27.018,validation,OK,MT103,SWIFT,7160.79,USD,**************7075,US,28
f46efa1a-3f6f-51f5-1a4e-8bb995e9804f,2026-07-05T20:28:27.063,aml,OK,MT103,SWIFT,7160.79,USD,**************7075,US,234
f46efa1a-3f6f-51f5-1a4e-8bb995e9804f,2026-07-05T20:28:27.143,payment-hub,OK,MT103,SWIFT,7160.79,USD,**************7075,US,117
f46efa1a-3f6f-51f5-1a4e-8bb995e9804f,2026-07-05T20:28:27.217,core-banking,OK,MT103,SWIFT,7160.79,USD,**************7075,US,188
f46efa1a-3f6f-51f5-1a4e-8bb995e9804f,2026-07-05T20:28:27.488,settlement,SETTLED,MT103,SWIFT,7160.79,USD,**************7075,US,185
e720f25c-16d0-1bb3-7e14-648931a5d87a,2026-07-12T11:39:04.455,gateway,OK,MT103,SWIFT,1542.11,USD,**************2462,HK,36
e720f25c-16d0-1bb3-7e14-648931a5d87a,2026-07-12T11:39:04.500,auth,OK,MT103,SWIFT,1542.11,USD,**************2462,HK,62
e720f25c-16d0-1bb3-7e14-648931a5d87a,2026-07-12T11:39:04.544,validation,OK,MT103,SWIFT,1542.11,USD,**************2462,HK,45
e720f25c-16d0-1bb3-7e14-648931a5d87a,2026-07-12T11:39:04.608,aml,OK,MT103,SWIFT,1542.11,USD,**************2462,HK,130
e720f25c-16d0-1bb3-7e14-648931a5d87a,2026-07-12T11:39:04.870,payment-hub,OK,MT103,SWIFT,1542.11,USD,**************2462,HK,146
e720f25c-16d0-1bb3-7e14-648931a5d87a,2026-07-12T11:39:34.881,core-banking,OK,MT103,SWIFT,1542.11,USD,**************2462,HK,225
e720f25c-16d0-1bb3-7e14-648931a5d87a,2026-07-12T11:39:34.931,settlement,SETTLED,MT103,SWIFT,1542.11,USD,**************2462,HK,281
70979152-7b0d-d18a-8371-fd92f98cec93,2026-07-05T00:11:12.488,gateway,OK,pacs.008,FAST,698.08,SGD,**************5949,SG,51
70979152-7b0d-d18a-8371-fd92f98cec93,2026-07-05T00:11:12.565,auth,OK,pacs.008,FAST,698.08,SGD,**************5949,SG,32
70979152-7b0d-d18a-8371-fd92f98cec93,2026-07-05T00:11:12.833,validation,REJECTED,pacs.008,FAST,698.08,SGD,**************5949,SG,48
bd875ff6-9ba8-ef26-0b52-cfe15227869f,2026-07-09T16:47:52.178,gateway,OK,pacs.008,FAST,62.5,SGD,**************8118,SG,26
bd875ff6-9ba8-ef26-0b52-cfe15227869f,2026-07-09T16:47:52.409,auth,OK,pacs.008,FAST,62.5,SGD,**************8118,SG,26
bd875ff6-9ba8-ef26-0b52-cfe15227869f,2026-07-09T16:47:52.500,validation,OK,pacs.008,FAST,62.5,SGD,**************8118,SG,75
bd875ff6-9ba8-ef26-0b52-cfe15227869f,2026-07-09T16:47:52.608,aml,OK,pacs.008,FAST,62.5,SGD,**************8118,SG,70
bd875ff6-9ba8-ef26-0b52-cfe15227869f,2026-07-09T16:47:52.697,payment-hub,OK,pacs.008,FAST,62.5,SGD,**************8118,SG,43
bd875ff6-9ba8-ef26-0b52-cfe15227869f,2026-07-09T16:47:52.738,core-banking,OK,pacs.008,FAST,62.5,SGD,**************8118,SG,101
bd875ff6-9ba8-ef26-0b52-cfe15227869f,2026-07-09T16:47:52.809,settlement,SETTLED,pacs.008,FAST,62.5,SGD,**************8118,SG,309
7aec3cc4-6ca2-2707-403f-867f40ff2bf7,2026-07-07T21:40:30.155,gateway,OK,pacs.008,FAST,1776.84,USD,**************7457,SG,55
7aec3cc4-6ca2-2707-403f-867f40ff2bf7,2026-07-07T21:40:30.255,auth,OK,pacs.008,FAST,1776.84,USD,**************7457,SG,89
7aec3cc4-6ca2-2707-403f-867f40ff2bf7,2026-07-07T21:40:30.328,validation,OK,pacs.008,FAST,1776.84,USD,**************7457,SG,25
7aec3cc4-6ca2-2707-403f-867f40ff2bf7,2026-07-07T21:40:30.400,aml,OK,pacs.008,FAST,1776.84,USD,**************7457,SG,264
7aec3cc4-6ca2-2707-403f-867f40ff2bf7,2026-07-07T21:40:30.457,payment-hub,OK,pacs.008,FAST,1776.84,USD,**************7457,SG,55
7aec3cc4-6ca2-2707-403f-867f40ff2bf7,2026-07-07T21:40:30.539,core-banking,OK,pacs.008,FAST,1776.84,USD,**************7457,SG,241
7aec3cc4-6ca2-2707-403f-867f40ff2bf7,2026-07-07T21:40:30.622,settlement,SETTLED,pacs.008,FAST,1776.84,USD,**************7457,SG,333
50d0442d-228a-d0c6-dcaf-2af25612f522,2026-07-08T19:54:29.587,gateway,OK,pacs.008,FAST,2893.5,USD,**************5750,US,37
50d0442d-228a-d0c6-dcaf-2af25612f522,2026-07-08T19:54:29.796,auth,OK,pacs.008,FAST,2893.5,USD,**************5750,US,46
50d0442d-228a-d0c6-dcaf-2af25612f522,2026-07-08T19:54:29.882,validation,OK,pacs.008,FAST,2893.5,USD,**************5750,US,64
50d0442d-228a-d0c6-dcaf-2af25612f522,2026-07-08T19:54:29.963,aml,OK,pacs.008,FAST,2893.5,USD,**************5750,US,260
50d0442d-228a-d0c6-dcaf-2af25612f522,2026-07-08T19:54:30.245,payment-hub,OK,pacs.008,FAST,2893.5,USD,**************5750,US,64
50d0442d-228a-d0c6-dcaf-2af25612f522,2026-07-08T19:54:30.472,core-banking,OK,pacs.008,FAST,2893.5,USD,**************5750,US,78
50d0442d-228a-d0c6-dcaf-2af25612f522,2026-07-08T19:54:30.663,settlement,SETTLED,pacs.008,FAST,2893.5,USD,**************5750,US,259
074f1971-3ff0-65f6-4d00-f8ca36ac112d,2026-07-15T03:16:24.252,gateway,OK,pacs.008,FAST,1162.4,SGD,**************1325,SG,40
074f1971-3ff0-65f6-4d00-f8ca36ac112d,2026-07-15T03:16:24.355,auth,OK,pacs.008,FAST,1162.4,SGD,**************1325,SG,62
074f1971-3ff0-65f6-4d00-f8ca36ac112d,2026-07-15T03:16:24.525,validation,OK,pacs.008,FAST,1162.4,SGD,**************1325,SG,104
074f1971-3ff0-65f6-4d00-f8ca36ac112d,2026-07-15T03:16:24.627,aml,OK,pacs.008,FAST,1162.4,SGD,**************1325,SG,156
074f1971-3ff0-65f6-4d00-f8ca36ac112d,2026-07-15T03:16:24.797,payment-hub,OK,pacs.008,FAST,1162.4,SGD,**************1325,SG,82
074f1971-3ff0-65f6-4d00-f8ca36ac112d,2026-07-15T03:16:24.915,core-banking,OK,pacs.008,FAST,1162.4,SGD,**************1325,SG,87
074f1971-3ff0-65f6-4d00-f8ca36ac112d,2026-07-15T03:16:25.001,settlement,SETTLED,pacs.008,FAST,1162.4,SGD,**************1325,SG,253
672cedbc-67ca-47da-e7f9-2e9706974be2,2026-07-07T12:55:24.639,gateway,OK,MT103,SWIFT,3033.62,SGD,**************0291,SG,31
672cedbc-67ca-47da-e7f9-2e9706974be2,2026-07-07T12:55:24.698,auth,OK,MT103,SWIFT,3033.62,SGD,**************0291,SG,30
672cedbc-67ca-47da-e7f9-2e9706974be2,2026-07-07T12:55:24.825,validation,OK,MT103,SWIFT,3033.62,SGD,**************0291,SG,43
672cedbc-67ca-47da-e7f9-2e9706974be2,2026-07-07T12:55:24.921,aml,OK,MT103,SWIFT,3033.62,SGD,**************0291,SG,210
672cedbc-67ca-47da-e7f9-2e9706974be2,2026-07-07T12:55:24.974,payment-hub,OK,MT103,SWIFT,3033.62,SGD,**************0291,SG,113
672cedbc-67ca-47da-e7f9-2e9706974be2,2026-07-07T12:55:25.044,core-banking,OK,MT103,SWIFT,3033.62,SGD,**************0291,SG,187
672cedbc-67ca-47da-e7f9-2e9706974be2,2026-07-07T12:55:25.166,settlement,SETTLED,MT103,SWIFT,3033.62,SGD,**************0291,SG,212
83d31b38-2fb2-3eb1-aa50-44ce92fb0738,2026-07-09T09:55:02.937,gateway,OK,MT103,SWIFT,588.76,SGD,**************9245,SG,33
83d31b38-2fb2-3eb1-aa50-44ce92fb0738,2026-07-09T09:55:03.013,auth,OK,MT103,SWIFT,588.76,SGD,**************9245,SG,58
83d31b38-2fb2-3eb1-aa50-44ce92fb0738,2026-07-09T09:55:03.110,validation,OK,MT103,SWIFT,588.76,SGD,**************9245,SG,68
83d31b38-2fb2-3eb1-aa50-44ce92fb0738,2026-07-09T09:55:03.163,aml,OK,MT103,SWIFT,588.76,SGD,**************9245,SG,263
83d31b38-2fb2-3eb1-aa50-44ce92fb0738,2026-07-09T09:55:03.299,payment-hub,OK,MT103,SWIFT,588.76,SGD,**************9245,SG,33
83d31b38-2fb2-3eb1-aa50-44ce92fb0738,2026-07-09T09:55:03.339,core-banking,OK,MT103,SWIFT,588.76,SGD,**************9245,SG,98
83d31b38-2fb2-3eb1-aa50-44ce92fb0738,2026-07-09T09:55:03.387,settlement,SETTLED,MT103,SWIFT,588.76,SGD,**************9245,SG,230
4b588834-52b7-54cb-7c2d-bcf2290a5337,2026-07-02T16:15:41.385,gateway,OK,MT103,SWIFT,305.61,MYR,**************7533,MY,35
4b588834-52b7-54cb-7c2d-bcf2290a5337,2026-07-02T16:15:41.460,auth,OK,MT103,SWIFT,305.61,MYR,**************7533,MY,33
4b588834-52b7-54cb-7c2d-bcf2290a5337,2026-07-02T16:15:41.571,validation,OK,MT103,SWIFT,305.61,MYR,**************7533,MY,99
4b588834-52b7-54cb-7c2d-bcf2290a5337,2026-07-02T16:15:41.652,aml,OK,MT103,SWIFT,305.61,MYR,**************7533,MY,155
4b588834-52b7-54cb-7c2d-bcf2290a5337,2026-07-02T16:15:41.781,payment-hub,OK,MT103,SWIFT,305.61,MYR,**************7533,MY,40
4b588834-52b7-54cb-7c2d-bcf2290a5337,2026-07-02T16:16:11.818,core-banking,OK,MT103,SWIFT,305.61,MYR,**************7533,MY,165
4b588834-52b7-54cb-7c2d-bcf2290a5337,2026-07-02T16:16:11.933,settlement,SETTLED,MT103,SWIFT,305.61,MYR,**************7533,MY,112
379220f6-e106-62d5-4cea-473355636557,2026-07-11T05:34:27.145,gateway,OK,pacs.008,FAST,957.98,GBP,**************2186,MY,48
379220f6-e106-62d5-4cea-473355636557,2026-07-11T05:34:27.289,auth,OK,pacs.008,FAST,957.98,GBP,**************2186,MY,66
379220f6-e106-62d5-4cea-473355636557,2026-07-11T05:34:27.362,validation,OK,pacs.008,FAST,957.98,GBP,**************2186,MY,107
379220f6-e106-62d5-4cea-473355636557,2026-07-11T05:34:27.459,aml,TIMEOUT,pacs.008,FAST,957.98,GBP,**************2186,MY,30000
379220f6-e106-62d5-4cea-473355636557,2026-07-11T05:34:27.547,payment-hub,FAILED,pacs.008,FAST,957.98,GBP,**************2186,MY,81
d2e55e87-cda5-cdaa-222a-e4b02aa01d7e,2026-07-10T04:07:41.303,gateway,OK,MT103,SWIFT,813.46,SGD,**************4524,SG,31
d2e55e87-cda5-cdaa-222a-e4b02aa01d7e,2026-07-10T04:07:41.458,auth,OK,MT103,SWIFT,813.46,SGD,**************4524,SG,43
d2e55e87-cda5-cdaa-222a-e4b02aa01d7e,2026-07-10T04:07:41.522,validation,OK,MT103,SWIFT,813.46,SGD,**************4524,SG,59
d2e55e87-cda5-cdaa-222a-e4b02aa01d7e,2026-07-10T04:07:41.593,aml,OK,MT103,SWIFT,813.46,SGD,**************4524,SG,294
d2e55e87-cda5-cdaa-222a-e4b02aa01d7e,2026-07-10T04:07:41.651,payment-hub,OK,MT103,SWIFT,813.46,SGD,**************4524,SG,34
d2e55e87-cda5-cdaa-222a-e4b02aa01d7e,2026-07-10T04:07:41.717,core-banking,OK,MT103,SWIFT,813.46,SGD,**************4524,SG,71
d2e55e87-cda5-cdaa-222a-e4b02aa01d7e,2026-07-10T04:07:41.807,settlement,SETTLED,MT103,SWIFT,813.46,SGD,**************4524,SG,291
a64d37f3-0c08-dca0-190d-223246f4b928,2026-07-01T12:25:25.889,gateway,OK,pacs.008,FAST,98.12,SGD,**************2209,SG,37
a64d37f3-0c08-dca0-190d-223246f4b928,2026-07-01T12:25:26.006,auth,OK,pacs.008,FAST,98.12,SGD,**************2209,SG,69
a64d37f3-0c08-dca0-190d-223246f4b928,2026-07-01T12:25:26.066,validation,OK,pacs.008,FAST,98.12,SGD,**************2209,SG,32
a64d37f3-0c08-dca0-190d-223246f4b928,2026-07-01T12:25:26.147,aml,OK,pacs.008,FAST,98.12,SGD,**************2209,SG,55
a64d37f3-0c08-dca0-190d-223246f4b928,2026-07-01T12:25:26.220,payment-hub,OK,pacs.008,FAST,98.12,SGD,**************2209,SG,89
a64d37f3-0c08-dca0-190d-223246f4b928,2026-07-01T12:25:26.316,core-banking,OK,pacs.008,FAST,98.12,SGD,**************2209,SG,116
a64d37f3-0c08-dca0-190d-223246f4b928,2026-07-01T12:25:26.398,settlement,SETTLED,pacs.008,FAST,98.12,SGD,**************2209,SG,302
40346fb8-441c-fd3a-78b9-2d3887fc11fd,2026-07-12T14:48:17.731,gateway,OK,pacs.008,FAST,1213.9,SGD,**************6546,SG,16
40346fb8-441c-fd3a-78b9-2d3887fc11fd,2026-07-12T14:48:17.893,auth,OK,pacs.008,FAST,1213.9,SGD,**************6546,SG,25
40346fb8-441c-fd3a-78b9-2d3887fc11fd,2026-07-12T14:48:17.988,validation,OK,pacs.008,FAST,1213.9,SGD,**************6546,SG,25
40346fb8-441c-fd3a-78b9-2d3887fc11fd,2026-07-12T14:48:18.076,aml,OK,pacs.008,FAST,1213.9,SGD,**************6546,SG,230
40346fb8-441c-fd3a-78b9-2d3887fc11fd,2026-07-12T14:48:18.213,payment-hub,OK,pacs.008,FAST,1213.9,SGD,**************6546,SG,83
40346fb8-441c-fd3a-78b9-2d3887fc11fd,2026-07-12T14:48:18.235,core-banking,OK,pacs.008,FAST,1213.9,SGD,**************6546,SG,195
40346fb8-441c-fd3a-78b9-2d3887fc11fd,2026-07-12T14:48:18.459,settlement,SETTLED,pacs.008,FAST,1213.9,SGD,**************6546,SG,122
fa5dd22a-120b-8e7f-d631-895e22ec3a8f,2026-07-03T22:40:02.507,gateway,OK,pacs.008,FAST,679.32,SGD,**************6777,SG,23
fa5dd22a-120b-8e7f-d631-895e22ec3a8f,2026-07-03T22:40:02.732,auth,OK,pacs.008,FAST,679.32,SGD,**************6777,SG,76
fa5dd22a-120b-8e7f-d631-895e22ec3a8f,2026-07-03T22:40:02.787,validation,OK,pacs.008,FAST,679.32,SGD,**************6777,SG,82
fa5dd22a-120b-8e7f-d631-895e22ec3a8f,2026-07-03T22:40:02.983,aml,OK,pacs.008,FAST,679.32,SGD,**************6777,SG,75
fa5dd22a-120b-8e7f-d631-895e22ec3a8f,2026-07-03T22:40:03.027,payment-hub,OK,pacs.008,FAST,679.32,SGD,**************6777,SG,117
fa5dd22a-120b-8e7f-d631-895e22ec3a8f,2026-07-03T22:40:03.090,core-banking,OK,pacs.008,FAST,679.32,SGD,**************6777,SG,80
fa5dd22a-120b-8e7f-d631-895e22ec3a8f,2026-07-03T22:40:03.221,settlement,SETTLED,pacs.008,FAST,679.32,SGD,**************6777,SG,374
c7736def-4fc1-2b0b-388e-738330e14d75,2026-07-10T15:24:41.214,gateway,OK,MT103,SWIFT,289.28,GBP,**************7613,MY,48
c7736def-4fc1-2b0b-388e-738330e14d75,2026-07-10T15:24:41.425,auth,OK,MT103,SWIFT,289.28,GBP,**************7613,MY,30
c7736def-4fc1-2b0b-388e-738330e14d75,2026-07-10T15:24:41.504,validation,OK,MT103,SWIFT,289.28,GBP,**************7613,MY,97
c7736def-4fc1-2b0b-388e-738330e14d75,2026-07-10T15:24:41.587,aml,OK,MT103,SWIFT,289.28,GBP,**************7613,MY,63
c7736def-4fc1-2b0b-388e-738330e14d75,2026-07-10T15:24:41.663,payment-hub,OK,MT103,SWIFT,289.28,GBP,**************7613,MY,74
c7736def-4fc1-2b0b-388e-738330e14d75,2026-07-10T15:24:41.715,core-banking,OK,MT103,SWIFT,289.28,GBP,**************7613,MY,122
c7736def-4fc1-2b0b-388e-738330e14d75,2026-07-10T15:24:41.829,settlement,SETTLED,MT103,SWIFT,289.28,GBP,**************7613,MY,218
5e19d40a-9e3e-ff6f-ea8f-91ccd5c8ccb5,2026-07-03T20:41:07.834,gateway,OK,MT103,SWIFT,1009.22,SGD,**************9863,SG,17
5e19d40a-9e3e-ff6f-ea8f-91ccd5c8ccb5,2026-07-03T20:41:07.931,auth,OK,MT103,SWIFT,1009.22,SGD,**************9863,SG,85
5e19d40a-9e3e-ff6f-ea8f-91ccd5c8ccb5,2026-07-03T20:41:07.973,validation,OK,MT103,SWIFT,1009.22,SGD,**************9863,SG,89
5e19d40a-9e3e-ff6f-ea8f-91ccd5c8ccb5,2026-07-03T20:41:08.023,aml,OK,MT103,SWIFT,1009.22,SGD,**************9863,SG,116
5e19d40a-9e3e-ff6f-ea8f-91ccd5c8ccb5,2026-07-03T20:41:08.259,payment-hub,OK,MT103,SWIFT,1009.22,SGD,**************9863,SG,86
5e19d40a-9e3e-ff6f-ea8f-91ccd5c8ccb5,2026-07-03T20:41:08.334,core-banking,OK,MT103,SWIFT,1009.22,SGD,**************9863,SG,59
5e19d40a-9e3e-ff6f-ea8f-91ccd5c8ccb5,2026-07-03T20:41:08.587,settlement,SETTLED,MT103,SWIFT,1009.22,SGD,**************9863,SG,270
ad6819ab-c0b7-f9a1-bb40-0ae4ae6f152f,2026-07-12T15:59:51.392,gateway,OK,pacs.008,FAST,312.35,SGD,**************9931,SG,57
ad6819ab-c0b7-f9a1-bb40-0ae4ae6f152f,2026-07-12T15:59:51.662,auth,OK,pacs.008,FAST,312.35,SGD,**************9931,SG,65
ad6819ab-c0b7-f9a1-bb40-0ae4ae6f152f,2026-07-12T15:59:51.772,validation,OK,pacs.008,FAST,312.35,SGD,**************9931,SG,71
ad6819ab-c0b7-f9a1-bb40-0ae4ae6f152f,2026-07-12T15:59:51.845,aml,OK,pacs.008,FAST,312.35,SGD,**************9931,SG,164
ad6819ab-c0b7-f9a1-bb40-0ae4ae6f152f,2026-07-12T15:59:51.955,payment-hub,OK,pacs.008,FAST,312.35,SGD,**************9931,SG,45
ad6819ab-c0b7-f9a1-bb40-0ae4ae6f152f,2026-07-12T15:59:52.001,core-banking,OK,pacs.008,FAST,312.35,SGD,**************9931,SG,234
ad6819ab-c0b7-f9a1-bb40-0ae4ae6f152f,2026-07-12T15:59:52.075,settlement,SETTLED,pacs.008,FAST,312.35,SGD,**************9931,SG,234
a0e31c7c-731a-4da7-0edf-532bd7e7fc7a,2026-07-01T09:59:48.676,gateway,OK,pacs.008,FAST,41.74,SGD,**************2061,SG,21
a0e31c7c-731a-4da7-0edf-532bd7e7fc7a,2026-07-01T09:59:48.742,auth,OK,pacs.008,FAST,41.74,SGD,**************2061,SG,75
a0e31c7c-731a-4da7-0edf-532bd7e7fc7a,2026-07-01T09:59:48.851,validation,OK,pacs.008,FAST,41.74,SGD,**************2061,SG,71
a0e31c7c-731a-4da7-0edf-532bd7e7fc7a,2026-07-01T09:59:48.927,aml,OK,pacs.008,FAST,41.74,SGD,**************2061,SG,97
a0e31c7c-731a-4da7-0edf-532bd7e7fc7a,2026-07-01T09:59:48.999,payment-hub,OK,pacs.008,FAST,41.74,SGD,**************2061,SG,132
a0e31c7c-731a-4da7-0edf-532bd7e7fc7a,2026-07-01T09:59:49.110,core-banking,OK,pacs.008,FAST,41.74,SGD,**************2061,SG,229
a0e31c7c-731a-4da7-0edf-532bd7e7fc7a,2026-07-01T09:59:49.172,settlement,SETTLED,pacs.008,FAST,41.74,SGD,**************2061,SG,360
4c0784b5-0a6c-6cb3-4b06-0e1de04c5df2,2026-07-13T06:10:21.716,gateway,OK,pacs.008,FAST,1045.01,SGD,**************9094,SG,58
4c0784b5-0a6c-6cb3-4b06-0e1de04c5df2,2026-07-13T06:10:21.866,auth,OK,pacs.008,FAST,1045.01,SGD,**************9094,SG,56
4c0784b5-0a6c-6cb3-4b06-0e1de04c5df2,2026-07-13T06:10:21.939,validation,OK,pacs.008,FAST,1045.01,SGD,**************9094,SG,111
4c0784b5-0a6c-6cb3-4b06-0e1de04c5df2,2026-07-13T06:10:22.048,aml,OK,pacs.008,FAST,1045.01,SGD,**************9094,SG,181
4c0784b5-0a6c-6cb3-4b06-0e1de04c5df2,2026-07-13T06:10:22.170,payment-hub,OK,pacs.008,FAST,1045.01,SGD,**************9094,SG,80
4c0784b5-0a6c-6cb3-4b06-0e1de04c5df2,2026-07-13T06:10:22.280,core-banking,OK,pacs.008,FAST,1045.01,SGD,**************9094,SG,89
4c0784b5-0a6c-6cb3-4b06-0e1de04c5df2,2026-07-13T06:10:22.469,settlement,SETTLED,pacs.008,FAST,1045.01,SGD,**************9094,SG,97
00daeb5b-0b1e-f9c8-7d00-1d2cea3f74b5,2026-07-09T15:05:25.373,gateway,OK,pacs.008,FAST,1124.23,MYR,**************1684,MY,56
00daeb5b-0b1e-f9c8-7d00-1d2cea3f74b5,2026-07-09T15:05:25.636,auth,OK,pacs.008,FAST,1124.23,MYR,**************1684,MY,42
00daeb5b-0b1e-f9c8-7d00-1d2cea3f74b5,2026-07-09T15:05:25.808,validation,OK,pacs.008,FAST,1124.23,MYR,**************1684,MY,51
00daeb5b-0b1e-f9c8-7d00-1d2cea3f74b5,2026-07-09T15:05:25.851,aml,OK,pacs.008,FAST,1124.23,MYR,**************1684,MY,75
00daeb5b-0b1e-f9c8-7d00-1d2cea3f74b5,2026-07-09T15:05:25.888,payment-hub,OK,pacs.008,FAST,1124.23,MYR,**************1684,MY,70
00daeb5b-0b1e-f9c8-7d00-1d2cea3f74b5,2026-07-09T15:05:26.123,core-banking,OK,pacs.008,FAST,1124.23,MYR,**************1684,MY,214
00daeb5b-0b1e-f9c8-7d00-1d2cea3f74b5,2026-07-09T15:05:26.336,settlement,SETTLED,pacs.008,FAST,1124.23,MYR,**************1684,MY,130
8faf0550-92c1-7327-c0f8-247bdd886998,2026-07-04T12:37:31.118,gateway,OK,MT103,SWIFT,222.11,INR,**************8726,SG,26
8faf0550-92c1-7327-c0f8-247bdd886998,2026-07-04T12:37:31.286,auth,OK,MT103,SWIFT,222.11,INR,**************8726,SG,38
8faf0550-92c1-7327-c0f8-247bdd886998,2026-07-04T12:37:31.414,validation,OK,MT103,SWIFT,222.11,INR,**************8726,SG,78
8faf0550-92c1-7327-c0f8-247bdd886998,2026-07-04T12:37:31.646,aml,OK,MT103,SWIFT,222.11,INR,**************8726,SG,184
8faf0550-92c1-7327-c0f8-247bdd886998,2026-07-04T12:37:31.731,payment-hub,OK,MT103,SWIFT,222.11,INR,**************8726,SG,76
8faf0550-92c1-7327-c0f8-247bdd886998,2026-07-04T12:37:31.770,core-banking,OK,MT103,SWIFT,222.11,INR,**************8726,SG,211
8faf0550-92c1-7327-c0f8-247bdd886998,2026-07-04T12:37:31.871,settlement,SETTLED,MT103,SWIFT,222.11,INR,**************8726,SG,78
b3b08b21-b351-034c-f35c-26e60126bc4a,2026-07-08T13:35:13.961,gateway,OK,MT103,SWIFT,253.3,INR,**************8719,SG,31
b3b08b21-b351-034c-f35c-26e60126bc4a,2026-07-08T13:35:14.012,auth,OK,MT103,SWIFT,253.3,INR,**************8719,SG,55
b3b08b21-b351-034c-f35c-26e60126bc4a,2026-07-08T13:35:14.204,validation,OK,MT103,SWIFT,253.3,INR,**************8719,SG,79
b3b08b21-b351-034c-f35c-26e60126bc4a,2026-07-08T13:35:14.269,aml,OK,MT103,SWIFT,253.3,INR,**************8719,SG,119
b3b08b21-b351-034c-f35c-26e60126bc4a,2026-07-08T13:35:14.344,payment-hub,OK,MT103,SWIFT,253.3,INR,**************8719,SG,48
b3b08b21-b351-034c-f35c-26e60126bc4a,2026-07-08T13:35:14.462,core-banking,OK,MT103,SWIFT,253.3,INR,**************8719,SG,125
b3b08b21-b351-034c-f35c-26e60126bc4a,2026-07-08T13:35:14.511,settlement,SETTLED,MT103,SWIFT,253.3,INR,**************8719,SG,317
7f10e96d-55c1-a9c4-8423-e1d6d5af0ec4,2026-07-10T16:53:24.414,gateway,OK,pacs.008,FAST,295.62,INR,**************7500,IN,15
7f10e96d-55c1-a9c4-8423-e1d6d5af0ec4,2026-07-10T16:53:24.535,auth,OK,pacs.008,FAST,295.62,INR,**************7500,IN,73
7f10e96d-55c1-a9c4-8423-e1d6d5af0ec4,2026-07-10T16:53:24.673,validation,OK,pacs.008,FAST,295.62,INR,**************7500,IN,106
7f10e96d-55c1-a9c4-8423-e1d6d5af0ec4,2026-07-10T16:53:24.781,aml,OK,pacs.008,FAST,295.62,INR,**************7500,IN,263
7f10e96d-55c1-a9c4-8423-e1d6d5af0ec4,2026-07-10T16:53:24.821,payment-hub,OK,pacs.008,FAST,295.62,INR,**************7500,IN,150
7f10e96d-55c1-a9c4-8423-e1d6d5af0ec4,2026-07-10T16:53:24.884,core-banking,OK,pacs.008,FAST,295.62,INR,**************7500,IN,230
7f10e96d-55c1-a9c4-8423-e1d6d5af0ec4,2026-07-10T16:53:25.076,settlement,SETTLED,pacs.008,FAST,295.62,INR,**************7500,IN,131
2b3fcbf0-3375-a853-b200-b577ed7534c2,2026-07-03T12:48:34.776,gateway,OK,pacs.008,FAST,935.84,SGD,**************5310,SG,28
2b3fcbf0-3375-a853-b200-b577ed7534c2,2026-07-03T12:48:34.808,auth,OK,pacs.008,FAST,935.84,SGD,**************5310,SG,51
2b3fcbf0-3375-a853-b200-b577ed7534c2,2026-07-03T12:48:34.885,validation,OK,pacs.008,FAST,935.84,SGD,**************5310,SG,57
2b3fcbf0-3375-a853-b200-b577ed7534c2,2026-07-03T12:48:34.955,aml,OK,pacs.008,FAST,935.84,SGD,**************5310,SG,154
2b3fcbf0-3375-a853-b200-b577ed7534c2,2026-07-03T12:48:35.125,payment-hub,OK,pacs.008,FAST,935.84,SGD,**************5310,SG,122
2b3fcbf0-3375-a853-b200-b577ed7534c2,2026-07-03T12:48:35.340,core-banking,OK,pacs.008,FAST,935.84,SGD,**************5310,SG,240
2b3fcbf0-3375-a853-b200-b577ed7534c2,2026-07-03T12:48:35.399,settlement,SETTLED,pacs.008,FAST,935.84,SGD,**************5310,SG,84
405ecf15-9cda-11e3-b159-ffaace60d6a7,2026-07-12T11:31:34.584,gateway,OK,MT103,SWIFT,663.15,SGD,**************5464,SG,42
405ecf15-9cda-11e3-b159-ffaace60d6a7,2026-07-12T11:31:34.660,auth,OK,MT103,SWIFT,663.15,SGD,**************5464,SG,44
405ecf15-9cda-11e3-b159-ffaace60d6a7,2026-07-12T11:31:34.739,validation,OK,MT103,SWIFT,663.15,SGD,**************5464,SG,117
405ecf15-9cda-11e3-b159-ffaace60d6a7,2026-07-12T11:31:34.836,aml,TIMEOUT,MT103,SWIFT,663.15,SGD,**************5464,SG,30000
405ecf15-9cda-11e3-b159-ffaace60d6a7,2026-07-12T11:31:34.879,payment-hub,FAILED,MT103,SWIFT,663.15,SGD,**************5464,SG,63
92539737-6a60-0fd5-d1b2-0e97acadd642,2026-07-12T12:26:33.003,gateway,OK,pacs.008,FAST,1016.71,MYR,**************9742,MY,39
92539737-6a60-0fd5-d1b2-0e97acadd642,2026-07-12T12:26:33.259,auth,OK,pacs.008,FAST,1016.71,MYR,**************9742,MY,89
92539737-6a60-0fd5-d1b2-0e97acadd642,2026-07-12T12:26:33.429,validation,OK,pacs.008,FAST,1016.71,MYR,**************9742,MY,65
92539737-6a60-0fd5-d1b2-0e97acadd642,2026-07-12T12:26:33.560,aml,TIMEOUT,pacs.008,FAST,1016.71,MYR,**************9742,MY,30000
92539737-6a60-0fd5-d1b2-0e97acadd642,2026-07-12T12:26:33.639,payment-hub,FAILED,pacs.008,FAST,1016.71,MYR,**************9742,MY,149
8682eaaf-c3e7-9d7e-1560-06808c61191b,2026-07-04T07:30:26.963,gateway,OK,pacs.008,FAST,128.92,SGD,**************0093,SG,44
8682eaaf-c3e7-9d7e-1560-06808c61191b,2026-07-04T07:30:27.016,auth,OK,pacs.008,FAST,128.92,SGD,**************0093,SG,71
8682eaaf-c3e7-9d7e-1560-06808c61191b,2026-07-04T07:30:27.104,validation,OK,pacs.008,FAST,128.92,SGD,**************0093,SG,75
8682eaaf-c3e7-9d7e-1560-06808c61191b,2026-07-04T07:30:27.196,aml,OK,pacs.008,FAST,128.92,SGD,**************0093,SG,273
8682eaaf-c3e7-9d7e-1560-06808c61191b,2026-07-04T07:30:27.261,payment-hub,OK,pacs.008,FAST,128.92,SGD,**************0093,SG,76
8682eaaf-c3e7-9d7e-1560-06808c61191b,2026-07-04T07:30:27.348,core-banking,OK,pacs.008,FAST,128.92,SGD,**************0093,SG,145
8682eaaf-c3e7-9d7e-1560-06808c61191b,2026-07-04T07:30:27.414,settlement,SETTLED,pacs.008,FAST,128.92,SGD,**************0093,SG,202
2332dbf2-fdb2-6bf7-a576-6518c174ca9c,2026-07-11T10:51:18.644,gateway,OK,pacs.008,FAST,1379.48,USD,**************2305,HK,60
2332dbf2-fdb2-6bf7-a576-6518c174ca9c,2026-07-11T10:51:18.761,auth,OK,pacs.008,FAST,1379.48,USD,**************2305,HK,40
2332dbf2-fdb2-6bf7-a576-6518c174ca9c,2026-07-11T10:51:18.855,validation,OK,pacs.008,FAST,1379.48,USD,**************2305,HK,93
2332dbf2-fdb2-6bf7-a576-6518c174ca9c,2026-07-11T10:51:19.004,aml,OK,pacs.008,FAST,1379.48,USD,**************2305,HK,226
2332dbf2-fdb2-6bf7-a576-6518c174ca9c,2026-07-11T10:51:19.070,payment-hub,OK,pacs.008,FAST,1379.48,USD,**************2305,HK,96
2332dbf2-fdb2-6bf7-a576-6518c174ca9c,2026-07-11T10:51:19.139,core-banking,OK,pacs.008,FAST,1379.48,USD,**************2305,HK,177
2332dbf2-fdb2-6bf7-a576-6518c174ca9c,2026-07-11T10:51:19.204,settlement,SETTLED,pacs.008,FAST,1379.48,USD,**************2305,HK,204
9e56edc7-140c-8c70-6fff-76f4df2a04d2,2026-07-13T00:49:29.480,gateway,OK,MT103,SWIFT,53.53,INR,**************0723,GB,22
9e56edc7-140c-8c70-6fff-76f4df2a04d2,2026-07-13T00:49:29.555,auth,OK,MT103,SWIFT,53.53,INR,**************0723,GB,63
9e56edc7-140c-8c70-6fff-76f4df2a04d2,2026-07-13T00:49:29.764,validation,OK,MT103,SWIFT,53.53,INR,**************0723,GB,101
9e56edc7-140c-8c70-6fff-76f4df2a04d2,2026-07-13T00:49:29.859,aml,TIMEOUT,MT103,SWIFT,53.53,INR,**************0723,GB,30000
9e56edc7-140c-8c70-6fff-76f4df2a04d2,2026-07-13T00:49:29.931,payment-hub,FAILED,MT103,SWIFT,53.53,INR,**************0723,GB,117
695faa0f-e7ea-9b75-5dab-f40120aadfca,2026-07-13T21:37:48.918,gateway,OK,pacs.008,FAST,124.47,MYR,**************9988,MY,15
695faa0f-e7ea-9b75-5dab-f40120aadfca,2026-07-13T21:37:49.073,auth,OK,pacs.008,FAST,124.47,MYR,**************9988,MY,88
695faa0f-e7ea-9b75-5dab-f40120aadfca,2026-07-13T21:37:49.143,validation,OK,pacs.008,FAST,124.47,MYR,**************9988,MY,89
695faa0f-e7ea-9b75-5dab-f40120aadfca,2026-07-13T21:37:49.208,aml,OK,pacs.008,FAST,124.47,MYR,**************9988,MY,240
695faa0f-e7ea-9b75-5dab-f40120aadfca,2026-07-13T21:37:49.337,payment-hub,OK,pacs.008,FAST,124.47,MYR,**************9988,MY,93
695faa0f-e7ea-9b75-5dab-f40120aadfca,2026-07-13T21:37:49.404,core-banking,OK,pacs.008,FAST,124.47,MYR,**************9988,MY,247
695faa0f-e7ea-9b75-5dab-f40120aadfca,2026-07-13T21:37:49.478,settlement,SETTLED,pacs.008,FAST,124.47,MYR,**************9988,MY,69
04b08aa9-c8d0-1d85-b682-1f87f1009c5e,2026-07-02T16:27:28.106,gateway,OK,MT103,SWIFT,538.32,INR,**************6150,GB,36
04b08aa9-c8d0-1d85-b682-1f87f1009c5e,2026-07-02T16:27:28.147,auth,OK,MT103,SWIFT,538.32,INR,**************6150,GB,54
04b08aa9-c8d0-1d85-b682-1f87f1009c5e,2026-07-02T16:27:28.219,validation,OK,MT103,SWIFT,538.32,INR,**************6150,GB,26
04b08aa9-c8d0-1d85-b682-1f87f1009c5e,2026-07-02T16:27:28.284,aml,OK,MT103,SWIFT,538.32,INR,**************6150,GB,175
04b08aa9-c8d0-1d85-b682-1f87f1009c5e,2026-07-02T16:27:28.445,payment-hub,OK,MT103,SWIFT,538.32,INR,**************6150,GB,101
04b08aa9-c8d0-1d85-b682-1f87f1009c5e,2026-07-02T16:27:28.540,core-banking,OK,MT103,SWIFT,538.32,INR,**************6150,GB,162
04b08aa9-c8d0-1d85-b682-1f87f1009c5e,2026-07-02T16:27:28.828,settlement,SETTLED,MT103,SWIFT,538.32,INR,**************6150,GB,127
a20ae37f-5555-188c-0269-397d3a56b7c1,2026-07-08T11:33:52.031,gateway,OK,0200,CARDS,3944.7,SGD,**************3931,SG,18
a20ae37f-5555-188c-0269-397d3a56b7c1,2026-07-08T11:33:52.203,auth,OK,0200,CARDS,3944.7,SGD,**************3931,SG,36
a20ae37f-5555-188c-0269-397d3a56b7c1,2026-07-08T11:33:52.274,validation,OK,0200,CARDS,3944.7,SGD,**************3931,SG,115
a20ae37f-5555-188c-0269-397d3a56b7c1,2026-07-08T11:33:52.465,aml,OK,0200,CARDS,3944.7,SGD,**************3931,SG,149
a20ae37f-5555-188c-0269-397d3a56b7c1,2026-07-08T11:33:52.602,payment-hub,OK,0200,CARDS,3944.7,SGD,**************3931,SG,80
a20ae37f-5555-188c-0269-397d3a56b7c1,2026-07-08T11:33:52.780,core-banking,OK,0200,CARDS,3944.7,SGD,**************3931,SG,231
a20ae37f-5555-188c-0269-397d3a56b7c1,2026-07-08T11:33:52.881,settlement,SETTLED,0200,CARDS,3944.7,SGD,**************3931,SG,235
39a59c72-874b-1e8f-1be9-4f1ce17d9e30,2026-07-05T08:48:58.813,gateway,OK,MT103,SWIFT,435.59,INR,**************2148,IN,28
39a59c72-874b-1e8f-1be9-4f1ce17d9e30,2026-07-05T08:48:58.883,auth,OK,MT103,SWIFT,435.59,INR,**************2148,IN,40
39a59c72-874b-1e8f-1be9-4f1ce17d9e30,2026-07-05T08:48:59.013,validation,OK,MT103,SWIFT,435.59,INR,**************2148,IN,66
39a59c72-874b-1e8f-1be9-4f1ce17d9e30,2026-07-05T08:48:59.142,aml,OK,MT103,SWIFT,435.59,INR,**************2148,IN,179
39a59c72-874b-1e8f-1be9-4f1ce17d9e30,2026-07-05T08:48:59.302,payment-hub,OK,MT103,SWIFT,435.59,INR,**************2148,IN,149
39a59c72-874b-1e8f-1be9-4f1ce17d9e30,2026-07-05T08:48:59.573,core-banking,OK,MT103,SWIFT,435.59,INR,**************2148,IN,65
39a59c72-874b-1e8f-1be9-4f1ce17d9e30,2026-07-05T08:48:59.759,settlement,SETTLED,MT103,SWIFT,435.59,INR,**************2148,IN,236
119ffd55-e6c0-eafa-86bd-a9b50e01d551,2026-07-09T22:46:45.262,gateway,OK,MT103,SWIFT,2100.22,MYR,**************8617,MY,34
119ffd55-e6c0-eafa-86bd-a9b50e01d551,2026-07-09T22:47:15.288,auth,OK,MT103,SWIFT,2100.22,MYR,**************8617,MY,76
119ffd55-e6c0-eafa-86bd-a9b50e01d551,2026-07-09T22:47:15.372,validation,OK,MT103,SWIFT,2100.22,MYR,**************8617,MY,91
119ffd55-e6c0-eafa-86bd-a9b50e01d551,2026-07-09T22:47:15.422,aml,OK,MT103,SWIFT,2100.22,MYR,**************8617,MY,200
119ffd55-e6c0-eafa-86bd-a9b50e01d551,2026-07-09T22:47:15.469,payment-hub,OK,MT103,SWIFT,2100.22,MYR,**************8617,MY,44
119ffd55-e6c0-eafa-86bd-a9b50e01d551,2026-07-09T22:47:15.588,core-banking,OK,MT103,SWIFT,2100.22,MYR,**************8617,MY,128
119ffd55-e6c0-eafa-86bd-a9b50e01d551,2026-07-09T22:47:15.790,settlement,SETTLED,MT103,SWIFT,2100.22,MYR,**************8617,MY,194
32205eec-f8c9-d3fa-7069-be70ab47d9c5,2026-07-05T12:55:17.599,gateway,OK,pacs.008,FAST,2304.34,GBP,**************0645,GB,51
32205eec-f8c9-d3fa-7069-be70ab47d9c5,2026-07-05T12:55:17.639,auth,OK,pacs.008,FAST,2304.34,GBP,**************0645,GB,31
32205eec-f8c9-d3fa-7069-be70ab47d9c5,2026-07-05T12:55:17.715,validation,OK,pacs.008,FAST,2304.34,GBP,**************0645,GB,68
32205eec-f8c9-d3fa-7069-be70ab47d9c5,2026-07-05T12:55:17.803,aml,OK,pacs.008,FAST,2304.34,GBP,**************0645,GB,294
32205eec-f8c9-d3fa-7069-be70ab47d9c5,2026-07-05T12:55:47.809,payment-hub,OK,pacs.008,FAST,2304.34,GBP,**************0645,GB,87
32205eec-f8c9-d3fa-7069-be70ab47d9c5,2026-07-05T12:55:47.867,core-banking,OK,pacs.008,FAST,2304.34,GBP,**************0645,GB,81
32205eec-f8c9-d3fa-7069-be70ab47d9c5,2026-07-05T12:55:48.033,settlement,SETTLED,pacs.008,FAST,2304.34,GBP,**************0645,GB,264
683f9838-ed0b-54df-f2b9-c717a0e46a97,2026-07-02T04:01:09.723,gateway,OK,MT103,SWIFT,2707.78,USD,**************7413,US,36
683f9838-ed0b-54df-f2b9-c717a0e46a97,2026-07-02T04:01:09.797,auth,OK,MT103,SWIFT,2707.78,USD,**************7413,US,58
683f9838-ed0b-54df-f2b9-c717a0e46a97,2026-07-02T04:01:09.973,validation,OK,MT103,SWIFT,2707.78,USD,**************7413,US,80
683f9838-ed0b-54df-f2b9-c717a0e46a97,2026-07-02T04:01:10.032,aml,OK,MT103,SWIFT,2707.78,USD,**************7413,US,212
683f9838-ed0b-54df-f2b9-c717a0e46a97,2026-07-02T04:01:10.109,payment-hub,OK,MT103,SWIFT,2707.78,USD,**************7413,US,148
683f9838-ed0b-54df-f2b9-c717a0e46a97,2026-07-02T04:01:10.190,core-banking,OK,MT103,SWIFT,2707.78,USD,**************7413,US,204
683f9838-ed0b-54df-f2b9-c717a0e46a97,2026-07-02T04:01:10.352,settlement,SETTLED,MT103,SWIFT,2707.78,USD,**************7413,US,115
66d1e0cf-99bd-e4e0-9170-6232f8616d9d,2026-07-01T11:32:00.154,gateway,OK,pacs.008,FAST,1345.45,SGD,**************3476,SG,33
66d1e0cf-99bd-e4e0-9170-6232f8616d9d,2026-07-01T11:32:00.210,auth,OK,pacs.008,FAST,1345.45,SGD,**************3476,SG,68
66d1e0cf-99bd-e4e0-9170-6232f8616d9d,2026-07-01T11:32:00.326,validation,OK,pacs.008,FAST,1345.45,SGD,**************3476,SG,71
66d1e0cf-99bd-e4e0-9170-6232f8616d9d,2026-07-01T11:32:00.438,aml,OK,pacs.008,FAST,1345.45,SGD,**************3476,SG,153
66d1e0cf-99bd-e4e0-9170-6232f8616d9d,2026-07-01T11:32:00.496,payment-hub,OK,pacs.008,FAST,1345.45,SGD,**************3476,SG,113
66d1e0cf-99bd-e4e0-9170-6232f8616d9d,2026-07-01T11:32:00.541,core-banking,OK,pacs.008,FAST,1345.45,SGD,**************3476,SG,83
66d1e0cf-99bd-e4e0-9170-6232f8616d9d,2026-07-01T11:32:00.739,settlement,SETTLED,pacs.008,FAST,1345.45,SGD,**************3476,SG,177
608827a7-6630-1b91-dc47-9e7717802011,2026-07-03T09:12:37.220,gateway,OK,pacs.008,FAST,1638.27,MYR,**************4234,MY,15
608827a7-6630-1b91-dc47-9e7717802011,2026-07-03T09:12:37.488,auth,OK,pacs.008,FAST,1638.27,MYR,**************4234,MY,69
608827a7-6630-1b91-dc47-9e7717802011,2026-07-03T09:12:37.537,validation,OK,pacs.008,FAST,1638.27,MYR,**************4234,MY,34
608827a7-6630-1b91-dc47-9e7717802011,2026-07-03T09:12:37.619,aml,OK,pacs.008,FAST,1638.27,MYR,**************4234,MY,171
608827a7-6630-1b91-dc47-9e7717802011,2026-07-03T09:12:37.688,payment-hub,OK,pacs.008,FAST,1638.27,MYR,**************4234,MY,107
608827a7-6630-1b91-dc47-9e7717802011,2026-07-03T09:12:37.784,core-banking,OK,pacs.008,FAST,1638.27,MYR,**************4234,MY,112
608827a7-6630-1b91-dc47-9e7717802011,2026-07-03T09:12:37.869,settlement,SETTLED,pacs.008,FAST,1638.27,MYR,**************4234,MY,332
efe549c3-2538-cd94-633f-918e595f01b3,2026-07-08T06:09:47.742,gateway,OK,pacs.008,FAST,286.38,MYR,**************6668,MY,21
efe549c3-2538-cd94-633f-918e595f01b3,2026-07-08T06:09:47.886,auth,OK,pacs.008,FAST,286.38,MYR,**************6668,MY,89
efe549c3-2538-cd94-633f-918e595f01b3,2026-07-08T06:09:47.930,validation,OK,pacs.008,FAST,286.38,MYR,**************6668,MY,29
efe549c3-2538-cd94-633f-918e595f01b3,2026-07-08T06:10:17.968,aml,TIMEOUT,pacs.008,FAST,286.38,MYR,**************6668,MY,30000
efe549c3-2538-cd94-633f-918e595f01b3,2026-07-08T06:10:18.036,payment-hub,FAILED,pacs.008,FAST,286.38,MYR,**************6668,MY,39
306bbb04-4c89-c081-6406-09f7a106515f,2026-07-12T11:39:33.235,gateway,OK,pacs.008,FAST,438.12,USD,**************4392,HK,22
306bbb04-4c89-c081-6406-09f7a106515f,2026-07-12T11:39:33.303,auth,OK,pacs.008,FAST,438.12,USD,**************4392,HK,67
306bbb04-4c89-c081-6406-09f7a106515f,2026-07-12T11:39:33.368,validation,OK,pacs.008,FAST,438.12,USD,**************4392,HK,96
306bbb04-4c89-c081-6406-09f7a106515f,2026-07-12T11:39:33.461,aml,OK,pacs.008,FAST,438.12,USD,**************4392,HK,235
306bbb04-4c89-c081-6406-09f7a106515f,2026-07-12T11:39:33.549,payment-hub,OK,pacs.008,FAST,438.12,USD,**************4392,HK,142
306bbb04-4c89-c081-6406-09f7a106515f,2026-07-12T11:39:33.654,core-banking,OK,pacs.008,FAST,438.12,USD,**************4392,HK,53
306bbb04-4c89-c081-6406-09f7a106515f,2026-07-12T11:39:33.723,settlement,SETTLED,pacs.008,FAST,438.12,USD,**************4392,HK,342
6f338282-fb5c-4f25-fabb-695e049ea6e1,2026-07-12T23:20:53.422,gateway,OK,0200,CARDS,7647.37,SGD,**************9040,SG,51
6f338282-fb5c-4f25-fabb-695e049ea6e1,2026-07-12T23:20:53.569,auth,OK,0200,CARDS,7647.37,SGD,**************9040,SG,58
6f338282-fb5c-4f25-fabb-695e049ea6e1,2026-07-12T23:20:53.663,validation,OK,0200,CARDS,7647.37,SGD,**************9040,SG,47
6f338282-fb5c-4f25-fabb-695e049ea6e1,2026-07-12T23:20:53.743,aml,OK,0200,CARDS,7647.37,SGD,**************9040,SG,264
6f338282-fb5c-4f25-fabb-695e049ea6e1,2026-07-12T23:20:53.811,payment-hub,OK,0200,CARDS,7647.37,SGD,**************9040,SG,136
6f338282-fb5c-4f25-fabb-695e049ea6e1,2026-07-12T23:20:54.114,core-banking,OK,0200,CARDS,7647.37,SGD,**************9040,SG,147
6f338282-fb5c-4f25-fabb-695e049ea6e1,2026-07-12T23:20:54.265,settlement,SETTLED,0200,CARDS,7647.37,SGD,**************9040,SG,101
ecfc5198-f681-0ff1-8748-0344f97649ac,2026-07-09T06:57:20.988,gateway,OK,MT103,SWIFT,349.37,SGD,**************7361,SG,30
ecfc5198-f681-0ff1-8748-0344f97649ac,2026-07-09T06:57:21.089,auth,OK,MT103,SWIFT,349.37,SGD,**************7361,SG,36
ecfc5198-f681-0ff1-8748-0344f97649ac,2026-07-09T06:57:21.159,validation,OK,MT103,SWIFT,349.37,SGD,**************7361,SG,34
ecfc5198-f681-0ff1-8748-0344f97649ac,2026-07-09T06:57:21.236,aml,OK,MT103,SWIFT,349.37,SGD,**************7361,SG,102
ecfc5198-f681-0ff1-8748-0344f97649ac,2026-07-09T06:57:21.333,payment-hub,OK,MT103,SWIFT,349.37,SGD,**************7361,SG,102
ecfc5198-f681-0ff1-8748-0344f97649ac,2026-07-09T06:57:21.505,core-banking,OK,MT103,SWIFT,349.37,SGD,**************7361,SG,71
ecfc5198-f681-0ff1-8748-0344f97649ac,2026-07-09T06:57:21.651,settlement,SETTLED,MT103,SWIFT,349.37,SGD,**************7361,SG,296
5afe8f6a-85b0-b53d-bf29-3f2ea16d8af4,2026-07-14T17:06:09.904,gateway,OK,pacs.008,FAST,585.4,SGD,**************8505,SG,39
5afe8f6a-85b0-b53d-bf29-3f2ea16d8af4,2026-07-14T17:06:09.993,auth,OK,pacs.008,FAST,585.4,SGD,**************8505,SG,46
5afe8f6a-85b0-b53d-bf29-3f2ea16d8af4,2026-07-14T17:06:10.040,validation,OK,pacs.008,FAST,585.4,SGD,**************8505,SG,36
5afe8f6a-85b0-b53d-bf29-3f2ea16d8af4,2026-07-14T17:06:10.122,aml,OK,pacs.008,FAST,585.4,SGD,**************8505,SG,153
5afe8f6a-85b0-b53d-bf29-3f2ea16d8af4,2026-07-14T17:06:10.346,payment-hub,OK,pacs.008,FAST,585.4,SGD,**************8505,SG,128
5afe8f6a-85b0-b53d-bf29-3f2ea16d8af4,2026-07-14T17:06:10.402,core-banking,OK,pacs.008,FAST,585.4,SGD,**************8505,SG,182
5afe8f6a-85b0-b53d-bf29-3f2ea16d8af4,2026-07-14T17:06:10.485,settlement,SETTLED,pacs.008,FAST,585.4,SGD,**************8505,SG,316
c78379e0-7ff5-ccf4-f971-9758da7bda0c,2026-07-09T19:42:56.416,gateway,OK,MT103,SWIFT,812.41,USD,**************0167,US,51
c78379e0-7ff5-ccf4-f971-9758da7bda0c,2026-07-09T19:42:56.564,auth,OK,MT103,SWIFT,812.41,USD,**************0167,US,53
c78379e0-7ff5-ccf4-f971-9758da7bda0c,2026-07-09T19:42:56.623,validation,REJECTED,MT103,SWIFT,812.41,USD,**************0167,US,97
1f356f4d-97ab-e659-be2e-f500142cc773,2026-07-03T10:19:51.232,gateway,OK,MT103,SWIFT,403.16,MYR,**************4392,MY,43
1f356f4d-97ab-e659-be2e-f500142cc773,2026-07-03T10:19:51.346,auth,OK,MT103,SWIFT,403.16,MYR,**************4392,MY,26
1f356f4d-97ab-e659-be2e-f500142cc773,2026-07-03T10:19:51.439,validation,OK,MT103,SWIFT,403.16,MYR,**************4392,MY,34
1f356f4d-97ab-e659-be2e-f500142cc773,2026-07-03T10:19:51.542,aml,OK,MT103,SWIFT,403.16,MYR,**************4392,MY,50
1f356f4d-97ab-e659-be2e-f500142cc773,2026-07-03T10:19:51.601,payment-hub,OK,MT103,SWIFT,403.16,MYR,**************4392,MY,63
1f356f4d-97ab-e659-be2e-f500142cc773,2026-07-03T10:19:51.637,core-banking,OK,MT103,SWIFT,403.16,MYR,**************4392,MY,155
1f356f4d-97ab-e659-be2e-f500142cc773,2026-07-03T10:19:51.758,settlement,SETTLED,MT103,SWIFT,403.16,MYR,**************4392,MY,90
11c57a8f-0e84-cf9f-cbbd-d3517e8f87ee,2026-07-11T19:09:40.373,gateway,OK,MT103,SWIFT,420.05,SGD,**************8208,SG,39
11c57a8f-0e84-cf9f-cbbd-d3517e8f87ee,2026-07-11T19:09:40.519,auth,OK,MT103,SWIFT,420.05,SGD,**************8208,SG,26
11c57a8f-0e84-cf9f-cbbd-d3517e8f87ee,2026-07-11T19:09:40.555,validation,OK,MT103,SWIFT,420.05,SGD,**************8208,SG,102
11c57a8f-0e84-cf9f-cbbd-d3517e8f87ee,2026-07-11T19:09:40.656,aml,OK,MT103,SWIFT,420.05,SGD,**************8208,SG,279
11c57a8f-0e84-cf9f-cbbd-d3517e8f87ee,2026-07-11T19:10:10.662,payment-hub,OK,MT103,SWIFT,420.05,SGD,**************8208,SG,114
11c57a8f-0e84-cf9f-cbbd-d3517e8f87ee,2026-07-11T19:10:10.747,core-banking,OK,MT103,SWIFT,420.05,SGD,**************8208,SG,59
11c57a8f-0e84-cf9f-cbbd-d3517e8f87ee,2026-07-11T19:10:11.016,settlement,SETTLED,MT103,SWIFT,420.05,SGD,**************8208,SG,150
2f4564e8-3dac-f988-c401-af8848825a88,2026-07-04T14:53:39.274,gateway,OK,MT103,SWIFT,1011.07,SGD,**************0253,SG,22
2f4564e8-3dac-f988-c401-af8848825a88,2026-07-04T14:53:39.332,auth,OK,MT103,SWIFT,1011.07,SGD,**************0253,SG,90
2f4564e8-3dac-f988-c401-af8848825a88,2026-07-04T14:53:39.381,validation,OK,MT103,SWIFT,1011.07,SGD,**************0253,SG,108
2f4564e8-3dac-f988-c401-af8848825a88,2026-07-04T14:53:39.511,aml,OK,MT103,SWIFT,1011.07,SGD,**************0253,SG,203
2f4564e8-3dac-f988-c401-af8848825a88,2026-07-04T14:53:39.642,payment-hub,OK,MT103,SWIFT,1011.07,SGD,**************0253,SG,82
2f4564e8-3dac-f988-c401-af8848825a88,2026-07-04T14:53:39.777,core-banking,OK,MT103,SWIFT,1011.07,SGD,**************0253,SG,235
2f4564e8-3dac-f988-c401-af8848825a88,2026-07-04T14:53:39.808,settlement,SETTLED,MT103,SWIFT,1011.07,SGD,**************0253,SG,254
e50aee56-20fe-3a3e-c248-416ee98739d2,2026-07-12T10:46:54.896,gateway,OK,pacs.008,FAST,1291.34,USD,**************1630,US,55
e50aee56-20fe-3a3e-c248-416ee98739d2,2026-07-12T10:46:54.965,auth,OK,pacs.008,FAST,1291.34,USD,**************1630,US,71
e50aee56-20fe-3a3e-c248-416ee98739d2,2026-07-12T10:46:55.021,validation,OK,pacs.008,FAST,1291.34,USD,**************1630,US,105
e50aee56-20fe-3a3e-c248-416ee98739d2,2026-07-12T10:46:55.092,aml,TIMEOUT,pacs.008,FAST,1291.34,USD,**************1630,US,30000
e50aee56-20fe-3a3e-c248-416ee98739d2,2026-07-12T10:46:55.360,payment-hub,FAILED,pacs.008,FAST,1291.34,USD,**************1630,US,110
f4f9139a-a225-2e2b-7137-0c2312fb56f9,2026-07-04T21:15:51.586,gateway,OK,pacs.008,FAST,447.68,EUR,**************5894,IN,19
f4f9139a-a225-2e2b-7137-0c2312fb56f9,2026-07-04T21:15:51.739,auth,OK,pacs.008,FAST,447.68,EUR,**************5894,IN,64
f4f9139a-a225-2e2b-7137-0c2312fb56f9,2026-07-04T21:15:51.837,validation,OK,pacs.008,FAST,447.68,EUR,**************5894,IN,66
f4f9139a-a225-2e2b-7137-0c2312fb56f9,2026-07-04T21:15:51.948,aml,OK,pacs.008,FAST,447.68,EUR,**************5894,IN,218
f4f9139a-a225-2e2b-7137-0c2312fb56f9,2026-07-04T21:15:52.030,payment-hub,OK,pacs.008,FAST,447.68,EUR,**************5894,IN,42
f4f9139a-a225-2e2b-7137-0c2312fb56f9,2026-07-04T21:15:52.205,core-banking,OK,pacs.008,FAST,447.68,EUR,**************5894,IN,181
f4f9139a-a225-2e2b-7137-0c2312fb56f9,2026-07-04T21:15:52.269,settlement,SETTLED,pacs.008,FAST,447.68,EUR,**************5894,IN,196
d10b97b8-f518-b627-efb8-5cde3a07e86b,2026-07-09T05:22:37.798,gateway,OK,pacs.008,FAST,148.33,SGD,**************1884,SG,36
d10b97b8-f518-b627-efb8-5cde3a07e86b,2026-07-09T05:22:37.852,auth,OK,pacs.008,FAST,148.33,SGD,**************1884,SG,27
d10b97b8-f518-b627-efb8-5cde3a07e86b,2026-07-09T05:22:37.977,validation,OK,pacs.008,FAST,148.33,SGD,**************1884,SG,93
d10b97b8-f518-b627-efb8-5cde3a07e86b,2026-07-09T05:22:38.073,aml,OK,pacs.008,FAST,148.33,SGD,**************1884,SG,296
d10b97b8-f518-b627-efb8-5cde3a07e86b,2026-07-09T05:22:38.207,payment-hub,OK,pacs.008,FAST,148.33,SGD,**************1884,SG,104
d10b97b8-f518-b627-efb8-5cde3a07e86b,2026-07-09T05:22:38.256,core-banking,OK,pacs.008,FAST,148.33,SGD,**************1884,SG,247
d10b97b8-f518-b627-efb8-5cde3a07e86b,2026-07-09T05:22:38.473,settlement,SETTLED,pacs.008,FAST,148.33,SGD,**************1884,SG,391
c484b944-59ab-cdf6-2629-0e9f66d33762,2026-07-14T06:57:19.912,gateway,OK,MT103,SWIFT,477.79,SGD,**************0730,SG,40
c484b944-59ab-cdf6-2629-0e9f66d33762,2026-07-14T06:57:20.044,auth,OK,MT103,SWIFT,477.79,SGD,**************0730,SG,43
c484b944-59ab-cdf6-2629-0e9f66d33762,2026-07-14T06:57:20.121,validation,OK,MT103,SWIFT,477.79,SGD,**************0730,SG,48
c484b944-59ab-cdf6-2629-0e9f66d33762,2026-07-14T06:57:20.324,aml,TIMEOUT,MT103,SWIFT,477.79,SGD,**************0730,SG,30000
c484b944-59ab-cdf6-2629-0e9f66d33762,2026-07-14T06:57:20.433,payment-hub,FAILED,MT103,SWIFT,477.79,SGD,**************0730,SG,36
4acee41b-ba00-d4b0-6f9c-72d28ecb1cd2,2026-07-04T19:02:53.008,gateway,OK,pacs.008,FAST,5448.02,INR,**************1117,IN,48
4acee41b-ba00-d4b0-6f9c-72d28ecb1cd2,2026-07-04T19:02:53.108,auth,OK,pacs.008,FAST,5448.02,INR,**************1117,IN,26
4acee41b-ba00-d4b0-6f9c-72d28ecb1cd2,2026-07-04T19:02:53.200,validation,OK,pacs.008,FAST,5448.02,INR,**************1117,IN,89
4acee41b-ba00-d4b0-6f9c-72d28ecb1cd2,2026-07-04T19:02:53.278,aml,OK,pacs.008,FAST,5448.02,INR,**************1117,IN,180
4acee41b-ba00-d4b0-6f9c-72d28ecb1cd2,2026-07-04T19:02:53.333,payment-hub,OK,pacs.008,FAST,5448.02,INR,**************1117,IN,100
4acee41b-ba00-d4b0-6f9c-72d28ecb1cd2,2026-07-04T19:02:53.389,core-banking,OK,pacs.008,FAST,5448.02,INR,**************1117,IN,83
4acee41b-ba00-d4b0-6f9c-72d28ecb1cd2,2026-07-04T19:02:53.543,settlement,SETTLED,pacs.008,FAST,5448.02,INR,**************1117,IN,285
a568dc67-e2a4-6e9d-81a0-a5044106cfe5,2026-07-02T15:56:13.663,gateway,OK,0200,CARDS,732.34,USD,**************0771,US,54
a568dc67-e2a4-6e9d-81a0-a5044106cfe5,2026-07-02T15:56:13.731,auth,OK,0200,CARDS,732.34,USD,**************0771,US,65
a568dc67-e2a4-6e9d-81a0-a5044106cfe5,2026-07-02T15:56:13.786,validation,OK,0200,CARDS,732.34,USD,**************0771,US,87
a568dc67-e2a4-6e9d-81a0-a5044106cfe5,2026-07-02T15:56:14.027,aml,OK,0200,CARDS,732.34,USD,**************0771,US,55
a568dc67-e2a4-6e9d-81a0-a5044106cfe5,2026-07-02T15:56:14.121,payment-hub,OK,0200,CARDS,732.34,USD,**************0771,US,113
a568dc67-e2a4-6e9d-81a0-a5044106cfe5,2026-07-02T15:56:14.250,core-banking,OK,0200,CARDS,732.34,USD,**************0771,US,165
a568dc67-e2a4-6e9d-81a0-a5044106cfe5,2026-07-02T15:56:14.382,settlement,SETTLED,0200,CARDS,732.34,USD,**************0771,US,262
26ad5738-3a23-dfba-c7aa-34207df1d199,2026-07-14T04:45:23.690,gateway,OK,pacs.008,FAST,62.25,USD,**************3669,US,15
26ad5738-3a23-dfba-c7aa-34207df1d199,2026-07-14T04:45:23.760,auth,OK,pacs.008,FAST,62.25,USD,**************3669,US,48
26ad5738-3a23-dfba-c7aa-34207df1d199,2026-07-14T04:45:23.871,validation,OK,pacs.008,FAST,62.25,USD,**************3669,US,44
26ad5738-3a23-dfba-c7aa-34207df1d199,2026-07-14T04:45:23.970,aml,OK,pacs.008,FAST,62.25,USD,**************3669,US,268
26ad5738-3a23-dfba-c7aa-34207df1d199,2026-07-14T04:45:24.078,payment-hub,OK,pacs.008,FAST,62.25,USD,**************3669,US,93
26ad5738-3a23-dfba-c7aa-34207df1d199,2026-07-14T04:45:24.328,core-banking,OK,pacs.008,FAST,62.25,USD,**************3669,US,128
26ad5738-3a23-dfba-c7aa-34207df1d199,2026-07-14T04:45:24.449,settlement,SETTLED,pacs.008,FAST,62.25,USD,**************3669,US,174
25ea2ef4-1c39-9d20-a4e2-8de8c106994f,2026-07-10T03:41:42.323,gateway,OK,0200,CARDS,249.55,MYR,**************0239,MY,50
25ea2ef4-1c39-9d20-a4e2-8de8c106994f,2026-07-10T03:42:12.356,auth,OK,0200,CARDS,249.55,MYR,**************0239,MY,90
25ea2ef4-1c39-9d20-a4e2-8de8c106994f,2026-07-10T03:42:12.520,validation,OK,0200,CARDS,249.55,MYR,**************0239,MY,66
25ea2ef4-1c39-9d20-a4e2-8de8c106994f,2026-07-10T03:42:12.617,aml,OK,0200,CARDS,249.55,MYR,**************0239,MY,139
25ea2ef4-1c39-9d20-a4e2-8de8c106994f,2026-07-10T03:42:12.728,payment-hub,OK,0200,CARDS,249.55,MYR,**************0239,MY,95
25ea2ef4-1c39-9d20-a4e2-8de8c106994f,2026-07-10T03:42:12.792,core-banking,OK,0200,CARDS,249.55,MYR,**************0239,MY,58
25ea2ef4-1c39-9d20-a4e2-8de8c106994f,2026-07-10T03:42:12.836,settlement,SETTLED,0200,CARDS,249.55,MYR,**************0239,MY,95
6386b636-1c95-fca9-78b6-345d8946f878,2026-07-07T02:19:29.446,gateway,OK,MT103,SWIFT,224.7,USD,**************0033,US,60
6386b636-1c95-fca9-78b6-345d8946f878,2026-07-07T02:19:29.591,auth,OK,MT103,SWIFT,224.7,USD,**************0033,US,44
6386b636-1c95-fca9-78b6-345d8946f878,2026-07-07T02:19:29.707,validation,OK,MT103,SWIFT,224.7,USD,**************0033,US,81
6386b636-1c95-fca9-78b6-345d8946f878,2026-07-07T02:19:29.745,aml,OK,MT103,SWIFT,224.7,USD,**************0033,US,212
6386b636-1c95-fca9-78b6-345d8946f878,2026-07-07T02:19:29.904,payment-hub,OK,MT103,SWIFT,224.7,USD,**************0033,US,142
6386b636-1c95-fca9-78b6-345d8946f878,2026-07-07T02:19:30.229,core-banking,OK,MT103,SWIFT,224.7,USD,**************0033,US,108
6386b636-1c95-fca9-78b6-345d8946f878,2026-07-07T02:19:30.398,settlement,SETTLED,MT103,SWIFT,224.7,USD,**************0033,US,226
5c9f66a1-69d2-518e-8d96-80f42de9e2fe,2026-07-01T10:18:33.089,gateway,OK,MT103,SWIFT,1899.67,INR,**************5367,IN,34
5c9f66a1-69d2-518e-8d96-80f42de9e2fe,2026-07-01T10:18:33.160,auth,OK,MT103,SWIFT,1899.67,INR,**************5367,IN,34
5c9f66a1-69d2-518e-8d96-80f42de9e2fe,2026-07-01T10:18:33.267,validation,OK,MT103,SWIFT,1899.67,INR,**************5367,IN,101
5c9f66a1-69d2-518e-8d96-80f42de9e2fe,2026-07-01T10:18:33.300,aml,OK,MT103,SWIFT,1899.67,INR,**************5367,IN,63
5c9f66a1-69d2-518e-8d96-80f42de9e2fe,2026-07-01T10:19:03.336,payment-hub,OK,MT103,SWIFT,1899.67,INR,**************5367,IN,89
5c9f66a1-69d2-518e-8d96-80f42de9e2fe,2026-07-01T10:19:03.390,core-banking,OK,MT103,SWIFT,1899.67,INR,**************5367,IN,206
5c9f66a1-69d2-518e-8d96-80f42de9e2fe,2026-07-01T10:19:03.459,settlement,SETTLED,MT103,SWIFT,1899.67,INR,**************5367,IN,236
9fdabcf8-d92a-5922-a2e5-a605b5a7c956,2026-07-09T05:20:06.002,gateway,OK,pacs.008,FAST,88.05,MYR,**************8297,MY,52
9fdabcf8-d92a-5922-a2e5-a605b5a7c956,2026-07-09T05:20:06.071,auth,OK,pacs.008,FAST,88.05,MYR,**************8297,MY,83
9fdabcf8-d92a-5922-a2e5-a605b5a7c956,2026-07-09T05:20:06.273,validation,OK,pacs.008,FAST,88.05,MYR,**************8297,MY,38
9fdabcf8-d92a-5922-a2e5-a605b5a7c956,2026-07-09T05:20:06.478,aml,OK,pacs.008,FAST,88.05,MYR,**************8297,MY,140
9fdabcf8-d92a-5922-a2e5-a605b5a7c956,2026-07-09T05:20:06.615,payment-hub,OK,pacs.008,FAST,88.05,MYR,**************8297,MY,135
9fdabcf8-d92a-5922-a2e5-a605b5a7c956,2026-07-09T05:20:06.682,core-banking,OK,pacs.008,FAST,88.05,MYR,**************8297,MY,232
9fdabcf8-d92a-5922-a2e5-a605b5a7c956,2026-07-09T05:20:06.756,settlement,SETTLED,pacs.008,FAST,88.05,MYR,**************8297,MY,290
f46aac2a-0bca-eafb-85cd-5924cc78556d,2026-07-07T19:01:48.736,gateway,OK,MT103,SWIFT,2262.73,SGD,**************9140,SG,34
f46aac2a-0bca-eafb-85cd-5924cc78556d,2026-07-07T19:01:48.789,auth,OK,MT103,SWIFT,2262.73,SGD,**************9140,SG,21
f46aac2a-0bca-eafb-85cd-5924cc78556d,2026-07-07T19:01:49.033,validation,OK,MT103,SWIFT,2262.73,SGD,**************9140,SG,101
f46aac2a-0bca-eafb-85cd-5924cc78556d,2026-07-07T19:01:49.082,aml,OK,MT103,SWIFT,2262.73,SGD,**************9140,SG,53
f46aac2a-0bca-eafb-85cd-5924cc78556d,2026-07-07T19:01:49.167,payment-hub,OK,MT103,SWIFT,2262.73,SGD,**************9140,SG,144
f46aac2a-0bca-eafb-85cd-5924cc78556d,2026-07-07T19:01:49.400,core-banking,OK,MT103,SWIFT,2262.73,SGD,**************9140,SG,198
f46aac2a-0bca-eafb-85cd-5924cc78556d,2026-07-07T19:01:49.499,settlement,SETTLED,MT103,SWIFT,2262.73,SGD,**************9140,SG,292
7bd01e9d-95b3-2b6e-e71d-b09df27c7276,2026-07-12T03:45:54.143,gateway,OK,pacs.008,FAST,201.95,SGD,**************2725,SG,41
7bd01e9d-95b3-2b6e-e71d-b09df27c7276,2026-07-12T03:45:54.311,auth,OK,pacs.008,FAST,201.95,SGD,**************2725,SG,65
7bd01e9d-95b3-2b6e-e71d-b09df27c7276,2026-07-12T03:45:54.452,validation,OK,pacs.008,FAST,201.95,SGD,**************2725,SG,65
7bd01e9d-95b3-2b6e-e71d-b09df27c7276,2026-07-12T03:45:54.569,aml,TIMEOUT,pacs.008,FAST,201.95,SGD,**************2725,SG,30000
7bd01e9d-95b3-2b6e-e71d-b09df27c7276,2026-07-12T03:45:54.626,payment-hub,FAILED,pacs.008,FAST,201.95,SGD,**************2725,SG,123
2c1215f5-68ea-a560-e0d1-eacbc5bf0e04,2026-07-09T03:05:43.489,gateway,OK,MT103,SWIFT,459.66,SGD,**************1727,SG,27
2c1215f5-68ea-a560-e0d1-eacbc5bf0e04,2026-07-09T03:05:43.678,auth,OK,MT103,SWIFT,459.66,SGD,**************1727,SG,79
2c1215f5-68ea-a560-e0d1-eacbc5bf0e04,2026-07-09T03:05:43.770,validation,OK,MT103,SWIFT,459.66,SGD,**************1727,SG,46
2c1215f5-68ea-a560-e0d1-eacbc5bf0e04,2026-07-09T03:05:43.825,aml,OK,MT103,SWIFT,459.66,SGD,**************1727,SG,247
2c1215f5-68ea-a560-e0d1-eacbc5bf0e04,2026-07-09T03:05:43.899,payment-hub,OK,MT103,SWIFT,459.66,SGD,**************1727,SG,110
2c1215f5-68ea-a560-e0d1-eacbc5bf0e04,2026-07-09T03:06:13.934,core-banking,OK,MT103,SWIFT,459.66,SGD,**************1727,SG,199
2c1215f5-68ea-a560-e0d1-eacbc5bf0e04,2026-07-09T03:06:14.194,settlement,SETTLED,MT103,SWIFT,459.66,SGD,**************1727,SG,241
a41a5fb3-7e4d-a9a9-0a02-97f63a202cec,2026-07-12T22:13:04.358,gateway,OK,MT103,SWIFT,897.14,INR,**************8517,IN,45
a41a5fb3-7e4d-a9a9-0a02-97f63a202cec,2026-07-12T22:13:04.459,auth,OK,MT103,SWIFT,897.14,INR,**************8517,IN,48
a41a5fb3-7e4d-a9a9-0a02-97f63a202cec,2026-07-12T22:13:04.612,validation,OK,MT103,SWIFT,897.14,INR,**************8517,IN,93
a41a5fb3-7e4d-a9a9-0a02-97f63a202cec,2026-07-12T22:13:04.717,aml,OK,MT103,SWIFT,897.14,INR,**************8517,IN,134
a41a5fb3-7e4d-a9a9-0a02-97f63a202cec,2026-07-12T22:13:04.959,payment-hub,OK,MT103,SWIFT,897.14,INR,**************8517,IN,90
a41a5fb3-7e4d-a9a9-0a02-97f63a202cec,2026-07-12T22:13:05.032,core-banking,OK,MT103,SWIFT,897.14,INR,**************8517,IN,157
a41a5fb3-7e4d-a9a9-0a02-97f63a202cec,2026-07-12T22:13:05.113,settlement,SETTLED,MT103,SWIFT,897.14,INR,**************8517,IN,279
ceaafcb3-c141-6e1d-20f3-345d8fdcf9d6,2026-07-05T05:21:28.480,gateway,OK,MT103,SWIFT,352.45,SGD,**************4085,MY,45
ceaafcb3-c141-6e1d-20f3-345d8fdcf9d6,2026-07-05T05:21:28.603,auth,OK,MT103,SWIFT,352.45,SGD,**************4085,MY,20
ceaafcb3-c141-6e1d-20f3-345d8fdcf9d6,2026-07-05T05:21:28.644,validation,OK,MT103,SWIFT,352.45,SGD,**************4085,MY,101
ceaafcb3-c141-6e1d-20f3-345d8fdcf9d6,2026-07-05T05:21:28.862,aml,OK,MT103,SWIFT,352.45,SGD,**************4085,MY,234
ceaafcb3-c141-6e1d-20f3-345d8fdcf9d6,2026-07-05T05:21:28.943,payment-hub,OK,MT103,SWIFT,352.45,SGD,**************4085,MY,45
ceaafcb3-c141-6e1d-20f3-345d8fdcf9d6,2026-07-05T05:21:29.020,core-banking,OK,MT103,SWIFT,352.45,SGD,**************4085,MY,168
ceaafcb3-c141-6e1d-20f3-345d8fdcf9d6,2026-07-05T05:21:29.054,settlement,SETTLED,MT103,SWIFT,352.45,SGD,**************4085,MY,371
55808279-3a3b-bc41-4e04-eea41becf673,2026-07-11T19:10:02.382,gateway,OK,pacs.008,FAST,814.14,SGD,**************2402,SG,44
55808279-3a3b-bc41-4e04-eea41becf673,2026-07-11T19:10:02.579,auth,OK,pacs.008,FAST,814.14,SGD,**************2402,SG,85
55808279-3a3b-bc41-4e04-eea41becf673,2026-07-11T19:10:02.693,validation,OK,pacs.008,FAST,814.14,SGD,**************2402,SG,88
55808279-3a3b-bc41-4e04-eea41becf673,2026-07-11T19:10:02.893,aml,OK,pacs.008,FAST,814.14,SGD,**************2402,SG,151
55808279-3a3b-bc41-4e04-eea41becf673,2026-07-11T19:10:03.108,payment-hub,OK,pacs.008,FAST,814.14,SGD,**************2402,SG,113
55808279-3a3b-bc41-4e04-eea41becf673,2026-07-11T19:10:03.157,core-banking,OK,pacs.008,FAST,814.14,SGD,**************2402,SG,240
55808279-3a3b-bc41-4e04-eea41becf673,2026-07-11T19:10:03.224,settlement,SETTLED,pacs.008,FAST,814.14,SGD,**************2402,SG,95
d8babc3e-1652-1a14-992b-7aca0c858cfa,2026-07-13T08:56:27.764,gateway,OK,MT103,SWIFT,735.97,MYR,**************8950,MY,36
d8babc3e-1652-1a14-992b-7aca0c858cfa,2026-07-13T08:56:27.835,auth,OK,MT103,SWIFT,735.97,MYR,**************8950,MY,64
d8babc3e-1652-1a14-992b-7aca0c858cfa,2026-07-13T08:56:28.000,validation,OK,MT103,SWIFT,735.97,MYR,**************8950,MY,92
d8babc3e-1652-1a14-992b-7aca0c858cfa,2026-07-13T08:56:28.077,aml,OK,MT103,SWIFT,735.97,MYR,**************8950,MY,236
d8babc3e-1652-1a14-992b-7aca0c858cfa,2026-07-13T08:56:28.344,payment-hub,OK,MT103,SWIFT,735.97,MYR,**************8950,MY,45
d8babc3e-1652-1a14-992b-7aca0c858cfa,2026-07-13T08:56:28.602,core-banking,OK,MT103,SWIFT,735.97,MYR,**************8950,MY,122
d8babc3e-1652-1a14-992b-7aca0c858cfa,2026-07-13T08:56:28.834,settlement,SETTLED,MT103,SWIFT,735.97,MYR,**************8950,MY,110
5837ced2-59d7-5dc6-0d6b-c7c013e723c6,2026-07-14T19:46:02.659,gateway,OK,pacs.008,FAST,1008.72,MYR,**************7508,MY,22
5837ced2-59d7-5dc6-0d6b-c7c013e723c6,2026-07-14T19:46:02.731,auth,OK,pacs.008,FAST,1008.72,MYR,**************7508,MY,53
5837ced2-59d7-5dc6-0d6b-c7c013e723c6,2026-07-14T19:46:03.021,validation,OK,pacs.008,FAST,1008.72,MYR,**************7508,MY,96
5837ced2-59d7-5dc6-0d6b-c7c013e723c6,2026-07-14T19:46:03.121,aml,TIMEOUT,pacs.008,FAST,1008.72,MYR,**************7508,MY,30000
5837ced2-59d7-5dc6-0d6b-c7c013e723c6,2026-07-14T19:46:03.334,payment-hub,FAILED,pacs.008,FAST,1008.72,MYR,**************7508,MY,106
155f2c61-1fa4-74dc-3b60-cffa5725db44,2026-07-01T18:48:52.479,gateway,OK,pacs.008,FAST,1425.57,INR,**************5680,IN,55
155f2c61-1fa4-74dc-3b60-cffa5725db44,2026-07-01T18:48:52.719,auth,OK,pacs.008,FAST,1425.57,INR,**************5680,IN,84
155f2c61-1fa4-74dc-3b60-cffa5725db44,2026-07-01T18:48:52.760,validation,OK,pacs.008,FAST,1425.57,INR,**************5680,IN,36
155f2c61-1fa4-74dc-3b60-cffa5725db44,2026-07-01T18:48:53.079,aml,OK,pacs.008,FAST,1425.57,INR,**************5680,IN,106
155f2c61-1fa4-74dc-3b60-cffa5725db44,2026-07-01T18:48:53.253,payment-hub,OK,pacs.008,FAST,1425.57,INR,**************5680,IN,86
155f2c61-1fa4-74dc-3b60-cffa5725db44,2026-07-01T18:48:53.350,core-banking,OK,pacs.008,FAST,1425.57,INR,**************5680,IN,59
155f2c61-1fa4-74dc-3b60-cffa5725db44,2026-07-01T18:48:53.498,settlement,SETTLED,pacs.008,FAST,1425.57,INR,**************5680,IN,97
9718c117-eecc-3b11-6688-0b4ef7ebb710,2026-07-09T21:27:58.371,gateway,OK,MT103,SWIFT,405.78,SGD,**************2635,SG,49
9718c117-eecc-3b11-6688-0b4ef7ebb710,2026-07-09T21:27:58.477,auth,OK,MT103,SWIFT,405.78,SGD,**************2635,SG,29
9718c117-eecc-3b11-6688-0b4ef7ebb710,2026-07-09T21:27:58.545,validation,OK,MT103,SWIFT,405.78,SGD,**************2635,SG,50
9718c117-eecc-3b11-6688-0b4ef7ebb710,2026-07-09T21:27:58.611,aml,OK,MT103,SWIFT,405.78,SGD,**************2635,SG,120
9718c117-eecc-3b11-6688-0b4ef7ebb710,2026-07-09T21:27:58.693,payment-hub,OK,MT103,SWIFT,405.78,SGD,**************2635,SG,60
9718c117-eecc-3b11-6688-0b4ef7ebb710,2026-07-09T21:27:58.960,core-banking,OK,MT103,SWIFT,405.78,SGD,**************2635,SG,155
9718c117-eecc-3b11-6688-0b4ef7ebb710,2026-07-09T21:27:59.171,settlement,SETTLED,MT103,SWIFT,405.78,SGD,**************2635,SG,295
93a434bb-a240-7841-7ed3-e4a89d052ea6,2026-07-08T10:26:14.723,gateway,OK,pacs.008,FAST,284.5,MYR,**************6018,MY,51
93a434bb-a240-7841-7ed3-e4a89d052ea6,2026-07-08T10:26:15.036,auth,OK,pacs.008,FAST,284.5,MYR,**************6018,MY,43
93a434bb-a240-7841-7ed3-e4a89d052ea6,2026-07-08T10:26:15.142,validation,OK,pacs.008,FAST,284.5,MYR,**************6018,MY,101
93a434bb-a240-7841-7ed3-e4a89d052ea6,2026-07-08T10:26:15.228,aml,OK,pacs.008,FAST,284.5,MYR,**************6018,MY,153
93a434bb-a240-7841-7ed3-e4a89d052ea6,2026-07-08T10:26:15.341,payment-hub,OK,pacs.008,FAST,284.5,MYR,**************6018,MY,118
93a434bb-a240-7841-7ed3-e4a89d052ea6,2026-07-08T10:26:15.456,core-banking,OK,pacs.008,FAST,284.5,MYR,**************6018,MY,138
93a434bb-a240-7841-7ed3-e4a89d052ea6,2026-07-08T10:26:15.517,settlement,SETTLED,pacs.008,FAST,284.5,MYR,**************6018,MY,259
aef7a701-b39d-3e46-67a4-6281fbb3be6f,2026-07-03T11:34:34.905,gateway,OK,pacs.008,FAST,230.79,GBP,**************8612,GB,43
aef7a701-b39d-3e46-67a4-6281fbb3be6f,2026-07-03T11:34:34.956,auth,OK,pacs.008,FAST,230.79,GBP,**************8612,GB,27
aef7a701-b39d-3e46-67a4-6281fbb3be6f,2026-07-03T11:34:35.006,validation,OK,pacs.008,FAST,230.79,GBP,**************8612,GB,71
aef7a701-b39d-3e46-67a4-6281fbb3be6f,2026-07-03T11:34:35.088,aml,OK,pacs.008,FAST,230.79,GBP,**************8612,GB,297
aef7a701-b39d-3e46-67a4-6281fbb3be6f,2026-07-03T11:34:35.120,payment-hub,OK,pacs.008,FAST,230.79,GBP,**************8612,GB,45
aef7a701-b39d-3e46-67a4-6281fbb3be6f,2026-07-03T11:35:05.139,core-banking,OK,pacs.008,FAST,230.79,GBP,**************8612,GB,239
aef7a701-b39d-3e46-67a4-6281fbb3be6f,2026-07-03T11:35:05.221,settlement,SETTLED,pacs.008,FAST,230.79,GBP,**************8612,GB,80
30c6a4f6-e144-ddf4-c29e-3247d0cca7b8,2026-07-12T09:24:44.199,gateway,OK,MT103,SWIFT,2745.66,USD,**************7130,US,33
30c6a4f6-e144-ddf4-c29e-3247d0cca7b8,2026-07-12T09:24:44.274,auth,OK,MT103,SWIFT,2745.66,USD,**************7130,US,57
30c6a4f6-e144-ddf4-c29e-3247d0cca7b8,2026-07-12T09:24:44.501,validation,OK,MT103,SWIFT,2745.66,USD,**************7130,US,79
30c6a4f6-e144-ddf4-c29e-3247d0cca7b8,2026-07-12T09:24:44.560,aml,OK,MT103,SWIFT,2745.66,USD,**************7130,US,53
30c6a4f6-e144-ddf4-c29e-3247d0cca7b8,2026-07-12T09:24:44.646,payment-hub,OK,MT103,SWIFT,2745.66,USD,**************7130,US,71
30c6a4f6-e144-ddf4-c29e-3247d0cca7b8,2026-07-12T09:24:44.708,core-banking,OK,MT103,SWIFT,2745.66,USD,**************7130,US,214
30c6a4f6-e144-ddf4-c29e-3247d0cca7b8,2026-07-12T09:24:44.774,settlement,SETTLED,MT103,SWIFT,2745.66,USD,**************7130,US,338
2cb08cdc-bb25-eb7e-b6ef-c1f6f5470eaf,2026-07-14T13:10:17.811,gateway,OK,0200,CARDS,2156.4,USD,**************3129,US,22
2cb08cdc-bb25-eb7e-b6ef-c1f6f5470eaf,2026-07-14T13:10:17.890,auth,OK,0200,CARDS,2156.4,USD,**************3129,US,81
2cb08cdc-bb25-eb7e-b6ef-c1f6f5470eaf,2026-07-14T13:10:17.983,validation,OK,0200,CARDS,2156.4,USD,**************3129,US,44
2cb08cdc-bb25-eb7e-b6ef-c1f6f5470eaf,2026-07-14T13:10:18.313,aml,OK,0200,CARDS,2156.4,USD,**************3129,US,43
2cb08cdc-bb25-eb7e-b6ef-c1f6f5470eaf,2026-07-14T13:10:18.410,payment-hub,OK,0200,CARDS,2156.4,USD,**************3129,US,33
2cb08cdc-bb25-eb7e-b6ef-c1f6f5470eaf,2026-07-14T13:10:18.573,core-banking,OK,0200,CARDS,2156.4,USD,**************3129,US,215
2cb08cdc-bb25-eb7e-b6ef-c1f6f5470eaf,2026-07-14T13:10:18.797,settlement,SETTLED,0200,CARDS,2156.4,USD,**************3129,US,86
166237ad-ff04-09f7-5dca-af799148f5bc,2026-07-01T23:47:33.793,gateway,OK,pacs.008,FAST,471.93,USD,**************9266,US,17
166237ad-ff04-09f7-5dca-af799148f5bc,2026-07-01T23:47:33.910,auth,OK,pacs.008,FAST,471.93,USD,**************9266,US,36
166237ad-ff04-09f7-5dca-af799148f5bc,2026-07-01T23:47:34.033,validation,OK,pacs.008,FAST,471.93,USD,**************9266,US,26
166237ad-ff04-09f7-5dca-af799148f5bc,2026-07-01T23:47:34.148,aml,OK,pacs.008,FAST,471.93,USD,**************9266,US,213
166237ad-ff04-09f7-5dca-af799148f5bc,2026-07-01T23:47:34.224,payment-hub,OK,pacs.008,FAST,471.93,USD,**************9266,US,134
166237ad-ff04-09f7-5dca-af799148f5bc,2026-07-01T23:47:34.256,core-banking,OK,pacs.008,FAST,471.93,USD,**************9266,US,235
166237ad-ff04-09f7-5dca-af799148f5bc,2026-07-01T23:47:34.309,settlement,SETTLED,pacs.008,FAST,471.93,USD,**************9266,US,388
13d9e7f6-c202-165a-76c2-7de91814a1e2,2026-07-07T17:54:23.394,gateway,OK,pacs.008,FAST,85.86,USD,**************1938,SG,33
13d9e7f6-c202-165a-76c2-7de91814a1e2,2026-07-07T17:54:23.570,auth,OK,pacs.008,FAST,85.86,USD,**************1938,SG,38
13d9e7f6-c202-165a-76c2-7de91814a1e2,2026-07-07T17:54:23.801,validation,OK,pacs.008,FAST,85.86,USD,**************1938,SG,118
13d9e7f6-c202-165a-76c2-7de91814a1e2,2026-07-07T17:54:23.942,aml,OK,pacs.008,FAST,85.86,USD,**************1938,SG,277
13d9e7f6-c202-165a-76c2-7de91814a1e2,2026-07-07T17:54:23.992,payment-hub,OK,pacs.008,FAST,85.86,USD,**************1938,SG,68
13d9e7f6-c202-165a-76c2-7de91814a1e2,2026-07-07T17:54:24.194,core-banking,OK,pacs.008,FAST,85.86,USD,**************1938,SG,171
13d9e7f6-c202-165a-76c2-7de91814a1e2,2026-07-07T17:54:24.310,settlement,SETTLED,pacs.008,FAST,85.86,USD,**************1938,SG,99
d3883c9f-6bdf-c51d-c082-bc96df923e2f,2026-07-07T06:05:25.053,gateway,OK,0200,CARDS,443.14,SGD,**************9857,SG,29
d3883c9f-6bdf-c51d-c082-bc96df923e2f,2026-07-07T06:05:25.131,auth,OK,0200,CARDS,443.14,SGD,**************9857,SG,24
d3883c9f-6bdf-c51d-c082-bc96df923e2f,2026-07-07T06:05:25.298,validation,OK,0200,CARDS,443.14,SGD,**************9857,SG,60
d3883c9f-6bdf-c51d-c082-bc96df923e2f,2026-07-07T06:05:25.394,aml,OK,0200,CARDS,443.14,SGD,**************9857,SG,46
d3883c9f-6bdf-c51d-c082-bc96df923e2f,2026-07-07T06:05:25.423,payment-hub,OK,0200,CARDS,443.14,SGD,**************9857,SG,87
d3883c9f-6bdf-c51d-c082-bc96df923e2f,2026-07-07T06:05:25.574,core-banking,OK,0200,CARDS,443.14,SGD,**************9857,SG,236
d3883c9f-6bdf-c51d-c082-bc96df923e2f,2026-07-07T06:05:25.645,settlement,SETTLED,0200,CARDS,443.14,SGD,**************9857,SG,82
e6fdc206-d1ed-1609-5ec3-2a375abcd7a4,2026-07-09T19:37:32.635,gateway,OK,pacs.008,FAST,780.54,SGD,**************3476,SG,55
e6fdc206-d1ed-1609-5ec3-2a375abcd7a4,2026-07-09T19:37:32.854,auth,OK,pacs.008,FAST,780.54,SGD,**************3476,SG,26
e6fdc206-d1ed-1609-5ec3-2a375abcd7a4,2026-07-09T19:37:33.117,validation,OK,pacs.008,FAST,780.54,SGD,**************3476,SG,106
e6fdc206-d1ed-1609-5ec3-2a375abcd7a4,2026-07-09T19:37:33.333,aml,OK,pacs.008,FAST,780.54,SGD,**************3476,SG,252
e6fdc206-d1ed-1609-5ec3-2a375abcd7a4,2026-07-09T19:37:33.498,payment-hub,OK,pacs.008,FAST,780.54,SGD,**************3476,SG,111
e6fdc206-d1ed-1609-5ec3-2a375abcd7a4,2026-07-09T19:37:33.621,core-banking,OK,pacs.008,FAST,780.54,SGD,**************3476,SG,141
e6fdc206-d1ed-1609-5ec3-2a375abcd7a4,2026-07-09T19:37:33.783,settlement,SETTLED,pacs.008,FAST,780.54,SGD,**************3476,SG,110
a4dad77b-c349-cb06-2abf-58bb0ed539fd,2026-07-12T22:49:29.699,gateway,OK,pacs.008,FAST,625.27,SGD,**************4215,SG,42
a4dad77b-c349-cb06-2abf-58bb0ed539fd,2026-07-12T22:49:29.765,auth,OK,pacs.008,FAST,625.27,SGD,**************4215,SG,26
a4dad77b-c349-cb06-2abf-58bb0ed539fd,2026-07-12T22:49:29.846,validation,OK,pacs.008,FAST,625.27,SGD,**************4215,SG,90
a4dad77b-c349-cb06-2abf-58bb0ed539fd,2026-07-12T22:49:29.912,aml,OK,pacs.008,FAST,625.27,SGD,**************4215,SG,114
a4dad77b-c349-cb06-2abf-58bb0ed539fd,2026-07-12T22:49:30.172,payment-hub,OK,pacs.008,FAST,625.27,SGD,**************4215,SG,112
a4dad77b-c349-cb06-2abf-58bb0ed539fd,2026-07-12T22:49:30.209,core-banking,OK,pacs.008,FAST,625.27,SGD,**************4215,SG,94
a4dad77b-c349-cb06-2abf-58bb0ed539fd,2026-07-12T22:49:30.248,settlement,SETTLED,pacs.008,FAST,625.27,SGD,**************4215,SG,166
650471cd-82a4-846b-531e-20f0024208ee,2026-07-04T20:59:29.854,gateway,OK,0200,CARDS,206.93,MYR,**************4418,MY,40
650471cd-82a4-846b-531e-20f0024208ee,2026-07-04T20:59:29.934,auth,OK,0200,CARDS,206.93,MYR,**************4418,MY,71
650471cd-82a4-846b-531e-20f0024208ee,2026-07-04T20:59:30.083,validation,OK,0200,CARDS,206.93,MYR,**************4418,MY,92
650471cd-82a4-846b-531e-20f0024208ee,2026-07-04T20:59:30.129,aml,OK,0200,CARDS,206.93,MYR,**************4418,MY,281
650471cd-82a4-846b-531e-20f0024208ee,2026-07-04T21:00:00.155,payment-hub,OK,0200,CARDS,206.93,MYR,**************4418,MY,98
650471cd-82a4-846b-531e-20f0024208ee,2026-07-04T21:00:00.215,core-banking,OK,0200,CARDS,206.93,MYR,**************4418,MY,206
650471cd-82a4-846b-531e-20f0024208ee,2026-07-04T21:00:00.279,settlement,SETTLED,0200,CARDS,206.93,MYR,**************4418,MY,394
0c917716-93f9-e0cd-f758-fdd2b1c4b0e2,2026-07-10T09:59:11.478,gateway,OK,pacs.008,FAST,2229.4,SGD,**************2308,SG,19
0c917716-93f9-e0cd-f758-fdd2b1c4b0e2,2026-07-10T09:59:11.643,auth,OK,pacs.008,FAST,2229.4,SGD,**************2308,SG,58
0c917716-93f9-e0cd-f758-fdd2b1c4b0e2,2026-07-10T09:59:11.805,validation,OK,pacs.008,FAST,2229.4,SGD,**************2308,SG,51
0c917716-93f9-e0cd-f758-fdd2b1c4b0e2,2026-07-10T09:59:11.870,aml,OK,pacs.008,FAST,2229.4,SGD,**************2308,SG,67
0c917716-93f9-e0cd-f758-fdd2b1c4b0e2,2026-07-10T09:59:11.917,payment-hub,OK,pacs.008,FAST,2229.4,SGD,**************2308,SG,40
0c917716-93f9-e0cd-f758-fdd2b1c4b0e2,2026-07-10T09:59:11.971,core-banking,OK,pacs.008,FAST,2229.4,SGD,**************2308,SG,214
0c917716-93f9-e0cd-f758-fdd2b1c4b0e2,2026-07-10T09:59:12.098,settlement,SETTLED,pacs.008,FAST,2229.4,SGD,**************2308,SG,141
c59c732c-0502-a201-4dfd-0c0bf722a7c0,2026-07-13T18:37:23.756,gateway,OK,pacs.008,FAST,189.71,USD,**************7775,HK,54
c59c732c-0502-a201-4dfd-0c0bf722a7c0,2026-07-13T18:37:23.915,auth,OK,pacs.008,FAST,189.71,USD,**************7775,HK,25
c59c732c-0502-a201-4dfd-0c0bf722a7c0,2026-07-13T18:37:24.040,validation,OK,pacs.008,FAST,189.71,USD,**************7775,HK,82
c59c732c-0502-a201-4dfd-0c0bf722a7c0,2026-07-13T18:37:24.131,aml,OK,pacs.008,FAST,189.71,USD,**************7775,HK,235
c59c732c-0502-a201-4dfd-0c0bf722a7c0,2026-07-13T18:37:24.268,payment-hub,OK,pacs.008,FAST,189.71,USD,**************7775,HK,125
c59c732c-0502-a201-4dfd-0c0bf722a7c0,2026-07-13T18:37:54.296,core-banking,OK,pacs.008,FAST,189.71,USD,**************7775,HK,84
c59c732c-0502-a201-4dfd-0c0bf722a7c0,2026-07-13T18:37:54.361,settlement,SETTLED,pacs.008,FAST,189.71,USD,**************7775,HK,268
e189a4ae-2678-99b8-d783-339e7026335e,2026-07-02T02:52:14.996,gateway,OK,pacs.008,FAST,306.31,SGD,**************1403,SG,55
e189a4ae-2678-99b8-d783-339e7026335e,2026-07-02T02:52:15.065,auth,OK,pacs.008,FAST,306.31,SGD,**************1403,SG,26
e189a4ae-2678-99b8-d783-339e7026335e,2026-07-02T02:52:15.231,validation,OK,pacs.008,FAST,306.31,SGD,**************1403,SG,50
e189a4ae-2678-99b8-d783-339e7026335e,2026-07-02T02:52:15.383,aml,OK,pacs.008,FAST,306.31,SGD,**************1403,SG,218
e189a4ae-2678-99b8-d783-339e7026335e,2026-07-02T02:52:15.456,payment-hub,OK,pacs.008,FAST,306.31,SGD,**************1403,SG,48
e189a4ae-2678-99b8-d783-339e7026335e,2026-07-02T02:52:15.571,core-banking,OK,pacs.008,FAST,306.31,SGD,**************1403,SG,125
e189a4ae-2678-99b8-d783-339e7026335e,2026-07-02T02:52:15.607,settlement,SETTLED,pacs.008,FAST,306.31,SGD,**************1403,SG,154
61584a83-f800-2c67-89e2-41a81846b1c8,2026-07-06T00:42:00.496,gateway,OK,pacs.008,FAST,823.42,MYR,**************3805,MY,46
61584a83-f800-2c67-89e2-41a81846b1c8,2026-07-06T00:42:00.607,auth,OK,pacs.008,FAST,823.42,MYR,**************3805,MY,81
61584a83-f800-2c67-89e2-41a81846b1c8,2026-07-06T00:42:00.683,validation,OK,pacs.008,FAST,823.42,MYR,**************3805,MY,100
61584a83-f800-2c67-89e2-41a81846b1c8,2026-07-06T00:42:00.749,aml,OK,pacs.008,FAST,823.42,MYR,**************3805,MY,123
61584a83-f800-2c67-89e2-41a81846b1c8,2026-07-06T00:42:00.807,payment-hub,OK,pacs.008,FAST,823.42,MYR,**************3805,MY,137
61584a83-f800-2c67-89e2-41a81846b1c8,2026-07-06T00:42:00.967,core-banking,OK,pacs.008,FAST,823.42,MYR,**************3805,MY,245
61584a83-f800-2c67-89e2-41a81846b1c8,2026-07-06T00:42:01.011,settlement,SETTLED,pacs.008,FAST,823.42,MYR,**************3805,MY,382
0462d1f6-4afd-a21f-c266-2de1a0993f90,2026-07-04T02:08:05.982,gateway,OK,pacs.008,FAST,1577.44,SGD,**************6742,SG,34
0462d1f6-4afd-a21f-c266-2de1a0993f90,2026-07-04T02:08:06.122,auth,OK,pacs.008,FAST,1577.44,SGD,**************6742,SG,78
0462d1f6-4afd-a21f-c266-2de1a0993f90,2026-07-04T02:08:06.196,validation,OK,pacs.008,FAST,1577.44,SGD,**************6742,SG,65
0462d1f6-4afd-a21f-c266-2de1a0993f90,2026-07-04T02:08:06.267,aml,OK,pacs.008,FAST,1577.44,SGD,**************6742,SG,116
0462d1f6-4afd-a21f-c266-2de1a0993f90,2026-07-04T02:08:06.346,payment-hub,OK,pacs.008,FAST,1577.44,SGD,**************6742,SG,140
0462d1f6-4afd-a21f-c266-2de1a0993f90,2026-07-04T02:08:06.631,core-banking,OK,pacs.008,FAST,1577.44,SGD,**************6742,SG,148
0462d1f6-4afd-a21f-c266-2de1a0993f90,2026-07-04T02:08:06.815,settlement,SETTLED,pacs.008,FAST,1577.44,SGD,**************6742,SG,315
474ef1bc-265f-0d2c-75e5-7716d812c096,2026-07-08T15:53:12.561,gateway,OK,MT103,SWIFT,1990.85,EUR,**************0920,SG,23
474ef1bc-265f-0d2c-75e5-7716d812c096,2026-07-08T15:53:12.632,auth,OK,MT103,SWIFT,1990.85,EUR,**************0920,SG,30
474ef1bc-265f-0d2c-75e5-7716d812c096,2026-07-08T15:53:12.750,validation,OK,MT103,SWIFT,1990.85,EUR,**************0920,SG,49
474ef1bc-265f-0d2c-75e5-7716d812c096,2026-07-08T15:53:12.838,aml,TIMEOUT,MT103,SWIFT,1990.85,EUR,**************0920,SG,30000
474ef1bc-265f-0d2c-75e5-7716d812c096,2026-07-08T15:53:12.903,payment-hub,FAILED,MT103,SWIFT,1990.85,EUR,**************0920,SG,63
480e95f4-17fb-8816-6da5-592c2396ff9e,2026-07-12T23:58:54.259,gateway,OK,0200,CARDS,1935.4,GBP,**************4894,GB,55
480e95f4-17fb-8816-6da5-592c2396ff9e,2026-07-12T23:58:54.327,auth,OK,0200,CARDS,1935.4,GBP,**************4894,GB,81
480e95f4-17fb-8816-6da5-592c2396ff9e,2026-07-12T23:59:24.334,validation,OK,0200,CARDS,1935.4,GBP,**************4894,GB,28
480e95f4-17fb-8816-6da5-592c2396ff9e,2026-07-12T23:59:24.483,aml,OK,0200,CARDS,1935.4,GBP,**************4894,GB,187
480e95f4-17fb-8816-6da5-592c2396ff9e,2026-07-12T23:59:24.580,payment-hub,OK,0200,CARDS,1935.4,GBP,**************4894,GB,60
480e95f4-17fb-8816-6da5-592c2396ff9e,2026-07-12T23:59:24.668,core-banking,OK,0200,CARDS,1935.4,GBP,**************4894,GB,214
480e95f4-17fb-8816-6da5-592c2396ff9e,2026-07-12T23:59:24.756,settlement,SETTLED,0200,CARDS,1935.4,GBP,**************4894,GB,72
31c87f2f-bc97-ce64-0877-5bd9ac250e1d,2026-07-14T22:46:20.721,gateway,OK,pacs.008,FAST,2328.27,MYR,**************2720,MY,42
31c87f2f-bc97-ce64-0877-5bd9ac250e1d,2026-07-14T22:46:21.051,auth,OK,pacs.008,FAST,2328.27,MYR,**************2720,MY,24
31c87f2f-bc97-ce64-0877-5bd9ac250e1d,2026-07-14T22:46:21.213,validation,OK,pacs.008,FAST,2328.27,MYR,**************2720,MY,82
31c87f2f-bc97-ce64-0877-5bd9ac250e1d,2026-07-14T22:46:21.326,aml,OK,pacs.008,FAST,2328.27,MYR,**************2720,MY,229
31c87f2f-bc97-ce64-0877-5bd9ac250e1d,2026-07-14T22:46:51.366,payment-hub,OK,pacs.008,FAST,2328.27,MYR,**************2720,MY,52
31c87f2f-bc97-ce64-0877-5bd9ac250e1d,2026-07-14T22:46:51.410,core-banking,OK,pacs.008,FAST,2328.27,MYR,**************2720,MY,218
31c87f2f-bc97-ce64-0877-5bd9ac250e1d,2026-07-14T22:46:51.666,settlement,SETTLED,pacs.008,FAST,2328.27,MYR,**************2720,MY,117
fb5d9438-4912-490a-f2f3-8ddaac98af3b,2026-07-14T17:49:56.008,gateway,OK,pacs.008,FAST,5068.78,SGD,**************1697,SG,38
fb5d9438-4912-490a-f2f3-8ddaac98af3b,2026-07-14T17:49:56.106,auth,OK,pacs.008,FAST,5068.78,SGD,**************1697,SG,42
fb5d9438-4912-490a-f2f3-8ddaac98af3b,2026-07-14T17:49:56.372,validation,OK,pacs.008,FAST,5068.78,SGD,**************1697,SG,40
fb5d9438-4912-490a-f2f3-8ddaac98af3b,2026-07-14T17:49:56.439,aml,OK,pacs.008,FAST,5068.78,SGD,**************1697,SG,85
fb5d9438-4912-490a-f2f3-8ddaac98af3b,2026-07-14T17:49:56.529,payment-hub,OK,pacs.008,FAST,5068.78,SGD,**************1697,SG,148
fb5d9438-4912-490a-f2f3-8ddaac98af3b,2026-07-14T17:49:56.718,core-banking,OK,pacs.008,FAST,5068.78,SGD,**************1697,SG,122
fb5d9438-4912-490a-f2f3-8ddaac98af3b,2026-07-14T17:49:56.775,settlement,SETTLED,pacs.008,FAST,5068.78,SGD,**************1697,SG,261
1bc0484e-261e-9071-e263-abc9df0b535c,2026-07-08T17:26:28.694,gateway,OK,MT103,SWIFT,3107.32,SGD,**************2274,SG,24
1bc0484e-261e-9071-e263-abc9df0b535c,2026-07-08T17:26:28.801,auth,OK,MT103,SWIFT,3107.32,SGD,**************2274,SG,79
1bc0484e-261e-9071-e263-abc9df0b535c,2026-07-08T17:26:28.963,validation,OK,MT103,SWIFT,3107.32,SGD,**************2274,SG,84
1bc0484e-261e-9071-e263-abc9df0b535c,2026-07-08T17:26:29.024,aml,OK,MT103,SWIFT,3107.32,SGD,**************2274,SG,110
1bc0484e-261e-9071-e263-abc9df0b535c,2026-07-08T17:26:29.221,payment-hub,OK,MT103,SWIFT,3107.32,SGD,**************2274,SG,136
1bc0484e-261e-9071-e263-abc9df0b535c,2026-07-08T17:26:29.293,core-banking,OK,MT103,SWIFT,3107.32,SGD,**************2274,SG,190
1bc0484e-261e-9071-e263-abc9df0b535c,2026-07-08T17:26:29.374,settlement,SETTLED,MT103,SWIFT,3107.32,SGD,**************2274,SG,208
02378fb8-11fc-a8ef-fe3d-ca943e95970b,2026-07-06T05:39:01.307,gateway,OK,pacs.008,FAST,336.41,USD,**************4778,US,28
02378fb8-11fc-a8ef-fe3d-ca943e95970b,2026-07-06T05:39:01.496,auth,OK,pacs.008,FAST,336.41,USD,**************4778,US,69
02378fb8-11fc-a8ef-fe3d-ca943e95970b,2026-07-06T05:39:01.559,validation,OK,pacs.008,FAST,336.41,USD,**************4778,US,84
02378fb8-11fc-a8ef-fe3d-ca943e95970b,2026-07-06T05:39:01.609,aml,OK,pacs.008,FAST,336.41,USD,**************4778,US,56
02378fb8-11fc-a8ef-fe3d-ca943e95970b,2026-07-06T05:39:01.664,payment-hub,OK,pacs.008,FAST,336.41,USD,**************4778,US,105
02378fb8-11fc-a8ef-fe3d-ca943e95970b,2026-07-06T05:39:01.910,core-banking,OK,pacs.008,FAST,336.41,USD,**************4778,US,182
02378fb8-11fc-a8ef-fe3d-ca943e95970b,2026-07-06T05:39:02.119,settlement,SETTLED,pacs.008,FAST,336.41,USD,**************4778,US,317
26b01891-05d3-d0b4-0644-a525f81c0458,2026-07-07T15:34:56.078,gateway,OK,pacs.008,FAST,433.75,MYR,**************1860,MY,22
26b01891-05d3-d0b4-0644-a525f81c0458,2026-07-07T15:34:56.151,auth,OK,pacs.008,FAST,433.75,MYR,**************1860,MY,78
26b01891-05d3-d0b4-0644-a525f81c0458,2026-07-07T15:34:56.327,validation,OK,pacs.008,FAST,433.75,MYR,**************1860,MY,53
26b01891-05d3-d0b4-0644-a525f81c0458,2026-07-07T15:34:56.401,aml,OK,pacs.008,FAST,433.75,MYR,**************1860,MY,67
26b01891-05d3-d0b4-0644-a525f81c0458,2026-07-07T15:34:56.458,payment-hub,OK,pacs.008,FAST,433.75,MYR,**************1860,MY,116
26b01891-05d3-d0b4-0644-a525f81c0458,2026-07-07T15:34:56.544,core-banking,OK,pacs.008,FAST,433.75,MYR,**************1860,MY,64
26b01891-05d3-d0b4-0644-a525f81c0458,2026-07-07T15:34:56.764,settlement,SETTLED,pacs.008,FAST,433.75,MYR,**************1860,MY,203
daccb516-0179-92de-b658-67f9980c3f64,2026-07-14T08:54:56.135,gateway,OK,pacs.008,FAST,1042.32,MYR,**************7837,MY,40
daccb516-0179-92de-b658-67f9980c3f64,2026-07-14T08:54:56.169,auth,OK,pacs.008,FAST,1042.32,MYR,**************7837,MY,32
daccb516-0179-92de-b658-67f9980c3f64,2026-07-14T08:54:56.252,validation,OK,pacs.008,FAST,1042.32,MYR,**************7837,MY,74
daccb516-0179-92de-b658-67f9980c3f64,2026-07-14T08:54:56.282,aml,OK,pacs.008,FAST,1042.32,MYR,**************7837,MY,115
daccb516-0179-92de-b658-67f9980c3f64,2026-07-14T08:54:56.452,payment-hub,OK,pacs.008,FAST,1042.32,MYR,**************7837,MY,130
daccb516-0179-92de-b658-67f9980c3f64,2026-07-14T08:54:56.545,core-banking,OK,pacs.008,FAST,1042.32,MYR,**************7837,MY,168
daccb516-0179-92de-b658-67f9980c3f64,2026-07-14T08:54:56.680,settlement,SETTLED,pacs.008,FAST,1042.32,MYR,**************7837,MY,89
aabaab75-04b6-e735-971b-ba40f1e01eaa,2026-07-13T00:41:38.509,gateway,OK,MT103,SWIFT,2126.7,USD,**************8249,HK,44
aabaab75-04b6-e735-971b-ba40f1e01eaa,2026-07-13T00:41:38.609,auth,OK,MT103,SWIFT,2126.7,USD,**************8249,HK,23
aabaab75-04b6-e735-971b-ba40f1e01eaa,2026-07-13T00:41:38.713,validation,OK,MT103,SWIFT,2126.7,USD,**************8249,HK,99
aabaab75-04b6-e735-971b-ba40f1e01eaa,2026-07-13T00:41:38.812,aml,TIMEOUT,MT103,SWIFT,2126.7,USD,**************8249,HK,30000
aabaab75-04b6-e735-971b-ba40f1e01eaa,2026-07-13T00:41:38.870,payment-hub,FAILED,MT103,SWIFT,2126.7,USD,**************8249,HK,72
ecc186a0-26c6-18b6-6250-c8f501e5fa82,2026-07-05T18:11:33.490,gateway,OK,pacs.008,FAST,295.02,SGD,**************5758,SG,42
ecc186a0-26c6-18b6-6250-c8f501e5fa82,2026-07-05T18:11:33.559,auth,OK,pacs.008,FAST,295.02,SGD,**************5758,SG,40
ecc186a0-26c6-18b6-6250-c8f501e5fa82,2026-07-05T18:12:03.596,validation,OK,pacs.008,FAST,295.02,SGD,**************5758,SG,88
ecc186a0-26c6-18b6-6250-c8f501e5fa82,2026-07-05T18:12:03.711,aml,OK,pacs.008,FAST,295.02,SGD,**************5758,SG,208
ecc186a0-26c6-18b6-6250-c8f501e5fa82,2026-07-05T18:12:03.758,payment-hub,OK,pacs.008,FAST,295.02,SGD,**************5758,SG,44
ecc186a0-26c6-18b6-6250-c8f501e5fa82,2026-07-05T18:12:03.806,core-banking,OK,pacs.008,FAST,295.02,SGD,**************5758,SG,201
ecc186a0-26c6-18b6-6250-c8f501e5fa82,2026-07-05T18:12:04.025,settlement,SETTLED,pacs.008,FAST,295.02,SGD,**************5758,SG,295
6f103fe3-ff43-2c5e-0863-318db2a19e33,2026-07-14T10:39:12.013,gateway,OK,pacs.008,FAST,267.47,EUR,**************0162,SG,58
6f103fe3-ff43-2c5e-0863-318db2a19e33,2026-07-14T10:39:12.066,auth,OK,pacs.008,FAST,267.47,EUR,**************0162,SG,75
6f103fe3-ff43-2c5e-0863-318db2a19e33,2026-07-14T10:39:12.171,validation,OK,pacs.008,FAST,267.47,EUR,**************0162,SG,89
6f103fe3-ff43-2c5e-0863-318db2a19e33,2026-07-14T10:39:12.215,aml,TIMEOUT,pacs.008,FAST,267.47,EUR,**************0162,SG,30000
6f103fe3-ff43-2c5e-0863-318db2a19e33,2026-07-14T10:39:12.289,payment-hub,FAILED,pacs.008,FAST,267.47,EUR,**************0162,SG,44
ea0d6b62-aa68-6dfc-3199-be7ea9be77cb,2026-07-11T08:01:32.240,gateway,OK,MT103,SWIFT,273.71,SGD,**************6056,SG,33
ea0d6b62-aa68-6dfc-3199-be7ea9be77cb,2026-07-11T08:01:32.335,auth,OK,MT103,SWIFT,273.71,SGD,**************6056,SG,74
ea0d6b62-aa68-6dfc-3199-be7ea9be77cb,2026-07-11T08:01:32.574,validation,OK,MT103,SWIFT,273.71,SGD,**************6056,SG,97
ea0d6b62-aa68-6dfc-3199-be7ea9be77cb,2026-07-11T08:01:32.618,aml,OK,MT103,SWIFT,273.71,SGD,**************6056,SG,153
ea0d6b62-aa68-6dfc-3199-be7ea9be77cb,2026-07-11T08:01:32.945,payment-hub,OK,MT103,SWIFT,273.71,SGD,**************6056,SG,102
ea0d6b62-aa68-6dfc-3199-be7ea9be77cb,2026-07-11T08:01:33.101,core-banking,OK,MT103,SWIFT,273.71,SGD,**************6056,SG,155
ea0d6b62-aa68-6dfc-3199-be7ea9be77cb,2026-07-11T08:01:33.203,settlement,SETTLED,MT103,SWIFT,273.71,SGD,**************6056,SG,271
db147645-bdc0-d153-dc74-6d5bff8a8e3f,2026-07-09T17:42:13.982,gateway,OK,MT103,SWIFT,742.07,USD,**************6806,HK,48
db147645-bdc0-d153-dc74-6d5bff8a8e3f,2026-07-09T17:42:14.146,auth,OK,MT103,SWIFT,742.07,USD,**************6806,HK,22
db147645-bdc0-d153-dc74-6d5bff8a8e3f,2026-07-09T17:42:14.346,validation,OK,MT103,SWIFT,742.07,USD,**************6806,HK,54
db147645-bdc0-d153-dc74-6d5bff8a8e3f,2026-07-09T17:42:14.522,aml,OK,MT103,SWIFT,742.07,USD,**************6806,HK,48
db147645-bdc0-d153-dc74-6d5bff8a8e3f,2026-07-09T17:42:14.742,payment-hub,OK,MT103,SWIFT,742.07,USD,**************6806,HK,43
db147645-bdc0-d153-dc74-6d5bff8a8e3f,2026-07-09T17:42:14.802,core-banking,OK,MT103,SWIFT,742.07,USD,**************6806,HK,156
db147645-bdc0-d153-dc74-6d5bff8a8e3f,2026-07-09T17:42:14.825,settlement,SETTLED,MT103,SWIFT,742.07,USD,**************6806,HK,398
3c29376f-70ea-928a-74c8-fafbacdf6d91,2026-07-15T05:07:16.893,gateway,OK,pacs.008,FAST,387.8,USD,**************5179,SG,58
3c29376f-70ea-928a-74c8-fafbacdf6d91,2026-07-15T05:07:17.009,auth,OK,pacs.008,FAST,387.8,USD,**************5179,SG,61
3c29376f-70ea-928a-74c8-fafbacdf6d91,2026-07-15T05:07:17.270,validation,OK,pacs.008,FAST,387.8,USD,**************5179,SG,85
3c29376f-70ea-928a-74c8-fafbacdf6d91,2026-07-15T05:07:17.371,aml,TIMEOUT,pacs.008,FAST,387.8,USD,**************5179,SG,30000
3c29376f-70ea-928a-74c8-fafbacdf6d91,2026-07-15T05:07:17.492,payment-hub,FAILED,pacs.008,FAST,387.8,USD,**************5179,SG,128
1e3ecb92-72fc-a77c-4d5d-ee74a6e3c4bb,2026-07-05T09:24:20.818,gateway,OK,pacs.008,FAST,743.33,SGD,**************9744,SG,39
1e3ecb92-72fc-a77c-4d5d-ee74a6e3c4bb,2026-07-05T09:24:20.920,auth,OK,pacs.008,FAST,743.33,SGD,**************9744,SG,31
1e3ecb92-72fc-a77c-4d5d-ee74a6e3c4bb,2026-07-05T09:24:21.174,validation,REJECTED,pacs.008,FAST,743.33,SGD,**************9744,SG,34
c91f7cd9-5e6c-5724-8fc4-f9d21d667f24,2026-07-03T13:17:49.671,gateway,OK,MT103,SWIFT,1300.49,INR,**************8337,IN,40
c91f7cd9-5e6c-5724-8fc4-f9d21d667f24,2026-07-03T13:17:49.736,auth,OK,MT103,SWIFT,1300.49,INR,**************8337,IN,27
c91f7cd9-5e6c-5724-8fc4-f9d21d667f24,2026-07-03T13:17:49.805,validation,OK,MT103,SWIFT,1300.49,INR,**************8337,IN,81
c91f7cd9-5e6c-5724-8fc4-f9d21d667f24,2026-07-03T13:17:49.991,aml,OK,MT103,SWIFT,1300.49,INR,**************8337,IN,76
c91f7cd9-5e6c-5724-8fc4-f9d21d667f24,2026-07-03T13:17:50.158,payment-hub,OK,MT103,SWIFT,1300.49,INR,**************8337,IN,59
c91f7cd9-5e6c-5724-8fc4-f9d21d667f24,2026-07-03T13:17:50.229,core-banking,OK,MT103,SWIFT,1300.49,INR,**************8337,IN,142
c91f7cd9-5e6c-5724-8fc4-f9d21d667f24,2026-07-03T13:17:50.383,settlement,SETTLED,MT103,SWIFT,1300.49,INR,**************8337,IN,266
2958349e-ac00-a31f-01b7-816362fe7f60,2026-07-03T16:23:25.846,gateway,OK,pacs.008,FAST,300.0,SGD,**************9289,SG,23
2958349e-ac00-a31f-01b7-816362fe7f60,2026-07-03T16:23:25.927,auth,OK,pacs.008,FAST,300.0,SGD,**************9289,SG,73
2958349e-ac00-a31f-01b7-816362fe7f60,2026-07-03T16:23:26.000,validation,OK,pacs.008,FAST,300.0,SGD,**************9289,SG,85
2958349e-ac00-a31f-01b7-816362fe7f60,2026-07-03T16:23:26.152,aml,OK,pacs.008,FAST,300.0,SGD,**************9289,SG,199
2958349e-ac00-a31f-01b7-816362fe7f60,2026-07-03T16:23:26.254,payment-hub,OK,pacs.008,FAST,300.0,SGD,**************9289,SG,118
2958349e-ac00-a31f-01b7-816362fe7f60,2026-07-03T16:23:26.276,core-banking,OK,pacs.008,FAST,300.0,SGD,**************9289,SG,104
2958349e-ac00-a31f-01b7-816362fe7f60,2026-07-03T16:23:26.388,settlement,SETTLED,pacs.008,FAST,300.0,SGD,**************9289,SG,90
f117bfbb-8231-b3db-ab00-c92f404d4a21,2026-07-02T21:23:55.029,gateway,OK,pacs.008,FAST,112.53,GBP,**************6620,GB,59
f117bfbb-8231-b3db-ab00-c92f404d4a21,2026-07-02T21:23:55.118,auth,OK,pacs.008,FAST,112.53,GBP,**************6620,GB,89
f117bfbb-8231-b3db-ab00-c92f404d4a21,2026-07-02T21:23:55.221,validation,OK,pacs.008,FAST,112.53,GBP,**************6620,GB,60
f117bfbb-8231-b3db-ab00-c92f404d4a21,2026-07-02T21:23:55.289,aml,OK,pacs.008,FAST,112.53,GBP,**************6620,GB,114
f117bfbb-8231-b3db-ab00-c92f404d4a21,2026-07-02T21:23:55.392,payment-hub,OK,pacs.008,FAST,112.53,GBP,**************6620,GB,32
f117bfbb-8231-b3db-ab00-c92f404d4a21,2026-07-02T21:23:55.479,core-banking,OK,pacs.008,FAST,112.53,GBP,**************6620,GB,149
f117bfbb-8231-b3db-ab00-c92f404d4a21,2026-07-02T21:23:55.528,settlement,SETTLED,pacs.008,FAST,112.53,GBP,**************6620,GB,101
010d967e-f7af-7f61-7584-03207a043fe8,2026-07-06T12:19:50.967,gateway,OK,pacs.008,FAST,608.48,MYR,**************5713,MY,31
010d967e-f7af-7f61-7584-03207a043fe8,2026-07-06T12:19:51.000,auth,OK,pacs.008,FAST,608.48,MYR,**************5713,MY,45
010d967e-f7af-7f61-7584-03207a043fe8,2026-07-06T12:19:51.096,validation,OK,pacs.008,FAST,608.48,MYR,**************5713,MY,56
010d967e-f7af-7f61-7584-03207a043fe8,2026-07-06T12:19:51.172,aml,OK,pacs.008,FAST,608.48,MYR,**************5713,MY,166
010d967e-f7af-7f61-7584-03207a043fe8,2026-07-06T12:19:51.262,payment-hub,OK,pacs.008,FAST,608.48,MYR,**************5713,MY,113
010d967e-f7af-7f61-7584-03207a043fe8,2026-07-06T12:19:51.354,core-banking,OK,pacs.008,FAST,608.48,MYR,**************5713,MY,157
010d967e-f7af-7f61-7584-03207a043fe8,2026-07-06T12:19:51.537,settlement,SETTLED,pacs.008,FAST,608.48,MYR,**************5713,MY,334
126043c5-7f39-871e-9924-afeec70e9c8c,2026-07-14T03:41:11.606,gateway,OK,pacs.008,FAST,1423.93,SGD,**************7416,SG,39
126043c5-7f39-871e-9924-afeec70e9c8c,2026-07-14T03:41:11.680,auth,OK,pacs.008,FAST,1423.93,SGD,**************7416,SG,64
126043c5-7f39-871e-9924-afeec70e9c8c,2026-07-14T03:41:11.941,validation,OK,pacs.008,FAST,1423.93,SGD,**************7416,SG,29
126043c5-7f39-871e-9924-afeec70e9c8c,2026-07-14T03:41:12.005,aml,OK,pacs.008,FAST,1423.93,SGD,**************7416,SG,165
126043c5-7f39-871e-9924-afeec70e9c8c,2026-07-14T03:41:12.041,payment-hub,OK,pacs.008,FAST,1423.93,SGD,**************7416,SG,95
126043c5-7f39-871e-9924-afeec70e9c8c,2026-07-14T03:41:12.171,core-banking,OK,pacs.008,FAST,1423.93,SGD,**************7416,SG,138
126043c5-7f39-871e-9924-afeec70e9c8c,2026-07-14T03:41:12.229,settlement,SETTLED,pacs.008,FAST,1423.93,SGD,**************7416,SG,229
3ff38ef1-9183-106d-e7f7-936c844cc51c,2026-07-12T18:04:02.231,gateway,OK,MT103,SWIFT,1001.39,MYR,**************3823,MY,38
3ff38ef1-9183-106d-e7f7-936c844cc51c,2026-07-12T18:04:02.311,auth,OK,MT103,SWIFT,1001.39,MYR,**************3823,MY,52
3ff38ef1-9183-106d-e7f7-936c844cc51c,2026-07-12T18:04:02.372,validation,OK,MT103,SWIFT,1001.39,MYR,**************3823,MY,90
3ff38ef1-9183-106d-e7f7-936c844cc51c,2026-07-12T18:04:02.422,aml,OK,MT103,SWIFT,1001.39,MYR,**************3823,MY,278
3ff38ef1-9183-106d-e7f7-936c844cc51c,2026-07-12T18:04:02.490,payment-hub,OK,MT103,SWIFT,1001.39,MYR,**************3823,MY,42
3ff38ef1-9183-106d-e7f7-936c844cc51c,2026-07-12T18:04:02.585,core-banking,OK,MT103,SWIFT,1001.39,MYR,**************3823,MY,71
3ff38ef1-9183-106d-e7f7-936c844cc51c,2026-07-12T18:04:02.875,settlement,SETTLED,MT103,SWIFT,1001.39,MYR,**************3823,MY,229
a1ff6f9a-33c1-9464-bdcc-b7e77c1781bd,2026-07-04T17:14:51.585,gateway,OK,pacs.008,FAST,996.2,SGD,**************4116,SG,44
a1ff6f9a-33c1-9464-bdcc-b7e77c1781bd,2026-07-04T17:14:51.626,auth,OK,pacs.008,FAST,996.2,SGD,**************4116,SG,41
a1ff6f9a-33c1-9464-bdcc-b7e77c1781bd,2026-07-04T17:14:51.775,validation,OK,pacs.008,FAST,996.2,SGD,**************4116,SG,117
a1ff6f9a-33c1-9464-bdcc-b7e77c1781bd,2026-07-04T17:14:51.829,aml,OK,pacs.008,FAST,996.2,SGD,**************4116,SG,135
a1ff6f9a-33c1-9464-bdcc-b7e77c1781bd,2026-07-04T17:14:51.885,payment-hub,OK,pacs.008,FAST,996.2,SGD,**************4116,SG,105
a1ff6f9a-33c1-9464-bdcc-b7e77c1781bd,2026-07-04T17:14:51.940,core-banking,OK,pacs.008,FAST,996.2,SGD,**************4116,SG,188
a1ff6f9a-33c1-9464-bdcc-b7e77c1781bd,2026-07-04T17:14:52.001,settlement,SETTLED,pacs.008,FAST,996.2,SGD,**************4116,SG,375
8d8be375-baf4-f3b8-4773-fe8ac1136219,2026-07-03T23:28:23.320,gateway,OK,MT103,SWIFT,489.29,SGD,**************9440,SG,28
8d8be375-baf4-f3b8-4773-fe8ac1136219,2026-07-03T23:28:23.549,auth,OK,MT103,SWIFT,489.29,SGD,**************9440,SG,83
8d8be375-baf4-f3b8-4773-fe8ac1136219,2026-07-03T23:28:23.751,validation,OK,MT103,SWIFT,489.29,SGD,**************9440,SG,91
8d8be375-baf4-f3b8-4773-fe8ac1136219,2026-07-03T23:28:24.012,aml,OK,MT103,SWIFT,489.29,SGD,**************9440,SG,167
8d8be375-baf4-f3b8-4773-fe8ac1136219,2026-07-03T23:28:24.229,payment-hub,OK,MT103,SWIFT,489.29,SGD,**************9440,SG,93
8d8be375-baf4-f3b8-4773-fe8ac1136219,2026-07-03T23:28:24.409,core-banking,OK,MT103,SWIFT,489.29,SGD,**************9440,SG,156
8d8be375-baf4-f3b8-4773-fe8ac1136219,2026-07-03T23:28:24.475,settlement,SETTLED,MT103,SWIFT,489.29,SGD,**************9440,SG,196
7160f185-67be-4ded-41a5-8a8836615552,2026-07-02T18:31:31.667,gateway,OK,pacs.008,FAST,1069.88,USD,**************7199,US,21
7160f185-67be-4ded-41a5-8a8836615552,2026-07-02T18:31:31.733,auth,OK,pacs.008,FAST,1069.88,USD,**************7199,US,38
7160f185-67be-4ded-41a5-8a8836615552,2026-07-02T18:31:31.813,validation,OK,pacs.008,FAST,1069.88,USD,**************7199,US,36
7160f185-67be-4ded-41a5-8a8836615552,2026-07-02T18:31:32.007,aml,OK,pacs.008,FAST,1069.88,USD,**************7199,US,117
7160f185-67be-4ded-41a5-8a8836615552,2026-07-02T18:31:32.103,payment-hub,OK,pacs.008,FAST,1069.88,USD,**************7199,US,43
7160f185-67be-4ded-41a5-8a8836615552,2026-07-02T18:31:32.156,core-banking,OK,pacs.008,FAST,1069.88,USD,**************7199,US,165
7160f185-67be-4ded-41a5-8a8836615552,2026-07-02T18:31:32.262,settlement,SETTLED,pacs.008,FAST,1069.88,USD,**************7199,US,76
9d5e3198-24d6-9f92-9ea9-9a8482baedb5,2026-07-11T16:25:53.650,gateway,OK,pacs.008,FAST,227.4,SGD,**************6858,SG,60
9d5e3198-24d6-9f92-9ea9-9a8482baedb5,2026-07-11T16:25:53.866,auth,OK,pacs.008,FAST,227.4,SGD,**************6858,SG,72
9d5e3198-24d6-9f92-9ea9-9a8482baedb5,2026-07-11T16:25:54.011,validation,OK,pacs.008,FAST,227.4,SGD,**************6858,SG,29
9d5e3198-24d6-9f92-9ea9-9a8482baedb5,2026-07-11T16:25:54.044,aml,OK,pacs.008,FAST,227.4,SGD,**************6858,SG,63
9d5e3198-24d6-9f92-9ea9-9a8482baedb5,2026-07-11T16:25:54.160,payment-hub,OK,pacs.008,FAST,227.4,SGD,**************6858,SG,128
9d5e3198-24d6-9f92-9ea9-9a8482baedb5,2026-07-11T16:25:54.228,core-banking,OK,pacs.008,FAST,227.4,SGD,**************6858,SG,220
9d5e3198-24d6-9f92-9ea9-9a8482baedb5,2026-07-11T16:25:54.410,settlement,SETTLED,pacs.008,FAST,227.4,SGD,**************6858,SG,336
1b492abe-059b-41c6-58e3-b6c6f374eff8,2026-07-08T06:16:51.860,gateway,OK,pacs.008,FAST,598.82,USD,**************3755,SG,60
1b492abe-059b-41c6-58e3-b6c6f374eff8,2026-07-08T06:16:52.050,auth,OK,pacs.008,FAST,598.82,USD,**************3755,SG,79
1b492abe-059b-41c6-58e3-b6c6f374eff8,2026-07-08T06:16:52.101,validation,OK,pacs.008,FAST,598.82,USD,**************3755,SG,32
1b492abe-059b-41c6-58e3-b6c6f374eff8,2026-07-08T06:16:52.193,aml,OK,pacs.008,FAST,598.82,USD,**************3755,SG,48
1b492abe-059b-41c6-58e3-b6c6f374eff8,2026-07-08T06:16:52.347,payment-hub,OK,pacs.008,FAST,598.82,USD,**************3755,SG,65
1b492abe-059b-41c6-58e3-b6c6f374eff8,2026-07-08T06:16:52.428,core-banking,OK,pacs.008,FAST,598.82,USD,**************3755,SG,78
1b492abe-059b-41c6-58e3-b6c6f374eff8,2026-07-08T06:16:52.490,settlement,SETTLED,pacs.008,FAST,598.82,USD,**************3755,SG,349
d960f625-ca35-ede3-1e7f-9df718920495,2026-07-04T06:37:14.115,gateway,OK,MT103,SWIFT,1416.59,SGD,**************1239,SG,40
d960f625-ca35-ede3-1e7f-9df718920495,2026-07-04T06:37:14.160,auth,OK,MT103,SWIFT,1416.59,SGD,**************1239,SG,28
d960f625-ca35-ede3-1e7f-9df718920495,2026-07-04T06:37:14.297,validation,OK,MT103,SWIFT,1416.59,SGD,**************1239,SG,51
d960f625-ca35-ede3-1e7f-9df718920495,2026-07-04T06:37:14.605,aml,OK,MT103,SWIFT,1416.59,SGD,**************1239,SG,144
d960f625-ca35-ede3-1e7f-9df718920495,2026-07-04T06:37:14.742,payment-hub,OK,MT103,SWIFT,1416.59,SGD,**************1239,SG,147
d960f625-ca35-ede3-1e7f-9df718920495,2026-07-04T06:37:14.816,core-banking,OK,MT103,SWIFT,1416.59,SGD,**************1239,SG,207
d960f625-ca35-ede3-1e7f-9df718920495,2026-07-04T06:37:14.915,settlement,SETTLED,MT103,SWIFT,1416.59,SGD,**************1239,SG,294
3db0ca11-9e5b-389a-9909-3bf4a42cb0a0,2026-07-14T13:15:34.665,gateway,OK,MT103,SWIFT,1797.86,SGD,**************9517,SG,32
3db0ca11-9e5b-389a-9909-3bf4a42cb0a0,2026-07-14T13:15:34.727,auth,OK,MT103,SWIFT,1797.86,SGD,**************9517,SG,44
3db0ca11-9e5b-389a-9909-3bf4a42cb0a0,2026-07-14T13:15:34.784,validation,OK,MT103,SWIFT,1797.86,SGD,**************9517,SG,54
3db0ca11-9e5b-389a-9909-3bf4a42cb0a0,2026-07-14T13:15:34.950,aml,OK,MT103,SWIFT,1797.86,SGD,**************9517,SG,113
3db0ca11-9e5b-389a-9909-3bf4a42cb0a0,2026-07-14T13:15:35.143,payment-hub,OK,MT103,SWIFT,1797.86,SGD,**************9517,SG,85
3db0ca11-9e5b-389a-9909-3bf4a42cb0a0,2026-07-14T13:15:35.189,core-banking,OK,MT103,SWIFT,1797.86,SGD,**************9517,SG,138
3db0ca11-9e5b-389a-9909-3bf4a42cb0a0,2026-07-14T13:15:35.270,settlement,SETTLED,MT103,SWIFT,1797.86,SGD,**************9517,SG,60
d8f7ca87-fc9e-8fc2-6ea4-cb92fc350ee7,2026-07-09T01:01:27.034,gateway,OK,pacs.008,FAST,636.5,SGD,**************9844,SG,41
d8f7ca87-fc9e-8fc2-6ea4-cb92fc350ee7,2026-07-09T01:01:27.161,auth,OK,pacs.008,FAST,636.5,SGD,**************9844,SG,20
d8f7ca87-fc9e-8fc2-6ea4-cb92fc350ee7,2026-07-09T01:01:27.357,validation,OK,pacs.008,FAST,636.5,SGD,**************9844,SG,39
d8f7ca87-fc9e-8fc2-6ea4-cb92fc350ee7,2026-07-09T01:01:27.633,aml,OK,pacs.008,FAST,636.5,SGD,**************9844,SG,208
d8f7ca87-fc9e-8fc2-6ea4-cb92fc350ee7,2026-07-09T01:01:27.747,payment-hub,OK,pacs.008,FAST,636.5,SGD,**************9844,SG,128
d8f7ca87-fc9e-8fc2-6ea4-cb92fc350ee7,2026-07-09T01:01:27.977,core-banking,OK,pacs.008,FAST,636.5,SGD,**************9844,SG,227
d8f7ca87-fc9e-8fc2-6ea4-cb92fc350ee7,2026-07-09T01:01:28.090,settlement,SETTLED,pacs.008,FAST,636.5,SGD,**************9844,SG,245
c784de7e-444e-bc16-fe3b-02c6ac06f995,2026-07-09T19:49:24.150,gateway,OK,pacs.008,FAST,924.97,INR,**************8634,IN,55
c784de7e-444e-bc16-fe3b-02c6ac06f995,2026-07-09T19:49:24.315,auth,OK,pacs.008,FAST,924.97,INR,**************8634,IN,73
c784de7e-444e-bc16-fe3b-02c6ac06f995,2026-07-09T19:49:24.439,validation,OK,pacs.008,FAST,924.97,INR,**************8634,IN,111
c784de7e-444e-bc16-fe3b-02c6ac06f995,2026-07-09T19:49:24.687,aml,OK,pacs.008,FAST,924.97,INR,**************8634,IN,55
c784de7e-444e-bc16-fe3b-02c6ac06f995,2026-07-09T19:49:24.747,payment-hub,OK,pacs.008,FAST,924.97,INR,**************8634,IN,94
c784de7e-444e-bc16-fe3b-02c6ac06f995,2026-07-09T19:49:24.965,core-banking,OK,pacs.008,FAST,924.97,INR,**************8634,IN,156
c784de7e-444e-bc16-fe3b-02c6ac06f995,2026-07-09T19:49:25.048,settlement,SETTLED,pacs.008,FAST,924.97,INR,**************8634,IN,192
55b68ec5-16c5-736e-19b2-424660ca6f93,2026-07-12T14:48:27.185,gateway,OK,MT103,SWIFT,771.24,SGD,**************5009,SG,43
55b68ec5-16c5-736e-19b2-424660ca6f93,2026-07-12T14:48:27.240,auth,OK,MT103,SWIFT,771.24,SGD,**************5009,SG,77
55b68ec5-16c5-736e-19b2-424660ca6f93,2026-07-12T14:48:27.326,validation,OK,MT103,SWIFT,771.24,SGD,**************5009,SG,116
55b68ec5-16c5-736e-19b2-424660ca6f93,2026-07-12T14:48:27.400,aml,OK,MT103,SWIFT,771.24,SGD,**************5009,SG,53
55b68ec5-16c5-736e-19b2-424660ca6f93,2026-07-12T14:48:27.442,payment-hub,OK,MT103,SWIFT,771.24,SGD,**************5009,SG,42
55b68ec5-16c5-736e-19b2-424660ca6f93,2026-07-12T14:48:27.500,core-banking,OK,MT103,SWIFT,771.24,SGD,**************5009,SG,190
55b68ec5-16c5-736e-19b2-424660ca6f93,2026-07-12T14:48:27.556,settlement,SETTLED,MT103,SWIFT,771.24,SGD,**************5009,SG,109
dd166b2a-d4de-f428-ed84-347dce374526,2026-07-06T11:25:08.221,gateway,OK,MT103,SWIFT,267.92,SGD,**************5963,SG,29
dd166b2a-d4de-f428-ed84-347dce374526,2026-07-06T11:25:08.283,auth,OK,MT103,SWIFT,267.92,SGD,**************5963,SG,25
dd166b2a-d4de-f428-ed84-347dce374526,2026-07-06T11:25:08.347,validation,OK,MT103,SWIFT,267.92,SGD,**************5963,SG,81
dd166b2a-d4de-f428-ed84-347dce374526,2026-07-06T11:25:08.445,aml,OK,MT103,SWIFT,267.92,SGD,**************5963,SG,160
dd166b2a-d4de-f428-ed84-347dce374526,2026-07-06T11:25:08.509,payment-hub,OK,MT103,SWIFT,267.92,SGD,**************5963,SG,32
dd166b2a-d4de-f428-ed84-347dce374526,2026-07-06T11:25:08.574,core-banking,OK,MT103,SWIFT,267.92,SGD,**************5963,SG,180
dd166b2a-d4de-f428-ed84-347dce374526,2026-07-06T11:25:08.645,settlement,SETTLED,MT103,SWIFT,267.92,SGD,**************5963,SG,240
902ea4b9-4523-6e5f-523a-884944d789ab,2026-07-10T23:43:17.596,gateway,OK,pacs.008,FAST,908.03,USD,**************1650,IN,39
902ea4b9-4523-6e5f-523a-884944d789ab,2026-07-10T23:43:17.662,auth,OK,pacs.008,FAST,908.03,USD,**************1650,IN,56
902ea4b9-4523-6e5f-523a-884944d789ab,2026-07-10T23:43:17.713,validation,OK,pacs.008,FAST,908.03,USD,**************1650,IN,58
902ea4b9-4523-6e5f-523a-884944d789ab,2026-07-10T23:43:17.871,aml,OK,pacs.008,FAST,908.03,USD,**************1650,IN,275
902ea4b9-4523-6e5f-523a-884944d789ab,2026-07-10T23:43:17.947,payment-hub,OK,pacs.008,FAST,908.03,USD,**************1650,IN,114
902ea4b9-4523-6e5f-523a-884944d789ab,2026-07-10T23:43:18.034,core-banking,OK,pacs.008,FAST,908.03,USD,**************1650,IN,150
902ea4b9-4523-6e5f-523a-884944d789ab,2026-07-10T23:43:18.110,settlement,SETTLED,pacs.008,FAST,908.03,USD,**************1650,IN,272
40a1c5e6-a8d6-ce53-a795-81e225ef5c32,2026-07-10T21:01:22.203,gateway,OK,pacs.008,FAST,500.35,SGD,**************7528,SG,36
40a1c5e6-a8d6-ce53-a795-81e225ef5c32,2026-07-10T21:01:22.314,auth,OK,pacs.008,FAST,500.35,SGD,**************7528,SG,71
40a1c5e6-a8d6-ce53-a795-81e225ef5c32,2026-07-10T21:01:22.389,validation,OK,pacs.008,FAST,500.35,SGD,**************7528,SG,85
40a1c5e6-a8d6-ce53-a795-81e225ef5c32,2026-07-10T21:01:22.433,aml,OK,pacs.008,FAST,500.35,SGD,**************7528,SG,100
40a1c5e6-a8d6-ce53-a795-81e225ef5c32,2026-07-10T21:01:22.691,payment-hub,OK,pacs.008,FAST,500.35,SGD,**************7528,SG,136
40a1c5e6-a8d6-ce53-a795-81e225ef5c32,2026-07-10T21:01:22.739,core-banking,OK,pacs.008,FAST,500.35,SGD,**************7528,SG,248
40a1c5e6-a8d6-ce53-a795-81e225ef5c32,2026-07-10T21:01:22.799,settlement,SETTLED,pacs.008,FAST,500.35,SGD,**************7528,SG,68
14a6cc0e-7331-3770-91a9-5cf3c3b3e582,2026-07-05T21:39:49.348,gateway,OK,pacs.008,FAST,51.22,GBP,**************1468,GB,59
14a6cc0e-7331-3770-91a9-5cf3c3b3e582,2026-07-05T21:39:49.402,auth,OK,pacs.008,FAST,51.22,GBP,**************1468,GB,77
14a6cc0e-7331-3770-91a9-5cf3c3b3e582,2026-07-05T21:39:49.525,validation,OK,pacs.008,FAST,51.22,GBP,**************1468,GB,27
14a6cc0e-7331-3770-91a9-5cf3c3b3e582,2026-07-05T21:39:49.702,aml,OK,pacs.008,FAST,51.22,GBP,**************1468,GB,186
14a6cc0e-7331-3770-91a9-5cf3c3b3e582,2026-07-05T21:39:49.757,payment-hub,OK,pacs.008,FAST,51.22,GBP,**************1468,GB,148
14a6cc0e-7331-3770-91a9-5cf3c3b3e582,2026-07-05T21:39:49.830,core-banking,OK,pacs.008,FAST,51.22,GBP,**************1468,GB,137
14a6cc0e-7331-3770-91a9-5cf3c3b3e582,2026-07-05T21:39:49.926,settlement,SETTLED,pacs.008,FAST,51.22,GBP,**************1468,GB,278
d5756fe3-05d8-2980-42f4-a70aef9be093,2026-07-10T04:10:02.820,gateway,OK,pacs.008,FAST,369.57,SGD,**************7275,MY,21
d5756fe3-05d8-2980-42f4-a70aef9be093,2026-07-10T04:10:03.049,auth,OK,pacs.008,FAST,369.57,SGD,**************7275,MY,24
d5756fe3-05d8-2980-42f4-a70aef9be093,2026-07-10T04:10:03.138,validation,OK,pacs.008,FAST,369.57,SGD,**************7275,MY,110
d5756fe3-05d8-2980-42f4-a70aef9be093,2026-07-10T04:10:03.229,aml,TIMEOUT,pacs.008,FAST,369.57,SGD,**************7275,MY,30000
d5756fe3-05d8-2980-42f4-a70aef9be093,2026-07-10T04:10:03.286,payment-hub,FAILED,pacs.008,FAST,369.57,SGD,**************7275,MY,47
3d8e07cf-7928-4c52-61e0-1d82bf768867,2026-07-06T01:45:41.143,gateway,OK,pacs.008,FAST,471.29,GBP,**************3850,GB,44
3d8e07cf-7928-4c52-61e0-1d82bf768867,2026-07-06T01:45:41.283,auth,OK,pacs.008,FAST,471.29,GBP,**************3850,GB,35
3d8e07cf-7928-4c52-61e0-1d82bf768867,2026-07-06T01:45:41.373,validation,OK,pacs.008,FAST,471.29,GBP,**************3850,GB,64
3d8e07cf-7928-4c52-61e0-1d82bf768867,2026-07-06T01:45:41.476,aml,OK,pacs.008,FAST,471.29,GBP,**************3850,GB,118
3d8e07cf-7928-4c52-61e0-1d82bf768867,2026-07-06T01:45:41.548,payment-hub,OK,pacs.008,FAST,471.29,GBP,**************3850,GB,136
3d8e07cf-7928-4c52-61e0-1d82bf768867,2026-07-06T01:45:41.639,core-banking,OK,pacs.008,FAST,471.29,GBP,**************3850,GB,229
3d8e07cf-7928-4c52-61e0-1d82bf768867,2026-07-06T01:45:41.798,settlement,SETTLED,pacs.008,FAST,471.29,GBP,**************3850,GB,110
391220b4-8056-1f6b-9629-a92a07866ffd,2026-07-02T10:18:29.231,gateway,OK,pacs.008,FAST,1023.65,MYR,**************3401,MY,25
391220b4-8056-1f6b-9629-a92a07866ffd,2026-07-02T10:18:29.385,auth,OK,pacs.008,FAST,1023.65,MYR,**************3401,MY,52
391220b4-8056-1f6b-9629-a92a07866ffd,2026-07-02T10:18:29.479,validation,OK,pacs.008,FAST,1023.65,MYR,**************3401,MY,60
391220b4-8056-1f6b-9629-a92a07866ffd,2026-07-02T10:18:29.535,aml,OK,pacs.008,FAST,1023.65,MYR,**************3401,MY,247
391220b4-8056-1f6b-9629-a92a07866ffd,2026-07-02T10:18:59.553,payment-hub,OK,pacs.008,FAST,1023.65,MYR,**************3401,MY,57
391220b4-8056-1f6b-9629-a92a07866ffd,2026-07-02T10:18:59.624,core-banking,OK,pacs.008,FAST,1023.65,MYR,**************3401,MY,195
391220b4-8056-1f6b-9629-a92a07866ffd,2026-07-02T10:18:59.712,settlement,SETTLED,pacs.008,FAST,1023.65,MYR,**************3401,MY,211
b3fe9c76-2c79-927d-9cf9-b9eaec990198,2026-07-12T11:14:46.877,gateway,OK,pacs.008,FAST,6759.8,MYR,**************8791,MY,41
b3fe9c76-2c79-927d-9cf9-b9eaec990198,2026-07-12T11:14:46.934,auth,OK,pacs.008,FAST,6759.8,MYR,**************8791,MY,85
b3fe9c76-2c79-927d-9cf9-b9eaec990198,2026-07-12T11:14:47.137,validation,OK,pacs.008,FAST,6759.8,MYR,**************8791,MY,94
b3fe9c76-2c79-927d-9cf9-b9eaec990198,2026-07-12T11:14:47.185,aml,OK,pacs.008,FAST,6759.8,MYR,**************8791,MY,256
b3fe9c76-2c79-927d-9cf9-b9eaec990198,2026-07-12T11:14:47.269,payment-hub,OK,pacs.008,FAST,6759.8,MYR,**************8791,MY,97
b3fe9c76-2c79-927d-9cf9-b9eaec990198,2026-07-12T11:14:47.323,core-banking,OK,pacs.008,FAST,6759.8,MYR,**************8791,MY,65
b3fe9c76-2c79-927d-9cf9-b9eaec990198,2026-07-12T11:14:47.388,settlement,SETTLED,pacs.008,FAST,6759.8,MYR,**************8791,MY,132
24a68af7-0e27-43f3-3845-49a31b316619,2026-07-01T22:22:21.773,gateway,OK,0200,CARDS,158.41,SGD,**************0929,SG,57
24a68af7-0e27-43f3-3845-49a31b316619,2026-07-01T22:22:21.821,auth,OK,0200,CARDS,158.41,SGD,**************0929,SG,31
24a68af7-0e27-43f3-3845-49a31b316619,2026-07-01T22:22:21.982,validation,OK,0200,CARDS,158.41,SGD,**************0929,SG,101
24a68af7-0e27-43f3-3845-49a31b316619,2026-07-01T22:22:22.102,aml,OK,0200,CARDS,158.41,SGD,**************0929,SG,277
24a68af7-0e27-43f3-3845-49a31b316619,2026-07-01T22:22:22.191,payment-hub,OK,0200,CARDS,158.41,SGD,**************0929,SG,82
24a68af7-0e27-43f3-3845-49a31b316619,2026-07-01T22:22:22.276,core-banking,OK,0200,CARDS,158.41,SGD,**************0929,SG,86
24a68af7-0e27-43f3-3845-49a31b316619,2026-07-01T22:22:22.331,settlement,SETTLED,0200,CARDS,158.41,SGD,**************0929,SG,167
d7c02069-82b8-dcee-a1c7-d14398d11772,2026-07-08T00:26:33.431,gateway,OK,pacs.008,FAST,186.8,SGD,**************3652,SG,35
d7c02069-82b8-dcee-a1c7-d14398d11772,2026-07-08T00:26:33.494,auth,OK,pacs.008,FAST,186.8,SGD,**************3652,SG,21
d7c02069-82b8-dcee-a1c7-d14398d11772,2026-07-08T00:26:33.556,validation,OK,pacs.008,FAST,186.8,SGD,**************3652,SG,73
d7c02069-82b8-dcee-a1c7-d14398d11772,2026-07-08T00:26:33.715,aml,OK,pacs.008,FAST,186.8,SGD,**************3652,SG,80
d7c02069-82b8-dcee-a1c7-d14398d11772,2026-07-08T00:26:33.789,payment-hub,OK,pacs.008,FAST,186.8,SGD,**************3652,SG,120
d7c02069-82b8-dcee-a1c7-d14398d11772,2026-07-08T00:26:33.844,core-banking,OK,pacs.008,FAST,186.8,SGD,**************3652,SG,195
d7c02069-82b8-dcee-a1c7-d14398d11772,2026-07-08T00:26:34.014,settlement,SETTLED,pacs.008,FAST,186.8,SGD,**************3652,SG,116
bdc54ef9-28ce-ed11-3e18-fb15e610a5be,2026-07-12T19:09:54.900,gateway,OK,pacs.008,FAST,325.28,USD,**************4609,HK,32
bdc54ef9-28ce-ed11-3e18-fb15e610a5be,2026-07-12T19:09:54.968,auth,OK,pacs.008,FAST,325.28,USD,**************4609,HK,38
bdc54ef9-28ce-ed11-3e18-fb15e610a5be,2026-07-12T19:09:55.091,validation,OK,pacs.008,FAST,325.28,USD,**************4609,HK,79
bdc54ef9-28ce-ed11-3e18-fb15e610a5be,2026-07-12T19:09:55.334,aml,OK,pacs.008,FAST,325.28,USD,**************4609,HK,232
bdc54ef9-28ce-ed11-3e18-fb15e610a5be,2026-07-12T19:09:55.443,payment-hub,OK,pacs.008,FAST,325.28,USD,**************4609,HK,131
bdc54ef9-28ce-ed11-3e18-fb15e610a5be,2026-07-12T19:09:55.540,core-banking,OK,pacs.008,FAST,325.28,USD,**************4609,HK,219
bdc54ef9-28ce-ed11-3e18-fb15e610a5be,2026-07-12T19:09:55.571,settlement,SETTLED,pacs.008,FAST,325.28,USD,**************4609,HK,87
c21d9d74-e661-61af-be35-288c060c006e,2026-07-12T10:32:59.639,gateway,OK,MT103,SWIFT,378.82,INR,**************8852,IN,47
c21d9d74-e661-61af-be35-288c060c006e,2026-07-12T10:32:59.710,auth,OK,MT103,SWIFT,378.82,INR,**************8852,IN,42
c21d9d74-e661-61af-be35-288c060c006e,2026-07-12T10:32:59.770,validation,OK,MT103,SWIFT,378.82,INR,**************8852,IN,86
c21d9d74-e661-61af-be35-288c060c006e,2026-07-12T10:32:59.993,aml,OK,MT103,SWIFT,378.82,INR,**************8852,IN,97
c21d9d74-e661-61af-be35-288c060c006e,2026-07-12T10:33:00.139,payment-hub,OK,MT103,SWIFT,378.82,INR,**************8852,IN,32
c21d9d74-e661-61af-be35-288c060c006e,2026-07-12T10:33:00.212,core-banking,OK,MT103,SWIFT,378.82,INR,**************8852,IN,187
c21d9d74-e661-61af-be35-288c060c006e,2026-07-12T10:33:00.374,settlement,SETTLED,MT103,SWIFT,378.82,INR,**************8852,IN,221
961eadbc-84af-3db1-2dc1-df376099b00c,2026-07-03T04:41:28.334,gateway,OK,pacs.008,FAST,552.77,USD,**************6646,HK,33
961eadbc-84af-3db1-2dc1-df376099b00c,2026-07-03T04:41:28.520,auth,OK,pacs.008,FAST,552.77,USD,**************6646,HK,53
961eadbc-84af-3db1-2dc1-df376099b00c,2026-07-03T04:41:28.584,validation,OK,pacs.008,FAST,552.77,USD,**************6646,HK,75
961eadbc-84af-3db1-2dc1-df376099b00c,2026-07-03T04:41:28.741,aml,OK,pacs.008,FAST,552.77,USD,**************6646,HK,116
961eadbc-84af-3db1-2dc1-df376099b00c,2026-07-03T04:41:28.875,payment-hub,OK,pacs.008,FAST,552.77,USD,**************6646,HK,74
961eadbc-84af-3db1-2dc1-df376099b00c,2026-07-03T04:41:29.025,core-banking,OK,pacs.008,FAST,552.77,USD,**************6646,HK,187
961eadbc-84af-3db1-2dc1-df376099b00c,2026-07-03T04:41:29.131,settlement,SETTLED,pacs.008,FAST,552.77,USD,**************6646,HK,236
73e3b4e0-6a45-29ad-1788-0d47cccd1193,2026-07-12T12:38:54.577,gateway,OK,MT103,SWIFT,2344.92,SGD,**************0648,SG,36
73e3b4e0-6a45-29ad-1788-0d47cccd1193,2026-07-12T12:38:54.650,auth,OK,MT103,SWIFT,2344.92,SGD,**************0648,SG,86
73e3b4e0-6a45-29ad-1788-0d47cccd1193,2026-07-12T12:38:54.726,validation,OK,MT103,SWIFT,2344.92,SGD,**************0648,SG,107
73e3b4e0-6a45-29ad-1788-0d47cccd1193,2026-07-12T12:38:54.869,aml,OK,MT103,SWIFT,2344.92,SGD,**************0648,SG,85
73e3b4e0-6a45-29ad-1788-0d47cccd1193,2026-07-12T12:38:55.004,payment-hub,OK,MT103,SWIFT,2344.92,SGD,**************0648,SG,134
73e3b4e0-6a45-29ad-1788-0d47cccd1193,2026-07-12T12:38:55.063,core-banking,OK,MT103,SWIFT,2344.92,SGD,**************0648,SG,167
73e3b4e0-6a45-29ad-1788-0d47cccd1193,2026-07-12T12:38:55.181,settlement,SETTLED,MT103,SWIFT,2344.92,SGD,**************0648,SG,115
92f993fb-ad91-6f68-282f-ab2b090be361,2026-07-05T18:08:04.284,gateway,OK,MT103,SWIFT,1595.04,INR,**************9098,IN,43
92f993fb-ad91-6f68-282f-ab2b090be361,2026-07-05T18:08:04.418,auth,OK,MT103,SWIFT,1595.04,INR,**************9098,IN,48
92f993fb-ad91-6f68-282f-ab2b090be361,2026-07-05T18:08:04.542,validation,OK,MT103,SWIFT,1595.04,INR,**************9098,IN,70
92f993fb-ad91-6f68-282f-ab2b090be361,2026-07-05T18:08:04.703,aml,TIMEOUT,MT103,SWIFT,1595.04,INR,**************9098,IN,30000
92f993fb-ad91-6f68-282f-ab2b090be361,2026-07-05T18:08:04.774,payment-hub,FAILED,MT103,SWIFT,1595.04,INR,**************9098,IN,42
36469f81-42dd-2fc5-fc63-cd83d0d7f1a1,2026-07-05T05:57:30.734,gateway,OK,0200,CARDS,982.74,INR,**************4223,SG,24
36469f81-42dd-2fc5-fc63-cd83d0d7f1a1,2026-07-05T05:57:30.799,auth,OK,0200,CARDS,982.74,INR,**************4223,SG,76
36469f81-42dd-2fc5-fc63-cd83d0d7f1a1,2026-07-05T05:57:30.898,validation,OK,0200,CARDS,982.74,INR,**************4223,SG,57
36469f81-42dd-2fc5-fc63-cd83d0d7f1a1,2026-07-05T05:57:31.049,aml,OK,0200,CARDS,982.74,INR,**************4223,SG,289
36469f81-42dd-2fc5-fc63-cd83d0d7f1a1,2026-07-05T05:57:31.106,payment-hub,OK,0200,CARDS,982.74,INR,**************4223,SG,126
36469f81-42dd-2fc5-fc63-cd83d0d7f1a1,2026-07-05T05:57:31.159,core-banking,OK,0200,CARDS,982.74,INR,**************4223,SG,95
36469f81-42dd-2fc5-fc63-cd83d0d7f1a1,2026-07-05T05:57:31.245,settlement,SETTLED,0200,CARDS,982.74,INR,**************4223,SG,106
a16047b0-5f3f-4e60-3cb4-ad797037330c,2026-07-10T20:48:34.453,gateway,OK,pacs.008,FAST,227.22,SGD,**************1837,SG,43
a16047b0-5f3f-4e60-3cb4-ad797037330c,2026-07-10T20:48:34.578,auth,OK,pacs.008,FAST,227.22,SGD,**************1837,SG,80
a16047b0-5f3f-4e60-3cb4-ad797037330c,2026-07-10T20:48:34.647,validation,OK,pacs.008,FAST,227.22,SGD,**************1837,SG,106
a16047b0-5f3f-4e60-3cb4-ad797037330c,2026-07-10T20:48:34.725,aml,OK,pacs.008,FAST,227.22,SGD,**************1837,SG,208
a16047b0-5f3f-4e60-3cb4-ad797037330c,2026-07-10T20:48:34.904,payment-hub,OK,pacs.008,FAST,227.22,SGD,**************1837,SG,37
a16047b0-5f3f-4e60-3cb4-ad797037330c,2026-07-10T20:48:35.042,core-banking,OK,pacs.008,FAST,227.22,SGD,**************1837,SG,249
a16047b0-5f3f-4e60-3cb4-ad797037330c,2026-07-10T20:48:35.151,settlement,SETTLED,pacs.008,FAST,227.22,SGD,**************1837,SG,343
99d5e195-d80f-b9ee-169f-7617714bde7e,2026-07-07T10:59:55.033,gateway,OK,MT103,SWIFT,3301.87,GBP,**************0243,GB,15
99d5e195-d80f-b9ee-169f-7617714bde7e,2026-07-07T10:59:55.201,auth,OK,MT103,SWIFT,3301.87,GBP,**************0243,GB,83
99d5e195-d80f-b9ee-169f-7617714bde7e,2026-07-07T10:59:55.281,validation,OK,MT103,SWIFT,3301.87,GBP,**************0243,GB,34
99d5e195-d80f-b9ee-169f-7617714bde7e,2026-07-07T10:59:55.343,aml,OK,MT103,SWIFT,3301.87,GBP,**************0243,GB,108
99d5e195-d80f-b9ee-169f-7617714bde7e,2026-07-07T10:59:55.415,payment-hub,OK,MT103,SWIFT,3301.87,GBP,**************0243,GB,38
99d5e195-d80f-b9ee-169f-7617714bde7e,2026-07-07T10:59:55.503,core-banking,OK,MT103,SWIFT,3301.87,GBP,**************0243,GB,92
99d5e195-d80f-b9ee-169f-7617714bde7e,2026-07-07T10:59:55.579,settlement,SETTLED,MT103,SWIFT,3301.87,GBP,**************0243,GB,185
4be68f9f-cb56-aca7-1c5f-87b66210a2aa,2026-07-02T07:52:45.171,gateway,OK,pacs.008,FAST,528.64,USD,**************0232,IN,46
4be68f9f-cb56-aca7-1c5f-87b66210a2aa,2026-07-02T07:52:45.321,auth,OK,pacs.008,FAST,528.64,USD,**************0232,IN,82
4be68f9f-cb56-aca7-1c5f-87b66210a2aa,2026-07-02T07:52:45.434,validation,OK,pacs.008,FAST,528.64,USD,**************0232,IN,54
4be68f9f-cb56-aca7-1c5f-87b66210a2aa,2026-07-02T07:52:45.512,aml,OK,pacs.008,FAST,528.64,USD,**************0232,IN,85
4be68f9f-cb56-aca7-1c5f-87b66210a2aa,2026-07-02T07:52:45.652,payment-hub,OK,pacs.008,FAST,528.64,USD,**************0232,IN,40
4be68f9f-cb56-aca7-1c5f-87b66210a2aa,2026-07-02T07:52:45.725,core-banking,OK,pacs.008,FAST,528.64,USD,**************0232,IN,69
4be68f9f-cb56-aca7-1c5f-87b66210a2aa,2026-07-02T07:52:45.816,settlement,SETTLED,pacs.008,FAST,528.64,USD,**************0232,IN,227
f131571a-dc51-4637-768b-116f53185d60,2026-07-10T14:34:04.995,gateway,OK,pacs.008,FAST,421.0,INR,**************8165,IN,22
f131571a-dc51-4637-768b-116f53185d60,2026-07-10T14:34:05.091,auth,OK,pacs.008,FAST,421.0,INR,**************8165,IN,49
f131571a-dc51-4637-768b-116f53185d60,2026-07-10T14:34:05.205,validation,OK,pacs.008,FAST,421.0,INR,**************8165,IN,73
f131571a-dc51-4637-768b-116f53185d60,2026-07-10T14:34:05.512,aml,OK,pacs.008,FAST,421.0,INR,**************8165,IN,75
f131571a-dc51-4637-768b-116f53185d60,2026-07-10T14:34:05.587,payment-hub,OK,pacs.008,FAST,421.0,INR,**************8165,IN,77
f131571a-dc51-4637-768b-116f53185d60,2026-07-10T14:34:05.646,core-banking,OK,pacs.008,FAST,421.0,INR,**************8165,IN,146
f131571a-dc51-4637-768b-116f53185d60,2026-07-10T14:34:05.773,settlement,SETTLED,pacs.008,FAST,421.0,INR,**************8165,IN,391
82c5903d-751d-5cc6-20b2-caa757f0efa9,2026-07-08T05:54:28.411,gateway,OK,0200,CARDS,1199.89,SGD,**************0570,SG,31
82c5903d-751d-5cc6-20b2-caa757f0efa9,2026-07-08T05:54:28.519,auth,OK,0200,CARDS,1199.89,SGD,**************0570,SG,72
82c5903d-751d-5cc6-20b2-caa757f0efa9,2026-07-08T05:54:28.573,validation,OK,0200,CARDS,1199.89,SGD,**************0570,SG,50
82c5903d-751d-5cc6-20b2-caa757f0efa9,2026-07-08T05:54:28.841,aml,OK,0200,CARDS,1199.89,SGD,**************0570,SG,109
82c5903d-751d-5cc6-20b2-caa757f0efa9,2026-07-08T05:54:28.958,payment-hub,OK,0200,CARDS,1199.89,SGD,**************0570,SG,33
82c5903d-751d-5cc6-20b2-caa757f0efa9,2026-07-08T05:54:29.081,core-banking,OK,0200,CARDS,1199.89,SGD,**************0570,SG,137
82c5903d-751d-5cc6-20b2-caa757f0efa9,2026-07-08T05:54:29.208,settlement,SETTLED,0200,CARDS,1199.89,SGD,**************0570,SG,233
2286e207-720c-5f4a-e5bb-6d8e42377609,2026-07-04T16:17:28.331,gateway,OK,pacs.008,FAST,4071.85,MYR,**************8087,MY,49
2286e207-720c-5f4a-e5bb-6d8e42377609,2026-07-04T16:17:28.378,auth,OK,pacs.008,FAST,4071.85,MYR,**************8087,MY,83
2286e207-720c-5f4a-e5bb-6d8e42377609,2026-07-04T16:17:28.493,validation,OK,pacs.008,FAST,4071.85,MYR,**************8087,MY,89
2286e207-720c-5f4a-e5bb-6d8e42377609,2026-07-04T16:17:28.619,aml,OK,pacs.008,FAST,4071.85,MYR,**************8087,MY,66
2286e207-720c-5f4a-e5bb-6d8e42377609,2026-07-04T16:17:28.682,payment-hub,OK,pacs.008,FAST,4071.85,MYR,**************8087,MY,148
2286e207-720c-5f4a-e5bb-6d8e42377609,2026-07-04T16:17:28.756,core-banking,OK,pacs.008,FAST,4071.85,MYR,**************8087,MY,76
2286e207-720c-5f4a-e5bb-6d8e42377609,2026-07-04T16:17:28.843,settlement,SETTLED,pacs.008,FAST,4071.85,MYR,**************8087,MY,116
a4bc4d3c-008f-0948-a088-52059424c059,2026-07-13T17:38:06.999,gateway,OK,pacs.008,FAST,314.7,SGD,**************0239,SG,49
a4bc4d3c-008f-0948-a088-52059424c059,2026-07-13T17:38:07.275,auth,OK,pacs.008,FAST,314.7,SGD,**************0239,SG,30
a4bc4d3c-008f-0948-a088-52059424c059,2026-07-13T17:38:07.427,validation,OK,pacs.008,FAST,314.7,SGD,**************0239,SG,111
a4bc4d3c-008f-0948-a088-52059424c059,2026-07-13T17:38:07.646,aml,OK,pacs.008,FAST,314.7,SGD,**************0239,SG,67
a4bc4d3c-008f-0948-a088-52059424c059,2026-07-13T17:38:07.742,payment-hub,OK,pacs.008,FAST,314.7,SGD,**************0239,SG,140
a4bc4d3c-008f-0948-a088-52059424c059,2026-07-13T17:38:07.918,core-banking,OK,pacs.008,FAST,314.7,SGD,**************0239,SG,204
a4bc4d3c-008f-0948-a088-52059424c059,2026-07-13T17:38:08.222,settlement,SETTLED,pacs.008,FAST,314.7,SGD,**************0239,SG,207
7be840f6-e428-3e71-d95d-03d0558bfb28,2026-07-09T14:35:35.851,gateway,OK,pacs.008,FAST,789.59,SGD,**************4244,SG,28
7be840f6-e428-3e71-d95d-03d0558bfb28,2026-07-09T14:35:35.988,auth,OK,pacs.008,FAST,789.59,SGD,**************4244,SG,78
7be840f6-e428-3e71-d95d-03d0558bfb28,2026-07-09T14:35:36.065,validation,OK,pacs.008,FAST,789.59,SGD,**************4244,SG,60
7be840f6-e428-3e71-d95d-03d0558bfb28,2026-07-09T14:35:36.199,aml,OK,pacs.008,FAST,789.59,SGD,**************4244,SG,238
7be840f6-e428-3e71-d95d-03d0558bfb28,2026-07-09T14:35:36.333,payment-hub,OK,pacs.008,FAST,789.59,SGD,**************4244,SG,43
7be840f6-e428-3e71-d95d-03d0558bfb28,2026-07-09T14:35:36.450,core-banking,OK,pacs.008,FAST,789.59,SGD,**************4244,SG,213
7be840f6-e428-3e71-d95d-03d0558bfb28,2026-07-09T14:35:36.576,settlement,SETTLED,pacs.008,FAST,789.59,SGD,**************4244,SG,77
cc4cb090-6456-eb36-619d-b26dc1dcfaa4,2026-07-05T12:50:40.584,gateway,OK,pacs.008,FAST,779.11,SGD,**************6421,SG,47
cc4cb090-6456-eb36-619d-b26dc1dcfaa4,2026-07-05T12:50:40.635,auth,OK,pacs.008,FAST,779.11,SGD,**************6421,SG,80
cc4cb090-6456-eb36-619d-b26dc1dcfaa4,2026-07-05T12:50:40.805,validation,OK,pacs.008,FAST,779.11,SGD,**************6421,SG,69
cc4cb090-6456-eb36-619d-b26dc1dcfaa4,2026-07-05T12:50:40.852,aml,OK,pacs.008,FAST,779.11,SGD,**************6421,SG,266
cc4cb090-6456-eb36-619d-b26dc1dcfaa4,2026-07-05T12:50:41.150,payment-hub,OK,pacs.008,FAST,779.11,SGD,**************6421,SG,90
cc4cb090-6456-eb36-619d-b26dc1dcfaa4,2026-07-05T12:50:41.255,core-banking,OK,pacs.008,FAST,779.11,SGD,**************6421,SG,63
cc4cb090-6456-eb36-619d-b26dc1dcfaa4,2026-07-05T12:50:41.438,settlement,SETTLED,pacs.008,FAST,779.11,SGD,**************6421,SG,99
a24d8a92-14f0-0c0f-b2dc-6eb7ce0d6fa6,2026-07-15T04:15:29.023,gateway,OK,pacs.008,FAST,1162.35,INR,**************7898,IN,60
a24d8a92-14f0-0c0f-b2dc-6eb7ce0d6fa6,2026-07-15T04:15:29.170,auth,OK,pacs.008,FAST,1162.35,INR,**************7898,IN,27
a24d8a92-14f0-0c0f-b2dc-6eb7ce0d6fa6,2026-07-15T04:15:29.261,validation,OK,pacs.008,FAST,1162.35,INR,**************7898,IN,111
a24d8a92-14f0-0c0f-b2dc-6eb7ce0d6fa6,2026-07-15T04:15:29.525,aml,OK,pacs.008,FAST,1162.35,INR,**************7898,IN,268
a24d8a92-14f0-0c0f-b2dc-6eb7ce0d6fa6,2026-07-15T04:15:29.637,payment-hub,OK,pacs.008,FAST,1162.35,INR,**************7898,IN,66
a24d8a92-14f0-0c0f-b2dc-6eb7ce0d6fa6,2026-07-15T04:15:29.873,core-banking,OK,pacs.008,FAST,1162.35,INR,**************7898,IN,145
a24d8a92-14f0-0c0f-b2dc-6eb7ce0d6fa6,2026-07-15T04:15:29.976,settlement,SETTLED,pacs.008,FAST,1162.35,INR,**************7898,IN,227
e0fa4e2c-eff5-c77d-319f-a07105bc620e,2026-07-12T03:32:23.723,gateway,OK,pacs.008,FAST,125.7,INR,**************9455,IN,23
e0fa4e2c-eff5-c77d-319f-a07105bc620e,2026-07-12T03:32:23.806,auth,OK,pacs.008,FAST,125.7,INR,**************9455,IN,65
e0fa4e2c-eff5-c77d-319f-a07105bc620e,2026-07-12T03:32:24.090,validation,OK,pacs.008,FAST,125.7,INR,**************9455,IN,32
e0fa4e2c-eff5-c77d-319f-a07105bc620e,2026-07-12T03:32:24.340,aml,OK,pacs.008,FAST,125.7,INR,**************9455,IN,294
e0fa4e2c-eff5-c77d-319f-a07105bc620e,2026-07-12T03:32:24.610,payment-hub,OK,pacs.008,FAST,125.7,INR,**************9455,IN,44
e0fa4e2c-eff5-c77d-319f-a07105bc620e,2026-07-12T03:32:24.678,core-banking,OK,pacs.008,FAST,125.7,INR,**************9455,IN,95
e0fa4e2c-eff5-c77d-319f-a07105bc620e,2026-07-12T03:32:24.751,settlement,SETTLED,pacs.008,FAST,125.7,INR,**************9455,IN,356
a3a0fe56-b0ba-c717-a358-1a447299acb1,2026-07-11T21:19:35.813,gateway,OK,pacs.008,FAST,1947.41,USD,**************1363,SG,53
a3a0fe56-b0ba-c717-a358-1a447299acb1,2026-07-11T21:19:35.909,auth,OK,pacs.008,FAST,1947.41,USD,**************1363,SG,70
a3a0fe56-b0ba-c717-a358-1a447299acb1,2026-07-11T21:19:36.185,validation,OK,pacs.008,FAST,1947.41,USD,**************1363,SG,56
a3a0fe56-b0ba-c717-a358-1a447299acb1,2026-07-11T21:19:36.357,aml,OK,pacs.008,FAST,1947.41,USD,**************1363,SG,126
a3a0fe56-b0ba-c717-a358-1a447299acb1,2026-07-11T21:19:36.653,payment-hub,OK,pacs.008,FAST,1947.41,USD,**************1363,SG,89
a3a0fe56-b0ba-c717-a358-1a447299acb1,2026-07-11T21:19:36.732,core-banking,OK,pacs.008,FAST,1947.41,USD,**************1363,SG,131
a3a0fe56-b0ba-c717-a358-1a447299acb1,2026-07-11T21:19:36.806,settlement,SETTLED,pacs.008,FAST,1947.41,USD,**************1363,SG,337
68cfa3e9-f21d-b41f-ad01-a826f5e4fa7f,2026-07-11T19:55:42.482,gateway,OK,0200,CARDS,1502.9,SGD,**************6398,SG,54
68cfa3e9-f21d-b41f-ad01-a826f5e4fa7f,2026-07-11T19:55:42.664,auth,OK,0200,CARDS,1502.9,SGD,**************6398,SG,59
68cfa3e9-f21d-b41f-ad01-a826f5e4fa7f,2026-07-11T19:55:42.778,validation,OK,0200,CARDS,1502.9,SGD,**************6398,SG,90
68cfa3e9-f21d-b41f-ad01-a826f5e4fa7f,2026-07-11T19:55:42.850,aml,OK,0200,CARDS,1502.9,SGD,**************6398,SG,132
68cfa3e9-f21d-b41f-ad01-a826f5e4fa7f,2026-07-11T19:55:42.888,payment-hub,OK,0200,CARDS,1502.9,SGD,**************6398,SG,80
68cfa3e9-f21d-b41f-ad01-a826f5e4fa7f,2026-07-11T19:55:42.970,core-banking,OK,0200,CARDS,1502.9,SGD,**************6398,SG,156
68cfa3e9-f21d-b41f-ad01-a826f5e4fa7f,2026-07-11T19:55:43.048,settlement,SETTLED,0200,CARDS,1502.9,SGD,**************6398,SG,292
02e64b5c-5d4b-3692-4fd4-b6c47b3ade48,2026-07-01T20:26:51.093,gateway,OK,pacs.008,FAST,1303.33,SGD,**************6668,SG,60
02e64b5c-5d4b-3692-4fd4-b6c47b3ade48,2026-07-01T20:26:51.164,auth,OK,pacs.008,FAST,1303.33,SGD,**************6668,SG,83
02e64b5c-5d4b-3692-4fd4-b6c47b3ade48,2026-07-01T20:26:51.242,validation,OK,pacs.008,FAST,1303.33,SGD,**************6668,SG,50
02e64b5c-5d4b-3692-4fd4-b6c47b3ade48,2026-07-01T20:26:51.323,aml,OK,pacs.008,FAST,1303.33,SGD,**************6668,SG,102
02e64b5c-5d4b-3692-4fd4-b6c47b3ade48,2026-07-01T20:26:51.553,payment-hub,OK,pacs.008,FAST,1303.33,SGD,**************6668,SG,103
02e64b5c-5d4b-3692-4fd4-b6c47b3ade48,2026-07-01T20:26:51.665,core-banking,OK,pacs.008,FAST,1303.33,SGD,**************6668,SG,123
02e64b5c-5d4b-3692-4fd4-b6c47b3ade48,2026-07-01T20:26:51.752,settlement,SETTLED,pacs.008,FAST,1303.33,SGD,**************6668,SG,106
f8b32e45-5df0-e13b-dd28-2a62a2635eaa,2026-07-09T13:34:04.816,gateway,OK,pacs.008,FAST,967.08,MYR,**************9164,MY,60
f8b32e45-5df0-e13b-dd28-2a62a2635eaa,2026-07-09T13:34:05.080,auth,OK,pacs.008,FAST,967.08,MYR,**************9164,MY,51
f8b32e45-5df0-e13b-dd28-2a62a2635eaa,2026-07-09T13:34:05.331,validation,OK,pacs.008,FAST,967.08,MYR,**************9164,MY,55
f8b32e45-5df0-e13b-dd28-2a62a2635eaa,2026-07-09T13:34:05.453,aml,OK,pacs.008,FAST,967.08,MYR,**************9164,MY,240
f8b32e45-5df0-e13b-dd28-2a62a2635eaa,2026-07-09T13:34:05.743,payment-hub,OK,pacs.008,FAST,967.08,MYR,**************9164,MY,47
f8b32e45-5df0-e13b-dd28-2a62a2635eaa,2026-07-09T13:34:05.874,core-banking,OK,pacs.008,FAST,967.08,MYR,**************9164,MY,182
f8b32e45-5df0-e13b-dd28-2a62a2635eaa,2026-07-09T13:34:05.957,settlement,SETTLED,pacs.008,FAST,967.08,MYR,**************9164,MY,94
59426e69-23f4-50b6-3122-479f1ad9fdb5,2026-07-09T07:59:43.392,gateway,OK,pacs.008,FAST,514.36,EUR,**************4507,SG,59
59426e69-23f4-50b6-3122-479f1ad9fdb5,2026-07-09T07:59:43.461,auth,OK,pacs.008,FAST,514.36,EUR,**************4507,SG,76
59426e69-23f4-50b6-3122-479f1ad9fdb5,2026-07-09T07:59:43.586,validation,OK,pacs.008,FAST,514.36,EUR,**************4507,SG,100
59426e69-23f4-50b6-3122-479f1ad9fdb5,2026-07-09T07:59:43.642,aml,OK,pacs.008,FAST,514.36,EUR,**************4507,SG,109
59426e69-23f4-50b6-3122-479f1ad9fdb5,2026-07-09T07:59:43.807,payment-hub,OK,pacs.008,FAST,514.36,EUR,**************4507,SG,96
59426e69-23f4-50b6-3122-479f1ad9fdb5,2026-07-09T07:59:43.911,core-banking,OK,pacs.008,FAST,514.36,EUR,**************4507,SG,109
59426e69-23f4-50b6-3122-479f1ad9fdb5,2026-07-09T07:59:44.077,settlement,SETTLED,pacs.008,FAST,514.36,EUR,**************4507,SG,66
adb37f7e-9b54-e938-3cee-0b81cd60af2c,2026-07-13T21:53:25.490,gateway,OK,pacs.008,FAST,921.98,SGD,**************5482,SG,58
adb37f7e-9b54-e938-3cee-0b81cd60af2c,2026-07-13T21:53:25.744,auth,OK,pacs.008,FAST,921.98,SGD,**************5482,SG,79
adb37f7e-9b54-e938-3cee-0b81cd60af2c,2026-07-13T21:53:25.846,validation,OK,pacs.008,FAST,921.98,SGD,**************5482,SG,111
adb37f7e-9b54-e938-3cee-0b81cd60af2c,2026-07-13T21:53:25.936,aml,OK,pacs.008,FAST,921.98,SGD,**************5482,SG,81
adb37f7e-9b54-e938-3cee-0b81cd60af2c,2026-07-13T21:53:25.995,payment-hub,OK,pacs.008,FAST,921.98,SGD,**************5482,SG,124
adb37f7e-9b54-e938-3cee-0b81cd60af2c,2026-07-13T21:53:26.250,core-banking,OK,pacs.008,FAST,921.98,SGD,**************5482,SG,157
adb37f7e-9b54-e938-3cee-0b81cd60af2c,2026-07-13T21:53:56.272,settlement,SETTLED,pacs.008,FAST,921.98,SGD,**************5482,SG,161
086bd836-7393-2846-4fdb-3b7617a16cdb,2026-07-08T12:41:47.203,gateway,OK,pacs.008,FAST,573.87,SGD,**************0573,SG,29
086bd836-7393-2846-4fdb-3b7617a16cdb,2026-07-08T12:41:47.316,auth,OK,pacs.008,FAST,573.87,SGD,**************0573,SG,53
086bd836-7393-2846-4fdb-3b7617a16cdb,2026-07-08T12:41:47.451,validation,OK,pacs.008,FAST,573.87,SGD,**************0573,SG,46
086bd836-7393-2846-4fdb-3b7617a16cdb,2026-07-08T12:41:47.738,aml,OK,pacs.008,FAST,573.87,SGD,**************0573,SG,163
086bd836-7393-2846-4fdb-3b7617a16cdb,2026-07-08T12:41:47.931,payment-hub,OK,pacs.008,FAST,573.87,SGD,**************0573,SG,75
086bd836-7393-2846-4fdb-3b7617a16cdb,2026-07-08T12:41:48.016,core-banking,OK,pacs.008,FAST,573.87,SGD,**************0573,SG,86
086bd836-7393-2846-4fdb-3b7617a16cdb,2026-07-08T12:41:48.148,settlement,SETTLED,pacs.008,FAST,573.87,SGD,**************0573,SG,142
37b68bb4-9e7d-be11-42ea-ba89cf4b7b65,2026-07-04T06:39:19.650,gateway,OK,MT103,SWIFT,2039.95,GBP,**************8982,SG,50
37b68bb4-9e7d-be11-42ea-ba89cf4b7b65,2026-07-04T06:39:19.774,auth,OK,MT103,SWIFT,2039.95,GBP,**************8982,SG,25
37b68bb4-9e7d-be11-42ea-ba89cf4b7b65,2026-07-04T06:39:19.803,validation,OK,MT103,SWIFT,2039.95,GBP,**************8982,SG,114
37b68bb4-9e7d-be11-42ea-ba89cf4b7b65,2026-07-04T06:39:20.078,aml,OK,MT103,SWIFT,2039.95,GBP,**************8982,SG,74
37b68bb4-9e7d-be11-42ea-ba89cf4b7b65,2026-07-04T06:39:20.253,payment-hub,OK,MT103,SWIFT,2039.95,GBP,**************8982,SG,101
37b68bb4-9e7d-be11-42ea-ba89cf4b7b65,2026-07-04T06:39:20.364,core-banking,OK,MT103,SWIFT,2039.95,GBP,**************8982,SG,75
37b68bb4-9e7d-be11-42ea-ba89cf4b7b65,2026-07-04T06:39:20.584,settlement,SETTLED,MT103,SWIFT,2039.95,GBP,**************8982,SG,359
72ce13e5-d6bf-093c-69ca-8ae3bfbf2f63,2026-07-13T14:59:01.284,gateway,OK,pacs.008,FAST,301.95,SGD,**************4226,SG,59
72ce13e5-d6bf-093c-69ca-8ae3bfbf2f63,2026-07-13T14:59:01.406,auth,OK,pacs.008,FAST,301.95,SGD,**************4226,SG,79
72ce13e5-d6bf-093c-69ca-8ae3bfbf2f63,2026-07-13T14:59:01.461,validation,OK,pacs.008,FAST,301.95,SGD,**************4226,SG,78
72ce13e5-d6bf-093c-69ca-8ae3bfbf2f63,2026-07-13T14:59:01.566,aml,OK,pacs.008,FAST,301.95,SGD,**************4226,SG,175
72ce13e5-d6bf-093c-69ca-8ae3bfbf2f63,2026-07-13T14:59:01.677,payment-hub,OK,pacs.008,FAST,301.95,SGD,**************4226,SG,137
72ce13e5-d6bf-093c-69ca-8ae3bfbf2f63,2026-07-13T14:59:01.771,core-banking,OK,pacs.008,FAST,301.95,SGD,**************4226,SG,69
72ce13e5-d6bf-093c-69ca-8ae3bfbf2f63,2026-07-13T14:59:01.894,settlement,SETTLED,pacs.008,FAST,301.95,SGD,**************4226,SG,90
fff45769-75d3-a2bc-7c4a-38632d4ccbfc,2026-07-05T02:14:31.817,gateway,OK,MT103,SWIFT,221.66,GBP,**************3279,GB,59
fff45769-75d3-a2bc-7c4a-38632d4ccbfc,2026-07-05T02:14:31.902,auth,OK,MT103,SWIFT,221.66,GBP,**************3279,GB,68
fff45769-75d3-a2bc-7c4a-38632d4ccbfc,2026-07-05T02:14:31.988,validation,OK,MT103,SWIFT,221.66,GBP,**************3279,GB,41
fff45769-75d3-a2bc-7c4a-38632d4ccbfc,2026-07-05T02:14:32.036,aml,OK,MT103,SWIFT,221.66,GBP,**************3279,GB,293
fff45769-75d3-a2bc-7c4a-38632d4ccbfc,2026-07-05T02:14:32.193,payment-hub,OK,MT103,SWIFT,221.66,GBP,**************3279,GB,144
fff45769-75d3-a2bc-7c4a-38632d4ccbfc,2026-07-05T02:14:32.397,core-banking,OK,MT103,SWIFT,221.66,GBP,**************3279,GB,115
fff45769-75d3-a2bc-7c4a-38632d4ccbfc,2026-07-05T02:14:32.444,settlement,SETTLED,MT103,SWIFT,221.66,GBP,**************3279,GB,122
8a6bdad5-3b41-aee6-2e75-fdcfa3ae8c6c,2026-07-01T23:27:48.559,gateway,OK,pacs.008,FAST,566.87,SGD,**************9757,SG,35
8a6bdad5-3b41-aee6-2e75-fdcfa3ae8c6c,2026-07-01T23:27:48.669,auth,OK,pacs.008,FAST,566.87,SGD,**************9757,SG,77
8a6bdad5-3b41-aee6-2e75-fdcfa3ae8c6c,2026-07-01T23:27:48.843,validation,OK,pacs.008,FAST,566.87,SGD,**************9757,SG,91
8a6bdad5-3b41-aee6-2e75-fdcfa3ae8c6c,2026-07-01T23:27:48.911,aml,OK,pacs.008,FAST,566.87,SGD,**************9757,SG,100
8a6bdad5-3b41-aee6-2e75-fdcfa3ae8c6c,2026-07-01T23:27:49.024,payment-hub,OK,pacs.008,FAST,566.87,SGD,**************9757,SG,50
8a6bdad5-3b41-aee6-2e75-fdcfa3ae8c6c,2026-07-01T23:27:49.200,core-banking,OK,pacs.008,FAST,566.87,SGD,**************9757,SG,248
8a6bdad5-3b41-aee6-2e75-fdcfa3ae8c6c,2026-07-01T23:27:49.307,settlement,SETTLED,pacs.008,FAST,566.87,SGD,**************9757,SG,270
ff308fe5-af27-034f-7ab7-b4af70581fec,2026-07-04T21:52:23.825,gateway,OK,MT103,SWIFT,714.73,USD,**************3593,HK,47
ff308fe5-af27-034f-7ab7-b4af70581fec,2026-07-04T21:52:23.926,auth,OK,MT103,SWIFT,714.73,USD,**************3593,HK,58
ff308fe5-af27-034f-7ab7-b4af70581fec,2026-07-04T21:52:24.142,validation,OK,MT103,SWIFT,714.73,USD,**************3593,HK,44
ff308fe5-af27-034f-7ab7-b4af70581fec,2026-07-04T21:52:24.225,aml,TIMEOUT,MT103,SWIFT,714.73,USD,**************3593,HK,30000
ff308fe5-af27-034f-7ab7-b4af70581fec,2026-07-04T21:52:24.467,payment-hub,FAILED,MT103,SWIFT,714.73,USD,**************3593,HK,104
731620aa-7e8b-7def-39d8-d37696398120,2026-07-07T21:55:09.150,gateway,OK,MT103,SWIFT,6218.17,USD,**************6293,US,56
731620aa-7e8b-7def-39d8-d37696398120,2026-07-07T21:55:09.293,auth,OK,MT103,SWIFT,6218.17,USD,**************6293,US,48
731620aa-7e8b-7def-39d8-d37696398120,2026-07-07T21:55:09.397,validation,OK,MT103,SWIFT,6218.17,USD,**************6293,US,62
731620aa-7e8b-7def-39d8-d37696398120,2026-07-07T21:55:09.540,aml,OK,MT103,SWIFT,6218.17,USD,**************6293,US,106
731620aa-7e8b-7def-39d8-d37696398120,2026-07-07T21:55:09.615,payment-hub,OK,MT103,SWIFT,6218.17,USD,**************6293,US,121
731620aa-7e8b-7def-39d8-d37696398120,2026-07-07T21:55:09.713,core-banking,OK,MT103,SWIFT,6218.17,USD,**************6293,US,236
731620aa-7e8b-7def-39d8-d37696398120,2026-07-07T21:55:09.811,settlement,SETTLED,MT103,SWIFT,6218.17,USD,**************6293,US,317
ea12c887-b262-1ff6-76fa-9c834c27e370,2026-07-02T18:12:37.392,gateway,OK,pacs.008,FAST,291.56,MYR,**************5590,MY,56
ea12c887-b262-1ff6-76fa-9c834c27e370,2026-07-02T18:12:37.457,auth,OK,pacs.008,FAST,291.56,MYR,**************5590,MY,86
ea12c887-b262-1ff6-76fa-9c834c27e370,2026-07-02T18:12:37.524,validation,OK,pacs.008,FAST,291.56,MYR,**************5590,MY,85
ea12c887-b262-1ff6-76fa-9c834c27e370,2026-07-02T18:12:37.690,aml,OK,pacs.008,FAST,291.56,MYR,**************5590,MY,200
ea12c887-b262-1ff6-76fa-9c834c27e370,2026-07-02T18:12:37.745,payment-hub,OK,pacs.008,FAST,291.56,MYR,**************5590,MY,124
ea12c887-b262-1ff6-76fa-9c834c27e370,2026-07-02T18:12:37.827,core-banking,OK,pacs.008,FAST,291.56,MYR,**************5590,MY,64
ea12c887-b262-1ff6-76fa-9c834c27e370,2026-07-02T18:12:37.883,settlement,SETTLED,pacs.008,FAST,291.56,MYR,**************5590,MY,108
fa162d04-e07a-76a4-cabd-870704a90955,2026-07-01T17:58:23.509,gateway,OK,pacs.008,FAST,3608.28,SGD,**************8017,SG,26
fa162d04-e07a-76a4-cabd-870704a90955,2026-07-01T17:58:23.573,auth,OK,pacs.008,FAST,3608.28,SGD,**************8017,SG,31
fa162d04-e07a-76a4-cabd-870704a90955,2026-07-01T17:58:23.627,validation,OK,pacs.008,FAST,3608.28,SGD,**************8017,SG,104
fa162d04-e07a-76a4-cabd-870704a90955,2026-07-01T17:58:23.873,aml,OK,pacs.008,FAST,3608.28,SGD,**************8017,SG,184
fa162d04-e07a-76a4-cabd-870704a90955,2026-07-01T17:58:23.932,payment-hub,OK,pacs.008,FAST,3608.28,SGD,**************8017,SG,42
fa162d04-e07a-76a4-cabd-870704a90955,2026-07-01T17:58:23.993,core-banking,OK,pacs.008,FAST,3608.28,SGD,**************8017,SG,214
fa162d04-e07a-76a4-cabd-870704a90955,2026-07-01T17:58:24.225,settlement,SETTLED,pacs.008,FAST,3608.28,SGD,**************8017,SG,249
18c3906e-489c-90c5-56ed-9069ab549532,2026-07-09T18:57:27.635,gateway,OK,MT103,SWIFT,147.05,MYR,**************3499,MY,54
18c3906e-489c-90c5-56ed-9069ab549532,2026-07-09T18:57:27.694,auth,OK,MT103,SWIFT,147.05,MYR,**************3499,MY,73
18c3906e-489c-90c5-56ed-9069ab549532,2026-07-09T18:57:27.769,validation,OK,MT103,SWIFT,147.05,MYR,**************3499,MY,106
18c3906e-489c-90c5-56ed-9069ab549532,2026-07-09T18:57:27.811,aml,OK,MT103,SWIFT,147.05,MYR,**************3499,MY,75
18c3906e-489c-90c5-56ed-9069ab549532,2026-07-09T18:57:28.139,payment-hub,OK,MT103,SWIFT,147.05,MYR,**************3499,MY,128
18c3906e-489c-90c5-56ed-9069ab549532,2026-07-09T18:57:28.254,core-banking,OK,MT103,SWIFT,147.05,MYR,**************3499,MY,67
18c3906e-489c-90c5-56ed-9069ab549532,2026-07-09T18:57:28.383,settlement,SETTLED,MT103,SWIFT,147.05,MYR,**************3499,MY,271
50fb8c05-2a85-69f2-8d2f-687968f9a3be,2026-07-02T17:57:56.323,gateway,OK,pacs.008,FAST,1020.42,SGD,**************2412,SG,33
50fb8c05-2a85-69f2-8d2f-687968f9a3be,2026-07-02T17:57:56.370,auth,OK,pacs.008,FAST,1020.42,SGD,**************2412,SG,59
50fb8c05-2a85-69f2-8d2f-687968f9a3be,2026-07-02T17:57:56.508,validation,OK,pacs.008,FAST,1020.42,SGD,**************2412,SG,56
50fb8c05-2a85-69f2-8d2f-687968f9a3be,2026-07-02T17:57:56.597,aml,OK,pacs.008,FAST,1020.42,SGD,**************2412,SG,71
50fb8c05-2a85-69f2-8d2f-687968f9a3be,2026-07-02T17:57:56.645,payment-hub,OK,pacs.008,FAST,1020.42,SGD,**************2412,SG,69
50fb8c05-2a85-69f2-8d2f-687968f9a3be,2026-07-02T17:57:56.757,core-banking,OK,pacs.008,FAST,1020.42,SGD,**************2412,SG,103
50fb8c05-2a85-69f2-8d2f-687968f9a3be,2026-07-02T17:57:56.849,settlement,SETTLED,pacs.008,FAST,1020.42,SGD,**************2412,SG,111
c937502c-b451-74b9-8c05-6266367eac79,2026-07-10T04:42:03.228,gateway,OK,0200,CARDS,624.92,USD,**************0866,US,34
c937502c-b451-74b9-8c05-6266367eac79,2026-07-10T04:42:03.498,auth,OK,0200,CARDS,624.92,USD,**************0866,US,27
c937502c-b451-74b9-8c05-6266367eac79,2026-07-10T04:42:03.595,validation,OK,0200,CARDS,624.92,USD,**************0866,US,53
c937502c-b451-74b9-8c05-6266367eac79,2026-07-10T04:42:03.745,aml,OK,0200,CARDS,624.92,USD,**************0866,US,63
c937502c-b451-74b9-8c05-6266367eac79,2026-07-10T04:42:03.882,payment-hub,OK,0200,CARDS,624.92,USD,**************0866,US,148
c937502c-b451-74b9-8c05-6266367eac79,2026-07-10T04:42:03.993,core-banking,OK,0200,CARDS,624.92,USD,**************0866,US,190
c937502c-b451-74b9-8c05-6266367eac79,2026-07-10T04:42:04.035,settlement,SETTLED,0200,CARDS,624.92,USD,**************0866,US,104
ddf22cbd-4e50-a3ba-f727-c3c929fb1e75,2026-07-06T04:42:39.268,gateway,OK,pacs.008,FAST,6992.15,MYR,**************5627,MY,37
ddf22cbd-4e50-a3ba-f727-c3c929fb1e75,2026-07-06T04:42:39.529,auth,OK,pacs.008,FAST,6992.15,MYR,**************5627,MY,26
ddf22cbd-4e50-a3ba-f727-c3c929fb1e75,2026-07-06T04:42:39.633,validation,OK,pacs.008,FAST,6992.15,MYR,**************5627,MY,83
ddf22cbd-4e50-a3ba-f727-c3c929fb1e75,2026-07-06T04:42:39.672,aml,OK,pacs.008,FAST,6992.15,MYR,**************5627,MY,174
ddf22cbd-4e50-a3ba-f727-c3c929fb1e75,2026-07-06T04:42:39.768,payment-hub,OK,pacs.008,FAST,6992.15,MYR,**************5627,MY,107
ddf22cbd-4e50-a3ba-f727-c3c929fb1e75,2026-07-06T04:42:39.818,core-banking,OK,pacs.008,FAST,6992.15,MYR,**************5627,MY,91
ddf22cbd-4e50-a3ba-f727-c3c929fb1e75,2026-07-06T04:42:39.898,settlement,SETTLED,pacs.008,FAST,6992.15,MYR,**************5627,MY,87
0566888d-00ac-e1a8-7911-b8dc2927b488,2026-07-05T06:36:15.333,gateway,OK,pacs.008,FAST,997.79,SGD,**************2077,SG,27
0566888d-00ac-e1a8-7911-b8dc2927b488,2026-07-05T06:36:15.454,auth,OK,pacs.008,FAST,997.79,SGD,**************2077,SG,25
0566888d-00ac-e1a8-7911-b8dc2927b488,2026-07-05T06:36:15.559,validation,OK,pacs.008,FAST,997.79,SGD,**************2077,SG,81
0566888d-00ac-e1a8-7911-b8dc2927b488,2026-07-05T06:36:15.618,aml,OK,pacs.008,FAST,997.79,SGD,**************2077,SG,52
0566888d-00ac-e1a8-7911-b8dc2927b488,2026-07-05T06:36:15.690,payment-hub,OK,pacs.008,FAST,997.79,SGD,**************2077,SG,106
0566888d-00ac-e1a8-7911-b8dc2927b488,2026-07-05T06:36:15.791,core-banking,OK,pacs.008,FAST,997.79,SGD,**************2077,SG,146
0566888d-00ac-e1a8-7911-b8dc2927b488,2026-07-05T06:36:15.842,settlement,SETTLED,pacs.008,FAST,997.79,SGD,**************2077,SG,95
01bbbcad-de62-0bfb-23ae-ac3b24f2877e,2026-07-10T08:11:21.251,gateway,OK,0200,CARDS,769.98,SGD,**************3563,SG,41
01bbbcad-de62-0bfb-23ae-ac3b24f2877e,2026-07-10T08:11:21.319,auth,OK,0200,CARDS,769.98,SGD,**************3563,SG,36
01bbbcad-de62-0bfb-23ae-ac3b24f2877e,2026-07-10T08:11:21.416,validation,OK,0200,CARDS,769.98,SGD,**************3563,SG,102
01bbbcad-de62-0bfb-23ae-ac3b24f2877e,2026-07-10T08:11:21.498,aml,OK,0200,CARDS,769.98,SGD,**************3563,SG,286
01bbbcad-de62-0bfb-23ae-ac3b24f2877e,2026-07-10T08:11:21.541,payment-hub,OK,0200,CARDS,769.98,SGD,**************3563,SG,113
01bbbcad-de62-0bfb-23ae-ac3b24f2877e,2026-07-10T08:11:21.626,core-banking,OK,0200,CARDS,769.98,SGD,**************3563,SG,234
01bbbcad-de62-0bfb-23ae-ac3b24f2877e,2026-07-10T08:11:21.703,settlement,SETTLED,0200,CARDS,769.98,SGD,**************3563,SG,297
df6de00e-df03-8588-d042-3d035c24533a,2026-07-09T23:29:03.834,gateway,OK,pacs.008,FAST,2016.4,INR,**************9944,IN,35
df6de00e-df03-8588-d042-3d035c24533a,2026-07-09T23:29:03.913,auth,OK,pacs.008,FAST,2016.4,INR,**************9944,IN,85
df6de00e-df03-8588-d042-3d035c24533a,2026-07-09T23:29:03.989,validation,OK,pacs.008,FAST,2016.4,INR,**************9944,IN,82
df6de00e-df03-8588-d042-3d035c24533a,2026-07-09T23:29:04.049,aml,OK,pacs.008,FAST,2016.4,INR,**************9944,IN,163
df6de00e-df03-8588-d042-3d035c24533a,2026-07-09T23:29:04.131,payment-hub,OK,pacs.008,FAST,2016.4,INR,**************9944,IN,104
df6de00e-df03-8588-d042-3d035c24533a,2026-07-09T23:29:04.237,core-banking,OK,pacs.008,FAST,2016.4,INR,**************9944,IN,213
df6de00e-df03-8588-d042-3d035c24533a,2026-07-09T23:29:04.527,settlement,SETTLED,pacs.008,FAST,2016.4,INR,**************9944,IN,294
f6d71d6c-e9cf-cfb8-79a4-09734011c06c,2026-07-03T08:28:44.918,gateway,OK,pacs.008,FAST,1986.49,EUR,**************4894,SG,28
f6d71d6c-e9cf-cfb8-79a4-09734011c06c,2026-07-03T08:28:45.006,auth,OK,pacs.008,FAST,1986.49,EUR,**************4894,SG,43
f6d71d6c-e9cf-cfb8-79a4-09734011c06c,2026-07-03T08:28:45.141,validation,OK,pacs.008,FAST,1986.49,EUR,**************4894,SG,71
f6d71d6c-e9cf-cfb8-79a4-09734011c06c,2026-07-03T08:28:45.253,aml,OK,pacs.008,FAST,1986.49,EUR,**************4894,SG,93
f6d71d6c-e9cf-cfb8-79a4-09734011c06c,2026-07-03T08:28:45.346,payment-hub,OK,pacs.008,FAST,1986.49,EUR,**************4894,SG,122
f6d71d6c-e9cf-cfb8-79a4-09734011c06c,2026-07-03T08:28:45.478,core-banking,OK,pacs.008,FAST,1986.49,EUR,**************4894,SG,200
f6d71d6c-e9cf-cfb8-79a4-09734011c06c,2026-07-03T08:28:45.674,settlement,SETTLED,pacs.008,FAST,1986.49,EUR,**************4894,SG,384
5cc08441-46d5-2138-361f-3c049ca9114c,2026-07-10T12:56:16.444,gateway,OK,pacs.008,FAST,689.61,SGD,**************2115,SG,21
5cc08441-46d5-2138-361f-3c049ca9114c,2026-07-10T12:56:16.504,auth,OK,pacs.008,FAST,689.61,SGD,**************2115,SG,85
5cc08441-46d5-2138-361f-3c049ca9114c,2026-07-10T12:56:16.645,validation,OK,pacs.008,FAST,689.61,SGD,**************2115,SG,94
5cc08441-46d5-2138-361f-3c049ca9114c,2026-07-10T12:56:16.718,aml,OK,pacs.008,FAST,689.61,SGD,**************2115,SG,211
5cc08441-46d5-2138-361f-3c049ca9114c,2026-07-10T12:56:16.977,payment-hub,OK,pacs.008,FAST,689.61,SGD,**************2115,SG,115
5cc08441-46d5-2138-361f-3c049ca9114c,2026-07-10T12:56:17.093,core-banking,OK,pacs.008,FAST,689.61,SGD,**************2115,SG,122
5cc08441-46d5-2138-361f-3c049ca9114c,2026-07-10T12:56:17.189,settlement,SETTLED,pacs.008,FAST,689.61,SGD,**************2115,SG,309
c80be714-b121-5f33-ea3e-66c61b60978d,2026-07-12T13:25:31.787,gateway,OK,pacs.008,FAST,1850.92,SGD,**************4217,SG,59
c80be714-b121-5f33-ea3e-66c61b60978d,2026-07-12T13:25:31.909,auth,OK,pacs.008,FAST,1850.92,SGD,**************4217,SG,65
c80be714-b121-5f33-ea3e-66c61b60978d,2026-07-12T13:25:32.093,validation,OK,pacs.008,FAST,1850.92,SGD,**************4217,SG,67
c80be714-b121-5f33-ea3e-66c61b60978d,2026-07-12T13:25:32.247,aml,OK,pacs.008,FAST,1850.92,SGD,**************4217,SG,101
c80be714-b121-5f33-ea3e-66c61b60978d,2026-07-12T13:25:32.346,payment-hub,OK,pacs.008,FAST,1850.92,SGD,**************4217,SG,135
c80be714-b121-5f33-ea3e-66c61b60978d,2026-07-12T13:25:32.430,core-banking,OK,pacs.008,FAST,1850.92,SGD,**************4217,SG,157
c80be714-b121-5f33-ea3e-66c61b60978d,2026-07-12T13:25:32.559,settlement,SETTLED,pacs.008,FAST,1850.92,SGD,**************4217,SG,400
880732cb-5b80-e6ab-21e2-8c46d2fa6cfb,2026-07-03T23:01:25.881,gateway,OK,MT103,SWIFT,154.57,SGD,**************0621,SG,56
880732cb-5b80-e6ab-21e2-8c46d2fa6cfb,2026-07-03T23:01:25.982,auth,OK,MT103,SWIFT,154.57,SGD,**************0621,SG,21
880732cb-5b80-e6ab-21e2-8c46d2fa6cfb,2026-07-03T23:01:26.023,validation,OK,MT103,SWIFT,154.57,SGD,**************0621,SG,89
880732cb-5b80-e6ab-21e2-8c46d2fa6cfb,2026-07-03T23:01:26.138,aml,OK,MT103,SWIFT,154.57,SGD,**************0621,SG,140
880732cb-5b80-e6ab-21e2-8c46d2fa6cfb,2026-07-03T23:01:26.219,payment-hub,OK,MT103,SWIFT,154.57,SGD,**************0621,SG,67
880732cb-5b80-e6ab-21e2-8c46d2fa6cfb,2026-07-03T23:01:26.378,core-banking,OK,MT103,SWIFT,154.57,SGD,**************0621,SG,50
880732cb-5b80-e6ab-21e2-8c46d2fa6cfb,2026-07-03T23:01:26.660,settlement,SETTLED,MT103,SWIFT,154.57,SGD,**************0621,SG,190
ab0b2594-457b-dc79-3f38-80cee1421aec,2026-07-07T23:00:58.091,gateway,OK,pacs.008,FAST,594.39,SGD,**************8918,SG,28
ab0b2594-457b-dc79-3f38-80cee1421aec,2026-07-07T23:00:58.139,auth,OK,pacs.008,FAST,594.39,SGD,**************8918,SG,62
ab0b2594-457b-dc79-3f38-80cee1421aec,2026-07-07T23:00:58.192,validation,OK,pacs.008,FAST,594.39,SGD,**************8918,SG,44
ab0b2594-457b-dc79-3f38-80cee1421aec,2026-07-07T23:00:58.325,aml,OK,pacs.008,FAST,594.39,SGD,**************8918,SG,43
ab0b2594-457b-dc79-3f38-80cee1421aec,2026-07-07T23:00:58.396,payment-hub,OK,pacs.008,FAST,594.39,SGD,**************8918,SG,36
ab0b2594-457b-dc79-3f38-80cee1421aec,2026-07-07T23:00:58.575,core-banking,OK,pacs.008,FAST,594.39,SGD,**************8918,SG,237
ab0b2594-457b-dc79-3f38-80cee1421aec,2026-07-07T23:00:58.667,settlement,SETTLED,pacs.008,FAST,594.39,SGD,**************8918,SG,96
4f08f42c-2690-3f0b-ff06-10a7dd2527b0,2026-07-03T04:52:14.221,gateway,OK,pacs.008,FAST,784.15,SGD,**************2431,SG,42
4f08f42c-2690-3f0b-ff06-10a7dd2527b0,2026-07-03T04:52:14.286,auth,OK,pacs.008,FAST,784.15,SGD,**************2431,SG,68
4f08f42c-2690-3f0b-ff06-10a7dd2527b0,2026-07-03T04:52:14.481,validation,OK,pacs.008,FAST,784.15,SGD,**************2431,SG,49
4f08f42c-2690-3f0b-ff06-10a7dd2527b0,2026-07-03T04:52:14.553,aml,OK,pacs.008,FAST,784.15,SGD,**************2431,SG,204
4f08f42c-2690-3f0b-ff06-10a7dd2527b0,2026-07-03T04:52:14.606,payment-hub,OK,pacs.008,FAST,784.15,SGD,**************2431,SG,144
4f08f42c-2690-3f0b-ff06-10a7dd2527b0,2026-07-03T04:52:14.645,core-banking,OK,pacs.008,FAST,784.15,SGD,**************2431,SG,200
4f08f42c-2690-3f0b-ff06-10a7dd2527b0,2026-07-03T04:52:14.726,settlement,SETTLED,pacs.008,FAST,784.15,SGD,**************2431,SG,239
ed814a22-47f4-fe91-08d9-e6eb7900d377,2026-07-09T21:39:29.203,gateway,OK,pacs.008,FAST,1260.17,SGD,**************0350,SG,53
ed814a22-47f4-fe91-08d9-e6eb7900d377,2026-07-09T21:39:29.500,auth,OK,pacs.008,FAST,1260.17,SGD,**************0350,SG,20
ed814a22-47f4-fe91-08d9-e6eb7900d377,2026-07-09T21:39:29.605,validation,OK,pacs.008,FAST,1260.17,SGD,**************0350,SG,29
ed814a22-47f4-fe91-08d9-e6eb7900d377,2026-07-09T21:39:29.722,aml,OK,pacs.008,FAST,1260.17,SGD,**************0350,SG,218
ed814a22-47f4-fe91-08d9-e6eb7900d377,2026-07-09T21:39:29.769,payment-hub,OK,pacs.008,FAST,1260.17,SGD,**************0350,SG,63
ed814a22-47f4-fe91-08d9-e6eb7900d377,2026-07-09T21:39:29.821,core-banking,OK,pacs.008,FAST,1260.17,SGD,**************0350,SG,231
ed814a22-47f4-fe91-08d9-e6eb7900d377,2026-07-09T21:39:29.910,settlement,SETTLED,pacs.008,FAST,1260.17,SGD,**************0350,SG,106
1d9f5301-a09e-7c49-55f0-54eb3259987d,2026-07-01T08:39:06.903,gateway,OK,pacs.008,FAST,222.48,SGD,**************8607,SG,31
1d9f5301-a09e-7c49-55f0-54eb3259987d,2026-07-01T08:39:07.146,auth,OK,pacs.008,FAST,222.48,SGD,**************8607,SG,89
1d9f5301-a09e-7c49-55f0-54eb3259987d,2026-07-01T08:39:07.446,validation,OK,pacs.008,FAST,222.48,SGD,**************8607,SG,38
1d9f5301-a09e-7c49-55f0-54eb3259987d,2026-07-01T08:39:07.521,aml,OK,pacs.008,FAST,222.48,SGD,**************8607,SG,183
1d9f5301-a09e-7c49-55f0-54eb3259987d,2026-07-01T08:39:07.661,payment-hub,OK,pacs.008,FAST,222.48,SGD,**************8607,SG,142
1d9f5301-a09e-7c49-55f0-54eb3259987d,2026-07-01T08:39:07.745,core-banking,OK,pacs.008,FAST,222.48,SGD,**************8607,SG,77
1d9f5301-a09e-7c49-55f0-54eb3259987d,2026-07-01T08:39:37.760,settlement,SETTLED,pacs.008,FAST,222.48,SGD,**************8607,SG,400
24e09297-f2c1-a074-f380-8ddf0ea61d4a,2026-07-11T14:24:35.014,gateway,OK,pacs.008,FAST,3964.52,INR,**************9868,IN,43
24e09297-f2c1-a074-f380-8ddf0ea61d4a,2026-07-11T14:24:35.094,auth,OK,pacs.008,FAST,3964.52,INR,**************9868,IN,77
24e09297-f2c1-a074-f380-8ddf0ea61d4a,2026-07-11T14:24:35.168,validation,OK,pacs.008,FAST,3964.52,INR,**************9868,IN,49
24e09297-f2c1-a074-f380-8ddf0ea61d4a,2026-07-11T14:24:35.216,aml,OK,pacs.008,FAST,3964.52,INR,**************9868,IN,296
24e09297-f2c1-a074-f380-8ddf0ea61d4a,2026-07-11T14:24:35.265,payment-hub,OK,pacs.008,FAST,3964.52,INR,**************9868,IN,121
24e09297-f2c1-a074-f380-8ddf0ea61d4a,2026-07-11T14:24:35.468,core-banking,OK,pacs.008,FAST,3964.52,INR,**************9868,IN,63
24e09297-f2c1-a074-f380-8ddf0ea61d4a,2026-07-11T14:24:35.760,settlement,SETTLED,pacs.008,FAST,3964.52,INR,**************9868,IN,334
18953604-aa8e-bc3c-2db3-070cf42f7314,2026-07-12T21:02:50.647,gateway,OK,pacs.008,FAST,1364.2,SGD,**************2583,SG,48
18953604-aa8e-bc3c-2db3-070cf42f7314,2026-07-12T21:02:50.715,auth,OK,pacs.008,FAST,1364.2,SGD,**************2583,SG,62
18953604-aa8e-bc3c-2db3-070cf42f7314,2026-07-12T21:02:50.770,validation,OK,pacs.008,FAST,1364.2,SGD,**************2583,SG,86
18953604-aa8e-bc3c-2db3-070cf42f7314,2026-07-12T21:02:51.007,aml,OK,pacs.008,FAST,1364.2,SGD,**************2583,SG,71
18953604-aa8e-bc3c-2db3-070cf42f7314,2026-07-12T21:02:51.092,payment-hub,OK,pacs.008,FAST,1364.2,SGD,**************2583,SG,139
18953604-aa8e-bc3c-2db3-070cf42f7314,2026-07-12T21:02:51.200,core-banking,OK,pacs.008,FAST,1364.2,SGD,**************2583,SG,64
18953604-aa8e-bc3c-2db3-070cf42f7314,2026-07-12T21:02:51.294,settlement,SETTLED,pacs.008,FAST,1364.2,SGD,**************2583,SG,342
be65f7c0-1900-7d2d-c618-2035e8068ac0,2026-07-11T02:07:04.554,gateway,OK,0200,CARDS,601.33,MYR,**************4331,MY,22
be65f7c0-1900-7d2d-c618-2035e8068ac0,2026-07-11T02:07:04.698,auth,OK,0200,CARDS,601.33,MYR,**************4331,MY,80
be65f7c0-1900-7d2d-c618-2035e8068ac0,2026-07-11T02:07:04.808,validation,OK,0200,CARDS,601.33,MYR,**************4331,MY,105
be65f7c0-1900-7d2d-c618-2035e8068ac0,2026-07-11T02:07:04.847,aml,OK,0200,CARDS,601.33,MYR,**************4331,MY,233
be65f7c0-1900-7d2d-c618-2035e8068ac0,2026-07-11T02:07:04.939,payment-hub,OK,0200,CARDS,601.33,MYR,**************4331,MY,67
be65f7c0-1900-7d2d-c618-2035e8068ac0,2026-07-11T02:07:05.046,core-banking,OK,0200,CARDS,601.33,MYR,**************4331,MY,198
be65f7c0-1900-7d2d-c618-2035e8068ac0,2026-07-11T02:07:05.210,settlement,SETTLED,0200,CARDS,601.33,MYR,**************4331,MY,161
7e5148d5-3691-f7bf-8811-e1ad17d96bf4,2026-07-14T15:15:26.291,gateway,OK,MT103,SWIFT,272.12,EUR,**************3589,MY,29
7e5148d5-3691-f7bf-8811-e1ad17d96bf4,2026-07-14T15:15:26.347,auth,OK,MT103,SWIFT,272.12,EUR,**************3589,MY,75
7e5148d5-3691-f7bf-8811-e1ad17d96bf4,2026-07-14T15:15:26.425,validation,OK,MT103,SWIFT,272.12,EUR,**************3589,MY,49
7e5148d5-3691-f7bf-8811-e1ad17d96bf4,2026-07-14T15:15:26.488,aml,TIMEOUT,MT103,SWIFT,272.12,EUR,**************3589,MY,30000
7e5148d5-3691-f7bf-8811-e1ad17d96bf4,2026-07-14T15:15:26.626,payment-hub,FAILED,MT103,SWIFT,272.12,EUR,**************3589,MY,91
6dd96de9-7aa8-15f1-b896-42f263d81b99,2026-07-09T01:02:25.007,gateway,OK,MT103,SWIFT,301.31,EUR,**************4329,SG,27
6dd96de9-7aa8-15f1-b896-42f263d81b99,2026-07-09T01:02:25.068,auth,OK,MT103,SWIFT,301.31,EUR,**************4329,SG,81
6dd96de9-7aa8-15f1-b896-42f263d81b99,2026-07-09T01:02:25.192,validation,OK,MT103,SWIFT,301.31,EUR,**************4329,SG,74
6dd96de9-7aa8-15f1-b896-42f263d81b99,2026-07-09T01:02:25.280,aml,OK,MT103,SWIFT,301.31,EUR,**************4329,SG,81
6dd96de9-7aa8-15f1-b896-42f263d81b99,2026-07-09T01:02:25.328,payment-hub,OK,MT103,SWIFT,301.31,EUR,**************4329,SG,74
6dd96de9-7aa8-15f1-b896-42f263d81b99,2026-07-09T01:02:25.419,core-banking,OK,MT103,SWIFT,301.31,EUR,**************4329,SG,201
6dd96de9-7aa8-15f1-b896-42f263d81b99,2026-07-09T01:02:25.483,settlement,SETTLED,MT103,SWIFT,301.31,EUR,**************4329,SG,400
512d94a8-cf3f-e070-d332-3ff74e5d816f,2026-07-14T23:25:24.735,gateway,OK,pacs.008,FAST,384.5,SGD,**************2846,SG,54
512d94a8-cf3f-e070-d332-3ff74e5d816f,2026-07-14T23:25:24.799,auth,OK,pacs.008,FAST,384.5,SGD,**************2846,SG,75
512d94a8-cf3f-e070-d332-3ff74e5d816f,2026-07-14T23:25:24.873,validation,OK,pacs.008,FAST,384.5,SGD,**************2846,SG,111
512d94a8-cf3f-e070-d332-3ff74e5d816f,2026-07-14T23:25:24.999,aml,OK,pacs.008,FAST,384.5,SGD,**************2846,SG,43
512d94a8-cf3f-e070-d332-3ff74e5d816f,2026-07-14T23:25:25.131,payment-hub,OK,pacs.008,FAST,384.5,SGD,**************2846,SG,51
512d94a8-cf3f-e070-d332-3ff74e5d816f,2026-07-14T23:25:25.253,core-banking,OK,pacs.008,FAST,384.5,SGD,**************2846,SG,248
512d94a8-cf3f-e070-d332-3ff74e5d816f,2026-07-14T23:25:25.306,settlement,SETTLED,pacs.008,FAST,384.5,SGD,**************2846,SG,219
c80b3404-44b5-4427-70b3-91f2b109d3f6,2026-07-02T11:29:27.992,gateway,OK,MT103,SWIFT,2438.63,USD,**************4910,HK,45
c80b3404-44b5-4427-70b3-91f2b109d3f6,2026-07-02T11:29:28.067,auth,OK,MT103,SWIFT,2438.63,USD,**************4910,HK,88
c80b3404-44b5-4427-70b3-91f2b109d3f6,2026-07-02T11:29:28.206,validation,OK,MT103,SWIFT,2438.63,USD,**************4910,HK,101
c80b3404-44b5-4427-70b3-91f2b109d3f6,2026-07-02T11:29:28.363,aml,TIMEOUT,MT103,SWIFT,2438.63,USD,**************4910,HK,30000
c80b3404-44b5-4427-70b3-91f2b109d3f6,2026-07-02T11:29:28.518,payment-hub,FAILED,MT103,SWIFT,2438.63,USD,**************4910,HK,78
8cee7d4a-d7fd-3a83-a0ba-6fff86ab15e4,2026-07-05T13:40:21.902,gateway,OK,MT103,SWIFT,1268.84,INR,**************5043,IN,38
8cee7d4a-d7fd-3a83-a0ba-6fff86ab15e4,2026-07-05T13:40:22.029,auth,OK,MT103,SWIFT,1268.84,INR,**************5043,IN,22
8cee7d4a-d7fd-3a83-a0ba-6fff86ab15e4,2026-07-05T13:40:22.120,validation,OK,MT103,SWIFT,1268.84,INR,**************5043,IN,36
8cee7d4a-d7fd-3a83-a0ba-6fff86ab15e4,2026-07-05T13:40:22.265,aml,OK,MT103,SWIFT,1268.84,INR,**************5043,IN,101
8cee7d4a-d7fd-3a83-a0ba-6fff86ab15e4,2026-07-05T13:40:22.326,payment-hub,OK,MT103,SWIFT,1268.84,INR,**************5043,IN,50
8cee7d4a-d7fd-3a83-a0ba-6fff86ab15e4,2026-07-05T13:40:22.565,core-banking,OK,MT103,SWIFT,1268.84,INR,**************5043,IN,95
8cee7d4a-d7fd-3a83-a0ba-6fff86ab15e4,2026-07-05T13:40:22.681,settlement,SETTLED,MT103,SWIFT,1268.84,INR,**************5043,IN,252
734fb902-a5d9-770c-c602-504192b82957,2026-07-13T19:06:57.863,gateway,OK,pacs.008,FAST,2613.18,INR,**************3451,IN,31
734fb902-a5d9-770c-c602-504192b82957,2026-07-13T19:06:58.072,auth,OK,pacs.008,FAST,2613.18,INR,**************3451,IN,35
734fb902-a5d9-770c-c602-504192b82957,2026-07-13T19:06:58.245,validation,OK,pacs.008,FAST,2613.18,INR,**************3451,IN,63
734fb902-a5d9-770c-c602-504192b82957,2026-07-13T19:06:58.456,aml,OK,pacs.008,FAST,2613.18,INR,**************3451,IN,226
734fb902-a5d9-770c-c602-504192b82957,2026-07-13T19:06:58.575,payment-hub,OK,pacs.008,FAST,2613.18,INR,**************3451,IN,80
734fb902-a5d9-770c-c602-504192b82957,2026-07-13T19:06:58.622,core-banking,OK,pacs.008,FAST,2613.18,INR,**************3451,IN,199
734fb902-a5d9-770c-c602-504192b82957,2026-07-13T19:06:58.658,settlement,SETTLED,pacs.008,FAST,2613.18,INR,**************3451,IN,354
2f08bb99-7319-fc71-bb3f-a0ea060cf61c,2026-07-11T14:25:06.586,gateway,OK,pacs.008,FAST,463.67,MYR,**************0522,MY,60
2f08bb99-7319-fc71-bb3f-a0ea060cf61c,2026-07-11T14:25:06.742,auth,OK,pacs.008,FAST,463.67,MYR,**************0522,MY,71
2f08bb99-7319-fc71-bb3f-a0ea060cf61c,2026-07-11T14:25:06.787,validation,OK,pacs.008,FAST,463.67,MYR,**************0522,MY,25
2f08bb99-7319-fc71-bb3f-a0ea060cf61c,2026-07-11T14:25:06.958,aml,TIMEOUT,pacs.008,FAST,463.67,MYR,**************0522,MY,30000
2f08bb99-7319-fc71-bb3f-a0ea060cf61c,2026-07-11T14:25:07.241,payment-hub,FAILED,pacs.008,FAST,463.67,MYR,**************0522,MY,71
cdda2d1b-0425-e85d-927f-43877247864f,2026-07-03T04:29:31.229,gateway,OK,pacs.008,FAST,2106.97,SGD,**************8798,SG,31
cdda2d1b-0425-e85d-927f-43877247864f,2026-07-03T04:29:31.417,auth,OK,pacs.008,FAST,2106.97,SGD,**************8798,SG,21
cdda2d1b-0425-e85d-927f-43877247864f,2026-07-03T04:29:31.568,validation,OK,pacs.008,FAST,2106.97,SGD,**************8798,SG,103
cdda2d1b-0425-e85d-927f-43877247864f,2026-07-03T04:29:31.614,aml,OK,pacs.008,FAST,2106.97,SGD,**************8798,SG,291
cdda2d1b-0425-e85d-927f-43877247864f,2026-07-03T04:29:31.788,payment-hub,OK,pacs.008,FAST,2106.97,SGD,**************8798,SG,61
cdda2d1b-0425-e85d-927f-43877247864f,2026-07-03T04:29:31.918,core-banking,OK,pacs.008,FAST,2106.97,SGD,**************8798,SG,193
cdda2d1b-0425-e85d-927f-43877247864f,2026-07-03T04:29:32.000,settlement,SETTLED,pacs.008,FAST,2106.97,SGD,**************8798,SG,364
dc955a16-d795-b925-2ec9-b35684370be7,2026-07-10T09:32:00.639,gateway,OK,MT103,SWIFT,279.24,GBP,**************0368,MY,44
dc955a16-d795-b925-2ec9-b35684370be7,2026-07-10T09:32:00.952,auth,OK,MT103,SWIFT,279.24,GBP,**************0368,MY,89
dc955a16-d795-b925-2ec9-b35684370be7,2026-07-10T09:32:01.180,validation,OK,MT103,SWIFT,279.24,GBP,**************0368,MY,120
dc955a16-d795-b925-2ec9-b35684370be7,2026-07-10T09:32:01.242,aml,OK,MT103,SWIFT,279.24,GBP,**************0368,MY,66
dc955a16-d795-b925-2ec9-b35684370be7,2026-07-10T09:32:01.363,payment-hub,OK,MT103,SWIFT,279.24,GBP,**************0368,MY,108
dc955a16-d795-b925-2ec9-b35684370be7,2026-07-10T09:32:01.450,core-banking,OK,MT103,SWIFT,279.24,GBP,**************0368,MY,203
dc955a16-d795-b925-2ec9-b35684370be7,2026-07-10T09:32:01.522,settlement,SETTLED,MT103,SWIFT,279.24,GBP,**************0368,MY,154
be6cb58a-30f9-2b97-1094-e03345a0755b,2026-07-07T09:27:27.499,gateway,OK,pacs.008,FAST,795.06,GBP,**************5829,GB,21
be6cb58a-30f9-2b97-1094-e03345a0755b,2026-07-07T09:27:27.591,auth,OK,pacs.008,FAST,795.06,GBP,**************5829,GB,37
be6cb58a-30f9-2b97-1094-e03345a0755b,2026-07-07T09:27:27.687,validation,REJECTED,pacs.008,FAST,795.06,GBP,**************5829,GB,33
acfa1575-ae7a-8425-67a5-5b28745e775c,2026-07-13T13:30:48.580,gateway,OK,pacs.008,FAST,226.84,INR,**************9284,IN,30
acfa1575-ae7a-8425-67a5-5b28745e775c,2026-07-13T13:30:48.701,auth,OK,pacs.008,FAST,226.84,INR,**************9284,IN,87
acfa1575-ae7a-8425-67a5-5b28745e775c,2026-07-13T13:30:48.841,validation,OK,pacs.008,FAST,226.84,INR,**************9284,IN,118
acfa1575-ae7a-8425-67a5-5b28745e775c,2026-07-13T13:30:48.916,aml,OK,pacs.008,FAST,226.84,INR,**************9284,IN,66
acfa1575-ae7a-8425-67a5-5b28745e775c,2026-07-13T13:30:48.989,payment-hub,OK,pacs.008,FAST,226.84,INR,**************9284,IN,124
acfa1575-ae7a-8425-67a5-5b28745e775c,2026-07-13T13:30:49.051,core-banking,OK,pacs.008,FAST,226.84,INR,**************9284,IN,87
acfa1575-ae7a-8425-67a5-5b28745e775c,2026-07-13T13:30:49.122,settlement,SETTLED,pacs.008,FAST,226.84,INR,**************9284,IN,175
812709bb-fa85-4bb0-9c49-de91bded3ab4,2026-07-02T06:25:56.714,gateway,OK,0200,CARDS,5635.72,INR,**************1465,IN,26
812709bb-fa85-4bb0-9c49-de91bded3ab4,2026-07-02T06:25:56.806,auth,OK,0200,CARDS,5635.72,INR,**************1465,IN,74
812709bb-fa85-4bb0-9c49-de91bded3ab4,2026-07-02T06:25:56.976,validation,OK,0200,CARDS,5635.72,INR,**************1465,IN,32
812709bb-fa85-4bb0-9c49-de91bded3ab4,2026-07-02T06:25:57.008,aml,OK,0200,CARDS,5635.72,INR,**************1465,IN,121
812709bb-fa85-4bb0-9c49-de91bded3ab4,2026-07-02T06:25:57.139,payment-hub,OK,0200,CARDS,5635.72,INR,**************1465,IN,62
812709bb-fa85-4bb0-9c49-de91bded3ab4,2026-07-02T06:25:57.273,core-banking,OK,0200,CARDS,5635.72,INR,**************1465,IN,169
812709bb-fa85-4bb0-9c49-de91bded3ab4,2026-07-02T06:25:57.392,settlement,SETTLED,0200,CARDS,5635.72,INR,**************1465,IN,233
6b71a2e3-1a0d-132e-1e6b-6e461814ed5c,2026-07-07T14:56:43.377,gateway,OK,0200,CARDS,739.0,SGD,**************7377,SG,48
6b71a2e3-1a0d-132e-1e6b-6e461814ed5c,2026-07-07T14:56:43.465,auth,OK,0200,CARDS,739.0,SGD,**************7377,SG,33
6b71a2e3-1a0d-132e-1e6b-6e461814ed5c,2026-07-07T14:56:43.554,validation,OK,0200,CARDS,739.0,SGD,**************7377,SG,48
6b71a2e3-1a0d-132e-1e6b-6e461814ed5c,2026-07-07T14:56:43.620,aml,OK,0200,CARDS,739.0,SGD,**************7377,SG,173
6b71a2e3-1a0d-132e-1e6b-6e461814ed5c,2026-07-07T14:56:43.679,payment-hub,OK,0200,CARDS,739.0,SGD,**************7377,SG,118
6b71a2e3-1a0d-132e-1e6b-6e461814ed5c,2026-07-07T14:56:43.778,core-banking,OK,0200,CARDS,739.0,SGD,**************7377,SG,155
6b71a2e3-1a0d-132e-1e6b-6e461814ed5c,2026-07-07T14:56:43.937,settlement,SETTLED,0200,CARDS,739.0,SGD,**************7377,SG,67
f12e6d2a-9b9d-c009-3963-2c7687a7e17d,2026-07-04T01:40:17.907,gateway,OK,pacs.008,FAST,84.49,SGD,**************0687,SG,47
f12e6d2a-9b9d-c009-3963-2c7687a7e17d,2026-07-04T01:40:18.029,auth,OK,pacs.008,FAST,84.49,SGD,**************0687,SG,75
f12e6d2a-9b9d-c009-3963-2c7687a7e17d,2026-07-04T01:40:18.128,validation,OK,pacs.008,FAST,84.49,SGD,**************0687,SG,86
f12e6d2a-9b9d-c009-3963-2c7687a7e17d,2026-07-04T01:40:18.226,aml,OK,pacs.008,FAST,84.49,SGD,**************0687,SG,74
f12e6d2a-9b9d-c009-3963-2c7687a7e17d,2026-07-04T01:40:18.302,payment-hub,OK,pacs.008,FAST,84.49,SGD,**************0687,SG,108
f12e6d2a-9b9d-c009-3963-2c7687a7e17d,2026-07-04T01:40:18.378,core-banking,OK,pacs.008,FAST,84.49,SGD,**************0687,SG,163
f12e6d2a-9b9d-c009-3963-2c7687a7e17d,2026-07-04T01:40:18.478,settlement,SETTLED,pacs.008,FAST,84.49,SGD,**************0687,SG,393
809f3d3a-17af-39f9-68a3-fad2d7df2b53,2026-07-03T17:05:36.178,gateway,OK,pacs.008,FAST,1642.49,SGD,**************1565,SG,26
809f3d3a-17af-39f9-68a3-fad2d7df2b53,2026-07-03T17:05:36.277,auth,OK,pacs.008,FAST,1642.49,SGD,**************1565,SG,41
809f3d3a-17af-39f9-68a3-fad2d7df2b53,2026-07-03T17:06:06.314,validation,OK,pacs.008,FAST,1642.49,SGD,**************1565,SG,35
809f3d3a-17af-39f9-68a3-fad2d7df2b53,2026-07-03T17:06:06.454,aml,TIMEOUT,pacs.008,FAST,1642.49,SGD,**************1565,SG,30000
809f3d3a-17af-39f9-68a3-fad2d7df2b53,2026-07-03T17:06:06.576,payment-hub,FAILED,pacs.008,FAST,1642.49,SGD,**************1565,SG,51
d5d7dbce-9dba-17cd-e6c2-47d24e872ab1,2026-07-14T13:03:15.948,gateway,OK,pacs.008,FAST,524.34,EUR,**************5452,SG,49
d5d7dbce-9dba-17cd-e6c2-47d24e872ab1,2026-07-14T13:03:16.032,auth,OK,pacs.008,FAST,524.34,EUR,**************5452,SG,37
d5d7dbce-9dba-17cd-e6c2-47d24e872ab1,2026-07-14T13:03:16.109,validation,OK,pacs.008,FAST,524.34,EUR,**************5452,SG,77
d5d7dbce-9dba-17cd-e6c2-47d24e872ab1,2026-07-14T13:03:16.220,aml,TIMEOUT,pacs.008,FAST,524.34,EUR,**************5452,SG,30000
d5d7dbce-9dba-17cd-e6c2-47d24e872ab1,2026-07-14T13:03:16.301,payment-hub,FAILED,pacs.008,FAST,524.34,EUR,**************5452,SG,64
85690e44-9cd1-5ba6-5b22-61c498070f66,2026-07-14T02:06:52.218,gateway,OK,pacs.008,FAST,1110.35,INR,**************3467,IN,52
85690e44-9cd1-5ba6-5b22-61c498070f66,2026-07-14T02:06:52.459,auth,OK,pacs.008,FAST,1110.35,INR,**************3467,IN,69
85690e44-9cd1-5ba6-5b22-61c498070f66,2026-07-14T02:06:52.574,validation,OK,pacs.008,FAST,1110.35,INR,**************3467,IN,51
85690e44-9cd1-5ba6-5b22-61c498070f66,2026-07-14T02:07:22.586,aml,OK,pacs.008,FAST,1110.35,INR,**************3467,IN,186
85690e44-9cd1-5ba6-5b22-61c498070f66,2026-07-14T02:07:22.697,payment-hub,OK,pacs.008,FAST,1110.35,INR,**************3467,IN,135
85690e44-9cd1-5ba6-5b22-61c498070f66,2026-07-14T02:07:22.757,core-banking,OK,pacs.008,FAST,1110.35,INR,**************3467,IN,66
85690e44-9cd1-5ba6-5b22-61c498070f66,2026-07-14T02:07:22.891,settlement,SETTLED,pacs.008,FAST,1110.35,INR,**************3467,IN,348
09d862a6-95c7-16cf-8bdb-017bd81cd73f,2026-07-04T12:20:27.471,gateway,OK,MT103,SWIFT,876.61,SGD,**************5352,SG,51
09d862a6-95c7-16cf-8bdb-017bd81cd73f,2026-07-04T12:20:27.517,auth,OK,MT103,SWIFT,876.61,SGD,**************5352,SG,61
09d862a6-95c7-16cf-8bdb-017bd81cd73f,2026-07-04T12:20:27.571,validation,OK,MT103,SWIFT,876.61,SGD,**************5352,SG,108
09d862a6-95c7-16cf-8bdb-017bd81cd73f,2026-07-04T12:20:27.720,aml,OK,MT103,SWIFT,876.61,SGD,**************5352,SG,219
09d862a6-95c7-16cf-8bdb-017bd81cd73f,2026-07-04T12:20:27.819,payment-hub,OK,MT103,SWIFT,876.61,SGD,**************5352,SG,108
09d862a6-95c7-16cf-8bdb-017bd81cd73f,2026-07-04T12:20:27.883,core-banking,OK,MT103,SWIFT,876.61,SGD,**************5352,SG,118
09d862a6-95c7-16cf-8bdb-017bd81cd73f,2026-07-04T12:20:28.168,settlement,SETTLED,MT103,SWIFT,876.61,SGD,**************5352,SG,120
e992a199-4bf1-ba86-5757-c5db4be749ff,2026-07-04T07:21:11.275,gateway,OK,0200,CARDS,150.43,SGD,**************2139,SG,41
e992a199-4bf1-ba86-5757-c5db4be749ff,2026-07-04T07:21:11.334,auth,OK,0200,CARDS,150.43,SGD,**************2139,SG,26
e992a199-4bf1-ba86-5757-c5db4be749ff,2026-07-04T07:21:11.382,validation,OK,0200,CARDS,150.43,SGD,**************2139,SG,32
e992a199-4bf1-ba86-5757-c5db4be749ff,2026-07-04T07:21:11.499,aml,OK,0200,CARDS,150.43,SGD,**************2139,SG,138
e992a199-4bf1-ba86-5757-c5db4be749ff,2026-07-04T07:21:11.717,payment-hub,OK,0200,CARDS,150.43,SGD,**************2139,SG,57
e992a199-4bf1-ba86-5757-c5db4be749ff,2026-07-04T07:21:11.825,core-banking,OK,0200,CARDS,150.43,SGD,**************2139,SG,159
e992a199-4bf1-ba86-5757-c5db4be749ff,2026-07-04T07:21:11.914,settlement,SETTLED,0200,CARDS,150.43,SGD,**************2139,SG,188
30d50a9c-edbb-aeee-7ae7-e7de90b59ea6,2026-07-08T13:35:21.532,gateway,OK,pacs.008,FAST,199.95,SGD,**************6215,SG,27
30d50a9c-edbb-aeee-7ae7-e7de90b59ea6,2026-07-08T13:35:21.714,auth,OK,pacs.008,FAST,199.95,SGD,**************6215,SG,87
30d50a9c-edbb-aeee-7ae7-e7de90b59ea6,2026-07-08T13:35:21.759,validation,OK,pacs.008,FAST,199.95,SGD,**************6215,SG,86
30d50a9c-edbb-aeee-7ae7-e7de90b59ea6,2026-07-08T13:35:21.804,aml,OK,pacs.008,FAST,199.95,SGD,**************6215,SG,91
30d50a9c-edbb-aeee-7ae7-e7de90b59ea6,2026-07-08T13:35:21.922,payment-hub,OK,pacs.008,FAST,199.95,SGD,**************6215,SG,56
30d50a9c-edbb-aeee-7ae7-e7de90b59ea6,2026-07-08T13:35:21.961,core-banking,OK,pacs.008,FAST,199.95,SGD,**************6215,SG,185
30d50a9c-edbb-aeee-7ae7-e7de90b59ea6,2026-07-08T13:35:22.072,settlement,SETTLED,pacs.008,FAST,199.95,SGD,**************6215,SG,84
94f9b212-b84a-ba5f-be14-36b2cea566af,2026-07-06T08:27:34.232,gateway,OK,pacs.008,FAST,1113.87,EUR,**************6184,MY,46
94f9b212-b84a-ba5f-be14-36b2cea566af,2026-07-06T08:27:34.308,auth,OK,pacs.008,FAST,1113.87,EUR,**************6184,MY,44
94f9b212-b84a-ba5f-be14-36b2cea566af,2026-07-06T08:27:34.368,validation,OK,pacs.008,FAST,1113.87,EUR,**************6184,MY,27
94f9b212-b84a-ba5f-be14-36b2cea566af,2026-07-06T08:27:34.514,aml,OK,pacs.008,FAST,1113.87,EUR,**************6184,MY,193
94f9b212-b84a-ba5f-be14-36b2cea566af,2026-07-06T08:27:34.587,payment-hub,OK,pacs.008,FAST,1113.87,EUR,**************6184,MY,62
94f9b212-b84a-ba5f-be14-36b2cea566af,2026-07-06T08:27:34.683,core-banking,OK,pacs.008,FAST,1113.87,EUR,**************6184,MY,62
94f9b212-b84a-ba5f-be14-36b2cea566af,2026-07-06T08:27:34.766,settlement,SETTLED,pacs.008,FAST,1113.87,EUR,**************6184,MY,246
f74da553-47b2-543a-b026-be1fb618c8fb,2026-07-08T23:30:33.674,gateway,OK,pacs.008,FAST,405.29,SGD,**************4519,SG,31
f74da553-47b2-543a-b026-be1fb618c8fb,2026-07-08T23:30:33.875,auth,OK,pacs.008,FAST,405.29,SGD,**************4519,SG,33
f74da553-47b2-543a-b026-be1fb618c8fb,2026-07-08T23:30:33.930,validation,OK,pacs.008,FAST,405.29,SGD,**************4519,SG,94
f74da553-47b2-543a-b026-be1fb618c8fb,2026-07-08T23:30:33.988,aml,OK,pacs.008,FAST,405.29,SGD,**************4519,SG,235
f74da553-47b2-543a-b026-be1fb618c8fb,2026-07-08T23:31:03.999,payment-hub,OK,pacs.008,FAST,405.29,SGD,**************4519,SG,80
f74da553-47b2-543a-b026-be1fb618c8fb,2026-07-08T23:31:04.117,core-banking,OK,pacs.008,FAST,405.29,SGD,**************4519,SG,245
f74da553-47b2-543a-b026-be1fb618c8fb,2026-07-08T23:31:04.204,settlement,SETTLED,pacs.008,FAST,405.29,SGD,**************4519,SG,349
9c045ad3-04fa-6543-85ee-3f906b9f0611,2026-07-07T05:18:22.719,gateway,OK,pacs.008,FAST,608.37,SGD,**************2879,SG,19
9c045ad3-04fa-6543-85ee-3f906b9f0611,2026-07-07T05:18:22.797,auth,OK,pacs.008,FAST,608.37,SGD,**************2879,SG,88
9c045ad3-04fa-6543-85ee-3f906b9f0611,2026-07-07T05:18:22.854,validation,OK,pacs.008,FAST,608.37,SGD,**************2879,SG,88
9c045ad3-04fa-6543-85ee-3f906b9f0611,2026-07-07T05:18:23.056,aml,OK,pacs.008,FAST,608.37,SGD,**************2879,SG,229
9c045ad3-04fa-6543-85ee-3f906b9f0611,2026-07-07T05:18:23.281,payment-hub,OK,pacs.008,FAST,608.37,SGD,**************2879,SG,58
9c045ad3-04fa-6543-85ee-3f906b9f0611,2026-07-07T05:18:23.421,core-banking,OK,pacs.008,FAST,608.37,SGD,**************2879,SG,78
9c045ad3-04fa-6543-85ee-3f906b9f0611,2026-07-07T05:18:53.428,settlement,SETTLED,pacs.008,FAST,608.37,SGD,**************2879,SG,118
022b074b-5902-4c29-863b-0394ab647ae9,2026-07-06T02:48:35.698,gateway,OK,pacs.008,FAST,189.88,MYR,**************7629,MY,20
022b074b-5902-4c29-863b-0394ab647ae9,2026-07-06T02:48:35.779,auth,OK,pacs.008,FAST,189.88,MYR,**************7629,MY,31
022b074b-5902-4c29-863b-0394ab647ae9,2026-07-06T02:48:35.930,validation,OK,pacs.008,FAST,189.88,MYR,**************7629,MY,46
022b074b-5902-4c29-863b-0394ab647ae9,2026-07-06T02:48:36.043,aml,OK,pacs.008,FAST,189.88,MYR,**************7629,MY,287
022b074b-5902-4c29-863b-0394ab647ae9,2026-07-06T02:48:36.373,payment-hub,OK,pacs.008,FAST,189.88,MYR,**************7629,MY,95
022b074b-5902-4c29-863b-0394ab647ae9,2026-07-06T02:48:36.553,core-banking,OK,pacs.008,FAST,189.88,MYR,**************7629,MY,87
022b074b-5902-4c29-863b-0394ab647ae9,2026-07-06T02:48:36.650,settlement,SETTLED,pacs.008,FAST,189.88,MYR,**************7629,MY,287
cdde85f6-f46c-650d-3523-10c60bb68f52,2026-07-02T04:19:17.856,gateway,OK,MT103,SWIFT,731.51,MYR,**************5301,MY,52
cdde85f6-f46c-650d-3523-10c60bb68f52,2026-07-02T04:19:18.061,auth,OK,MT103,SWIFT,731.51,MYR,**************5301,MY,68
cdde85f6-f46c-650d-3523-10c60bb68f52,2026-07-02T04:19:18.237,validation,OK,MT103,SWIFT,731.51,MYR,**************5301,MY,69
cdde85f6-f46c-650d-3523-10c60bb68f52,2026-07-02T04:19:18.301,aml,OK,MT103,SWIFT,731.51,MYR,**************5301,MY,211
cdde85f6-f46c-650d-3523-10c60bb68f52,2026-07-02T04:19:18.434,payment-hub,OK,MT103,SWIFT,731.51,MYR,**************5301,MY,138
cdde85f6-f46c-650d-3523-10c60bb68f52,2026-07-02T04:19:18.484,core-banking,OK,MT103,SWIFT,731.51,MYR,**************5301,MY,221
cdde85f6-f46c-650d-3523-10c60bb68f52,2026-07-02T04:19:18.678,settlement,SETTLED,MT103,SWIFT,731.51,MYR,**************5301,MY,233
9b28fb59-0b1d-b5f4-49ab-8dd889479bec,2026-07-06T00:38:40.980,gateway,OK,pacs.008,FAST,1255.37,SGD,**************6851,SG,30
9b28fb59-0b1d-b5f4-49ab-8dd889479bec,2026-07-06T00:38:41.087,auth,OK,pacs.008,FAST,1255.37,SGD,**************6851,SG,51
9b28fb59-0b1d-b5f4-49ab-8dd889479bec,2026-07-06T00:38:41.144,validation,OK,pacs.008,FAST,1255.37,SGD,**************6851,SG,40
9b28fb59-0b1d-b5f4-49ab-8dd889479bec,2026-07-06T00:38:41.293,aml,OK,pacs.008,FAST,1255.37,SGD,**************6851,SG,200
9b28fb59-0b1d-b5f4-49ab-8dd889479bec,2026-07-06T00:38:41.410,payment-hub,OK,pacs.008,FAST,1255.37,SGD,**************6851,SG,47
9b28fb59-0b1d-b5f4-49ab-8dd889479bec,2026-07-06T00:38:41.493,core-banking,OK,pacs.008,FAST,1255.37,SGD,**************6851,SG,150
9b28fb59-0b1d-b5f4-49ab-8dd889479bec,2026-07-06T00:38:41.609,settlement,SETTLED,pacs.008,FAST,1255.37,SGD,**************6851,SG,226
b01bee0c-84d7-b572-cfd7-7fceb692f2ab,2026-07-13T14:54:27.848,gateway,OK,pacs.008,FAST,327.34,USD,**************0774,US,36
b01bee0c-84d7-b572-cfd7-7fceb692f2ab,2026-07-13T14:54:27.929,auth,OK,pacs.008,FAST,327.34,USD,**************0774,US,34
b01bee0c-84d7-b572-cfd7-7fceb692f2ab,2026-07-13T14:54:57.935,validation,OK,pacs.008,FAST,327.34,USD,**************0774,US,32
b01bee0c-84d7-b572-cfd7-7fceb692f2ab,2026-07-13T14:54:58.047,aml,OK,pacs.008,FAST,327.34,USD,**************0774,US,196
b01bee0c-84d7-b572-cfd7-7fceb692f2ab,2026-07-13T14:54:58.191,payment-hub,OK,pacs.008,FAST,327.34,USD,**************0774,US,38
b01bee0c-84d7-b572-cfd7-7fceb692f2ab,2026-07-13T14:54:58.341,core-banking,OK,pacs.008,FAST,327.34,USD,**************0774,US,231
b01bee0c-84d7-b572-cfd7-7fceb692f2ab,2026-07-13T14:54:58.379,settlement,SETTLED,pacs.008,FAST,327.34,USD,**************0774,US,121
51c8764a-0095-3517-ad14-80105c02278b,2026-07-11T02:51:22.009,gateway,OK,pacs.008,FAST,712.94,SGD,**************7829,SG,39
51c8764a-0095-3517-ad14-80105c02278b,2026-07-11T02:51:22.079,auth,OK,pacs.008,FAST,712.94,SGD,**************7829,SG,64
51c8764a-0095-3517-ad14-80105c02278b,2026-07-11T02:51:22.198,validation,OK,pacs.008,FAST,712.94,SGD,**************7829,SG,107
51c8764a-0095-3517-ad14-80105c02278b,2026-07-11T02:51:22.261,aml,OK,pacs.008,FAST,712.94,SGD,**************7829,SG,204
51c8764a-0095-3517-ad14-80105c02278b,2026-07-11T02:51:22.319,payment-hub,OK,pacs.008,FAST,712.94,SGD,**************7829,SG,102
51c8764a-0095-3517-ad14-80105c02278b,2026-07-11T02:51:22.400,core-banking,OK,pacs.008,FAST,712.94,SGD,**************7829,SG,190
51c8764a-0095-3517-ad14-80105c02278b,2026-07-11T02:51:22.484,settlement,SETTLED,pacs.008,FAST,712.94,SGD,**************7829,SG,264
71106ba9-47fd-f270-4b26-251803c90328,2026-07-12T23:02:30.737,gateway,OK,pacs.008,FAST,761.61,SGD,**************0957,SG,42
71106ba9-47fd-f270-4b26-251803c90328,2026-07-12T23:02:30.843,auth,OK,pacs.008,FAST,761.61,SGD,**************0957,SG,56
71106ba9-47fd-f270-4b26-251803c90328,2026-07-12T23:02:30.990,validation,OK,pacs.008,FAST,761.61,SGD,**************0957,SG,42
71106ba9-47fd-f270-4b26-251803c90328,2026-07-12T23:02:31.317,aml,OK,pacs.008,FAST,761.61,SGD,**************0957,SG,271
71106ba9-47fd-f270-4b26-251803c90328,2026-07-12T23:02:31.402,payment-hub,OK,pacs.008,FAST,761.61,SGD,**************0957,SG,98
71106ba9-47fd-f270-4b26-251803c90328,2026-07-12T23:02:31.472,core-banking,OK,pacs.008,FAST,761.61,SGD,**************0957,SG,200
71106ba9-47fd-f270-4b26-251803c90328,2026-07-12T23:02:31.536,settlement,SETTLED,pacs.008,FAST,761.61,SGD,**************0957,SG,397
1b257419-42d1-1af8-28ea-0b5800862f99,2026-07-08T06:03:59.008,gateway,OK,MT103,SWIFT,262.23,INR,**************4800,IN,45
1b257419-42d1-1af8-28ea-0b5800862f99,2026-07-08T06:03:59.078,auth,OK,MT103,SWIFT,262.23,INR,**************4800,IN,58
1b257419-42d1-1af8-28ea-0b5800862f99,2026-07-08T06:03:59.393,validation,OK,MT103,SWIFT,262.23,INR,**************4800,IN,82
1b257419-42d1-1af8-28ea-0b5800862f99,2026-07-08T06:03:59.576,aml,OK,MT103,SWIFT,262.23,INR,**************4800,IN,132
1b257419-42d1-1af8-28ea-0b5800862f99,2026-07-08T06:04:29.581,payment-hub,OK,MT103,SWIFT,262.23,INR,**************4800,IN,37
1b257419-42d1-1af8-28ea-0b5800862f99,2026-07-08T06:04:29.621,core-banking,OK,MT103,SWIFT,262.23,INR,**************4800,IN,83
1b257419-42d1-1af8-28ea-0b5800862f99,2026-07-08T06:04:29.701,settlement,SETTLED,MT103,SWIFT,262.23,INR,**************4800,IN,225
b7413b65-f4dd-cad5-88bf-69998778b4b2,2026-07-03T00:30:21.349,gateway,OK,pacs.008,FAST,1471.72,INR,**************7693,IN,16
b7413b65-f4dd-cad5-88bf-69998778b4b2,2026-07-03T00:30:21.470,auth,OK,pacs.008,FAST,1471.72,INR,**************7693,IN,78
b7413b65-f4dd-cad5-88bf-69998778b4b2,2026-07-03T00:30:21.561,validation,OK,pacs.008,FAST,1471.72,INR,**************7693,IN,36
b7413b65-f4dd-cad5-88bf-69998778b4b2,2026-07-03T00:30:21.788,aml,OK,pacs.008,FAST,1471.72,INR,**************7693,IN,138
b7413b65-f4dd-cad5-88bf-69998778b4b2,2026-07-03T00:30:21.877,payment-hub,OK,pacs.008,FAST,1471.72,INR,**************7693,IN,95
b7413b65-f4dd-cad5-88bf-69998778b4b2,2026-07-03T00:30:21.947,core-banking,OK,pacs.008,FAST,1471.72,INR,**************7693,IN,52
b7413b65-f4dd-cad5-88bf-69998778b4b2,2026-07-03T00:30:22.016,settlement,SETTLED,pacs.008,FAST,1471.72,INR,**************7693,IN,189
8fa16079-98b3-6c9d-e7a5-3ff8f3cb4991,2026-07-03T06:05:26.783,gateway,OK,pacs.008,FAST,262.77,MYR,**************8968,MY,43
8fa16079-98b3-6c9d-e7a5-3ff8f3cb4991,2026-07-03T06:05:26.843,auth,OK,pacs.008,FAST,262.77,MYR,**************8968,MY,83
8fa16079-98b3-6c9d-e7a5-3ff8f3cb4991,2026-07-03T06:05:27.049,validation,OK,pacs.008,FAST,262.77,MYR,**************8968,MY,108
8fa16079-98b3-6c9d-e7a5-3ff8f3cb4991,2026-07-03T06:05:27.134,aml,OK,pacs.008,FAST,262.77,MYR,**************8968,MY,290
8fa16079-98b3-6c9d-e7a5-3ff8f3cb4991,2026-07-03T06:05:27.192,payment-hub,OK,pacs.008,FAST,262.77,MYR,**************8968,MY,30
8fa16079-98b3-6c9d-e7a5-3ff8f3cb4991,2026-07-03T06:05:27.338,core-banking,OK,pacs.008,FAST,262.77,MYR,**************8968,MY,242
8fa16079-98b3-6c9d-e7a5-3ff8f3cb4991,2026-07-03T06:05:27.441,settlement,SETTLED,pacs.008,FAST,262.77,MYR,**************8968,MY,100
3dbfb7c0-f6de-a488-f946-a64b454052a1,2026-07-04T03:39:07.070,gateway,OK,pacs.008,FAST,744.67,USD,**************7948,HK,53
3dbfb7c0-f6de-a488-f946-a64b454052a1,2026-07-04T03:39:07.169,auth,OK,pacs.008,FAST,744.67,USD,**************7948,HK,37
3dbfb7c0-f6de-a488-f946-a64b454052a1,2026-07-04T03:39:07.337,validation,OK,pacs.008,FAST,744.67,USD,**************7948,HK,58
3dbfb7c0-f6de-a488-f946-a64b454052a1,2026-07-04T03:39:07.381,aml,OK,pacs.008,FAST,744.67,USD,**************7948,HK,158
3dbfb7c0-f6de-a488-f946-a64b454052a1,2026-07-04T03:39:07.598,payment-hub,OK,pacs.008,FAST,744.67,USD,**************7948,HK,147
3dbfb7c0-f6de-a488-f946-a64b454052a1,2026-07-04T03:39:07.758,core-banking,OK,pacs.008,FAST,744.67,USD,**************7948,HK,156
3dbfb7c0-f6de-a488-f946-a64b454052a1,2026-07-04T03:39:07.812,settlement,SETTLED,pacs.008,FAST,744.67,USD,**************7948,HK,281
7a97b922-fcf3-69ad-aa4a-4669455d0d99,2026-07-09T17:27:27.987,gateway,OK,pacs.008,FAST,242.94,INR,**************5489,IN,42
7a97b922-fcf3-69ad-aa4a-4669455d0d99,2026-07-09T17:27:28.230,auth,OK,pacs.008,FAST,242.94,INR,**************5489,IN,25
7a97b922-fcf3-69ad-aa4a-4669455d0d99,2026-07-09T17:27:28.272,validation,OK,pacs.008,FAST,242.94,INR,**************5489,IN,98
7a97b922-fcf3-69ad-aa4a-4669455d0d99,2026-07-09T17:27:58.283,aml,OK,pacs.008,FAST,242.94,INR,**************5489,IN,50
7a97b922-fcf3-69ad-aa4a-4669455d0d99,2026-07-09T17:27:58.425,payment-hub,OK,pacs.008,FAST,242.94,INR,**************5489,IN,34
7a97b922-fcf3-69ad-aa4a-4669455d0d99,2026-07-09T17:27:58.481,core-banking,OK,pacs.008,FAST,242.94,INR,**************5489,IN,168
7a97b922-fcf3-69ad-aa4a-4669455d0d99,2026-07-09T17:27:58.556,settlement,SETTLED,pacs.008,FAST,242.94,INR,**************5489,IN,358
5f9e0c17-57ab-baf9-a4da-25d1ab0041fc,2026-07-04T15:17:36.277,gateway,OK,pacs.008,FAST,2044.18,USD,**************0524,SG,45
5f9e0c17-57ab-baf9-a4da-25d1ab0041fc,2026-07-04T15:17:36.459,auth,OK,pacs.008,FAST,2044.18,USD,**************0524,SG,77
5f9e0c17-57ab-baf9-a4da-25d1ab0041fc,2026-07-04T15:17:36.647,validation,OK,pacs.008,FAST,2044.18,USD,**************0524,SG,104
5f9e0c17-57ab-baf9-a4da-25d1ab0041fc,2026-07-04T15:17:36.887,aml,OK,pacs.008,FAST,2044.18,USD,**************0524,SG,229
5f9e0c17-57ab-baf9-a4da-25d1ab0041fc,2026-07-04T15:17:36.923,payment-hub,OK,pacs.008,FAST,2044.18,USD,**************0524,SG,111
5f9e0c17-57ab-baf9-a4da-25d1ab0041fc,2026-07-04T15:17:37.042,core-banking,OK,pacs.008,FAST,2044.18,USD,**************0524,SG,110
5f9e0c17-57ab-baf9-a4da-25d1ab0041fc,2026-07-04T15:17:37.188,settlement,SETTLED,pacs.008,FAST,2044.18,USD,**************0524,SG,344
ba0467bf-642a-e86c-437e-892716abdb6b,2026-07-02T06:17:50.415,gateway,OK,pacs.008,FAST,3476.45,USD,**************3255,US,39
ba0467bf-642a-e86c-437e-892716abdb6b,2026-07-02T06:17:50.498,auth,OK,pacs.008,FAST,3476.45,USD,**************3255,US,72
ba0467bf-642a-e86c-437e-892716abdb6b,2026-07-02T06:17:50.611,validation,OK,pacs.008,FAST,3476.45,USD,**************3255,US,75
ba0467bf-642a-e86c-437e-892716abdb6b,2026-07-02T06:17:50.715,aml,OK,pacs.008,FAST,3476.45,USD,**************3255,US,180
ba0467bf-642a-e86c-437e-892716abdb6b,2026-07-02T06:17:50.749,payment-hub,OK,pacs.008,FAST,3476.45,USD,**************3255,US,91
ba0467bf-642a-e86c-437e-892716abdb6b,2026-07-02T06:17:50.795,core-banking,OK,pacs.008,FAST,3476.45,USD,**************3255,US,148
ba0467bf-642a-e86c-437e-892716abdb6b,2026-07-02T06:17:50.913,settlement,SETTLED,pacs.008,FAST,3476.45,USD,**************3255,US,341
a80da2b9-ccaa-7e81-9bf9-c3ce9b6d3e63,2026-07-12T00:28:52.737,gateway,OK,pacs.008,FAST,427.28,GBP,**************5452,GB,22
a80da2b9-ccaa-7e81-9bf9-c3ce9b6d3e63,2026-07-12T00:28:52.775,auth,OK,pacs.008,FAST,427.28,GBP,**************5452,GB,34
a80da2b9-ccaa-7e81-9bf9-c3ce9b6d3e63,2026-07-12T00:28:52.903,validation,OK,pacs.008,FAST,427.28,GBP,**************5452,GB,73
a80da2b9-ccaa-7e81-9bf9-c3ce9b6d3e63,2026-07-12T00:28:52.966,aml,OK,pacs.008,FAST,427.28,GBP,**************5452,GB,165
a80da2b9-ccaa-7e81-9bf9-c3ce9b6d3e63,2026-07-12T00:28:53.008,payment-hub,OK,pacs.008,FAST,427.28,GBP,**************5452,GB,33
a80da2b9-ccaa-7e81-9bf9-c3ce9b6d3e63,2026-07-12T00:28:53.146,core-banking,OK,pacs.008,FAST,427.28,GBP,**************5452,GB,221
a80da2b9-ccaa-7e81-9bf9-c3ce9b6d3e63,2026-07-12T00:29:23.157,settlement,SETTLED,pacs.008,FAST,427.28,GBP,**************5452,GB,143
8289552f-875c-a9da-f2d8-d630972bed48,2026-07-05T11:44:06.703,gateway,OK,MT103,SWIFT,298.54,USD,**************0336,US,48
8289552f-875c-a9da-f2d8-d630972bed48,2026-07-05T11:44:07.006,auth,OK,MT103,SWIFT,298.54,USD,**************0336,US,48
8289552f-875c-a9da-f2d8-d630972bed48,2026-07-05T11:44:07.097,validation,OK,MT103,SWIFT,298.54,USD,**************0336,US,38
8289552f-875c-a9da-f2d8-d630972bed48,2026-07-05T11:44:07.168,aml,OK,MT103,SWIFT,298.54,USD,**************0336,US,227
8289552f-875c-a9da-f2d8-d630972bed48,2026-07-05T11:44:07.263,payment-hub,OK,MT103,SWIFT,298.54,USD,**************0336,US,129
8289552f-875c-a9da-f2d8-d630972bed48,2026-07-05T11:44:07.333,core-banking,OK,MT103,SWIFT,298.54,USD,**************0336,US,238
8289552f-875c-a9da-f2d8-d630972bed48,2026-07-05T11:44:07.389,settlement,SETTLED,MT103,SWIFT,298.54,USD,**************0336,US,187
851c04bd-c26a-616b-384c-871b136d9b00,2026-07-05T01:32:48.048,gateway,OK,MT103,SWIFT,286.88,SGD,**************1192,SG,22
851c04bd-c26a-616b-384c-871b136d9b00,2026-07-05T01:32:48.116,auth,OK,MT103,SWIFT,286.88,SGD,**************1192,SG,75
851c04bd-c26a-616b-384c-871b136d9b00,2026-07-05T01:32:48.304,validation,OK,MT103,SWIFT,286.88,SGD,**************1192,SG,60
851c04bd-c26a-616b-384c-871b136d9b00,2026-07-05T01:32:48.605,aml,OK,MT103,SWIFT,286.88,SGD,**************1192,SG,109
851c04bd-c26a-616b-384c-871b136d9b00,2026-07-05T01:32:48.678,payment-hub,OK,MT103,SWIFT,286.88,SGD,**************1192,SG,76
851c04bd-c26a-616b-384c-871b136d9b00,2026-07-05T01:32:48.824,core-banking,OK,MT103,SWIFT,286.88,SGD,**************1192,SG,146
851c04bd-c26a-616b-384c-871b136d9b00,2026-07-05T01:32:48.967,settlement,SETTLED,MT103,SWIFT,286.88,SGD,**************1192,SG,372
fd5b52ec-d777-f43f-54f8-288a45d7ee5e,2026-07-10T04:20:28.647,gateway,OK,MT103,SWIFT,169.71,SGD,**************2632,SG,19
fd5b52ec-d777-f43f-54f8-288a45d7ee5e,2026-07-10T04:20:28.769,auth,OK,MT103,SWIFT,169.71,SGD,**************2632,SG,77
fd5b52ec-d777-f43f-54f8-288a45d7ee5e,2026-07-10T04:20:28.807,validation,OK,MT103,SWIFT,169.71,SGD,**************2632,SG,74
fd5b52ec-d777-f43f-54f8-288a45d7ee5e,2026-07-10T04:20:28.881,aml,OK,MT103,SWIFT,169.71,SGD,**************2632,SG,292
fd5b52ec-d777-f43f-54f8-288a45d7ee5e,2026-07-10T04:20:28.934,payment-hub,OK,MT103,SWIFT,169.71,SGD,**************2632,SG,76
fd5b52ec-d777-f43f-54f8-288a45d7ee5e,2026-07-10T04:20:29.021,core-banking,OK,MT103,SWIFT,169.71,SGD,**************2632,SG,219
fd5b52ec-d777-f43f-54f8-288a45d7ee5e,2026-07-10T04:20:29.170,settlement,SETTLED,MT103,SWIFT,169.71,SGD,**************2632,SG,78
c7fa73cc-7d0b-3f54-f42b-90a9b2e5a4ad,2026-07-03T21:03:12.103,gateway,OK,pacs.008,FAST,86.83,SGD,**************2818,SG,52
c7fa73cc-7d0b-3f54-f42b-90a9b2e5a4ad,2026-07-03T21:03:12.193,auth,OK,pacs.008,FAST,86.83,SGD,**************2818,SG,32
c7fa73cc-7d0b-3f54-f42b-90a9b2e5a4ad,2026-07-03T21:03:12.307,validation,OK,pacs.008,FAST,86.83,SGD,**************2818,SG,111
c7fa73cc-7d0b-3f54-f42b-90a9b2e5a4ad,2026-07-03T21:03:12.471,aml,OK,pacs.008,FAST,86.83,SGD,**************2818,SG,121
c7fa73cc-7d0b-3f54-f42b-90a9b2e5a4ad,2026-07-03T21:03:12.592,payment-hub,OK,pacs.008,FAST,86.83,SGD,**************2818,SG,71
c7fa73cc-7d0b-3f54-f42b-90a9b2e5a4ad,2026-07-03T21:03:12.678,core-banking,OK,pacs.008,FAST,86.83,SGD,**************2818,SG,52
c7fa73cc-7d0b-3f54-f42b-90a9b2e5a4ad,2026-07-03T21:03:12.724,settlement,SETTLED,pacs.008,FAST,86.83,SGD,**************2818,SG,258
46f84ed9-8120-f3d9-87dc-b903b1a78057,2026-07-07T21:05:05.318,gateway,OK,pacs.008,FAST,4335.33,SGD,**************9660,SG,37
46f84ed9-8120-f3d9-87dc-b903b1a78057,2026-07-07T21:05:05.553,auth,OK,pacs.008,FAST,4335.33,SGD,**************9660,SG,66
46f84ed9-8120-f3d9-87dc-b903b1a78057,2026-07-07T21:05:05.614,validation,OK,pacs.008,FAST,4335.33,SGD,**************9660,SG,37
46f84ed9-8120-f3d9-87dc-b903b1a78057,2026-07-07T21:05:05.751,aml,OK,pacs.008,FAST,4335.33,SGD,**************9660,SG,169
46f84ed9-8120-f3d9-87dc-b903b1a78057,2026-07-07T21:05:05.825,payment-hub,OK,pacs.008,FAST,4335.33,SGD,**************9660,SG,139
46f84ed9-8120-f3d9-87dc-b903b1a78057,2026-07-07T21:05:05.939,core-banking,OK,pacs.008,FAST,4335.33,SGD,**************9660,SG,97
46f84ed9-8120-f3d9-87dc-b903b1a78057,2026-07-07T21:05:05.976,settlement,SETTLED,pacs.008,FAST,4335.33,SGD,**************9660,SG,180
a02b5bd6-f530-bdf3-03a4-c796b9605ec8,2026-07-14T21:57:16.150,gateway,OK,pacs.008,FAST,314.11,SGD,**************6049,SG,55
a02b5bd6-f530-bdf3-03a4-c796b9605ec8,2026-07-14T21:57:16.293,auth,OK,pacs.008,FAST,314.11,SGD,**************6049,SG,84
a02b5bd6-f530-bdf3-03a4-c796b9605ec8,2026-07-14T21:57:46.306,validation,OK,pacs.008,FAST,314.11,SGD,**************6049,SG,39
a02b5bd6-f530-bdf3-03a4-c796b9605ec8,2026-07-14T21:57:46.380,aml,OK,pacs.008,FAST,314.11,SGD,**************6049,SG,97
a02b5bd6-f530-bdf3-03a4-c796b9605ec8,2026-07-14T21:57:46.687,payment-hub,OK,pacs.008,FAST,314.11,SGD,**************6049,SG,69
a02b5bd6-f530-bdf3-03a4-c796b9605ec8,2026-07-14T21:57:46.940,core-banking,OK,pacs.008,FAST,314.11,SGD,**************6049,SG,172
a02b5bd6-f530-bdf3-03a4-c796b9605ec8,2026-07-14T21:57:47.026,settlement,SETTLED,pacs.008,FAST,314.11,SGD,**************6049,SG,251
fd5d3b8b-b3af-3047-6bc6-2d59d6d909c3,2026-07-15T03:51:04.448,gateway,OK,MT103,SWIFT,924.09,SGD,**************3118,SG,32
fd5d3b8b-b3af-3047-6bc6-2d59d6d909c3,2026-07-15T03:51:04.562,auth,OK,MT103,SWIFT,924.09,SGD,**************3118,SG,56
fd5d3b8b-b3af-3047-6bc6-2d59d6d909c3,2026-07-15T03:51:04.683,validation,OK,MT103,SWIFT,924.09,SGD,**************3118,SG,115
fd5d3b8b-b3af-3047-6bc6-2d59d6d909c3,2026-07-15T03:51:04.729,aml,OK,MT103,SWIFT,924.09,SGD,**************3118,SG,110
fd5d3b8b-b3af-3047-6bc6-2d59d6d909c3,2026-07-15T03:51:04.779,payment-hub,OK,MT103,SWIFT,924.09,SGD,**************3118,SG,111
fd5d3b8b-b3af-3047-6bc6-2d59d6d909c3,2026-07-15T03:51:04.815,core-banking,OK,MT103,SWIFT,924.09,SGD,**************3118,SG,214
fd5d3b8b-b3af-3047-6bc6-2d59d6d909c3,2026-07-15T03:51:04.882,settlement,SETTLED,MT103,SWIFT,924.09,SGD,**************3118,SG,334
8a3953cb-f8e0-6cbb-40de-2437587bf051,2026-07-06T06:02:00.800,gateway,OK,MT103,SWIFT,393.68,MYR,**************5634,MY,39
8a3953cb-f8e0-6cbb-40de-2437587bf051,2026-07-06T06:02:00.967,auth,OK,MT103,SWIFT,393.68,MYR,**************5634,MY,79
8a3953cb-f8e0-6cbb-40de-2437587bf051,2026-07-06T06:02:01.297,validation,OK,MT103,SWIFT,393.68,MYR,**************5634,MY,87
8a3953cb-f8e0-6cbb-40de-2437587bf051,2026-07-06T06:02:01.414,aml,OK,MT103,SWIFT,393.68,MYR,**************5634,MY,76
8a3953cb-f8e0-6cbb-40de-2437587bf051,2026-07-06T06:02:01.657,payment-hub,OK,MT103,SWIFT,393.68,MYR,**************5634,MY,82
8a3953cb-f8e0-6cbb-40de-2437587bf051,2026-07-06T06:02:01.809,core-banking,OK,MT103,SWIFT,393.68,MYR,**************5634,MY,126
8a3953cb-f8e0-6cbb-40de-2437587bf051,2026-07-06T06:02:02.019,settlement,SETTLED,MT103,SWIFT,393.68,MYR,**************5634,MY,157
09f7f559-8bd8-7628-70aa-29981200da3e,2026-07-05T21:51:21.845,gateway,OK,MT103,SWIFT,5285.09,SGD,**************8457,SG,58
09f7f559-8bd8-7628-70aa-29981200da3e,2026-07-05T21:51:21.932,auth,OK,MT103,SWIFT,5285.09,SGD,**************8457,SG,73
09f7f559-8bd8-7628-70aa-29981200da3e,2026-07-05T21:51:22.056,validation,OK,MT103,SWIFT,5285.09,SGD,**************8457,SG,35
09f7f559-8bd8-7628-70aa-29981200da3e,2026-07-05T21:51:22.092,aml,TIMEOUT,MT103,SWIFT,5285.09,SGD,**************8457,SG,30000
09f7f559-8bd8-7628-70aa-29981200da3e,2026-07-05T21:51:22.204,payment-hub,FAILED,MT103,SWIFT,5285.09,SGD,**************8457,SG,120
87bee2a2-7614-88fc-0d9f-13ebb9d18a35,2026-07-07T21:12:19.905,gateway,OK,pacs.008,FAST,2656.0,SGD,**************5543,SG,35
87bee2a2-7614-88fc-0d9f-13ebb9d18a35,2026-07-07T21:12:20.000,auth,OK,pacs.008,FAST,2656.0,SGD,**************5543,SG,86
87bee2a2-7614-88fc-0d9f-13ebb9d18a35,2026-07-07T21:12:20.100,validation,OK,pacs.008,FAST,2656.0,SGD,**************5543,SG,92
87bee2a2-7614-88fc-0d9f-13ebb9d18a35,2026-07-07T21:12:20.146,aml,OK,pacs.008,FAST,2656.0,SGD,**************5543,SG,271
87bee2a2-7614-88fc-0d9f-13ebb9d18a35,2026-07-07T21:12:20.175,payment-hub,OK,pacs.008,FAST,2656.0,SGD,**************5543,SG,38
87bee2a2-7614-88fc-0d9f-13ebb9d18a35,2026-07-07T21:12:20.229,core-banking,OK,pacs.008,FAST,2656.0,SGD,**************5543,SG,227
87bee2a2-7614-88fc-0d9f-13ebb9d18a35,2026-07-07T21:12:20.292,settlement,SETTLED,pacs.008,FAST,2656.0,SGD,**************5543,SG,201
da1bc90b-463e-3381-a0d5-572c6977ce7a,2026-07-06T20:10:19.070,gateway,OK,MT103,SWIFT,97.15,SGD,**************4525,SG,20
da1bc90b-463e-3381-a0d5-572c6977ce7a,2026-07-06T20:10:19.136,auth,OK,MT103,SWIFT,97.15,SGD,**************4525,SG,29
da1bc90b-463e-3381-a0d5-572c6977ce7a,2026-07-06T20:10:49.167,validation,OK,MT103,SWIFT,97.15,SGD,**************4525,SG,115
da1bc90b-463e-3381-a0d5-572c6977ce7a,2026-07-06T20:10:49.296,aml,OK,MT103,SWIFT,97.15,SGD,**************4525,SG,284
da1bc90b-463e-3381-a0d5-572c6977ce7a,2026-07-06T20:10:49.373,payment-hub,OK,MT103,SWIFT,97.15,SGD,**************4525,SG,49
da1bc90b-463e-3381-a0d5-572c6977ce7a,2026-07-06T20:10:49.536,core-banking,OK,MT103,SWIFT,97.15,SGD,**************4525,SG,92
da1bc90b-463e-3381-a0d5-572c6977ce7a,2026-07-06T20:10:49.637,settlement,SETTLED,MT103,SWIFT,97.15,SGD,**************4525,SG,308
e3bb7be2-3983-d4bf-c6bb-51daf375405e,2026-07-11T15:53:17.095,gateway,OK,pacs.008,FAST,229.9,INR,**************7205,IN,37
e3bb7be2-3983-d4bf-c6bb-51daf375405e,2026-07-11T15:53:17.134,auth,OK,pacs.008,FAST,229.9,INR,**************7205,IN,79
e3bb7be2-3983-d4bf-c6bb-51daf375405e,2026-07-11T15:53:17.250,validation,OK,pacs.008,FAST,229.9,INR,**************7205,IN,61
e3bb7be2-3983-d4bf-c6bb-51daf375405e,2026-07-11T15:53:47.289,aml,OK,pacs.008,FAST,229.9,INR,**************7205,IN,251
e3bb7be2-3983-d4bf-c6bb-51daf375405e,2026-07-11T15:53:47.466,payment-hub,OK,pacs.008,FAST,229.9,INR,**************7205,IN,58
e3bb7be2-3983-d4bf-c6bb-51daf375405e,2026-07-11T15:53:47.544,core-banking,OK,pacs.008,FAST,229.9,INR,**************7205,IN,151
e3bb7be2-3983-d4bf-c6bb-51daf375405e,2026-07-11T15:54:17.557,settlement,SETTLED,pacs.008,FAST,229.9,INR,**************7205,IN,332
de880a61-d3e7-ce13-8550-bc7737c169c0,2026-07-07T09:55:52.251,gateway,OK,0200,CARDS,872.13,SGD,**************8954,SG,48
de880a61-d3e7-ce13-8550-bc7737c169c0,2026-07-07T09:55:52.349,auth,OK,0200,CARDS,872.13,SGD,**************8954,SG,27
de880a61-d3e7-ce13-8550-bc7737c169c0,2026-07-07T09:55:52.406,validation,OK,0200,CARDS,872.13,SGD,**************8954,SG,32
de880a61-d3e7-ce13-8550-bc7737c169c0,2026-07-07T09:55:52.490,aml,OK,0200,CARDS,872.13,SGD,**************8954,SG,171
de880a61-d3e7-ce13-8550-bc7737c169c0,2026-07-07T09:55:52.709,payment-hub,OK,0200,CARDS,872.13,SGD,**************8954,SG,121
de880a61-d3e7-ce13-8550-bc7737c169c0,2026-07-07T09:55:52.739,core-banking,OK,0200,CARDS,872.13,SGD,**************8954,SG,196
de880a61-d3e7-ce13-8550-bc7737c169c0,2026-07-07T09:55:52.819,settlement,SETTLED,0200,CARDS,872.13,SGD,**************8954,SG,146
b5372c8a-1e1e-e74e-3c29-ea63a1eaa84b,2026-07-06T15:32:30.452,gateway,OK,pacs.008,FAST,1172.03,SGD,**************7823,SG,34
b5372c8a-1e1e-e74e-3c29-ea63a1eaa84b,2026-07-06T15:32:30.513,auth,OK,pacs.008,FAST,1172.03,SGD,**************7823,SG,58
b5372c8a-1e1e-e74e-3c29-ea63a1eaa84b,2026-07-06T15:32:30.549,validation,OK,pacs.008,FAST,1172.03,SGD,**************7823,SG,89
b5372c8a-1e1e-e74e-3c29-ea63a1eaa84b,2026-07-06T15:32:30.603,aml,OK,pacs.008,FAST,1172.03,SGD,**************7823,SG,293
b5372c8a-1e1e-e74e-3c29-ea63a1eaa84b,2026-07-06T15:32:30.658,payment-hub,OK,pacs.008,FAST,1172.03,SGD,**************7823,SG,44
b5372c8a-1e1e-e74e-3c29-ea63a1eaa84b,2026-07-06T15:32:30.806,core-banking,OK,pacs.008,FAST,1172.03,SGD,**************7823,SG,229
b5372c8a-1e1e-e74e-3c29-ea63a1eaa84b,2026-07-06T15:32:30.879,settlement,SETTLED,pacs.008,FAST,1172.03,SGD,**************7823,SG,220
277462c8-79d2-5900-8421-a8469cb3d288,2026-07-05T06:39:44.896,gateway,OK,pacs.008,FAST,1264.76,SGD,**************8030,SG,41
277462c8-79d2-5900-8421-a8469cb3d288,2026-07-05T06:39:44.974,auth,OK,pacs.008,FAST,1264.76,SGD,**************8030,SG,62
277462c8-79d2-5900-8421-a8469cb3d288,2026-07-05T06:39:45.040,validation,OK,pacs.008,FAST,1264.76,SGD,**************8030,SG,93
277462c8-79d2-5900-8421-a8469cb3d288,2026-07-05T06:39:45.225,aml,OK,pacs.008,FAST,1264.76,SGD,**************8030,SG,100
277462c8-79d2-5900-8421-a8469cb3d288,2026-07-05T06:39:45.502,payment-hub,OK,pacs.008,FAST,1264.76,SGD,**************8030,SG,92
277462c8-79d2-5900-8421-a8469cb3d288,2026-07-05T06:39:45.562,core-banking,OK,pacs.008,FAST,1264.76,SGD,**************8030,SG,89
277462c8-79d2-5900-8421-a8469cb3d288,2026-07-05T06:39:45.794,settlement,SETTLED,pacs.008,FAST,1264.76,SGD,**************8030,SG,201
f6e90982-537a-da26-06e1-d35914ed7889,2026-07-11T05:49:08.232,gateway,OK,pacs.008,FAST,170.64,SGD,**************6608,SG,15
f6e90982-537a-da26-06e1-d35914ed7889,2026-07-11T05:49:08.544,auth,OK,pacs.008,FAST,170.64,SGD,**************6608,SG,38
f6e90982-537a-da26-06e1-d35914ed7889,2026-07-11T05:49:08.616,validation,OK,pacs.008,FAST,170.64,SGD,**************6608,SG,99
f6e90982-537a-da26-06e1-d35914ed7889,2026-07-11T05:49:08.728,aml,OK,pacs.008,FAST,170.64,SGD,**************6608,SG,95
f6e90982-537a-da26-06e1-d35914ed7889,2026-07-11T05:49:08.794,payment-hub,OK,pacs.008,FAST,170.64,SGD,**************6608,SG,32
f6e90982-537a-da26-06e1-d35914ed7889,2026-07-11T05:49:08.911,core-banking,OK,pacs.008,FAST,170.64,SGD,**************6608,SG,199
f6e90982-537a-da26-06e1-d35914ed7889,2026-07-11T05:49:09.092,settlement,SETTLED,pacs.008,FAST,170.64,SGD,**************6608,SG,310
506f26ee-71a7-2f07-5329-cbefe5230cb0,2026-07-02T11:25:38.689,gateway,OK,MT103,SWIFT,4088.46,SGD,**************2657,SG,16
506f26ee-71a7-2f07-5329-cbefe5230cb0,2026-07-02T11:25:38.744,auth,OK,MT103,SWIFT,4088.46,SGD,**************2657,SG,30
506f26ee-71a7-2f07-5329-cbefe5230cb0,2026-07-02T11:25:38.812,validation,OK,MT103,SWIFT,4088.46,SGD,**************2657,SG,90
506f26ee-71a7-2f07-5329-cbefe5230cb0,2026-07-02T11:25:38.891,aml,OK,MT103,SWIFT,4088.46,SGD,**************2657,SG,132
506f26ee-71a7-2f07-5329-cbefe5230cb0,2026-07-02T11:25:38.950,payment-hub,OK,MT103,SWIFT,4088.46,SGD,**************2657,SG,104
506f26ee-71a7-2f07-5329-cbefe5230cb0,2026-07-02T11:25:39.024,core-banking,OK,MT103,SWIFT,4088.46,SGD,**************2657,SG,245
506f26ee-71a7-2f07-5329-cbefe5230cb0,2026-07-02T11:25:39.158,settlement,SETTLED,MT103,SWIFT,4088.46,SGD,**************2657,SG,174
3a4667b3-4e84-3087-a3b5-3f7ab8dd1290,2026-07-06T17:50:26.638,gateway,OK,MT103,SWIFT,372.85,SGD,**************7588,SG,52
3a4667b3-4e84-3087-a3b5-3f7ab8dd1290,2026-07-06T17:50:26.703,auth,OK,MT103,SWIFT,372.85,SGD,**************7588,SG,82
3a4667b3-4e84-3087-a3b5-3f7ab8dd1290,2026-07-06T17:50:56.741,validation,OK,MT103,SWIFT,372.85,SGD,**************7588,SG,55
3a4667b3-4e84-3087-a3b5-3f7ab8dd1290,2026-07-06T17:50:56.800,aml,OK,MT103,SWIFT,372.85,SGD,**************7588,SG,224
3a4667b3-4e84-3087-a3b5-3f7ab8dd1290,2026-07-06T17:50:56.985,payment-hub,OK,MT103,SWIFT,372.85,SGD,**************7588,SG,57
3a4667b3-4e84-3087-a3b5-3f7ab8dd1290,2026-07-06T17:50:57.136,core-banking,OK,MT103,SWIFT,372.85,SGD,**************7588,SG,194
3a4667b3-4e84-3087-a3b5-3f7ab8dd1290,2026-07-06T17:50:57.221,settlement,SETTLED,MT103,SWIFT,372.85,SGD,**************7588,SG,217
45f05fde-fa14-7f23-2c70-1e1dd776ee75,2026-07-11T04:36:46.890,gateway,OK,MT103,SWIFT,309.97,SGD,**************9691,SG,24
45f05fde-fa14-7f23-2c70-1e1dd776ee75,2026-07-11T04:36:47.160,auth,OK,MT103,SWIFT,309.97,SGD,**************9691,SG,38
45f05fde-fa14-7f23-2c70-1e1dd776ee75,2026-07-11T04:36:47.333,validation,OK,MT103,SWIFT,309.97,SGD,**************9691,SG,38
45f05fde-fa14-7f23-2c70-1e1dd776ee75,2026-07-11T04:36:47.441,aml,OK,MT103,SWIFT,309.97,SGD,**************9691,SG,211
45f05fde-fa14-7f23-2c70-1e1dd776ee75,2026-07-11T04:36:47.511,payment-hub,OK,MT103,SWIFT,309.97,SGD,**************9691,SG,138
45f05fde-fa14-7f23-2c70-1e1dd776ee75,2026-07-11T04:36:47.607,core-banking,OK,MT103,SWIFT,309.97,SGD,**************9691,SG,84
45f05fde-fa14-7f23-2c70-1e1dd776ee75,2026-07-11T04:36:47.669,settlement,SETTLED,MT103,SWIFT,309.97,SGD,**************9691,SG,160
27cffb02-a6ba-bf13-d815-d8b52907b3ff,2026-07-09T01:07:22.772,gateway,OK,MT103,SWIFT,319.02,SGD,**************1698,SG,15
27cffb02-a6ba-bf13-d815-d8b52907b3ff,2026-07-09T01:07:22.906,auth,OK,MT103,SWIFT,319.02,SGD,**************1698,SG,76
27cffb02-a6ba-bf13-d815-d8b52907b3ff,2026-07-09T01:07:23.069,validation,OK,MT103,SWIFT,319.02,SGD,**************1698,SG,34
27cffb02-a6ba-bf13-d815-d8b52907b3ff,2026-07-09T01:07:23.133,aml,OK,MT103,SWIFT,319.02,SGD,**************1698,SG,45
27cffb02-a6ba-bf13-d815-d8b52907b3ff,2026-07-09T01:07:23.304,payment-hub,OK,MT103,SWIFT,319.02,SGD,**************1698,SG,62
27cffb02-a6ba-bf13-d815-d8b52907b3ff,2026-07-09T01:07:23.356,core-banking,OK,MT103,SWIFT,319.02,SGD,**************1698,SG,225
27cffb02-a6ba-bf13-d815-d8b52907b3ff,2026-07-09T01:07:23.633,settlement,SETTLED,MT103,SWIFT,319.02,SGD,**************1698,SG,287
8ed22aa9-18c3-76d7-6b67-f37a60ce2ce9,2026-07-01T10:22:38.897,gateway,OK,MT103,SWIFT,169.58,INR,**************9506,SG,21
8ed22aa9-18c3-76d7-6b67-f37a60ce2ce9,2026-07-01T10:22:38.990,auth,OK,MT103,SWIFT,169.58,INR,**************9506,SG,78
8ed22aa9-18c3-76d7-6b67-f37a60ce2ce9,2026-07-01T10:22:39.101,validation,OK,MT103,SWIFT,169.58,INR,**************9506,SG,107
8ed22aa9-18c3-76d7-6b67-f37a60ce2ce9,2026-07-01T10:23:09.121,aml,OK,MT103,SWIFT,169.58,INR,**************9506,SG,234
8ed22aa9-18c3-76d7-6b67-f37a60ce2ce9,2026-07-01T10:23:09.195,payment-hub,OK,MT103,SWIFT,169.58,INR,**************9506,SG,74
8ed22aa9-18c3-76d7-6b67-f37a60ce2ce9,2026-07-01T10:23:09.254,core-banking,OK,MT103,SWIFT,169.58,INR,**************9506,SG,72
8ed22aa9-18c3-76d7-6b67-f37a60ce2ce9,2026-07-01T10:23:09.377,settlement,SETTLED,MT103,SWIFT,169.58,INR,**************9506,SG,128
ae863eea-620b-2805-b62e-93c2b8818d33,2026-07-12T00:24:36.673,gateway,OK,0200,CARDS,393.31,INR,**************9308,IN,51
ae863eea-620b-2805-b62e-93c2b8818d33,2026-07-12T00:24:36.758,auth,OK,0200,CARDS,393.31,INR,**************9308,IN,65
ae863eea-620b-2805-b62e-93c2b8818d33,2026-07-12T00:24:36.864,validation,OK,0200,CARDS,393.31,INR,**************9308,IN,85
ae863eea-620b-2805-b62e-93c2b8818d33,2026-07-12T00:24:37.096,aml,OK,0200,CARDS,393.31,INR,**************9308,IN,147
ae863eea-620b-2805-b62e-93c2b8818d33,2026-07-12T00:24:37.168,payment-hub,OK,0200,CARDS,393.31,INR,**************9308,IN,135
ae863eea-620b-2805-b62e-93c2b8818d33,2026-07-12T00:24:37.222,core-banking,OK,0200,CARDS,393.31,INR,**************9308,IN,96
ae863eea-620b-2805-b62e-93c2b8818d33,2026-07-12T00:24:37.349,settlement,SETTLED,0200,CARDS,393.31,INR,**************9308,IN,280
cd2de7b8-4072-dca9-b9f7-642e00e42657,2026-07-05T19:59:09.754,gateway,OK,MT103,SWIFT,890.1,SGD,**************9960,SG,48
cd2de7b8-4072-dca9-b9f7-642e00e42657,2026-07-05T19:59:09.846,auth,OK,MT103,SWIFT,890.1,SGD,**************9960,SG,37
cd2de7b8-4072-dca9-b9f7-642e00e42657,2026-07-05T19:59:09.908,validation,OK,MT103,SWIFT,890.1,SGD,**************9960,SG,46
cd2de7b8-4072-dca9-b9f7-642e00e42657,2026-07-05T19:59:10.222,aml,OK,MT103,SWIFT,890.1,SGD,**************9960,SG,120
cd2de7b8-4072-dca9-b9f7-642e00e42657,2026-07-05T19:59:10.349,payment-hub,OK,MT103,SWIFT,890.1,SGD,**************9960,SG,123
cd2de7b8-4072-dca9-b9f7-642e00e42657,2026-07-05T19:59:10.391,core-banking,OK,MT103,SWIFT,890.1,SGD,**************9960,SG,58
cd2de7b8-4072-dca9-b9f7-642e00e42657,2026-07-05T19:59:10.542,settlement,SETTLED,MT103,SWIFT,890.1,SGD,**************9960,SG,217
8571edb9-8d41-abec-a229-aaee4cd21fa8,2026-07-12T04:11:41.125,gateway,OK,0200,CARDS,518.14,USD,**************1394,US,50
8571edb9-8d41-abec-a229-aaee4cd21fa8,2026-07-12T04:11:41.295,auth,OK,0200,CARDS,518.14,USD,**************1394,US,42
8571edb9-8d41-abec-a229-aaee4cd21fa8,2026-07-12T04:11:41.352,validation,OK,0200,CARDS,518.14,USD,**************1394,US,74
8571edb9-8d41-abec-a229-aaee4cd21fa8,2026-07-12T04:11:41.552,aml,OK,0200,CARDS,518.14,USD,**************1394,US,227
8571edb9-8d41-abec-a229-aaee4cd21fa8,2026-07-12T04:11:41.772,payment-hub,OK,0200,CARDS,518.14,USD,**************1394,US,48
8571edb9-8d41-abec-a229-aaee4cd21fa8,2026-07-12T04:11:41.865,core-banking,OK,0200,CARDS,518.14,USD,**************1394,US,146
8571edb9-8d41-abec-a229-aaee4cd21fa8,2026-07-12T04:11:41.957,settlement,SETTLED,0200,CARDS,518.14,USD,**************1394,US,365
f96c73c8-2d53-4d74-d6bb-23f16a5d6bd3,2026-07-12T11:15:04.375,gateway,OK,MT103,SWIFT,3506.91,GBP,**************7636,GB,33
f96c73c8-2d53-4d74-d6bb-23f16a5d6bd3,2026-07-12T11:15:04.428,auth,OK,MT103,SWIFT,3506.91,GBP,**************7636,GB,58
f96c73c8-2d53-4d74-d6bb-23f16a5d6bd3,2026-07-12T11:15:04.597,validation,REJECTED,MT103,SWIFT,3506.91,GBP,**************7636,GB,35
874ef2bb-edab-7551-96e3-c41d5ef29cf6,2026-07-06T23:33:13.505,gateway,OK,MT103,SWIFT,279.65,SGD,**************9969,MY,55
874ef2bb-edab-7551-96e3-c41d5ef29cf6,2026-07-06T23:33:13.565,auth,OK,MT103,SWIFT,279.65,SGD,**************9969,MY,24
874ef2bb-edab-7551-96e3-c41d5ef29cf6,2026-07-06T23:33:13.823,validation,OK,MT103,SWIFT,279.65,SGD,**************9969,MY,51
874ef2bb-edab-7551-96e3-c41d5ef29cf6,2026-07-06T23:33:13.957,aml,OK,MT103,SWIFT,279.65,SGD,**************9969,MY,47
874ef2bb-edab-7551-96e3-c41d5ef29cf6,2026-07-06T23:33:14.098,payment-hub,OK,MT103,SWIFT,279.65,SGD,**************9969,MY,101
874ef2bb-edab-7551-96e3-c41d5ef29cf6,2026-07-06T23:33:14.166,core-banking,OK,MT103,SWIFT,279.65,SGD,**************9969,MY,207
874ef2bb-edab-7551-96e3-c41d5ef29cf6,2026-07-06T23:33:14.228,settlement,SETTLED,MT103,SWIFT,279.65,SGD,**************9969,MY,306
e4e1cfde-c043-b5a8-f563-9fe4a225e386,2026-07-12T04:10:21.058,gateway,OK,MT103,SWIFT,259.37,SGD,**************6643,SG,24
e4e1cfde-c043-b5a8-f563-9fe4a225e386,2026-07-12T04:10:21.106,auth,OK,MT103,SWIFT,259.37,SGD,**************6643,SG,49
e4e1cfde-c043-b5a8-f563-9fe4a225e386,2026-07-12T04:10:21.270,validation,OK,MT103,SWIFT,259.37,SGD,**************6643,SG,101
e4e1cfde-c043-b5a8-f563-9fe4a225e386,2026-07-12T04:10:21.386,aml,OK,MT103,SWIFT,259.37,SGD,**************6643,SG,142
e4e1cfde-c043-b5a8-f563-9fe4a225e386,2026-07-12T04:10:21.467,payment-hub,OK,MT103,SWIFT,259.37,SGD,**************6643,SG,34
e4e1cfde-c043-b5a8-f563-9fe4a225e386,2026-07-12T04:10:21.542,core-banking,OK,MT103,SWIFT,259.37,SGD,**************6643,SG,245
e4e1cfde-c043-b5a8-f563-9fe4a225e386,2026-07-12T04:10:21.612,settlement,SETTLED,MT103,SWIFT,259.37,SGD,**************6643,SG,204
e7a6445c-b155-9c82-083c-d8ee744b2b5a,2026-07-03T15:40:58.571,gateway,OK,pacs.008,FAST,464.04,GBP,**************9222,SG,15
e7a6445c-b155-9c82-083c-d8ee744b2b5a,2026-07-03T15:40:58.838,auth,OK,pacs.008,FAST,464.04,GBP,**************9222,SG,45
e7a6445c-b155-9c82-083c-d8ee744b2b5a,2026-07-03T15:40:58.927,validation,OK,pacs.008,FAST,464.04,GBP,**************9222,SG,31
e7a6445c-b155-9c82-083c-d8ee744b2b5a,2026-07-03T15:40:59.007,aml,OK,pacs.008,FAST,464.04,GBP,**************9222,SG,87
e7a6445c-b155-9c82-083c-d8ee744b2b5a,2026-07-03T15:40:59.071,payment-hub,OK,pacs.008,FAST,464.04,GBP,**************9222,SG,59
e7a6445c-b155-9c82-083c-d8ee744b2b5a,2026-07-03T15:40:59.138,core-banking,OK,pacs.008,FAST,464.04,GBP,**************9222,SG,84
e7a6445c-b155-9c82-083c-d8ee744b2b5a,2026-07-03T15:40:59.219,settlement,SETTLED,pacs.008,FAST,464.04,GBP,**************9222,SG,153
148acb5e-597c-fb8b-978b-8d39e0a9b8ca,2026-07-12T17:34:09.068,gateway,OK,pacs.008,FAST,347.65,GBP,**************3153,GB,51
148acb5e-597c-fb8b-978b-8d39e0a9b8ca,2026-07-12T17:34:09.147,auth,OK,pacs.008,FAST,347.65,GBP,**************3153,GB,86
148acb5e-597c-fb8b-978b-8d39e0a9b8ca,2026-07-12T17:34:09.207,validation,OK,pacs.008,FAST,347.65,GBP,**************3153,GB,70
148acb5e-597c-fb8b-978b-8d39e0a9b8ca,2026-07-12T17:34:09.327,aml,OK,pacs.008,FAST,347.65,GBP,**************3153,GB,145
148acb5e-597c-fb8b-978b-8d39e0a9b8ca,2026-07-12T17:34:09.472,payment-hub,OK,pacs.008,FAST,347.65,GBP,**************3153,GB,104
148acb5e-597c-fb8b-978b-8d39e0a9b8ca,2026-07-12T17:34:09.637,core-banking,OK,pacs.008,FAST,347.65,GBP,**************3153,GB,121
148acb5e-597c-fb8b-978b-8d39e0a9b8ca,2026-07-12T17:34:09.767,settlement,SETTLED,pacs.008,FAST,347.65,GBP,**************3153,GB,358
8cfbce6a-4295-b945-29f7-eb2538f9e6bf,2026-07-04T09:23:38.950,gateway,OK,MT103,SWIFT,202.78,SGD,**************6347,SG,59
8cfbce6a-4295-b945-29f7-eb2538f9e6bf,2026-07-04T09:23:39.190,auth,OK,MT103,SWIFT,202.78,SGD,**************6347,SG,37
8cfbce6a-4295-b945-29f7-eb2538f9e6bf,2026-07-04T09:23:39.246,validation,OK,MT103,SWIFT,202.78,SGD,**************6347,SG,107
8cfbce6a-4295-b945-29f7-eb2538f9e6bf,2026-07-04T09:23:39.319,aml,OK,MT103,SWIFT,202.78,SGD,**************6347,SG,240
8cfbce6a-4295-b945-29f7-eb2538f9e6bf,2026-07-04T09:23:39.382,payment-hub,OK,MT103,SWIFT,202.78,SGD,**************6347,SG,133
8cfbce6a-4295-b945-29f7-eb2538f9e6bf,2026-07-04T09:23:39.492,core-banking,OK,MT103,SWIFT,202.78,SGD,**************6347,SG,211
8cfbce6a-4295-b945-29f7-eb2538f9e6bf,2026-07-04T09:23:39.588,settlement,SETTLED,MT103,SWIFT,202.78,SGD,**************6347,SG,220
d94dc2b6-20aa-5d7f-47b8-f934e197d828,2026-07-09T00:37:57.190,gateway,OK,0200,CARDS,1740.64,MYR,**************9730,MY,39
d94dc2b6-20aa-5d7f-47b8-f934e197d828,2026-07-09T00:37:57.228,auth,OK,0200,CARDS,1740.64,MYR,**************9730,MY,81
d94dc2b6-20aa-5d7f-47b8-f934e197d828,2026-07-09T00:37:57.302,validation,OK,0200,CARDS,1740.64,MYR,**************9730,MY,46
d94dc2b6-20aa-5d7f-47b8-f934e197d828,2026-07-09T00:37:57.589,aml,TIMEOUT,0200,CARDS,1740.64,MYR,**************9730,MY,30000
d94dc2b6-20aa-5d7f-47b8-f934e197d828,2026-07-09T00:37:57.842,payment-hub,FAILED,0200,CARDS,1740.64,MYR,**************9730,MY,67
0297f36f-041f-fac0-21b8-3810a03374fa,2026-07-06T09:24:05.850,gateway,OK,MT103,SWIFT,597.97,EUR,**************6074,SG,50
0297f36f-041f-fac0-21b8-3810a03374fa,2026-07-06T09:24:05.943,auth,OK,MT103,SWIFT,597.97,EUR,**************6074,SG,75
0297f36f-041f-fac0-21b8-3810a03374fa,2026-07-06T09:24:06.075,validation,OK,MT103,SWIFT,597.97,EUR,**************6074,SG,50
0297f36f-041f-fac0-21b8-3810a03374fa,2026-07-06T09:24:06.105,aml,OK,MT103,SWIFT,597.97,EUR,**************6074,SG,200
0297f36f-041f-fac0-21b8-3810a03374fa,2026-07-06T09:24:06.229,payment-hub,OK,MT103,SWIFT,597.97,EUR,**************6074,SG,112
0297f36f-041f-fac0-21b8-3810a03374fa,2026-07-06T09:24:06.342,core-banking,OK,MT103,SWIFT,597.97,EUR,**************6074,SG,238
0297f36f-041f-fac0-21b8-3810a03374fa,2026-07-06T09:24:06.488,settlement,SETTLED,MT103,SWIFT,597.97,EUR,**************6074,SG,187
f5338733-5064-e4dc-e9a0-6c41f057e61f,2026-07-05T15:01:14.988,gateway,OK,0200,CARDS,694.18,SGD,**************1413,SG,51
f5338733-5064-e4dc-e9a0-6c41f057e61f,2026-07-05T15:01:15.068,auth,OK,0200,CARDS,694.18,SGD,**************1413,SG,56
f5338733-5064-e4dc-e9a0-6c41f057e61f,2026-07-05T15:01:15.153,validation,OK,0200,CARDS,694.18,SGD,**************1413,SG,33
f5338733-5064-e4dc-e9a0-6c41f057e61f,2026-07-05T15:01:15.391,aml,OK,0200,CARDS,694.18,SGD,**************1413,SG,99
f5338733-5064-e4dc-e9a0-6c41f057e61f,2026-07-05T15:01:15.452,payment-hub,OK,0200,CARDS,694.18,SGD,**************1413,SG,99
f5338733-5064-e4dc-e9a0-6c41f057e61f,2026-07-05T15:01:15.732,core-banking,OK,0200,CARDS,694.18,SGD,**************1413,SG,208
f5338733-5064-e4dc-e9a0-6c41f057e61f,2026-07-05T15:01:15.966,settlement,SETTLED,0200,CARDS,694.18,SGD,**************1413,SG,291
0b15ea49-770e-3ae6-2675-df6c8d52ff81,2026-07-03T08:58:47.414,gateway,OK,MT103,SWIFT,163.96,MYR,**************8094,MY,52
0b15ea49-770e-3ae6-2675-df6c8d52ff81,2026-07-03T08:58:47.471,auth,OK,MT103,SWIFT,163.96,MYR,**************8094,MY,90
0b15ea49-770e-3ae6-2675-df6c8d52ff81,2026-07-03T08:58:47.497,validation,OK,MT103,SWIFT,163.96,MYR,**************8094,MY,113
0b15ea49-770e-3ae6-2675-df6c8d52ff81,2026-07-03T08:58:47.635,aml,OK,MT103,SWIFT,163.96,MYR,**************8094,MY,224
0b15ea49-770e-3ae6-2675-df6c8d52ff81,2026-07-03T08:58:47.910,payment-hub,OK,MT103,SWIFT,163.96,MYR,**************8094,MY,47
0b15ea49-770e-3ae6-2675-df6c8d52ff81,2026-07-03T08:58:48.106,core-banking,OK,MT103,SWIFT,163.96,MYR,**************8094,MY,195
0b15ea49-770e-3ae6-2675-df6c8d52ff81,2026-07-03T08:58:48.186,settlement,SETTLED,MT103,SWIFT,163.96,MYR,**************8094,MY,299
6547e31e-77b3-f556-438a-08b4eb933f74,2026-07-03T21:38:46.579,gateway,OK,0200,CARDS,986.57,MYR,**************9800,MY,27
6547e31e-77b3-f556-438a-08b4eb933f74,2026-07-03T21:38:46.657,auth,OK,0200,CARDS,986.57,MYR,**************9800,MY,40
6547e31e-77b3-f556-438a-08b4eb933f74,2026-07-03T21:38:46.881,validation,REJECTED,0200,CARDS,986.57,MYR,**************9800,MY,41
6f547198-4911-f6c8-cdaa-9a0dc5bac642,2026-07-13T00:21:09.848,gateway,OK,pacs.008,FAST,462.42,GBP,**************7602,SG,37
6f547198-4911-f6c8-cdaa-9a0dc5bac642,2026-07-13T00:21:10.012,auth,OK,pacs.008,FAST,462.42,GBP,**************7602,SG,79
6f547198-4911-f6c8-cdaa-9a0dc5bac642,2026-07-13T00:21:10.215,validation,OK,pacs.008,FAST,462.42,GBP,**************7602,SG,117
6f547198-4911-f6c8-cdaa-9a0dc5bac642,2026-07-13T00:21:10.459,aml,OK,pacs.008,FAST,462.42,GBP,**************7602,SG,120
6f547198-4911-f6c8-cdaa-9a0dc5bac642,2026-07-13T00:21:40.496,payment-hub,OK,pacs.008,FAST,462.42,GBP,**************7602,SG,105
6f547198-4911-f6c8-cdaa-9a0dc5bac642,2026-07-13T00:21:40.541,core-banking,OK,pacs.008,FAST,462.42,GBP,**************7602,SG,55
6f547198-4911-f6c8-cdaa-9a0dc5bac642,2026-07-13T00:21:40.613,settlement,SETTLED,pacs.008,FAST,462.42,GBP,**************7602,SG,282
b3152db8-cfd1-d8fb-6277-051015ea96e3,2026-07-06T00:19:47.335,gateway,OK,pacs.008,FAST,3321.47,EUR,**************7717,MY,23
b3152db8-cfd1-d8fb-6277-051015ea96e3,2026-07-06T00:19:47.651,auth,OK,pacs.008,FAST,3321.47,EUR,**************7717,MY,50
b3152db8-cfd1-d8fb-6277-051015ea96e3,2026-07-06T00:19:47.682,validation,OK,pacs.008,FAST,3321.47,EUR,**************7717,MY,40
b3152db8-cfd1-d8fb-6277-051015ea96e3,2026-07-06T00:19:47.796,aml,TIMEOUT,pacs.008,FAST,3321.47,EUR,**************7717,MY,30000
b3152db8-cfd1-d8fb-6277-051015ea96e3,2026-07-06T00:19:48.131,payment-hub,FAILED,pacs.008,FAST,3321.47,EUR,**************7717,MY,73
b26c5d2a-01ea-3a3b-fa8c-b9fd740aed81,2026-07-09T12:19:17.429,gateway,OK,0200,CARDS,419.03,MYR,**************4597,MY,39
b26c5d2a-01ea-3a3b-fa8c-b9fd740aed81,2026-07-09T12:19:17.572,auth,OK,0200,CARDS,419.03,MYR,**************4597,MY,89
b26c5d2a-01ea-3a3b-fa8c-b9fd740aed81,2026-07-09T12:19:17.844,validation,OK,0200,CARDS,419.03,MYR,**************4597,MY,34
b26c5d2a-01ea-3a3b-fa8c-b9fd740aed81,2026-07-09T12:19:17.957,aml,OK,0200,CARDS,419.03,MYR,**************4597,MY,294
b26c5d2a-01ea-3a3b-fa8c-b9fd740aed81,2026-07-09T12:19:18.049,payment-hub,OK,0200,CARDS,419.03,MYR,**************4597,MY,30
b26c5d2a-01ea-3a3b-fa8c-b9fd740aed81,2026-07-09T12:19:18.106,core-banking,OK,0200,CARDS,419.03,MYR,**************4597,MY,205
b26c5d2a-01ea-3a3b-fa8c-b9fd740aed81,2026-07-09T12:19:18.206,settlement,SETTLED,0200,CARDS,419.03,MYR,**************4597,MY,254
e6b5b55b-1d2b-dd88-c99c-f418496d81dc,2026-07-08T02:48:35.532,gateway,OK,MT103,SWIFT,425.77,INR,**************4378,HK,16
e6b5b55b-1d2b-dd88-c99c-f418496d81dc,2026-07-08T02:48:35.605,auth,OK,MT103,SWIFT,425.77,INR,**************4378,HK,62
e6b5b55b-1d2b-dd88-c99c-f418496d81dc,2026-07-08T02:48:35.710,validation,OK,MT103,SWIFT,425.77,INR,**************4378,HK,35
e6b5b55b-1d2b-dd88-c99c-f418496d81dc,2026-07-08T02:48:35.785,aml,OK,MT103,SWIFT,425.77,INR,**************4378,HK,105
e6b5b55b-1d2b-dd88-c99c-f418496d81dc,2026-07-08T02:48:35.903,payment-hub,OK,MT103,SWIFT,425.77,INR,**************4378,HK,47
e6b5b55b-1d2b-dd88-c99c-f418496d81dc,2026-07-08T02:48:35.959,core-banking,OK,MT103,SWIFT,425.77,INR,**************4378,HK,172
e6b5b55b-1d2b-dd88-c99c-f418496d81dc,2026-07-08T02:48:36.255,settlement,SETTLED,MT103,SWIFT,425.77,INR,**************4378,HK,225
884b536e-2812-49c6-5681-be088a92d96e,2026-07-10T16:31:22.598,gateway,OK,MT103,SWIFT,456.35,MYR,**************2533,MY,53
884b536e-2812-49c6-5681-be088a92d96e,2026-07-10T16:31:22.664,auth,OK,MT103,SWIFT,456.35,MYR,**************2533,MY,76
884b536e-2812-49c6-5681-be088a92d96e,2026-07-10T16:31:22.780,validation,REJECTED,MT103,SWIFT,456.35,MYR,**************2533,MY,51
17121de2-7cf3-27c5-331e-71422739e834,2026-07-09T03:57:43.850,gateway,OK,pacs.008,FAST,398.53,SGD,**************4911,SG,40
17121de2-7cf3-27c5-331e-71422739e834,2026-07-09T03:57:43.949,auth,OK,pacs.008,FAST,398.53,SGD,**************4911,SG,53
17121de2-7cf3-27c5-331e-71422739e834,2026-07-09T03:57:44.044,validation,OK,pacs.008,FAST,398.53,SGD,**************4911,SG,85
17121de2-7cf3-27c5-331e-71422739e834,2026-07-09T03:57:44.132,aml,OK,pacs.008,FAST,398.53,SGD,**************4911,SG,61
17121de2-7cf3-27c5-331e-71422739e834,2026-07-09T03:57:44.171,payment-hub,OK,pacs.008,FAST,398.53,SGD,**************4911,SG,61
17121de2-7cf3-27c5-331e-71422739e834,2026-07-09T03:57:44.214,core-banking,OK,pacs.008,FAST,398.53,SGD,**************4911,SG,180
17121de2-7cf3-27c5-331e-71422739e834,2026-07-09T03:57:44.271,settlement,SETTLED,pacs.008,FAST,398.53,SGD,**************4911,SG,288
5f823e28-9e7d-b2e6-f8d0-2c9da6a16cb5,2026-07-08T14:17:13.250,gateway,OK,pacs.008,FAST,857.3,INR,**************2144,IN,16
5f823e28-9e7d-b2e6-f8d0-2c9da6a16cb5,2026-07-08T14:17:13.469,auth,OK,pacs.008,FAST,857.3,INR,**************2144,IN,41
5f823e28-9e7d-b2e6-f8d0-2c9da6a16cb5,2026-07-08T14:17:13.502,validation,OK,pacs.008,FAST,857.3,INR,**************2144,IN,37
5f823e28-9e7d-b2e6-f8d0-2c9da6a16cb5,2026-07-08T14:17:13.591,aml,OK,pacs.008,FAST,857.3,INR,**************2144,IN,182
5f823e28-9e7d-b2e6-f8d0-2c9da6a16cb5,2026-07-08T14:17:13.670,payment-hub,OK,pacs.008,FAST,857.3,INR,**************2144,IN,108
5f823e28-9e7d-b2e6-f8d0-2c9da6a16cb5,2026-07-08T14:17:13.887,core-banking,OK,pacs.008,FAST,857.3,INR,**************2144,IN,146
5f823e28-9e7d-b2e6-f8d0-2c9da6a16cb5,2026-07-08T14:17:13.940,settlement,SETTLED,pacs.008,FAST,857.3,INR,**************2144,IN,107
4a6ecf3a-c3e9-66ad-8041-d0b2de200f68,2026-07-12T20:25:34.797,gateway,OK,MT103,SWIFT,2054.23,SGD,**************2210,SG,38
4a6ecf3a-c3e9-66ad-8041-d0b2de200f68,2026-07-12T20:25:34.870,auth,OK,MT103,SWIFT,2054.23,SGD,**************2210,SG,83
4a6ecf3a-c3e9-66ad-8041-d0b2de200f68,2026-07-12T20:25:35.034,validation,OK,MT103,SWIFT,2054.23,SGD,**************2210,SG,86
4a6ecf3a-c3e9-66ad-8041-d0b2de200f68,2026-07-12T20:25:35.152,aml,OK,MT103,SWIFT,2054.23,SGD,**************2210,SG,217
4a6ecf3a-c3e9-66ad-8041-d0b2de200f68,2026-07-12T20:25:35.254,payment-hub,OK,MT103,SWIFT,2054.23,SGD,**************2210,SG,104
4a6ecf3a-c3e9-66ad-8041-d0b2de200f68,2026-07-12T20:25:35.552,core-banking,OK,MT103,SWIFT,2054.23,SGD,**************2210,SG,79
4a6ecf3a-c3e9-66ad-8041-d0b2de200f68,2026-07-12T20:25:35.654,settlement,SETTLED,MT103,SWIFT,2054.23,SGD,**************2210,SG,90
8ad1ced8-d5c8-3c3e-ba66-8ece8a53ff88,2026-07-09T04:07:08.983,gateway,OK,pacs.008,FAST,342.58,USD,**************7871,US,26
8ad1ced8-d5c8-3c3e-ba66-8ece8a53ff88,2026-07-09T04:07:09.145,auth,OK,pacs.008,FAST,342.58,USD,**************7871,US,50
8ad1ced8-d5c8-3c3e-ba66-8ece8a53ff88,2026-07-09T04:07:09.446,validation,OK,pacs.008,FAST,342.58,USD,**************7871,US,38
8ad1ced8-d5c8-3c3e-ba66-8ece8a53ff88,2026-07-09T04:07:09.601,aml,OK,pacs.008,FAST,342.58,USD,**************7871,US,156
8ad1ced8-d5c8-3c3e-ba66-8ece8a53ff88,2026-07-09T04:07:09.656,payment-hub,OK,pacs.008,FAST,342.58,USD,**************7871,US,133
8ad1ced8-d5c8-3c3e-ba66-8ece8a53ff88,2026-07-09T04:07:09.730,core-banking,OK,pacs.008,FAST,342.58,USD,**************7871,US,201
8ad1ced8-d5c8-3c3e-ba66-8ece8a53ff88,2026-07-09T04:07:09.836,settlement,SETTLED,pacs.008,FAST,342.58,USD,**************7871,US,97
fb8895df-2d70-1c75-5869-42e549448e91,2026-07-10T12:26:24.549,gateway,OK,0200,CARDS,1065.77,USD,**************8485,US,56
fb8895df-2d70-1c75-5869-42e549448e91,2026-07-10T12:26:24.746,auth,OK,0200,CARDS,1065.77,USD,**************8485,US,83
fb8895df-2d70-1c75-5869-42e549448e91,2026-07-10T12:26:24.791,validation,OK,0200,CARDS,1065.77,USD,**************8485,US,107
fb8895df-2d70-1c75-5869-42e549448e91,2026-07-10T12:26:24.844,aml,OK,0200,CARDS,1065.77,USD,**************8485,US,126
fb8895df-2d70-1c75-5869-42e549448e91,2026-07-10T12:26:25.111,payment-hub,OK,0200,CARDS,1065.77,USD,**************8485,US,69
fb8895df-2d70-1c75-5869-42e549448e91,2026-07-10T12:26:25.165,core-banking,OK,0200,CARDS,1065.77,USD,**************8485,US,106
fb8895df-2d70-1c75-5869-42e549448e91,2026-07-10T12:26:25.302,settlement,SETTLED,0200,CARDS,1065.77,USD,**************8485,US,287
8d8226b9-97b5-2980-842d-6e3fe8c4400e,2026-07-08T22:27:42.271,gateway,OK,pacs.008,FAST,615.24,SGD,**************5395,SG,47
8d8226b9-97b5-2980-842d-6e3fe8c4400e,2026-07-08T22:27:42.607,auth,OK,pacs.008,FAST,615.24,SGD,**************5395,SG,46
8d8226b9-97b5-2980-842d-6e3fe8c4400e,2026-07-08T22:27:42.696,validation,OK,pacs.008,FAST,615.24,SGD,**************5395,SG,39
8d8226b9-97b5-2980-842d-6e3fe8c4400e,2026-07-08T22:27:42.789,aml,OK,pacs.008,FAST,615.24,SGD,**************5395,SG,266
8d8226b9-97b5-2980-842d-6e3fe8c4400e,2026-07-08T22:27:42.859,payment-hub,OK,pacs.008,FAST,615.24,SGD,**************5395,SG,138
8d8226b9-97b5-2980-842d-6e3fe8c4400e,2026-07-08T22:27:43.022,core-banking,OK,pacs.008,FAST,615.24,SGD,**************5395,SG,152
8d8226b9-97b5-2980-842d-6e3fe8c4400e,2026-07-08T22:27:43.103,settlement,SETTLED,pacs.008,FAST,615.24,SGD,**************5395,SG,199
c161dcbe-4663-d392-9ef1-2ea4dc37b4f4,2026-07-01T14:07:22.496,gateway,OK,MT103,SWIFT,2927.76,USD,**************2689,US,42
c161dcbe-4663-d392-9ef1-2ea4dc37b4f4,2026-07-01T14:07:22.577,auth,OK,MT103,SWIFT,2927.76,USD,**************2689,US,81
c161dcbe-4663-d392-9ef1-2ea4dc37b4f4,2026-07-01T14:07:22.636,validation,OK,MT103,SWIFT,2927.76,USD,**************2689,US,110
c161dcbe-4663-d392-9ef1-2ea4dc37b4f4,2026-07-01T14:07:22.724,aml,OK,MT103,SWIFT,2927.76,USD,**************2689,US,193
c161dcbe-4663-d392-9ef1-2ea4dc37b4f4,2026-07-01T14:07:22.796,payment-hub,OK,MT103,SWIFT,2927.76,USD,**************2689,US,81
c161dcbe-4663-d392-9ef1-2ea4dc37b4f4,2026-07-01T14:07:22.998,core-banking,OK,MT103,SWIFT,2927.76,USD,**************2689,US,145
c161dcbe-4663-d392-9ef1-2ea4dc37b4f4,2026-07-01T14:07:23.066,settlement,SETTLED,MT103,SWIFT,2927.76,USD,**************2689,US,152
128e79be-55b2-abe3-cd92-ccca5dd6fa20,2026-07-02T16:08:16.014,gateway,OK,pacs.008,FAST,589.48,MYR,**************2268,MY,59
128e79be-55b2-abe3-cd92-ccca5dd6fa20,2026-07-02T16:08:16.076,auth,OK,pacs.008,FAST,589.48,MYR,**************2268,MY,24
128e79be-55b2-abe3-cd92-ccca5dd6fa20,2026-07-02T16:08:16.220,validation,OK,pacs.008,FAST,589.48,MYR,**************2268,MY,31
128e79be-55b2-abe3-cd92-ccca5dd6fa20,2026-07-02T16:08:16.396,aml,OK,pacs.008,FAST,589.48,MYR,**************2268,MY,53
128e79be-55b2-abe3-cd92-ccca5dd6fa20,2026-07-02T16:08:16.546,payment-hub,OK,pacs.008,FAST,589.48,MYR,**************2268,MY,86
128e79be-55b2-abe3-cd92-ccca5dd6fa20,2026-07-02T16:08:16.639,core-banking,OK,pacs.008,FAST,589.48,MYR,**************2268,MY,79
128e79be-55b2-abe3-cd92-ccca5dd6fa20,2026-07-02T16:08:16.736,settlement,SETTLED,pacs.008,FAST,589.48,MYR,**************2268,MY,65
4963aed6-8497-6982-a448-38733868d64c,2026-07-04T07:11:30.934,gateway,OK,MT103,SWIFT,279.11,SGD,**************4095,SG,53
4963aed6-8497-6982-a448-38733868d64c,2026-07-04T07:11:31.100,auth,OK,MT103,SWIFT,279.11,SGD,**************4095,SG,28
4963aed6-8497-6982-a448-38733868d64c,2026-07-04T07:11:31.258,validation,OK,MT103,SWIFT,279.11,SGD,**************4095,SG,53
4963aed6-8497-6982-a448-38733868d64c,2026-07-04T07:11:31.310,aml,OK,MT103,SWIFT,279.11,SGD,**************4095,SG,244
4963aed6-8497-6982-a448-38733868d64c,2026-07-04T07:11:31.448,payment-hub,OK,MT103,SWIFT,279.11,SGD,**************4095,SG,38
4963aed6-8497-6982-a448-38733868d64c,2026-07-04T07:11:31.521,core-banking,OK,MT103,SWIFT,279.11,SGD,**************4095,SG,161
4963aed6-8497-6982-a448-38733868d64c,2026-07-04T07:11:31.568,settlement,SETTLED,MT103,SWIFT,279.11,SGD,**************4095,SG,306
2b84a660-022a-7f43-0005-3daf073139bd,2026-07-04T10:15:05.307,gateway,OK,MT103,SWIFT,2534.61,SGD,**************6506,SG,22
2b84a660-022a-7f43-0005-3daf073139bd,2026-07-04T10:15:05.449,auth,OK,MT103,SWIFT,2534.61,SGD,**************6506,SG,83
2b84a660-022a-7f43-0005-3daf073139bd,2026-07-04T10:15:05.521,validation,REJECTED,MT103,SWIFT,2534.61,SGD,**************6506,SG,40
4d7f0cd7-6ab2-fc85-151b-b4ca6d7b02fb,2026-07-12T20:20:02.153,gateway,OK,pacs.008,FAST,4418.93,MYR,**************3925,MY,43
4d7f0cd7-6ab2-fc85-151b-b4ca6d7b02fb,2026-07-12T20:20:02.271,auth,OK,pacs.008,FAST,4418.93,MYR,**************3925,MY,26
4d7f0cd7-6ab2-fc85-151b-b4ca6d7b02fb,2026-07-12T20:20:02.325,validation,OK,pacs.008,FAST,4418.93,MYR,**************3925,MY,61
4d7f0cd7-6ab2-fc85-151b-b4ca6d7b02fb,2026-07-12T20:20:02.424,aml,OK,pacs.008,FAST,4418.93,MYR,**************3925,MY,91
4d7f0cd7-6ab2-fc85-151b-b4ca6d7b02fb,2026-07-12T20:20:02.503,payment-hub,OK,pacs.008,FAST,4418.93,MYR,**************3925,MY,66
4d7f0cd7-6ab2-fc85-151b-b4ca6d7b02fb,2026-07-12T20:20:02.663,core-banking,OK,pacs.008,FAST,4418.93,MYR,**************3925,MY,235
4d7f0cd7-6ab2-fc85-151b-b4ca6d7b02fb,2026-07-12T20:20:02.848,settlement,SETTLED,pacs.008,FAST,4418.93,MYR,**************3925,MY,96
76dbbfa7-8f26-d8e6-e3c0-2038fc2dbeba,2026-07-14T15:15:52.155,gateway,OK,pacs.008,FAST,288.57,SGD,**************2615,SG,50
76dbbfa7-8f26-d8e6-e3c0-2038fc2dbeba,2026-07-14T15:15:52.282,auth,OK,pacs.008,FAST,288.57,SGD,**************2615,SG,21
76dbbfa7-8f26-d8e6-e3c0-2038fc2dbeba,2026-07-14T15:15:52.375,validation,OK,pacs.008,FAST,288.57,SGD,**************2615,SG,35
76dbbfa7-8f26-d8e6-e3c0-2038fc2dbeba,2026-07-14T15:15:52.459,aml,OK,pacs.008,FAST,288.57,SGD,**************2615,SG,108
76dbbfa7-8f26-d8e6-e3c0-2038fc2dbeba,2026-07-14T15:15:52.526,payment-hub,OK,pacs.008,FAST,288.57,SGD,**************2615,SG,66
76dbbfa7-8f26-d8e6-e3c0-2038fc2dbeba,2026-07-14T15:15:52.616,core-banking,OK,pacs.008,FAST,288.57,SGD,**************2615,SG,161
76dbbfa7-8f26-d8e6-e3c0-2038fc2dbeba,2026-07-14T15:15:52.804,settlement,SETTLED,pacs.008,FAST,288.57,SGD,**************2615,SG,202
baa3e427-b326-3a55-a036-6bb37b7e6e24,2026-07-09T15:58:59.056,gateway,OK,pacs.008,FAST,4098.49,MYR,**************4084,MY,17
baa3e427-b326-3a55-a036-6bb37b7e6e24,2026-07-09T15:58:59.201,auth,OK,pacs.008,FAST,4098.49,MYR,**************4084,MY,26
baa3e427-b326-3a55-a036-6bb37b7e6e24,2026-07-09T15:58:59.306,validation,REJECTED,pacs.008,FAST,4098.49,MYR,**************4084,MY,73
69e481d0-b806-9030-6390-b9ff455e8113,2026-07-08T04:45:57.455,gateway,OK,0200,CARDS,881.01,USD,**************9101,US,38
69e481d0-b806-9030-6390-b9ff455e8113,2026-07-08T04:45:57.543,auth,OK,0200,CARDS,881.01,USD,**************9101,US,33
69e481d0-b806-9030-6390-b9ff455e8113,2026-07-08T04:45:57.608,validation,OK,0200,CARDS,881.01,USD,**************9101,US,92
69e481d0-b806-9030-6390-b9ff455e8113,2026-07-08T04:45:57.693,aml,OK,0200,CARDS,881.01,USD,**************9101,US,254
69e481d0-b806-9030-6390-b9ff455e8113,2026-07-08T04:45:57.759,payment-hub,OK,0200,CARDS,881.01,USD,**************9101,US,72
69e481d0-b806-9030-6390-b9ff455e8113,2026-07-08T04:45:57.864,core-banking,OK,0200,CARDS,881.01,USD,**************9101,US,186
69e481d0-b806-9030-6390-b9ff455e8113,2026-07-08T04:45:57.946,settlement,SETTLED,0200,CARDS,881.01,USD,**************9101,US,198
cae2e7ea-d512-8020-695c-033c05240a2a,2026-07-13T01:43:13.262,gateway,OK,pacs.008,FAST,846.22,SGD,**************8110,SG,50
cae2e7ea-d512-8020-695c-033c05240a2a,2026-07-13T01:43:13.327,auth,OK,pacs.008,FAST,846.22,SGD,**************8110,SG,42
cae2e7ea-d512-8020-695c-033c05240a2a,2026-07-13T01:43:13.373,validation,OK,pacs.008,FAST,846.22,SGD,**************8110,SG,103
cae2e7ea-d512-8020-695c-033c05240a2a,2026-07-13T01:43:13.444,aml,OK,pacs.008,FAST,846.22,SGD,**************8110,SG,296
cae2e7ea-d512-8020-695c-033c05240a2a,2026-07-13T01:43:13.515,payment-hub,OK,pacs.008,FAST,846.22,SGD,**************8110,SG,115
cae2e7ea-d512-8020-695c-033c05240a2a,2026-07-13T01:43:13.674,core-banking,OK,pacs.008,FAST,846.22,SGD,**************8110,SG,58
cae2e7ea-d512-8020-695c-033c05240a2a,2026-07-13T01:43:13.776,settlement,SETTLED,pacs.008,FAST,846.22,SGD,**************8110,SG,151
f8ac6701-b8c3-c2f3-b38e-00844a996d63,2026-07-03T05:38:04.241,gateway,OK,MT103,SWIFT,308.94,SGD,**************5150,SG,32
f8ac6701-b8c3-c2f3-b38e-00844a996d63,2026-07-03T05:38:04.278,auth,OK,MT103,SWIFT,308.94,SGD,**************5150,SG,24
f8ac6701-b8c3-c2f3-b38e-00844a996d63,2026-07-03T05:38:04.415,validation,OK,MT103,SWIFT,308.94,SGD,**************5150,SG,31
f8ac6701-b8c3-c2f3-b38e-00844a996d63,2026-07-03T05:38:04.603,aml,OK,MT103,SWIFT,308.94,SGD,**************5150,SG,132
f8ac6701-b8c3-c2f3-b38e-00844a996d63,2026-07-03T05:38:04.735,payment-hub,OK,MT103,SWIFT,308.94,SGD,**************5150,SG,119
f8ac6701-b8c3-c2f3-b38e-00844a996d63,2026-07-03T05:38:04.838,core-banking,OK,MT103,SWIFT,308.94,SGD,**************5150,SG,153
f8ac6701-b8c3-c2f3-b38e-00844a996d63,2026-07-03T05:38:04.865,settlement,SETTLED,MT103,SWIFT,308.94,SGD,**************5150,SG,195
29a59aa5-d30a-7a8b-2b6d-3840fff299fa,2026-07-15T01:19:05.223,gateway,OK,0200,CARDS,299.53,INR,**************0776,IN,25
29a59aa5-d30a-7a8b-2b6d-3840fff299fa,2026-07-15T01:19:05.348,auth,OK,0200,CARDS,299.53,INR,**************0776,IN,55
29a59aa5-d30a-7a8b-2b6d-3840fff299fa,2026-07-15T01:19:05.384,validation,OK,0200,CARDS,299.53,INR,**************0776,IN,31
29a59aa5-d30a-7a8b-2b6d-3840fff299fa,2026-07-15T01:19:05.480,aml,OK,0200,CARDS,299.53,INR,**************0776,IN,144
29a59aa5-d30a-7a8b-2b6d-3840fff299fa,2026-07-15T01:19:05.526,payment-hub,OK,0200,CARDS,299.53,INR,**************0776,IN,111
29a59aa5-d30a-7a8b-2b6d-3840fff299fa,2026-07-15T01:19:35.541,core-banking,OK,0200,CARDS,299.53,INR,**************0776,IN,214
29a59aa5-d30a-7a8b-2b6d-3840fff299fa,2026-07-15T01:19:35.606,settlement,SETTLED,0200,CARDS,299.53,INR,**************0776,IN,336
5b0e7b96-95d5-b8b2-124f-9db6bf268f09,2026-07-13T12:25:09.507,gateway,OK,pacs.008,FAST,1415.25,USD,**************4107,US,37
5b0e7b96-95d5-b8b2-124f-9db6bf268f09,2026-07-13T12:25:09.577,auth,OK,pacs.008,FAST,1415.25,USD,**************4107,US,64
5b0e7b96-95d5-b8b2-124f-9db6bf268f09,2026-07-13T12:25:09.720,validation,OK,pacs.008,FAST,1415.25,USD,**************4107,US,59
5b0e7b96-95d5-b8b2-124f-9db6bf268f09,2026-07-13T12:25:09.780,aml,OK,pacs.008,FAST,1415.25,USD,**************4107,US,147
5b0e7b96-95d5-b8b2-124f-9db6bf268f09,2026-07-13T12:25:09.897,payment-hub,OK,pacs.008,FAST,1415.25,USD,**************4107,US,30
5b0e7b96-95d5-b8b2-124f-9db6bf268f09,2026-07-13T12:25:09.989,core-banking,OK,pacs.008,FAST,1415.25,USD,**************4107,US,104
5b0e7b96-95d5-b8b2-124f-9db6bf268f09,2026-07-13T12:25:10.094,settlement,SETTLED,pacs.008,FAST,1415.25,USD,**************4107,US,370
0b7cda80-66d5-bb98-1705-14a10b666217,2026-07-06T08:49:30.495,gateway,OK,MT103,SWIFT,677.55,MYR,**************8161,MY,60
0b7cda80-66d5-bb98-1705-14a10b666217,2026-07-06T08:49:30.678,auth,OK,MT103,SWIFT,677.55,MYR,**************8161,MY,63
0b7cda80-66d5-bb98-1705-14a10b666217,2026-07-06T08:49:30.721,validation,OK,MT103,SWIFT,677.55,MYR,**************8161,MY,103
0b7cda80-66d5-bb98-1705-14a10b666217,2026-07-06T08:49:30.803,aml,OK,MT103,SWIFT,677.55,MYR,**************8161,MY,68
0b7cda80-66d5-bb98-1705-14a10b666217,2026-07-06T08:49:30.870,payment-hub,OK,MT103,SWIFT,677.55,MYR,**************8161,MY,38
0b7cda80-66d5-bb98-1705-14a10b666217,2026-07-06T08:49:30.967,core-banking,OK,MT103,SWIFT,677.55,MYR,**************8161,MY,94
0b7cda80-66d5-bb98-1705-14a10b666217,2026-07-06T08:49:31.050,settlement,SETTLED,MT103,SWIFT,677.55,MYR,**************8161,MY,209
e0486588-63f7-4d23-6371-607fca200b20,2026-07-10T02:33:53.111,gateway,OK,MT103,SWIFT,559.48,SGD,**************3016,SG,38
e0486588-63f7-4d23-6371-607fca200b20,2026-07-10T02:33:53.379,auth,OK,MT103,SWIFT,559.48,SGD,**************3016,SG,82
e0486588-63f7-4d23-6371-607fca200b20,2026-07-10T02:33:53.647,validation,OK,MT103,SWIFT,559.48,SGD,**************3016,SG,103
e0486588-63f7-4d23-6371-607fca200b20,2026-07-10T02:33:53.683,aml,OK,MT103,SWIFT,559.48,SGD,**************3016,SG,218
e0486588-63f7-4d23-6371-607fca200b20,2026-07-10T02:33:53.811,payment-hub,OK,MT103,SWIFT,559.48,SGD,**************3016,SG,130
e0486588-63f7-4d23-6371-607fca200b20,2026-07-10T02:33:53.987,core-banking,OK,MT103,SWIFT,559.48,SGD,**************3016,SG,97
e0486588-63f7-4d23-6371-607fca200b20,2026-07-10T02:33:54.053,settlement,SETTLED,MT103,SWIFT,559.48,SGD,**************3016,SG,107
588b6832-cce7-93a6-deeb-7113d7b39d57,2026-07-03T14:33:15.923,gateway,OK,MT103,SWIFT,1138.05,SGD,**************7594,SG,33
588b6832-cce7-93a6-deeb-7113d7b39d57,2026-07-03T14:33:15.978,auth,OK,MT103,SWIFT,1138.05,SGD,**************7594,SG,20
588b6832-cce7-93a6-deeb-7113d7b39d57,2026-07-03T14:33:16.062,validation,OK,MT103,SWIFT,1138.05,SGD,**************7594,SG,120
588b6832-cce7-93a6-deeb-7113d7b39d57,2026-07-03T14:33:16.190,aml,OK,MT103,SWIFT,1138.05,SGD,**************7594,SG,198
588b6832-cce7-93a6-deeb-7113d7b39d57,2026-07-03T14:33:16.259,payment-hub,OK,MT103,SWIFT,1138.05,SGD,**************7594,SG,101
588b6832-cce7-93a6-deeb-7113d7b39d57,2026-07-03T14:33:16.330,core-banking,OK,MT103,SWIFT,1138.05,SGD,**************7594,SG,150
588b6832-cce7-93a6-deeb-7113d7b39d57,2026-07-03T14:33:16.406,settlement,SETTLED,MT103,SWIFT,1138.05,SGD,**************7594,SG,64
b67a9354-705c-ec76-c21b-b1b6bbbdd098,2026-07-08T08:24:46.782,gateway,OK,pacs.008,FAST,1445.22,SGD,**************1196,GB,17
b67a9354-705c-ec76-c21b-b1b6bbbdd098,2026-07-08T08:24:46.867,auth,OK,pacs.008,FAST,1445.22,SGD,**************1196,GB,53
b67a9354-705c-ec76-c21b-b1b6bbbdd098,2026-07-08T08:24:46.924,validation,OK,pacs.008,FAST,1445.22,SGD,**************1196,GB,50
b67a9354-705c-ec76-c21b-b1b6bbbdd098,2026-07-08T08:24:47.044,aml,OK,pacs.008,FAST,1445.22,SGD,**************1196,GB,97
b67a9354-705c-ec76-c21b-b1b6bbbdd098,2026-07-08T08:24:47.093,payment-hub,OK,pacs.008,FAST,1445.22,SGD,**************1196,GB,125
b67a9354-705c-ec76-c21b-b1b6bbbdd098,2026-07-08T08:24:47.167,core-banking,OK,pacs.008,FAST,1445.22,SGD,**************1196,GB,170
b67a9354-705c-ec76-c21b-b1b6bbbdd098,2026-07-08T08:24:47.213,settlement,SETTLED,pacs.008,FAST,1445.22,SGD,**************1196,GB,361
a670a87b-d9ff-fc89-4acb-f0de50a31bb3,2026-07-10T04:07:13.744,gateway,OK,pacs.008,FAST,1049.05,MYR,**************4762,MY,35
a670a87b-d9ff-fc89-4acb-f0de50a31bb3,2026-07-10T04:07:13.796,auth,OK,pacs.008,FAST,1049.05,MYR,**************4762,MY,45
a670a87b-d9ff-fc89-4acb-f0de50a31bb3,2026-07-10T04:07:13.890,validation,OK,pacs.008,FAST,1049.05,MYR,**************4762,MY,74
a670a87b-d9ff-fc89-4acb-f0de50a31bb3,2026-07-10T04:07:14.045,aml,OK,pacs.008,FAST,1049.05,MYR,**************4762,MY,174
a670a87b-d9ff-fc89-4acb-f0de50a31bb3,2026-07-10T04:07:14.128,payment-hub,OK,pacs.008,FAST,1049.05,MYR,**************4762,MY,34
a670a87b-d9ff-fc89-4acb-f0de50a31bb3,2026-07-10T04:07:14.208,core-banking,OK,pacs.008,FAST,1049.05,MYR,**************4762,MY,245
a670a87b-d9ff-fc89-4acb-f0de50a31bb3,2026-07-10T04:07:14.473,settlement,SETTLED,pacs.008,FAST,1049.05,MYR,**************4762,MY,69
e92544fe-13a2-e033-1cb8-00ced66db74f,2026-07-14T02:37:55.328,gateway,OK,0200,CARDS,288.53,INR,**************9992,IN,22
e92544fe-13a2-e033-1cb8-00ced66db74f,2026-07-14T02:37:55.366,auth,OK,0200,CARDS,288.53,INR,**************9992,IN,64
e92544fe-13a2-e033-1cb8-00ced66db74f,2026-07-14T02:37:55.431,validation,OK,0200,CARDS,288.53,INR,**************9992,IN,47
e92544fe-13a2-e033-1cb8-00ced66db74f,2026-07-14T02:37:55.524,aml,OK,0200,CARDS,288.53,INR,**************9992,IN,138
e92544fe-13a2-e033-1cb8-00ced66db74f,2026-07-14T02:37:55.623,payment-hub,OK,0200,CARDS,288.53,INR,**************9992,IN,139
e92544fe-13a2-e033-1cb8-00ced66db74f,2026-07-14T02:37:55.848,core-banking,OK,0200,CARDS,288.53,INR,**************9992,IN,179
e92544fe-13a2-e033-1cb8-00ced66db74f,2026-07-14T02:37:55.981,settlement,SETTLED,0200,CARDS,288.53,INR,**************9992,IN,379
6f0fd2d3-1b7e-002d-5449-6db0b615c05f,2026-07-05T15:21:53.964,gateway,OK,pacs.008,FAST,52.34,SGD,**************8436,SG,34
6f0fd2d3-1b7e-002d-5449-6db0b615c05f,2026-07-05T15:21:54.002,auth,OK,pacs.008,FAST,52.34,SGD,**************8436,SG,70
6f0fd2d3-1b7e-002d-5449-6db0b615c05f,2026-07-05T15:21:54.047,validation,OK,pacs.008,FAST,52.34,SGD,**************8436,SG,82
6f0fd2d3-1b7e-002d-5449-6db0b615c05f,2026-07-05T15:21:54.101,aml,OK,pacs.008,FAST,52.34,SGD,**************8436,SG,238
6f0fd2d3-1b7e-002d-5449-6db0b615c05f,2026-07-05T15:21:54.163,payment-hub,OK,pacs.008,FAST,52.34,SGD,**************8436,SG,40
6f0fd2d3-1b7e-002d-5449-6db0b615c05f,2026-07-05T15:21:54.316,core-banking,OK,pacs.008,FAST,52.34,SGD,**************8436,SG,124
6f0fd2d3-1b7e-002d-5449-6db0b615c05f,2026-07-05T15:21:54.438,settlement,SETTLED,pacs.008,FAST,52.34,SGD,**************8436,SG,371
e3709da0-1b9e-b1cc-0a69-14ad7a444360,2026-07-02T04:16:23.275,gateway,OK,MT103,SWIFT,2027.92,USD,**************9979,IN,45
e3709da0-1b9e-b1cc-0a69-14ad7a444360,2026-07-02T04:16:23.383,auth,OK,MT103,SWIFT,2027.92,USD,**************9979,IN,49
e3709da0-1b9e-b1cc-0a69-14ad7a444360,2026-07-02T04:16:23.498,validation,OK,MT103,SWIFT,2027.92,USD,**************9979,IN,34
e3709da0-1b9e-b1cc-0a69-14ad7a444360,2026-07-02T04:16:53.513,aml,OK,MT103,SWIFT,2027.92,USD,**************9979,IN,111
e3709da0-1b9e-b1cc-0a69-14ad7a444360,2026-07-02T04:16:53.575,payment-hub,OK,MT103,SWIFT,2027.92,USD,**************9979,IN,115
e3709da0-1b9e-b1cc-0a69-14ad7a444360,2026-07-02T04:16:53.690,core-banking,OK,MT103,SWIFT,2027.92,USD,**************9979,IN,133
e3709da0-1b9e-b1cc-0a69-14ad7a444360,2026-07-02T04:16:53.790,settlement,SETTLED,MT103,SWIFT,2027.92,USD,**************9979,IN,297
1286da01-764b-390b-8f79-9401db2265ad,2026-07-05T22:56:05.923,gateway,OK,pacs.008,FAST,784.78,USD,**************6752,SG,58
1286da01-764b-390b-8f79-9401db2265ad,2026-07-05T22:56:05.983,auth,OK,pacs.008,FAST,784.78,USD,**************6752,SG,79
1286da01-764b-390b-8f79-9401db2265ad,2026-07-05T22:56:06.094,validation,OK,pacs.008,FAST,784.78,USD,**************6752,SG,82
1286da01-764b-390b-8f79-9401db2265ad,2026-07-05T22:56:06.235,aml,OK,pacs.008,FAST,784.78,USD,**************6752,SG,150
1286da01-764b-390b-8f79-9401db2265ad,2026-07-05T22:56:36.244,payment-hub,OK,pacs.008,FAST,784.78,USD,**************6752,SG,149
1286da01-764b-390b-8f79-9401db2265ad,2026-07-05T22:56:36.346,core-banking,OK,pacs.008,FAST,784.78,USD,**************6752,SG,78
1286da01-764b-390b-8f79-9401db2265ad,2026-07-05T22:56:36.614,settlement,SETTLED,pacs.008,FAST,784.78,USD,**************6752,SG,195
95b45ae8-582f-2e88-a452-acda0b90561f,2026-07-07T12:58:10.821,gateway,OK,pacs.008,FAST,520.35,GBP,**************5315,MY,43
95b45ae8-582f-2e88-a452-acda0b90561f,2026-07-07T12:58:10.880,auth,OK,pacs.008,FAST,520.35,GBP,**************5315,MY,35
95b45ae8-582f-2e88-a452-acda0b90561f,2026-07-07T12:58:10.920,validation,OK,pacs.008,FAST,520.35,GBP,**************5315,MY,52
95b45ae8-582f-2e88-a452-acda0b90561f,2026-07-07T12:58:11.042,aml,OK,pacs.008,FAST,520.35,GBP,**************5315,MY,247
95b45ae8-582f-2e88-a452-acda0b90561f,2026-07-07T12:58:11.097,payment-hub,OK,pacs.008,FAST,520.35,GBP,**************5315,MY,49
95b45ae8-582f-2e88-a452-acda0b90561f,2026-07-07T12:58:11.164,core-banking,OK,pacs.008,FAST,520.35,GBP,**************5315,MY,56
95b45ae8-582f-2e88-a452-acda0b90561f,2026-07-07T12:58:11.214,settlement,SETTLED,pacs.008,FAST,520.35,GBP,**************5315,MY,296
dc87fb36-a75e-75fd-41e4-f7f51c85716f,2026-07-11T08:25:48.801,gateway,OK,pacs.008,FAST,3293.97,USD,**************9042,US,53
dc87fb36-a75e-75fd-41e4-f7f51c85716f,2026-07-11T08:25:48.847,auth,OK,pacs.008,FAST,3293.97,USD,**************9042,US,57
dc87fb36-a75e-75fd-41e4-f7f51c85716f,2026-07-11T08:25:49.076,validation,OK,pacs.008,FAST,3293.97,USD,**************9042,US,120
dc87fb36-a75e-75fd-41e4-f7f51c85716f,2026-07-11T08:25:49.126,aml,OK,pacs.008,FAST,3293.97,USD,**************9042,US,108
dc87fb36-a75e-75fd-41e4-f7f51c85716f,2026-07-11T08:25:49.291,payment-hub,OK,pacs.008,FAST,3293.97,USD,**************9042,US,34
dc87fb36-a75e-75fd-41e4-f7f51c85716f,2026-07-11T08:25:49.386,core-banking,OK,pacs.008,FAST,3293.97,USD,**************9042,US,66
dc87fb36-a75e-75fd-41e4-f7f51c85716f,2026-07-11T08:25:49.531,settlement,SETTLED,pacs.008,FAST,3293.97,USD,**************9042,US,393
4d926b88-576d-ea88-81c3-503351a4ae95,2026-07-14T19:03:25.134,gateway,OK,pacs.008,FAST,133.03,SGD,**************0227,SG,41
4d926b88-576d-ea88-81c3-503351a4ae95,2026-07-14T19:03:25.303,auth,OK,pacs.008,FAST,133.03,SGD,**************0227,SG,49
4d926b88-576d-ea88-81c3-503351a4ae95,2026-07-14T19:03:25.545,validation,OK,pacs.008,FAST,133.03,SGD,**************0227,SG,75
4d926b88-576d-ea88-81c3-503351a4ae95,2026-07-14T19:03:25.723,aml,OK,pacs.008,FAST,133.03,SGD,**************0227,SG,44
4d926b88-576d-ea88-81c3-503351a4ae95,2026-07-14T19:03:25.766,payment-hub,OK,pacs.008,FAST,133.03,SGD,**************0227,SG,79
4d926b88-576d-ea88-81c3-503351a4ae95,2026-07-14T19:03:25.883,core-banking,OK,pacs.008,FAST,133.03,SGD,**************0227,SG,226
4d926b88-576d-ea88-81c3-503351a4ae95,2026-07-14T19:03:26.012,settlement,SETTLED,pacs.008,FAST,133.03,SGD,**************0227,SG,141
d09bc0ec-40fd-e980-0119-cc01beea53cc,2026-07-11T05:56:50.366,gateway,OK,pacs.008,FAST,1869.13,INR,**************4262,US,39
d09bc0ec-40fd-e980-0119-cc01beea53cc,2026-07-11T05:56:50.471,auth,OK,pacs.008,FAST,1869.13,INR,**************4262,US,69
d09bc0ec-40fd-e980-0119-cc01beea53cc,2026-07-11T05:56:50.536,validation,OK,pacs.008,FAST,1869.13,INR,**************4262,US,77
d09bc0ec-40fd-e980-0119-cc01beea53cc,2026-07-11T05:57:20.543,aml,TIMEOUT,pacs.008,FAST,1869.13,INR,**************4262,US,30000
d09bc0ec-40fd-e980-0119-cc01beea53cc,2026-07-11T05:57:20.680,payment-hub,FAILED,pacs.008,FAST,1869.13,INR,**************4262,US,140
a7b5611e-7d35-f98a-602b-ffb844df842f,2026-07-14T07:02:32.965,gateway,OK,MT103,SWIFT,3086.35,USD,**************5157,HK,31
a7b5611e-7d35-f98a-602b-ffb844df842f,2026-07-14T07:02:33.012,auth,OK,MT103,SWIFT,3086.35,USD,**************5157,HK,78
a7b5611e-7d35-f98a-602b-ffb844df842f,2026-07-14T07:02:33.157,validation,REJECTED,MT103,SWIFT,3086.35,USD,**************5157,HK,30
34bf788a-44c1-7883-248e-6f8ba19c2625,2026-07-01T21:15:39.363,gateway,OK,pacs.008,FAST,1748.89,SGD,**************1865,SG,36
34bf788a-44c1-7883-248e-6f8ba19c2625,2026-07-01T21:15:39.413,auth,OK,pacs.008,FAST,1748.89,SGD,**************1865,SG,54
34bf788a-44c1-7883-248e-6f8ba19c2625,2026-07-01T21:15:39.472,validation,OK,pacs.008,FAST,1748.89,SGD,**************1865,SG,90
34bf788a-44c1-7883-248e-6f8ba19c2625,2026-07-01T21:15:39.644,aml,OK,pacs.008,FAST,1748.89,SGD,**************1865,SG,266
34bf788a-44c1-7883-248e-6f8ba19c2625,2026-07-01T21:15:39.688,payment-hub,OK,pacs.008,FAST,1748.89,SGD,**************1865,SG,73
34bf788a-44c1-7883-248e-6f8ba19c2625,2026-07-01T21:15:39.741,core-banking,OK,pacs.008,FAST,1748.89,SGD,**************1865,SG,83
34bf788a-44c1-7883-248e-6f8ba19c2625,2026-07-01T21:15:39.808,settlement,SETTLED,pacs.008,FAST,1748.89,SGD,**************1865,SG,344
2d40a359-4a1c-33af-cc3f-b1ef17cbee2d,2026-07-13T01:36:56.741,gateway,OK,pacs.008,FAST,567.4,MYR,**************8940,MY,48
2d40a359-4a1c-33af-cc3f-b1ef17cbee2d,2026-07-13T01:36:56.905,auth,OK,pacs.008,FAST,567.4,MYR,**************8940,MY,73
2d40a359-4a1c-33af-cc3f-b1ef17cbee2d,2026-07-13T01:36:57.051,validation,OK,pacs.008,FAST,567.4,MYR,**************8940,MY,109
2d40a359-4a1c-33af-cc3f-b1ef17cbee2d,2026-07-13T01:36:57.132,aml,OK,pacs.008,FAST,567.4,MYR,**************8940,MY,191
2d40a359-4a1c-33af-cc3f-b1ef17cbee2d,2026-07-13T01:36:57.282,payment-hub,OK,pacs.008,FAST,567.4,MYR,**************8940,MY,122
2d40a359-4a1c-33af-cc3f-b1ef17cbee2d,2026-07-13T01:36:57.373,core-banking,OK,pacs.008,FAST,567.4,MYR,**************8940,MY,179
2d40a359-4a1c-33af-cc3f-b1ef17cbee2d,2026-07-13T01:36:57.451,settlement,SETTLED,pacs.008,FAST,567.4,MYR,**************8940,MY,292
52aaed6f-4f6c-da88-3215-cf874ac95829,2026-07-13T11:07:10.275,gateway,OK,pacs.008,FAST,1800.18,USD,**************1191,HK,26
52aaed6f-4f6c-da88-3215-cf874ac95829,2026-07-13T11:07:10.350,auth,OK,pacs.008,FAST,1800.18,USD,**************1191,HK,24
52aaed6f-4f6c-da88-3215-cf874ac95829,2026-07-13T11:07:10.573,validation,OK,pacs.008,FAST,1800.18,USD,**************1191,HK,113
52aaed6f-4f6c-da88-3215-cf874ac95829,2026-07-13T11:07:10.622,aml,OK,pacs.008,FAST,1800.18,USD,**************1191,HK,134
52aaed6f-4f6c-da88-3215-cf874ac95829,2026-07-13T11:07:10.801,payment-hub,OK,pacs.008,FAST,1800.18,USD,**************1191,HK,76
52aaed6f-4f6c-da88-3215-cf874ac95829,2026-07-13T11:07:10.852,core-banking,OK,pacs.008,FAST,1800.18,USD,**************1191,HK,225
52aaed6f-4f6c-da88-3215-cf874ac95829,2026-07-13T11:07:10.976,settlement,SETTLED,pacs.008,FAST,1800.18,USD,**************1191,HK,268
83edeedb-9f92-7766-44ed-8f5a72e168d4,2026-07-03T11:58:10.091,gateway,OK,pacs.008,FAST,677.98,SGD,**************5340,SG,18
83edeedb-9f92-7766-44ed-8f5a72e168d4,2026-07-03T11:58:10.167,auth,OK,pacs.008,FAST,677.98,SGD,**************5340,SG,74
83edeedb-9f92-7766-44ed-8f5a72e168d4,2026-07-03T11:58:10.227,validation,OK,pacs.008,FAST,677.98,SGD,**************5340,SG,84
83edeedb-9f92-7766-44ed-8f5a72e168d4,2026-07-03T11:58:10.319,aml,OK,pacs.008,FAST,677.98,SGD,**************5340,SG,176
83edeedb-9f92-7766-44ed-8f5a72e168d4,2026-07-03T11:58:10.390,payment-hub,OK,pacs.008,FAST,677.98,SGD,**************5340,SG,75
83edeedb-9f92-7766-44ed-8f5a72e168d4,2026-07-03T11:58:10.567,core-banking,OK,pacs.008,FAST,677.98,SGD,**************5340,SG,179
83edeedb-9f92-7766-44ed-8f5a72e168d4,2026-07-03T11:58:10.660,settlement,SETTLED,pacs.008,FAST,677.98,SGD,**************5340,SG,354
3832f465-8a4f-9b3e-bec9-b71b94416869,2026-07-14T18:22:35.715,gateway,OK,0200,CARDS,883.29,MYR,**************1126,SG,16
3832f465-8a4f-9b3e-bec9-b71b94416869,2026-07-14T18:22:35.882,auth,OK,0200,CARDS,883.29,MYR,**************1126,SG,65
3832f465-8a4f-9b3e-bec9-b71b94416869,2026-07-14T18:22:36.026,validation,OK,0200,CARDS,883.29,MYR,**************1126,SG,97
3832f465-8a4f-9b3e-bec9-b71b94416869,2026-07-14T18:22:36.061,aml,OK,0200,CARDS,883.29,MYR,**************1126,SG,227
3832f465-8a4f-9b3e-bec9-b71b94416869,2026-07-14T18:22:36.145,payment-hub,OK,0200,CARDS,883.29,MYR,**************1126,SG,127
3832f465-8a4f-9b3e-bec9-b71b94416869,2026-07-14T18:22:36.236,core-banking,OK,0200,CARDS,883.29,MYR,**************1126,SG,97
3832f465-8a4f-9b3e-bec9-b71b94416869,2026-07-14T18:22:36.281,settlement,SETTLED,0200,CARDS,883.29,MYR,**************1126,SG,221
4d999c98-bb75-ed2c-e2d4-ccc5dfb4189b,2026-07-04T11:15:34.097,gateway,OK,MT103,SWIFT,2974.81,USD,**************4213,US,24
4d999c98-bb75-ed2c-e2d4-ccc5dfb4189b,2026-07-04T11:15:34.189,auth,OK,MT103,SWIFT,2974.81,USD,**************4213,US,44
4d999c98-bb75-ed2c-e2d4-ccc5dfb4189b,2026-07-04T11:15:34.333,validation,OK,MT103,SWIFT,2974.81,USD,**************4213,US,31
4d999c98-bb75-ed2c-e2d4-ccc5dfb4189b,2026-07-04T11:15:34.366,aml,OK,MT103,SWIFT,2974.81,USD,**************4213,US,281
4d999c98-bb75-ed2c-e2d4-ccc5dfb4189b,2026-07-04T11:15:34.585,payment-hub,OK,MT103,SWIFT,2974.81,USD,**************4213,US,55
4d999c98-bb75-ed2c-e2d4-ccc5dfb4189b,2026-07-04T11:15:34.709,core-banking,OK,MT103,SWIFT,2974.81,USD,**************4213,US,140
4d999c98-bb75-ed2c-e2d4-ccc5dfb4189b,2026-07-04T11:15:34.850,settlement,SETTLED,MT103,SWIFT,2974.81,USD,**************4213,US,285
d945c94d-12a2-9516-3d53-4b05f0f2fe17,2026-07-05T00:17:03.003,gateway,OK,MT103,SWIFT,1098.5,SGD,**************9518,MY,48
d945c94d-12a2-9516-3d53-4b05f0f2fe17,2026-07-05T00:17:03.131,auth,OK,MT103,SWIFT,1098.5,SGD,**************9518,MY,87
d945c94d-12a2-9516-3d53-4b05f0f2fe17,2026-07-05T00:17:03.207,validation,OK,MT103,SWIFT,1098.5,SGD,**************9518,MY,82
d945c94d-12a2-9516-3d53-4b05f0f2fe17,2026-07-05T00:17:03.329,aml,OK,MT103,SWIFT,1098.5,SGD,**************9518,MY,87
d945c94d-12a2-9516-3d53-4b05f0f2fe17,2026-07-05T00:17:03.447,payment-hub,OK,MT103,SWIFT,1098.5,SGD,**************9518,MY,74
d945c94d-12a2-9516-3d53-4b05f0f2fe17,2026-07-05T00:17:03.690,core-banking,OK,MT103,SWIFT,1098.5,SGD,**************9518,MY,73
d945c94d-12a2-9516-3d53-4b05f0f2fe17,2026-07-05T00:17:03.744,settlement,SETTLED,MT103,SWIFT,1098.5,SGD,**************9518,MY,317
2913c7a8-c2fc-c3eb-795c-764b4eb35d81,2026-07-08T21:53:13.401,gateway,OK,pacs.008,FAST,491.58,USD,**************1618,SG,38
2913c7a8-c2fc-c3eb-795c-764b4eb35d81,2026-07-08T21:53:13.558,auth,OK,pacs.008,FAST,491.58,USD,**************1618,SG,57
2913c7a8-c2fc-c3eb-795c-764b4eb35d81,2026-07-08T21:53:13.665,validation,OK,pacs.008,FAST,491.58,USD,**************1618,SG,64
2913c7a8-c2fc-c3eb-795c-764b4eb35d81,2026-07-08T21:53:13.740,aml,TIMEOUT,pacs.008,FAST,491.58,USD,**************1618,SG,30000
2913c7a8-c2fc-c3eb-795c-764b4eb35d81,2026-07-08T21:53:14.007,payment-hub,FAILED,pacs.008,FAST,491.58,USD,**************1618,SG,36
403488f5-dca4-7e2a-ecba-6b2868e7f9b7,2026-07-01T21:14:18.164,gateway,OK,pacs.008,FAST,700.06,GBP,**************3950,HK,28
403488f5-dca4-7e2a-ecba-6b2868e7f9b7,2026-07-01T21:14:18.240,auth,OK,pacs.008,FAST,700.06,GBP,**************3950,HK,86
403488f5-dca4-7e2a-ecba-6b2868e7f9b7,2026-07-01T21:14:18.291,validation,OK,pacs.008,FAST,700.06,GBP,**************3950,HK,92
403488f5-dca4-7e2a-ecba-6b2868e7f9b7,2026-07-01T21:14:18.420,aml,OK,pacs.008,FAST,700.06,GBP,**************3950,HK,111
403488f5-dca4-7e2a-ecba-6b2868e7f9b7,2026-07-01T21:14:18.493,payment-hub,OK,pacs.008,FAST,700.06,GBP,**************3950,HK,142
403488f5-dca4-7e2a-ecba-6b2868e7f9b7,2026-07-01T21:14:18.609,core-banking,OK,pacs.008,FAST,700.06,GBP,**************3950,HK,210
403488f5-dca4-7e2a-ecba-6b2868e7f9b7,2026-07-01T21:14:18.644,settlement,SETTLED,pacs.008,FAST,700.06,GBP,**************3950,HK,222
6ae758f1-10a0-b0f4-c22c-3210c285ee00,2026-07-07T17:39:43.020,gateway,OK,pacs.008,FAST,5816.96,USD,**************4392,HK,49
6ae758f1-10a0-b0f4-c22c-3210c285ee00,2026-07-07T17:39:43.055,auth,OK,pacs.008,FAST,5816.96,USD,**************4392,HK,63
6ae758f1-10a0-b0f4-c22c-3210c285ee00,2026-07-07T17:39:43.128,validation,OK,pacs.008,FAST,5816.96,USD,**************4392,HK,87
6ae758f1-10a0-b0f4-c22c-3210c285ee00,2026-07-07T17:39:43.229,aml,OK,pacs.008,FAST,5816.96,USD,**************4392,HK,261
6ae758f1-10a0-b0f4-c22c-3210c285ee00,2026-07-07T17:39:43.493,payment-hub,OK,pacs.008,FAST,5816.96,USD,**************4392,HK,139
6ae758f1-10a0-b0f4-c22c-3210c285ee00,2026-07-07T17:39:43.676,core-banking,OK,pacs.008,FAST,5816.96,USD,**************4392,HK,187
6ae758f1-10a0-b0f4-c22c-3210c285ee00,2026-07-07T17:39:43.798,settlement,SETTLED,pacs.008,FAST,5816.96,USD,**************4392,HK,92
e2103096-e74d-468f-825c-6de79cf1ebf6,2026-07-03T05:03:23.389,gateway,OK,pacs.008,FAST,207.56,SGD,**************0494,SG,31
e2103096-e74d-468f-825c-6de79cf1ebf6,2026-07-03T05:03:23.452,auth,OK,pacs.008,FAST,207.56,SGD,**************0494,SG,42
e2103096-e74d-468f-825c-6de79cf1ebf6,2026-07-03T05:03:23.524,validation,REJECTED,pacs.008,FAST,207.56,SGD,**************0494,SG,48
b97d43f5-a14c-873c-0dcc-c2f22593202b,2026-07-02T06:29:04.753,gateway,OK,pacs.008,FAST,577.07,USD,**************1803,US,43
b97d43f5-a14c-873c-0dcc-c2f22593202b,2026-07-02T06:29:04.826,auth,OK,pacs.008,FAST,577.07,USD,**************1803,US,32
b97d43f5-a14c-873c-0dcc-c2f22593202b,2026-07-02T06:29:04.935,validation,OK,pacs.008,FAST,577.07,USD,**************1803,US,97
b97d43f5-a14c-873c-0dcc-c2f22593202b,2026-07-02T06:29:05.107,aml,TIMEOUT,pacs.008,FAST,577.07,USD,**************1803,US,30000
b97d43f5-a14c-873c-0dcc-c2f22593202b,2026-07-02T06:29:05.192,payment-hub,FAILED,pacs.008,FAST,577.07,USD,**************1803,US,138
49efab80-f9ab-b221-f55c-54b5d7d2c07b,2026-07-11T09:14:07.430,gateway,OK,0200,CARDS,2679.83,MYR,**************4645,SG,34
49efab80-f9ab-b221-f55c-54b5d7d2c07b,2026-07-11T09:14:07.598,auth,OK,0200,CARDS,2679.83,MYR,**************4645,SG,75
49efab80-f9ab-b221-f55c-54b5d7d2c07b,2026-07-11T09:14:07.740,validation,REJECTED,0200,CARDS,2679.83,MYR,**************4645,SG,58
1727e845-20dc-eda7-8b01-e3ac870bafd3,2026-07-07T15:01:40.022,gateway,OK,MT103,SWIFT,301.0,GBP,**************2698,MY,25
1727e845-20dc-eda7-8b01-e3ac870bafd3,2026-07-07T15:01:40.190,auth,OK,MT103,SWIFT,301.0,GBP,**************2698,MY,49
1727e845-20dc-eda7-8b01-e3ac870bafd3,2026-07-07T15:01:40.245,validation,OK,MT103,SWIFT,301.0,GBP,**************2698,MY,100
1727e845-20dc-eda7-8b01-e3ac870bafd3,2026-07-07T15:01:40.357,aml,OK,MT103,SWIFT,301.0,GBP,**************2698,MY,75
1727e845-20dc-eda7-8b01-e3ac870bafd3,2026-07-07T15:01:40.442,payment-hub,OK,MT103,SWIFT,301.0,GBP,**************2698,MY,70
1727e845-20dc-eda7-8b01-e3ac870bafd3,2026-07-07T15:01:40.519,core-banking,OK,MT103,SWIFT,301.0,GBP,**************2698,MY,72
1727e845-20dc-eda7-8b01-e3ac870bafd3,2026-07-07T15:01:40.594,settlement,SETTLED,MT103,SWIFT,301.0,GBP,**************2698,MY,336
d8f47aa9-8a94-e610-288d-c6d7b6788e1b,2026-07-14T00:48:29.593,gateway,OK,MT103,SWIFT,2471.68,GBP,**************4291,GB,41
d8f47aa9-8a94-e610-288d-c6d7b6788e1b,2026-07-14T00:48:29.723,auth,OK,MT103,SWIFT,2471.68,GBP,**************4291,GB,26
d8f47aa9-8a94-e610-288d-c6d7b6788e1b,2026-07-14T00:48:29.812,validation,OK,MT103,SWIFT,2471.68,GBP,**************4291,GB,61
d8f47aa9-8a94-e610-288d-c6d7b6788e1b,2026-07-14T00:48:30.021,aml,OK,MT103,SWIFT,2471.68,GBP,**************4291,GB,208
d8f47aa9-8a94-e610-288d-c6d7b6788e1b,2026-07-14T00:48:30.117,payment-hub,OK,MT103,SWIFT,2471.68,GBP,**************4291,GB,46
d8f47aa9-8a94-e610-288d-c6d7b6788e1b,2026-07-14T00:48:30.193,core-banking,OK,MT103,SWIFT,2471.68,GBP,**************4291,GB,193
d8f47aa9-8a94-e610-288d-c6d7b6788e1b,2026-07-14T00:48:30.337,settlement,SETTLED,MT103,SWIFT,2471.68,GBP,**************4291,GB,179
df8879c1-3fc8-bd11-b65b-9126d248f560,2026-07-13T23:28:27.454,gateway,OK,pacs.008,FAST,921.53,EUR,**************1252,GB,57
df8879c1-3fc8-bd11-b65b-9126d248f560,2026-07-13T23:28:27.499,auth,OK,pacs.008,FAST,921.53,EUR,**************1252,GB,66
df8879c1-3fc8-bd11-b65b-9126d248f560,2026-07-13T23:28:27.618,validation,OK,pacs.008,FAST,921.53,EUR,**************1252,GB,106
df8879c1-3fc8-bd11-b65b-9126d248f560,2026-07-13T23:28:27.691,aml,OK,pacs.008,FAST,921.53,EUR,**************1252,GB,75
df8879c1-3fc8-bd11-b65b-9126d248f560,2026-07-13T23:28:27.846,payment-hub,OK,pacs.008,FAST,921.53,EUR,**************1252,GB,33
df8879c1-3fc8-bd11-b65b-9126d248f560,2026-07-13T23:28:27.902,core-banking,OK,pacs.008,FAST,921.53,EUR,**************1252,GB,224
df8879c1-3fc8-bd11-b65b-9126d248f560,2026-07-13T23:28:28.014,settlement,SETTLED,pacs.008,FAST,921.53,EUR,**************1252,GB,242
8dd051fa-4924-b3fb-10b4-8dc52834fdb5,2026-07-11T03:39:37.754,gateway,OK,MT103,SWIFT,3684.21,SGD,**************6143,SG,54
8dd051fa-4924-b3fb-10b4-8dc52834fdb5,2026-07-11T03:39:37.799,auth,OK,MT103,SWIFT,3684.21,SGD,**************6143,SG,27
8dd051fa-4924-b3fb-10b4-8dc52834fdb5,2026-07-11T03:39:37.910,validation,OK,MT103,SWIFT,3684.21,SGD,**************6143,SG,64
8dd051fa-4924-b3fb-10b4-8dc52834fdb5,2026-07-11T03:39:38.064,aml,OK,MT103,SWIFT,3684.21,SGD,**************6143,SG,151
8dd051fa-4924-b3fb-10b4-8dc52834fdb5,2026-07-11T03:39:38.158,payment-hub,OK,MT103,SWIFT,3684.21,SGD,**************6143,SG,85
8dd051fa-4924-b3fb-10b4-8dc52834fdb5,2026-07-11T03:39:38.268,core-banking,OK,MT103,SWIFT,3684.21,SGD,**************6143,SG,80
8dd051fa-4924-b3fb-10b4-8dc52834fdb5,2026-07-11T03:39:38.479,settlement,SETTLED,MT103,SWIFT,3684.21,SGD,**************6143,SG,320
83c2d859-ae49-eb76-9040-6b7823ad4aa5,2026-07-01T15:42:36.051,gateway,OK,pacs.008,FAST,1907.23,MYR,**************5088,MY,33
83c2d859-ae49-eb76-9040-6b7823ad4aa5,2026-07-01T15:42:36.120,auth,OK,pacs.008,FAST,1907.23,MYR,**************5088,MY,27
83c2d859-ae49-eb76-9040-6b7823ad4aa5,2026-07-01T15:42:36.404,validation,OK,pacs.008,FAST,1907.23,MYR,**************5088,MY,114
83c2d859-ae49-eb76-9040-6b7823ad4aa5,2026-07-01T15:42:36.570,aml,OK,pacs.008,FAST,1907.23,MYR,**************5088,MY,111
83c2d859-ae49-eb76-9040-6b7823ad4aa5,2026-07-01T15:42:36.679,payment-hub,OK,pacs.008,FAST,1907.23,MYR,**************5088,MY,33
83c2d859-ae49-eb76-9040-6b7823ad4aa5,2026-07-01T15:42:36.777,core-banking,OK,pacs.008,FAST,1907.23,MYR,**************5088,MY,199
83c2d859-ae49-eb76-9040-6b7823ad4aa5,2026-07-01T15:42:36.908,settlement,SETTLED,pacs.008,FAST,1907.23,MYR,**************5088,MY,295
85b537bd-b264-c482-5ab9-810b80b890bc,2026-07-02T06:42:09.622,gateway,OK,pacs.008,FAST,2329.94,SGD,**************9096,SG,60
85b537bd-b264-c482-5ab9-810b80b890bc,2026-07-02T06:42:09.837,auth,OK,pacs.008,FAST,2329.94,SGD,**************9096,SG,80
85b537bd-b264-c482-5ab9-810b80b890bc,2026-07-02T06:42:09.919,validation,OK,pacs.008,FAST,2329.94,SGD,**************9096,SG,32
85b537bd-b264-c482-5ab9-810b80b890bc,2026-07-02T06:42:09.976,aml,OK,pacs.008,FAST,2329.94,SGD,**************9096,SG,131
85b537bd-b264-c482-5ab9-810b80b890bc,2026-07-02T06:42:10.108,payment-hub,OK,pacs.008,FAST,2329.94,SGD,**************9096,SG,68
85b537bd-b264-c482-5ab9-810b80b890bc,2026-07-02T06:42:10.214,core-banking,OK,pacs.008,FAST,2329.94,SGD,**************9096,SG,203
85b537bd-b264-c482-5ab9-810b80b890bc,2026-07-02T06:42:10.309,settlement,SETTLED,pacs.008,FAST,2329.94,SGD,**************9096,SG,142
ba50c8aa-f810-45c9-3e29-5168d642044f,2026-07-13T13:26:03.568,gateway,OK,pacs.008,FAST,3541.76,SGD,**************4322,SG,31
ba50c8aa-f810-45c9-3e29-5168d642044f,2026-07-13T13:26:03.671,auth,OK,pacs.008,FAST,3541.76,SGD,**************4322,SG,22
ba50c8aa-f810-45c9-3e29-5168d642044f,2026-07-13T13:26:03.701,validation,OK,pacs.008,FAST,3541.76,SGD,**************4322,SG,116
ba50c8aa-f810-45c9-3e29-5168d642044f,2026-07-13T13:26:03.950,aml,TIMEOUT,pacs.008,FAST,3541.76,SGD,**************4322,SG,30000
ba50c8aa-f810-45c9-3e29-5168d642044f,2026-07-13T13:26:04.022,payment-hub,FAILED,pacs.008,FAST,3541.76,SGD,**************4322,SG,79
9a949e84-bc44-ebc2-104b-6f5b9e4d1557,2026-07-03T22:22:29.792,gateway,OK,pacs.008,FAST,2462.63,EUR,**************4870,IN,24
9a949e84-bc44-ebc2-104b-6f5b9e4d1557,2026-07-03T22:22:29.850,auth,OK,pacs.008,FAST,2462.63,EUR,**************4870,IN,50
9a949e84-bc44-ebc2-104b-6f5b9e4d1557,2026-07-03T22:22:29.950,validation,REJECTED,pacs.008,FAST,2462.63,EUR,**************4870,IN,59
bfccaa31-7231-6f31-ed3f-c6a964ae8898,2026-07-06T23:26:37.963,gateway,OK,pacs.008,FAST,842.35,SGD,**************4136,SG,42
bfccaa31-7231-6f31-ed3f-c6a964ae8898,2026-07-06T23:26:38.106,auth,OK,pacs.008,FAST,842.35,SGD,**************4136,SG,90
bfccaa31-7231-6f31-ed3f-c6a964ae8898,2026-07-06T23:26:38.169,validation,OK,pacs.008,FAST,842.35,SGD,**************4136,SG,32
bfccaa31-7231-6f31-ed3f-c6a964ae8898,2026-07-06T23:26:38.368,aml,OK,pacs.008,FAST,842.35,SGD,**************4136,SG,123
bfccaa31-7231-6f31-ed3f-c6a964ae8898,2026-07-06T23:26:38.462,payment-hub,OK,pacs.008,FAST,842.35,SGD,**************4136,SG,32
bfccaa31-7231-6f31-ed3f-c6a964ae8898,2026-07-06T23:26:38.555,core-banking,OK,pacs.008,FAST,842.35,SGD,**************4136,SG,50
bfccaa31-7231-6f31-ed3f-c6a964ae8898,2026-07-06T23:26:38.694,settlement,SETTLED,pacs.008,FAST,842.35,SGD,**************4136,SG,169
6a6d659b-cb95-cfcc-87e0-6c4d5fc0ca87,2026-07-08T16:57:01.744,gateway,OK,pacs.008,FAST,265.98,MYR,**************0257,MY,15
6a6d659b-cb95-cfcc-87e0-6c4d5fc0ca87,2026-07-08T16:57:01.815,auth,OK,pacs.008,FAST,265.98,MYR,**************0257,MY,40
6a6d659b-cb95-cfcc-87e0-6c4d5fc0ca87,2026-07-08T16:57:01.862,validation,OK,pacs.008,FAST,265.98,MYR,**************0257,MY,50
6a6d659b-cb95-cfcc-87e0-6c4d5fc0ca87,2026-07-08T16:57:31.879,aml,TIMEOUT,pacs.008,FAST,265.98,MYR,**************0257,MY,30000
6a6d659b-cb95-cfcc-87e0-6c4d5fc0ca87,2026-07-08T16:58:01.892,payment-hub,FAILED,pacs.008,FAST,265.98,MYR,**************0257,MY,68
2357983f-4599-fc2e-1f17-4064d370504e,2026-07-05T02:56:04.821,gateway,OK,MT103,SWIFT,591.78,GBP,**************5186,SG,32
2357983f-4599-fc2e-1f17-4064d370504e,2026-07-05T02:56:04.900,auth,OK,MT103,SWIFT,591.78,GBP,**************5186,SG,48
2357983f-4599-fc2e-1f17-4064d370504e,2026-07-05T02:56:04.968,validation,OK,MT103,SWIFT,591.78,GBP,**************5186,SG,118
2357983f-4599-fc2e-1f17-4064d370504e,2026-07-05T02:56:05.014,aml,OK,MT103,SWIFT,591.78,GBP,**************5186,SG,132
2357983f-4599-fc2e-1f17-4064d370504e,2026-07-05T02:56:05.269,payment-hub,OK,MT103,SWIFT,591.78,GBP,**************5186,SG,80
2357983f-4599-fc2e-1f17-4064d370504e,2026-07-05T02:56:05.318,core-banking,OK,MT103,SWIFT,591.78,GBP,**************5186,SG,166
2357983f-4599-fc2e-1f17-4064d370504e,2026-07-05T02:56:05.377,settlement,SETTLED,MT103,SWIFT,591.78,GBP,**************5186,SG,132
2d8d156b-cf5b-19de-effc-7e98aa6b3da7,2026-07-14T09:27:22.871,gateway,OK,pacs.008,FAST,883.7,GBP,**************8592,SG,17
2d8d156b-cf5b-19de-effc-7e98aa6b3da7,2026-07-14T09:27:23.058,auth,OK,pacs.008,FAST,883.7,GBP,**************8592,SG,83
2d8d156b-cf5b-19de-effc-7e98aa6b3da7,2026-07-14T09:27:23.201,validation,OK,pacs.008,FAST,883.7,GBP,**************8592,SG,35
2d8d156b-cf5b-19de-effc-7e98aa6b3da7,2026-07-14T09:27:23.299,aml,OK,pacs.008,FAST,883.7,GBP,**************8592,SG,237
2d8d156b-cf5b-19de-effc-7e98aa6b3da7,2026-07-14T09:27:23.413,payment-hub,OK,pacs.008,FAST,883.7,GBP,**************8592,SG,110
2d8d156b-cf5b-19de-effc-7e98aa6b3da7,2026-07-14T09:27:23.498,core-banking,OK,pacs.008,FAST,883.7,GBP,**************8592,SG,67
2d8d156b-cf5b-19de-effc-7e98aa6b3da7,2026-07-14T09:27:23.618,settlement,SETTLED,pacs.008,FAST,883.7,GBP,**************8592,SG,166
2c31d2d3-4b14-5bf2-5c92-82a6c298389b,2026-07-10T10:16:04.254,gateway,OK,pacs.008,FAST,91.14,MYR,**************2482,MY,43
2c31d2d3-4b14-5bf2-5c92-82a6c298389b,2026-07-10T10:16:04.420,auth,OK,pacs.008,FAST,91.14,MYR,**************2482,MY,81
2c31d2d3-4b14-5bf2-5c92-82a6c298389b,2026-07-10T10:16:04.497,validation,OK,pacs.008,FAST,91.14,MYR,**************2482,MY,60
2c31d2d3-4b14-5bf2-5c92-82a6c298389b,2026-07-10T10:16:04.574,aml,OK,pacs.008,FAST,91.14,MYR,**************2482,MY,134
2c31d2d3-4b14-5bf2-5c92-82a6c298389b,2026-07-10T10:16:04.636,payment-hub,OK,pacs.008,FAST,91.14,MYR,**************2482,MY,83
2c31d2d3-4b14-5bf2-5c92-82a6c298389b,2026-07-10T10:16:04.760,core-banking,OK,pacs.008,FAST,91.14,MYR,**************2482,MY,165
2c31d2d3-4b14-5bf2-5c92-82a6c298389b,2026-07-10T10:16:04.915,settlement,SETTLED,pacs.008,FAST,91.14,MYR,**************2482,MY,125
27f5f3a2-8544-68bf-71b5-427737721814,2026-07-07T12:37:39.346,gateway,OK,pacs.008,FAST,921.8,USD,**************5775,US,30
27f5f3a2-8544-68bf-71b5-427737721814,2026-07-07T12:37:39.432,auth,OK,pacs.008,FAST,921.8,USD,**************5775,US,24
27f5f3a2-8544-68bf-71b5-427737721814,2026-07-07T12:37:39.575,validation,OK,pacs.008,FAST,921.8,USD,**************5775,US,111
27f5f3a2-8544-68bf-71b5-427737721814,2026-07-07T12:37:39.643,aml,OK,pacs.008,FAST,921.8,USD,**************5775,US,251
27f5f3a2-8544-68bf-71b5-427737721814,2026-07-07T12:37:39.743,payment-hub,OK,pacs.008,FAST,921.8,USD,**************5775,US,48
27f5f3a2-8544-68bf-71b5-427737721814,2026-07-07T12:37:39.891,core-banking,OK,pacs.008,FAST,921.8,USD,**************5775,US,202
27f5f3a2-8544-68bf-71b5-427737721814,2026-07-07T12:37:39.954,settlement,SETTLED,pacs.008,FAST,921.8,USD,**************5775,US,120
5e454b90-fb50-061a-27c3-316d697827de,2026-07-06T06:18:28.356,gateway,OK,0200,CARDS,213.05,GBP,**************3462,GB,22
5e454b90-fb50-061a-27c3-316d697827de,2026-07-06T06:18:28.549,auth,OK,0200,CARDS,213.05,GBP,**************3462,GB,43
5e454b90-fb50-061a-27c3-316d697827de,2026-07-06T06:18:28.877,validation,OK,0200,CARDS,213.05,GBP,**************3462,GB,93
5e454b90-fb50-061a-27c3-316d697827de,2026-07-06T06:18:28.955,aml,OK,0200,CARDS,213.05,GBP,**************3462,GB,119
5e454b90-fb50-061a-27c3-316d697827de,2026-07-06T06:18:29.190,payment-hub,OK,0200,CARDS,213.05,GBP,**************3462,GB,92
5e454b90-fb50-061a-27c3-316d697827de,2026-07-06T06:18:29.390,core-banking,OK,0200,CARDS,213.05,GBP,**************3462,GB,112
5e454b90-fb50-061a-27c3-316d697827de,2026-07-06T06:18:29.525,settlement,SETTLED,0200,CARDS,213.05,GBP,**************3462,GB,298
e30d9019-8ae4-73ec-c1d8-a57e87413500,2026-07-10T18:41:06.048,gateway,OK,pacs.008,FAST,3505.6,SGD,**************4152,SG,42
e30d9019-8ae4-73ec-c1d8-a57e87413500,2026-07-10T18:41:06.117,auth,OK,pacs.008,FAST,3505.6,SGD,**************4152,SG,49
e30d9019-8ae4-73ec-c1d8-a57e87413500,2026-07-10T18:41:06.190,validation,OK,pacs.008,FAST,3505.6,SGD,**************4152,SG,67
e30d9019-8ae4-73ec-c1d8-a57e87413500,2026-07-10T18:41:06.270,aml,OK,pacs.008,FAST,3505.6,SGD,**************4152,SG,198
e30d9019-8ae4-73ec-c1d8-a57e87413500,2026-07-10T18:41:06.359,payment-hub,OK,pacs.008,FAST,3505.6,SGD,**************4152,SG,69
e30d9019-8ae4-73ec-c1d8-a57e87413500,2026-07-10T18:41:06.453,core-banking,OK,pacs.008,FAST,3505.6,SGD,**************4152,SG,53
e30d9019-8ae4-73ec-c1d8-a57e87413500,2026-07-10T18:41:06.596,settlement,SETTLED,pacs.008,FAST,3505.6,SGD,**************4152,SG,264
b63091aa-d58b-e482-88c2-43115128179b,2026-07-11T18:55:24.833,gateway,OK,MT103,SWIFT,1492.33,SGD,**************9599,SG,41
b63091aa-d58b-e482-88c2-43115128179b,2026-07-11T18:55:24.871,auth,OK,MT103,SWIFT,1492.33,SGD,**************9599,SG,22
b63091aa-d58b-e482-88c2-43115128179b,2026-07-11T18:55:24.927,validation,OK,MT103,SWIFT,1492.33,SGD,**************9599,SG,94
b63091aa-d58b-e482-88c2-43115128179b,2026-07-11T18:55:25.036,aml,OK,MT103,SWIFT,1492.33,SGD,**************9599,SG,299
b63091aa-d58b-e482-88c2-43115128179b,2026-07-11T18:55:25.109,payment-hub,OK,MT103,SWIFT,1492.33,SGD,**************9599,SG,100
b63091aa-d58b-e482-88c2-43115128179b,2026-07-11T18:55:25.220,core-banking,OK,MT103,SWIFT,1492.33,SGD,**************9599,SG,156
b63091aa-d58b-e482-88c2-43115128179b,2026-07-11T18:55:25.288,settlement,SETTLED,MT103,SWIFT,1492.33,SGD,**************9599,SG,310
9c5a5162-4ac5-4041-e1ff-40558445456e,2026-07-06T09:53:13.169,gateway,OK,pacs.008,FAST,85.69,SGD,**************8979,SG,36
9c5a5162-4ac5-4041-e1ff-40558445456e,2026-07-06T09:53:13.237,auth,OK,pacs.008,FAST,85.69,SGD,**************8979,SG,38
9c5a5162-4ac5-4041-e1ff-40558445456e,2026-07-06T09:53:13.372,validation,OK,pacs.008,FAST,85.69,SGD,**************8979,SG,64
9c5a5162-4ac5-4041-e1ff-40558445456e,2026-07-06T09:53:13.500,aml,OK,pacs.008,FAST,85.69,SGD,**************8979,SG,182
9c5a5162-4ac5-4041-e1ff-40558445456e,2026-07-06T09:53:13.555,payment-hub,OK,pacs.008,FAST,85.69,SGD,**************8979,SG,80
9c5a5162-4ac5-4041-e1ff-40558445456e,2026-07-06T09:53:13.696,core-banking,OK,pacs.008,FAST,85.69,SGD,**************8979,SG,249
9c5a5162-4ac5-4041-e1ff-40558445456e,2026-07-06T09:53:13.743,settlement,SETTLED,pacs.008,FAST,85.69,SGD,**************8979,SG,229
e7842728-69a3-d8ea-ac4d-24351ff01f0c,2026-07-13T03:06:26.564,gateway,OK,MT103,SWIFT,809.36,SGD,**************5266,SG,44
e7842728-69a3-d8ea-ac4d-24351ff01f0c,2026-07-13T03:06:26.764,auth,OK,MT103,SWIFT,809.36,SGD,**************5266,SG,72
e7842728-69a3-d8ea-ac4d-24351ff01f0c,2026-07-13T03:06:26.962,validation,OK,MT103,SWIFT,809.36,SGD,**************5266,SG,58
e7842728-69a3-d8ea-ac4d-24351ff01f0c,2026-07-13T03:06:27.060,aml,OK,MT103,SWIFT,809.36,SGD,**************5266,SG,168
e7842728-69a3-d8ea-ac4d-24351ff01f0c,2026-07-13T03:06:27.127,payment-hub,OK,MT103,SWIFT,809.36,SGD,**************5266,SG,61
e7842728-69a3-d8ea-ac4d-24351ff01f0c,2026-07-13T03:06:27.379,core-banking,OK,MT103,SWIFT,809.36,SGD,**************5266,SG,212
e7842728-69a3-d8ea-ac4d-24351ff01f0c,2026-07-13T03:06:27.499,settlement,SETTLED,MT103,SWIFT,809.36,SGD,**************5266,SG,139
fb3d61d4-4483-36be-8ae5-c47d56f0a0a0,2026-07-13T08:26:53.742,gateway,OK,0200,CARDS,11151.08,INR,**************3473,GB,41
fb3d61d4-4483-36be-8ae5-c47d56f0a0a0,2026-07-13T08:26:53.880,auth,OK,0200,CARDS,11151.08,INR,**************3473,GB,50
fb3d61d4-4483-36be-8ae5-c47d56f0a0a0,2026-07-13T08:26:53.946,validation,OK,0200,CARDS,11151.08,INR,**************3473,GB,82
fb3d61d4-4483-36be-8ae5-c47d56f0a0a0,2026-07-13T08:26:53.977,aml,OK,0200,CARDS,11151.08,INR,**************3473,GB,247
fb3d61d4-4483-36be-8ae5-c47d56f0a0a0,2026-07-13T08:26:54.042,payment-hub,OK,0200,CARDS,11151.08,INR,**************3473,GB,107
fb3d61d4-4483-36be-8ae5-c47d56f0a0a0,2026-07-13T08:26:54.118,core-banking,OK,0200,CARDS,11151.08,INR,**************3473,GB,210
fb3d61d4-4483-36be-8ae5-c47d56f0a0a0,2026-07-13T08:26:54.222,settlement,SETTLED,0200,CARDS,11151.08,INR,**************3473,GB,287
53f09e2e-0e93-0cfa-9a9b-0d174554e9bd,2026-07-08T21:38:57.908,gateway,OK,MT103,SWIFT,915.92,MYR,**************5157,MY,46
53f09e2e-0e93-0cfa-9a9b-0d174554e9bd,2026-07-08T21:38:58.037,auth,OK,MT103,SWIFT,915.92,MYR,**************5157,MY,66
53f09e2e-0e93-0cfa-9a9b-0d174554e9bd,2026-07-08T21:38:58.078,validation,OK,MT103,SWIFT,915.92,MYR,**************5157,MY,85
53f09e2e-0e93-0cfa-9a9b-0d174554e9bd,2026-07-08T21:38:58.226,aml,OK,MT103,SWIFT,915.92,MYR,**************5157,MY,228
53f09e2e-0e93-0cfa-9a9b-0d174554e9bd,2026-07-08T21:38:58.309,payment-hub,OK,MT103,SWIFT,915.92,MYR,**************5157,MY,95
53f09e2e-0e93-0cfa-9a9b-0d174554e9bd,2026-07-08T21:38:58.362,core-banking,OK,MT103,SWIFT,915.92,MYR,**************5157,MY,110
53f09e2e-0e93-0cfa-9a9b-0d174554e9bd,2026-07-08T21:38:58.574,settlement,SETTLED,MT103,SWIFT,915.92,MYR,**************5157,MY,400
e1eaee4d-3fd2-a764-8a64-3cc0f6a5cbab,2026-07-09T11:23:39.240,gateway,OK,pacs.008,FAST,226.7,USD,**************7127,HK,32
e1eaee4d-3fd2-a764-8a64-3cc0f6a5cbab,2026-07-09T11:23:39.308,auth,OK,pacs.008,FAST,226.7,USD,**************7127,HK,44
e1eaee4d-3fd2-a764-8a64-3cc0f6a5cbab,2026-07-09T11:23:39.380,validation,OK,pacs.008,FAST,226.7,USD,**************7127,HK,59
e1eaee4d-3fd2-a764-8a64-3cc0f6a5cbab,2026-07-09T11:23:39.424,aml,OK,pacs.008,FAST,226.7,USD,**************7127,HK,44
e1eaee4d-3fd2-a764-8a64-3cc0f6a5cbab,2026-07-09T11:23:39.584,payment-hub,OK,pacs.008,FAST,226.7,USD,**************7127,HK,72
e1eaee4d-3fd2-a764-8a64-3cc0f6a5cbab,2026-07-09T11:23:39.688,core-banking,OK,pacs.008,FAST,226.7,USD,**************7127,HK,127
e1eaee4d-3fd2-a764-8a64-3cc0f6a5cbab,2026-07-09T11:23:39.750,settlement,SETTLED,pacs.008,FAST,226.7,USD,**************7127,HK,370
7b348ccc-b152-617b-bb82-0f475eab9b8d,2026-07-03T10:36:19.155,gateway,OK,MT103,SWIFT,190.04,USD,**************8994,HK,20
7b348ccc-b152-617b-bb82-0f475eab9b8d,2026-07-03T10:36:19.195,auth,OK,MT103,SWIFT,190.04,USD,**************8994,HK,33
7b348ccc-b152-617b-bb82-0f475eab9b8d,2026-07-03T10:36:19.322,validation,OK,MT103,SWIFT,190.04,USD,**************8994,HK,89
7b348ccc-b152-617b-bb82-0f475eab9b8d,2026-07-03T10:36:19.493,aml,OK,MT103,SWIFT,190.04,USD,**************8994,HK,234
7b348ccc-b152-617b-bb82-0f475eab9b8d,2026-07-03T10:36:19.566,payment-hub,OK,MT103,SWIFT,190.04,USD,**************8994,HK,116
7b348ccc-b152-617b-bb82-0f475eab9b8d,2026-07-03T10:36:19.627,core-banking,OK,MT103,SWIFT,190.04,USD,**************8994,HK,95
7b348ccc-b152-617b-bb82-0f475eab9b8d,2026-07-03T10:36:19.710,settlement,SETTLED,MT103,SWIFT,190.04,USD,**************8994,HK,149
ee10caee-25d2-bdd0-946e-e96ec5a1f9d4,2026-07-14T17:19:11.216,gateway,OK,pacs.008,FAST,3023.74,SGD,**************6891,SG,29
ee10caee-25d2-bdd0-946e-e96ec5a1f9d4,2026-07-14T17:19:41.224,auth,OK,pacs.008,FAST,3023.74,SGD,**************6891,SG,65
ee10caee-25d2-bdd0-946e-e96ec5a1f9d4,2026-07-14T17:19:41.287,validation,OK,pacs.008,FAST,3023.74,SGD,**************6891,SG,79
ee10caee-25d2-bdd0-946e-e96ec5a1f9d4,2026-07-14T17:19:41.329,aml,OK,pacs.008,FAST,3023.74,SGD,**************6891,SG,106
ee10caee-25d2-bdd0-946e-e96ec5a1f9d4,2026-07-14T17:19:41.371,payment-hub,OK,pacs.008,FAST,3023.74,SGD,**************6891,SG,91
ee10caee-25d2-bdd0-946e-e96ec5a1f9d4,2026-07-14T17:19:41.515,core-banking,OK,pacs.008,FAST,3023.74,SGD,**************6891,SG,112
ee10caee-25d2-bdd0-946e-e96ec5a1f9d4,2026-07-14T17:19:41.750,settlement,SETTLED,pacs.008,FAST,3023.74,SGD,**************6891,SG,254
8b00f85d-1808-fa2f-59bc-58993f301571,2026-07-03T19:08:33.386,gateway,OK,pacs.008,FAST,10062.51,USD,**************7310,US,17
8b00f85d-1808-fa2f-59bc-58993f301571,2026-07-03T19:08:33.459,auth,OK,pacs.008,FAST,10062.51,USD,**************7310,US,73
8b00f85d-1808-fa2f-59bc-58993f301571,2026-07-03T19:08:33.598,validation,OK,pacs.008,FAST,10062.51,USD,**************7310,US,115
8b00f85d-1808-fa2f-59bc-58993f301571,2026-07-03T19:08:33.700,aml,OK,pacs.008,FAST,10062.51,USD,**************7310,US,119
8b00f85d-1808-fa2f-59bc-58993f301571,2026-07-03T19:08:33.767,payment-hub,OK,pacs.008,FAST,10062.51,USD,**************7310,US,148
8b00f85d-1808-fa2f-59bc-58993f301571,2026-07-03T19:08:33.808,core-banking,OK,pacs.008,FAST,10062.51,USD,**************7310,US,107
8b00f85d-1808-fa2f-59bc-58993f301571,2026-07-03T19:08:33.883,settlement,SETTLED,pacs.008,FAST,10062.51,USD,**************7310,US,244
9d4470ee-cd4f-a68f-0163-a7b73e7bc3d3,2026-07-13T08:16:05.415,gateway,OK,MT103,SWIFT,482.25,INR,**************0229,SG,55
9d4470ee-cd4f-a68f-0163-a7b73e7bc3d3,2026-07-13T08:16:05.520,auth,OK,MT103,SWIFT,482.25,INR,**************0229,SG,24
9d4470ee-cd4f-a68f-0163-a7b73e7bc3d3,2026-07-13T08:16:05.584,validation,OK,MT103,SWIFT,482.25,INR,**************0229,SG,94
9d4470ee-cd4f-a68f-0163-a7b73e7bc3d3,2026-07-13T08:16:05.665,aml,OK,MT103,SWIFT,482.25,INR,**************0229,SG,42
9d4470ee-cd4f-a68f-0163-a7b73e7bc3d3,2026-07-13T08:16:05.739,payment-hub,OK,MT103,SWIFT,482.25,INR,**************0229,SG,119
9d4470ee-cd4f-a68f-0163-a7b73e7bc3d3,2026-07-13T08:16:05.811,core-banking,OK,MT103,SWIFT,482.25,INR,**************0229,SG,175
9d4470ee-cd4f-a68f-0163-a7b73e7bc3d3,2026-07-13T08:16:05.936,settlement,SETTLED,MT103,SWIFT,482.25,INR,**************0229,SG,149
d9c65d84-b70a-7b36-b292-11185b3560aa,2026-07-10T16:36:41.523,gateway,OK,pacs.008,FAST,60.37,SGD,**************1076,SG,53
d9c65d84-b70a-7b36-b292-11185b3560aa,2026-07-10T16:36:41.615,auth,OK,pacs.008,FAST,60.37,SGD,**************1076,SG,54
d9c65d84-b70a-7b36-b292-11185b3560aa,2026-07-10T16:36:41.782,validation,OK,pacs.008,FAST,60.37,SGD,**************1076,SG,101
d9c65d84-b70a-7b36-b292-11185b3560aa,2026-07-10T16:36:41.932,aml,OK,pacs.008,FAST,60.37,SGD,**************1076,SG,210
d9c65d84-b70a-7b36-b292-11185b3560aa,2026-07-10T16:36:42.152,payment-hub,OK,pacs.008,FAST,60.37,SGD,**************1076,SG,62
d9c65d84-b70a-7b36-b292-11185b3560aa,2026-07-10T16:36:42.180,core-banking,OK,pacs.008,FAST,60.37,SGD,**************1076,SG,97
d9c65d84-b70a-7b36-b292-11185b3560aa,2026-07-10T16:36:42.263,settlement,SETTLED,pacs.008,FAST,60.37,SGD,**************1076,SG,213
14418e71-0bb6-9eb3-6c3d-c25f2257bb95,2026-07-11T05:40:28.557,gateway,OK,pacs.008,FAST,503.76,SGD,**************2587,SG,45
14418e71-0bb6-9eb3-6c3d-c25f2257bb95,2026-07-11T05:40:28.633,auth,OK,pacs.008,FAST,503.76,SGD,**************2587,SG,43
14418e71-0bb6-9eb3-6c3d-c25f2257bb95,2026-07-11T05:40:28.696,validation,OK,pacs.008,FAST,503.76,SGD,**************2587,SG,34
14418e71-0bb6-9eb3-6c3d-c25f2257bb95,2026-07-11T05:40:28.791,aml,OK,pacs.008,FAST,503.76,SGD,**************2587,SG,183
14418e71-0bb6-9eb3-6c3d-c25f2257bb95,2026-07-11T05:40:28.858,payment-hub,OK,pacs.008,FAST,503.76,SGD,**************2587,SG,66
14418e71-0bb6-9eb3-6c3d-c25f2257bb95,2026-07-11T05:40:28.964,core-banking,OK,pacs.008,FAST,503.76,SGD,**************2587,SG,157
14418e71-0bb6-9eb3-6c3d-c25f2257bb95,2026-07-11T05:40:29.215,settlement,SETTLED,pacs.008,FAST,503.76,SGD,**************2587,SG,185
bf134464-a21e-44c2-f2c7-cc05f2f33562,2026-07-13T01:56:59.195,gateway,OK,MT103,SWIFT,1499.08,SGD,**************2039,SG,39
bf134464-a21e-44c2-f2c7-cc05f2f33562,2026-07-13T01:56:59.360,auth,OK,MT103,SWIFT,1499.08,SGD,**************2039,SG,26
bf134464-a21e-44c2-f2c7-cc05f2f33562,2026-07-13T01:56:59.395,validation,OK,MT103,SWIFT,1499.08,SGD,**************2039,SG,42
bf134464-a21e-44c2-f2c7-cc05f2f33562,2026-07-13T01:56:59.497,aml,OK,MT103,SWIFT,1499.08,SGD,**************2039,SG,146
bf134464-a21e-44c2-f2c7-cc05f2f33562,2026-07-13T01:56:59.554,payment-hub,OK,MT103,SWIFT,1499.08,SGD,**************2039,SG,73
bf134464-a21e-44c2-f2c7-cc05f2f33562,2026-07-13T01:56:59.646,core-banking,OK,MT103,SWIFT,1499.08,SGD,**************2039,SG,137
bf134464-a21e-44c2-f2c7-cc05f2f33562,2026-07-13T01:56:59.714,settlement,SETTLED,MT103,SWIFT,1499.08,SGD,**************2039,SG,379
82462a1f-482f-bc97-3791-84b9790066ba,2026-07-09T23:41:11.010,gateway,OK,0200,CARDS,567.3,GBP,**************2844,US,51
82462a1f-482f-bc97-3791-84b9790066ba,2026-07-09T23:41:11.185,auth,OK,0200,CARDS,567.3,GBP,**************2844,US,33
82462a1f-482f-bc97-3791-84b9790066ba,2026-07-09T23:41:11.271,validation,REJECTED,0200,CARDS,567.3,GBP,**************2844,US,73
d8f1d4a8-8563-6d22-82b2-3eb7e1ad40e0,2026-07-06T12:16:19.602,gateway,OK,pacs.008,FAST,383.77,SGD,**************3006,SG,49
d8f1d4a8-8563-6d22-82b2-3eb7e1ad40e0,2026-07-06T12:16:19.696,auth,OK,pacs.008,FAST,383.77,SGD,**************3006,SG,48
d8f1d4a8-8563-6d22-82b2-3eb7e1ad40e0,2026-07-06T12:16:19.748,validation,OK,pacs.008,FAST,383.77,SGD,**************3006,SG,48
d8f1d4a8-8563-6d22-82b2-3eb7e1ad40e0,2026-07-06T12:16:19.816,aml,OK,pacs.008,FAST,383.77,SGD,**************3006,SG,279
d8f1d4a8-8563-6d22-82b2-3eb7e1ad40e0,2026-07-06T12:16:19.845,payment-hub,OK,pacs.008,FAST,383.77,SGD,**************3006,SG,45
d8f1d4a8-8563-6d22-82b2-3eb7e1ad40e0,2026-07-06T12:16:19.937,core-banking,OK,pacs.008,FAST,383.77,SGD,**************3006,SG,210
d8f1d4a8-8563-6d22-82b2-3eb7e1ad40e0,2026-07-06T12:16:20.063,settlement,SETTLED,pacs.008,FAST,383.77,SGD,**************3006,SG,244
15008b9c-e1f6-dab9-1ba9-768d5219155c,2026-07-14T13:40:32.095,gateway,OK,pacs.008,FAST,2542.46,INR,**************8221,IN,34
15008b9c-e1f6-dab9-1ba9-768d5219155c,2026-07-14T13:40:32.396,auth,OK,pacs.008,FAST,2542.46,INR,**************8221,IN,47
15008b9c-e1f6-dab9-1ba9-768d5219155c,2026-07-14T13:40:32.420,validation,OK,pacs.008,FAST,2542.46,INR,**************8221,IN,44
15008b9c-e1f6-dab9-1ba9-768d5219155c,2026-07-14T13:40:32.486,aml,OK,pacs.008,FAST,2542.46,INR,**************8221,IN,268
15008b9c-e1f6-dab9-1ba9-768d5219155c,2026-07-14T13:40:32.560,payment-hub,OK,pacs.008,FAST,2542.46,INR,**************8221,IN,42
15008b9c-e1f6-dab9-1ba9-768d5219155c,2026-07-14T13:40:32.604,core-banking,OK,pacs.008,FAST,2542.46,INR,**************8221,IN,162
15008b9c-e1f6-dab9-1ba9-768d5219155c,2026-07-14T13:40:32.674,settlement,SETTLED,pacs.008,FAST,2542.46,INR,**************8221,IN,355
d2ed11e6-f6b3-418f-aeb1-ae25c93e7964,2026-07-14T01:55:50.402,gateway,OK,pacs.008,FAST,3463.26,SGD,**************0034,SG,29
d2ed11e6-f6b3-418f-aeb1-ae25c93e7964,2026-07-14T01:55:50.494,auth,OK,pacs.008,FAST,3463.26,SGD,**************0034,SG,88
d2ed11e6-f6b3-418f-aeb1-ae25c93e7964,2026-07-14T01:55:50.533,validation,OK,pacs.008,FAST,3463.26,SGD,**************0034,SG,51
d2ed11e6-f6b3-418f-aeb1-ae25c93e7964,2026-07-14T01:55:50.692,aml,OK,pacs.008,FAST,3463.26,SGD,**************0034,SG,200
d2ed11e6-f6b3-418f-aeb1-ae25c93e7964,2026-07-14T01:55:50.778,payment-hub,OK,pacs.008,FAST,3463.26,SGD,**************0034,SG,109
d2ed11e6-f6b3-418f-aeb1-ae25c93e7964,2026-07-14T01:55:50.893,core-banking,OK,pacs.008,FAST,3463.26,SGD,**************0034,SG,106
d2ed11e6-f6b3-418f-aeb1-ae25c93e7964,2026-07-14T01:55:50.991,settlement,SETTLED,pacs.008,FAST,3463.26,SGD,**************0034,SG,306
bc9495da-e7f2-fc56-f0b7-01ff53c97d74,2026-07-13T17:22:41.916,gateway,OK,MT103,SWIFT,254.1,SGD,**************1389,SG,28
bc9495da-e7f2-fc56-f0b7-01ff53c97d74,2026-07-13T17:22:41.992,auth,OK,MT103,SWIFT,254.1,SGD,**************1389,SG,36
bc9495da-e7f2-fc56-f0b7-01ff53c97d74,2026-07-13T17:22:42.079,validation,OK,MT103,SWIFT,254.1,SGD,**************1389,SG,83
bc9495da-e7f2-fc56-f0b7-01ff53c97d74,2026-07-13T17:22:42.236,aml,OK,MT103,SWIFT,254.1,SGD,**************1389,SG,138
bc9495da-e7f2-fc56-f0b7-01ff53c97d74,2026-07-13T17:22:42.506,payment-hub,OK,MT103,SWIFT,254.1,SGD,**************1389,SG,95
bc9495da-e7f2-fc56-f0b7-01ff53c97d74,2026-07-13T17:22:42.629,core-banking,OK,MT103,SWIFT,254.1,SGD,**************1389,SG,94
bc9495da-e7f2-fc56-f0b7-01ff53c97d74,2026-07-13T17:22:42.754,settlement,SETTLED,MT103,SWIFT,254.1,SGD,**************1389,SG,162
e661258c-1cd3-4dbf-72f4-5e27dbdd836e,2026-07-02T05:13:24.625,gateway,OK,pacs.008,FAST,499.32,SGD,**************2175,SG,23
e661258c-1cd3-4dbf-72f4-5e27dbdd836e,2026-07-02T05:13:24.789,auth,OK,pacs.008,FAST,499.32,SGD,**************2175,SG,54
e661258c-1cd3-4dbf-72f4-5e27dbdd836e,2026-07-02T05:13:24.897,validation,OK,pacs.008,FAST,499.32,SGD,**************2175,SG,77
e661258c-1cd3-4dbf-72f4-5e27dbdd836e,2026-07-02T05:13:24.940,aml,OK,pacs.008,FAST,499.32,SGD,**************2175,SG,65
e661258c-1cd3-4dbf-72f4-5e27dbdd836e,2026-07-02T05:13:25.031,payment-hub,OK,pacs.008,FAST,499.32,SGD,**************2175,SG,126
e661258c-1cd3-4dbf-72f4-5e27dbdd836e,2026-07-02T05:13:25.095,core-banking,OK,pacs.008,FAST,499.32,SGD,**************2175,SG,174
e661258c-1cd3-4dbf-72f4-5e27dbdd836e,2026-07-02T05:13:25.179,settlement,SETTLED,pacs.008,FAST,499.32,SGD,**************2175,SG,108
556c5d95-f5d1-dc5b-4210-d2706ef5066e,2026-07-05T06:16:17.223,gateway,OK,pacs.008,FAST,476.58,SGD,**************9500,SG,57
556c5d95-f5d1-dc5b-4210-d2706ef5066e,2026-07-05T06:16:17.265,auth,OK,pacs.008,FAST,476.58,SGD,**************9500,SG,86
556c5d95-f5d1-dc5b-4210-d2706ef5066e,2026-07-05T06:16:17.311,validation,REJECTED,pacs.008,FAST,476.58,SGD,**************9500,SG,49
ae9eeaa4-6094-dc33-c217-02f1b697149d,2026-07-01T14:06:47.802,gateway,OK,pacs.008,FAST,197.77,USD,**************6559,MY,40
ae9eeaa4-6094-dc33-c217-02f1b697149d,2026-07-01T14:06:47.858,auth,OK,pacs.008,FAST,197.77,USD,**************6559,MY,50
ae9eeaa4-6094-dc33-c217-02f1b697149d,2026-07-01T14:06:47.899,validation,OK,pacs.008,FAST,197.77,USD,**************6559,MY,116
ae9eeaa4-6094-dc33-c217-02f1b697149d,2026-07-01T14:06:48.019,aml,OK,pacs.008,FAST,197.77,USD,**************6559,MY,253
ae9eeaa4-6094-dc33-c217-02f1b697149d,2026-07-01T14:06:48.114,payment-hub,OK,pacs.008,FAST,197.77,USD,**************6559,MY,58
ae9eeaa4-6094-dc33-c217-02f1b697149d,2026-07-01T14:06:48.193,core-banking,OK,pacs.008,FAST,197.77,USD,**************6559,MY,179
ae9eeaa4-6094-dc33-c217-02f1b697149d,2026-07-01T14:06:48.246,settlement,SETTLED,pacs.008,FAST,197.77,USD,**************6559,MY,174
27b14a32-5293-1ff7-aa71-64c99fb10456,2026-07-14T02:27:28.073,gateway,OK,MT103,SWIFT,275.75,GBP,**************0866,MY,34
27b14a32-5293-1ff7-aa71-64c99fb10456,2026-07-14T02:27:28.187,auth,OK,MT103,SWIFT,275.75,GBP,**************0866,MY,67
27b14a32-5293-1ff7-aa71-64c99fb10456,2026-07-14T02:27:28.239,validation,OK,MT103,SWIFT,275.75,GBP,**************0866,MY,88
27b14a32-5293-1ff7-aa71-64c99fb10456,2026-07-14T02:27:28.349,aml,OK,MT103,SWIFT,275.75,GBP,**************0866,MY,224
27b14a32-5293-1ff7-aa71-64c99fb10456,2026-07-14T02:27:28.401,payment-hub,OK,MT103,SWIFT,275.75,GBP,**************0866,MY,143
27b14a32-5293-1ff7-aa71-64c99fb10456,2026-07-14T02:27:28.526,core-banking,OK,MT103,SWIFT,275.75,GBP,**************0866,MY,97
27b14a32-5293-1ff7-aa71-64c99fb10456,2026-07-14T02:27:28.563,settlement,SETTLED,MT103,SWIFT,275.75,GBP,**************0866,MY,75
09182ab2-afd8-cf72-60a7-00f08f791029,2026-07-13T22:29:12.378,gateway,OK,MT103,SWIFT,193.54,MYR,**************0187,MY,38
09182ab2-afd8-cf72-60a7-00f08f791029,2026-07-13T22:29:12.525,auth,OK,MT103,SWIFT,193.54,MYR,**************0187,MY,54
09182ab2-afd8-cf72-60a7-00f08f791029,2026-07-13T22:29:12.600,validation,OK,MT103,SWIFT,193.54,MYR,**************0187,MY,28
09182ab2-afd8-cf72-60a7-00f08f791029,2026-07-13T22:29:12.759,aml,OK,MT103,SWIFT,193.54,MYR,**************0187,MY,294
09182ab2-afd8-cf72-60a7-00f08f791029,2026-07-13T22:29:12.833,payment-hub,OK,MT103,SWIFT,193.54,MYR,**************0187,MY,86
09182ab2-afd8-cf72-60a7-00f08f791029,2026-07-13T22:29:12.873,core-banking,OK,MT103,SWIFT,193.54,MYR,**************0187,MY,246
09182ab2-afd8-cf72-60a7-00f08f791029,2026-07-13T22:29:12.987,settlement,SETTLED,MT103,SWIFT,193.54,MYR,**************0187,MY,100
4b762530-6100-7001-c441-6f38e3ae7889,2026-07-14T03:12:48.782,gateway,OK,pacs.008,FAST,354.19,SGD,**************0728,SG,52
4b762530-6100-7001-c441-6f38e3ae7889,2026-07-14T03:12:48.855,auth,OK,pacs.008,FAST,354.19,SGD,**************0728,SG,54
4b762530-6100-7001-c441-6f38e3ae7889,2026-07-14T03:12:48.881,validation,OK,pacs.008,FAST,354.19,SGD,**************0728,SG,110
4b762530-6100-7001-c441-6f38e3ae7889,2026-07-14T03:12:49.156,aml,OK,pacs.008,FAST,354.19,SGD,**************0728,SG,118
4b762530-6100-7001-c441-6f38e3ae7889,2026-07-14T03:12:49.199,payment-hub,OK,pacs.008,FAST,354.19,SGD,**************0728,SG,65
4b762530-6100-7001-c441-6f38e3ae7889,2026-07-14T03:12:49.281,core-banking,OK,pacs.008,FAST,354.19,SGD,**************0728,SG,60
4b762530-6100-7001-c441-6f38e3ae7889,2026-07-14T03:12:49.385,settlement,SETTLED,pacs.008,FAST,354.19,SGD,**************0728,SG,315
fedae3b0-cb49-0591-6123-bf3db6ae9917,2026-07-07T04:45:52.374,gateway,OK,pacs.008,FAST,283.37,SGD,**************9751,MY,59
fedae3b0-cb49-0591-6123-bf3db6ae9917,2026-07-07T04:45:52.558,auth,OK,pacs.008,FAST,283.37,SGD,**************9751,MY,33
fedae3b0-cb49-0591-6123-bf3db6ae9917,2026-07-07T04:45:52.660,validation,REJECTED,pacs.008,FAST,283.37,SGD,**************9751,MY,34
8439aace-f911-ccdb-7ec8-52a0d08fbd2a,2026-07-03T03:59:41.446,gateway,OK,pacs.008,FAST,741.42,USD,**************1697,US,45
8439aace-f911-ccdb-7ec8-52a0d08fbd2a,2026-07-03T03:59:41.501,auth,OK,pacs.008,FAST,741.42,USD,**************1697,US,80
8439aace-f911-ccdb-7ec8-52a0d08fbd2a,2026-07-03T03:59:41.579,validation,OK,pacs.008,FAST,741.42,USD,**************1697,US,74
8439aace-f911-ccdb-7ec8-52a0d08fbd2a,2026-07-03T03:59:41.695,aml,OK,pacs.008,FAST,741.42,USD,**************1697,US,41
8439aace-f911-ccdb-7ec8-52a0d08fbd2a,2026-07-03T03:59:41.824,payment-hub,OK,pacs.008,FAST,741.42,USD,**************1697,US,39
8439aace-f911-ccdb-7ec8-52a0d08fbd2a,2026-07-03T03:59:42.085,core-banking,OK,pacs.008,FAST,741.42,USD,**************1697,US,245
8439aace-f911-ccdb-7ec8-52a0d08fbd2a,2026-07-03T03:59:42.156,settlement,SETTLED,pacs.008,FAST,741.42,USD,**************1697,US,370
f3625ed3-9daf-cc29-f96d-00fe1fce0a62,2026-07-06T20:10:55.284,gateway,OK,pacs.008,FAST,317.95,INR,**************9801,IN,50
f3625ed3-9daf-cc29-f96d-00fe1fce0a62,2026-07-06T20:10:55.360,auth,OK,pacs.008,FAST,317.95,INR,**************9801,IN,83
f3625ed3-9daf-cc29-f96d-00fe1fce0a62,2026-07-06T20:10:55.457,validation,OK,pacs.008,FAST,317.95,INR,**************9801,IN,41
f3625ed3-9daf-cc29-f96d-00fe1fce0a62,2026-07-06T20:10:55.591,aml,OK,pacs.008,FAST,317.95,INR,**************9801,IN,259
f3625ed3-9daf-cc29-f96d-00fe1fce0a62,2026-07-06T20:10:55.696,payment-hub,OK,pacs.008,FAST,317.95,INR,**************9801,IN,56
f3625ed3-9daf-cc29-f96d-00fe1fce0a62,2026-07-06T20:10:55.795,core-banking,OK,pacs.008,FAST,317.95,INR,**************9801,IN,149
f3625ed3-9daf-cc29-f96d-00fe1fce0a62,2026-07-06T20:10:55.839,settlement,SETTLED,pacs.008,FAST,317.95,INR,**************9801,IN,316
fda4252e-c298-a9bb-98c1-ff271608e355,2026-07-03T04:49:57.829,gateway,OK,0200,CARDS,1118.65,SGD,**************0734,SG,47
fda4252e-c298-a9bb-98c1-ff271608e355,2026-07-03T04:49:57.969,auth,OK,0200,CARDS,1118.65,SGD,**************0734,SG,64
fda4252e-c298-a9bb-98c1-ff271608e355,2026-07-03T04:49:58.106,validation,OK,0200,CARDS,1118.65,SGD,**************0734,SG,81
fda4252e-c298-a9bb-98c1-ff271608e355,2026-07-03T04:49:58.198,aml,OK,0200,CARDS,1118.65,SGD,**************0734,SG,119
fda4252e-c298-a9bb-98c1-ff271608e355,2026-07-03T04:49:58.252,payment-hub,OK,0200,CARDS,1118.65,SGD,**************0734,SG,94
fda4252e-c298-a9bb-98c1-ff271608e355,2026-07-03T04:49:58.413,core-banking,OK,0200,CARDS,1118.65,SGD,**************0734,SG,69
fda4252e-c298-a9bb-98c1-ff271608e355,2026-07-03T04:49:58.468,settlement,SETTLED,0200,CARDS,1118.65,SGD,**************0734,SG,320
3c7c192e-750e-d0b8-657a-a68aa71c0b66,2026-07-12T23:08:26.531,gateway,OK,pacs.008,FAST,391.79,SGD,**************3553,SG,37
3c7c192e-750e-d0b8-657a-a68aa71c0b66,2026-07-12T23:08:26.644,auth,OK,pacs.008,FAST,391.79,SGD,**************3553,SG,23
3c7c192e-750e-d0b8-657a-a68aa71c0b66,2026-07-12T23:08:26.717,validation,OK,pacs.008,FAST,391.79,SGD,**************3553,SG,75
3c7c192e-750e-d0b8-657a-a68aa71c0b66,2026-07-12T23:08:26.949,aml,OK,pacs.008,FAST,391.79,SGD,**************3553,SG,245
3c7c192e-750e-d0b8-657a-a68aa71c0b66,2026-07-12T23:08:27.043,payment-hub,OK,pacs.008,FAST,391.79,SGD,**************3553,SG,149
3c7c192e-750e-d0b8-657a-a68aa71c0b66,2026-07-12T23:08:27.127,core-banking,OK,pacs.008,FAST,391.79,SGD,**************3553,SG,172
3c7c192e-750e-d0b8-657a-a68aa71c0b66,2026-07-12T23:08:27.200,settlement,SETTLED,pacs.008,FAST,391.79,SGD,**************3553,SG,237
9ffaf746-36f3-ab1a-4192-906d95bfdae7,2026-07-12T21:09:29.459,gateway,OK,pacs.008,FAST,124.85,SGD,**************9252,US,48
9ffaf746-36f3-ab1a-4192-906d95bfdae7,2026-07-12T21:09:29.574,auth,OK,pacs.008,FAST,124.85,SGD,**************9252,US,53
9ffaf746-36f3-ab1a-4192-906d95bfdae7,2026-07-12T21:09:29.665,validation,OK,pacs.008,FAST,124.85,SGD,**************9252,US,78
9ffaf746-36f3-ab1a-4192-906d95bfdae7,2026-07-12T21:09:29.909,aml,OK,pacs.008,FAST,124.85,SGD,**************9252,US,290
9ffaf746-36f3-ab1a-4192-906d95bfdae7,2026-07-12T21:09:30.044,payment-hub,OK,pacs.008,FAST,124.85,SGD,**************9252,US,36
9ffaf746-36f3-ab1a-4192-906d95bfdae7,2026-07-12T21:09:30.102,core-banking,OK,pacs.008,FAST,124.85,SGD,**************9252,US,64
9ffaf746-36f3-ab1a-4192-906d95bfdae7,2026-07-12T21:09:30.184,settlement,SETTLED,pacs.008,FAST,124.85,SGD,**************9252,US,178
a7a027fb-196a-a017-977b-dec0e2f22f48,2026-07-09T11:49:20.608,gateway,OK,pacs.008,FAST,1051.55,GBP,**************4024,GB,30
a7a027fb-196a-a017-977b-dec0e2f22f48,2026-07-09T11:49:20.676,auth,OK,pacs.008,FAST,1051.55,GBP,**************4024,GB,80
a7a027fb-196a-a017-977b-dec0e2f22f48,2026-07-09T11:49:20.852,validation,OK,pacs.008,FAST,1051.55,GBP,**************4024,GB,114
a7a027fb-196a-a017-977b-dec0e2f22f48,2026-07-09T11:49:20.959,aml,OK,pacs.008,FAST,1051.55,GBP,**************4024,GB,93
a7a027fb-196a-a017-977b-dec0e2f22f48,2026-07-09T11:49:21.063,payment-hub,OK,pacs.008,FAST,1051.55,GBP,**************4024,GB,144
a7a027fb-196a-a017-977b-dec0e2f22f48,2026-07-09T11:49:21.263,core-banking,OK,pacs.008,FAST,1051.55,GBP,**************4024,GB,223
a7a027fb-196a-a017-977b-dec0e2f22f48,2026-07-09T11:49:21.371,settlement,SETTLED,pacs.008,FAST,1051.55,GBP,**************4024,GB,84
2162b068-6ef7-1fdd-f664-065441fc060b,2026-07-04T18:30:22.703,gateway,OK,MT103,SWIFT,2495.39,MYR,**************0476,MY,49
2162b068-6ef7-1fdd-f664-065441fc060b,2026-07-04T18:30:22.760,auth,OK,MT103,SWIFT,2495.39,MYR,**************0476,MY,83
2162b068-6ef7-1fdd-f664-065441fc060b,2026-07-04T18:30:23.011,validation,OK,MT103,SWIFT,2495.39,MYR,**************0476,MY,69
2162b068-6ef7-1fdd-f664-065441fc060b,2026-07-04T18:30:23.250,aml,OK,MT103,SWIFT,2495.39,MYR,**************0476,MY,135
2162b068-6ef7-1fdd-f664-065441fc060b,2026-07-04T18:30:23.362,payment-hub,OK,MT103,SWIFT,2495.39,MYR,**************0476,MY,62
2162b068-6ef7-1fdd-f664-065441fc060b,2026-07-04T18:30:23.426,core-banking,OK,MT103,SWIFT,2495.39,MYR,**************0476,MY,201
2162b068-6ef7-1fdd-f664-065441fc060b,2026-07-04T18:30:23.545,settlement,SETTLED,MT103,SWIFT,2495.39,MYR,**************0476,MY,290
19bbadf3-5ffa-9e08-ba07-d5654d4834e8,2026-07-10T01:18:41.565,gateway,OK,MT103,SWIFT,720.34,USD,**************5486,SG,60
19bbadf3-5ffa-9e08-ba07-d5654d4834e8,2026-07-10T01:18:41.631,auth,OK,MT103,SWIFT,720.34,USD,**************5486,SG,77
19bbadf3-5ffa-9e08-ba07-d5654d4834e8,2026-07-10T01:18:41.739,validation,OK,MT103,SWIFT,720.34,USD,**************5486,SG,28
19bbadf3-5ffa-9e08-ba07-d5654d4834e8,2026-07-10T01:18:41.891,aml,OK,MT103,SWIFT,720.34,USD,**************5486,SG,56
19bbadf3-5ffa-9e08-ba07-d5654d4834e8,2026-07-10T01:19:11.914,payment-hub,OK,MT103,SWIFT,720.34,USD,**************5486,SG,55
19bbadf3-5ffa-9e08-ba07-d5654d4834e8,2026-07-10T01:19:12.032,core-banking,OK,MT103,SWIFT,720.34,USD,**************5486,SG,201
19bbadf3-5ffa-9e08-ba07-d5654d4834e8,2026-07-10T01:19:12.081,settlement,SETTLED,MT103,SWIFT,720.34,USD,**************5486,SG,244
c7adbb1f-ac35-0cc0-7c1e-5044b8a328bb,2026-07-13T23:01:13.274,gateway,OK,MT103,SWIFT,236.63,INR,**************0242,IN,16
c7adbb1f-ac35-0cc0-7c1e-5044b8a328bb,2026-07-13T23:01:13.359,auth,OK,MT103,SWIFT,236.63,INR,**************0242,IN,20
c7adbb1f-ac35-0cc0-7c1e-5044b8a328bb,2026-07-13T23:01:13.437,validation,OK,MT103,SWIFT,236.63,INR,**************0242,IN,38
c7adbb1f-ac35-0cc0-7c1e-5044b8a328bb,2026-07-13T23:01:13.476,aml,OK,MT103,SWIFT,236.63,INR,**************0242,IN,85
c7adbb1f-ac35-0cc0-7c1e-5044b8a328bb,2026-07-13T23:01:13.649,payment-hub,OK,MT103,SWIFT,236.63,INR,**************0242,IN,114
c7adbb1f-ac35-0cc0-7c1e-5044b8a328bb,2026-07-13T23:01:13.811,core-banking,OK,MT103,SWIFT,236.63,INR,**************0242,IN,183
c7adbb1f-ac35-0cc0-7c1e-5044b8a328bb,2026-07-13T23:01:14.030,settlement,SETTLED,MT103,SWIFT,236.63,INR,**************0242,IN,352
b4d07de9-7427-9e0c-9889-f9f5e0751fdb,2026-07-13T20:03:48.185,gateway,OK,pacs.008,FAST,692.79,SGD,**************9131,SG,51
b4d07de9-7427-9e0c-9889-f9f5e0751fdb,2026-07-13T20:03:48.372,auth,OK,pacs.008,FAST,692.79,SGD,**************9131,SG,43
b4d07de9-7427-9e0c-9889-f9f5e0751fdb,2026-07-13T20:03:48.404,validation,OK,pacs.008,FAST,692.79,SGD,**************9131,SG,84
b4d07de9-7427-9e0c-9889-f9f5e0751fdb,2026-07-13T20:03:48.431,aml,OK,pacs.008,FAST,692.79,SGD,**************9131,SG,281
b4d07de9-7427-9e0c-9889-f9f5e0751fdb,2026-07-13T20:03:48.515,payment-hub,OK,pacs.008,FAST,692.79,SGD,**************9131,SG,91
b4d07de9-7427-9e0c-9889-f9f5e0751fdb,2026-07-13T20:03:48.572,core-banking,OK,pacs.008,FAST,692.79,SGD,**************9131,SG,122
b4d07de9-7427-9e0c-9889-f9f5e0751fdb,2026-07-13T20:03:48.894,settlement,SETTLED,pacs.008,FAST,692.79,SGD,**************9131,SG,380
4ea5bbb1-5c0a-41ba-6aea-ac2a5c4221e5,2026-07-09T18:33:27.460,gateway,OK,pacs.008,FAST,3862.24,USD,**************1678,IN,31
4ea5bbb1-5c0a-41ba-6aea-ac2a5c4221e5,2026-07-09T18:33:27.519,auth,OK,pacs.008,FAST,3862.24,USD,**************1678,IN,67
4ea5bbb1-5c0a-41ba-6aea-ac2a5c4221e5,2026-07-09T18:33:27.549,validation,REJECTED,pacs.008,FAST,3862.24,USD,**************1678,IN,91
6f3b8d22-f82b-d5fd-50dd-545a79a26bf6,2026-07-09T22:06:14.293,gateway,OK,pacs.008,FAST,428.85,MYR,**************2112,MY,21
6f3b8d22-f82b-d5fd-50dd-545a79a26bf6,2026-07-09T22:06:14.323,auth,OK,pacs.008,FAST,428.85,MYR,**************2112,MY,50
6f3b8d22-f82b-d5fd-50dd-545a79a26bf6,2026-07-09T22:06:14.433,validation,OK,pacs.008,FAST,428.85,MYR,**************2112,MY,91
6f3b8d22-f82b-d5fd-50dd-545a79a26bf6,2026-07-09T22:06:14.683,aml,OK,pacs.008,FAST,428.85,MYR,**************2112,MY,157
6f3b8d22-f82b-d5fd-50dd-545a79a26bf6,2026-07-09T22:06:14.834,payment-hub,OK,pacs.008,FAST,428.85,MYR,**************2112,MY,149
6f3b8d22-f82b-d5fd-50dd-545a79a26bf6,2026-07-09T22:06:14.875,core-banking,OK,pacs.008,FAST,428.85,MYR,**************2112,MY,218
6f3b8d22-f82b-d5fd-50dd-545a79a26bf6,2026-07-09T22:06:14.942,settlement,SETTLED,pacs.008,FAST,428.85,MYR,**************2112,MY,286
839d6e6e-4d93-811d-8999-7852b7c9f880,2026-07-03T03:44:05.589,gateway,OK,MT103,SWIFT,2139.93,USD,**************9446,US,51
839d6e6e-4d93-811d-8999-7852b7c9f880,2026-07-03T03:44:35.613,auth,OK,MT103,SWIFT,2139.93,USD,**************9446,US,63
839d6e6e-4d93-811d-8999-7852b7c9f880,2026-07-03T03:44:35.874,validation,REJECTED,MT103,SWIFT,2139.93,USD,**************9446,US,105
a34c8f4a-b4f4-f0bf-cad3-27976705542e,2026-07-11T08:09:00.310,gateway,OK,MT103,SWIFT,638.83,USD,**************4351,SG,33
a34c8f4a-b4f4-f0bf-cad3-27976705542e,2026-07-11T08:09:00.405,auth,OK,MT103,SWIFT,638.83,USD,**************4351,SG,88
a34c8f4a-b4f4-f0bf-cad3-27976705542e,2026-07-11T08:09:00.457,validation,OK,MT103,SWIFT,638.83,USD,**************4351,SG,119
a34c8f4a-b4f4-f0bf-cad3-27976705542e,2026-07-11T08:09:00.541,aml,OK,MT103,SWIFT,638.83,USD,**************4351,SG,297
a34c8f4a-b4f4-f0bf-cad3-27976705542e,2026-07-11T08:09:00.697,payment-hub,OK,MT103,SWIFT,638.83,USD,**************4351,SG,140
a34c8f4a-b4f4-f0bf-cad3-27976705542e,2026-07-11T08:09:00.865,core-banking,OK,MT103,SWIFT,638.83,USD,**************4351,SG,124
a34c8f4a-b4f4-f0bf-cad3-27976705542e,2026-07-11T08:09:01.104,settlement,SETTLED,MT103,SWIFT,638.83,USD,**************4351,SG,117
aa7fac1b-5312-5b5d-998b-808a26649802,2026-07-09T07:27:15.881,gateway,OK,pacs.008,FAST,282.53,USD,**************6810,HK,28
aa7fac1b-5312-5b5d-998b-808a26649802,2026-07-09T07:27:16.012,auth,OK,pacs.008,FAST,282.53,USD,**************6810,HK,32
aa7fac1b-5312-5b5d-998b-808a26649802,2026-07-09T07:27:16.286,validation,OK,pacs.008,FAST,282.53,USD,**************6810,HK,69
aa7fac1b-5312-5b5d-998b-808a26649802,2026-07-09T07:27:16.372,aml,OK,pacs.008,FAST,282.53,USD,**************6810,HK,161
aa7fac1b-5312-5b5d-998b-808a26649802,2026-07-09T07:27:16.424,payment-hub,OK,pacs.008,FAST,282.53,USD,**************6810,HK,59
aa7fac1b-5312-5b5d-998b-808a26649802,2026-07-09T07:27:16.524,core-banking,OK,pacs.008,FAST,282.53,USD,**************6810,HK,116
aa7fac1b-5312-5b5d-998b-808a26649802,2026-07-09T07:27:46.539,settlement,SETTLED,pacs.008,FAST,282.53,USD,**************6810,HK,74
06f10bd8-7093-e1b4-ef13-140beb59c18b,2026-07-13T17:33:16.173,gateway,OK,MT103,SWIFT,49.82,INR,**************0703,GB,24
06f10bd8-7093-e1b4-ef13-140beb59c18b,2026-07-13T17:33:16.220,auth,OK,MT103,SWIFT,49.82,INR,**************0703,GB,65
06f10bd8-7093-e1b4-ef13-140beb59c18b,2026-07-13T17:33:16.386,validation,OK,MT103,SWIFT,49.82,INR,**************0703,GB,54
06f10bd8-7093-e1b4-ef13-140beb59c18b,2026-07-13T17:33:16.594,aml,OK,MT103,SWIFT,49.82,INR,**************0703,GB,128
06f10bd8-7093-e1b4-ef13-140beb59c18b,2026-07-13T17:33:16.724,payment-hub,OK,MT103,SWIFT,49.82,INR,**************0703,GB,84
06f10bd8-7093-e1b4-ef13-140beb59c18b,2026-07-13T17:33:16.767,core-banking,OK,MT103,SWIFT,49.82,INR,**************0703,GB,246
06f10bd8-7093-e1b4-ef13-140beb59c18b,2026-07-13T17:33:16.959,settlement,SETTLED,MT103,SWIFT,49.82,INR,**************0703,GB,307
1b55d2e4-440a-52b9-6018-80c845f39232,2026-07-01T20:12:35.303,gateway,OK,pacs.008,FAST,638.88,SGD,**************6542,SG,38
1b55d2e4-440a-52b9-6018-80c845f39232,2026-07-01T20:12:35.402,auth,OK,pacs.008,FAST,638.88,SGD,**************6542,SG,52
1b55d2e4-440a-52b9-6018-80c845f39232,2026-07-01T20:12:35.460,validation,OK,pacs.008,FAST,638.88,SGD,**************6542,SG,37
1b55d2e4-440a-52b9-6018-80c845f39232,2026-07-01T20:12:35.531,aml,OK,pacs.008,FAST,638.88,SGD,**************6542,SG,177
1b55d2e4-440a-52b9-6018-80c845f39232,2026-07-01T20:12:35.596,payment-hub,OK,pacs.008,FAST,638.88,SGD,**************6542,SG,139
1b55d2e4-440a-52b9-6018-80c845f39232,2026-07-01T20:12:35.653,core-banking,OK,pacs.008,FAST,638.88,SGD,**************6542,SG,57
1b55d2e4-440a-52b9-6018-80c845f39232,2026-07-01T20:12:35.916,settlement,SETTLED,pacs.008,FAST,638.88,SGD,**************6542,SG,277
45925c3c-18f4-c4b6-1c13-e010e4bb48cb,2026-07-09T13:17:04.579,gateway,OK,MT103,SWIFT,329.17,SGD,**************4386,MY,49
45925c3c-18f4-c4b6-1c13-e010e4bb48cb,2026-07-09T13:17:04.657,auth,OK,MT103,SWIFT,329.17,SGD,**************4386,MY,64
45925c3c-18f4-c4b6-1c13-e010e4bb48cb,2026-07-09T13:17:04.715,validation,OK,MT103,SWIFT,329.17,SGD,**************4386,MY,100
45925c3c-18f4-c4b6-1c13-e010e4bb48cb,2026-07-09T13:17:04.789,aml,OK,MT103,SWIFT,329.17,SGD,**************4386,MY,158
45925c3c-18f4-c4b6-1c13-e010e4bb48cb,2026-07-09T13:17:04.909,payment-hub,OK,MT103,SWIFT,329.17,SGD,**************4386,MY,35
45925c3c-18f4-c4b6-1c13-e010e4bb48cb,2026-07-09T13:17:05.074,core-banking,OK,MT103,SWIFT,329.17,SGD,**************4386,MY,158
45925c3c-18f4-c4b6-1c13-e010e4bb48cb,2026-07-09T13:17:35.085,settlement,SETTLED,MT103,SWIFT,329.17,SGD,**************4386,MY,389
3652c154-7a8e-9acf-7a44-100afaeeb14c,2026-07-12T15:55:06.389,gateway,OK,pacs.008,FAST,200.46,SGD,**************6300,SG,54
3652c154-7a8e-9acf-7a44-100afaeeb14c,2026-07-12T15:55:06.437,auth,OK,pacs.008,FAST,200.46,SGD,**************6300,SG,20
3652c154-7a8e-9acf-7a44-100afaeeb14c,2026-07-12T15:55:06.571,validation,OK,pacs.008,FAST,200.46,SGD,**************6300,SG,39
3652c154-7a8e-9acf-7a44-100afaeeb14c,2026-07-12T15:55:06.625,aml,OK,pacs.008,FAST,200.46,SGD,**************6300,SG,265
3652c154-7a8e-9acf-7a44-100afaeeb14c,2026-07-12T15:55:06.762,payment-hub,OK,pacs.008,FAST,200.46,SGD,**************6300,SG,38
3652c154-7a8e-9acf-7a44-100afaeeb14c,2026-07-12T15:55:06.859,core-banking,OK,pacs.008,FAST,200.46,SGD,**************6300,SG,249
3652c154-7a8e-9acf-7a44-100afaeeb14c,2026-07-12T15:55:06.970,settlement,SETTLED,pacs.008,FAST,200.46,SGD,**************6300,SG,333
0c7d88d9-53f3-f92e-ae7b-b4c6619f439f,2026-07-14T01:04:25.207,gateway,OK,pacs.008,FAST,225.01,MYR,**************3663,MY,36
0c7d88d9-53f3-f92e-ae7b-b4c6619f439f,2026-07-14T01:04:25.345,auth,OK,pacs.008,FAST,225.01,MYR,**************3663,MY,22
0c7d88d9-53f3-f92e-ae7b-b4c6619f439f,2026-07-14T01:04:25.389,validation,OK,pacs.008,FAST,225.01,MYR,**************3663,MY,118
0c7d88d9-53f3-f92e-ae7b-b4c6619f439f,2026-07-14T01:04:25.434,aml,OK,pacs.008,FAST,225.01,MYR,**************3663,MY,76
0c7d88d9-53f3-f92e-ae7b-b4c6619f439f,2026-07-14T01:04:25.515,payment-hub,OK,pacs.008,FAST,225.01,MYR,**************3663,MY,137
0c7d88d9-53f3-f92e-ae7b-b4c6619f439f,2026-07-14T01:04:25.555,core-banking,OK,pacs.008,FAST,225.01,MYR,**************3663,MY,189
0c7d88d9-53f3-f92e-ae7b-b4c6619f439f,2026-07-14T01:04:25.581,settlement,SETTLED,pacs.008,FAST,225.01,MYR,**************3663,MY,178
4a5e90eb-b558-7ff4-55ae-41c5ee13a966,2026-07-06T18:29:13.674,gateway,OK,MT103,SWIFT,887.78,MYR,**************4803,MY,58
4a5e90eb-b558-7ff4-55ae-41c5ee13a966,2026-07-06T18:29:13.724,auth,OK,MT103,SWIFT,887.78,MYR,**************4803,MY,20
4a5e90eb-b558-7ff4-55ae-41c5ee13a966,2026-07-06T18:29:13.766,validation,OK,MT103,SWIFT,887.78,MYR,**************4803,MY,92
4a5e90eb-b558-7ff4-55ae-41c5ee13a966,2026-07-06T18:29:13.957,aml,OK,MT103,SWIFT,887.78,MYR,**************4803,MY,266
4a5e90eb-b558-7ff4-55ae-41c5ee13a966,2026-07-06T18:29:13.995,payment-hub,OK,MT103,SWIFT,887.78,MYR,**************4803,MY,141
4a5e90eb-b558-7ff4-55ae-41c5ee13a966,2026-07-06T18:29:14.082,core-banking,OK,MT103,SWIFT,887.78,MYR,**************4803,MY,245
4a5e90eb-b558-7ff4-55ae-41c5ee13a966,2026-07-06T18:29:14.159,settlement,SETTLED,MT103,SWIFT,887.78,MYR,**************4803,MY,354
ab052125-3fc5-bb50-c11b-cfef62ecbc3f,2026-07-08T02:55:42.386,gateway,OK,pacs.008,FAST,461.99,INR,**************6676,IN,57
ab052125-3fc5-bb50-c11b-cfef62ecbc3f,2026-07-08T02:55:42.449,auth,OK,pacs.008,FAST,461.99,INR,**************6676,IN,75
ab052125-3fc5-bb50-c11b-cfef62ecbc3f,2026-07-08T02:55:42.622,validation,OK,pacs.008,FAST,461.99,INR,**************6676,IN,50
ab052125-3fc5-bb50-c11b-cfef62ecbc3f,2026-07-08T02:55:42.713,aml,OK,pacs.008,FAST,461.99,INR,**************6676,IN,281
ab052125-3fc5-bb50-c11b-cfef62ecbc3f,2026-07-08T02:55:42.834,payment-hub,OK,pacs.008,FAST,461.99,INR,**************6676,IN,46
ab052125-3fc5-bb50-c11b-cfef62ecbc3f,2026-07-08T02:55:42.908,core-banking,OK,pacs.008,FAST,461.99,INR,**************6676,IN,243
ab052125-3fc5-bb50-c11b-cfef62ecbc3f,2026-07-08T02:55:43.063,settlement,SETTLED,pacs.008,FAST,461.99,INR,**************6676,IN,186
a7954cc0-1e71-a655-02ed-945ec80b8644,2026-07-11T15:07:15.906,gateway,OK,MT103,SWIFT,683.86,SGD,**************0872,SG,29
a7954cc0-1e71-a655-02ed-945ec80b8644,2026-07-11T15:07:16.202,auth,OK,MT103,SWIFT,683.86,SGD,**************0872,SG,26
a7954cc0-1e71-a655-02ed-945ec80b8644,2026-07-11T15:07:16.293,validation,OK,MT103,SWIFT,683.86,SGD,**************0872,SG,57
a7954cc0-1e71-a655-02ed-945ec80b8644,2026-07-11T15:07:16.378,aml,OK,MT103,SWIFT,683.86,SGD,**************0872,SG,78
a7954cc0-1e71-a655-02ed-945ec80b8644,2026-07-11T15:07:16.493,payment-hub,OK,MT103,SWIFT,683.86,SGD,**************0872,SG,47
a7954cc0-1e71-a655-02ed-945ec80b8644,2026-07-11T15:07:16.570,core-banking,OK,MT103,SWIFT,683.86,SGD,**************0872,SG,229
a7954cc0-1e71-a655-02ed-945ec80b8644,2026-07-11T15:07:16.632,settlement,SETTLED,MT103,SWIFT,683.86,SGD,**************0872,SG,254
ca14d5b8-481e-43b8-0fc2-fd206128c886,2026-07-05T08:35:06.784,gateway,OK,MT103,SWIFT,307.93,GBP,**************1363,MY,28
ca14d5b8-481e-43b8-0fc2-fd206128c886,2026-07-05T08:35:06.840,auth,OK,MT103,SWIFT,307.93,GBP,**************1363,MY,58
ca14d5b8-481e-43b8-0fc2-fd206128c886,2026-07-05T08:35:07.041,validation,OK,MT103,SWIFT,307.93,GBP,**************1363,MY,42
ca14d5b8-481e-43b8-0fc2-fd206128c886,2026-07-05T08:35:07.283,aml,OK,MT103,SWIFT,307.93,GBP,**************1363,MY,288
ca14d5b8-481e-43b8-0fc2-fd206128c886,2026-07-05T08:35:07.348,payment-hub,OK,MT103,SWIFT,307.93,GBP,**************1363,MY,34
ca14d5b8-481e-43b8-0fc2-fd206128c886,2026-07-05T08:35:07.442,core-banking,OK,MT103,SWIFT,307.93,GBP,**************1363,MY,188
ca14d5b8-481e-43b8-0fc2-fd206128c886,2026-07-05T08:35:07.496,settlement,SETTLED,MT103,SWIFT,307.93,GBP,**************1363,MY,285
27930c39-28dd-9692-6b66-bde588a633d6,2026-07-02T05:18:54.247,gateway,OK,pacs.008,FAST,1118.98,SGD,**************8666,SG,57
27930c39-28dd-9692-6b66-bde588a633d6,2026-07-02T05:18:54.384,auth,OK,pacs.008,FAST,1118.98,SGD,**************8666,SG,26
27930c39-28dd-9692-6b66-bde588a633d6,2026-07-02T05:18:54.523,validation,OK,pacs.008,FAST,1118.98,SGD,**************8666,SG,36
27930c39-28dd-9692-6b66-bde588a633d6,2026-07-02T05:18:54.609,aml,OK,pacs.008,FAST,1118.98,SGD,**************8666,SG,111
27930c39-28dd-9692-6b66-bde588a633d6,2026-07-02T05:18:54.654,payment-hub,OK,pacs.008,FAST,1118.98,SGD,**************8666,SG,96
27930c39-28dd-9692-6b66-bde588a633d6,2026-07-02T05:18:54.803,core-banking,OK,pacs.008,FAST,1118.98,SGD,**************8666,SG,203
27930c39-28dd-9692-6b66-bde588a633d6,2026-07-02T05:18:54.970,settlement,SETTLED,pacs.008,FAST,1118.98,SGD,**************8666,SG,373
c4f4cd4a-b3f6-b58d-9160-f97a35b098ce,2026-07-07T01:55:32.544,gateway,OK,pacs.008,FAST,867.53,GBP,**************5485,GB,36
c4f4cd4a-b3f6-b58d-9160-f97a35b098ce,2026-07-07T01:55:32.591,auth,OK,pacs.008,FAST,867.53,GBP,**************5485,GB,88
c4f4cd4a-b3f6-b58d-9160-f97a35b098ce,2026-07-07T01:55:32.808,validation,OK,pacs.008,FAST,867.53,GBP,**************5485,GB,58
c4f4cd4a-b3f6-b58d-9160-f97a35b098ce,2026-07-07T01:55:32.961,aml,OK,pacs.008,FAST,867.53,GBP,**************5485,GB,85
c4f4cd4a-b3f6-b58d-9160-f97a35b098ce,2026-07-07T01:55:33.073,payment-hub,OK,pacs.008,FAST,867.53,GBP,**************5485,GB,55
c4f4cd4a-b3f6-b58d-9160-f97a35b098ce,2026-07-07T01:55:33.126,core-banking,OK,pacs.008,FAST,867.53,GBP,**************5485,GB,86
c4f4cd4a-b3f6-b58d-9160-f97a35b098ce,2026-07-07T01:55:33.257,settlement,SETTLED,pacs.008,FAST,867.53,GBP,**************5485,GB,198
967ff577-73cd-1652-8c53-029430143da6,2026-07-11T18:55:23.857,gateway,OK,MT103,SWIFT,634.29,INR,**************8748,GB,30
967ff577-73cd-1652-8c53-029430143da6,2026-07-11T18:55:23.949,auth,OK,MT103,SWIFT,634.29,INR,**************8748,GB,54
967ff577-73cd-1652-8c53-029430143da6,2026-07-11T18:55:24.015,validation,OK,MT103,SWIFT,634.29,INR,**************8748,GB,70
967ff577-73cd-1652-8c53-029430143da6,2026-07-11T18:55:24.107,aml,OK,MT103,SWIFT,634.29,INR,**************8748,GB,116
967ff577-73cd-1652-8c53-029430143da6,2026-07-11T18:55:24.378,payment-hub,OK,MT103,SWIFT,634.29,INR,**************8748,GB,84
967ff577-73cd-1652-8c53-029430143da6,2026-07-11T18:55:24.449,core-banking,OK,MT103,SWIFT,634.29,INR,**************8748,GB,94
967ff577-73cd-1652-8c53-029430143da6,2026-07-11T18:55:24.537,settlement,SETTLED,MT103,SWIFT,634.29,INR,**************8748,GB,346
6eba5cc4-d8f9-a039-e553-4666dfbea628,2026-07-12T00:49:35.278,gateway,OK,pacs.008,FAST,357.82,SGD,**************0195,SG,23
6eba5cc4-d8f9-a039-e553-4666dfbea628,2026-07-12T00:49:35.339,auth,OK,pacs.008,FAST,357.82,SGD,**************0195,SG,35
6eba5cc4-d8f9-a039-e553-4666dfbea628,2026-07-12T00:49:35.413,validation,OK,pacs.008,FAST,357.82,SGD,**************0195,SG,53
6eba5cc4-d8f9-a039-e553-4666dfbea628,2026-07-12T00:49:35.484,aml,OK,pacs.008,FAST,357.82,SGD,**************0195,SG,275
6eba5cc4-d8f9-a039-e553-4666dfbea628,2026-07-12T00:49:35.578,payment-hub,OK,pacs.008,FAST,357.82,SGD,**************0195,SG,102
6eba5cc4-d8f9-a039-e553-4666dfbea628,2026-07-12T00:49:35.673,core-banking,OK,pacs.008,FAST,357.82,SGD,**************0195,SG,103
6eba5cc4-d8f9-a039-e553-4666dfbea628,2026-07-12T00:49:35.736,settlement,SETTLED,pacs.008,FAST,357.82,SGD,**************0195,SG,223
2910c21b-964a-af83-2fdf-8d2996273fe2,2026-07-10T10:53:07.621,gateway,OK,pacs.008,FAST,5316.62,USD,**************9037,US,60
2910c21b-964a-af83-2fdf-8d2996273fe2,2026-07-10T10:53:07.749,auth,OK,pacs.008,FAST,5316.62,USD,**************9037,US,89
2910c21b-964a-af83-2fdf-8d2996273fe2,2026-07-10T10:53:07.992,validation,OK,pacs.008,FAST,5316.62,USD,**************9037,US,46
2910c21b-964a-af83-2fdf-8d2996273fe2,2026-07-10T10:53:08.128,aml,OK,pacs.008,FAST,5316.62,USD,**************9037,US,45
2910c21b-964a-af83-2fdf-8d2996273fe2,2026-07-10T10:53:08.169,payment-hub,OK,pacs.008,FAST,5316.62,USD,**************9037,US,138
2910c21b-964a-af83-2fdf-8d2996273fe2,2026-07-10T10:53:08.311,core-banking,OK,pacs.008,FAST,5316.62,USD,**************9037,US,162
2910c21b-964a-af83-2fdf-8d2996273fe2,2026-07-10T10:53:08.378,settlement,SETTLED,pacs.008,FAST,5316.62,USD,**************9037,US,270
