uetr,ts,service,status,msg_type,rail,amount,currency,debtor_account,country,latency_ms
7da19b11-5300-0597-toe1-21aq73187ct1,2026-07-08T06:26:58.162,gateway,OK,pacs.008,SWIFT,780.68,EUR,**************1948,SG,31
7da19b11-5300-0597-toe1-21aq73187ct1,2026-07-08T06:26:58.280,auth,OK,pacs.008,SWIFT,780.68,EUR,**************1948,SG,65
7da19b11-5300-0597-toe1-21aq73187ct1,2026-07-08T06:26:58.362,validation,OK,pacs.008,SWIFT,780.68,EUR,**************1948,SG,78
7da19b11-5300-0597-toe1-21aq73187ct1,2026-07-08T06:26:58.470,aml,OK,pacs.008,SWIFT,780.68,EUR,**************1948,SG,87
7da19b11-5300-0597-toe1-21aq73187ct1,2026-07-08T06:26:58.590,payment-hub,OK,pacs.008,SWIFT,780.68,EUR,**************1948,SG,37
7da19b11-5300-0597-toe1-21aq73187ct1,2026-07-08T06:26:58.752,core-banking,OK,pacs.008,SWIFT,780.68,EUR,**************1948,SG,234
7da19b11-5300-0597-toe1-21aq73187ct1,2026-07-08T06:26:58.787,settlement,SETTLED,pacs.008,SWIFT,780.68,EUR,**************1948,SG,201
8sb48c47-5433-7808-cak2-76fb19721rg2,2026-07-09T06:20:56.853,gateway,OK,pacs.008,SWIFT,6539.09,SGD,**************6859,IN,59
8sb48c47-5433-7808-cak2-76fb19721rg2,2026-07-09T06:20:56.951,auth,OK,pacs.008,SWIFT,6539.09,SGD,**************6859,IN,89
8sb48c47-5433-7808-cak2-76fb19721rg2,2026-07-09T06:20:56.992,validation,OK,pacs.008,SWIFT,6539.09,SGD,**************6859,IN,100
8sb48c47-5433-7808-cak2-76fb19721rg2,2026-07-09T06:20:57.115,aml,OK,pacs.008,SWIFT,6539.09,SGD,**************6859,IN,293
8sb48c47-5433-7808-cak2-76fb19721rg2,2026-07-09T06:20:57.233,payment-hub,OK,pacs.008,SWIFT,6539.09,SGD,**************6859,IN,89
8sb48c47-5433-7808-cak2-76fb19721rg2,2026-07-09T06:21:27.238,core-banking,OK,pacs.008,SWIFT,6539.09,SGD,**************6859,IN,201
8sb48c47-5433-7808-cak2-76fb19721rg2,2026-07-09T06:21:27.313,settlement,SETTLED,pacs.008,SWIFT,6539.09,SGD,**************6859,IN,88
0ly18e47-0640-2424-eyo0-96yl75977bz7,2026-07-06T07:37:19.002,gateway,OK,MT103,FAST,2272.05,MYR,**************3387,IN,16
0ly18e47-0640-2424-eyo0-96yl75977bz7,2026-07-06T07:37:19.064,auth,OK,MT103,FAST,2272.05,MYR,**************3387,IN,55
0ly18e47-0640-2424-eyo0-96yl75977bz7,2026-07-06T07:37:19.087,validation,OK,MT103,FAST,2272.05,MYR,**************3387,IN,62
0ly18e47-0640-2424-eyo0-96yl75977bz7,2026-07-06T07:37:19.145,aml,OK,MT103,FAST,2272.05,MYR,**************3387,IN,153
0ly18e47-0640-2424-eyo0-96yl75977bz7,2026-07-06T07:37:19.374,payment-hub,OK,MT103,FAST,2272.05,MYR,**************3387,IN,64
0ly18e47-0640-2424-eyo0-96yl75977bz7,2026-07-06T07:37:19.433,core-banking,OK,MT103,FAST,2272.05,MYR,**************3387,IN,97
0ly18e47-0640-2424-eyo0-96yl75977bz7,2026-07-06T07:37:19.549,settlement,SETTLED,MT103,FAST,2272.05,MYR,**************3387,IN,61
9fo87j41-2661-8176-viu3-51ww29425zz7,2026-07-03T04:11:24.446,gateway,OK,0200,SWIFT,290.91,USD,**************9868,HK,22
9fo87j41-2661-8176-viu3-51ww29425zz7,2026-07-03T04:11:24.539,auth,OK,0200,SWIFT,290.91,USD,**************9868,HK,83
9fo87j41-2661-8176-viu3-51ww29425zz7,2026-07-03T04:11:24.623,validation,OK,0200,SWIFT,290.91,USD,**************9868,HK,87
9fo87j41-2661-8176-viu3-51ww29425zz7,2026-07-03T04:11:24.685,aml,OK,0200,SWIFT,290.91,USD,**************9868,HK,93
9fo87j41-2661-8176-viu3-51ww29425zz7,2026-07-03T04:11:24.872,payment-hub,OK,0200,SWIFT,290.91,USD,**************9868,HK,136
9fo87j41-2661-8176-viu3-51ww29425zz7,2026-07-03T04:11:25.001,core-banking,OK,0200,SWIFT,290.91,USD,**************9868,HK,128
9fo87j41-2661-8176-viu3-51ww29425zz7,2026-07-03T04:11:25.266,settlement,SETTLED,0200,SWIFT,290.91,USD,**************9868,HK,288
1cm30j03-8154-7194-cwn3-16gw78353qw6,2026-07-02T15:14:53.324,gateway,OK,MT103,SWIFT,215.15,USD,**************6355,US,32
1cm30j03-8154-7194-cwn3-16gw78353qw6,2026-07-02T15:14:53.603,auth,OK,MT103,SWIFT,215.15,USD,**************6355,US,54
1cm30j03-8154-7194-cwn3-16gw78353qw6,2026-07-02T15:14:53.721,validation,OK,MT103,SWIFT,215.15,USD,**************6355,US,66
1cm30j03-8154-7194-cwn3-16gw78353qw6,2026-07-02T15:14:53.806,aml,OK,MT103,SWIFT,215.15,USD,**************6355,US,135
1cm30j03-8154-7194-cwn3-16gw78353qw6,2026-07-02T15:14:54.042,payment-hub,OK,MT103,SWIFT,215.15,USD,**************6355,US,47
1cm30j03-8154-7194-cwn3-16gw78353qw6,2026-07-02T15:14:54.151,core-banking,OK,MT103,SWIFT,215.15,USD,**************6355,US,75
1cm30j03-8154-7194-cwn3-16gw78353qw6,2026-07-02T15:14:54.195,settlement,SETTLED,MT103,SWIFT,215.15,USD,**************6355,US,76
2sg40l82-7875-2209-fer1-52av01230nm5,2026-07-09T01:13:04.204,gateway,OK,MT103,FAST,258.96,GBP,**************0008,SG,23
2sg40l82-7875-2209-fer1-52av01230nm5,2026-07-09T01:13:04.344,auth,OK,MT103,FAST,258.96,GBP,**************0008,SG,88
2sg40l82-7875-2209-fer1-52av01230nm5,2026-07-09T01:13:04.477,validation,OK,MT103,FAST,258.96,GBP,**************0008,SG,109
2sg40l82-7875-2209-fer1-52av01230nm5,2026-07-09T01:13:04.557,aml,TIMEOUT,MT103,FAST,258.96,GBP,**************0008,SG,30000
2sg40l82-7875-2209-fer1-52av01230nm5,2026-07-09T01:13:04.709,payment-hub,FAILED,MT103,FAST,258.96,GBP,**************0008,SG,103
3vm48u46-5928-1446-msi8-16ig49605oh7,2026-07-12T00:46:42.137,gateway,OK,pacs.008,FAST,674.72,SGD,**************8296,SG,48
3vm48u46-5928-1446-msi8-16ig49605oh7,2026-07-12T00:46:42.228,auth,OK,pacs.008,FAST,674.72,SGD,**************8296,SG,41
3vm48u46-5928-1446-msi8-16ig49605oh7,2026-07-12T00:46:42.295,validation,OK,pacs.008,FAST,674.72,SGD,**************8296,SG,40
3vm48u46-5928-1446-msi8-16ig49605oh7,2026-07-12T00:46:42.357,aml,OK,pacs.008,FAST,674.72,SGD,**************8296,SG,239
3vm48u46-5928-1446-msi8-16ig49605oh7,2026-07-12T00:46:42.429,payment-hub,OK,pacs.008,FAST,674.72,SGD,**************8296,SG,51
3vm48u46-5928-1446-msi8-16ig49605oh7,2026-07-12T00:46:42.482,core-banking,OK,pacs.008,FAST,674.72,SGD,**************8296,SG,184
3vm48u46-5928-1446-msi8-16ig49605oh7,2026-07-12T00:46:42.593,settlement,SETTLED,pacs.008,FAST,674.72,SGD,**************8296,SG,341
2mj01p64-6726-7249-lut5-32qs77071al7,2026-07-05T16:53:43.022,gateway,OK,pacs.008,FAST,790.31,USD,**************7183,SG,18
2mj01p64-6726-7249-lut5-32qs77071al7,2026-07-05T16:53:43.072,auth,OK,pacs.008,FAST,790.31,USD,**************7183,SG,41
2mj01p64-6726-7249-lut5-32qs77071al7,2026-07-05T16:53:43.219,validation,OK,pacs.008,FAST,790.31,USD,**************7183,SG,72
2mj01p64-6726-7249-lut5-32qs77071al7,2026-07-05T16:53:43.275,aml,OK,pacs.008,FAST,790.31,USD,**************7183,SG,106
2mj01p64-6726-7249-lut5-32qs77071al7,2026-07-05T16:53:43.390,payment-hub,OK,pacs.008,FAST,790.31,USD,**************7183,SG,42
2mj01p64-6726-7249-lut5-32qs77071al7,2026-07-05T16:53:43.478,core-banking,OK,pacs.008,FAST,790.31,USD,**************7183,SG,231
2mj01p64-6726-7249-lut5-32qs77071al7,2026-07-05T16:53:43.551,settlement,SETTLED,pacs.008,FAST,790.31,USD,**************7183,SG,111
1es55y44-9594-9384-crw9-35qk57418ss8,2026-07-09T22:38:52.211,gateway,OK,pacs.008,SWIFT,220.62,MYR,**************1067,IN,21
1es55y44-9594-9384-crw9-35qk57418ss8,2026-07-09T22:38:52.293,auth,OK,pacs.008,SWIFT,220.62,MYR,**************1067,IN,55
1es55y44-9594-9384-crw9-35qk57418ss8,2026-07-09T22:38:52.412,validation,OK,pacs.008,SWIFT,220.62,MYR,**************1067,IN,38
1es55y44-9594-9384-crw9-35qk57418ss8,2026-07-09T22:38:52.715,aml,OK,pacs.008,SWIFT,220.62,MYR,**************1067,IN,147
1es55y44-9594-9384-crw9-35qk57418ss8,2026-07-09T22:38:52.785,payment-hub,OK,pacs.008,SWIFT,220.62,MYR,**************1067,IN,138
1es55y44-9594-9384-crw9-35qk57418ss8,2026-07-09T22:38:52.849,core-banking,OK,pacs.008,SWIFT,220.62,MYR,**************1067,IN,110
1es55y44-9594-9384-crw9-35qk57418ss8,2026-07-09T22:38:52.936,settlement,SETTLED,pacs.008,SWIFT,220.62,MYR,**************1067,IN,185
1hi52a60-0325-8568-cyj4-79hl81095sh2,2026-07-14T22:32:58.550,gateway,OK,pacs.008,SWIFT,297.7,MYR,**************1687,GB,26
1hi52a60-0325-8568-cyj4-79hl81095sh2,2026-07-14T22:32:58.661,auth,OK,pacs.008,SWIFT,297.7,MYR,**************1687,GB,32
1hi52a60-0325-8568-cyj4-79hl81095sh2,2026-07-14T22:32:58.784,validation,OK,pacs.008,SWIFT,297.7,MYR,**************1687,GB,36
1hi52a60-0325-8568-cyj4-79hl81095sh2,2026-07-14T22:32:58.929,aml,OK,pacs.008,SWIFT,297.7,MYR,**************1687,GB,282
1hi52a60-0325-8568-cyj4-79hl81095sh2,2026-07-14T22:32:59.032,payment-hub,OK,pacs.008,SWIFT,297.7,MYR,**************1687,GB,111
1hi52a60-0325-8568-cyj4-79hl81095sh2,2026-07-14T22:32:59.144,core-banking,OK,pacs.008,SWIFT,297.7,MYR,**************1687,GB,240
1hi52a60-0325-8568-cyj4-79hl81095sh2,2026-07-14T22:32:59.250,settlement,SETTLED,pacs.008,SWIFT,297.7,MYR,**************1687,GB,75
7pv28t91-2832-8865-ewr9-89to05156bt9,2026-07-03T23:09:56.041,gateway,OK,pacs.008,SWIFT,276.33,SGD,**************1979,SG,25
7pv28t91-2832-8865-ewr9-89to05156bt9,2026-07-03T23:09:56.106,auth,OK,pacs.008,SWIFT,276.33,SGD,**************1979,SG,24
7pv28t91-2832-8865-ewr9-89to05156bt9,2026-07-03T23:09:56.234,validation,OK,pacs.008,SWIFT,276.33,SGD,**************1979,SG,120
7pv28t91-2832-8865-ewr9-89to05156bt9,2026-07-03T23:09:56.311,aml,OK,pacs.008,SWIFT,276.33,SGD,**************1979,SG,47
7pv28t91-2832-8865-ewr9-89to05156bt9,2026-07-03T23:09:56.394,payment-hub,OK,pacs.008,SWIFT,276.33,SGD,**************1979,SG,91
7pv28t91-2832-8865-ewr9-89to05156bt9,2026-07-03T23:09:56.431,core-banking,OK,pacs.008,SWIFT,276.33,SGD,**************1979,SG,93
7pv28t91-2832-8865-ewr9-89to05156bt9,2026-07-03T23:09:56.481,settlement,SETTLED,pacs.008,SWIFT,276.33,SGD,**************1979,SG,361
1kh93l86-9700-7146-kep3-05sl62103yg9,2026-07-11T10:26:13.657,gateway,OK,pacs.008,FAST,92.71,USD,**************5440,SG,42
1kh93l86-9700-7146-kep3-05sl62103yg9,2026-07-11T10:26:13.911,auth,OK,pacs.008,FAST,92.71,USD,**************5440,SG,89
1kh93l86-9700-7146-kep3-05sl62103yg9,2026-07-11T10:26:14.139,validation,OK,pacs.008,FAST,92.71,USD,**************5440,SG,110
1kh93l86-9700-7146-kep3-05sl62103yg9,2026-07-11T10:26:14.223,aml,TIMEOUT,pacs.008,FAST,92.71,USD,**************5440,SG,30000
1kh93l86-9700-7146-kep3-05sl62103yg9,2026-07-11T10:26:14.292,payment-hub,FAILED,pacs.008,FAST,92.71,USD,**************5440,SG,145
9rx28e40-9759-5466-ylh4-05si18903rs9,2026-07-05T06:43:16.184,gateway,OK,pacs.008,FAST,739.19,USD,**************2332,SG,57
9rx28e40-9759-5466-ylh4-05si18903rs9,2026-07-05T06:43:16.261,auth,OK,pacs.008,FAST,739.19,USD,**************2332,SG,24
9rx28e40-9759-5466-ylh4-05si18903rs9,2026-07-05T06:43:16.522,validation,OK,pacs.008,FAST,739.19,USD,**************2332,SG,78
9rx28e40-9759-5466-ylh4-05si18903rs9,2026-07-05T06:43:16.743,aml,OK,pacs.008,FAST,739.19,USD,**************2332,SG,296
9rx28e40-9759-5466-ylh4-05si18903rs9,2026-07-05T06:43:16.846,payment-hub,OK,pacs.008,FAST,739.19,USD,**************2332,SG,36
9rx28e40-9759-5466-ylh4-05si18903rs9,2026-07-05T06:43:16.889,core-banking,OK,pacs.008,FAST,739.19,USD,**************2332,SG,249
9rx28e40-9759-5466-ylh4-05si18903rs9,2026-07-05T06:43:16.962,settlement,SETTLED,pacs.008,FAST,739.19,USD,**************2332,SG,214
5rf54l42-7208-6337-ixf5-96qp99778ox5,2026-07-06T19:25:22.172,gateway,OK,pacs.008,FAST,979.73,SGD,**************6053,HK,33
5rf54l42-7208-6337-ixf5-96qp99778ox5,2026-07-06T19:25:22.332,auth,OK,pacs.008,FAST,979.73,SGD,**************6053,HK,52
5rf54l42-7208-6337-ixf5-96qp99778ox5,2026-07-06T19:25:22.436,validation,OK,pacs.008,FAST,979.73,SGD,**************6053,HK,37
5rf54l42-7208-6337-ixf5-96qp99778ox5,2026-07-06T19:25:22.639,aml,OK,pacs.008,FAST,979.73,SGD,**************6053,HK,223
5rf54l42-7208-6337-ixf5-96qp99778ox5,2026-07-06T19:25:22.715,payment-hub,OK,pacs.008,FAST,979.73,SGD,**************6053,HK,142
5rf54l42-7208-6337-ixf5-96qp99778ox5,2026-07-06T19:25:22.984,core-banking,OK,pacs.008,FAST,979.73,SGD,**************6053,HK,62
5rf54l42-7208-6337-ixf5-96qp99778ox5,2026-07-06T19:25:23.124,settlement,SETTLED,pacs.008,FAST,979.73,SGD,**************6053,HK,393
9dw86s21-7718-8243-wck6-48lm83977ko8,2026-07-07T11:24:08.285,gateway,OK,MT103,FAST,1426.64,EUR,**************6578,SG,16
9dw86s21-7718-8243-wck6-48lm83977ko8,2026-07-07T11:24:08.383,auth,OK,MT103,FAST,1426.64,EUR,**************6578,SG,54
9dw86s21-7718-8243-wck6-48lm83977ko8,2026-07-07T11:24:08.456,validation,OK,MT103,FAST,1426.64,EUR,**************6578,SG,105
9dw86s21-7718-8243-wck6-48lm83977ko8,2026-07-07T11:24:08.529,aml,OK,MT103,FAST,1426.64,EUR,**************6578,SG,297
9dw86s21-7718-8243-wck6-48lm83977ko8,2026-07-07T11:24:08.604,payment-hub,OK,MT103,FAST,1426.64,EUR,**************6578,SG,40
9dw86s21-7718-8243-wck6-48lm83977ko8,2026-07-07T11:24:08.691,core-banking,OK,MT103,FAST,1426.64,EUR,**************6578,SG,137
9dw86s21-7718-8243-wck6-48lm83977ko8,2026-07-07T11:24:08.975,settlement,SETTLED,MT103,FAST,1426.64,EUR,**************6578,SG,269
1rz71c32-9526-4340-fvk9-10bz46554sn9,2026-07-05T01:09:03.629,gateway,OK,pacs.008,SWIFT,3041.53,USD,**************4865,SG,32
1rz71c32-9526-4340-fvk9-10bz46554sn9,2026-07-05T01:09:03.703,auth,OK,pacs.008,SWIFT,3041.53,USD,**************4865,SG,44
1rz71c32-9526-4340-fvk9-10bz46554sn9,2026-07-05T01:09:03.855,validation,OK,pacs.008,SWIFT,3041.53,USD,**************4865,SG,49
1rz71c32-9526-4340-fvk9-10bz46554sn9,2026-07-05T01:09:03.962,aml,OK,pacs.008,SWIFT,3041.53,USD,**************4865,SG,135
1rz71c32-9526-4340-fvk9-10bz46554sn9,2026-07-05T01:09:04.011,payment-hub,OK,pacs.008,SWIFT,3041.53,USD,**************4865,SG,75
1rz71c32-9526-4340-fvk9-10bz46554sn9,2026-07-05T01:09:04.103,core-banking,OK,pacs.008,SWIFT,3041.53,USD,**************4865,SG,209
1rz71c32-9526-4340-fvk9-10bz46554sn9,2026-07-05T01:09:04.178,settlement,SETTLED,pacs.008,SWIFT,3041.53,USD,**************4865,SG,366
2mm04t94-5932-3979-onq5-84zn64975hj2,2026-07-14T02:14:56.368,gateway,OK,pacs.008,FAST,432.95,MYR,**************2320,SG,19
2mm04t94-5932-3979-onq5-84zn64975hj2,2026-07-14T02:14:56.435,auth,OK,pacs.008,FAST,432.95,MYR,**************2320,SG,68
2mm04t94-5932-3979-onq5-84zn64975hj2,2026-07-14T02:14:56.607,validation,OK,pacs.008,FAST,432.95,MYR,**************2320,SG,69
2mm04t94-5932-3979-onq5-84zn64975hj2,2026-07-14T02:14:56.660,aml,OK,pacs.008,FAST,432.95,MYR,**************2320,SG,244
2mm04t94-5932-3979-onq5-84zn64975hj2,2026-07-14T02:15:26.675,payment-hub,OK,pacs.008,FAST,432.95,MYR,**************2320,SG,91
2mm04t94-5932-3979-onq5-84zn64975hj2,2026-07-14T02:15:56.695,core-banking,OK,pacs.008,FAST,432.95,MYR,**************2320,SG,171
2mm04t94-5932-3979-onq5-84zn64975hj2,2026-07-14T02:15:56.933,settlement,SETTLED,pacs.008,FAST,432.95,MYR,**************2320,SG,317
2nf03s85-8367-0861-wwc1-36wp63485qq7,2026-07-11T03:26:48.571,gateway,OK,MT103,FAST,1268.41,USD,**************9252,SG,16
2nf03s85-8367-0861-wwc1-36wp63485qq7,2026-07-11T03:26:48.637,auth,OK,MT103,FAST,1268.41,USD,**************9252,SG,67
2nf03s85-8367-0861-wwc1-36wp63485qq7,2026-07-11T03:26:48.763,validation,OK,MT103,FAST,1268.41,USD,**************9252,SG,100
2nf03s85-8367-0861-wwc1-36wp63485qq7,2026-07-11T03:26:48.816,aml,OK,MT103,FAST,1268.41,USD,**************9252,SG,281
2nf03s85-8367-0861-wwc1-36wp63485qq7,2026-07-11T03:26:48.990,payment-hub,OK,MT103,FAST,1268.41,USD,**************9252,SG,127
2nf03s85-8367-0861-wwc1-36wp63485qq7,2026-07-11T03:26:49.151,core-banking,OK,MT103,FAST,1268.41,USD,**************9252,SG,76
2nf03s85-8367-0861-wwc1-36wp63485qq7,2026-07-11T03:26:49.188,settlement,SETTLED,MT103,FAST,1268.41,USD,**************9252,SG,103
1jz08f22-6628-2417-rzk9-24yn74521zo3,2026-07-12T08:41:53.920,gateway,OK,pacs.008,FAST,429.0,USD,**************2117,SG,47
1jz08f22-6628-2417-rzk9-24yn74521zo3,2026-07-12T08:41:54.011,auth,OK,pacs.008,FAST,429.0,USD,**************2117,SG,67
1jz08f22-6628-2417-rzk9-24yn74521zo3,2026-07-12T08:41:54.101,validation,OK,pacs.008,FAST,429.0,USD,**************2117,SG,68
1jz08f22-6628-2417-rzk9-24yn74521zo3,2026-07-12T08:41:54.326,aml,OK,pacs.008,FAST,429.0,USD,**************2117,SG,171
1jz08f22-6628-2417-rzk9-24yn74521zo3,2026-07-12T08:41:54.396,payment-hub,OK,pacs.008,FAST,429.0,USD,**************2117,SG,85
1jz08f22-6628-2417-rzk9-24yn74521zo3,2026-07-12T08:41:54.515,core-banking,OK,pacs.008,FAST,429.0,USD,**************2117,SG,151
1jz08f22-6628-2417-rzk9-24yn74521zo3,2026-07-12T08:41:54.772,settlement,SETTLED,pacs.008,FAST,429.0,USD,**************2117,SG,127
7hy14e84-2633-8823-kxv9-60ql33800lo3,2026-07-08T08:15:05.293,gateway,OK,0200,SWIFT,273.14,SGD,**************0663,SG,44
7hy14e84-2633-8823-kxv9-60ql33800lo3,2026-07-08T08:15:05.414,auth,OK,0200,SWIFT,273.14,SGD,**************0663,SG,31
7hy14e84-2633-8823-kxv9-60ql33800lo3,2026-07-08T08:15:05.460,validation,OK,0200,SWIFT,273.14,SGD,**************0663,SG,25
7hy14e84-2633-8823-kxv9-60ql33800lo3,2026-07-08T08:15:35.497,aml,OK,0200,SWIFT,273.14,SGD,**************0663,SG,262
7hy14e84-2633-8823-kxv9-60ql33800lo3,2026-07-08T08:15:35.574,payment-hub,OK,0200,SWIFT,273.14,SGD,**************0663,SG,91
7hy14e84-2633-8823-kxv9-60ql33800lo3,2026-07-08T08:15:35.734,core-banking,OK,0200,SWIFT,273.14,SGD,**************0663,SG,224
7hy14e84-2633-8823-kxv9-60ql33800lo3,2026-07-08T08:15:35.806,settlement,SETTLED,0200,SWIFT,273.14,SGD,**************0663,SG,348
0nn76k98-3999-7479-aaj9-17sy36630nm1,2026-07-02T20:58:26.951,gateway,OK,pacs.008,SWIFT,482.88,SGD,**************6594,HK,29
0nn76k98-3999-7479-aaj9-17sy36630nm1,2026-07-02T20:58:27.111,auth,OK,pacs.008,SWIFT,482.88,SGD,**************6594,HK,90
0nn76k98-3999-7479-aaj9-17sy36630nm1,2026-07-02T20:58:27.410,validation,OK,pacs.008,SWIFT,482.88,SGD,**************6594,HK,73
0nn76k98-3999-7479-aaj9-17sy36630nm1,2026-07-02T20:58:27.466,aml,OK,pacs.008,SWIFT,482.88,SGD,**************6594,HK,286
0nn76k98-3999-7479-aaj9-17sy36630nm1,2026-07-02T20:58:27.543,payment-hub,OK,pacs.008,SWIFT,482.88,SGD,**************6594,HK,58
0nn76k98-3999-7479-aaj9-17sy36630nm1,2026-07-02T20:58:27.613,core-banking,OK,pacs.008,SWIFT,482.88,SGD,**************6594,HK,224
0nn76k98-3999-7479-aaj9-17sy36630nm1,2026-07-02T20:58:27.670,settlement,SETTLED,pacs.008,SWIFT,482.88,SGD,**************6594,HK,206
6ff91z52-3186-0248-alq0-48ab67042ht7,2026-07-08T18:25:18.064,gateway,OK,pacs.008,FAST,174.83,MYR,**************4373,SG,49
6ff91z52-3186-0248-alq0-48ab67042ht7,2026-07-08T18:25:18.182,auth,OK,pacs.008,FAST,174.83,MYR,**************4373,SG,84
6ff91z52-3186-0248-alq0-48ab67042ht7,2026-07-08T18:25:18.233,validation,OK,pacs.008,FAST,174.83,MYR,**************4373,SG,53
6ff91z52-3186-0248-alq0-48ab67042ht7,2026-07-08T18:25:18.287,aml,OK,pacs.008,FAST,174.83,MYR,**************4373,SG,187
6ff91z52-3186-0248-alq0-48ab67042ht7,2026-07-08T18:25:18.378,payment-hub,OK,pacs.008,FAST,174.83,MYR,**************4373,SG,102
6ff91z52-3186-0248-alq0-48ab67042ht7,2026-07-08T18:25:18.442,core-banking,OK,pacs.008,FAST,174.83,MYR,**************4373,SG,219
6ff91z52-3186-0248-alq0-48ab67042ht7,2026-07-08T18:25:18.501,settlement,SETTLED,pacs.008,FAST,174.83,MYR,**************4373,SG,124
9bj37o24-2648-0459-gfw0-49pa62659jd1,2026-07-13T17:28:38.847,gateway,OK,pacs.008,SWIFT,498.85,SGD,**************1068,SG,40
9bj37o24-2648-0459-gfw0-49pa62659jd1,2026-07-13T17:28:38.929,auth,OK,pacs.008,SWIFT,498.85,SGD,**************1068,SG,42
9bj37o24-2648-0459-gfw0-49pa62659jd1,2026-07-13T17:28:39.045,validation,OK,pacs.008,SWIFT,498.85,SGD,**************1068,SG,45
9bj37o24-2648-0459-gfw0-49pa62659jd1,2026-07-13T17:29:09.084,aml,OK,pacs.008,SWIFT,498.85,SGD,**************1068,SG,233
9bj37o24-2648-0459-gfw0-49pa62659jd1,2026-07-13T17:29:09.121,payment-hub,OK,pacs.008,SWIFT,498.85,SGD,**************1068,SG,145
9bj37o24-2648-0459-gfw0-49pa62659jd1,2026-07-13T17:29:09.410,core-banking,OK,pacs.008,SWIFT,498.85,SGD,**************1068,SG,195
9bj37o24-2648-0459-gfw0-49pa62659jd1,2026-07-13T17:29:09.554,settlement,SETTLED,pacs.008,SWIFT,498.85,SGD,**************1068,SG,318
9xn95q90-6782-6188-kus8-83uq16158eu1,2026-07-04T17:36:23.574,gateway,OK,0200,SWIFT,752.53,SGD,**************7049,MY,48
9xn95q90-6782-6188-kus8-83uq16158eu1,2026-07-04T17:36:23.793,auth,OK,0200,SWIFT,752.53,SGD,**************7049,MY,47
9xn95q90-6782-6188-kus8-83uq16158eu1,2026-07-04T17:36:23.822,validation,OK,0200,SWIFT,752.53,SGD,**************7049,MY,99
9xn95q90-6782-6188-kus8-83uq16158eu1,2026-07-04T17:36:23.883,aml,OK,0200,SWIFT,752.53,SGD,**************7049,MY,240
9xn95q90-6782-6188-kus8-83uq16158eu1,2026-07-04T17:36:23.966,payment-hub,OK,0200,SWIFT,752.53,SGD,**************7049,MY,98
9xn95q90-6782-6188-kus8-83uq16158eu1,2026-07-04T17:36:24.086,core-banking,OK,0200,SWIFT,752.53,SGD,**************7049,MY,62
9xn95q90-6782-6188-kus8-83uq16158eu1,2026-07-04T17:36:24.143,settlement,SETTLED,0200,SWIFT,752.53,SGD,**************7049,MY,86
5xt74y11-9790-5099-gdz7-82sb48964st0,2026-07-08T19:41:02.392,gateway,OK,MT103,SWIFT,3078.62,MYR,**************4875,SG,40
5xt74y11-9790-5099-gdz7-82sb48964st0,2026-07-08T19:41:02.455,auth,OK,MT103,SWIFT,3078.62,MYR,**************4875,SG,35
5xt74y11-9790-5099-gdz7-82sb48964st0,2026-07-08T19:41:02.537,validation,OK,MT103,SWIFT,3078.62,MYR,**************4875,SG,59
5xt74y11-9790-5099-gdz7-82sb48964st0,2026-07-08T19:41:02.564,aml,OK,MT103,SWIFT,3078.62,MYR,**************4875,SG,163
5xt74y11-9790-5099-gdz7-82sb48964st0,2026-07-08T19:41:02.629,payment-hub,OK,MT103,SWIFT,3078.62,MYR,**************4875,SG,68
5xt74y11-9790-5099-gdz7-82sb48964st0,2026-07-08T19:41:02.714,core-banking,OK,MT103,SWIFT,3078.62,MYR,**************4875,SG,243
5xt74y11-9790-5099-gdz7-82sb48964st0,2026-07-08T19:41:02.736,settlement,SETTLED,MT103,SWIFT,3078.62,MYR,**************4875,SG,96
9uk85x31-8314-0110-jrt5-96ty06713cl5,2026-07-02T01:25:28.471,gateway,OK,pacs.008,SWIFT,629.08,GBP,**************2610,HK,41
9uk85x31-8314-0110-jrt5-96ty06713cl5,2026-07-02T01:25:28.593,auth,OK,pacs.008,SWIFT,629.08,GBP,**************2610,HK,56
9uk85x31-8314-0110-jrt5-96ty06713cl5,2026-07-02T01:25:28.843,validation,OK,pacs.008,SWIFT,629.08,GBP,**************2610,HK,113
9uk85x31-8314-0110-jrt5-96ty06713cl5,2026-07-02T01:25:28.929,aml,TIMEOUT,pacs.008,SWIFT,629.08,GBP,**************2610,HK,30000
9uk85x31-8314-0110-jrt5-96ty06713cl5,2026-07-02T01:25:29.014,payment-hub,FAILED,pacs.008,SWIFT,629.08,GBP,**************2610,HK,70
5ml10e27-5210-4920-tkr9-79cq65065gr2,2026-07-08T00:33:04.085,gateway,OK,pacs.008,SWIFT,51.36,SGD,**************7553,SG,44
5ml10e27-5210-4920-tkr9-79cq65065gr2,2026-07-08T00:33:04.182,auth,OK,pacs.008,SWIFT,51.36,SGD,**************7553,SG,37
5ml10e27-5210-4920-tkr9-79cq65065gr2,2026-07-08T00:33:04.236,validation,OK,pacs.008,SWIFT,51.36,SGD,**************7553,SG,98
5ml10e27-5210-4920-tkr9-79cq65065gr2,2026-07-08T00:33:04.320,aml,OK,pacs.008,SWIFT,51.36,SGD,**************7553,SG,176
5ml10e27-5210-4920-tkr9-79cq65065gr2,2026-07-08T00:33:04.398,payment-hub,OK,pacs.008,SWIFT,51.36,SGD,**************7553,SG,91
5ml10e27-5210-4920-tkr9-79cq65065gr2,2026-07-08T00:33:04.476,core-banking,OK,pacs.008,SWIFT,51.36,SGD,**************7553,SG,55
5ml10e27-5210-4920-tkr9-79cq65065gr2,2026-07-08T00:33:04.529,settlement,SETTLED,pacs.008,SWIFT,51.36,SGD,**************7553,SG,199
9sh62u67-2687-9649-iie5-24tj34229us7,2026-07-04T04:11:28.816,gateway,OK,pacs.008,FAST,258.95,SGD,**************9394,SG,18
9sh62u67-2687-9649-iie5-24tj34229us7,2026-07-04T04:11:28.874,auth,OK,pacs.008,FAST,258.95,SGD,**************9394,SG,50
9sh62u67-2687-9649-iie5-24tj34229us7,2026-07-04T04:11:29.014,validation,OK,pacs.008,FAST,258.95,SGD,**************9394,SG,79
9sh62u67-2687-9649-iie5-24tj34229us7,2026-07-04T04:11:29.059,aml,OK,pacs.008,FAST,258.95,SGD,**************9394,SG,130
9sh62u67-2687-9649-iie5-24tj34229us7,2026-07-04T04:11:29.322,payment-hub,OK,pacs.008,FAST,258.95,SGD,**************9394,SG,44
9sh62u67-2687-9649-iie5-24tj34229us7,2026-07-04T04:11:29.479,core-banking,OK,pacs.008,FAST,258.95,SGD,**************9394,SG,82
9sh62u67-2687-9649-iie5-24tj34229us7,2026-07-04T04:11:29.638,settlement,SETTLED,pacs.008,FAST,258.95,SGD,**************9394,SG,162
0in50l08-0394-3764-krm6-47uq09954gz5,2026-07-04T12:37:40.386,gateway,OK,MT103,FAST,559.72,SGD,**************6289,SG,25
0in50l08-0394-3764-krm6-47uq09954gz5,2026-07-04T12:37:40.571,auth,OK,MT103,FAST,559.72,SGD,**************6289,SG,54
0in50l08-0394-3764-krm6-47uq09954gz5,2026-07-04T12:37:40.616,validation,OK,MT103,FAST,559.72,SGD,**************6289,SG,110
0in50l08-0394-3764-krm6-47uq09954gz5,2026-07-04T12:37:40.660,aml,OK,MT103,FAST,559.72,SGD,**************6289,SG,160
0in50l08-0394-3764-krm6-47uq09954gz5,2026-07-04T12:37:40.790,payment-hub,OK,MT103,FAST,559.72,SGD,**************6289,SG,118
0in50l08-0394-3764-krm6-47uq09954gz5,2026-07-04T12:37:40.845,core-banking,OK,MT103,FAST,559.72,SGD,**************6289,SG,62
0in50l08-0394-3764-krm6-47uq09954gz5,2026-07-04T12:37:40.988,settlement,SETTLED,MT103,FAST,559.72,SGD,**************6289,SG,227
1mt55n46-6449-2795-gqw2-06so92364ln9,2026-07-07T11:56:50.715,gateway,OK,pacs.008,FAST,707.96,MYR,**************7982,SG,39
1mt55n46-6449-2795-gqw2-06so92364ln9,2026-07-07T11:56:50.758,auth,OK,pacs.008,FAST,707.96,MYR,**************7982,SG,86
1mt55n46-6449-2795-gqw2-06so92364ln9,2026-07-07T11:56:50.930,validation,OK,pacs.008,FAST,707.96,MYR,**************7982,SG,54
1mt55n46-6449-2795-gqw2-06so92364ln9,2026-07-07T11:56:51.053,aml,TIMEOUT,pacs.008,FAST,707.96,MYR,**************7982,SG,30000
1mt55n46-6449-2795-gqw2-06so92364ln9,2026-07-07T11:56:51.126,payment-hub,FAILED,pacs.008,FAST,707.96,MYR,**************7982,SG,121
4hk87k12-8426-7447-cfq7-70bu43626ts1,2026-07-07T02:01:43.461,gateway,OK,MT103,FAST,6839.92,USD,**************2610,HK,40
4hk87k12-8426-7447-cfq7-70bu43626ts1,2026-07-07T02:01:43.724,auth,OK,MT103,FAST,6839.92,USD,**************2610,HK,49
4hk87k12-8426-7447-cfq7-70bu43626ts1,2026-07-07T02:01:43.799,validation,OK,MT103,FAST,6839.92,USD,**************2610,HK,41
4hk87k12-8426-7447-cfq7-70bu43626ts1,2026-07-07T02:01:43.846,aml,OK,MT103,FAST,6839.92,USD,**************2610,HK,238
4hk87k12-8426-7447-cfq7-70bu43626ts1,2026-07-07T02:01:43.981,payment-hub,OK,MT103,FAST,6839.92,USD,**************2610,HK,96
4hk87k12-8426-7447-cfq7-70bu43626ts1,2026-07-07T02:01:44.051,core-banking,OK,MT103,FAST,6839.92,USD,**************2610,HK,224
4hk87k12-8426-7447-cfq7-70bu43626ts1,2026-07-07T02:01:44.155,settlement,SETTLED,MT103,FAST,6839.92,USD,**************2610,HK,222
3ej54f98-6703-9976-dzf9-01de21751ra1,2026-07-11T00:22:21.378,gateway,OK,pacs.008,CARDS,1094.43,SGD,**************7995,SG,49
3ej54f98-6703-9976-dzf9-01de21751ra1,2026-07-11T00:22:21.470,auth,OK,pacs.008,CARDS,1094.43,SGD,**************7995,SG,47
3ej54f98-6703-9976-dzf9-01de21751ra1,2026-07-11T00:22:21.495,validation,OK,pacs.008,CARDS,1094.43,SGD,**************7995,SG,110
3ej54f98-6703-9976-dzf9-01de21751ra1,2026-07-11T00:22:21.635,aml,OK,pacs.008,CARDS,1094.43,SGD,**************7995,SG,72
3ej54f98-6703-9976-dzf9-01de21751ra1,2026-07-11T00:22:21.803,payment-hub,OK,pacs.008,CARDS,1094.43,SGD,**************7995,SG,131
3ej54f98-6703-9976-dzf9-01de21751ra1,2026-07-11T00:22:21.859,core-banking,OK,pacs.008,CARDS,1094.43,SGD,**************7995,SG,150
3ej54f98-6703-9976-dzf9-01de21751ra1,2026-07-11T00:22:21.929,settlement,SETTLED,pacs.008,CARDS,1094.43,SGD,**************7995,SG,180
3ek64t64-5731-5034-uxm8-58px44225ta0,2026-07-06T05:23:02.978,gateway,OK,pacs.008,FAST,1927.81,SGD,**************4191,US,36
3ek64t64-5731-5034-uxm8-58px44225ta0,2026-07-06T05:23:03.128,auth,OK,pacs.008,FAST,1927.81,SGD,**************4191,US,23
3ek64t64-5731-5034-uxm8-58px44225ta0,2026-07-06T05:23:03.209,validation,OK,pacs.008,FAST,1927.81,SGD,**************4191,US,85
3ek64t64-5731-5034-uxm8-58px44225ta0,2026-07-06T05:23:03.294,aml,OK,pacs.008,FAST,1927.81,SGD,**************4191,US,176
3ek64t64-5731-5034-uxm8-58px44225ta0,2026-07-06T05:23:03.361,payment-hub,OK,pacs.008,FAST,1927.81,SGD,**************4191,US,68
3ek64t64-5731-5034-uxm8-58px44225ta0,2026-07-06T05:23:33.370,core-banking,OK,pacs.008,FAST,1927.81,SGD,**************4191,US,190
3ek64t64-5731-5034-uxm8-58px44225ta0,2026-07-06T05:23:33.621,settlement,SETTLED,pacs.008,FAST,1927.81,SGD,**************4191,US,63
5yq59l71-6146-8152-mip0-60na38981sc8,2026-07-03T13:44:22.230,gateway,OK,0200,FAST,425.67,SGD,**************8773,SG,31
5yq59l71-6146-8152-mip0-60na38981sc8,2026-07-03T13:44:22.377,auth,OK,0200,FAST,425.67,SGD,**************8773,SG,48
5yq59l71-6146-8152-mip0-60na38981sc8,2026-07-03T13:44:22.479,validation,REJECTED,0200,FAST,425.67,SGD,**************8773,SG,48
5lw70u00-0983-9164-qry3-44vz11945vk6,2026-07-06T06:27:52.629,gateway,OK,pacs.008,FAST,1867.18,EUR,**************0736,US,44
5lw70u00-0983-9164-qry3-44vz11945vk6,2026-07-06T06:27:52.739,auth,OK,pacs.008,FAST,1867.18,EUR,**************0736,US,28
5lw70u00-0983-9164-qry3-44vz11945vk6,2026-07-06T06:27:52.862,validation,OK,pacs.008,FAST,1867.18,EUR,**************0736,US,100
5lw70u00-0983-9164-qry3-44vz11945vk6,2026-07-06T06:27:52.941,aml,OK,pacs.008,FAST,1867.18,EUR,**************0736,US,52
5lw70u00-0983-9164-qry3-44vz11945vk6,2026-07-06T06:27:52.991,payment-hub,OK,pacs.008,FAST,1867.18,EUR,**************0736,US,54
5lw70u00-0983-9164-qry3-44vz11945vk6,2026-07-06T06:27:53.087,core-banking,OK,pacs.008,FAST,1867.18,EUR,**************0736,US,86
5lw70u00-0983-9164-qry3-44vz11945vk6,2026-07-06T06:27:53.143,settlement,SETTLED,pacs.008,FAST,1867.18,EUR,**************0736,US,286
7ub76r53-3340-6807-ain0-90tt66217hs0,2026-07-04T03:53:45.889,gateway,OK,MT103,SWIFT,1557.63,MYR,**************5561,HK,29
7ub76r53-3340-6807-ain0-90tt66217hs0,2026-07-04T03:54:15.910,auth,OK,MT103,SWIFT,1557.63,MYR,**************5561,HK,69
7ub76r53-3340-6807-ain0-90tt66217hs0,2026-07-04T03:54:15.959,validation,OK,MT103,SWIFT,1557.63,MYR,**************5561,HK,25
7ub76r53-3340-6807-ain0-90tt66217hs0,2026-07-04T03:54:16.159,aml,OK,MT103,SWIFT,1557.63,MYR,**************5561,HK,80
7ub76r53-3340-6807-ain0-90tt66217hs0,2026-07-04T03:54:16.229,payment-hub,OK,MT103,SWIFT,1557.63,MYR,**************5561,HK,133
7ub76r53-3340-6807-ain0-90tt66217hs0,2026-07-04T03:54:16.300,core-banking,OK,MT103,SWIFT,1557.63,MYR,**************5561,HK,190
7ub76r53-3340-6807-ain0-90tt66217hs0,2026-07-04T03:54:16.512,settlement,SETTLED,MT103,SWIFT,1557.63,MYR,**************5561,HK,319
3ud40g96-6803-2151-rcc1-70gm63595bb6,2026-07-03T22:38:09.259,gateway,OK,pacs.008,FAST,268.66,SGD,**************6245,GB,45
3ud40g96-6803-2151-rcc1-70gm63595bb6,2026-07-03T22:38:09.382,auth,OK,pacs.008,FAST,268.66,SGD,**************6245,GB,33
3ud40g96-6803-2151-rcc1-70gm63595bb6,2026-07-03T22:38:09.504,validation,OK,pacs.008,FAST,268.66,SGD,**************6245,GB,101
3ud40g96-6803-2151-rcc1-70gm63595bb6,2026-07-03T22:38:09.595,aml,OK,pacs.008,FAST,268.66,SGD,**************6245,GB,97
3ud40g96-6803-2151-rcc1-70gm63595bb6,2026-07-03T22:38:09.764,payment-hub,OK,pacs.008,FAST,268.66,SGD,**************6245,GB,77
3ud40g96-6803-2151-rcc1-70gm63595bb6,2026-07-03T22:38:09.905,core-banking,OK,pacs.008,FAST,268.66,SGD,**************6245,GB,179
3ud40g96-6803-2151-rcc1-70gm63595bb6,2026-07-03T22:38:09.961,settlement,SETTLED,pacs.008,FAST,268.66,SGD,**************6245,GB,158
8no37s78-5895-9471-qip5-75de21464oq9,2026-07-14T19:03:07.475,gateway,OK,pacs.008,FAST,1268.32,USD,**************6826,IN,44
8no37s78-5895-9471-qip5-75de21464oq9,2026-07-14T19:03:37.493,auth,OK,pacs.008,FAST,1268.32,USD,**************6826,IN,73
8no37s78-5895-9471-qip5-75de21464oq9,2026-07-14T19:03:37.585,validation,OK,pacs.008,FAST,1268.32,USD,**************6826,IN,93
8no37s78-5895-9471-qip5-75de21464oq9,2026-07-14T19:03:37.685,aml,OK,pacs.008,FAST,1268.32,USD,**************6826,IN,171
8no37s78-5895-9471-qip5-75de21464oq9,2026-07-14T19:03:37.767,payment-hub,OK,pacs.008,FAST,1268.32,USD,**************6826,IN,126
8no37s78-5895-9471-qip5-75de21464oq9,2026-07-14T19:03:37.950,core-banking,OK,pacs.008,FAST,1268.32,USD,**************6826,IN,133
8no37s78-5895-9471-qip5-75de21464oq9,2026-07-14T19:03:38.135,settlement,SETTLED,pacs.008,FAST,1268.32,USD,**************6826,IN,72
9ii18s80-7578-1803-bgc1-66yl51439re5,2026-07-02T00:09:27.828,gateway,OK,pacs.008,SWIFT,5559.05,SGD,**************9063,US,16
9ii18s80-7578-1803-bgc1-66yl51439re5,2026-07-02T00:09:27.885,auth,OK,pacs.008,SWIFT,5559.05,SGD,**************9063,US,89
9ii18s80-7578-1803-bgc1-66yl51439re5,2026-07-02T00:09:27.969,validation,OK,pacs.008,SWIFT,5559.05,SGD,**************9063,US,38
9ii18s80-7578-1803-bgc1-66yl51439re5,2026-07-02T00:09:28.058,aml,OK,pacs.008,SWIFT,5559.05,SGD,**************9063,US,65
9ii18s80-7578-1803-bgc1-66yl51439re5,2026-07-02T00:09:28.195,payment-hub,OK,pacs.008,SWIFT,5559.05,SGD,**************9063,US,112
9ii18s80-7578-1803-bgc1-66yl51439re5,2026-07-02T00:09:28.291,core-banking,OK,pacs.008,SWIFT,5559.05,SGD,**************9063,US,89
9ii18s80-7578-1803-bgc1-66yl51439re5,2026-07-02T00:09:28.453,settlement,SETTLED,pacs.008,SWIFT,5559.05,SGD,**************9063,US,391
5iq70q70-6031-4248-wnz9-24py18135od7,2026-07-04T13:13:25.611,gateway,OK,pacs.008,SWIFT,344.15,GBP,**************7276,IN,60
5iq70q70-6031-4248-wnz9-24py18135od7,2026-07-04T13:13:25.726,auth,OK,pacs.008,SWIFT,344.15,GBP,**************7276,IN,47
5iq70q70-6031-4248-wnz9-24py18135od7,2026-07-04T13:13:25.818,validation,OK,pacs.008,SWIFT,344.15,GBP,**************7276,IN,59
5iq70q70-6031-4248-wnz9-24py18135od7,2026-07-04T13:13:25.922,aml,OK,pacs.008,SWIFT,344.15,GBP,**************7276,IN,238
5iq70q70-6031-4248-wnz9-24py18135od7,2026-07-04T13:13:25.968,payment-hub,OK,pacs.008,SWIFT,344.15,GBP,**************7276,IN,150
5iq70q70-6031-4248-wnz9-24py18135od7,2026-07-04T13:13:26.048,core-banking,OK,pacs.008,SWIFT,344.15,GBP,**************7276,IN,129
5iq70q70-6031-4248-wnz9-24py18135od7,2026-07-04T13:13:26.134,settlement,SETTLED,pacs.008,SWIFT,344.15,GBP,**************7276,IN,206
9dp76w44-1630-8884-uze7-47wq53378rd6,2026-07-12T03:28:29.998,gateway,OK,pacs.008,FAST,1201.84,USD,**************6769,IN,58
9dp76w44-1630-8884-uze7-47wq53378rd6,2026-07-12T03:28:30.050,auth,OK,pacs.008,FAST,1201.84,USD,**************6769,IN,31
9dp76w44-1630-8884-uze7-47wq53378rd6,2026-07-12T03:28:30.211,validation,OK,pacs.008,FAST,1201.84,USD,**************6769,IN,52
9dp76w44-1630-8884-uze7-47wq53378rd6,2026-07-12T03:28:30.285,aml,OK,pacs.008,FAST,1201.84,USD,**************6769,IN,250
9dp76w44-1630-8884-uze7-47wq53378rd6,2026-07-12T03:28:30.357,payment-hub,OK,pacs.008,FAST,1201.84,USD,**************6769,IN,42
9dp76w44-1630-8884-uze7-47wq53378rd6,2026-07-12T03:28:30.620,core-banking,OK,pacs.008,FAST,1201.84,USD,**************6769,IN,70
9dp76w44-1630-8884-uze7-47wq53378rd6,2026-07-12T03:28:30.691,settlement,SETTLED,pacs.008,FAST,1201.84,USD,**************6769,IN,298
1cy30v96-4362-3323-dwa4-48ge09946kx7,2026-07-14T11:48:40.448,gateway,OK,pacs.008,FAST,2580.96,EUR,**************7964,MY,55
1cy30v96-4362-3323-dwa4-48ge09946kx7,2026-07-14T11:48:40.711,auth,OK,pacs.008,FAST,2580.96,EUR,**************7964,MY,62
1cy30v96-4362-3323-dwa4-48ge09946kx7,2026-07-14T11:48:40.800,validation,OK,pacs.008,FAST,2580.96,EUR,**************7964,MY,31
1cy30v96-4362-3323-dwa4-48ge09946kx7,2026-07-14T11:48:40.896,aml,OK,pacs.008,FAST,2580.96,EUR,**************7964,MY,89
1cy30v96-4362-3323-dwa4-48ge09946kx7,2026-07-14T11:48:41.065,payment-hub,OK,pacs.008,FAST,2580.96,EUR,**************7964,MY,62
1cy30v96-4362-3323-dwa4-48ge09946kx7,2026-07-14T11:48:41.136,core-banking,OK,pacs.008,FAST,2580.96,EUR,**************7964,MY,136
1cy30v96-4362-3323-dwa4-48ge09946kx7,2026-07-14T11:48:41.225,settlement,SETTLED,pacs.008,FAST,2580.96,EUR,**************7964,MY,203
3fy28n72-5227-7552-hgd4-85vz74398mc5,2026-07-02T20:29:10.287,gateway,OK,pacs.008,FAST,884.75,USD,**************7350,SG,48
3fy28n72-5227-7552-hgd4-85vz74398mc5,2026-07-02T20:29:10.539,auth,OK,pacs.008,FAST,884.75,USD,**************7350,SG,86
3fy28n72-5227-7552-hgd4-85vz74398mc5,2026-07-02T20:29:10.649,validation,REJECTED,pacs.008,FAST,884.75,USD,**************7350,SG,31
6vm63g54-2292-6487-inh6-61ck49001wa1,2026-07-10T07:47:27.033,gateway,OK,MT103,FAST,546.48,USD,**************6165,IN,46
6vm63g54-2292-6487-inh6-61ck49001wa1,2026-07-10T07:47:27.130,auth,OK,MT103,FAST,546.48,USD,**************6165,IN,85
6vm63g54-2292-6487-inh6-61ck49001wa1,2026-07-10T07:47:27.156,validation,OK,MT103,FAST,546.48,USD,**************6165,IN,47
6vm63g54-2292-6487-inh6-61ck49001wa1,2026-07-10T07:47:27.416,aml,OK,MT103,FAST,546.48,USD,**************6165,IN,51
6vm63g54-2292-6487-inh6-61ck49001wa1,2026-07-10T07:47:27.607,payment-hub,OK,MT103,FAST,546.48,USD,**************6165,IN,65
6vm63g54-2292-6487-inh6-61ck49001wa1,2026-07-10T07:47:27.728,core-banking,OK,MT103,FAST,546.48,USD,**************6165,IN,226
6vm63g54-2292-6487-inh6-61ck49001wa1,2026-07-10T07:47:27.936,settlement,SETTLED,MT103,FAST,546.48,USD,**************6165,IN,87
7wi34f19-1159-0542-oos1-67dp27825qr0,2026-07-13T03:12:06.235,gateway,OK,MT103,FAST,525.4,SGD,**************3311,GB,51
7wi34f19-1159-0542-oos1-67dp27825qr0,2026-07-13T03:12:06.313,auth,OK,MT103,FAST,525.4,SGD,**************3311,GB,50
7wi34f19-1159-0542-oos1-67dp27825qr0,2026-07-13T03:12:06.465,validation,OK,MT103,FAST,525.4,SGD,**************3311,GB,95
7wi34f19-1159-0542-oos1-67dp27825qr0,2026-07-13T03:12:06.676,aml,OK,MT103,FAST,525.4,SGD,**************3311,GB,253
7wi34f19-1159-0542-oos1-67dp27825qr0,2026-07-13T03:12:06.756,payment-hub,OK,MT103,FAST,525.4,SGD,**************3311,GB,30
7wi34f19-1159-0542-oos1-67dp27825qr0,2026-07-13T03:12:06.981,core-banking,OK,MT103,FAST,525.4,SGD,**************3311,GB,162
7wi34f19-1159-0542-oos1-67dp27825qr0,2026-07-13T03:12:07.026,settlement,SETTLED,MT103,FAST,525.4,SGD,**************3311,GB,283
3wq39a25-5203-0231-jkx6-51ii56210hh8,2026-07-03T10:36:17.845,gateway,OK,pacs.008,FAST,1197.59,SGD,**************7728,SG,46
3wq39a25-5203-0231-jkx6-51ii56210hh8,2026-07-03T10:36:17.907,auth,OK,pacs.008,FAST,1197.59,SGD,**************7728,SG,58
3wq39a25-5203-0231-jkx6-51ii56210hh8,2026-07-03T10:36:47.936,validation,OK,pacs.008,FAST,1197.59,SGD,**************7728,SG,65
3wq39a25-5203-0231-jkx6-51ii56210hh8,2026-07-03T10:36:48.042,aml,OK,pacs.008,FAST,1197.59,SGD,**************7728,SG,120
3wq39a25-5203-0231-jkx6-51ii56210hh8,2026-07-03T10:36:48.110,payment-hub,OK,pacs.008,FAST,1197.59,SGD,**************7728,SG,30
3wq39a25-5203-0231-jkx6-51ii56210hh8,2026-07-03T10:36:48.196,core-banking,OK,pacs.008,FAST,1197.59,SGD,**************7728,SG,190
3wq39a25-5203-0231-jkx6-51ii56210hh8,2026-07-03T10:36:48.269,settlement,SETTLED,pacs.008,FAST,1197.59,SGD,**************7728,SG,174
0te16y78-5959-6906-jkv9-92cr59714qn7,2026-07-14T06:57:32.334,gateway,OK,0200,FAST,779.93,USD,**************3680,SG,28
0te16y78-5959-6906-jkv9-92cr59714qn7,2026-07-14T06:57:32.499,auth,OK,0200,FAST,779.93,USD,**************3680,SG,76
0te16y78-5959-6906-jkv9-92cr59714qn7,2026-07-14T06:57:32.814,validation,OK,0200,FAST,779.93,USD,**************3680,SG,49
0te16y78-5959-6906-jkv9-92cr59714qn7,2026-07-14T06:57:33.047,aml,OK,0200,FAST,779.93,USD,**************3680,SG,299
0te16y78-5959-6906-jkv9-92cr59714qn7,2026-07-14T06:57:33.139,payment-hub,OK,0200,FAST,779.93,USD,**************3680,SG,44
0te16y78-5959-6906-jkv9-92cr59714qn7,2026-07-14T06:57:33.212,core-banking,OK,0200,FAST,779.93,USD,**************3680,SG,182
0te16y78-5959-6906-jkv9-92cr59714qn7,2026-07-14T06:57:33.281,settlement,SETTLED,0200,FAST,779.93,USD,**************3680,SG,137
9ry31z83-6794-4146-ldi7-54xd71949uv9,2026-07-05T10:08:13.722,gateway,OK,pacs.008,FAST,453.48,SGD,**************0437,HK,47
9ry31z83-6794-4146-ldi7-54xd71949uv9,2026-07-05T10:08:13.823,auth,OK,pacs.008,FAST,453.48,SGD,**************0437,HK,65
9ry31z83-6794-4146-ldi7-54xd71949uv9,2026-07-05T10:08:13.948,validation,OK,pacs.008,FAST,453.48,SGD,**************0437,HK,47
9ry31z83-6794-4146-ldi7-54xd71949uv9,2026-07-05T10:08:14.034,aml,OK,pacs.008,FAST,453.48,SGD,**************0437,HK,95
9ry31z83-6794-4146-ldi7-54xd71949uv9,2026-07-05T10:08:14.243,payment-hub,OK,pacs.008,FAST,453.48,SGD,**************0437,HK,49
9ry31z83-6794-4146-ldi7-54xd71949uv9,2026-07-05T10:08:14.297,core-banking,OK,pacs.008,FAST,453.48,SGD,**************0437,HK,248
9ry31z83-6794-4146-ldi7-54xd71949uv9,2026-07-05T10:08:44.313,settlement,SETTLED,pacs.008,FAST,453.48,SGD,**************0437,HK,65
5pf39r06-5505-9473-oaw0-71sk13458ng0,2026-07-08T16:55:30.443,gateway,OK,MT103,FAST,231.97,GBP,**************5138,GB,28
5pf39r06-5505-9473-oaw0-71sk13458ng0,2026-07-08T16:55:30.545,auth,OK,MT103,FAST,231.97,GBP,**************5138,GB,74
5pf39r06-5505-9473-oaw0-71sk13458ng0,2026-07-08T16:56:00.557,validation,OK,MT103,FAST,231.97,GBP,**************5138,GB,46
5pf39r06-5505-9473-oaw0-71sk13458ng0,2026-07-08T16:56:00.783,aml,OK,MT103,FAST,231.97,GBP,**************5138,GB,229
5pf39r06-5505-9473-oaw0-71sk13458ng0,2026-07-08T16:56:00.833,payment-hub,OK,MT103,FAST,231.97,GBP,**************5138,GB,60
5pf39r06-5505-9473-oaw0-71sk13458ng0,2026-07-08T16:56:00.887,core-banking,OK,MT103,FAST,231.97,GBP,**************5138,GB,235
5pf39r06-5505-9473-oaw0-71sk13458ng0,2026-07-08T16:56:01.040,settlement,SETTLED,MT103,FAST,231.97,GBP,**************5138,GB,298
8jx94l86-7532-6047-jqj9-95qy48586fy4,2026-07-01T22:25:36.008,gateway,OK,MT103,SWIFT,2152.41,EUR,**************3298,SG,27
8jx94l86-7532-6047-jqj9-95qy48586fy4,2026-07-01T22:25:36.087,auth,OK,MT103,SWIFT,2152.41,EUR,**************3298,SG,41
8jx94l86-7532-6047-jqj9-95qy48586fy4,2026-07-01T22:25:36.268,validation,OK,MT103,SWIFT,2152.41,EUR,**************3298,SG,38
8jx94l86-7532-6047-jqj9-95qy48586fy4,2026-07-01T22:25:36.394,aml,OK,MT103,SWIFT,2152.41,EUR,**************3298,SG,196
8jx94l86-7532-6047-jqj9-95qy48586fy4,2026-07-01T22:25:36.460,payment-hub,OK,MT103,SWIFT,2152.41,EUR,**************3298,SG,32
8jx94l86-7532-6047-jqj9-95qy48586fy4,2026-07-01T22:25:36.549,core-banking,OK,MT103,SWIFT,2152.41,EUR,**************3298,SG,166
8jx94l86-7532-6047-jqj9-95qy48586fy4,2026-07-01T22:25:36.752,settlement,SETTLED,MT103,SWIFT,2152.41,EUR,**************3298,SG,143
9wq21e01-5598-8014-tpr5-76hz02668nw4,2026-07-13T11:06:51.192,gateway,OK,MT103,FAST,1684.24,SGD,**************1913,SG,17
9wq21e01-5598-8014-tpr5-76hz02668nw4,2026-07-13T11:06:51.292,auth,OK,MT103,FAST,1684.24,SGD,**************1913,SG,26
9wq21e01-5598-8014-tpr5-76hz02668nw4,2026-07-13T11:06:51.336,validation,OK,MT103,FAST,1684.24,SGD,**************1913,SG,85
9wq21e01-5598-8014-tpr5-76hz02668nw4,2026-07-13T11:06:51.400,aml,TIMEOUT,MT103,FAST,1684.24,SGD,**************1913,SG,30000
9wq21e01-5598-8014-tpr5-76hz02668nw4,2026-07-13T11:06:51.439,payment-hub,FAILED,MT103,FAST,1684.24,SGD,**************1913,SG,52
9kq16f04-6089-7142-piw2-06mu00550jx5,2026-07-05T10:20:15.413,gateway,OK,0200,FAST,880.79,SGD,**************6790,MY,19
9kq16f04-6089-7142-piw2-06mu00550jx5,2026-07-05T10:20:15.485,auth,OK,0200,FAST,880.79,SGD,**************6790,MY,71
9kq16f04-6089-7142-piw2-06mu00550jx5,2026-07-05T10:20:15.691,validation,OK,0200,FAST,880.79,SGD,**************6790,MY,93
9kq16f04-6089-7142-piw2-06mu00550jx5,2026-07-05T10:20:15.740,aml,OK,0200,FAST,880.79,SGD,**************6790,MY,75
9kq16f04-6089-7142-piw2-06mu00550jx5,2026-07-05T10:20:16.037,payment-hub,OK,0200,FAST,880.79,SGD,**************6790,MY,37
9kq16f04-6089-7142-piw2-06mu00550jx5,2026-07-05T10:20:16.147,core-banking,OK,0200,FAST,880.79,SGD,**************6790,MY,142
9kq16f04-6089-7142-piw2-06mu00550jx5,2026-07-05T10:20:16.235,settlement,SETTLED,0200,FAST,880.79,SGD,**************6790,MY,211
3dm98t29-6369-7407-osf0-61wo21436sh6,2026-07-03T08:48:29.977,gateway,OK,MT103,FAST,1153.88,MYR,**************7204,GB,42
3dm98t29-6369-7407-osf0-61wo21436sh6,2026-07-03T08:48:30.031,auth,OK,MT103,FAST,1153.88,MYR,**************7204,GB,23
3dm98t29-6369-7407-osf0-61wo21436sh6,2026-07-03T08:48:30.156,validation,OK,MT103,FAST,1153.88,MYR,**************7204,GB,101
3dm98t29-6369-7407-osf0-61wo21436sh6,2026-07-03T08:48:30.327,aml,OK,MT103,FAST,1153.88,MYR,**************7204,GB,239
3dm98t29-6369-7407-osf0-61wo21436sh6,2026-07-03T08:48:30.455,payment-hub,OK,MT103,FAST,1153.88,MYR,**************7204,GB,142
3dm98t29-6369-7407-osf0-61wo21436sh6,2026-07-03T08:48:30.517,core-banking,OK,MT103,FAST,1153.88,MYR,**************7204,GB,178
3dm98t29-6369-7407-osf0-61wo21436sh6,2026-07-03T08:48:30.634,settlement,SETTLED,MT103,FAST,1153.88,MYR,**************7204,GB,95
5ar32g58-4553-8988-fvi0-95di92100lh2,2026-07-06T19:43:42.416,gateway,OK,MT103,SWIFT,608.67,SGD,**************8614,SG,48
5ar32g58-4553-8988-fvi0-95di92100lh2,2026-07-06T19:43:42.482,auth,OK,MT103,SWIFT,608.67,SGD,**************8614,SG,79
5ar32g58-4553-8988-fvi0-95di92100lh2,2026-07-06T19:43:42.715,validation,REJECTED,MT103,SWIFT,608.67,SGD,**************8614,SG,34
0an75u52-7274-5857-wvz4-17vi03787ib4,2026-07-13T21:03:19.171,gateway,OK,pacs.008,FAST,540.22,INR,**************4269,GB,47
0an75u52-7274-5857-wvz4-17vi03787ib4,2026-07-13T21:03:19.370,auth,OK,pacs.008,FAST,540.22,INR,**************4269,GB,65
0an75u52-7274-5857-wvz4-17vi03787ib4,2026-07-13T21:03:19.485,validation,OK,pacs.008,FAST,540.22,INR,**************4269,GB,87
0an75u52-7274-5857-wvz4-17vi03787ib4,2026-07-13T21:03:49.502,aml,OK,pacs.008,FAST,540.22,INR,**************4269,GB,138
0an75u52-7274-5857-wvz4-17vi03787ib4,2026-07-13T21:03:49.663,payment-hub,OK,pacs.008,FAST,540.22,INR,**************4269,GB,113
0an75u52-7274-5857-wvz4-17vi03787ib4,2026-07-13T21:03:49.792,core-banking,OK,pacs.008,FAST,540.22,INR,**************4269,GB,136
0an75u52-7274-5857-wvz4-17vi03787ib4,2026-07-13T21:03:49.882,settlement,SETTLED,pacs.008,FAST,540.22,INR,**************4269,GB,90
8ix93p64-4880-9829-bxc1-58bw69547uw4,2026-07-04T00:02:17.501,gateway,OK,pacs.008,FAST,309.75,SGD,**************7359,US,33
8ix93p64-4880-9829-bxc1-58bw69547uw4,2026-07-04T00:02:17.599,auth,OK,pacs.008,FAST,309.75,SGD,**************7359,US,25
8ix93p64-4880-9829-bxc1-58bw69547uw4,2026-07-04T00:02:17.700,validation,OK,pacs.008,FAST,309.75,SGD,**************7359,US,26
8ix93p64-4880-9829-bxc1-58bw69547uw4,2026-07-04T00:02:17.779,aml,OK,pacs.008,FAST,309.75,SGD,**************7359,US,290
8ix93p64-4880-9829-bxc1-58bw69547uw4,2026-07-04T00:02:17.991,payment-hub,OK,pacs.008,FAST,309.75,SGD,**************7359,US,142
8ix93p64-4880-9829-bxc1-58bw69547uw4,2026-07-04T00:02:18.032,core-banking,OK,pacs.008,FAST,309.75,SGD,**************7359,US,232
8ix93p64-4880-9829-bxc1-58bw69547uw4,2026-07-04T00:02:48.052,settlement,SETTLED,pacs.008,FAST,309.75,SGD,**************7359,US,367
3qy96r07-5888-1265-zec8-11yt88757ye8,2026-07-07T19:54:42.064,gateway,OK,pacs.008,FAST,3392.28,SGD,**************6001,MY,17
3qy96r07-5888-1265-zec8-11yt88757ye8,2026-07-07T19:54:42.249,auth,OK,pacs.008,FAST,3392.28,SGD,**************6001,MY,59
3qy96r07-5888-1265-zec8-11yt88757ye8,2026-07-07T19:54:42.306,validation,OK,pacs.008,FAST,3392.28,SGD,**************6001,MY,62
3qy96r07-5888-1265-zec8-11yt88757ye8,2026-07-07T19:54:42.440,aml,OK,pacs.008,FAST,3392.28,SGD,**************6001,MY,190
3qy96r07-5888-1265-zec8-11yt88757ye8,2026-07-07T19:54:42.507,payment-hub,OK,pacs.008,FAST,3392.28,SGD,**************6001,MY,31
3qy96r07-5888-1265-zec8-11yt88757ye8,2026-07-07T19:54:42.688,core-banking,OK,pacs.008,FAST,3392.28,SGD,**************6001,MY,140
3qy96r07-5888-1265-zec8-11yt88757ye8,2026-07-07T19:54:42.720,settlement,SETTLED,pacs.008,FAST,3392.28,SGD,**************6001,MY,303
3aj43f22-8180-7632-inn1-82lv85482ln0,2026-07-10T09:50:07.857,gateway,OK,MT103,FAST,63.31,SGD,**************0108,GB,18
3aj43f22-8180-7632-inn1-82lv85482ln0,2026-07-10T09:50:07.903,auth,OK,MT103,FAST,63.31,SGD,**************0108,GB,65
3aj43f22-8180-7632-inn1-82lv85482ln0,2026-07-10T09:50:07.988,validation,OK,MT103,FAST,63.31,SGD,**************0108,GB,33
3aj43f22-8180-7632-inn1-82lv85482ln0,2026-07-10T09:50:08.063,aml,OK,MT103,FAST,63.31,SGD,**************0108,GB,212
3aj43f22-8180-7632-inn1-82lv85482ln0,2026-07-10T09:50:08.107,payment-hub,OK,MT103,FAST,63.31,SGD,**************0108,GB,88
3aj43f22-8180-7632-inn1-82lv85482ln0,2026-07-10T09:50:08.184,core-banking,OK,MT103,FAST,63.31,SGD,**************0108,GB,230
3aj43f22-8180-7632-inn1-82lv85482ln0,2026-07-10T09:50:08.259,settlement,SETTLED,MT103,FAST,63.31,SGD,**************0108,GB,269
4qr18a82-6346-2917-thp1-61is92128yq4,2026-07-02T16:05:41.265,gateway,OK,0200,CARDS,2176.3,USD,**************5056,MY,35
4qr18a82-6346-2917-thp1-61is92128yq4,2026-07-02T16:05:41.343,auth,OK,0200,CARDS,2176.3,USD,**************5056,MY,68
4qr18a82-6346-2917-thp1-61is92128yq4,2026-07-02T16:05:41.425,validation,OK,0200,CARDS,2176.3,USD,**************5056,MY,111
4qr18a82-6346-2917-thp1-61is92128yq4,2026-07-02T16:05:41.494,aml,OK,0200,CARDS,2176.3,USD,**************5056,MY,127
4qr18a82-6346-2917-thp1-61is92128yq4,2026-07-02T16:05:41.590,payment-hub,OK,0200,CARDS,2176.3,USD,**************5056,MY,90
4qr18a82-6346-2917-thp1-61is92128yq4,2026-07-02T16:05:41.700,core-banking,OK,0200,CARDS,2176.3,USD,**************5056,MY,104
4qr18a82-6346-2917-thp1-61is92128yq4,2026-07-02T16:05:41.790,settlement,SETTLED,0200,CARDS,2176.3,USD,**************5056,MY,397
6vk83m01-0176-6464-ysj2-24jg88395dd9,2026-07-10T09:53:02.787,gateway,OK,pacs.008,SWIFT,849.76,GBP,**************2817,MY,39
6vk83m01-0176-6464-ysj2-24jg88395dd9,2026-07-10T09:53:02.887,auth,OK,pacs.008,SWIFT,849.76,GBP,**************2817,MY,87
6vk83m01-0176-6464-ysj2-24jg88395dd9,2026-07-10T09:53:02.989,validation,OK,pacs.008,SWIFT,849.76,GBP,**************2817,MY,117
6vk83m01-0176-6464-ysj2-24jg88395dd9,2026-07-10T09:53:03.047,aml,OK,pacs.008,SWIFT,849.76,GBP,**************2817,MY,163
6vk83m01-0176-6464-ysj2-24jg88395dd9,2026-07-10T09:53:03.120,payment-hub,OK,pacs.008,SWIFT,849.76,GBP,**************2817,MY,95
6vk83m01-0176-6464-ysj2-24jg88395dd9,2026-07-10T09:53:03.322,core-banking,OK,pacs.008,SWIFT,849.76,GBP,**************2817,MY,160
6vk83m01-0176-6464-ysj2-24jg88395dd9,2026-07-10T09:53:03.376,settlement,SETTLED,pacs.008,SWIFT,849.76,GBP,**************2817,MY,73
4ok64n05-4422-0090-ail7-24ll11097kj6,2026-07-07T22:53:24.659,gateway,OK,pacs.008,FAST,470.74,USD,**************5340,HK,38
4ok64n05-4422-0090-ail7-24ll11097kj6,2026-07-07T22:53:24.709,auth,OK,pacs.008,FAST,470.74,USD,**************5340,HK,61
4ok64n05-4422-0090-ail7-24ll11097kj6,2026-07-07T22:53:24.958,validation,OK,pacs.008,FAST,470.74,USD,**************5340,HK,68
4ok64n05-4422-0090-ail7-24ll11097kj6,2026-07-07T22:53:25.020,aml,OK,pacs.008,FAST,470.74,USD,**************5340,HK,94
4ok64n05-4422-0090-ail7-24ll11097kj6,2026-07-07T22:53:25.083,payment-hub,OK,pacs.008,FAST,470.74,USD,**************5340,HK,95
4ok64n05-4422-0090-ail7-24ll11097kj6,2026-07-07T22:53:25.299,core-banking,OK,pacs.008,FAST,470.74,USD,**************5340,HK,67
4ok64n05-4422-0090-ail7-24ll11097kj6,2026-07-07T22:53:25.370,settlement,SETTLED,pacs.008,FAST,470.74,USD,**************5340,HK,253
9wt93y90-2286-4089-qgd5-63rw67701wu1,2026-07-01T13:33:53.450,gateway,OK,pacs.008,FAST,79.19,MYR,**************0523,SG,36
9wt93y90-2286-4089-qgd5-63rw67701wu1,2026-07-01T13:33:53.506,auth,OK,pacs.008,FAST,79.19,MYR,**************0523,SG,53
9wt93y90-2286-4089-qgd5-63rw67701wu1,2026-07-01T13:33:53.555,validation,OK,pacs.008,FAST,79.19,MYR,**************0523,SG,56
9wt93y90-2286-4089-qgd5-63rw67701wu1,2026-07-01T13:33:53.805,aml,OK,pacs.008,FAST,79.19,MYR,**************0523,SG,100
9wt93y90-2286-4089-qgd5-63rw67701wu1,2026-07-01T13:33:53.901,payment-hub,OK,pacs.008,FAST,79.19,MYR,**************0523,SG,115
9wt93y90-2286-4089-qgd5-63rw67701wu1,2026-07-01T13:33:54.004,core-banking,OK,pacs.008,FAST,79.19,MYR,**************0523,SG,145
9wt93y90-2286-4089-qgd5-63rw67701wu1,2026-07-01T13:33:54.060,settlement,SETTLED,pacs.008,FAST,79.19,MYR,**************0523,SG,64
1kw84t47-1841-4258-wal1-00oq84001yp5,2026-07-02T16:08:13.277,gateway,OK,pacs.008,FAST,211.85,GBP,**************3246,SG,35
1kw84t47-1841-4258-wal1-00oq84001yp5,2026-07-02T16:08:13.357,auth,OK,pacs.008,FAST,211.85,GBP,**************3246,SG,90
1kw84t47-1841-4258-wal1-00oq84001yp5,2026-07-02T16:08:13.645,validation,OK,pacs.008,FAST,211.85,GBP,**************3246,SG,32
1kw84t47-1841-4258-wal1-00oq84001yp5,2026-07-02T16:08:13.764,aml,TIMEOUT,pacs.008,FAST,211.85,GBP,**************3246,SG,30000
1kw84t47-1841-4258-wal1-00oq84001yp5,2026-07-02T16:08:13.830,payment-hub,FAILED,pacs.008,FAST,211.85,GBP,**************3246,SG,84
3fk20b71-8314-4240-aow1-23wc70776kg9,2026-07-07T05:30:28.511,gateway,OK,pacs.008,FAST,205.26,SGD,**************8269,GB,18
3fk20b71-8314-4240-aow1-23wc70776kg9,2026-07-07T05:30:28.584,auth,OK,pacs.008,FAST,205.26,SGD,**************8269,GB,88
3fk20b71-8314-4240-aow1-23wc70776kg9,2026-07-07T05:30:28.669,validation,OK,pacs.008,FAST,205.26,SGD,**************8269,GB,64
3fk20b71-8314-4240-aow1-23wc70776kg9,2026-07-07T05:30:28.945,aml,OK,pacs.008,FAST,205.26,SGD,**************8269,GB,139
3fk20b71-8314-4240-aow1-23wc70776kg9,2026-07-07T05:30:29.057,payment-hub,OK,pacs.008,FAST,205.26,SGD,**************8269,GB,132
3fk20b71-8314-4240-aow1-23wc70776kg9,2026-07-07T05:30:29.142,core-banking,OK,pacs.008,FAST,205.26,SGD,**************8269,GB,239
3fk20b71-8314-4240-aow1-23wc70776kg9,2026-07-07T05:30:29.303,settlement,SETTLED,pacs.008,FAST,205.26,SGD,**************8269,GB,105
2gv59u12-4576-8446-cej9-94us63369gi8,2026-07-08T05:20:01.689,gateway,OK,0200,FAST,398.98,SGD,**************2558,GB,23
2gv59u12-4576-8446-cej9-94us63369gi8,2026-07-08T05:20:01.908,auth,OK,0200,FAST,398.98,SGD,**************2558,GB,79
2gv59u12-4576-8446-cej9-94us63369gi8,2026-07-08T05:20:02.001,validation,OK,0200,FAST,398.98,SGD,**************2558,GB,111
2gv59u12-4576-8446-cej9-94us63369gi8,2026-07-08T05:20:32.033,aml,OK,0200,FAST,398.98,SGD,**************2558,GB,135
2gv59u12-4576-8446-cej9-94us63369gi8,2026-07-08T05:20:32.094,payment-hub,OK,0200,FAST,398.98,SGD,**************2558,GB,75
2gv59u12-4576-8446-cej9-94us63369gi8,2026-07-08T05:20:32.242,core-banking,OK,0200,FAST,398.98,SGD,**************2558,GB,72
2gv59u12-4576-8446-cej9-94us63369gi8,2026-07-08T05:20:32.397,settlement,SETTLED,0200,FAST,398.98,SGD,**************2558,GB,133
5lv32k43-8349-1997-acu3-60zt55268su1,2026-07-04T02:39:12.605,gateway,OK,MT103,SWIFT,385.76,USD,**************2370,US,20
5lv32k43-8349-1997-acu3-60zt55268su1,2026-07-04T02:39:12.685,auth,OK,MT103,SWIFT,385.76,USD,**************2370,US,83
5lv32k43-8349-1997-acu3-60zt55268su1,2026-07-04T02:39:12.730,validation,OK,MT103,SWIFT,385.76,USD,**************2370,US,80
5lv32k43-8349-1997-acu3-60zt55268su1,2026-07-04T02:39:12.965,aml,OK,MT103,SWIFT,385.76,USD,**************2370,US,71
5lv32k43-8349-1997-acu3-60zt55268su1,2026-07-04T02:39:13.206,payment-hub,OK,MT103,SWIFT,385.76,USD,**************2370,US,87
5lv32k43-8349-1997-acu3-60zt55268su1,2026-07-04T02:39:13.271,core-banking,OK,MT103,SWIFT,385.76,USD,**************2370,US,109
5lv32k43-8349-1997-acu3-60zt55268su1,2026-07-04T02:39:13.320,settlement,SETTLED,MT103,SWIFT,385.76,USD,**************2370,US,147
4cl02s45-2335-7556-hwb6-98ty11720qo8,2026-07-11T19:38:24.271,gateway,OK,pacs.008,FAST,418.28,USD,**************7632,IN,57
4cl02s45-2335-7556-hwb6-98ty11720qo8,2026-07-11T19:38:24.347,auth,OK,pacs.008,FAST,418.28,USD,**************7632,IN,83
4cl02s45-2335-7556-hwb6-98ty11720qo8,2026-07-11T19:38:24.419,validation,OK,pacs.008,FAST,418.28,USD,**************7632,IN,107
4cl02s45-2335-7556-hwb6-98ty11720qo8,2026-07-11T19:38:24.526,aml,OK,pacs.008,FAST,418.28,USD,**************7632,IN,201
4cl02s45-2335-7556-hwb6-98ty11720qo8,2026-07-11T19:38:24.596,payment-hub,OK,pacs.008,FAST,418.28,USD,**************7632,IN,119
4cl02s45-2335-7556-hwb6-98ty11720qo8,2026-07-11T19:38:54.605,core-banking,OK,pacs.008,FAST,418.28,USD,**************7632,IN,226
4cl02s45-2335-7556-hwb6-98ty11720qo8,2026-07-11T19:38:54.656,settlement,SETTLED,pacs.008,FAST,418.28,USD,**************7632,IN,340
2io48u40-3551-8866-bho8-00gs63611bx1,2026-07-03T00:01:26.795,gateway,OK,pacs.008,FAST,2252.45,USD,**************5311,SG,56
2io48u40-3551-8866-bho8-00gs63611bx1,2026-07-03T00:01:26.851,auth,OK,pacs.008,FAST,2252.45,USD,**************5311,SG,37
2io48u40-3551-8866-bho8-00gs63611bx1,2026-07-03T00:01:26.995,validation,OK,pacs.008,FAST,2252.45,USD,**************5311,SG,32
2io48u40-3551-8866-bho8-00gs63611bx1,2026-07-03T00:01:27.124,aml,OK,pacs.008,FAST,2252.45,USD,**************5311,SG,103
2io48u40-3551-8866-bho8-00gs63611bx1,2026-07-03T00:01:27.191,payment-hub,OK,pacs.008,FAST,2252.45,USD,**************5311,SG,89
2io48u40-3551-8866-bho8-00gs63611bx1,2026-07-03T00:01:27.308,core-banking,OK,pacs.008,FAST,2252.45,USD,**************5311,SG,139
2io48u40-3551-8866-bho8-00gs63611bx1,2026-07-03T00:01:27.552,settlement,SETTLED,pacs.008,FAST,2252.45,USD,**************5311,SG,297
4rb38o89-6221-5352-dri2-36sa31307sy2,2026-07-03T21:49:59.231,gateway,OK,pacs.008,FAST,470.51,GBP,**************9682,US,57
4rb38o89-6221-5352-dri2-36sa31307sy2,2026-07-03T21:49:59.334,auth,OK,pacs.008,FAST,470.51,GBP,**************9682,US,83
4rb38o89-6221-5352-dri2-36sa31307sy2,2026-07-03T21:49:59.429,validation,OK,pacs.008,FAST,470.51,GBP,**************9682,US,120
4rb38o89-6221-5352-dri2-36sa31307sy2,2026-07-03T21:49:59.566,aml,OK,pacs.008,FAST,470.51,GBP,**************9682,US,47
4rb38o89-6221-5352-dri2-36sa31307sy2,2026-07-03T21:49:59.642,payment-hub,OK,pacs.008,FAST,470.51,GBP,**************9682,US,106
4rb38o89-6221-5352-dri2-36sa31307sy2,2026-07-03T21:49:59.739,core-banking,OK,pacs.008,FAST,470.51,GBP,**************9682,US,182
4rb38o89-6221-5352-dri2-36sa31307sy2,2026-07-03T21:49:59.819,settlement,SETTLED,pacs.008,FAST,470.51,GBP,**************9682,US,320
8xo94v49-9934-5901-nui6-49uc47287eq4,2026-07-05T18:16:34.313,gateway,OK,pacs.008,CARDS,415.3,MYR,**************1239,MY,38
8xo94v49-9934-5901-nui6-49uc47287eq4,2026-07-05T18:16:34.393,auth,OK,pacs.008,CARDS,415.3,MYR,**************1239,MY,55
8xo94v49-9934-5901-nui6-49uc47287eq4,2026-07-05T18:16:34.494,validation,OK,pacs.008,CARDS,415.3,MYR,**************1239,MY,75
8xo94v49-9934-5901-nui6-49uc47287eq4,2026-07-05T18:16:34.541,aml,OK,pacs.008,CARDS,415.3,MYR,**************1239,MY,186
8xo94v49-9934-5901-nui6-49uc47287eq4,2026-07-05T18:16:34.569,payment-hub,OK,pacs.008,CARDS,415.3,MYR,**************1239,MY,116
8xo94v49-9934-5901-nui6-49uc47287eq4,2026-07-05T18:16:34.723,core-banking,OK,pacs.008,CARDS,415.3,MYR,**************1239,MY,89
8xo94v49-9934-5901-nui6-49uc47287eq4,2026-07-05T18:16:34.817,settlement,SETTLED,pacs.008,CARDS,415.3,MYR,**************1239,MY,348
5kj52g43-7800-7659-mut7-52ou36830el7,2026-07-01T13:56:07.098,gateway,OK,MT103,FAST,620.8,EUR,**************9994,SG,52
5kj52g43-7800-7659-mut7-52ou36830el7,2026-07-01T13:56:07.146,auth,OK,MT103,FAST,620.8,EUR,**************9994,SG,79
5kj52g43-7800-7659-mut7-52ou36830el7,2026-07-01T13:56:07.192,validation,OK,MT103,FAST,620.8,EUR,**************9994,SG,25
5kj52g43-7800-7659-mut7-52ou36830el7,2026-07-01T13:56:07.276,aml,OK,MT103,FAST,620.8,EUR,**************9994,SG,132
5kj52g43-7800-7659-mut7-52ou36830el7,2026-07-01T13:56:07.347,payment-hub,OK,MT103,FAST,620.8,EUR,**************9994,SG,131
5kj52g43-7800-7659-mut7-52ou36830el7,2026-07-01T13:56:07.475,core-banking,OK,MT103,FAST,620.8,EUR,**************9994,SG,95
5kj52g43-7800-7659-mut7-52ou36830el7,2026-07-01T13:56:07.509,settlement,SETTLED,MT103,FAST,620.8,EUR,**************9994,SG,116
1xn82m81-2362-0507-njw2-73uc28538sz6,2026-07-08T23:58:09.421,gateway,OK,0200,SWIFT,405.38,SGD,**************8907,SG,56
1xn82m81-2362-0507-njw2-73uc28538sz6,2026-07-08T23:58:09.544,auth,OK,0200,SWIFT,405.38,SGD,**************8907,SG,52
1xn82m81-2362-0507-njw2-73uc28538sz6,2026-07-08T23:58:09.566,validation,OK,0200,SWIFT,405.38,SGD,**************8907,SG,90
1xn82m81-2362-0507-njw2-73uc28538sz6,2026-07-08T23:58:09.625,aml,OK,0200,SWIFT,405.38,SGD,**************8907,SG,200
1xn82m81-2362-0507-njw2-73uc28538sz6,2026-07-08T23:58:09.710,payment-hub,OK,0200,SWIFT,405.38,SGD,**************8907,SG,145
1xn82m81-2362-0507-njw2-73uc28538sz6,2026-07-08T23:58:09.778,core-banking,OK,0200,SWIFT,405.38,SGD,**************8907,SG,167
1xn82m81-2362-0507-njw2-73uc28538sz6,2026-07-08T23:58:09.931,settlement,SETTLED,0200,SWIFT,405.38,SGD,**************8907,SG,121
2kd73v48-5290-9011-flh5-28zy51882kq2,2026-07-02T17:03:15.910,gateway,OK,MT103,FAST,3340.15,USD,**************4175,GB,38
2kd73v48-5290-9011-flh5-28zy51882kq2,2026-07-02T17:03:16.093,auth,OK,MT103,FAST,3340.15,USD,**************4175,GB,37
2kd73v48-5290-9011-flh5-28zy51882kq2,2026-07-02T17:03:16.210,validation,OK,MT103,FAST,3340.15,USD,**************4175,GB,55
2kd73v48-5290-9011-flh5-28zy51882kq2,2026-07-02T17:03:16.277,aml,TIMEOUT,MT103,FAST,3340.15,USD,**************4175,GB,30000
2kd73v48-5290-9011-flh5-28zy51882kq2,2026-07-02T17:03:16.385,payment-hub,FAILED,MT103,FAST,3340.15,USD,**************4175,GB,88
8jb78t95-5046-0494-res7-20ds14364ru1,2026-07-12T14:37:53.906,gateway,OK,MT103,CARDS,304.8,SGD,**************3167,MY,46
8jb78t95-5046-0494-res7-20ds14364ru1,2026-07-12T14:37:54.157,auth,OK,MT103,CARDS,304.8,SGD,**************3167,MY,38
8jb78t95-5046-0494-res7-20ds14364ru1,2026-07-12T14:37:54.297,validation,OK,MT103,CARDS,304.8,SGD,**************3167,MY,109
8jb78t95-5046-0494-res7-20ds14364ru1,2026-07-12T14:37:54.367,aml,OK,MT103,CARDS,304.8,SGD,**************3167,MY,121
8jb78t95-5046-0494-res7-20ds14364ru1,2026-07-12T14:37:54.472,payment-hub,OK,MT103,CARDS,304.8,SGD,**************3167,MY,111
8jb78t95-5046-0494-res7-20ds14364ru1,2026-07-12T14:37:54.544,core-banking,OK,MT103,CARDS,304.8,SGD,**************3167,MY,83
8jb78t95-5046-0494-res7-20ds14364ru1,2026-07-12T14:37:54.610,settlement,SETTLED,MT103,CARDS,304.8,SGD,**************3167,MY,263
3ae06g40-8362-1120-mmn6-36rx79223zi4,2026-07-13T20:42:10.541,gateway,OK,pacs.008,FAST,760.67,EUR,**************6145,GB,47
3ae06g40-8362-1120-mmn6-36rx79223zi4,2026-07-13T20:42:10.657,auth,OK,pacs.008,FAST,760.67,EUR,**************6145,GB,46
3ae06g40-8362-1120-mmn6-36rx79223zi4,2026-07-13T20:42:10.790,validation,OK,pacs.008,FAST,760.67,EUR,**************6145,GB,80
3ae06g40-8362-1120-mmn6-36rx79223zi4,2026-07-13T20:42:10.926,aml,OK,pacs.008,FAST,760.67,EUR,**************6145,GB,221
3ae06g40-8362-1120-mmn6-36rx79223zi4,2026-07-13T20:42:10.979,payment-hub,OK,pacs.008,FAST,760.67,EUR,**************6145,GB,64
3ae06g40-8362-1120-mmn6-36rx79223zi4,2026-07-13T20:42:11.090,core-banking,OK,pacs.008,FAST,760.67,EUR,**************6145,GB,112
3ae06g40-8362-1120-mmn6-36rx79223zi4,2026-07-13T20:42:11.202,settlement,SETTLED,pacs.008,FAST,760.67,EUR,**************6145,GB,193
1xa00z92-6414-4430-xqd3-10om00591ft5,2026-07-15T03:46:04.916,gateway,OK,pacs.008,SWIFT,317.9,USD,**************0307,SG,26
1xa00z92-6414-4430-xqd3-10om00591ft5,2026-07-15T03:46:04.989,auth,OK,pacs.008,SWIFT,317.9,USD,**************0307,SG,87
1xa00z92-6414-4430-xqd3-10om00591ft5,2026-07-15T03:46:05.140,validation,OK,pacs.008,SWIFT,317.9,USD,**************0307,SG,52
1xa00z92-6414-4430-xqd3-10om00591ft5,2026-07-15T03:46:05.288,aml,OK,pacs.008,SWIFT,317.9,USD,**************0307,SG,279
1xa00z92-6414-4430-xqd3-10om00591ft5,2026-07-15T03:46:05.462,payment-hub,OK,pacs.008,SWIFT,317.9,USD,**************0307,SG,42
1xa00z92-6414-4430-xqd3-10om00591ft5,2026-07-15T03:46:05.623,core-banking,OK,pacs.008,SWIFT,317.9,USD,**************0307,SG,68
1xa00z92-6414-4430-xqd3-10om00591ft5,2026-07-15T03:46:05.706,settlement,SETTLED,pacs.008,SWIFT,317.9,USD,**************0307,SG,160
1mu92g53-9016-3500-fzs2-77vm03855id7,2026-07-10T17:04:23.418,gateway,OK,0200,SWIFT,303.55,SGD,**************7431,MY,38
1mu92g53-9016-3500-fzs2-77vm03855id7,2026-07-10T17:04:23.505,auth,OK,0200,SWIFT,303.55,SGD,**************7431,MY,42
1mu92g53-9016-3500-fzs2-77vm03855id7,2026-07-10T17:04:23.575,validation,OK,0200,SWIFT,303.55,SGD,**************7431,MY,109
1mu92g53-9016-3500-fzs2-77vm03855id7,2026-07-10T17:04:23.647,aml,OK,0200,SWIFT,303.55,SGD,**************7431,MY,83
1mu92g53-9016-3500-fzs2-77vm03855id7,2026-07-10T17:04:23.717,payment-hub,OK,0200,SWIFT,303.55,SGD,**************7431,MY,49
1mu92g53-9016-3500-fzs2-77vm03855id7,2026-07-10T17:04:23.787,core-banking,OK,0200,SWIFT,303.55,SGD,**************7431,MY,218
1mu92g53-9016-3500-fzs2-77vm03855id7,2026-07-10T17:04:23.933,settlement,SETTLED,0200,SWIFT,303.55,SGD,**************7431,MY,383
4wq16h62-4587-6931-nvl5-84nc64052ir9,2026-07-12T02:42:13.816,gateway,OK,pacs.008,FAST,436.93,USD,**************8441,HK,47
4wq16h62-4587-6931-nvl5-84nc64052ir9,2026-07-12T02:42:14.001,auth,OK,pacs.008,FAST,436.93,USD,**************8441,HK,58
4wq16h62-4587-6931-nvl5-84nc64052ir9,2026-07-12T02:42:14.115,validation,OK,pacs.008,FAST,436.93,USD,**************8441,HK,81
4wq16h62-4587-6931-nvl5-84nc64052ir9,2026-07-12T02:42:14.194,aml,OK,pacs.008,FAST,436.93,USD,**************8441,HK,134
4wq16h62-4587-6931-nvl5-84nc64052ir9,2026-07-12T02:42:14.306,payment-hub,OK,pacs.008,FAST,436.93,USD,**************8441,HK,149
4wq16h62-4587-6931-nvl5-84nc64052ir9,2026-07-12T02:42:14.587,core-banking,OK,pacs.008,FAST,436.93,USD,**************8441,HK,226
4wq16h62-4587-6931-nvl5-84nc64052ir9,2026-07-12T02:42:14.644,settlement,SETTLED,pacs.008,FAST,436.93,USD,**************8441,HK,209
4hz11s73-0707-8017-vzt9-68sh02271jq4,2026-07-15T06:15:34.681,gateway,OK,pacs.008,FAST,353.97,SGD,**************4786,SG,27
4hz11s73-0707-8017-vzt9-68sh02271jq4,2026-07-15T06:15:34.980,auth,OK,pacs.008,FAST,353.97,SGD,**************4786,SG,49
4hz11s73-0707-8017-vzt9-68sh02271jq4,2026-07-15T06:15:35.040,validation,OK,pacs.008,FAST,353.97,SGD,**************4786,SG,100
4hz11s73-0707-8017-vzt9-68sh02271jq4,2026-07-15T06:15:35.196,aml,OK,pacs.008,FAST,353.97,SGD,**************4786,SG,144
4hz11s73-0707-8017-vzt9-68sh02271jq4,2026-07-15T06:15:35.306,payment-hub,OK,pacs.008,FAST,353.97,SGD,**************4786,SG,121
4hz11s73-0707-8017-vzt9-68sh02271jq4,2026-07-15T06:15:35.386,core-banking,OK,pacs.008,FAST,353.97,SGD,**************4786,SG,54
4hz11s73-0707-8017-vzt9-68sh02271jq4,2026-07-15T06:15:35.444,settlement,SETTLED,pacs.008,FAST,353.97,SGD,**************4786,SG,311
2ml84p97-8626-8710-yzo8-05ed92467kh1,2026-07-13T23:59:05.391,gateway,OK,MT103,SWIFT,593.35,EUR,**************3011,SG,23
2ml84p97-8626-8710-yzo8-05ed92467kh1,2026-07-13T23:59:05.492,auth,OK,MT103,SWIFT,593.35,EUR,**************3011,SG,50
2ml84p97-8626-8710-yzo8-05ed92467kh1,2026-07-13T23:59:05.642,validation,OK,MT103,SWIFT,593.35,EUR,**************3011,SG,120
2ml84p97-8626-8710-yzo8-05ed92467kh1,2026-07-13T23:59:05.743,aml,OK,MT103,SWIFT,593.35,EUR,**************3011,SG,154
2ml84p97-8626-8710-yzo8-05ed92467kh1,2026-07-13T23:59:05.808,payment-hub,OK,MT103,SWIFT,593.35,EUR,**************3011,SG,46
2ml84p97-8626-8710-yzo8-05ed92467kh1,2026-07-13T23:59:05.941,core-banking,OK,MT103,SWIFT,593.35,EUR,**************3011,SG,77
2ml84p97-8626-8710-yzo8-05ed92467kh1,2026-07-13T23:59:06.010,settlement,SETTLED,MT103,SWIFT,593.35,EUR,**************3011,SG,142
8rn99m45-7903-5705-fbu2-28zt23069oy7,2026-07-03T05:16:48.662,gateway,OK,MT103,FAST,748.14,SGD,**************5488,SG,37
8rn99m45-7903-5705-fbu2-28zt23069oy7,2026-07-03T05:16:48.748,auth,OK,MT103,FAST,748.14,SGD,**************5488,SG,30
8rn99m45-7903-5705-fbu2-28zt23069oy7,2026-07-03T05:16:48.850,validation,OK,MT103,FAST,748.14,SGD,**************5488,SG,94
8rn99m45-7903-5705-fbu2-28zt23069oy7,2026-07-03T05:16:48.918,aml,OK,MT103,FAST,748.14,SGD,**************5488,SG,289
8rn99m45-7903-5705-fbu2-28zt23069oy7,2026-07-03T05:16:48.959,payment-hub,OK,MT103,FAST,748.14,SGD,**************5488,SG,63
8rn99m45-7903-5705-fbu2-28zt23069oy7,2026-07-03T05:16:49.006,core-banking,OK,MT103,FAST,748.14,SGD,**************5488,SG,183
8rn99m45-7903-5705-fbu2-28zt23069oy7,2026-07-03T05:16:49.099,settlement,SETTLED,MT103,FAST,748.14,SGD,**************5488,SG,263
9ro01b25-2821-7562-dns9-31gb46245vf0,2026-07-07T20:00:27.830,gateway,OK,pacs.008,FAST,7263.68,EUR,**************9268,MY,51
9ro01b25-2821-7562-dns9-31gb46245vf0,2026-07-07T20:00:27.878,auth,OK,pacs.008,FAST,7263.68,EUR,**************9268,MY,88
9ro01b25-2821-7562-dns9-31gb46245vf0,2026-07-07T20:00:28.014,validation,OK,pacs.008,FAST,7263.68,EUR,**************9268,MY,54
9ro01b25-2821-7562-dns9-31gb46245vf0,2026-07-07T20:00:28.117,aml,OK,pacs.008,FAST,7263.68,EUR,**************9268,MY,119
9ro01b25-2821-7562-dns9-31gb46245vf0,2026-07-07T20:00:28.184,payment-hub,OK,pacs.008,FAST,7263.68,EUR,**************9268,MY,88
9ro01b25-2821-7562-dns9-31gb46245vf0,2026-07-07T20:00:28.250,core-banking,OK,pacs.008,FAST,7263.68,EUR,**************9268,MY,101
9ro01b25-2821-7562-dns9-31gb46245vf0,2026-07-07T20:00:28.316,settlement,SETTLED,pacs.008,FAST,7263.68,EUR,**************9268,MY,252
6iu33y59-6524-8812-hws5-79xa89539vv8,2026-07-06T18:30:12.631,gateway,OK,MT103,SWIFT,365.17,SGD,**************2536,MY,22
6iu33y59-6524-8812-hws5-79xa89539vv8,2026-07-06T18:30:12.819,auth,OK,MT103,SWIFT,365.17,SGD,**************2536,MY,81
6iu33y59-6524-8812-hws5-79xa89539vv8,2026-07-06T18:30:42.858,validation,OK,MT103,SWIFT,365.17,SGD,**************2536,MY,85
6iu33y59-6524-8812-hws5-79xa89539vv8,2026-07-06T18:31:12.876,aml,OK,MT103,SWIFT,365.17,SGD,**************2536,MY,245
6iu33y59-6524-8812-hws5-79xa89539vv8,2026-07-06T18:31:12.937,payment-hub,OK,MT103,SWIFT,365.17,SGD,**************2536,MY,33
6iu33y59-6524-8812-hws5-79xa89539vv8,2026-07-06T18:31:13.085,core-banking,OK,MT103,SWIFT,365.17,SGD,**************2536,MY,156
6iu33y59-6524-8812-hws5-79xa89539vv8,2026-07-06T18:31:13.117,settlement,SETTLED,MT103,SWIFT,365.17,SGD,**************2536,MY,294
7tl93t94-7263-2719-kfl1-86wa24087ng9,2026-07-10T19:24:28.144,gateway,OK,pacs.008,FAST,1171.46,SGD,**************1987,SG,42
7tl93t94-7263-2719-kfl1-86wa24087ng9,2026-07-10T19:24:28.259,auth,OK,pacs.008,FAST,1171.46,SGD,**************1987,SG,40
7tl93t94-7263-2719-kfl1-86wa24087ng9,2026-07-10T19:24:28.533,validation,OK,pacs.008,FAST,1171.46,SGD,**************1987,SG,118
7tl93t94-7263-2719-kfl1-86wa24087ng9,2026-07-10T19:24:58.544,aml,OK,pacs.008,FAST,1171.46,SGD,**************1987,SG,106
7tl93t94-7263-2719-kfl1-86wa24087ng9,2026-07-10T19:24:58.618,payment-hub,OK,pacs.008,FAST,1171.46,SGD,**************1987,SG,62
7tl93t94-7263-2719-kfl1-86wa24087ng9,2026-07-10T19:24:58.732,core-banking,OK,pacs.008,FAST,1171.46,SGD,**************1987,SG,107
7tl93t94-7263-2719-kfl1-86wa24087ng9,2026-07-10T19:24:58.852,settlement,SETTLED,pacs.008,FAST,1171.46,SGD,**************1987,SG,106
1uw93z08-6982-0779-pdc6-95rt97457ap0,2026-07-10T09:09:49.529,gateway,OK,pacs.008,SWIFT,912.72,USD,**************6357,GB,53
1uw93z08-6982-0779-pdc6-95rt97457ap0,2026-07-10T09:09:49.594,auth,OK,pacs.008,SWIFT,912.72,USD,**************6357,GB,75
1uw93z08-6982-0779-pdc6-95rt97457ap0,2026-07-10T09:09:49.701,validation,OK,pacs.008,SWIFT,912.72,USD,**************6357,GB,85
1uw93z08-6982-0779-pdc6-95rt97457ap0,2026-07-10T09:09:49.991,aml,OK,pacs.008,SWIFT,912.72,USD,**************6357,GB,123
1uw93z08-6982-0779-pdc6-95rt97457ap0,2026-07-10T09:09:50.040,payment-hub,OK,pacs.008,SWIFT,912.72,USD,**************6357,GB,53
1uw93z08-6982-0779-pdc6-95rt97457ap0,2026-07-10T09:09:50.196,core-banking,OK,pacs.008,SWIFT,912.72,USD,**************6357,GB,114
1uw93z08-6982-0779-pdc6-95rt97457ap0,2026-07-10T09:09:50.362,settlement,SETTLED,pacs.008,SWIFT,912.72,USD,**************6357,GB,274
1us51c68-6865-5688-srq9-67wm27111bj8,2026-07-01T15:29:21.344,gateway,OK,pacs.008,SWIFT,169.45,EUR,**************4296,SG,36
1us51c68-6865-5688-srq9-67wm27111bj8,2026-07-01T15:29:21.391,auth,OK,pacs.008,SWIFT,169.45,EUR,**************4296,SG,61
1us51c68-6865-5688-srq9-67wm27111bj8,2026-07-01T15:29:21.529,validation,OK,pacs.008,SWIFT,169.45,EUR,**************4296,SG,78
1us51c68-6865-5688-srq9-67wm27111bj8,2026-07-01T15:29:21.612,aml,OK,pacs.008,SWIFT,169.45,EUR,**************4296,SG,193
1us51c68-6865-5688-srq9-67wm27111bj8,2026-07-01T15:29:21.857,payment-hub,OK,pacs.008,SWIFT,169.45,EUR,**************4296,SG,47
1us51c68-6865-5688-srq9-67wm27111bj8,2026-07-01T15:29:21.985,core-banking,OK,pacs.008,SWIFT,169.45,EUR,**************4296,SG,119
1us51c68-6865-5688-srq9-67wm27111bj8,2026-07-01T15:29:22.255,settlement,SETTLED,pacs.008,SWIFT,169.45,EUR,**************4296,SG,162
3sw52p49-4253-1714-ett8-36jc94888kh7,2026-07-13T19:39:42.274,gateway,OK,MT103,FAST,1044.87,GBP,**************8254,SG,36
3sw52p49-4253-1714-ett8-36jc94888kh7,2026-07-13T19:39:42.389,auth,OK,MT103,FAST,1044.87,GBP,**************8254,SG,64
3sw52p49-4253-1714-ett8-36jc94888kh7,2026-07-13T19:39:42.527,validation,OK,MT103,FAST,1044.87,GBP,**************8254,SG,112
3sw52p49-4253-1714-ett8-36jc94888kh7,2026-07-13T19:39:42.605,aml,TIMEOUT,MT103,FAST,1044.87,GBP,**************8254,SG,30000
3sw52p49-4253-1714-ett8-36jc94888kh7,2026-07-13T19:39:42.690,payment-hub,FAILED,MT103,FAST,1044.87,GBP,**************8254,SG,104
9rm03b19-2291-9768-kdi8-45ik54764yq6,2026-07-07T09:50:43.901,gateway,OK,0200,SWIFT,69.71,SGD,**************1959,SG,24
9rm03b19-2291-9768-kdi8-45ik54764yq6,2026-07-07T09:50:44.184,auth,OK,0200,SWIFT,69.71,SGD,**************1959,SG,70
9rm03b19-2291-9768-kdi8-45ik54764yq6,2026-07-07T09:50:44.326,validation,OK,0200,SWIFT,69.71,SGD,**************1959,SG,65
9rm03b19-2291-9768-kdi8-45ik54764yq6,2026-07-07T09:50:44.387,aml,OK,0200,SWIFT,69.71,SGD,**************1959,SG,144
9rm03b19-2291-9768-kdi8-45ik54764yq6,2026-07-07T09:50:44.463,payment-hub,OK,0200,SWIFT,69.71,SGD,**************1959,SG,69
9rm03b19-2291-9768-kdi8-45ik54764yq6,2026-07-07T09:50:44.517,core-banking,OK,0200,SWIFT,69.71,SGD,**************1959,SG,238
9rm03b19-2291-9768-kdi8-45ik54764yq6,2026-07-07T09:50:44.582,settlement,SETTLED,0200,SWIFT,69.71,SGD,**************1959,SG,251
2rn84z98-7986-2736-grg8-50al97499vz4,2026-07-10T03:03:41.317,gateway,OK,pacs.008,FAST,1644.8,EUR,**************9506,SG,33
2rn84z98-7986-2736-grg8-50al97499vz4,2026-07-10T03:03:41.378,auth,OK,pacs.008,FAST,1644.8,EUR,**************9506,SG,57
2rn84z98-7986-2736-grg8-50al97499vz4,2026-07-10T03:03:41.622,validation,OK,pacs.008,FAST,1644.8,EUR,**************9506,SG,35
2rn84z98-7986-2736-grg8-50al97499vz4,2026-07-10T03:03:41.711,aml,OK,pacs.008,FAST,1644.8,EUR,**************9506,SG,250
2rn84z98-7986-2736-grg8-50al97499vz4,2026-07-10T03:03:41.866,payment-hub,OK,pacs.008,FAST,1644.8,EUR,**************9506,SG,147
2rn84z98-7986-2736-grg8-50al97499vz4,2026-07-10T03:03:41.954,core-banking,OK,pacs.008,FAST,1644.8,EUR,**************9506,SG,78
2rn84z98-7986-2736-grg8-50al97499vz4,2026-07-10T03:03:42.066,settlement,SETTLED,pacs.008,FAST,1644.8,EUR,**************9506,SG,375
8lo73d23-7220-6946-icr4-31ax33126ng5,2026-07-13T17:42:50.590,gateway,OK,0200,SWIFT,125.97,SGD,**************1378,MY,59
8lo73d23-7220-6946-icr4-31ax33126ng5,2026-07-13T17:42:50.680,auth,OK,0200,SWIFT,125.97,SGD,**************1378,MY,34
8lo73d23-7220-6946-icr4-31ax33126ng5,2026-07-13T17:42:50.998,validation,OK,0200,SWIFT,125.97,SGD,**************1378,MY,65
8lo73d23-7220-6946-icr4-31ax33126ng5,2026-07-13T17:42:51.220,aml,OK,0200,SWIFT,125.97,SGD,**************1378,MY,292
8lo73d23-7220-6946-icr4-31ax33126ng5,2026-07-13T17:42:51.276,payment-hub,OK,0200,SWIFT,125.97,SGD,**************1378,MY,54
8lo73d23-7220-6946-icr4-31ax33126ng5,2026-07-13T17:42:51.357,core-banking,OK,0200,SWIFT,125.97,SGD,**************1378,MY,144
8lo73d23-7220-6946-icr4-31ax33126ng5,2026-07-13T17:42:51.395,settlement,SETTLED,0200,SWIFT,125.97,SGD,**************1378,MY,366
9sr95n79-0602-5940-akr1-28ab79451oc4,2026-07-14T01:17:22.899,gateway,OK,MT103,SWIFT,1474.51,SGD,**************3101,SG,33
9sr95n79-0602-5940-akr1-28ab79451oc4,2026-07-14T01:17:22.966,auth,OK,MT103,SWIFT,1474.51,SGD,**************3101,SG,53
9sr95n79-0602-5940-akr1-28ab79451oc4,2026-07-14T01:17:23.024,validation,OK,MT103,SWIFT,1474.51,SGD,**************3101,SG,89
9sr95n79-0602-5940-akr1-28ab79451oc4,2026-07-14T01:17:23.302,aml,OK,MT103,SWIFT,1474.51,SGD,**************3101,SG,163
9sr95n79-0602-5940-akr1-28ab79451oc4,2026-07-14T01:17:23.400,payment-hub,OK,MT103,SWIFT,1474.51,SGD,**************3101,SG,115
9sr95n79-0602-5940-akr1-28ab79451oc4,2026-07-14T01:17:23.500,core-banking,OK,MT103,SWIFT,1474.51,SGD,**************3101,SG,240
9sr95n79-0602-5940-akr1-28ab79451oc4,2026-07-14T01:17:23.610,settlement,SETTLED,MT103,SWIFT,1474.51,SGD,**************3101,SG,348
2fe61c82-4107-7725-wsc0-42sm54638ch1,2026-07-07T07:36:40.041,gateway,OK,MT103,FAST,561.28,SGD,**************8753,IN,15
2fe61c82-4107-7725-wsc0-42sm54638ch1,2026-07-07T07:36:40.284,auth,OK,MT103,FAST,561.28,SGD,**************8753,IN,73
2fe61c82-4107-7725-wsc0-42sm54638ch1,2026-07-07T07:36:40.468,validation,OK,MT103,FAST,561.28,SGD,**************8753,IN,34
2fe61c82-4107-7725-wsc0-42sm54638ch1,2026-07-07T07:36:40.751,aml,OK,MT103,FAST,561.28,SGD,**************8753,IN,138
2fe61c82-4107-7725-wsc0-42sm54638ch1,2026-07-07T07:36:40.791,payment-hub,OK,MT103,FAST,561.28,SGD,**************8753,IN,85
2fe61c82-4107-7725-wsc0-42sm54638ch1,2026-07-07T07:36:40.884,core-banking,OK,MT103,FAST,561.28,SGD,**************8753,IN,200
2fe61c82-4107-7725-wsc0-42sm54638ch1,2026-07-07T07:36:41.102,settlement,SETTLED,MT103,FAST,561.28,SGD,**************8753,IN,102
0sf88h38-4123-8743-sqy1-05tr69092lu9,2026-07-06T12:54:59.484,gateway,OK,pacs.008,SWIFT,469.92,MYR,**************5064,HK,25
0sf88h38-4123-8743-sqy1-05tr69092lu9,2026-07-06T12:54:59.564,auth,OK,pacs.008,SWIFT,469.92,MYR,**************5064,HK,34
0sf88h38-4123-8743-sqy1-05tr69092lu9,2026-07-06T12:54:59.686,validation,OK,pacs.008,SWIFT,469.92,MYR,**************5064,HK,98
0sf88h38-4123-8743-sqy1-05tr69092lu9,2026-07-06T12:54:59.714,aml,TIMEOUT,pacs.008,SWIFT,469.92,MYR,**************5064,HK,30000
0sf88h38-4123-8743-sqy1-05tr69092lu9,2026-07-06T12:54:59.872,payment-hub,FAILED,pacs.008,SWIFT,469.92,MYR,**************5064,HK,140
1if47y57-5457-5890-ujd8-37sg72154bj3,2026-07-15T03:48:02.196,gateway,OK,pacs.008,FAST,1498.16,SGD,**************7923,US,33
1if47y57-5457-5890-ujd8-37sg72154bj3,2026-07-15T03:48:02.388,auth,OK,pacs.008,FAST,1498.16,SGD,**************7923,US,42
1if47y57-5457-5890-ujd8-37sg72154bj3,2026-07-15T03:48:02.493,validation,OK,pacs.008,FAST,1498.16,SGD,**************7923,US,84
1if47y57-5457-5890-ujd8-37sg72154bj3,2026-07-15T03:48:02.584,aml,OK,pacs.008,FAST,1498.16,SGD,**************7923,US,270
1if47y57-5457-5890-ujd8-37sg72154bj3,2026-07-15T03:48:02.654,payment-hub,OK,pacs.008,FAST,1498.16,SGD,**************7923,US,140
1if47y57-5457-5890-ujd8-37sg72154bj3,2026-07-15T03:48:02.722,core-banking,OK,pacs.008,FAST,1498.16,SGD,**************7923,US,122
1if47y57-5457-5890-ujd8-37sg72154bj3,2026-07-15T03:48:02.923,settlement,SETTLED,pacs.008,FAST,1498.16,SGD,**************7923,US,232
9ul30r79-2674-3769-pua6-61ri90216kk8,2026-07-08T20:02:09.086,gateway,OK,pacs.008,FAST,931.28,EUR,**************3832,SG,53
9ul30r79-2674-3769-pua6-61ri90216kk8,2026-07-08T20:02:09.173,auth,OK,pacs.008,FAST,931.28,EUR,**************3832,SG,47
9ul30r79-2674-3769-pua6-61ri90216kk8,2026-07-08T20:02:09.339,validation,OK,pacs.008,FAST,931.28,EUR,**************3832,SG,93
9ul30r79-2674-3769-pua6-61ri90216kk8,2026-07-08T20:02:09.463,aml,OK,pacs.008,FAST,931.28,EUR,**************3832,SG,203
9ul30r79-2674-3769-pua6-61ri90216kk8,2026-07-08T20:02:09.554,payment-hub,OK,pacs.008,FAST,931.28,EUR,**************3832,SG,38
9ul30r79-2674-3769-pua6-61ri90216kk8,2026-07-08T20:02:09.589,core-banking,OK,pacs.008,FAST,931.28,EUR,**************3832,SG,71
9ul30r79-2674-3769-pua6-61ri90216kk8,2026-07-08T20:02:09.762,settlement,SETTLED,pacs.008,FAST,931.28,EUR,**************3832,SG,260
9nv09p38-9690-8628-kih4-60ym37027qg0,2026-07-09T19:37:56.719,gateway,OK,pacs.008,SWIFT,594.36,MYR,**************1180,SG,15
9nv09p38-9690-8628-kih4-60ym37027qg0,2026-07-09T19:37:56.924,auth,OK,pacs.008,SWIFT,594.36,MYR,**************1180,SG,52
9nv09p38-9690-8628-kih4-60ym37027qg0,2026-07-09T19:37:56.957,validation,OK,pacs.008,SWIFT,594.36,MYR,**************1180,SG,109
9nv09p38-9690-8628-kih4-60ym37027qg0,2026-07-09T19:37:57.112,aml,OK,pacs.008,SWIFT,594.36,MYR,**************1180,SG,167
9nv09p38-9690-8628-kih4-60ym37027qg0,2026-07-09T19:37:57.191,payment-hub,OK,pacs.008,SWIFT,594.36,MYR,**************1180,SG,108
9nv09p38-9690-8628-kih4-60ym37027qg0,2026-07-09T19:37:57.317,core-banking,OK,pacs.008,SWIFT,594.36,MYR,**************1180,SG,160
9nv09p38-9690-8628-kih4-60ym37027qg0,2026-07-09T19:37:57.366,settlement,SETTLED,pacs.008,SWIFT,594.36,MYR,**************1180,SG,160
3lo78y43-6032-6539-vks5-66yf25917rn8,2026-07-12T20:53:51.842,gateway,OK,pacs.008,FAST,259.09,SGD,**************2058,SG,52
3lo78y43-6032-6539-vks5-66yf25917rn8,2026-07-12T20:53:51.966,auth,OK,pacs.008,FAST,259.09,SGD,**************2058,SG,73
3lo78y43-6032-6539-vks5-66yf25917rn8,2026-07-12T20:53:52.035,validation,OK,pacs.008,FAST,259.09,SGD,**************2058,SG,37
3lo78y43-6032-6539-vks5-66yf25917rn8,2026-07-12T20:53:52.112,aml,OK,pacs.008,FAST,259.09,SGD,**************2058,SG,246
3lo78y43-6032-6539-vks5-66yf25917rn8,2026-07-12T20:54:22.135,payment-hub,OK,pacs.008,FAST,259.09,SGD,**************2058,SG,114
3lo78y43-6032-6539-vks5-66yf25917rn8,2026-07-12T20:54:22.235,core-banking,OK,pacs.008,FAST,259.09,SGD,**************2058,SG,61
3lo78y43-6032-6539-vks5-66yf25917rn8,2026-07-12T20:54:22.374,settlement,SETTLED,pacs.008,FAST,259.09,SGD,**************2058,SG,63
1ii17z30-5478-8619-mab8-25ym15976dh8,2026-07-03T04:03:20.879,gateway,OK,MT103,FAST,315.71,SGD,**************7979,SG,47
1ii17z30-5478-8619-mab8-25ym15976dh8,2026-07-03T04:03:21.017,auth,OK,MT103,FAST,315.71,SGD,**************7979,SG,50
1ii17z30-5478-8619-mab8-25ym15976dh8,2026-07-03T04:03:21.096,validation,OK,MT103,FAST,315.71,SGD,**************7979,SG,85
1ii17z30-5478-8619-mab8-25ym15976dh8,2026-07-03T04:03:21.216,aml,OK,MT103,FAST,315.71,SGD,**************7979,SG,108
1ii17z30-5478-8619-mab8-25ym15976dh8,2026-07-03T04:03:21.377,payment-hub,OK,MT103,FAST,315.71,SGD,**************7979,SG,44
1ii17z30-5478-8619-mab8-25ym15976dh8,2026-07-03T04:03:21.405,core-banking,OK,MT103,FAST,315.71,SGD,**************7979,SG,226
1ii17z30-5478-8619-mab8-25ym15976dh8,2026-07-03T04:03:21.443,settlement,SETTLED,MT103,FAST,315.71,SGD,**************7979,SG,359
0pe56n48-3185-5369-ymj7-70fb39469vx1,2026-07-04T05:43:40.783,gateway,OK,pacs.008,SWIFT,487.65,SGD,**************7889,US,23
0pe56n48-3185-5369-ymj7-70fb39469vx1,2026-07-04T05:43:41.062,auth,OK,pacs.008,SWIFT,487.65,SGD,**************7889,US,76
0pe56n48-3185-5369-ymj7-70fb39469vx1,2026-07-04T05:43:41.114,validation,OK,pacs.008,SWIFT,487.65,SGD,**************7889,US,94
0pe56n48-3185-5369-ymj7-70fb39469vx1,2026-07-04T05:43:41.185,aml,TIMEOUT,pacs.008,SWIFT,487.65,SGD,**************7889,US,30000
0pe56n48-3185-5369-ymj7-70fb39469vx1,2026-07-04T05:43:41.238,payment-hub,FAILED,pacs.008,SWIFT,487.65,SGD,**************7889,US,47
3pd13a69-9079-9874-jtd0-10er85839ph2,2026-07-09T10:02:10.564,gateway,OK,MT103,FAST,347.94,USD,**************8842,GB,56
3pd13a69-9079-9874-jtd0-10er85839ph2,2026-07-09T10:02:10.625,auth,OK,MT103,FAST,347.94,USD,**************8842,GB,21
3pd13a69-9079-9874-jtd0-10er85839ph2,2026-07-09T10:02:10.768,validation,OK,MT103,FAST,347.94,USD,**************8842,GB,78
3pd13a69-9079-9874-jtd0-10er85839ph2,2026-07-09T10:02:10.821,aml,OK,MT103,FAST,347.94,USD,**************8842,GB,269
3pd13a69-9079-9874-jtd0-10er85839ph2,2026-07-09T10:02:10.874,payment-hub,OK,MT103,FAST,347.94,USD,**************8842,GB,100
3pd13a69-9079-9874-jtd0-10er85839ph2,2026-07-09T10:02:10.963,core-banking,OK,MT103,FAST,347.94,USD,**************8842,GB,71
3pd13a69-9079-9874-jtd0-10er85839ph2,2026-07-09T10:02:11.004,settlement,SETTLED,MT103,FAST,347.94,USD,**************8842,GB,115
9nx75y88-9222-0937-qql0-32sk06347ll7,2026-07-10T10:54:17.355,gateway,OK,MT103,SWIFT,225.81,INR,**************1555,MY,58
9nx75y88-9222-0937-qql0-32sk06347ll7,2026-07-10T10:54:17.523,auth,OK,MT103,SWIFT,225.81,INR,**************1555,MY,68
9nx75y88-9222-0937-qql0-32sk06347ll7,2026-07-10T10:54:17.667,validation,OK,MT103,SWIFT,225.81,INR,**************1555,MY,58
9nx75y88-9222-0937-qql0-32sk06347ll7,2026-07-10T10:54:17.719,aml,OK,MT103,SWIFT,225.81,INR,**************1555,MY,70
9nx75y88-9222-0937-qql0-32sk06347ll7,2026-07-10T10:54:17.813,payment-hub,OK,MT103,SWIFT,225.81,INR,**************1555,MY,82
9nx75y88-9222-0937-qql0-32sk06347ll7,2026-07-10T10:54:17.910,core-banking,OK,MT103,SWIFT,225.81,INR,**************1555,MY,145
9nx75y88-9222-0937-qql0-32sk06347ll7,2026-07-10T10:54:17.999,settlement,SETTLED,MT103,SWIFT,225.81,INR,**************1555,MY,373
5cu86q66-8276-5172-pvc1-46ej29302eu2,2026-07-05T23:29:27.024,gateway,OK,MT103,CARDS,1784.32,INR,**************2998,IN,45
5cu86q66-8276-5172-pvc1-46ej29302eu2,2026-07-05T23:29:27.171,auth,OK,MT103,CARDS,1784.32,INR,**************2998,IN,61
5cu86q66-8276-5172-pvc1-46ej29302eu2,2026-07-05T23:29:27.235,validation,OK,MT103,CARDS,1784.32,INR,**************2998,IN,25
5cu86q66-8276-5172-pvc1-46ej29302eu2,2026-07-05T23:29:27.306,aml,OK,MT103,CARDS,1784.32,INR,**************2998,IN,155
5cu86q66-8276-5172-pvc1-46ej29302eu2,2026-07-05T23:29:27.490,payment-hub,OK,MT103,CARDS,1784.32,INR,**************2998,IN,125
5cu86q66-8276-5172-pvc1-46ej29302eu2,2026-07-05T23:29:27.774,core-banking,OK,MT103,CARDS,1784.32,INR,**************2998,IN,161
5cu86q66-8276-5172-pvc1-46ej29302eu2,2026-07-05T23:29:27.875,settlement,SETTLED,MT103,CARDS,1784.32,INR,**************2998,IN,226
8um92n72-9801-5442-pcv7-80wg18968gw1,2026-07-01T10:24:41.350,gateway,OK,pacs.008,FAST,2393.87,SGD,**************9915,US,31
8um92n72-9801-5442-pcv7-80wg18968gw1,2026-07-01T10:24:41.482,auth,OK,pacs.008,FAST,2393.87,SGD,**************9915,US,64
8um92n72-9801-5442-pcv7-80wg18968gw1,2026-07-01T10:24:41.543,validation,OK,pacs.008,FAST,2393.87,SGD,**************9915,US,61
8um92n72-9801-5442-pcv7-80wg18968gw1,2026-07-01T10:24:41.683,aml,OK,pacs.008,FAST,2393.87,SGD,**************9915,US,298
8um92n72-9801-5442-pcv7-80wg18968gw1,2026-07-01T10:24:41.736,payment-hub,OK,pacs.008,FAST,2393.87,SGD,**************9915,US,145
8um92n72-9801-5442-pcv7-80wg18968gw1,2026-07-01T10:24:42.047,core-banking,OK,pacs.008,FAST,2393.87,SGD,**************9915,US,66
8um92n72-9801-5442-pcv7-80wg18968gw1,2026-07-01T10:24:42.105,settlement,SETTLED,pacs.008,FAST,2393.87,SGD,**************9915,US,147
0sf81x84-1980-0668-znj6-26js66760ii6,2026-07-13T07:54:08.694,gateway,OK,pacs.008,SWIFT,585.47,GBP,**************1088,SG,17
0sf81x84-1980-0668-znj6-26js66760ii6,2026-07-13T07:54:08.793,auth,OK,pacs.008,SWIFT,585.47,GBP,**************1088,SG,45
0sf81x84-1980-0668-znj6-26js66760ii6,2026-07-13T07:54:08.976,validation,OK,pacs.008,SWIFT,585.47,GBP,**************1088,SG,112
0sf81x84-1980-0668-znj6-26js66760ii6,2026-07-13T07:54:09.094,aml,OK,pacs.008,SWIFT,585.47,GBP,**************1088,SG,100
0sf81x84-1980-0668-znj6-26js66760ii6,2026-07-13T07:54:09.347,payment-hub,OK,pacs.008,SWIFT,585.47,GBP,**************1088,SG,150
0sf81x84-1980-0668-znj6-26js66760ii6,2026-07-13T07:54:09.407,core-banking,OK,pacs.008,SWIFT,585.47,GBP,**************1088,SG,81
0sf81x84-1980-0668-znj6-26js66760ii6,2026-07-13T07:54:09.462,settlement,SETTLED,pacs.008,SWIFT,585.47,GBP,**************1088,SG,338
2oj69t53-3248-8932-duu3-26ab29715tc3,2026-07-06T13:17:32.860,gateway,OK,MT103,FAST,901.08,SGD,**************9825,SG,42
2oj69t53-3248-8932-duu3-26ab29715tc3,2026-07-06T13:18:02.886,auth,OK,MT103,FAST,901.08,SGD,**************9825,SG,39
2oj69t53-3248-8932-duu3-26ab29715tc3,2026-07-06T13:18:03.024,validation,OK,MT103,FAST,901.08,SGD,**************9825,SG,77
2oj69t53-3248-8932-duu3-26ab29715tc3,2026-07-06T13:18:03.120,aml,OK,MT103,FAST,901.08,SGD,**************9825,SG,210
2oj69t53-3248-8932-duu3-26ab29715tc3,2026-07-06T13:18:03.204,payment-hub,OK,MT103,FAST,901.08,SGD,**************9825,SG,60
2oj69t53-3248-8932-duu3-26ab29715tc3,2026-07-06T13:18:03.301,core-banking,OK,MT103,FAST,901.08,SGD,**************9825,SG,66
2oj69t53-3248-8932-duu3-26ab29715tc3,2026-07-06T13:18:03.342,settlement,SETTLED,MT103,FAST,901.08,SGD,**************9825,SG,256
9vy56t05-3985-8071-nix7-29uz94706kl4,2026-07-08T16:13:48.381,gateway,OK,0200,SWIFT,213.99,USD,**************1170,GB,54
9vy56t05-3985-8071-nix7-29uz94706kl4,2026-07-08T16:13:48.445,auth,OK,0200,SWIFT,213.99,USD,**************1170,GB,79
9vy56t05-3985-8071-nix7-29uz94706kl4,2026-07-08T16:13:48.567,validation,OK,0200,SWIFT,213.99,USD,**************1170,GB,106
9vy56t05-3985-8071-nix7-29uz94706kl4,2026-07-08T16:13:48.687,aml,OK,0200,SWIFT,213.99,USD,**************1170,GB,44
9vy56t05-3985-8071-nix7-29uz94706kl4,2026-07-08T16:13:48.808,payment-hub,OK,0200,SWIFT,213.99,USD,**************1170,GB,122
9vy56t05-3985-8071-nix7-29uz94706kl4,2026-07-08T16:13:48.834,core-banking,OK,0200,SWIFT,213.99,USD,**************1170,GB,144
9vy56t05-3985-8071-nix7-29uz94706kl4,2026-07-08T16:13:48.912,settlement,SETTLED,0200,SWIFT,213.99,USD,**************1170,GB,341
1fl44c75-6342-5652-acb0-91zr64093ue3,2026-07-07T05:31:21.322,gateway,OK,pacs.008,FAST,168.09,INR,**************8399,US,26
1fl44c75-6342-5652-acb0-91zr64093ue3,2026-07-07T05:31:21.419,auth,OK,pacs.008,FAST,168.09,INR,**************8399,US,67
1fl44c75-6342-5652-acb0-91zr64093ue3,2026-07-07T05:31:21.663,validation,OK,pacs.008,FAST,168.09,INR,**************8399,US,73
1fl44c75-6342-5652-acb0-91zr64093ue3,2026-07-07T05:31:21.846,aml,TIMEOUT,pacs.008,FAST,168.09,INR,**************8399,US,30000
1fl44c75-6342-5652-acb0-91zr64093ue3,2026-07-07T05:31:21.943,payment-hub,FAILED,pacs.008,FAST,168.09,INR,**************8399,US,98
8fo29i40-8903-9825-lvy2-70xw08553dj2,2026-07-12T15:44:21.086,gateway,OK,pacs.008,SWIFT,1006.85,INR,**************8399,SG,39
8fo29i40-8903-9825-lvy2-70xw08553dj2,2026-07-12T15:44:21.165,auth,OK,pacs.008,SWIFT,1006.85,INR,**************8399,SG,35
8fo29i40-8903-9825-lvy2-70xw08553dj2,2026-07-12T15:44:21.332,validation,OK,pacs.008,SWIFT,1006.85,INR,**************8399,SG,33
8fo29i40-8903-9825-lvy2-70xw08553dj2,2026-07-12T15:44:21.428,aml,TIMEOUT,pacs.008,SWIFT,1006.85,INR,**************8399,SG,30000
8fo29i40-8903-9825-lvy2-70xw08553dj2,2026-07-12T15:44:21.620,payment-hub,FAILED,pacs.008,SWIFT,1006.85,INR,**************8399,SG,61
7qs94p27-1864-8047-rji7-06at13863lj1,2026-07-07T08:49:54.210,gateway,OK,pacs.008,FAST,8120.66,USD,**************9673,US,37
7qs94p27-1864-8047-rji7-06at13863lj1,2026-07-07T08:49:54.276,auth,OK,pacs.008,FAST,8120.66,USD,**************9673,US,56
7qs94p27-1864-8047-rji7-06at13863lj1,2026-07-07T08:49:54.523,validation,OK,pacs.008,FAST,8120.66,USD,**************9673,US,97
7qs94p27-1864-8047-rji7-06at13863lj1,2026-07-07T08:49:54.691,aml,OK,pacs.008,FAST,8120.66,USD,**************9673,US,176
7qs94p27-1864-8047-rji7-06at13863lj1,2026-07-07T08:49:54.753,payment-hub,OK,pacs.008,FAST,8120.66,USD,**************9673,US,134
7qs94p27-1864-8047-rji7-06at13863lj1,2026-07-07T08:49:54.806,core-banking,OK,pacs.008,FAST,8120.66,USD,**************9673,US,218
7qs94p27-1864-8047-rji7-06at13863lj1,2026-07-07T08:49:54.856,settlement,SETTLED,pacs.008,FAST,8120.66,USD,**************9673,US,266
2xp07e32-4405-5033-zwx2-55rw56198kj8,2026-07-08T13:37:19.797,gateway,OK,0200,CARDS,984.84,INR,**************8534,SG,25
2xp07e32-4405-5033-zwx2-55rw56198kj8,2026-07-08T13:37:19.872,auth,OK,0200,CARDS,984.84,INR,**************8534,SG,34
2xp07e32-4405-5033-zwx2-55rw56198kj8,2026-07-08T13:37:19.959,validation,OK,0200,CARDS,984.84,INR,**************8534,SG,37
2xp07e32-4405-5033-zwx2-55rw56198kj8,2026-07-08T13:37:20.022,aml,OK,0200,CARDS,984.84,INR,**************8534,SG,292
2xp07e32-4405-5033-zwx2-55rw56198kj8,2026-07-08T13:37:20.070,payment-hub,OK,0200,CARDS,984.84,INR,**************8534,SG,105
2xp07e32-4405-5033-zwx2-55rw56198kj8,2026-07-08T13:37:20.222,core-banking,OK,0200,CARDS,984.84,INR,**************8534,SG,243
2xp07e32-4405-5033-zwx2-55rw56198kj8,2026-07-08T13:37:20.295,settlement,SETTLED,0200,CARDS,984.84,INR,**************8534,SG,208
1dc94a90-5111-7106-llp2-60pd11579je9,2026-07-07T17:25:32.690,gateway,OK,pacs.008,FAST,4397.7,SGD,**************7215,SG,39
1dc94a90-5111-7106-llp2-60pd11579je9,2026-07-07T17:25:32.796,auth,OK,pacs.008,FAST,4397.7,SGD,**************7215,SG,34
1dc94a90-5111-7106-llp2-60pd11579je9,2026-07-07T17:25:32.989,validation,OK,pacs.008,FAST,4397.7,SGD,**************7215,SG,26
1dc94a90-5111-7106-llp2-60pd11579je9,2026-07-07T17:25:33.121,aml,OK,pacs.008,FAST,4397.7,SGD,**************7215,SG,67
1dc94a90-5111-7106-llp2-60pd11579je9,2026-07-07T17:25:33.183,payment-hub,OK,pacs.008,FAST,4397.7,SGD,**************7215,SG,92
1dc94a90-5111-7106-llp2-60pd11579je9,2026-07-07T17:25:33.254,core-banking,OK,pacs.008,FAST,4397.7,SGD,**************7215,SG,102
1dc94a90-5111-7106-llp2-60pd11579je9,2026-07-07T17:25:33.365,settlement,SETTLED,pacs.008,FAST,4397.7,SGD,**************7215,SG,150
2eg64v08-9898-6633-ole8-72pf11584fs0,2026-07-12T03:01:37.640,gateway,OK,pacs.008,SWIFT,48.51,MYR,**************9396,SG,39
2eg64v08-9898-6633-ole8-72pf11584fs0,2026-07-12T03:01:37.736,auth,OK,pacs.008,SWIFT,48.51,MYR,**************9396,SG,37
2eg64v08-9898-6633-ole8-72pf11584fs0,2026-07-12T03:01:37.800,validation,OK,pacs.008,SWIFT,48.51,MYR,**************9396,SG,33
2eg64v08-9898-6633-ole8-72pf11584fs0,2026-07-12T03:01:37.833,aml,TIMEOUT,pacs.008,SWIFT,48.51,MYR,**************9396,SG,30000
2eg64v08-9898-6633-ole8-72pf11584fs0,2026-07-12T03:01:37.944,payment-hub,FAILED,pacs.008,SWIFT,48.51,MYR,**************9396,SG,106
8fh72k49-6598-5546-kel7-97tc58420nd0,2026-07-09T12:43:30.641,gateway,OK,pacs.008,CARDS,327.64,USD,**************5317,SG,19
8fh72k49-6598-5546-kel7-97tc58420nd0,2026-07-09T12:43:30.760,auth,OK,pacs.008,CARDS,327.64,USD,**************5317,SG,39
8fh72k49-6598-5546-kel7-97tc58420nd0,2026-07-09T12:43:30.840,validation,OK,pacs.008,CARDS,327.64,USD,**************5317,SG,91
8fh72k49-6598-5546-kel7-97tc58420nd0,2026-07-09T12:43:30.924,aml,OK,pacs.008,CARDS,327.64,USD,**************5317,SG,190
8fh72k49-6598-5546-kel7-97tc58420nd0,2026-07-09T12:44:00.948,payment-hub,OK,pacs.008,CARDS,327.64,USD,**************5317,SG,100
8fh72k49-6598-5546-kel7-97tc58420nd0,2026-07-09T12:44:01.042,core-banking,OK,pacs.008,CARDS,327.64,USD,**************5317,SG,116
8fh72k49-6598-5546-kel7-97tc58420nd0,2026-07-09T12:44:01.225,settlement,SETTLED,pacs.008,CARDS,327.64,USD,**************5317,SG,261
9po68j77-6478-3051-eac1-42ed02130mf8,2026-07-14T10:26:57.613,gateway,OK,MT103,FAST,6074.69,EUR,**************1986,IN,38
9po68j77-6478-3051-eac1-42ed02130mf8,2026-07-14T10:26:57.695,auth,OK,MT103,FAST,6074.69,EUR,**************1986,IN,71
9po68j77-6478-3051-eac1-42ed02130mf8,2026-07-14T10:26:57.865,validation,OK,MT103,FAST,6074.69,EUR,**************1986,IN,99
9po68j77-6478-3051-eac1-42ed02130mf8,2026-07-14T10:26:57.929,aml,OK,MT103,FAST,6074.69,EUR,**************1986,IN,210
9po68j77-6478-3051-eac1-42ed02130mf8,2026-07-14T10:26:58.056,payment-hub,OK,MT103,FAST,6074.69,EUR,**************1986,IN,74
9po68j77-6478-3051-eac1-42ed02130mf8,2026-07-14T10:26:58.123,core-banking,OK,MT103,FAST,6074.69,EUR,**************1986,IN,182
9po68j77-6478-3051-eac1-42ed02130mf8,2026-07-14T10:26:58.271,settlement,SETTLED,MT103,FAST,6074.69,EUR,**************1986,IN,188
2sk13i04-1958-4607-yqf0-15hk78023zi2,2026-07-12T00:34:32.360,gateway,OK,pacs.008,FAST,634.19,EUR,**************5581,SG,41
2sk13i04-1958-4607-yqf0-15hk78023zi2,2026-07-12T00:34:32.551,auth,OK,pacs.008,FAST,634.19,EUR,**************5581,SG,52
2sk13i04-1958-4607-yqf0-15hk78023zi2,2026-07-12T00:34:32.839,validation,OK,pacs.008,FAST,634.19,EUR,**************5581,SG,32
2sk13i04-1958-4607-yqf0-15hk78023zi2,2026-07-12T00:34:32.934,aml,OK,pacs.008,FAST,634.19,EUR,**************5581,SG,258
2sk13i04-1958-4607-yqf0-15hk78023zi2,2026-07-12T00:34:33.092,payment-hub,OK,pacs.008,FAST,634.19,EUR,**************5581,SG,104
2sk13i04-1958-4607-yqf0-15hk78023zi2,2026-07-12T00:34:33.180,core-banking,OK,pacs.008,FAST,634.19,EUR,**************5581,SG,245
2sk13i04-1958-4607-yqf0-15hk78023zi2,2026-07-12T00:34:33.254,settlement,SETTLED,pacs.008,FAST,634.19,EUR,**************5581,SG,69
8bt38t47-7213-1551-jdp7-33dp45250fm8,2026-07-02T04:09:16.467,gateway,OK,pacs.008,SWIFT,9635.36,SGD,**************3478,SG,17
8bt38t47-7213-1551-jdp7-33dp45250fm8,2026-07-02T04:09:16.721,auth,OK,pacs.008,SWIFT,9635.36,SGD,**************3478,SG,63
8bt38t47-7213-1551-jdp7-33dp45250fm8,2026-07-02T04:09:16.837,validation,OK,pacs.008,SWIFT,9635.36,SGD,**************3478,SG,66
8bt38t47-7213-1551-jdp7-33dp45250fm8,2026-07-02T04:09:16.946,aml,OK,pacs.008,SWIFT,9635.36,SGD,**************3478,SG,209
8bt38t47-7213-1551-jdp7-33dp45250fm8,2026-07-02T04:09:17.110,payment-hub,OK,pacs.008,SWIFT,9635.36,SGD,**************3478,SG,111
8bt38t47-7213-1551-jdp7-33dp45250fm8,2026-07-02T04:09:17.331,core-banking,OK,pacs.008,SWIFT,9635.36,SGD,**************3478,SG,115
8bt38t47-7213-1551-jdp7-33dp45250fm8,2026-07-02T04:09:17.458,settlement,SETTLED,pacs.008,SWIFT,9635.36,SGD,**************3478,SG,115
9ro00i99-7158-9073-vzl7-28wg15029fj1,2026-07-13T17:42:07.815,gateway,OK,pacs.008,SWIFT,407.72,SGD,**************5292,HK,49
9ro00i99-7158-9073-vzl7-28wg15029fj1,2026-07-13T17:42:08.063,auth,OK,pacs.008,SWIFT,407.72,SGD,**************5292,HK,78
9ro00i99-7158-9073-vzl7-28wg15029fj1,2026-07-13T17:42:08.115,validation,OK,pacs.008,SWIFT,407.72,SGD,**************5292,HK,73
9ro00i99-7158-9073-vzl7-28wg15029fj1,2026-07-13T17:42:08.181,aml,OK,pacs.008,SWIFT,407.72,SGD,**************5292,HK,279
9ro00i99-7158-9073-vzl7-28wg15029fj1,2026-07-13T17:42:08.290,payment-hub,OK,pacs.008,SWIFT,407.72,SGD,**************5292,HK,129
9ro00i99-7158-9073-vzl7-28wg15029fj1,2026-07-13T17:42:08.406,core-banking,OK,pacs.008,SWIFT,407.72,SGD,**************5292,HK,234
9ro00i99-7158-9073-vzl7-28wg15029fj1,2026-07-13T17:42:08.528,settlement,SETTLED,pacs.008,SWIFT,407.72,SGD,**************5292,HK,363
9nj16c39-5259-6030-qbm2-61om89791oo8,2026-07-04T14:12:49.703,gateway,OK,pacs.008,FAST,350.14,SGD,**************8430,IN,44
9nj16c39-5259-6030-qbm2-61om89791oo8,2026-07-04T14:12:49.842,auth,OK,pacs.008,FAST,350.14,SGD,**************8430,IN,26
9nj16c39-5259-6030-qbm2-61om89791oo8,2026-07-04T14:13:19.854,validation,OK,pacs.008,FAST,350.14,SGD,**************8430,IN,76
9nj16c39-5259-6030-qbm2-61om89791oo8,2026-07-04T14:13:19.990,aml,OK,pacs.008,FAST,350.14,SGD,**************8430,IN,187
9nj16c39-5259-6030-qbm2-61om89791oo8,2026-07-04T14:13:20.093,payment-hub,OK,pacs.008,FAST,350.14,SGD,**************8430,IN,134
9nj16c39-5259-6030-qbm2-61om89791oo8,2026-07-04T14:13:20.238,core-banking,OK,pacs.008,FAST,350.14,SGD,**************8430,IN,217
9nj16c39-5259-6030-qbm2-61om89791oo8,2026-07-04T14:13:20.475,settlement,SETTLED,pacs.008,FAST,350.14,SGD,**************8430,IN,221
3ln24a25-1302-2645-wae9-27yo10227pg6,2026-07-12T20:06:59.781,gateway,OK,MT103,SWIFT,1227.05,MYR,**************1258,SG,46
3ln24a25-1302-2645-wae9-27yo10227pg6,2026-07-12T20:06:59.896,auth,OK,MT103,SWIFT,1227.05,MYR,**************1258,SG,78
3ln24a25-1302-2645-wae9-27yo10227pg6,2026-07-12T20:07:00.045,validation,OK,MT103,SWIFT,1227.05,MYR,**************1258,SG,57
3ln24a25-1302-2645-wae9-27yo10227pg6,2026-07-12T20:07:00.182,aml,OK,MT103,SWIFT,1227.05,MYR,**************1258,SG,210
3ln24a25-1302-2645-wae9-27yo10227pg6,2026-07-12T20:07:00.256,payment-hub,OK,MT103,SWIFT,1227.05,MYR,**************1258,SG,35
3ln24a25-1302-2645-wae9-27yo10227pg6,2026-07-12T20:07:00.386,core-banking,OK,MT103,SWIFT,1227.05,MYR,**************1258,SG,161
3ln24a25-1302-2645-wae9-27yo10227pg6,2026-07-12T20:07:00.460,settlement,SETTLED,MT103,SWIFT,1227.05,MYR,**************1258,SG,110
2sg19r32-8674-1261-eee2-84jg38640uv5,2026-07-02T15:07:05.066,gateway,OK,0200,SWIFT,650.98,SGD,**************4231,MY,31
2sg19r32-8674-1261-eee2-84jg38640uv5,2026-07-02T15:07:05.171,auth,OK,0200,SWIFT,650.98,SGD,**************4231,MY,58
2sg19r32-8674-1261-eee2-84jg38640uv5,2026-07-02T15:07:05.362,validation,OK,0200,SWIFT,650.98,SGD,**************4231,MY,54
2sg19r32-8674-1261-eee2-84jg38640uv5,2026-07-02T15:07:05.416,aml,OK,0200,SWIFT,650.98,SGD,**************4231,MY,94
2sg19r32-8674-1261-eee2-84jg38640uv5,2026-07-02T15:07:05.483,payment-hub,OK,0200,SWIFT,650.98,SGD,**************4231,MY,95
2sg19r32-8674-1261-eee2-84jg38640uv5,2026-07-02T15:07:05.521,core-banking,OK,0200,SWIFT,650.98,SGD,**************4231,MY,76
2sg19r32-8674-1261-eee2-84jg38640uv5,2026-07-02T15:07:35.544,settlement,SETTLED,0200,SWIFT,650.98,SGD,**************4231,MY,64
2dd91g52-7962-0967-xaa0-21nw99185bd0,2026-07-03T03:53:25.419,gateway,OK,MT103,CARDS,94.1,SGD,**************5187,SG,35
2dd91g52-7962-0967-xaa0-21nw99185bd0,2026-07-03T03:53:25.598,auth,OK,MT103,CARDS,94.1,SGD,**************5187,SG,76
2dd91g52-7962-0967-xaa0-21nw99185bd0,2026-07-03T03:53:25.693,validation,OK,MT103,CARDS,94.1,SGD,**************5187,SG,43
2dd91g52-7962-0967-xaa0-21nw99185bd0,2026-07-03T03:53:25.793,aml,TIMEOUT,MT103,CARDS,94.1,SGD,**************5187,SG,30000
2dd91g52-7962-0967-xaa0-21nw99185bd0,2026-07-03T03:53:25.906,payment-hub,FAILED,MT103,CARDS,94.1,SGD,**************5187,SG,55
7nx00r32-0805-0248-low5-94do91855dx8,2026-07-12T19:02:37.636,gateway,OK,pacs.008,SWIFT,34.6,MYR,**************9712,SG,56
7nx00r32-0805-0248-low5-94do91855dx8,2026-07-12T19:02:37.679,auth,OK,pacs.008,SWIFT,34.6,MYR,**************9712,SG,72
7nx00r32-0805-0248-low5-94do91855dx8,2026-07-12T19:02:37.776,validation,OK,pacs.008,SWIFT,34.6,MYR,**************9712,SG,115
7nx00r32-0805-0248-low5-94do91855dx8,2026-07-12T19:02:38.012,aml,OK,pacs.008,SWIFT,34.6,MYR,**************9712,SG,119
7nx00r32-0805-0248-low5-94do91855dx8,2026-07-12T19:02:38.113,payment-hub,OK,pacs.008,SWIFT,34.6,MYR,**************9712,SG,131
7nx00r32-0805-0248-low5-94do91855dx8,2026-07-12T19:03:08.123,core-banking,OK,pacs.008,SWIFT,34.6,MYR,**************9712,SG,245
7nx00r32-0805-0248-low5-94do91855dx8,2026-07-12T19:03:08.223,settlement,SETTLED,pacs.008,SWIFT,34.6,MYR,**************9712,SG,296
8qy22e52-5536-2609-bem2-01sc22993la3,2026-07-13T10:15:55.008,gateway,OK,0200,FAST,1268.46,EUR,**************3532,MY,52
8qy22e52-5536-2609-bem2-01sc22993la3,2026-07-13T10:15:55.073,auth,OK,0200,FAST,1268.46,EUR,**************3532,MY,34
8qy22e52-5536-2609-bem2-01sc22993la3,2026-07-13T10:15:55.203,validation,OK,0200,FAST,1268.46,EUR,**************3532,MY,119
8qy22e52-5536-2609-bem2-01sc22993la3,2026-07-13T10:15:55.283,aml,OK,0200,FAST,1268.46,EUR,**************3532,MY,216
8qy22e52-5536-2609-bem2-01sc22993la3,2026-07-13T10:15:55.343,payment-hub,OK,0200,FAST,1268.46,EUR,**************3532,MY,128
8qy22e52-5536-2609-bem2-01sc22993la3,2026-07-13T10:15:55.619,core-banking,OK,0200,FAST,1268.46,EUR,**************3532,MY,133
8qy22e52-5536-2609-bem2-01sc22993la3,2026-07-13T10:15:55.700,settlement,SETTLED,0200,FAST,1268.46,EUR,**************3532,MY,369
0sc28x72-3404-9406-hhy2-88iw44659ak2,2026-07-03T06:22:24.517,gateway,OK,pacs.008,FAST,2324.82,MYR,**************1851,HK,47
0sc28x72-3404-9406-hhy2-88iw44659ak2,2026-07-03T06:22:54.534,auth,OK,pacs.008,FAST,2324.82,MYR,**************1851,HK,22
0sc28x72-3404-9406-hhy2-88iw44659ak2,2026-07-03T06:22:54.835,validation,REJECTED,pacs.008,FAST,2324.82,MYR,**************1851,HK,53
9cx67b63-5684-4853-dra7-67oc37522kl4,2026-07-06T07:08:55.349,gateway,OK,pacs.008,FAST,725.11,USD,**************4654,SG,38
9cx67b63-5684-4853-dra7-67oc37522kl4,2026-07-06T07:08:55.531,auth,OK,pacs.008,FAST,725.11,USD,**************4654,SG,39
9cx67b63-5684-4853-dra7-67oc37522kl4,2026-07-06T07:08:55.612,validation,OK,pacs.008,FAST,725.11,USD,**************4654,SG,81
9cx67b63-5684-4853-dra7-67oc37522kl4,2026-07-06T07:08:55.875,aml,OK,pacs.008,FAST,725.11,USD,**************4654,SG,90
9cx67b63-5684-4853-dra7-67oc37522kl4,2026-07-06T07:08:55.951,payment-hub,OK,pacs.008,FAST,725.11,USD,**************4654,SG,85
9cx67b63-5684-4853-dra7-67oc37522kl4,2026-07-06T07:08:56.066,core-banking,OK,pacs.008,FAST,725.11,USD,**************4654,SG,245
9cx67b63-5684-4853-dra7-67oc37522kl4,2026-07-06T07:08:56.289,settlement,SETTLED,pacs.008,FAST,725.11,USD,**************4654,SG,255
6pl20i48-6012-4992-kfl1-80yx43877us5,2026-07-03T13:48:45.111,gateway,OK,MT103,SWIFT,1493.43,MYR,**************1421,IN,21
6pl20i48-6012-4992-kfl1-80yx43877us5,2026-07-03T13:48:45.191,auth,OK,MT103,SWIFT,1493.43,MYR,**************1421,IN,79
6pl20i48-6012-4992-kfl1-80yx43877us5,2026-07-03T13:48:45.352,validation,OK,MT103,SWIFT,1493.43,MYR,**************1421,IN,81
6pl20i48-6012-4992-kfl1-80yx43877us5,2026-07-03T13:48:45.626,aml,OK,MT103,SWIFT,1493.43,MYR,**************1421,IN,276
6pl20i48-6012-4992-kfl1-80yx43877us5,2026-07-03T13:48:45.846,payment-hub,OK,MT103,SWIFT,1493.43,MYR,**************1421,IN,111
6pl20i48-6012-4992-kfl1-80yx43877us5,2026-07-03T13:48:45.875,core-banking,OK,MT103,SWIFT,1493.43,MYR,**************1421,IN,227
6pl20i48-6012-4992-kfl1-80yx43877us5,2026-07-03T13:48:45.933,settlement,SETTLED,MT103,SWIFT,1493.43,MYR,**************1421,IN,217
6ix73a64-7434-9973-crc8-64av31124ik5,2026-07-10T14:51:45.378,gateway,OK,pacs.008,FAST,2272.44,USD,**************9264,SG,49
6ix73a64-7434-9973-crc8-64av31124ik5,2026-07-10T14:51:45.479,auth,OK,pacs.008,FAST,2272.44,USD,**************9264,SG,74
6ix73a64-7434-9973-crc8-64av31124ik5,2026-07-10T14:51:45.508,validation,OK,pacs.008,FAST,2272.44,USD,**************9264,SG,85
6ix73a64-7434-9973-crc8-64av31124ik5,2026-07-10T14:51:45.611,aml,OK,pacs.008,FAST,2272.44,USD,**************9264,SG,99
6ix73a64-7434-9973-crc8-64av31124ik5,2026-07-10T14:51:45.695,payment-hub,OK,pacs.008,FAST,2272.44,USD,**************9264,SG,134
6ix73a64-7434-9973-crc8-64av31124ik5,2026-07-10T14:51:45.844,core-banking,OK,pacs.008,FAST,2272.44,USD,**************9264,SG,192
6ix73a64-7434-9973-crc8-64av31124ik5,2026-07-10T14:51:45.934,settlement,SETTLED,pacs.008,FAST,2272.44,USD,**************9264,SG,375
9wg10f92-3985-4743-kfz9-38he34610qw1,2026-07-14T09:28:20.133,gateway,OK,pacs.008,FAST,98.6,SGD,**************3885,SG,26
9wg10f92-3985-4743-kfz9-38he34610qw1,2026-07-14T09:28:20.200,auth,OK,pacs.008,FAST,98.6,SGD,**************3885,SG,54
9wg10f92-3985-4743-kfz9-38he34610qw1,2026-07-14T09:28:20.308,validation,OK,pacs.008,FAST,98.6,SGD,**************3885,SG,58
9wg10f92-3985-4743-kfz9-38he34610qw1,2026-07-14T09:28:20.406,aml,OK,pacs.008,FAST,98.6,SGD,**************3885,SG,57
9wg10f92-3985-4743-kfz9-38he34610qw1,2026-07-14T09:28:20.721,payment-hub,OK,pacs.008,FAST,98.6,SGD,**************3885,SG,91
9wg10f92-3985-4743-kfz9-38he34610qw1,2026-07-14T09:28:20.868,core-banking,OK,pacs.008,FAST,98.6,SGD,**************3885,SG,144
9wg10f92-3985-4743-kfz9-38he34610qw1,2026-07-14T09:28:20.929,settlement,SETTLED,pacs.008,FAST,98.6,SGD,**************3885,SG,369
2pc27q15-5790-1178-hrs7-21qe89871fi3,2026-07-05T00:10:51.587,gateway,OK,MT103,FAST,194.71,SGD,**************3065,GB,48
2pc27q15-5790-1178-hrs7-21qe89871fi3,2026-07-05T00:10:51.650,auth,OK,MT103,FAST,194.71,SGD,**************3065,GB,46
2pc27q15-5790-1178-hrs7-21qe89871fi3,2026-07-05T00:10:51.699,validation,OK,MT103,FAST,194.71,SGD,**************3065,GB,40
2pc27q15-5790-1178-hrs7-21qe89871fi3,2026-07-05T00:10:51.757,aml,OK,MT103,FAST,194.71,SGD,**************3065,GB,151
2pc27q15-5790-1178-hrs7-21qe89871fi3,2026-07-05T00:10:51.975,payment-hub,OK,MT103,FAST,194.71,SGD,**************3065,GB,79
2pc27q15-5790-1178-hrs7-21qe89871fi3,2026-07-05T00:10:52.124,core-banking,OK,MT103,FAST,194.71,SGD,**************3065,GB,198
2pc27q15-5790-1178-hrs7-21qe89871fi3,2026-07-05T00:10:52.157,settlement,SETTLED,MT103,FAST,194.71,SGD,**************3065,GB,285
6qs25z94-4211-3551-trd0-13og00321ui0,2026-07-06T11:31:00.051,gateway,OK,MT103,SWIFT,183.8,USD,**************6347,GB,23
6qs25z94-4211-3551-trd0-13og00321ui0,2026-07-06T11:31:00.107,auth,OK,MT103,SWIFT,183.8,USD,**************6347,GB,76
6qs25z94-4211-3551-trd0-13og00321ui0,2026-07-06T11:31:00.171,validation,OK,MT103,SWIFT,183.8,USD,**************6347,GB,86
6qs25z94-4211-3551-trd0-13og00321ui0,2026-07-06T11:31:00.339,aml,TIMEOUT,MT103,SWIFT,183.8,USD,**************6347,GB,30000
6qs25z94-4211-3551-trd0-13og00321ui0,2026-07-06T11:31:00.396,payment-hub,FAILED,MT103,SWIFT,183.8,USD,**************6347,GB,75
1uw35l81-3941-4311-dpv3-60tc07289ou7,2026-07-09T06:14:17.221,gateway,OK,MT103,FAST,859.44,GBP,**************5321,SG,28
1uw35l81-3941-4311-dpv3-60tc07289ou7,2026-07-09T06:14:47.232,auth,OK,MT103,FAST,859.44,GBP,**************5321,SG,20
1uw35l81-3941-4311-dpv3-60tc07289ou7,2026-07-09T06:14:47.278,validation,OK,MT103,FAST,859.44,GBP,**************5321,SG,72
1uw35l81-3941-4311-dpv3-60tc07289ou7,2026-07-09T06:14:47.462,aml,OK,MT103,FAST,859.44,GBP,**************5321,SG,236
1uw35l81-3941-4311-dpv3-60tc07289ou7,2026-07-09T06:14:47.535,payment-hub,OK,MT103,FAST,859.44,GBP,**************5321,SG,94
1uw35l81-3941-4311-dpv3-60tc07289ou7,2026-07-09T06:14:47.712,core-banking,OK,MT103,FAST,859.44,GBP,**************5321,SG,104
1uw35l81-3941-4311-dpv3-60tc07289ou7,2026-07-09T06:14:47.762,settlement,SETTLED,MT103,FAST,859.44,GBP,**************5321,SG,221
2cj29c50-3907-4156-bev6-06on90537xk8,2026-07-01T19:23:15.183,gateway,OK,0200,SWIFT,680.49,EUR,**************0589,SG,55
2cj29c50-3907-4156-bev6-06on90537xk8,2026-07-01T19:23:15.451,auth,OK,0200,SWIFT,680.49,EUR,**************0589,SG,71
2cj29c50-3907-4156-bev6-06on90537xk8,2026-07-01T19:23:15.518,validation,OK,0200,SWIFT,680.49,EUR,**************0589,SG,58
2cj29c50-3907-4156-bev6-06on90537xk8,2026-07-01T19:23:15.602,aml,OK,0200,SWIFT,680.49,EUR,**************0589,SG,154
2cj29c50-3907-4156-bev6-06on90537xk8,2026-07-01T19:23:15.679,payment-hub,OK,0200,SWIFT,680.49,EUR,**************0589,SG,102
2cj29c50-3907-4156-bev6-06on90537xk8,2026-07-01T19:23:15.776,core-banking,OK,0200,SWIFT,680.49,EUR,**************0589,SG,231
2cj29c50-3907-4156-bev6-06on90537xk8,2026-07-01T19:23:15.852,settlement,SETTLED,0200,SWIFT,680.49,EUR,**************0589,SG,314
6en18h15-1050-2749-tnh8-96jc76437cq8,2026-07-01T23:33:24.629,gateway,OK,MT103,FAST,577.59,USD,**************7419,SG,42
6en18h15-1050-2749-tnh8-96jc76437cq8,2026-07-01T23:33:24.778,auth,OK,MT103,FAST,577.59,USD,**************7419,SG,29
6en18h15-1050-2749-tnh8-96jc76437cq8,2026-07-01T23:33:24.841,validation,OK,MT103,FAST,577.59,USD,**************7419,SG,43
6en18h15-1050-2749-tnh8-96jc76437cq8,2026-07-01T23:33:24.926,aml,OK,MT103,FAST,577.59,USD,**************7419,SG,225
6en18h15-1050-2749-tnh8-96jc76437cq8,2026-07-01T23:33:25.032,payment-hub,OK,MT103,FAST,577.59,USD,**************7419,SG,129
6en18h15-1050-2749-tnh8-96jc76437cq8,2026-07-01T23:33:25.131,core-banking,OK,MT103,FAST,577.59,USD,**************7419,SG,153
6en18h15-1050-2749-tnh8-96jc76437cq8,2026-07-01T23:33:25.186,settlement,SETTLED,MT103,FAST,577.59,USD,**************7419,SG,115
4ww95z45-3329-0107-jcu8-67xd93661pc6,2026-07-05T15:28:51.009,gateway,OK,pacs.008,FAST,2375.62,GBP,**************5020,SG,58
4ww95z45-3329-0107-jcu8-67xd93661pc6,2026-07-05T15:28:51.269,auth,OK,pacs.008,FAST,2375.62,GBP,**************5020,SG,77
4ww95z45-3329-0107-jcu8-67xd93661pc6,2026-07-05T15:28:51.314,validation,OK,pacs.008,FAST,2375.62,GBP,**************5020,SG,106
4ww95z45-3329-0107-jcu8-67xd93661pc6,2026-07-05T15:28:51.421,aml,OK,pacs.008,FAST,2375.62,GBP,**************5020,SG,294
4ww95z45-3329-0107-jcu8-67xd93661pc6,2026-07-05T15:28:51.530,payment-hub,OK,pacs.008,FAST,2375.62,GBP,**************5020,SG,141
4ww95z45-3329-0107-jcu8-67xd93661pc6,2026-07-05T15:28:51.600,core-banking,OK,pacs.008,FAST,2375.62,GBP,**************5020,SG,87
4ww95z45-3329-0107-jcu8-67xd93661pc6,2026-07-05T15:28:51.721,settlement,SETTLED,pacs.008,FAST,2375.62,GBP,**************5020,SG,191
3sj70r21-2070-7642-yai9-17np49909cq0,2026-07-01T09:54:58.542,gateway,OK,pacs.008,SWIFT,2547.4,SGD,**************9143,IN,56
3sj70r21-2070-7642-yai9-17np49909cq0,2026-07-01T09:54:58.653,auth,OK,pacs.008,SWIFT,2547.4,SGD,**************9143,IN,68
3sj70r21-2070-7642-yai9-17np49909cq0,2026-07-01T09:54:58.720,validation,OK,pacs.008,SWIFT,2547.4,SGD,**************9143,IN,66
3sj70r21-2070-7642-yai9-17np49909cq0,2026-07-01T09:54:58.751,aml,OK,pacs.008,SWIFT,2547.4,SGD,**************9143,IN,161
3sj70r21-2070-7642-yai9-17np49909cq0,2026-07-01T09:54:58.783,payment-hub,OK,pacs.008,SWIFT,2547.4,SGD,**************9143,IN,83
3sj70r21-2070-7642-yai9-17np49909cq0,2026-07-01T09:54:58.816,core-banking,OK,pacs.008,SWIFT,2547.4,SGD,**************9143,IN,138
3sj70r21-2070-7642-yai9-17np49909cq0,2026-07-01T09:54:59.029,settlement,SETTLED,pacs.008,SWIFT,2547.4,SGD,**************9143,IN,232
9ut73u42-5313-8359-han0-84ro21315av3,2026-07-01T20:50:16.967,gateway,OK,MT103,FAST,526.23,SGD,**************4341,SG,19
9ut73u42-5313-8359-han0-84ro21315av3,2026-07-01T20:50:17.253,auth,OK,MT103,FAST,526.23,SGD,**************4341,SG,59
9ut73u42-5313-8359-han0-84ro21315av3,2026-07-01T20:50:17.317,validation,OK,MT103,FAST,526.23,SGD,**************4341,SG,72
9ut73u42-5313-8359-han0-84ro21315av3,2026-07-01T20:50:17.434,aml,OK,MT103,FAST,526.23,SGD,**************4341,SG,62
9ut73u42-5313-8359-han0-84ro21315av3,2026-07-01T20:50:17.573,payment-hub,OK,MT103,FAST,526.23,SGD,**************4341,SG,145
9ut73u42-5313-8359-han0-84ro21315av3,2026-07-01T20:50:17.902,core-banking,OK,MT103,FAST,526.23,SGD,**************4341,SG,119
9ut73u42-5313-8359-han0-84ro21315av3,2026-07-01T20:50:18.046,settlement,SETTLED,MT103,FAST,526.23,SGD,**************4341,SG,266
4ry44z92-5305-4052-kxy6-90pg78348cw3,2026-07-02T01:46:24.945,gateway,OK,pacs.008,SWIFT,303.47,MYR,**************4879,SG,47
4ry44z92-5305-4052-kxy6-90pg78348cw3,2026-07-02T01:46:25.019,auth,OK,pacs.008,SWIFT,303.47,MYR,**************4879,SG,78
4ry44z92-5305-4052-kxy6-90pg78348cw3,2026-07-02T01:46:25.169,validation,OK,pacs.008,SWIFT,303.47,MYR,**************4879,SG,101
4ry44z92-5305-4052-kxy6-90pg78348cw3,2026-07-02T01:46:25.273,aml,OK,pacs.008,SWIFT,303.47,MYR,**************4879,SG,119
4ry44z92-5305-4052-kxy6-90pg78348cw3,2026-07-02T01:46:25.421,payment-hub,OK,pacs.008,SWIFT,303.47,MYR,**************4879,SG,135
4ry44z92-5305-4052-kxy6-90pg78348cw3,2026-07-02T01:46:25.510,core-banking,OK,pacs.008,SWIFT,303.47,MYR,**************4879,SG,69
4ry44z92-5305-4052-kxy6-90pg78348cw3,2026-07-02T01:46:25.769,settlement,SETTLED,pacs.008,SWIFT,303.47,MYR,**************4879,SG,106
8bk64j88-3253-7032-sva7-39lr71317jt4,2026-07-11T14:57:18.272,gateway,OK,pacs.008,SWIFT,32427.38,EUR,**************2721,MY,55
8bk64j88-3253-7032-sva7-39lr71317jt4,2026-07-11T14:57:18.363,auth,OK,pacs.008,SWIFT,32427.38,EUR,**************2721,MY,25
8bk64j88-3253-7032-sva7-39lr71317jt4,2026-07-11T14:57:18.432,validation,REJECTED,pacs.008,SWIFT,32427.38,EUR,**************2721,MY,35
7xz33d50-8496-1410-pck5-10ng03635pj7,2026-07-05T14:57:42.676,gateway,OK,MT103,FAST,357.07,USD,**************3161,SG,54
7xz33d50-8496-1410-pck5-10ng03635pj7,2026-07-05T14:57:42.739,auth,OK,MT103,FAST,357.07,USD,**************3161,SG,50
7xz33d50-8496-1410-pck5-10ng03635pj7,2026-07-05T14:57:42.874,validation,OK,MT103,FAST,357.07,USD,**************3161,SG,27
7xz33d50-8496-1410-pck5-10ng03635pj7,2026-07-05T14:57:42.958,aml,OK,MT103,FAST,357.07,USD,**************3161,SG,233
7xz33d50-8496-1410-pck5-10ng03635pj7,2026-07-05T14:57:43.044,payment-hub,OK,MT103,FAST,357.07,USD,**************3161,SG,118
7xz33d50-8496-1410-pck5-10ng03635pj7,2026-07-05T14:57:43.112,core-banking,OK,MT103,FAST,357.07,USD,**************3161,SG,209
7xz33d50-8496-1410-pck5-10ng03635pj7,2026-07-05T14:57:43.210,settlement,SETTLED,MT103,FAST,357.07,USD,**************3161,SG,325
8kb03t07-7031-0296-rem6-23ef16830yh0,2026-07-06T13:17:44.292,gateway,OK,MT103,CARDS,4139.84,SGD,**************8618,IN,47
8kb03t07-7031-0296-rem6-23ef16830yh0,2026-07-06T13:17:44.376,auth,OK,MT103,CARDS,4139.84,SGD,**************8618,IN,33
8kb03t07-7031-0296-rem6-23ef16830yh0,2026-07-06T13:17:44.483,validation,OK,MT103,CARDS,4139.84,SGD,**************8618,IN,82
8kb03t07-7031-0296-rem6-23ef16830yh0,2026-07-06T13:17:44.656,aml,TIMEOUT,MT103,CARDS,4139.84,SGD,**************8618,IN,30000
8kb03t07-7031-0296-rem6-23ef16830yh0,2026-07-06T13:17:44.754,payment-hub,FAILED,MT103,CARDS,4139.84,SGD,**************8618,IN,90
9zp07x97-1066-4489-ibx9-81ud60447bs3,2026-07-01T12:49:34.634,gateway,OK,0200,FAST,1255.7,SGD,**************8941,SG,18
9zp07x97-1066-4489-ibx9-81ud60447bs3,2026-07-01T12:49:34.732,auth,OK,0200,FAST,1255.7,SGD,**************8941,SG,77
9zp07x97-1066-4489-ibx9-81ud60447bs3,2026-07-01T12:49:34.834,validation,OK,0200,FAST,1255.7,SGD,**************8941,SG,45
9zp07x97-1066-4489-ibx9-81ud60447bs3,2026-07-01T12:49:34.949,aml,OK,0200,FAST,1255.7,SGD,**************8941,SG,94
9zp07x97-1066-4489-ibx9-81ud60447bs3,2026-07-01T12:49:35.148,payment-hub,OK,0200,FAST,1255.7,SGD,**************8941,SG,134
9zp07x97-1066-4489-ibx9-81ud60447bs3,2026-07-01T12:49:35.214,core-banking,OK,0200,FAST,1255.7,SGD,**************8941,SG,160
9zp07x97-1066-4489-ibx9-81ud60447bs3,2026-07-01T12:49:35.260,settlement,SETTLED,0200,FAST,1255.7,SGD,**************8941,SG,306
9vw89s48-8944-9498-knx3-43kv75931ay0,2026-07-08T20:48:37.179,gateway,OK,MT103,SWIFT,761.91,USD,**************6458,MY,29
9vw89s48-8944-9498-knx3-43kv75931ay0,2026-07-08T20:48:37.223,auth,OK,MT103,SWIFT,761.91,USD,**************6458,MY,69
9vw89s48-8944-9498-knx3-43kv75931ay0,2026-07-08T20:48:37.290,validation,OK,MT103,SWIFT,761.91,USD,**************6458,MY,68
9vw89s48-8944-9498-knx3-43kv75931ay0,2026-07-08T20:48:37.363,aml,OK,MT103,SWIFT,761.91,USD,**************6458,MY,166
9vw89s48-8944-9498-knx3-43kv75931ay0,2026-07-08T20:48:37.423,payment-hub,OK,MT103,SWIFT,761.91,USD,**************6458,MY,95
9vw89s48-8944-9498-knx3-43kv75931ay0,2026-07-08T20:48:37.556,core-banking,OK,MT103,SWIFT,761.91,USD,**************6458,MY,71
9vw89s48-8944-9498-knx3-43kv75931ay0,2026-07-08T20:48:37.711,settlement,SETTLED,MT103,SWIFT,761.91,USD,**************6458,MY,186
0si10o94-2447-6696-ljc5-85bu91947yy1,2026-07-06T03:28:38.663,gateway,OK,pacs.008,FAST,1820.52,USD,**************3426,SG,47
0si10o94-2447-6696-ljc5-85bu91947yy1,2026-07-06T03:28:38.842,auth,OK,pacs.008,FAST,1820.52,USD,**************3426,SG,54
0si10o94-2447-6696-ljc5-85bu91947yy1,2026-07-06T03:28:38.964,validation,OK,pacs.008,FAST,1820.52,USD,**************3426,SG,36
0si10o94-2447-6696-ljc5-85bu91947yy1,2026-07-06T03:28:39.060,aml,OK,pacs.008,FAST,1820.52,USD,**************3426,SG,188
0si10o94-2447-6696-ljc5-85bu91947yy1,2026-07-06T03:28:39.227,payment-hub,OK,pacs.008,FAST,1820.52,USD,**************3426,SG,103
0si10o94-2447-6696-ljc5-85bu91947yy1,2026-07-06T03:28:39.452,core-banking,OK,pacs.008,FAST,1820.52,USD,**************3426,SG,174
0si10o94-2447-6696-ljc5-85bu91947yy1,2026-07-06T03:28:39.625,settlement,SETTLED,pacs.008,FAST,1820.52,USD,**************3426,SG,237
2qn91n56-8355-4591-jjl1-78hi34923ep1,2026-07-11T13:49:36.167,gateway,OK,pacs.008,FAST,805.71,USD,**************3466,SG,19
2qn91n56-8355-4591-jjl1-78hi34923ep1,2026-07-11T13:49:36.297,auth,OK,pacs.008,FAST,805.71,USD,**************3466,SG,29
2qn91n56-8355-4591-jjl1-78hi34923ep1,2026-07-11T13:49:36.399,validation,OK,pacs.008,FAST,805.71,USD,**************3466,SG,47
2qn91n56-8355-4591-jjl1-78hi34923ep1,2026-07-11T13:49:36.496,aml,OK,pacs.008,FAST,805.71,USD,**************3466,SG,123
2qn91n56-8355-4591-jjl1-78hi34923ep1,2026-07-11T13:49:36.621,payment-hub,OK,pacs.008,FAST,805.71,USD,**************3466,SG,80
2qn91n56-8355-4591-jjl1-78hi34923ep1,2026-07-11T13:49:36.892,core-banking,OK,pacs.008,FAST,805.71,USD,**************3466,SG,142
2qn91n56-8355-4591-jjl1-78hi34923ep1,2026-07-11T13:49:36.994,settlement,SETTLED,pacs.008,FAST,805.71,USD,**************3466,SG,315
1yg91q83-0084-3811-vor6-86mv28226ne1,2026-07-09T20:01:13.843,gateway,OK,0200,FAST,661.15,MYR,**************9954,SG,56
1yg91q83-0084-3811-vor6-86mv28226ne1,2026-07-09T20:01:13.893,auth,OK,0200,FAST,661.15,MYR,**************9954,SG,28
1yg91q83-0084-3811-vor6-86mv28226ne1,2026-07-09T20:01:13.975,validation,OK,0200,FAST,661.15,MYR,**************9954,SG,111
1yg91q83-0084-3811-vor6-86mv28226ne1,2026-07-09T20:01:14.037,aml,OK,0200,FAST,661.15,MYR,**************9954,SG,177
1yg91q83-0084-3811-vor6-86mv28226ne1,2026-07-09T20:01:14.286,payment-hub,OK,0200,FAST,661.15,MYR,**************9954,SG,135
1yg91q83-0084-3811-vor6-86mv28226ne1,2026-07-09T20:01:14.395,core-banking,OK,0200,FAST,661.15,MYR,**************9954,SG,166
1yg91q83-0084-3811-vor6-86mv28226ne1,2026-07-09T20:01:14.659,settlement,SETTLED,0200,FAST,661.15,MYR,**************9954,SG,86
7xz10k94-6365-2138-nui5-42ux23719ru9,2026-07-07T01:29:38.310,gateway,OK,pacs.008,SWIFT,535.12,SGD,**************6213,SG,59
7xz10k94-6365-2138-nui5-42ux23719ru9,2026-07-07T01:29:38.406,auth,OK,pacs.008,SWIFT,535.12,SGD,**************6213,SG,54
7xz10k94-6365-2138-nui5-42ux23719ru9,2026-07-07T01:29:38.516,validation,OK,pacs.008,SWIFT,535.12,SGD,**************6213,SG,100
7xz10k94-6365-2138-nui5-42ux23719ru9,2026-07-07T01:29:38.597,aml,OK,pacs.008,SWIFT,535.12,SGD,**************6213,SG,267
7xz10k94-6365-2138-nui5-42ux23719ru9,2026-07-07T01:29:38.890,payment-hub,OK,pacs.008,SWIFT,535.12,SGD,**************6213,SG,70
7xz10k94-6365-2138-nui5-42ux23719ru9,2026-07-07T01:29:38.992,core-banking,OK,pacs.008,SWIFT,535.12,SGD,**************6213,SG,154
7xz10k94-6365-2138-nui5-42ux23719ru9,2026-07-07T01:29:39.156,settlement,SETTLED,pacs.008,SWIFT,535.12,SGD,**************6213,SG,102
7qr22j72-1122-3263-nfd7-57rz35748xj4,2026-07-11T20:23:10.329,gateway,OK,0200,CARDS,400.11,SGD,**************3166,SG,30
7qr22j72-1122-3263-nfd7-57rz35748xj4,2026-07-11T20:23:10.393,auth,OK,0200,CARDS,400.11,SGD,**************3166,SG,54
7qr22j72-1122-3263-nfd7-57rz35748xj4,2026-07-11T20:23:10.497,validation,OK,0200,CARDS,400.11,SGD,**************3166,SG,36
7qr22j72-1122-3263-nfd7-57rz35748xj4,2026-07-11T20:23:40.502,aml,OK,0200,CARDS,400.11,SGD,**************3166,SG,113
7qr22j72-1122-3263-nfd7-57rz35748xj4,2026-07-11T20:23:40.639,payment-hub,OK,0200,CARDS,400.11,SGD,**************3166,SG,91
7qr22j72-1122-3263-nfd7-57rz35748xj4,2026-07-11T20:23:40.718,core-banking,OK,0200,CARDS,400.11,SGD,**************3166,SG,121
7qr22j72-1122-3263-nfd7-57rz35748xj4,2026-07-11T20:23:40.836,settlement,SETTLED,0200,CARDS,400.11,SGD,**************3166,SG,188
1eg45i79-2921-0999-bog8-13yn67108ci2,2026-07-08T17:55:46.452,gateway,OK,pacs.008,SWIFT,696.71,GBP,**************4449,US,49
1eg45i79-2921-0999-bog8-13yn67108ci2,2026-07-08T17:55:46.559,auth,OK,pacs.008,SWIFT,696.71,GBP,**************4449,US,59
1eg45i79-2921-0999-bog8-13yn67108ci2,2026-07-08T17:55:46.683,validation,OK,pacs.008,SWIFT,696.71,GBP,**************4449,US,58
1eg45i79-2921-0999-bog8-13yn67108ci2,2026-07-08T17:55:46.771,aml,OK,pacs.008,SWIFT,696.71,GBP,**************4449,US,274
1eg45i79-2921-0999-bog8-13yn67108ci2,2026-07-08T17:55:47.014,payment-hub,OK,pacs.008,SWIFT,696.71,GBP,**************4449,US,41
1eg45i79-2921-0999-bog8-13yn67108ci2,2026-07-08T17:55:47.158,core-banking,OK,pacs.008,SWIFT,696.71,GBP,**************4449,US,134
1eg45i79-2921-0999-bog8-13yn67108ci2,2026-07-08T17:55:47.190,settlement,SETTLED,pacs.008,SWIFT,696.71,GBP,**************4449,US,359
1nt51o91-2185-5523-mlq7-28wc37040de4,2026-07-02T01:55:09.612,gateway,OK,pacs.008,FAST,623.29,SGD,**************4633,SG,21
1nt51o91-2185-5523-mlq7-28wc37040de4,2026-07-02T01:55:09.842,auth,OK,pacs.008,FAST,623.29,SGD,**************4633,SG,59
1nt51o91-2185-5523-mlq7-28wc37040de4,2026-07-02T01:55:09.913,validation,OK,pacs.008,FAST,623.29,SGD,**************4633,SG,49
1nt51o91-2185-5523-mlq7-28wc37040de4,2026-07-02T01:55:10.019,aml,OK,pacs.008,FAST,623.29,SGD,**************4633,SG,170
1nt51o91-2185-5523-mlq7-28wc37040de4,2026-07-02T01:55:10.175,payment-hub,OK,pacs.008,FAST,623.29,SGD,**************4633,SG,143
1nt51o91-2185-5523-mlq7-28wc37040de4,2026-07-02T01:55:10.223,core-banking,OK,pacs.008,FAST,623.29,SGD,**************4633,SG,245
1nt51o91-2185-5523-mlq7-28wc37040de4,2026-07-02T01:55:10.296,settlement,SETTLED,pacs.008,FAST,623.29,SGD,**************4633,SG,240
8ft76s44-6664-5116-gjn0-37ym14342yp9,2026-07-04T19:15:55.796,gateway,OK,pacs.008,FAST,522.76,USD,**************8647,SG,48
8ft76s44-6664-5116-gjn0-37ym14342yp9,2026-07-04T19:15:55.860,auth,OK,pacs.008,FAST,522.76,USD,**************8647,SG,46
8ft76s44-6664-5116-gjn0-37ym14342yp9,2026-07-04T19:15:55.931,validation,OK,pacs.008,FAST,522.76,USD,**************8647,SG,49
8ft76s44-6664-5116-gjn0-37ym14342yp9,2026-07-04T19:15:56.190,aml,OK,pacs.008,FAST,522.76,USD,**************8647,SG,52
8ft76s44-6664-5116-gjn0-37ym14342yp9,2026-07-04T19:15:56.248,payment-hub,OK,pacs.008,FAST,522.76,USD,**************8647,SG,45
8ft76s44-6664-5116-gjn0-37ym14342yp9,2026-07-04T19:15:56.319,core-banking,OK,pacs.008,FAST,522.76,USD,**************8647,SG,78
8ft76s44-6664-5116-gjn0-37ym14342yp9,2026-07-04T19:15:56.418,settlement,SETTLED,pacs.008,FAST,522.76,USD,**************8647,SG,353
0pc31p81-1035-5926-tuz0-33ie27673ce5,2026-07-11T00:32:09.118,gateway,OK,MT103,FAST,220.62,USD,**************6549,HK,41
0pc31p81-1035-5926-tuz0-33ie27673ce5,2026-07-11T00:32:09.303,auth,OK,MT103,FAST,220.62,USD,**************6549,HK,39
0pc31p81-1035-5926-tuz0-33ie27673ce5,2026-07-11T00:32:09.440,validation,OK,MT103,FAST,220.62,USD,**************6549,HK,46
0pc31p81-1035-5926-tuz0-33ie27673ce5,2026-07-11T00:32:09.700,aml,OK,MT103,FAST,220.62,USD,**************6549,HK,153
0pc31p81-1035-5926-tuz0-33ie27673ce5,2026-07-11T00:32:09.765,payment-hub,OK,MT103,FAST,220.62,USD,**************6549,HK,116
0pc31p81-1035-5926-tuz0-33ie27673ce5,2026-07-11T00:32:09.842,core-banking,OK,MT103,FAST,220.62,USD,**************6549,HK,63
0pc31p81-1035-5926-tuz0-33ie27673ce5,2026-07-11T00:32:09.954,settlement,SETTLED,MT103,FAST,220.62,USD,**************6549,HK,104
5ey81s11-9954-7089-nlv7-06wc97636xn6,2026-07-05T17:52:47.275,gateway,OK,pacs.008,SWIFT,6708.98,SGD,**************4396,MY,25
5ey81s11-9954-7089-nlv7-06wc97636xn6,2026-07-05T17:52:47.370,auth,OK,pacs.008,SWIFT,6708.98,SGD,**************4396,MY,60
5ey81s11-9954-7089-nlv7-06wc97636xn6,2026-07-05T17:52:47.433,validation,OK,pacs.008,SWIFT,6708.98,SGD,**************4396,MY,88
5ey81s11-9954-7089-nlv7-06wc97636xn6,2026-07-05T17:52:47.514,aml,OK,pacs.008,SWIFT,6708.98,SGD,**************4396,MY,96
5ey81s11-9954-7089-nlv7-06wc97636xn6,2026-07-05T17:52:47.629,payment-hub,OK,pacs.008,SWIFT,6708.98,SGD,**************4396,MY,58
5ey81s11-9954-7089-nlv7-06wc97636xn6,2026-07-05T17:52:47.685,core-banking,OK,pacs.008,SWIFT,6708.98,SGD,**************4396,MY,53
5ey81s11-9954-7089-nlv7-06wc97636xn6,2026-07-05T17:52:47.783,settlement,SETTLED,pacs.008,SWIFT,6708.98,SGD,**************4396,MY,262
3xv91n93-2627-8914-dbv9-24rj67818el8,2026-07-06T22:41:56.382,gateway,OK,MT103,SWIFT,433.5,SGD,**************7889,US,40
3xv91n93-2627-8914-dbv9-24rj67818el8,2026-07-06T22:41:56.703,auth,OK,MT103,SWIFT,433.5,SGD,**************7889,US,59
3xv91n93-2627-8914-dbv9-24rj67818el8,2026-07-06T22:41:56.971,validation,REJECTED,MT103,SWIFT,433.5,SGD,**************7889,US,69
6tg81i11-7978-9540-gmx3-37dp17250cv1,2026-07-05T08:46:36.089,gateway,OK,pacs.008,SWIFT,171.22,MYR,**************9904,SG,34
6tg81i11-7978-9540-gmx3-37dp17250cv1,2026-07-05T08:46:36.255,auth,OK,pacs.008,SWIFT,171.22,MYR,**************9904,SG,73
6tg81i11-7978-9540-gmx3-37dp17250cv1,2026-07-05T08:46:36.335,validation,OK,pacs.008,SWIFT,171.22,MYR,**************9904,SG,70
6tg81i11-7978-9540-gmx3-37dp17250cv1,2026-07-05T08:46:36.425,aml,OK,pacs.008,SWIFT,171.22,MYR,**************9904,SG,239
6tg81i11-7978-9540-gmx3-37dp17250cv1,2026-07-05T08:46:36.507,payment-hub,OK,pacs.008,SWIFT,171.22,MYR,**************9904,SG,111
6tg81i11-7978-9540-gmx3-37dp17250cv1,2026-07-05T08:46:36.569,core-banking,OK,pacs.008,SWIFT,171.22,MYR,**************9904,SG,164
6tg81i11-7978-9540-gmx3-37dp17250cv1,2026-07-05T08:46:36.639,settlement,SETTLED,pacs.008,SWIFT,171.22,MYR,**************9904,SG,262
3cu73n89-5850-7830-kpo8-97xh92906hh0,2026-07-06T23:28:31.631,gateway,OK,pacs.008,SWIFT,483.7,MYR,**************6831,SG,52
3cu73n89-5850-7830-kpo8-97xh92906hh0,2026-07-06T23:28:31.751,auth,OK,pacs.008,SWIFT,483.7,MYR,**************6831,SG,45
3cu73n89-5850-7830-kpo8-97xh92906hh0,2026-07-06T23:28:31.876,validation,OK,pacs.008,SWIFT,483.7,MYR,**************6831,SG,80
3cu73n89-5850-7830-kpo8-97xh92906hh0,2026-07-06T23:28:31.913,aml,OK,pacs.008,SWIFT,483.7,MYR,**************6831,SG,48
3cu73n89-5850-7830-kpo8-97xh92906hh0,2026-07-06T23:28:31.942,payment-hub,OK,pacs.008,SWIFT,483.7,MYR,**************6831,SG,135
3cu73n89-5850-7830-kpo8-97xh92906hh0,2026-07-06T23:28:32.018,core-banking,OK,pacs.008,SWIFT,483.7,MYR,**************6831,SG,171
3cu73n89-5850-7830-kpo8-97xh92906hh0,2026-07-06T23:28:32.208,settlement,SETTLED,pacs.008,SWIFT,483.7,MYR,**************6831,SG,129
6zi88w48-7657-3429-oao7-87ez90272va7,2026-07-14T09:06:47.543,gateway,OK,MT103,FAST,250.82,SGD,**************3691,SG,50
6zi88w48-7657-3429-oao7-87ez90272va7,2026-07-14T09:06:47.688,auth,OK,MT103,FAST,250.82,SGD,**************3691,SG,56
6zi88w48-7657-3429-oao7-87ez90272va7,2026-07-14T09:06:47.764,validation,OK,MT103,FAST,250.82,SGD,**************3691,SG,108
6zi88w48-7657-3429-oao7-87ez90272va7,2026-07-14T09:06:47.894,aml,OK,MT103,FAST,250.82,SGD,**************3691,SG,270
6zi88w48-7657-3429-oao7-87ez90272va7,2026-07-14T09:06:47.954,payment-hub,OK,MT103,FAST,250.82,SGD,**************3691,SG,105
6zi88w48-7657-3429-oao7-87ez90272va7,2026-07-14T09:06:48.008,core-banking,OK,MT103,FAST,250.82,SGD,**************3691,SG,210
6zi88w48-7657-3429-oao7-87ez90272va7,2026-07-14T09:06:48.123,settlement,SETTLED,MT103,FAST,250.82,SGD,**************3691,SG,295
3wj61v82-7422-4435-wfw8-50fi78385ps1,2026-07-03T12:01:22.391,gateway,OK,MT103,FAST,158.47,USD,**************5606,GB,39
3wj61v82-7422-4435-wfw8-50fi78385ps1,2026-07-03T12:01:22.480,auth,OK,MT103,FAST,158.47,USD,**************5606,GB,40
3wj61v82-7422-4435-wfw8-50fi78385ps1,2026-07-03T12:01:22.561,validation,OK,MT103,FAST,158.47,USD,**************5606,GB,102
3wj61v82-7422-4435-wfw8-50fi78385ps1,2026-07-03T12:01:22.681,aml,OK,MT103,FAST,158.47,USD,**************5606,GB,229
3wj61v82-7422-4435-wfw8-50fi78385ps1,2026-07-03T12:01:22.786,payment-hub,OK,MT103,FAST,158.47,USD,**************5606,GB,129
3wj61v82-7422-4435-wfw8-50fi78385ps1,2026-07-03T12:01:23.026,core-banking,OK,MT103,FAST,158.47,USD,**************5606,GB,239
3wj61v82-7422-4435-wfw8-50fi78385ps1,2026-07-03T12:01:23.102,settlement,SETTLED,MT103,FAST,158.47,USD,**************5606,GB,140
6jx84s43-6591-1661-vri0-60va51210kj0,2026-07-07T06:38:20.256,gateway,OK,pacs.008,FAST,756.1,GBP,**************9675,SG,46
6jx84s43-6591-1661-vri0-60va51210kj0,2026-07-07T06:38:20.352,auth,OK,pacs.008,FAST,756.1,GBP,**************9675,SG,69
6jx84s43-6591-1661-vri0-60va51210kj0,2026-07-07T06:38:20.423,validation,OK,pacs.008,FAST,756.1,GBP,**************9675,SG,75
6jx84s43-6591-1661-vri0-60va51210kj0,2026-07-07T06:38:20.536,aml,OK,pacs.008,FAST,756.1,GBP,**************9675,SG,219
6jx84s43-6591-1661-vri0-60va51210kj0,2026-07-07T06:38:20.668,payment-hub,OK,pacs.008,FAST,756.1,GBP,**************9675,SG,100
6jx84s43-6591-1661-vri0-60va51210kj0,2026-07-07T06:38:20.777,core-banking,OK,pacs.008,FAST,756.1,GBP,**************9675,SG,89
6jx84s43-6591-1661-vri0-60va51210kj0,2026-07-07T06:38:20.888,settlement,SETTLED,pacs.008,FAST,756.1,GBP,**************9675,SG,349
1hm53m03-8377-5934-xry8-81fl64670oc0,2026-07-05T14:21:47.526,gateway,OK,MT103,SWIFT,699.97,EUR,**************4543,SG,28
1hm53m03-8377-5934-xry8-81fl64670oc0,2026-07-05T14:21:47.561,auth,OK,MT103,SWIFT,699.97,EUR,**************4543,SG,23
1hm53m03-8377-5934-xry8-81fl64670oc0,2026-07-05T14:21:47.674,validation,OK,MT103,SWIFT,699.97,EUR,**************4543,SG,87
1hm53m03-8377-5934-xry8-81fl64670oc0,2026-07-05T14:21:47.700,aml,TIMEOUT,MT103,SWIFT,699.97,EUR,**************4543,SG,30000
1hm53m03-8377-5934-xry8-81fl64670oc0,2026-07-05T14:21:47.763,payment-hub,FAILED,MT103,SWIFT,699.97,EUR,**************4543,SG,121
2iz33k96-9181-9869-oif8-75mv76923hq9,2026-07-04T05:52:51.095,gateway,OK,MT103,FAST,965.65,EUR,**************4855,SG,34
2iz33k96-9181-9869-oif8-75mv76923hq9,2026-07-04T05:52:51.373,auth,OK,MT103,FAST,965.65,EUR,**************4855,SG,88
2iz33k96-9181-9869-oif8-75mv76923hq9,2026-07-04T05:52:51.399,validation,OK,MT103,FAST,965.65,EUR,**************4855,SG,66
2iz33k96-9181-9869-oif8-75mv76923hq9,2026-07-04T05:52:51.720,aml,OK,MT103,FAST,965.65,EUR,**************4855,SG,202
2iz33k96-9181-9869-oif8-75mv76923hq9,2026-07-04T05:52:51.930,payment-hub,OK,MT103,FAST,965.65,EUR,**************4855,SG,123
2iz33k96-9181-9869-oif8-75mv76923hq9,2026-07-04T05:52:52.118,core-banking,OK,MT103,FAST,965.65,EUR,**************4855,SG,184
2iz33k96-9181-9869-oif8-75mv76923hq9,2026-07-04T05:52:52.160,settlement,SETTLED,MT103,FAST,965.65,EUR,**************4855,SG,400
9qc10o05-5686-7375-cir5-47zs75617tn3,2026-07-09T02:38:44.584,gateway,OK,pacs.008,FAST,1472.84,SGD,**************1369,MY,46
9qc10o05-5686-7375-cir5-47zs75617tn3,2026-07-09T02:38:44.646,auth,OK,pacs.008,FAST,1472.84,SGD,**************1369,MY,69
9qc10o05-5686-7375-cir5-47zs75617tn3,2026-07-09T02:38:44.772,validation,OK,pacs.008,FAST,1472.84,SGD,**************1369,MY,98
9qc10o05-5686-7375-cir5-47zs75617tn3,2026-07-09T02:38:44.842,aml,TIMEOUT,pacs.008,FAST,1472.84,SGD,**************1369,MY,30000
9qc10o05-5686-7375-cir5-47zs75617tn3,2026-07-09T02:38:45.110,payment-hub,FAILED,pacs.008,FAST,1472.84,SGD,**************1369,MY,98
1tb39w15-0279-6341-mts9-19ze96702sv9,2026-07-11T23:09:51.927,gateway,OK,0200,FAST,285.95,MYR,**************2478,GB,41
1tb39w15-0279-6341-mts9-19ze96702sv9,2026-07-11T23:09:52.005,auth,OK,0200,FAST,285.95,MYR,**************2478,GB,59
1tb39w15-0279-6341-mts9-19ze96702sv9,2026-07-11T23:10:22.044,validation,OK,0200,FAST,285.95,MYR,**************2478,GB,39
1tb39w15-0279-6341-mts9-19ze96702sv9,2026-07-11T23:10:22.117,aml,OK,0200,FAST,285.95,MYR,**************2478,GB,230
1tb39w15-0279-6341-mts9-19ze96702sv9,2026-07-11T23:10:22.178,payment-hub,OK,0200,FAST,285.95,MYR,**************2478,GB,79
1tb39w15-0279-6341-mts9-19ze96702sv9,2026-07-11T23:10:22.250,core-banking,OK,0200,FAST,285.95,MYR,**************2478,GB,248
1tb39w15-0279-6341-mts9-19ze96702sv9,2026-07-11T23:10:22.385,settlement,SETTLED,0200,FAST,285.95,MYR,**************2478,GB,282
8si73n85-7620-9190-yta6-20if22228kk2,2026-07-12T14:50:47.335,gateway,OK,pacs.008,SWIFT,848.83,SGD,**************3232,SG,36
8si73n85-7620-9190-yta6-20if22228kk2,2026-07-12T14:50:47.417,auth,OK,pacs.008,SWIFT,848.83,SGD,**************3232,SG,45
8si73n85-7620-9190-yta6-20if22228kk2,2026-07-12T14:50:47.517,validation,OK,pacs.008,SWIFT,848.83,SGD,**************3232,SG,95
8si73n85-7620-9190-yta6-20if22228kk2,2026-07-12T14:50:47.664,aml,OK,pacs.008,SWIFT,848.83,SGD,**************3232,SG,263
8si73n85-7620-9190-yta6-20if22228kk2,2026-07-12T14:50:47.708,payment-hub,OK,pacs.008,SWIFT,848.83,SGD,**************3232,SG,77
8si73n85-7620-9190-yta6-20if22228kk2,2026-07-12T14:50:47.943,core-banking,OK,pacs.008,SWIFT,848.83,SGD,**************3232,SG,174
8si73n85-7620-9190-yta6-20if22228kk2,2026-07-12T14:50:48.035,settlement,SETTLED,pacs.008,SWIFT,848.83,SGD,**************3232,SG,97
5fw12m30-2676-6056-lll4-67li92370vv3,2026-07-09T13:18:53.723,gateway,OK,MT103,SWIFT,2296.44,EUR,**************1653,US,35
5fw12m30-2676-6056-lll4-67li92370vv3,2026-07-09T13:18:53.896,auth,OK,MT103,SWIFT,2296.44,EUR,**************1653,US,21
5fw12m30-2676-6056-lll4-67li92370vv3,2026-07-09T13:18:53.963,validation,REJECTED,MT103,SWIFT,2296.44,EUR,**************1653,US,74
3xs66e98-1673-4634-meq9-87qb25367qy5,2026-07-10T16:54:04.220,gateway,OK,0200,FAST,2227.64,SGD,**************3458,GB,16
3xs66e98-1673-4634-meq9-87qb25367qy5,2026-07-10T16:54:04.289,auth,OK,0200,FAST,2227.64,SGD,**************3458,GB,67
3xs66e98-1673-4634-meq9-87qb25367qy5,2026-07-10T16:54:04.467,validation,OK,0200,FAST,2227.64,SGD,**************3458,GB,31
3xs66e98-1673-4634-meq9-87qb25367qy5,2026-07-10T16:54:04.519,aml,OK,0200,FAST,2227.64,SGD,**************3458,GB,158
3xs66e98-1673-4634-meq9-87qb25367qy5,2026-07-10T16:54:04.643,payment-hub,OK,0200,FAST,2227.64,SGD,**************3458,GB,127
3xs66e98-1673-4634-meq9-87qb25367qy5,2026-07-10T16:54:04.823,core-banking,OK,0200,FAST,2227.64,SGD,**************3458,GB,67
3xs66e98-1673-4634-meq9-87qb25367qy5,2026-07-10T16:54:04.865,settlement,SETTLED,0200,FAST,2227.64,SGD,**************3458,GB,86
2hr50w44-1031-5874-aoe8-16xp87055hu7,2026-07-08T01:39:57.506,gateway,OK,MT103,FAST,971.14,USD,**************8235,GB,22
2hr50w44-1031-5874-aoe8-16xp87055hu7,2026-07-08T01:39:57.689,auth,OK,MT103,FAST,971.14,USD,**************8235,GB,45
2hr50w44-1031-5874-aoe8-16xp87055hu7,2026-07-08T01:39:57.731,validation,OK,MT103,FAST,971.14,USD,**************8235,GB,52
2hr50w44-1031-5874-aoe8-16xp87055hu7,2026-07-08T01:39:57.761,aml,OK,MT103,FAST,971.14,USD,**************8235,GB,130
2hr50w44-1031-5874-aoe8-16xp87055hu7,2026-07-08T01:39:57.847,payment-hub,OK,MT103,FAST,971.14,USD,**************8235,GB,136
2hr50w44-1031-5874-aoe8-16xp87055hu7,2026-07-08T01:39:57.888,core-banking,OK,MT103,FAST,971.14,USD,**************8235,GB,220
2hr50w44-1031-5874-aoe8-16xp87055hu7,2026-07-08T01:39:57.997,settlement,SETTLED,MT103,FAST,971.14,USD,**************8235,GB,297
1hm57b26-4998-1215-vwz0-76tl90144az0,2026-07-01T21:10:51.903,gateway,OK,pacs.008,FAST,3023.15,USD,**************5100,SG,24
1hm57b26-4998-1215-vwz0-76tl90144az0,2026-07-01T21:10:51.994,auth,OK,pacs.008,FAST,3023.15,USD,**************5100,SG,25
1hm57b26-4998-1215-vwz0-76tl90144az0,2026-07-01T21:10:52.106,validation,OK,pacs.008,FAST,3023.15,USD,**************5100,SG,34
1hm57b26-4998-1215-vwz0-76tl90144az0,2026-07-01T21:10:52.301,aml,TIMEOUT,pacs.008,FAST,3023.15,USD,**************5100,SG,30000
1hm57b26-4998-1215-vwz0-76tl90144az0,2026-07-01T21:10:52.564,payment-hub,FAILED,pacs.008,FAST,3023.15,USD,**************5100,SG,38
3si30d03-1028-6852-icj1-85ip43380mm2,2026-07-04T12:17:48.676,gateway,OK,MT103,FAST,2974.04,SGD,**************4395,MY,48
3si30d03-1028-6852-icj1-85ip43380mm2,2026-07-04T12:17:48.730,auth,OK,MT103,FAST,2974.04,SGD,**************4395,MY,89
3si30d03-1028-6852-icj1-85ip43380mm2,2026-07-04T12:17:48.914,validation,OK,MT103,FAST,2974.04,SGD,**************4395,MY,97
3si30d03-1028-6852-icj1-85ip43380mm2,2026-07-04T12:17:49.060,aml,OK,MT103,FAST,2974.04,SGD,**************4395,MY,118
3si30d03-1028-6852-icj1-85ip43380mm2,2026-07-04T12:17:49.218,payment-hub,OK,MT103,FAST,2974.04,SGD,**************4395,MY,144
3si30d03-1028-6852-icj1-85ip43380mm2,2026-07-04T12:17:49.318,core-banking,OK,MT103,FAST,2974.04,SGD,**************4395,MY,89
3si30d03-1028-6852-icj1-85ip43380mm2,2026-07-04T12:17:49.364,settlement,SETTLED,MT103,FAST,2974.04,SGD,**************4395,MY,68
1xm29r44-2402-5254-dwc6-37xl96399vd4,2026-07-01T11:10:20.783,gateway,OK,pacs.008,SWIFT,1039.57,EUR,**************1904,IN,37
1xm29r44-2402-5254-dwc6-37xl96399vd4,2026-07-01T11:10:20.849,auth,OK,pacs.008,SWIFT,1039.57,EUR,**************1904,IN,75
1xm29r44-2402-5254-dwc6-37xl96399vd4,2026-07-01T11:10:21.055,validation,OK,pacs.008,SWIFT,1039.57,EUR,**************1904,IN,34
1xm29r44-2402-5254-dwc6-37xl96399vd4,2026-07-01T11:10:21.352,aml,OK,pacs.008,SWIFT,1039.57,EUR,**************1904,IN,41
1xm29r44-2402-5254-dwc6-37xl96399vd4,2026-07-01T11:10:21.448,payment-hub,OK,pacs.008,SWIFT,1039.57,EUR,**************1904,IN,146
1xm29r44-2402-5254-dwc6-37xl96399vd4,2026-07-01T11:10:21.529,core-banking,OK,pacs.008,SWIFT,1039.57,EUR,**************1904,IN,82
1xm29r44-2402-5254-dwc6-37xl96399vd4,2026-07-01T11:10:21.607,settlement,SETTLED,pacs.008,SWIFT,1039.57,EUR,**************1904,IN,297
0nz85l96-0761-6681-eni7-64ra37603fa0,2026-07-12T03:33:01.275,gateway,OK,MT103,SWIFT,330.78,SGD,**************4771,SG,18
0nz85l96-0761-6681-eni7-64ra37603fa0,2026-07-12T03:33:01.348,auth,OK,MT103,SWIFT,330.78,SGD,**************4771,SG,59
0nz85l96-0761-6681-eni7-64ra37603fa0,2026-07-12T03:33:01.477,validation,OK,MT103,SWIFT,330.78,SGD,**************4771,SG,34
0nz85l96-0761-6681-eni7-64ra37603fa0,2026-07-12T03:33:01.566,aml,OK,MT103,SWIFT,330.78,SGD,**************4771,SG,300
0nz85l96-0761-6681-eni7-64ra37603fa0,2026-07-12T03:33:01.794,payment-hub,OK,MT103,SWIFT,330.78,SGD,**************4771,SG,77
0nz85l96-0761-6681-eni7-64ra37603fa0,2026-07-12T03:33:01.956,core-banking,OK,MT103,SWIFT,330.78,SGD,**************4771,SG,56
0nz85l96-0761-6681-eni7-64ra37603fa0,2026-07-12T03:33:02.046,settlement,SETTLED,MT103,SWIFT,330.78,SGD,**************4771,SG,386
8gk84z18-4546-5059-qeq0-09tx11955vu5,2026-07-04T03:18:47.730,gateway,OK,pacs.008,SWIFT,383.1,USD,**************6192,MY,39
8gk84z18-4546-5059-qeq0-09tx11955vu5,2026-07-04T03:18:47.843,auth,OK,pacs.008,SWIFT,383.1,USD,**************6192,MY,70
8gk84z18-4546-5059-qeq0-09tx11955vu5,2026-07-04T03:18:47.953,validation,OK,pacs.008,SWIFT,383.1,USD,**************6192,MY,72
8gk84z18-4546-5059-qeq0-09tx11955vu5,2026-07-04T03:18:48.065,aml,OK,pacs.008,SWIFT,383.1,USD,**************6192,MY,52
8gk84z18-4546-5059-qeq0-09tx11955vu5,2026-07-04T03:18:48.120,payment-hub,OK,pacs.008,SWIFT,383.1,USD,**************6192,MY,84
8gk84z18-4546-5059-qeq0-09tx11955vu5,2026-07-04T03:18:48.336,core-banking,OK,pacs.008,SWIFT,383.1,USD,**************6192,MY,70
8gk84z18-4546-5059-qeq0-09tx11955vu5,2026-07-04T03:18:48.510,settlement,SETTLED,pacs.008,SWIFT,383.1,USD,**************6192,MY,163
3ql40d29-9879-0633-ogb2-97aq75274ct1,2026-07-13T23:39:53.984,gateway,OK,pacs.008,SWIFT,1287.91,SGD,**************6458,US,47
3ql40d29-9879-0633-ogb2-97aq75274ct1,2026-07-13T23:39:54.094,auth,OK,pacs.008,SWIFT,1287.91,SGD,**************6458,US,48
3ql40d29-9879-0633-ogb2-97aq75274ct1,2026-07-13T23:39:54.249,validation,OK,pacs.008,SWIFT,1287.91,SGD,**************6458,US,98
3ql40d29-9879-0633-ogb2-97aq75274ct1,2026-07-13T23:39:54.384,aml,OK,pacs.008,SWIFT,1287.91,SGD,**************6458,US,72
3ql40d29-9879-0633-ogb2-97aq75274ct1,2026-07-13T23:39:54.441,payment-hub,OK,pacs.008,SWIFT,1287.91,SGD,**************6458,US,69
3ql40d29-9879-0633-ogb2-97aq75274ct1,2026-07-13T23:39:54.541,core-banking,OK,pacs.008,SWIFT,1287.91,SGD,**************6458,US,101
3ql40d29-9879-0633-ogb2-97aq75274ct1,2026-07-13T23:39:54.615,settlement,SETTLED,pacs.008,SWIFT,1287.91,SGD,**************6458,US,229
2cp72o15-0021-1026-udl4-57jy77429gc2,2026-07-14T17:19:04.324,gateway,OK,pacs.008,SWIFT,109.4,USD,**************8829,US,26
2cp72o15-0021-1026-udl4-57jy77429gc2,2026-07-14T17:19:04.444,auth,OK,pacs.008,SWIFT,109.4,USD,**************8829,US,36
2cp72o15-0021-1026-udl4-57jy77429gc2,2026-07-14T17:19:04.483,validation,OK,pacs.008,SWIFT,109.4,USD,**************8829,US,62
2cp72o15-0021-1026-udl4-57jy77429gc2,2026-07-14T17:19:04.661,aml,OK,pacs.008,SWIFT,109.4,USD,**************8829,US,134
2cp72o15-0021-1026-udl4-57jy77429gc2,2026-07-14T17:19:04.782,payment-hub,OK,pacs.008,SWIFT,109.4,USD,**************8829,US,46
2cp72o15-0021-1026-udl4-57jy77429gc2,2026-07-14T17:19:04.853,core-banking,OK,pacs.008,SWIFT,109.4,USD,**************8829,US,95
2cp72o15-0021-1026-udl4-57jy77429gc2,2026-07-14T17:19:04.916,settlement,SETTLED,pacs.008,SWIFT,109.4,USD,**************8829,US,275
7qo73z15-9447-2938-vcg7-80ka75494qh1,2026-07-11T23:52:53.002,gateway,OK,MT103,FAST,415.77,USD,**************7983,MY,30
7qo73z15-9447-2938-vcg7-80ka75494qh1,2026-07-11T23:52:53.255,auth,OK,MT103,FAST,415.77,USD,**************7983,MY,73
7qo73z15-9447-2938-vcg7-80ka75494qh1,2026-07-11T23:52:53.355,validation,OK,MT103,FAST,415.77,USD,**************7983,MY,97
7qo73z15-9447-2938-vcg7-80ka75494qh1,2026-07-11T23:52:53.431,aml,TIMEOUT,MT103,FAST,415.77,USD,**************7983,MY,30000
7qo73z15-9447-2938-vcg7-80ka75494qh1,2026-07-11T23:52:53.500,payment-hub,FAILED,MT103,FAST,415.77,USD,**************7983,MY,104
4ut31n65-5474-4196-dnn0-87ts59602it0,2026-07-05T09:01:10.475,gateway,OK,pacs.008,SWIFT,550.93,USD,**************0696,SG,36
4ut31n65-5474-4196-dnn0-87ts59602it0,2026-07-05T09:01:10.519,auth,OK,pacs.008,SWIFT,550.93,USD,**************0696,SG,89
4ut31n65-5474-4196-dnn0-87ts59602it0,2026-07-05T09:01:10.615,validation,OK,pacs.008,SWIFT,550.93,USD,**************0696,SG,75
4ut31n65-5474-4196-dnn0-87ts59602it0,2026-07-05T09:01:10.675,aml,OK,pacs.008,SWIFT,550.93,USD,**************0696,SG,183
4ut31n65-5474-4196-dnn0-87ts59602it0,2026-07-05T09:01:10.704,payment-hub,OK,pacs.008,SWIFT,550.93,USD,**************0696,SG,62
4ut31n65-5474-4196-dnn0-87ts59602it0,2026-07-05T09:01:10.812,core-banking,OK,pacs.008,SWIFT,550.93,USD,**************0696,SG,232
4ut31n65-5474-4196-dnn0-87ts59602it0,2026-07-05T09:01:10.958,settlement,SETTLED,pacs.008,SWIFT,550.93,USD,**************0696,SG,76
1ig02i81-1002-8208-rlx1-63an73670jg0,2026-07-13T21:52:35.446,gateway,OK,MT103,SWIFT,1089.46,SGD,**************5997,SG,29
1ig02i81-1002-8208-rlx1-63an73670jg0,2026-07-13T21:52:35.518,auth,OK,MT103,SWIFT,1089.46,SGD,**************5997,SG,43
1ig02i81-1002-8208-rlx1-63an73670jg0,2026-07-13T21:52:35.554,validation,OK,MT103,SWIFT,1089.46,SGD,**************5997,SG,41
1ig02i81-1002-8208-rlx1-63an73670jg0,2026-07-13T21:52:35.665,aml,OK,MT103,SWIFT,1089.46,SGD,**************5997,SG,136
1ig02i81-1002-8208-rlx1-63an73670jg0,2026-07-13T21:52:35.877,payment-hub,OK,MT103,SWIFT,1089.46,SGD,**************5997,SG,87
1ig02i81-1002-8208-rlx1-63an73670jg0,2026-07-13T21:52:36.006,core-banking,OK,MT103,SWIFT,1089.46,SGD,**************5997,SG,77
1ig02i81-1002-8208-rlx1-63an73670jg0,2026-07-13T21:52:36.162,settlement,SETTLED,MT103,SWIFT,1089.46,SGD,**************5997,SG,359
0qq76g51-6735-0169-ikv5-36td53656mq6,2026-07-12T00:29:03.122,gateway,OK,MT103,SWIFT,485.61,SGD,**************2586,GB,47
0qq76g51-6735-0169-ikv5-36td53656mq6,2026-07-12T00:29:03.250,auth,OK,MT103,SWIFT,485.61,SGD,**************2586,GB,39
0qq76g51-6735-0169-ikv5-36td53656mq6,2026-07-12T00:29:03.369,validation,OK,MT103,SWIFT,485.61,SGD,**************2586,GB,25
0qq76g51-6735-0169-ikv5-36td53656mq6,2026-07-12T00:29:03.421,aml,OK,MT103,SWIFT,485.61,SGD,**************2586,GB,223
0qq76g51-6735-0169-ikv5-36td53656mq6,2026-07-12T00:29:03.483,payment-hub,OK,MT103,SWIFT,485.61,SGD,**************2586,GB,62
0qq76g51-6735-0169-ikv5-36td53656mq6,2026-07-12T00:29:03.557,core-banking,OK,MT103,SWIFT,485.61,SGD,**************2586,GB,171
0qq76g51-6735-0169-ikv5-36td53656mq6,2026-07-12T00:29:03.794,settlement,SETTLED,MT103,SWIFT,485.61,SGD,**************2586,GB,119
8bo96s69-2169-3351-gcl9-02xw36083zz9,2026-07-12T02:27:22.065,gateway,OK,MT103,SWIFT,1717.76,EUR,**************9925,SG,22
8bo96s69-2169-3351-gcl9-02xw36083zz9,2026-07-12T02:27:22.202,auth,OK,MT103,SWIFT,1717.76,EUR,**************9925,SG,67
8bo96s69-2169-3351-gcl9-02xw36083zz9,2026-07-12T02:27:22.319,validation,OK,MT103,SWIFT,1717.76,EUR,**************9925,SG,30
8bo96s69-2169-3351-gcl9-02xw36083zz9,2026-07-12T02:27:22.638,aml,OK,MT103,SWIFT,1717.76,EUR,**************9925,SG,131
8bo96s69-2169-3351-gcl9-02xw36083zz9,2026-07-12T02:27:22.830,payment-hub,OK,MT103,SWIFT,1717.76,EUR,**************9925,SG,80
8bo96s69-2169-3351-gcl9-02xw36083zz9,2026-07-12T02:27:22.919,core-banking,OK,MT103,SWIFT,1717.76,EUR,**************9925,SG,192
8bo96s69-2169-3351-gcl9-02xw36083zz9,2026-07-12T02:27:22.977,settlement,SETTLED,MT103,SWIFT,1717.76,EUR,**************9925,SG,335
0am45p76-0297-8610-blb7-79wb47647ij3,2026-07-03T23:16:02.840,gateway,OK,pacs.008,FAST,3143.54,GBP,**************6883,GB,39
0am45p76-0297-8610-blb7-79wb47647ij3,2026-07-03T23:16:03.099,auth,OK,pacs.008,FAST,3143.54,GBP,**************6883,GB,43
0am45p76-0297-8610-blb7-79wb47647ij3,2026-07-03T23:16:03.145,validation,OK,pacs.008,FAST,3143.54,GBP,**************6883,GB,89
0am45p76-0297-8610-blb7-79wb47647ij3,2026-07-03T23:16:03.329,aml,OK,pacs.008,FAST,3143.54,GBP,**************6883,GB,63
0am45p76-0297-8610-blb7-79wb47647ij3,2026-07-03T23:16:03.390,payment-hub,OK,pacs.008,FAST,3143.54,GBP,**************6883,GB,49
0am45p76-0297-8610-blb7-79wb47647ij3,2026-07-03T23:16:03.538,core-banking,OK,pacs.008,FAST,3143.54,GBP,**************6883,GB,116
0am45p76-0297-8610-blb7-79wb47647ij3,2026-07-03T23:16:03.627,settlement,SETTLED,pacs.008,FAST,3143.54,GBP,**************6883,GB,90
0av77s43-5783-5163-huw2-18dl09569zf2,2026-07-04T00:58:26.728,gateway,OK,pacs.008,FAST,721.41,SGD,**************0770,IN,26
0av77s43-5783-5163-huw2-18dl09569zf2,2026-07-04T00:58:26.818,auth,OK,pacs.008,FAST,721.41,SGD,**************0770,IN,68
0av77s43-5783-5163-huw2-18dl09569zf2,2026-07-04T00:58:26.942,validation,OK,pacs.008,FAST,721.41,SGD,**************0770,IN,57
0av77s43-5783-5163-huw2-18dl09569zf2,2026-07-04T00:58:27.030,aml,OK,pacs.008,FAST,721.41,SGD,**************0770,IN,196
0av77s43-5783-5163-huw2-18dl09569zf2,2026-07-04T00:58:27.264,payment-hub,OK,pacs.008,FAST,721.41,SGD,**************0770,IN,102
0av77s43-5783-5163-huw2-18dl09569zf2,2026-07-04T00:58:27.354,core-banking,OK,pacs.008,FAST,721.41,SGD,**************0770,IN,121
0av77s43-5783-5163-huw2-18dl09569zf2,2026-07-04T00:58:27.613,settlement,SETTLED,pacs.008,FAST,721.41,SGD,**************0770,IN,236
5ec82o44-5514-0193-eqv2-55pb33055pl4,2026-07-04T14:12:04.405,gateway,OK,pacs.008,FAST,1790.64,GBP,**************6953,MY,57
5ec82o44-5514-0193-eqv2-55pb33055pl4,2026-07-04T14:12:04.536,auth,OK,pacs.008,FAST,1790.64,GBP,**************6953,MY,32
5ec82o44-5514-0193-eqv2-55pb33055pl4,2026-07-04T14:12:04.650,validation,OK,pacs.008,FAST,1790.64,GBP,**************6953,MY,112
5ec82o44-5514-0193-eqv2-55pb33055pl4,2026-07-04T14:12:04.680,aml,OK,pacs.008,FAST,1790.64,GBP,**************6953,MY,273
5ec82o44-5514-0193-eqv2-55pb33055pl4,2026-07-04T14:12:04.744,payment-hub,OK,pacs.008,FAST,1790.64,GBP,**************6953,MY,137
5ec82o44-5514-0193-eqv2-55pb33055pl4,2026-07-04T14:12:04.791,core-banking,OK,pacs.008,FAST,1790.64,GBP,**************6953,MY,76
5ec82o44-5514-0193-eqv2-55pb33055pl4,2026-07-04T14:12:04.916,settlement,SETTLED,pacs.008,FAST,1790.64,GBP,**************6953,MY,178
9il92g52-6543-4581-jul8-92lr89417wu0,2026-07-10T04:03:40.714,gateway,OK,0200,FAST,464.32,USD,**************6767,SG,42
9il92g52-6543-4581-jul8-92lr89417wu0,2026-07-10T04:03:40.770,auth,OK,0200,FAST,464.32,USD,**************6767,SG,83
9il92g52-6543-4581-jul8-92lr89417wu0,2026-07-10T04:03:40.886,validation,OK,0200,FAST,464.32,USD,**************6767,SG,34
9il92g52-6543-4581-jul8-92lr89417wu0,2026-07-10T04:03:40.913,aml,OK,0200,FAST,464.32,USD,**************6767,SG,271
9il92g52-6543-4581-jul8-92lr89417wu0,2026-07-10T04:03:40.939,payment-hub,OK,0200,FAST,464.32,USD,**************6767,SG,119
9il92g52-6543-4581-jul8-92lr89417wu0,2026-07-10T04:03:41.100,core-banking,OK,0200,FAST,464.32,USD,**************6767,SG,94
9il92g52-6543-4581-jul8-92lr89417wu0,2026-07-10T04:03:41.178,settlement,SETTLED,0200,FAST,464.32,USD,**************6767,SG,129
4jf63m82-4767-8662-hkh0-95dz16831lq0,2026-07-08T14:43:52.327,gateway,OK,0200,FAST,142.15,USD,**************6889,IN,35
4jf63m82-4767-8662-hkh0-95dz16831lq0,2026-07-08T14:43:52.511,auth,OK,0200,FAST,142.15,USD,**************6889,IN,78
4jf63m82-4767-8662-hkh0-95dz16831lq0,2026-07-08T14:43:52.549,validation,REJECTED,0200,FAST,142.15,USD,**************6889,IN,29
4vs70s42-0545-6241-yey9-53mc78298bi8,2026-07-03T11:25:25.842,gateway,OK,pacs.008,FAST,2304.76,SGD,**************3886,MY,48
4vs70s42-0545-6241-yey9-53mc78298bi8,2026-07-03T11:25:26.001,auth,OK,pacs.008,FAST,2304.76,SGD,**************3886,MY,50
4vs70s42-0545-6241-yey9-53mc78298bi8,2026-07-03T11:25:26.096,validation,OK,pacs.008,FAST,2304.76,SGD,**************3886,MY,44
4vs70s42-0545-6241-yey9-53mc78298bi8,2026-07-03T11:25:26.258,aml,OK,pacs.008,FAST,2304.76,SGD,**************3886,MY,63
4vs70s42-0545-6241-yey9-53mc78298bi8,2026-07-03T11:25:26.333,payment-hub,OK,pacs.008,FAST,2304.76,SGD,**************3886,MY,91
4vs70s42-0545-6241-yey9-53mc78298bi8,2026-07-03T11:25:26.493,core-banking,OK,pacs.008,FAST,2304.76,SGD,**************3886,MY,76
4vs70s42-0545-6241-yey9-53mc78298bi8,2026-07-03T11:25:26.755,settlement,SETTLED,pacs.008,FAST,2304.76,SGD,**************3886,MY,182
2oo18b36-4977-7676-ala6-23ag17742jm3,2026-07-03T16:47:53.184,gateway,OK,pacs.008,FAST,328.4,SGD,**************5688,SG,60
2oo18b36-4977-7676-ala6-23ag17742jm3,2026-07-03T16:47:53.372,auth,OK,pacs.008,FAST,328.4,SGD,**************5688,SG,80
2oo18b36-4977-7676-ala6-23ag17742jm3,2026-07-03T16:47:53.443,validation,OK,pacs.008,FAST,328.4,SGD,**************5688,SG,108
2oo18b36-4977-7676-ala6-23ag17742jm3,2026-07-03T16:47:53.723,aml,TIMEOUT,pacs.008,FAST,328.4,SGD,**************5688,SG,30000
2oo18b36-4977-7676-ala6-23ag17742jm3,2026-07-03T16:47:53.817,payment-hub,FAILED,pacs.008,FAST,328.4,SGD,**************5688,SG,82
8rs72f36-1143-7288-fuj9-12ng56824wt9,2026-07-14T08:46:02.882,gateway,OK,pacs.008,FAST,343.33,SGD,**************7326,SG,55
8rs72f36-1143-7288-fuj9-12ng56824wt9,2026-07-14T08:46:03.001,auth,OK,pacs.008,FAST,343.33,SGD,**************7326,SG,23
8rs72f36-1143-7288-fuj9-12ng56824wt9,2026-07-14T08:46:03.137,validation,OK,pacs.008,FAST,343.33,SGD,**************7326,SG,67
8rs72f36-1143-7288-fuj9-12ng56824wt9,2026-07-14T08:46:03.274,aml,OK,pacs.008,FAST,343.33,SGD,**************7326,SG,157
8rs72f36-1143-7288-fuj9-12ng56824wt9,2026-07-14T08:46:03.524,payment-hub,OK,pacs.008,FAST,343.33,SGD,**************7326,SG,36
8rs72f36-1143-7288-fuj9-12ng56824wt9,2026-07-14T08:46:03.584,core-banking,OK,pacs.008,FAST,343.33,SGD,**************7326,SG,110
8rs72f36-1143-7288-fuj9-12ng56824wt9,2026-07-14T08:46:03.833,settlement,SETTLED,pacs.008,FAST,343.33,SGD,**************7326,SG,268
6dp19j34-7999-5784-zmk1-69ep64102ys5,2026-07-06T21:42:24.356,gateway,OK,pacs.008,FAST,1482.46,USD,**************8818,US,49
6dp19j34-7999-5784-zmk1-69ep64102ys5,2026-07-06T21:42:24.412,auth,OK,pacs.008,FAST,1482.46,USD,**************8818,US,74
6dp19j34-7999-5784-zmk1-69ep64102ys5,2026-07-06T21:42:24.451,validation,OK,pacs.008,FAST,1482.46,USD,**************8818,US,28
6dp19j34-7999-5784-zmk1-69ep64102ys5,2026-07-06T21:42:24.540,aml,OK,pacs.008,FAST,1482.46,USD,**************8818,US,109
6dp19j34-7999-5784-zmk1-69ep64102ys5,2026-07-06T21:42:24.628,payment-hub,OK,pacs.008,FAST,1482.46,USD,**************8818,US,58
6dp19j34-7999-5784-zmk1-69ep64102ys5,2026-07-06T21:42:24.929,core-banking,OK,pacs.008,FAST,1482.46,USD,**************8818,US,107
6dp19j34-7999-5784-zmk1-69ep64102ys5,2026-07-06T21:42:25.028,settlement,SETTLED,pacs.008,FAST,1482.46,USD,**************8818,US,80
5bq94g39-5227-3276-hiz6-15ca12542ks5,2026-07-02T07:48:49.729,gateway,OK,pacs.008,CARDS,1578.37,SGD,**************0229,IN,28
5bq94g39-5227-3276-hiz6-15ca12542ks5,2026-07-02T07:48:49.802,auth,OK,pacs.008,CARDS,1578.37,SGD,**************0229,IN,73
5bq94g39-5227-3276-hiz6-15ca12542ks5,2026-07-02T07:48:49.971,validation,OK,pacs.008,CARDS,1578.37,SGD,**************0229,IN,31
5bq94g39-5227-3276-hiz6-15ca12542ks5,2026-07-02T07:48:50.051,aml,OK,pacs.008,CARDS,1578.37,SGD,**************0229,IN,201
5bq94g39-5227-3276-hiz6-15ca12542ks5,2026-07-02T07:48:50.151,payment-hub,OK,pacs.008,CARDS,1578.37,SGD,**************0229,IN,105
5bq94g39-5227-3276-hiz6-15ca12542ks5,2026-07-02T07:48:50.226,core-banking,OK,pacs.008,CARDS,1578.37,SGD,**************0229,IN,190
5bq94g39-5227-3276-hiz6-15ca12542ks5,2026-07-02T07:48:50.262,settlement,SETTLED,pacs.008,CARDS,1578.37,SGD,**************0229,IN,118
6cc89r50-3729-8833-fkc7-25nq60961pe8,2026-07-10T01:26:18.715,gateway,OK,pacs.008,FAST,988.84,INR,**************9657,US,60
6cc89r50-3729-8833-fkc7-25nq60961pe8,2026-07-10T01:26:18.842,auth,OK,pacs.008,FAST,988.84,INR,**************9657,US,50
6cc89r50-3729-8833-fkc7-25nq60961pe8,2026-07-10T01:26:18.912,validation,OK,pacs.008,FAST,988.84,INR,**************9657,US,113
6cc89r50-3729-8833-fkc7-25nq60961pe8,2026-07-10T01:26:18.983,aml,OK,pacs.008,FAST,988.84,INR,**************9657,US,91
6cc89r50-3729-8833-fkc7-25nq60961pe8,2026-07-10T01:26:19.127,payment-hub,OK,pacs.008,FAST,988.84,INR,**************9657,US,147
6cc89r50-3729-8833-fkc7-25nq60961pe8,2026-07-10T01:26:19.192,core-banking,OK,pacs.008,FAST,988.84,INR,**************9657,US,144
6cc89r50-3729-8833-fkc7-25nq60961pe8,2026-07-10T01:26:19.245,settlement,SETTLED,pacs.008,FAST,988.84,INR,**************9657,US,111
0nt54t25-4289-3201-tkc7-97qt03108mz6,2026-07-08T11:44:29.220,gateway,OK,pacs.008,CARDS,2189.32,USD,**************4909,SG,52
0nt54t25-4289-3201-tkc7-97qt03108mz6,2026-07-08T11:44:29.431,auth,OK,pacs.008,CARDS,2189.32,USD,**************4909,SG,21
0nt54t25-4289-3201-tkc7-97qt03108mz6,2026-07-08T11:44:29.490,validation,OK,pacs.008,CARDS,2189.32,USD,**************4909,SG,88
0nt54t25-4289-3201-tkc7-97qt03108mz6,2026-07-08T11:44:29.557,aml,OK,pacs.008,CARDS,2189.32,USD,**************4909,SG,43
0nt54t25-4289-3201-tkc7-97qt03108mz6,2026-07-08T11:44:29.664,payment-hub,OK,pacs.008,CARDS,2189.32,USD,**************4909,SG,134
0nt54t25-4289-3201-tkc7-97qt03108mz6,2026-07-08T11:44:29.870,core-banking,OK,pacs.008,CARDS,2189.32,USD,**************4909,SG,196
0nt54t25-4289-3201-tkc7-97qt03108mz6,2026-07-08T11:44:30.003,settlement,SETTLED,pacs.008,CARDS,2189.32,USD,**************4909,SG,121
1fr41v05-8615-7199-rln2-14xa39901xk4,2026-07-10T08:47:46.207,gateway,OK,MT103,SWIFT,278.15,EUR,**************9903,GB,37
1fr41v05-8615-7199-rln2-14xa39901xk4,2026-07-10T08:47:46.252,auth,OK,MT103,SWIFT,278.15,EUR,**************9903,GB,84
1fr41v05-8615-7199-rln2-14xa39901xk4,2026-07-10T08:47:46.402,validation,OK,MT103,SWIFT,278.15,EUR,**************9903,GB,117
1fr41v05-8615-7199-rln2-14xa39901xk4,2026-07-10T08:47:46.524,aml,OK,MT103,SWIFT,278.15,EUR,**************9903,GB,57
1fr41v05-8615-7199-rln2-14xa39901xk4,2026-07-10T08:47:46.613,payment-hub,OK,MT103,SWIFT,278.15,EUR,**************9903,GB,91
1fr41v05-8615-7199-rln2-14xa39901xk4,2026-07-10T08:47:46.664,core-banking,OK,MT103,SWIFT,278.15,EUR,**************9903,GB,130
1fr41v05-8615-7199-rln2-14xa39901xk4,2026-07-10T08:47:46.782,settlement,SETTLED,MT103,SWIFT,278.15,EUR,**************9903,GB,126
4hy77s23-8344-3341-pqw3-91qf28301ru4,2026-07-14T03:32:43.542,gateway,OK,0200,FAST,314.43,USD,**************4536,SG,54
4hy77s23-8344-3341-pqw3-91qf28301ru4,2026-07-14T03:32:43.611,auth,OK,0200,FAST,314.43,USD,**************4536,SG,87
4hy77s23-8344-3341-pqw3-91qf28301ru4,2026-07-14T03:32:43.675,validation,OK,0200,FAST,314.43,USD,**************4536,SG,39
4hy77s23-8344-3341-pqw3-91qf28301ru4,2026-07-14T03:32:43.730,aml,OK,0200,FAST,314.43,USD,**************4536,SG,80
4hy77s23-8344-3341-pqw3-91qf28301ru4,2026-07-14T03:32:43.810,payment-hub,OK,0200,FAST,314.43,USD,**************4536,SG,142
4hy77s23-8344-3341-pqw3-91qf28301ru4,2026-07-14T03:32:43.911,core-banking,OK,0200,FAST,314.43,USD,**************4536,SG,107
4hy77s23-8344-3341-pqw3-91qf28301ru4,2026-07-14T03:32:43.980,settlement,SETTLED,0200,FAST,314.43,USD,**************4536,SG,330
4vh16a74-6919-1604-yim9-92xn34073qd0,2026-07-10T21:38:43.356,gateway,OK,pacs.008,FAST,1786.41,EUR,**************1977,SG,46
4vh16a74-6919-1604-yim9-92xn34073qd0,2026-07-10T21:38:43.601,auth,OK,pacs.008,FAST,1786.41,EUR,**************1977,SG,40
4vh16a74-6919-1604-yim9-92xn34073qd0,2026-07-10T21:38:43.795,validation,OK,pacs.008,FAST,1786.41,EUR,**************1977,SG,86
4vh16a74-6919-1604-yim9-92xn34073qd0,2026-07-10T21:38:43.878,aml,OK,pacs.008,FAST,1786.41,EUR,**************1977,SG,284
4vh16a74-6919-1604-yim9-92xn34073qd0,2026-07-10T21:38:43.909,payment-hub,OK,pacs.008,FAST,1786.41,EUR,**************1977,SG,118
4vh16a74-6919-1604-yim9-92xn34073qd0,2026-07-10T21:38:44.005,core-banking,OK,pacs.008,FAST,1786.41,EUR,**************1977,SG,93
4vh16a74-6919-1604-yim9-92xn34073qd0,2026-07-10T21:38:44.069,settlement,SETTLED,pacs.008,FAST,1786.41,EUR,**************1977,SG,383
2jz34p97-6996-8154-ptc8-49mi90173oc3,2026-07-04T23:16:40.784,gateway,OK,pacs.008,FAST,405.51,SGD,**************4772,SG,32
2jz34p97-6996-8154-ptc8-49mi90173oc3,2026-07-04T23:16:40.854,auth,OK,pacs.008,FAST,405.51,SGD,**************4772,SG,67
2jz34p97-6996-8154-ptc8-49mi90173oc3,2026-07-04T23:16:40.977,validation,OK,pacs.008,FAST,405.51,SGD,**************4772,SG,48
2jz34p97-6996-8154-ptc8-49mi90173oc3,2026-07-04T23:16:41.029,aml,OK,pacs.008,FAST,405.51,SGD,**************4772,SG,116
2jz34p97-6996-8154-ptc8-49mi90173oc3,2026-07-04T23:16:41.132,payment-hub,OK,pacs.008,FAST,405.51,SGD,**************4772,SG,85
2jz34p97-6996-8154-ptc8-49mi90173oc3,2026-07-04T23:16:41.257,core-banking,OK,pacs.008,FAST,405.51,SGD,**************4772,SG,70
2jz34p97-6996-8154-ptc8-49mi90173oc3,2026-07-04T23:16:41.330,settlement,SETTLED,pacs.008,FAST,405.51,SGD,**************4772,SG,335
3bl02q44-9707-9178-dgn4-15wj01358it8,2026-07-09T16:02:55.848,gateway,OK,pacs.008,SWIFT,1239.92,MYR,**************5123,GB,54
3bl02q44-9707-9178-dgn4-15wj01358it8,2026-07-09T16:02:55.957,auth,OK,pacs.008,SWIFT,1239.92,MYR,**************5123,GB,49
3bl02q44-9707-9178-dgn4-15wj01358it8,2026-07-09T16:02:56.039,validation,OK,pacs.008,SWIFT,1239.92,MYR,**************5123,GB,86
3bl02q44-9707-9178-dgn4-15wj01358it8,2026-07-09T16:02:56.273,aml,OK,pacs.008,SWIFT,1239.92,MYR,**************5123,GB,266
3bl02q44-9707-9178-dgn4-15wj01358it8,2026-07-09T16:02:56.404,payment-hub,OK,pacs.008,SWIFT,1239.92,MYR,**************5123,GB,83
3bl02q44-9707-9178-dgn4-15wj01358it8,2026-07-09T16:02:56.474,core-banking,OK,pacs.008,SWIFT,1239.92,MYR,**************5123,GB,55
3bl02q44-9707-9178-dgn4-15wj01358it8,2026-07-09T16:02:56.512,settlement,SETTLED,pacs.008,SWIFT,1239.92,MYR,**************5123,GB,171
4ji06h05-4529-8153-ren0-37sj35406di6,2026-07-09T15:45:48.971,gateway,OK,pacs.008,CARDS,877.86,INR,**************0300,MY,15
4ji06h05-4529-8153-ren0-37sj35406di6,2026-07-09T15:45:49.143,auth,OK,pacs.008,CARDS,877.86,INR,**************0300,MY,76
4ji06h05-4529-8153-ren0-37sj35406di6,2026-07-09T15:45:49.422,validation,OK,pacs.008,CARDS,877.86,INR,**************0300,MY,71
4ji06h05-4529-8153-ren0-37sj35406di6,2026-07-09T15:45:49.587,aml,TIMEOUT,pacs.008,CARDS,877.86,INR,**************0300,MY,30000
4ji06h05-4529-8153-ren0-37sj35406di6,2026-07-09T15:45:49.716,payment-hub,FAILED,pacs.008,CARDS,877.86,INR,**************0300,MY,86
3up04w91-1271-3104-wgj0-87rm66066qh5,2026-07-06T02:55:33.489,gateway,OK,pacs.008,SWIFT,103.04,MYR,**************6935,SG,31
3up04w91-1271-3104-wgj0-87rm66066qh5,2026-07-06T02:55:33.579,auth,OK,pacs.008,SWIFT,103.04,MYR,**************6935,SG,60
3up04w91-1271-3104-wgj0-87rm66066qh5,2026-07-06T02:55:33.723,validation,OK,pacs.008,SWIFT,103.04,MYR,**************6935,SG,106
3up04w91-1271-3104-wgj0-87rm66066qh5,2026-07-06T02:55:33.789,aml,OK,pacs.008,SWIFT,103.04,MYR,**************6935,SG,173
3up04w91-1271-3104-wgj0-87rm66066qh5,2026-07-06T02:55:33.848,payment-hub,OK,pacs.008,SWIFT,103.04,MYR,**************6935,SG,72
3up04w91-1271-3104-wgj0-87rm66066qh5,2026-07-06T02:55:33.925,core-banking,OK,pacs.008,SWIFT,103.04,MYR,**************6935,SG,175
3up04w91-1271-3104-wgj0-87rm66066qh5,2026-07-06T02:55:33.953,settlement,SETTLED,pacs.008,SWIFT,103.04,MYR,**************6935,SG,372
3jm67c18-5031-8065-xmw3-52kg90312ae3,2026-07-03T22:50:32.377,gateway,OK,pacs.008,FAST,3948.96,SGD,**************6819,IN,21
3jm67c18-5031-8065-xmw3-52kg90312ae3,2026-07-03T22:50:32.485,auth,OK,pacs.008,FAST,3948.96,SGD,**************6819,IN,22
3jm67c18-5031-8065-xmw3-52kg90312ae3,2026-07-03T22:50:32.586,validation,OK,pacs.008,FAST,3948.96,SGD,**************6819,IN,101
3jm67c18-5031-8065-xmw3-52kg90312ae3,2026-07-03T22:50:32.696,aml,TIMEOUT,pacs.008,FAST,3948.96,SGD,**************6819,IN,30000
3jm67c18-5031-8065-xmw3-52kg90312ae3,2026-07-03T22:50:32.782,payment-hub,FAILED,pacs.008,FAST,3948.96,SGD,**************6819,IN,66
0be41t20-7824-7609-tik0-75eb55550ce1,2026-07-06T22:16:59.798,gateway,OK,0200,FAST,742.76,EUR,**************9733,SG,29
0be41t20-7824-7609-tik0-75eb55550ce1,2026-07-06T22:16:59.989,auth,OK,0200,FAST,742.76,EUR,**************9733,SG,62
0be41t20-7824-7609-tik0-75eb55550ce1,2026-07-06T22:17:00.033,validation,OK,0200,FAST,742.76,EUR,**************9733,SG,59
0be41t20-7824-7609-tik0-75eb55550ce1,2026-07-06T22:17:00.092,aml,OK,0200,FAST,742.76,EUR,**************9733,SG,173
0be41t20-7824-7609-tik0-75eb55550ce1,2026-07-06T22:17:00.217,payment-hub,OK,0200,FAST,742.76,EUR,**************9733,SG,40
0be41t20-7824-7609-tik0-75eb55550ce1,2026-07-06T22:17:00.303,core-banking,OK,0200,FAST,742.76,EUR,**************9733,SG,150
0be41t20-7824-7609-tik0-75eb55550ce1,2026-07-06T22:17:00.415,settlement,SETTLED,0200,FAST,742.76,EUR,**************9733,SG,296
8cc87i76-0201-8299-rrj0-15nj69690ey6,2026-07-12T03:37:59.362,gateway,OK,MT103,FAST,455.88,MYR,**************8830,SG,20
8cc87i76-0201-8299-rrj0-15nj69690ey6,2026-07-12T03:37:59.428,auth,OK,MT103,FAST,455.88,MYR,**************8830,SG,41
8cc87i76-0201-8299-rrj0-15nj69690ey6,2026-07-12T03:37:59.485,validation,OK,MT103,FAST,455.88,MYR,**************8830,SG,59
8cc87i76-0201-8299-rrj0-15nj69690ey6,2026-07-12T03:37:59.571,aml,OK,MT103,FAST,455.88,MYR,**************8830,SG,123
8cc87i76-0201-8299-rrj0-15nj69690ey6,2026-07-12T03:37:59.660,payment-hub,OK,MT103,FAST,455.88,MYR,**************8830,SG,74
8cc87i76-0201-8299-rrj0-15nj69690ey6,2026-07-12T03:37:59.782,core-banking,OK,MT103,FAST,455.88,MYR,**************8830,SG,139
8cc87i76-0201-8299-rrj0-15nj69690ey6,2026-07-12T03:37:59.859,settlement,SETTLED,MT103,FAST,455.88,MYR,**************8830,SG,195
1yr73s76-7314-7051-hsw7-60mw88695zw9,2026-07-02T11:25:14.940,gateway,OK,MT103,FAST,596.29,EUR,**************7363,SG,48
1yr73s76-7314-7051-hsw7-60mw88695zw9,2026-07-02T11:25:15.173,auth,OK,MT103,FAST,596.29,EUR,**************7363,SG,58
1yr73s76-7314-7051-hsw7-60mw88695zw9,2026-07-02T11:25:15.284,validation,OK,MT103,FAST,596.29,EUR,**************7363,SG,95
1yr73s76-7314-7051-hsw7-60mw88695zw9,2026-07-02T11:25:15.441,aml,OK,MT103,FAST,596.29,EUR,**************7363,SG,269
1yr73s76-7314-7051-hsw7-60mw88695zw9,2026-07-02T11:25:15.626,payment-hub,OK,MT103,FAST,596.29,EUR,**************7363,SG,86
1yr73s76-7314-7051-hsw7-60mw88695zw9,2026-07-02T11:25:15.683,core-banking,OK,MT103,FAST,596.29,EUR,**************7363,SG,58
1yr73s76-7314-7051-hsw7-60mw88695zw9,2026-07-02T11:25:15.763,settlement,SETTLED,MT103,FAST,596.29,EUR,**************7363,SG,308
3th17u31-2324-0746-oen8-07zv06941cw0,2026-07-10T11:54:17.525,gateway,OK,pacs.008,FAST,1710.94,SGD,**************4661,GB,50
3th17u31-2324-0746-oen8-07zv06941cw0,2026-07-10T11:54:17.664,auth,OK,pacs.008,FAST,1710.94,SGD,**************4661,GB,46
3th17u31-2324-0746-oen8-07zv06941cw0,2026-07-10T11:54:17.704,validation,OK,pacs.008,FAST,1710.94,SGD,**************4661,GB,86
3th17u31-2324-0746-oen8-07zv06941cw0,2026-07-10T11:54:17.996,aml,TIMEOUT,pacs.008,FAST,1710.94,SGD,**************4661,GB,30000
3th17u31-2324-0746-oen8-07zv06941cw0,2026-07-10T11:54:18.058,payment-hub,FAILED,pacs.008,FAST,1710.94,SGD,**************4661,GB,95
9vf63d00-5308-1654-mly1-27ls21257gd8,2026-07-13T11:07:39.019,gateway,OK,MT103,FAST,4374.99,EUR,**************2938,SG,25
9vf63d00-5308-1654-mly1-27ls21257gd8,2026-07-13T11:07:39.168,auth,OK,MT103,FAST,4374.99,EUR,**************2938,SG,65
9vf63d00-5308-1654-mly1-27ls21257gd8,2026-07-13T11:07:39.224,validation,REJECTED,MT103,FAST,4374.99,EUR,**************2938,SG,110
6fn67i19-4629-7779-yrv0-55gc16296ch5,2026-07-02T12:53:45.357,gateway,OK,pacs.008,FAST,406.17,SGD,**************1631,SG,35
6fn67i19-4629-7779-yrv0-55gc16296ch5,2026-07-02T12:53:45.471,auth,OK,pacs.008,FAST,406.17,SGD,**************1631,SG,36
6fn67i19-4629-7779-yrv0-55gc16296ch5,2026-07-02T12:53:45.531,validation,OK,pacs.008,FAST,406.17,SGD,**************1631,SG,92
6fn67i19-4629-7779-yrv0-55gc16296ch5,2026-07-02T12:53:45.611,aml,OK,pacs.008,FAST,406.17,SGD,**************1631,SG,140
6fn67i19-4629-7779-yrv0-55gc16296ch5,2026-07-02T12:53:45.728,payment-hub,OK,pacs.008,FAST,406.17,SGD,**************1631,SG,40
6fn67i19-4629-7779-yrv0-55gc16296ch5,2026-07-02T12:53:45.767,core-banking,OK,pacs.008,FAST,406.17,SGD,**************1631,SG,58
6fn67i19-4629-7779-yrv0-55gc16296ch5,2026-07-02T12:53:45.843,settlement,SETTLED,pacs.008,FAST,406.17,SGD,**************1631,SG,105
7ju05o56-3215-2338-orl6-07ni84839oh4,2026-07-09T23:48:56.990,gateway,OK,pacs.008,FAST,1595.74,SGD,**************9381,MY,45
7ju05o56-3215-2338-orl6-07ni84839oh4,2026-07-09T23:48:57.136,auth,OK,pacs.008,FAST,1595.74,SGD,**************9381,MY,41
7ju05o56-3215-2338-orl6-07ni84839oh4,2026-07-09T23:48:57.192,validation,OK,pacs.008,FAST,1595.74,SGD,**************9381,MY,51
7ju05o56-3215-2338-orl6-07ni84839oh4,2026-07-09T23:48:57.245,aml,OK,pacs.008,FAST,1595.74,SGD,**************9381,MY,191
7ju05o56-3215-2338-orl6-07ni84839oh4,2026-07-09T23:48:57.355,payment-hub,OK,pacs.008,FAST,1595.74,SGD,**************9381,MY,115
7ju05o56-3215-2338-orl6-07ni84839oh4,2026-07-09T23:48:57.453,core-banking,OK,pacs.008,FAST,1595.74,SGD,**************9381,MY,167
7ju05o56-3215-2338-orl6-07ni84839oh4,2026-07-09T23:48:57.544,settlement,SETTLED,pacs.008,FAST,1595.74,SGD,**************9381,MY,97
6an74r64-0166-9298-wjr6-53hy57808we7,2026-07-09T21:12:56.250,gateway,OK,0200,FAST,2975.71,SGD,**************4987,SG,30
6an74r64-0166-9298-wjr6-53hy57808we7,2026-07-09T21:12:56.313,auth,OK,0200,FAST,2975.71,SGD,**************4987,SG,66
6an74r64-0166-9298-wjr6-53hy57808we7,2026-07-09T21:12:56.389,validation,REJECTED,0200,FAST,2975.71,SGD,**************4987,SG,75
4gm53r59-9916-5922-qqm7-46ps18435io9,2026-07-12T04:38:55.558,gateway,OK,MT103,FAST,324.65,SGD,**************8254,SG,52
4gm53r59-9916-5922-qqm7-46ps18435io9,2026-07-12T04:38:55.687,auth,OK,MT103,FAST,324.65,SGD,**************8254,SG,26
4gm53r59-9916-5922-qqm7-46ps18435io9,2026-07-12T04:38:55.739,validation,OK,MT103,FAST,324.65,SGD,**************8254,SG,53
4gm53r59-9916-5922-qqm7-46ps18435io9,2026-07-12T04:38:55.898,aml,OK,MT103,FAST,324.65,SGD,**************8254,SG,170
4gm53r59-9916-5922-qqm7-46ps18435io9,2026-07-12T04:38:55.984,payment-hub,OK,MT103,FAST,324.65,SGD,**************8254,SG,137
4gm53r59-9916-5922-qqm7-46ps18435io9,2026-07-12T04:38:56.054,core-banking,OK,MT103,FAST,324.65,SGD,**************8254,SG,226
4gm53r59-9916-5922-qqm7-46ps18435io9,2026-07-12T04:38:56.098,settlement,SETTLED,MT103,FAST,324.65,SGD,**************8254,SG,326
7gm14r55-1804-7899-okm9-00xw99418xe0,2026-07-05T17:03:03.284,gateway,OK,MT103,FAST,3117.56,MYR,**************7677,SG,39
7gm14r55-1804-7899-okm9-00xw99418xe0,2026-07-05T17:03:03.352,auth,OK,MT103,FAST,3117.56,MYR,**************7677,SG,87
7gm14r55-1804-7899-okm9-00xw99418xe0,2026-07-05T17:03:03.428,validation,OK,MT103,FAST,3117.56,MYR,**************7677,SG,94
7gm14r55-1804-7899-okm9-00xw99418xe0,2026-07-05T17:03:03.528,aml,OK,MT103,FAST,3117.56,MYR,**************7677,SG,173
7gm14r55-1804-7899-okm9-00xw99418xe0,2026-07-05T17:03:03.643,payment-hub,OK,MT103,FAST,3117.56,MYR,**************7677,SG,68
7gm14r55-1804-7899-okm9-00xw99418xe0,2026-07-05T17:03:03.804,core-banking,OK,MT103,FAST,3117.56,MYR,**************7677,SG,53
7gm14r55-1804-7899-okm9-00xw99418xe0,2026-07-05T17:03:04.064,settlement,SETTLED,MT103,FAST,3117.56,MYR,**************7677,SG,79
4yp86k68-2645-4078-rbe0-08vd29392ig0,2026-07-13T10:20:28.920,gateway,OK,pacs.008,FAST,1681.72,GBP,**************6731,HK,51
4yp86k68-2645-4078-rbe0-08vd29392ig0,2026-07-13T10:20:28.970,auth,OK,pacs.008,FAST,1681.72,GBP,**************6731,HK,77
4yp86k68-2645-4078-rbe0-08vd29392ig0,2026-07-13T10:20:29.077,validation,OK,pacs.008,FAST,1681.72,GBP,**************6731,HK,92
4yp86k68-2645-4078-rbe0-08vd29392ig0,2026-07-13T10:20:29.130,aml,OK,pacs.008,FAST,1681.72,GBP,**************6731,HK,285
4yp86k68-2645-4078-rbe0-08vd29392ig0,2026-07-13T10:20:29.237,payment-hub,OK,pacs.008,FAST,1681.72,GBP,**************6731,HK,107
4yp86k68-2645-4078-rbe0-08vd29392ig0,2026-07-13T10:20:29.392,core-banking,OK,pacs.008,FAST,1681.72,GBP,**************6731,HK,106
4yp86k68-2645-4078-rbe0-08vd29392ig0,2026-07-13T10:20:29.499,settlement,SETTLED,pacs.008,FAST,1681.72,GBP,**************6731,HK,276
5ws86t20-3108-6324-weu1-37my32021sz2,2026-07-08T18:54:51.318,gateway,OK,pacs.008,FAST,966.08,SGD,**************6066,SG,33
5ws86t20-3108-6324-weu1-37my32021sz2,2026-07-08T18:54:51.406,auth,OK,pacs.008,FAST,966.08,SGD,**************6066,SG,63
5ws86t20-3108-6324-weu1-37my32021sz2,2026-07-08T18:54:51.490,validation,OK,pacs.008,FAST,966.08,SGD,**************6066,SG,43
5ws86t20-3108-6324-weu1-37my32021sz2,2026-07-08T18:54:51.536,aml,OK,pacs.008,FAST,966.08,SGD,**************6066,SG,41
5ws86t20-3108-6324-weu1-37my32021sz2,2026-07-08T18:54:51.624,payment-hub,OK,pacs.008,FAST,966.08,SGD,**************6066,SG,125
5ws86t20-3108-6324-weu1-37my32021sz2,2026-07-08T18:54:51.799,core-banking,OK,pacs.008,FAST,966.08,SGD,**************6066,SG,188
5ws86t20-3108-6324-weu1-37my32021sz2,2026-07-08T18:54:51.958,settlement,SETTLED,pacs.008,FAST,966.08,SGD,**************6066,SG,255
9kk81s68-5398-1268-asg0-97sx09161hr5,2026-07-03T21:02:54.517,gateway,OK,MT103,FAST,49.77,SGD,**************8094,US,25
9kk81s68-5398-1268-asg0-97sx09161hr5,2026-07-03T21:02:54.571,auth,OK,MT103,FAST,49.77,SGD,**************8094,US,79
9kk81s68-5398-1268-asg0-97sx09161hr5,2026-07-03T21:02:54.864,validation,OK,MT103,FAST,49.77,SGD,**************8094,US,104
9kk81s68-5398-1268-asg0-97sx09161hr5,2026-07-03T21:02:54.952,aml,OK,MT103,FAST,49.77,SGD,**************8094,US,219
9kk81s68-5398-1268-asg0-97sx09161hr5,2026-07-03T21:02:55.010,payment-hub,OK,MT103,FAST,49.77,SGD,**************8094,US,72
9kk81s68-5398-1268-asg0-97sx09161hr5,2026-07-03T21:02:55.064,core-banking,OK,MT103,FAST,49.77,SGD,**************8094,US,204
9kk81s68-5398-1268-asg0-97sx09161hr5,2026-07-03T21:02:55.174,settlement,SETTLED,MT103,FAST,49.77,SGD,**************8094,US,200
5zs00h98-6299-6813-dmx9-97cx87436mo6,2026-07-13T06:25:22.797,gateway,OK,pacs.008,CARDS,399.98,GBP,**************8028,GB,39
5zs00h98-6299-6813-dmx9-97cx87436mo6,2026-07-13T06:25:22.894,auth,OK,pacs.008,CARDS,399.98,GBP,**************8028,GB,78
5zs00h98-6299-6813-dmx9-97cx87436mo6,2026-07-13T06:25:23.075,validation,OK,pacs.008,CARDS,399.98,GBP,**************8028,GB,53
5zs00h98-6299-6813-dmx9-97cx87436mo6,2026-07-13T06:25:23.131,aml,OK,pacs.008,CARDS,399.98,GBP,**************8028,GB,300
5zs00h98-6299-6813-dmx9-97cx87436mo6,2026-07-13T06:25:23.205,payment-hub,OK,pacs.008,CARDS,399.98,GBP,**************8028,GB,68
5zs00h98-6299-6813-dmx9-97cx87436mo6,2026-07-13T06:25:23.241,core-banking,OK,pacs.008,CARDS,399.98,GBP,**************8028,GB,168
5zs00h98-6299-6813-dmx9-97cx87436mo6,2026-07-13T06:25:23.345,settlement,SETTLED,pacs.008,CARDS,399.98,GBP,**************8028,GB,111
5wn72f62-5585-7716-sou0-49rc72291dy6,2026-07-13T23:50:49.827,gateway,OK,pacs.008,FAST,279.57,MYR,**************3985,SG,46
5wn72f62-5585-7716-sou0-49rc72291dy6,2026-07-13T23:50:49.951,auth,OK,pacs.008,FAST,279.57,MYR,**************3985,SG,88
5wn72f62-5585-7716-sou0-49rc72291dy6,2026-07-13T23:50:50.137,validation,OK,pacs.008,FAST,279.57,MYR,**************3985,SG,36
5wn72f62-5585-7716-sou0-49rc72291dy6,2026-07-13T23:50:50.322,aml,TIMEOUT,pacs.008,FAST,279.57,MYR,**************3985,SG,30000
5wn72f62-5585-7716-sou0-49rc72291dy6,2026-07-13T23:50:50.394,payment-hub,FAILED,pacs.008,FAST,279.57,MYR,**************3985,SG,38
7qe74d08-2074-5388-ptn1-19qu49942wy4,2026-07-04T21:06:56.520,gateway,OK,pacs.008,FAST,740.87,USD,**************9588,MY,33
7qe74d08-2074-5388-ptn1-19qu49942wy4,2026-07-04T21:06:56.642,auth,OK,pacs.008,FAST,740.87,USD,**************9588,MY,70
7qe74d08-2074-5388-ptn1-19qu49942wy4,2026-07-04T21:06:56.716,validation,OK,pacs.008,FAST,740.87,USD,**************9588,MY,90
7qe74d08-2074-5388-ptn1-19qu49942wy4,2026-07-04T21:06:56.795,aml,OK,pacs.008,FAST,740.87,USD,**************9588,MY,265
7qe74d08-2074-5388-ptn1-19qu49942wy4,2026-07-04T21:06:56.925,payment-hub,OK,pacs.008,FAST,740.87,USD,**************9588,MY,93
7qe74d08-2074-5388-ptn1-19qu49942wy4,2026-07-04T21:06:57.020,core-banking,OK,pacs.008,FAST,740.87,USD,**************9588,MY,132
7qe74d08-2074-5388-ptn1-19qu49942wy4,2026-07-04T21:06:57.192,settlement,SETTLED,pacs.008,FAST,740.87,USD,**************9588,MY,237
5bq05n48-8401-2260-jaf8-18au11910nl4,2026-07-08T11:51:12.653,gateway,OK,pacs.008,FAST,636.74,MYR,**************8361,SG,41
5bq05n48-8401-2260-jaf8-18au11910nl4,2026-07-08T11:51:12.730,auth,OK,pacs.008,FAST,636.74,MYR,**************8361,SG,49
5bq05n48-8401-2260-jaf8-18au11910nl4,2026-07-08T11:51:12.953,validation,OK,pacs.008,FAST,636.74,MYR,**************8361,SG,115
5bq05n48-8401-2260-jaf8-18au11910nl4,2026-07-08T11:51:13.016,aml,OK,pacs.008,FAST,636.74,MYR,**************8361,SG,143
5bq05n48-8401-2260-jaf8-18au11910nl4,2026-07-08T11:51:13.152,payment-hub,OK,pacs.008,FAST,636.74,MYR,**************8361,SG,131
5bq05n48-8401-2260-jaf8-18au11910nl4,2026-07-08T11:51:13.273,core-banking,OK,pacs.008,FAST,636.74,MYR,**************8361,SG,53
5bq05n48-8401-2260-jaf8-18au11910nl4,2026-07-08T11:51:13.343,settlement,SETTLED,pacs.008,FAST,636.74,MYR,**************8361,SG,76
5th08t94-0273-9150-yzo9-13am94255ls6,2026-07-09T08:25:41.621,gateway,OK,pacs.008,FAST,3150.75,GBP,**************7159,GB,44
5th08t94-0273-9150-yzo9-13am94255ls6,2026-07-09T08:25:41.674,auth,OK,pacs.008,FAST,3150.75,GBP,**************7159,GB,40
5th08t94-0273-9150-yzo9-13am94255ls6,2026-07-09T08:25:41.759,validation,REJECTED,pacs.008,FAST,3150.75,GBP,**************7159,GB,63
5wd12d53-9309-1366-ybl8-76yk07121ou6,2026-07-09T18:41:46.987,gateway,OK,0200,FAST,560.35,SGD,**************0929,IN,39
5wd12d53-9309-1366-ybl8-76yk07121ou6,2026-07-09T18:41:47.055,auth,OK,0200,FAST,560.35,SGD,**************0929,IN,69
5wd12d53-9309-1366-ybl8-76yk07121ou6,2026-07-09T18:41:47.167,validation,OK,0200,FAST,560.35,SGD,**************0929,IN,27
5wd12d53-9309-1366-ybl8-76yk07121ou6,2026-07-09T18:41:47.461,aml,OK,0200,FAST,560.35,SGD,**************0929,IN,105
5wd12d53-9309-1366-ybl8-76yk07121ou6,2026-07-09T18:41:47.696,payment-hub,OK,0200,FAST,560.35,SGD,**************0929,IN,98
5wd12d53-9309-1366-ybl8-76yk07121ou6,2026-07-09T18:41:47.840,core-banking,OK,0200,FAST,560.35,SGD,**************0929,IN,198
5wd12d53-9309-1366-ybl8-76yk07121ou6,2026-07-09T18:41:48.084,settlement,SETTLED,0200,FAST,560.35,SGD,**************0929,IN,168
5ix33o10-2052-4239-qxp7-99qz07712hx6,2026-07-14T12:24:02.906,gateway,OK,pacs.008,FAST,5458.57,GBP,**************5958,IN,58
5ix33o10-2052-4239-qxp7-99qz07712hx6,2026-07-14T12:24:03.034,auth,OK,pacs.008,FAST,5458.57,GBP,**************5958,IN,44
5ix33o10-2052-4239-qxp7-99qz07712hx6,2026-07-14T12:24:03.211,validation,OK,pacs.008,FAST,5458.57,GBP,**************5958,IN,95
5ix33o10-2052-4239-qxp7-99qz07712hx6,2026-07-14T12:24:03.265,aml,OK,pacs.008,FAST,5458.57,GBP,**************5958,IN,213
5ix33o10-2052-4239-qxp7-99qz07712hx6,2026-07-14T12:24:03.380,payment-hub,OK,pacs.008,FAST,5458.57,GBP,**************5958,IN,78
5ix33o10-2052-4239-qxp7-99qz07712hx6,2026-07-14T12:24:03.442,core-banking,OK,pacs.008,FAST,5458.57,GBP,**************5958,IN,162
5ix33o10-2052-4239-qxp7-99qz07712hx6,2026-07-14T12:24:03.522,settlement,SETTLED,pacs.008,FAST,5458.57,GBP,**************5958,IN,185
9vu60m38-0603-9913-jxh9-80rn68402kz6,2026-07-02T07:25:14.713,gateway,OK,MT103,FAST,910.52,GBP,**************5899,MY,54
9vu60m38-0603-9913-jxh9-80rn68402kz6,2026-07-02T07:25:14.835,auth,OK,MT103,FAST,910.52,GBP,**************5899,MY,62
9vu60m38-0603-9913-jxh9-80rn68402kz6,2026-07-02T07:25:15.070,validation,OK,MT103,FAST,910.52,GBP,**************5899,MY,112
9vu60m38-0603-9913-jxh9-80rn68402kz6,2026-07-02T07:25:15.167,aml,OK,MT103,FAST,910.52,GBP,**************5899,MY,189
9vu60m38-0603-9913-jxh9-80rn68402kz6,2026-07-02T07:25:15.235,payment-hub,OK,MT103,FAST,910.52,GBP,**************5899,MY,38
9vu60m38-0603-9913-jxh9-80rn68402kz6,2026-07-02T07:25:15.453,core-banking,OK,MT103,FAST,910.52,GBP,**************5899,MY,164
9vu60m38-0603-9913-jxh9-80rn68402kz6,2026-07-02T07:25:15.495,settlement,SETTLED,MT103,FAST,910.52,GBP,**************5899,MY,193
1tz80i71-3851-6476-nky3-11mi93814ez9,2026-07-12T09:27:11.530,gateway,OK,pacs.008,FAST,1543.35,SGD,**************5222,SG,55
1tz80i71-3851-6476-nky3-11mi93814ez9,2026-07-12T09:27:11.792,auth,OK,pacs.008,FAST,1543.35,SGD,**************5222,SG,60
1tz80i71-3851-6476-nky3-11mi93814ez9,2026-07-12T09:27:11.927,validation,OK,pacs.008,FAST,1543.35,SGD,**************5222,SG,111
1tz80i71-3851-6476-nky3-11mi93814ez9,2026-07-12T09:27:12.070,aml,TIMEOUT,pacs.008,FAST,1543.35,SGD,**************5222,SG,30000
1tz80i71-3851-6476-nky3-11mi93814ez9,2026-07-12T09:27:12.146,payment-hub,FAILED,pacs.008,FAST,1543.35,SGD,**************5222,SG,140
8wn17b85-5676-7855-vkd7-71mf17050ui8,2026-07-12T19:25:10.072,gateway,OK,0200,SWIFT,1661.01,SGD,**************1109,MY,41
8wn17b85-5676-7855-vkd7-71mf17050ui8,2026-07-12T19:25:10.174,auth,OK,0200,SWIFT,1661.01,SGD,**************1109,MY,37
8wn17b85-5676-7855-vkd7-71mf17050ui8,2026-07-12T19:25:10.229,validation,OK,0200,SWIFT,1661.01,SGD,**************1109,MY,102
8wn17b85-5676-7855-vkd7-71mf17050ui8,2026-07-12T19:25:10.366,aml,OK,0200,SWIFT,1661.01,SGD,**************1109,MY,170
8wn17b85-5676-7855-vkd7-71mf17050ui8,2026-07-12T19:25:10.442,payment-hub,OK,0200,SWIFT,1661.01,SGD,**************1109,MY,65
8wn17b85-5676-7855-vkd7-71mf17050ui8,2026-07-12T19:25:10.550,core-banking,OK,0200,SWIFT,1661.01,SGD,**************1109,MY,99
8wn17b85-5676-7855-vkd7-71mf17050ui8,2026-07-12T19:25:10.636,settlement,SETTLED,0200,SWIFT,1661.01,SGD,**************1109,MY,115
2nn17i03-0965-2162-ern0-77kg45818nn0,2026-07-06T18:10:37.060,gateway,OK,pacs.008,SWIFT,405.36,MYR,**************7711,SG,28
2nn17i03-0965-2162-ern0-77kg45818nn0,2026-07-06T18:10:37.127,auth,OK,pacs.008,SWIFT,405.36,MYR,**************7711,SG,38
2nn17i03-0965-2162-ern0-77kg45818nn0,2026-07-06T18:10:37.374,validation,OK,pacs.008,SWIFT,405.36,MYR,**************7711,SG,94
2nn17i03-0965-2162-ern0-77kg45818nn0,2026-07-06T18:10:37.487,aml,TIMEOUT,pacs.008,SWIFT,405.36,MYR,**************7711,SG,30000
2nn17i03-0965-2162-ern0-77kg45818nn0,2026-07-06T18:10:37.659,payment-hub,FAILED,pacs.008,SWIFT,405.36,MYR,**************7711,SG,49
2ja00q52-9556-5498-wqt6-93sj54192em6,2026-07-04T17:58:34.526,gateway,OK,pacs.008,FAST,1214.65,MYR,**************3676,IN,47
2ja00q52-9556-5498-wqt6-93sj54192em6,2026-07-04T17:58:34.638,auth,OK,pacs.008,FAST,1214.65,MYR,**************3676,IN,81
2ja00q52-9556-5498-wqt6-93sj54192em6,2026-07-04T17:59:04.662,validation,REJECTED,pacs.008,FAST,1214.65,MYR,**************3676,IN,82
2ms85v98-3500-9105-wwn8-94ow78804ih8,2026-07-12T13:29:05.755,gateway,OK,pacs.008,SWIFT,522.66,MYR,**************5634,US,34
2ms85v98-3500-9105-wwn8-94ow78804ih8,2026-07-12T13:29:05.838,auth,OK,pacs.008,SWIFT,522.66,MYR,**************5634,US,48
2ms85v98-3500-9105-wwn8-94ow78804ih8,2026-07-12T13:29:05.923,validation,OK,pacs.008,SWIFT,522.66,MYR,**************5634,US,111
2ms85v98-3500-9105-wwn8-94ow78804ih8,2026-07-12T13:29:06.097,aml,OK,pacs.008,SWIFT,522.66,MYR,**************5634,US,197
2ms85v98-3500-9105-wwn8-94ow78804ih8,2026-07-12T13:29:06.264,payment-hub,OK,pacs.008,SWIFT,522.66,MYR,**************5634,US,77
2ms85v98-3500-9105-wwn8-94ow78804ih8,2026-07-12T13:29:06.365,core-banking,OK,pacs.008,SWIFT,522.66,MYR,**************5634,US,228
2ms85v98-3500-9105-wwn8-94ow78804ih8,2026-07-12T13:29:06.416,settlement,SETTLED,pacs.008,SWIFT,522.66,MYR,**************5634,US,190
3zz72b91-8718-8643-mgi3-62lh64472gc3,2026-07-12T09:27:15.791,gateway,OK,pacs.008,FAST,923.66,USD,**************6917,SG,58
3zz72b91-8718-8643-mgi3-62lh64472gc3,2026-07-12T09:27:15.835,auth,OK,pacs.008,FAST,923.66,USD,**************6917,SG,52
3zz72b91-8718-8643-mgi3-62lh64472gc3,2026-07-12T09:27:15.924,validation,OK,pacs.008,FAST,923.66,USD,**************6917,SG,31
3zz72b91-8718-8643-mgi3-62lh64472gc3,2026-07-12T09:27:15.981,aml,OK,pacs.008,FAST,923.66,USD,**************6917,SG,197
3zz72b91-8718-8643-mgi3-62lh64472gc3,2026-07-12T09:27:16.117,payment-hub,OK,pacs.008,FAST,923.66,USD,**************6917,SG,49
3zz72b91-8718-8643-mgi3-62lh64472gc3,2026-07-12T09:27:16.235,core-banking,OK,pacs.008,FAST,923.66,USD,**************6917,SG,60
3zz72b91-8718-8643-mgi3-62lh64472gc3,2026-07-12T09:27:16.360,settlement,SETTLED,pacs.008,FAST,923.66,USD,**************6917,SG,400
8gs87q16-5879-4084-bqt8-84nf86994ib2,2026-07-10T02:59:01.661,gateway,OK,pacs.008,FAST,1231.76,SGD,**************9692,SG,54
8gs87q16-5879-4084-bqt8-84nf86994ib2,2026-07-10T02:59:01.815,auth,OK,pacs.008,FAST,1231.76,SGD,**************9692,SG,65
8gs87q16-5879-4084-bqt8-84nf86994ib2,2026-07-10T02:59:01.988,validation,OK,pacs.008,FAST,1231.76,SGD,**************9692,SG,27
8gs87q16-5879-4084-bqt8-84nf86994ib2,2026-07-10T02:59:02.070,aml,OK,pacs.008,FAST,1231.76,SGD,**************9692,SG,186
8gs87q16-5879-4084-bqt8-84nf86994ib2,2026-07-10T02:59:02.372,payment-hub,OK,pacs.008,FAST,1231.76,SGD,**************9692,SG,134
8gs87q16-5879-4084-bqt8-84nf86994ib2,2026-07-10T02:59:02.511,core-banking,OK,pacs.008,FAST,1231.76,SGD,**************9692,SG,125
8gs87q16-5879-4084-bqt8-84nf86994ib2,2026-07-10T02:59:32.548,settlement,SETTLED,pacs.008,FAST,1231.76,SGD,**************9692,SG,76
0kh48t26-2910-5704-zmy7-21zw33304pn6,2026-07-03T02:38:24.460,gateway,OK,pacs.008,CARDS,615.72,USD,**************4085,MY,45
0kh48t26-2910-5704-zmy7-21zw33304pn6,2026-07-03T02:38:24.567,auth,OK,pacs.008,CARDS,615.72,USD,**************4085,MY,84
0kh48t26-2910-5704-zmy7-21zw33304pn6,2026-07-03T02:38:24.706,validation,OK,pacs.008,CARDS,615.72,USD,**************4085,MY,38
0kh48t26-2910-5704-zmy7-21zw33304pn6,2026-07-03T02:38:24.759,aml,OK,pacs.008,CARDS,615.72,USD,**************4085,MY,268
0kh48t26-2910-5704-zmy7-21zw33304pn6,2026-07-03T02:38:24.881,payment-hub,OK,pacs.008,CARDS,615.72,USD,**************4085,MY,35
0kh48t26-2910-5704-zmy7-21zw33304pn6,2026-07-03T02:38:24.987,core-banking,OK,pacs.008,CARDS,615.72,USD,**************4085,MY,83
0kh48t26-2910-5704-zmy7-21zw33304pn6,2026-07-03T02:38:25.015,settlement,SETTLED,pacs.008,CARDS,615.72,USD,**************4085,MY,333
8op63z66-0973-6503-bub0-64zm15396xy4,2026-07-08T11:32:20.669,gateway,OK,0200,FAST,79.21,INR,**************3786,HK,32
8op63z66-0973-6503-bub0-64zm15396xy4,2026-07-08T11:32:50.679,auth,OK,0200,FAST,79.21,INR,**************3786,HK,57
8op63z66-0973-6503-bub0-64zm15396xy4,2026-07-08T11:32:50.744,validation,OK,0200,FAST,79.21,INR,**************3786,HK,73
8op63z66-0973-6503-bub0-64zm15396xy4,2026-07-08T11:32:50.870,aml,OK,0200,FAST,79.21,INR,**************3786,HK,71
8op63z66-0973-6503-bub0-64zm15396xy4,2026-07-08T11:32:50.949,payment-hub,OK,0200,FAST,79.21,INR,**************3786,HK,48
8op63z66-0973-6503-bub0-64zm15396xy4,2026-07-08T11:32:51.052,core-banking,OK,0200,FAST,79.21,INR,**************3786,HK,157
8op63z66-0973-6503-bub0-64zm15396xy4,2026-07-08T11:32:51.262,settlement,SETTLED,0200,FAST,79.21,INR,**************3786,HK,80
2gb81z37-5077-8216-trc8-96ez42287ry8,2026-07-11T00:02:59.196,gateway,OK,pacs.008,FAST,2114.16,INR,**************0480,GB,42
2gb81z37-5077-8216-trc8-96ez42287ry8,2026-07-11T00:02:59.367,auth,OK,pacs.008,FAST,2114.16,INR,**************0480,GB,70
2gb81z37-5077-8216-trc8-96ez42287ry8,2026-07-11T00:02:59.572,validation,OK,pacs.008,FAST,2114.16,INR,**************0480,GB,114
2gb81z37-5077-8216-trc8-96ez42287ry8,2026-07-11T00:02:59.647,aml,TIMEOUT,pacs.008,FAST,2114.16,INR,**************0480,GB,30000
2gb81z37-5077-8216-trc8-96ez42287ry8,2026-07-11T00:02:59.676,payment-hub,FAILED,pacs.008,FAST,2114.16,INR,**************0480,GB,68
0ys91w10-6998-8113-bkn9-66mj78145hh9,2026-07-06T10:23:24.183,gateway,OK,MT103,SWIFT,367.11,MYR,**************8158,SG,27
0ys91w10-6998-8113-bkn9-66mj78145hh9,2026-07-06T10:23:24.277,auth,OK,MT103,SWIFT,367.11,MYR,**************8158,SG,73
0ys91w10-6998-8113-bkn9-66mj78145hh9,2026-07-06T10:23:24.499,validation,OK,MT103,SWIFT,367.11,MYR,**************8158,SG,113
0ys91w10-6998-8113-bkn9-66mj78145hh9,2026-07-06T10:23:24.793,aml,OK,MT103,SWIFT,367.11,MYR,**************8158,SG,270
0ys91w10-6998-8113-bkn9-66mj78145hh9,2026-07-06T10:23:24.953,payment-hub,OK,MT103,SWIFT,367.11,MYR,**************8158,SG,49
0ys91w10-6998-8113-bkn9-66mj78145hh9,2026-07-06T10:23:25.038,core-banking,OK,MT103,SWIFT,367.11,MYR,**************8158,SG,95
0ys91w10-6998-8113-bkn9-66mj78145hh9,2026-07-06T10:23:25.132,settlement,SETTLED,MT103,SWIFT,367.11,MYR,**************8158,SG,314
8ow63v72-9474-5885-gii4-08pp54603hr6,2026-07-11T15:39:29.008,gateway,OK,pacs.008,SWIFT,113.44,USD,**************7364,US,47
8ow63v72-9474-5885-gii4-08pp54603hr6,2026-07-11T15:39:29.084,auth,OK,pacs.008,SWIFT,113.44,USD,**************7364,US,54
8ow63v72-9474-5885-gii4-08pp54603hr6,2026-07-11T15:39:29.247,validation,OK,pacs.008,SWIFT,113.44,USD,**************7364,US,80
8ow63v72-9474-5885-gii4-08pp54603hr6,2026-07-11T15:39:29.299,aml,OK,pacs.008,SWIFT,113.44,USD,**************7364,US,41
8ow63v72-9474-5885-gii4-08pp54603hr6,2026-07-11T15:39:29.403,payment-hub,OK,pacs.008,SWIFT,113.44,USD,**************7364,US,72
8ow63v72-9474-5885-gii4-08pp54603hr6,2026-07-11T15:39:29.467,core-banking,OK,pacs.008,SWIFT,113.44,USD,**************7364,US,142
8ow63v72-9474-5885-gii4-08pp54603hr6,2026-07-11T15:39:29.529,settlement,SETTLED,pacs.008,SWIFT,113.44,USD,**************7364,US,75
6ke43g37-7716-5170-dgs0-70gg68151hg5,2026-07-05T15:27:50.930,gateway,OK,pacs.008,FAST,99.17,MYR,**************3625,US,17
6ke43g37-7716-5170-dgs0-70gg68151hg5,2026-07-05T15:27:50.966,auth,OK,pacs.008,FAST,99.17,MYR,**************3625,US,44
6ke43g37-7716-5170-dgs0-70gg68151hg5,2026-07-05T15:27:51.008,validation,OK,pacs.008,FAST,99.17,MYR,**************3625,US,112
6ke43g37-7716-5170-dgs0-70gg68151hg5,2026-07-05T15:27:51.125,aml,OK,pacs.008,FAST,99.17,MYR,**************3625,US,94
6ke43g37-7716-5170-dgs0-70gg68151hg5,2026-07-05T15:27:51.321,payment-hub,OK,pacs.008,FAST,99.17,MYR,**************3625,US,125
6ke43g37-7716-5170-dgs0-70gg68151hg5,2026-07-05T15:27:51.377,core-banking,OK,pacs.008,FAST,99.17,MYR,**************3625,US,175
6ke43g37-7716-5170-dgs0-70gg68151hg5,2026-07-05T15:27:51.445,settlement,SETTLED,pacs.008,FAST,99.17,MYR,**************3625,US,231
7un45m64-9529-4338-zsa4-43sr66379gg9,2026-07-01T16:33:56.182,gateway,OK,MT103,FAST,884.84,INR,**************5293,GB,57
7un45m64-9529-4338-zsa4-43sr66379gg9,2026-07-01T16:33:56.321,auth,OK,MT103,FAST,884.84,INR,**************5293,GB,47
7un45m64-9529-4338-zsa4-43sr66379gg9,2026-07-01T16:33:56.392,validation,OK,MT103,FAST,884.84,INR,**************5293,GB,99
7un45m64-9529-4338-zsa4-43sr66379gg9,2026-07-01T16:33:56.509,aml,OK,MT103,FAST,884.84,INR,**************5293,GB,140
7un45m64-9529-4338-zsa4-43sr66379gg9,2026-07-01T16:33:56.592,payment-hub,OK,MT103,FAST,884.84,INR,**************5293,GB,134
7un45m64-9529-4338-zsa4-43sr66379gg9,2026-07-01T16:33:56.745,core-banking,OK,MT103,FAST,884.84,INR,**************5293,GB,120
7un45m64-9529-4338-zsa4-43sr66379gg9,2026-07-01T16:33:56.825,settlement,SETTLED,MT103,FAST,884.84,INR,**************5293,GB,140
6rt46g60-1659-9552-sev1-84wa56197bq8,2026-07-13T11:49:38.606,gateway,OK,pacs.008,FAST,523.25,USD,**************6263,US,38
6rt46g60-1659-9552-sev1-84wa56197bq8,2026-07-13T11:49:38.715,auth,OK,pacs.008,FAST,523.25,USD,**************6263,US,78
6rt46g60-1659-9552-sev1-84wa56197bq8,2026-07-13T11:49:38.833,validation,OK,pacs.008,FAST,523.25,USD,**************6263,US,98
6rt46g60-1659-9552-sev1-84wa56197bq8,2026-07-13T11:49:38.903,aml,OK,pacs.008,FAST,523.25,USD,**************6263,US,184
6rt46g60-1659-9552-sev1-84wa56197bq8,2026-07-13T11:49:39.047,payment-hub,OK,pacs.008,FAST,523.25,USD,**************6263,US,62
6rt46g60-1659-9552-sev1-84wa56197bq8,2026-07-13T11:49:39.158,core-banking,OK,pacs.008,FAST,523.25,USD,**************6263,US,250
6rt46g60-1659-9552-sev1-84wa56197bq8,2026-07-13T11:49:39.201,settlement,SETTLED,pacs.008,FAST,523.25,USD,**************6263,US,373
8mr27d89-5200-2100-adt4-60yu83795eg9,2026-07-01T20:46:56.170,gateway,OK,pacs.008,FAST,41.46,SGD,**************9072,SG,40
8mr27d89-5200-2100-adt4-60yu83795eg9,2026-07-01T20:46:56.278,auth,OK,pacs.008,FAST,41.46,SGD,**************9072,SG,54
8mr27d89-5200-2100-adt4-60yu83795eg9,2026-07-01T20:46:56.376,validation,OK,pacs.008,FAST,41.46,SGD,**************9072,SG,42
8mr27d89-5200-2100-adt4-60yu83795eg9,2026-07-01T20:47:26.384,aml,OK,pacs.008,FAST,41.46,SGD,**************9072,SG,287
8mr27d89-5200-2100-adt4-60yu83795eg9,2026-07-01T20:47:26.464,payment-hub,OK,pacs.008,FAST,41.46,SGD,**************9072,SG,78
8mr27d89-5200-2100-adt4-60yu83795eg9,2026-07-01T20:47:26.553,core-banking,OK,pacs.008,FAST,41.46,SGD,**************9072,SG,136
8mr27d89-5200-2100-adt4-60yu83795eg9,2026-07-01T20:47:26.615,settlement,SETTLED,pacs.008,FAST,41.46,SGD,**************9072,SG,75
2el30g64-9505-1019-zte5-29gj55117uk3,2026-07-10T05:14:15.005,gateway,OK,MT103,FAST,88.81,USD,**************4361,US,15
2el30g64-9505-1019-zte5-29gj55117uk3,2026-07-10T05:14:15.057,auth,OK,MT103,FAST,88.81,USD,**************4361,US,27
2el30g64-9505-1019-zte5-29gj55117uk3,2026-07-10T05:14:15.107,validation,OK,MT103,FAST,88.81,USD,**************4361,US,109
2el30g64-9505-1019-zte5-29gj55117uk3,2026-07-10T05:14:15.343,aml,OK,MT103,FAST,88.81,USD,**************4361,US,176
2el30g64-9505-1019-zte5-29gj55117uk3,2026-07-10T05:14:45.353,payment-hub,OK,MT103,FAST,88.81,USD,**************4361,US,37
2el30g64-9505-1019-zte5-29gj55117uk3,2026-07-10T05:14:45.595,core-banking,OK,MT103,FAST,88.81,USD,**************4361,US,52
2el30g64-9505-1019-zte5-29gj55117uk3,2026-07-10T05:14:45.806,settlement,SETTLED,MT103,FAST,88.81,USD,**************4361,US,243
2vz49v29-7712-3973-mrs5-80uo59786iz9,2026-07-12T01:27:27.947,gateway,OK,0200,CARDS,2974.13,EUR,**************9447,US,47
2vz49v29-7712-3973-mrs5-80uo59786iz9,2026-07-12T01:27:28.012,auth,OK,0200,CARDS,2974.13,EUR,**************9447,US,40
2vz49v29-7712-3973-mrs5-80uo59786iz9,2026-07-12T01:27:28.116,validation,OK,0200,CARDS,2974.13,EUR,**************9447,US,32
2vz49v29-7712-3973-mrs5-80uo59786iz9,2026-07-12T01:27:28.220,aml,OK,0200,CARDS,2974.13,EUR,**************9447,US,136
2vz49v29-7712-3973-mrs5-80uo59786iz9,2026-07-12T01:27:28.306,payment-hub,OK,0200,CARDS,2974.13,EUR,**************9447,US,109
2vz49v29-7712-3973-mrs5-80uo59786iz9,2026-07-12T01:27:28.335,core-banking,OK,0200,CARDS,2974.13,EUR,**************9447,US,176
2vz49v29-7712-3973-mrs5-80uo59786iz9,2026-07-12T01:27:28.418,settlement,SETTLED,0200,CARDS,2974.13,EUR,**************9447,US,396
1bt21n49-5762-2570-qxz6-82il21007rd0,2026-07-13T13:33:09.617,gateway,OK,MT103,FAST,77.13,USD,**************5481,SG,31
1bt21n49-5762-2570-qxz6-82il21007rd0,2026-07-13T13:33:09.699,auth,OK,MT103,FAST,77.13,USD,**************5481,SG,52
1bt21n49-5762-2570-qxz6-82il21007rd0,2026-07-13T13:33:09.878,validation,OK,MT103,FAST,77.13,USD,**************5481,SG,110
1bt21n49-5762-2570-qxz6-82il21007rd0,2026-07-13T13:33:09.981,aml,OK,MT103,FAST,77.13,USD,**************5481,SG,242
1bt21n49-5762-2570-qxz6-82il21007rd0,2026-07-13T13:33:10.072,payment-hub,OK,MT103,FAST,77.13,USD,**************5481,SG,45
1bt21n49-5762-2570-qxz6-82il21007rd0,2026-07-13T13:33:10.137,core-banking,OK,MT103,FAST,77.13,USD,**************5481,SG,197
1bt21n49-5762-2570-qxz6-82il21007rd0,2026-07-13T13:33:10.228,settlement,SETTLED,MT103,FAST,77.13,USD,**************5481,SG,185
8qi17l36-9193-7654-tpr9-64xv44406wz5,2026-07-05T08:14:24.003,gateway,OK,pacs.008,FAST,316.14,MYR,**************1437,IN,29
8qi17l36-9193-7654-tpr9-64xv44406wz5,2026-07-05T08:14:24.317,auth,OK,pacs.008,FAST,316.14,MYR,**************1437,IN,81
8qi17l36-9193-7654-tpr9-64xv44406wz5,2026-07-05T08:14:24.464,validation,OK,pacs.008,FAST,316.14,MYR,**************1437,IN,63
8qi17l36-9193-7654-tpr9-64xv44406wz5,2026-07-05T08:14:24.587,aml,OK,pacs.008,FAST,316.14,MYR,**************1437,IN,153
8qi17l36-9193-7654-tpr9-64xv44406wz5,2026-07-05T08:14:24.720,payment-hub,OK,pacs.008,FAST,316.14,MYR,**************1437,IN,147
8qi17l36-9193-7654-tpr9-64xv44406wz5,2026-07-05T08:14:24.845,core-banking,OK,pacs.008,FAST,316.14,MYR,**************1437,IN,172
8qi17l36-9193-7654-tpr9-64xv44406wz5,2026-07-05T08:14:24.942,settlement,SETTLED,pacs.008,FAST,316.14,MYR,**************1437,IN,377
2ta79h00-9827-4245-gpg7-84vs07845xa4,2026-07-03T22:19:18.517,gateway,OK,pacs.008,CARDS,2374.34,GBP,**************4718,SG,45
2ta79h00-9827-4245-gpg7-84vs07845xa4,2026-07-03T22:19:18.626,auth,OK,pacs.008,CARDS,2374.34,GBP,**************4718,SG,45
2ta79h00-9827-4245-gpg7-84vs07845xa4,2026-07-03T22:19:18.741,validation,OK,pacs.008,CARDS,2374.34,GBP,**************4718,SG,84
2ta79h00-9827-4245-gpg7-84vs07845xa4,2026-07-03T22:19:18.797,aml,OK,pacs.008,CARDS,2374.34,GBP,**************4718,SG,283
2ta79h00-9827-4245-gpg7-84vs07845xa4,2026-07-03T22:19:18.970,payment-hub,OK,pacs.008,CARDS,2374.34,GBP,**************4718,SG,87
2ta79h00-9827-4245-gpg7-84vs07845xa4,2026-07-03T22:19:19.073,core-banking,OK,pacs.008,CARDS,2374.34,GBP,**************4718,SG,173
2ta79h00-9827-4245-gpg7-84vs07845xa4,2026-07-03T22:19:19.121,settlement,SETTLED,pacs.008,CARDS,2374.34,GBP,**************4718,SG,122
3dl27s14-5756-4485-dsv2-35ss29501es6,2026-07-14T10:59:50.826,gateway,OK,MT103,CARDS,130.96,SGD,**************3862,MY,53
3dl27s14-5756-4485-dsv2-35ss29501es6,2026-07-14T10:59:50.956,auth,OK,MT103,CARDS,130.96,SGD,**************3862,MY,79
3dl27s14-5756-4485-dsv2-35ss29501es6,2026-07-14T10:59:51.037,validation,OK,MT103,CARDS,130.96,SGD,**************3862,MY,62
3dl27s14-5756-4485-dsv2-35ss29501es6,2026-07-14T10:59:51.292,aml,OK,MT103,CARDS,130.96,SGD,**************3862,MY,182
3dl27s14-5756-4485-dsv2-35ss29501es6,2026-07-14T10:59:51.396,payment-hub,OK,MT103,CARDS,130.96,SGD,**************3862,MY,111
3dl27s14-5756-4485-dsv2-35ss29501es6,2026-07-14T10:59:51.634,core-banking,OK,MT103,CARDS,130.96,SGD,**************3862,MY,58
3dl27s14-5756-4485-dsv2-35ss29501es6,2026-07-14T10:59:51.735,settlement,SETTLED,MT103,CARDS,130.96,SGD,**************3862,MY,147
8vn76b64-9312-1348-nvx9-43ue14379vq6,2026-07-02T00:38:15.814,gateway,OK,pacs.008,FAST,987.84,USD,**************7890,SG,33
8vn76b64-9312-1348-nvx9-43ue14379vq6,2026-07-02T00:38:15.973,auth,OK,pacs.008,FAST,987.84,USD,**************7890,SG,60
8vn76b64-9312-1348-nvx9-43ue14379vq6,2026-07-02T00:38:16.066,validation,OK,pacs.008,FAST,987.84,USD,**************7890,SG,82
8vn76b64-9312-1348-nvx9-43ue14379vq6,2026-07-02T00:38:16.236,aml,OK,pacs.008,FAST,987.84,USD,**************7890,SG,266
8vn76b64-9312-1348-nvx9-43ue14379vq6,2026-07-02T00:38:16.296,payment-hub,OK,pacs.008,FAST,987.84,USD,**************7890,SG,126
8vn76b64-9312-1348-nvx9-43ue14379vq6,2026-07-02T00:38:16.391,core-banking,OK,pacs.008,FAST,987.84,USD,**************7890,SG,111
8vn76b64-9312-1348-nvx9-43ue14379vq6,2026-07-02T00:38:16.546,settlement,SETTLED,pacs.008,FAST,987.84,USD,**************7890,SG,323
6tu54g34-7061-9945-nnz4-98wz09732ez5,2026-07-09T03:17:56.849,gateway,OK,pacs.008,SWIFT,1096.87,SGD,**************4503,SG,41
6tu54g34-7061-9945-nnz4-98wz09732ez5,2026-07-09T03:17:57.024,auth,OK,pacs.008,SWIFT,1096.87,SGD,**************4503,SG,34
6tu54g34-7061-9945-nnz4-98wz09732ez5,2026-07-09T03:17:57.104,validation,OK,pacs.008,SWIFT,1096.87,SGD,**************4503,SG,35
6tu54g34-7061-9945-nnz4-98wz09732ez5,2026-07-09T03:17:57.236,aml,OK,pacs.008,SWIFT,1096.87,SGD,**************4503,SG,91
6tu54g34-7061-9945-nnz4-98wz09732ez5,2026-07-09T03:17:57.406,payment-hub,OK,pacs.008,SWIFT,1096.87,SGD,**************4503,SG,42
6tu54g34-7061-9945-nnz4-98wz09732ez5,2026-07-09T03:17:57.528,core-banking,OK,pacs.008,SWIFT,1096.87,SGD,**************4503,SG,71
6tu54g34-7061-9945-nnz4-98wz09732ez5,2026-07-09T03:17:57.610,settlement,SETTLED,pacs.008,SWIFT,1096.87,SGD,**************4503,SG,73
1li30o62-6412-1725-icn0-49ur11122so4,2026-07-02T14:18:00.487,gateway,OK,pacs.008,FAST,1911.63,SGD,**************2862,IN,27
1li30o62-6412-1725-icn0-49ur11122so4,2026-07-02T14:18:00.716,auth,OK,pacs.008,FAST,1911.63,SGD,**************2862,IN,25
1li30o62-6412-1725-icn0-49ur11122so4,2026-07-02T14:18:00.793,validation,OK,pacs.008,FAST,1911.63,SGD,**************2862,IN,77
1li30o62-6412-1725-icn0-49ur11122so4,2026-07-02T14:18:00.926,aml,OK,pacs.008,FAST,1911.63,SGD,**************2862,IN,265
1li30o62-6412-1725-icn0-49ur11122so4,2026-07-02T14:18:00.990,payment-hub,OK,pacs.008,FAST,1911.63,SGD,**************2862,IN,137
1li30o62-6412-1725-icn0-49ur11122so4,2026-07-02T14:18:01.047,core-banking,OK,pacs.008,FAST,1911.63,SGD,**************2862,IN,102
1li30o62-6412-1725-icn0-49ur11122so4,2026-07-02T14:18:01.251,settlement,SETTLED,pacs.008,FAST,1911.63,SGD,**************2862,IN,138
6pb43c10-6413-7230-prk4-71kl94092fn3,2026-07-04T13:57:34.998,gateway,OK,pacs.008,SWIFT,320.77,SGD,**************8560,SG,17
6pb43c10-6413-7230-prk4-71kl94092fn3,2026-07-04T13:57:35.074,auth,OK,pacs.008,SWIFT,320.77,SGD,**************8560,SG,40
6pb43c10-6413-7230-prk4-71kl94092fn3,2026-07-04T13:57:35.181,validation,OK,pacs.008,SWIFT,320.77,SGD,**************8560,SG,45
6pb43c10-6413-7230-prk4-71kl94092fn3,2026-07-04T13:57:35.319,aml,OK,pacs.008,SWIFT,320.77,SGD,**************8560,SG,82
6pb43c10-6413-7230-prk4-71kl94092fn3,2026-07-04T13:57:35.466,payment-hub,OK,pacs.008,SWIFT,320.77,SGD,**************8560,SG,127
6pb43c10-6413-7230-prk4-71kl94092fn3,2026-07-04T13:57:35.516,core-banking,OK,pacs.008,SWIFT,320.77,SGD,**************8560,SG,212
6pb43c10-6413-7230-prk4-71kl94092fn3,2026-07-04T13:57:35.558,settlement,SETTLED,pacs.008,SWIFT,320.77,SGD,**************8560,SG,185
3zi71q36-5344-6910-zry0-94te01591ux4,2026-07-06T04:43:14.643,gateway,OK,pacs.008,FAST,691.78,GBP,**************9628,HK,32
3zi71q36-5344-6910-zry0-94te01591ux4,2026-07-06T04:43:14.820,auth,OK,pacs.008,FAST,691.78,GBP,**************9628,HK,33
3zi71q36-5344-6910-zry0-94te01591ux4,2026-07-06T04:43:14.936,validation,OK,pacs.008,FAST,691.78,GBP,**************9628,HK,115
3zi71q36-5344-6910-zry0-94te01591ux4,2026-07-06T04:43:15.003,aml,OK,pacs.008,FAST,691.78,GBP,**************9628,HK,48
3zi71q36-5344-6910-zry0-94te01591ux4,2026-07-06T04:43:15.124,payment-hub,OK,pacs.008,FAST,691.78,GBP,**************9628,HK,43
3zi71q36-5344-6910-zry0-94te01591ux4,2026-07-06T04:43:15.214,core-banking,OK,pacs.008,FAST,691.78,GBP,**************9628,HK,204
3zi71q36-5344-6910-zry0-94te01591ux4,2026-07-06T04:43:15.253,settlement,SETTLED,pacs.008,FAST,691.78,GBP,**************9628,HK,359
3qh56r63-6160-3219-xkl3-30zj46471hc9,2026-07-05T09:02:26.704,gateway,OK,pacs.008,SWIFT,1082.08,MYR,**************7607,SG,15
3qh56r63-6160-3219-xkl3-30zj46471hc9,2026-07-05T09:02:26.915,auth,OK,pacs.008,SWIFT,1082.08,MYR,**************7607,SG,51
3qh56r63-6160-3219-xkl3-30zj46471hc9,2026-07-05T09:02:27.009,validation,OK,pacs.008,SWIFT,1082.08,MYR,**************7607,SG,53
3qh56r63-6160-3219-xkl3-30zj46471hc9,2026-07-05T09:02:27.132,aml,OK,pacs.008,SWIFT,1082.08,MYR,**************7607,SG,251
3qh56r63-6160-3219-xkl3-30zj46471hc9,2026-07-05T09:02:27.216,payment-hub,OK,pacs.008,SWIFT,1082.08,MYR,**************7607,SG,129
3qh56r63-6160-3219-xkl3-30zj46471hc9,2026-07-05T09:02:27.277,core-banking,OK,pacs.008,SWIFT,1082.08,MYR,**************7607,SG,142
3qh56r63-6160-3219-xkl3-30zj46471hc9,2026-07-05T09:02:27.358,settlement,SETTLED,pacs.008,SWIFT,1082.08,MYR,**************7607,SG,263
0rl70p22-8285-8227-ton4-39kh82524on9,2026-07-05T19:14:08.897,gateway,OK,MT103,FAST,755.22,USD,**************4778,SG,37
0rl70p22-8285-8227-ton4-39kh82524on9,2026-07-05T19:14:08.950,auth,OK,MT103,FAST,755.22,USD,**************4778,SG,22
0rl70p22-8285-8227-ton4-39kh82524on9,2026-07-05T19:14:09.006,validation,OK,MT103,FAST,755.22,USD,**************4778,SG,58
0rl70p22-8285-8227-ton4-39kh82524on9,2026-07-05T19:14:09.156,aml,OK,MT103,FAST,755.22,USD,**************4778,SG,108
0rl70p22-8285-8227-ton4-39kh82524on9,2026-07-05T19:14:09.286,payment-hub,OK,MT103,FAST,755.22,USD,**************4778,SG,72
0rl70p22-8285-8227-ton4-39kh82524on9,2026-07-05T19:14:09.383,core-banking,OK,MT103,FAST,755.22,USD,**************4778,SG,139
0rl70p22-8285-8227-ton4-39kh82524on9,2026-07-05T19:14:09.410,settlement,SETTLED,MT103,FAST,755.22,USD,**************4778,SG,298
0cy81q37-2269-1752-mdy1-53kt55576ft8,2026-07-02T12:37:00.090,gateway,OK,pacs.008,FAST,196.4,MYR,**************8769,HK,41
0cy81q37-2269-1752-mdy1-53kt55576ft8,2026-07-02T12:37:00.238,auth,OK,pacs.008,FAST,196.4,MYR,**************8769,HK,23
0cy81q37-2269-1752-mdy1-53kt55576ft8,2026-07-02T12:37:00.341,validation,OK,pacs.008,FAST,196.4,MYR,**************8769,HK,93
0cy81q37-2269-1752-mdy1-53kt55576ft8,2026-07-02T12:37:00.395,aml,OK,pacs.008,FAST,196.4,MYR,**************8769,HK,158
0cy81q37-2269-1752-mdy1-53kt55576ft8,2026-07-02T12:37:00.477,payment-hub,OK,pacs.008,FAST,196.4,MYR,**************8769,HK,118
0cy81q37-2269-1752-mdy1-53kt55576ft8,2026-07-02T12:37:00.541,core-banking,OK,pacs.008,FAST,196.4,MYR,**************8769,HK,81
0cy81q37-2269-1752-mdy1-53kt55576ft8,2026-07-02T12:37:00.597,settlement,SETTLED,pacs.008,FAST,196.4,MYR,**************8769,HK,84
1tz55n10-3546-9899-ape7-16mb90603sx1,2026-07-13T15:38:15.634,gateway,OK,MT103,FAST,383.16,SGD,**************7337,SG,23
1tz55n10-3546-9899-ape7-16mb90603sx1,2026-07-13T15:38:15.780,auth,OK,MT103,FAST,383.16,SGD,**************7337,SG,25
1tz55n10-3546-9899-ape7-16mb90603sx1,2026-07-13T15:38:15.869,validation,OK,MT103,FAST,383.16,SGD,**************7337,SG,103
1tz55n10-3546-9899-ape7-16mb90603sx1,2026-07-13T15:38:16.105,aml,TIMEOUT,MT103,FAST,383.16,SGD,**************7337,SG,30000
1tz55n10-3546-9899-ape7-16mb90603sx1,2026-07-13T15:38:16.275,payment-hub,FAILED,MT103,FAST,383.16,SGD,**************7337,SG,95
4tt68f72-3149-1864-mgr0-57wo38361ad1,2026-07-10T14:49:50.221,gateway,OK,MT103,FAST,930.88,SGD,**************4386,MY,48
4tt68f72-3149-1864-mgr0-57wo38361ad1,2026-07-10T14:49:50.523,auth,OK,MT103,FAST,930.88,SGD,**************4386,MY,70
4tt68f72-3149-1864-mgr0-57wo38361ad1,2026-07-10T14:49:50.583,validation,OK,MT103,FAST,930.88,SGD,**************4386,MY,45
4tt68f72-3149-1864-mgr0-57wo38361ad1,2026-07-10T14:49:50.618,aml,OK,MT103,FAST,930.88,SGD,**************4386,MY,204
4tt68f72-3149-1864-mgr0-57wo38361ad1,2026-07-10T14:49:50.671,payment-hub,OK,MT103,FAST,930.88,SGD,**************4386,MY,146
4tt68f72-3149-1864-mgr0-57wo38361ad1,2026-07-10T14:49:50.763,core-banking,OK,MT103,FAST,930.88,SGD,**************4386,MY,81
4tt68f72-3149-1864-mgr0-57wo38361ad1,2026-07-10T14:49:50.850,settlement,SETTLED,MT103,FAST,930.88,SGD,**************4386,MY,324
1yx36t31-6616-4236-xdn0-11fu65938jg5,2026-07-02T16:52:55.456,gateway,OK,0200,FAST,544.62,GBP,**************5125,US,52
1yx36t31-6616-4236-xdn0-11fu65938jg5,2026-07-02T16:52:55.521,auth,OK,0200,FAST,544.62,GBP,**************5125,US,56
1yx36t31-6616-4236-xdn0-11fu65938jg5,2026-07-02T16:52:55.623,validation,OK,0200,FAST,544.62,GBP,**************5125,US,79
1yx36t31-6616-4236-xdn0-11fu65938jg5,2026-07-02T16:52:55.672,aml,OK,0200,FAST,544.62,GBP,**************5125,US,175
1yx36t31-6616-4236-xdn0-11fu65938jg5,2026-07-02T16:52:55.735,payment-hub,OK,0200,FAST,544.62,GBP,**************5125,US,119
1yx36t31-6616-4236-xdn0-11fu65938jg5,2026-07-02T16:52:55.799,core-banking,OK,0200,FAST,544.62,GBP,**************5125,US,189
1yx36t31-6616-4236-xdn0-11fu65938jg5,2026-07-02T16:52:55.939,settlement,SETTLED,0200,FAST,544.62,GBP,**************5125,US,315
1uu60h22-0708-3072-xpa2-44wj53541ih8,2026-07-12T08:12:57.233,gateway,OK,pacs.008,SWIFT,415.31,MYR,**************5535,SG,33
1uu60h22-0708-3072-xpa2-44wj53541ih8,2026-07-12T08:12:57.307,auth,OK,pacs.008,SWIFT,415.31,MYR,**************5535,SG,26
1uu60h22-0708-3072-xpa2-44wj53541ih8,2026-07-12T08:12:57.424,validation,OK,pacs.008,SWIFT,415.31,MYR,**************5535,SG,102
1uu60h22-0708-3072-xpa2-44wj53541ih8,2026-07-12T08:12:57.523,aml,OK,pacs.008,SWIFT,415.31,MYR,**************5535,SG,209
1uu60h22-0708-3072-xpa2-44wj53541ih8,2026-07-12T08:12:57.605,payment-hub,OK,pacs.008,SWIFT,415.31,MYR,**************5535,SG,134
1uu60h22-0708-3072-xpa2-44wj53541ih8,2026-07-12T08:12:57.680,core-banking,OK,pacs.008,SWIFT,415.31,MYR,**************5535,SG,195
1uu60h22-0708-3072-xpa2-44wj53541ih8,2026-07-12T08:12:57.772,settlement,SETTLED,pacs.008,SWIFT,415.31,MYR,**************5535,SG,193
2yl93j02-3007-6114-sbw7-05lv77251xg3,2026-07-11T02:11:02.900,gateway,OK,MT103,FAST,630.89,USD,**************2875,SG,48
2yl93j02-3007-6114-sbw7-05lv77251xg3,2026-07-11T02:11:03.005,auth,OK,MT103,FAST,630.89,USD,**************2875,SG,87
2yl93j02-3007-6114-sbw7-05lv77251xg3,2026-07-11T02:11:03.118,validation,REJECTED,MT103,FAST,630.89,USD,**************2875,SG,43
9zc85t22-7058-8107-qyi7-60kv76805df7,2026-07-02T02:34:09.122,gateway,OK,pacs.008,SWIFT,970.85,GBP,**************5929,SG,54
9zc85t22-7058-8107-qyi7-60kv76805df7,2026-07-02T02:34:09.203,auth,OK,pacs.008,SWIFT,970.85,GBP,**************5929,SG,63
9zc85t22-7058-8107-qyi7-60kv76805df7,2026-07-02T02:34:09.273,validation,OK,pacs.008,SWIFT,970.85,GBP,**************5929,SG,79
9zc85t22-7058-8107-qyi7-60kv76805df7,2026-07-02T02:34:09.385,aml,TIMEOUT,pacs.008,SWIFT,970.85,GBP,**************5929,SG,30000
9zc85t22-7058-8107-qyi7-60kv76805df7,2026-07-02T02:34:09.647,payment-hub,FAILED,pacs.008,SWIFT,970.85,GBP,**************5929,SG,138
3cv78s08-3453-6892-qhe3-07im62661wd1,2026-07-05T13:39:49.591,gateway,OK,MT103,SWIFT,1652.68,SGD,**************4234,IN,26
3cv78s08-3453-6892-qhe3-07im62661wd1,2026-07-05T13:39:49.702,auth,OK,MT103,SWIFT,1652.68,SGD,**************4234,IN,33
3cv78s08-3453-6892-qhe3-07im62661wd1,2026-07-05T13:39:49.746,validation,OK,MT103,SWIFT,1652.68,SGD,**************4234,IN,29
3cv78s08-3453-6892-qhe3-07im62661wd1,2026-07-05T13:39:49.814,aml,OK,MT103,SWIFT,1652.68,SGD,**************4234,IN,202
3cv78s08-3453-6892-qhe3-07im62661wd1,2026-07-05T13:39:49.924,payment-hub,OK,MT103,SWIFT,1652.68,SGD,**************4234,IN,63
3cv78s08-3453-6892-qhe3-07im62661wd1,2026-07-05T13:39:49.996,core-banking,OK,MT103,SWIFT,1652.68,SGD,**************4234,IN,52
3cv78s08-3453-6892-qhe3-07im62661wd1,2026-07-05T13:39:50.064,settlement,SETTLED,MT103,SWIFT,1652.68,SGD,**************4234,IN,146
1ux09c96-9458-8871-tvd1-42vt68136jx2,2026-07-07T12:11:23.297,gateway,OK,pacs.008,SWIFT,2231.54,SGD,**************8346,SG,42
1ux09c96-9458-8871-tvd1-42vt68136jx2,2026-07-07T12:11:23.355,auth,OK,pacs.008,SWIFT,2231.54,SGD,**************8346,SG,32
1ux09c96-9458-8871-tvd1-42vt68136jx2,2026-07-07T12:11:23.428,validation,OK,pacs.008,SWIFT,2231.54,SGD,**************8346,SG,111
1ux09c96-9458-8871-tvd1-42vt68136jx2,2026-07-07T12:11:23.554,aml,TIMEOUT,pacs.008,SWIFT,2231.54,SGD,**************8346,SG,30000
1ux09c96-9458-8871-tvd1-42vt68136jx2,2026-07-07T12:11:23.617,payment-hub,FAILED,pacs.008,SWIFT,2231.54,SGD,**************8346,SG,76
0yp09a64-9127-8134-otr9-97pn82990bj0,2026-07-08T23:54:08.215,gateway,OK,MT103,FAST,2315.58,SGD,**************4346,SG,34
0yp09a64-9127-8134-otr9-97pn82990bj0,2026-07-08T23:54:08.268,auth,OK,MT103,FAST,2315.58,SGD,**************4346,SG,87
0yp09a64-9127-8134-otr9-97pn82990bj0,2026-07-08T23:54:08.395,validation,OK,MT103,FAST,2315.58,SGD,**************4346,SG,42
0yp09a64-9127-8134-otr9-97pn82990bj0,2026-07-08T23:54:08.570,aml,OK,MT103,FAST,2315.58,SGD,**************4346,SG,167
0yp09a64-9127-8134-otr9-97pn82990bj0,2026-07-08T23:54:08.836,payment-hub,OK,MT103,FAST,2315.58,SGD,**************4346,SG,115
0yp09a64-9127-8134-otr9-97pn82990bj0,2026-07-08T23:54:08.919,core-banking,OK,MT103,FAST,2315.58,SGD,**************4346,SG,213
0yp09a64-9127-8134-otr9-97pn82990bj0,2026-07-08T23:54:09.033,settlement,SETTLED,MT103,FAST,2315.58,SGD,**************4346,SG,129
4cv26k25-7138-7087-hqh8-58ph46901by7,2026-07-06T19:16:48.897,gateway,OK,pacs.008,FAST,1239.2,USD,**************8898,SG,20
4cv26k25-7138-7087-hqh8-58ph46901by7,2026-07-06T19:16:48.947,auth,OK,pacs.008,FAST,1239.2,USD,**************8898,SG,70
4cv26k25-7138-7087-hqh8-58ph46901by7,2026-07-06T19:16:49.025,validation,OK,pacs.008,FAST,1239.2,USD,**************8898,SG,99
4cv26k25-7138-7087-hqh8-58ph46901by7,2026-07-06T19:16:49.244,aml,OK,pacs.008,FAST,1239.2,USD,**************8898,SG,178
4cv26k25-7138-7087-hqh8-58ph46901by7,2026-07-06T19:16:49.315,payment-hub,OK,pacs.008,FAST,1239.2,USD,**************8898,SG,125
4cv26k25-7138-7087-hqh8-58ph46901by7,2026-07-06T19:16:49.491,core-banking,OK,pacs.008,FAST,1239.2,USD,**************8898,SG,124
4cv26k25-7138-7087-hqh8-58ph46901by7,2026-07-06T19:16:49.587,settlement,SETTLED,pacs.008,FAST,1239.2,USD,**************8898,SG,194
8ul68k65-6424-7730-rzq3-25xo32562jl6,2026-07-03T00:55:29.924,gateway,OK,pacs.008,CARDS,604.1,SGD,**************4056,SG,18
8ul68k65-6424-7730-rzq3-25xo32562jl6,2026-07-03T00:55:30.003,auth,OK,pacs.008,CARDS,604.1,SGD,**************4056,SG,31
8ul68k65-6424-7730-rzq3-25xo32562jl6,2026-07-03T00:55:30.140,validation,OK,pacs.008,CARDS,604.1,SGD,**************4056,SG,41
8ul68k65-6424-7730-rzq3-25xo32562jl6,2026-07-03T00:55:30.308,aml,TIMEOUT,pacs.008,CARDS,604.1,SGD,**************4056,SG,30000
8ul68k65-6424-7730-rzq3-25xo32562jl6,2026-07-03T00:55:30.396,payment-hub,FAILED,pacs.008,CARDS,604.1,SGD,**************4056,SG,86
0bd19b33-3506-5941-axy7-13ny30723za4,2026-07-14T23:12:56.311,gateway,OK,0200,SWIFT,2113.83,USD,**************9459,US,35
0bd19b33-3506-5941-axy7-13ny30723za4,2026-07-14T23:12:56.450,auth,OK,0200,SWIFT,2113.83,USD,**************9459,US,89
0bd19b33-3506-5941-axy7-13ny30723za4,2026-07-14T23:12:56.546,validation,OK,0200,SWIFT,2113.83,USD,**************9459,US,58
0bd19b33-3506-5941-axy7-13ny30723za4,2026-07-14T23:12:56.647,aml,OK,0200,SWIFT,2113.83,USD,**************9459,US,60
0bd19b33-3506-5941-axy7-13ny30723za4,2026-07-14T23:12:56.694,payment-hub,OK,0200,SWIFT,2113.83,USD,**************9459,US,82
0bd19b33-3506-5941-axy7-13ny30723za4,2026-07-14T23:12:56.740,core-banking,OK,0200,SWIFT,2113.83,USD,**************9459,US,59
0bd19b33-3506-5941-axy7-13ny30723za4,2026-07-14T23:12:56.974,settlement,SETTLED,0200,SWIFT,2113.83,USD,**************9459,US,305
6cx14n82-2400-3313-nwn9-88gu90121zo3,2026-07-11T20:33:26.691,gateway,OK,0200,FAST,803.51,EUR,**************7632,SG,32
6cx14n82-2400-3313-nwn9-88gu90121zo3,2026-07-11T20:33:26.932,auth,OK,0200,FAST,803.51,EUR,**************7632,SG,87
6cx14n82-2400-3313-nwn9-88gu90121zo3,2026-07-11T20:33:27.016,validation,OK,0200,FAST,803.51,EUR,**************7632,SG,44
6cx14n82-2400-3313-nwn9-88gu90121zo3,2026-07-11T20:33:27.099,aml,OK,0200,FAST,803.51,EUR,**************7632,SG,256
6cx14n82-2400-3313-nwn9-88gu90121zo3,2026-07-11T20:33:27.222,payment-hub,OK,0200,FAST,803.51,EUR,**************7632,SG,140
6cx14n82-2400-3313-nwn9-88gu90121zo3,2026-07-11T20:33:27.438,core-banking,OK,0200,FAST,803.51,EUR,**************7632,SG,108
6cx14n82-2400-3313-nwn9-88gu90121zo3,2026-07-11T20:33:27.534,settlement,SETTLED,0200,FAST,803.51,EUR,**************7632,SG,94
3cq93j40-9400-2000-ixw8-38jy40646bi8,2026-07-05T06:51:49.814,gateway,OK,pacs.008,FAST,320.69,SGD,**************6209,IN,33
3cq93j40-9400-2000-ixw8-38jy40646bi8,2026-07-05T06:51:49.918,auth,OK,pacs.008,FAST,320.69,SGD,**************6209,IN,85
3cq93j40-9400-2000-ixw8-38jy40646bi8,2026-07-05T06:51:50.015,validation,OK,pacs.008,FAST,320.69,SGD,**************6209,IN,101
3cq93j40-9400-2000-ixw8-38jy40646bi8,2026-07-05T06:51:50.114,aml,OK,pacs.008,FAST,320.69,SGD,**************6209,IN,136
3cq93j40-9400-2000-ixw8-38jy40646bi8,2026-07-05T06:51:50.169,payment-hub,OK,pacs.008,FAST,320.69,SGD,**************6209,IN,57
3cq93j40-9400-2000-ixw8-38jy40646bi8,2026-07-05T06:51:50.302,core-banking,OK,pacs.008,FAST,320.69,SGD,**************6209,IN,170
3cq93j40-9400-2000-ixw8-38jy40646bi8,2026-07-05T06:51:50.410,settlement,SETTLED,pacs.008,FAST,320.69,SGD,**************6209,IN,373
0lw83i87-2612-5894-lgi2-66xd19902jt0,2026-07-02T14:35:36.567,gateway,OK,MT103,CARDS,367.29,GBP,**************2161,SG,23
0lw83i87-2612-5894-lgi2-66xd19902jt0,2026-07-02T14:35:36.694,auth,OK,MT103,CARDS,367.29,GBP,**************2161,SG,39
0lw83i87-2612-5894-lgi2-66xd19902jt0,2026-07-02T14:35:36.795,validation,OK,MT103,CARDS,367.29,GBP,**************2161,SG,84
0lw83i87-2612-5894-lgi2-66xd19902jt0,2026-07-02T14:35:36.854,aml,OK,MT103,CARDS,367.29,GBP,**************2161,SG,262
0lw83i87-2612-5894-lgi2-66xd19902jt0,2026-07-02T14:35:37.046,payment-hub,OK,MT103,CARDS,367.29,GBP,**************2161,SG,93
0lw83i87-2612-5894-lgi2-66xd19902jt0,2026-07-02T14:35:37.133,core-banking,OK,MT103,CARDS,367.29,GBP,**************2161,SG,94
0lw83i87-2612-5894-lgi2-66xd19902jt0,2026-07-02T14:35:37.448,settlement,SETTLED,MT103,CARDS,367.29,GBP,**************2161,SG,209
9kn80y51-8286-8721-hsx0-78qe95613kf2,2026-07-02T06:26:38.002,gateway,OK,pacs.008,FAST,18677.24,SGD,**************5227,GB,24
9kn80y51-8286-8721-hsx0-78qe95613kf2,2026-07-02T06:26:38.121,auth,OK,pacs.008,FAST,18677.24,SGD,**************5227,GB,62
9kn80y51-8286-8721-hsx0-78qe95613kf2,2026-07-02T06:26:38.210,validation,OK,pacs.008,FAST,18677.24,SGD,**************5227,GB,66
9kn80y51-8286-8721-hsx0-78qe95613kf2,2026-07-02T06:26:38.431,aml,TIMEOUT,pacs.008,FAST,18677.24,SGD,**************5227,GB,30000
9kn80y51-8286-8721-hsx0-78qe95613kf2,2026-07-02T06:26:38.639,payment-hub,FAILED,pacs.008,FAST,18677.24,SGD,**************5227,GB,86
2up48k33-8695-8446-jub5-20vz03383ol3,2026-07-11T03:06:21.046,gateway,OK,pacs.008,FAST,283.06,SGD,**************3787,HK,26
2up48k33-8695-8446-jub5-20vz03383ol3,2026-07-11T03:06:21.128,auth,OK,pacs.008,FAST,283.06,SGD,**************3787,HK,22
2up48k33-8695-8446-jub5-20vz03383ol3,2026-07-11T03:06:21.182,validation,OK,pacs.008,FAST,283.06,SGD,**************3787,HK,73
2up48k33-8695-8446-jub5-20vz03383ol3,2026-07-11T03:06:21.291,aml,OK,pacs.008,FAST,283.06,SGD,**************3787,HK,181
2up48k33-8695-8446-jub5-20vz03383ol3,2026-07-11T03:06:21.382,payment-hub,OK,pacs.008,FAST,283.06,SGD,**************3787,HK,114
2up48k33-8695-8446-jub5-20vz03383ol3,2026-07-11T03:06:21.436,core-banking,OK,pacs.008,FAST,283.06,SGD,**************3787,HK,235
2up48k33-8695-8446-jub5-20vz03383ol3,2026-07-11T03:06:21.528,settlement,SETTLED,pacs.008,FAST,283.06,SGD,**************3787,HK,184
3cs66p23-9357-5326-dxi5-86vo02583uq6,2026-07-07T13:17:44.640,gateway,OK,MT103,SWIFT,217.6,SGD,**************9675,GB,50
3cs66p23-9357-5326-dxi5-86vo02583uq6,2026-07-07T13:17:44.699,auth,OK,MT103,SWIFT,217.6,SGD,**************9675,GB,46
3cs66p23-9357-5326-dxi5-86vo02583uq6,2026-07-07T13:17:44.733,validation,OK,MT103,SWIFT,217.6,SGD,**************9675,GB,102
3cs66p23-9357-5326-dxi5-86vo02583uq6,2026-07-07T13:17:44.909,aml,OK,MT103,SWIFT,217.6,SGD,**************9675,GB,275
3cs66p23-9357-5326-dxi5-86vo02583uq6,2026-07-07T13:17:44.947,payment-hub,OK,MT103,SWIFT,217.6,SGD,**************9675,GB,33
3cs66p23-9357-5326-dxi5-86vo02583uq6,2026-07-07T13:17:44.983,core-banking,OK,MT103,SWIFT,217.6,SGD,**************9675,GB,125
3cs66p23-9357-5326-dxi5-86vo02583uq6,2026-07-07T13:17:45.057,settlement,SETTLED,MT103,SWIFT,217.6,SGD,**************9675,GB,380
1pt16j90-6601-0903-uge8-10hj64016al8,2026-07-01T17:28:29.787,gateway,OK,MT103,SWIFT,110.72,USD,**************2115,SG,34
1pt16j90-6601-0903-uge8-10hj64016al8,2026-07-01T17:28:29.892,auth,OK,MT103,SWIFT,110.72,USD,**************2115,SG,67
1pt16j90-6601-0903-uge8-10hj64016al8,2026-07-01T17:28:29.969,validation,OK,MT103,SWIFT,110.72,USD,**************2115,SG,87
1pt16j90-6601-0903-uge8-10hj64016al8,2026-07-01T17:28:30.047,aml,OK,MT103,SWIFT,110.72,USD,**************2115,SG,238
1pt16j90-6601-0903-uge8-10hj64016al8,2026-07-01T17:28:30.166,payment-hub,OK,MT103,SWIFT,110.72,USD,**************2115,SG,123
1pt16j90-6601-0903-uge8-10hj64016al8,2026-07-01T17:28:30.260,core-banking,OK,MT103,SWIFT,110.72,USD,**************2115,SG,80
1pt16j90-6601-0903-uge8-10hj64016al8,2026-07-01T17:28:30.305,settlement,SETTLED,MT103,SWIFT,110.72,USD,**************2115,SG,105
7xs52r63-2974-5816-zer3-11kc57261gy8,2026-07-02T14:01:08.537,gateway,OK,MT103,SWIFT,1352.11,EUR,**************9260,IN,15
7xs52r63-2974-5816-zer3-11kc57261gy8,2026-07-02T14:01:08.625,auth,OK,MT103,SWIFT,1352.11,EUR,**************9260,IN,74
7xs52r63-2974-5816-zer3-11kc57261gy8,2026-07-02T14:01:08.722,validation,OK,MT103,SWIFT,1352.11,EUR,**************9260,IN,86
7xs52r63-2974-5816-zer3-11kc57261gy8,2026-07-02T14:01:08.795,aml,OK,MT103,SWIFT,1352.11,EUR,**************9260,IN,151
7xs52r63-2974-5816-zer3-11kc57261gy8,2026-07-02T14:01:08.831,payment-hub,OK,MT103,SWIFT,1352.11,EUR,**************9260,IN,98
7xs52r63-2974-5816-zer3-11kc57261gy8,2026-07-02T14:01:09.057,core-banking,OK,MT103,SWIFT,1352.11,EUR,**************9260,IN,214
7xs52r63-2974-5816-zer3-11kc57261gy8,2026-07-02T14:01:09.114,settlement,SETTLED,MT103,SWIFT,1352.11,EUR,**************9260,IN,115
2og18n44-5751-3532-uvj2-30aq85409uu9,2026-07-13T12:34:15.449,gateway,OK,pacs.008,CARDS,268.5,SGD,**************4555,SG,43
2og18n44-5751-3532-uvj2-30aq85409uu9,2026-07-13T12:34:15.610,auth,OK,pacs.008,CARDS,268.5,SGD,**************4555,SG,83
2og18n44-5751-3532-uvj2-30aq85409uu9,2026-07-13T12:34:15.787,validation,OK,pacs.008,CARDS,268.5,SGD,**************4555,SG,46
2og18n44-5751-3532-uvj2-30aq85409uu9,2026-07-13T12:34:16.071,aml,OK,pacs.008,CARDS,268.5,SGD,**************4555,SG,193
2og18n44-5751-3532-uvj2-30aq85409uu9,2026-07-13T12:34:16.275,payment-hub,OK,pacs.008,CARDS,268.5,SGD,**************4555,SG,55
2og18n44-5751-3532-uvj2-30aq85409uu9,2026-07-13T12:34:16.364,core-banking,OK,pacs.008,CARDS,268.5,SGD,**************4555,SG,73
2og18n44-5751-3532-uvj2-30aq85409uu9,2026-07-13T12:34:16.522,settlement,SETTLED,pacs.008,CARDS,268.5,SGD,**************4555,SG,269
9wa43v20-8441-6583-ssn9-15ra54215zy2,2026-07-14T21:00:56.000,gateway,OK,pacs.008,SWIFT,640.46,GBP,**************0585,US,19
9wa43v20-8441-6583-ssn9-15ra54215zy2,2026-07-14T21:00:56.078,auth,OK,pacs.008,SWIFT,640.46,GBP,**************0585,US,78
9wa43v20-8441-6583-ssn9-15ra54215zy2,2026-07-14T21:00:56.305,validation,REJECTED,pacs.008,SWIFT,640.46,GBP,**************0585,US,94
2fi48f18-8033-2797-euk0-12fg06154cm9,2026-07-05T22:29:34.978,gateway,OK,MT103,FAST,466.47,SGD,**************9449,MY,58
2fi48f18-8033-2797-euk0-12fg06154cm9,2026-07-05T22:29:35.011,auth,OK,MT103,FAST,466.47,SGD,**************9449,MY,66
2fi48f18-8033-2797-euk0-12fg06154cm9,2026-07-05T22:29:35.068,validation,REJECTED,MT103,FAST,466.47,SGD,**************9449,MY,98
7ax25c80-6807-1459-gpa4-27bl41833kk0,2026-07-11T13:30:48.163,gateway,OK,pacs.008,CARDS,3564.3,SGD,**************5373,MY,36
7ax25c80-6807-1459-gpa4-27bl41833kk0,2026-07-11T13:30:48.231,auth,OK,pacs.008,CARDS,3564.3,SGD,**************5373,MY,68
7ax25c80-6807-1459-gpa4-27bl41833kk0,2026-07-11T13:30:48.276,validation,OK,pacs.008,CARDS,3564.3,SGD,**************5373,MY,97
7ax25c80-6807-1459-gpa4-27bl41833kk0,2026-07-11T13:30:48.381,aml,OK,pacs.008,CARDS,3564.3,SGD,**************5373,MY,223
7ax25c80-6807-1459-gpa4-27bl41833kk0,2026-07-11T13:30:48.688,payment-hub,OK,pacs.008,CARDS,3564.3,SGD,**************5373,MY,118
7ax25c80-6807-1459-gpa4-27bl41833kk0,2026-07-11T13:30:48.751,core-banking,OK,pacs.008,CARDS,3564.3,SGD,**************5373,MY,68
7ax25c80-6807-1459-gpa4-27bl41833kk0,2026-07-11T13:30:48.889,settlement,SETTLED,pacs.008,CARDS,3564.3,SGD,**************5373,MY,183
9as00q11-7818-7186-dda6-89nb36861uh4,2026-07-15T04:24:59.422,gateway,OK,pacs.008,CARDS,622.6,SGD,**************4802,MY,33
9as00q11-7818-7186-dda6-89nb36861uh4,2026-07-15T04:24:59.513,auth,OK,pacs.008,CARDS,622.6,SGD,**************4802,MY,70
9as00q11-7818-7186-dda6-89nb36861uh4,2026-07-15T04:24:59.602,validation,OK,pacs.008,CARDS,622.6,SGD,**************4802,MY,27
9as00q11-7818-7186-dda6-89nb36861uh4,2026-07-15T04:24:59.669,aml,OK,pacs.008,CARDS,622.6,SGD,**************4802,MY,153
9as00q11-7818-7186-dda6-89nb36861uh4,2026-07-15T04:24:59.766,payment-hub,OK,pacs.008,CARDS,622.6,SGD,**************4802,MY,35
9as00q11-7818-7186-dda6-89nb36861uh4,2026-07-15T04:24:59.864,core-banking,OK,pacs.008,CARDS,622.6,SGD,**************4802,MY,116
9as00q11-7818-7186-dda6-89nb36861uh4,2026-07-15T04:25:00.050,settlement,SETTLED,pacs.008,CARDS,622.6,SGD,**************4802,MY,258
7be71z44-2641-2411-zet4-53ps77963px1,2026-07-13T11:32:47.979,gateway,OK,pacs.008,SWIFT,2988.69,GBP,**************9774,SG,28
7be71z44-2641-2411-zet4-53ps77963px1,2026-07-13T11:32:48.225,auth,OK,pacs.008,SWIFT,2988.69,GBP,**************9774,SG,64
7be71z44-2641-2411-zet4-53ps77963px1,2026-07-13T11:32:48.285,validation,OK,pacs.008,SWIFT,2988.69,GBP,**************9774,SG,66
7be71z44-2641-2411-zet4-53ps77963px1,2026-07-13T11:32:48.333,aml,OK,pacs.008,SWIFT,2988.69,GBP,**************9774,SG,130
7be71z44-2641-2411-zet4-53ps77963px1,2026-07-13T11:32:48.597,payment-hub,OK,pacs.008,SWIFT,2988.69,GBP,**************9774,SG,136
7be71z44-2641-2411-zet4-53ps77963px1,2026-07-13T11:32:48.799,core-banking,OK,pacs.008,SWIFT,2988.69,GBP,**************9774,SG,80
7be71z44-2641-2411-zet4-53ps77963px1,2026-07-13T11:32:49.046,settlement,SETTLED,pacs.008,SWIFT,2988.69,GBP,**************9774,SG,68
2rm82u86-5065-0394-igc2-37oc27161it7,2026-07-05T23:54:03.112,gateway,OK,pacs.008,SWIFT,1078.43,SGD,**************6472,HK,39
2rm82u86-5065-0394-igc2-37oc27161it7,2026-07-05T23:54:03.162,auth,OK,pacs.008,SWIFT,1078.43,SGD,**************6472,HK,72
2rm82u86-5065-0394-igc2-37oc27161it7,2026-07-05T23:54:03.247,validation,OK,pacs.008,SWIFT,1078.43,SGD,**************6472,HK,26
2rm82u86-5065-0394-igc2-37oc27161it7,2026-07-05T23:54:03.296,aml,OK,pacs.008,SWIFT,1078.43,SGD,**************6472,HK,275
2rm82u86-5065-0394-igc2-37oc27161it7,2026-07-05T23:54:03.447,payment-hub,OK,pacs.008,SWIFT,1078.43,SGD,**************6472,HK,55
2rm82u86-5065-0394-igc2-37oc27161it7,2026-07-05T23:54:03.588,core-banking,OK,pacs.008,SWIFT,1078.43,SGD,**************6472,HK,84
2rm82u86-5065-0394-igc2-37oc27161it7,2026-07-05T23:54:03.653,settlement,SETTLED,pacs.008,SWIFT,1078.43,SGD,**************6472,HK,129
9ql83t16-6534-3319-sjz8-02rd92818tw6,2026-07-10T11:05:05.398,gateway,OK,MT103,CARDS,346.98,SGD,**************6129,SG,36
9ql83t16-6534-3319-sjz8-02rd92818tw6,2026-07-10T11:05:05.494,auth,OK,MT103,CARDS,346.98,SGD,**************6129,SG,88
9ql83t16-6534-3319-sjz8-02rd92818tw6,2026-07-10T11:05:05.768,validation,OK,MT103,CARDS,346.98,SGD,**************6129,SG,45
9ql83t16-6534-3319-sjz8-02rd92818tw6,2026-07-10T11:05:05.834,aml,OK,MT103,CARDS,346.98,SGD,**************6129,SG,293
9ql83t16-6534-3319-sjz8-02rd92818tw6,2026-07-10T11:05:05.903,payment-hub,OK,MT103,CARDS,346.98,SGD,**************6129,SG,139
9ql83t16-6534-3319-sjz8-02rd92818tw6,2026-07-10T11:05:06.018,core-banking,OK,MT103,CARDS,346.98,SGD,**************6129,SG,223
9ql83t16-6534-3319-sjz8-02rd92818tw6,2026-07-10T11:05:06.074,settlement,SETTLED,MT103,CARDS,346.98,SGD,**************6129,SG,142
7ej91m08-8540-9028-are4-99zk94017dm9,2026-07-04T04:45:59.285,gateway,OK,pacs.008,CARDS,851.77,USD,**************7266,SG,18
7ej91m08-8540-9028-are4-99zk94017dm9,2026-07-04T04:45:59.392,auth,OK,pacs.008,CARDS,851.77,USD,**************7266,SG,20
7ej91m08-8540-9028-are4-99zk94017dm9,2026-07-04T04:45:59.490,validation,OK,pacs.008,CARDS,851.77,USD,**************7266,SG,101
7ej91m08-8540-9028-are4-99zk94017dm9,2026-07-04T04:45:59.563,aml,OK,pacs.008,CARDS,851.77,USD,**************7266,SG,297
7ej91m08-8540-9028-are4-99zk94017dm9,2026-07-04T04:45:59.745,payment-hub,OK,pacs.008,CARDS,851.77,USD,**************7266,SG,57
7ej91m08-8540-9028-are4-99zk94017dm9,2026-07-04T04:45:59.852,core-banking,OK,pacs.008,CARDS,851.77,USD,**************7266,SG,89
7ej91m08-8540-9028-are4-99zk94017dm9,2026-07-04T04:45:59.971,settlement,SETTLED,pacs.008,CARDS,851.77,USD,**************7266,SG,375
5sk58c33-4277-2025-tze8-85ca13308fz2,2026-07-09T12:28:45.670,gateway,OK,pacs.008,FAST,1865.01,USD,**************9803,GB,54
5sk58c33-4277-2025-tze8-85ca13308fz2,2026-07-09T12:28:45.741,auth,OK,pacs.008,FAST,1865.01,USD,**************9803,GB,20
5sk58c33-4277-2025-tze8-85ca13308fz2,2026-07-09T12:28:45.800,validation,OK,pacs.008,FAST,1865.01,USD,**************9803,GB,51
5sk58c33-4277-2025-tze8-85ca13308fz2,2026-07-09T12:28:45.926,aml,TIMEOUT,pacs.008,FAST,1865.01,USD,**************9803,GB,30000
5sk58c33-4277-2025-tze8-85ca13308fz2,2026-07-09T12:28:46.147,payment-hub,FAILED,pacs.008,FAST,1865.01,USD,**************9803,GB,102
7zc95w39-2348-0529-esv4-63pm08723fq4,2026-07-09T21:43:02.926,gateway,OK,MT103,SWIFT,139.8,GBP,**************5015,IN,25
7zc95w39-2348-0529-esv4-63pm08723fq4,2026-07-09T21:43:02.996,auth,OK,MT103,SWIFT,139.8,GBP,**************5015,IN,80
7zc95w39-2348-0529-esv4-63pm08723fq4,2026-07-09T21:43:03.172,validation,OK,MT103,SWIFT,139.8,GBP,**************5015,IN,65
7zc95w39-2348-0529-esv4-63pm08723fq4,2026-07-09T21:43:03.345,aml,OK,MT103,SWIFT,139.8,GBP,**************5015,IN,212
7zc95w39-2348-0529-esv4-63pm08723fq4,2026-07-09T21:43:03.441,payment-hub,OK,MT103,SWIFT,139.8,GBP,**************5015,IN,122
7zc95w39-2348-0529-esv4-63pm08723fq4,2026-07-09T21:43:03.502,core-banking,OK,MT103,SWIFT,139.8,GBP,**************5015,IN,79
7zc95w39-2348-0529-esv4-63pm08723fq4,2026-07-09T21:43:03.609,settlement,SETTLED,MT103,SWIFT,139.8,GBP,**************5015,IN,80
8hy35n22-9434-5830-wrb2-47uj46337le2,2026-07-03T01:19:58.054,gateway,OK,pacs.008,FAST,1055.65,SGD,**************4808,SG,21
8hy35n22-9434-5830-wrb2-47uj46337le2,2026-07-03T01:19:58.164,auth,OK,pacs.008,FAST,1055.65,SGD,**************4808,SG,26
8hy35n22-9434-5830-wrb2-47uj46337le2,2026-07-03T01:19:58.375,validation,OK,pacs.008,FAST,1055.65,SGD,**************4808,SG,29
8hy35n22-9434-5830-wrb2-47uj46337le2,2026-07-03T01:19:58.463,aml,TIMEOUT,pacs.008,FAST,1055.65,SGD,**************4808,SG,30000
8hy35n22-9434-5830-wrb2-47uj46337le2,2026-07-03T01:19:58.603,payment-hub,FAILED,pacs.008,FAST,1055.65,SGD,**************4808,SG,91
7yw91d84-0269-8192-whv6-03qe85705fx4,2026-07-15T01:18:49.221,gateway,OK,pacs.008,FAST,4146.76,SGD,**************0380,HK,25
7yw91d84-0269-8192-whv6-03qe85705fx4,2026-07-15T01:18:49.297,auth,OK,pacs.008,FAST,4146.76,SGD,**************0380,HK,81
7yw91d84-0269-8192-whv6-03qe85705fx4,2026-07-15T01:18:49.380,validation,OK,pacs.008,FAST,4146.76,SGD,**************0380,HK,119
7yw91d84-0269-8192-whv6-03qe85705fx4,2026-07-15T01:18:49.453,aml,OK,pacs.008,FAST,4146.76,SGD,**************0380,HK,271
7yw91d84-0269-8192-whv6-03qe85705fx4,2026-07-15T01:18:49.524,payment-hub,OK,pacs.008,FAST,4146.76,SGD,**************0380,HK,115
7yw91d84-0269-8192-whv6-03qe85705fx4,2026-07-15T01:18:49.588,core-banking,OK,pacs.008,FAST,4146.76,SGD,**************0380,HK,231
7yw91d84-0269-8192-whv6-03qe85705fx4,2026-07-15T01:18:49.700,settlement,SETTLED,pacs.008,FAST,4146.76,SGD,**************0380,HK,259
2lg24s23-2637-9228-wbx1-88sx28174og9,2026-07-02T13:02:47.919,gateway,OK,pacs.008,FAST,507.67,EUR,**************0364,IN,45
2lg24s23-2637-9228-wbx1-88sx28174og9,2026-07-02T13:02:48.031,auth,OK,pacs.008,FAST,507.67,EUR,**************0364,IN,47
2lg24s23-2637-9228-wbx1-88sx28174og9,2026-07-02T13:02:48.101,validation,OK,pacs.008,FAST,507.67,EUR,**************0364,IN,80
2lg24s23-2637-9228-wbx1-88sx28174og9,2026-07-02T13:02:48.154,aml,OK,pacs.008,FAST,507.67,EUR,**************0364,IN,47
2lg24s23-2637-9228-wbx1-88sx28174og9,2026-07-02T13:02:48.263,payment-hub,OK,pacs.008,FAST,507.67,EUR,**************0364,IN,85
2lg24s23-2637-9228-wbx1-88sx28174og9,2026-07-02T13:02:48.335,core-banking,OK,pacs.008,FAST,507.67,EUR,**************0364,IN,82
2lg24s23-2637-9228-wbx1-88sx28174og9,2026-07-02T13:02:48.413,settlement,SETTLED,pacs.008,FAST,507.67,EUR,**************0364,IN,184
2zx15v14-3517-4580-ksc2-58ux55315hk9,2026-07-07T14:36:18.057,gateway,OK,pacs.008,SWIFT,303.5,USD,**************5876,IN,22
2zx15v14-3517-4580-ksc2-58ux55315hk9,2026-07-07T14:36:18.213,auth,OK,pacs.008,SWIFT,303.5,USD,**************5876,IN,35
2zx15v14-3517-4580-ksc2-58ux55315hk9,2026-07-07T14:36:18.276,validation,OK,pacs.008,SWIFT,303.5,USD,**************5876,IN,119
2zx15v14-3517-4580-ksc2-58ux55315hk9,2026-07-07T14:36:18.398,aml,OK,pacs.008,SWIFT,303.5,USD,**************5876,IN,186
2zx15v14-3517-4580-ksc2-58ux55315hk9,2026-07-07T14:36:18.462,payment-hub,OK,pacs.008,SWIFT,303.5,USD,**************5876,IN,103
2zx15v14-3517-4580-ksc2-58ux55315hk9,2026-07-07T14:36:18.572,core-banking,OK,pacs.008,SWIFT,303.5,USD,**************5876,IN,127
2zx15v14-3517-4580-ksc2-58ux55315hk9,2026-07-07T14:36:18.620,settlement,SETTLED,pacs.008,SWIFT,303.5,USD,**************5876,IN,101
2bi19a42-3578-2069-sho4-59bb47658sg8,2026-07-12T11:36:11.082,gateway,OK,pacs.008,CARDS,1168.66,SGD,**************9287,IN,36
2bi19a42-3578-2069-sho4-59bb47658sg8,2026-07-12T11:36:11.243,auth,OK,pacs.008,CARDS,1168.66,SGD,**************9287,IN,30
2bi19a42-3578-2069-sho4-59bb47658sg8,2026-07-12T11:36:11.317,validation,OK,pacs.008,CARDS,1168.66,SGD,**************9287,IN,94
2bi19a42-3578-2069-sho4-59bb47658sg8,2026-07-12T11:36:11.429,aml,OK,pacs.008,CARDS,1168.66,SGD,**************9287,IN,206
2bi19a42-3578-2069-sho4-59bb47658sg8,2026-07-12T11:36:11.566,payment-hub,OK,pacs.008,CARDS,1168.66,SGD,**************9287,IN,126
2bi19a42-3578-2069-sho4-59bb47658sg8,2026-07-12T11:36:11.667,core-banking,OK,pacs.008,CARDS,1168.66,SGD,**************9287,IN,115
2bi19a42-3578-2069-sho4-59bb47658sg8,2026-07-12T11:36:11.800,settlement,SETTLED,pacs.008,CARDS,1168.66,SGD,**************9287,IN,233
6wz77y06-5075-0077-rpd3-19dc37176jy8,2026-07-12T10:49:57.411,gateway,OK,pacs.008,SWIFT,393.23,USD,**************1517,GB,42
6wz77y06-5075-0077-rpd3-19dc37176jy8,2026-07-12T10:49:57.473,auth,OK,pacs.008,SWIFT,393.23,USD,**************1517,GB,76
6wz77y06-5075-0077-rpd3-19dc37176jy8,2026-07-12T10:49:57.559,validation,OK,pacs.008,SWIFT,393.23,USD,**************1517,GB,78
6wz77y06-5075-0077-rpd3-19dc37176jy8,2026-07-12T10:49:57.596,aml,OK,pacs.008,SWIFT,393.23,USD,**************1517,GB,114
6wz77y06-5075-0077-rpd3-19dc37176jy8,2026-07-12T10:49:57.751,payment-hub,OK,pacs.008,SWIFT,393.23,USD,**************1517,GB,113
6wz77y06-5075-0077-rpd3-19dc37176jy8,2026-07-12T10:49:57.780,core-banking,OK,pacs.008,SWIFT,393.23,USD,**************1517,GB,184
6wz77y06-5075-0077-rpd3-19dc37176jy8,2026-07-12T10:49:58.006,settlement,SETTLED,pacs.008,SWIFT,393.23,USD,**************1517,GB,126
3su07t25-8799-6303-niy7-29db83196fe9,2026-07-12T14:54:36.915,gateway,OK,0200,FAST,801.64,SGD,**************7910,US,40
3su07t25-8799-6303-niy7-29db83196fe9,2026-07-12T14:54:37.096,auth,OK,0200,FAST,801.64,SGD,**************7910,US,28
3su07t25-8799-6303-niy7-29db83196fe9,2026-07-12T14:54:37.344,validation,OK,0200,FAST,801.64,SGD,**************7910,US,59
3su07t25-8799-6303-niy7-29db83196fe9,2026-07-12T14:54:37.426,aml,OK,0200,FAST,801.64,SGD,**************7910,US,212
3su07t25-8799-6303-niy7-29db83196fe9,2026-07-12T14:54:37.680,payment-hub,OK,0200,FAST,801.64,SGD,**************7910,US,62
3su07t25-8799-6303-niy7-29db83196fe9,2026-07-12T14:54:37.756,core-banking,OK,0200,FAST,801.64,SGD,**************7910,US,171
3su07t25-8799-6303-niy7-29db83196fe9,2026-07-12T14:54:37.867,settlement,SETTLED,0200,FAST,801.64,SGD,**************7910,US,270
9ca78o49-8801-7643-smq1-85ir37374se6,2026-07-14T03:57:27.571,gateway,OK,pacs.008,SWIFT,4019.92,USD,**************9966,MY,50
9ca78o49-8801-7643-smq1-85ir37374se6,2026-07-14T03:57:27.706,auth,OK,pacs.008,SWIFT,4019.92,USD,**************9966,MY,45
9ca78o49-8801-7643-smq1-85ir37374se6,2026-07-14T03:57:27.887,validation,OK,pacs.008,SWIFT,4019.92,USD,**************9966,MY,101
9ca78o49-8801-7643-smq1-85ir37374se6,2026-07-14T03:57:28.030,aml,OK,pacs.008,SWIFT,4019.92,USD,**************9966,MY,130
9ca78o49-8801-7643-smq1-85ir37374se6,2026-07-14T03:57:28.066,payment-hub,OK,pacs.008,SWIFT,4019.92,USD,**************9966,MY,98
9ca78o49-8801-7643-smq1-85ir37374se6,2026-07-14T03:57:28.127,core-banking,OK,pacs.008,SWIFT,4019.92,USD,**************9966,MY,160
9ca78o49-8801-7643-smq1-85ir37374se6,2026-07-14T03:57:28.232,settlement,SETTLED,pacs.008,SWIFT,4019.92,USD,**************9966,MY,359
6cu85a50-5838-0580-yyx4-24pz92496zc4,2026-07-08T17:13:44.962,gateway,OK,pacs.008,FAST,346.58,SGD,**************7080,MY,35
6cu85a50-5838-0580-yyx4-24pz92496zc4,2026-07-08T17:13:45.026,auth,OK,pacs.008,FAST,346.58,SGD,**************7080,MY,77
6cu85a50-5838-0580-yyx4-24pz92496zc4,2026-07-08T17:13:45.096,validation,OK,pacs.008,FAST,346.58,SGD,**************7080,MY,70
6cu85a50-5838-0580-yyx4-24pz92496zc4,2026-07-08T17:13:45.324,aml,OK,pacs.008,FAST,346.58,SGD,**************7080,MY,257
6cu85a50-5838-0580-yyx4-24pz92496zc4,2026-07-08T17:13:45.415,payment-hub,OK,pacs.008,FAST,346.58,SGD,**************7080,MY,72
6cu85a50-5838-0580-yyx4-24pz92496zc4,2026-07-08T17:13:45.587,core-banking,OK,pacs.008,FAST,346.58,SGD,**************7080,MY,67
6cu85a50-5838-0580-yyx4-24pz92496zc4,2026-07-08T17:13:45.652,settlement,SETTLED,pacs.008,FAST,346.58,SGD,**************7080,MY,383
4np02d92-0578-6572-tpy6-03nv86378gc3,2026-07-07T11:58:31.162,gateway,OK,MT103,FAST,616.11,SGD,**************0885,US,20
4np02d92-0578-6572-tpy6-03nv86378gc3,2026-07-07T11:58:31.265,auth,OK,MT103,FAST,616.11,SGD,**************0885,US,38
4np02d92-0578-6572-tpy6-03nv86378gc3,2026-07-07T11:58:31.329,validation,OK,MT103,FAST,616.11,SGD,**************0885,US,61
4np02d92-0578-6572-tpy6-03nv86378gc3,2026-07-07T11:58:31.513,aml,OK,MT103,FAST,616.11,SGD,**************0885,US,285
4np02d92-0578-6572-tpy6-03nv86378gc3,2026-07-07T11:58:31.568,payment-hub,OK,MT103,FAST,616.11,SGD,**************0885,US,92
4np02d92-0578-6572-tpy6-03nv86378gc3,2026-07-07T11:58:31.659,core-banking,OK,MT103,FAST,616.11,SGD,**************0885,US,76
4np02d92-0578-6572-tpy6-03nv86378gc3,2026-07-07T11:58:31.716,settlement,SETTLED,MT103,FAST,616.11,SGD,**************0885,US,93
5qy12z21-1244-3011-ohu8-11un08136kx5,2026-07-14T14:16:53.041,gateway,OK,pacs.008,CARDS,721.39,USD,**************7150,MY,33
5qy12z21-1244-3011-ohu8-11un08136kx5,2026-07-14T14:16:53.140,auth,OK,pacs.008,CARDS,721.39,USD,**************7150,MY,69
5qy12z21-1244-3011-ohu8-11un08136kx5,2026-07-14T14:16:53.228,validation,OK,pacs.008,CARDS,721.39,USD,**************7150,MY,98
5qy12z21-1244-3011-ohu8-11un08136kx5,2026-07-14T14:16:53.263,aml,OK,pacs.008,CARDS,721.39,USD,**************7150,MY,125
5qy12z21-1244-3011-ohu8-11un08136kx5,2026-07-14T14:16:53.441,payment-hub,OK,pacs.008,CARDS,721.39,USD,**************7150,MY,30
5qy12z21-1244-3011-ohu8-11un08136kx5,2026-07-14T14:16:53.498,core-banking,OK,pacs.008,CARDS,721.39,USD,**************7150,MY,153
5qy12z21-1244-3011-ohu8-11un08136kx5,2026-07-14T14:16:53.574,settlement,SETTLED,pacs.008,CARDS,721.39,USD,**************7150,MY,343
2pj09r15-2044-5774-iav4-05ad56376zq6,2026-07-02T22:52:13.126,gateway,OK,MT103,FAST,542.56,EUR,**************8782,SG,22
2pj09r15-2044-5774-iav4-05ad56376zq6,2026-07-02T22:52:13.219,auth,OK,MT103,FAST,542.56,EUR,**************8782,SG,61
2pj09r15-2044-5774-iav4-05ad56376zq6,2026-07-02T22:52:13.485,validation,OK,MT103,FAST,542.56,EUR,**************8782,SG,86
2pj09r15-2044-5774-iav4-05ad56376zq6,2026-07-02T22:52:13.513,aml,OK,MT103,FAST,542.56,EUR,**************8782,SG,131
2pj09r15-2044-5774-iav4-05ad56376zq6,2026-07-02T22:52:13.634,payment-hub,OK,MT103,FAST,542.56,EUR,**************8782,SG,96
2pj09r15-2044-5774-iav4-05ad56376zq6,2026-07-02T22:52:13.698,core-banking,OK,MT103,FAST,542.56,EUR,**************8782,SG,230
2pj09r15-2044-5774-iav4-05ad56376zq6,2026-07-02T22:52:13.936,settlement,SETTLED,MT103,FAST,542.56,EUR,**************8782,SG,397
4sq99l56-5510-7068-dpw4-31fj52627mo1,2026-07-01T23:51:44.436,gateway,OK,pacs.008,SWIFT,85.73,USD,**************6873,MY,35
4sq99l56-5510-7068-dpw4-31fj52627mo1,2026-07-01T23:51:44.555,auth,OK,pacs.008,SWIFT,85.73,USD,**************6873,MY,60
4sq99l56-5510-7068-dpw4-31fj52627mo1,2026-07-01T23:51:44.710,validation,OK,pacs.008,SWIFT,85.73,USD,**************6873,MY,90
4sq99l56-5510-7068-dpw4-31fj52627mo1,2026-07-01T23:51:44.797,aml,OK,pacs.008,SWIFT,85.73,USD,**************6873,MY,225
4sq99l56-5510-7068-dpw4-31fj52627mo1,2026-07-01T23:51:44.971,payment-hub,OK,pacs.008,SWIFT,85.73,USD,**************6873,MY,113
4sq99l56-5510-7068-dpw4-31fj52627mo1,2026-07-01T23:51:45.046,core-banking,OK,pacs.008,SWIFT,85.73,USD,**************6873,MY,60
4sq99l56-5510-7068-dpw4-31fj52627mo1,2026-07-01T23:51:45.119,settlement,SETTLED,pacs.008,SWIFT,85.73,USD,**************6873,MY,242
0we57k55-5488-4534-hfd0-58cy97543uh4,2026-07-07T04:12:45.522,gateway,OK,pacs.008,SWIFT,680.54,SGD,**************3084,MY,32
0we57k55-5488-4534-hfd0-58cy97543uh4,2026-07-07T04:12:45.609,auth,OK,pacs.008,SWIFT,680.54,SGD,**************3084,MY,42
0we57k55-5488-4534-hfd0-58cy97543uh4,2026-07-07T04:12:45.642,validation,OK,pacs.008,SWIFT,680.54,SGD,**************3084,MY,36
0we57k55-5488-4534-hfd0-58cy97543uh4,2026-07-07T04:12:45.698,aml,TIMEOUT,pacs.008,SWIFT,680.54,SGD,**************3084,MY,30000
0we57k55-5488-4534-hfd0-58cy97543uh4,2026-07-07T04:12:45.835,payment-hub,FAILED,pacs.008,SWIFT,680.54,SGD,**************3084,MY,126
5fz27k75-3602-9306-gvw0-03rx75424qv8,2026-07-01T20:19:10.443,gateway,OK,pacs.008,SWIFT,2314.53,SGD,**************0508,SG,21
5fz27k75-3602-9306-gvw0-03rx75424qv8,2026-07-01T20:19:10.624,auth,OK,pacs.008,SWIFT,2314.53,SGD,**************0508,SG,37
5fz27k75-3602-9306-gvw0-03rx75424qv8,2026-07-01T20:19:10.681,validation,REJECTED,pacs.008,SWIFT,2314.53,SGD,**************0508,SG,91
3ad92r55-2521-0727-has9-31wx07518ck1,2026-07-05T19:35:53.503,gateway,OK,pacs.008,FAST,337.39,USD,**************8302,GB,48
3ad92r55-2521-0727-has9-31wx07518ck1,2026-07-05T19:35:53.625,auth,OK,pacs.008,FAST,337.39,USD,**************8302,GB,72
3ad92r55-2521-0727-has9-31wx07518ck1,2026-07-05T19:35:53.735,validation,OK,pacs.008,FAST,337.39,USD,**************8302,GB,77
3ad92r55-2521-0727-has9-31wx07518ck1,2026-07-05T19:35:53.830,aml,OK,pacs.008,FAST,337.39,USD,**************8302,GB,135
3ad92r55-2521-0727-has9-31wx07518ck1,2026-07-05T19:35:53.995,payment-hub,OK,pacs.008,FAST,337.39,USD,**************8302,GB,35
3ad92r55-2521-0727-has9-31wx07518ck1,2026-07-05T19:35:54.302,core-banking,OK,pacs.008,FAST,337.39,USD,**************8302,GB,218
3ad92r55-2521-0727-has9-31wx07518ck1,2026-07-05T19:35:54.370,settlement,SETTLED,pacs.008,FAST,337.39,USD,**************8302,GB,202
9gb23p59-2219-4817-tdj3-23bj06154wz2,2026-07-04T17:46:47.112,gateway,OK,MT103,FAST,1674.31,SGD,**************1211,US,24
9gb23p59-2219-4817-tdj3-23bj06154wz2,2026-07-04T17:46:47.166,auth,OK,MT103,FAST,1674.31,SGD,**************1211,US,33
9gb23p59-2219-4817-tdj3-23bj06154wz2,2026-07-04T17:46:47.270,validation,OK,MT103,FAST,1674.31,SGD,**************1211,US,59
9gb23p59-2219-4817-tdj3-23bj06154wz2,2026-07-04T17:46:47.357,aml,OK,MT103,FAST,1674.31,SGD,**************1211,US,300
9gb23p59-2219-4817-tdj3-23bj06154wz2,2026-07-04T17:46:47.460,payment-hub,OK,MT103,FAST,1674.31,SGD,**************1211,US,139
9gb23p59-2219-4817-tdj3-23bj06154wz2,2026-07-04T17:46:47.618,core-banking,OK,MT103,FAST,1674.31,SGD,**************1211,US,187
9gb23p59-2219-4817-tdj3-23bj06154wz2,2026-07-04T17:46:47.733,settlement,SETTLED,MT103,FAST,1674.31,SGD,**************1211,US,79
6ma45f11-0654-7141-lnt1-21iv74518yc8,2026-07-01T14:20:58.390,gateway,OK,pacs.008,FAST,517.97,INR,**************1579,SG,46
6ma45f11-0654-7141-lnt1-21iv74518yc8,2026-07-01T14:20:58.531,auth,OK,pacs.008,FAST,517.97,INR,**************1579,SG,30
6ma45f11-0654-7141-lnt1-21iv74518yc8,2026-07-01T14:20:58.647,validation,OK,pacs.008,FAST,517.97,INR,**************1579,SG,63
6ma45f11-0654-7141-lnt1-21iv74518yc8,2026-07-01T14:20:58.716,aml,OK,pacs.008,FAST,517.97,INR,**************1579,SG,148
6ma45f11-0654-7141-lnt1-21iv74518yc8,2026-07-01T14:20:58.825,payment-hub,OK,pacs.008,FAST,517.97,INR,**************1579,SG,43
6ma45f11-0654-7141-lnt1-21iv74518yc8,2026-07-01T14:20:58.925,core-banking,OK,pacs.008,FAST,517.97,INR,**************1579,SG,53
6ma45f11-0654-7141-lnt1-21iv74518yc8,2026-07-01T14:20:58.994,settlement,SETTLED,pacs.008,FAST,517.97,INR,**************1579,SG,180
7fc13m45-4944-4304-ywk1-54th13494nr4,2026-07-08T22:24:41.929,gateway,OK,pacs.008,FAST,1378.97,SGD,**************1974,MY,16
7fc13m45-4944-4304-ywk1-54th13494nr4,2026-07-08T22:24:42.033,auth,OK,pacs.008,FAST,1378.97,SGD,**************1974,MY,43
7fc13m45-4944-4304-ywk1-54th13494nr4,2026-07-08T22:24:42.123,validation,OK,pacs.008,FAST,1378.97,SGD,**************1974,MY,100
7fc13m45-4944-4304-ywk1-54th13494nr4,2026-07-08T22:24:42.155,aml,OK,pacs.008,FAST,1378.97,SGD,**************1974,MY,91
7fc13m45-4944-4304-ywk1-54th13494nr4,2026-07-08T22:24:42.208,payment-hub,OK,pacs.008,FAST,1378.97,SGD,**************1974,MY,51
7fc13m45-4944-4304-ywk1-54th13494nr4,2026-07-08T22:24:42.296,core-banking,OK,pacs.008,FAST,1378.97,SGD,**************1974,MY,123
7fc13m45-4944-4304-ywk1-54th13494nr4,2026-07-08T22:24:42.438,settlement,SETTLED,pacs.008,FAST,1378.97,SGD,**************1974,MY,235
1yc53v71-8834-5851-xoz1-42aj78153pw0,2026-07-03T11:04:50.910,gateway,OK,pacs.008,FAST,541.87,SGD,**************2104,SG,45
1yc53v71-8834-5851-xoz1-42aj78153pw0,2026-07-03T11:04:51.017,auth,OK,pacs.008,FAST,541.87,SGD,**************2104,SG,53
1yc53v71-8834-5851-xoz1-42aj78153pw0,2026-07-03T11:04:51.103,validation,OK,pacs.008,FAST,541.87,SGD,**************2104,SG,91
1yc53v71-8834-5851-xoz1-42aj78153pw0,2026-07-03T11:04:51.147,aml,OK,pacs.008,FAST,541.87,SGD,**************2104,SG,226
1yc53v71-8834-5851-xoz1-42aj78153pw0,2026-07-03T11:04:51.286,payment-hub,OK,pacs.008,FAST,541.87,SGD,**************2104,SG,141
1yc53v71-8834-5851-xoz1-42aj78153pw0,2026-07-03T11:04:51.344,core-banking,OK,pacs.008,FAST,541.87,SGD,**************2104,SG,59
1yc53v71-8834-5851-xoz1-42aj78153pw0,2026-07-03T11:04:51.494,settlement,SETTLED,pacs.008,FAST,541.87,SGD,**************2104,SG,136
0cw31a04-5367-5827-ays5-75ad69364pj1,2026-07-12T20:02:35.817,gateway,OK,pacs.008,FAST,449.82,SGD,**************6688,GB,49
0cw31a04-5367-5827-ays5-75ad69364pj1,2026-07-12T20:02:35.881,auth,OK,pacs.008,FAST,449.82,SGD,**************6688,GB,55
0cw31a04-5367-5827-ays5-75ad69364pj1,2026-07-12T20:02:36.115,validation,OK,pacs.008,FAST,449.82,SGD,**************6688,GB,69
0cw31a04-5367-5827-ays5-75ad69364pj1,2026-07-12T20:02:36.155,aml,TIMEOUT,pacs.008,FAST,449.82,SGD,**************6688,GB,30000
0cw31a04-5367-5827-ays5-75ad69364pj1,2026-07-12T20:02:36.251,payment-hub,FAILED,pacs.008,FAST,449.82,SGD,**************6688,GB,111
9ut66n68-0534-5945-kqh6-08rr31268iw5,2026-07-08T07:18:16.764,gateway,OK,0200,CARDS,1940.25,SGD,**************3925,IN,33
9ut66n68-0534-5945-kqh6-08rr31268iw5,2026-07-08T07:18:16.874,auth,OK,0200,CARDS,1940.25,SGD,**************3925,IN,27
9ut66n68-0534-5945-kqh6-08rr31268iw5,2026-07-08T07:18:16.952,validation,OK,0200,CARDS,1940.25,SGD,**************3925,IN,35
9ut66n68-0534-5945-kqh6-08rr31268iw5,2026-07-08T07:18:17.056,aml,OK,0200,CARDS,1940.25,SGD,**************3925,IN,175
9ut66n68-0534-5945-kqh6-08rr31268iw5,2026-07-08T07:18:17.320,payment-hub,OK,0200,CARDS,1940.25,SGD,**************3925,IN,52
9ut66n68-0534-5945-kqh6-08rr31268iw5,2026-07-08T07:18:17.383,core-banking,OK,0200,CARDS,1940.25,SGD,**************3925,IN,191
9ut66n68-0534-5945-kqh6-08rr31268iw5,2026-07-08T07:18:17.514,settlement,SETTLED,0200,CARDS,1940.25,SGD,**************3925,IN,91
4df84j87-0202-8914-hqq7-29fj57175kp8,2026-07-10T19:47:08.908,gateway,OK,MT103,FAST,170.89,SGD,**************7021,HK,52
4df84j87-0202-8914-hqq7-29fj57175kp8,2026-07-10T19:47:08.965,auth,OK,MT103,FAST,170.89,SGD,**************7021,HK,80
4df84j87-0202-8914-hqq7-29fj57175kp8,2026-07-10T19:47:09.069,validation,OK,MT103,FAST,170.89,SGD,**************7021,HK,43
4df84j87-0202-8914-hqq7-29fj57175kp8,2026-07-10T19:47:09.302,aml,OK,MT103,FAST,170.89,SGD,**************7021,HK,45
4df84j87-0202-8914-hqq7-29fj57175kp8,2026-07-10T19:47:09.481,payment-hub,OK,MT103,FAST,170.89,SGD,**************7021,HK,66
4df84j87-0202-8914-hqq7-29fj57175kp8,2026-07-10T19:47:09.613,core-banking,OK,MT103,FAST,170.89,SGD,**************7021,HK,188
4df84j87-0202-8914-hqq7-29fj57175kp8,2026-07-10T19:47:09.724,settlement,SETTLED,MT103,FAST,170.89,SGD,**************7021,HK,295
2yb89l60-9071-4343-xwj0-34mi58222tf8,2026-07-06T07:39:16.049,gateway,OK,pacs.008,FAST,2441.86,SGD,**************6194,SG,20
2yb89l60-9071-4343-xwj0-34mi58222tf8,2026-07-06T07:39:16.286,auth,OK,pacs.008,FAST,2441.86,SGD,**************6194,SG,79
2yb89l60-9071-4343-xwj0-34mi58222tf8,2026-07-06T07:39:16.360,validation,OK,pacs.008,FAST,2441.86,SGD,**************6194,SG,65
2yb89l60-9071-4343-xwj0-34mi58222tf8,2026-07-06T07:39:16.468,aml,OK,pacs.008,FAST,2441.86,SGD,**************6194,SG,119
2yb89l60-9071-4343-xwj0-34mi58222tf8,2026-07-06T07:39:16.689,payment-hub,OK,pacs.008,FAST,2441.86,SGD,**************6194,SG,92
2yb89l60-9071-4343-xwj0-34mi58222tf8,2026-07-06T07:39:17.010,core-banking,OK,pacs.008,FAST,2441.86,SGD,**************6194,SG,96
2yb89l60-9071-4343-xwj0-34mi58222tf8,2026-07-06T07:39:17.248,settlement,SETTLED,pacs.008,FAST,2441.86,SGD,**************6194,SG,386
8dh15i09-2440-1723-quu5-52ah16609re0,2026-07-06T14:12:54.028,gateway,OK,0200,FAST,1362.15,SGD,**************6796,SG,37
8dh15i09-2440-1723-quu5-52ah16609re0,2026-07-06T14:12:54.120,auth,OK,0200,FAST,1362.15,SGD,**************6796,SG,73
8dh15i09-2440-1723-quu5-52ah16609re0,2026-07-06T14:12:54.401,validation,OK,0200,FAST,1362.15,SGD,**************6796,SG,92
8dh15i09-2440-1723-quu5-52ah16609re0,2026-07-06T14:12:54.451,aml,OK,0200,FAST,1362.15,SGD,**************6796,SG,192
8dh15i09-2440-1723-quu5-52ah16609re0,2026-07-06T14:12:54.500,payment-hub,OK,0200,FAST,1362.15,SGD,**************6796,SG,70
8dh15i09-2440-1723-quu5-52ah16609re0,2026-07-06T14:12:54.591,core-banking,OK,0200,FAST,1362.15,SGD,**************6796,SG,175
8dh15i09-2440-1723-quu5-52ah16609re0,2026-07-06T14:12:54.703,settlement,SETTLED,0200,FAST,1362.15,SGD,**************6796,SG,119
6ne36b57-5213-8037-sbm1-81wa61935pr4,2026-07-05T14:33:17.727,gateway,OK,pacs.008,CARDS,3454.89,USD,**************8993,HK,27
6ne36b57-5213-8037-sbm1-81wa61935pr4,2026-07-05T14:33:17.948,auth,OK,pacs.008,CARDS,3454.89,USD,**************8993,HK,21
6ne36b57-5213-8037-sbm1-81wa61935pr4,2026-07-05T14:33:18.088,validation,OK,pacs.008,CARDS,3454.89,USD,**************8993,HK,65
6ne36b57-5213-8037-sbm1-81wa61935pr4,2026-07-05T14:33:18.147,aml,TIMEOUT,pacs.008,CARDS,3454.89,USD,**************8993,HK,30000
6ne36b57-5213-8037-sbm1-81wa61935pr4,2026-07-05T14:33:18.194,payment-hub,FAILED,pacs.008,CARDS,3454.89,USD,**************8993,HK,67
1tz59x35-3433-0823-cwk4-52zv39137ru3,2026-07-10T22:26:53.266,gateway,OK,MT103,FAST,820.03,MYR,**************8298,US,48
1tz59x35-3433-0823-cwk4-52zv39137ru3,2026-07-10T22:26:53.350,auth,OK,MT103,FAST,820.03,MYR,**************8298,US,74
1tz59x35-3433-0823-cwk4-52zv39137ru3,2026-07-10T22:27:23.370,validation,OK,MT103,FAST,820.03,MYR,**************8298,US,32
1tz59x35-3433-0823-cwk4-52zv39137ru3,2026-07-10T22:27:23.470,aml,OK,MT103,FAST,820.03,MYR,**************8298,US,159
1tz59x35-3433-0823-cwk4-52zv39137ru3,2026-07-10T22:27:23.609,payment-hub,OK,MT103,FAST,820.03,MYR,**************8298,US,74
1tz59x35-3433-0823-cwk4-52zv39137ru3,2026-07-10T22:27:23.718,core-banking,OK,MT103,FAST,820.03,MYR,**************8298,US,118
1tz59x35-3433-0823-cwk4-52zv39137ru3,2026-07-10T22:27:23.784,settlement,SETTLED,MT103,FAST,820.03,MYR,**************8298,US,307
1kw84o36-1487-2514-zph8-15dy19250wy3,2026-07-06T02:09:02.255,gateway,OK,pacs.008,FAST,121.07,SGD,**************1873,SG,18
1kw84o36-1487-2514-zph8-15dy19250wy3,2026-07-06T02:09:02.333,auth,OK,pacs.008,FAST,121.07,SGD,**************1873,SG,80
1kw84o36-1487-2514-zph8-15dy19250wy3,2026-07-06T02:09:02.433,validation,REJECTED,pacs.008,FAST,121.07,SGD,**************1873,SG,104
2ju66c16-9872-7303-dgz1-96qh04968dx2,2026-07-05T12:36:09.374,gateway,OK,0200,FAST,106.73,MYR,**************5127,SG,50
2ju66c16-9872-7303-dgz1-96qh04968dx2,2026-07-05T12:36:09.578,auth,OK,0200,FAST,106.73,MYR,**************5127,SG,21
2ju66c16-9872-7303-dgz1-96qh04968dx2,2026-07-05T12:36:09.631,validation,OK,0200,FAST,106.73,MYR,**************5127,SG,28
2ju66c16-9872-7303-dgz1-96qh04968dx2,2026-07-05T12:36:39.667,aml,OK,0200,FAST,106.73,MYR,**************5127,SG,103
2ju66c16-9872-7303-dgz1-96qh04968dx2,2026-07-05T12:36:39.977,payment-hub,OK,0200,FAST,106.73,MYR,**************5127,SG,148
2ju66c16-9872-7303-dgz1-96qh04968dx2,2026-07-05T12:36:40.016,core-banking,OK,0200,FAST,106.73,MYR,**************5127,SG,53
2ju66c16-9872-7303-dgz1-96qh04968dx2,2026-07-05T12:36:40.104,settlement,SETTLED,0200,FAST,106.73,MYR,**************5127,SG,311
6mz43v77-8875-5297-njh1-02jw21464bq5,2026-07-10T22:24:21.255,gateway,OK,MT103,FAST,838.35,SGD,**************3202,SG,16
6mz43v77-8875-5297-njh1-02jw21464bq5,2026-07-10T22:24:21.378,auth,OK,MT103,FAST,838.35,SGD,**************3202,SG,75
6mz43v77-8875-5297-njh1-02jw21464bq5,2026-07-10T22:24:21.569,validation,OK,MT103,FAST,838.35,SGD,**************3202,SG,53
6mz43v77-8875-5297-njh1-02jw21464bq5,2026-07-10T22:24:21.793,aml,OK,MT103,FAST,838.35,SGD,**************3202,SG,281
6mz43v77-8875-5297-njh1-02jw21464bq5,2026-07-10T22:24:21.910,payment-hub,OK,MT103,FAST,838.35,SGD,**************3202,SG,133
6mz43v77-8875-5297-njh1-02jw21464bq5,2026-07-10T22:24:21.967,core-banking,OK,MT103,FAST,838.35,SGD,**************3202,SG,60
6mz43v77-8875-5297-njh1-02jw21464bq5,2026-07-10T22:24:22.057,settlement,SETTLED,MT103,FAST,838.35,SGD,**************3202,SG,322
3qv07q27-2427-5924-jqc8-81ed61591yv6,2026-07-09T13:40:24.131,gateway,OK,MT103,FAST,372.46,USD,**************6085,SG,58
3qv07q27-2427-5924-jqc8-81ed61591yv6,2026-07-09T13:40:24.194,auth,OK,MT103,FAST,372.46,USD,**************6085,SG,60
3qv07q27-2427-5924-jqc8-81ed61591yv6,2026-07-09T13:40:24.273,validation,OK,MT103,FAST,372.46,USD,**************6085,SG,120
3qv07q27-2427-5924-jqc8-81ed61591yv6,2026-07-09T13:40:24.475,aml,OK,MT103,FAST,372.46,USD,**************6085,SG,162
3qv07q27-2427-5924-jqc8-81ed61591yv6,2026-07-09T13:40:54.488,payment-hub,OK,MT103,FAST,372.46,USD,**************6085,SG,100
3qv07q27-2427-5924-jqc8-81ed61591yv6,2026-07-09T13:40:54.567,core-banking,OK,MT103,FAST,372.46,USD,**************6085,SG,193
3qv07q27-2427-5924-jqc8-81ed61591yv6,2026-07-09T13:40:54.706,settlement,SETTLED,MT103,FAST,372.46,USD,**************6085,SG,243
7fx67u83-6231-1148-hao8-92gq06207gr7,2026-07-06T02:35:27.719,gateway,OK,pacs.008,FAST,1323.0,USD,**************0394,HK,48
7fx67u83-6231-1148-hao8-92gq06207gr7,2026-07-06T02:35:27.920,auth,OK,pacs.008,FAST,1323.0,USD,**************0394,HK,55
7fx67u83-6231-1148-hao8-92gq06207gr7,2026-07-06T02:35:28.009,validation,OK,pacs.008,FAST,1323.0,USD,**************0394,HK,35
7fx67u83-6231-1148-hao8-92gq06207gr7,2026-07-06T02:35:58.043,aml,OK,pacs.008,FAST,1323.0,USD,**************0394,HK,299
7fx67u83-6231-1148-hao8-92gq06207gr7,2026-07-06T02:35:58.134,payment-hub,OK,pacs.008,FAST,1323.0,USD,**************0394,HK,74
7fx67u83-6231-1148-hao8-92gq06207gr7,2026-07-06T02:35:58.199,core-banking,OK,pacs.008,FAST,1323.0,USD,**************0394,HK,66
7fx67u83-6231-1148-hao8-92gq06207gr7,2026-07-06T02:35:58.305,settlement,SETTLED,pacs.008,FAST,1323.0,USD,**************0394,HK,193
1yv13y24-4595-2133-jao6-45yw72522fs8,2026-07-09T19:24:55.872,gateway,OK,pacs.008,SWIFT,1804.93,SGD,**************2131,SG,57
1yv13y24-4595-2133-jao6-45yw72522fs8,2026-07-09T19:24:55.963,auth,OK,pacs.008,SWIFT,1804.93,SGD,**************2131,SG,58
1yv13y24-4595-2133-jao6-45yw72522fs8,2026-07-09T19:24:56.109,validation,OK,pacs.008,SWIFT,1804.93,SGD,**************2131,SG,68
1yv13y24-4595-2133-jao6-45yw72522fs8,2026-07-09T19:24:56.173,aml,OK,pacs.008,SWIFT,1804.93,SGD,**************2131,SG,74
1yv13y24-4595-2133-jao6-45yw72522fs8,2026-07-09T19:24:56.260,payment-hub,OK,pacs.008,SWIFT,1804.93,SGD,**************2131,SG,70
1yv13y24-4595-2133-jao6-45yw72522fs8,2026-07-09T19:24:56.455,core-banking,OK,pacs.008,SWIFT,1804.93,SGD,**************2131,SG,224
1yv13y24-4595-2133-jao6-45yw72522fs8,2026-07-09T19:24:56.542,settlement,SETTLED,pacs.008,SWIFT,1804.93,SGD,**************2131,SG,218
3kt02p94-1358-7493-sfs2-17zu53132fy9,2026-07-14T09:34:45.683,gateway,OK,pacs.008,SWIFT,314.28,USD,**************6605,HK,26
3kt02p94-1358-7493-sfs2-17zu53132fy9,2026-07-14T09:34:45.787,auth,OK,pacs.008,SWIFT,314.28,USD,**************6605,HK,61
3kt02p94-1358-7493-sfs2-17zu53132fy9,2026-07-14T09:34:45.858,validation,OK,pacs.008,SWIFT,314.28,USD,**************6605,HK,109
3kt02p94-1358-7493-sfs2-17zu53132fy9,2026-07-14T09:34:46.076,aml,OK,pacs.008,SWIFT,314.28,USD,**************6605,HK,262
3kt02p94-1358-7493-sfs2-17zu53132fy9,2026-07-14T09:35:16.093,payment-hub,OK,pacs.008,SWIFT,314.28,USD,**************6605,HK,89
3kt02p94-1358-7493-sfs2-17zu53132fy9,2026-07-14T09:35:16.199,core-banking,OK,pacs.008,SWIFT,314.28,USD,**************6605,HK,130
3kt02p94-1358-7493-sfs2-17zu53132fy9,2026-07-14T09:35:16.305,settlement,SETTLED,pacs.008,SWIFT,314.28,USD,**************6605,HK,115
1co08j31-9805-5139-dwz7-35iw57538bd0,2026-07-09T09:14:10.589,gateway,OK,pacs.008,CARDS,577.89,EUR,**************4367,SG,41
1co08j31-9805-5139-dwz7-35iw57538bd0,2026-07-09T09:14:10.645,auth,OK,pacs.008,CARDS,577.89,EUR,**************4367,SG,44
1co08j31-9805-5139-dwz7-35iw57538bd0,2026-07-09T09:14:10.806,validation,OK,pacs.008,CARDS,577.89,EUR,**************4367,SG,84
1co08j31-9805-5139-dwz7-35iw57538bd0,2026-07-09T09:14:10.876,aml,OK,pacs.008,CARDS,577.89,EUR,**************4367,SG,78
1co08j31-9805-5139-dwz7-35iw57538bd0,2026-07-09T09:14:10.937,payment-hub,OK,pacs.008,CARDS,577.89,EUR,**************4367,SG,38
1co08j31-9805-5139-dwz7-35iw57538bd0,2026-07-09T09:14:10.988,core-banking,OK,pacs.008,CARDS,577.89,EUR,**************4367,SG,61
1co08j31-9805-5139-dwz7-35iw57538bd0,2026-07-09T09:14:11.048,settlement,SETTLED,pacs.008,CARDS,577.89,EUR,**************4367,SG,165
6jc90p73-3428-4521-mqg5-34ol89759vv9,2026-07-05T23:50:50.513,gateway,OK,MT103,FAST,731.78,EUR,**************0363,SG,20
6jc90p73-3428-4521-mqg5-34ol89759vv9,2026-07-05T23:50:50.590,auth,OK,MT103,FAST,731.78,EUR,**************0363,SG,38
6jc90p73-3428-4521-mqg5-34ol89759vv9,2026-07-05T23:50:50.692,validation,OK,MT103,FAST,731.78,EUR,**************0363,SG,29
6jc90p73-3428-4521-mqg5-34ol89759vv9,2026-07-05T23:50:50.808,aml,OK,MT103,FAST,731.78,EUR,**************0363,SG,182
6jc90p73-3428-4521-mqg5-34ol89759vv9,2026-07-05T23:50:50.906,payment-hub,OK,MT103,FAST,731.78,EUR,**************0363,SG,54
6jc90p73-3428-4521-mqg5-34ol89759vv9,2026-07-05T23:50:51.113,core-banking,OK,MT103,FAST,731.78,EUR,**************0363,SG,191
6jc90p73-3428-4521-mqg5-34ol89759vv9,2026-07-05T23:50:51.183,settlement,SETTLED,MT103,FAST,731.78,EUR,**************0363,SG,220
4pf73y30-6353-0490-xqa4-82vr98924qb5,2026-07-14T13:13:12.247,gateway,OK,pacs.008,FAST,2726.56,SGD,**************2866,GB,60
4pf73y30-6353-0490-xqa4-82vr98924qb5,2026-07-14T13:13:12.372,auth,OK,pacs.008,FAST,2726.56,SGD,**************2866,GB,29
4pf73y30-6353-0490-xqa4-82vr98924qb5,2026-07-14T13:13:12.692,validation,OK,pacs.008,FAST,2726.56,SGD,**************2866,GB,51
4pf73y30-6353-0490-xqa4-82vr98924qb5,2026-07-14T13:13:12.750,aml,TIMEOUT,pacs.008,FAST,2726.56,SGD,**************2866,GB,30000
4pf73y30-6353-0490-xqa4-82vr98924qb5,2026-07-14T13:13:12.845,payment-hub,FAILED,pacs.008,FAST,2726.56,SGD,**************2866,GB,102
3pz95s91-9663-7236-vvw9-06yd38702ld1,2026-07-09T18:01:50.863,gateway,OK,pacs.008,FAST,437.32,USD,**************4986,US,38
3pz95s91-9663-7236-vvw9-06yd38702ld1,2026-07-09T18:01:51.087,auth,OK,pacs.008,FAST,437.32,USD,**************4986,US,42
3pz95s91-9663-7236-vvw9-06yd38702ld1,2026-07-09T18:01:51.278,validation,REJECTED,pacs.008,FAST,437.32,USD,**************4986,US,64
3jf29u90-0788-4288-jdh0-62od40271ck0,2026-07-08T00:14:08.423,gateway,OK,pacs.008,FAST,764.8,SGD,**************1776,SG,21
3jf29u90-0788-4288-jdh0-62od40271ck0,2026-07-08T00:14:08.625,auth,OK,pacs.008,FAST,764.8,SGD,**************1776,SG,53
3jf29u90-0788-4288-jdh0-62od40271ck0,2026-07-08T00:14:08.740,validation,OK,pacs.008,FAST,764.8,SGD,**************1776,SG,89
3jf29u90-0788-4288-jdh0-62od40271ck0,2026-07-08T00:14:08.770,aml,OK,pacs.008,FAST,764.8,SGD,**************1776,SG,176
3jf29u90-0788-4288-jdh0-62od40271ck0,2026-07-08T00:14:08.895,payment-hub,OK,pacs.008,FAST,764.8,SGD,**************1776,SG,52
3jf29u90-0788-4288-jdh0-62od40271ck0,2026-07-08T00:14:08.992,core-banking,OK,pacs.008,FAST,764.8,SGD,**************1776,SG,86
3jf29u90-0788-4288-jdh0-62od40271ck0,2026-07-08T00:14:09.035,settlement,SETTLED,pacs.008,FAST,764.8,SGD,**************1776,SG,321
8eh04f33-4497-3233-hdr7-23wf06866ry4,2026-07-06T11:24:13.248,gateway,OK,pacs.008,FAST,651.04,USD,**************0381,SG,32
8eh04f33-4497-3233-hdr7-23wf06866ry4,2026-07-06T11:24:13.319,auth,OK,pacs.008,FAST,651.04,USD,**************0381,SG,45
8eh04f33-4497-3233-hdr7-23wf06866ry4,2026-07-06T11:24:13.360,validation,OK,pacs.008,FAST,651.04,USD,**************0381,SG,34
8eh04f33-4497-3233-hdr7-23wf06866ry4,2026-07-06T11:24:13.539,aml,OK,pacs.008,FAST,651.04,USD,**************0381,SG,83
8eh04f33-4497-3233-hdr7-23wf06866ry4,2026-07-06T11:24:13.622,payment-hub,OK,pacs.008,FAST,651.04,USD,**************0381,SG,90
8eh04f33-4497-3233-hdr7-23wf06866ry4,2026-07-06T11:24:13.675,core-banking,OK,pacs.008,FAST,651.04,USD,**************0381,SG,220
8eh04f33-4497-3233-hdr7-23wf06866ry4,2026-07-06T11:24:13.752,settlement,SETTLED,pacs.008,FAST,651.04,USD,**************0381,SG,398
2xr77f08-1680-7554-ivt0-41tr22226wg6,2026-07-08T01:44:38.833,gateway,OK,0200,FAST,324.13,MYR,**************9271,SG,46
2xr77f08-1680-7554-ivt0-41tr22226wg6,2026-07-08T01:44:38.936,auth,OK,0200,FAST,324.13,MYR,**************9271,SG,86
2xr77f08-1680-7554-ivt0-41tr22226wg6,2026-07-08T01:44:39.109,validation,OK,0200,FAST,324.13,MYR,**************9271,SG,88
2xr77f08-1680-7554-ivt0-41tr22226wg6,2026-07-08T01:44:39.211,aml,OK,0200,FAST,324.13,MYR,**************9271,SG,147
2xr77f08-1680-7554-ivt0-41tr22226wg6,2026-07-08T01:44:39.298,payment-hub,OK,0200,FAST,324.13,MYR,**************9271,SG,49
2xr77f08-1680-7554-ivt0-41tr22226wg6,2026-07-08T01:44:39.368,core-banking,OK,0200,FAST,324.13,MYR,**************9271,SG,190
2xr77f08-1680-7554-ivt0-41tr22226wg6,2026-07-08T01:44:39.465,settlement,SETTLED,0200,FAST,324.13,MYR,**************9271,SG,382
7fh31a53-0999-4969-yec0-20ne31437gc3,2026-07-11T03:18:53.103,gateway,OK,pacs.008,FAST,453.33,SGD,**************0957,US,33
7fh31a53-0999-4969-yec0-20ne31437gc3,2026-07-11T03:18:53.233,auth,OK,pacs.008,FAST,453.33,SGD,**************0957,US,58
7fh31a53-0999-4969-yec0-20ne31437gc3,2026-07-11T03:18:53.302,validation,OK,pacs.008,FAST,453.33,SGD,**************0957,US,101
7fh31a53-0999-4969-yec0-20ne31437gc3,2026-07-11T03:18:53.388,aml,OK,pacs.008,FAST,453.33,SGD,**************0957,US,92
7fh31a53-0999-4969-yec0-20ne31437gc3,2026-07-11T03:18:53.454,payment-hub,OK,pacs.008,FAST,453.33,SGD,**************0957,US,132
7fh31a53-0999-4969-yec0-20ne31437gc3,2026-07-11T03:18:53.602,core-banking,OK,pacs.008,FAST,453.33,SGD,**************0957,US,137
7fh31a53-0999-4969-yec0-20ne31437gc3,2026-07-11T03:18:53.679,settlement,SETTLED,pacs.008,FAST,453.33,SGD,**************0957,US,206
8kq23v05-9647-4531-eor2-48nf23172me8,2026-07-14T13:37:29.871,gateway,OK,MT103,FAST,445.7,SGD,**************5937,GB,26
8kq23v05-9647-4531-eor2-48nf23172me8,2026-07-14T13:37:29.992,auth,OK,MT103,FAST,445.7,SGD,**************5937,GB,90
8kq23v05-9647-4531-eor2-48nf23172me8,2026-07-14T13:37:30.081,validation,OK,MT103,FAST,445.7,SGD,**************5937,GB,86
8kq23v05-9647-4531-eor2-48nf23172me8,2026-07-14T13:37:30.254,aml,OK,MT103,FAST,445.7,SGD,**************5937,GB,233
8kq23v05-9647-4531-eor2-48nf23172me8,2026-07-14T13:37:30.391,payment-hub,OK,MT103,FAST,445.7,SGD,**************5937,GB,40
8kq23v05-9647-4531-eor2-48nf23172me8,2026-07-14T13:37:30.463,core-banking,OK,MT103,FAST,445.7,SGD,**************5937,GB,211
8kq23v05-9647-4531-eor2-48nf23172me8,2026-07-14T13:37:30.527,settlement,SETTLED,MT103,FAST,445.7,SGD,**************5937,GB,379
1oc44n93-9590-8204-kob3-84jh92132zk7,2026-07-06T08:52:44.154,gateway,OK,pacs.008,FAST,184.49,SGD,**************5545,SG,17
1oc44n93-9590-8204-kob3-84jh92132zk7,2026-07-06T08:53:14.179,auth,OK,pacs.008,FAST,184.49,SGD,**************5545,SG,58
1oc44n93-9590-8204-kob3-84jh92132zk7,2026-07-06T08:53:14.291,validation,OK,pacs.008,FAST,184.49,SGD,**************5545,SG,108
1oc44n93-9590-8204-kob3-84jh92132zk7,2026-07-06T08:53:14.378,aml,OK,pacs.008,FAST,184.49,SGD,**************5545,SG,121
1oc44n93-9590-8204-kob3-84jh92132zk7,2026-07-06T08:53:14.425,payment-hub,OK,pacs.008,FAST,184.49,SGD,**************5545,SG,106
1oc44n93-9590-8204-kob3-84jh92132zk7,2026-07-06T08:53:14.486,core-banking,OK,pacs.008,FAST,184.49,SGD,**************5545,SG,68
1oc44n93-9590-8204-kob3-84jh92132zk7,2026-07-06T08:53:14.566,settlement,SETTLED,pacs.008,FAST,184.49,SGD,**************5545,SG,240
2ei25z83-5572-6114-erx2-30uz85092cq4,2026-07-14T04:34:29.313,gateway,OK,pacs.008,FAST,743.79,SGD,**************3001,SG,37
2ei25z83-5572-6114-erx2-30uz85092cq4,2026-07-14T04:34:29.399,auth,OK,pacs.008,FAST,743.79,SGD,**************3001,SG,20
2ei25z83-5572-6114-erx2-30uz85092cq4,2026-07-14T04:34:29.577,validation,OK,pacs.008,FAST,743.79,SGD,**************3001,SG,36
2ei25z83-5572-6114-erx2-30uz85092cq4,2026-07-14T04:34:29.645,aml,OK,pacs.008,FAST,743.79,SGD,**************3001,SG,168
2ei25z83-5572-6114-erx2-30uz85092cq4,2026-07-14T04:34:29.710,payment-hub,OK,pacs.008,FAST,743.79,SGD,**************3001,SG,129
2ei25z83-5572-6114-erx2-30uz85092cq4,2026-07-14T04:34:29.743,core-banking,OK,pacs.008,FAST,743.79,SGD,**************3001,SG,83
2ei25z83-5572-6114-erx2-30uz85092cq4,2026-07-14T04:34:29.933,settlement,SETTLED,pacs.008,FAST,743.79,SGD,**************3001,SG,115
1oi26t33-6446-4996-hdh1-43ht40610ma3,2026-07-04T08:48:36.244,gateway,OK,pacs.008,CARDS,1232.02,SGD,**************5347,SG,38
1oi26t33-6446-4996-hdh1-43ht40610ma3,2026-07-04T08:48:36.397,auth,OK,pacs.008,CARDS,1232.02,SGD,**************5347,SG,37
1oi26t33-6446-4996-hdh1-43ht40610ma3,2026-07-04T08:48:36.551,validation,OK,pacs.008,CARDS,1232.02,SGD,**************5347,SG,34
1oi26t33-6446-4996-hdh1-43ht40610ma3,2026-07-04T08:48:36.640,aml,OK,pacs.008,CARDS,1232.02,SGD,**************5347,SG,138
1oi26t33-6446-4996-hdh1-43ht40610ma3,2026-07-04T08:48:36.711,payment-hub,OK,pacs.008,CARDS,1232.02,SGD,**************5347,SG,114
1oi26t33-6446-4996-hdh1-43ht40610ma3,2026-07-04T08:48:36.779,core-banking,OK,pacs.008,CARDS,1232.02,SGD,**************5347,SG,71
1oi26t33-6446-4996-hdh1-43ht40610ma3,2026-07-04T08:48:36.859,settlement,SETTLED,pacs.008,CARDS,1232.02,SGD,**************5347,SG,86
0st89j23-9461-4744-kzm9-24lq96176se7,2026-07-08T21:33:52.590,gateway,OK,pacs.008,CARDS,1457.11,SGD,**************7049,SG,41
0st89j23-9461-4744-kzm9-24lq96176se7,2026-07-08T21:33:52.748,auth,OK,pacs.008,CARDS,1457.11,SGD,**************7049,SG,41
0st89j23-9461-4744-kzm9-24lq96176se7,2026-07-08T21:33:52.844,validation,OK,pacs.008,CARDS,1457.11,SGD,**************7049,SG,97
0st89j23-9461-4744-kzm9-24lq96176se7,2026-07-08T21:33:52.917,aml,OK,pacs.008,CARDS,1457.11,SGD,**************7049,SG,109
0st89j23-9461-4744-kzm9-24lq96176se7,2026-07-08T21:33:53.032,payment-hub,OK,pacs.008,CARDS,1457.11,SGD,**************7049,SG,49
0st89j23-9461-4744-kzm9-24lq96176se7,2026-07-08T21:33:53.096,core-banking,OK,pacs.008,CARDS,1457.11,SGD,**************7049,SG,145
0st89j23-9461-4744-kzm9-24lq96176se7,2026-07-08T21:33:53.259,settlement,SETTLED,pacs.008,CARDS,1457.11,SGD,**************7049,SG,125
2un35l48-9097-4751-ypd7-55ly39825eb5,2026-07-08T06:49:43.590,gateway,OK,MT103,FAST,173.49,USD,**************9481,SG,53
2un35l48-9097-4751-ypd7-55ly39825eb5,2026-07-08T06:49:43.755,auth,OK,MT103,FAST,173.49,USD,**************9481,SG,27
2un35l48-9097-4751-ypd7-55ly39825eb5,2026-07-08T06:49:43.875,validation,OK,MT103,FAST,173.49,USD,**************9481,SG,27
2un35l48-9097-4751-ypd7-55ly39825eb5,2026-07-08T06:49:43.945,aml,OK,MT103,FAST,173.49,USD,**************9481,SG,103
2un35l48-9097-4751-ypd7-55ly39825eb5,2026-07-08T06:49:44.032,payment-hub,OK,MT103,FAST,173.49,USD,**************9481,SG,79
2un35l48-9097-4751-ypd7-55ly39825eb5,2026-07-08T06:49:44.276,core-banking,OK,MT103,FAST,173.49,USD,**************9481,SG,55
2un35l48-9097-4751-ypd7-55ly39825eb5,2026-07-08T06:49:44.380,settlement,SETTLED,MT103,FAST,173.49,USD,**************9481,SG,240
6ky14t26-5442-1270-zsz1-14wc71514bq4,2026-07-01T20:21:35.129,gateway,OK,MT103,FAST,433.22,SGD,**************0126,MY,19
6ky14t26-5442-1270-zsz1-14wc71514bq4,2026-07-01T20:21:35.226,auth,OK,MT103,FAST,433.22,SGD,**************0126,MY,54
6ky14t26-5442-1270-zsz1-14wc71514bq4,2026-07-01T20:21:35.429,validation,OK,MT103,FAST,433.22,SGD,**************0126,MY,28
6ky14t26-5442-1270-zsz1-14wc71514bq4,2026-07-01T20:21:35.542,aml,OK,MT103,FAST,433.22,SGD,**************0126,MY,114
6ky14t26-5442-1270-zsz1-14wc71514bq4,2026-07-01T20:21:35.653,payment-hub,OK,MT103,FAST,433.22,SGD,**************0126,MY,145
6ky14t26-5442-1270-zsz1-14wc71514bq4,2026-07-01T20:21:35.775,core-banking,OK,MT103,FAST,433.22,SGD,**************0126,MY,154
6ky14t26-5442-1270-zsz1-14wc71514bq4,2026-07-01T20:21:35.801,settlement,SETTLED,MT103,FAST,433.22,SGD,**************0126,MY,158
9si23b51-8408-5151-ami1-85fr45877kd8,2026-07-05T18:21:20.425,gateway,OK,pacs.008,FAST,1072.75,EUR,**************0014,GB,42
9si23b51-8408-5151-ami1-85fr45877kd8,2026-07-05T18:21:20.584,auth,OK,pacs.008,FAST,1072.75,EUR,**************0014,GB,70
9si23b51-8408-5151-ami1-85fr45877kd8,2026-07-05T18:21:20.636,validation,OK,pacs.008,FAST,1072.75,EUR,**************0014,GB,87
9si23b51-8408-5151-ami1-85fr45877kd8,2026-07-05T18:21:20.737,aml,OK,pacs.008,FAST,1072.75,EUR,**************0014,GB,182
9si23b51-8408-5151-ami1-85fr45877kd8,2026-07-05T18:21:20.826,payment-hub,OK,pacs.008,FAST,1072.75,EUR,**************0014,GB,54
9si23b51-8408-5151-ami1-85fr45877kd8,2026-07-05T18:21:20.871,core-banking,OK,pacs.008,FAST,1072.75,EUR,**************0014,GB,101
9si23b51-8408-5151-ami1-85fr45877kd8,2026-07-05T18:21:20.988,settlement,SETTLED,pacs.008,FAST,1072.75,EUR,**************0014,GB,366
3uz72p45-5312-2385-zft4-09uh55528vw8,2026-07-07T04:13:05.329,gateway,OK,MT103,FAST,736.67,USD,**************8659,SG,59
3uz72p45-5312-2385-zft4-09uh55528vw8,2026-07-07T04:13:05.479,auth,OK,MT103,FAST,736.67,USD,**************8659,SG,42
3uz72p45-5312-2385-zft4-09uh55528vw8,2026-07-07T04:13:05.570,validation,REJECTED,MT103,FAST,736.67,USD,**************8659,SG,43
3wp91x06-8577-5866-ybi6-69qb86762zq0,2026-07-09T17:51:41.417,gateway,OK,pacs.008,FAST,3960.91,SGD,**************0079,SG,21
3wp91x06-8577-5866-ybi6-69qb86762zq0,2026-07-09T17:51:41.485,auth,OK,pacs.008,FAST,3960.91,SGD,**************0079,SG,33
3wp91x06-8577-5866-ybi6-69qb86762zq0,2026-07-09T17:51:41.616,validation,OK,pacs.008,FAST,3960.91,SGD,**************0079,SG,76
3wp91x06-8577-5866-ybi6-69qb86762zq0,2026-07-09T17:51:41.661,aml,OK,pacs.008,FAST,3960.91,SGD,**************0079,SG,155
3wp91x06-8577-5866-ybi6-69qb86762zq0,2026-07-09T17:51:41.712,payment-hub,OK,pacs.008,FAST,3960.91,SGD,**************0079,SG,134
3wp91x06-8577-5866-ybi6-69qb86762zq0,2026-07-09T17:51:41.828,core-banking,OK,pacs.008,FAST,3960.91,SGD,**************0079,SG,106
3wp91x06-8577-5866-ybi6-69qb86762zq0,2026-07-09T17:51:41.927,settlement,SETTLED,pacs.008,FAST,3960.91,SGD,**************0079,SG,369
7gz54e39-1185-6273-yrv6-03ay73404nl3,2026-07-06T22:22:55.119,gateway,OK,MT103,FAST,2498.04,SGD,**************5950,SG,50
7gz54e39-1185-6273-yrv6-03ay73404nl3,2026-07-06T22:23:25.149,auth,OK,MT103,FAST,2498.04,SGD,**************5950,SG,72
7gz54e39-1185-6273-yrv6-03ay73404nl3,2026-07-06T22:23:25.210,validation,OK,MT103,FAST,2498.04,SGD,**************5950,SG,33
7gz54e39-1185-6273-yrv6-03ay73404nl3,2026-07-06T22:23:25.315,aml,OK,MT103,FAST,2498.04,SGD,**************5950,SG,106
7gz54e39-1185-6273-yrv6-03ay73404nl3,2026-07-06T22:23:25.401,payment-hub,OK,MT103,FAST,2498.04,SGD,**************5950,SG,107
7gz54e39-1185-6273-yrv6-03ay73404nl3,2026-07-06T22:23:25.469,core-banking,OK,MT103,FAST,2498.04,SGD,**************5950,SG,136
7gz54e39-1185-6273-yrv6-03ay73404nl3,2026-07-06T22:23:25.540,settlement,SETTLED,MT103,FAST,2498.04,SGD,**************5950,SG,255
1ia25d01-9708-9450-ovs0-95lo06147te4,2026-07-14T12:28:00.184,gateway,OK,MT103,SWIFT,406.35,SGD,**************8542,SG,15
1ia25d01-9708-9450-ovs0-95lo06147te4,2026-07-14T12:28:00.263,auth,OK,MT103,SWIFT,406.35,SGD,**************8542,SG,88
1ia25d01-9708-9450-ovs0-95lo06147te4,2026-07-14T12:28:00.386,validation,OK,MT103,SWIFT,406.35,SGD,**************8542,SG,25
1ia25d01-9708-9450-ovs0-95lo06147te4,2026-07-14T12:28:00.458,aml,OK,MT103,SWIFT,406.35,SGD,**************8542,SG,272
1ia25d01-9708-9450-ovs0-95lo06147te4,2026-07-14T12:28:00.532,payment-hub,OK,MT103,SWIFT,406.35,SGD,**************8542,SG,70
1ia25d01-9708-9450-ovs0-95lo06147te4,2026-07-14T12:28:00.765,core-banking,OK,MT103,SWIFT,406.35,SGD,**************8542,SG,226
1ia25d01-9708-9450-ovs0-95lo06147te4,2026-07-14T12:28:00.843,settlement,SETTLED,MT103,SWIFT,406.35,SGD,**************8542,SG,278
5ns32j59-2803-1838-kgq2-95fc71472ml5,2026-07-12T10:30:21.249,gateway,OK,0200,SWIFT,184.97,USD,**************6175,SG,38
5ns32j59-2803-1838-kgq2-95fc71472ml5,2026-07-12T10:30:21.314,auth,OK,0200,SWIFT,184.97,USD,**************6175,SG,47
5ns32j59-2803-1838-kgq2-95fc71472ml5,2026-07-12T10:30:21.500,validation,OK,0200,SWIFT,184.97,USD,**************6175,SG,87
5ns32j59-2803-1838-kgq2-95fc71472ml5,2026-07-12T10:30:21.603,aml,TIMEOUT,0200,SWIFT,184.97,USD,**************6175,SG,30000
5ns32j59-2803-1838-kgq2-95fc71472ml5,2026-07-12T10:30:21.673,payment-hub,FAILED,0200,SWIFT,184.97,USD,**************6175,SG,111
0gr37f50-7917-5989-bhs7-55ny28176xu4,2026-07-11T10:55:36.421,gateway,OK,pacs.008,FAST,459.76,SGD,**************2134,SG,30
0gr37f50-7917-5989-bhs7-55ny28176xu4,2026-07-11T10:55:36.485,auth,OK,pacs.008,FAST,459.76,SGD,**************2134,SG,26
0gr37f50-7917-5989-bhs7-55ny28176xu4,2026-07-11T10:55:36.546,validation,OK,pacs.008,FAST,459.76,SGD,**************2134,SG,37
0gr37f50-7917-5989-bhs7-55ny28176xu4,2026-07-11T10:55:36.620,aml,TIMEOUT,pacs.008,FAST,459.76,SGD,**************2134,SG,30000
0gr37f50-7917-5989-bhs7-55ny28176xu4,2026-07-11T10:55:36.744,payment-hub,FAILED,pacs.008,FAST,459.76,SGD,**************2134,SG,130
0gb99h22-9370-3499-eij7-63rv07678bm3,2026-07-13T14:30:24.726,gateway,OK,pacs.008,SWIFT,79.19,EUR,**************5959,SG,58
0gb99h22-9370-3499-eij7-63rv07678bm3,2026-07-13T14:30:24.813,auth,OK,pacs.008,SWIFT,79.19,EUR,**************5959,SG,33
0gb99h22-9370-3499-eij7-63rv07678bm3,2026-07-13T14:30:24.946,validation,REJECTED,pacs.008,SWIFT,79.19,EUR,**************5959,SG,98
2le78m01-5174-6734-sjc2-65xo53231xf2,2026-07-10T11:29:15.104,gateway,OK,MT103,CARDS,1025.37,USD,**************8524,IN,21
2le78m01-5174-6734-sjc2-65xo53231xf2,2026-07-10T11:29:15.166,auth,OK,MT103,CARDS,1025.37,USD,**************8524,IN,67
2le78m01-5174-6734-sjc2-65xo53231xf2,2026-07-10T11:29:15.239,validation,OK,MT103,CARDS,1025.37,USD,**************8524,IN,120
2le78m01-5174-6734-sjc2-65xo53231xf2,2026-07-10T11:29:15.299,aml,OK,MT103,CARDS,1025.37,USD,**************8524,IN,211
2le78m01-5174-6734-sjc2-65xo53231xf2,2026-07-10T11:29:15.362,payment-hub,OK,MT103,CARDS,1025.37,USD,**************8524,IN,122
2le78m01-5174-6734-sjc2-65xo53231xf2,2026-07-10T11:29:15.417,core-banking,OK,MT103,CARDS,1025.37,USD,**************8524,IN,50
2le78m01-5174-6734-sjc2-65xo53231xf2,2026-07-10T11:29:15.503,settlement,SETTLED,MT103,CARDS,1025.37,USD,**************8524,IN,102
9dx22u78-8893-1000-ouz9-57xn76828ue7,2026-07-07T16:39:37.758,gateway,OK,pacs.008,CARDS,178.66,SGD,**************7469,MY,49
9dx22u78-8893-1000-ouz9-57xn76828ue7,2026-07-07T16:39:37.965,auth,OK,pacs.008,CARDS,178.66,SGD,**************7469,MY,70
9dx22u78-8893-1000-ouz9-57xn76828ue7,2026-07-07T16:39:38.038,validation,OK,pacs.008,CARDS,178.66,SGD,**************7469,MY,86
9dx22u78-8893-1000-ouz9-57xn76828ue7,2026-07-07T16:39:38.109,aml,OK,pacs.008,CARDS,178.66,SGD,**************7469,MY,43
9dx22u78-8893-1000-ouz9-57xn76828ue7,2026-07-07T16:39:38.217,payment-hub,OK,pacs.008,CARDS,178.66,SGD,**************7469,MY,116
9dx22u78-8893-1000-ouz9-57xn76828ue7,2026-07-07T16:39:38.285,core-banking,OK,pacs.008,CARDS,178.66,SGD,**************7469,MY,226
9dx22u78-8893-1000-ouz9-57xn76828ue7,2026-07-07T16:39:38.329,settlement,SETTLED,pacs.008,CARDS,178.66,SGD,**************7469,MY,159
7zu00a80-4129-0155-khu6-32rn85792gr4,2026-07-04T00:29:59.780,gateway,OK,MT103,FAST,213.38,SGD,**************3914,IN,48
7zu00a80-4129-0155-khu6-32rn85792gr4,2026-07-04T00:29:59.861,auth,OK,MT103,FAST,213.38,SGD,**************3914,IN,58
7zu00a80-4129-0155-khu6-32rn85792gr4,2026-07-04T00:29:59.990,validation,OK,MT103,FAST,213.38,SGD,**************3914,IN,115
7zu00a80-4129-0155-khu6-32rn85792gr4,2026-07-04T00:30:30.027,aml,OK,MT103,FAST,213.38,SGD,**************3914,IN,115
7zu00a80-4129-0155-khu6-32rn85792gr4,2026-07-04T00:30:30.107,payment-hub,OK,MT103,FAST,213.38,SGD,**************3914,IN,84
7zu00a80-4129-0155-khu6-32rn85792gr4,2026-07-04T00:30:30.220,core-banking,OK,MT103,FAST,213.38,SGD,**************3914,IN,51
7zu00a80-4129-0155-khu6-32rn85792gr4,2026-07-04T00:30:30.299,settlement,SETTLED,MT103,FAST,213.38,SGD,**************3914,IN,129
4qb43l43-2352-8639-swl4-35es65759sd6,2026-07-10T10:13:04.432,gateway,OK,pacs.008,SWIFT,473.23,SGD,**************0322,SG,53
4qb43l43-2352-8639-swl4-35es65759sd6,2026-07-10T10:13:04.606,auth,OK,pacs.008,SWIFT,473.23,SGD,**************0322,SG,41
4qb43l43-2352-8639-swl4-35es65759sd6,2026-07-10T10:13:04.703,validation,OK,pacs.008,SWIFT,473.23,SGD,**************0322,SG,81
4qb43l43-2352-8639-swl4-35es65759sd6,2026-07-10T10:13:04.743,aml,OK,pacs.008,SWIFT,473.23,SGD,**************0322,SG,145
4qb43l43-2352-8639-swl4-35es65759sd6,2026-07-10T10:13:04.854,payment-hub,OK,pacs.008,SWIFT,473.23,SGD,**************0322,SG,139
4qb43l43-2352-8639-swl4-35es65759sd6,2026-07-10T10:13:04.934,core-banking,OK,pacs.008,SWIFT,473.23,SGD,**************0322,SG,189
4qb43l43-2352-8639-swl4-35es65759sd6,2026-07-10T10:13:05.146,settlement,SETTLED,pacs.008,SWIFT,473.23,SGD,**************0322,SG,208
4pt80y12-7053-9226-pdn7-33ej18330xx6,2026-07-07T17:05:42.384,gateway,OK,pacs.008,SWIFT,5000.79,SGD,**************5132,GB,56
4pt80y12-7053-9226-pdn7-33ej18330xx6,2026-07-07T17:05:42.475,auth,OK,pacs.008,SWIFT,5000.79,SGD,**************5132,GB,50
4pt80y12-7053-9226-pdn7-33ej18330xx6,2026-07-07T17:05:42.566,validation,REJECTED,pacs.008,SWIFT,5000.79,SGD,**************5132,GB,96
6vm39y27-2229-6317-lmp7-03ji79395fh8,2026-07-14T10:44:51.223,gateway,OK,MT103,FAST,172.74,SGD,**************2725,US,35
6vm39y27-2229-6317-lmp7-03ji79395fh8,2026-07-14T10:44:51.373,auth,OK,MT103,FAST,172.74,SGD,**************2725,US,52
6vm39y27-2229-6317-lmp7-03ji79395fh8,2026-07-14T10:44:51.427,validation,OK,MT103,FAST,172.74,SGD,**************2725,US,30
6vm39y27-2229-6317-lmp7-03ji79395fh8,2026-07-14T10:44:51.516,aml,OK,MT103,FAST,172.74,SGD,**************2725,US,153
6vm39y27-2229-6317-lmp7-03ji79395fh8,2026-07-14T10:44:51.552,payment-hub,OK,MT103,FAST,172.74,SGD,**************2725,US,132
6vm39y27-2229-6317-lmp7-03ji79395fh8,2026-07-14T10:44:51.703,core-banking,OK,MT103,FAST,172.74,SGD,**************2725,US,112
6vm39y27-2229-6317-lmp7-03ji79395fh8,2026-07-14T10:44:51.761,settlement,SETTLED,MT103,FAST,172.74,SGD,**************2725,US,363
1sk27p62-7857-4810-bff3-68hv48650kk4,2026-07-14T07:54:50.743,gateway,OK,0200,FAST,1003.37,SGD,**************5046,GB,33
1sk27p62-7857-4810-bff3-68hv48650kk4,2026-07-14T07:54:50.821,auth,OK,0200,FAST,1003.37,SGD,**************5046,GB,47
1sk27p62-7857-4810-bff3-68hv48650kk4,2026-07-14T07:54:51.020,validation,OK,0200,FAST,1003.37,SGD,**************5046,GB,111
1sk27p62-7857-4810-bff3-68hv48650kk4,2026-07-14T07:54:51.111,aml,OK,0200,FAST,1003.37,SGD,**************5046,GB,121
1sk27p62-7857-4810-bff3-68hv48650kk4,2026-07-14T07:54:51.220,payment-hub,OK,0200,FAST,1003.37,SGD,**************5046,GB,68
1sk27p62-7857-4810-bff3-68hv48650kk4,2026-07-14T07:54:51.503,core-banking,OK,0200,FAST,1003.37,SGD,**************5046,GB,102
1sk27p62-7857-4810-bff3-68hv48650kk4,2026-07-14T07:54:51.585,settlement,SETTLED,0200,FAST,1003.37,SGD,**************5046,GB,66
2ne28h52-7935-9455-tay3-79fe83439ga9,2026-07-04T02:22:29.269,gateway,OK,MT103,FAST,1235.88,SGD,**************4787,IN,30
2ne28h52-7935-9455-tay3-79fe83439ga9,2026-07-04T02:22:59.306,auth,OK,MT103,FAST,1235.88,SGD,**************4787,IN,57
2ne28h52-7935-9455-tay3-79fe83439ga9,2026-07-04T02:22:59.405,validation,OK,MT103,FAST,1235.88,SGD,**************4787,IN,36
2ne28h52-7935-9455-tay3-79fe83439ga9,2026-07-04T02:22:59.549,aml,OK,MT103,FAST,1235.88,SGD,**************4787,IN,107
2ne28h52-7935-9455-tay3-79fe83439ga9,2026-07-04T02:22:59.602,payment-hub,OK,MT103,FAST,1235.88,SGD,**************4787,IN,73
2ne28h52-7935-9455-tay3-79fe83439ga9,2026-07-04T02:22:59.716,core-banking,OK,MT103,FAST,1235.88,SGD,**************4787,IN,192
2ne28h52-7935-9455-tay3-79fe83439ga9,2026-07-04T02:22:59.805,settlement,SETTLED,MT103,FAST,1235.88,SGD,**************4787,IN,333
3qz41s93-5805-9542-deo2-25my33299wz7,2026-07-05T07:29:16.971,gateway,OK,MT103,FAST,724.48,USD,**************2178,HK,52
3qz41s93-5805-9542-deo2-25my33299wz7,2026-07-05T07:29:17.016,auth,OK,MT103,FAST,724.48,USD,**************2178,HK,68
3qz41s93-5805-9542-deo2-25my33299wz7,2026-07-05T07:29:17.070,validation,OK,MT103,FAST,724.48,USD,**************2178,HK,25
3qz41s93-5805-9542-deo2-25my33299wz7,2026-07-05T07:29:17.096,aml,TIMEOUT,MT103,FAST,724.48,USD,**************2178,HK,30000
3qz41s93-5805-9542-deo2-25my33299wz7,2026-07-05T07:29:17.153,payment-hub,FAILED,MT103,FAST,724.48,USD,**************2178,HK,70
1il92x98-7246-6609-nmv2-46dk35975xj7,2026-07-13T12:55:40.004,gateway,OK,MT103,FAST,434.59,GBP,**************8542,SG,41
1il92x98-7246-6609-nmv2-46dk35975xj7,2026-07-13T12:55:40.120,auth,OK,MT103,FAST,434.59,GBP,**************8542,SG,51
1il92x98-7246-6609-nmv2-46dk35975xj7,2026-07-13T12:55:40.260,validation,OK,MT103,FAST,434.59,GBP,**************8542,SG,85
1il92x98-7246-6609-nmv2-46dk35975xj7,2026-07-13T12:55:40.519,aml,OK,MT103,FAST,434.59,GBP,**************8542,SG,227
1il92x98-7246-6609-nmv2-46dk35975xj7,2026-07-13T12:55:40.700,payment-hub,OK,MT103,FAST,434.59,GBP,**************8542,SG,68
1il92x98-7246-6609-nmv2-46dk35975xj7,2026-07-13T12:55:40.820,core-banking,OK,MT103,FAST,434.59,GBP,**************8542,SG,188
1il92x98-7246-6609-nmv2-46dk35975xj7,2026-07-13T12:55:40.914,settlement,SETTLED,MT103,FAST,434.59,GBP,**************8542,SG,222
6er00l96-2044-8843-gqw8-44rf28776si2,2026-07-03T01:43:54.153,gateway,OK,MT103,FAST,1862.85,USD,**************6791,SG,35
6er00l96-2044-8843-gqw8-44rf28776si2,2026-07-03T01:43:54.268,auth,OK,MT103,FAST,1862.85,USD,**************6791,SG,48
6er00l96-2044-8843-gqw8-44rf28776si2,2026-07-03T01:43:54.314,validation,OK,MT103,FAST,1862.85,USD,**************6791,SG,46
6er00l96-2044-8843-gqw8-44rf28776si2,2026-07-03T01:43:54.393,aml,OK,MT103,FAST,1862.85,USD,**************6791,SG,153
6er00l96-2044-8843-gqw8-44rf28776si2,2026-07-03T01:43:54.503,payment-hub,OK,MT103,FAST,1862.85,USD,**************6791,SG,118
6er00l96-2044-8843-gqw8-44rf28776si2,2026-07-03T01:43:54.612,core-banking,OK,MT103,FAST,1862.85,USD,**************6791,SG,143
6er00l96-2044-8843-gqw8-44rf28776si2,2026-07-03T01:43:54.708,settlement,SETTLED,MT103,FAST,1862.85,USD,**************6791,SG,114
4dj10g05-2253-2242-nnx9-67sg94232tq8,2026-07-09T12:04:06.806,gateway,OK,pacs.008,FAST,79.05,MYR,**************7525,SG,37
4dj10g05-2253-2242-nnx9-67sg94232tq8,2026-07-09T12:04:06.942,auth,OK,pacs.008,FAST,79.05,MYR,**************7525,SG,24
4dj10g05-2253-2242-nnx9-67sg94232tq8,2026-07-09T12:04:07.005,validation,OK,pacs.008,FAST,79.05,MYR,**************7525,SG,69
4dj10g05-2253-2242-nnx9-67sg94232tq8,2026-07-09T12:04:07.098,aml,OK,pacs.008,FAST,79.05,MYR,**************7525,SG,293
4dj10g05-2253-2242-nnx9-67sg94232tq8,2026-07-09T12:04:07.174,payment-hub,OK,pacs.008,FAST,79.05,MYR,**************7525,SG,122
4dj10g05-2253-2242-nnx9-67sg94232tq8,2026-07-09T12:04:07.212,core-banking,OK,pacs.008,FAST,79.05,MYR,**************7525,SG,119
4dj10g05-2253-2242-nnx9-67sg94232tq8,2026-07-09T12:04:07.276,settlement,SETTLED,pacs.008,FAST,79.05,MYR,**************7525,SG,299
1ct37s00-3648-0809-ojv5-07ws32365bt8,2026-07-11T03:51:57.498,gateway,OK,pacs.008,FAST,904.86,MYR,**************0857,SG,44
1ct37s00-3648-0809-ojv5-07ws32365bt8,2026-07-11T03:51:57.586,auth,OK,pacs.008,FAST,904.86,MYR,**************0857,SG,27
1ct37s00-3648-0809-ojv5-07ws32365bt8,2026-07-11T03:51:57.672,validation,OK,pacs.008,FAST,904.86,MYR,**************0857,SG,89
1ct37s00-3648-0809-ojv5-07ws32365bt8,2026-07-11T03:51:57.824,aml,OK,pacs.008,FAST,904.86,MYR,**************0857,SG,64
1ct37s00-3648-0809-ojv5-07ws32365bt8,2026-07-11T03:51:57.977,payment-hub,OK,pacs.008,FAST,904.86,MYR,**************0857,SG,46
1ct37s00-3648-0809-ojv5-07ws32365bt8,2026-07-11T03:51:58.027,core-banking,OK,pacs.008,FAST,904.86,MYR,**************0857,SG,110
1ct37s00-3648-0809-ojv5-07ws32365bt8,2026-07-11T03:51:58.121,settlement,SETTLED,pacs.008,FAST,904.86,MYR,**************0857,SG,239
0my66a93-4403-8798-rtd2-48zh35929mm0,2026-07-12T10:53:21.481,gateway,OK,0200,FAST,197.73,USD,**************4726,SG,30
0my66a93-4403-8798-rtd2-48zh35929mm0,2026-07-12T10:53:21.541,auth,OK,0200,FAST,197.73,USD,**************4726,SG,37
0my66a93-4403-8798-rtd2-48zh35929mm0,2026-07-12T10:53:21.667,validation,REJECTED,0200,FAST,197.73,USD,**************4726,SG,35
9li22u55-5627-1239-lze7-95vr37691jj7,2026-07-06T04:49:18.311,gateway,OK,MT103,FAST,821.07,EUR,**************7793,SG,26
9li22u55-5627-1239-lze7-95vr37691jj7,2026-07-06T04:49:18.361,auth,OK,MT103,FAST,821.07,EUR,**************7793,SG,67
9li22u55-5627-1239-lze7-95vr37691jj7,2026-07-06T04:49:18.472,validation,OK,MT103,FAST,821.07,EUR,**************7793,SG,99
9li22u55-5627-1239-lze7-95vr37691jj7,2026-07-06T04:49:18.571,aml,OK,MT103,FAST,821.07,EUR,**************7793,SG,164
9li22u55-5627-1239-lze7-95vr37691jj7,2026-07-06T04:49:18.839,payment-hub,OK,MT103,FAST,821.07,EUR,**************7793,SG,122
9li22u55-5627-1239-lze7-95vr37691jj7,2026-07-06T04:49:18.940,core-banking,OK,MT103,FAST,821.07,EUR,**************7793,SG,122
9li22u55-5627-1239-lze7-95vr37691jj7,2026-07-06T04:49:19.012,settlement,SETTLED,MT103,FAST,821.07,EUR,**************7793,SG,140
1rb27k18-4008-8299-ofy7-43qf04362ej8,2026-07-05T09:26:09.337,gateway,OK,MT103,FAST,1783.54,SGD,**************9382,SG,39
1rb27k18-4008-8299-ofy7-43qf04362ej8,2026-07-05T09:26:09.506,auth,OK,MT103,FAST,1783.54,SGD,**************9382,SG,59
1rb27k18-4008-8299-ofy7-43qf04362ej8,2026-07-05T09:26:09.607,validation,OK,MT103,FAST,1783.54,SGD,**************9382,SG,87
1rb27k18-4008-8299-ofy7-43qf04362ej8,2026-07-05T09:26:09.729,aml,OK,MT103,FAST,1783.54,SGD,**************9382,SG,88
1rb27k18-4008-8299-ofy7-43qf04362ej8,2026-07-05T09:26:09.801,payment-hub,OK,MT103,FAST,1783.54,SGD,**************9382,SG,72
1rb27k18-4008-8299-ofy7-43qf04362ej8,2026-07-05T09:26:09.857,core-banking,OK,MT103,FAST,1783.54,SGD,**************9382,SG,103
1rb27k18-4008-8299-ofy7-43qf04362ej8,2026-07-05T09:26:10.079,settlement,SETTLED,MT103,FAST,1783.54,SGD,**************9382,SG,232
4sk59z61-4166-9679-liz4-74sq37217uo2,2026-07-05T06:23:13.836,gateway,OK,MT103,FAST,2853.76,SGD,**************9729,US,39
4sk59z61-4166-9679-liz4-74sq37217uo2,2026-07-05T06:23:13.908,auth,OK,MT103,FAST,2853.76,SGD,**************9729,US,70
4sk59z61-4166-9679-liz4-74sq37217uo2,2026-07-05T06:23:13.981,validation,OK,MT103,FAST,2853.76,SGD,**************9729,US,50
4sk59z61-4166-9679-liz4-74sq37217uo2,2026-07-05T06:23:14.033,aml,OK,MT103,FAST,2853.76,SGD,**************9729,US,126
4sk59z61-4166-9679-liz4-74sq37217uo2,2026-07-05T06:23:14.170,payment-hub,OK,MT103,FAST,2853.76,SGD,**************9729,US,91
4sk59z61-4166-9679-liz4-74sq37217uo2,2026-07-05T06:23:14.237,core-banking,OK,MT103,FAST,2853.76,SGD,**************9729,US,246
4sk59z61-4166-9679-liz4-74sq37217uo2,2026-07-05T06:23:14.309,settlement,SETTLED,MT103,FAST,2853.76,SGD,**************9729,US,238
9fl12v58-5956-2571-vfy3-51wx78251pp8,2026-07-03T23:51:15.491,gateway,OK,MT103,CARDS,708.24,SGD,**************0577,MY,34
9fl12v58-5956-2571-vfy3-51wx78251pp8,2026-07-03T23:51:15.639,auth,OK,MT103,CARDS,708.24,SGD,**************0577,MY,66
9fl12v58-5956-2571-vfy3-51wx78251pp8,2026-07-03T23:51:15.733,validation,OK,MT103,CARDS,708.24,SGD,**************0577,MY,89
9fl12v58-5956-2571-vfy3-51wx78251pp8,2026-07-03T23:51:15.869,aml,OK,MT103,CARDS,708.24,SGD,**************0577,MY,161
9fl12v58-5956-2571-vfy3-51wx78251pp8,2026-07-03T23:51:15.966,payment-hub,OK,MT103,CARDS,708.24,SGD,**************0577,MY,108
9fl12v58-5956-2571-vfy3-51wx78251pp8,2026-07-03T23:51:16.156,core-banking,OK,MT103,CARDS,708.24,SGD,**************0577,MY,64
9fl12v58-5956-2571-vfy3-51wx78251pp8,2026-07-03T23:51:16.228,settlement,SETTLED,MT103,CARDS,708.24,SGD,**************0577,MY,382
6ti81g84-6309-3219-chd1-90hv83061py5,2026-07-14T19:52:49.545,gateway,OK,pacs.008,FAST,836.02,SGD,**************8715,US,50
6ti81g84-6309-3219-chd1-90hv83061py5,2026-07-14T19:52:49.784,auth,OK,pacs.008,FAST,836.02,SGD,**************8715,US,49
6ti81g84-6309-3219-chd1-90hv83061py5,2026-07-14T19:52:49.871,validation,OK,pacs.008,FAST,836.02,SGD,**************8715,US,35
6ti81g84-6309-3219-chd1-90hv83061py5,2026-07-14T19:52:49.980,aml,OK,pacs.008,FAST,836.02,SGD,**************8715,US,74
6ti81g84-6309-3219-chd1-90hv83061py5,2026-07-14T19:52:50.045,payment-hub,OK,pacs.008,FAST,836.02,SGD,**************8715,US,88
6ti81g84-6309-3219-chd1-90hv83061py5,2026-07-14T19:52:50.156,core-banking,OK,pacs.008,FAST,836.02,SGD,**************8715,US,185
6ti81g84-6309-3219-chd1-90hv83061py5,2026-07-14T19:52:50.234,settlement,SETTLED,pacs.008,FAST,836.02,SGD,**************8715,US,139
0ok11l92-8053-1752-whv1-69nj90503sg5,2026-07-07T16:08:57.955,gateway,OK,pacs.008,CARDS,52.23,SGD,**************9369,IN,59
0ok11l92-8053-1752-whv1-69nj90503sg5,2026-07-07T16:08:58.059,auth,OK,pacs.008,CARDS,52.23,SGD,**************9369,IN,59
0ok11l92-8053-1752-whv1-69nj90503sg5,2026-07-07T16:08:58.170,validation,OK,pacs.008,CARDS,52.23,SGD,**************9369,IN,31
0ok11l92-8053-1752-whv1-69nj90503sg5,2026-07-07T16:08:58.203,aml,OK,pacs.008,CARDS,52.23,SGD,**************9369,IN,174
0ok11l92-8053-1752-whv1-69nj90503sg5,2026-07-07T16:08:58.338,payment-hub,OK,pacs.008,CARDS,52.23,SGD,**************9369,IN,51
0ok11l92-8053-1752-whv1-69nj90503sg5,2026-07-07T16:08:58.405,core-banking,OK,pacs.008,CARDS,52.23,SGD,**************9369,IN,152
0ok11l92-8053-1752-whv1-69nj90503sg5,2026-07-07T16:08:58.603,settlement,SETTLED,pacs.008,CARDS,52.23,SGD,**************9369,IN,336
7hy49x97-7283-7857-xsf5-72fh17021jz6,2026-07-14T21:25:19.234,gateway,OK,pacs.008,FAST,3037.0,SGD,**************8727,SG,26
7hy49x97-7283-7857-xsf5-72fh17021jz6,2026-07-14T21:25:19.457,auth,OK,pacs.008,FAST,3037.0,SGD,**************8727,SG,57
7hy49x97-7283-7857-xsf5-72fh17021jz6,2026-07-14T21:25:19.579,validation,OK,pacs.008,FAST,3037.0,SGD,**************8727,SG,114
7hy49x97-7283-7857-xsf5-72fh17021jz6,2026-07-14T21:25:49.609,aml,OK,pacs.008,FAST,3037.0,SGD,**************8727,SG,72
7hy49x97-7283-7857-xsf5-72fh17021jz6,2026-07-14T21:25:49.707,payment-hub,OK,pacs.008,FAST,3037.0,SGD,**************8727,SG,118
7hy49x97-7283-7857-xsf5-72fh17021jz6,2026-07-14T21:25:49.788,core-banking,OK,pacs.008,FAST,3037.0,SGD,**************8727,SG,69
7hy49x97-7283-7857-xsf5-72fh17021jz6,2026-07-14T21:25:49.824,settlement,SETTLED,pacs.008,FAST,3037.0,SGD,**************8727,SG,121
2bp72c72-2831-5270-ygt6-24ca00953nw6,2026-07-06T22:50:58.730,gateway,OK,pacs.008,FAST,3542.94,USD,**************9269,SG,21
2bp72c72-2831-5270-ygt6-24ca00953nw6,2026-07-06T22:50:58.781,auth,OK,pacs.008,FAST,3542.94,USD,**************9269,SG,86
2bp72c72-2831-5270-ygt6-24ca00953nw6,2026-07-06T22:50:58.847,validation,OK,pacs.008,FAST,3542.94,USD,**************9269,SG,57
2bp72c72-2831-5270-ygt6-24ca00953nw6,2026-07-06T22:50:59.043,aml,OK,pacs.008,FAST,3542.94,USD,**************9269,SG,238
2bp72c72-2831-5270-ygt6-24ca00953nw6,2026-07-06T22:50:59.087,payment-hub,OK,pacs.008,FAST,3542.94,USD,**************9269,SG,51
2bp72c72-2831-5270-ygt6-24ca00953nw6,2026-07-06T22:50:59.115,core-banking,OK,pacs.008,FAST,3542.94,USD,**************9269,SG,163
2bp72c72-2831-5270-ygt6-24ca00953nw6,2026-07-06T22:50:59.191,settlement,SETTLED,pacs.008,FAST,3542.94,USD,**************9269,SG,182
6oe48y24-6174-6913-rtg0-39lh01371hj7,2026-07-10T08:21:16.224,gateway,OK,0200,FAST,260.78,EUR,**************1772,SG,33
6oe48y24-6174-6913-rtg0-39lh01371hj7,2026-07-10T08:21:16.313,auth,OK,0200,FAST,260.78,EUR,**************1772,SG,29
6oe48y24-6174-6913-rtg0-39lh01371hj7,2026-07-10T08:21:16.388,validation,OK,0200,FAST,260.78,EUR,**************1772,SG,115
6oe48y24-6174-6913-rtg0-39lh01371hj7,2026-07-10T08:21:16.448,aml,OK,0200,FAST,260.78,EUR,**************1772,SG,40
6oe48y24-6174-6913-rtg0-39lh01371hj7,2026-07-10T08:21:16.536,payment-hub,OK,0200,FAST,260.78,EUR,**************1772,SG,113
6oe48y24-6174-6913-rtg0-39lh01371hj7,2026-07-10T08:21:16.590,core-banking,OK,0200,FAST,260.78,EUR,**************1772,SG,228
6oe48y24-6174-6913-rtg0-39lh01371hj7,2026-07-10T08:21:16.683,settlement,SETTLED,0200,FAST,260.78,EUR,**************1772,SG,74
2fk62d10-9893-5767-kan5-06mp15262wt0,2026-07-13T23:19:24.169,gateway,OK,pacs.008,SWIFT,681.65,SGD,**************3802,US,21
2fk62d10-9893-5767-kan5-06mp15262wt0,2026-07-13T23:19:24.233,auth,OK,pacs.008,SWIFT,681.65,SGD,**************3802,US,40
2fk62d10-9893-5767-kan5-06mp15262wt0,2026-07-13T23:19:24.352,validation,OK,pacs.008,SWIFT,681.65,SGD,**************3802,US,105
2fk62d10-9893-5767-kan5-06mp15262wt0,2026-07-13T23:19:24.403,aml,OK,pacs.008,SWIFT,681.65,SGD,**************3802,US,195
2fk62d10-9893-5767-kan5-06mp15262wt0,2026-07-13T23:19:24.536,payment-hub,OK,pacs.008,SWIFT,681.65,SGD,**************3802,US,134
2fk62d10-9893-5767-kan5-06mp15262wt0,2026-07-13T23:19:24.615,core-banking,OK,pacs.008,SWIFT,681.65,SGD,**************3802,US,191
2fk62d10-9893-5767-kan5-06mp15262wt0,2026-07-13T23:19:24.787,settlement,SETTLED,pacs.008,SWIFT,681.65,SGD,**************3802,US,284
9ly10n86-7013-7406-ijh7-95lc27406av4,2026-07-10T04:22:55.554,gateway,OK,MT103,CARDS,1938.53,GBP,**************9000,SG,46
9ly10n86-7013-7406-ijh7-95lc27406av4,2026-07-10T04:22:55.649,auth,OK,MT103,CARDS,1938.53,GBP,**************9000,SG,27
9ly10n86-7013-7406-ijh7-95lc27406av4,2026-07-10T04:22:55.756,validation,OK,MT103,CARDS,1938.53,GBP,**************9000,SG,41
9ly10n86-7013-7406-ijh7-95lc27406av4,2026-07-10T04:22:55.865,aml,OK,MT103,CARDS,1938.53,GBP,**************9000,SG,258
9ly10n86-7013-7406-ijh7-95lc27406av4,2026-07-10T04:22:55.928,payment-hub,OK,MT103,CARDS,1938.53,GBP,**************9000,SG,115
9ly10n86-7013-7406-ijh7-95lc27406av4,2026-07-10T04:22:56.086,core-banking,OK,MT103,CARDS,1938.53,GBP,**************9000,SG,240
9ly10n86-7013-7406-ijh7-95lc27406av4,2026-07-10T04:22:56.186,settlement,SETTLED,MT103,CARDS,1938.53,GBP,**************9000,SG,259
2qj95y68-9287-7594-rtt2-15lk36791ff9,2026-07-08T07:12:17.305,gateway,OK,pacs.008,SWIFT,965.09,SGD,**************8378,SG,26
2qj95y68-9287-7594-rtt2-15lk36791ff9,2026-07-08T07:12:17.359,auth,OK,pacs.008,SWIFT,965.09,SGD,**************8378,SG,70
2qj95y68-9287-7594-rtt2-15lk36791ff9,2026-07-08T07:12:17.456,validation,OK,pacs.008,SWIFT,965.09,SGD,**************8378,SG,47
2qj95y68-9287-7594-rtt2-15lk36791ff9,2026-07-08T07:12:17.567,aml,OK,pacs.008,SWIFT,965.09,SGD,**************8378,SG,67
2qj95y68-9287-7594-rtt2-15lk36791ff9,2026-07-08T07:12:17.661,payment-hub,OK,pacs.008,SWIFT,965.09,SGD,**************8378,SG,47
2qj95y68-9287-7594-rtt2-15lk36791ff9,2026-07-08T07:12:17.754,core-banking,OK,pacs.008,SWIFT,965.09,SGD,**************8378,SG,185
2qj95y68-9287-7594-rtt2-15lk36791ff9,2026-07-08T07:12:17.837,settlement,SETTLED,pacs.008,SWIFT,965.09,SGD,**************8378,SG,278
6rg98i25-9215-6450-bnz0-85ms18031yl4,2026-07-11T07:15:36.531,gateway,OK,pacs.008,FAST,1370.37,EUR,**************0900,SG,29
6rg98i25-9215-6450-bnz0-85ms18031yl4,2026-07-11T07:15:36.857,auth,OK,pacs.008,FAST,1370.37,EUR,**************0900,SG,66
6rg98i25-9215-6450-bnz0-85ms18031yl4,2026-07-11T07:15:36.912,validation,OK,pacs.008,FAST,1370.37,EUR,**************0900,SG,117
6rg98i25-9215-6450-bnz0-85ms18031yl4,2026-07-11T07:15:36.961,aml,OK,pacs.008,FAST,1370.37,EUR,**************0900,SG,105
6rg98i25-9215-6450-bnz0-85ms18031yl4,2026-07-11T07:15:37.079,payment-hub,OK,pacs.008,FAST,1370.37,EUR,**************0900,SG,73
6rg98i25-9215-6450-bnz0-85ms18031yl4,2026-07-11T07:15:37.135,core-banking,OK,pacs.008,FAST,1370.37,EUR,**************0900,SG,168
6rg98i25-9215-6450-bnz0-85ms18031yl4,2026-07-11T07:15:37.241,settlement,SETTLED,pacs.008,FAST,1370.37,EUR,**************0900,SG,318
8rt71c95-3316-5308-xcv3-16bp97395tm2,2026-07-14T11:03:40.902,gateway,OK,pacs.008,FAST,844.78,SGD,**************9046,US,23
8rt71c95-3316-5308-xcv3-16bp97395tm2,2026-07-14T11:03:41.075,auth,OK,pacs.008,FAST,844.78,SGD,**************9046,US,68
8rt71c95-3316-5308-xcv3-16bp97395tm2,2026-07-14T11:03:41.203,validation,OK,pacs.008,FAST,844.78,SGD,**************9046,US,37
8rt71c95-3316-5308-xcv3-16bp97395tm2,2026-07-14T11:03:41.447,aml,OK,pacs.008,FAST,844.78,SGD,**************9046,US,120
8rt71c95-3316-5308-xcv3-16bp97395tm2,2026-07-14T11:03:41.519,payment-hub,OK,pacs.008,FAST,844.78,SGD,**************9046,US,99
8rt71c95-3316-5308-xcv3-16bp97395tm2,2026-07-14T11:03:41.616,core-banking,OK,pacs.008,FAST,844.78,SGD,**************9046,US,86
8rt71c95-3316-5308-xcv3-16bp97395tm2,2026-07-14T11:03:41.764,settlement,SETTLED,pacs.008,FAST,844.78,SGD,**************9046,US,333
0tf62p10-5674-6299-vem8-27aw84486ms4,2026-07-04T13:59:02.695,gateway,OK,0200,FAST,333.22,SGD,**************5871,SG,16
0tf62p10-5674-6299-vem8-27aw84486ms4,2026-07-04T13:59:02.854,auth,OK,0200,FAST,333.22,SGD,**************5871,SG,21
0tf62p10-5674-6299-vem8-27aw84486ms4,2026-07-04T13:59:03.022,validation,OK,0200,FAST,333.22,SGD,**************5871,SG,68
0tf62p10-5674-6299-vem8-27aw84486ms4,2026-07-04T13:59:03.338,aml,TIMEOUT,0200,FAST,333.22,SGD,**************5871,SG,30000
0tf62p10-5674-6299-vem8-27aw84486ms4,2026-07-04T13:59:03.381,payment-hub,FAILED,0200,FAST,333.22,SGD,**************5871,SG,68
1my49a93-8584-7573-irm4-70ds54156lf0,2026-07-02T13:26:04.272,gateway,OK,pacs.008,SWIFT,1212.68,SGD,**************1109,GB,47
1my49a93-8584-7573-irm4-70ds54156lf0,2026-07-02T13:26:04.322,auth,OK,pacs.008,SWIFT,1212.68,SGD,**************1109,GB,49
1my49a93-8584-7573-irm4-70ds54156lf0,2026-07-02T13:26:04.491,validation,OK,pacs.008,SWIFT,1212.68,SGD,**************1109,GB,76
1my49a93-8584-7573-irm4-70ds54156lf0,2026-07-02T13:26:04.614,aml,OK,pacs.008,SWIFT,1212.68,SGD,**************1109,GB,287
1my49a93-8584-7573-irm4-70ds54156lf0,2026-07-02T13:26:04.816,payment-hub,OK,pacs.008,SWIFT,1212.68,SGD,**************1109,GB,93
1my49a93-8584-7573-irm4-70ds54156lf0,2026-07-02T13:26:04.861,core-banking,OK,pacs.008,SWIFT,1212.68,SGD,**************1109,GB,123
1my49a93-8584-7573-irm4-70ds54156lf0,2026-07-02T13:26:05.088,settlement,SETTLED,pacs.008,SWIFT,1212.68,SGD,**************1109,GB,226
6cl27k19-9161-2343-faz9-30ol79485mm2,2026-07-03T15:44:40.367,gateway,OK,0200,FAST,2033.7,MYR,**************6734,IN,34
6cl27k19-9161-2343-faz9-30ol79485mm2,2026-07-03T15:44:40.619,auth,OK,0200,FAST,2033.7,MYR,**************6734,IN,79
6cl27k19-9161-2343-faz9-30ol79485mm2,2026-07-03T15:44:40.791,validation,OK,0200,FAST,2033.7,MYR,**************6734,IN,101
6cl27k19-9161-2343-faz9-30ol79485mm2,2026-07-03T15:44:40.923,aml,OK,0200,FAST,2033.7,MYR,**************6734,IN,85
6cl27k19-9161-2343-faz9-30ol79485mm2,2026-07-03T15:44:41.029,payment-hub,OK,0200,FAST,2033.7,MYR,**************6734,IN,57
6cl27k19-9161-2343-faz9-30ol79485mm2,2026-07-03T15:44:41.124,core-banking,OK,0200,FAST,2033.7,MYR,**************6734,IN,80
6cl27k19-9161-2343-faz9-30ol79485mm2,2026-07-03T15:44:41.181,settlement,SETTLED,0200,FAST,2033.7,MYR,**************6734,IN,314
9sf13v67-0884-1217-dcm3-41am23266pq2,2026-07-06T05:03:22.172,gateway,OK,0200,FAST,1863.44,USD,**************5257,SG,54
9sf13v67-0884-1217-dcm3-41am23266pq2,2026-07-06T05:03:22.238,auth,OK,0200,FAST,1863.44,USD,**************5257,SG,50
9sf13v67-0884-1217-dcm3-41am23266pq2,2026-07-06T05:03:22.327,validation,OK,0200,FAST,1863.44,USD,**************5257,SG,89
9sf13v67-0884-1217-dcm3-41am23266pq2,2026-07-06T05:03:22.438,aml,OK,0200,FAST,1863.44,USD,**************5257,SG,61
9sf13v67-0884-1217-dcm3-41am23266pq2,2026-07-06T05:03:22.598,payment-hub,OK,0200,FAST,1863.44,USD,**************5257,SG,84
9sf13v67-0884-1217-dcm3-41am23266pq2,2026-07-06T05:03:22.722,core-banking,OK,0200,FAST,1863.44,USD,**************5257,SG,166
9sf13v67-0884-1217-dcm3-41am23266pq2,2026-07-06T05:03:22.970,settlement,SETTLED,0200,FAST,1863.44,USD,**************5257,SG,304
8vt63y98-3803-3086-blx3-41li85367ti0,2026-07-09T14:54:03.198,gateway,OK,pacs.008,SWIFT,1048.65,SGD,**************2199,SG,53
8vt63y98-3803-3086-blx3-41li85367ti0,2026-07-09T14:54:03.337,auth,OK,pacs.008,SWIFT,1048.65,SGD,**************2199,SG,22
8vt63y98-3803-3086-blx3-41li85367ti0,2026-07-09T14:54:03.428,validation,OK,pacs.008,SWIFT,1048.65,SGD,**************2199,SG,97
8vt63y98-3803-3086-blx3-41li85367ti0,2026-07-09T14:54:03.513,aml,OK,pacs.008,SWIFT,1048.65,SGD,**************2199,SG,101
8vt63y98-3803-3086-blx3-41li85367ti0,2026-07-09T14:54:03.598,payment-hub,OK,pacs.008,SWIFT,1048.65,SGD,**************2199,SG,92
8vt63y98-3803-3086-blx3-41li85367ti0,2026-07-09T14:54:03.706,core-banking,OK,pacs.008,SWIFT,1048.65,SGD,**************2199,SG,166
8vt63y98-3803-3086-blx3-41li85367ti0,2026-07-09T14:54:03.784,settlement,SETTLED,pacs.008,SWIFT,1048.65,SGD,**************2199,SG,372
1fj27g94-9528-5384-wpf9-31ed96600fg8,2026-07-15T07:02:22.519,gateway,OK,MT103,SWIFT,212.82,USD,**************6385,HK,32
1fj27g94-9528-5384-wpf9-31ed96600fg8,2026-07-15T07:02:22.691,auth,OK,MT103,SWIFT,212.82,USD,**************6385,HK,42
1fj27g94-9528-5384-wpf9-31ed96600fg8,2026-07-15T07:02:52.730,validation,OK,MT103,SWIFT,212.82,USD,**************6385,HK,58
1fj27g94-9528-5384-wpf9-31ed96600fg8,2026-07-15T07:02:52.777,aml,OK,MT103,SWIFT,212.82,USD,**************6385,HK,247
1fj27g94-9528-5384-wpf9-31ed96600fg8,2026-07-15T07:02:52.866,payment-hub,OK,MT103,SWIFT,212.82,USD,**************6385,HK,32
1fj27g94-9528-5384-wpf9-31ed96600fg8,2026-07-15T07:02:52.911,core-banking,OK,MT103,SWIFT,212.82,USD,**************6385,HK,57
1fj27g94-9528-5384-wpf9-31ed96600fg8,2026-07-15T07:02:53.031,settlement,SETTLED,MT103,SWIFT,212.82,USD,**************6385,HK,75
2bj23f64-1775-7699-rtc7-68hf64343sx3,2026-07-02T14:38:15.274,gateway,OK,pacs.008,CARDS,1612.46,USD,**************0002,MY,17
2bj23f64-1775-7699-rtc7-68hf64343sx3,2026-07-02T14:38:15.377,auth,OK,pacs.008,CARDS,1612.46,USD,**************0002,MY,80
2bj23f64-1775-7699-rtc7-68hf64343sx3,2026-07-02T14:38:15.499,validation,OK,pacs.008,CARDS,1612.46,USD,**************0002,MY,89
2bj23f64-1775-7699-rtc7-68hf64343sx3,2026-07-02T14:38:15.564,aml,OK,pacs.008,CARDS,1612.46,USD,**************0002,MY,94
2bj23f64-1775-7699-rtc7-68hf64343sx3,2026-07-02T14:38:15.606,payment-hub,OK,pacs.008,CARDS,1612.46,USD,**************0002,MY,111
2bj23f64-1775-7699-rtc7-68hf64343sx3,2026-07-02T14:38:15.669,core-banking,OK,pacs.008,CARDS,1612.46,USD,**************0002,MY,93
2bj23f64-1775-7699-rtc7-68hf64343sx3,2026-07-02T14:38:15.837,settlement,SETTLED,pacs.008,CARDS,1612.46,USD,**************0002,MY,271
7yq40m91-2460-8718-tni5-44ga04820ig2,2026-07-02T23:46:01.560,gateway,OK,pacs.008,FAST,469.48,SGD,**************3243,SG,53
7yq40m91-2460-8718-tni5-44ga04820ig2,2026-07-02T23:46:01.601,auth,OK,pacs.008,FAST,469.48,SGD,**************3243,SG,46
7yq40m91-2460-8718-tni5-44ga04820ig2,2026-07-02T23:46:01.662,validation,OK,pacs.008,FAST,469.48,SGD,**************3243,SG,38
7yq40m91-2460-8718-tni5-44ga04820ig2,2026-07-02T23:46:01.719,aml,OK,pacs.008,FAST,469.48,SGD,**************3243,SG,106
7yq40m91-2460-8718-tni5-44ga04820ig2,2026-07-02T23:46:01.801,payment-hub,OK,pacs.008,FAST,469.48,SGD,**************3243,SG,77
7yq40m91-2460-8718-tni5-44ga04820ig2,2026-07-02T23:46:01.828,core-banking,OK,pacs.008,FAST,469.48,SGD,**************3243,SG,89
7yq40m91-2460-8718-tni5-44ga04820ig2,2026-07-02T23:46:01.870,settlement,SETTLED,pacs.008,FAST,469.48,SGD,**************3243,SG,80
1mi55c96-7066-0593-lye8-67rb64477mw0,2026-07-13T19:27:58.720,gateway,OK,pacs.008,FAST,612.54,GBP,**************3023,SG,47
1mi55c96-7066-0593-lye8-67rb64477mw0,2026-07-13T19:28:28.755,auth,OK,pacs.008,FAST,612.54,GBP,**************3023,SG,64
1mi55c96-7066-0593-lye8-67rb64477mw0,2026-07-13T19:28:28.907,validation,OK,pacs.008,FAST,612.54,GBP,**************3023,SG,113
1mi55c96-7066-0593-lye8-67rb64477mw0,2026-07-13T19:28:29.050,aml,OK,pacs.008,FAST,612.54,GBP,**************3023,SG,241
1mi55c96-7066-0593-lye8-67rb64477mw0,2026-07-13T19:28:29.126,payment-hub,OK,pacs.008,FAST,612.54,GBP,**************3023,SG,76
1mi55c96-7066-0593-lye8-67rb64477mw0,2026-07-13T19:28:29.184,core-banking,OK,pacs.008,FAST,612.54,GBP,**************3023,SG,246
1mi55c96-7066-0593-lye8-67rb64477mw0,2026-07-13T19:28:29.302,settlement,SETTLED,pacs.008,FAST,612.54,GBP,**************3023,SG,114
6wh83x03-1599-1119-wiw8-48nq69617zc4,2026-07-08T03:02:47.492,gateway,OK,MT103,SWIFT,249.62,SGD,**************8006,MY,40
6wh83x03-1599-1119-wiw8-48nq69617zc4,2026-07-08T03:02:47.531,auth,OK,MT103,SWIFT,249.62,SGD,**************8006,MY,88
6wh83x03-1599-1119-wiw8-48nq69617zc4,2026-07-08T03:02:47.644,validation,OK,MT103,SWIFT,249.62,SGD,**************8006,MY,49
6wh83x03-1599-1119-wiw8-48nq69617zc4,2026-07-08T03:02:47.723,aml,OK,MT103,SWIFT,249.62,SGD,**************8006,MY,151
6wh83x03-1599-1119-wiw8-48nq69617zc4,2026-07-08T03:02:47.821,payment-hub,OK,MT103,SWIFT,249.62,SGD,**************8006,MY,30
6wh83x03-1599-1119-wiw8-48nq69617zc4,2026-07-08T03:02:47.926,core-banking,OK,MT103,SWIFT,249.62,SGD,**************8006,MY,191
6wh83x03-1599-1119-wiw8-48nq69617zc4,2026-07-08T03:02:47.974,settlement,SETTLED,MT103,SWIFT,249.62,SGD,**************8006,MY,386
2mb85s50-9853-7248-njx9-93or13245ak4,2026-07-15T04:35:45.826,gateway,OK,MT103,CARDS,1781.03,USD,**************1626,SG,43
2mb85s50-9853-7248-njx9-93or13245ak4,2026-07-15T04:35:46.092,auth,OK,MT103,CARDS,1781.03,USD,**************1626,SG,78
2mb85s50-9853-7248-njx9-93or13245ak4,2026-07-15T04:35:46.129,validation,OK,MT103,CARDS,1781.03,USD,**************1626,SG,35
2mb85s50-9853-7248-njx9-93or13245ak4,2026-07-15T04:35:46.303,aml,TIMEOUT,MT103,CARDS,1781.03,USD,**************1626,SG,30000
2mb85s50-9853-7248-njx9-93or13245ak4,2026-07-15T04:35:46.447,payment-hub,FAILED,MT103,CARDS,1781.03,USD,**************1626,SG,102
0gu55k92-8872-3814-fdh8-49kv50612gq9,2026-07-09T03:22:34.890,gateway,OK,pacs.008,FAST,4391.27,EUR,**************6338,SG,57
0gu55k92-8872-3814-fdh8-49kv50612gq9,2026-07-09T03:22:34.954,auth,OK,pacs.008,FAST,4391.27,EUR,**************6338,SG,25
0gu55k92-8872-3814-fdh8-49kv50612gq9,2026-07-09T03:22:35.029,validation,OK,pacs.008,FAST,4391.27,EUR,**************6338,SG,41
0gu55k92-8872-3814-fdh8-49kv50612gq9,2026-07-09T03:22:35.080,aml,OK,pacs.008,FAST,4391.27,EUR,**************6338,SG,67
0gu55k92-8872-3814-fdh8-49kv50612gq9,2026-07-09T03:22:35.283,payment-hub,OK,pacs.008,FAST,4391.27,EUR,**************6338,SG,106
0gu55k92-8872-3814-fdh8-49kv50612gq9,2026-07-09T03:22:35.337,core-banking,OK,pacs.008,FAST,4391.27,EUR,**************6338,SG,159
0gu55k92-8872-3814-fdh8-49kv50612gq9,2026-07-09T03:22:35.439,settlement,SETTLED,pacs.008,FAST,4391.27,EUR,**************6338,SG,325
5pi05q91-0139-8945-kha0-99uf81117bh9,2026-07-10T18:54:34.463,gateway,OK,pacs.008,SWIFT,7515.91,SGD,**************8429,IN,45
5pi05q91-0139-8945-kha0-99uf81117bh9,2026-07-10T18:54:34.704,auth,OK,pacs.008,SWIFT,7515.91,SGD,**************8429,IN,60
5pi05q91-0139-8945-kha0-99uf81117bh9,2026-07-10T18:54:34.789,validation,OK,pacs.008,SWIFT,7515.91,SGD,**************8429,IN,25
5pi05q91-0139-8945-kha0-99uf81117bh9,2026-07-10T18:54:34.946,aml,OK,pacs.008,SWIFT,7515.91,SGD,**************8429,IN,65
5pi05q91-0139-8945-kha0-99uf81117bh9,2026-07-10T18:54:35.199,payment-hub,OK,pacs.008,SWIFT,7515.91,SGD,**************8429,IN,39
5pi05q91-0139-8945-kha0-99uf81117bh9,2026-07-10T18:54:35.424,core-banking,OK,pacs.008,SWIFT,7515.91,SGD,**************8429,IN,239
5pi05q91-0139-8945-kha0-99uf81117bh9,2026-07-10T18:54:35.485,settlement,SETTLED,pacs.008,SWIFT,7515.91,SGD,**************8429,IN,296
8nb45z25-5662-2466-qzf1-85ch34807jn0,2026-07-11T14:58:32.831,gateway,OK,pacs.008,FAST,72.92,SGD,**************0138,MY,27
8nb45z25-5662-2466-qzf1-85ch34807jn0,2026-07-11T14:58:32.904,auth,OK,pacs.008,FAST,72.92,SGD,**************0138,MY,54
8nb45z25-5662-2466-qzf1-85ch34807jn0,2026-07-11T14:58:33.061,validation,OK,pacs.008,FAST,72.92,SGD,**************0138,MY,51
8nb45z25-5662-2466-qzf1-85ch34807jn0,2026-07-11T14:58:33.107,aml,OK,pacs.008,FAST,72.92,SGD,**************0138,MY,63
8nb45z25-5662-2466-qzf1-85ch34807jn0,2026-07-11T14:58:33.366,payment-hub,OK,pacs.008,FAST,72.92,SGD,**************0138,MY,103
8nb45z25-5662-2466-qzf1-85ch34807jn0,2026-07-11T14:58:33.438,core-banking,OK,pacs.008,FAST,72.92,SGD,**************0138,MY,77
8nb45z25-5662-2466-qzf1-85ch34807jn0,2026-07-11T14:58:33.568,settlement,SETTLED,pacs.008,FAST,72.92,SGD,**************0138,MY,239
7du72x67-4259-4533-edf4-45rt25832ph0,2026-07-13T10:47:28.593,gateway,OK,pacs.008,FAST,3432.81,GBP,**************9854,IN,54
7du72x67-4259-4533-edf4-45rt25832ph0,2026-07-13T10:47:28.639,auth,OK,pacs.008,FAST,3432.81,GBP,**************9854,IN,29
7du72x67-4259-4533-edf4-45rt25832ph0,2026-07-13T10:47:28.749,validation,OK,pacs.008,FAST,3432.81,GBP,**************9854,IN,66
7du72x67-4259-4533-edf4-45rt25832ph0,2026-07-13T10:47:28.859,aml,OK,pacs.008,FAST,3432.81,GBP,**************9854,IN,40
7du72x67-4259-4533-edf4-45rt25832ph0,2026-07-13T10:47:28.895,payment-hub,OK,pacs.008,FAST,3432.81,GBP,**************9854,IN,95
7du72x67-4259-4533-edf4-45rt25832ph0,2026-07-13T10:47:29.105,core-banking,OK,pacs.008,FAST,3432.81,GBP,**************9854,IN,98
7du72x67-4259-4533-edf4-45rt25832ph0,2026-07-13T10:47:29.264,settlement,SETTLED,pacs.008,FAST,3432.81,GBP,**************9854,IN,65
0yn51x08-7063-3697-vyz8-96xk63458vr4,2026-07-07T03:29:21.271,gateway,OK,pacs.008,FAST,1907.55,SGD,**************5108,MY,53
0yn51x08-7063-3697-vyz8-96xk63458vr4,2026-07-07T03:29:21.584,auth,OK,pacs.008,FAST,1907.55,SGD,**************5108,MY,89
0yn51x08-7063-3697-vyz8-96xk63458vr4,2026-07-07T03:29:21.654,validation,OK,pacs.008,FAST,1907.55,SGD,**************5108,MY,70
0yn51x08-7063-3697-vyz8-96xk63458vr4,2026-07-07T03:29:21.826,aml,OK,pacs.008,FAST,1907.55,SGD,**************5108,MY,226
0yn51x08-7063-3697-vyz8-96xk63458vr4,2026-07-07T03:29:21.908,payment-hub,OK,pacs.008,FAST,1907.55,SGD,**************5108,MY,114
0yn51x08-7063-3697-vyz8-96xk63458vr4,2026-07-07T03:29:22.132,core-banking,OK,pacs.008,FAST,1907.55,SGD,**************5108,MY,95
0yn51x08-7063-3697-vyz8-96xk63458vr4,2026-07-07T03:29:22.196,settlement,SETTLED,pacs.008,FAST,1907.55,SGD,**************5108,MY,341
6zf79w41-8917-4721-mve8-90yt93183hx9,2026-07-10T11:07:44.745,gateway,OK,MT103,FAST,310.45,INR,**************0025,SG,42
6zf79w41-8917-4721-mve8-90yt93183hx9,2026-07-10T11:07:44.834,auth,OK,MT103,FAST,310.45,INR,**************0025,SG,27
6zf79w41-8917-4721-mve8-90yt93183hx9,2026-07-10T11:07:44.894,validation,OK,MT103,FAST,310.45,INR,**************0025,SG,104
6zf79w41-8917-4721-mve8-90yt93183hx9,2026-07-10T11:07:45.215,aml,TIMEOUT,MT103,FAST,310.45,INR,**************0025,SG,30000
6zf79w41-8917-4721-mve8-90yt93183hx9,2026-07-10T11:07:45.301,payment-hub,FAILED,MT103,FAST,310.45,INR,**************0025,SG,90
7ew41h39-5524-0974-jfc8-66qd70968py9,2026-07-07T18:01:14.103,gateway,OK,pacs.008,FAST,677.0,SGD,**************8605,MY,24
7ew41h39-5524-0974-jfc8-66qd70968py9,2026-07-07T18:01:14.180,auth,OK,pacs.008,FAST,677.0,SGD,**************8605,MY,85
7ew41h39-5524-0974-jfc8-66qd70968py9,2026-07-07T18:01:14.254,validation,OK,pacs.008,FAST,677.0,SGD,**************8605,MY,43
7ew41h39-5524-0974-jfc8-66qd70968py9,2026-07-07T18:01:14.473,aml,OK,pacs.008,FAST,677.0,SGD,**************8605,MY,212
7ew41h39-5524-0974-jfc8-66qd70968py9,2026-07-07T18:01:14.608,payment-hub,OK,pacs.008,FAST,677.0,SGD,**************8605,MY,59
7ew41h39-5524-0974-jfc8-66qd70968py9,2026-07-07T18:01:14.673,core-banking,OK,pacs.008,FAST,677.0,SGD,**************8605,MY,162
7ew41h39-5524-0974-jfc8-66qd70968py9,2026-07-07T18:01:14.831,settlement,SETTLED,pacs.008,FAST,677.0,SGD,**************8605,MY,325
5qt11d39-0231-0398-azr3-59oe39518rx2,2026-07-02T09:26:34.144,gateway,OK,MT103,FAST,1084.59,SGD,**************8524,SG,26
5qt11d39-0231-0398-azr3-59oe39518rx2,2026-07-02T09:26:34.238,auth,OK,MT103,FAST,1084.59,SGD,**************8524,SG,43
5qt11d39-0231-0398-azr3-59oe39518rx2,2026-07-02T09:26:34.390,validation,OK,MT103,FAST,1084.59,SGD,**************8524,SG,96
5qt11d39-0231-0398-azr3-59oe39518rx2,2026-07-02T09:26:34.577,aml,OK,MT103,FAST,1084.59,SGD,**************8524,SG,284
5qt11d39-0231-0398-azr3-59oe39518rx2,2026-07-02T09:26:34.674,payment-hub,OK,MT103,FAST,1084.59,SGD,**************8524,SG,109
5qt11d39-0231-0398-azr3-59oe39518rx2,2026-07-02T09:26:34.935,core-banking,OK,MT103,FAST,1084.59,SGD,**************8524,SG,113
5qt11d39-0231-0398-azr3-59oe39518rx2,2026-07-02T09:26:35.032,settlement,SETTLED,MT103,FAST,1084.59,SGD,**************8524,SG,233
6gp32g87-8018-4199-zpx7-86sw28492lo9,2026-07-11T06:24:59.719,gateway,OK,pacs.008,FAST,83.57,SGD,**************6858,US,39
6gp32g87-8018-4199-zpx7-86sw28492lo9,2026-07-11T06:24:59.963,auth,OK,pacs.008,FAST,83.57,SGD,**************6858,US,25
6gp32g87-8018-4199-zpx7-86sw28492lo9,2026-07-11T06:25:00.140,validation,OK,pacs.008,FAST,83.57,SGD,**************6858,US,80
6gp32g87-8018-4199-zpx7-86sw28492lo9,2026-07-11T06:25:00.239,aml,OK,pacs.008,FAST,83.57,SGD,**************6858,US,256
6gp32g87-8018-4199-zpx7-86sw28492lo9,2026-07-11T06:25:00.303,payment-hub,OK,pacs.008,FAST,83.57,SGD,**************6858,US,86
6gp32g87-8018-4199-zpx7-86sw28492lo9,2026-07-11T06:25:00.506,core-banking,OK,pacs.008,FAST,83.57,SGD,**************6858,US,175
6gp32g87-8018-4199-zpx7-86sw28492lo9,2026-07-11T06:25:00.595,settlement,SETTLED,pacs.008,FAST,83.57,SGD,**************6858,US,383
6ny91a31-3300-2466-zeq3-28zr13192ha2,2026-07-02T21:56:14.871,gateway,OK,MT103,FAST,2252.99,USD,**************5138,MY,21
6ny91a31-3300-2466-zeq3-28zr13192ha2,2026-07-02T21:56:15.062,auth,OK,MT103,FAST,2252.99,USD,**************5138,MY,65
6ny91a31-3300-2466-zeq3-28zr13192ha2,2026-07-02T21:56:15.121,validation,OK,MT103,FAST,2252.99,USD,**************5138,MY,100
6ny91a31-3300-2466-zeq3-28zr13192ha2,2026-07-02T21:56:15.180,aml,OK,MT103,FAST,2252.99,USD,**************5138,MY,190
6ny91a31-3300-2466-zeq3-28zr13192ha2,2026-07-02T21:56:45.205,payment-hub,OK,MT103,FAST,2252.99,USD,**************5138,MY,106
6ny91a31-3300-2466-zeq3-28zr13192ha2,2026-07-02T21:56:45.292,core-banking,OK,MT103,FAST,2252.99,USD,**************5138,MY,130
6ny91a31-3300-2466-zeq3-28zr13192ha2,2026-07-02T21:56:45.433,settlement,SETTLED,MT103,FAST,2252.99,USD,**************5138,MY,344
4af32j22-1744-4380-ntx1-53qd32640hz7,2026-07-10T04:42:28.907,gateway,OK,pacs.008,FAST,1739.42,SGD,**************5751,SG,55
4af32j22-1744-4380-ntx1-53qd32640hz7,2026-07-10T04:42:58.945,auth,OK,pacs.008,FAST,1739.42,SGD,**************5751,SG,86
4af32j22-1744-4380-ntx1-53qd32640hz7,2026-07-10T04:42:59.271,validation,OK,pacs.008,FAST,1739.42,SGD,**************5751,SG,91
4af32j22-1744-4380-ntx1-53qd32640hz7,2026-07-10T04:42:59.344,aml,OK,pacs.008,FAST,1739.42,SGD,**************5751,SG,154
4af32j22-1744-4380-ntx1-53qd32640hz7,2026-07-10T04:42:59.442,payment-hub,OK,pacs.008,FAST,1739.42,SGD,**************5751,SG,76
4af32j22-1744-4380-ntx1-53qd32640hz7,2026-07-10T04:42:59.497,core-banking,OK,pacs.008,FAST,1739.42,SGD,**************5751,SG,55
4af32j22-1744-4380-ntx1-53qd32640hz7,2026-07-10T04:42:59.755,settlement,SETTLED,pacs.008,FAST,1739.42,SGD,**************5751,SG,196
1ia36e81-5120-6412-ifo9-00mx75629ar4,2026-07-05T13:15:47.476,gateway,OK,pacs.008,SWIFT,560.3,SGD,**************5630,SG,27
1ia36e81-5120-6412-ifo9-00mx75629ar4,2026-07-05T13:15:47.565,auth,OK,pacs.008,SWIFT,560.3,SGD,**************5630,SG,86
1ia36e81-5120-6412-ifo9-00mx75629ar4,2026-07-05T13:15:47.721,validation,OK,pacs.008,SWIFT,560.3,SGD,**************5630,SG,57
1ia36e81-5120-6412-ifo9-00mx75629ar4,2026-07-05T13:15:47.766,aml,OK,pacs.008,SWIFT,560.3,SGD,**************5630,SG,97
1ia36e81-5120-6412-ifo9-00mx75629ar4,2026-07-05T13:15:47.908,payment-hub,OK,pacs.008,SWIFT,560.3,SGD,**************5630,SG,66
1ia36e81-5120-6412-ifo9-00mx75629ar4,2026-07-05T13:15:48.051,core-banking,OK,pacs.008,SWIFT,560.3,SGD,**************5630,SG,216
1ia36e81-5120-6412-ifo9-00mx75629ar4,2026-07-05T13:15:48.117,settlement,SETTLED,pacs.008,SWIFT,560.3,SGD,**************5630,SG,168
1iv18n57-0733-9002-bzp6-54ts98575ea9,2026-07-12T16:40:36.527,gateway,OK,0200,FAST,301.0,USD,**************2739,HK,43
1iv18n57-0733-9002-bzp6-54ts98575ea9,2026-07-12T16:40:36.635,auth,OK,0200,FAST,301.0,USD,**************2739,HK,78
1iv18n57-0733-9002-bzp6-54ts98575ea9,2026-07-12T16:40:36.793,validation,OK,0200,FAST,301.0,USD,**************2739,HK,31
1iv18n57-0733-9002-bzp6-54ts98575ea9,2026-07-12T16:40:36.855,aml,OK,0200,FAST,301.0,USD,**************2739,HK,269
1iv18n57-0733-9002-bzp6-54ts98575ea9,2026-07-12T16:40:36.935,payment-hub,OK,0200,FAST,301.0,USD,**************2739,HK,84
1iv18n57-0733-9002-bzp6-54ts98575ea9,2026-07-12T16:40:37.163,core-banking,OK,0200,FAST,301.0,USD,**************2739,HK,175
1iv18n57-0733-9002-bzp6-54ts98575ea9,2026-07-12T16:40:37.223,settlement,SETTLED,0200,FAST,301.0,USD,**************2739,HK,290
0in53x45-3334-7201-oje9-57kq73312hf3,2026-07-02T07:47:42.825,gateway,OK,pacs.008,FAST,1247.99,SGD,**************8284,SG,58
0in53x45-3334-7201-oje9-57kq73312hf3,2026-07-02T07:47:43.032,auth,OK,pacs.008,FAST,1247.99,SGD,**************8284,SG,86
0in53x45-3334-7201-oje9-57kq73312hf3,2026-07-02T07:47:43.107,validation,OK,pacs.008,FAST,1247.99,SGD,**************8284,SG,26
0in53x45-3334-7201-oje9-57kq73312hf3,2026-07-02T07:47:43.290,aml,OK,pacs.008,FAST,1247.99,SGD,**************8284,SG,200
0in53x45-3334-7201-oje9-57kq73312hf3,2026-07-02T07:47:43.525,payment-hub,OK,pacs.008,FAST,1247.99,SGD,**************8284,SG,139
0in53x45-3334-7201-oje9-57kq73312hf3,2026-07-02T07:47:43.793,core-banking,OK,pacs.008,FAST,1247.99,SGD,**************8284,SG,182
0in53x45-3334-7201-oje9-57kq73312hf3,2026-07-02T07:47:44.072,settlement,SETTLED,pacs.008,FAST,1247.99,SGD,**************8284,SG,356
4pn06k93-1036-6617-lzd2-98sa87568ld6,2026-07-07T02:07:05.553,gateway,OK,MT103,FAST,284.7,SGD,**************1571,IN,58
4pn06k93-1036-6617-lzd2-98sa87568ld6,2026-07-07T02:07:35.566,auth,OK,MT103,FAST,284.7,SGD,**************1571,IN,55
4pn06k93-1036-6617-lzd2-98sa87568ld6,2026-07-07T02:07:35.696,validation,OK,MT103,FAST,284.7,SGD,**************1571,IN,42
4pn06k93-1036-6617-lzd2-98sa87568ld6,2026-07-07T02:07:35.797,aml,OK,MT103,FAST,284.7,SGD,**************1571,IN,141
4pn06k93-1036-6617-lzd2-98sa87568ld6,2026-07-07T02:07:35.888,payment-hub,OK,MT103,FAST,284.7,SGD,**************1571,IN,139
4pn06k93-1036-6617-lzd2-98sa87568ld6,2026-07-07T02:07:35.985,core-banking,OK,MT103,FAST,284.7,SGD,**************1571,IN,125
4pn06k93-1036-6617-lzd2-98sa87568ld6,2026-07-07T02:07:36.124,settlement,SETTLED,MT103,FAST,284.7,SGD,**************1571,IN,105
3qu75c86-0101-2362-gpj8-49ug32152qa2,2026-07-14T10:55:10.199,gateway,OK,pacs.008,FAST,473.21,SGD,**************7053,MY,42
3qu75c86-0101-2362-gpj8-49ug32152qa2,2026-07-14T10:55:10.281,auth,OK,pacs.008,FAST,473.21,SGD,**************7053,MY,42
3qu75c86-0101-2362-gpj8-49ug32152qa2,2026-07-14T10:55:10.442,validation,OK,pacs.008,FAST,473.21,SGD,**************7053,MY,84
3qu75c86-0101-2362-gpj8-49ug32152qa2,2026-07-14T10:55:10.498,aml,OK,pacs.008,FAST,473.21,SGD,**************7053,MY,136
3qu75c86-0101-2362-gpj8-49ug32152qa2,2026-07-14T10:55:10.667,payment-hub,OK,pacs.008,FAST,473.21,SGD,**************7053,MY,119
3qu75c86-0101-2362-gpj8-49ug32152qa2,2026-07-14T10:55:10.733,core-banking,OK,pacs.008,FAST,473.21,SGD,**************7053,MY,140
3qu75c86-0101-2362-gpj8-49ug32152qa2,2026-07-14T10:55:10.785,settlement,SETTLED,pacs.008,FAST,473.21,SGD,**************7053,MY,217
4qw74d29-1823-8492-gvn7-30zs49986en3,2026-07-12T05:21:37.826,gateway,OK,pacs.008,FAST,731.81,SGD,**************0363,SG,55
4qw74d29-1823-8492-gvn7-30zs49986en3,2026-07-12T05:21:38.157,auth,OK,pacs.008,FAST,731.81,SGD,**************0363,SG,23
4qw74d29-1823-8492-gvn7-30zs49986en3,2026-07-12T05:21:38.219,validation,OK,pacs.008,FAST,731.81,SGD,**************0363,SG,64
4qw74d29-1823-8492-gvn7-30zs49986en3,2026-07-12T05:21:38.334,aml,OK,pacs.008,FAST,731.81,SGD,**************0363,SG,230
4qw74d29-1823-8492-gvn7-30zs49986en3,2026-07-12T05:21:38.500,payment-hub,OK,pacs.008,FAST,731.81,SGD,**************0363,SG,117
4qw74d29-1823-8492-gvn7-30zs49986en3,2026-07-12T05:21:38.681,core-banking,OK,pacs.008,FAST,731.81,SGD,**************0363,SG,186
4qw74d29-1823-8492-gvn7-30zs49986en3,2026-07-12T05:21:38.812,settlement,SETTLED,pacs.008,FAST,731.81,SGD,**************0363,SG,370
5kc23d70-2012-2832-iex9-47gt83566tc7,2026-07-11T09:08:06.154,gateway,OK,pacs.008,FAST,1156.05,SGD,**************1534,SG,51
5kc23d70-2012-2832-iex9-47gt83566tc7,2026-07-11T09:08:06.213,auth,OK,pacs.008,FAST,1156.05,SGD,**************1534,SG,29
5kc23d70-2012-2832-iex9-47gt83566tc7,2026-07-11T09:08:06.299,validation,OK,pacs.008,FAST,1156.05,SGD,**************1534,SG,94
5kc23d70-2012-2832-iex9-47gt83566tc7,2026-07-11T09:08:06.347,aml,OK,pacs.008,FAST,1156.05,SGD,**************1534,SG,212
5kc23d70-2012-2832-iex9-47gt83566tc7,2026-07-11T09:08:06.537,payment-hub,OK,pacs.008,FAST,1156.05,SGD,**************1534,SG,49
5kc23d70-2012-2832-iex9-47gt83566tc7,2026-07-11T09:08:06.605,core-banking,OK,pacs.008,FAST,1156.05,SGD,**************1534,SG,156
5kc23d70-2012-2832-iex9-47gt83566tc7,2026-07-11T09:08:06.664,settlement,SETTLED,pacs.008,FAST,1156.05,SGD,**************1534,SG,227
0ox08b92-9467-8955-cmq9-40rq48824qh7,2026-07-10T16:31:14.060,gateway,OK,pacs.008,SWIFT,661.15,EUR,**************7594,SG,17
0ox08b92-9467-8955-cmq9-40rq48824qh7,2026-07-10T16:31:14.169,auth,OK,pacs.008,SWIFT,661.15,EUR,**************7594,SG,71
0ox08b92-9467-8955-cmq9-40rq48824qh7,2026-07-10T16:31:14.239,validation,OK,pacs.008,SWIFT,661.15,EUR,**************7594,SG,58
0ox08b92-9467-8955-cmq9-40rq48824qh7,2026-07-10T16:31:14.314,aml,OK,pacs.008,SWIFT,661.15,EUR,**************7594,SG,195
0ox08b92-9467-8955-cmq9-40rq48824qh7,2026-07-10T16:31:14.454,payment-hub,OK,pacs.008,SWIFT,661.15,EUR,**************7594,SG,134
0ox08b92-9467-8955-cmq9-40rq48824qh7,2026-07-10T16:31:14.615,core-banking,OK,pacs.008,SWIFT,661.15,EUR,**************7594,SG,95
0ox08b92-9467-8955-cmq9-40rq48824qh7,2026-07-10T16:31:14.721,settlement,SETTLED,pacs.008,SWIFT,661.15,EUR,**************7594,SG,253
7hc49r39-7629-3416-jbh5-87cr88741lt2,2026-07-02T04:55:52.927,gateway,OK,pacs.008,SWIFT,926.53,SGD,**************8546,SG,57
7hc49r39-7629-3416-jbh5-87cr88741lt2,2026-07-02T04:55:53.014,auth,OK,pacs.008,SWIFT,926.53,SGD,**************8546,SG,34
7hc49r39-7629-3416-jbh5-87cr88741lt2,2026-07-02T04:55:53.160,validation,OK,pacs.008,SWIFT,926.53,SGD,**************8546,SG,62
7hc49r39-7629-3416-jbh5-87cr88741lt2,2026-07-02T04:55:53.216,aml,OK,pacs.008,SWIFT,926.53,SGD,**************8546,SG,157
7hc49r39-7629-3416-jbh5-87cr88741lt2,2026-07-02T04:55:53.274,payment-hub,OK,pacs.008,SWIFT,926.53,SGD,**************8546,SG,47
7hc49r39-7629-3416-jbh5-87cr88741lt2,2026-07-02T04:55:53.508,core-banking,OK,pacs.008,SWIFT,926.53,SGD,**************8546,SG,177
7hc49r39-7629-3416-jbh5-87cr88741lt2,2026-07-02T04:55:53.572,settlement,SETTLED,pacs.008,SWIFT,926.53,SGD,**************8546,SG,338
7bv22b55-1410-9998-lxl0-80mv50530dn8,2026-07-02T01:07:58.618,gateway,OK,pacs.008,FAST,1789.07,SGD,**************4573,SG,51
7bv22b55-1410-9998-lxl0-80mv50530dn8,2026-07-02T01:07:58.671,auth,OK,pacs.008,FAST,1789.07,SGD,**************4573,SG,42
7bv22b55-1410-9998-lxl0-80mv50530dn8,2026-07-02T01:07:58.815,validation,OK,pacs.008,FAST,1789.07,SGD,**************4573,SG,62
7bv22b55-1410-9998-lxl0-80mv50530dn8,2026-07-02T01:07:58.996,aml,OK,pacs.008,FAST,1789.07,SGD,**************4573,SG,224
7bv22b55-1410-9998-lxl0-80mv50530dn8,2026-07-02T01:07:59.162,payment-hub,OK,pacs.008,FAST,1789.07,SGD,**************4573,SG,44
7bv22b55-1410-9998-lxl0-80mv50530dn8,2026-07-02T01:07:59.234,core-banking,OK,pacs.008,FAST,1789.07,SGD,**************4573,SG,169
7bv22b55-1410-9998-lxl0-80mv50530dn8,2026-07-02T01:07:59.286,settlement,SETTLED,pacs.008,FAST,1789.07,SGD,**************4573,SG,154
3hn72v82-6474-1214-itj6-35lh38108fv0,2026-07-07T20:31:32.582,gateway,OK,0200,SWIFT,373.19,SGD,**************4501,US,15
3hn72v82-6474-1214-itj6-35lh38108fv0,2026-07-07T20:31:32.620,auth,OK,0200,SWIFT,373.19,SGD,**************4501,US,37
3hn72v82-6474-1214-itj6-35lh38108fv0,2026-07-07T20:31:32.656,validation,OK,0200,SWIFT,373.19,SGD,**************4501,US,98
3hn72v82-6474-1214-itj6-35lh38108fv0,2026-07-07T20:31:32.891,aml,OK,0200,SWIFT,373.19,SGD,**************4501,US,209
3hn72v82-6474-1214-itj6-35lh38108fv0,2026-07-07T20:31:32.999,payment-hub,OK,0200,SWIFT,373.19,SGD,**************4501,US,56
3hn72v82-6474-1214-itj6-35lh38108fv0,2026-07-07T20:31:33.074,core-banking,OK,0200,SWIFT,373.19,SGD,**************4501,US,199
3hn72v82-6474-1214-itj6-35lh38108fv0,2026-07-07T20:31:33.183,settlement,SETTLED,0200,SWIFT,373.19,SGD,**************4501,US,125
6qo56r18-6552-8696-bsb3-45ca67134cq2,2026-07-02T15:23:30.096,gateway,OK,pacs.008,CARDS,195.15,SGD,**************9571,SG,50
6qo56r18-6552-8696-bsb3-45ca67134cq2,2026-07-02T15:23:30.281,auth,OK,pacs.008,CARDS,195.15,SGD,**************9571,SG,65
6qo56r18-6552-8696-bsb3-45ca67134cq2,2026-07-02T15:23:30.348,validation,OK,pacs.008,CARDS,195.15,SGD,**************9571,SG,109
6qo56r18-6552-8696-bsb3-45ca67134cq2,2026-07-02T15:23:30.512,aml,OK,pacs.008,CARDS,195.15,SGD,**************9571,SG,243
6qo56r18-6552-8696-bsb3-45ca67134cq2,2026-07-02T15:23:30.668,payment-hub,OK,pacs.008,CARDS,195.15,SGD,**************9571,SG,131
6qo56r18-6552-8696-bsb3-45ca67134cq2,2026-07-02T15:23:30.761,core-banking,OK,pacs.008,CARDS,195.15,SGD,**************9571,SG,214
6qo56r18-6552-8696-bsb3-45ca67134cq2,2026-07-02T15:23:30.862,settlement,SETTLED,pacs.008,CARDS,195.15,SGD,**************9571,SG,253
0qc20x29-0158-1818-hle4-90ar46631uh5,2026-07-02T18:32:05.267,gateway,OK,0200,FAST,1546.65,USD,**************9491,SG,36
0qc20x29-0158-1818-hle4-90ar46631uh5,2026-07-02T18:32:05.356,auth,OK,0200,FAST,1546.65,USD,**************9491,SG,60
0qc20x29-0158-1818-hle4-90ar46631uh5,2026-07-02T18:32:05.435,validation,OK,0200,FAST,1546.65,USD,**************9491,SG,78
0qc20x29-0158-1818-hle4-90ar46631uh5,2026-07-02T18:32:05.490,aml,OK,0200,FAST,1546.65,USD,**************9491,SG,91
0qc20x29-0158-1818-hle4-90ar46631uh5,2026-07-02T18:32:05.578,payment-hub,OK,0200,FAST,1546.65,USD,**************9491,SG,102
0qc20x29-0158-1818-hle4-90ar46631uh5,2026-07-02T18:32:05.695,core-banking,OK,0200,FAST,1546.65,USD,**************9491,SG,197
0qc20x29-0158-1818-hle4-90ar46631uh5,2026-07-02T18:32:05.940,settlement,SETTLED,0200,FAST,1546.65,USD,**************9491,SG,219
6pd44q86-2943-0523-kvq8-48nc91389dk7,2026-07-11T22:18:14.324,gateway,OK,pacs.008,FAST,5457.25,USD,**************1743,SG,47
6pd44q86-2943-0523-kvq8-48nc91389dk7,2026-07-11T22:18:14.433,auth,OK,pacs.008,FAST,5457.25,USD,**************1743,SG,66
6pd44q86-2943-0523-kvq8-48nc91389dk7,2026-07-11T22:18:14.741,validation,OK,pacs.008,FAST,5457.25,USD,**************1743,SG,43
6pd44q86-2943-0523-kvq8-48nc91389dk7,2026-07-11T22:18:14.885,aml,OK,pacs.008,FAST,5457.25,USD,**************1743,SG,221
6pd44q86-2943-0523-kvq8-48nc91389dk7,2026-07-11T22:18:14.942,payment-hub,OK,pacs.008,FAST,5457.25,USD,**************1743,SG,62
6pd44q86-2943-0523-kvq8-48nc91389dk7,2026-07-11T22:18:15.085,core-banking,OK,pacs.008,FAST,5457.25,USD,**************1743,SG,182
6pd44q86-2943-0523-kvq8-48nc91389dk7,2026-07-11T22:18:15.221,settlement,SETTLED,pacs.008,FAST,5457.25,USD,**************1743,SG,143
4kt97j20-1958-2451-mbp5-12ra31749ou1,2026-07-02T23:41:59.302,gateway,OK,MT103,SWIFT,3540.99,SGD,**************4695,SG,43
4kt97j20-1958-2451-mbp5-12ra31749ou1,2026-07-02T23:41:59.422,auth,OK,MT103,SWIFT,3540.99,SGD,**************4695,SG,39
4kt97j20-1958-2451-mbp5-12ra31749ou1,2026-07-02T23:41:59.719,validation,OK,MT103,SWIFT,3540.99,SGD,**************4695,SG,80
4kt97j20-1958-2451-mbp5-12ra31749ou1,2026-07-02T23:41:59.965,aml,OK,MT103,SWIFT,3540.99,SGD,**************4695,SG,100
4kt97j20-1958-2451-mbp5-12ra31749ou1,2026-07-02T23:42:00.139,payment-hub,OK,MT103,SWIFT,3540.99,SGD,**************4695,SG,135
4kt97j20-1958-2451-mbp5-12ra31749ou1,2026-07-02T23:42:00.263,core-banking,OK,MT103,SWIFT,3540.99,SGD,**************4695,SG,230
4kt97j20-1958-2451-mbp5-12ra31749ou1,2026-07-02T23:42:00.335,settlement,SETTLED,MT103,SWIFT,3540.99,SGD,**************4695,SG,391
0uh79s51-0163-0856-kfb6-92kj22971yq9,2026-07-06T19:46:35.866,gateway,OK,0200,FAST,1171.3,GBP,**************8151,IN,51
0uh79s51-0163-0856-kfb6-92kj22971yq9,2026-07-06T19:46:35.944,auth,OK,0200,FAST,1171.3,GBP,**************8151,IN,49
0uh79s51-0163-0856-kfb6-92kj22971yq9,2026-07-06T19:46:36.043,validation,OK,0200,FAST,1171.3,GBP,**************8151,IN,73
0uh79s51-0163-0856-kfb6-92kj22971yq9,2026-07-06T19:46:36.100,aml,TIMEOUT,0200,FAST,1171.3,GBP,**************8151,IN,30000
0uh79s51-0163-0856-kfb6-92kj22971yq9,2026-07-06T19:46:36.234,payment-hub,FAILED,0200,FAST,1171.3,GBP,**************8151,IN,104
4nr48y97-3579-9183-ypf8-84qp26303fg5,2026-07-04T17:37:30.424,gateway,OK,pacs.008,SWIFT,951.31,USD,**************4126,IN,29
4nr48y97-3579-9183-ypf8-84qp26303fg5,2026-07-04T17:37:30.526,auth,OK,pacs.008,SWIFT,951.31,USD,**************4126,IN,84
4nr48y97-3579-9183-ypf8-84qp26303fg5,2026-07-04T17:37:30.589,validation,OK,pacs.008,SWIFT,951.31,USD,**************4126,IN,94
4nr48y97-3579-9183-ypf8-84qp26303fg5,2026-07-04T17:37:30.707,aml,OK,pacs.008,SWIFT,951.31,USD,**************4126,IN,143
4nr48y97-3579-9183-ypf8-84qp26303fg5,2026-07-04T17:37:30.806,payment-hub,OK,pacs.008,SWIFT,951.31,USD,**************4126,IN,80
4nr48y97-3579-9183-ypf8-84qp26303fg5,2026-07-04T17:37:30.917,core-banking,OK,pacs.008,SWIFT,951.31,USD,**************4126,IN,128
4nr48y97-3579-9183-ypf8-84qp26303fg5,2026-07-04T17:37:31.052,settlement,SETTLED,pacs.008,SWIFT,951.31,USD,**************4126,IN,241
1hy14b32-2699-4507-dcy2-49wl75202dl4,2026-07-09T22:45:45.160,gateway,OK,MT103,FAST,760.34,USD,**************4909,MY,31
1hy14b32-2699-4507-dcy2-49wl75202dl4,2026-07-09T22:45:45.217,auth,OK,MT103,FAST,760.34,USD,**************4909,MY,35
1hy14b32-2699-4507-dcy2-49wl75202dl4,2026-07-09T22:45:45.473,validation,OK,MT103,FAST,760.34,USD,**************4909,MY,119
1hy14b32-2699-4507-dcy2-49wl75202dl4,2026-07-09T22:45:45.551,aml,OK,MT103,FAST,760.34,USD,**************4909,MY,60
1hy14b32-2699-4507-dcy2-49wl75202dl4,2026-07-09T22:45:45.597,payment-hub,OK,MT103,FAST,760.34,USD,**************4909,MY,108
1hy14b32-2699-4507-dcy2-49wl75202dl4,2026-07-09T22:45:45.815,core-banking,OK,MT103,FAST,760.34,USD,**************4909,MY,70
1hy14b32-2699-4507-dcy2-49wl75202dl4,2026-07-09T22:45:45.895,settlement,SETTLED,MT103,FAST,760.34,USD,**************4909,MY,143
9rp76b68-9952-1348-xmp6-03ym54902ij2,2026-07-08T03:59:32.308,gateway,OK,MT103,FAST,473.19,USD,**************0530,SG,24
9rp76b68-9952-1348-xmp6-03ym54902ij2,2026-07-08T03:59:32.373,auth,OK,MT103,FAST,473.19,USD,**************0530,SG,49
9rp76b68-9952-1348-xmp6-03ym54902ij2,2026-07-08T03:59:32.423,validation,OK,MT103,FAST,473.19,USD,**************0530,SG,91
9rp76b68-9952-1348-xmp6-03ym54902ij2,2026-07-08T03:59:32.515,aml,OK,MT103,FAST,473.19,USD,**************0530,SG,281
9rp76b68-9952-1348-xmp6-03ym54902ij2,2026-07-08T03:59:32.691,payment-hub,OK,MT103,FAST,473.19,USD,**************0530,SG,144
9rp76b68-9952-1348-xmp6-03ym54902ij2,2026-07-08T03:59:32.763,core-banking,OK,MT103,FAST,473.19,USD,**************0530,SG,190
9rp76b68-9952-1348-xmp6-03ym54902ij2,2026-07-08T03:59:32.852,settlement,SETTLED,MT103,FAST,473.19,USD,**************0530,SG,321
1qt08u61-2700-2351-flj2-63yt93081cz9,2026-07-12T12:05:32.280,gateway,OK,pacs.008,CARDS,391.76,USD,**************8177,IN,17
1qt08u61-2700-2351-flj2-63yt93081cz9,2026-07-12T12:05:32.381,auth,OK,pacs.008,CARDS,391.76,USD,**************8177,IN,53
1qt08u61-2700-2351-flj2-63yt93081cz9,2026-07-12T12:05:32.610,validation,OK,pacs.008,CARDS,391.76,USD,**************8177,IN,28
1qt08u61-2700-2351-flj2-63yt93081cz9,2026-07-12T12:05:32.696,aml,OK,pacs.008,CARDS,391.76,USD,**************8177,IN,209
1qt08u61-2700-2351-flj2-63yt93081cz9,2026-07-12T12:05:32.766,payment-hub,OK,pacs.008,CARDS,391.76,USD,**************8177,IN,65
1qt08u61-2700-2351-flj2-63yt93081cz9,2026-07-12T12:05:32.900,core-banking,OK,pacs.008,CARDS,391.76,USD,**************8177,IN,164
1qt08u61-2700-2351-flj2-63yt93081cz9,2026-07-12T12:05:32.952,settlement,SETTLED,pacs.008,CARDS,391.76,USD,**************8177,IN,200
4is03c75-5811-6010-cdj0-19yq59439ae0,2026-07-14T00:29:29.824,gateway,OK,MT103,SWIFT,699.31,SGD,**************8621,SG,23
4is03c75-5811-6010-cdj0-19yq59439ae0,2026-07-14T00:29:29.902,auth,OK,MT103,SWIFT,699.31,SGD,**************8621,SG,79
4is03c75-5811-6010-cdj0-19yq59439ae0,2026-07-14T00:29:30.075,validation,OK,MT103,SWIFT,699.31,SGD,**************8621,SG,27
4is03c75-5811-6010-cdj0-19yq59439ae0,2026-07-14T00:29:30.157,aml,OK,MT103,SWIFT,699.31,SGD,**************8621,SG,291
4is03c75-5811-6010-cdj0-19yq59439ae0,2026-07-14T00:29:30.219,payment-hub,OK,MT103,SWIFT,699.31,SGD,**************8621,SG,72
4is03c75-5811-6010-cdj0-19yq59439ae0,2026-07-14T00:29:30.372,core-banking,OK,MT103,SWIFT,699.31,SGD,**************8621,SG,172
4is03c75-5811-6010-cdj0-19yq59439ae0,2026-07-14T00:29:30.528,settlement,SETTLED,MT103,SWIFT,699.31,SGD,**************8621,SG,341
4rx98h17-1309-8699-uqi4-03fp17019ec7,2026-07-12T06:05:59.939,gateway,OK,0200,CARDS,3126.38,SGD,**************4319,SG,53
4rx98h17-1309-8699-uqi4-03fp17019ec7,2026-07-12T06:06:00.237,auth,OK,0200,CARDS,3126.38,SGD,**************4319,SG,26
4rx98h17-1309-8699-uqi4-03fp17019ec7,2026-07-12T06:06:00.347,validation,OK,0200,CARDS,3126.38,SGD,**************4319,SG,46
4rx98h17-1309-8699-uqi4-03fp17019ec7,2026-07-12T06:06:00.474,aml,OK,0200,CARDS,3126.38,SGD,**************4319,SG,219
4rx98h17-1309-8699-uqi4-03fp17019ec7,2026-07-12T06:06:00.518,payment-hub,OK,0200,CARDS,3126.38,SGD,**************4319,SG,76
4rx98h17-1309-8699-uqi4-03fp17019ec7,2026-07-12T06:06:00.706,core-banking,OK,0200,CARDS,3126.38,SGD,**************4319,SG,226
4rx98h17-1309-8699-uqi4-03fp17019ec7,2026-07-12T06:06:00.791,settlement,SETTLED,0200,CARDS,3126.38,SGD,**************4319,SG,371
1et22o30-7027-4390-ezy2-72ox05786ee7,2026-07-08T12:11:16.812,gateway,OK,pacs.008,SWIFT,2533.14,USD,**************2472,GB,43
1et22o30-7027-4390-ezy2-72ox05786ee7,2026-07-08T12:11:16.926,auth,OK,pacs.008,SWIFT,2533.14,USD,**************2472,GB,20
1et22o30-7027-4390-ezy2-72ox05786ee7,2026-07-08T12:11:17.006,validation,OK,pacs.008,SWIFT,2533.14,USD,**************2472,GB,38
1et22o30-7027-4390-ezy2-72ox05786ee7,2026-07-08T12:11:17.051,aml,TIMEOUT,pacs.008,SWIFT,2533.14,USD,**************2472,GB,30000
1et22o30-7027-4390-ezy2-72ox05786ee7,2026-07-08T12:11:17.142,payment-hub,FAILED,pacs.008,SWIFT,2533.14,USD,**************2472,GB,150
0qi37b36-8964-4509-fer1-85mj82061br6,2026-07-03T13:48:56.074,gateway,OK,pacs.008,SWIFT,384.65,EUR,**************4243,SG,47
0qi37b36-8964-4509-fer1-85mj82061br6,2026-07-03T13:48:56.236,auth,OK,pacs.008,SWIFT,384.65,EUR,**************4243,SG,74
0qi37b36-8964-4509-fer1-85mj82061br6,2026-07-03T13:48:56.347,validation,OK,pacs.008,SWIFT,384.65,EUR,**************4243,SG,55
0qi37b36-8964-4509-fer1-85mj82061br6,2026-07-03T13:48:56.403,aml,OK,pacs.008,SWIFT,384.65,EUR,**************4243,SG,62
0qi37b36-8964-4509-fer1-85mj82061br6,2026-07-03T13:48:56.536,payment-hub,OK,pacs.008,SWIFT,384.65,EUR,**************4243,SG,103
0qi37b36-8964-4509-fer1-85mj82061br6,2026-07-03T13:48:56.635,core-banking,OK,pacs.008,SWIFT,384.65,EUR,**************4243,SG,217
0qi37b36-8964-4509-fer1-85mj82061br6,2026-07-03T13:48:56.697,settlement,SETTLED,pacs.008,SWIFT,384.65,EUR,**************4243,SG,97
8ud68l53-2555-1535-tga5-82kp69957nd7,2026-07-02T04:02:40.027,gateway,OK,MT103,SWIFT,587.89,USD,**************0747,MY,16
8ud68l53-2555-1535-tga5-82kp69957nd7,2026-07-02T04:02:40.303,auth,OK,MT103,SWIFT,587.89,USD,**************0747,MY,24
8ud68l53-2555-1535-tga5-82kp69957nd7,2026-07-02T04:02:40.367,validation,OK,MT103,SWIFT,587.89,USD,**************0747,MY,92
8ud68l53-2555-1535-tga5-82kp69957nd7,2026-07-02T04:02:40.611,aml,OK,MT103,SWIFT,587.89,USD,**************0747,MY,276
8ud68l53-2555-1535-tga5-82kp69957nd7,2026-07-02T04:02:40.680,payment-hub,OK,MT103,SWIFT,587.89,USD,**************0747,MY,32
8ud68l53-2555-1535-tga5-82kp69957nd7,2026-07-02T04:02:40.756,core-banking,OK,MT103,SWIFT,587.89,USD,**************0747,MY,249
8ud68l53-2555-1535-tga5-82kp69957nd7,2026-07-02T04:02:40.879,settlement,SETTLED,MT103,SWIFT,587.89,USD,**************0747,MY,105
9nc31g51-3055-4327-hkt3-69dg34173mk9,2026-07-11T13:08:31.037,gateway,OK,MT103,FAST,737.09,SGD,**************4441,GB,51
9nc31g51-3055-4327-hkt3-69dg34173mk9,2026-07-11T13:08:31.115,auth,OK,MT103,FAST,737.09,SGD,**************4441,GB,51
9nc31g51-3055-4327-hkt3-69dg34173mk9,2026-07-11T13:08:31.282,validation,OK,MT103,FAST,737.09,SGD,**************4441,GB,103
9nc31g51-3055-4327-hkt3-69dg34173mk9,2026-07-11T13:08:31.357,aml,TIMEOUT,MT103,FAST,737.09,SGD,**************4441,GB,30000
9nc31g51-3055-4327-hkt3-69dg34173mk9,2026-07-11T13:08:31.401,payment-hub,FAILED,MT103,FAST,737.09,SGD,**************4441,GB,102
4jo76k88-1253-2479-iod1-53he60909ue1,2026-07-01T11:14:04.983,gateway,OK,pacs.008,FAST,550.72,SGD,**************6512,SG,43
4jo76k88-1253-2479-iod1-53he60909ue1,2026-07-01T11:14:05.107,auth,OK,pacs.008,FAST,550.72,SGD,**************6512,SG,81
4jo76k88-1253-2479-iod1-53he60909ue1,2026-07-01T11:14:05.175,validation,OK,pacs.008,FAST,550.72,SGD,**************6512,SG,60
4jo76k88-1253-2479-iod1-53he60909ue1,2026-07-01T11:14:05.225,aml,OK,pacs.008,FAST,550.72,SGD,**************6512,SG,131
4jo76k88-1253-2479-iod1-53he60909ue1,2026-07-01T11:14:35.236,payment-hub,OK,pacs.008,FAST,550.72,SGD,**************6512,SG,109
4jo76k88-1253-2479-iod1-53he60909ue1,2026-07-01T11:14:35.275,core-banking,OK,pacs.008,FAST,550.72,SGD,**************6512,SG,78
4jo76k88-1253-2479-iod1-53he60909ue1,2026-07-01T11:14:35.588,settlement,SETTLED,pacs.008,FAST,550.72,SGD,**************6512,SG,210
1tl45d87-2153-4597-sod8-14iz89810uw2,2026-07-06T23:00:00.667,gateway,OK,MT103,SWIFT,242.89,EUR,**************4013,US,26
1tl45d87-2153-4597-sod8-14iz89810uw2,2026-07-06T23:00:00.765,auth,OK,MT103,SWIFT,242.89,EUR,**************4013,US,88
1tl45d87-2153-4597-sod8-14iz89810uw2,2026-07-06T23:00:00.847,validation,OK,MT103,SWIFT,242.89,EUR,**************4013,US,47
1tl45d87-2153-4597-sod8-14iz89810uw2,2026-07-06T23:00:00.910,aml,OK,MT103,SWIFT,242.89,EUR,**************4013,US,136
1tl45d87-2153-4597-sod8-14iz89810uw2,2026-07-06T23:00:00.960,payment-hub,OK,MT103,SWIFT,242.89,EUR,**************4013,US,46
1tl45d87-2153-4597-sod8-14iz89810uw2,2026-07-06T23:00:01.021,core-banking,OK,MT103,SWIFT,242.89,EUR,**************4013,US,102
1tl45d87-2153-4597-sod8-14iz89810uw2,2026-07-06T23:00:01.141,settlement,SETTLED,MT103,SWIFT,242.89,EUR,**************4013,US,380
7an82p98-0868-0318-nzg5-74sn34184hx8,2026-07-01T17:06:25.890,gateway,OK,pacs.008,SWIFT,1456.52,GBP,**************0372,SG,36
7an82p98-0868-0318-nzg5-74sn34184hx8,2026-07-01T17:06:26.049,auth,OK,pacs.008,SWIFT,1456.52,GBP,**************0372,SG,49
7an82p98-0868-0318-nzg5-74sn34184hx8,2026-07-01T17:06:26.105,validation,OK,pacs.008,SWIFT,1456.52,GBP,**************0372,SG,70
7an82p98-0868-0318-nzg5-74sn34184hx8,2026-07-01T17:06:26.205,aml,OK,pacs.008,SWIFT,1456.52,GBP,**************0372,SG,239
7an82p98-0868-0318-nzg5-74sn34184hx8,2026-07-01T17:06:26.251,payment-hub,OK,pacs.008,SWIFT,1456.52,GBP,**************0372,SG,72
7an82p98-0868-0318-nzg5-74sn34184hx8,2026-07-01T17:06:26.344,core-banking,OK,pacs.008,SWIFT,1456.52,GBP,**************0372,SG,125
7an82p98-0868-0318-nzg5-74sn34184hx8,2026-07-01T17:06:26.516,settlement,SETTLED,pacs.008,SWIFT,1456.52,GBP,**************0372,SG,350
9kj10p53-5413-8763-sye9-26eb00697mr5,2026-07-12T10:31:08.172,gateway,OK,pacs.008,FAST,6311.98,USD,**************1386,SG,39
9kj10p53-5413-8763-sye9-26eb00697mr5,2026-07-12T10:31:08.288,auth,OK,pacs.008,FAST,6311.98,USD,**************1386,SG,47
9kj10p53-5413-8763-sye9-26eb00697mr5,2026-07-12T10:31:08.396,validation,OK,pacs.008,FAST,6311.98,USD,**************1386,SG,76
9kj10p53-5413-8763-sye9-26eb00697mr5,2026-07-12T10:31:08.512,aml,OK,pacs.008,FAST,6311.98,USD,**************1386,SG,97
9kj10p53-5413-8763-sye9-26eb00697mr5,2026-07-12T10:31:08.684,payment-hub,OK,pacs.008,FAST,6311.98,USD,**************1386,SG,74
9kj10p53-5413-8763-sye9-26eb00697mr5,2026-07-12T10:31:08.792,core-banking,OK,pacs.008,FAST,6311.98,USD,**************1386,SG,139
9kj10p53-5413-8763-sye9-26eb00697mr5,2026-07-12T10:31:08.923,settlement,SETTLED,pacs.008,FAST,6311.98,USD,**************1386,SG,288
1qm25m05-2126-1794-afm3-61tk86682rq9,2026-07-01T23:23:37.428,gateway,OK,MT103,FAST,16299.58,SGD,**************1590,MY,39
1qm25m05-2126-1794-afm3-61tk86682rq9,2026-07-01T23:23:37.501,auth,OK,MT103,FAST,16299.58,SGD,**************1590,MY,41
1qm25m05-2126-1794-afm3-61tk86682rq9,2026-07-01T23:23:37.605,validation,OK,MT103,FAST,16299.58,SGD,**************1590,MY,82
1qm25m05-2126-1794-afm3-61tk86682rq9,2026-07-01T23:23:37.678,aml,TIMEOUT,MT103,FAST,16299.58,SGD,**************1590,MY,30000
1qm25m05-2126-1794-afm3-61tk86682rq9,2026-07-01T23:23:37.721,payment-hub,FAILED,MT103,FAST,16299.58,SGD,**************1590,MY,122
8ks00z26-8010-0660-tfb2-48aw57990xi0,2026-07-10T11:13:17.956,gateway,OK,pacs.008,FAST,1404.66,SGD,**************5521,SG,46
8ks00z26-8010-0660-tfb2-48aw57990xi0,2026-07-10T11:13:18.012,auth,OK,pacs.008,FAST,1404.66,SGD,**************5521,SG,72
8ks00z26-8010-0660-tfb2-48aw57990xi0,2026-07-10T11:13:18.076,validation,OK,pacs.008,FAST,1404.66,SGD,**************5521,SG,61
8ks00z26-8010-0660-tfb2-48aw57990xi0,2026-07-10T11:13:18.135,aml,OK,pacs.008,FAST,1404.66,SGD,**************5521,SG,283
8ks00z26-8010-0660-tfb2-48aw57990xi0,2026-07-10T11:13:18.217,payment-hub,OK,pacs.008,FAST,1404.66,SGD,**************5521,SG,64
8ks00z26-8010-0660-tfb2-48aw57990xi0,2026-07-10T11:13:18.430,core-banking,OK,pacs.008,FAST,1404.66,SGD,**************5521,SG,157
8ks00z26-8010-0660-tfb2-48aw57990xi0,2026-07-10T11:13:18.602,settlement,SETTLED,pacs.008,FAST,1404.66,SGD,**************5521,SG,309
1xi31h98-8155-3234-tsx1-61ld11993ju4,2026-07-12T13:08:23.326,gateway,OK,pacs.008,SWIFT,195.13,INR,**************2285,SG,56
1xi31h98-8155-3234-tsx1-61ld11993ju4,2026-07-12T13:08:23.499,auth,OK,pacs.008,SWIFT,195.13,INR,**************2285,SG,47
1xi31h98-8155-3234-tsx1-61ld11993ju4,2026-07-12T13:08:23.587,validation,OK,pacs.008,SWIFT,195.13,INR,**************2285,SG,27
1xi31h98-8155-3234-tsx1-61ld11993ju4,2026-07-12T13:08:23.665,aml,OK,pacs.008,SWIFT,195.13,INR,**************2285,SG,240
1xi31h98-8155-3234-tsx1-61ld11993ju4,2026-07-12T13:08:23.745,payment-hub,OK,pacs.008,SWIFT,195.13,INR,**************2285,SG,41
1xi31h98-8155-3234-tsx1-61ld11993ju4,2026-07-12T13:08:23.830,core-banking,OK,pacs.008,SWIFT,195.13,INR,**************2285,SG,103
1xi31h98-8155-3234-tsx1-61ld11993ju4,2026-07-12T13:08:23.953,settlement,SETTLED,pacs.008,SWIFT,195.13,INR,**************2285,SG,193
3eu40x53-4652-6778-muy8-03bf82046hk3,2026-07-02T20:52:26.027,gateway,OK,MT103,SWIFT,167.77,SGD,**************8124,MY,55
3eu40x53-4652-6778-muy8-03bf82046hk3,2026-07-02T20:52:26.085,auth,OK,MT103,SWIFT,167.77,SGD,**************8124,MY,58
3eu40x53-4652-6778-muy8-03bf82046hk3,2026-07-02T20:52:26.312,validation,OK,MT103,SWIFT,167.77,SGD,**************8124,MY,63
3eu40x53-4652-6778-muy8-03bf82046hk3,2026-07-02T20:52:26.514,aml,OK,MT103,SWIFT,167.77,SGD,**************8124,MY,125
3eu40x53-4652-6778-muy8-03bf82046hk3,2026-07-02T20:52:26.642,payment-hub,OK,MT103,SWIFT,167.77,SGD,**************8124,MY,102
3eu40x53-4652-6778-muy8-03bf82046hk3,2026-07-02T20:52:26.686,core-banking,OK,MT103,SWIFT,167.77,SGD,**************8124,MY,216
3eu40x53-4652-6778-muy8-03bf82046hk3,2026-07-02T20:52:26.750,settlement,SETTLED,MT103,SWIFT,167.77,SGD,**************8124,MY,282
6bd20w01-4924-6285-cjx3-18bv38428el6,2026-07-04T11:32:00.693,gateway,OK,pacs.008,FAST,1462.82,USD,**************5582,IN,28
6bd20w01-4924-6285-cjx3-18bv38428el6,2026-07-04T11:32:00.755,auth,OK,pacs.008,FAST,1462.82,USD,**************5582,IN,89
6bd20w01-4924-6285-cjx3-18bv38428el6,2026-07-04T11:32:00.975,validation,OK,pacs.008,FAST,1462.82,USD,**************5582,IN,32
6bd20w01-4924-6285-cjx3-18bv38428el6,2026-07-04T11:32:01.102,aml,OK,pacs.008,FAST,1462.82,USD,**************5582,IN,117
6bd20w01-4924-6285-cjx3-18bv38428el6,2026-07-04T11:32:01.211,payment-hub,OK,pacs.008,FAST,1462.82,USD,**************5582,IN,75
6bd20w01-4924-6285-cjx3-18bv38428el6,2026-07-04T11:32:01.290,core-banking,OK,pacs.008,FAST,1462.82,USD,**************5582,IN,88
6bd20w01-4924-6285-cjx3-18bv38428el6,2026-07-04T11:32:01.380,settlement,SETTLED,pacs.008,FAST,1462.82,USD,**************5582,IN,147
5ff42j20-9988-0807-ymm6-88hp12144dk5,2026-07-08T05:53:53.724,gateway,OK,pacs.008,FAST,109.24,USD,**************9732,SG,27
5ff42j20-9988-0807-ymm6-88hp12144dk5,2026-07-08T05:53:53.790,auth,OK,pacs.008,FAST,109.24,USD,**************9732,SG,69
5ff42j20-9988-0807-ymm6-88hp12144dk5,2026-07-08T05:53:53.844,validation,OK,pacs.008,FAST,109.24,USD,**************9732,SG,115
5ff42j20-9988-0807-ymm6-88hp12144dk5,2026-07-08T05:53:53.948,aml,OK,pacs.008,FAST,109.24,USD,**************9732,SG,92
5ff42j20-9988-0807-ymm6-88hp12144dk5,2026-07-08T05:53:54.055,payment-hub,OK,pacs.008,FAST,109.24,USD,**************9732,SG,37
5ff42j20-9988-0807-ymm6-88hp12144dk5,2026-07-08T05:54:24.088,core-banking,OK,pacs.008,FAST,109.24,USD,**************9732,SG,121
5ff42j20-9988-0807-ymm6-88hp12144dk5,2026-07-08T05:54:24.211,settlement,SETTLED,pacs.008,FAST,109.24,USD,**************9732,SG,86
5vz19k07-3964-7800-pyz0-75zp65286nq4,2026-07-02T09:54:36.112,gateway,OK,0200,FAST,1702.88,INR,**************0517,SG,46
5vz19k07-3964-7800-pyz0-75zp65286nq4,2026-07-02T09:54:36.202,auth,OK,0200,FAST,1702.88,INR,**************0517,SG,40
5vz19k07-3964-7800-pyz0-75zp65286nq4,2026-07-02T09:54:36.272,validation,OK,0200,FAST,1702.88,INR,**************0517,SG,120
5vz19k07-3964-7800-pyz0-75zp65286nq4,2026-07-02T09:54:36.364,aml,TIMEOUT,0200,FAST,1702.88,INR,**************0517,SG,30000
5vz19k07-3964-7800-pyz0-75zp65286nq4,2026-07-02T09:54:36.488,payment-hub,FAILED,0200,FAST,1702.88,INR,**************0517,SG,103
3dt62i72-3460-4335-imc0-20ul52879si9,2026-07-11T23:30:03.594,gateway,OK,MT103,FAST,2426.09,SGD,**************1698,SG,49
3dt62i72-3460-4335-imc0-20ul52879si9,2026-07-11T23:30:03.715,auth,OK,MT103,FAST,2426.09,SGD,**************1698,SG,33
3dt62i72-3460-4335-imc0-20ul52879si9,2026-07-11T23:30:03.859,validation,OK,MT103,FAST,2426.09,SGD,**************1698,SG,58
3dt62i72-3460-4335-imc0-20ul52879si9,2026-07-11T23:30:03.918,aml,OK,MT103,FAST,2426.09,SGD,**************1698,SG,54
3dt62i72-3460-4335-imc0-20ul52879si9,2026-07-11T23:30:04.164,payment-hub,OK,MT103,FAST,2426.09,SGD,**************1698,SG,142
3dt62i72-3460-4335-imc0-20ul52879si9,2026-07-11T23:30:04.290,core-banking,OK,MT103,FAST,2426.09,SGD,**************1698,SG,143
3dt62i72-3460-4335-imc0-20ul52879si9,2026-07-11T23:30:04.408,settlement,SETTLED,MT103,FAST,2426.09,SGD,**************1698,SG,364
1sh25b89-4311-9293-rcz8-10an43977vs4,2026-07-12T19:29:17.624,gateway,OK,pacs.008,CARDS,374.23,INR,**************3422,GB,32
1sh25b89-4311-9293-rcz8-10an43977vs4,2026-07-12T19:29:17.724,auth,OK,pacs.008,CARDS,374.23,INR,**************3422,GB,54
1sh25b89-4311-9293-rcz8-10an43977vs4,2026-07-12T19:29:17.771,validation,OK,pacs.008,CARDS,374.23,INR,**************3422,GB,118
1sh25b89-4311-9293-rcz8-10an43977vs4,2026-07-12T19:29:17.841,aml,OK,pacs.008,CARDS,374.23,INR,**************3422,GB,135
1sh25b89-4311-9293-rcz8-10an43977vs4,2026-07-12T19:29:18.117,payment-hub,OK,pacs.008,CARDS,374.23,INR,**************3422,GB,32
1sh25b89-4311-9293-rcz8-10an43977vs4,2026-07-12T19:29:18.215,core-banking,OK,pacs.008,CARDS,374.23,INR,**************3422,GB,142
1sh25b89-4311-9293-rcz8-10an43977vs4,2026-07-12T19:29:18.272,settlement,SETTLED,pacs.008,CARDS,374.23,INR,**************3422,GB,297
9vr55h81-3075-6712-vdj8-54lx83946qi3,2026-07-13T19:52:45.725,gateway,OK,pacs.008,FAST,251.76,MYR,**************7981,SG,34
9vr55h81-3075-6712-vdj8-54lx83946qi3,2026-07-13T19:52:45.969,auth,OK,pacs.008,FAST,251.76,MYR,**************7981,SG,52
9vr55h81-3075-6712-vdj8-54lx83946qi3,2026-07-13T19:52:46.063,validation,OK,pacs.008,FAST,251.76,MYR,**************7981,SG,46
9vr55h81-3075-6712-vdj8-54lx83946qi3,2026-07-13T19:52:46.121,aml,OK,pacs.008,FAST,251.76,MYR,**************7981,SG,252
9vr55h81-3075-6712-vdj8-54lx83946qi3,2026-07-13T19:52:46.165,payment-hub,OK,pacs.008,FAST,251.76,MYR,**************7981,SG,140
9vr55h81-3075-6712-vdj8-54lx83946qi3,2026-07-13T19:52:46.234,core-banking,OK,pacs.008,FAST,251.76,MYR,**************7981,SG,137
9vr55h81-3075-6712-vdj8-54lx83946qi3,2026-07-13T19:52:46.508,settlement,SETTLED,pacs.008,FAST,251.76,MYR,**************7981,SG,206
7xo31h89-7152-4088-ghz2-59hb99930ug4,2026-07-07T02:33:11.779,gateway,OK,0200,SWIFT,286.48,SGD,**************8444,MY,32
7xo31h89-7152-4088-ghz2-59hb99930ug4,2026-07-07T02:33:11.861,auth,OK,0200,SWIFT,286.48,SGD,**************8444,MY,56
7xo31h89-7152-4088-ghz2-59hb99930ug4,2026-07-07T02:33:12.110,validation,OK,0200,SWIFT,286.48,SGD,**************8444,MY,74
7xo31h89-7152-4088-ghz2-59hb99930ug4,2026-07-07T02:33:12.147,aml,OK,0200,SWIFT,286.48,SGD,**************8444,MY,282
7xo31h89-7152-4088-ghz2-59hb99930ug4,2026-07-07T02:33:12.256,payment-hub,OK,0200,SWIFT,286.48,SGD,**************8444,MY,92
7xo31h89-7152-4088-ghz2-59hb99930ug4,2026-07-07T02:33:12.394,core-banking,OK,0200,SWIFT,286.48,SGD,**************8444,MY,119
7xo31h89-7152-4088-ghz2-59hb99930ug4,2026-07-07T02:33:12.459,settlement,SETTLED,0200,SWIFT,286.48,SGD,**************8444,MY,246
4xg59b48-3973-8024-vso9-33mu04302gr9,2026-07-07T18:26:00.092,gateway,OK,MT103,CARDS,1062.67,EUR,**************2646,SG,24
4xg59b48-3973-8024-vso9-33mu04302gr9,2026-07-07T18:26:00.179,auth,OK,MT103,CARDS,1062.67,EUR,**************2646,SG,89
4xg59b48-3973-8024-vso9-33mu04302gr9,2026-07-07T18:26:00.310,validation,OK,MT103,CARDS,1062.67,EUR,**************2646,SG,101
4xg59b48-3973-8024-vso9-33mu04302gr9,2026-07-07T18:26:00.402,aml,OK,MT103,CARDS,1062.67,EUR,**************2646,SG,42
4xg59b48-3973-8024-vso9-33mu04302gr9,2026-07-07T18:26:00.481,payment-hub,OK,MT103,CARDS,1062.67,EUR,**************2646,SG,49
4xg59b48-3973-8024-vso9-33mu04302gr9,2026-07-07T18:26:00.540,core-banking,OK,MT103,CARDS,1062.67,EUR,**************2646,SG,152
4xg59b48-3973-8024-vso9-33mu04302gr9,2026-07-07T18:26:00.657,settlement,SETTLED,MT103,CARDS,1062.67,EUR,**************2646,SG,119
0qh03g09-8219-9252-emu4-93vh77575hw9,2026-07-06T06:05:12.366,gateway,OK,pacs.008,FAST,200.67,SGD,**************3351,IN,58
0qh03g09-8219-9252-emu4-93vh77575hw9,2026-07-06T06:05:12.594,auth,OK,pacs.008,FAST,200.67,SGD,**************3351,IN,40
0qh03g09-8219-9252-emu4-93vh77575hw9,2026-07-06T06:05:12.678,validation,OK,pacs.008,FAST,200.67,SGD,**************3351,IN,113
0qh03g09-8219-9252-emu4-93vh77575hw9,2026-07-06T06:05:12.774,aml,OK,pacs.008,FAST,200.67,SGD,**************3351,IN,241
0qh03g09-8219-9252-emu4-93vh77575hw9,2026-07-06T06:05:12.857,payment-hub,OK,pacs.008,FAST,200.67,SGD,**************3351,IN,142
0qh03g09-8219-9252-emu4-93vh77575hw9,2026-07-06T06:05:13.129,core-banking,OK,pacs.008,FAST,200.67,SGD,**************3351,IN,75
0qh03g09-8219-9252-emu4-93vh77575hw9,2026-07-06T06:05:13.243,settlement,SETTLED,pacs.008,FAST,200.67,SGD,**************3351,IN,273
6js01b57-0620-8236-wym4-14wo08566xc3,2026-07-02T08:15:01.524,gateway,OK,MT103,CARDS,622.09,USD,**************0811,US,52
6js01b57-0620-8236-wym4-14wo08566xc3,2026-07-02T08:15:01.686,auth,OK,MT103,CARDS,622.09,USD,**************0811,US,37
6js01b57-0620-8236-wym4-14wo08566xc3,2026-07-02T08:15:01.738,validation,OK,MT103,CARDS,622.09,USD,**************0811,US,92
6js01b57-0620-8236-wym4-14wo08566xc3,2026-07-02T08:15:01.810,aml,OK,MT103,CARDS,622.09,USD,**************0811,US,212
6js01b57-0620-8236-wym4-14wo08566xc3,2026-07-02T08:15:02.052,payment-hub,OK,MT103,CARDS,622.09,USD,**************0811,US,135
6js01b57-0620-8236-wym4-14wo08566xc3,2026-07-02T08:15:32.082,core-banking,OK,MT103,CARDS,622.09,USD,**************0811,US,143
6js01b57-0620-8236-wym4-14wo08566xc3,2026-07-02T08:15:32.138,settlement,SETTLED,MT103,CARDS,622.09,USD,**************0811,US,87
5ld80e53-1623-5929-ztu8-36sz46361oh2,2026-07-05T10:39:13.208,gateway,OK,pacs.008,FAST,480.19,SGD,**************9510,IN,54
5ld80e53-1623-5929-ztu8-36sz46361oh2,2026-07-05T10:39:13.340,auth,OK,pacs.008,FAST,480.19,SGD,**************9510,IN,84
5ld80e53-1623-5929-ztu8-36sz46361oh2,2026-07-05T10:39:13.419,validation,OK,pacs.008,FAST,480.19,SGD,**************9510,IN,93
5ld80e53-1623-5929-ztu8-36sz46361oh2,2026-07-05T10:39:13.492,aml,OK,pacs.008,FAST,480.19,SGD,**************9510,IN,96
5ld80e53-1623-5929-ztu8-36sz46361oh2,2026-07-05T10:39:13.582,payment-hub,OK,pacs.008,FAST,480.19,SGD,**************9510,IN,85
5ld80e53-1623-5929-ztu8-36sz46361oh2,2026-07-05T10:39:13.665,core-banking,OK,pacs.008,FAST,480.19,SGD,**************9510,IN,203
5ld80e53-1623-5929-ztu8-36sz46361oh2,2026-07-05T10:39:13.812,settlement,SETTLED,pacs.008,FAST,480.19,SGD,**************9510,IN,105
0fy02l89-6468-2948-vfz1-58yy42991ka4,2026-07-11T13:18:46.537,gateway,OK,MT103,SWIFT,288.27,USD,**************6393,IN,52
0fy02l89-6468-2948-vfz1-58yy42991ka4,2026-07-11T13:18:46.711,auth,OK,MT103,SWIFT,288.27,USD,**************6393,IN,68
0fy02l89-6468-2948-vfz1-58yy42991ka4,2026-07-11T13:18:46.834,validation,OK,MT103,SWIFT,288.27,USD,**************6393,IN,119
0fy02l89-6468-2948-vfz1-58yy42991ka4,2026-07-11T13:18:46.928,aml,OK,MT103,SWIFT,288.27,USD,**************6393,IN,134
0fy02l89-6468-2948-vfz1-58yy42991ka4,2026-07-11T13:18:47.259,payment-hub,OK,MT103,SWIFT,288.27,USD,**************6393,IN,115
0fy02l89-6468-2948-vfz1-58yy42991ka4,2026-07-11T13:18:47.323,core-banking,OK,MT103,SWIFT,288.27,USD,**************6393,IN,228
0fy02l89-6468-2948-vfz1-58yy42991ka4,2026-07-11T13:18:47.420,settlement,SETTLED,MT103,SWIFT,288.27,USD,**************6393,IN,354
1di92j04-0879-0601-drh4-71zh46017lt5,2026-07-13T19:37:42.410,gateway,OK,pacs.008,FAST,1620.98,SGD,**************0601,US,30
1di92j04-0879-0601-drh4-71zh46017lt5,2026-07-13T19:37:42.473,auth,OK,pacs.008,FAST,1620.98,SGD,**************0601,US,50
1di92j04-0879-0601-drh4-71zh46017lt5,2026-07-13T19:37:42.728,validation,OK,pacs.008,FAST,1620.98,SGD,**************0601,US,66
1di92j04-0879-0601-drh4-71zh46017lt5,2026-07-13T19:37:42.791,aml,OK,pacs.008,FAST,1620.98,SGD,**************0601,US,65
1di92j04-0879-0601-drh4-71zh46017lt5,2026-07-13T19:37:42.901,payment-hub,OK,pacs.008,FAST,1620.98,SGD,**************0601,US,103
1di92j04-0879-0601-drh4-71zh46017lt5,2026-07-13T19:37:42.979,core-banking,OK,pacs.008,FAST,1620.98,SGD,**************0601,US,125
1di92j04-0879-0601-drh4-71zh46017lt5,2026-07-13T19:37:43.208,settlement,SETTLED,pacs.008,FAST,1620.98,SGD,**************0601,US,89
9hh42e72-9598-2011-crc6-74ey43450mw4,2026-07-04T03:07:51.874,gateway,OK,MT103,FAST,747.28,MYR,**************2944,IN,28
9hh42e72-9598-2011-crc6-74ey43450mw4,2026-07-04T03:07:51.950,auth,OK,MT103,FAST,747.28,MYR,**************2944,IN,26
9hh42e72-9598-2011-crc6-74ey43450mw4,2026-07-04T03:07:52.055,validation,OK,MT103,FAST,747.28,MYR,**************2944,IN,110
9hh42e72-9598-2011-crc6-74ey43450mw4,2026-07-04T03:07:52.157,aml,OK,MT103,FAST,747.28,MYR,**************2944,IN,108
9hh42e72-9598-2011-crc6-74ey43450mw4,2026-07-04T03:07:52.205,payment-hub,OK,MT103,FAST,747.28,MYR,**************2944,IN,110
9hh42e72-9598-2011-crc6-74ey43450mw4,2026-07-04T03:07:52.282,core-banking,OK,MT103,FAST,747.28,MYR,**************2944,IN,77
9hh42e72-9598-2011-crc6-74ey43450mw4,2026-07-04T03:07:52.393,settlement,SETTLED,MT103,FAST,747.28,MYR,**************2944,IN,371
5qx53a55-4713-0269-beg3-43ps34881hl0,2026-07-06T21:36:26.164,gateway,OK,pacs.008,SWIFT,297.34,SGD,**************8447,SG,33
5qx53a55-4713-0269-beg3-43ps34881hl0,2026-07-06T21:36:26.314,auth,OK,pacs.008,SWIFT,297.34,SGD,**************8447,SG,55
5qx53a55-4713-0269-beg3-43ps34881hl0,2026-07-06T21:36:26.437,validation,OK,pacs.008,SWIFT,297.34,SGD,**************8447,SG,83
5qx53a55-4713-0269-beg3-43ps34881hl0,2026-07-06T21:36:26.595,aml,OK,pacs.008,SWIFT,297.34,SGD,**************8447,SG,269
5qx53a55-4713-0269-beg3-43ps34881hl0,2026-07-06T21:36:26.748,payment-hub,OK,pacs.008,SWIFT,297.34,SGD,**************8447,SG,143
5qx53a55-4713-0269-beg3-43ps34881hl0,2026-07-06T21:36:26.913,core-banking,OK,pacs.008,SWIFT,297.34,SGD,**************8447,SG,130
5qx53a55-4713-0269-beg3-43ps34881hl0,2026-07-06T21:36:26.977,settlement,SETTLED,pacs.008,SWIFT,297.34,SGD,**************8447,SG,133
4xd97g62-3687-5677-bre1-96ja11883xa6,2026-07-10T17:06:05.189,gateway,OK,pacs.008,FAST,189.09,USD,**************0178,SG,17
4xd97g62-3687-5677-bre1-96ja11883xa6,2026-07-10T17:06:05.254,auth,OK,pacs.008,FAST,189.09,USD,**************0178,SG,84
4xd97g62-3687-5677-bre1-96ja11883xa6,2026-07-10T17:06:05.343,validation,OK,pacs.008,FAST,189.09,USD,**************0178,SG,71
4xd97g62-3687-5677-bre1-96ja11883xa6,2026-07-10T17:06:05.397,aml,OK,pacs.008,FAST,189.09,USD,**************0178,SG,161
4xd97g62-3687-5677-bre1-96ja11883xa6,2026-07-10T17:06:05.695,payment-hub,OK,pacs.008,FAST,189.09,USD,**************0178,SG,79
4xd97g62-3687-5677-bre1-96ja11883xa6,2026-07-10T17:06:05.815,core-banking,OK,pacs.008,FAST,189.09,USD,**************0178,SG,104
4xd97g62-3687-5677-bre1-96ja11883xa6,2026-07-10T17:06:05.905,settlement,SETTLED,pacs.008,FAST,189.09,USD,**************0178,SG,265
2ix16x97-3597-4597-amx7-04ri26143oi6,2026-07-05T12:25:08.168,gateway,OK,pacs.008,FAST,452.67,SGD,**************3308,MY,24
2ix16x97-3597-4597-amx7-04ri26143oi6,2026-07-05T12:25:08.259,auth,OK,pacs.008,FAST,452.67,SGD,**************3308,MY,58
2ix16x97-3597-4597-amx7-04ri26143oi6,2026-07-05T12:25:08.346,validation,OK,pacs.008,FAST,452.67,SGD,**************3308,MY,88
2ix16x97-3597-4597-amx7-04ri26143oi6,2026-07-05T12:25:08.432,aml,OK,pacs.008,FAST,452.67,SGD,**************3308,MY,293
2ix16x97-3597-4597-amx7-04ri26143oi6,2026-07-05T12:25:08.599,payment-hub,OK,pacs.008,FAST,452.67,SGD,**************3308,MY,116
2ix16x97-3597-4597-amx7-04ri26143oi6,2026-07-05T12:25:08.805,core-banking,OK,pacs.008,FAST,452.67,SGD,**************3308,MY,226
2ix16x97-3597-4597-amx7-04ri26143oi6,2026-07-05T12:25:08.927,settlement,SETTLED,pacs.008,FAST,452.67,SGD,**************3308,MY,294
1hz31z50-2986-4131-zej5-18th67956bh1,2026-07-12T15:36:16.522,gateway,OK,pacs.008,SWIFT,1153.84,USD,**************0297,SG,57
1hz31z50-2986-4131-zej5-18th67956bh1,2026-07-12T15:36:16.687,auth,OK,pacs.008,SWIFT,1153.84,USD,**************0297,SG,76
1hz31z50-2986-4131-zej5-18th67956bh1,2026-07-12T15:36:16.808,validation,OK,pacs.008,SWIFT,1153.84,USD,**************0297,SG,97
1hz31z50-2986-4131-zej5-18th67956bh1,2026-07-12T15:36:16.856,aml,OK,pacs.008,SWIFT,1153.84,USD,**************0297,SG,189
1hz31z50-2986-4131-zej5-18th67956bh1,2026-07-12T15:36:17.074,payment-hub,OK,pacs.008,SWIFT,1153.84,USD,**************0297,SG,71
1hz31z50-2986-4131-zej5-18th67956bh1,2026-07-12T15:36:17.152,core-banking,OK,pacs.008,SWIFT,1153.84,USD,**************0297,SG,165
1hz31z50-2986-4131-zej5-18th67956bh1,2026-07-12T15:36:17.270,settlement,SETTLED,pacs.008,SWIFT,1153.84,USD,**************0297,SG,223
3dg71k34-1899-5520-xlq3-97nk39185ie5,2026-07-11T01:07:31.484,gateway,OK,MT103,FAST,611.3,SGD,**************6780,SG,16
3dg71k34-1899-5520-xlq3-97nk39185ie5,2026-07-11T01:07:31.719,auth,OK,MT103,FAST,611.3,SGD,**************6780,SG,52
3dg71k34-1899-5520-xlq3-97nk39185ie5,2026-07-11T01:07:31.775,validation,OK,MT103,FAST,611.3,SGD,**************6780,SG,28
3dg71k34-1899-5520-xlq3-97nk39185ie5,2026-07-11T01:07:32.017,aml,OK,MT103,FAST,611.3,SGD,**************6780,SG,80
3dg71k34-1899-5520-xlq3-97nk39185ie5,2026-07-11T01:07:32.106,payment-hub,OK,MT103,FAST,611.3,SGD,**************6780,SG,127
3dg71k34-1899-5520-xlq3-97nk39185ie5,2026-07-11T01:07:32.185,core-banking,OK,MT103,FAST,611.3,SGD,**************6780,SG,173
3dg71k34-1899-5520-xlq3-97nk39185ie5,2026-07-11T01:07:32.378,settlement,SETTLED,MT103,FAST,611.3,SGD,**************6780,SG,133
1bx99a95-7925-5635-eeb3-73fv46225uf5,2026-07-10T13:00:10.390,gateway,OK,pacs.008,FAST,1383.66,EUR,**************8930,IN,40
1bx99a95-7925-5635-eeb3-73fv46225uf5,2026-07-10T13:00:10.484,auth,OK,pacs.008,FAST,1383.66,EUR,**************8930,IN,76
1bx99a95-7925-5635-eeb3-73fv46225uf5,2026-07-10T13:00:10.565,validation,OK,pacs.008,FAST,1383.66,EUR,**************8930,IN,33
1bx99a95-7925-5635-eeb3-73fv46225uf5,2026-07-10T13:00:10.598,aml,OK,pacs.008,FAST,1383.66,EUR,**************8930,IN,265
1bx99a95-7925-5635-eeb3-73fv46225uf5,2026-07-10T13:00:10.650,payment-hub,OK,pacs.008,FAST,1383.66,EUR,**************8930,IN,40
1bx99a95-7925-5635-eeb3-73fv46225uf5,2026-07-10T13:00:10.713,core-banking,OK,pacs.008,FAST,1383.66,EUR,**************8930,IN,238
1bx99a95-7925-5635-eeb3-73fv46225uf5,2026-07-10T13:00:10.762,settlement,SETTLED,pacs.008,FAST,1383.66,EUR,**************8930,IN,383
6fk48j87-1301-8854-twe4-75ny40411lw5,2026-07-01T19:26:46.201,gateway,OK,pacs.008,FAST,3387.94,SGD,**************9045,GB,37
6fk48j87-1301-8854-twe4-75ny40411lw5,2026-07-01T19:26:46.301,auth,OK,pacs.008,FAST,3387.94,SGD,**************9045,GB,80
6fk48j87-1301-8854-twe4-75ny40411lw5,2026-07-01T19:26:46.489,validation,OK,pacs.008,FAST,3387.94,SGD,**************9045,GB,84
6fk48j87-1301-8854-twe4-75ny40411lw5,2026-07-01T19:26:46.573,aml,OK,pacs.008,FAST,3387.94,SGD,**************9045,GB,238
6fk48j87-1301-8854-twe4-75ny40411lw5,2026-07-01T19:26:46.738,payment-hub,OK,pacs.008,FAST,3387.94,SGD,**************9045,GB,46
6fk48j87-1301-8854-twe4-75ny40411lw5,2026-07-01T19:26:46.796,core-banking,OK,pacs.008,FAST,3387.94,SGD,**************9045,GB,88
6fk48j87-1301-8854-twe4-75ny40411lw5,2026-07-01T19:26:46.905,settlement,SETTLED,pacs.008,FAST,3387.94,SGD,**************9045,GB,359
2jt75k43-4332-3649-gdz1-77oo72104nx4,2026-07-09T19:57:29.864,gateway,OK,pacs.008,FAST,2366.93,SGD,**************1568,MY,19
2jt75k43-4332-3649-gdz1-77oo72104nx4,2026-07-09T19:57:30.006,auth,OK,pacs.008,FAST,2366.93,SGD,**************1568,MY,62
2jt75k43-4332-3649-gdz1-77oo72104nx4,2026-07-09T19:57:30.054,validation,OK,pacs.008,FAST,2366.93,SGD,**************1568,MY,79
2jt75k43-4332-3649-gdz1-77oo72104nx4,2026-07-09T19:57:30.093,aml,OK,pacs.008,FAST,2366.93,SGD,**************1568,MY,290
2jt75k43-4332-3649-gdz1-77oo72104nx4,2026-07-09T19:57:30.176,payment-hub,OK,pacs.008,FAST,2366.93,SGD,**************1568,MY,100
2jt75k43-4332-3649-gdz1-77oo72104nx4,2026-07-09T19:57:30.225,core-banking,OK,pacs.008,FAST,2366.93,SGD,**************1568,MY,145
2jt75k43-4332-3649-gdz1-77oo72104nx4,2026-07-09T19:57:30.387,settlement,SETTLED,pacs.008,FAST,2366.93,SGD,**************1568,MY,272
7vq74b27-9546-4453-xyl5-08oa96715qi5,2026-07-06T19:50:49.660,gateway,OK,MT103,FAST,5584.13,USD,**************3138,MY,34
7vq74b27-9546-4453-xyl5-08oa96715qi5,2026-07-06T19:50:49.747,auth,OK,MT103,FAST,5584.13,USD,**************3138,MY,21
7vq74b27-9546-4453-xyl5-08oa96715qi5,2026-07-06T19:50:49.814,validation,OK,MT103,FAST,5584.13,USD,**************3138,MY,91
7vq74b27-9546-4453-xyl5-08oa96715qi5,2026-07-06T19:50:49.888,aml,OK,MT103,FAST,5584.13,USD,**************3138,MY,220
7vq74b27-9546-4453-xyl5-08oa96715qi5,2026-07-06T19:50:50.076,payment-hub,OK,MT103,FAST,5584.13,USD,**************3138,MY,148
7vq74b27-9546-4453-xyl5-08oa96715qi5,2026-07-06T19:50:50.202,core-banking,OK,MT103,FAST,5584.13,USD,**************3138,MY,57
7vq74b27-9546-4453-xyl5-08oa96715qi5,2026-07-06T19:50:50.306,settlement,SETTLED,MT103,FAST,5584.13,USD,**************3138,MY,254
4no68v75-8289-8798-atm0-05kb76774we4,2026-07-09T21:24:56.770,gateway,OK,MT103,CARDS,509.05,SGD,**************0931,SG,52
4no68v75-8289-8798-atm0-05kb76774we4,2026-07-09T21:24:56.995,auth,OK,MT103,CARDS,509.05,SGD,**************0931,SG,33
4no68v75-8289-8798-atm0-05kb76774we4,2026-07-09T21:24:57.048,validation,OK,MT103,CARDS,509.05,SGD,**************0931,SG,88
4no68v75-8289-8798-atm0-05kb76774we4,2026-07-09T21:24:57.091,aml,OK,MT103,CARDS,509.05,SGD,**************0931,SG,124
4no68v75-8289-8798-atm0-05kb76774we4,2026-07-09T21:24:57.326,payment-hub,OK,MT103,CARDS,509.05,SGD,**************0931,SG,137
4no68v75-8289-8798-atm0-05kb76774we4,2026-07-09T21:24:57.371,core-banking,OK,MT103,CARDS,509.05,SGD,**************0931,SG,139
4no68v75-8289-8798-atm0-05kb76774we4,2026-07-09T21:24:57.460,settlement,SETTLED,MT103,CARDS,509.05,SGD,**************0931,SG,349
8ck82a13-3484-9323-lqt4-71fg38243mn0,2026-07-05T23:18:29.544,gateway,OK,pacs.008,CARDS,700.41,SGD,**************3295,SG,30
8ck82a13-3484-9323-lqt4-71fg38243mn0,2026-07-05T23:18:29.656,auth,OK,pacs.008,CARDS,700.41,SGD,**************3295,SG,84
8ck82a13-3484-9323-lqt4-71fg38243mn0,2026-07-05T23:18:29.817,validation,OK,pacs.008,CARDS,700.41,SGD,**************3295,SG,84
8ck82a13-3484-9323-lqt4-71fg38243mn0,2026-07-05T23:18:29.889,aml,OK,pacs.008,CARDS,700.41,SGD,**************3295,SG,49
8ck82a13-3484-9323-lqt4-71fg38243mn0,2026-07-05T23:18:29.956,payment-hub,OK,pacs.008,CARDS,700.41,SGD,**************3295,SG,119
8ck82a13-3484-9323-lqt4-71fg38243mn0,2026-07-05T23:18:30.025,core-banking,OK,pacs.008,CARDS,700.41,SGD,**************3295,SG,181
8ck82a13-3484-9323-lqt4-71fg38243mn0,2026-07-05T23:18:30.048,settlement,SETTLED,pacs.008,CARDS,700.41,SGD,**************3295,SG,235
1nu70i49-0397-7209-xwk3-62ah94026qv4,2026-07-11T14:02:29.013,gateway,OK,pacs.008,SWIFT,358.92,SGD,**************3541,SG,60
1nu70i49-0397-7209-xwk3-62ah94026qv4,2026-07-11T14:02:29.100,auth,OK,pacs.008,SWIFT,358.92,SGD,**************3541,SG,49
1nu70i49-0397-7209-xwk3-62ah94026qv4,2026-07-11T14:02:29.282,validation,OK,pacs.008,SWIFT,358.92,SGD,**************3541,SG,37
1nu70i49-0397-7209-xwk3-62ah94026qv4,2026-07-11T14:02:29.355,aml,TIMEOUT,pacs.008,SWIFT,358.92,SGD,**************3541,SG,30000
1nu70i49-0397-7209-xwk3-62ah94026qv4,2026-07-11T14:02:29.458,payment-hub,FAILED,pacs.008,SWIFT,358.92,SGD,**************3541,SG,66
5cp99p74-3662-7674-why0-60fl35568da5,2026-07-06T06:44:50.595,gateway,OK,pacs.008,SWIFT,234.16,SGD,**************1874,IN,40
5cp99p74-3662-7674-why0-60fl35568da5,2026-07-06T06:44:50.621,auth,OK,pacs.008,SWIFT,234.16,SGD,**************1874,IN,86
5cp99p74-3662-7674-why0-60fl35568da5,2026-07-06T06:44:50.684,validation,OK,pacs.008,SWIFT,234.16,SGD,**************1874,IN,97
5cp99p74-3662-7674-why0-60fl35568da5,2026-07-06T06:44:50.716,aml,OK,pacs.008,SWIFT,234.16,SGD,**************1874,IN,123
5cp99p74-3662-7674-why0-60fl35568da5,2026-07-06T06:44:50.980,payment-hub,OK,pacs.008,SWIFT,234.16,SGD,**************1874,IN,118
5cp99p74-3662-7674-why0-60fl35568da5,2026-07-06T06:44:51.187,core-banking,OK,pacs.008,SWIFT,234.16,SGD,**************1874,IN,225
5cp99p74-3662-7674-why0-60fl35568da5,2026-07-06T06:44:51.334,settlement,SETTLED,pacs.008,SWIFT,234.16,SGD,**************1874,IN,106
1si89r47-0355-1877-bvv7-17dm77124pg1,2026-07-04T06:58:07.298,gateway,OK,pacs.008,CARDS,560.37,USD,**************4626,IN,36
1si89r47-0355-1877-bvv7-17dm77124pg1,2026-07-04T06:58:07.356,auth,OK,pacs.008,CARDS,560.37,USD,**************4626,IN,31
1si89r47-0355-1877-bvv7-17dm77124pg1,2026-07-04T06:58:07.395,validation,OK,pacs.008,CARDS,560.37,USD,**************4626,IN,29
1si89r47-0355-1877-bvv7-17dm77124pg1,2026-07-04T06:58:07.453,aml,OK,pacs.008,CARDS,560.37,USD,**************4626,IN,55
1si89r47-0355-1877-bvv7-17dm77124pg1,2026-07-04T06:58:07.636,payment-hub,OK,pacs.008,CARDS,560.37,USD,**************4626,IN,120
1si89r47-0355-1877-bvv7-17dm77124pg1,2026-07-04T06:58:07.733,core-banking,OK,pacs.008,CARDS,560.37,USD,**************4626,IN,247
1si89r47-0355-1877-bvv7-17dm77124pg1,2026-07-04T06:58:07.897,settlement,SETTLED,pacs.008,CARDS,560.37,USD,**************4626,IN,93
2sb08d73-5698-5407-gxm2-04rp68593ir9,2026-07-03T10:34:59.324,gateway,OK,pacs.008,SWIFT,406.55,USD,**************7312,SG,21
2sb08d73-5698-5407-gxm2-04rp68593ir9,2026-07-03T10:34:59.611,auth,OK,pacs.008,SWIFT,406.55,USD,**************7312,SG,69
2sb08d73-5698-5407-gxm2-04rp68593ir9,2026-07-03T10:34:59.667,validation,OK,pacs.008,SWIFT,406.55,USD,**************7312,SG,111
2sb08d73-5698-5407-gxm2-04rp68593ir9,2026-07-03T10:34:59.739,aml,OK,pacs.008,SWIFT,406.55,USD,**************7312,SG,211
2sb08d73-5698-5407-gxm2-04rp68593ir9,2026-07-03T10:34:59.814,payment-hub,OK,pacs.008,SWIFT,406.55,USD,**************7312,SG,94
2sb08d73-5698-5407-gxm2-04rp68593ir9,2026-07-03T10:34:59.865,core-banking,OK,pacs.008,SWIFT,406.55,USD,**************7312,SG,130
2sb08d73-5698-5407-gxm2-04rp68593ir9,2026-07-03T10:34:59.959,settlement,SETTLED,pacs.008,SWIFT,406.55,USD,**************7312,SG,263
8fr27g84-2302-2254-tox1-87yg37926py2,2026-07-10T16:11:45.915,gateway,OK,0200,FAST,454.4,MYR,**************7984,IN,22
8fr27g84-2302-2254-tox1-87yg37926py2,2026-07-10T16:11:46.077,auth,OK,0200,FAST,454.4,MYR,**************7984,IN,71
8fr27g84-2302-2254-tox1-87yg37926py2,2026-07-10T16:11:46.147,validation,OK,0200,FAST,454.4,MYR,**************7984,IN,70
8fr27g84-2302-2254-tox1-87yg37926py2,2026-07-10T16:11:46.267,aml,OK,0200,FAST,454.4,MYR,**************7984,IN,80
8fr27g84-2302-2254-tox1-87yg37926py2,2026-07-10T16:11:46.368,payment-hub,OK,0200,FAST,454.4,MYR,**************7984,IN,38
8fr27g84-2302-2254-tox1-87yg37926py2,2026-07-10T16:11:46.541,core-banking,OK,0200,FAST,454.4,MYR,**************7984,IN,153
8fr27g84-2302-2254-tox1-87yg37926py2,2026-07-10T16:11:46.597,settlement,SETTLED,0200,FAST,454.4,MYR,**************7984,IN,328
8lq06f87-4950-3937-oxt6-60oe08303kn4,2026-07-05T10:12:32.529,gateway,OK,pacs.008,FAST,730.03,USD,**************9991,SG,24
8lq06f87-4950-3937-oxt6-60oe08303kn4,2026-07-05T10:12:32.571,auth,OK,pacs.008,FAST,730.03,USD,**************9991,SG,73
8lq06f87-4950-3937-oxt6-60oe08303kn4,2026-07-05T10:12:32.847,validation,OK,pacs.008,FAST,730.03,USD,**************9991,SG,96
8lq06f87-4950-3937-oxt6-60oe08303kn4,2026-07-05T10:12:32.908,aml,OK,pacs.008,FAST,730.03,USD,**************9991,SG,71
8lq06f87-4950-3937-oxt6-60oe08303kn4,2026-07-05T10:12:33.014,payment-hub,OK,pacs.008,FAST,730.03,USD,**************9991,SG,101
8lq06f87-4950-3937-oxt6-60oe08303kn4,2026-07-05T10:12:33.168,core-banking,OK,pacs.008,FAST,730.03,USD,**************9991,SG,148
8lq06f87-4950-3937-oxt6-60oe08303kn4,2026-07-05T10:12:33.232,settlement,SETTLED,pacs.008,FAST,730.03,USD,**************9991,SG,98
9rz03f04-0845-8546-hyz1-82um73545ur6,2026-07-04T10:27:48.261,gateway,OK,pacs.008,FAST,92.41,INR,**************9974,HK,23
9rz03f04-0845-8546-hyz1-82um73545ur6,2026-07-04T10:27:48.368,auth,OK,pacs.008,FAST,92.41,INR,**************9974,HK,67
9rz03f04-0845-8546-hyz1-82um73545ur6,2026-07-04T10:27:48.412,validation,OK,pacs.008,FAST,92.41,INR,**************9974,HK,59
9rz03f04-0845-8546-hyz1-82um73545ur6,2026-07-04T10:27:48.558,aml,OK,pacs.008,FAST,92.41,INR,**************9974,HK,201
9rz03f04-0845-8546-hyz1-82um73545ur6,2026-07-04T10:27:48.783,payment-hub,OK,pacs.008,FAST,92.41,INR,**************9974,HK,116
9rz03f04-0845-8546-hyz1-82um73545ur6,2026-07-04T10:27:48.900,core-banking,OK,pacs.008,FAST,92.41,INR,**************9974,HK,126
9rz03f04-0845-8546-hyz1-82um73545ur6,2026-07-04T10:27:49.007,settlement,SETTLED,pacs.008,FAST,92.41,INR,**************9974,HK,355
8fv32d39-8369-9815-sww5-54ns72108gi7,2026-07-04T06:53:24.101,gateway,OK,MT103,FAST,253.38,SGD,**************7334,MY,37
8fv32d39-8369-9815-sww5-54ns72108gi7,2026-07-04T06:53:24.154,auth,OK,MT103,FAST,253.38,SGD,**************7334,MY,25
8fv32d39-8369-9815-sww5-54ns72108gi7,2026-07-04T06:53:24.205,validation,OK,MT103,FAST,253.38,SGD,**************7334,MY,66
8fv32d39-8369-9815-sww5-54ns72108gi7,2026-07-04T06:53:24.301,aml,OK,MT103,FAST,253.38,SGD,**************7334,MY,211
8fv32d39-8369-9815-sww5-54ns72108gi7,2026-07-04T06:53:24.415,payment-hub,OK,MT103,FAST,253.38,SGD,**************7334,MY,73
8fv32d39-8369-9815-sww5-54ns72108gi7,2026-07-04T06:53:24.517,core-banking,OK,MT103,FAST,253.38,SGD,**************7334,MY,216
8fv32d39-8369-9815-sww5-54ns72108gi7,2026-07-04T06:53:24.696,settlement,SETTLED,MT103,FAST,253.38,SGD,**************7334,MY,220
7kv86r47-5603-5308-qgq5-15wy98305kf6,2026-07-10T18:42:49.770,gateway,OK,pacs.008,SWIFT,2019.62,SGD,**************2544,IN,16
7kv86r47-5603-5308-qgq5-15wy98305kf6,2026-07-10T18:42:49.991,auth,OK,pacs.008,SWIFT,2019.62,SGD,**************2544,IN,61
7kv86r47-5603-5308-qgq5-15wy98305kf6,2026-07-10T18:42:50.040,validation,OK,pacs.008,SWIFT,2019.62,SGD,**************2544,IN,87
7kv86r47-5603-5308-qgq5-15wy98305kf6,2026-07-10T18:42:50.106,aml,OK,pacs.008,SWIFT,2019.62,SGD,**************2544,IN,151
7kv86r47-5603-5308-qgq5-15wy98305kf6,2026-07-10T18:42:50.169,payment-hub,OK,pacs.008,SWIFT,2019.62,SGD,**************2544,IN,77
7kv86r47-5603-5308-qgq5-15wy98305kf6,2026-07-10T18:42:50.281,core-banking,OK,pacs.008,SWIFT,2019.62,SGD,**************2544,IN,175
7kv86r47-5603-5308-qgq5-15wy98305kf6,2026-07-10T18:42:50.484,settlement,SETTLED,pacs.008,SWIFT,2019.62,SGD,**************2544,IN,328
1si97t73-4426-3262-nul9-47gh21114ps1,2026-07-03T02:38:45.966,gateway,OK,pacs.008,FAST,6730.5,SGD,**************5845,MY,39
1si97t73-4426-3262-nul9-47gh21114ps1,2026-07-03T02:38:46.036,auth,OK,pacs.008,FAST,6730.5,SGD,**************5845,MY,67
1si97t73-4426-3262-nul9-47gh21114ps1,2026-07-03T02:38:46.226,validation,OK,pacs.008,FAST,6730.5,SGD,**************5845,MY,49
1si97t73-4426-3262-nul9-47gh21114ps1,2026-07-03T02:38:46.370,aml,OK,pacs.008,FAST,6730.5,SGD,**************5845,MY,110
1si97t73-4426-3262-nul9-47gh21114ps1,2026-07-03T02:38:46.438,payment-hub,OK,pacs.008,FAST,6730.5,SGD,**************5845,MY,51
1si97t73-4426-3262-nul9-47gh21114ps1,2026-07-03T02:38:46.624,core-banking,OK,pacs.008,FAST,6730.5,SGD,**************5845,MY,148
1si97t73-4426-3262-nul9-47gh21114ps1,2026-07-03T02:38:46.741,settlement,SETTLED,pacs.008,FAST,6730.5,SGD,**************5845,MY,270
3bg45i37-0784-9335-agc4-89li39044ns3,2026-07-09T20:28:49.005,gateway,OK,pacs.008,FAST,1258.67,EUR,**************0093,MY,23
3bg45i37-0784-9335-agc4-89li39044ns3,2026-07-09T20:28:49.059,auth,OK,pacs.008,FAST,1258.67,EUR,**************0093,MY,73
3bg45i37-0784-9335-agc4-89li39044ns3,2026-07-09T20:28:49.139,validation,OK,pacs.008,FAST,1258.67,EUR,**************0093,MY,32
3bg45i37-0784-9335-agc4-89li39044ns3,2026-07-09T20:28:49.350,aml,OK,pacs.008,FAST,1258.67,EUR,**************0093,MY,263
3bg45i37-0784-9335-agc4-89li39044ns3,2026-07-09T20:28:49.406,payment-hub,OK,pacs.008,FAST,1258.67,EUR,**************0093,MY,36
3bg45i37-0784-9335-agc4-89li39044ns3,2026-07-09T20:28:49.592,core-banking,OK,pacs.008,FAST,1258.67,EUR,**************0093,MY,71
3bg45i37-0784-9335-agc4-89li39044ns3,2026-07-09T20:28:49.756,settlement,SETTLED,pacs.008,FAST,1258.67,EUR,**************0093,MY,254
6ga69k02-8652-5830-hit3-58ew25371ka1,2026-07-08T04:49:28.639,gateway,OK,pacs.008,SWIFT,810.64,SGD,**************2813,SG,32
6ga69k02-8652-5830-hit3-58ew25371ka1,2026-07-08T04:49:28.774,auth,OK,pacs.008,SWIFT,810.64,SGD,**************2813,SG,25
6ga69k02-8652-5830-hit3-58ew25371ka1,2026-07-08T04:49:28.823,validation,OK,pacs.008,SWIFT,810.64,SGD,**************2813,SG,28
6ga69k02-8652-5830-hit3-58ew25371ka1,2026-07-08T04:49:28.915,aml,OK,pacs.008,SWIFT,810.64,SGD,**************2813,SG,282
6ga69k02-8652-5830-hit3-58ew25371ka1,2026-07-08T04:49:29.004,payment-hub,OK,pacs.008,SWIFT,810.64,SGD,**************2813,SG,47
6ga69k02-8652-5830-hit3-58ew25371ka1,2026-07-08T04:49:29.208,core-banking,OK,pacs.008,SWIFT,810.64,SGD,**************2813,SG,154
6ga69k02-8652-5830-hit3-58ew25371ka1,2026-07-08T04:49:29.363,settlement,SETTLED,pacs.008,SWIFT,810.64,SGD,**************2813,SG,369
2hf19k35-0145-8476-mqg5-44uw35033nk8,2026-07-11T14:09:27.339,gateway,OK,MT103,FAST,4719.65,USD,**************4764,SG,23
2hf19k35-0145-8476-mqg5-44uw35033nk8,2026-07-11T14:09:27.444,auth,OK,MT103,FAST,4719.65,USD,**************4764,SG,83
2hf19k35-0145-8476-mqg5-44uw35033nk8,2026-07-11T14:09:27.501,validation,OK,MT103,FAST,4719.65,USD,**************4764,SG,107
2hf19k35-0145-8476-mqg5-44uw35033nk8,2026-07-11T14:09:27.588,aml,OK,MT103,FAST,4719.65,USD,**************4764,SG,147
2hf19k35-0145-8476-mqg5-44uw35033nk8,2026-07-11T14:09:27.642,payment-hub,OK,MT103,FAST,4719.65,USD,**************4764,SG,148
2hf19k35-0145-8476-mqg5-44uw35033nk8,2026-07-11T14:09:27.771,core-banking,OK,MT103,FAST,4719.65,USD,**************4764,SG,57
2hf19k35-0145-8476-mqg5-44uw35033nk8,2026-07-11T14:09:27.880,settlement,SETTLED,MT103,FAST,4719.65,USD,**************4764,SG,174
4th22l58-1317-8037-afx2-98jt41911yf6,2026-07-11T09:51:34.201,gateway,OK,pacs.008,FAST,832.71,SGD,**************5597,IN,37
4th22l58-1317-8037-afx2-98jt41911yf6,2026-07-11T09:51:34.251,auth,OK,pacs.008,FAST,832.71,SGD,**************5597,IN,45
4th22l58-1317-8037-afx2-98jt41911yf6,2026-07-11T09:51:34.415,validation,OK,pacs.008,FAST,832.71,SGD,**************5597,IN,59
4th22l58-1317-8037-afx2-98jt41911yf6,2026-07-11T09:51:34.474,aml,OK,pacs.008,FAST,832.71,SGD,**************5597,IN,95
4th22l58-1317-8037-afx2-98jt41911yf6,2026-07-11T09:51:34.753,payment-hub,OK,pacs.008,FAST,832.71,SGD,**************5597,IN,147
4th22l58-1317-8037-afx2-98jt41911yf6,2026-07-11T09:51:34.956,core-banking,OK,pacs.008,FAST,832.71,SGD,**************5597,IN,206
4th22l58-1317-8037-afx2-98jt41911yf6,2026-07-11T09:51:35.255,settlement,SETTLED,pacs.008,FAST,832.71,SGD,**************5597,IN,166
9lj00p42-4769-3820-fnq0-41uf60400kk1,2026-07-10T21:40:23.854,gateway,OK,pacs.008,FAST,615.02,SGD,**************5596,SG,42
9lj00p42-4769-3820-fnq0-41uf60400kk1,2026-07-10T21:40:23.939,auth,OK,pacs.008,FAST,615.02,SGD,**************5596,SG,49
9lj00p42-4769-3820-fnq0-41uf60400kk1,2026-07-10T21:40:24.103,validation,OK,pacs.008,FAST,615.02,SGD,**************5596,SG,98
9lj00p42-4769-3820-fnq0-41uf60400kk1,2026-07-10T21:40:24.186,aml,TIMEOUT,pacs.008,FAST,615.02,SGD,**************5596,SG,30000
9lj00p42-4769-3820-fnq0-41uf60400kk1,2026-07-10T21:40:24.275,payment-hub,FAILED,pacs.008,FAST,615.02,SGD,**************5596,SG,59
9oc70c41-9675-2520-hdw1-45ou86681be6,2026-07-06T11:13:02.648,gateway,OK,pacs.008,SWIFT,212.6,SGD,**************6039,GB,47
9oc70c41-9675-2520-hdw1-45ou86681be6,2026-07-06T11:13:02.866,auth,OK,pacs.008,SWIFT,212.6,SGD,**************6039,GB,31
9oc70c41-9675-2520-hdw1-45ou86681be6,2026-07-06T11:13:03.133,validation,OK,pacs.008,SWIFT,212.6,SGD,**************6039,GB,66
9oc70c41-9675-2520-hdw1-45ou86681be6,2026-07-06T11:13:03.191,aml,OK,pacs.008,SWIFT,212.6,SGD,**************6039,GB,144
9oc70c41-9675-2520-hdw1-45ou86681be6,2026-07-06T11:13:03.367,payment-hub,OK,pacs.008,SWIFT,212.6,SGD,**************6039,GB,140
9oc70c41-9675-2520-hdw1-45ou86681be6,2026-07-06T11:13:03.481,core-banking,OK,pacs.008,SWIFT,212.6,SGD,**************6039,GB,207
9oc70c41-9675-2520-hdw1-45ou86681be6,2026-07-06T11:13:03.594,settlement,SETTLED,pacs.008,SWIFT,212.6,SGD,**************6039,GB,298
7lw73x56-5997-5028-mjf1-85nw89135xg6,2026-07-02T03:41:59.331,gateway,OK,MT103,FAST,357.52,USD,**************7177,HK,28
7lw73x56-5997-5028-mjf1-85nw89135xg6,2026-07-02T03:41:59.534,auth,OK,MT103,FAST,357.52,USD,**************7177,HK,65
7lw73x56-5997-5028-mjf1-85nw89135xg6,2026-07-02T03:41:59.646,validation,OK,MT103,FAST,357.52,USD,**************7177,HK,67
7lw73x56-5997-5028-mjf1-85nw89135xg6,2026-07-02T03:41:59.684,aml,OK,MT103,FAST,357.52,USD,**************7177,HK,91
7lw73x56-5997-5028-mjf1-85nw89135xg6,2026-07-02T03:41:59.751,payment-hub,OK,MT103,FAST,357.52,USD,**************7177,HK,142
7lw73x56-5997-5028-mjf1-85nw89135xg6,2026-07-02T03:41:59.961,core-banking,OK,MT103,FAST,357.52,USD,**************7177,HK,76
7lw73x56-5997-5028-mjf1-85nw89135xg6,2026-07-02T03:42:00.065,settlement,SETTLED,MT103,FAST,357.52,USD,**************7177,HK,262
0dg21v08-3784-0785-mqn1-33ry35646nh3,2026-07-10T08:27:17.859,gateway,OK,MT103,SWIFT,604.85,SGD,**************1478,SG,48
0dg21v08-3784-0785-mqn1-33ry35646nh3,2026-07-10T08:27:17.949,auth,OK,MT103,SWIFT,604.85,SGD,**************1478,SG,40
0dg21v08-3784-0785-mqn1-33ry35646nh3,2026-07-10T08:27:47.972,validation,OK,MT103,SWIFT,604.85,SGD,**************1478,SG,54
0dg21v08-3784-0785-mqn1-33ry35646nh3,2026-07-10T08:27:48.014,aml,OK,MT103,SWIFT,604.85,SGD,**************1478,SG,247
0dg21v08-3784-0785-mqn1-33ry35646nh3,2026-07-10T08:27:48.155,payment-hub,OK,MT103,SWIFT,604.85,SGD,**************1478,SG,40
0dg21v08-3784-0785-mqn1-33ry35646nh3,2026-07-10T08:27:48.240,core-banking,OK,MT103,SWIFT,604.85,SGD,**************1478,SG,161
0dg21v08-3784-0785-mqn1-33ry35646nh3,2026-07-10T08:27:48.359,settlement,SETTLED,MT103,SWIFT,604.85,SGD,**************1478,SG,352
3hn36q99-7083-4997-pyz5-02ij80338pj2,2026-07-03T04:54:39.728,gateway,OK,pacs.008,FAST,241.57,USD,**************9323,MY,17
3hn36q99-7083-4997-pyz5-02ij80338pj2,2026-07-03T04:54:39.830,auth,OK,pacs.008,FAST,241.57,USD,**************9323,MY,78
3hn36q99-7083-4997-pyz5-02ij80338pj2,2026-07-03T04:54:40.028,validation,OK,pacs.008,FAST,241.57,USD,**************9323,MY,101
3hn36q99-7083-4997-pyz5-02ij80338pj2,2026-07-03T04:54:40.083,aml,TIMEOUT,pacs.008,FAST,241.57,USD,**************9323,MY,30000
3hn36q99-7083-4997-pyz5-02ij80338pj2,2026-07-03T04:54:40.128,payment-hub,FAILED,pacs.008,FAST,241.57,USD,**************9323,MY,98
3ow74m44-9977-6303-zot3-42tj00989ow5,2026-07-04T21:26:31.335,gateway,OK,MT103,SWIFT,972.25,INR,**************6136,SG,24
3ow74m44-9977-6303-zot3-42tj00989ow5,2026-07-04T21:26:31.381,auth,OK,MT103,SWIFT,972.25,INR,**************6136,SG,44
3ow74m44-9977-6303-zot3-42tj00989ow5,2026-07-04T21:26:31.600,validation,OK,MT103,SWIFT,972.25,INR,**************6136,SG,112
3ow74m44-9977-6303-zot3-42tj00989ow5,2026-07-04T21:26:31.709,aml,TIMEOUT,MT103,SWIFT,972.25,INR,**************6136,SG,30000
3ow74m44-9977-6303-zot3-42tj00989ow5,2026-07-04T21:26:31.823,payment-hub,FAILED,MT103,SWIFT,972.25,INR,**************6136,SG,70
6fr17x28-8175-9426-elq7-12jj25894od0,2026-07-06T15:46:20.569,gateway,OK,pacs.008,FAST,368.31,SGD,**************0149,MY,16
6fr17x28-8175-9426-elq7-12jj25894od0,2026-07-06T15:46:20.649,auth,OK,pacs.008,FAST,368.31,SGD,**************0149,MY,56
6fr17x28-8175-9426-elq7-12jj25894od0,2026-07-06T15:46:20.748,validation,OK,pacs.008,FAST,368.31,SGD,**************0149,MY,73
6fr17x28-8175-9426-elq7-12jj25894od0,2026-07-06T15:46:21.001,aml,OK,pacs.008,FAST,368.31,SGD,**************0149,MY,48
6fr17x28-8175-9426-elq7-12jj25894od0,2026-07-06T15:46:21.088,payment-hub,OK,pacs.008,FAST,368.31,SGD,**************0149,MY,127
6fr17x28-8175-9426-elq7-12jj25894od0,2026-07-06T15:46:21.184,core-banking,OK,pacs.008,FAST,368.31,SGD,**************0149,MY,102
6fr17x28-8175-9426-elq7-12jj25894od0,2026-07-06T15:46:21.311,settlement,SETTLED,pacs.008,FAST,368.31,SGD,**************0149,MY,104
4po03e18-6833-2538-yii6-73as94873lk3,2026-07-10T23:09:00.568,gateway,OK,MT103,CARDS,4495.68,EUR,**************1147,MY,44
4po03e18-6833-2538-yii6-73as94873lk3,2026-07-10T23:09:00.622,auth,OK,MT103,CARDS,4495.68,EUR,**************1147,MY,72
4po03e18-6833-2538-yii6-73as94873lk3,2026-07-10T23:09:00.729,validation,OK,MT103,CARDS,4495.68,EUR,**************1147,MY,55
4po03e18-6833-2538-yii6-73as94873lk3,2026-07-10T23:09:00.815,aml,OK,MT103,CARDS,4495.68,EUR,**************1147,MY,227
4po03e18-6833-2538-yii6-73as94873lk3,2026-07-10T23:09:00.884,payment-hub,OK,MT103,CARDS,4495.68,EUR,**************1147,MY,101
4po03e18-6833-2538-yii6-73as94873lk3,2026-07-10T23:09:01.068,core-banking,OK,MT103,CARDS,4495.68,EUR,**************1147,MY,98
4po03e18-6833-2538-yii6-73as94873lk3,2026-07-10T23:09:31.084,settlement,SETTLED,MT103,CARDS,4495.68,EUR,**************1147,MY,275
6eg69l95-1249-2664-stc7-36dl84213bb3,2026-07-10T15:04:21.873,gateway,OK,MT103,FAST,400.38,SGD,**************8595,HK,31
6eg69l95-1249-2664-stc7-36dl84213bb3,2026-07-10T15:04:21.944,auth,OK,MT103,FAST,400.38,SGD,**************8595,HK,35
6eg69l95-1249-2664-stc7-36dl84213bb3,2026-07-10T15:04:22.001,validation,OK,MT103,FAST,400.38,SGD,**************8595,HK,93
6eg69l95-1249-2664-stc7-36dl84213bb3,2026-07-10T15:04:22.113,aml,OK,MT103,FAST,400.38,SGD,**************8595,HK,62
6eg69l95-1249-2664-stc7-36dl84213bb3,2026-07-10T15:04:22.243,payment-hub,OK,MT103,FAST,400.38,SGD,**************8595,HK,150
6eg69l95-1249-2664-stc7-36dl84213bb3,2026-07-10T15:04:22.405,core-banking,OK,MT103,FAST,400.38,SGD,**************8595,HK,237
6eg69l95-1249-2664-stc7-36dl84213bb3,2026-07-10T15:04:22.466,settlement,SETTLED,MT103,FAST,400.38,SGD,**************8595,HK,96
9ff42x80-3675-7000-xor9-17zt29706rz9,2026-07-13T16:14:13.374,gateway,OK,0200,FAST,2303.39,SGD,**************4290,US,59
9ff42x80-3675-7000-xor9-17zt29706rz9,2026-07-13T16:14:13.622,auth,OK,0200,FAST,2303.39,SGD,**************4290,US,44
9ff42x80-3675-7000-xor9-17zt29706rz9,2026-07-13T16:14:13.730,validation,OK,0200,FAST,2303.39,SGD,**************4290,US,101
9ff42x80-3675-7000-xor9-17zt29706rz9,2026-07-13T16:14:13.810,aml,OK,0200,FAST,2303.39,SGD,**************4290,US,221
9ff42x80-3675-7000-xor9-17zt29706rz9,2026-07-13T16:14:13.868,payment-hub,OK,0200,FAST,2303.39,SGD,**************4290,US,142
9ff42x80-3675-7000-xor9-17zt29706rz9,2026-07-13T16:14:13.925,core-banking,OK,0200,FAST,2303.39,SGD,**************4290,US,65
9ff42x80-3675-7000-xor9-17zt29706rz9,2026-07-13T16:14:14.001,settlement,SETTLED,0200,FAST,2303.39,SGD,**************4290,US,299
3af91u04-6922-3317-eyh1-77pq23700gj7,2026-07-05T13:50:08.623,gateway,OK,MT103,CARDS,2128.8,INR,**************7397,SG,28
3af91u04-6922-3317-eyh1-77pq23700gj7,2026-07-05T13:50:08.744,auth,OK,MT103,CARDS,2128.8,INR,**************7397,SG,28
3af91u04-6922-3317-eyh1-77pq23700gj7,2026-07-05T13:50:08.816,validation,OK,MT103,CARDS,2128.8,INR,**************7397,SG,118
3af91u04-6922-3317-eyh1-77pq23700gj7,2026-07-05T13:50:08.883,aml,OK,MT103,CARDS,2128.8,INR,**************7397,SG,143
3af91u04-6922-3317-eyh1-77pq23700gj7,2026-07-05T13:50:08.971,payment-hub,OK,MT103,CARDS,2128.8,INR,**************7397,SG,71
3af91u04-6922-3317-eyh1-77pq23700gj7,2026-07-05T13:50:09.106,core-banking,OK,MT103,CARDS,2128.8,INR,**************7397,SG,83
3af91u04-6922-3317-eyh1-77pq23700gj7,2026-07-05T13:50:09.178,settlement,SETTLED,MT103,CARDS,2128.8,INR,**************7397,SG,250
2zv21v79-5939-2731-zjp5-94wl95067ah2,2026-07-06T03:28:00.474,gateway,OK,0200,FAST,397.3,GBP,**************5207,HK,49
2zv21v79-5939-2731-zjp5-94wl95067ah2,2026-07-06T03:28:00.612,auth,OK,0200,FAST,397.3,GBP,**************5207,HK,89
2zv21v79-5939-2731-zjp5-94wl95067ah2,2026-07-06T03:28:00.745,validation,OK,0200,FAST,397.3,GBP,**************5207,HK,46
2zv21v79-5939-2731-zjp5-94wl95067ah2,2026-07-06T03:28:00.864,aml,TIMEOUT,0200,FAST,397.3,GBP,**************5207,HK,30000
2zv21v79-5939-2731-zjp5-94wl95067ah2,2026-07-06T03:28:01.106,payment-hub,FAILED,0200,FAST,397.3,GBP,**************5207,HK,44
8kn63c52-9966-6160-bdq2-69ag77415zd9,2026-07-05T14:55:33.979,gateway,OK,0200,SWIFT,6127.83,SGD,**************8049,SG,27
8kn63c52-9966-6160-bdq2-69ag77415zd9,2026-07-05T14:55:34.032,auth,OK,0200,SWIFT,6127.83,SGD,**************8049,SG,62
8kn63c52-9966-6160-bdq2-69ag77415zd9,2026-07-05T14:55:34.085,validation,OK,0200,SWIFT,6127.83,SGD,**************8049,SG,84
8kn63c52-9966-6160-bdq2-69ag77415zd9,2026-07-05T14:55:34.159,aml,OK,0200,SWIFT,6127.83,SGD,**************8049,SG,126
8kn63c52-9966-6160-bdq2-69ag77415zd9,2026-07-05T14:56:04.196,payment-hub,OK,0200,SWIFT,6127.83,SGD,**************8049,SG,127
8kn63c52-9966-6160-bdq2-69ag77415zd9,2026-07-05T14:56:04.315,core-banking,OK,0200,SWIFT,6127.83,SGD,**************8049,SG,62
8kn63c52-9966-6160-bdq2-69ag77415zd9,2026-07-05T14:56:04.391,settlement,SETTLED,0200,SWIFT,6127.83,SGD,**************8049,SG,302
4qu90q81-8645-3238-dmn7-23so49397zw3,2026-07-14T15:23:57.365,gateway,OK,pacs.008,FAST,8257.5,USD,**************2075,US,45
4qu90q81-8645-3238-dmn7-23so49397zw3,2026-07-14T15:23:57.414,auth,OK,pacs.008,FAST,8257.5,USD,**************2075,US,30
4qu90q81-8645-3238-dmn7-23so49397zw3,2026-07-14T15:23:57.547,validation,OK,pacs.008,FAST,8257.5,USD,**************2075,US,87
4qu90q81-8645-3238-dmn7-23so49397zw3,2026-07-14T15:23:57.771,aml,OK,pacs.008,FAST,8257.5,USD,**************2075,US,250
4qu90q81-8645-3238-dmn7-23so49397zw3,2026-07-14T15:23:57.931,payment-hub,OK,pacs.008,FAST,8257.5,USD,**************2075,US,148
4qu90q81-8645-3238-dmn7-23so49397zw3,2026-07-14T15:23:58.045,core-banking,OK,pacs.008,FAST,8257.5,USD,**************2075,US,197
4qu90q81-8645-3238-dmn7-23so49397zw3,2026-07-14T15:23:58.155,settlement,SETTLED,pacs.008,FAST,8257.5,USD,**************2075,US,324
2so78r54-4603-4862-uog5-41cl98800vp9,2026-07-08T02:49:18.605,gateway,OK,MT103,FAST,1386.14,USD,**************4849,SG,50
2so78r54-4603-4862-uog5-41cl98800vp9,2026-07-08T02:49:18.650,auth,OK,MT103,FAST,1386.14,USD,**************4849,SG,29
2so78r54-4603-4862-uog5-41cl98800vp9,2026-07-08T02:49:18.729,validation,OK,MT103,FAST,1386.14,USD,**************4849,SG,63
2so78r54-4603-4862-uog5-41cl98800vp9,2026-07-08T02:49:18.791,aml,OK,MT103,FAST,1386.14,USD,**************4849,SG,165
2so78r54-4603-4862-uog5-41cl98800vp9,2026-07-08T02:49:18.852,payment-hub,OK,MT103,FAST,1386.14,USD,**************4849,SG,110
2so78r54-4603-4862-uog5-41cl98800vp9,2026-07-08T02:49:18.983,core-banking,OK,MT103,FAST,1386.14,USD,**************4849,SG,148
2so78r54-4603-4862-uog5-41cl98800vp9,2026-07-08T02:49:19.038,settlement,SETTLED,MT103,FAST,1386.14,USD,**************4849,SG,186
2cd05b70-9225-3357-tnf1-04fi08935dy2,2026-07-06T17:18:01.374,gateway,OK,pacs.008,SWIFT,863.3,SGD,**************5969,HK,33
2cd05b70-9225-3357-tnf1-04fi08935dy2,2026-07-06T17:18:01.436,auth,OK,pacs.008,SWIFT,863.3,SGD,**************5969,HK,88
2cd05b70-9225-3357-tnf1-04fi08935dy2,2026-07-06T17:18:01.491,validation,OK,pacs.008,SWIFT,863.3,SGD,**************5969,HK,49
2cd05b70-9225-3357-tnf1-04fi08935dy2,2026-07-06T17:18:01.734,aml,OK,pacs.008,SWIFT,863.3,SGD,**************5969,HK,122
2cd05b70-9225-3357-tnf1-04fi08935dy2,2026-07-06T17:18:01.792,payment-hub,OK,pacs.008,SWIFT,863.3,SGD,**************5969,HK,33
2cd05b70-9225-3357-tnf1-04fi08935dy2,2026-07-06T17:18:01.885,core-banking,OK,pacs.008,SWIFT,863.3,SGD,**************5969,HK,224
2cd05b70-9225-3357-tnf1-04fi08935dy2,2026-07-06T17:18:01.968,settlement,SETTLED,pacs.008,SWIFT,863.3,SGD,**************5969,HK,333
4kc55z81-2185-7926-adl3-28tm82354vg8,2026-07-01T15:52:41.740,gateway,OK,pacs.008,FAST,68.67,USD,**************5745,US,56
4kc55z81-2185-7926-adl3-28tm82354vg8,2026-07-01T15:52:41.804,auth,OK,pacs.008,FAST,68.67,USD,**************5745,US,79
4kc55z81-2185-7926-adl3-28tm82354vg8,2026-07-01T15:52:41.941,validation,OK,pacs.008,FAST,68.67,USD,**************5745,US,49
4kc55z81-2185-7926-adl3-28tm82354vg8,2026-07-01T15:52:42.020,aml,OK,pacs.008,FAST,68.67,USD,**************5745,US,222
4kc55z81-2185-7926-adl3-28tm82354vg8,2026-07-01T15:52:42.285,payment-hub,OK,pacs.008,FAST,68.67,USD,**************5745,US,107
4kc55z81-2185-7926-adl3-28tm82354vg8,2026-07-01T15:52:42.354,core-banking,OK,pacs.008,FAST,68.67,USD,**************5745,US,206
4kc55z81-2185-7926-adl3-28tm82354vg8,2026-07-01T15:52:42.436,settlement,SETTLED,pacs.008,FAST,68.67,USD,**************5745,US,251
0ed42y71-2467-1908-vcz4-49vy47671te4,2026-07-06T16:09:43.276,gateway,OK,pacs.008,FAST,2027.38,MYR,**************8199,IN,46
0ed42y71-2467-1908-vcz4-49vy47671te4,2026-07-06T16:09:43.355,auth,OK,pacs.008,FAST,2027.38,MYR,**************8199,IN,54
0ed42y71-2467-1908-vcz4-49vy47671te4,2026-07-06T16:09:43.413,validation,OK,pacs.008,FAST,2027.38,MYR,**************8199,IN,46
0ed42y71-2467-1908-vcz4-49vy47671te4,2026-07-06T16:09:43.509,aml,OK,pacs.008,FAST,2027.38,MYR,**************8199,IN,288
0ed42y71-2467-1908-vcz4-49vy47671te4,2026-07-06T16:09:43.581,payment-hub,OK,pacs.008,FAST,2027.38,MYR,**************8199,IN,43
0ed42y71-2467-1908-vcz4-49vy47671te4,2026-07-06T16:09:43.833,core-banking,OK,pacs.008,FAST,2027.38,MYR,**************8199,IN,135
0ed42y71-2467-1908-vcz4-49vy47671te4,2026-07-06T16:09:43.924,settlement,SETTLED,pacs.008,FAST,2027.38,MYR,**************8199,IN,218
7lc94v77-1441-8256-fsc4-01kj37176bi4,2026-07-05T14:27:04.555,gateway,OK,pacs.008,CARDS,502.98,SGD,**************9330,SG,46
7lc94v77-1441-8256-fsc4-01kj37176bi4,2026-07-05T14:27:04.727,auth,OK,pacs.008,CARDS,502.98,SGD,**************9330,SG,20
7lc94v77-1441-8256-fsc4-01kj37176bi4,2026-07-05T14:27:04.909,validation,OK,pacs.008,CARDS,502.98,SGD,**************9330,SG,32
7lc94v77-1441-8256-fsc4-01kj37176bi4,2026-07-05T14:27:04.995,aml,OK,pacs.008,CARDS,502.98,SGD,**************9330,SG,161
7lc94v77-1441-8256-fsc4-01kj37176bi4,2026-07-05T14:27:05.298,payment-hub,OK,pacs.008,CARDS,502.98,SGD,**************9330,SG,111
7lc94v77-1441-8256-fsc4-01kj37176bi4,2026-07-05T14:27:05.373,core-banking,OK,pacs.008,CARDS,502.98,SGD,**************9330,SG,181
7lc94v77-1441-8256-fsc4-01kj37176bi4,2026-07-05T14:27:05.549,settlement,SETTLED,pacs.008,CARDS,502.98,SGD,**************9330,SG,163
3ri07v14-5703-9254-oxi2-10rh09669yg8,2026-07-08T20:41:36.074,gateway,OK,pacs.008,FAST,585.53,MYR,**************3996,HK,42
3ri07v14-5703-9254-oxi2-10rh09669yg8,2026-07-08T20:41:36.143,auth,OK,pacs.008,FAST,585.53,MYR,**************3996,HK,89
3ri07v14-5703-9254-oxi2-10rh09669yg8,2026-07-08T20:41:36.266,validation,OK,pacs.008,FAST,585.53,MYR,**************3996,HK,113
3ri07v14-5703-9254-oxi2-10rh09669yg8,2026-07-08T20:41:36.458,aml,OK,pacs.008,FAST,585.53,MYR,**************3996,HK,275
3ri07v14-5703-9254-oxi2-10rh09669yg8,2026-07-08T20:41:36.548,payment-hub,OK,pacs.008,FAST,585.53,MYR,**************3996,HK,146
3ri07v14-5703-9254-oxi2-10rh09669yg8,2026-07-08T20:41:36.590,core-banking,OK,pacs.008,FAST,585.53,MYR,**************3996,HK,248
3ri07v14-5703-9254-oxi2-10rh09669yg8,2026-07-08T20:41:36.646,settlement,SETTLED,pacs.008,FAST,585.53,MYR,**************3996,HK,68
8up46s40-6859-6190-gbr6-27un85369qh6,2026-07-03T20:46:32.406,gateway,OK,pacs.008,FAST,3329.86,SGD,**************2666,GB,26
8up46s40-6859-6190-gbr6-27un85369qh6,2026-07-03T20:46:32.467,auth,OK,pacs.008,FAST,3329.86,SGD,**************2666,GB,71
8up46s40-6859-6190-gbr6-27un85369qh6,2026-07-03T20:46:32.616,validation,OK,pacs.008,FAST,3329.86,SGD,**************2666,GB,119
8up46s40-6859-6190-gbr6-27un85369qh6,2026-07-03T20:46:32.746,aml,OK,pacs.008,FAST,3329.86,SGD,**************2666,GB,251
8up46s40-6859-6190-gbr6-27un85369qh6,2026-07-03T20:46:32.848,payment-hub,OK,pacs.008,FAST,3329.86,SGD,**************2666,GB,95
8up46s40-6859-6190-gbr6-27un85369qh6,2026-07-03T20:46:33.124,core-banking,OK,pacs.008,FAST,3329.86,SGD,**************2666,GB,91
8up46s40-6859-6190-gbr6-27un85369qh6,2026-07-03T20:46:33.273,settlement,SETTLED,pacs.008,FAST,3329.86,SGD,**************2666,GB,318
9fc89q73-8977-7956-vxn3-60fn83581mt9,2026-07-13T11:13:02.559,gateway,OK,0200,SWIFT,1460.91,MYR,**************4833,IN,47
9fc89q73-8977-7956-vxn3-60fn83581mt9,2026-07-13T11:13:02.770,auth,OK,0200,SWIFT,1460.91,MYR,**************4833,IN,86
9fc89q73-8977-7956-vxn3-60fn83581mt9,2026-07-13T11:13:02.822,validation,OK,0200,SWIFT,1460.91,MYR,**************4833,IN,63
9fc89q73-8977-7956-vxn3-60fn83581mt9,2026-07-13T11:13:02.928,aml,OK,0200,SWIFT,1460.91,MYR,**************4833,IN,296
9fc89q73-8977-7956-vxn3-60fn83581mt9,2026-07-13T11:13:32.957,payment-hub,OK,0200,SWIFT,1460.91,MYR,**************4833,IN,99
9fc89q73-8977-7956-vxn3-60fn83581mt9,2026-07-13T11:13:33.210,core-banking,OK,0200,SWIFT,1460.91,MYR,**************4833,IN,229
9fc89q73-8977-7956-vxn3-60fn83581mt9,2026-07-13T11:13:33.313,settlement,SETTLED,0200,SWIFT,1460.91,MYR,**************4833,IN,259
0ki02k40-2566-7092-cga4-74xl78233mn4,2026-07-01T16:14:50.795,gateway,OK,pacs.008,FAST,901.72,SGD,**************0424,IN,25
0ki02k40-2566-7092-cga4-74xl78233mn4,2026-07-01T16:14:50.954,auth,OK,pacs.008,FAST,901.72,SGD,**************0424,IN,26
0ki02k40-2566-7092-cga4-74xl78233mn4,2026-07-01T16:14:51.040,validation,OK,pacs.008,FAST,901.72,SGD,**************0424,IN,74
0ki02k40-2566-7092-cga4-74xl78233mn4,2026-07-01T16:14:51.107,aml,OK,pacs.008,FAST,901.72,SGD,**************0424,IN,299
0ki02k40-2566-7092-cga4-74xl78233mn4,2026-07-01T16:14:51.201,payment-hub,OK,pacs.008,FAST,901.72,SGD,**************0424,IN,114
0ki02k40-2566-7092-cga4-74xl78233mn4,2026-07-01T16:14:51.315,core-banking,OK,pacs.008,FAST,901.72,SGD,**************0424,IN,122
0ki02k40-2566-7092-cga4-74xl78233mn4,2026-07-01T16:14:51.472,settlement,SETTLED,pacs.008,FAST,901.72,SGD,**************0424,IN,83
5te68b77-6252-8579-jbi4-12cq87328ak1,2026-07-14T16:19:45.092,gateway,OK,MT103,SWIFT,457.86,MYR,**************2701,US,34
5te68b77-6252-8579-jbi4-12cq87328ak1,2026-07-14T16:19:45.270,auth,OK,MT103,SWIFT,457.86,MYR,**************2701,US,59
5te68b77-6252-8579-jbi4-12cq87328ak1,2026-07-14T16:19:45.461,validation,OK,MT103,SWIFT,457.86,MYR,**************2701,US,57
5te68b77-6252-8579-jbi4-12cq87328ak1,2026-07-14T16:19:45.505,aml,OK,MT103,SWIFT,457.86,MYR,**************2701,US,95
5te68b77-6252-8579-jbi4-12cq87328ak1,2026-07-14T16:19:45.719,payment-hub,OK,MT103,SWIFT,457.86,MYR,**************2701,US,70
5te68b77-6252-8579-jbi4-12cq87328ak1,2026-07-14T16:19:46.032,core-banking,OK,MT103,SWIFT,457.86,MYR,**************2701,US,188
5te68b77-6252-8579-jbi4-12cq87328ak1,2026-07-14T16:19:46.112,settlement,SETTLED,MT103,SWIFT,457.86,MYR,**************2701,US,150
0fo76z34-6722-7950-zyx7-47qn65612ma4,2026-07-09T23:19:04.886,gateway,OK,0200,FAST,1244.29,USD,**************7408,SG,32
0fo76z34-6722-7950-zyx7-47qn65612ma4,2026-07-09T23:19:04.956,auth,OK,0200,FAST,1244.29,USD,**************7408,SG,66
0fo76z34-6722-7950-zyx7-47qn65612ma4,2026-07-09T23:19:04.983,validation,REJECTED,0200,FAST,1244.29,USD,**************7408,SG,43
1pp64n05-3441-9580-qet9-51cz72380ae9,2026-07-07T11:49:41.912,gateway,OK,0200,SWIFT,1740.31,USD,**************3677,SG,25
1pp64n05-3441-9580-qet9-51cz72380ae9,2026-07-07T11:49:41.940,auth,OK,0200,SWIFT,1740.31,USD,**************3677,SG,24
1pp64n05-3441-9580-qet9-51cz72380ae9,2026-07-07T11:49:42.104,validation,OK,0200,SWIFT,1740.31,USD,**************3677,SG,55
1pp64n05-3441-9580-qet9-51cz72380ae9,2026-07-07T11:49:42.221,aml,OK,0200,SWIFT,1740.31,USD,**************3677,SG,224
1pp64n05-3441-9580-qet9-51cz72380ae9,2026-07-07T11:49:42.393,payment-hub,OK,0200,SWIFT,1740.31,USD,**************3677,SG,33
1pp64n05-3441-9580-qet9-51cz72380ae9,2026-07-07T11:49:42.451,core-banking,OK,0200,SWIFT,1740.31,USD,**************3677,SG,89
1pp64n05-3441-9580-qet9-51cz72380ae9,2026-07-07T11:49:42.511,settlement,SETTLED,0200,SWIFT,1740.31,USD,**************3677,SG,348
7vm88u69-9619-8101-pkk9-04lr24160qt2,2026-07-02T17:19:00.713,gateway,OK,pacs.008,SWIFT,1040.14,SGD,**************5781,SG,37
7vm88u69-9619-8101-pkk9-04lr24160qt2,2026-07-02T17:19:00.775,auth,OK,pacs.008,SWIFT,1040.14,SGD,**************5781,SG,44
7vm88u69-9619-8101-pkk9-04lr24160qt2,2026-07-02T17:19:01.020,validation,OK,pacs.008,SWIFT,1040.14,SGD,**************5781,SG,54
7vm88u69-9619-8101-pkk9-04lr24160qt2,2026-07-02T17:19:01.170,aml,OK,pacs.008,SWIFT,1040.14,SGD,**************5781,SG,45
7vm88u69-9619-8101-pkk9-04lr24160qt2,2026-07-02T17:19:01.289,payment-hub,OK,pacs.008,SWIFT,1040.14,SGD,**************5781,SG,69
7vm88u69-9619-8101-pkk9-04lr24160qt2,2026-07-02T17:19:01.378,core-banking,OK,pacs.008,SWIFT,1040.14,SGD,**************5781,SG,91
7vm88u69-9619-8101-pkk9-04lr24160qt2,2026-07-02T17:19:01.536,settlement,SETTLED,pacs.008,SWIFT,1040.14,SGD,**************5781,SG,376
0us58p09-6507-8118-qzi7-69sh79726np5,2026-07-04T15:26:40.920,gateway,OK,pacs.008,FAST,835.61,USD,**************6127,SG,45
0us58p09-6507-8118-qzi7-69sh79726np5,2026-07-04T15:26:40.962,auth,OK,pacs.008,FAST,835.61,USD,**************6127,SG,24
0us58p09-6507-8118-qzi7-69sh79726np5,2026-07-04T15:26:41.195,validation,OK,pacs.008,FAST,835.61,USD,**************6127,SG,79
0us58p09-6507-8118-qzi7-69sh79726np5,2026-07-04T15:26:41.357,aml,OK,pacs.008,FAST,835.61,USD,**************6127,SG,177
0us58p09-6507-8118-qzi7-69sh79726np5,2026-07-04T15:26:41.493,payment-hub,OK,pacs.008,FAST,835.61,USD,**************6127,SG,150
0us58p09-6507-8118-qzi7-69sh79726np5,2026-07-04T15:26:41.578,core-banking,OK,pacs.008,FAST,835.61,USD,**************6127,SG,195
0us58p09-6507-8118-qzi7-69sh79726np5,2026-07-04T15:26:41.845,settlement,SETTLED,pacs.008,FAST,835.61,USD,**************6127,SG,282
2om05m89-5737-2959-pum5-14ng98927ta5,2026-07-09T18:21:47.371,gateway,OK,pacs.008,FAST,369.49,SGD,**************0387,SG,23
2om05m89-5737-2959-pum5-14ng98927ta5,2026-07-09T18:21:47.443,auth,OK,pacs.008,FAST,369.49,SGD,**************0387,SG,48
2om05m89-5737-2959-pum5-14ng98927ta5,2026-07-09T18:21:47.539,validation,OK,pacs.008,FAST,369.49,SGD,**************0387,SG,82
2om05m89-5737-2959-pum5-14ng98927ta5,2026-07-09T18:21:47.644,aml,OK,pacs.008,FAST,369.49,SGD,**************0387,SG,115
2om05m89-5737-2959-pum5-14ng98927ta5,2026-07-09T18:21:47.833,payment-hub,OK,pacs.008,FAST,369.49,SGD,**************0387,SG,145
2om05m89-5737-2959-pum5-14ng98927ta5,2026-07-09T18:21:48.095,core-banking,OK,pacs.008,FAST,369.49,SGD,**************0387,SG,232
2om05m89-5737-2959-pum5-14ng98927ta5,2026-07-09T18:21:48.378,settlement,SETTLED,pacs.008,FAST,369.49,SGD,**************0387,SG,112
5rx40m29-7570-3947-zja3-90by82670oz2,2026-07-11T10:42:16.093,gateway,OK,MT103,FAST,263.42,SGD,**************0767,SG,53
5rx40m29-7570-3947-zja3-90by82670oz2,2026-07-11T10:42:16.178,auth,OK,MT103,FAST,263.42,SGD,**************0767,SG,82
5rx40m29-7570-3947-zja3-90by82670oz2,2026-07-11T10:42:16.222,validation,OK,MT103,FAST,263.42,SGD,**************0767,SG,62
5rx40m29-7570-3947-zja3-90by82670oz2,2026-07-11T10:42:16.296,aml,OK,MT103,FAST,263.42,SGD,**************0767,SG,112
5rx40m29-7570-3947-zja3-90by82670oz2,2026-07-11T10:42:16.334,payment-hub,OK,MT103,FAST,263.42,SGD,**************0767,SG,66
5rx40m29-7570-3947-zja3-90by82670oz2,2026-07-11T10:42:16.407,core-banking,OK,MT103,FAST,263.42,SGD,**************0767,SG,175
5rx40m29-7570-3947-zja3-90by82670oz2,2026-07-11T10:42:16.671,settlement,SETTLED,MT103,FAST,263.42,SGD,**************0767,SG,363
9nd82r72-3517-6554-aba1-94xy96628jd9,2026-07-03T15:57:17.213,gateway,OK,pacs.008,FAST,1252.01,EUR,**************9856,SG,17
9nd82r72-3517-6554-aba1-94xy96628jd9,2026-07-03T15:57:17.274,auth,OK,pacs.008,FAST,1252.01,EUR,**************9856,SG,68
9nd82r72-3517-6554-aba1-94xy96628jd9,2026-07-03T15:57:17.331,validation,OK,pacs.008,FAST,1252.01,EUR,**************9856,SG,64
9nd82r72-3517-6554-aba1-94xy96628jd9,2026-07-03T15:57:17.401,aml,OK,pacs.008,FAST,1252.01,EUR,**************9856,SG,80
9nd82r72-3517-6554-aba1-94xy96628jd9,2026-07-03T15:57:17.494,payment-hub,OK,pacs.008,FAST,1252.01,EUR,**************9856,SG,114
9nd82r72-3517-6554-aba1-94xy96628jd9,2026-07-03T15:57:17.573,core-banking,OK,pacs.008,FAST,1252.01,EUR,**************9856,SG,156
9nd82r72-3517-6554-aba1-94xy96628jd9,2026-07-03T15:57:17.622,settlement,SETTLED,pacs.008,FAST,1252.01,EUR,**************9856,SG,259
7dh33k45-2853-5604-xdm1-63lw34182kz3,2026-07-09T10:14:13.415,gateway,OK,pacs.008,SWIFT,408.6,SGD,**************5738,US,56
7dh33k45-2853-5604-xdm1-63lw34182kz3,2026-07-09T10:14:13.529,auth,OK,pacs.008,SWIFT,408.6,SGD,**************5738,US,73
7dh33k45-2853-5604-xdm1-63lw34182kz3,2026-07-09T10:14:13.680,validation,OK,pacs.008,SWIFT,408.6,SGD,**************5738,US,72
7dh33k45-2853-5604-xdm1-63lw34182kz3,2026-07-09T10:14:13.748,aml,OK,pacs.008,SWIFT,408.6,SGD,**************5738,US,235
7dh33k45-2853-5604-xdm1-63lw34182kz3,2026-07-09T10:14:13.832,payment-hub,OK,pacs.008,SWIFT,408.6,SGD,**************5738,US,38
7dh33k45-2853-5604-xdm1-63lw34182kz3,2026-07-09T10:14:14.066,core-banking,OK,pacs.008,SWIFT,408.6,SGD,**************5738,US,185
7dh33k45-2853-5604-xdm1-63lw34182kz3,2026-07-09T10:14:14.186,settlement,SETTLED,pacs.008,SWIFT,408.6,SGD,**************5738,US,286
0bf80b81-3922-5852-kha0-17qd38564qm4,2026-07-09T03:28:04.524,gateway,OK,MT103,SWIFT,1377.66,SGD,**************7330,SG,48
0bf80b81-3922-5852-kha0-17qd38564qm4,2026-07-09T03:28:04.737,auth,OK,MT103,SWIFT,1377.66,SGD,**************7330,SG,46
0bf80b81-3922-5852-kha0-17qd38564qm4,2026-07-09T03:28:04.824,validation,OK,MT103,SWIFT,1377.66,SGD,**************7330,SG,55
0bf80b81-3922-5852-kha0-17qd38564qm4,2026-07-09T03:28:04.863,aml,OK,MT103,SWIFT,1377.66,SGD,**************7330,SG,137
0bf80b81-3922-5852-kha0-17qd38564qm4,2026-07-09T03:28:04.972,payment-hub,OK,MT103,SWIFT,1377.66,SGD,**************7330,SG,123
0bf80b81-3922-5852-kha0-17qd38564qm4,2026-07-09T03:28:05.034,core-banking,OK,MT103,SWIFT,1377.66,SGD,**************7330,SG,141
0bf80b81-3922-5852-kha0-17qd38564qm4,2026-07-09T03:28:05.130,settlement,SETTLED,MT103,SWIFT,1377.66,SGD,**************7330,SG,68
8ee40f63-1299-8319-mjt9-83rt42371ax9,2026-07-09T05:19:04.953,gateway,OK,MT103,SWIFT,221.68,SGD,**************4287,MY,30
8ee40f63-1299-8319-mjt9-83rt42371ax9,2026-07-09T05:19:05.090,auth,OK,MT103,SWIFT,221.68,SGD,**************4287,MY,55
8ee40f63-1299-8319-mjt9-83rt42371ax9,2026-07-09T05:19:05.173,validation,OK,MT103,SWIFT,221.68,SGD,**************4287,MY,85
8ee40f63-1299-8319-mjt9-83rt42371ax9,2026-07-09T05:19:05.396,aml,OK,MT103,SWIFT,221.68,SGD,**************4287,MY,52
8ee40f63-1299-8319-mjt9-83rt42371ax9,2026-07-09T05:19:05.539,payment-hub,OK,MT103,SWIFT,221.68,SGD,**************4287,MY,112
8ee40f63-1299-8319-mjt9-83rt42371ax9,2026-07-09T05:19:05.742,core-banking,OK,MT103,SWIFT,221.68,SGD,**************4287,MY,143
8ee40f63-1299-8319-mjt9-83rt42371ax9,2026-07-09T05:19:05.794,settlement,SETTLED,MT103,SWIFT,221.68,SGD,**************4287,MY,163
4cn71s95-0339-6668-xcc6-05sz05075yf9,2026-07-10T10:03:01.778,gateway,OK,pacs.008,FAST,320.69,USD,**************4648,GB,41
4cn71s95-0339-6668-xcc6-05sz05075yf9,2026-07-10T10:03:01.836,auth,OK,pacs.008,FAST,320.69,USD,**************4648,GB,64
4cn71s95-0339-6668-xcc6-05sz05075yf9,2026-07-10T10:03:01.923,validation,OK,pacs.008,FAST,320.69,USD,**************4648,GB,59
4cn71s95-0339-6668-xcc6-05sz05075yf9,2026-07-10T10:03:02.149,aml,OK,pacs.008,FAST,320.69,USD,**************4648,GB,235
4cn71s95-0339-6668-xcc6-05sz05075yf9,2026-07-10T10:03:02.220,payment-hub,OK,pacs.008,FAST,320.69,USD,**************4648,GB,102
4cn71s95-0339-6668-xcc6-05sz05075yf9,2026-07-10T10:03:02.308,core-banking,OK,pacs.008,FAST,320.69,USD,**************4648,GB,183
4cn71s95-0339-6668-xcc6-05sz05075yf9,2026-07-10T10:03:02.586,settlement,SETTLED,pacs.008,FAST,320.69,USD,**************4648,GB,85
1db74y12-7138-4546-ipi5-53qt19506zn1,2026-07-05T03:21:32.355,gateway,OK,MT103,CARDS,132.46,SGD,**************0575,SG,37
1db74y12-7138-4546-ipi5-53qt19506zn1,2026-07-05T03:21:32.519,auth,OK,MT103,CARDS,132.46,SGD,**************0575,SG,60
1db74y12-7138-4546-ipi5-53qt19506zn1,2026-07-05T03:21:32.606,validation,OK,MT103,CARDS,132.46,SGD,**************0575,SG,89
1db74y12-7138-4546-ipi5-53qt19506zn1,2026-07-05T03:21:32.671,aml,OK,MT103,CARDS,132.46,SGD,**************0575,SG,43
1db74y12-7138-4546-ipi5-53qt19506zn1,2026-07-05T03:21:32.754,payment-hub,OK,MT103,CARDS,132.46,SGD,**************0575,SG,36
1db74y12-7138-4546-ipi5-53qt19506zn1,2026-07-05T03:21:33.011,core-banking,OK,MT103,CARDS,132.46,SGD,**************0575,SG,156
1db74y12-7138-4546-ipi5-53qt19506zn1,2026-07-05T03:21:33.082,settlement,SETTLED,MT103,CARDS,132.46,SGD,**************0575,SG,93
9lq15b29-6840-0410-xpt1-24ix93722al1,2026-07-05T20:43:16.131,gateway,OK,pacs.008,CARDS,999.92,SGD,**************7888,US,39
9lq15b29-6840-0410-xpt1-24ix93722al1,2026-07-05T20:43:16.182,auth,OK,pacs.008,CARDS,999.92,SGD,**************7888,US,47
9lq15b29-6840-0410-xpt1-24ix93722al1,2026-07-05T20:43:16.273,validation,OK,pacs.008,CARDS,999.92,SGD,**************7888,US,84
9lq15b29-6840-0410-xpt1-24ix93722al1,2026-07-05T20:43:16.429,aml,TIMEOUT,pacs.008,CARDS,999.92,SGD,**************7888,US,30000
9lq15b29-6840-0410-xpt1-24ix93722al1,2026-07-05T20:43:16.608,payment-hub,FAILED,pacs.008,CARDS,999.92,SGD,**************7888,US,103
9lh00n71-9633-7830-jma3-04hn37735sf5,2026-07-14T17:19:32.574,gateway,OK,pacs.008,FAST,682.93,SGD,**************9308,SG,26
9lh00n71-9633-7830-jma3-04hn37735sf5,2026-07-14T17:19:32.610,auth,OK,pacs.008,FAST,682.93,SGD,**************9308,SG,22
9lh00n71-9633-7830-jma3-04hn37735sf5,2026-07-14T17:19:32.749,validation,OK,pacs.008,FAST,682.93,SGD,**************9308,SG,44
9lh00n71-9633-7830-jma3-04hn37735sf5,2026-07-14T17:19:32.852,aml,OK,pacs.008,FAST,682.93,SGD,**************9308,SG,255
9lh00n71-9633-7830-jma3-04hn37735sf5,2026-07-14T17:19:32.923,payment-hub,OK,pacs.008,FAST,682.93,SGD,**************9308,SG,90
9lh00n71-9633-7830-jma3-04hn37735sf5,2026-07-14T17:19:33.016,core-banking,OK,pacs.008,FAST,682.93,SGD,**************9308,SG,215
9lh00n71-9633-7830-jma3-04hn37735sf5,2026-07-14T17:19:33.070,settlement,SETTLED,pacs.008,FAST,682.93,SGD,**************9308,SG,320
8hc36a26-0666-4058-njy6-30eh43779kr0,2026-07-12T00:00:31.625,gateway,OK,pacs.008,FAST,2581.29,USD,**************4092,SG,26
8hc36a26-0666-4058-njy6-30eh43779kr0,2026-07-12T00:00:31.815,auth,OK,pacs.008,FAST,2581.29,USD,**************4092,SG,54
8hc36a26-0666-4058-njy6-30eh43779kr0,2026-07-12T00:00:31.894,validation,OK,pacs.008,FAST,2581.29,USD,**************4092,SG,43
8hc36a26-0666-4058-njy6-30eh43779kr0,2026-07-12T00:00:32.153,aml,TIMEOUT,pacs.008,FAST,2581.29,USD,**************4092,SG,30000
8hc36a26-0666-4058-njy6-30eh43779kr0,2026-07-12T00:00:32.330,payment-hub,FAILED,pacs.008,FAST,2581.29,USD,**************4092,SG,122
0lj81e79-7189-6968-piu8-34jr93170wx0,2026-07-07T18:13:11.238,gateway,OK,MT103,FAST,8970.2,SGD,**************2566,US,37
0lj81e79-7189-6968-piu8-34jr93170wx0,2026-07-07T18:13:11.344,auth,OK,MT103,FAST,8970.2,SGD,**************2566,US,63
0lj81e79-7189-6968-piu8-34jr93170wx0,2026-07-07T18:13:41.382,validation,OK,MT103,FAST,8970.2,SGD,**************2566,US,35
0lj81e79-7189-6968-piu8-34jr93170wx0,2026-07-07T18:13:41.644,aml,OK,MT103,FAST,8970.2,SGD,**************2566,US,123
0lj81e79-7189-6968-piu8-34jr93170wx0,2026-07-07T18:13:41.697,payment-hub,OK,MT103,FAST,8970.2,SGD,**************2566,US,105
0lj81e79-7189-6968-piu8-34jr93170wx0,2026-07-07T18:13:41.750,core-banking,OK,MT103,FAST,8970.2,SGD,**************2566,US,212
0lj81e79-7189-6968-piu8-34jr93170wx0,2026-07-07T18:13:41.842,settlement,SETTLED,MT103,FAST,8970.2,SGD,**************2566,US,328
3ob01l95-7550-8561-ack9-27ve49065zu1,2026-07-08T16:27:01.288,gateway,OK,pacs.008,SWIFT,776.69,SGD,**************3488,SG,41
3ob01l95-7550-8561-ack9-27ve49065zu1,2026-07-08T16:27:01.383,auth,OK,pacs.008,SWIFT,776.69,SGD,**************3488,SG,20
3ob01l95-7550-8561-ack9-27ve49065zu1,2026-07-08T16:27:01.420,validation,OK,pacs.008,SWIFT,776.69,SGD,**************3488,SG,88
3ob01l95-7550-8561-ack9-27ve49065zu1,2026-07-08T16:27:01.526,aml,TIMEOUT,pacs.008,SWIFT,776.69,SGD,**************3488,SG,30000
3ob01l95-7550-8561-ack9-27ve49065zu1,2026-07-08T16:27:01.621,payment-hub,FAILED,pacs.008,SWIFT,776.69,SGD,**************3488,SG,125
4pm47t57-7421-8322-gbi6-73jc06234zl2,2026-07-03T07:02:22.480,gateway,OK,pacs.008,SWIFT,372.16,USD,**************3431,MY,55
4pm47t57-7421-8322-gbi6-73jc06234zl2,2026-07-03T07:02:22.706,auth,OK,pacs.008,SWIFT,372.16,USD,**************3431,MY,68
4pm47t57-7421-8322-gbi6-73jc06234zl2,2026-07-03T07:02:22.796,validation,OK,pacs.008,SWIFT,372.16,USD,**************3431,MY,41
4pm47t57-7421-8322-gbi6-73jc06234zl2,2026-07-03T07:02:22.874,aml,OK,pacs.008,SWIFT,372.16,USD,**************3431,MY,232
4pm47t57-7421-8322-gbi6-73jc06234zl2,2026-07-03T07:02:22.926,payment-hub,OK,pacs.008,SWIFT,372.16,USD,**************3431,MY,38
4pm47t57-7421-8322-gbi6-73jc06234zl2,2026-07-03T07:02:23.122,core-banking,OK,pacs.008,SWIFT,372.16,USD,**************3431,MY,66
4pm47t57-7421-8322-gbi6-73jc06234zl2,2026-07-03T07:02:23.352,settlement,SETTLED,pacs.008,SWIFT,372.16,USD,**************3431,MY,74
8ds58u97-3796-2176-ehf2-36sj35190nm6,2026-07-11T16:34:50.584,gateway,OK,pacs.008,FAST,186.93,SGD,**************8879,SG,15
8ds58u97-3796-2176-ehf2-36sj35190nm6,2026-07-11T16:34:50.702,auth,OK,pacs.008,FAST,186.93,SGD,**************8879,SG,46
8ds58u97-3796-2176-ehf2-36sj35190nm6,2026-07-11T16:34:50.781,validation,OK,pacs.008,FAST,186.93,SGD,**************8879,SG,80
8ds58u97-3796-2176-ehf2-36sj35190nm6,2026-07-11T16:34:51.007,aml,OK,pacs.008,FAST,186.93,SGD,**************8879,SG,251
8ds58u97-3796-2176-ehf2-36sj35190nm6,2026-07-11T16:34:51.060,payment-hub,OK,pacs.008,FAST,186.93,SGD,**************8879,SG,129
8ds58u97-3796-2176-ehf2-36sj35190nm6,2026-07-11T16:34:51.219,core-banking,OK,pacs.008,FAST,186.93,SGD,**************8879,SG,115
8ds58u97-3796-2176-ehf2-36sj35190nm6,2026-07-11T16:34:51.332,settlement,SETTLED,pacs.008,FAST,186.93,SGD,**************8879,SG,188
9rg05m03-9289-4253-pwr5-86pj00585gs8,2026-07-03T19:41:05.734,gateway,OK,MT103,SWIFT,804.37,SGD,**************7375,SG,55
9rg05m03-9289-4253-pwr5-86pj00585gs8,2026-07-03T19:41:05.844,auth,OK,MT103,SWIFT,804.37,SGD,**************7375,SG,89
9rg05m03-9289-4253-pwr5-86pj00585gs8,2026-07-03T19:41:06.091,validation,OK,MT103,SWIFT,804.37,SGD,**************7375,SG,57
9rg05m03-9289-4253-pwr5-86pj00585gs8,2026-07-03T19:41:06.359,aml,OK,MT103,SWIFT,804.37,SGD,**************7375,SG,168
9rg05m03-9289-4253-pwr5-86pj00585gs8,2026-07-03T19:41:06.569,payment-hub,OK,MT103,SWIFT,804.37,SGD,**************7375,SG,104
9rg05m03-9289-4253-pwr5-86pj00585gs8,2026-07-03T19:41:06.684,core-banking,OK,MT103,SWIFT,804.37,SGD,**************7375,SG,225
9rg05m03-9289-4253-pwr5-86pj00585gs8,2026-07-03T19:41:06.771,settlement,SETTLED,MT103,SWIFT,804.37,SGD,**************7375,SG,239
2oo76f51-6543-1410-ivp0-45pb26236be6,2026-07-11T03:11:43.533,gateway,OK,pacs.008,FAST,988.39,SGD,**************5094,SG,30
2oo76f51-6543-1410-ivp0-45pb26236be6,2026-07-11T03:11:43.607,auth,OK,pacs.008,FAST,988.39,SGD,**************5094,SG,49
2oo76f51-6543-1410-ivp0-45pb26236be6,2026-07-11T03:11:43.754,validation,OK,pacs.008,FAST,988.39,SGD,**************5094,SG,38
2oo76f51-6543-1410-ivp0-45pb26236be6,2026-07-11T03:11:43.857,aml,OK,pacs.008,FAST,988.39,SGD,**************5094,SG,44
2oo76f51-6543-1410-ivp0-45pb26236be6,2026-07-11T03:11:44.107,payment-hub,OK,pacs.008,FAST,988.39,SGD,**************5094,SG,57
2oo76f51-6543-1410-ivp0-45pb26236be6,2026-07-11T03:11:44.191,core-banking,OK,pacs.008,FAST,988.39,SGD,**************5094,SG,158
2oo76f51-6543-1410-ivp0-45pb26236be6,2026-07-11T03:11:44.277,settlement,SETTLED,pacs.008,FAST,988.39,SGD,**************5094,SG,119
1qo57c13-5024-8342-ocf8-00vu52019ix7,2026-07-09T21:32:04.614,gateway,OK,pacs.008,FAST,432.96,SGD,**************4106,IN,33
1qo57c13-5024-8342-ocf8-00vu52019ix7,2026-07-09T21:32:04.705,auth,OK,pacs.008,FAST,432.96,SGD,**************4106,IN,32
1qo57c13-5024-8342-ocf8-00vu52019ix7,2026-07-09T21:32:04.836,validation,OK,pacs.008,FAST,432.96,SGD,**************4106,IN,73
1qo57c13-5024-8342-ocf8-00vu52019ix7,2026-07-09T21:32:04.902,aml,OK,pacs.008,FAST,432.96,SGD,**************4106,IN,96
1qo57c13-5024-8342-ocf8-00vu52019ix7,2026-07-09T21:32:05.003,payment-hub,OK,pacs.008,FAST,432.96,SGD,**************4106,IN,36
1qo57c13-5024-8342-ocf8-00vu52019ix7,2026-07-09T21:32:05.072,core-banking,OK,pacs.008,FAST,432.96,SGD,**************4106,IN,229
1qo57c13-5024-8342-ocf8-00vu52019ix7,2026-07-09T21:32:05.220,settlement,SETTLED,pacs.008,FAST,432.96,SGD,**************4106,IN,325
0js75m06-4161-2122-yps8-15fn33222nf3,2026-07-08T02:23:01.517,gateway,OK,0200,FAST,84.08,SGD,**************1016,GB,32
0js75m06-4161-2122-yps8-15fn33222nf3,2026-07-08T02:23:01.670,auth,OK,0200,FAST,84.08,SGD,**************1016,GB,74
0js75m06-4161-2122-yps8-15fn33222nf3,2026-07-08T02:23:31.695,validation,OK,0200,FAST,84.08,SGD,**************1016,GB,118
0js75m06-4161-2122-yps8-15fn33222nf3,2026-07-08T02:23:31.799,aml,OK,0200,FAST,84.08,SGD,**************1016,GB,43
0js75m06-4161-2122-yps8-15fn33222nf3,2026-07-08T02:23:31.865,payment-hub,OK,0200,FAST,84.08,SGD,**************1016,GB,118
0js75m06-4161-2122-yps8-15fn33222nf3,2026-07-08T02:23:31.993,core-banking,OK,0200,FAST,84.08,SGD,**************1016,GB,65
0js75m06-4161-2122-yps8-15fn33222nf3,2026-07-08T02:23:32.142,settlement,SETTLED,0200,FAST,84.08,SGD,**************1016,GB,356
3fi23p65-8177-7573-szx0-71ey76427ph9,2026-07-09T07:02:05.844,gateway,OK,pacs.008,CARDS,1136.92,SGD,**************3784,SG,56
3fi23p65-8177-7573-szx0-71ey76427ph9,2026-07-09T07:02:06.010,auth,OK,pacs.008,CARDS,1136.92,SGD,**************3784,SG,86
3fi23p65-8177-7573-szx0-71ey76427ph9,2026-07-09T07:02:06.106,validation,OK,pacs.008,CARDS,1136.92,SGD,**************3784,SG,62
3fi23p65-8177-7573-szx0-71ey76427ph9,2026-07-09T07:02:06.338,aml,OK,pacs.008,CARDS,1136.92,SGD,**************3784,SG,135
3fi23p65-8177-7573-szx0-71ey76427ph9,2026-07-09T07:02:06.550,payment-hub,OK,pacs.008,CARDS,1136.92,SGD,**************3784,SG,119
3fi23p65-8177-7573-szx0-71ey76427ph9,2026-07-09T07:02:06.639,core-banking,OK,pacs.008,CARDS,1136.92,SGD,**************3784,SG,53
3fi23p65-8177-7573-szx0-71ey76427ph9,2026-07-09T07:02:06.908,settlement,SETTLED,pacs.008,CARDS,1136.92,SGD,**************3784,SG,345
3ed59f93-8836-3223-yza1-02ez81290oy4,2026-07-09T02:55:58.177,gateway,OK,pacs.008,SWIFT,3113.13,USD,**************3587,SG,35
3ed59f93-8836-3223-yza1-02ez81290oy4,2026-07-09T02:55:58.224,auth,OK,pacs.008,SWIFT,3113.13,USD,**************3587,SG,36
3ed59f93-8836-3223-yza1-02ez81290oy4,2026-07-09T02:55:58.283,validation,OK,pacs.008,SWIFT,3113.13,USD,**************3587,SG,87
3ed59f93-8836-3223-yza1-02ez81290oy4,2026-07-09T02:55:58.333,aml,OK,pacs.008,SWIFT,3113.13,USD,**************3587,SG,84
3ed59f93-8836-3223-yza1-02ez81290oy4,2026-07-09T02:55:58.509,payment-hub,OK,pacs.008,SWIFT,3113.13,USD,**************3587,SG,139
3ed59f93-8836-3223-yza1-02ez81290oy4,2026-07-09T02:55:58.632,core-banking,OK,pacs.008,SWIFT,3113.13,USD,**************3587,SG,77
3ed59f93-8836-3223-yza1-02ez81290oy4,2026-07-09T02:55:58.680,settlement,SETTLED,pacs.008,SWIFT,3113.13,USD,**************3587,SG,168
0vh35b92-1066-1781-fgf7-70tq53876dy8,2026-07-03T08:08:13.708,gateway,OK,MT103,FAST,194.28,SGD,**************3132,SG,53
0vh35b92-1066-1781-fgf7-70tq53876dy8,2026-07-03T08:08:13.866,auth,OK,MT103,FAST,194.28,SGD,**************3132,SG,57
0vh35b92-1066-1781-fgf7-70tq53876dy8,2026-07-03T08:08:14.027,validation,OK,MT103,FAST,194.28,SGD,**************3132,SG,33
0vh35b92-1066-1781-fgf7-70tq53876dy8,2026-07-03T08:08:14.073,aml,OK,MT103,FAST,194.28,SGD,**************3132,SG,270
0vh35b92-1066-1781-fgf7-70tq53876dy8,2026-07-03T08:08:14.159,payment-hub,OK,MT103,FAST,194.28,SGD,**************3132,SG,66
0vh35b92-1066-1781-fgf7-70tq53876dy8,2026-07-03T08:08:14.302,core-banking,OK,MT103,FAST,194.28,SGD,**************3132,SG,153
0vh35b92-1066-1781-fgf7-70tq53876dy8,2026-07-03T08:08:14.422,settlement,SETTLED,MT103,FAST,194.28,SGD,**************3132,SG,260
8sw69j58-4758-4801-hwv0-22gz27261wu3,2026-07-02T06:34:25.840,gateway,OK,MT103,FAST,1266.89,EUR,**************7978,MY,23
8sw69j58-4758-4801-hwv0-22gz27261wu3,2026-07-02T06:34:25.898,auth,OK,MT103,FAST,1266.89,EUR,**************7978,MY,28
8sw69j58-4758-4801-hwv0-22gz27261wu3,2026-07-02T06:34:25.983,validation,OK,MT103,FAST,1266.89,EUR,**************7978,MY,40
8sw69j58-4758-4801-hwv0-22gz27261wu3,2026-07-02T06:34:26.102,aml,OK,MT103,FAST,1266.89,EUR,**************7978,MY,62
8sw69j58-4758-4801-hwv0-22gz27261wu3,2026-07-02T06:34:26.172,payment-hub,OK,MT103,FAST,1266.89,EUR,**************7978,MY,56
8sw69j58-4758-4801-hwv0-22gz27261wu3,2026-07-02T06:34:26.374,core-banking,OK,MT103,FAST,1266.89,EUR,**************7978,MY,120
8sw69j58-4758-4801-hwv0-22gz27261wu3,2026-07-02T06:34:26.528,settlement,SETTLED,MT103,FAST,1266.89,EUR,**************7978,MY,261
6gh46z61-1373-6921-dpp8-29of31899ja7,2026-07-15T03:29:15.245,gateway,OK,pacs.008,FAST,982.18,SGD,**************5395,IN,48
6gh46z61-1373-6921-dpp8-29of31899ja7,2026-07-15T03:29:15.299,auth,OK,pacs.008,FAST,982.18,SGD,**************5395,IN,31
6gh46z61-1373-6921-dpp8-29of31899ja7,2026-07-15T03:29:15.368,validation,OK,pacs.008,FAST,982.18,SGD,**************5395,IN,66
6gh46z61-1373-6921-dpp8-29of31899ja7,2026-07-15T03:29:15.528,aml,OK,pacs.008,FAST,982.18,SGD,**************5395,IN,53
6gh46z61-1373-6921-dpp8-29of31899ja7,2026-07-15T03:29:15.602,payment-hub,OK,pacs.008,FAST,982.18,SGD,**************5395,IN,119
6gh46z61-1373-6921-dpp8-29of31899ja7,2026-07-15T03:29:15.673,core-banking,OK,pacs.008,FAST,982.18,SGD,**************5395,IN,213
6gh46z61-1373-6921-dpp8-29of31899ja7,2026-07-15T03:29:15.769,settlement,SETTLED,pacs.008,FAST,982.18,SGD,**************5395,IN,218
1ul66k82-1441-5114-yca8-24nv09462ap1,2026-07-07T00:44:12.031,gateway,OK,0200,FAST,106.67,SGD,**************8566,IN,49
1ul66k82-1441-5114-yca8-24nv09462ap1,2026-07-07T00:44:12.084,auth,OK,0200,FAST,106.67,SGD,**************8566,IN,28
1ul66k82-1441-5114-yca8-24nv09462ap1,2026-07-07T00:44:12.154,validation,OK,0200,FAST,106.67,SGD,**************8566,IN,63
1ul66k82-1441-5114-yca8-24nv09462ap1,2026-07-07T00:44:12.188,aml,OK,0200,FAST,106.67,SGD,**************8566,IN,204
1ul66k82-1441-5114-yca8-24nv09462ap1,2026-07-07T00:44:12.328,payment-hub,OK,0200,FAST,106.67,SGD,**************8566,IN,57
1ul66k82-1441-5114-yca8-24nv09462ap1,2026-07-07T00:44:12.402,core-banking,OK,0200,FAST,106.67,SGD,**************8566,IN,249
1ul66k82-1441-5114-yca8-24nv09462ap1,2026-07-07T00:44:12.494,settlement,SETTLED,0200,FAST,106.67,SGD,**************8566,IN,310
2qc55u38-7687-4873-hzd8-97pz52117xg8,2026-07-04T18:35:19.105,gateway,OK,MT103,FAST,684.52,SGD,**************5978,HK,31
2qc55u38-7687-4873-hzd8-97pz52117xg8,2026-07-04T18:35:19.252,auth,OK,MT103,FAST,684.52,SGD,**************5978,HK,75
2qc55u38-7687-4873-hzd8-97pz52117xg8,2026-07-04T18:35:19.311,validation,OK,MT103,FAST,684.52,SGD,**************5978,HK,57
2qc55u38-7687-4873-hzd8-97pz52117xg8,2026-07-04T18:35:19.420,aml,OK,MT103,FAST,684.52,SGD,**************5978,HK,110
2qc55u38-7687-4873-hzd8-97pz52117xg8,2026-07-04T18:35:19.480,payment-hub,OK,MT103,FAST,684.52,SGD,**************5978,HK,143
2qc55u38-7687-4873-hzd8-97pz52117xg8,2026-07-04T18:35:19.532,core-banking,OK,MT103,FAST,684.52,SGD,**************5978,HK,201
2qc55u38-7687-4873-hzd8-97pz52117xg8,2026-07-04T18:35:19.600,settlement,SETTLED,MT103,FAST,684.52,SGD,**************5978,HK,91
1jx78z74-9698-2982-qlf2-86nl71723ae3,2026-07-08T23:54:00.433,gateway,OK,MT103,CARDS,356.73,EUR,**************6829,US,59
1jx78z74-9698-2982-qlf2-86nl71723ae3,2026-07-08T23:54:00.533,auth,OK,MT103,CARDS,356.73,EUR,**************6829,US,37
1jx78z74-9698-2982-qlf2-86nl71723ae3,2026-07-08T23:54:00.610,validation,OK,MT103,CARDS,356.73,EUR,**************6829,US,63
1jx78z74-9698-2982-qlf2-86nl71723ae3,2026-07-08T23:54:00.673,aml,OK,MT103,CARDS,356.73,EUR,**************6829,US,266
1jx78z74-9698-2982-qlf2-86nl71723ae3,2026-07-08T23:54:00.772,payment-hub,OK,MT103,CARDS,356.73,EUR,**************6829,US,95
1jx78z74-9698-2982-qlf2-86nl71723ae3,2026-07-08T23:54:01.068,core-banking,OK,MT103,CARDS,356.73,EUR,**************6829,US,245
1jx78z74-9698-2982-qlf2-86nl71723ae3,2026-07-08T23:54:01.151,settlement,SETTLED,MT103,CARDS,356.73,EUR,**************6829,US,226
2wt64s81-6150-3159-fzc3-52rs81442dj9,2026-07-02T15:29:26.462,gateway,OK,0200,FAST,7099.76,SGD,**************9462,SG,46
2wt64s81-6150-3159-fzc3-52rs81442dj9,2026-07-02T15:29:26.695,auth,OK,0200,FAST,7099.76,SGD,**************9462,SG,22
2wt64s81-6150-3159-fzc3-52rs81442dj9,2026-07-02T15:29:26.813,validation,REJECTED,0200,FAST,7099.76,SGD,**************9462,SG,91
6nu34e18-5274-4743-zaq7-03qw95241wk6,2026-07-04T15:01:40.715,gateway,OK,pacs.008,FAST,509.48,SGD,**************8494,SG,59
6nu34e18-5274-4743-zaq7-03qw95241wk6,2026-07-04T15:01:40.800,auth,OK,pacs.008,FAST,509.48,SGD,**************8494,SG,86
6nu34e18-5274-4743-zaq7-03qw95241wk6,2026-07-04T15:01:40.884,validation,OK,pacs.008,FAST,509.48,SGD,**************8494,SG,102
6nu34e18-5274-4743-zaq7-03qw95241wk6,2026-07-04T15:01:40.980,aml,OK,pacs.008,FAST,509.48,SGD,**************8494,SG,161
6nu34e18-5274-4743-zaq7-03qw95241wk6,2026-07-04T15:01:41.152,payment-hub,OK,pacs.008,FAST,509.48,SGD,**************8494,SG,120
6nu34e18-5274-4743-zaq7-03qw95241wk6,2026-07-04T15:01:41.273,core-banking,OK,pacs.008,FAST,509.48,SGD,**************8494,SG,143
6nu34e18-5274-4743-zaq7-03qw95241wk6,2026-07-04T15:01:41.343,settlement,SETTLED,pacs.008,FAST,509.48,SGD,**************8494,SG,278
2zr93s19-1876-6766-bwf0-53fy05799ux3,2026-07-13T06:07:48.679,gateway,OK,pacs.008,FAST,577.58,USD,**************5300,HK,37
2zr93s19-1876-6766-bwf0-53fy05799ux3,2026-07-13T06:07:48.738,auth,OK,pacs.008,FAST,577.58,USD,**************5300,HK,86
2zr93s19-1876-6766-bwf0-53fy05799ux3,2026-07-13T06:07:48.811,validation,OK,pacs.008,FAST,577.58,USD,**************5300,HK,86
2zr93s19-1876-6766-bwf0-53fy05799ux3,2026-07-13T06:07:48.905,aml,OK,pacs.008,FAST,577.58,USD,**************5300,HK,252
2zr93s19-1876-6766-bwf0-53fy05799ux3,2026-07-13T06:07:48.950,payment-hub,OK,pacs.008,FAST,577.58,USD,**************5300,HK,115
2zr93s19-1876-6766-bwf0-53fy05799ux3,2026-07-13T06:07:49.005,core-banking,OK,pacs.008,FAST,577.58,USD,**************5300,HK,245
2zr93s19-1876-6766-bwf0-53fy05799ux3,2026-07-13T06:07:49.077,settlement,SETTLED,pacs.008,FAST,577.58,USD,**************5300,HK,115
2oo89q48-0513-8011-lal9-82sj11244lc1,2026-07-06T06:03:19.308,gateway,OK,MT103,FAST,123.1,USD,**************2111,SG,38
2oo89q48-0513-8011-lal9-82sj11244lc1,2026-07-06T06:03:19.503,auth,OK,MT103,FAST,123.1,USD,**************2111,SG,26
2oo89q48-0513-8011-lal9-82sj11244lc1,2026-07-06T06:03:19.558,validation,OK,MT103,FAST,123.1,USD,**************2111,SG,84
2oo89q48-0513-8011-lal9-82sj11244lc1,2026-07-06T06:03:19.748,aml,OK,MT103,FAST,123.1,USD,**************2111,SG,278
2oo89q48-0513-8011-lal9-82sj11244lc1,2026-07-06T06:03:49.753,payment-hub,OK,MT103,FAST,123.1,USD,**************2111,SG,124
2oo89q48-0513-8011-lal9-82sj11244lc1,2026-07-06T06:03:49.792,core-banking,OK,MT103,FAST,123.1,USD,**************2111,SG,136
2oo89q48-0513-8011-lal9-82sj11244lc1,2026-07-06T06:03:49.885,settlement,SETTLED,MT103,FAST,123.1,USD,**************2111,SG,351
3tk62k36-9817-8949-gxi9-62nv49105fc6,2026-07-05T20:08:34.228,gateway,OK,pacs.008,FAST,641.76,USD,**************3096,GB,44
3tk62k36-9817-8949-gxi9-62nv49105fc6,2026-07-05T20:08:34.379,auth,OK,pacs.008,FAST,641.76,USD,**************3096,GB,70
3tk62k36-9817-8949-gxi9-62nv49105fc6,2026-07-05T20:08:34.541,validation,OK,pacs.008,FAST,641.76,USD,**************3096,GB,94
3tk62k36-9817-8949-gxi9-62nv49105fc6,2026-07-05T20:08:34.714,aml,TIMEOUT,pacs.008,FAST,641.76,USD,**************3096,GB,30000
3tk62k36-9817-8949-gxi9-62nv49105fc6,2026-07-05T20:08:34.788,payment-hub,FAILED,pacs.008,FAST,641.76,USD,**************3096,GB,121
7zv80t51-1101-6483-dlb9-69qi77773xs1,2026-07-04T05:45:28.216,gateway,OK,pacs.008,CARDS,1268.41,SGD,**************1430,GB,34
7zv80t51-1101-6483-dlb9-69qi77773xs1,2026-07-04T05:45:28.269,auth,OK,pacs.008,CARDS,1268.41,SGD,**************1430,GB,75
7zv80t51-1101-6483-dlb9-69qi77773xs1,2026-07-04T05:45:28.374,validation,OK,pacs.008,CARDS,1268.41,SGD,**************1430,GB,82
7zv80t51-1101-6483-dlb9-69qi77773xs1,2026-07-04T05:45:28.531,aml,OK,pacs.008,CARDS,1268.41,SGD,**************1430,GB,174
7zv80t51-1101-6483-dlb9-69qi77773xs1,2026-07-04T05:45:28.591,payment-hub,OK,pacs.008,CARDS,1268.41,SGD,**************1430,GB,104
7zv80t51-1101-6483-dlb9-69qi77773xs1,2026-07-04T05:45:28.792,core-banking,OK,pacs.008,CARDS,1268.41,SGD,**************1430,GB,165
7zv80t51-1101-6483-dlb9-69qi77773xs1,2026-07-04T05:45:28.868,settlement,SETTLED,pacs.008,CARDS,1268.41,SGD,**************1430,GB,292
6tz80h05-1610-4053-hzm5-91op65733ro3,2026-07-06T02:56:41.230,gateway,OK,pacs.008,SWIFT,355.39,SGD,**************4518,IN,24
6tz80h05-1610-4053-hzm5-91op65733ro3,2026-07-06T02:56:41.505,auth,OK,pacs.008,SWIFT,355.39,SGD,**************4518,IN,48
6tz80h05-1610-4053-hzm5-91op65733ro3,2026-07-06T02:56:41.623,validation,OK,pacs.008,SWIFT,355.39,SGD,**************4518,IN,110
6tz80h05-1610-4053-hzm5-91op65733ro3,2026-07-06T02:56:41.788,aml,OK,pacs.008,SWIFT,355.39,SGD,**************4518,IN,106
6tz80h05-1610-4053-hzm5-91op65733ro3,2026-07-06T02:56:41.881,payment-hub,OK,pacs.008,SWIFT,355.39,SGD,**************4518,IN,89
6tz80h05-1610-4053-hzm5-91op65733ro3,2026-07-06T02:56:41.980,core-banking,OK,pacs.008,SWIFT,355.39,SGD,**************4518,IN,73
6tz80h05-1610-4053-hzm5-91op65733ro3,2026-07-06T02:56:42.130,settlement,SETTLED,pacs.008,SWIFT,355.39,SGD,**************4518,IN,195
5ck24k31-7264-2020-zdo1-43kb69594je2,2026-07-03T12:51:10.685,gateway,OK,pacs.008,FAST,311.37,USD,**************1928,SG,38
5ck24k31-7264-2020-zdo1-43kb69594je2,2026-07-03T12:51:10.867,auth,OK,pacs.008,FAST,311.37,USD,**************1928,SG,60
5ck24k31-7264-2020-zdo1-43kb69594je2,2026-07-03T12:51:10.929,validation,OK,pacs.008,FAST,311.37,USD,**************1928,SG,58
5ck24k31-7264-2020-zdo1-43kb69594je2,2026-07-03T12:51:10.968,aml,OK,pacs.008,FAST,311.37,USD,**************1928,SG,48
5ck24k31-7264-2020-zdo1-43kb69594je2,2026-07-03T12:51:11.036,payment-hub,OK,pacs.008,FAST,311.37,USD,**************1928,SG,58
5ck24k31-7264-2020-zdo1-43kb69594je2,2026-07-03T12:51:11.148,core-banking,OK,pacs.008,FAST,311.37,USD,**************1928,SG,99
5ck24k31-7264-2020-zdo1-43kb69594je2,2026-07-03T12:51:11.368,settlement,SETTLED,pacs.008,FAST,311.37,USD,**************1928,SG,328
2rv83g93-7653-7311-uxj8-89co61435sb9,2026-07-09T02:09:00.416,gateway,OK,MT103,SWIFT,343.84,USD,**************8257,MY,32
2rv83g93-7653-7311-uxj8-89co61435sb9,2026-07-09T02:09:00.579,auth,OK,MT103,SWIFT,343.84,USD,**************8257,MY,77
2rv83g93-7653-7311-uxj8-89co61435sb9,2026-07-09T02:09:00.631,validation,OK,MT103,SWIFT,343.84,USD,**************8257,MY,52
2rv83g93-7653-7311-uxj8-89co61435sb9,2026-07-09T02:09:00.764,aml,OK,MT103,SWIFT,343.84,USD,**************8257,MY,41
2rv83g93-7653-7311-uxj8-89co61435sb9,2026-07-09T02:09:00.823,payment-hub,OK,MT103,SWIFT,343.84,USD,**************8257,MY,145
2rv83g93-7653-7311-uxj8-89co61435sb9,2026-07-09T02:09:01.064,core-banking,OK,MT103,SWIFT,343.84,USD,**************8257,MY,92
2rv83g93-7653-7311-uxj8-89co61435sb9,2026-07-09T02:09:01.128,settlement,SETTLED,MT103,SWIFT,343.84,USD,**************8257,MY,83
1vn54c50-0369-2183-kts6-53rj33043hk3,2026-07-13T12:21:03.150,gateway,OK,pacs.008,SWIFT,415.61,SGD,**************4692,MY,37
1vn54c50-0369-2183-kts6-53rj33043hk3,2026-07-13T12:21:03.232,auth,OK,pacs.008,SWIFT,415.61,SGD,**************4692,MY,85
1vn54c50-0369-2183-kts6-53rj33043hk3,2026-07-13T12:21:03.475,validation,OK,pacs.008,SWIFT,415.61,SGD,**************4692,MY,72
1vn54c50-0369-2183-kts6-53rj33043hk3,2026-07-13T12:21:03.609,aml,OK,pacs.008,SWIFT,415.61,SGD,**************4692,MY,254
1vn54c50-0369-2183-kts6-53rj33043hk3,2026-07-13T12:21:03.777,payment-hub,OK,pacs.008,SWIFT,415.61,SGD,**************4692,MY,126
1vn54c50-0369-2183-kts6-53rj33043hk3,2026-07-13T12:21:03.809,core-banking,OK,pacs.008,SWIFT,415.61,SGD,**************4692,MY,121
1vn54c50-0369-2183-kts6-53rj33043hk3,2026-07-13T12:21:03.930,settlement,SETTLED,pacs.008,SWIFT,415.61,SGD,**************4692,MY,252
4sl50a76-0182-5568-nyl6-46kx61362xe9,2026-07-08T21:39:34.304,gateway,OK,MT103,FAST,275.15,SGD,**************3139,US,42
4sl50a76-0182-5568-nyl6-46kx61362xe9,2026-07-08T21:39:34.365,auth,OK,MT103,FAST,275.15,SGD,**************3139,US,86
4sl50a76-0182-5568-nyl6-46kx61362xe9,2026-07-08T21:39:34.509,validation,OK,MT103,FAST,275.15,SGD,**************3139,US,57
4sl50a76-0182-5568-nyl6-46kx61362xe9,2026-07-08T21:39:34.678,aml,TIMEOUT,MT103,FAST,275.15,SGD,**************3139,US,30000
4sl50a76-0182-5568-nyl6-46kx61362xe9,2026-07-08T21:39:34.960,payment-hub,FAILED,MT103,FAST,275.15,SGD,**************3139,US,140
1iw15x64-6083-7683-tpe9-89tk33825na0,2026-07-08T16:18:20.661,gateway,OK,pacs.008,FAST,94.17,USD,**************3270,SG,48
1iw15x64-6083-7683-tpe9-89tk33825na0,2026-07-08T16:18:20.741,auth,OK,pacs.008,FAST,94.17,USD,**************3270,SG,74
1iw15x64-6083-7683-tpe9-89tk33825na0,2026-07-08T16:18:20.893,validation,OK,pacs.008,FAST,94.17,USD,**************3270,SG,114
1iw15x64-6083-7683-tpe9-89tk33825na0,2026-07-08T16:18:21.043,aml,OK,pacs.008,FAST,94.17,USD,**************3270,SG,258
1iw15x64-6083-7683-tpe9-89tk33825na0,2026-07-08T16:18:21.146,payment-hub,OK,pacs.008,FAST,94.17,USD,**************3270,SG,102
1iw15x64-6083-7683-tpe9-89tk33825na0,2026-07-08T16:18:21.324,core-banking,OK,pacs.008,FAST,94.17,USD,**************3270,SG,86
1iw15x64-6083-7683-tpe9-89tk33825na0,2026-07-08T16:18:21.420,settlement,SETTLED,pacs.008,FAST,94.17,USD,**************3270,SG,321
3xi51x00-0178-4168-xwe5-23dd24811jl9,2026-07-06T12:18:32.150,gateway,OK,MT103,FAST,994.04,SGD,**************0699,SG,55
3xi51x00-0178-4168-xwe5-23dd24811jl9,2026-07-06T12:18:32.225,auth,OK,MT103,FAST,994.04,SGD,**************0699,SG,69
3xi51x00-0178-4168-xwe5-23dd24811jl9,2026-07-06T12:18:32.322,validation,OK,MT103,FAST,994.04,SGD,**************0699,SG,84
3xi51x00-0178-4168-xwe5-23dd24811jl9,2026-07-06T12:18:32.431,aml,OK,MT103,FAST,994.04,SGD,**************0699,SG,235
3xi51x00-0178-4168-xwe5-23dd24811jl9,2026-07-06T12:18:32.562,payment-hub,OK,MT103,FAST,994.04,SGD,**************0699,SG,88
3xi51x00-0178-4168-xwe5-23dd24811jl9,2026-07-06T12:18:32.822,core-banking,OK,MT103,FAST,994.04,SGD,**************0699,SG,82
3xi51x00-0178-4168-xwe5-23dd24811jl9,2026-07-06T12:19:02.845,settlement,SETTLED,MT103,FAST,994.04,SGD,**************0699,SG,82
8mu13q31-3698-7366-bdb1-41ns23800pc7,2026-07-13T11:53:35.618,gateway,OK,pacs.008,SWIFT,754.27,GBP,**************9609,MY,21
8mu13q31-3698-7366-bdb1-41ns23800pc7,2026-07-13T11:53:35.682,auth,OK,pacs.008,SWIFT,754.27,GBP,**************9609,MY,55
8mu13q31-3698-7366-bdb1-41ns23800pc7,2026-07-13T11:53:35.740,validation,OK,pacs.008,SWIFT,754.27,GBP,**************9609,MY,119
8mu13q31-3698-7366-bdb1-41ns23800pc7,2026-07-13T11:53:35.884,aml,OK,pacs.008,SWIFT,754.27,GBP,**************9609,MY,137
8mu13q31-3698-7366-bdb1-41ns23800pc7,2026-07-13T11:54:05.899,payment-hub,OK,pacs.008,SWIFT,754.27,GBP,**************9609,MY,140
8mu13q31-3698-7366-bdb1-41ns23800pc7,2026-07-13T11:54:05.981,core-banking,OK,pacs.008,SWIFT,754.27,GBP,**************9609,MY,201
8mu13q31-3698-7366-bdb1-41ns23800pc7,2026-07-13T11:54:06.026,settlement,SETTLED,pacs.008,SWIFT,754.27,GBP,**************9609,MY,91
6af85t40-8744-1318-xcd9-01io88860xh0,2026-07-09T15:59:43.286,gateway,OK,0200,FAST,530.46,MYR,**************9319,SG,50
6af85t40-8744-1318-xcd9-01io88860xh0,2026-07-09T15:59:43.458,auth,OK,0200,FAST,530.46,MYR,**************9319,SG,27
6af85t40-8744-1318-xcd9-01io88860xh0,2026-07-09T15:59:43.552,validation,OK,0200,FAST,530.46,MYR,**************9319,SG,32
6af85t40-8744-1318-xcd9-01io88860xh0,2026-07-09T15:59:43.641,aml,OK,0200,FAST,530.46,MYR,**************9319,SG,151
6af85t40-8744-1318-xcd9-01io88860xh0,2026-07-09T15:59:43.705,payment-hub,OK,0200,FAST,530.46,MYR,**************9319,SG,39
6af85t40-8744-1318-xcd9-01io88860xh0,2026-07-09T15:59:43.737,core-banking,OK,0200,FAST,530.46,MYR,**************9319,SG,227
6af85t40-8744-1318-xcd9-01io88860xh0,2026-07-09T15:59:43.786,settlement,SETTLED,0200,FAST,530.46,MYR,**************9319,SG,302
6bb69h54-9695-7004-dbv4-73bh04194pe6,2026-07-14T23:02:02.635,gateway,OK,MT103,FAST,674.13,SGD,**************9417,GB,33
6bb69h54-9695-7004-dbv4-73bh04194pe6,2026-07-14T23:02:02.907,auth,OK,MT103,FAST,674.13,SGD,**************9417,GB,47
6bb69h54-9695-7004-dbv4-73bh04194pe6,2026-07-14T23:02:02.976,validation,OK,MT103,FAST,674.13,SGD,**************9417,GB,43
6bb69h54-9695-7004-dbv4-73bh04194pe6,2026-07-14T23:02:03.077,aml,OK,MT103,FAST,674.13,SGD,**************9417,GB,290
6bb69h54-9695-7004-dbv4-73bh04194pe6,2026-07-14T23:02:33.116,payment-hub,OK,MT103,FAST,674.13,SGD,**************9417,GB,72
6bb69h54-9695-7004-dbv4-73bh04194pe6,2026-07-14T23:02:33.360,core-banking,OK,MT103,FAST,674.13,SGD,**************9417,GB,89
6bb69h54-9695-7004-dbv4-73bh04194pe6,2026-07-14T23:02:33.623,settlement,SETTLED,MT103,FAST,674.13,SGD,**************9417,GB,351
0ha50i09-0519-0668-vzt8-31xf69775lg8,2026-07-01T11:48:11.541,gateway,OK,pacs.008,CARDS,1672.52,SGD,**************0066,IN,37
0ha50i09-0519-0668-vzt8-31xf69775lg8,2026-07-01T11:48:11.637,auth,OK,pacs.008,CARDS,1672.52,SGD,**************0066,IN,48
0ha50i09-0519-0668-vzt8-31xf69775lg8,2026-07-01T11:48:11.798,validation,OK,pacs.008,CARDS,1672.52,SGD,**************0066,IN,119
0ha50i09-0519-0668-vzt8-31xf69775lg8,2026-07-01T11:48:11.942,aml,OK,pacs.008,CARDS,1672.52,SGD,**************0066,IN,178
0ha50i09-0519-0668-vzt8-31xf69775lg8,2026-07-01T11:48:12.231,payment-hub,OK,pacs.008,CARDS,1672.52,SGD,**************0066,IN,35
0ha50i09-0519-0668-vzt8-31xf69775lg8,2026-07-01T11:48:12.546,core-banking,OK,pacs.008,CARDS,1672.52,SGD,**************0066,IN,238
0ha50i09-0519-0668-vzt8-31xf69775lg8,2026-07-01T11:48:12.585,settlement,SETTLED,pacs.008,CARDS,1672.52,SGD,**************0066,IN,243
0gp82r38-9234-4927-zmy2-05tb00384jm4,2026-07-06T19:16:18.871,gateway,OK,pacs.008,FAST,1087.14,USD,**************6503,MY,36
0gp82r38-9234-4927-zmy2-05tb00384jm4,2026-07-06T19:16:48.884,auth,OK,pacs.008,FAST,1087.14,USD,**************6503,MY,21
0gp82r38-9234-4927-zmy2-05tb00384jm4,2026-07-06T19:16:48.952,validation,OK,pacs.008,FAST,1087.14,USD,**************6503,MY,52
0gp82r38-9234-4927-zmy2-05tb00384jm4,2026-07-06T19:16:49.065,aml,OK,pacs.008,FAST,1087.14,USD,**************6503,MY,80
0gp82r38-9234-4927-zmy2-05tb00384jm4,2026-07-06T19:16:49.171,payment-hub,OK,pacs.008,FAST,1087.14,USD,**************6503,MY,94
0gp82r38-9234-4927-zmy2-05tb00384jm4,2026-07-06T19:16:49.283,core-banking,OK,pacs.008,FAST,1087.14,USD,**************6503,MY,195
0gp82r38-9234-4927-zmy2-05tb00384jm4,2026-07-06T19:16:49.473,settlement,SETTLED,pacs.008,FAST,1087.14,USD,**************6503,MY,140
5gu73j56-7806-0077-ujn9-21kt48518yz0,2026-07-08T01:22:32.571,gateway,OK,MT103,SWIFT,1335.02,USD,**************8414,SG,30
5gu73j56-7806-0077-ujn9-21kt48518yz0,2026-07-08T01:22:32.706,auth,OK,MT103,SWIFT,1335.02,USD,**************8414,SG,21
5gu73j56-7806-0077-ujn9-21kt48518yz0,2026-07-08T01:22:32.851,validation,OK,MT103,SWIFT,1335.02,USD,**************8414,SG,84
5gu73j56-7806-0077-ujn9-21kt48518yz0,2026-07-08T01:22:33.103,aml,OK,MT103,SWIFT,1335.02,USD,**************8414,SG,250
5gu73j56-7806-0077-ujn9-21kt48518yz0,2026-07-08T01:22:33.138,payment-hub,OK,MT103,SWIFT,1335.02,USD,**************8414,SG,114
5gu73j56-7806-0077-ujn9-21kt48518yz0,2026-07-08T01:22:33.191,core-banking,OK,MT103,SWIFT,1335.02,USD,**************8414,SG,123
5gu73j56-7806-0077-ujn9-21kt48518yz0,2026-07-08T01:22:33.439,settlement,SETTLED,MT103,SWIFT,1335.02,USD,**************8414,SG,86
2oo41m24-7615-9210-wvz5-68us50526sf7,2026-07-04T10:26:46.549,gateway,OK,pacs.008,FAST,875.41,SGD,**************3564,GB,50
2oo41m24-7615-9210-wvz5-68us50526sf7,2026-07-04T10:26:46.643,auth,OK,pacs.008,FAST,875.41,SGD,**************3564,GB,23
2oo41m24-7615-9210-wvz5-68us50526sf7,2026-07-04T10:26:46.697,validation,OK,pacs.008,FAST,875.41,SGD,**************3564,GB,31
2oo41m24-7615-9210-wvz5-68us50526sf7,2026-07-04T10:26:46.771,aml,OK,pacs.008,FAST,875.41,SGD,**************3564,GB,276
2oo41m24-7615-9210-wvz5-68us50526sf7,2026-07-04T10:26:46.905,payment-hub,OK,pacs.008,FAST,875.41,SGD,**************3564,GB,112
2oo41m24-7615-9210-wvz5-68us50526sf7,2026-07-04T10:26:47.008,core-banking,OK,pacs.008,FAST,875.41,SGD,**************3564,GB,244
2oo41m24-7615-9210-wvz5-68us50526sf7,2026-07-04T10:26:47.066,settlement,SETTLED,pacs.008,FAST,875.41,SGD,**************3564,GB,262
9br63t46-5795-5757-bzt5-72ff19189ke9,2026-07-10T14:11:30.108,gateway,OK,MT103,SWIFT,1489.34,MYR,**************7341,SG,57
9br63t46-5795-5757-bzt5-72ff19189ke9,2026-07-10T14:11:30.261,auth,OK,MT103,SWIFT,1489.34,MYR,**************7341,SG,63
9br63t46-5795-5757-bzt5-72ff19189ke9,2026-07-10T14:11:30.390,validation,OK,MT103,SWIFT,1489.34,MYR,**************7341,SG,80
9br63t46-5795-5757-bzt5-72ff19189ke9,2026-07-10T14:11:30.483,aml,OK,MT103,SWIFT,1489.34,MYR,**************7341,SG,153
9br63t46-5795-5757-bzt5-72ff19189ke9,2026-07-10T14:11:30.568,payment-hub,OK,MT103,SWIFT,1489.34,MYR,**************7341,SG,48
9br63t46-5795-5757-bzt5-72ff19189ke9,2026-07-10T14:11:30.667,core-banking,OK,MT103,SWIFT,1489.34,MYR,**************7341,SG,183
9br63t46-5795-5757-bzt5-72ff19189ke9,2026-07-10T14:11:30.777,settlement,SETTLED,MT103,SWIFT,1489.34,MYR,**************7341,SG,352
5da81m40-5988-2729-eqv7-43mj67284kj3,2026-07-05T10:32:24.154,gateway,OK,pacs.008,SWIFT,69.54,SGD,**************8551,GB,20
5da81m40-5988-2729-eqv7-43mj67284kj3,2026-07-05T10:32:24.430,auth,OK,pacs.008,SWIFT,69.54,SGD,**************8551,GB,35
5da81m40-5988-2729-eqv7-43mj67284kj3,2026-07-05T10:32:24.549,validation,OK,pacs.008,SWIFT,69.54,SGD,**************8551,GB,99
5da81m40-5988-2729-eqv7-43mj67284kj3,2026-07-05T10:32:24.594,aml,OK,pacs.008,SWIFT,69.54,SGD,**************8551,GB,212
5da81m40-5988-2729-eqv7-43mj67284kj3,2026-07-05T10:32:24.719,payment-hub,OK,pacs.008,SWIFT,69.54,SGD,**************8551,GB,72
5da81m40-5988-2729-eqv7-43mj67284kj3,2026-07-05T10:32:24.844,core-banking,OK,pacs.008,SWIFT,69.54,SGD,**************8551,GB,139
5da81m40-5988-2729-eqv7-43mj67284kj3,2026-07-05T10:32:24.870,settlement,SETTLED,pacs.008,SWIFT,69.54,SGD,**************8551,GB,165
8hw77p30-5490-4042-ppz7-86rx13454om2,2026-07-07T13:10:49.538,gateway,OK,MT103,CARDS,628.34,SGD,**************2697,SG,55
8hw77p30-5490-4042-ppz7-86rx13454om2,2026-07-07T13:10:49.626,auth,OK,MT103,CARDS,628.34,SGD,**************2697,SG,29
8hw77p30-5490-4042-ppz7-86rx13454om2,2026-07-07T13:10:49.806,validation,OK,MT103,CARDS,628.34,SGD,**************2697,SG,69
8hw77p30-5490-4042-ppz7-86rx13454om2,2026-07-07T13:10:49.874,aml,TIMEOUT,MT103,CARDS,628.34,SGD,**************2697,SG,30000
8hw77p30-5490-4042-ppz7-86rx13454om2,2026-07-07T13:10:49.999,payment-hub,FAILED,MT103,CARDS,628.34,SGD,**************2697,SG,104
1ii21q97-6445-5246-dlp9-59sx73013qz3,2026-07-13T09:21:31.376,gateway,OK,pacs.008,FAST,599.25,EUR,**************0132,SG,39
1ii21q97-6445-5246-dlp9-59sx73013qz3,2026-07-13T09:21:31.464,auth,OK,pacs.008,FAST,599.25,EUR,**************0132,SG,20
1ii21q97-6445-5246-dlp9-59sx73013qz3,2026-07-13T09:21:31.739,validation,OK,pacs.008,FAST,599.25,EUR,**************0132,SG,63
1ii21q97-6445-5246-dlp9-59sx73013qz3,2026-07-13T09:21:31.926,aml,OK,pacs.008,FAST,599.25,EUR,**************0132,SG,182
1ii21q97-6445-5246-dlp9-59sx73013qz3,2026-07-13T09:21:32.072,payment-hub,OK,pacs.008,FAST,599.25,EUR,**************0132,SG,82
1ii21q97-6445-5246-dlp9-59sx73013qz3,2026-07-13T09:21:32.316,core-banking,OK,pacs.008,FAST,599.25,EUR,**************0132,SG,63
1ii21q97-6445-5246-dlp9-59sx73013qz3,2026-07-13T09:21:32.382,settlement,SETTLED,pacs.008,FAST,599.25,EUR,**************0132,SG,324
0hg41c92-3239-8591-tul3-40mb85093yq7,2026-07-05T18:30:16.949,gateway,OK,pacs.008,FAST,318.92,USD,**************0966,IN,36
0hg41c92-3239-8591-tul3-40mb85093yq7,2026-07-05T18:30:17.169,auth,OK,pacs.008,FAST,318.92,USD,**************0966,IN,47
0hg41c92-3239-8591-tul3-40mb85093yq7,2026-07-05T18:30:17.242,validation,OK,pacs.008,FAST,318.92,USD,**************0966,IN,112
0hg41c92-3239-8591-tul3-40mb85093yq7,2026-07-05T18:30:17.362,aml,OK,pacs.008,FAST,318.92,USD,**************0966,IN,213
0hg41c92-3239-8591-tul3-40mb85093yq7,2026-07-05T18:30:17.579,payment-hub,OK,pacs.008,FAST,318.92,USD,**************0966,IN,32
0hg41c92-3239-8591-tul3-40mb85093yq7,2026-07-05T18:30:17.835,core-banking,OK,pacs.008,FAST,318.92,USD,**************0966,IN,93
0hg41c92-3239-8591-tul3-40mb85093yq7,2026-07-05T18:30:17.900,settlement,SETTLED,pacs.008,FAST,318.92,USD,**************0966,IN,309
4ub72e48-0540-8205-qmv4-13qb09463ow4,2026-07-02T21:01:34.167,gateway,OK,pacs.008,FAST,839.01,SGD,**************8575,GB,31
4ub72e48-0540-8205-qmv4-13qb09463ow4,2026-07-02T21:01:34.264,auth,OK,pacs.008,FAST,839.01,SGD,**************8575,GB,49
4ub72e48-0540-8205-qmv4-13qb09463ow4,2026-07-02T21:01:34.357,validation,OK,pacs.008,FAST,839.01,SGD,**************8575,GB,90
4ub72e48-0540-8205-qmv4-13qb09463ow4,2026-07-02T21:01:34.464,aml,OK,pacs.008,FAST,839.01,SGD,**************8575,GB,272
4ub72e48-0540-8205-qmv4-13qb09463ow4,2026-07-02T21:01:34.519,payment-hub,OK,pacs.008,FAST,839.01,SGD,**************8575,GB,133
4ub72e48-0540-8205-qmv4-13qb09463ow4,2026-07-02T21:01:34.656,core-banking,OK,pacs.008,FAST,839.01,SGD,**************8575,GB,105
4ub72e48-0540-8205-qmv4-13qb09463ow4,2026-07-02T21:01:34.685,settlement,SETTLED,pacs.008,FAST,839.01,SGD,**************8575,GB,322
9ly73e01-9604-9454-qho9-48nc51291oz8,2026-07-11T04:55:00.716,gateway,OK,MT103,FAST,333.48,SGD,**************6812,SG,55
9ly73e01-9604-9454-qho9-48nc51291oz8,2026-07-11T04:55:00.814,auth,OK,MT103,FAST,333.48,SGD,**************6812,SG,70
9ly73e01-9604-9454-qho9-48nc51291oz8,2026-07-11T04:55:00.909,validation,OK,MT103,FAST,333.48,SGD,**************6812,SG,42
9ly73e01-9604-9454-qho9-48nc51291oz8,2026-07-11T04:55:01.011,aml,TIMEOUT,MT103,FAST,333.48,SGD,**************6812,SG,30000
9ly73e01-9604-9454-qho9-48nc51291oz8,2026-07-11T04:55:01.048,payment-hub,FAILED,MT103,FAST,333.48,SGD,**************6812,SG,57
6wf90x12-0866-9637-mmr1-27sl77776wy2,2026-07-10T02:29:49.564,gateway,OK,pacs.008,FAST,2394.03,SGD,**************3140,SG,39
6wf90x12-0866-9637-mmr1-27sl77776wy2,2026-07-10T02:29:49.646,auth,OK,pacs.008,FAST,2394.03,SGD,**************3140,SG,55
6wf90x12-0866-9637-mmr1-27sl77776wy2,2026-07-10T02:29:49.836,validation,OK,pacs.008,FAST,2394.03,SGD,**************3140,SG,77
6wf90x12-0866-9637-mmr1-27sl77776wy2,2026-07-10T02:29:49.976,aml,OK,pacs.008,FAST,2394.03,SGD,**************3140,SG,78
6wf90x12-0866-9637-mmr1-27sl77776wy2,2026-07-10T02:29:50.054,payment-hub,OK,pacs.008,FAST,2394.03,SGD,**************3140,SG,146
6wf90x12-0866-9637-mmr1-27sl77776wy2,2026-07-10T02:29:50.136,core-banking,OK,pacs.008,FAST,2394.03,SGD,**************3140,SG,220
6wf90x12-0866-9637-mmr1-27sl77776wy2,2026-07-10T02:29:50.194,settlement,SETTLED,pacs.008,FAST,2394.03,SGD,**************3140,SG,100
6jf02c99-1989-7038-nkd4-12di71348xn6,2026-07-05T06:35:09.435,gateway,OK,pacs.008,FAST,1323.99,SGD,**************2654,GB,21
6jf02c99-1989-7038-nkd4-12di71348xn6,2026-07-05T06:35:09.576,auth,OK,pacs.008,FAST,1323.99,SGD,**************2654,GB,29
6jf02c99-1989-7038-nkd4-12di71348xn6,2026-07-05T06:35:09.839,validation,OK,pacs.008,FAST,1323.99,SGD,**************2654,GB,60
6jf02c99-1989-7038-nkd4-12di71348xn6,2026-07-05T06:35:09.962,aml,OK,pacs.008,FAST,1323.99,SGD,**************2654,GB,108
6jf02c99-1989-7038-nkd4-12di71348xn6,2026-07-05T06:35:10.061,payment-hub,OK,pacs.008,FAST,1323.99,SGD,**************2654,GB,136
6jf02c99-1989-7038-nkd4-12di71348xn6,2026-07-05T06:35:10.168,core-banking,OK,pacs.008,FAST,1323.99,SGD,**************2654,GB,113
6jf02c99-1989-7038-nkd4-12di71348xn6,2026-07-05T06:35:10.251,settlement,SETTLED,pacs.008,FAST,1323.99,SGD,**************2654,GB,339
9ln03h63-0797-6958-jqi1-41sc88779ks1,2026-07-08T04:09:26.695,gateway,OK,pacs.008,SWIFT,287.95,SGD,**************4879,SG,45
9ln03h63-0797-6958-jqi1-41sc88779ks1,2026-07-08T04:09:26.818,auth,OK,pacs.008,SWIFT,287.95,SGD,**************4879,SG,64
9ln03h63-0797-6958-jqi1-41sc88779ks1,2026-07-08T04:09:26.897,validation,OK,pacs.008,SWIFT,287.95,SGD,**************4879,SG,26
9ln03h63-0797-6958-jqi1-41sc88779ks1,2026-07-08T04:09:26.990,aml,OK,pacs.008,SWIFT,287.95,SGD,**************4879,SG,137
9ln03h63-0797-6958-jqi1-41sc88779ks1,2026-07-08T04:09:27.092,payment-hub,OK,pacs.008,SWIFT,287.95,SGD,**************4879,SG,46
9ln03h63-0797-6958-jqi1-41sc88779ks1,2026-07-08T04:09:27.182,core-banking,OK,pacs.008,SWIFT,287.95,SGD,**************4879,SG,175
9ln03h63-0797-6958-jqi1-41sc88779ks1,2026-07-08T04:09:27.297,settlement,SETTLED,pacs.008,SWIFT,287.95,SGD,**************4879,SG,180
9my72a25-2491-4602-ctg5-21tt16511om0,2026-07-06T22:55:44.887,gateway,OK,pacs.008,FAST,779.1,SGD,**************8783,SG,58
9my72a25-2491-4602-ctg5-21tt16511om0,2026-07-06T22:55:44.973,auth,OK,pacs.008,FAST,779.1,SGD,**************8783,SG,61
9my72a25-2491-4602-ctg5-21tt16511om0,2026-07-06T22:55:45.033,validation,OK,pacs.008,FAST,779.1,SGD,**************8783,SG,34
9my72a25-2491-4602-ctg5-21tt16511om0,2026-07-06T22:55:45.109,aml,OK,pacs.008,FAST,779.1,SGD,**************8783,SG,299
9my72a25-2491-4602-ctg5-21tt16511om0,2026-07-06T22:55:45.312,payment-hub,OK,pacs.008,FAST,779.1,SGD,**************8783,SG,123
9my72a25-2491-4602-ctg5-21tt16511om0,2026-07-06T22:55:45.635,core-banking,OK,pacs.008,FAST,779.1,SGD,**************8783,SG,130
9my72a25-2491-4602-ctg5-21tt16511om0,2026-07-06T22:56:15.645,settlement,SETTLED,pacs.008,FAST,779.1,SGD,**************8783,SG,239
9pn20e89-6535-8995-wxt4-96tv22144wl0,2026-07-01T16:42:19.014,gateway,OK,MT103,FAST,453.73,SGD,**************1935,SG,21
9pn20e89-6535-8995-wxt4-96tv22144wl0,2026-07-01T16:42:19.306,auth,OK,MT103,FAST,453.73,SGD,**************1935,SG,67
9pn20e89-6535-8995-wxt4-96tv22144wl0,2026-07-01T16:42:19.378,validation,OK,MT103,FAST,453.73,SGD,**************1935,SG,118
9pn20e89-6535-8995-wxt4-96tv22144wl0,2026-07-01T16:42:19.431,aml,OK,MT103,FAST,453.73,SGD,**************1935,SG,154
9pn20e89-6535-8995-wxt4-96tv22144wl0,2026-07-01T16:42:19.535,payment-hub,OK,MT103,FAST,453.73,SGD,**************1935,SG,101
9pn20e89-6535-8995-wxt4-96tv22144wl0,2026-07-01T16:42:19.695,core-banking,OK,MT103,FAST,453.73,SGD,**************1935,SG,165
9pn20e89-6535-8995-wxt4-96tv22144wl0,2026-07-01T16:42:19.931,settlement,SETTLED,MT103,FAST,453.73,SGD,**************1935,SG,325
0fm65p41-9442-2890-btz8-18qv95682kw8,2026-07-07T15:16:56.751,gateway,OK,pacs.008,FAST,487.7,MYR,**************0684,SG,18
0fm65p41-9442-2890-btz8-18qv95682kw8,2026-07-07T15:16:56.874,auth,OK,pacs.008,FAST,487.7,MYR,**************0684,SG,59
0fm65p41-9442-2890-btz8-18qv95682kw8,2026-07-07T15:16:56.942,validation,OK,pacs.008,FAST,487.7,MYR,**************0684,SG,88
0fm65p41-9442-2890-btz8-18qv95682kw8,2026-07-07T15:16:57.029,aml,OK,pacs.008,FAST,487.7,MYR,**************0684,SG,198
0fm65p41-9442-2890-btz8-18qv95682kw8,2026-07-07T15:16:57.094,payment-hub,OK,pacs.008,FAST,487.7,MYR,**************0684,SG,132
0fm65p41-9442-2890-btz8-18qv95682kw8,2026-07-07T15:16:57.252,core-banking,OK,pacs.008,FAST,487.7,MYR,**************0684,SG,167
0fm65p41-9442-2890-btz8-18qv95682kw8,2026-07-07T15:16:57.280,settlement,SETTLED,pacs.008,FAST,487.7,MYR,**************0684,SG,356
9el37k59-8847-2479-vhk0-76bv67948wy9,2026-07-02T12:23:14.108,gateway,OK,pacs.008,SWIFT,305.35,MYR,**************7618,MY,15
9el37k59-8847-2479-vhk0-76bv67948wy9,2026-07-02T12:23:14.195,auth,OK,pacs.008,SWIFT,305.35,MYR,**************7618,MY,63
9el37k59-8847-2479-vhk0-76bv67948wy9,2026-07-02T12:23:14.268,validation,REJECTED,pacs.008,SWIFT,305.35,MYR,**************7618,MY,75
3cz42v82-4812-2532-kfn2-93lk13180ps0,2026-07-05T05:35:32.526,gateway,OK,pacs.008,SWIFT,3583.05,INR,**************4333,SG,33
3cz42v82-4812-2532-kfn2-93lk13180ps0,2026-07-05T05:35:32.555,auth,OK,pacs.008,SWIFT,3583.05,INR,**************4333,SG,83
3cz42v82-4812-2532-kfn2-93lk13180ps0,2026-07-05T05:35:32.643,validation,REJECTED,pacs.008,SWIFT,3583.05,INR,**************4333,SG,104
8xm06z76-7329-6860-udu6-25jj49975bq0,2026-07-06T13:03:29.857,gateway,OK,pacs.008,FAST,357.25,MYR,**************8669,SG,58
8xm06z76-7329-6860-udu6-25jj49975bq0,2026-07-06T13:03:30.073,auth,OK,pacs.008,FAST,357.25,MYR,**************8669,SG,37
8xm06z76-7329-6860-udu6-25jj49975bq0,2026-07-06T13:03:30.143,validation,OK,pacs.008,FAST,357.25,MYR,**************8669,SG,38
8xm06z76-7329-6860-udu6-25jj49975bq0,2026-07-06T13:03:30.250,aml,OK,pacs.008,FAST,357.25,MYR,**************8669,SG,46
8xm06z76-7329-6860-udu6-25jj49975bq0,2026-07-06T13:04:00.278,payment-hub,OK,pacs.008,FAST,357.25,MYR,**************8669,SG,47
8xm06z76-7329-6860-udu6-25jj49975bq0,2026-07-06T13:04:00.367,core-banking,OK,pacs.008,FAST,357.25,MYR,**************8669,SG,166
8xm06z76-7329-6860-udu6-25jj49975bq0,2026-07-06T13:04:00.448,settlement,SETTLED,pacs.008,FAST,357.25,MYR,**************8669,SG,98
1ck85u81-1556-4631-hon9-88ng17132rr9,2026-07-14T02:34:30.141,gateway,OK,pacs.008,SWIFT,896.77,MYR,**************0771,IN,15
1ck85u81-1556-4631-hon9-88ng17132rr9,2026-07-14T02:34:30.225,auth,OK,pacs.008,SWIFT,896.77,MYR,**************0771,IN,80
1ck85u81-1556-4631-hon9-88ng17132rr9,2026-07-14T02:34:30.489,validation,OK,pacs.008,SWIFT,896.77,MYR,**************0771,IN,28
1ck85u81-1556-4631-hon9-88ng17132rr9,2026-07-14T02:34:30.621,aml,OK,pacs.008,SWIFT,896.77,MYR,**************0771,IN,122
1ck85u81-1556-4631-hon9-88ng17132rr9,2026-07-14T02:34:30.764,payment-hub,OK,pacs.008,SWIFT,896.77,MYR,**************0771,IN,43
1ck85u81-1556-4631-hon9-88ng17132rr9,2026-07-14T02:34:30.856,core-banking,OK,pacs.008,SWIFT,896.77,MYR,**************0771,IN,210
1ck85u81-1556-4631-hon9-88ng17132rr9,2026-07-14T02:34:30.879,settlement,SETTLED,pacs.008,SWIFT,896.77,MYR,**************0771,IN,105
7ef23t64-7010-3716-nxk3-66qe56054yu1,2026-07-14T05:40:05.215,gateway,OK,pacs.008,FAST,1676.56,USD,**************4870,MY,19
7ef23t64-7010-3716-nxk3-66qe56054yu1,2026-07-14T05:40:05.295,auth,OK,pacs.008,FAST,1676.56,USD,**************4870,MY,55
7ef23t64-7010-3716-nxk3-66qe56054yu1,2026-07-14T05:40:05.481,validation,OK,pacs.008,FAST,1676.56,USD,**************4870,MY,105
7ef23t64-7010-3716-nxk3-66qe56054yu1,2026-07-14T05:40:05.579,aml,OK,pacs.008,FAST,1676.56,USD,**************4870,MY,134
7ef23t64-7010-3716-nxk3-66qe56054yu1,2026-07-14T05:40:35.618,payment-hub,OK,pacs.008,FAST,1676.56,USD,**************4870,MY,110
7ef23t64-7010-3716-nxk3-66qe56054yu1,2026-07-14T05:40:35.746,core-banking,OK,pacs.008,FAST,1676.56,USD,**************4870,MY,58
7ef23t64-7010-3716-nxk3-66qe56054yu1,2026-07-14T05:40:35.965,settlement,SETTLED,pacs.008,FAST,1676.56,USD,**************4870,MY,234
1wb86g71-4365-3960-jkf3-45jl48339fi9,2026-07-06T10:17:27.299,gateway,OK,pacs.008,FAST,184.84,GBP,**************3767,SG,47
1wb86g71-4365-3960-jkf3-45jl48339fi9,2026-07-06T10:17:27.356,auth,OK,pacs.008,FAST,184.84,GBP,**************3767,SG,87
1wb86g71-4365-3960-jkf3-45jl48339fi9,2026-07-06T10:17:27.451,validation,OK,pacs.008,FAST,184.84,GBP,**************3767,SG,98
1wb86g71-4365-3960-jkf3-45jl48339fi9,2026-07-06T10:17:27.524,aml,OK,pacs.008,FAST,184.84,GBP,**************3767,SG,225
1wb86g71-4365-3960-jkf3-45jl48339fi9,2026-07-06T10:17:27.737,payment-hub,OK,pacs.008,FAST,184.84,GBP,**************3767,SG,138
1wb86g71-4365-3960-jkf3-45jl48339fi9,2026-07-06T10:17:57.742,core-banking,OK,pacs.008,FAST,184.84,GBP,**************3767,SG,131
1wb86g71-4365-3960-jkf3-45jl48339fi9,2026-07-06T10:17:57.851,settlement,SETTLED,pacs.008,FAST,184.84,GBP,**************3767,SG,169
3se80h25-8840-4810-qqa9-49ec33036es7,2026-07-06T22:07:20.407,gateway,OK,pacs.008,FAST,42.6,SGD,**************1565,MY,40
3se80h25-8840-4810-qqa9-49ec33036es7,2026-07-06T22:07:20.698,auth,OK,pacs.008,FAST,42.6,SGD,**************1565,MY,64
3se80h25-8840-4810-qqa9-49ec33036es7,2026-07-06T22:07:20.833,validation,OK,pacs.008,FAST,42.6,SGD,**************1565,MY,75
3se80h25-8840-4810-qqa9-49ec33036es7,2026-07-06T22:07:20.908,aml,TIMEOUT,pacs.008,FAST,42.6,SGD,**************1565,MY,30000
3se80h25-8840-4810-qqa9-49ec33036es7,2026-07-06T22:07:21.059,payment-hub,FAILED,pacs.008,FAST,42.6,SGD,**************1565,MY,109
4dh33z89-0134-7909-rzm9-22cu85928nc6,2026-07-02T15:20:13.638,gateway,OK,pacs.008,SWIFT,11445.83,USD,**************2706,IN,46
4dh33z89-0134-7909-rzm9-22cu85928nc6,2026-07-02T15:20:13.842,auth,OK,pacs.008,SWIFT,11445.83,USD,**************2706,IN,33
4dh33z89-0134-7909-rzm9-22cu85928nc6,2026-07-02T15:20:13.990,validation,OK,pacs.008,SWIFT,11445.83,USD,**************2706,IN,30
4dh33z89-0134-7909-rzm9-22cu85928nc6,2026-07-02T15:20:14.199,aml,OK,pacs.008,SWIFT,11445.83,USD,**************2706,IN,101
4dh33z89-0134-7909-rzm9-22cu85928nc6,2026-07-02T15:20:14.403,payment-hub,OK,pacs.008,SWIFT,11445.83,USD,**************2706,IN,90
4dh33z89-0134-7909-rzm9-22cu85928nc6,2026-07-02T15:20:14.446,core-banking,OK,pacs.008,SWIFT,11445.83,USD,**************2706,IN,159
4dh33z89-0134-7909-rzm9-22cu85928nc6,2026-07-02T15:20:14.500,settlement,SETTLED,pacs.008,SWIFT,11445.83,USD,**************2706,IN,160
4rt52o52-6338-9402-zsn7-02lc51256uz6,2026-07-07T03:06:41.842,gateway,OK,MT103,FAST,851.63,USD,**************7905,SG,33
4rt52o52-6338-9402-zsn7-02lc51256uz6,2026-07-07T03:06:42.015,auth,OK,MT103,FAST,851.63,USD,**************7905,SG,90
4rt52o52-6338-9402-zsn7-02lc51256uz6,2026-07-07T03:06:42.117,validation,OK,MT103,FAST,851.63,USD,**************7905,SG,102
4rt52o52-6338-9402-zsn7-02lc51256uz6,2026-07-07T03:06:42.335,aml,TIMEOUT,MT103,FAST,851.63,USD,**************7905,SG,30000
4rt52o52-6338-9402-zsn7-02lc51256uz6,2026-07-07T03:06:42.395,payment-hub,FAILED,MT103,FAST,851.63,USD,**************7905,SG,55
8sq90p54-9129-1039-fua2-78lw12619wz7,2026-07-11T22:48:03.254,gateway,OK,0200,SWIFT,322.01,EUR,**************6593,MY,43
8sq90p54-9129-1039-fua2-78lw12619wz7,2026-07-11T22:48:03.325,auth,OK,0200,SWIFT,322.01,EUR,**************6593,MY,81
8sq90p54-9129-1039-fua2-78lw12619wz7,2026-07-11T22:48:03.492,validation,OK,0200,SWIFT,322.01,EUR,**************6593,MY,88
8sq90p54-9129-1039-fua2-78lw12619wz7,2026-07-11T22:48:03.546,aml,OK,0200,SWIFT,322.01,EUR,**************6593,MY,136
8sq90p54-9129-1039-fua2-78lw12619wz7,2026-07-11T22:48:03.606,payment-hub,OK,0200,SWIFT,322.01,EUR,**************6593,MY,58
8sq90p54-9129-1039-fua2-78lw12619wz7,2026-07-11T22:48:03.776,core-banking,OK,0200,SWIFT,322.01,EUR,**************6593,MY,115
8sq90p54-9129-1039-fua2-78lw12619wz7,2026-07-11T22:48:03.826,settlement,SETTLED,0200,SWIFT,322.01,EUR,**************6593,MY,135
3dy37f98-2981-8736-ral8-22pg56109ze9,2026-07-10T06:00:31.048,gateway,OK,pacs.008,FAST,1792.59,USD,**************3921,GB,35
3dy37f98-2981-8736-ral8-22pg56109ze9,2026-07-10T06:00:31.225,auth,OK,pacs.008,FAST,1792.59,USD,**************3921,GB,37
3dy37f98-2981-8736-ral8-22pg56109ze9,2026-07-10T06:00:31.360,validation,OK,pacs.008,FAST,1792.59,USD,**************3921,GB,96
3dy37f98-2981-8736-ral8-22pg56109ze9,2026-07-10T06:00:31.684,aml,OK,pacs.008,FAST,1792.59,USD,**************3921,GB,249
3dy37f98-2981-8736-ral8-22pg56109ze9,2026-07-10T06:00:31.768,payment-hub,OK,pacs.008,FAST,1792.59,USD,**************3921,GB,103
3dy37f98-2981-8736-ral8-22pg56109ze9,2026-07-10T06:00:31.920,core-banking,OK,pacs.008,FAST,1792.59,USD,**************3921,GB,231
3dy37f98-2981-8736-ral8-22pg56109ze9,2026-07-10T06:00:32.013,settlement,SETTLED,pacs.008,FAST,1792.59,USD,**************3921,GB,335
0ax56c65-0727-6497-bmw7-88vq57952al8,2026-07-01T19:48:10.405,gateway,OK,pacs.008,SWIFT,781.26,SGD,**************2451,SG,54
0ax56c65-0727-6497-bmw7-88vq57952al8,2026-07-01T19:48:10.459,auth,OK,pacs.008,SWIFT,781.26,SGD,**************2451,SG,85
0ax56c65-0727-6497-bmw7-88vq57952al8,2026-07-01T19:48:10.519,validation,OK,pacs.008,SWIFT,781.26,SGD,**************2451,SG,51
0ax56c65-0727-6497-bmw7-88vq57952al8,2026-07-01T19:48:10.613,aml,TIMEOUT,pacs.008,SWIFT,781.26,SGD,**************2451,SG,30000
0ax56c65-0727-6497-bmw7-88vq57952al8,2026-07-01T19:48:10.860,payment-hub,FAILED,pacs.008,SWIFT,781.26,SGD,**************2451,SG,62
9qc34p25-1347-2377-wgp4-31kg10307hz2,2026-07-10T18:56:12.604,gateway,OK,pacs.008,FAST,5530.61,MYR,**************8125,US,51
9qc34p25-1347-2377-wgp4-31kg10307hz2,2026-07-10T18:56:12.907,auth,OK,pacs.008,FAST,5530.61,MYR,**************8125,US,68
9qc34p25-1347-2377-wgp4-31kg10307hz2,2026-07-10T18:56:13.187,validation,OK,pacs.008,FAST,5530.61,MYR,**************8125,US,87
9qc34p25-1347-2377-wgp4-31kg10307hz2,2026-07-10T18:56:13.330,aml,OK,pacs.008,FAST,5530.61,MYR,**************8125,US,256
9qc34p25-1347-2377-wgp4-31kg10307hz2,2026-07-10T18:56:13.414,payment-hub,OK,pacs.008,FAST,5530.61,MYR,**************8125,US,65
9qc34p25-1347-2377-wgp4-31kg10307hz2,2026-07-10T18:56:13.489,core-banking,OK,pacs.008,FAST,5530.61,MYR,**************8125,US,192
9qc34p25-1347-2377-wgp4-31kg10307hz2,2026-07-10T18:56:13.639,settlement,SETTLED,pacs.008,FAST,5530.61,MYR,**************8125,US,389
5fr07i68-9735-4330-nvy1-84ic78618fi4,2026-07-10T13:04:41.520,gateway,OK,0200,SWIFT,526.68,USD,**************1289,IN,32
5fr07i68-9735-4330-nvy1-84ic78618fi4,2026-07-10T13:04:41.556,auth,OK,0200,SWIFT,526.68,USD,**************1289,IN,55
5fr07i68-9735-4330-nvy1-84ic78618fi4,2026-07-10T13:04:41.619,validation,OK,0200,SWIFT,526.68,USD,**************1289,IN,64
5fr07i68-9735-4330-nvy1-84ic78618fi4,2026-07-10T13:04:41.727,aml,OK,0200,SWIFT,526.68,USD,**************1289,IN,247
5fr07i68-9735-4330-nvy1-84ic78618fi4,2026-07-10T13:04:41.862,payment-hub,OK,0200,SWIFT,526.68,USD,**************1289,IN,132
5fr07i68-9735-4330-nvy1-84ic78618fi4,2026-07-10T13:04:41.921,core-banking,OK,0200,SWIFT,526.68,USD,**************1289,IN,95
5fr07i68-9735-4330-nvy1-84ic78618fi4,2026-07-10T13:04:42.134,settlement,SETTLED,0200,SWIFT,526.68,USD,**************1289,IN,171
8qa54f44-1602-0784-vjb9-20hi05570mx4,2026-07-09T17:23:56.914,gateway,OK,MT103,SWIFT,1003.4,SGD,**************6354,MY,34
8qa54f44-1602-0784-vjb9-20hi05570mx4,2026-07-09T17:23:57.076,auth,OK,MT103,SWIFT,1003.4,SGD,**************6354,MY,51
8qa54f44-1602-0784-vjb9-20hi05570mx4,2026-07-09T17:23:57.320,validation,OK,MT103,SWIFT,1003.4,SGD,**************6354,MY,86
8qa54f44-1602-0784-vjb9-20hi05570mx4,2026-07-09T17:23:57.412,aml,OK,MT103,SWIFT,1003.4,SGD,**************6354,MY,140
8qa54f44-1602-0784-vjb9-20hi05570mx4,2026-07-09T17:23:57.540,payment-hub,OK,MT103,SWIFT,1003.4,SGD,**************6354,MY,73
8qa54f44-1602-0784-vjb9-20hi05570mx4,2026-07-09T17:23:57.719,core-banking,OK,MT103,SWIFT,1003.4,SGD,**************6354,MY,68
8qa54f44-1602-0784-vjb9-20hi05570mx4,2026-07-09T17:23:57.791,settlement,SETTLED,MT103,SWIFT,1003.4,SGD,**************6354,MY,278
1ci47n11-0892-3174-crq4-37tu92463vh2,2026-07-02T01:50:28.112,gateway,OK,pacs.008,SWIFT,725.36,MYR,**************1516,SG,23
1ci47n11-0892-3174-crq4-37tu92463vh2,2026-07-02T01:50:28.232,auth,OK,pacs.008,SWIFT,725.36,MYR,**************1516,SG,31
1ci47n11-0892-3174-crq4-37tu92463vh2,2026-07-02T01:50:28.304,validation,OK,pacs.008,SWIFT,725.36,MYR,**************1516,SG,91
1ci47n11-0892-3174-crq4-37tu92463vh2,2026-07-02T01:50:28.507,aml,OK,pacs.008,SWIFT,725.36,MYR,**************1516,SG,171
1ci47n11-0892-3174-crq4-37tu92463vh2,2026-07-02T01:50:28.692,payment-hub,OK,pacs.008,SWIFT,725.36,MYR,**************1516,SG,95
1ci47n11-0892-3174-crq4-37tu92463vh2,2026-07-02T01:50:28.741,core-banking,OK,pacs.008,SWIFT,725.36,MYR,**************1516,SG,67
1ci47n11-0892-3174-crq4-37tu92463vh2,2026-07-02T01:50:28.834,settlement,SETTLED,pacs.008,SWIFT,725.36,MYR,**************1516,SG,276
8wb87d26-7052-8887-fvh4-47qp48282kx3,2026-07-12T20:35:58.313,gateway,OK,MT103,FAST,277.73,INR,**************4553,MY,15
8wb87d26-7052-8887-fvh4-47qp48282kx3,2026-07-12T20:35:58.492,auth,OK,MT103,FAST,277.73,INR,**************4553,MY,49
8wb87d26-7052-8887-fvh4-47qp48282kx3,2026-07-12T20:35:58.676,validation,OK,MT103,FAST,277.73,INR,**************4553,MY,71
8wb87d26-7052-8887-fvh4-47qp48282kx3,2026-07-12T20:35:58.762,aml,TIMEOUT,MT103,FAST,277.73,INR,**************4553,MY,30000
8wb87d26-7052-8887-fvh4-47qp48282kx3,2026-07-12T20:35:59.006,payment-hub,FAILED,MT103,FAST,277.73,INR,**************4553,MY,117
4fh31i56-9202-5656-xvn9-48xe06490ey7,2026-07-03T18:48:49.251,gateway,OK,pacs.008,FAST,502.82,INR,**************4353,SG,25
4fh31i56-9202-5656-xvn9-48xe06490ey7,2026-07-03T18:48:49.309,auth,OK,pacs.008,FAST,502.82,INR,**************4353,SG,27
4fh31i56-9202-5656-xvn9-48xe06490ey7,2026-07-03T18:48:49.518,validation,OK,pacs.008,FAST,502.82,INR,**************4353,SG,82
4fh31i56-9202-5656-xvn9-48xe06490ey7,2026-07-03T18:48:49.575,aml,OK,pacs.008,FAST,502.82,INR,**************4353,SG,238
4fh31i56-9202-5656-xvn9-48xe06490ey7,2026-07-03T18:48:49.840,payment-hub,OK,pacs.008,FAST,502.82,INR,**************4353,SG,141
4fh31i56-9202-5656-xvn9-48xe06490ey7,2026-07-03T18:48:49.975,core-banking,OK,pacs.008,FAST,502.82,INR,**************4353,SG,202
4fh31i56-9202-5656-xvn9-48xe06490ey7,2026-07-03T18:48:50.056,settlement,SETTLED,pacs.008,FAST,502.82,INR,**************4353,SG,292
8ia92s56-0023-3499-wav9-14kr82726fy8,2026-07-13T16:35:09.375,gateway,OK,MT103,SWIFT,83.51,USD,**************3673,SG,17
8ia92s56-0023-3499-wav9-14kr82726fy8,2026-07-13T16:35:09.438,auth,OK,MT103,SWIFT,83.51,USD,**************3673,SG,31
8ia92s56-0023-3499-wav9-14kr82726fy8,2026-07-13T16:35:09.771,validation,OK,MT103,SWIFT,83.51,USD,**************3673,SG,70
8ia92s56-0023-3499-wav9-14kr82726fy8,2026-07-13T16:35:09.955,aml,OK,MT103,SWIFT,83.51,USD,**************3673,SG,182
8ia92s56-0023-3499-wav9-14kr82726fy8,2026-07-13T16:35:10.086,payment-hub,OK,MT103,SWIFT,83.51,USD,**************3673,SG,146
8ia92s56-0023-3499-wav9-14kr82726fy8,2026-07-13T16:35:10.182,core-banking,OK,MT103,SWIFT,83.51,USD,**************3673,SG,120
8ia92s56-0023-3499-wav9-14kr82726fy8,2026-07-13T16:35:10.265,settlement,SETTLED,MT103,SWIFT,83.51,USD,**************3673,SG,154
8eb41q25-5404-7079-lqp3-51tl30050rx9,2026-07-09T06:12:33.531,gateway,OK,pacs.008,FAST,249.95,MYR,**************4065,SG,38
8eb41q25-5404-7079-lqp3-51tl30050rx9,2026-07-09T06:12:33.587,auth,OK,pacs.008,FAST,249.95,MYR,**************4065,SG,55
8eb41q25-5404-7079-lqp3-51tl30050rx9,2026-07-09T06:12:33.679,validation,OK,pacs.008,FAST,249.95,MYR,**************4065,SG,44
8eb41q25-5404-7079-lqp3-51tl30050rx9,2026-07-09T06:12:33.788,aml,OK,pacs.008,FAST,249.95,MYR,**************4065,SG,126
8eb41q25-5404-7079-lqp3-51tl30050rx9,2026-07-09T06:12:33.860,payment-hub,OK,pacs.008,FAST,249.95,MYR,**************4065,SG,37
8eb41q25-5404-7079-lqp3-51tl30050rx9,2026-07-09T06:12:33.927,core-banking,OK,pacs.008,FAST,249.95,MYR,**************4065,SG,205
8eb41q25-5404-7079-lqp3-51tl30050rx9,2026-07-09T06:12:34.017,settlement,SETTLED,pacs.008,FAST,249.95,MYR,**************4065,SG,344
4fh34j53-9632-5715-vep8-35xi55025gv5,2026-07-07T18:50:33.231,gateway,OK,MT103,SWIFT,376.83,USD,**************4959,SG,58
4fh34j53-9632-5715-vep8-35xi55025gv5,2026-07-07T18:50:33.292,auth,OK,MT103,SWIFT,376.83,USD,**************4959,SG,65
4fh34j53-9632-5715-vep8-35xi55025gv5,2026-07-07T18:50:33.394,validation,OK,MT103,SWIFT,376.83,USD,**************4959,SG,52
4fh34j53-9632-5715-vep8-35xi55025gv5,2026-07-07T18:50:33.544,aml,OK,MT103,SWIFT,376.83,USD,**************4959,SG,70
4fh34j53-9632-5715-vep8-35xi55025gv5,2026-07-07T18:50:33.649,payment-hub,OK,MT103,SWIFT,376.83,USD,**************4959,SG,59
4fh34j53-9632-5715-vep8-35xi55025gv5,2026-07-07T18:50:33.720,core-banking,OK,MT103,SWIFT,376.83,USD,**************4959,SG,116
4fh34j53-9632-5715-vep8-35xi55025gv5,2026-07-07T18:50:33.825,settlement,SETTLED,MT103,SWIFT,376.83,USD,**************4959,SG,335
3hr38t37-0977-9765-wvh5-31nk67459kt5,2026-07-01T14:17:03.336,gateway,OK,MT103,SWIFT,8032.34,USD,**************3893,IN,58
3hr38t37-0977-9765-wvh5-31nk67459kt5,2026-07-01T14:17:33.346,auth,OK,MT103,SWIFT,8032.34,USD,**************3893,IN,58
3hr38t37-0977-9765-wvh5-31nk67459kt5,2026-07-01T14:17:33.419,validation,REJECTED,MT103,SWIFT,8032.34,USD,**************3893,IN,104
0pl94z08-8620-7201-haz4-75fk30677lv9,2026-07-07T15:46:43.894,gateway,OK,MT103,CARDS,3964.21,SGD,**************6752,SG,57
0pl94z08-8620-7201-haz4-75fk30677lv9,2026-07-07T15:46:43.975,auth,OK,MT103,CARDS,3964.21,SGD,**************6752,SG,28
0pl94z08-8620-7201-haz4-75fk30677lv9,2026-07-07T15:46:44.066,validation,OK,MT103,CARDS,3964.21,SGD,**************6752,SG,70
0pl94z08-8620-7201-haz4-75fk30677lv9,2026-07-07T15:46:44.217,aml,OK,MT103,CARDS,3964.21,SGD,**************6752,SG,100
0pl94z08-8620-7201-haz4-75fk30677lv9,2026-07-07T15:46:44.251,payment-hub,OK,MT103,CARDS,3964.21,SGD,**************6752,SG,40
0pl94z08-8620-7201-haz4-75fk30677lv9,2026-07-07T15:46:44.482,core-banking,OK,MT103,CARDS,3964.21,SGD,**************6752,SG,137
0pl94z08-8620-7201-haz4-75fk30677lv9,2026-07-07T15:46:44.543,settlement,SETTLED,MT103,CARDS,3964.21,SGD,**************6752,SG,95
8xt38y78-6898-9433-pgt6-85pw26226cd9,2026-07-02T13:40:15.743,gateway,OK,0200,CARDS,415.31,MYR,**************2045,IN,28
8xt38y78-6898-9433-pgt6-85pw26226cd9,2026-07-02T13:40:15.840,auth,OK,0200,CARDS,415.31,MYR,**************2045,IN,74
8xt38y78-6898-9433-pgt6-85pw26226cd9,2026-07-02T13:40:15.918,validation,OK,0200,CARDS,415.31,MYR,**************2045,IN,63
8xt38y78-6898-9433-pgt6-85pw26226cd9,2026-07-02T13:40:15.985,aml,OK,0200,CARDS,415.31,MYR,**************2045,IN,133
8xt38y78-6898-9433-pgt6-85pw26226cd9,2026-07-02T13:40:16.048,payment-hub,OK,0200,CARDS,415.31,MYR,**************2045,IN,113
8xt38y78-6898-9433-pgt6-85pw26226cd9,2026-07-02T13:40:16.122,core-banking,OK,0200,CARDS,415.31,MYR,**************2045,IN,194
8xt38y78-6898-9433-pgt6-85pw26226cd9,2026-07-02T13:40:16.198,settlement,SETTLED,0200,CARDS,415.31,MYR,**************2045,IN,212
3yw49u49-6160-1808-mkk9-41jz28148jp6,2026-07-03T02:22:19.312,gateway,OK,MT103,FAST,2242.33,SGD,**************2241,MY,38
3yw49u49-6160-1808-mkk9-41jz28148jp6,2026-07-03T02:22:19.615,auth,OK,MT103,FAST,2242.33,SGD,**************2241,MY,90
3yw49u49-6160-1808-mkk9-41jz28148jp6,2026-07-03T02:22:19.758,validation,OK,MT103,FAST,2242.33,SGD,**************2241,MY,48
3yw49u49-6160-1808-mkk9-41jz28148jp6,2026-07-03T02:22:19.946,aml,OK,MT103,FAST,2242.33,SGD,**************2241,MY,180
3yw49u49-6160-1808-mkk9-41jz28148jp6,2026-07-03T02:22:20.111,payment-hub,OK,MT103,FAST,2242.33,SGD,**************2241,MY,33
3yw49u49-6160-1808-mkk9-41jz28148jp6,2026-07-03T02:22:20.197,core-banking,OK,MT103,FAST,2242.33,SGD,**************2241,MY,77
3yw49u49-6160-1808-mkk9-41jz28148jp6,2026-07-03T02:22:20.309,settlement,SETTLED,MT103,FAST,2242.33,SGD,**************2241,MY,345
5jr73t98-2247-9272-awr7-29kr74728tn4,2026-07-08T05:43:06.163,gateway,OK,MT103,FAST,438.8,USD,**************5890,SG,30
5jr73t98-2247-9272-awr7-29kr74728tn4,2026-07-08T05:43:06.273,auth,OK,MT103,FAST,438.8,USD,**************5890,SG,61
5jr73t98-2247-9272-awr7-29kr74728tn4,2026-07-08T05:43:06.399,validation,OK,MT103,FAST,438.8,USD,**************5890,SG,106
5jr73t98-2247-9272-awr7-29kr74728tn4,2026-07-08T05:43:06.466,aml,OK,MT103,FAST,438.8,USD,**************5890,SG,57
5jr73t98-2247-9272-awr7-29kr74728tn4,2026-07-08T05:43:06.573,payment-hub,OK,MT103,FAST,438.8,USD,**************5890,SG,141
5jr73t98-2247-9272-awr7-29kr74728tn4,2026-07-08T05:43:06.745,core-banking,OK,MT103,FAST,438.8,USD,**************5890,SG,210
5jr73t98-2247-9272-awr7-29kr74728tn4,2026-07-08T05:43:06.836,settlement,SETTLED,MT103,FAST,438.8,USD,**************5890,SG,351
3dh89g61-9954-7007-swf2-62bj13525sr6,2026-07-08T10:55:02.382,gateway,OK,pacs.008,CARDS,1895.43,INR,**************1870,GB,31
3dh89g61-9954-7007-swf2-62bj13525sr6,2026-07-08T10:55:02.441,auth,OK,pacs.008,CARDS,1895.43,INR,**************1870,GB,80
3dh89g61-9954-7007-swf2-62bj13525sr6,2026-07-08T10:55:02.544,validation,OK,pacs.008,CARDS,1895.43,INR,**************1870,GB,106
3dh89g61-9954-7007-swf2-62bj13525sr6,2026-07-08T10:55:02.680,aml,OK,pacs.008,CARDS,1895.43,INR,**************1870,GB,156
3dh89g61-9954-7007-swf2-62bj13525sr6,2026-07-08T10:55:02.734,payment-hub,OK,pacs.008,CARDS,1895.43,INR,**************1870,GB,82
3dh89g61-9954-7007-swf2-62bj13525sr6,2026-07-08T10:55:02.796,core-banking,OK,pacs.008,CARDS,1895.43,INR,**************1870,GB,67
3dh89g61-9954-7007-swf2-62bj13525sr6,2026-07-08T10:55:02.861,settlement,SETTLED,pacs.008,CARDS,1895.43,INR,**************1870,GB,269
6nz00o22-0092-8841-tuh2-70bo25498wy2,2026-07-13T16:58:57.666,gateway,OK,0200,SWIFT,327.79,MYR,**************9236,SG,17
6nz00o22-0092-8841-tuh2-70bo25498wy2,2026-07-13T16:58:57.730,auth,OK,0200,SWIFT,327.79,MYR,**************9236,SG,75
6nz00o22-0092-8841-tuh2-70bo25498wy2,2026-07-13T16:58:57.805,validation,OK,0200,SWIFT,327.79,MYR,**************9236,SG,95
6nz00o22-0092-8841-tuh2-70bo25498wy2,2026-07-13T16:58:57.898,aml,OK,0200,SWIFT,327.79,MYR,**************9236,SG,202
6nz00o22-0092-8841-tuh2-70bo25498wy2,2026-07-13T16:58:57.965,payment-hub,OK,0200,SWIFT,327.79,MYR,**************9236,SG,122
6nz00o22-0092-8841-tuh2-70bo25498wy2,2026-07-13T16:58:58.133,core-banking,OK,0200,SWIFT,327.79,MYR,**************9236,SG,51
6nz00o22-0092-8841-tuh2-70bo25498wy2,2026-07-13T16:58:58.253,settlement,SETTLED,0200,SWIFT,327.79,MYR,**************9236,SG,287
2vq29m75-8512-4462-xfk3-14db74826mc8,2026-07-14T11:55:19.505,gateway,OK,pacs.008,CARDS,163.46,SGD,**************8962,SG,28
2vq29m75-8512-4462-xfk3-14db74826mc8,2026-07-14T11:55:19.749,auth,OK,pacs.008,CARDS,163.46,SGD,**************8962,SG,77
2vq29m75-8512-4462-xfk3-14db74826mc8,2026-07-14T11:55:19.829,validation,OK,pacs.008,CARDS,163.46,SGD,**************8962,SG,47
2vq29m75-8512-4462-xfk3-14db74826mc8,2026-07-14T11:55:19.898,aml,OK,pacs.008,CARDS,163.46,SGD,**************8962,SG,53
2vq29m75-8512-4462-xfk3-14db74826mc8,2026-07-14T11:55:19.937,payment-hub,OK,pacs.008,CARDS,163.46,SGD,**************8962,SG,35
2vq29m75-8512-4462-xfk3-14db74826mc8,2026-07-14T11:55:20.148,core-banking,OK,pacs.008,CARDS,163.46,SGD,**************8962,SG,221
2vq29m75-8512-4462-xfk3-14db74826mc8,2026-07-14T11:55:20.337,settlement,SETTLED,pacs.008,CARDS,163.46,SGD,**************8962,SG,180
4ag35b20-7463-0929-rvz0-18rb23661cd1,2026-07-01T23:11:35.728,gateway,OK,MT103,FAST,524.75,SGD,**************0109,SG,19
4ag35b20-7463-0929-rvz0-18rb23661cd1,2026-07-01T23:11:35.773,auth,OK,MT103,FAST,524.75,SGD,**************0109,SG,57
4ag35b20-7463-0929-rvz0-18rb23661cd1,2026-07-01T23:11:36.040,validation,OK,MT103,FAST,524.75,SGD,**************0109,SG,80
4ag35b20-7463-0929-rvz0-18rb23661cd1,2026-07-01T23:11:36.312,aml,OK,MT103,FAST,524.75,SGD,**************0109,SG,86
4ag35b20-7463-0929-rvz0-18rb23661cd1,2026-07-01T23:11:36.399,payment-hub,OK,MT103,FAST,524.75,SGD,**************0109,SG,141
4ag35b20-7463-0929-rvz0-18rb23661cd1,2026-07-01T23:11:36.555,core-banking,OK,MT103,FAST,524.75,SGD,**************0109,SG,160
4ag35b20-7463-0929-rvz0-18rb23661cd1,2026-07-01T23:11:36.620,settlement,SETTLED,MT103,FAST,524.75,SGD,**************0109,SG,340
2lj95c35-4668-6680-ulf4-21ow42402aq6,2026-07-01T11:05:53.471,gateway,OK,MT103,SWIFT,2576.02,EUR,**************4759,SG,50
2lj95c35-4668-6680-ulf4-21ow42402aq6,2026-07-01T11:05:53.538,auth,OK,MT103,SWIFT,2576.02,EUR,**************4759,SG,76
2lj95c35-4668-6680-ulf4-21ow42402aq6,2026-07-01T11:05:53.647,validation,OK,MT103,SWIFT,2576.02,EUR,**************4759,SG,72
2lj95c35-4668-6680-ulf4-21ow42402aq6,2026-07-01T11:05:53.731,aml,OK,MT103,SWIFT,2576.02,EUR,**************4759,SG,133
2lj95c35-4668-6680-ulf4-21ow42402aq6,2026-07-01T11:05:53.816,payment-hub,OK,MT103,SWIFT,2576.02,EUR,**************4759,SG,135
2lj95c35-4668-6680-ulf4-21ow42402aq6,2026-07-01T11:05:53.873,core-banking,OK,MT103,SWIFT,2576.02,EUR,**************4759,SG,131
2lj95c35-4668-6680-ulf4-21ow42402aq6,2026-07-01T11:05:53.937,settlement,SETTLED,MT103,SWIFT,2576.02,EUR,**************4759,SG,263
5ms81q80-8752-7297-een3-69hq89240pk7,2026-07-04T12:57:59.815,gateway,OK,pacs.008,SWIFT,37.35,USD,**************7257,IN,27
5ms81q80-8752-7297-een3-69hq89240pk7,2026-07-04T12:57:59.895,auth,OK,pacs.008,SWIFT,37.35,USD,**************7257,IN,78
5ms81q80-8752-7297-een3-69hq89240pk7,2026-07-04T12:57:59.963,validation,OK,pacs.008,SWIFT,37.35,USD,**************7257,IN,111
5ms81q80-8752-7297-een3-69hq89240pk7,2026-07-04T12:58:00.036,aml,OK,pacs.008,SWIFT,37.35,USD,**************7257,IN,52
5ms81q80-8752-7297-een3-69hq89240pk7,2026-07-04T12:58:00.163,payment-hub,OK,pacs.008,SWIFT,37.35,USD,**************7257,IN,128
5ms81q80-8752-7297-een3-69hq89240pk7,2026-07-04T12:58:00.429,core-banking,OK,pacs.008,SWIFT,37.35,USD,**************7257,IN,157
5ms81q80-8752-7297-een3-69hq89240pk7,2026-07-04T12:58:00.470,settlement,SETTLED,pacs.008,SWIFT,37.35,USD,**************7257,IN,308
0hy90g88-6012-2338-bfk3-87zv49650qg1,2026-07-05T16:58:06.486,gateway,OK,MT103,FAST,925.29,INR,**************2069,SG,54
0hy90g88-6012-2338-bfk3-87zv49650qg1,2026-07-05T16:58:06.531,auth,OK,MT103,FAST,925.29,INR,**************2069,SG,34
0hy90g88-6012-2338-bfk3-87zv49650qg1,2026-07-05T16:58:06.649,validation,OK,MT103,FAST,925.29,INR,**************2069,SG,34
0hy90g88-6012-2338-bfk3-87zv49650qg1,2026-07-05T16:58:06.696,aml,OK,MT103,FAST,925.29,INR,**************2069,SG,296
0hy90g88-6012-2338-bfk3-87zv49650qg1,2026-07-05T16:58:06.811,payment-hub,OK,MT103,FAST,925.29,INR,**************2069,SG,50
0hy90g88-6012-2338-bfk3-87zv49650qg1,2026-07-05T16:58:07.034,core-banking,OK,MT103,FAST,925.29,INR,**************2069,SG,62
0hy90g88-6012-2338-bfk3-87zv49650qg1,2026-07-05T16:58:07.137,settlement,SETTLED,MT103,FAST,925.29,INR,**************2069,SG,303
7qf18k53-4833-1485-zzd4-82hk70803hl1,2026-07-13T11:54:09.360,gateway,OK,0200,FAST,1540.27,USD,**************1785,MY,27
7qf18k53-4833-1485-zzd4-82hk70803hl1,2026-07-13T11:54:09.500,auth,OK,0200,FAST,1540.27,USD,**************1785,MY,30
7qf18k53-4833-1485-zzd4-82hk70803hl1,2026-07-13T11:54:09.657,validation,REJECTED,0200,FAST,1540.27,USD,**************1785,MY,99
8wt36f48-1166-9050-bjj8-50xz31815zq6,2026-07-05T19:41:15.670,gateway,OK,pacs.008,FAST,496.2,SGD,**************5603,SG,18
8wt36f48-1166-9050-bjj8-50xz31815zq6,2026-07-05T19:41:15.761,auth,OK,pacs.008,FAST,496.2,SGD,**************5603,SG,88
8wt36f48-1166-9050-bjj8-50xz31815zq6,2026-07-05T19:41:15.802,validation,OK,pacs.008,FAST,496.2,SGD,**************5603,SG,54
8wt36f48-1166-9050-bjj8-50xz31815zq6,2026-07-05T19:41:15.869,aml,OK,pacs.008,FAST,496.2,SGD,**************5603,SG,147
8wt36f48-1166-9050-bjj8-50xz31815zq6,2026-07-05T19:41:15.926,payment-hub,OK,pacs.008,FAST,496.2,SGD,**************5603,SG,103
8wt36f48-1166-9050-bjj8-50xz31815zq6,2026-07-05T19:41:15.985,core-banking,OK,pacs.008,FAST,496.2,SGD,**************5603,SG,139
8wt36f48-1166-9050-bjj8-50xz31815zq6,2026-07-05T19:41:16.104,settlement,SETTLED,pacs.008,FAST,496.2,SGD,**************5603,SG,333
3ll70r87-8612-4901-ogu2-08nf57012ui2,2026-07-13T05:40:12.106,gateway,OK,pacs.008,SWIFT,1939.82,USD,**************1470,MY,21
3ll70r87-8612-4901-ogu2-08nf57012ui2,2026-07-13T05:40:12.160,auth,OK,pacs.008,SWIFT,1939.82,USD,**************1470,MY,63
3ll70r87-8612-4901-ogu2-08nf57012ui2,2026-07-13T05:40:12.264,validation,OK,pacs.008,SWIFT,1939.82,USD,**************1470,MY,28
3ll70r87-8612-4901-ogu2-08nf57012ui2,2026-07-13T05:40:12.446,aml,OK,pacs.008,SWIFT,1939.82,USD,**************1470,MY,281
3ll70r87-8612-4901-ogu2-08nf57012ui2,2026-07-13T05:40:12.527,payment-hub,OK,pacs.008,SWIFT,1939.82,USD,**************1470,MY,60
3ll70r87-8612-4901-ogu2-08nf57012ui2,2026-07-13T05:40:12.700,core-banking,OK,pacs.008,SWIFT,1939.82,USD,**************1470,MY,114
3ll70r87-8612-4901-ogu2-08nf57012ui2,2026-07-13T05:40:12.750,settlement,SETTLED,pacs.008,SWIFT,1939.82,USD,**************1470,MY,267
6zh50i54-4083-2425-csp3-18ad30738ez4,2026-07-01T16:59:43.511,gateway,OK,pacs.008,SWIFT,1348.88,USD,**************6378,IN,48
6zh50i54-4083-2425-csp3-18ad30738ez4,2026-07-01T16:59:43.550,auth,OK,pacs.008,SWIFT,1348.88,USD,**************6378,IN,64
6zh50i54-4083-2425-csp3-18ad30738ez4,2026-07-01T16:59:43.605,validation,OK,pacs.008,SWIFT,1348.88,USD,**************6378,IN,75
6zh50i54-4083-2425-csp3-18ad30738ez4,2026-07-01T16:59:43.647,aml,OK,pacs.008,SWIFT,1348.88,USD,**************6378,IN,268
6zh50i54-4083-2425-csp3-18ad30738ez4,2026-07-01T16:59:43.806,payment-hub,OK,pacs.008,SWIFT,1348.88,USD,**************6378,IN,97
6zh50i54-4083-2425-csp3-18ad30738ez4,2026-07-01T16:59:43.882,core-banking,OK,pacs.008,SWIFT,1348.88,USD,**************6378,IN,127
6zh50i54-4083-2425-csp3-18ad30738ez4,2026-07-01T16:59:43.925,settlement,SETTLED,pacs.008,SWIFT,1348.88,USD,**************6378,IN,344
7fl83r63-4809-7034-utm5-05dd13944dh7,2026-07-13T20:33:01.750,gateway,OK,MT103,FAST,119.55,INR,**************2747,IN,49
7fl83r63-4809-7034-utm5-05dd13944dh7,2026-07-13T20:33:01.799,auth,OK,MT103,FAST,119.55,INR,**************2747,IN,67
7fl83r63-4809-7034-utm5-05dd13944dh7,2026-07-13T20:33:01.848,validation,OK,MT103,FAST,119.55,INR,**************2747,IN,115
7fl83r63-4809-7034-utm5-05dd13944dh7,2026-07-13T20:33:02.061,aml,OK,MT103,FAST,119.55,INR,**************2747,IN,45
7fl83r63-4809-7034-utm5-05dd13944dh7,2026-07-13T20:33:02.139,payment-hub,OK,MT103,FAST,119.55,INR,**************2747,IN,102
7fl83r63-4809-7034-utm5-05dd13944dh7,2026-07-13T20:33:02.213,core-banking,OK,MT103,FAST,119.55,INR,**************2747,IN,185
7fl83r63-4809-7034-utm5-05dd13944dh7,2026-07-13T20:33:02.276,settlement,SETTLED,MT103,FAST,119.55,INR,**************2747,IN,313
5ay29h84-9784-4214-sam2-60pf35688hb6,2026-07-10T09:01:28.305,gateway,OK,MT103,FAST,309.36,SGD,**************5812,SG,35
5ay29h84-9784-4214-sam2-60pf35688hb6,2026-07-10T09:01:28.365,auth,OK,MT103,FAST,309.36,SGD,**************5812,SG,75
5ay29h84-9784-4214-sam2-60pf35688hb6,2026-07-10T09:01:28.501,validation,OK,MT103,FAST,309.36,SGD,**************5812,SG,25
5ay29h84-9784-4214-sam2-60pf35688hb6,2026-07-10T09:01:28.680,aml,OK,MT103,FAST,309.36,SGD,**************5812,SG,300
5ay29h84-9784-4214-sam2-60pf35688hb6,2026-07-10T09:01:28.883,payment-hub,OK,MT103,FAST,309.36,SGD,**************5812,SG,125
5ay29h84-9784-4214-sam2-60pf35688hb6,2026-07-10T09:01:28.976,core-banking,OK,MT103,FAST,309.36,SGD,**************5812,SG,113
5ay29h84-9784-4214-sam2-60pf35688hb6,2026-07-10T09:01:29.161,settlement,SETTLED,MT103,FAST,309.36,SGD,**************5812,SG,178
9xp27e49-3660-1269-gqn2-47xi53396nc6,2026-07-05T13:37:53.652,gateway,OK,MT103,CARDS,398.68,SGD,**************0153,SG,57
9xp27e49-3660-1269-gqn2-47xi53396nc6,2026-07-05T13:37:53.813,auth,OK,MT103,CARDS,398.68,SGD,**************0153,SG,22
9xp27e49-3660-1269-gqn2-47xi53396nc6,2026-07-05T13:37:53.916,validation,REJECTED,MT103,CARDS,398.68,SGD,**************0153,SG,74
6sq39i19-9508-6074-lng7-19na20821wd3,2026-07-10T19:29:11.992,gateway,OK,pacs.008,FAST,851.99,SGD,**************7691,SG,56
6sq39i19-9508-6074-lng7-19na20821wd3,2026-07-10T19:29:12.203,auth,OK,pacs.008,FAST,851.99,SGD,**************7691,SG,59
6sq39i19-9508-6074-lng7-19na20821wd3,2026-07-10T19:29:12.240,validation,OK,pacs.008,FAST,851.99,SGD,**************7691,SG,62
6sq39i19-9508-6074-lng7-19na20821wd3,2026-07-10T19:29:12.387,aml,OK,pacs.008,FAST,851.99,SGD,**************7691,SG,73
6sq39i19-9508-6074-lng7-19na20821wd3,2026-07-10T19:29:12.509,payment-hub,OK,pacs.008,FAST,851.99,SGD,**************7691,SG,136
6sq39i19-9508-6074-lng7-19na20821wd3,2026-07-10T19:29:12.554,core-banking,OK,pacs.008,FAST,851.99,SGD,**************7691,SG,72
6sq39i19-9508-6074-lng7-19na20821wd3,2026-07-10T19:29:12.638,settlement,SETTLED,pacs.008,FAST,851.99,SGD,**************7691,SG,222
3va34k15-8243-8693-flv7-01sz72743qd7,2026-07-13T14:04:12.243,gateway,OK,pacs.008,CARDS,412.13,SGD,**************7647,SG,53
3va34k15-8243-8693-flv7-01sz72743qd7,2026-07-13T14:04:12.382,auth,OK,pacs.008,CARDS,412.13,SGD,**************7647,SG,52
3va34k15-8243-8693-flv7-01sz72743qd7,2026-07-13T14:04:12.441,validation,OK,pacs.008,CARDS,412.13,SGD,**************7647,SG,64
3va34k15-8243-8693-flv7-01sz72743qd7,2026-07-13T14:04:12.485,aml,OK,pacs.008,CARDS,412.13,SGD,**************7647,SG,70
3va34k15-8243-8693-flv7-01sz72743qd7,2026-07-13T14:04:12.725,payment-hub,OK,pacs.008,CARDS,412.13,SGD,**************7647,SG,58
3va34k15-8243-8693-flv7-01sz72743qd7,2026-07-13T14:04:12.789,core-banking,OK,pacs.008,CARDS,412.13,SGD,**************7647,SG,171
3va34k15-8243-8693-flv7-01sz72743qd7,2026-07-13T14:04:13.035,settlement,SETTLED,pacs.008,CARDS,412.13,SGD,**************7647,SG,316
8km78a98-1717-7951-jfa1-81cf51947vq9,2026-07-09T14:17:24.855,gateway,OK,MT103,FAST,2665.71,SGD,**************4631,SG,47
8km78a98-1717-7951-jfa1-81cf51947vq9,2026-07-09T14:17:25.065,auth,OK,MT103,FAST,2665.71,SGD,**************4631,SG,83
8km78a98-1717-7951-jfa1-81cf51947vq9,2026-07-09T14:17:25.106,validation,OK,MT103,FAST,2665.71,SGD,**************4631,SG,61
8km78a98-1717-7951-jfa1-81cf51947vq9,2026-07-09T14:17:25.212,aml,OK,MT103,FAST,2665.71,SGD,**************4631,SG,62
8km78a98-1717-7951-jfa1-81cf51947vq9,2026-07-09T14:17:25.326,payment-hub,OK,MT103,FAST,2665.71,SGD,**************4631,SG,142
8km78a98-1717-7951-jfa1-81cf51947vq9,2026-07-09T14:17:25.502,core-banking,OK,MT103,FAST,2665.71,SGD,**************4631,SG,191
8km78a98-1717-7951-jfa1-81cf51947vq9,2026-07-09T14:17:25.579,settlement,SETTLED,MT103,FAST,2665.71,SGD,**************4631,SG,90
2bg79m00-5816-7771-mdg4-47nd07149lh0,2026-07-02T16:19:49.355,gateway,OK,pacs.008,FAST,435.45,USD,**************5122,SG,21
2bg79m00-5816-7771-mdg4-47nd07149lh0,2026-07-02T16:19:49.429,auth,OK,pacs.008,FAST,435.45,USD,**************5122,SG,77
2bg79m00-5816-7771-mdg4-47nd07149lh0,2026-07-02T16:19:49.510,validation,OK,pacs.008,FAST,435.45,USD,**************5122,SG,56
2bg79m00-5816-7771-mdg4-47nd07149lh0,2026-07-02T16:19:49.715,aml,OK,pacs.008,FAST,435.45,USD,**************5122,SG,94
2bg79m00-5816-7771-mdg4-47nd07149lh0,2026-07-02T16:19:49.821,payment-hub,OK,pacs.008,FAST,435.45,USD,**************5122,SG,59
2bg79m00-5816-7771-mdg4-47nd07149lh0,2026-07-02T16:20:19.861,core-banking,OK,pacs.008,FAST,435.45,USD,**************5122,SG,159
2bg79m00-5816-7771-mdg4-47nd07149lh0,2026-07-02T16:20:19.926,settlement,SETTLED,pacs.008,FAST,435.45,USD,**************5122,SG,383
1tc05y12-0175-9251-yii5-44re42402bv2,2026-07-03T12:09:45.772,gateway,OK,pacs.008,FAST,469.57,SGD,**************9198,GB,37
1tc05y12-0175-9251-yii5-44re42402bv2,2026-07-03T12:09:45.835,auth,OK,pacs.008,FAST,469.57,SGD,**************9198,GB,89
1tc05y12-0175-9251-yii5-44re42402bv2,2026-07-03T12:09:45.931,validation,OK,pacs.008,FAST,469.57,SGD,**************9198,GB,96
1tc05y12-0175-9251-yii5-44re42402bv2,2026-07-03T12:09:46.012,aml,OK,pacs.008,FAST,469.57,SGD,**************9198,GB,168
1tc05y12-0175-9251-yii5-44re42402bv2,2026-07-03T12:09:46.180,payment-hub,OK,pacs.008,FAST,469.57,SGD,**************9198,GB,106
1tc05y12-0175-9251-yii5-44re42402bv2,2026-07-03T12:09:46.278,core-banking,OK,pacs.008,FAST,469.57,SGD,**************9198,GB,161
1tc05y12-0175-9251-yii5-44re42402bv2,2026-07-03T12:09:46.356,settlement,SETTLED,pacs.008,FAST,469.57,SGD,**************9198,GB,93
1tm38u52-0344-6050-pkp0-35kr49889do0,2026-07-10T01:38:43.201,gateway,OK,MT103,FAST,1018.19,SGD,**************4762,MY,42
1tm38u52-0344-6050-pkp0-35kr49889do0,2026-07-10T01:38:43.278,auth,OK,MT103,FAST,1018.19,SGD,**************4762,MY,64
1tm38u52-0344-6050-pkp0-35kr49889do0,2026-07-10T01:38:43.428,validation,OK,MT103,FAST,1018.19,SGD,**************4762,MY,107
1tm38u52-0344-6050-pkp0-35kr49889do0,2026-07-10T01:38:43.478,aml,OK,MT103,FAST,1018.19,SGD,**************4762,MY,210
1tm38u52-0344-6050-pkp0-35kr49889do0,2026-07-10T01:38:43.643,payment-hub,OK,MT103,FAST,1018.19,SGD,**************4762,MY,99
1tm38u52-0344-6050-pkp0-35kr49889do0,2026-07-10T01:38:43.799,core-banking,OK,MT103,FAST,1018.19,SGD,**************4762,MY,62
1tm38u52-0344-6050-pkp0-35kr49889do0,2026-07-10T01:38:43.985,settlement,SETTLED,MT103,FAST,1018.19,SGD,**************4762,MY,192
9sl94w25-7175-4459-sdk6-62nf27712dd6,2026-07-06T17:38:29.245,gateway,OK,MT103,SWIFT,9595.34,USD,**************9220,SG,48
9sl94w25-7175-4459-sdk6-62nf27712dd6,2026-07-06T17:38:29.289,auth,OK,MT103,SWIFT,9595.34,USD,**************9220,SG,45
9sl94w25-7175-4459-sdk6-62nf27712dd6,2026-07-06T17:38:29.419,validation,OK,MT103,SWIFT,9595.34,USD,**************9220,SG,39
9sl94w25-7175-4459-sdk6-62nf27712dd6,2026-07-06T17:38:29.490,aml,OK,MT103,SWIFT,9595.34,USD,**************9220,SG,231
9sl94w25-7175-4459-sdk6-62nf27712dd6,2026-07-06T17:38:29.633,payment-hub,OK,MT103,SWIFT,9595.34,USD,**************9220,SG,33
9sl94w25-7175-4459-sdk6-62nf27712dd6,2026-07-06T17:38:29.740,core-banking,OK,MT103,SWIFT,9595.34,USD,**************9220,SG,108
9sl94w25-7175-4459-sdk6-62nf27712dd6,2026-07-06T17:38:30.024,settlement,SETTLED,MT103,SWIFT,9595.34,USD,**************9220,SG,222
2sp64e04-8393-1739-dls8-75qr37111cc1,2026-07-02T02:35:03.495,gateway,OK,pacs.008,FAST,479.71,SGD,**************1072,IN,34
2sp64e04-8393-1739-dls8-75qr37111cc1,2026-07-02T02:35:03.540,auth,OK,pacs.008,FAST,479.71,SGD,**************1072,IN,65
2sp64e04-8393-1739-dls8-75qr37111cc1,2026-07-02T02:35:03.572,validation,OK,pacs.008,FAST,479.71,SGD,**************1072,IN,94
2sp64e04-8393-1739-dls8-75qr37111cc1,2026-07-02T02:35:03.667,aml,OK,pacs.008,FAST,479.71,SGD,**************1072,IN,198
2sp64e04-8393-1739-dls8-75qr37111cc1,2026-07-02T02:35:03.822,payment-hub,OK,pacs.008,FAST,479.71,SGD,**************1072,IN,136
2sp64e04-8393-1739-dls8-75qr37111cc1,2026-07-02T02:35:03.970,core-banking,OK,pacs.008,FAST,479.71,SGD,**************1072,IN,137
2sp64e04-8393-1739-dls8-75qr37111cc1,2026-07-02T02:35:04.038,settlement,SETTLED,pacs.008,FAST,479.71,SGD,**************1072,IN,394
6py68e80-6842-5779-jhx4-04jx40669bu9,2026-07-10T14:17:57.095,gateway,OK,pacs.008,SWIFT,310.64,SGD,**************5923,SG,60
6py68e80-6842-5779-jhx4-04jx40669bu9,2026-07-10T14:17:57.176,auth,OK,pacs.008,SWIFT,310.64,SGD,**************5923,SG,42
6py68e80-6842-5779-jhx4-04jx40669bu9,2026-07-10T14:17:57.312,validation,REJECTED,pacs.008,SWIFT,310.64,SGD,**************5923,SG,34
2ii12g71-0686-3738-glh4-20ze90789qu3,2026-07-12T06:34:12.845,gateway,OK,0200,FAST,2018.58,SGD,**************3105,IN,31
2ii12g71-0686-3738-glh4-20ze90789qu3,2026-07-12T06:34:12.889,auth,OK,0200,FAST,2018.58,SGD,**************3105,IN,57
2ii12g71-0686-3738-glh4-20ze90789qu3,2026-07-12T06:34:12.915,validation,OK,0200,FAST,2018.58,SGD,**************3105,IN,116
2ii12g71-0686-3738-glh4-20ze90789qu3,2026-07-12T06:34:12.963,aml,OK,0200,FAST,2018.58,SGD,**************3105,IN,131
2ii12g71-0686-3738-glh4-20ze90789qu3,2026-07-12T06:34:13.169,payment-hub,OK,0200,FAST,2018.58,SGD,**************3105,IN,37
2ii12g71-0686-3738-glh4-20ze90789qu3,2026-07-12T06:34:13.331,core-banking,OK,0200,FAST,2018.58,SGD,**************3105,IN,105
2ii12g71-0686-3738-glh4-20ze90789qu3,2026-07-12T06:34:13.401,settlement,SETTLED,0200,FAST,2018.58,SGD,**************3105,IN,119
2mf99a89-5638-3148-trc2-01al32222zh5,2026-07-11T04:47:55.384,gateway,OK,pacs.008,FAST,5771.05,USD,**************6545,MY,48
2mf99a89-5638-3148-trc2-01al32222zh5,2026-07-11T04:47:55.711,auth,OK,pacs.008,FAST,5771.05,USD,**************6545,MY,34
2mf99a89-5638-3148-trc2-01al32222zh5,2026-07-11T04:47:55.927,validation,OK,pacs.008,FAST,5771.05,USD,**************6545,MY,119
2mf99a89-5638-3148-trc2-01al32222zh5,2026-07-11T04:47:55.984,aml,OK,pacs.008,FAST,5771.05,USD,**************6545,MY,268
2mf99a89-5638-3148-trc2-01al32222zh5,2026-07-11T04:47:56.024,payment-hub,OK,pacs.008,FAST,5771.05,USD,**************6545,MY,74
2mf99a89-5638-3148-trc2-01al32222zh5,2026-07-11T04:47:56.077,core-banking,OK,pacs.008,FAST,5771.05,USD,**************6545,MY,228
2mf99a89-5638-3148-trc2-01al32222zh5,2026-07-11T04:47:56.209,settlement,SETTLED,pacs.008,FAST,5771.05,USD,**************6545,MY,167
1li23e37-7063-2022-uti6-50dp52291ap2,2026-07-02T11:49:17.083,gateway,OK,0200,SWIFT,539.29,SGD,**************5664,SG,31
1li23e37-7063-2022-uti6-50dp52291ap2,2026-07-02T11:49:17.297,auth,OK,0200,SWIFT,539.29,SGD,**************5664,SG,54
1li23e37-7063-2022-uti6-50dp52291ap2,2026-07-02T11:49:17.516,validation,OK,0200,SWIFT,539.29,SGD,**************5664,SG,112
1li23e37-7063-2022-uti6-50dp52291ap2,2026-07-02T11:49:17.569,aml,OK,0200,SWIFT,539.29,SGD,**************5664,SG,178
1li23e37-7063-2022-uti6-50dp52291ap2,2026-07-02T11:49:17.830,payment-hub,OK,0200,SWIFT,539.29,SGD,**************5664,SG,100
1li23e37-7063-2022-uti6-50dp52291ap2,2026-07-02T11:49:18.001,core-banking,OK,0200,SWIFT,539.29,SGD,**************5664,SG,188
1li23e37-7063-2022-uti6-50dp52291ap2,2026-07-02T11:49:18.033,settlement,SETTLED,0200,SWIFT,539.29,SGD,**************5664,SG,396
8og69b83-4832-3196-ryp4-78hm23736ir0,2026-07-03T02:13:09.918,gateway,OK,MT103,SWIFT,127.87,SGD,**************3137,SG,33
8og69b83-4832-3196-ryp4-78hm23736ir0,2026-07-03T02:13:10.004,auth,OK,MT103,SWIFT,127.87,SGD,**************3137,SG,63
8og69b83-4832-3196-ryp4-78hm23736ir0,2026-07-03T02:13:10.292,validation,OK,MT103,SWIFT,127.87,SGD,**************3137,SG,98
8og69b83-4832-3196-ryp4-78hm23736ir0,2026-07-03T02:13:10.321,aml,OK,MT103,SWIFT,127.87,SGD,**************3137,SG,279
8og69b83-4832-3196-ryp4-78hm23736ir0,2026-07-03T02:13:10.392,payment-hub,OK,MT103,SWIFT,127.87,SGD,**************3137,SG,55
8og69b83-4832-3196-ryp4-78hm23736ir0,2026-07-03T02:13:10.551,core-banking,OK,MT103,SWIFT,127.87,SGD,**************3137,SG,192
8og69b83-4832-3196-ryp4-78hm23736ir0,2026-07-03T02:13:10.671,settlement,SETTLED,MT103,SWIFT,127.87,SGD,**************3137,SG,165
7wt99e29-1430-3673-vdc8-17bl20978li2,2026-07-13T13:32:46.849,gateway,OK,pacs.008,FAST,368.08,SGD,**************9484,SG,49
7wt99e29-1430-3673-vdc8-17bl20978li2,2026-07-13T13:32:47.038,auth,OK,pacs.008,FAST,368.08,SGD,**************9484,SG,30
7wt99e29-1430-3673-vdc8-17bl20978li2,2026-07-13T13:32:47.361,validation,OK,pacs.008,FAST,368.08,SGD,**************9484,SG,28
7wt99e29-1430-3673-vdc8-17bl20978li2,2026-07-13T13:32:47.427,aml,OK,pacs.008,FAST,368.08,SGD,**************9484,SG,118
7wt99e29-1430-3673-vdc8-17bl20978li2,2026-07-13T13:32:47.502,payment-hub,OK,pacs.008,FAST,368.08,SGD,**************9484,SG,58
7wt99e29-1430-3673-vdc8-17bl20978li2,2026-07-13T13:32:47.729,core-banking,OK,pacs.008,FAST,368.08,SGD,**************9484,SG,225
7wt99e29-1430-3673-vdc8-17bl20978li2,2026-07-13T13:32:47.939,settlement,SETTLED,pacs.008,FAST,368.08,SGD,**************9484,SG,389
8cp24i84-4871-7068-poe3-68pt32973gf7,2026-07-10T02:17:25.982,gateway,OK,pacs.008,FAST,498.81,SGD,**************3105,HK,21
8cp24i84-4871-7068-poe3-68pt32973gf7,2026-07-10T02:17:26.094,auth,OK,pacs.008,FAST,498.81,SGD,**************3105,HK,43
8cp24i84-4871-7068-poe3-68pt32973gf7,2026-07-10T02:17:26.278,validation,OK,pacs.008,FAST,498.81,SGD,**************3105,HK,74
8cp24i84-4871-7068-poe3-68pt32973gf7,2026-07-10T02:17:26.418,aml,OK,pacs.008,FAST,498.81,SGD,**************3105,HK,192
8cp24i84-4871-7068-poe3-68pt32973gf7,2026-07-10T02:17:26.688,payment-hub,OK,pacs.008,FAST,498.81,SGD,**************3105,HK,139
8cp24i84-4871-7068-poe3-68pt32973gf7,2026-07-10T02:17:26.780,core-banking,OK,pacs.008,FAST,498.81,SGD,**************3105,HK,86
8cp24i84-4871-7068-poe3-68pt32973gf7,2026-07-10T02:17:26.854,settlement,SETTLED,pacs.008,FAST,498.81,SGD,**************3105,HK,96
7es04g25-1564-5771-sxc9-77by55077eh2,2026-07-03T20:37:39.756,gateway,OK,pacs.008,SWIFT,1386.4,EUR,**************4444,MY,34
7es04g25-1564-5771-sxc9-77by55077eh2,2026-07-03T20:37:39.823,auth,OK,pacs.008,SWIFT,1386.4,EUR,**************4444,MY,66
7es04g25-1564-5771-sxc9-77by55077eh2,2026-07-03T20:37:40.037,validation,OK,pacs.008,SWIFT,1386.4,EUR,**************4444,MY,32
7es04g25-1564-5771-sxc9-77by55077eh2,2026-07-03T20:37:40.233,aml,OK,pacs.008,SWIFT,1386.4,EUR,**************4444,MY,165
7es04g25-1564-5771-sxc9-77by55077eh2,2026-07-03T20:37:40.461,payment-hub,OK,pacs.008,SWIFT,1386.4,EUR,**************4444,MY,60
7es04g25-1564-5771-sxc9-77by55077eh2,2026-07-03T20:37:40.638,core-banking,OK,pacs.008,SWIFT,1386.4,EUR,**************4444,MY,145
7es04g25-1564-5771-sxc9-77by55077eh2,2026-07-03T20:37:40.687,settlement,SETTLED,pacs.008,SWIFT,1386.4,EUR,**************4444,MY,223
0fb52y55-9976-2371-zhb7-16pq49701ye8,2026-07-13T12:37:32.329,gateway,OK,pacs.008,CARDS,411.71,EUR,**************0754,SG,55
0fb52y55-9976-2371-zhb7-16pq49701ye8,2026-07-13T12:37:32.376,auth,OK,pacs.008,CARDS,411.71,EUR,**************0754,SG,20
0fb52y55-9976-2371-zhb7-16pq49701ye8,2026-07-13T12:37:32.521,validation,OK,pacs.008,CARDS,411.71,EUR,**************0754,SG,82
0fb52y55-9976-2371-zhb7-16pq49701ye8,2026-07-13T12:37:32.630,aml,OK,pacs.008,CARDS,411.71,EUR,**************0754,SG,117
0fb52y55-9976-2371-zhb7-16pq49701ye8,2026-07-13T12:37:32.871,payment-hub,OK,pacs.008,CARDS,411.71,EUR,**************0754,SG,80
0fb52y55-9976-2371-zhb7-16pq49701ye8,2026-07-13T12:37:32.988,core-banking,OK,pacs.008,CARDS,411.71,EUR,**************0754,SG,83
0fb52y55-9976-2371-zhb7-16pq49701ye8,2026-07-13T12:37:33.083,settlement,SETTLED,pacs.008,CARDS,411.71,EUR,**************0754,SG,98
7gk54r46-0483-4908-jlm7-84na20928vz5,2026-07-14T16:02:41.169,gateway,OK,pacs.008,CARDS,6189.55,INR,**************7919,SG,55
7gk54r46-0483-4908-jlm7-84na20928vz5,2026-07-14T16:02:41.254,auth,OK,pacs.008,CARDS,6189.55,INR,**************7919,SG,45
7gk54r46-0483-4908-jlm7-84na20928vz5,2026-07-14T16:02:41.305,validation,OK,pacs.008,CARDS,6189.55,INR,**************7919,SG,55
7gk54r46-0483-4908-jlm7-84na20928vz5,2026-07-14T16:02:41.474,aml,OK,pacs.008,CARDS,6189.55,INR,**************7919,SG,167
7gk54r46-0483-4908-jlm7-84na20928vz5,2026-07-14T16:02:41.513,payment-hub,OK,pacs.008,CARDS,6189.55,INR,**************7919,SG,129
7gk54r46-0483-4908-jlm7-84na20928vz5,2026-07-14T16:02:41.605,core-banking,OK,pacs.008,CARDS,6189.55,INR,**************7919,SG,98
7gk54r46-0483-4908-jlm7-84na20928vz5,2026-07-14T16:02:41.721,settlement,SETTLED,pacs.008,CARDS,6189.55,INR,**************7919,SG,379
2uq64g59-1410-9114-alc0-29gu85407bm0,2026-07-04T19:44:41.492,gateway,OK,pacs.008,SWIFT,1531.21,SGD,**************3643,SG,26
2uq64g59-1410-9114-alc0-29gu85407bm0,2026-07-04T19:44:41.573,auth,OK,pacs.008,SWIFT,1531.21,SGD,**************3643,SG,33
2uq64g59-1410-9114-alc0-29gu85407bm0,2026-07-04T19:44:41.636,validation,OK,pacs.008,SWIFT,1531.21,SGD,**************3643,SG,89
2uq64g59-1410-9114-alc0-29gu85407bm0,2026-07-04T19:44:41.693,aml,OK,pacs.008,SWIFT,1531.21,SGD,**************3643,SG,62
2uq64g59-1410-9114-alc0-29gu85407bm0,2026-07-04T19:44:41.919,payment-hub,OK,pacs.008,SWIFT,1531.21,SGD,**************3643,SG,128
2uq64g59-1410-9114-alc0-29gu85407bm0,2026-07-04T19:44:41.975,core-banking,OK,pacs.008,SWIFT,1531.21,SGD,**************3643,SG,130
2uq64g59-1410-9114-alc0-29gu85407bm0,2026-07-04T19:44:42.063,settlement,SETTLED,pacs.008,SWIFT,1531.21,SGD,**************3643,SG,400
3fb09k96-2425-0696-xtd7-09mh85345en2,2026-07-10T04:23:16.071,gateway,OK,MT103,FAST,505.41,USD,**************9564,SG,19
3fb09k96-2425-0696-xtd7-09mh85345en2,2026-07-10T04:23:16.125,auth,OK,MT103,FAST,505.41,USD,**************9564,SG,88
3fb09k96-2425-0696-xtd7-09mh85345en2,2026-07-10T04:23:16.177,validation,OK,MT103,FAST,505.41,USD,**************9564,SG,66
3fb09k96-2425-0696-xtd7-09mh85345en2,2026-07-10T04:23:16.312,aml,OK,MT103,FAST,505.41,USD,**************9564,SG,262
3fb09k96-2425-0696-xtd7-09mh85345en2,2026-07-10T04:23:16.488,payment-hub,OK,MT103,FAST,505.41,USD,**************9564,SG,116
3fb09k96-2425-0696-xtd7-09mh85345en2,2026-07-10T04:23:16.597,core-banking,OK,MT103,FAST,505.41,USD,**************9564,SG,246
3fb09k96-2425-0696-xtd7-09mh85345en2,2026-07-10T04:23:16.770,settlement,SETTLED,MT103,FAST,505.41,USD,**************9564,SG,90
6km97m20-0295-0249-hls3-61xc28574xl5,2026-07-10T06:19:47.224,gateway,OK,MT103,FAST,328.79,INR,**************9641,IN,48
6km97m20-0295-0249-hls3-61xc28574xl5,2026-07-10T06:19:47.255,auth,OK,MT103,FAST,328.79,INR,**************9641,IN,44
6km97m20-0295-0249-hls3-61xc28574xl5,2026-07-10T06:19:47.305,validation,OK,MT103,FAST,328.79,INR,**************9641,IN,57
6km97m20-0295-0249-hls3-61xc28574xl5,2026-07-10T06:19:47.411,aml,OK,MT103,FAST,328.79,INR,**************9641,IN,126
6km97m20-0295-0249-hls3-61xc28574xl5,2026-07-10T06:19:47.573,payment-hub,OK,MT103,FAST,328.79,INR,**************9641,IN,66
6km97m20-0295-0249-hls3-61xc28574xl5,2026-07-10T06:19:47.874,core-banking,OK,MT103,FAST,328.79,INR,**************9641,IN,125
6km97m20-0295-0249-hls3-61xc28574xl5,2026-07-10T06:19:48.087,settlement,SETTLED,MT103,FAST,328.79,INR,**************9641,IN,325
7ia56i44-3877-6544-zom0-28ol86467yq6,2026-07-06T14:50:20.500,gateway,OK,pacs.008,FAST,87.99,USD,**************2443,IN,57
7ia56i44-3877-6544-zom0-28ol86467yq6,2026-07-06T14:50:20.551,auth,OK,pacs.008,FAST,87.99,USD,**************2443,IN,63
7ia56i44-3877-6544-zom0-28ol86467yq6,2026-07-06T14:50:20.797,validation,OK,pacs.008,FAST,87.99,USD,**************2443,IN,70
7ia56i44-3877-6544-zom0-28ol86467yq6,2026-07-06T14:50:21.014,aml,OK,pacs.008,FAST,87.99,USD,**************2443,IN,209
7ia56i44-3877-6544-zom0-28ol86467yq6,2026-07-06T14:50:21.233,payment-hub,OK,pacs.008,FAST,87.99,USD,**************2443,IN,115
7ia56i44-3877-6544-zom0-28ol86467yq6,2026-07-06T14:50:21.344,core-banking,OK,pacs.008,FAST,87.99,USD,**************2443,IN,198
7ia56i44-3877-6544-zom0-28ol86467yq6,2026-07-06T14:50:21.490,settlement,SETTLED,pacs.008,FAST,87.99,USD,**************2443,IN,344
9vo54v26-8362-9013-hia0-46uu64444yj0,2026-07-14T15:19:02.684,gateway,OK,pacs.008,CARDS,404.19,USD,**************9443,SG,37
9vo54v26-8362-9013-hia0-46uu64444yj0,2026-07-14T15:19:02.758,auth,OK,pacs.008,CARDS,404.19,USD,**************9443,SG,69
9vo54v26-8362-9013-hia0-46uu64444yj0,2026-07-14T15:19:02.820,validation,OK,pacs.008,CARDS,404.19,USD,**************9443,SG,80
9vo54v26-8362-9013-hia0-46uu64444yj0,2026-07-14T15:19:02.917,aml,OK,pacs.008,CARDS,404.19,USD,**************9443,SG,283
9vo54v26-8362-9013-hia0-46uu64444yj0,2026-07-14T15:19:02.984,payment-hub,OK,pacs.008,CARDS,404.19,USD,**************9443,SG,122
9vo54v26-8362-9013-hia0-46uu64444yj0,2026-07-14T15:19:03.033,core-banking,OK,pacs.008,CARDS,404.19,USD,**************9443,SG,248
9vo54v26-8362-9013-hia0-46uu64444yj0,2026-07-14T15:19:03.292,settlement,SETTLED,pacs.008,CARDS,404.19,USD,**************9443,SG,317
9tn84a25-5273-8633-sqy9-25dq23579je7,2026-07-14T18:20:55.295,gateway,OK,MT103,FAST,365.86,MYR,**************4921,SG,47
9tn84a25-5273-8633-sqy9-25dq23579je7,2026-07-14T18:20:55.431,auth,OK,MT103,FAST,365.86,MYR,**************4921,SG,88
9tn84a25-5273-8633-sqy9-25dq23579je7,2026-07-14T18:20:55.575,validation,OK,MT103,FAST,365.86,MYR,**************4921,SG,118
9tn84a25-5273-8633-sqy9-25dq23579je7,2026-07-14T18:20:55.656,aml,OK,MT103,FAST,365.86,MYR,**************4921,SG,123
9tn84a25-5273-8633-sqy9-25dq23579je7,2026-07-14T18:20:55.771,payment-hub,OK,MT103,FAST,365.86,MYR,**************4921,SG,142
9tn84a25-5273-8633-sqy9-25dq23579je7,2026-07-14T18:20:55.919,core-banking,OK,MT103,FAST,365.86,MYR,**************4921,SG,105
9tn84a25-5273-8633-sqy9-25dq23579je7,2026-07-14T18:20:56.004,settlement,SETTLED,MT103,FAST,365.86,MYR,**************4921,SG,111
5vc68i03-5618-0230-onk6-51bm36681td9,2026-07-03T10:02:45.569,gateway,OK,pacs.008,FAST,866.53,EUR,**************9575,SG,30
5vc68i03-5618-0230-onk6-51bm36681td9,2026-07-03T10:02:45.632,auth,OK,pacs.008,FAST,866.53,EUR,**************9575,SG,51
5vc68i03-5618-0230-onk6-51bm36681td9,2026-07-03T10:02:45.756,validation,OK,pacs.008,FAST,866.53,EUR,**************9575,SG,108
5vc68i03-5618-0230-onk6-51bm36681td9,2026-07-03T10:02:45.924,aml,OK,pacs.008,FAST,866.53,EUR,**************9575,SG,83
5vc68i03-5618-0230-onk6-51bm36681td9,2026-07-03T10:02:46.130,payment-hub,OK,pacs.008,FAST,866.53,EUR,**************9575,SG,72
5vc68i03-5618-0230-onk6-51bm36681td9,2026-07-03T10:02:46.248,core-banking,OK,pacs.008,FAST,866.53,EUR,**************9575,SG,192
5vc68i03-5618-0230-onk6-51bm36681td9,2026-07-03T10:02:46.341,settlement,SETTLED,pacs.008,FAST,866.53,EUR,**************9575,SG,117
1zb51j81-3928-7042-nlm3-12sn90333jp1,2026-07-02T09:43:11.111,gateway,OK,pacs.008,FAST,3037.18,EUR,**************2751,HK,34
1zb51j81-3928-7042-nlm3-12sn90333jp1,2026-07-02T09:43:11.175,auth,OK,pacs.008,FAST,3037.18,EUR,**************2751,HK,89
1zb51j81-3928-7042-nlm3-12sn90333jp1,2026-07-02T09:43:11.431,validation,OK,pacs.008,FAST,3037.18,EUR,**************2751,HK,78
1zb51j81-3928-7042-nlm3-12sn90333jp1,2026-07-02T09:43:11.502,aml,OK,pacs.008,FAST,3037.18,EUR,**************2751,HK,150
1zb51j81-3928-7042-nlm3-12sn90333jp1,2026-07-02T09:43:11.590,payment-hub,OK,pacs.008,FAST,3037.18,EUR,**************2751,HK,50
1zb51j81-3928-7042-nlm3-12sn90333jp1,2026-07-02T09:43:11.796,core-banking,OK,pacs.008,FAST,3037.18,EUR,**************2751,HK,50
1zb51j81-3928-7042-nlm3-12sn90333jp1,2026-07-02T09:43:11.906,settlement,SETTLED,pacs.008,FAST,3037.18,EUR,**************2751,HK,354
8yl64r92-6436-4135-pgh8-60kw91599cw7,2026-07-13T14:46:00.420,gateway,OK,MT103,SWIFT,397.85,SGD,**************5467,SG,17
8yl64r92-6436-4135-pgh8-60kw91599cw7,2026-07-13T14:46:00.494,auth,OK,MT103,SWIFT,397.85,SGD,**************5467,SG,77
8yl64r92-6436-4135-pgh8-60kw91599cw7,2026-07-13T14:46:00.573,validation,OK,MT103,SWIFT,397.85,SGD,**************5467,SG,74
8yl64r92-6436-4135-pgh8-60kw91599cw7,2026-07-13T14:46:00.701,aml,OK,MT103,SWIFT,397.85,SGD,**************5467,SG,296
8yl64r92-6436-4135-pgh8-60kw91599cw7,2026-07-13T14:46:00.835,payment-hub,OK,MT103,SWIFT,397.85,SGD,**************5467,SG,77
8yl64r92-6436-4135-pgh8-60kw91599cw7,2026-07-13T14:46:00.920,core-banking,OK,MT103,SWIFT,397.85,SGD,**************5467,SG,181
8yl64r92-6436-4135-pgh8-60kw91599cw7,2026-07-13T14:46:01.033,settlement,SETTLED,MT103,SWIFT,397.85,SGD,**************5467,SG,384
5po83q62-2389-0992-vbw7-90bs13381bw7,2026-07-07T02:24:34.285,gateway,OK,pacs.008,CARDS,2224.76,INR,**************8947,SG,26
5po83q62-2389-0992-vbw7-90bs13381bw7,2026-07-07T02:24:34.402,auth,OK,pacs.008,CARDS,2224.76,INR,**************8947,SG,69
5po83q62-2389-0992-vbw7-90bs13381bw7,2026-07-07T02:24:34.469,validation,OK,pacs.008,CARDS,2224.76,INR,**************8947,SG,49
5po83q62-2389-0992-vbw7-90bs13381bw7,2026-07-07T02:24:34.521,aml,OK,pacs.008,CARDS,2224.76,INR,**************8947,SG,184
5po83q62-2389-0992-vbw7-90bs13381bw7,2026-07-07T02:24:34.613,payment-hub,OK,pacs.008,CARDS,2224.76,INR,**************8947,SG,32
5po83q62-2389-0992-vbw7-90bs13381bw7,2026-07-07T02:25:04.623,core-banking,OK,pacs.008,CARDS,2224.76,INR,**************8947,SG,102
5po83q62-2389-0992-vbw7-90bs13381bw7,2026-07-07T02:25:04.728,settlement,SETTLED,pacs.008,CARDS,2224.76,INR,**************8947,SG,98
6zz61i51-6351-1809-ebm7-23we08386zj5,2026-07-08T22:39:45.590,gateway,OK,MT103,FAST,567.51,SGD,**************6129,US,30
6zz61i51-6351-1809-ebm7-23we08386zj5,2026-07-08T22:40:15.612,auth,OK,MT103,FAST,567.51,SGD,**************6129,US,74
6zz61i51-6351-1809-ebm7-23we08386zj5,2026-07-08T22:40:15.704,validation,OK,MT103,FAST,567.51,SGD,**************6129,US,59
6zz61i51-6351-1809-ebm7-23we08386zj5,2026-07-08T22:40:15.828,aml,OK,MT103,FAST,567.51,SGD,**************6129,US,156
6zz61i51-6351-1809-ebm7-23we08386zj5,2026-07-08T22:40:16.131,payment-hub,OK,MT103,FAST,567.51,SGD,**************6129,US,97
6zz61i51-6351-1809-ebm7-23we08386zj5,2026-07-08T22:40:16.289,core-banking,OK,MT103,FAST,567.51,SGD,**************6129,US,94
6zz61i51-6351-1809-ebm7-23we08386zj5,2026-07-08T22:40:16.453,settlement,SETTLED,MT103,FAST,567.51,SGD,**************6129,US,281
4hs00f03-5322-5389-opm1-65wk38325if5,2026-07-13T16:14:14.328,gateway,OK,pacs.008,FAST,190.85,SGD,**************1946,IN,40
4hs00f03-5322-5389-opm1-65wk38325if5,2026-07-13T16:14:14.397,auth,OK,pacs.008,FAST,190.85,SGD,**************1946,IN,43
4hs00f03-5322-5389-opm1-65wk38325if5,2026-07-13T16:14:14.450,validation,OK,pacs.008,FAST,190.85,SGD,**************1946,IN,71
4hs00f03-5322-5389-opm1-65wk38325if5,2026-07-13T16:14:14.552,aml,OK,pacs.008,FAST,190.85,SGD,**************1946,IN,136
4hs00f03-5322-5389-opm1-65wk38325if5,2026-07-13T16:14:14.786,payment-hub,OK,pacs.008,FAST,190.85,SGD,**************1946,IN,60
4hs00f03-5322-5389-opm1-65wk38325if5,2026-07-13T16:14:14.946,core-banking,OK,pacs.008,FAST,190.85,SGD,**************1946,IN,210
4hs00f03-5322-5389-opm1-65wk38325if5,2026-07-13T16:14:15.051,settlement,SETTLED,pacs.008,FAST,190.85,SGD,**************1946,IN,168
6lh28t46-3389-7013-wwk6-07jo99406bt1,2026-07-14T18:14:04.585,gateway,OK,0200,FAST,433.31,EUR,**************3314,SG,57
6lh28t46-3389-7013-wwk6-07jo99406bt1,2026-07-14T18:14:04.643,auth,OK,0200,FAST,433.31,EUR,**************3314,SG,44
6lh28t46-3389-7013-wwk6-07jo99406bt1,2026-07-14T18:14:04.704,validation,OK,0200,FAST,433.31,EUR,**************3314,SG,78
6lh28t46-3389-7013-wwk6-07jo99406bt1,2026-07-14T18:14:34.727,aml,OK,0200,FAST,433.31,EUR,**************3314,SG,170
6lh28t46-3389-7013-wwk6-07jo99406bt1,2026-07-14T18:14:34.937,payment-hub,OK,0200,FAST,433.31,EUR,**************3314,SG,129
6lh28t46-3389-7013-wwk6-07jo99406bt1,2026-07-14T18:14:35.002,core-banking,OK,0200,FAST,433.31,EUR,**************3314,SG,250
6lh28t46-3389-7013-wwk6-07jo99406bt1,2026-07-14T18:14:35.043,settlement,SETTLED,0200,FAST,433.31,EUR,**************3314,SG,133
9bs32n09-9727-5366-moc0-21si84138vb7,2026-07-11T22:06:11.554,gateway,OK,pacs.008,FAST,541.87,GBP,**************5680,IN,35
9bs32n09-9727-5366-moc0-21si84138vb7,2026-07-11T22:06:11.750,auth,OK,pacs.008,FAST,541.87,GBP,**************5680,IN,78
9bs32n09-9727-5366-moc0-21si84138vb7,2026-07-11T22:06:11.862,validation,OK,pacs.008,FAST,541.87,GBP,**************5680,IN,50
9bs32n09-9727-5366-moc0-21si84138vb7,2026-07-11T22:06:11.909,aml,OK,pacs.008,FAST,541.87,GBP,**************5680,IN,72
9bs32n09-9727-5366-moc0-21si84138vb7,2026-07-11T22:06:12.011,payment-hub,OK,pacs.008,FAST,541.87,GBP,**************5680,IN,70
9bs32n09-9727-5366-moc0-21si84138vb7,2026-07-11T22:06:12.072,core-banking,OK,pacs.008,FAST,541.87,GBP,**************5680,IN,213
9bs32n09-9727-5366-moc0-21si84138vb7,2026-07-11T22:06:42.093,settlement,SETTLED,pacs.008,FAST,541.87,GBP,**************5680,IN,314
2wn60b81-4383-7453-nqx3-58fg72173an0,2026-07-15T07:26:03.319,gateway,OK,pacs.008,FAST,3309.61,USD,**************4514,US,55
2wn60b81-4383-7453-nqx3-58fg72173an0,2026-07-15T07:26:03.390,auth,OK,pacs.008,FAST,3309.61,USD,**************4514,US,83
2wn60b81-4383-7453-nqx3-58fg72173an0,2026-07-15T07:26:03.539,validation,OK,pacs.008,FAST,3309.61,USD,**************4514,US,66
2wn60b81-4383-7453-nqx3-58fg72173an0,2026-07-15T07:26:03.621,aml,OK,pacs.008,FAST,3309.61,USD,**************4514,US,95
2wn60b81-4383-7453-nqx3-58fg72173an0,2026-07-15T07:26:03.730,payment-hub,OK,pacs.008,FAST,3309.61,USD,**************4514,US,96
2wn60b81-4383-7453-nqx3-58fg72173an0,2026-07-15T07:26:03.825,core-banking,OK,pacs.008,FAST,3309.61,USD,**************4514,US,100
2wn60b81-4383-7453-nqx3-58fg72173an0,2026-07-15T07:26:03.945,settlement,SETTLED,pacs.008,FAST,3309.61,USD,**************4514,US,175
2nv92j89-3257-5189-ttj6-32tk99011nq4,2026-07-01T09:26:29.628,gateway,OK,pacs.008,SWIFT,1480.08,MYR,**************4373,SG,37
2nv92j89-3257-5189-ttj6-32tk99011nq4,2026-07-01T09:26:29.739,auth,OK,pacs.008,SWIFT,1480.08,MYR,**************4373,SG,82
2nv92j89-3257-5189-ttj6-32tk99011nq4,2026-07-01T09:26:29.941,validation,OK,pacs.008,SWIFT,1480.08,MYR,**************4373,SG,34
2nv92j89-3257-5189-ttj6-32tk99011nq4,2026-07-01T09:26:30.019,aml,OK,pacs.008,SWIFT,1480.08,MYR,**************4373,SG,296
2nv92j89-3257-5189-ttj6-32tk99011nq4,2026-07-01T09:26:30.076,payment-hub,OK,pacs.008,SWIFT,1480.08,MYR,**************4373,SG,132
2nv92j89-3257-5189-ttj6-32tk99011nq4,2026-07-01T09:26:30.169,core-banking,OK,pacs.008,SWIFT,1480.08,MYR,**************4373,SG,168
2nv92j89-3257-5189-ttj6-32tk99011nq4,2026-07-01T09:26:30.492,settlement,SETTLED,pacs.008,SWIFT,1480.08,MYR,**************4373,SG,114
1kc41d65-1825-3540-jzr8-84wd99549rg7,2026-07-13T22:26:42.232,gateway,OK,pacs.008,SWIFT,384.15,SGD,**************3532,IN,29
1kc41d65-1825-3540-jzr8-84wd99549rg7,2026-07-13T22:26:42.330,auth,OK,pacs.008,SWIFT,384.15,SGD,**************3532,IN,58
1kc41d65-1825-3540-jzr8-84wd99549rg7,2026-07-13T22:26:42.393,validation,OK,pacs.008,SWIFT,384.15,SGD,**************3532,IN,69
1kc41d65-1825-3540-jzr8-84wd99549rg7,2026-07-13T22:26:42.489,aml,OK,pacs.008,SWIFT,384.15,SGD,**************3532,IN,117
1kc41d65-1825-3540-jzr8-84wd99549rg7,2026-07-13T22:26:42.630,payment-hub,OK,pacs.008,SWIFT,384.15,SGD,**************3532,IN,44
1kc41d65-1825-3540-jzr8-84wd99549rg7,2026-07-13T22:26:42.665,core-banking,OK,pacs.008,SWIFT,384.15,SGD,**************3532,IN,73
1kc41d65-1825-3540-jzr8-84wd99549rg7,2026-07-13T22:26:42.806,settlement,SETTLED,pacs.008,SWIFT,384.15,SGD,**************3532,IN,249
7hc48q72-4462-1370-vdx3-54rp03243hj1,2026-07-07T19:25:04.461,gateway,OK,MT103,SWIFT,102.33,USD,**************5055,GB,56
7hc48q72-4462-1370-vdx3-54rp03243hj1,2026-07-07T19:25:04.516,auth,OK,MT103,SWIFT,102.33,USD,**************5055,GB,52
7hc48q72-4462-1370-vdx3-54rp03243hj1,2026-07-07T19:25:04.640,validation,OK,MT103,SWIFT,102.33,USD,**************5055,GB,78
7hc48q72-4462-1370-vdx3-54rp03243hj1,2026-07-07T19:25:04.877,aml,OK,MT103,SWIFT,102.33,USD,**************5055,GB,238
7hc48q72-4462-1370-vdx3-54rp03243hj1,2026-07-07T19:25:04.938,payment-hub,OK,MT103,SWIFT,102.33,USD,**************5055,GB,118
7hc48q72-4462-1370-vdx3-54rp03243hj1,2026-07-07T19:25:05.156,core-banking,OK,MT103,SWIFT,102.33,USD,**************5055,GB,115
7hc48q72-4462-1370-vdx3-54rp03243hj1,2026-07-07T19:25:05.226,settlement,SETTLED,MT103,SWIFT,102.33,USD,**************5055,GB,292
4ks78q49-5284-2749-elp7-00pe00452sb7,2026-07-01T20:14:38.103,gateway,OK,pacs.008,FAST,1289.46,SGD,**************2934,IN,38
4ks78q49-5284-2749-elp7-00pe00452sb7,2026-07-01T20:14:38.187,auth,OK,pacs.008,FAST,1289.46,SGD,**************2934,IN,55
4ks78q49-5284-2749-elp7-00pe00452sb7,2026-07-01T20:14:38.316,validation,OK,pacs.008,FAST,1289.46,SGD,**************2934,IN,38
4ks78q49-5284-2749-elp7-00pe00452sb7,2026-07-01T20:14:38.380,aml,OK,pacs.008,FAST,1289.46,SGD,**************2934,IN,195
4ks78q49-5284-2749-elp7-00pe00452sb7,2026-07-01T20:14:38.464,payment-hub,OK,pacs.008,FAST,1289.46,SGD,**************2934,IN,119
4ks78q49-5284-2749-elp7-00pe00452sb7,2026-07-01T20:14:38.549,core-banking,OK,pacs.008,FAST,1289.46,SGD,**************2934,IN,167
4ks78q49-5284-2749-elp7-00pe00452sb7,2026-07-01T20:14:38.762,settlement,SETTLED,pacs.008,FAST,1289.46,SGD,**************2934,IN,292
0ii65p55-6092-4237-soa7-62hx76110ps7,2026-07-09T15:22:37.889,gateway,OK,pacs.008,FAST,78.99,SGD,**************2992,SG,52
0ii65p55-6092-4237-soa7-62hx76110ps7,2026-07-09T15:22:37.931,auth,OK,pacs.008,FAST,78.99,SGD,**************2992,SG,29
0ii65p55-6092-4237-soa7-62hx76110ps7,2026-07-09T15:22:38.144,validation,OK,pacs.008,FAST,78.99,SGD,**************2992,SG,98
0ii65p55-6092-4237-soa7-62hx76110ps7,2026-07-09T15:22:38.349,aml,OK,pacs.008,FAST,78.99,SGD,**************2992,SG,97
0ii65p55-6092-4237-soa7-62hx76110ps7,2026-07-09T15:22:38.502,payment-hub,OK,pacs.008,FAST,78.99,SGD,**************2992,SG,79
0ii65p55-6092-4237-soa7-62hx76110ps7,2026-07-09T15:22:38.688,core-banking,OK,pacs.008,FAST,78.99,SGD,**************2992,SG,231
0ii65p55-6092-4237-soa7-62hx76110ps7,2026-07-09T15:22:38.748,settlement,SETTLED,pacs.008,FAST,78.99,SGD,**************2992,SG,197
9nb23t71-4006-6034-duv9-34hn90833yz0,2026-07-10T05:47:17.532,gateway,OK,MT103,FAST,836.24,EUR,**************9689,SG,36
9nb23t71-4006-6034-duv9-34hn90833yz0,2026-07-10T05:47:17.587,auth,OK,MT103,FAST,836.24,EUR,**************9689,SG,70
9nb23t71-4006-6034-duv9-34hn90833yz0,2026-07-10T05:47:17.682,validation,OK,MT103,FAST,836.24,EUR,**************9689,SG,90
9nb23t71-4006-6034-duv9-34hn90833yz0,2026-07-10T05:47:17.771,aml,OK,MT103,FAST,836.24,EUR,**************9689,SG,217
9nb23t71-4006-6034-duv9-34hn90833yz0,2026-07-10T05:47:17.884,payment-hub,OK,MT103,FAST,836.24,EUR,**************9689,SG,133
9nb23t71-4006-6034-duv9-34hn90833yz0,2026-07-10T05:47:17.992,core-banking,OK,MT103,FAST,836.24,EUR,**************9689,SG,138
9nb23t71-4006-6034-duv9-34hn90833yz0,2026-07-10T05:47:18.074,settlement,SETTLED,MT103,FAST,836.24,EUR,**************9689,SG,150
2mv74s48-6821-7878-wzq6-96uc81665dy7,2026-07-02T16:06:36.853,gateway,OK,MT103,FAST,101.51,MYR,**************2437,SG,38
2mv74s48-6821-7878-wzq6-96uc81665dy7,2026-07-02T16:06:36.933,auth,OK,MT103,FAST,101.51,MYR,**************2437,SG,26
2mv74s48-6821-7878-wzq6-96uc81665dy7,2026-07-02T16:06:37.014,validation,OK,MT103,FAST,101.51,MYR,**************2437,SG,87
2mv74s48-6821-7878-wzq6-96uc81665dy7,2026-07-02T16:06:37.181,aml,OK,MT103,FAST,101.51,MYR,**************2437,SG,160
2mv74s48-6821-7878-wzq6-96uc81665dy7,2026-07-02T16:06:37.235,payment-hub,OK,MT103,FAST,101.51,MYR,**************2437,SG,107
2mv74s48-6821-7878-wzq6-96uc81665dy7,2026-07-02T16:06:37.331,core-banking,OK,MT103,FAST,101.51,MYR,**************2437,SG,77
2mv74s48-6821-7878-wzq6-96uc81665dy7,2026-07-02T16:06:37.463,settlement,SETTLED,MT103,FAST,101.51,MYR,**************2437,SG,70
7sz33u22-9963-7279-puh8-35zm45415qk3,2026-07-04T01:14:04.030,gateway,OK,MT103,FAST,537.98,SGD,**************4428,SG,23
7sz33u22-9963-7279-puh8-35zm45415qk3,2026-07-04T01:14:04.314,auth,OK,MT103,FAST,537.98,SGD,**************4428,SG,56
7sz33u22-9963-7279-puh8-35zm45415qk3,2026-07-04T01:14:04.399,validation,OK,MT103,FAST,537.98,SGD,**************4428,SG,63
7sz33u22-9963-7279-puh8-35zm45415qk3,2026-07-04T01:14:04.467,aml,OK,MT103,FAST,537.98,SGD,**************4428,SG,153
7sz33u22-9963-7279-puh8-35zm45415qk3,2026-07-04T01:14:04.529,payment-hub,OK,MT103,FAST,537.98,SGD,**************4428,SG,122
7sz33u22-9963-7279-puh8-35zm45415qk3,2026-07-04T01:14:04.587,core-banking,OK,MT103,FAST,537.98,SGD,**************4428,SG,81
7sz33u22-9963-7279-puh8-35zm45415qk3,2026-07-04T01:14:04.786,settlement,SETTLED,MT103,FAST,537.98,SGD,**************4428,SG,255
9mh04d62-0510-7773-zcz7-68xy98902zr3,2026-07-07T22:17:11.826,gateway,OK,pacs.008,FAST,96.17,EUR,**************2917,SG,51
9mh04d62-0510-7773-zcz7-68xy98902zr3,2026-07-07T22:17:11.926,auth,OK,pacs.008,FAST,96.17,EUR,**************2917,SG,46
9mh04d62-0510-7773-zcz7-68xy98902zr3,2026-07-07T22:17:12.028,validation,OK,pacs.008,FAST,96.17,EUR,**************2917,SG,112
9mh04d62-0510-7773-zcz7-68xy98902zr3,2026-07-07T22:17:12.146,aml,OK,pacs.008,FAST,96.17,EUR,**************2917,SG,164
9mh04d62-0510-7773-zcz7-68xy98902zr3,2026-07-07T22:17:42.152,payment-hub,OK,pacs.008,FAST,96.17,EUR,**************2917,SG,60
9mh04d62-0510-7773-zcz7-68xy98902zr3,2026-07-07T22:17:42.233,core-banking,OK,pacs.008,FAST,96.17,EUR,**************2917,SG,174
9mh04d62-0510-7773-zcz7-68xy98902zr3,2026-07-07T22:17:42.430,settlement,SETTLED,pacs.008,FAST,96.17,EUR,**************2917,SG,90
7oj61l88-1997-6236-eck6-75cx27034di4,2026-07-09T10:49:38.743,gateway,OK,0200,FAST,3582.95,SGD,**************9807,SG,43
7oj61l88-1997-6236-eck6-75cx27034di4,2026-07-09T10:49:38.885,auth,OK,0200,FAST,3582.95,SGD,**************9807,SG,27
7oj61l88-1997-6236-eck6-75cx27034di4,2026-07-09T10:49:39.090,validation,OK,0200,FAST,3582.95,SGD,**************9807,SG,107
7oj61l88-1997-6236-eck6-75cx27034di4,2026-07-09T10:49:39.409,aml,OK,0200,FAST,3582.95,SGD,**************9807,SG,231
7oj61l88-1997-6236-eck6-75cx27034di4,2026-07-09T10:49:39.481,payment-hub,OK,0200,FAST,3582.95,SGD,**************9807,SG,69
7oj61l88-1997-6236-eck6-75cx27034di4,2026-07-09T10:49:39.541,core-banking,OK,0200,FAST,3582.95,SGD,**************9807,SG,107
7oj61l88-1997-6236-eck6-75cx27034di4,2026-07-09T10:49:39.622,settlement,SETTLED,0200,FAST,3582.95,SGD,**************9807,SG,113
2ki89q97-2182-4966-czr3-75qb48882uh3,2026-07-05T23:42:21.381,gateway,OK,pacs.008,FAST,327.55,SGD,**************9359,US,39
2ki89q97-2182-4966-czr3-75qb48882uh3,2026-07-05T23:42:21.430,auth,OK,pacs.008,FAST,327.55,SGD,**************9359,US,78
2ki89q97-2182-4966-czr3-75qb48882uh3,2026-07-05T23:42:21.598,validation,OK,pacs.008,FAST,327.55,SGD,**************9359,US,48
2ki89q97-2182-4966-czr3-75qb48882uh3,2026-07-05T23:42:21.707,aml,OK,pacs.008,FAST,327.55,SGD,**************9359,US,96
2ki89q97-2182-4966-czr3-75qb48882uh3,2026-07-05T23:42:21.770,payment-hub,OK,pacs.008,FAST,327.55,SGD,**************9359,US,61
2ki89q97-2182-4966-czr3-75qb48882uh3,2026-07-05T23:42:21.847,core-banking,OK,pacs.008,FAST,327.55,SGD,**************9359,US,173
2ki89q97-2182-4966-czr3-75qb48882uh3,2026-07-05T23:42:21.966,settlement,SETTLED,pacs.008,FAST,327.55,SGD,**************9359,US,148
5fd63w22-8345-4689-khc8-62fu21777rd2,2026-07-02T19:09:28.895,gateway,OK,pacs.008,FAST,1673.48,USD,**************1923,IN,33
5fd63w22-8345-4689-khc8-62fu21777rd2,2026-07-02T19:09:29.135,auth,OK,pacs.008,FAST,1673.48,USD,**************1923,IN,76
5fd63w22-8345-4689-khc8-62fu21777rd2,2026-07-02T19:09:29.207,validation,OK,pacs.008,FAST,1673.48,USD,**************1923,IN,60
5fd63w22-8345-4689-khc8-62fu21777rd2,2026-07-02T19:09:29.239,aml,OK,pacs.008,FAST,1673.48,USD,**************1923,IN,113
5fd63w22-8345-4689-khc8-62fu21777rd2,2026-07-02T19:09:29.473,payment-hub,OK,pacs.008,FAST,1673.48,USD,**************1923,IN,143
5fd63w22-8345-4689-khc8-62fu21777rd2,2026-07-02T19:09:29.573,core-banking,OK,pacs.008,FAST,1673.48,USD,**************1923,IN,226
5fd63w22-8345-4689-khc8-62fu21777rd2,2026-07-02T19:09:29.615,settlement,SETTLED,pacs.008,FAST,1673.48,USD,**************1923,IN,64
7ob86e79-9776-9133-zxz5-12zt58434hw4,2026-07-04T05:56:00.392,gateway,OK,pacs.008,FAST,893.01,MYR,**************5793,SG,16
7ob86e79-9776-9133-zxz5-12zt58434hw4,2026-07-04T05:56:00.463,auth,OK,pacs.008,FAST,893.01,MYR,**************5793,SG,21
7ob86e79-9776-9133-zxz5-12zt58434hw4,2026-07-04T05:56:00.552,validation,OK,pacs.008,FAST,893.01,MYR,**************5793,SG,51
7ob86e79-9776-9133-zxz5-12zt58434hw4,2026-07-04T05:56:00.616,aml,OK,pacs.008,FAST,893.01,MYR,**************5793,SG,143
7ob86e79-9776-9133-zxz5-12zt58434hw4,2026-07-04T05:56:00.695,payment-hub,OK,pacs.008,FAST,893.01,MYR,**************5793,SG,40
7ob86e79-9776-9133-zxz5-12zt58434hw4,2026-07-04T05:56:00.750,core-banking,OK,pacs.008,FAST,893.01,MYR,**************5793,SG,108
7ob86e79-9776-9133-zxz5-12zt58434hw4,2026-07-04T05:56:00.893,settlement,SETTLED,pacs.008,FAST,893.01,MYR,**************5793,SG,282
9zn60f15-6919-9568-qvx4-53wc13272ha0,2026-07-03T12:30:55.742,gateway,OK,pacs.008,SWIFT,1338.27,USD,**************6410,MY,50
9zn60f15-6919-9568-qvx4-53wc13272ha0,2026-07-03T12:30:55.878,auth,OK,pacs.008,SWIFT,1338.27,USD,**************6410,MY,73
9zn60f15-6919-9568-qvx4-53wc13272ha0,2026-07-03T12:30:55.903,validation,OK,pacs.008,SWIFT,1338.27,USD,**************6410,MY,25
9zn60f15-6919-9568-qvx4-53wc13272ha0,2026-07-03T12:30:55.960,aml,OK,pacs.008,SWIFT,1338.27,USD,**************6410,MY,241
9zn60f15-6919-9568-qvx4-53wc13272ha0,2026-07-03T12:30:56.045,payment-hub,OK,pacs.008,SWIFT,1338.27,USD,**************6410,MY,141
9zn60f15-6919-9568-qvx4-53wc13272ha0,2026-07-03T12:30:56.150,core-banking,OK,pacs.008,SWIFT,1338.27,USD,**************6410,MY,175
9zn60f15-6919-9568-qvx4-53wc13272ha0,2026-07-03T12:30:56.197,settlement,SETTLED,pacs.008,SWIFT,1338.27,USD,**************6410,MY,191
1cm37a44-2154-5846-ckm8-65db14734rd4,2026-07-11T20:48:46.793,gateway,OK,MT103,FAST,1407.5,USD,**************4891,SG,22
1cm37a44-2154-5846-ckm8-65db14734rd4,2026-07-11T20:48:46.857,auth,OK,MT103,FAST,1407.5,USD,**************4891,SG,85
1cm37a44-2154-5846-ckm8-65db14734rd4,2026-07-11T20:48:47.140,validation,OK,MT103,FAST,1407.5,USD,**************4891,SG,32
1cm37a44-2154-5846-ckm8-65db14734rd4,2026-07-11T20:48:47.226,aml,OK,MT103,FAST,1407.5,USD,**************4891,SG,115
1cm37a44-2154-5846-ckm8-65db14734rd4,2026-07-11T20:48:47.330,payment-hub,OK,MT103,FAST,1407.5,USD,**************4891,SG,38
1cm37a44-2154-5846-ckm8-65db14734rd4,2026-07-11T20:48:47.404,core-banking,OK,MT103,FAST,1407.5,USD,**************4891,SG,100
1cm37a44-2154-5846-ckm8-65db14734rd4,2026-07-11T20:48:47.482,settlement,SETTLED,MT103,FAST,1407.5,USD,**************4891,SG,311
5cc96p95-9065-6754-cai6-98xr23667ze0,2026-07-11T09:21:31.085,gateway,OK,MT103,FAST,433.49,INR,**************7604,SG,38
5cc96p95-9065-6754-cai6-98xr23667ze0,2026-07-11T09:21:31.188,auth,OK,MT103,FAST,433.49,INR,**************7604,SG,69
5cc96p95-9065-6754-cai6-98xr23667ze0,2026-07-11T09:21:31.269,validation,OK,MT103,FAST,433.49,INR,**************7604,SG,25
5cc96p95-9065-6754-cai6-98xr23667ze0,2026-07-11T09:21:31.434,aml,OK,MT103,FAST,433.49,INR,**************7604,SG,239
5cc96p95-9065-6754-cai6-98xr23667ze0,2026-07-11T09:21:31.530,payment-hub,OK,MT103,FAST,433.49,INR,**************7604,SG,89
5cc96p95-9065-6754-cai6-98xr23667ze0,2026-07-11T09:21:31.676,core-banking,OK,MT103,FAST,433.49,INR,**************7604,SG,82
5cc96p95-9065-6754-cai6-98xr23667ze0,2026-07-11T09:21:31.900,settlement,SETTLED,MT103,FAST,433.49,INR,**************7604,SG,296
8zm02f98-2913-7204-baw4-50sa22320bk5,2026-07-09T01:10:08.327,gateway,OK,0200,SWIFT,156.98,SGD,**************7636,SG,45
8zm02f98-2913-7204-baw4-50sa22320bk5,2026-07-09T01:10:08.411,auth,OK,0200,SWIFT,156.98,SGD,**************7636,SG,33
8zm02f98-2913-7204-baw4-50sa22320bk5,2026-07-09T01:10:08.506,validation,OK,0200,SWIFT,156.98,SGD,**************7636,SG,106
8zm02f98-2913-7204-baw4-50sa22320bk5,2026-07-09T01:10:08.574,aml,TIMEOUT,0200,SWIFT,156.98,SGD,**************7636,SG,30000
8zm02f98-2913-7204-baw4-50sa22320bk5,2026-07-09T01:10:08.730,payment-hub,FAILED,0200,SWIFT,156.98,SGD,**************7636,SG,104
2ks90m30-2625-5689-xbk6-07bl30244ks7,2026-07-06T08:55:13.789,gateway,OK,0200,FAST,113.98,USD,**************3595,SG,46
2ks90m30-2625-5689-xbk6-07bl30244ks7,2026-07-06T08:55:13.878,auth,OK,0200,FAST,113.98,USD,**************3595,SG,68
2ks90m30-2625-5689-xbk6-07bl30244ks7,2026-07-06T08:55:13.938,validation,OK,0200,FAST,113.98,USD,**************3595,SG,46
2ks90m30-2625-5689-xbk6-07bl30244ks7,2026-07-06T08:55:14.031,aml,TIMEOUT,0200,FAST,113.98,USD,**************3595,SG,30000
2ks90m30-2625-5689-xbk6-07bl30244ks7,2026-07-06T08:55:14.111,payment-hub,FAILED,0200,FAST,113.98,USD,**************3595,SG,59
1sx15j02-0976-7304-glz5-87dj39979hq2,2026-07-06T21:44:14.826,gateway,OK,0200,FAST,161.07,SGD,**************2161,IN,25
1sx15j02-0976-7304-glz5-87dj39979hq2,2026-07-06T21:44:15.074,auth,OK,0200,FAST,161.07,SGD,**************2161,IN,61
1sx15j02-0976-7304-glz5-87dj39979hq2,2026-07-06T21:44:15.211,validation,OK,0200,FAST,161.07,SGD,**************2161,IN,89
1sx15j02-0976-7304-glz5-87dj39979hq2,2026-07-06T21:44:15.493,aml,OK,0200,FAST,161.07,SGD,**************2161,IN,266
1sx15j02-0976-7304-glz5-87dj39979hq2,2026-07-06T21:44:15.709,payment-hub,OK,0200,FAST,161.07,SGD,**************2161,IN,138
1sx15j02-0976-7304-glz5-87dj39979hq2,2026-07-06T21:44:15.903,core-banking,OK,0200,FAST,161.07,SGD,**************2161,IN,194
1sx15j02-0976-7304-glz5-87dj39979hq2,2026-07-06T21:44:15.980,settlement,SETTLED,0200,FAST,161.07,SGD,**************2161,IN,400
5hb24e55-7251-2042-paf2-92tj28973cb3,2026-07-06T10:15:50.460,gateway,OK,pacs.008,FAST,263.92,SGD,**************9069,US,59
5hb24e55-7251-2042-paf2-92tj28973cb3,2026-07-06T10:15:50.580,auth,OK,pacs.008,FAST,263.92,SGD,**************9069,US,78
5hb24e55-7251-2042-paf2-92tj28973cb3,2026-07-06T10:15:50.669,validation,OK,pacs.008,FAST,263.92,SGD,**************9069,US,25
5hb24e55-7251-2042-paf2-92tj28973cb3,2026-07-06T10:15:50.753,aml,OK,pacs.008,FAST,263.92,SGD,**************9069,US,262
5hb24e55-7251-2042-paf2-92tj28973cb3,2026-07-06T10:15:50.952,payment-hub,OK,pacs.008,FAST,263.92,SGD,**************9069,US,109
5hb24e55-7251-2042-paf2-92tj28973cb3,2026-07-06T10:15:51.006,core-banking,OK,pacs.008,FAST,263.92,SGD,**************9069,US,130
5hb24e55-7251-2042-paf2-92tj28973cb3,2026-07-06T10:15:51.060,settlement,SETTLED,pacs.008,FAST,263.92,SGD,**************9069,US,388
4xv27x79-8142-1658-zkd6-36vb11766gs2,2026-07-09T09:57:57.305,gateway,OK,0200,FAST,5636.9,USD,**************0258,SG,47
4xv27x79-8142-1658-zkd6-36vb11766gs2,2026-07-09T09:57:57.436,auth,OK,0200,FAST,5636.9,USD,**************0258,SG,70
4xv27x79-8142-1658-zkd6-36vb11766gs2,2026-07-09T09:57:57.548,validation,OK,0200,FAST,5636.9,USD,**************0258,SG,41
4xv27x79-8142-1658-zkd6-36vb11766gs2,2026-07-09T09:57:57.669,aml,OK,0200,FAST,5636.9,USD,**************0258,SG,250
4xv27x79-8142-1658-zkd6-36vb11766gs2,2026-07-09T09:57:57.731,payment-hub,OK,0200,FAST,5636.9,USD,**************0258,SG,134
4xv27x79-8142-1658-zkd6-36vb11766gs2,2026-07-09T09:57:57.775,core-banking,OK,0200,FAST,5636.9,USD,**************0258,SG,140
4xv27x79-8142-1658-zkd6-36vb11766gs2,2026-07-09T09:57:57.982,settlement,SETTLED,0200,FAST,5636.9,USD,**************0258,SG,359
4js06s46-9900-3113-sbn6-10mm79447rv7,2026-07-03T00:48:06.017,gateway,OK,pacs.008,FAST,3222.52,USD,**************0031,SG,33
4js06s46-9900-3113-sbn6-10mm79447rv7,2026-07-03T00:48:36.035,auth,OK,pacs.008,FAST,3222.52,USD,**************0031,SG,77
4js06s46-9900-3113-sbn6-10mm79447rv7,2026-07-03T00:48:36.190,validation,OK,pacs.008,FAST,3222.52,USD,**************0031,SG,27
4js06s46-9900-3113-sbn6-10mm79447rv7,2026-07-03T00:48:36.257,aml,TIMEOUT,pacs.008,FAST,3222.52,USD,**************0031,SG,30000
4js06s46-9900-3113-sbn6-10mm79447rv7,2026-07-03T00:48:36.554,payment-hub,FAILED,pacs.008,FAST,3222.52,USD,**************0031,SG,50
3ar80c34-2552-1863-mnl3-67or68567zc2,2026-07-11T18:46:27.890,gateway,OK,pacs.008,FAST,21.01,SGD,**************4084,SG,19
3ar80c34-2552-1863-mnl3-67or68567zc2,2026-07-11T18:46:28.009,auth,OK,pacs.008,FAST,21.01,SGD,**************4084,SG,38
3ar80c34-2552-1863-mnl3-67or68567zc2,2026-07-11T18:46:28.073,validation,REJECTED,pacs.008,FAST,21.01,SGD,**************4084,SG,76
5oi83d32-8172-4118-xrg3-10pe50630aw9,2026-07-14T13:51:51.285,gateway,OK,pacs.008,FAST,674.73,SGD,**************9114,GB,19
5oi83d32-8172-4118-xrg3-10pe50630aw9,2026-07-14T13:51:51.339,auth,OK,pacs.008,FAST,674.73,SGD,**************9114,GB,80
5oi83d32-8172-4118-xrg3-10pe50630aw9,2026-07-14T13:51:51.412,validation,OK,pacs.008,FAST,674.73,SGD,**************9114,GB,33
5oi83d32-8172-4118-xrg3-10pe50630aw9,2026-07-14T13:51:51.506,aml,OK,pacs.008,FAST,674.73,SGD,**************9114,GB,148
5oi83d32-8172-4118-xrg3-10pe50630aw9,2026-07-14T13:51:51.741,payment-hub,OK,pacs.008,FAST,674.73,SGD,**************9114,GB,53
5oi83d32-8172-4118-xrg3-10pe50630aw9,2026-07-14T13:51:52.027,core-banking,OK,pacs.008,FAST,674.73,SGD,**************9114,GB,143
5oi83d32-8172-4118-xrg3-10pe50630aw9,2026-07-14T13:51:52.091,settlement,SETTLED,pacs.008,FAST,674.73,SGD,**************9114,GB,115
6lo31e03-3396-4883-qze3-62tp84144ae6,2026-07-08T00:35:57.673,gateway,OK,MT103,FAST,1399.55,USD,**************9874,SG,36
6lo31e03-3396-4883-qze3-62tp84144ae6,2026-07-08T00:35:57.761,auth,OK,MT103,FAST,1399.55,USD,**************9874,SG,59
6lo31e03-3396-4883-qze3-62tp84144ae6,2026-07-08T00:35:57.869,validation,OK,MT103,FAST,1399.55,USD,**************9874,SG,99
6lo31e03-3396-4883-qze3-62tp84144ae6,2026-07-08T00:35:58.115,aml,OK,MT103,FAST,1399.55,USD,**************9874,SG,212
6lo31e03-3396-4883-qze3-62tp84144ae6,2026-07-08T00:35:58.160,payment-hub,OK,MT103,FAST,1399.55,USD,**************9874,SG,134
6lo31e03-3396-4883-qze3-62tp84144ae6,2026-07-08T00:35:58.214,core-banking,OK,MT103,FAST,1399.55,USD,**************9874,SG,102
6lo31e03-3396-4883-qze3-62tp84144ae6,2026-07-08T00:35:58.503,settlement,SETTLED,MT103,FAST,1399.55,USD,**************9874,SG,282
6jr89e09-2125-6129-bdh6-60tc68477ne4,2026-07-09T13:22:14.887,gateway,OK,MT103,FAST,255.99,SGD,**************6422,SG,22
6jr89e09-2125-6129-bdh6-60tc68477ne4,2026-07-09T13:22:14.996,auth,OK,MT103,FAST,255.99,SGD,**************6422,SG,26
6jr89e09-2125-6129-bdh6-60tc68477ne4,2026-07-09T13:22:15.169,validation,OK,MT103,FAST,255.99,SGD,**************6422,SG,71
6jr89e09-2125-6129-bdh6-60tc68477ne4,2026-07-09T13:22:15.269,aml,OK,MT103,FAST,255.99,SGD,**************6422,SG,224
6jr89e09-2125-6129-bdh6-60tc68477ne4,2026-07-09T13:22:15.502,payment-hub,OK,MT103,FAST,255.99,SGD,**************6422,SG,124
6jr89e09-2125-6129-bdh6-60tc68477ne4,2026-07-09T13:22:15.632,core-banking,OK,MT103,FAST,255.99,SGD,**************6422,SG,191
6jr89e09-2125-6129-bdh6-60tc68477ne4,2026-07-09T13:22:15.732,settlement,SETTLED,MT103,FAST,255.99,SGD,**************6422,SG,193
5im52d62-7414-0247-rqf2-52bw90058yw4,2026-07-14T13:47:09.656,gateway,OK,pacs.008,FAST,182.39,SGD,**************0227,SG,32
5im52d62-7414-0247-rqf2-52bw90058yw4,2026-07-14T13:47:09.735,auth,OK,pacs.008,FAST,182.39,SGD,**************0227,SG,69
5im52d62-7414-0247-rqf2-52bw90058yw4,2026-07-14T13:47:09.986,validation,OK,pacs.008,FAST,182.39,SGD,**************0227,SG,47
5im52d62-7414-0247-rqf2-52bw90058yw4,2026-07-14T13:47:10.144,aml,OK,pacs.008,FAST,182.39,SGD,**************0227,SG,262
5im52d62-7414-0247-rqf2-52bw90058yw4,2026-07-14T13:47:10.222,payment-hub,OK,pacs.008,FAST,182.39,SGD,**************0227,SG,68
5im52d62-7414-0247-rqf2-52bw90058yw4,2026-07-14T13:47:10.390,core-banking,OK,pacs.008,FAST,182.39,SGD,**************0227,SG,152
5im52d62-7414-0247-rqf2-52bw90058yw4,2026-07-14T13:47:10.426,settlement,SETTLED,pacs.008,FAST,182.39,SGD,**************0227,SG,262
1rn12r98-8066-8578-lyc5-82yk91540gz0,2026-07-07T01:44:46.725,gateway,OK,MT103,FAST,595.94,SGD,**************3389,SG,39
1rn12r98-8066-8578-lyc5-82yk91540gz0,2026-07-07T01:44:46.968,auth,OK,MT103,FAST,595.94,SGD,**************3389,SG,44
1rn12r98-8066-8578-lyc5-82yk91540gz0,2026-07-07T01:44:47.197,validation,OK,MT103,FAST,595.94,SGD,**************3389,SG,72
1rn12r98-8066-8578-lyc5-82yk91540gz0,2026-07-07T01:44:47.291,aml,OK,MT103,FAST,595.94,SGD,**************3389,SG,268
1rn12r98-8066-8578-lyc5-82yk91540gz0,2026-07-07T01:44:47.444,payment-hub,OK,MT103,FAST,595.94,SGD,**************3389,SG,144
1rn12r98-8066-8578-lyc5-82yk91540gz0,2026-07-07T01:44:47.479,core-banking,OK,MT103,FAST,595.94,SGD,**************3389,SG,250
1rn12r98-8066-8578-lyc5-82yk91540gz0,2026-07-07T01:44:47.557,settlement,SETTLED,MT103,FAST,595.94,SGD,**************3389,SG,136
7xo50o13-8467-8951-sig9-82su74178np7,2026-07-02T18:07:55.247,gateway,OK,0200,SWIFT,313.02,USD,**************3588,IN,28
7xo50o13-8467-8951-sig9-82su74178np7,2026-07-02T18:07:55.371,auth,OK,0200,SWIFT,313.02,USD,**************3588,IN,62
7xo50o13-8467-8951-sig9-82su74178np7,2026-07-02T18:07:55.492,validation,OK,0200,SWIFT,313.02,USD,**************3588,IN,113
7xo50o13-8467-8951-sig9-82su74178np7,2026-07-02T18:07:55.543,aml,OK,0200,SWIFT,313.02,USD,**************3588,IN,219
7xo50o13-8467-8951-sig9-82su74178np7,2026-07-02T18:07:55.604,payment-hub,OK,0200,SWIFT,313.02,USD,**************3588,IN,119
7xo50o13-8467-8951-sig9-82su74178np7,2026-07-02T18:07:55.833,core-banking,OK,0200,SWIFT,313.02,USD,**************3588,IN,59
7xo50o13-8467-8951-sig9-82su74178np7,2026-07-02T18:07:55.895,settlement,SETTLED,0200,SWIFT,313.02,USD,**************3588,IN,316
9dh90d05-8862-0599-izo1-06un11195nk4,2026-07-15T06:17:10.159,gateway,OK,0200,SWIFT,282.67,SGD,**************8837,HK,56
9dh90d05-8862-0599-izo1-06un11195nk4,2026-07-15T06:17:10.216,auth,OK,0200,SWIFT,282.67,SGD,**************8837,HK,67
9dh90d05-8862-0599-izo1-06un11195nk4,2026-07-15T06:17:10.406,validation,OK,0200,SWIFT,282.67,SGD,**************8837,HK,87
9dh90d05-8862-0599-izo1-06un11195nk4,2026-07-15T06:17:10.692,aml,OK,0200,SWIFT,282.67,SGD,**************8837,HK,105
9dh90d05-8862-0599-izo1-06un11195nk4,2026-07-15T06:17:10.749,payment-hub,OK,0200,SWIFT,282.67,SGD,**************8837,HK,62
9dh90d05-8862-0599-izo1-06un11195nk4,2026-07-15T06:17:10.902,core-banking,OK,0200,SWIFT,282.67,SGD,**************8837,HK,211
9dh90d05-8862-0599-izo1-06un11195nk4,2026-07-15T06:17:10.971,settlement,SETTLED,0200,SWIFT,282.67,SGD,**************8837,HK,90
6dl87t61-1379-7682-qaa9-79pt94994wd8,2026-07-03T19:15:41.869,gateway,OK,pacs.008,FAST,987.38,INR,**************8849,SG,45
6dl87t61-1379-7682-qaa9-79pt94994wd8,2026-07-03T19:15:41.936,auth,OK,pacs.008,FAST,987.38,INR,**************8849,SG,88
6dl87t61-1379-7682-qaa9-79pt94994wd8,2026-07-03T19:15:41.978,validation,OK,pacs.008,FAST,987.38,INR,**************8849,SG,57
6dl87t61-1379-7682-qaa9-79pt94994wd8,2026-07-03T19:15:42.237,aml,OK,pacs.008,FAST,987.38,INR,**************8849,SG,260
6dl87t61-1379-7682-qaa9-79pt94994wd8,2026-07-03T19:15:42.355,payment-hub,OK,pacs.008,FAST,987.38,INR,**************8849,SG,104
6dl87t61-1379-7682-qaa9-79pt94994wd8,2026-07-03T19:15:42.578,core-banking,OK,pacs.008,FAST,987.38,INR,**************8849,SG,225
6dl87t61-1379-7682-qaa9-79pt94994wd8,2026-07-03T19:15:42.669,settlement,SETTLED,pacs.008,FAST,987.38,INR,**************8849,SG,355
1xc26t97-4362-8710-syj5-49yi03038uc5,2026-07-03T21:17:28.520,gateway,OK,MT103,FAST,261.08,SGD,**************4810,GB,52
1xc26t97-4362-8710-syj5-49yi03038uc5,2026-07-03T21:17:28.633,auth,OK,MT103,FAST,261.08,SGD,**************4810,GB,30
1xc26t97-4362-8710-syj5-49yi03038uc5,2026-07-03T21:17:28.766,validation,OK,MT103,FAST,261.08,SGD,**************4810,GB,41
1xc26t97-4362-8710-syj5-49yi03038uc5,2026-07-03T21:17:29.055,aml,OK,MT103,FAST,261.08,SGD,**************4810,GB,192
1xc26t97-4362-8710-syj5-49yi03038uc5,2026-07-03T21:17:29.153,payment-hub,OK,MT103,FAST,261.08,SGD,**************4810,GB,61
1xc26t97-4362-8710-syj5-49yi03038uc5,2026-07-03T21:17:29.301,core-banking,OK,MT103,FAST,261.08,SGD,**************4810,GB,56
1xc26t97-4362-8710-syj5-49yi03038uc5,2026-07-03T21:17:29.344,settlement,SETTLED,MT103,FAST,261.08,SGD,**************4810,GB,342
3ab97y00-6887-7521-qvl8-61zg13892kr5,2026-07-01T17:57:25.605,gateway,OK,pacs.008,FAST,196.62,SGD,**************6736,SG,53
3ab97y00-6887-7521-qvl8-61zg13892kr5,2026-07-01T17:57:25.905,auth,OK,pacs.008,FAST,196.62,SGD,**************6736,SG,90
3ab97y00-6887-7521-qvl8-61zg13892kr5,2026-07-01T17:57:26.078,validation,OK,pacs.008,FAST,196.62,SGD,**************6736,SG,92
3ab97y00-6887-7521-qvl8-61zg13892kr5,2026-07-01T17:57:26.131,aml,OK,pacs.008,FAST,196.62,SGD,**************6736,SG,196
3ab97y00-6887-7521-qvl8-61zg13892kr5,2026-07-01T17:57:26.207,payment-hub,OK,pacs.008,FAST,196.62,SGD,**************6736,SG,111
3ab97y00-6887-7521-qvl8-61zg13892kr5,2026-07-01T17:57:26.294,core-banking,OK,pacs.008,FAST,196.62,SGD,**************6736,SG,116
3ab97y00-6887-7521-qvl8-61zg13892kr5,2026-07-01T17:57:26.531,settlement,SETTLED,pacs.008,FAST,196.62,SGD,**************6736,SG,189
6tg82n84-9817-4014-sxg6-05uf87597ux7,2026-07-01T12:26:33.278,gateway,OK,pacs.008,SWIFT,460.21,SGD,**************7335,SG,52
6tg82n84-9817-4014-sxg6-05uf87597ux7,2026-07-01T12:26:33.423,auth,OK,pacs.008,SWIFT,460.21,SGD,**************7335,SG,81
6tg82n84-9817-4014-sxg6-05uf87597ux7,2026-07-01T12:26:33.480,validation,OK,pacs.008,SWIFT,460.21,SGD,**************7335,SG,38
6tg82n84-9817-4014-sxg6-05uf87597ux7,2026-07-01T12:26:33.562,aml,OK,pacs.008,SWIFT,460.21,SGD,**************7335,SG,229
6tg82n84-9817-4014-sxg6-05uf87597ux7,2026-07-01T12:26:33.718,payment-hub,OK,pacs.008,SWIFT,460.21,SGD,**************7335,SG,104
6tg82n84-9817-4014-sxg6-05uf87597ux7,2026-07-01T12:26:33.773,core-banking,OK,pacs.008,SWIFT,460.21,SGD,**************7335,SG,245
6tg82n84-9817-4014-sxg6-05uf87597ux7,2026-07-01T12:26:33.852,settlement,SETTLED,pacs.008,SWIFT,460.21,SGD,**************7335,SG,84
1vi40q11-8533-3521-ypw9-72qr06748rq0,2026-07-12T20:08:37.250,gateway,OK,MT103,FAST,838.83,USD,**************9481,SG,16
1vi40q11-8533-3521-ypw9-72qr06748rq0,2026-07-12T20:08:37.536,auth,OK,MT103,FAST,838.83,USD,**************9481,SG,41
1vi40q11-8533-3521-ypw9-72qr06748rq0,2026-07-12T20:08:37.644,validation,OK,MT103,FAST,838.83,USD,**************9481,SG,52
1vi40q11-8533-3521-ypw9-72qr06748rq0,2026-07-12T20:08:37.774,aml,TIMEOUT,MT103,FAST,838.83,USD,**************9481,SG,30000
1vi40q11-8533-3521-ypw9-72qr06748rq0,2026-07-12T20:08:37.935,payment-hub,FAILED,MT103,FAST,838.83,USD,**************9481,SG,140
2rj00r77-2646-8328-cor5-46ir77804fu0,2026-07-04T18:14:48.411,gateway,OK,pacs.008,FAST,525.5,MYR,**************5710,SG,31
2rj00r77-2646-8328-cor5-46ir77804fu0,2026-07-04T18:14:48.580,auth,OK,pacs.008,FAST,525.5,MYR,**************5710,SG,55
2rj00r77-2646-8328-cor5-46ir77804fu0,2026-07-04T18:14:48.647,validation,OK,pacs.008,FAST,525.5,MYR,**************5710,SG,98
2rj00r77-2646-8328-cor5-46ir77804fu0,2026-07-04T18:14:48.794,aml,TIMEOUT,pacs.008,FAST,525.5,MYR,**************5710,SG,30000
2rj00r77-2646-8328-cor5-46ir77804fu0,2026-07-04T18:14:48.971,payment-hub,FAILED,pacs.008,FAST,525.5,MYR,**************5710,SG,131
0nm76a34-9944-5201-mtu6-09sj26687bc4,2026-07-01T11:27:20.369,gateway,OK,pacs.008,SWIFT,347.58,USD,**************3352,SG,53
0nm76a34-9944-5201-mtu6-09sj26687bc4,2026-07-01T11:27:20.650,auth,OK,pacs.008,SWIFT,347.58,USD,**************3352,SG,46
0nm76a34-9944-5201-mtu6-09sj26687bc4,2026-07-01T11:27:20.741,validation,OK,pacs.008,SWIFT,347.58,USD,**************3352,SG,64
0nm76a34-9944-5201-mtu6-09sj26687bc4,2026-07-01T11:27:20.773,aml,OK,pacs.008,SWIFT,347.58,USD,**************3352,SG,251
0nm76a34-9944-5201-mtu6-09sj26687bc4,2026-07-01T11:27:20.898,payment-hub,OK,pacs.008,SWIFT,347.58,USD,**************3352,SG,58
0nm76a34-9944-5201-mtu6-09sj26687bc4,2026-07-01T11:27:21.033,core-banking,OK,pacs.008,SWIFT,347.58,USD,**************3352,SG,194
0nm76a34-9944-5201-mtu6-09sj26687bc4,2026-07-01T11:27:51.045,settlement,SETTLED,pacs.008,SWIFT,347.58,USD,**************3352,SG,394
7uj60p70-9089-1547-ekc8-27ux86764pn5,2026-07-15T06:56:00.907,gateway,OK,pacs.008,FAST,550.8,SGD,**************9039,SG,47
7uj60p70-9089-1547-ekc8-27ux86764pn5,2026-07-15T06:56:01.098,auth,OK,pacs.008,FAST,550.8,SGD,**************9039,SG,79
7uj60p70-9089-1547-ekc8-27ux86764pn5,2026-07-15T06:56:01.145,validation,OK,pacs.008,FAST,550.8,SGD,**************9039,SG,74
7uj60p70-9089-1547-ekc8-27ux86764pn5,2026-07-15T06:56:01.247,aml,OK,pacs.008,FAST,550.8,SGD,**************9039,SG,106
7uj60p70-9089-1547-ekc8-27ux86764pn5,2026-07-15T06:56:01.410,payment-hub,OK,pacs.008,FAST,550.8,SGD,**************9039,SG,46
7uj60p70-9089-1547-ekc8-27ux86764pn5,2026-07-15T06:56:01.648,core-banking,OK,pacs.008,FAST,550.8,SGD,**************9039,SG,222
7uj60p70-9089-1547-ekc8-27ux86764pn5,2026-07-15T06:56:01.854,settlement,SETTLED,pacs.008,FAST,550.8,SGD,**************9039,SG,286
5xt53f45-9851-5199-yti2-80cv91738mu8,2026-07-07T08:16:49.981,gateway,OK,0200,SWIFT,462.48,USD,**************2220,SG,59
5xt53f45-9851-5199-yti2-80cv91738mu8,2026-07-07T08:17:20.016,auth,OK,0200,SWIFT,462.48,USD,**************2220,SG,68
5xt53f45-9851-5199-yti2-80cv91738mu8,2026-07-07T08:17:20.138,validation,OK,0200,SWIFT,462.48,USD,**************2220,SG,92
5xt53f45-9851-5199-yti2-80cv91738mu8,2026-07-07T08:17:20.175,aml,OK,0200,SWIFT,462.48,USD,**************2220,SG,165
5xt53f45-9851-5199-yti2-80cv91738mu8,2026-07-07T08:17:20.214,payment-hub,OK,0200,SWIFT,462.48,USD,**************2220,SG,77
5xt53f45-9851-5199-yti2-80cv91738mu8,2026-07-07T08:17:20.518,core-banking,OK,0200,SWIFT,462.48,USD,**************2220,SG,192
5xt53f45-9851-5199-yti2-80cv91738mu8,2026-07-07T08:17:20.658,settlement,SETTLED,0200,SWIFT,462.48,USD,**************2220,SG,87
0ky07n59-3325-0847-enk2-13qz56989yw1,2026-07-02T11:23:06.100,gateway,OK,pacs.008,SWIFT,127.2,SGD,**************6887,MY,33
0ky07n59-3325-0847-enk2-13qz56989yw1,2026-07-02T11:23:06.176,auth,OK,pacs.008,SWIFT,127.2,SGD,**************6887,MY,65
0ky07n59-3325-0847-enk2-13qz56989yw1,2026-07-02T11:23:06.438,validation,OK,pacs.008,SWIFT,127.2,SGD,**************6887,MY,46
0ky07n59-3325-0847-enk2-13qz56989yw1,2026-07-02T11:23:06.543,aml,OK,pacs.008,SWIFT,127.2,SGD,**************6887,MY,104
0ky07n59-3325-0847-enk2-13qz56989yw1,2026-07-02T11:23:06.596,payment-hub,OK,pacs.008,SWIFT,127.2,SGD,**************6887,MY,41
0ky07n59-3325-0847-enk2-13qz56989yw1,2026-07-02T11:23:06.687,core-banking,OK,pacs.008,SWIFT,127.2,SGD,**************6887,MY,233
0ky07n59-3325-0847-enk2-13qz56989yw1,2026-07-02T11:23:06.785,settlement,SETTLED,pacs.008,SWIFT,127.2,SGD,**************6887,MY,185
4yf89z22-3863-4931-lfe6-29od14699ih5,2026-07-14T00:10:34.446,gateway,OK,pacs.008,SWIFT,83.25,USD,**************4499,MY,48
4yf89z22-3863-4931-lfe6-29od14699ih5,2026-07-14T00:10:34.550,auth,OK,pacs.008,SWIFT,83.25,USD,**************4499,MY,74
4yf89z22-3863-4931-lfe6-29od14699ih5,2026-07-14T00:10:34.599,validation,OK,pacs.008,SWIFT,83.25,USD,**************4499,MY,34
4yf89z22-3863-4931-lfe6-29od14699ih5,2026-07-14T00:10:34.646,aml,OK,pacs.008,SWIFT,83.25,USD,**************4499,MY,229
4yf89z22-3863-4931-lfe6-29od14699ih5,2026-07-14T00:10:34.747,payment-hub,OK,pacs.008,SWIFT,83.25,USD,**************4499,MY,76
4yf89z22-3863-4931-lfe6-29od14699ih5,2026-07-14T00:10:34.776,core-banking,OK,pacs.008,SWIFT,83.25,USD,**************4499,MY,145
4yf89z22-3863-4931-lfe6-29od14699ih5,2026-07-14T00:10:34.891,settlement,SETTLED,pacs.008,SWIFT,83.25,USD,**************4499,MY,96
5cz32r28-8928-5753-idw3-00fx90433oe2,2026-07-03T02:52:58.622,gateway,OK,pacs.008,SWIFT,258.42,SGD,**************2280,SG,41
5cz32r28-8928-5753-idw3-00fx90433oe2,2026-07-03T02:52:58.717,auth,OK,pacs.008,SWIFT,258.42,SGD,**************2280,SG,33
5cz32r28-8928-5753-idw3-00fx90433oe2,2026-07-03T02:52:58.985,validation,OK,pacs.008,SWIFT,258.42,SGD,**************2280,SG,60
5cz32r28-8928-5753-idw3-00fx90433oe2,2026-07-03T02:52:59.101,aml,OK,pacs.008,SWIFT,258.42,SGD,**************2280,SG,188
5cz32r28-8928-5753-idw3-00fx90433oe2,2026-07-03T02:52:59.317,payment-hub,OK,pacs.008,SWIFT,258.42,SGD,**************2280,SG,67
5cz32r28-8928-5753-idw3-00fx90433oe2,2026-07-03T02:52:59.409,core-banking,OK,pacs.008,SWIFT,258.42,SGD,**************2280,SG,60
5cz32r28-8928-5753-idw3-00fx90433oe2,2026-07-03T02:52:59.495,settlement,SETTLED,pacs.008,SWIFT,258.42,SGD,**************2280,SG,88
1jp60c90-7917-4757-ded4-47im37255cx0,2026-07-11T06:42:48.393,gateway,OK,MT103,FAST,503.25,INR,**************6813,HK,20
1jp60c90-7917-4757-ded4-47im37255cx0,2026-07-11T06:42:48.503,auth,OK,MT103,FAST,503.25,INR,**************6813,HK,29
1jp60c90-7917-4757-ded4-47im37255cx0,2026-07-11T06:42:48.618,validation,OK,MT103,FAST,503.25,INR,**************6813,HK,43
1jp60c90-7917-4757-ded4-47im37255cx0,2026-07-11T06:42:48.762,aml,OK,MT103,FAST,503.25,INR,**************6813,HK,47
1jp60c90-7917-4757-ded4-47im37255cx0,2026-07-11T06:42:48.802,payment-hub,OK,MT103,FAST,503.25,INR,**************6813,HK,87
1jp60c90-7917-4757-ded4-47im37255cx0,2026-07-11T06:42:48.869,core-banking,OK,MT103,FAST,503.25,INR,**************6813,HK,125
1jp60c90-7917-4757-ded4-47im37255cx0,2026-07-11T06:42:48.973,settlement,SETTLED,MT103,FAST,503.25,INR,**************6813,HK,200
2hz83u80-6818-5465-nea0-26qq15126vf6,2026-07-13T22:52:51.940,gateway,OK,pacs.008,SWIFT,618.33,USD,**************8877,IN,27
2hz83u80-6818-5465-nea0-26qq15126vf6,2026-07-13T22:52:52.261,auth,OK,pacs.008,SWIFT,618.33,USD,**************8877,IN,30
2hz83u80-6818-5465-nea0-26qq15126vf6,2026-07-13T22:52:52.363,validation,OK,pacs.008,SWIFT,618.33,USD,**************8877,IN,45
2hz83u80-6818-5465-nea0-26qq15126vf6,2026-07-13T22:52:52.457,aml,OK,pacs.008,SWIFT,618.33,USD,**************8877,IN,282
2hz83u80-6818-5465-nea0-26qq15126vf6,2026-07-13T22:52:52.735,payment-hub,OK,pacs.008,SWIFT,618.33,USD,**************8877,IN,77
2hz83u80-6818-5465-nea0-26qq15126vf6,2026-07-13T22:52:52.794,core-banking,OK,pacs.008,SWIFT,618.33,USD,**************8877,IN,94
2hz83u80-6818-5465-nea0-26qq15126vf6,2026-07-13T22:52:52.873,settlement,SETTLED,pacs.008,SWIFT,618.33,USD,**************8877,IN,174
7kn87r97-3952-9071-xdh4-05wt20052tl3,2026-07-03T20:08:26.626,gateway,OK,pacs.008,SWIFT,1039.12,INR,**************2523,SG,47
7kn87r97-3952-9071-xdh4-05wt20052tl3,2026-07-03T20:08:26.707,auth,OK,pacs.008,SWIFT,1039.12,INR,**************2523,SG,42
7kn87r97-3952-9071-xdh4-05wt20052tl3,2026-07-03T20:08:26.836,validation,OK,pacs.008,SWIFT,1039.12,INR,**************2523,SG,86
7kn87r97-3952-9071-xdh4-05wt20052tl3,2026-07-03T20:08:26.954,aml,OK,pacs.008,SWIFT,1039.12,INR,**************2523,SG,292
7kn87r97-3952-9071-xdh4-05wt20052tl3,2026-07-03T20:08:27.093,payment-hub,OK,pacs.008,SWIFT,1039.12,INR,**************2523,SG,78
7kn87r97-3952-9071-xdh4-05wt20052tl3,2026-07-03T20:08:27.243,core-banking,OK,pacs.008,SWIFT,1039.12,INR,**************2523,SG,163
7kn87r97-3952-9071-xdh4-05wt20052tl3,2026-07-03T20:08:27.298,settlement,SETTLED,pacs.008,SWIFT,1039.12,INR,**************2523,SG,336
5br71b79-2366-4630-kmu3-63xf64053xw6,2026-07-13T19:44:46.609,gateway,OK,pacs.008,SWIFT,687.09,SGD,**************5077,MY,18
5br71b79-2366-4630-kmu3-63xf64053xw6,2026-07-13T19:44:46.637,auth,OK,pacs.008,SWIFT,687.09,SGD,**************5077,MY,54
5br71b79-2366-4630-kmu3-63xf64053xw6,2026-07-13T19:44:46.698,validation,OK,pacs.008,SWIFT,687.09,SGD,**************5077,MY,69
5br71b79-2366-4630-kmu3-63xf64053xw6,2026-07-13T19:44:46.777,aml,OK,pacs.008,SWIFT,687.09,SGD,**************5077,MY,248
5br71b79-2366-4630-kmu3-63xf64053xw6,2026-07-13T19:44:46.971,payment-hub,OK,pacs.008,SWIFT,687.09,SGD,**************5077,MY,84
5br71b79-2366-4630-kmu3-63xf64053xw6,2026-07-13T19:44:47.060,core-banking,OK,pacs.008,SWIFT,687.09,SGD,**************5077,MY,201
5br71b79-2366-4630-kmu3-63xf64053xw6,2026-07-13T19:44:47.124,settlement,SETTLED,pacs.008,SWIFT,687.09,SGD,**************5077,MY,272
3pf27l68-3576-3998-osw0-94ca53875fm1,2026-07-13T16:17:36.515,gateway,OK,pacs.008,FAST,411.68,USD,**************1612,SG,43
3pf27l68-3576-3998-osw0-94ca53875fm1,2026-07-13T16:17:36.783,auth,OK,pacs.008,FAST,411.68,USD,**************1612,SG,42
3pf27l68-3576-3998-osw0-94ca53875fm1,2026-07-13T16:17:37.023,validation,OK,pacs.008,FAST,411.68,USD,**************1612,SG,113
3pf27l68-3576-3998-osw0-94ca53875fm1,2026-07-13T16:17:37.244,aml,OK,pacs.008,FAST,411.68,USD,**************1612,SG,144
3pf27l68-3576-3998-osw0-94ca53875fm1,2026-07-13T16:17:37.323,payment-hub,OK,pacs.008,FAST,411.68,USD,**************1612,SG,71
3pf27l68-3576-3998-osw0-94ca53875fm1,2026-07-13T16:17:37.443,core-banking,OK,pacs.008,FAST,411.68,USD,**************1612,SG,98
3pf27l68-3576-3998-osw0-94ca53875fm1,2026-07-13T16:17:37.542,settlement,SETTLED,pacs.008,FAST,411.68,USD,**************1612,SG,225
2pk62c17-1653-2968-ndp0-32mz29849bw8,2026-07-02T12:03:04.090,gateway,OK,MT103,CARDS,1800.19,SGD,**************5314,SG,46
2pk62c17-1653-2968-ndp0-32mz29849bw8,2026-07-02T12:03:04.185,auth,OK,MT103,CARDS,1800.19,SGD,**************5314,SG,76
2pk62c17-1653-2968-ndp0-32mz29849bw8,2026-07-02T12:03:04.275,validation,REJECTED,MT103,CARDS,1800.19,SGD,**************5314,SG,33
4be60b13-3881-7304-pnh5-18wo14088xd3,2026-07-02T20:05:23.087,gateway,OK,0200,FAST,699.52,USD,**************8324,MY,42
4be60b13-3881-7304-pnh5-18wo14088xd3,2026-07-02T20:05:23.165,auth,OK,0200,FAST,699.52,USD,**************8324,MY,66
4be60b13-3881-7304-pnh5-18wo14088xd3,2026-07-02T20:05:23.228,validation,OK,0200,FAST,699.52,USD,**************8324,MY,66
4be60b13-3881-7304-pnh5-18wo14088xd3,2026-07-02T20:05:23.465,aml,OK,0200,FAST,699.52,USD,**************8324,MY,220
4be60b13-3881-7304-pnh5-18wo14088xd3,2026-07-02T20:05:23.574,payment-hub,OK,0200,FAST,699.52,USD,**************8324,MY,35
4be60b13-3881-7304-pnh5-18wo14088xd3,2026-07-02T20:05:23.780,core-banking,OK,0200,FAST,699.52,USD,**************8324,MY,195
4be60b13-3881-7304-pnh5-18wo14088xd3,2026-07-02T20:05:23.866,settlement,SETTLED,0200,FAST,699.52,USD,**************8324,MY,183
5ee78m13-3881-2200-tzp0-64my63225st3,2026-07-06T21:40:06.703,gateway,OK,MT103,FAST,667.56,SGD,**************9814,GB,34
5ee78m13-3881-2200-tzp0-64my63225st3,2026-07-06T21:40:06.905,auth,OK,MT103,FAST,667.56,SGD,**************9814,GB,71
5ee78m13-3881-2200-tzp0-64my63225st3,2026-07-06T21:40:06.953,validation,OK,MT103,FAST,667.56,SGD,**************9814,GB,99
5ee78m13-3881-2200-tzp0-64my63225st3,2026-07-06T21:40:07.063,aml,OK,MT103,FAST,667.56,SGD,**************9814,GB,256
5ee78m13-3881-2200-tzp0-64my63225st3,2026-07-06T21:40:07.221,payment-hub,OK,MT103,FAST,667.56,SGD,**************9814,GB,48
5ee78m13-3881-2200-tzp0-64my63225st3,2026-07-06T21:40:07.383,core-banking,OK,MT103,FAST,667.56,SGD,**************9814,GB,127
5ee78m13-3881-2200-tzp0-64my63225st3,2026-07-06T21:40:07.643,settlement,SETTLED,MT103,FAST,667.56,SGD,**************9814,GB,348
2dl25b47-5098-3697-vri0-07nh82163ro2,2026-07-13T12:30:49.969,gateway,OK,0200,SWIFT,1363.43,SGD,**************5956,US,60
2dl25b47-5098-3697-vri0-07nh82163ro2,2026-07-13T12:30:50.177,auth,OK,0200,SWIFT,1363.43,SGD,**************5956,US,63
2dl25b47-5098-3697-vri0-07nh82163ro2,2026-07-13T12:30:50.307,validation,OK,0200,SWIFT,1363.43,SGD,**************5956,US,89
2dl25b47-5098-3697-vri0-07nh82163ro2,2026-07-13T12:30:50.420,aml,OK,0200,SWIFT,1363.43,SGD,**************5956,US,255
2dl25b47-5098-3697-vri0-07nh82163ro2,2026-07-13T12:30:50.517,payment-hub,OK,0200,SWIFT,1363.43,SGD,**************5956,US,60
2dl25b47-5098-3697-vri0-07nh82163ro2,2026-07-13T12:30:50.586,core-banking,OK,0200,SWIFT,1363.43,SGD,**************5956,US,103
2dl25b47-5098-3697-vri0-07nh82163ro2,2026-07-13T12:30:50.658,settlement,SETTLED,0200,SWIFT,1363.43,SGD,**************5956,US,142
4dv62j54-9021-1290-nan3-55ly08929iw8,2026-07-14T12:05:06.333,gateway,OK,pacs.008,FAST,380.74,SGD,**************2577,SG,38
4dv62j54-9021-1290-nan3-55ly08929iw8,2026-07-14T12:05:06.463,auth,OK,pacs.008,FAST,380.74,SGD,**************2577,SG,47
4dv62j54-9021-1290-nan3-55ly08929iw8,2026-07-14T12:05:06.550,validation,OK,pacs.008,FAST,380.74,SGD,**************2577,SG,64
4dv62j54-9021-1290-nan3-55ly08929iw8,2026-07-14T12:05:06.607,aml,TIMEOUT,pacs.008,FAST,380.74,SGD,**************2577,SG,30000
4dv62j54-9021-1290-nan3-55ly08929iw8,2026-07-14T12:05:06.702,payment-hub,FAILED,pacs.008,FAST,380.74,SGD,**************2577,SG,70
9wn20j56-4047-8498-dok7-98he96319uu7,2026-07-09T01:14:17.413,gateway,OK,0200,CARDS,879.66,SGD,**************9301,SG,55
9wn20j56-4047-8498-dok7-98he96319uu7,2026-07-09T01:14:17.604,auth,OK,0200,CARDS,879.66,SGD,**************9301,SG,90
9wn20j56-4047-8498-dok7-98he96319uu7,2026-07-09T01:14:17.722,validation,OK,0200,CARDS,879.66,SGD,**************9301,SG,70
9wn20j56-4047-8498-dok7-98he96319uu7,2026-07-09T01:14:17.793,aml,TIMEOUT,0200,CARDS,879.66,SGD,**************9301,SG,30000
9wn20j56-4047-8498-dok7-98he96319uu7,2026-07-09T01:14:17.941,payment-hub,FAILED,0200,CARDS,879.66,SGD,**************9301,SG,49
1ub38n59-5972-4510-cfa6-07kk30770hd2,2026-07-06T14:52:16.843,gateway,OK,pacs.008,CARDS,270.9,INR,**************6021,SG,56
1ub38n59-5972-4510-cfa6-07kk30770hd2,2026-07-06T14:52:16.963,auth,OK,pacs.008,CARDS,270.9,INR,**************6021,SG,21
1ub38n59-5972-4510-cfa6-07kk30770hd2,2026-07-06T14:52:17.046,validation,OK,pacs.008,CARDS,270.9,INR,**************6021,SG,69
1ub38n59-5972-4510-cfa6-07kk30770hd2,2026-07-06T14:52:17.216,aml,OK,pacs.008,CARDS,270.9,INR,**************6021,SG,146
1ub38n59-5972-4510-cfa6-07kk30770hd2,2026-07-06T14:52:17.306,payment-hub,OK,pacs.008,CARDS,270.9,INR,**************6021,SG,68
1ub38n59-5972-4510-cfa6-07kk30770hd2,2026-07-06T14:52:17.389,core-banking,OK,pacs.008,CARDS,270.9,INR,**************6021,SG,116
1ub38n59-5972-4510-cfa6-07kk30770hd2,2026-07-06T14:52:17.425,settlement,SETTLED,pacs.008,CARDS,270.9,INR,**************6021,SG,377
1hh58f34-8404-8394-uww6-70ak95040nu1,2026-07-12T07:11:33.600,gateway,OK,MT103,FAST,359.49,SGD,**************6144,MY,53
1hh58f34-8404-8394-uww6-70ak95040nu1,2026-07-12T07:11:33.668,auth,OK,MT103,FAST,359.49,SGD,**************6144,MY,42
1hh58f34-8404-8394-uww6-70ak95040nu1,2026-07-12T07:11:33.807,validation,OK,MT103,FAST,359.49,SGD,**************6144,MY,105
1hh58f34-8404-8394-uww6-70ak95040nu1,2026-07-12T07:11:33.894,aml,OK,MT103,FAST,359.49,SGD,**************6144,MY,269
1hh58f34-8404-8394-uww6-70ak95040nu1,2026-07-12T07:11:34.032,payment-hub,OK,MT103,FAST,359.49,SGD,**************6144,MY,50
1hh58f34-8404-8394-uww6-70ak95040nu1,2026-07-12T07:11:34.200,core-banking,OK,MT103,FAST,359.49,SGD,**************6144,MY,72
1hh58f34-8404-8394-uww6-70ak95040nu1,2026-07-12T07:11:34.354,settlement,SETTLED,MT103,FAST,359.49,SGD,**************6144,MY,190
1op12i49-3588-4829-aof0-32ly53371ln9,2026-07-04T09:11:03.022,gateway,OK,pacs.008,FAST,735.44,GBP,**************3241,SG,24
1op12i49-3588-4829-aof0-32ly53371ln9,2026-07-04T09:11:03.214,auth,OK,pacs.008,FAST,735.44,GBP,**************3241,SG,52
1op12i49-3588-4829-aof0-32ly53371ln9,2026-07-04T09:11:03.378,validation,OK,pacs.008,FAST,735.44,GBP,**************3241,SG,115
1op12i49-3588-4829-aof0-32ly53371ln9,2026-07-04T09:11:03.458,aml,OK,pacs.008,FAST,735.44,GBP,**************3241,SG,198
1op12i49-3588-4829-aof0-32ly53371ln9,2026-07-04T09:11:03.720,payment-hub,OK,pacs.008,FAST,735.44,GBP,**************3241,SG,134
1op12i49-3588-4829-aof0-32ly53371ln9,2026-07-04T09:11:03.791,core-banking,OK,pacs.008,FAST,735.44,GBP,**************3241,SG,191
1op12i49-3588-4829-aof0-32ly53371ln9,2026-07-04T09:11:03.858,settlement,SETTLED,pacs.008,FAST,735.44,GBP,**************3241,SG,144
1ys92m13-2445-7653-mce8-47em37395rs4,2026-07-07T20:53:01.310,gateway,OK,MT103,FAST,251.77,GBP,**************9004,SG,42
1ys92m13-2445-7653-mce8-47em37395rs4,2026-07-07T20:53:01.412,auth,OK,MT103,FAST,251.77,GBP,**************9004,SG,20
1ys92m13-2445-7653-mce8-47em37395rs4,2026-07-07T20:53:01.524,validation,OK,MT103,FAST,251.77,GBP,**************9004,SG,26
1ys92m13-2445-7653-mce8-47em37395rs4,2026-07-07T20:53:01.590,aml,OK,MT103,FAST,251.77,GBP,**************9004,SG,80
1ys92m13-2445-7653-mce8-47em37395rs4,2026-07-07T20:53:01.698,payment-hub,OK,MT103,FAST,251.77,GBP,**************9004,SG,80
1ys92m13-2445-7653-mce8-47em37395rs4,2026-07-07T20:53:01.773,core-banking,OK,MT103,FAST,251.77,GBP,**************9004,SG,52
1ys92m13-2445-7653-mce8-47em37395rs4,2026-07-07T20:53:01.815,settlement,SETTLED,MT103,FAST,251.77,GBP,**************9004,SG,133
2zl84f85-1860-1091-gjb5-12ea04425rp4,2026-07-14T22:00:17.397,gateway,OK,pacs.008,FAST,1120.32,EUR,**************0952,SG,29
2zl84f85-1860-1091-gjb5-12ea04425rp4,2026-07-14T22:00:17.445,auth,OK,pacs.008,FAST,1120.32,EUR,**************0952,SG,21
2zl84f85-1860-1091-gjb5-12ea04425rp4,2026-07-14T22:00:17.539,validation,OK,pacs.008,FAST,1120.32,EUR,**************0952,SG,115
2zl84f85-1860-1091-gjb5-12ea04425rp4,2026-07-14T22:00:17.583,aml,OK,pacs.008,FAST,1120.32,EUR,**************0952,SG,139
2zl84f85-1860-1091-gjb5-12ea04425rp4,2026-07-14T22:00:17.635,payment-hub,OK,pacs.008,FAST,1120.32,EUR,**************0952,SG,114
2zl84f85-1860-1091-gjb5-12ea04425rp4,2026-07-14T22:00:17.741,core-banking,OK,pacs.008,FAST,1120.32,EUR,**************0952,SG,71
2zl84f85-1860-1091-gjb5-12ea04425rp4,2026-07-14T22:00:17.818,settlement,SETTLED,pacs.008,FAST,1120.32,EUR,**************0952,SG,311
2ak13e57-5337-4179-lzy2-01au27414gl0,2026-07-05T06:58:53.785,gateway,OK,0200,FAST,241.36,USD,**************8989,US,43
2ak13e57-5337-4179-lzy2-01au27414gl0,2026-07-05T06:58:53.852,auth,OK,0200,FAST,241.36,USD,**************8989,US,80
2ak13e57-5337-4179-lzy2-01au27414gl0,2026-07-05T06:58:53.991,validation,OK,0200,FAST,241.36,USD,**************8989,US,101
2ak13e57-5337-4179-lzy2-01au27414gl0,2026-07-05T06:58:54.118,aml,OK,0200,FAST,241.36,USD,**************8989,US,241
2ak13e57-5337-4179-lzy2-01au27414gl0,2026-07-05T06:59:24.123,payment-hub,OK,0200,FAST,241.36,USD,**************8989,US,147
2ak13e57-5337-4179-lzy2-01au27414gl0,2026-07-05T06:59:24.303,core-banking,OK,0200,FAST,241.36,USD,**************8989,US,156
2ak13e57-5337-4179-lzy2-01au27414gl0,2026-07-05T06:59:24.392,settlement,SETTLED,0200,FAST,241.36,USD,**************8989,US,170
8yr59d51-1108-5454-iem2-60oc65950hy8,2026-07-06T16:12:16.795,gateway,OK,pacs.008,FAST,2717.33,SGD,**************1812,SG,56
8yr59d51-1108-5454-iem2-60oc65950hy8,2026-07-06T16:12:16.863,auth,OK,pacs.008,FAST,2717.33,SGD,**************1812,SG,84
8yr59d51-1108-5454-iem2-60oc65950hy8,2026-07-06T16:12:16.920,validation,OK,pacs.008,FAST,2717.33,SGD,**************1812,SG,41
8yr59d51-1108-5454-iem2-60oc65950hy8,2026-07-06T16:12:46.930,aml,OK,pacs.008,FAST,2717.33,SGD,**************1812,SG,164
8yr59d51-1108-5454-iem2-60oc65950hy8,2026-07-06T16:12:47.100,payment-hub,OK,pacs.008,FAST,2717.33,SGD,**************1812,SG,46
8yr59d51-1108-5454-iem2-60oc65950hy8,2026-07-06T16:12:47.166,core-banking,OK,pacs.008,FAST,2717.33,SGD,**************1812,SG,183
8yr59d51-1108-5454-iem2-60oc65950hy8,2026-07-06T16:12:47.197,settlement,SETTLED,pacs.008,FAST,2717.33,SGD,**************1812,SG,141
8yg62k45-2800-5670-vjj4-01tv45070kf7,2026-07-15T00:29:43.488,gateway,OK,pacs.008,FAST,211.86,SGD,**************3751,SG,15
8yg62k45-2800-5670-vjj4-01tv45070kf7,2026-07-15T00:29:43.573,auth,OK,pacs.008,FAST,211.86,SGD,**************3751,SG,83
8yg62k45-2800-5670-vjj4-01tv45070kf7,2026-07-15T00:29:43.777,validation,OK,pacs.008,FAST,211.86,SGD,**************3751,SG,89
8yg62k45-2800-5670-vjj4-01tv45070kf7,2026-07-15T00:29:43.841,aml,OK,pacs.008,FAST,211.86,SGD,**************3751,SG,262
8yg62k45-2800-5670-vjj4-01tv45070kf7,2026-07-15T00:29:44.061,payment-hub,OK,pacs.008,FAST,211.86,SGD,**************3751,SG,30
8yg62k45-2800-5670-vjj4-01tv45070kf7,2026-07-15T00:29:44.143,core-banking,OK,pacs.008,FAST,211.86,SGD,**************3751,SG,84
8yg62k45-2800-5670-vjj4-01tv45070kf7,2026-07-15T00:29:44.195,settlement,SETTLED,pacs.008,FAST,211.86,SGD,**************3751,SG,279
8ih55x93-9417-0342-ysi0-76iv45513en7,2026-07-08T14:24:27.891,gateway,OK,pacs.008,FAST,2628.07,SGD,**************5528,SG,29
8ih55x93-9417-0342-ysi0-76iv45513en7,2026-07-08T14:24:28.023,auth,OK,pacs.008,FAST,2628.07,SGD,**************5528,SG,79
8ih55x93-9417-0342-ysi0-76iv45513en7,2026-07-08T14:24:28.113,validation,OK,pacs.008,FAST,2628.07,SGD,**************5528,SG,106
8ih55x93-9417-0342-ysi0-76iv45513en7,2026-07-08T14:24:28.337,aml,OK,pacs.008,FAST,2628.07,SGD,**************5528,SG,169
8ih55x93-9417-0342-ysi0-76iv45513en7,2026-07-08T14:24:28.426,payment-hub,OK,pacs.008,FAST,2628.07,SGD,**************5528,SG,115
8ih55x93-9417-0342-ysi0-76iv45513en7,2026-07-08T14:24:28.644,core-banking,OK,pacs.008,FAST,2628.07,SGD,**************5528,SG,104
8ih55x93-9417-0342-ysi0-76iv45513en7,2026-07-08T14:24:28.687,settlement,SETTLED,pacs.008,FAST,2628.07,SGD,**************5528,SG,140
5iz81i42-0101-7535-jhi0-19dk27544uj0,2026-07-08T02:36:17.253,gateway,OK,MT103,FAST,2666.63,USD,**************1255,GB,45
5iz81i42-0101-7535-jhi0-19dk27544uj0,2026-07-08T02:36:17.341,auth,OK,MT103,FAST,2666.63,USD,**************1255,GB,20
5iz81i42-0101-7535-jhi0-19dk27544uj0,2026-07-08T02:36:17.416,validation,OK,MT103,FAST,2666.63,USD,**************1255,GB,41
5iz81i42-0101-7535-jhi0-19dk27544uj0,2026-07-08T02:36:17.453,aml,OK,MT103,FAST,2666.63,USD,**************1255,GB,290
5iz81i42-0101-7535-jhi0-19dk27544uj0,2026-07-08T02:36:17.538,payment-hub,OK,MT103,FAST,2666.63,USD,**************1255,GB,69
5iz81i42-0101-7535-jhi0-19dk27544uj0,2026-07-08T02:36:17.737,core-banking,OK,MT103,FAST,2666.63,USD,**************1255,GB,104
5iz81i42-0101-7535-jhi0-19dk27544uj0,2026-07-08T02:36:18.001,settlement,SETTLED,MT103,FAST,2666.63,USD,**************1255,GB,79
7qx73e30-9401-1503-pfx4-58ua34077fh0,2026-07-15T05:59:44.784,gateway,OK,MT103,SWIFT,218.8,USD,**************1898,MY,28
7qx73e30-9401-1503-pfx4-58ua34077fh0,2026-07-15T05:59:44.897,auth,OK,MT103,SWIFT,218.8,USD,**************1898,MY,86
7qx73e30-9401-1503-pfx4-58ua34077fh0,2026-07-15T05:59:44.978,validation,OK,MT103,SWIFT,218.8,USD,**************1898,MY,33
7qx73e30-9401-1503-pfx4-58ua34077fh0,2026-07-15T05:59:45.042,aml,OK,MT103,SWIFT,218.8,USD,**************1898,MY,250
7qx73e30-9401-1503-pfx4-58ua34077fh0,2026-07-15T05:59:45.263,payment-hub,OK,MT103,SWIFT,218.8,USD,**************1898,MY,42
7qx73e30-9401-1503-pfx4-58ua34077fh0,2026-07-15T05:59:45.439,core-banking,OK,MT103,SWIFT,218.8,USD,**************1898,MY,220
7qx73e30-9401-1503-pfx4-58ua34077fh0,2026-07-15T05:59:45.642,settlement,SETTLED,MT103,SWIFT,218.8,USD,**************1898,MY,100
4xs80y32-5743-5984-iso9-79wu69279os5,2026-07-15T03:33:38.755,gateway,OK,MT103,FAST,884.05,SGD,**************6226,SG,25
4xs80y32-5743-5984-iso9-79wu69279os5,2026-07-15T03:33:38.803,auth,OK,MT103,FAST,884.05,SGD,**************6226,SG,23
4xs80y32-5743-5984-iso9-79wu69279os5,2026-07-15T03:33:38.876,validation,OK,MT103,FAST,884.05,SGD,**************6226,SG,86
4xs80y32-5743-5984-iso9-79wu69279os5,2026-07-15T03:33:39.142,aml,OK,MT103,FAST,884.05,SGD,**************6226,SG,194
4xs80y32-5743-5984-iso9-79wu69279os5,2026-07-15T03:33:39.301,payment-hub,OK,MT103,FAST,884.05,SGD,**************6226,SG,112
4xs80y32-5743-5984-iso9-79wu69279os5,2026-07-15T03:33:39.382,core-banking,OK,MT103,FAST,884.05,SGD,**************6226,SG,205
4xs80y32-5743-5984-iso9-79wu69279os5,2026-07-15T03:33:39.531,settlement,SETTLED,MT103,FAST,884.05,SGD,**************6226,SG,164
5sd27a03-9128-5322-lex6-21lk03413js1,2026-07-14T21:22:41.129,gateway,OK,0200,FAST,115.99,EUR,**************5297,IN,27
5sd27a03-9128-5322-lex6-21lk03413js1,2026-07-14T21:22:41.198,auth,OK,0200,FAST,115.99,EUR,**************5297,IN,43
5sd27a03-9128-5322-lex6-21lk03413js1,2026-07-14T21:22:41.275,validation,OK,0200,FAST,115.99,EUR,**************5297,IN,37
5sd27a03-9128-5322-lex6-21lk03413js1,2026-07-14T21:22:41.325,aml,OK,0200,FAST,115.99,EUR,**************5297,IN,113
5sd27a03-9128-5322-lex6-21lk03413js1,2026-07-14T21:22:41.475,payment-hub,OK,0200,FAST,115.99,EUR,**************5297,IN,55
5sd27a03-9128-5322-lex6-21lk03413js1,2026-07-14T21:22:41.581,core-banking,OK,0200,FAST,115.99,EUR,**************5297,IN,222
5sd27a03-9128-5322-lex6-21lk03413js1,2026-07-14T21:22:41.668,settlement,SETTLED,0200,FAST,115.99,EUR,**************5297,IN,75
8ii54f45-2675-4074-vte8-39pg04541ew3,2026-07-13T04:53:32.936,gateway,OK,0200,FAST,2900.92,SGD,**************7050,SG,38
8ii54f45-2675-4074-vte8-39pg04541ew3,2026-07-13T04:53:33.085,auth,OK,0200,FAST,2900.92,SGD,**************7050,SG,20
8ii54f45-2675-4074-vte8-39pg04541ew3,2026-07-13T04:53:33.160,validation,OK,0200,FAST,2900.92,SGD,**************7050,SG,45
8ii54f45-2675-4074-vte8-39pg04541ew3,2026-07-13T04:53:33.308,aml,TIMEOUT,0200,FAST,2900.92,SGD,**************7050,SG,30000
8ii54f45-2675-4074-vte8-39pg04541ew3,2026-07-13T04:53:33.481,payment-hub,FAILED,0200,FAST,2900.92,SGD,**************7050,SG,134
2em87z17-2094-5919-mmu7-87zw89563nv7,2026-07-11T07:40:33.330,gateway,OK,MT103,SWIFT,497.29,USD,**************7723,IN,49
2em87z17-2094-5919-mmu7-87zw89563nv7,2026-07-11T07:40:33.372,auth,OK,MT103,SWIFT,497.29,USD,**************7723,IN,72
2em87z17-2094-5919-mmu7-87zw89563nv7,2026-07-11T07:40:33.466,validation,OK,MT103,SWIFT,497.29,USD,**************7723,IN,94
2em87z17-2094-5919-mmu7-87zw89563nv7,2026-07-11T07:40:33.628,aml,OK,MT103,SWIFT,497.29,USD,**************7723,IN,115
2em87z17-2094-5919-mmu7-87zw89563nv7,2026-07-11T07:40:33.723,payment-hub,OK,MT103,SWIFT,497.29,USD,**************7723,IN,96
2em87z17-2094-5919-mmu7-87zw89563nv7,2026-07-11T07:40:33.806,core-banking,OK,MT103,SWIFT,497.29,USD,**************7723,IN,148
2em87z17-2094-5919-mmu7-87zw89563nv7,2026-07-11T07:40:33.980,settlement,SETTLED,MT103,SWIFT,497.29,USD,**************7723,IN,187
1fb05b50-9756-5522-qyu9-35zw89797mg4,2026-07-15T06:57:41.546,gateway,OK,pacs.008,FAST,549.04,SGD,**************2650,MY,16
1fb05b50-9756-5522-qyu9-35zw89797mg4,2026-07-15T06:57:41.690,auth,OK,pacs.008,FAST,549.04,SGD,**************2650,MY,64
1fb05b50-9756-5522-qyu9-35zw89797mg4,2026-07-15T06:57:41.911,validation,OK,pacs.008,FAST,549.04,SGD,**************2650,MY,66
1fb05b50-9756-5522-qyu9-35zw89797mg4,2026-07-15T06:57:41.984,aml,OK,pacs.008,FAST,549.04,SGD,**************2650,MY,184
1fb05b50-9756-5522-qyu9-35zw89797mg4,2026-07-15T06:57:42.043,payment-hub,OK,pacs.008,FAST,549.04,SGD,**************2650,MY,40
1fb05b50-9756-5522-qyu9-35zw89797mg4,2026-07-15T06:57:42.107,core-banking,OK,pacs.008,FAST,549.04,SGD,**************2650,MY,55
1fb05b50-9756-5522-qyu9-35zw89797mg4,2026-07-15T06:57:42.331,settlement,SETTLED,pacs.008,FAST,549.04,SGD,**************2650,MY,254
0ss68o70-8724-1327-apk4-52zc31293th8,2026-07-05T00:25:31.419,gateway,OK,pacs.008,FAST,15036.62,SGD,**************9751,SG,27
0ss68o70-8724-1327-apk4-52zc31293th8,2026-07-05T00:25:31.556,auth,OK,pacs.008,FAST,15036.62,SGD,**************9751,SG,42
0ss68o70-8724-1327-apk4-52zc31293th8,2026-07-05T00:25:31.698,validation,OK,pacs.008,FAST,15036.62,SGD,**************9751,SG,90
0ss68o70-8724-1327-apk4-52zc31293th8,2026-07-05T00:25:31.953,aml,OK,pacs.008,FAST,15036.62,SGD,**************9751,SG,212
0ss68o70-8724-1327-apk4-52zc31293th8,2026-07-05T00:25:32.074,payment-hub,OK,pacs.008,FAST,15036.62,SGD,**************9751,SG,76
0ss68o70-8724-1327-apk4-52zc31293th8,2026-07-05T00:26:02.094,core-banking,OK,pacs.008,FAST,15036.62,SGD,**************9751,SG,160
0ss68o70-8724-1327-apk4-52zc31293th8,2026-07-05T00:26:02.140,settlement,SETTLED,pacs.008,FAST,15036.62,SGD,**************9751,SG,248
4ig60a80-2907-7356-imc2-57ee13812as4,2026-07-09T10:59:48.992,gateway,OK,MT103,FAST,3708.24,SGD,**************0526,SG,26
4ig60a80-2907-7356-imc2-57ee13812as4,2026-07-09T10:59:49.075,auth,OK,MT103,FAST,3708.24,SGD,**************0526,SG,44
4ig60a80-2907-7356-imc2-57ee13812as4,2026-07-09T10:59:49.173,validation,OK,MT103,FAST,3708.24,SGD,**************0526,SG,59
4ig60a80-2907-7356-imc2-57ee13812as4,2026-07-09T10:59:49.280,aml,OK,MT103,FAST,3708.24,SGD,**************0526,SG,186
4ig60a80-2907-7356-imc2-57ee13812as4,2026-07-09T10:59:49.372,payment-hub,OK,MT103,FAST,3708.24,SGD,**************0526,SG,99
4ig60a80-2907-7356-imc2-57ee13812as4,2026-07-09T10:59:49.449,core-banking,OK,MT103,FAST,3708.24,SGD,**************0526,SG,159
4ig60a80-2907-7356-imc2-57ee13812as4,2026-07-09T10:59:49.512,settlement,SETTLED,MT103,FAST,3708.24,SGD,**************0526,SG,219
4ol17r36-4828-4668-qjx2-03xn03181ts2,2026-07-02T09:01:43.650,gateway,OK,pacs.008,SWIFT,634.94,USD,**************5735,HK,55
4ol17r36-4828-4668-qjx2-03xn03181ts2,2026-07-02T09:01:43.720,auth,OK,pacs.008,SWIFT,634.94,USD,**************5735,HK,35
4ol17r36-4828-4668-qjx2-03xn03181ts2,2026-07-02T09:01:43.866,validation,OK,pacs.008,SWIFT,634.94,USD,**************5735,HK,50
4ol17r36-4828-4668-qjx2-03xn03181ts2,2026-07-02T09:01:43.960,aml,OK,pacs.008,SWIFT,634.94,USD,**************5735,HK,190
4ol17r36-4828-4668-qjx2-03xn03181ts2,2026-07-02T09:01:44.099,payment-hub,OK,pacs.008,SWIFT,634.94,USD,**************5735,HK,134
4ol17r36-4828-4668-qjx2-03xn03181ts2,2026-07-02T09:01:44.173,core-banking,OK,pacs.008,SWIFT,634.94,USD,**************5735,HK,160
4ol17r36-4828-4668-qjx2-03xn03181ts2,2026-07-02T09:01:44.221,settlement,SETTLED,pacs.008,SWIFT,634.94,USD,**************5735,HK,243
9yn17g80-7666-3272-yml0-91dy44724mx6,2026-07-09T00:20:07.507,gateway,OK,MT103,SWIFT,1482.93,SGD,**************1295,SG,46
9yn17g80-7666-3272-yml0-91dy44724mx6,2026-07-09T00:20:07.675,auth,OK,MT103,SWIFT,1482.93,SGD,**************1295,SG,89
9yn17g80-7666-3272-yml0-91dy44724mx6,2026-07-09T00:20:07.723,validation,OK,MT103,SWIFT,1482.93,SGD,**************1295,SG,100
9yn17g80-7666-3272-yml0-91dy44724mx6,2026-07-09T00:20:07.845,aml,OK,MT103,SWIFT,1482.93,SGD,**************1295,SG,46
9yn17g80-7666-3272-yml0-91dy44724mx6,2026-07-09T00:20:07.927,payment-hub,OK,MT103,SWIFT,1482.93,SGD,**************1295,SG,115
9yn17g80-7666-3272-yml0-91dy44724mx6,2026-07-09T00:20:08.096,core-banking,OK,MT103,SWIFT,1482.93,SGD,**************1295,SG,87
9yn17g80-7666-3272-yml0-91dy44724mx6,2026-07-09T00:20:08.222,settlement,SETTLED,MT103,SWIFT,1482.93,SGD,**************1295,SG,300
2tp72f25-7772-5196-ifr1-68cs58223gv2,2026-07-07T10:48:26.805,gateway,OK,0200,FAST,444.13,SGD,**************8796,IN,52
2tp72f25-7772-5196-ifr1-68cs58223gv2,2026-07-07T10:48:26.895,auth,OK,0200,FAST,444.13,SGD,**************8796,IN,53
2tp72f25-7772-5196-ifr1-68cs58223gv2,2026-07-07T10:48:26.979,validation,OK,0200,FAST,444.13,SGD,**************8796,IN,78
2tp72f25-7772-5196-ifr1-68cs58223gv2,2026-07-07T10:48:27.169,aml,OK,0200,FAST,444.13,SGD,**************8796,IN,122
2tp72f25-7772-5196-ifr1-68cs58223gv2,2026-07-07T10:48:27.327,payment-hub,OK,0200,FAST,444.13,SGD,**************8796,IN,57
2tp72f25-7772-5196-ifr1-68cs58223gv2,2026-07-07T10:48:27.421,core-banking,OK,0200,FAST,444.13,SGD,**************8796,IN,201
2tp72f25-7772-5196-ifr1-68cs58223gv2,2026-07-07T10:48:27.637,settlement,SETTLED,0200,FAST,444.13,SGD,**************8796,IN,212
9xf24z74-5425-1365-xgw4-42ls40076of2,2026-07-04T17:30:59.431,gateway,OK,0200,FAST,1661.49,MYR,**************0835,SG,31
9xf24z74-5425-1365-xgw4-42ls40076of2,2026-07-04T17:30:59.511,auth,OK,0200,FAST,1661.49,MYR,**************0835,SG,37
9xf24z74-5425-1365-xgw4-42ls40076of2,2026-07-04T17:30:59.578,validation,OK,0200,FAST,1661.49,MYR,**************0835,SG,102
9xf24z74-5425-1365-xgw4-42ls40076of2,2026-07-04T17:30:59.763,aml,OK,0200,FAST,1661.49,MYR,**************0835,SG,224
9xf24z74-5425-1365-xgw4-42ls40076of2,2026-07-04T17:30:59.863,payment-hub,OK,0200,FAST,1661.49,MYR,**************0835,SG,144
9xf24z74-5425-1365-xgw4-42ls40076of2,2026-07-04T17:30:59.996,core-banking,OK,0200,FAST,1661.49,MYR,**************0835,SG,219
9xf24z74-5425-1365-xgw4-42ls40076of2,2026-07-04T17:31:00.244,settlement,SETTLED,0200,FAST,1661.49,MYR,**************0835,SG,235
1gg96o57-1026-8275-vjf5-12hp47960jd7,2026-07-13T19:42:22.733,gateway,OK,pacs.008,SWIFT,1044.97,USD,**************0087,US,55
1gg96o57-1026-8275-vjf5-12hp47960jd7,2026-07-13T19:42:22.844,auth,OK,pacs.008,SWIFT,1044.97,USD,**************0087,US,55
1gg96o57-1026-8275-vjf5-12hp47960jd7,2026-07-13T19:42:23.054,validation,REJECTED,pacs.008,SWIFT,1044.97,USD,**************0087,US,98
0jb57f57-9049-0184-opw4-89mp38914dg7,2026-07-04T23:37:03.719,gateway,OK,pacs.008,FAST,1204.28,EUR,**************7540,US,58
0jb57f57-9049-0184-opw4-89mp38914dg7,2026-07-04T23:37:03.843,auth,OK,pacs.008,FAST,1204.28,EUR,**************7540,US,68
0jb57f57-9049-0184-opw4-89mp38914dg7,2026-07-04T23:37:03.923,validation,OK,pacs.008,FAST,1204.28,EUR,**************7540,US,84
0jb57f57-9049-0184-opw4-89mp38914dg7,2026-07-04T23:37:04.192,aml,OK,pacs.008,FAST,1204.28,EUR,**************7540,US,43
0jb57f57-9049-0184-opw4-89mp38914dg7,2026-07-04T23:37:04.277,payment-hub,OK,pacs.008,FAST,1204.28,EUR,**************7540,US,143
0jb57f57-9049-0184-opw4-89mp38914dg7,2026-07-04T23:37:04.316,core-banking,OK,pacs.008,FAST,1204.28,EUR,**************7540,US,158
0jb57f57-9049-0184-opw4-89mp38914dg7,2026-07-04T23:37:04.385,settlement,SETTLED,pacs.008,FAST,1204.28,EUR,**************7540,US,135
6mn41o05-9212-0100-pho9-85ft14025rt2,2026-07-03T03:40:42.250,gateway,OK,MT103,FAST,602.3,INR,**************4172,SG,45
6mn41o05-9212-0100-pho9-85ft14025rt2,2026-07-03T03:40:42.546,auth,OK,MT103,FAST,602.3,INR,**************4172,SG,54
6mn41o05-9212-0100-pho9-85ft14025rt2,2026-07-03T03:40:42.643,validation,OK,MT103,FAST,602.3,INR,**************4172,SG,89
6mn41o05-9212-0100-pho9-85ft14025rt2,2026-07-03T03:40:42.694,aml,OK,MT103,FAST,602.3,INR,**************4172,SG,276
6mn41o05-9212-0100-pho9-85ft14025rt2,2026-07-03T03:40:42.755,payment-hub,OK,MT103,FAST,602.3,INR,**************4172,SG,145
6mn41o05-9212-0100-pho9-85ft14025rt2,2026-07-03T03:40:42.884,core-banking,OK,MT103,FAST,602.3,INR,**************4172,SG,218
6mn41o05-9212-0100-pho9-85ft14025rt2,2026-07-03T03:40:43.003,settlement,SETTLED,MT103,FAST,602.3,INR,**************4172,SG,90
5fx38p42-1972-4607-cbz4-72zx05527wj9,2026-07-03T23:40:30.551,gateway,OK,pacs.008,FAST,2896.79,SGD,**************3556,SG,47
5fx38p42-1972-4607-cbz4-72zx05527wj9,2026-07-03T23:40:30.660,auth,OK,pacs.008,FAST,2896.79,SGD,**************3556,SG,40
5fx38p42-1972-4607-cbz4-72zx05527wj9,2026-07-03T23:40:30.861,validation,OK,pacs.008,FAST,2896.79,SGD,**************3556,SG,31
5fx38p42-1972-4607-cbz4-72zx05527wj9,2026-07-03T23:40:30.980,aml,TIMEOUT,pacs.008,FAST,2896.79,SGD,**************3556,SG,30000
5fx38p42-1972-4607-cbz4-72zx05527wj9,2026-07-03T23:40:31.121,payment-hub,FAILED,pacs.008,FAST,2896.79,SGD,**************3556,SG,126
2mn89f87-2696-9502-igc8-17xk27243gy6,2026-07-12T14:32:38.605,gateway,OK,0200,FAST,681.7,USD,**************8929,IN,57
2mn89f87-2696-9502-igc8-17xk27243gy6,2026-07-12T14:32:38.698,auth,OK,0200,FAST,681.7,USD,**************8929,IN,79
2mn89f87-2696-9502-igc8-17xk27243gy6,2026-07-12T14:32:38.832,validation,OK,0200,FAST,681.7,USD,**************8929,IN,84
2mn89f87-2696-9502-igc8-17xk27243gy6,2026-07-12T14:32:38.944,aml,OK,0200,FAST,681.7,USD,**************8929,IN,55
2mn89f87-2696-9502-igc8-17xk27243gy6,2026-07-12T14:32:39.006,payment-hub,OK,0200,FAST,681.7,USD,**************8929,IN,108
2mn89f87-2696-9502-igc8-17xk27243gy6,2026-07-12T14:32:39.230,core-banking,OK,0200,FAST,681.7,USD,**************8929,IN,233
2mn89f87-2696-9502-igc8-17xk27243gy6,2026-07-12T14:32:39.377,settlement,SETTLED,0200,FAST,681.7,USD,**************8929,IN,88
8ir81q38-9618-0173-nzc2-72lg48845lb2,2026-07-14T21:59:50.667,gateway,OK,pacs.008,FAST,309.75,SGD,**************4721,SG,51
8ir81q38-9618-0173-nzc2-72lg48845lb2,2026-07-14T21:59:50.798,auth,OK,pacs.008,FAST,309.75,SGD,**************4721,SG,29
8ir81q38-9618-0173-nzc2-72lg48845lb2,2026-07-14T21:59:50.852,validation,OK,pacs.008,FAST,309.75,SGD,**************4721,SG,74
8ir81q38-9618-0173-nzc2-72lg48845lb2,2026-07-14T22:00:20.865,aml,OK,pacs.008,FAST,309.75,SGD,**************4721,SG,92
8ir81q38-9618-0173-nzc2-72lg48845lb2,2026-07-14T22:00:20.969,payment-hub,OK,pacs.008,FAST,309.75,SGD,**************4721,SG,47
8ir81q38-9618-0173-nzc2-72lg48845lb2,2026-07-14T22:00:50.977,core-banking,OK,pacs.008,FAST,309.75,SGD,**************4721,SG,122
8ir81q38-9618-0173-nzc2-72lg48845lb2,2026-07-14T22:00:51.242,settlement,SETTLED,pacs.008,FAST,309.75,SGD,**************4721,SG,111
6zy46t96-7631-3354-ycy5-02ue89362qp9,2026-07-06T16:43:53.863,gateway,OK,MT103,FAST,463.47,EUR,**************2203,SG,44
6zy46t96-7631-3354-ycy5-02ue89362qp9,2026-07-06T16:43:53.946,auth,OK,MT103,FAST,463.47,EUR,**************2203,SG,44
6zy46t96-7631-3354-ycy5-02ue89362qp9,2026-07-06T16:43:54.028,validation,OK,MT103,FAST,463.47,EUR,**************2203,SG,102
6zy46t96-7631-3354-ycy5-02ue89362qp9,2026-07-06T16:43:54.084,aml,TIMEOUT,MT103,FAST,463.47,EUR,**************2203,SG,30000
6zy46t96-7631-3354-ycy5-02ue89362qp9,2026-07-06T16:43:54.160,payment-hub,FAILED,MT103,FAST,463.47,EUR,**************2203,SG,114
1rp04t11-0138-6804-jnh2-15ww65684eb9,2026-07-05T17:44:52.271,gateway,OK,MT103,FAST,701.9,SGD,**************1557,SG,53
1rp04t11-0138-6804-jnh2-15ww65684eb9,2026-07-05T17:44:52.334,auth,OK,MT103,FAST,701.9,SGD,**************1557,SG,24
1rp04t11-0138-6804-jnh2-15ww65684eb9,2026-07-05T17:44:52.437,validation,OK,MT103,FAST,701.9,SGD,**************1557,SG,51
1rp04t11-0138-6804-jnh2-15ww65684eb9,2026-07-05T17:44:52.504,aml,OK,MT103,FAST,701.9,SGD,**************1557,SG,58
1rp04t11-0138-6804-jnh2-15ww65684eb9,2026-07-05T17:44:52.603,payment-hub,OK,MT103,FAST,701.9,SGD,**************1557,SG,106
1rp04t11-0138-6804-jnh2-15ww65684eb9,2026-07-05T17:44:52.691,core-banking,OK,MT103,FAST,701.9,SGD,**************1557,SG,185
1rp04t11-0138-6804-jnh2-15ww65684eb9,2026-07-05T17:44:52.744,settlement,SETTLED,MT103,FAST,701.9,SGD,**************1557,SG,388
7vw66i01-7508-0510-zyv7-39jd91277ca9,2026-07-14T20:44:48.463,gateway,OK,pacs.008,SWIFT,2261.83,USD,**************1679,SG,15
7vw66i01-7508-0510-zyv7-39jd91277ca9,2026-07-14T20:44:48.712,auth,OK,pacs.008,SWIFT,2261.83,USD,**************1679,SG,69
7vw66i01-7508-0510-zyv7-39jd91277ca9,2026-07-14T20:44:48.831,validation,OK,pacs.008,SWIFT,2261.83,USD,**************1679,SG,114
7vw66i01-7508-0510-zyv7-39jd91277ca9,2026-07-14T20:44:48.985,aml,TIMEOUT,pacs.008,SWIFT,2261.83,USD,**************1679,SG,30000
7vw66i01-7508-0510-zyv7-39jd91277ca9,2026-07-14T20:44:49.159,payment-hub,FAILED,pacs.008,SWIFT,2261.83,USD,**************1679,SG,149
8fc42n92-6532-6876-twa5-65an54933xy9,2026-07-05T00:51:26.004,gateway,OK,0200,FAST,473.07,USD,**************5803,SG,41
8fc42n92-6532-6876-twa5-65an54933xy9,2026-07-05T00:51:26.072,auth,OK,0200,FAST,473.07,USD,**************5803,SG,36
8fc42n92-6532-6876-twa5-65an54933xy9,2026-07-05T00:51:26.196,validation,OK,0200,FAST,473.07,USD,**************5803,SG,55
8fc42n92-6532-6876-twa5-65an54933xy9,2026-07-05T00:51:26.305,aml,TIMEOUT,0200,FAST,473.07,USD,**************5803,SG,30000
8fc42n92-6532-6876-twa5-65an54933xy9,2026-07-05T00:51:26.347,payment-hub,FAILED,0200,FAST,473.07,USD,**************5803,SG,87
7ai17n76-8713-9428-hlh5-19of51795ln3,2026-07-06T03:26:39.753,gateway,OK,pacs.008,FAST,1200.01,SGD,**************7583,SG,55
7ai17n76-8713-9428-hlh5-19of51795ln3,2026-07-06T03:26:39.818,auth,OK,pacs.008,FAST,1200.01,SGD,**************7583,SG,50
7ai17n76-8713-9428-hlh5-19of51795ln3,2026-07-06T03:26:40.090,validation,OK,pacs.008,FAST,1200.01,SGD,**************7583,SG,114
7ai17n76-8713-9428-hlh5-19of51795ln3,2026-07-06T03:26:40.155,aml,OK,pacs.008,FAST,1200.01,SGD,**************7583,SG,294
7ai17n76-8713-9428-hlh5-19of51795ln3,2026-07-06T03:26:40.286,payment-hub,OK,pacs.008,FAST,1200.01,SGD,**************7583,SG,128
7ai17n76-8713-9428-hlh5-19of51795ln3,2026-07-06T03:26:40.371,core-banking,OK,pacs.008,FAST,1200.01,SGD,**************7583,SG,123
7ai17n76-8713-9428-hlh5-19of51795ln3,2026-07-06T03:26:40.421,settlement,SETTLED,pacs.008,FAST,1200.01,SGD,**************7583,SG,363
6ak63j69-0261-7853-rvv2-78ur09677kp6,2026-07-12T19:10:17.630,gateway,OK,pacs.008,SWIFT,405.03,SGD,**************1180,IN,23
6ak63j69-0261-7853-rvv2-78ur09677kp6,2026-07-12T19:10:17.704,auth,OK,pacs.008,SWIFT,405.03,SGD,**************1180,IN,28
6ak63j69-0261-7853-rvv2-78ur09677kp6,2026-07-12T19:10:17.764,validation,OK,pacs.008,SWIFT,405.03,SGD,**************1180,IN,97
6ak63j69-0261-7853-rvv2-78ur09677kp6,2026-07-12T19:10:17.842,aml,OK,pacs.008,SWIFT,405.03,SGD,**************1180,IN,227
6ak63j69-0261-7853-rvv2-78ur09677kp6,2026-07-12T19:10:47.864,payment-hub,OK,pacs.008,SWIFT,405.03,SGD,**************1180,IN,61
6ak63j69-0261-7853-rvv2-78ur09677kp6,2026-07-12T19:10:47.925,core-banking,OK,pacs.008,SWIFT,405.03,SGD,**************1180,IN,58
6ak63j69-0261-7853-rvv2-78ur09677kp6,2026-07-12T19:10:47.998,settlement,SETTLED,pacs.008,SWIFT,405.03,SGD,**************1180,IN,115
6pz81q71-9315-9300-obg9-98sl51365nc1,2026-07-10T22:40:58.077,gateway,OK,pacs.008,SWIFT,675.19,USD,**************4585,IN,60
6pz81q71-9315-9300-obg9-98sl51365nc1,2026-07-10T22:40:58.360,auth,OK,pacs.008,SWIFT,675.19,USD,**************4585,IN,63
6pz81q71-9315-9300-obg9-98sl51365nc1,2026-07-10T22:40:58.557,validation,OK,pacs.008,SWIFT,675.19,USD,**************4585,IN,86
6pz81q71-9315-9300-obg9-98sl51365nc1,2026-07-10T22:40:58.658,aml,OK,pacs.008,SWIFT,675.19,USD,**************4585,IN,170
6pz81q71-9315-9300-obg9-98sl51365nc1,2026-07-10T22:40:58.756,payment-hub,OK,pacs.008,SWIFT,675.19,USD,**************4585,IN,126
6pz81q71-9315-9300-obg9-98sl51365nc1,2026-07-10T22:40:59.003,core-banking,OK,pacs.008,SWIFT,675.19,USD,**************4585,IN,195
6pz81q71-9315-9300-obg9-98sl51365nc1,2026-07-10T22:40:59.068,settlement,SETTLED,pacs.008,SWIFT,675.19,USD,**************4585,IN,308
1lm30w14-1087-2987-yot7-89yu60976yr8,2026-07-13T08:17:12.062,gateway,OK,0200,FAST,7490.94,USD,**************6586,SG,55
1lm30w14-1087-2987-yot7-89yu60976yr8,2026-07-13T08:17:12.165,auth,OK,0200,FAST,7490.94,USD,**************6586,SG,37
1lm30w14-1087-2987-yot7-89yu60976yr8,2026-07-13T08:17:12.249,validation,OK,0200,FAST,7490.94,USD,**************6586,SG,103
1lm30w14-1087-2987-yot7-89yu60976yr8,2026-07-13T08:17:12.340,aml,OK,0200,FAST,7490.94,USD,**************6586,SG,173
1lm30w14-1087-2987-yot7-89yu60976yr8,2026-07-13T08:17:12.525,payment-hub,OK,0200,FAST,7490.94,USD,**************6586,SG,123
1lm30w14-1087-2987-yot7-89yu60976yr8,2026-07-13T08:17:12.666,core-banking,OK,0200,FAST,7490.94,USD,**************6586,SG,126
1lm30w14-1087-2987-yot7-89yu60976yr8,2026-07-13T08:17:12.743,settlement,SETTLED,0200,FAST,7490.94,USD,**************6586,SG,313
2fm48l15-9435-9630-vms4-06my84013ay4,2026-07-09T10:41:11.142,gateway,OK,0200,FAST,85.35,SGD,**************0734,HK,33
2fm48l15-9435-9630-vms4-06my84013ay4,2026-07-09T10:41:11.198,auth,OK,0200,FAST,85.35,SGD,**************0734,HK,47
2fm48l15-9435-9630-vms4-06my84013ay4,2026-07-09T10:41:11.370,validation,OK,0200,FAST,85.35,SGD,**************0734,HK,113
2fm48l15-9435-9630-vms4-06my84013ay4,2026-07-09T10:41:11.422,aml,OK,0200,FAST,85.35,SGD,**************0734,HK,214
2fm48l15-9435-9630-vms4-06my84013ay4,2026-07-09T10:41:11.485,payment-hub,OK,0200,FAST,85.35,SGD,**************0734,HK,38
2fm48l15-9435-9630-vms4-06my84013ay4,2026-07-09T10:41:11.634,core-banking,OK,0200,FAST,85.35,SGD,**************0734,HK,95
2fm48l15-9435-9630-vms4-06my84013ay4,2026-07-09T10:41:11.848,settlement,SETTLED,0200,FAST,85.35,SGD,**************0734,HK,328
8mt66f90-9455-4814-erd0-56rr79829vz5,2026-07-07T13:21:38.109,gateway,OK,MT103,FAST,770.55,SGD,**************8470,MY,58
8mt66f90-9455-4814-erd0-56rr79829vz5,2026-07-07T13:21:38.261,auth,OK,MT103,FAST,770.55,SGD,**************8470,MY,36
8mt66f90-9455-4814-erd0-56rr79829vz5,2026-07-07T13:21:38.369,validation,OK,MT103,FAST,770.55,SGD,**************8470,MY,51
8mt66f90-9455-4814-erd0-56rr79829vz5,2026-07-07T13:21:38.411,aml,TIMEOUT,MT103,FAST,770.55,SGD,**************8470,MY,30000
8mt66f90-9455-4814-erd0-56rr79829vz5,2026-07-07T13:21:38.553,payment-hub,FAILED,MT103,FAST,770.55,SGD,**************8470,MY,121
1vj69t93-5351-3706-voh1-15of34701li0,2026-07-02T13:50:52.806,gateway,OK,pacs.008,FAST,11572.21,SGD,**************9755,IN,20
1vj69t93-5351-3706-voh1-15of34701li0,2026-07-02T13:50:52.873,auth,OK,pacs.008,FAST,11572.21,SGD,**************9755,IN,87
1vj69t93-5351-3706-voh1-15of34701li0,2026-07-02T13:50:52.974,validation,OK,pacs.008,FAST,11572.21,SGD,**************9755,IN,68
1vj69t93-5351-3706-voh1-15of34701li0,2026-07-02T13:50:53.056,aml,OK,pacs.008,FAST,11572.21,SGD,**************9755,IN,141
1vj69t93-5351-3706-voh1-15of34701li0,2026-07-02T13:50:53.153,payment-hub,OK,pacs.008,FAST,11572.21,SGD,**************9755,IN,50
1vj69t93-5351-3706-voh1-15of34701li0,2026-07-02T13:50:53.441,core-banking,OK,pacs.008,FAST,11572.21,SGD,**************9755,IN,98
1vj69t93-5351-3706-voh1-15of34701li0,2026-07-02T13:50:53.514,settlement,SETTLED,pacs.008,FAST,11572.21,SGD,**************9755,IN,139
1ce80c51-1466-4015-aik3-15kk57389hb6,2026-07-14T03:06:09.196,gateway,OK,0200,FAST,610.3,SGD,**************6502,IN,45
1ce80c51-1466-4015-aik3-15kk57389hb6,2026-07-14T03:06:09.432,auth,OK,0200,FAST,610.3,SGD,**************6502,IN,76
1ce80c51-1466-4015-aik3-15kk57389hb6,2026-07-14T03:06:09.628,validation,OK,0200,FAST,610.3,SGD,**************6502,IN,36
1ce80c51-1466-4015-aik3-15kk57389hb6,2026-07-14T03:06:09.752,aml,OK,0200,FAST,610.3,SGD,**************6502,IN,57
1ce80c51-1466-4015-aik3-15kk57389hb6,2026-07-14T03:06:09.796,payment-hub,OK,0200,FAST,610.3,SGD,**************6502,IN,82
1ce80c51-1466-4015-aik3-15kk57389hb6,2026-07-14T03:06:09.995,core-banking,OK,0200,FAST,610.3,SGD,**************6502,IN,243
1ce80c51-1466-4015-aik3-15kk57389hb6,2026-07-14T03:06:10.297,settlement,SETTLED,0200,FAST,610.3,SGD,**************6502,IN,302
9xk81p75-1545-7714-mdy5-23fj04369ko8,2026-07-12T12:55:39.152,gateway,OK,pacs.008,SWIFT,214.51,SGD,**************9200,IN,25
9xk81p75-1545-7714-mdy5-23fj04369ko8,2026-07-12T12:55:39.266,auth,OK,pacs.008,SWIFT,214.51,SGD,**************9200,IN,43
9xk81p75-1545-7714-mdy5-23fj04369ko8,2026-07-12T12:55:39.359,validation,OK,pacs.008,SWIFT,214.51,SGD,**************9200,IN,97
9xk81p75-1545-7714-mdy5-23fj04369ko8,2026-07-12T12:55:39.486,aml,OK,pacs.008,SWIFT,214.51,SGD,**************9200,IN,280
9xk81p75-1545-7714-mdy5-23fj04369ko8,2026-07-12T12:55:39.591,payment-hub,OK,pacs.008,SWIFT,214.51,SGD,**************9200,IN,80
9xk81p75-1545-7714-mdy5-23fj04369ko8,2026-07-12T12:55:39.665,core-banking,OK,pacs.008,SWIFT,214.51,SGD,**************9200,IN,224
9xk81p75-1545-7714-mdy5-23fj04369ko8,2026-07-12T12:55:39.884,settlement,SETTLED,pacs.008,SWIFT,214.51,SGD,**************9200,IN,277
8mx35t91-5410-5302-pcg4-70yw92992pz6,2026-07-12T00:35:58.942,gateway,OK,MT103,FAST,2271.49,EUR,**************4031,SG,33
8mx35t91-5410-5302-pcg4-70yw92992pz6,2026-07-12T00:35:59.120,auth,OK,MT103,FAST,2271.49,EUR,**************4031,SG,44
8mx35t91-5410-5302-pcg4-70yw92992pz6,2026-07-12T00:35:59.247,validation,OK,MT103,FAST,2271.49,EUR,**************4031,SG,90
8mx35t91-5410-5302-pcg4-70yw92992pz6,2026-07-12T00:35:59.299,aml,OK,MT103,FAST,2271.49,EUR,**************4031,SG,61
8mx35t91-5410-5302-pcg4-70yw92992pz6,2026-07-12T00:35:59.441,payment-hub,OK,MT103,FAST,2271.49,EUR,**************4031,SG,101
8mx35t91-5410-5302-pcg4-70yw92992pz6,2026-07-12T00:35:59.603,core-banking,OK,MT103,FAST,2271.49,EUR,**************4031,SG,72
8mx35t91-5410-5302-pcg4-70yw92992pz6,2026-07-12T00:35:59.687,settlement,SETTLED,MT103,FAST,2271.49,EUR,**************4031,SG,115
3qz89m08-2456-4985-fuy1-60ul40397zw3,2026-07-07T22:45:25.903,gateway,OK,pacs.008,FAST,172.37,SGD,**************2704,HK,54
3qz89m08-2456-4985-fuy1-60ul40397zw3,2026-07-07T22:45:26.007,auth,OK,pacs.008,FAST,172.37,SGD,**************2704,HK,63
3qz89m08-2456-4985-fuy1-60ul40397zw3,2026-07-07T22:45:26.095,validation,OK,pacs.008,FAST,172.37,SGD,**************2704,HK,76
3qz89m08-2456-4985-fuy1-60ul40397zw3,2026-07-07T22:45:26.149,aml,OK,pacs.008,FAST,172.37,SGD,**************2704,HK,297
3qz89m08-2456-4985-fuy1-60ul40397zw3,2026-07-07T22:45:26.210,payment-hub,OK,pacs.008,FAST,172.37,SGD,**************2704,HK,129
3qz89m08-2456-4985-fuy1-60ul40397zw3,2026-07-07T22:45:26.327,core-banking,OK,pacs.008,FAST,172.37,SGD,**************2704,HK,164
3qz89m08-2456-4985-fuy1-60ul40397zw3,2026-07-07T22:45:26.380,settlement,SETTLED,pacs.008,FAST,172.37,SGD,**************2704,HK,120
0es95e97-6338-8493-xho4-37hb75200lb9,2026-07-04T01:03:07.509,gateway,OK,pacs.008,SWIFT,1326.57,SGD,**************5269,SG,41
0es95e97-6338-8493-xho4-37hb75200lb9,2026-07-04T01:03:07.644,auth,OK,pacs.008,SWIFT,1326.57,SGD,**************5269,SG,77
0es95e97-6338-8493-xho4-37hb75200lb9,2026-07-04T01:03:07.815,validation,OK,pacs.008,SWIFT,1326.57,SGD,**************5269,SG,49
0es95e97-6338-8493-xho4-37hb75200lb9,2026-07-04T01:03:07.881,aml,OK,pacs.008,SWIFT,1326.57,SGD,**************5269,SG,220
0es95e97-6338-8493-xho4-37hb75200lb9,2026-07-04T01:03:08.018,payment-hub,OK,pacs.008,SWIFT,1326.57,SGD,**************5269,SG,90
0es95e97-6338-8493-xho4-37hb75200lb9,2026-07-04T01:03:08.176,core-banking,OK,pacs.008,SWIFT,1326.57,SGD,**************5269,SG,176
0es95e97-6338-8493-xho4-37hb75200lb9,2026-07-04T01:03:08.304,settlement,SETTLED,pacs.008,SWIFT,1326.57,SGD,**************5269,SG,314
8dq34v47-6665-6670-bxt6-04mv62465qa6,2026-07-06T00:47:46.132,gateway,OK,pacs.008,FAST,627.18,MYR,**************9287,SG,32
8dq34v47-6665-6670-bxt6-04mv62465qa6,2026-07-06T00:47:46.246,auth,OK,pacs.008,FAST,627.18,MYR,**************9287,SG,33
8dq34v47-6665-6670-bxt6-04mv62465qa6,2026-07-06T00:47:46.313,validation,OK,pacs.008,FAST,627.18,MYR,**************9287,SG,46
8dq34v47-6665-6670-bxt6-04mv62465qa6,2026-07-06T00:47:46.607,aml,OK,pacs.008,FAST,627.18,MYR,**************9287,SG,115
8dq34v47-6665-6670-bxt6-04mv62465qa6,2026-07-06T00:47:46.838,payment-hub,OK,pacs.008,FAST,627.18,MYR,**************9287,SG,55
8dq34v47-6665-6670-bxt6-04mv62465qa6,2026-07-06T00:47:47.026,core-banking,OK,pacs.008,FAST,627.18,MYR,**************9287,SG,59
8dq34v47-6665-6670-bxt6-04mv62465qa6,2026-07-06T00:47:47.211,settlement,SETTLED,pacs.008,FAST,627.18,MYR,**************9287,SG,133
6xs71r65-5042-5828-sso2-55zz04711ev5,2026-07-08T17:44:45.957,gateway,OK,pacs.008,FAST,414.92,USD,**************5689,SG,35
6xs71r65-5042-5828-sso2-55zz04711ev5,2026-07-08T17:44:46.025,auth,OK,pacs.008,FAST,414.92,USD,**************5689,SG,20
6xs71r65-5042-5828-sso2-55zz04711ev5,2026-07-08T17:44:46.146,validation,OK,pacs.008,FAST,414.92,USD,**************5689,SG,102
6xs71r65-5042-5828-sso2-55zz04711ev5,2026-07-08T17:44:46.239,aml,OK,pacs.008,FAST,414.92,USD,**************5689,SG,256
6xs71r65-5042-5828-sso2-55zz04711ev5,2026-07-08T17:44:46.304,payment-hub,OK,pacs.008,FAST,414.92,USD,**************5689,SG,89
6xs71r65-5042-5828-sso2-55zz04711ev5,2026-07-08T17:44:46.439,core-banking,OK,pacs.008,FAST,414.92,USD,**************5689,SG,195
6xs71r65-5042-5828-sso2-55zz04711ev5,2026-07-08T17:44:46.543,settlement,SETTLED,pacs.008,FAST,414.92,USD,**************5689,SG,142
5vj48n57-1876-1798-roy7-24ll59962kw8,2026-07-04T18:18:48.088,gateway,OK,pacs.008,FAST,9595.24,SGD,**************0983,MY,32
5vj48n57-1876-1798-roy7-24ll59962kw8,2026-07-04T18:18:48.143,auth,OK,pacs.008,FAST,9595.24,SGD,**************0983,MY,49
5vj48n57-1876-1798-roy7-24ll59962kw8,2026-07-04T18:18:48.225,validation,REJECTED,pacs.008,FAST,9595.24,SGD,**************0983,MY,49
5hi44d75-6457-2889-pmb8-36ro01238cw7,2026-07-11T14:31:13.088,gateway,OK,pacs.008,SWIFT,291.46,SGD,**************5339,SG,31
5hi44d75-6457-2889-pmb8-36ro01238cw7,2026-07-11T14:31:13.141,auth,OK,pacs.008,SWIFT,291.46,SGD,**************5339,SG,68
5hi44d75-6457-2889-pmb8-36ro01238cw7,2026-07-11T14:31:13.214,validation,OK,pacs.008,SWIFT,291.46,SGD,**************5339,SG,84
5hi44d75-6457-2889-pmb8-36ro01238cw7,2026-07-11T14:31:13.430,aml,OK,pacs.008,SWIFT,291.46,SGD,**************5339,SG,54
5hi44d75-6457-2889-pmb8-36ro01238cw7,2026-07-11T14:31:13.526,payment-hub,OK,pacs.008,SWIFT,291.46,SGD,**************5339,SG,68
5hi44d75-6457-2889-pmb8-36ro01238cw7,2026-07-11T14:31:13.729,core-banking,OK,pacs.008,SWIFT,291.46,SGD,**************5339,SG,165
5hi44d75-6457-2889-pmb8-36ro01238cw7,2026-07-11T14:31:13.946,settlement,SETTLED,pacs.008,SWIFT,291.46,SGD,**************5339,SG,115
6ak48j82-2649-3727-nkn1-15pd18216ij4,2026-07-12T00:11:04.060,gateway,OK,MT103,FAST,106.76,MYR,**************5743,IN,38
6ak48j82-2649-3727-nkn1-15pd18216ij4,2026-07-12T00:11:04.291,auth,OK,MT103,FAST,106.76,MYR,**************5743,IN,38
6ak48j82-2649-3727-nkn1-15pd18216ij4,2026-07-12T00:11:04.345,validation,OK,MT103,FAST,106.76,MYR,**************5743,IN,59
6ak48j82-2649-3727-nkn1-15pd18216ij4,2026-07-12T00:11:04.496,aml,TIMEOUT,MT103,FAST,106.76,MYR,**************5743,IN,30000
6ak48j82-2649-3727-nkn1-15pd18216ij4,2026-07-12T00:11:04.559,payment-hub,FAILED,MT103,FAST,106.76,MYR,**************5743,IN,139
9ny21u61-6686-0946-tea2-76gk39107zq4,2026-07-04T12:34:48.372,gateway,OK,0200,SWIFT,178.44,EUR,**************4997,SG,58
9ny21u61-6686-0946-tea2-76gk39107zq4,2026-07-04T12:34:48.571,auth,OK,0200,SWIFT,178.44,EUR,**************4997,SG,86
9ny21u61-6686-0946-tea2-76gk39107zq4,2026-07-04T12:34:48.624,validation,OK,0200,SWIFT,178.44,EUR,**************4997,SG,94
9ny21u61-6686-0946-tea2-76gk39107zq4,2026-07-04T12:34:48.713,aml,OK,0200,SWIFT,178.44,EUR,**************4997,SG,122
9ny21u61-6686-0946-tea2-76gk39107zq4,2026-07-04T12:34:48.797,payment-hub,OK,0200,SWIFT,178.44,EUR,**************4997,SG,75
9ny21u61-6686-0946-tea2-76gk39107zq4,2026-07-04T12:34:48.927,core-banking,OK,0200,SWIFT,178.44,EUR,**************4997,SG,103
9ny21u61-6686-0946-tea2-76gk39107zq4,2026-07-04T12:34:49.123,settlement,SETTLED,0200,SWIFT,178.44,EUR,**************4997,SG,384
2st99f56-3713-1002-bsk2-18yw44080jc0,2026-07-09T07:14:34.750,gateway,OK,MT103,FAST,208.6,SGD,**************1644,SG,27
2st99f56-3713-1002-bsk2-18yw44080jc0,2026-07-09T07:14:34.842,auth,OK,MT103,FAST,208.6,SGD,**************1644,SG,34
2st99f56-3713-1002-bsk2-18yw44080jc0,2026-07-09T07:14:34.895,validation,OK,MT103,FAST,208.6,SGD,**************1644,SG,48
2st99f56-3713-1002-bsk2-18yw44080jc0,2026-07-09T07:14:35.043,aml,OK,MT103,FAST,208.6,SGD,**************1644,SG,205
2st99f56-3713-1002-bsk2-18yw44080jc0,2026-07-09T07:14:35.121,payment-hub,OK,MT103,FAST,208.6,SGD,**************1644,SG,66
2st99f56-3713-1002-bsk2-18yw44080jc0,2026-07-09T07:14:35.180,core-banking,OK,MT103,FAST,208.6,SGD,**************1644,SG,144
2st99f56-3713-1002-bsk2-18yw44080jc0,2026-07-09T07:14:35.229,settlement,SETTLED,MT103,FAST,208.6,SGD,**************1644,SG,106
4ay05a27-0479-3954-pit9-67us42149gt0,2026-07-14T13:47:46.736,gateway,OK,pacs.008,SWIFT,537.63,EUR,**************5991,HK,31
4ay05a27-0479-3954-pit9-67us42149gt0,2026-07-14T13:47:46.876,auth,OK,pacs.008,SWIFT,537.63,EUR,**************5991,HK,59
4ay05a27-0479-3954-pit9-67us42149gt0,2026-07-14T13:47:46.957,validation,OK,pacs.008,SWIFT,537.63,EUR,**************5991,HK,65
4ay05a27-0479-3954-pit9-67us42149gt0,2026-07-14T13:47:47.018,aml,OK,pacs.008,SWIFT,537.63,EUR,**************5991,HK,252
4ay05a27-0479-3954-pit9-67us42149gt0,2026-07-14T13:47:47.062,payment-hub,OK,pacs.008,SWIFT,537.63,EUR,**************5991,HK,115
4ay05a27-0479-3954-pit9-67us42149gt0,2026-07-14T13:47:47.166,core-banking,OK,pacs.008,SWIFT,537.63,EUR,**************5991,HK,50
4ay05a27-0479-3954-pit9-67us42149gt0,2026-07-14T13:47:47.255,settlement,SETTLED,pacs.008,SWIFT,537.63,EUR,**************5991,HK,393
3az62c28-6712-1418-tlc9-29ys06206ii2,2026-07-10T09:55:53.589,gateway,OK,MT103,FAST,83.09,SGD,**************8324,SG,25
3az62c28-6712-1418-tlc9-29ys06206ii2,2026-07-10T09:55:53.905,auth,OK,MT103,FAST,83.09,SGD,**************8324,SG,31
3az62c28-6712-1418-tlc9-29ys06206ii2,2026-07-10T09:55:53.967,validation,OK,MT103,FAST,83.09,SGD,**************8324,SG,30
3az62c28-6712-1418-tlc9-29ys06206ii2,2026-07-10T09:56:23.997,aml,OK,MT103,FAST,83.09,SGD,**************8324,SG,57
3az62c28-6712-1418-tlc9-29ys06206ii2,2026-07-10T09:56:24.170,payment-hub,OK,MT103,FAST,83.09,SGD,**************8324,SG,77
3az62c28-6712-1418-tlc9-29ys06206ii2,2026-07-10T09:56:24.232,core-banking,OK,MT103,FAST,83.09,SGD,**************8324,SG,156
3az62c28-6712-1418-tlc9-29ys06206ii2,2026-07-10T09:56:24.292,settlement,SETTLED,MT103,FAST,83.09,SGD,**************8324,SG,282
7zh51g71-4813-9336-qlj1-45ha99340gy2,2026-07-09T05:53:32.848,gateway,OK,pacs.008,FAST,3197.15,USD,**************2941,US,45
7zh51g71-4813-9336-qlj1-45ha99340gy2,2026-07-09T05:53:32.950,auth,OK,pacs.008,FAST,3197.15,USD,**************2941,US,22
7zh51g71-4813-9336-qlj1-45ha99340gy2,2026-07-09T05:53:33.210,validation,OK,pacs.008,FAST,3197.15,USD,**************2941,US,49
7zh51g71-4813-9336-qlj1-45ha99340gy2,2026-07-09T05:53:33.273,aml,OK,pacs.008,FAST,3197.15,USD,**************2941,US,282
7zh51g71-4813-9336-qlj1-45ha99340gy2,2026-07-09T05:53:33.472,payment-hub,OK,pacs.008,FAST,3197.15,USD,**************2941,US,123
7zh51g71-4813-9336-qlj1-45ha99340gy2,2026-07-09T05:53:33.558,core-banking,OK,pacs.008,FAST,3197.15,USD,**************2941,US,58
7zh51g71-4813-9336-qlj1-45ha99340gy2,2026-07-09T05:53:33.636,settlement,SETTLED,pacs.008,FAST,3197.15,USD,**************2941,US,136
4ds30w62-0058-6170-bmv6-63rv13987gw2,2026-07-12T23:25:28.775,gateway,OK,MT103,FAST,252.28,MYR,**************6264,IN,47
4ds30w62-0058-6170-bmv6-63rv13987gw2,2026-07-12T23:25:28.886,auth,OK,MT103,FAST,252.28,MYR,**************6264,IN,84
4ds30w62-0058-6170-bmv6-63rv13987gw2,2026-07-12T23:25:28.977,validation,OK,MT103,FAST,252.28,MYR,**************6264,IN,119
4ds30w62-0058-6170-bmv6-63rv13987gw2,2026-07-12T23:25:29.079,aml,OK,MT103,FAST,252.28,MYR,**************6264,IN,161
4ds30w62-0058-6170-bmv6-63rv13987gw2,2026-07-12T23:25:29.135,payment-hub,OK,MT103,FAST,252.28,MYR,**************6264,IN,68
4ds30w62-0058-6170-bmv6-63rv13987gw2,2026-07-12T23:25:29.305,core-banking,OK,MT103,FAST,252.28,MYR,**************6264,IN,197
4ds30w62-0058-6170-bmv6-63rv13987gw2,2026-07-12T23:25:59.324,settlement,SETTLED,MT103,FAST,252.28,MYR,**************6264,IN,354
1wy17f92-2307-0564-tqr4-24yy31517ht2,2026-07-13T11:15:48.545,gateway,OK,0200,FAST,208.1,SGD,**************2109,SG,57
1wy17f92-2307-0564-tqr4-24yy31517ht2,2026-07-13T11:15:48.608,auth,OK,0200,FAST,208.1,SGD,**************2109,SG,67
1wy17f92-2307-0564-tqr4-24yy31517ht2,2026-07-13T11:15:48.691,validation,OK,0200,FAST,208.1,SGD,**************2109,SG,50
1wy17f92-2307-0564-tqr4-24yy31517ht2,2026-07-13T11:15:48.824,aml,OK,0200,FAST,208.1,SGD,**************2109,SG,158
1wy17f92-2307-0564-tqr4-24yy31517ht2,2026-07-13T11:15:48.930,payment-hub,OK,0200,FAST,208.1,SGD,**************2109,SG,37
1wy17f92-2307-0564-tqr4-24yy31517ht2,2026-07-13T11:15:49.128,core-banking,OK,0200,FAST,208.1,SGD,**************2109,SG,175
1wy17f92-2307-0564-tqr4-24yy31517ht2,2026-07-13T11:15:49.371,settlement,SETTLED,0200,FAST,208.1,SGD,**************2109,SG,191
5dc52q24-4893-4166-twq9-26mn24594pr5,2026-07-06T05:07:19.331,gateway,OK,pacs.008,FAST,479.45,SGD,**************9313,MY,55
5dc52q24-4893-4166-twq9-26mn24594pr5,2026-07-06T05:07:19.443,auth,OK,pacs.008,FAST,479.45,SGD,**************9313,MY,20
5dc52q24-4893-4166-twq9-26mn24594pr5,2026-07-06T05:07:19.564,validation,OK,pacs.008,FAST,479.45,SGD,**************9313,MY,110
5dc52q24-4893-4166-twq9-26mn24594pr5,2026-07-06T05:07:19.621,aml,OK,pacs.008,FAST,479.45,SGD,**************9313,MY,270
5dc52q24-4893-4166-twq9-26mn24594pr5,2026-07-06T05:07:19.676,payment-hub,OK,pacs.008,FAST,479.45,SGD,**************9313,MY,89
5dc52q24-4893-4166-twq9-26mn24594pr5,2026-07-06T05:07:19.830,core-banking,OK,pacs.008,FAST,479.45,SGD,**************9313,MY,75
5dc52q24-4893-4166-twq9-26mn24594pr5,2026-07-06T05:07:19.931,settlement,SETTLED,pacs.008,FAST,479.45,SGD,**************9313,MY,374
7hs04t55-3534-5751-hel2-52lr56295xw7,2026-07-05T02:29:22.761,gateway,OK,0200,CARDS,44.68,EUR,**************1151,SG,42
7hs04t55-3534-5751-hel2-52lr56295xw7,2026-07-05T02:29:22.818,auth,OK,0200,CARDS,44.68,EUR,**************1151,SG,58
7hs04t55-3534-5751-hel2-52lr56295xw7,2026-07-05T02:29:23.130,validation,OK,0200,CARDS,44.68,EUR,**************1151,SG,73
7hs04t55-3534-5751-hel2-52lr56295xw7,2026-07-05T02:29:23.187,aml,OK,0200,CARDS,44.68,EUR,**************1151,SG,58
7hs04t55-3534-5751-hel2-52lr56295xw7,2026-07-05T02:29:23.293,payment-hub,OK,0200,CARDS,44.68,EUR,**************1151,SG,121
7hs04t55-3534-5751-hel2-52lr56295xw7,2026-07-05T02:29:23.400,core-banking,OK,0200,CARDS,44.68,EUR,**************1151,SG,124
7hs04t55-3534-5751-hel2-52lr56295xw7,2026-07-05T02:29:23.454,settlement,SETTLED,0200,CARDS,44.68,EUR,**************1151,SG,347
2ln78e38-6764-8070-drl4-26pu78653cy4,2026-07-05T13:55:25.570,gateway,OK,pacs.008,SWIFT,477.56,GBP,**************2256,SG,31
2ln78e38-6764-8070-drl4-26pu78653cy4,2026-07-05T13:55:25.613,auth,OK,pacs.008,SWIFT,477.56,GBP,**************2256,SG,24
2ln78e38-6764-8070-drl4-26pu78653cy4,2026-07-05T13:55:25.824,validation,OK,pacs.008,SWIFT,477.56,GBP,**************2256,SG,71
2ln78e38-6764-8070-drl4-26pu78653cy4,2026-07-05T13:55:26.075,aml,OK,pacs.008,SWIFT,477.56,GBP,**************2256,SG,207
2ln78e38-6764-8070-drl4-26pu78653cy4,2026-07-05T13:55:26.103,payment-hub,OK,pacs.008,SWIFT,477.56,GBP,**************2256,SG,91
2ln78e38-6764-8070-drl4-26pu78653cy4,2026-07-05T13:55:26.222,core-banking,OK,pacs.008,SWIFT,477.56,GBP,**************2256,SG,183
2ln78e38-6764-8070-drl4-26pu78653cy4,2026-07-05T13:55:26.282,settlement,SETTLED,pacs.008,SWIFT,477.56,GBP,**************2256,SG,174
9kb66k50-9279-6195-plj3-63sm71447cr9,2026-07-05T05:44:52.761,gateway,OK,0200,FAST,5303.89,SGD,**************9771,GB,52
9kb66k50-9279-6195-plj3-63sm71447cr9,2026-07-05T05:44:52.838,auth,OK,0200,FAST,5303.89,SGD,**************9771,GB,34
9kb66k50-9279-6195-plj3-63sm71447cr9,2026-07-05T05:44:53.112,validation,OK,0200,FAST,5303.89,SGD,**************9771,GB,65
9kb66k50-9279-6195-plj3-63sm71447cr9,2026-07-05T05:44:53.349,aml,OK,0200,FAST,5303.89,SGD,**************9771,GB,203
9kb66k50-9279-6195-plj3-63sm71447cr9,2026-07-05T05:44:53.449,payment-hub,OK,0200,FAST,5303.89,SGD,**************9771,GB,72
9kb66k50-9279-6195-plj3-63sm71447cr9,2026-07-05T05:44:53.504,core-banking,OK,0200,FAST,5303.89,SGD,**************9771,GB,101
9kb66k50-9279-6195-plj3-63sm71447cr9,2026-07-05T05:44:53.576,settlement,SETTLED,0200,FAST,5303.89,SGD,**************9771,GB,332
0bx01j66-3504-5092-nev8-68zr78428rj3,2026-07-14T07:37:13.027,gateway,OK,MT103,FAST,727.71,MYR,**************4683,IN,17
0bx01j66-3504-5092-nev8-68zr78428rj3,2026-07-14T07:37:13.111,auth,OK,MT103,FAST,727.71,MYR,**************4683,IN,70
0bx01j66-3504-5092-nev8-68zr78428rj3,2026-07-14T07:37:13.250,validation,OK,MT103,FAST,727.71,MYR,**************4683,IN,34
0bx01j66-3504-5092-nev8-68zr78428rj3,2026-07-14T07:37:13.536,aml,OK,MT103,FAST,727.71,MYR,**************4683,IN,238
0bx01j66-3504-5092-nev8-68zr78428rj3,2026-07-14T07:37:13.653,payment-hub,OK,MT103,FAST,727.71,MYR,**************4683,IN,63
0bx01j66-3504-5092-nev8-68zr78428rj3,2026-07-14T07:37:13.716,core-banking,OK,MT103,FAST,727.71,MYR,**************4683,IN,119
0bx01j66-3504-5092-nev8-68zr78428rj3,2026-07-14T07:37:13.794,settlement,SETTLED,MT103,FAST,727.71,MYR,**************4683,IN,187
6zn37q34-0559-3475-dim2-60jn79073fe5,2026-07-11T11:02:25.967,gateway,OK,0200,SWIFT,526.82,SGD,**************5217,US,24
6zn37q34-0559-3475-dim2-60jn79073fe5,2026-07-11T11:02:26.242,auth,OK,0200,SWIFT,526.82,SGD,**************5217,US,35
6zn37q34-0559-3475-dim2-60jn79073fe5,2026-07-11T11:02:26.283,validation,REJECTED,0200,SWIFT,526.82,SGD,**************5217,US,34
8uc22j50-3119-3838-gke6-69nf00535vd8,2026-07-06T01:33:45.811,gateway,OK,pacs.008,FAST,125.5,MYR,**************8914,SG,35
8uc22j50-3119-3838-gke6-69nf00535vd8,2026-07-06T01:33:45.881,auth,OK,pacs.008,FAST,125.5,MYR,**************8914,SG,84
8uc22j50-3119-3838-gke6-69nf00535vd8,2026-07-06T01:33:45.961,validation,OK,pacs.008,FAST,125.5,MYR,**************8914,SG,65
8uc22j50-3119-3838-gke6-69nf00535vd8,2026-07-06T01:33:46.164,aml,OK,pacs.008,FAST,125.5,MYR,**************8914,SG,177
8uc22j50-3119-3838-gke6-69nf00535vd8,2026-07-06T01:33:46.264,payment-hub,OK,pacs.008,FAST,125.5,MYR,**************8914,SG,93
8uc22j50-3119-3838-gke6-69nf00535vd8,2026-07-06T01:33:46.395,core-banking,OK,pacs.008,FAST,125.5,MYR,**************8914,SG,53
8uc22j50-3119-3838-gke6-69nf00535vd8,2026-07-06T01:33:46.529,settlement,SETTLED,pacs.008,FAST,125.5,MYR,**************8914,SG,369
9pe40f97-2626-7887-ouo5-38th77860az1,2026-07-07T07:09:35.431,gateway,OK,MT103,SWIFT,1900.29,MYR,**************1125,SG,31
9pe40f97-2626-7887-ouo5-38th77860az1,2026-07-07T07:09:35.579,auth,OK,MT103,SWIFT,1900.29,MYR,**************1125,SG,43
9pe40f97-2626-7887-ouo5-38th77860az1,2026-07-07T07:09:35.669,validation,OK,MT103,SWIFT,1900.29,MYR,**************1125,SG,38
9pe40f97-2626-7887-ouo5-38th77860az1,2026-07-07T07:09:35.751,aml,OK,MT103,SWIFT,1900.29,MYR,**************1125,SG,72
9pe40f97-2626-7887-ouo5-38th77860az1,2026-07-07T07:09:35.967,payment-hub,OK,MT103,SWIFT,1900.29,MYR,**************1125,SG,58
9pe40f97-2626-7887-ouo5-38th77860az1,2026-07-07T07:09:36.031,core-banking,OK,MT103,SWIFT,1900.29,MYR,**************1125,SG,179
9pe40f97-2626-7887-ouo5-38th77860az1,2026-07-07T07:09:36.123,settlement,SETTLED,MT103,SWIFT,1900.29,MYR,**************1125,SG,77
5bt02u81-8523-8220-cly3-99rv94690du8,2026-07-10T05:28:00.796,gateway,OK,pacs.008,FAST,182.77,SGD,**************1197,IN,51
5bt02u81-8523-8220-cly3-99rv94690du8,2026-07-10T05:28:01.082,auth,OK,pacs.008,FAST,182.77,SGD,**************1197,IN,24
5bt02u81-8523-8220-cly3-99rv94690du8,2026-07-10T05:28:01.130,validation,OK,pacs.008,FAST,182.77,SGD,**************1197,IN,101
5bt02u81-8523-8220-cly3-99rv94690du8,2026-07-10T05:28:01.228,aml,OK,pacs.008,FAST,182.77,SGD,**************1197,IN,249
5bt02u81-8523-8220-cly3-99rv94690du8,2026-07-10T05:28:01.314,payment-hub,OK,pacs.008,FAST,182.77,SGD,**************1197,IN,86
5bt02u81-8523-8220-cly3-99rv94690du8,2026-07-10T05:28:01.412,core-banking,OK,pacs.008,FAST,182.77,SGD,**************1197,IN,50
5bt02u81-8523-8220-cly3-99rv94690du8,2026-07-10T05:28:01.482,settlement,SETTLED,pacs.008,FAST,182.77,SGD,**************1197,IN,295
8co13f00-6272-4855-mhu1-28lj81281te0,2026-07-13T18:40:58.200,gateway,OK,MT103,CARDS,206.7,SGD,**************9758,HK,52
8co13f00-6272-4855-mhu1-28lj81281te0,2026-07-13T18:40:58.330,auth,OK,MT103,CARDS,206.7,SGD,**************9758,HK,76
8co13f00-6272-4855-mhu1-28lj81281te0,2026-07-13T18:40:58.402,validation,OK,MT103,CARDS,206.7,SGD,**************9758,HK,70
8co13f00-6272-4855-mhu1-28lj81281te0,2026-07-13T18:40:58.444,aml,TIMEOUT,MT103,CARDS,206.7,SGD,**************9758,HK,30000
8co13f00-6272-4855-mhu1-28lj81281te0,2026-07-13T18:40:58.564,payment-hub,FAILED,MT103,CARDS,206.7,SGD,**************9758,HK,71
7qv69c41-9992-3652-kwa2-36xp17249dm7,2026-07-02T11:41:35.800,gateway,OK,0200,FAST,190.75,SGD,**************9742,GB,52
7qv69c41-9992-3652-kwa2-36xp17249dm7,2026-07-02T11:41:35.889,auth,OK,0200,FAST,190.75,SGD,**************9742,GB,89
7qv69c41-9992-3652-kwa2-36xp17249dm7,2026-07-02T11:41:36.165,validation,OK,0200,FAST,190.75,SGD,**************9742,GB,67
7qv69c41-9992-3652-kwa2-36xp17249dm7,2026-07-02T11:41:36.272,aml,OK,0200,FAST,190.75,SGD,**************9742,GB,202
7qv69c41-9992-3652-kwa2-36xp17249dm7,2026-07-02T11:41:36.418,payment-hub,OK,0200,FAST,190.75,SGD,**************9742,GB,140
7qv69c41-9992-3652-kwa2-36xp17249dm7,2026-07-02T11:41:36.487,core-banking,OK,0200,FAST,190.75,SGD,**************9742,GB,164
7qv69c41-9992-3652-kwa2-36xp17249dm7,2026-07-02T11:41:36.603,settlement,SETTLED,0200,FAST,190.75,SGD,**************9742,GB,180
4qj45y63-0261-4088-csn1-19az50031ys6,2026-07-04T00:25:35.918,gateway,OK,pacs.008,FAST,248.86,SGD,**************3009,GB,26
4qj45y63-0261-4088-csn1-19az50031ys6,2026-07-04T00:25:36.128,auth,OK,pacs.008,FAST,248.86,SGD,**************3009,GB,85
4qj45y63-0261-4088-csn1-19az50031ys6,2026-07-04T00:25:36.177,validation,OK,pacs.008,FAST,248.86,SGD,**************3009,GB,45
4qj45y63-0261-4088-csn1-19az50031ys6,2026-07-04T00:25:36.253,aml,OK,pacs.008,FAST,248.86,SGD,**************3009,GB,253
4qj45y63-0261-4088-csn1-19az50031ys6,2026-07-04T00:25:36.385,payment-hub,OK,pacs.008,FAST,248.86,SGD,**************3009,GB,101
4qj45y63-0261-4088-csn1-19az50031ys6,2026-07-04T00:25:36.463,core-banking,OK,pacs.008,FAST,248.86,SGD,**************3009,GB,77
4qj45y63-0261-4088-csn1-19az50031ys6,2026-07-04T00:25:36.585,settlement,SETTLED,pacs.008,FAST,248.86,SGD,**************3009,GB,390
9wz19n78-7178-2911-ohf7-00dq97122cr7,2026-07-13T09:07:36.842,gateway,OK,MT103,FAST,2317.14,SGD,**************8005,SG,16
9wz19n78-7178-2911-ohf7-00dq97122cr7,2026-07-13T09:07:36.951,auth,OK,MT103,FAST,2317.14,SGD,**************8005,SG,24
9wz19n78-7178-2911-ohf7-00dq97122cr7,2026-07-13T09:07:37.194,validation,OK,MT103,FAST,2317.14,SGD,**************8005,SG,61
9wz19n78-7178-2911-ohf7-00dq97122cr7,2026-07-13T09:07:37.313,aml,OK,MT103,FAST,2317.14,SGD,**************8005,SG,84
9wz19n78-7178-2911-ohf7-00dq97122cr7,2026-07-13T09:07:37.470,payment-hub,OK,MT103,FAST,2317.14,SGD,**************8005,SG,126
9wz19n78-7178-2911-ohf7-00dq97122cr7,2026-07-13T09:07:37.528,core-banking,OK,MT103,FAST,2317.14,SGD,**************8005,SG,85
9wz19n78-7178-2911-ohf7-00dq97122cr7,2026-07-13T09:07:37.640,settlement,SETTLED,MT103,FAST,2317.14,SGD,**************8005,SG,172
4mt91h36-9016-5573-nhb2-26cq31620cs6,2026-07-04T02:32:15.185,gateway,OK,MT103,SWIFT,329.25,INR,**************5455,US,58
4mt91h36-9016-5573-nhb2-26cq31620cs6,2026-07-04T02:32:15.350,auth,OK,MT103,SWIFT,329.25,INR,**************5455,US,74
4mt91h36-9016-5573-nhb2-26cq31620cs6,2026-07-04T02:32:15.448,validation,OK,MT103,SWIFT,329.25,INR,**************5455,US,94
4mt91h36-9016-5573-nhb2-26cq31620cs6,2026-07-04T02:32:15.666,aml,OK,MT103,SWIFT,329.25,INR,**************5455,US,247
4mt91h36-9016-5573-nhb2-26cq31620cs6,2026-07-04T02:32:15.898,payment-hub,OK,MT103,SWIFT,329.25,INR,**************5455,US,34
4mt91h36-9016-5573-nhb2-26cq31620cs6,2026-07-04T02:32:16.024,core-banking,OK,MT103,SWIFT,329.25,INR,**************5455,US,154
4mt91h36-9016-5573-nhb2-26cq31620cs6,2026-07-04T02:32:16.071,settlement,SETTLED,MT103,SWIFT,329.25,INR,**************5455,US,61
9uj61o70-2919-1808-drq9-59jk56757bh1,2026-07-02T00:08:55.450,gateway,OK,pacs.008,CARDS,283.97,SGD,**************1314,SG,23
9uj61o70-2919-1808-drq9-59jk56757bh1,2026-07-02T00:08:55.520,auth,OK,pacs.008,CARDS,283.97,SGD,**************1314,SG,83
9uj61o70-2919-1808-drq9-59jk56757bh1,2026-07-02T00:08:55.627,validation,OK,pacs.008,CARDS,283.97,SGD,**************1314,SG,35
9uj61o70-2919-1808-drq9-59jk56757bh1,2026-07-02T00:08:55.776,aml,OK,pacs.008,CARDS,283.97,SGD,**************1314,SG,209
9uj61o70-2919-1808-drq9-59jk56757bh1,2026-07-02T00:08:55.933,payment-hub,OK,pacs.008,CARDS,283.97,SGD,**************1314,SG,55
9uj61o70-2919-1808-drq9-59jk56757bh1,2026-07-02T00:08:56.051,core-banking,OK,pacs.008,CARDS,283.97,SGD,**************1314,SG,201
9uj61o70-2919-1808-drq9-59jk56757bh1,2026-07-02T00:09:26.058,settlement,SETTLED,pacs.008,CARDS,283.97,SGD,**************1314,SG,131
6ja66a97-4213-6808-jqj7-82ce12310jg7,2026-07-06T21:38:10.360,gateway,OK,pacs.008,SWIFT,1350.42,SGD,**************3608,MY,47
6ja66a97-4213-6808-jqj7-82ce12310jg7,2026-07-06T21:38:10.593,auth,OK,pacs.008,SWIFT,1350.42,SGD,**************3608,MY,57
6ja66a97-4213-6808-jqj7-82ce12310jg7,2026-07-06T21:38:10.708,validation,OK,pacs.008,SWIFT,1350.42,SGD,**************3608,MY,51
6ja66a97-4213-6808-jqj7-82ce12310jg7,2026-07-06T21:38:10.895,aml,OK,pacs.008,SWIFT,1350.42,SGD,**************3608,MY,248
6ja66a97-4213-6808-jqj7-82ce12310jg7,2026-07-06T21:38:10.963,payment-hub,OK,pacs.008,SWIFT,1350.42,SGD,**************3608,MY,63
6ja66a97-4213-6808-jqj7-82ce12310jg7,2026-07-06T21:38:10.986,core-banking,OK,pacs.008,SWIFT,1350.42,SGD,**************3608,MY,203
6ja66a97-4213-6808-jqj7-82ce12310jg7,2026-07-06T21:38:11.076,settlement,SETTLED,pacs.008,SWIFT,1350.42,SGD,**************3608,MY,191
2ss84b68-5709-6683-tvp2-41tf83997mu1,2026-07-12T06:56:08.495,gateway,OK,pacs.008,FAST,457.15,USD,**************2600,SG,33
2ss84b68-5709-6683-tvp2-41tf83997mu1,2026-07-12T06:56:08.691,auth,OK,pacs.008,FAST,457.15,USD,**************2600,SG,38
2ss84b68-5709-6683-tvp2-41tf83997mu1,2026-07-12T06:56:08.769,validation,OK,pacs.008,FAST,457.15,USD,**************2600,SG,68
2ss84b68-5709-6683-tvp2-41tf83997mu1,2026-07-12T06:56:08.856,aml,OK,pacs.008,FAST,457.15,USD,**************2600,SG,212
2ss84b68-5709-6683-tvp2-41tf83997mu1,2026-07-12T06:56:09.053,payment-hub,OK,pacs.008,FAST,457.15,USD,**************2600,SG,114
2ss84b68-5709-6683-tvp2-41tf83997mu1,2026-07-12T06:56:09.161,core-banking,OK,pacs.008,FAST,457.15,USD,**************2600,SG,139
2ss84b68-5709-6683-tvp2-41tf83997mu1,2026-07-12T06:56:09.205,settlement,SETTLED,pacs.008,FAST,457.15,USD,**************2600,SG,145
3bo93s82-9755-9800-uai8-66jh43785yb5,2026-07-05T11:01:18.930,gateway,OK,pacs.008,FAST,1401.62,SGD,**************3784,SG,55
3bo93s82-9755-9800-uai8-66jh43785yb5,2026-07-05T11:01:19.054,auth,OK,pacs.008,FAST,1401.62,SGD,**************3784,SG,57
3bo93s82-9755-9800-uai8-66jh43785yb5,2026-07-05T11:01:19.133,validation,REJECTED,pacs.008,FAST,1401.62,SGD,**************3784,SG,97
3pw91v35-5428-1733-cpb7-46gu15152dn2,2026-07-02T04:40:19.300,gateway,OK,pacs.008,FAST,9561.3,USD,**************2855,IN,47
3pw91v35-5428-1733-cpb7-46gu15152dn2,2026-07-02T04:40:19.463,auth,OK,pacs.008,FAST,9561.3,USD,**************2855,IN,64
3pw91v35-5428-1733-cpb7-46gu15152dn2,2026-07-02T04:40:19.692,validation,OK,pacs.008,FAST,9561.3,USD,**************2855,IN,34
3pw91v35-5428-1733-cpb7-46gu15152dn2,2026-07-02T04:40:19.756,aml,OK,pacs.008,FAST,9561.3,USD,**************2855,IN,228
3pw91v35-5428-1733-cpb7-46gu15152dn2,2026-07-02T04:40:19.850,payment-hub,OK,pacs.008,FAST,9561.3,USD,**************2855,IN,47
3pw91v35-5428-1733-cpb7-46gu15152dn2,2026-07-02T04:40:20.146,core-banking,OK,pacs.008,FAST,9561.3,USD,**************2855,IN,122
3pw91v35-5428-1733-cpb7-46gu15152dn2,2026-07-02T04:40:20.401,settlement,SETTLED,pacs.008,FAST,9561.3,USD,**************2855,IN,334
7oy99e06-2770-5338-nax1-21ct63499gj7,2026-07-12T01:18:43.709,gateway,OK,pacs.008,FAST,2816.05,SGD,**************6526,HK,45
7oy99e06-2770-5338-nax1-21ct63499gj7,2026-07-12T01:18:43.853,auth,OK,pacs.008,FAST,2816.05,SGD,**************6526,HK,86
7oy99e06-2770-5338-nax1-21ct63499gj7,2026-07-12T01:18:43.902,validation,OK,pacs.008,FAST,2816.05,SGD,**************6526,HK,83
7oy99e06-2770-5338-nax1-21ct63499gj7,2026-07-12T01:18:44.022,aml,OK,pacs.008,FAST,2816.05,SGD,**************6526,HK,212
7oy99e06-2770-5338-nax1-21ct63499gj7,2026-07-12T01:18:44.054,payment-hub,OK,pacs.008,FAST,2816.05,SGD,**************6526,HK,93
7oy99e06-2770-5338-nax1-21ct63499gj7,2026-07-12T01:18:44.114,core-banking,OK,pacs.008,FAST,2816.05,SGD,**************6526,HK,131
7oy99e06-2770-5338-nax1-21ct63499gj7,2026-07-12T01:18:44.226,settlement,SETTLED,pacs.008,FAST,2816.05,SGD,**************6526,HK,93
0dj15l80-3764-3222-zpq4-64ev94699wm3,2026-07-10T01:24:00.486,gateway,OK,pacs.008,SWIFT,756.36,MYR,**************7125,SG,34
0dj15l80-3764-3222-zpq4-64ev94699wm3,2026-07-10T01:24:00.708,auth,OK,pacs.008,SWIFT,756.36,MYR,**************7125,SG,46
0dj15l80-3764-3222-zpq4-64ev94699wm3,2026-07-10T01:24:00.863,validation,OK,pacs.008,SWIFT,756.36,MYR,**************7125,SG,53
0dj15l80-3764-3222-zpq4-64ev94699wm3,2026-07-10T01:24:00.905,aml,TIMEOUT,pacs.008,SWIFT,756.36,MYR,**************7125,SG,30000
0dj15l80-3764-3222-zpq4-64ev94699wm3,2026-07-10T01:24:01.040,payment-hub,FAILED,pacs.008,SWIFT,756.36,MYR,**************7125,SG,55
6vj84n61-1829-6564-qfl5-70ht11436cj8,2026-07-14T11:35:11.499,gateway,OK,pacs.008,FAST,320.55,INR,**************5667,HK,45
6vj84n61-1829-6564-qfl5-70ht11436cj8,2026-07-14T11:35:11.658,auth,OK,pacs.008,FAST,320.55,INR,**************5667,HK,42
6vj84n61-1829-6564-qfl5-70ht11436cj8,2026-07-14T11:35:11.812,validation,OK,pacs.008,FAST,320.55,INR,**************5667,HK,66
6vj84n61-1829-6564-qfl5-70ht11436cj8,2026-07-14T11:35:11.950,aml,OK,pacs.008,FAST,320.55,INR,**************5667,HK,214
6vj84n61-1829-6564-qfl5-70ht11436cj8,2026-07-14T11:35:11.987,payment-hub,OK,pacs.008,FAST,320.55,INR,**************5667,HK,84
6vj84n61-1829-6564-qfl5-70ht11436cj8,2026-07-14T11:35:12.041,core-banking,OK,pacs.008,FAST,320.55,INR,**************5667,HK,75
6vj84n61-1829-6564-qfl5-70ht11436cj8,2026-07-14T11:35:12.116,settlement,SETTLED,pacs.008,FAST,320.55,INR,**************5667,HK,106
9ui05w20-8385-3574-ziq8-64pu20085pd0,2026-07-05T17:00:51.869,gateway,OK,pacs.008,SWIFT,1106.84,SGD,**************6058,US,27
9ui05w20-8385-3574-ziq8-64pu20085pd0,2026-07-05T17:00:51.910,auth,OK,pacs.008,SWIFT,1106.84,SGD,**************6058,US,79
9ui05w20-8385-3574-ziq8-64pu20085pd0,2026-07-05T17:00:51.993,validation,OK,pacs.008,SWIFT,1106.84,SGD,**************6058,US,94
9ui05w20-8385-3574-ziq8-64pu20085pd0,2026-07-05T17:00:52.031,aml,OK,pacs.008,SWIFT,1106.84,SGD,**************6058,US,265
9ui05w20-8385-3574-ziq8-64pu20085pd0,2026-07-05T17:00:52.133,payment-hub,OK,pacs.008,SWIFT,1106.84,SGD,**************6058,US,129
9ui05w20-8385-3574-ziq8-64pu20085pd0,2026-07-05T17:00:52.234,core-banking,OK,pacs.008,SWIFT,1106.84,SGD,**************6058,US,127
9ui05w20-8385-3574-ziq8-64pu20085pd0,2026-07-05T17:00:52.305,settlement,SETTLED,pacs.008,SWIFT,1106.84,SGD,**************6058,US,114
4lb43o72-5739-5137-pes4-00yd09161di6,2026-07-01T09:48:22.521,gateway,OK,pacs.008,FAST,1104.68,EUR,**************9766,MY,18
4lb43o72-5739-5137-pes4-00yd09161di6,2026-07-01T09:48:22.765,auth,OK,pacs.008,FAST,1104.68,EUR,**************9766,MY,52
4lb43o72-5739-5137-pes4-00yd09161di6,2026-07-01T09:48:22.903,validation,OK,pacs.008,FAST,1104.68,EUR,**************9766,MY,29
4lb43o72-5739-5137-pes4-00yd09161di6,2026-07-01T09:48:23.102,aml,OK,pacs.008,FAST,1104.68,EUR,**************9766,MY,233
4lb43o72-5739-5137-pes4-00yd09161di6,2026-07-01T09:48:23.204,payment-hub,OK,pacs.008,FAST,1104.68,EUR,**************9766,MY,141
4lb43o72-5739-5137-pes4-00yd09161di6,2026-07-01T09:48:23.311,core-banking,OK,pacs.008,FAST,1104.68,EUR,**************9766,MY,209
4lb43o72-5739-5137-pes4-00yd09161di6,2026-07-01T09:48:23.535,settlement,SETTLED,pacs.008,FAST,1104.68,EUR,**************9766,MY,258
9ev17q36-5996-7718-oka3-85xw83091tu2,2026-07-09T05:04:43.460,gateway,OK,pacs.008,FAST,1295.87,MYR,**************8926,HK,48
9ev17q36-5996-7718-oka3-85xw83091tu2,2026-07-09T05:04:43.530,auth,OK,pacs.008,FAST,1295.87,MYR,**************8926,HK,90
9ev17q36-5996-7718-oka3-85xw83091tu2,2026-07-09T05:04:43.607,validation,OK,pacs.008,FAST,1295.87,MYR,**************8926,HK,96
9ev17q36-5996-7718-oka3-85xw83091tu2,2026-07-09T05:04:43.860,aml,OK,pacs.008,FAST,1295.87,MYR,**************8926,HK,88
9ev17q36-5996-7718-oka3-85xw83091tu2,2026-07-09T05:04:43.918,payment-hub,OK,pacs.008,FAST,1295.87,MYR,**************8926,HK,47
9ev17q36-5996-7718-oka3-85xw83091tu2,2026-07-09T05:04:44.095,core-banking,OK,pacs.008,FAST,1295.87,MYR,**************8926,HK,73
9ev17q36-5996-7718-oka3-85xw83091tu2,2026-07-09T05:04:44.328,settlement,SETTLED,pacs.008,FAST,1295.87,MYR,**************8926,HK,139
8bz26m59-7727-9747-dkd0-08pl45065ha9,2026-07-02T18:30:01.076,gateway,OK,MT103,CARDS,110.62,USD,**************2539,GB,60
8bz26m59-7727-9747-dkd0-08pl45065ha9,2026-07-02T18:30:01.180,auth,OK,MT103,CARDS,110.62,USD,**************2539,GB,65
8bz26m59-7727-9747-dkd0-08pl45065ha9,2026-07-02T18:30:01.229,validation,OK,MT103,CARDS,110.62,USD,**************2539,GB,100
8bz26m59-7727-9747-dkd0-08pl45065ha9,2026-07-02T18:30:01.319,aml,OK,MT103,CARDS,110.62,USD,**************2539,GB,71
8bz26m59-7727-9747-dkd0-08pl45065ha9,2026-07-02T18:30:01.375,payment-hub,OK,MT103,CARDS,110.62,USD,**************2539,GB,112
8bz26m59-7727-9747-dkd0-08pl45065ha9,2026-07-02T18:30:01.535,core-banking,OK,MT103,CARDS,110.62,USD,**************2539,GB,148
8bz26m59-7727-9747-dkd0-08pl45065ha9,2026-07-02T18:30:01.606,settlement,SETTLED,MT103,CARDS,110.62,USD,**************2539,GB,98
8vt20l59-0262-5522-mmn1-94hl44309fk3,2026-07-02T09:51:19.662,gateway,OK,pacs.008,SWIFT,1158.98,MYR,**************5011,US,39
8vt20l59-0262-5522-mmn1-94hl44309fk3,2026-07-02T09:51:19.812,auth,OK,pacs.008,SWIFT,1158.98,MYR,**************5011,US,35
8vt20l59-0262-5522-mmn1-94hl44309fk3,2026-07-02T09:51:19.905,validation,OK,pacs.008,SWIFT,1158.98,MYR,**************5011,US,87
8vt20l59-0262-5522-mmn1-94hl44309fk3,2026-07-02T09:51:19.984,aml,OK,pacs.008,SWIFT,1158.98,MYR,**************5011,US,275
8vt20l59-0262-5522-mmn1-94hl44309fk3,2026-07-02T09:51:20.082,payment-hub,OK,pacs.008,SWIFT,1158.98,MYR,**************5011,US,77
8vt20l59-0262-5522-mmn1-94hl44309fk3,2026-07-02T09:51:20.118,core-banking,OK,pacs.008,SWIFT,1158.98,MYR,**************5011,US,244
8vt20l59-0262-5522-mmn1-94hl44309fk3,2026-07-02T09:51:20.267,settlement,SETTLED,pacs.008,SWIFT,1158.98,MYR,**************5011,US,86
3gl47u29-0468-7753-tzi7-67sv12539ei0,2026-07-11T08:08:47.088,gateway,OK,pacs.008,SWIFT,1750.96,SGD,**************3288,SG,23
3gl47u29-0468-7753-tzi7-67sv12539ei0,2026-07-11T08:08:47.167,auth,OK,pacs.008,SWIFT,1750.96,SGD,**************3288,SG,67
3gl47u29-0468-7753-tzi7-67sv12539ei0,2026-07-11T08:08:47.224,validation,OK,pacs.008,SWIFT,1750.96,SGD,**************3288,SG,36
3gl47u29-0468-7753-tzi7-67sv12539ei0,2026-07-11T08:08:47.536,aml,OK,pacs.008,SWIFT,1750.96,SGD,**************3288,SG,57
3gl47u29-0468-7753-tzi7-67sv12539ei0,2026-07-11T08:08:47.679,payment-hub,OK,pacs.008,SWIFT,1750.96,SGD,**************3288,SG,84
3gl47u29-0468-7753-tzi7-67sv12539ei0,2026-07-11T08:08:47.740,core-banking,OK,pacs.008,SWIFT,1750.96,SGD,**************3288,SG,218
3gl47u29-0468-7753-tzi7-67sv12539ei0,2026-07-11T08:08:47.768,settlement,SETTLED,pacs.008,SWIFT,1750.96,SGD,**************3288,SG,375
5yg99t19-5651-0083-eit8-62qv68063lq4,2026-07-04T13:37:28.586,gateway,OK,pacs.008,FAST,1467.4,GBP,**************8067,SG,48
5yg99t19-5651-0083-eit8-62qv68063lq4,2026-07-04T13:37:28.729,auth,OK,pacs.008,FAST,1467.4,GBP,**************8067,SG,84
5yg99t19-5651-0083-eit8-62qv68063lq4,2026-07-04T13:37:28.879,validation,OK,pacs.008,FAST,1467.4,GBP,**************8067,SG,60
5yg99t19-5651-0083-eit8-62qv68063lq4,2026-07-04T13:37:28.925,aml,OK,pacs.008,FAST,1467.4,GBP,**************8067,SG,112
5yg99t19-5651-0083-eit8-62qv68063lq4,2026-07-04T13:37:29.018,payment-hub,OK,pacs.008,FAST,1467.4,GBP,**************8067,SG,45
5yg99t19-5651-0083-eit8-62qv68063lq4,2026-07-04T13:37:29.136,core-banking,OK,pacs.008,FAST,1467.4,GBP,**************8067,SG,93
5yg99t19-5651-0083-eit8-62qv68063lq4,2026-07-04T13:37:29.234,settlement,SETTLED,pacs.008,FAST,1467.4,GBP,**************8067,SG,261
3ml06v05-8396-5441-pyx5-06qq80706zv4,2026-07-09T10:16:48.254,gateway,OK,pacs.008,FAST,956.14,USD,**************6132,SG,37
3ml06v05-8396-5441-pyx5-06qq80706zv4,2026-07-09T10:16:48.402,auth,OK,pacs.008,FAST,956.14,USD,**************6132,SG,31
3ml06v05-8396-5441-pyx5-06qq80706zv4,2026-07-09T10:16:48.683,validation,OK,pacs.008,FAST,956.14,USD,**************6132,SG,120
3ml06v05-8396-5441-pyx5-06qq80706zv4,2026-07-09T10:16:48.748,aml,OK,pacs.008,FAST,956.14,USD,**************6132,SG,278
3ml06v05-8396-5441-pyx5-06qq80706zv4,2026-07-09T10:16:48.863,payment-hub,OK,pacs.008,FAST,956.14,USD,**************6132,SG,83
3ml06v05-8396-5441-pyx5-06qq80706zv4,2026-07-09T10:16:48.927,core-banking,OK,pacs.008,FAST,956.14,USD,**************6132,SG,154
3ml06v05-8396-5441-pyx5-06qq80706zv4,2026-07-09T10:16:49.045,settlement,SETTLED,pacs.008,FAST,956.14,USD,**************6132,SG,272
1up41k07-6526-8090-gpa1-78dc07296wz1,2026-07-08T17:24:30.598,gateway,OK,pacs.008,FAST,636.6,SGD,**************1510,SG,17
1up41k07-6526-8090-gpa1-78dc07296wz1,2026-07-08T17:24:30.656,auth,OK,pacs.008,FAST,636.6,SGD,**************1510,SG,47
1up41k07-6526-8090-gpa1-78dc07296wz1,2026-07-08T17:24:30.714,validation,OK,pacs.008,FAST,636.6,SGD,**************1510,SG,78
1up41k07-6526-8090-gpa1-78dc07296wz1,2026-07-08T17:24:30.757,aml,OK,pacs.008,FAST,636.6,SGD,**************1510,SG,287
1up41k07-6526-8090-gpa1-78dc07296wz1,2026-07-08T17:24:30.814,payment-hub,OK,pacs.008,FAST,636.6,SGD,**************1510,SG,136
1up41k07-6526-8090-gpa1-78dc07296wz1,2026-07-08T17:24:30.902,core-banking,OK,pacs.008,FAST,636.6,SGD,**************1510,SG,189
1up41k07-6526-8090-gpa1-78dc07296wz1,2026-07-08T17:24:30.948,settlement,SETTLED,pacs.008,FAST,636.6,SGD,**************1510,SG,325
1wt95u88-6484-9129-uvx2-41dm49902zd8,2026-07-01T14:04:14.465,gateway,OK,pacs.008,FAST,590.51,USD,**************5163,MY,48
1wt95u88-6484-9129-uvx2-41dm49902zd8,2026-07-01T14:04:14.529,auth,OK,pacs.008,FAST,590.51,USD,**************5163,MY,68
1wt95u88-6484-9129-uvx2-41dm49902zd8,2026-07-01T14:04:14.788,validation,OK,pacs.008,FAST,590.51,USD,**************5163,MY,109
1wt95u88-6484-9129-uvx2-41dm49902zd8,2026-07-01T14:04:14.863,aml,OK,pacs.008,FAST,590.51,USD,**************5163,MY,267
1wt95u88-6484-9129-uvx2-41dm49902zd8,2026-07-01T14:04:14.925,payment-hub,OK,pacs.008,FAST,590.51,USD,**************5163,MY,114
1wt95u88-6484-9129-uvx2-41dm49902zd8,2026-07-01T14:04:14.962,core-banking,OK,pacs.008,FAST,590.51,USD,**************5163,MY,83
1wt95u88-6484-9129-uvx2-41dm49902zd8,2026-07-01T14:04:15.090,settlement,SETTLED,pacs.008,FAST,590.51,USD,**************5163,MY,353
6pi07p92-1127-1496-qsi4-69dn75419kd5,2026-07-05T02:09:57.045,gateway,OK,MT103,CARDS,286.72,MYR,**************8824,HK,59
6pi07p92-1127-1496-qsi4-69dn75419kd5,2026-07-05T02:09:57.200,auth,OK,MT103,CARDS,286.72,MYR,**************8824,HK,29
6pi07p92-1127-1496-qsi4-69dn75419kd5,2026-07-05T02:09:57.280,validation,OK,MT103,CARDS,286.72,MYR,**************8824,HK,102
6pi07p92-1127-1496-qsi4-69dn75419kd5,2026-07-05T02:09:57.369,aml,OK,MT103,CARDS,286.72,MYR,**************8824,HK,57
6pi07p92-1127-1496-qsi4-69dn75419kd5,2026-07-05T02:09:57.433,payment-hub,OK,MT103,CARDS,286.72,MYR,**************8824,HK,100
6pi07p92-1127-1496-qsi4-69dn75419kd5,2026-07-05T02:09:57.489,core-banking,OK,MT103,CARDS,286.72,MYR,**************8824,HK,174
6pi07p92-1127-1496-qsi4-69dn75419kd5,2026-07-05T02:09:57.675,settlement,SETTLED,MT103,CARDS,286.72,MYR,**************8824,HK,82
8ox43r15-2497-7495-emb1-48rm10214ce9,2026-07-14T08:08:21.479,gateway,OK,pacs.008,FAST,297.13,USD,**************4358,US,55
8ox43r15-2497-7495-emb1-48rm10214ce9,2026-07-14T08:08:21.576,auth,OK,pacs.008,FAST,297.13,USD,**************4358,US,37
8ox43r15-2497-7495-emb1-48rm10214ce9,2026-07-14T08:08:21.635,validation,OK,pacs.008,FAST,297.13,USD,**************4358,US,45
8ox43r15-2497-7495-emb1-48rm10214ce9,2026-07-14T08:08:21.741,aml,OK,pacs.008,FAST,297.13,USD,**************4358,US,131
8ox43r15-2497-7495-emb1-48rm10214ce9,2026-07-14T08:08:21.837,payment-hub,OK,pacs.008,FAST,297.13,USD,**************4358,US,134
8ox43r15-2497-7495-emb1-48rm10214ce9,2026-07-14T08:08:21.957,core-banking,OK,pacs.008,FAST,297.13,USD,**************4358,US,86
8ox43r15-2497-7495-emb1-48rm10214ce9,2026-07-14T08:08:22.011,settlement,SETTLED,pacs.008,FAST,297.13,USD,**************4358,US,86
9xs89n08-9809-0708-dry0-35tq40615gg1,2026-07-01T15:47:19.632,gateway,OK,pacs.008,FAST,252.7,MYR,**************2901,MY,44
9xs89n08-9809-0708-dry0-35tq40615gg1,2026-07-01T15:47:49.648,auth,OK,pacs.008,FAST,252.7,MYR,**************2901,MY,72
9xs89n08-9809-0708-dry0-35tq40615gg1,2026-07-01T15:47:49.690,validation,OK,pacs.008,FAST,252.7,MYR,**************2901,MY,117
9xs89n08-9809-0708-dry0-35tq40615gg1,2026-07-01T15:47:49.769,aml,OK,pacs.008,FAST,252.7,MYR,**************2901,MY,151
9xs89n08-9809-0708-dry0-35tq40615gg1,2026-07-01T15:47:49.810,payment-hub,OK,pacs.008,FAST,252.7,MYR,**************2901,MY,136
9xs89n08-9809-0708-dry0-35tq40615gg1,2026-07-01T15:47:49.858,core-banking,OK,pacs.008,FAST,252.7,MYR,**************2901,MY,177
9xs89n08-9809-0708-dry0-35tq40615gg1,2026-07-01T15:47:49.928,settlement,SETTLED,pacs.008,FAST,252.7,MYR,**************2901,MY,93
2vk33d15-1667-7905-rfq2-48lp43756oy0,2026-07-02T13:46:35.849,gateway,OK,pacs.008,SWIFT,931.09,GBP,**************1798,SG,23
2vk33d15-1667-7905-rfq2-48lp43756oy0,2026-07-02T13:46:35.887,auth,OK,pacs.008,SWIFT,931.09,GBP,**************1798,SG,88
2vk33d15-1667-7905-rfq2-48lp43756oy0,2026-07-02T13:46:35.939,validation,REJECTED,pacs.008,SWIFT,931.09,GBP,**************1798,SG,67
3py56h72-9835-2165-eta6-72nt48876qp9,2026-07-06T23:30:24.539,gateway,OK,MT103,FAST,238.33,USD,**************9201,SG,42
3py56h72-9835-2165-eta6-72nt48876qp9,2026-07-06T23:30:24.717,auth,OK,MT103,FAST,238.33,USD,**************9201,SG,25
3py56h72-9835-2165-eta6-72nt48876qp9,2026-07-06T23:30:24.798,validation,REJECTED,MT103,FAST,238.33,USD,**************9201,SG,30
8ka47k02-3264-9520-ixq3-25qs19516kd6,2026-07-13T19:26:09.707,gateway,OK,MT103,SWIFT,346.57,SGD,**************7854,HK,28
8ka47k02-3264-9520-ixq3-25qs19516kd6,2026-07-13T19:26:09.755,auth,OK,MT103,SWIFT,346.57,SGD,**************7854,HK,90
8ka47k02-3264-9520-ixq3-25qs19516kd6,2026-07-13T19:26:09.899,validation,OK,MT103,SWIFT,346.57,SGD,**************7854,HK,65
8ka47k02-3264-9520-ixq3-25qs19516kd6,2026-07-13T19:26:10.038,aml,OK,MT103,SWIFT,346.57,SGD,**************7854,HK,149
8ka47k02-3264-9520-ixq3-25qs19516kd6,2026-07-13T19:26:10.127,payment-hub,OK,MT103,SWIFT,346.57,SGD,**************7854,HK,115
8ka47k02-3264-9520-ixq3-25qs19516kd6,2026-07-13T19:26:10.211,core-banking,OK,MT103,SWIFT,346.57,SGD,**************7854,HK,171
8ka47k02-3264-9520-ixq3-25qs19516kd6,2026-07-13T19:26:10.310,settlement,SETTLED,MT103,SWIFT,346.57,SGD,**************7854,HK,277
1fz41q69-1947-2220-utw8-10nt81088tg6,2026-07-06T14:38:24.981,gateway,OK,MT103,FAST,1104.61,USD,**************8273,SG,31
1fz41q69-1947-2220-utw8-10nt81088tg6,2026-07-06T14:38:25.044,auth,OK,MT103,FAST,1104.61,USD,**************8273,SG,30
1fz41q69-1947-2220-utw8-10nt81088tg6,2026-07-06T14:38:25.159,validation,OK,MT103,FAST,1104.61,USD,**************8273,SG,51
1fz41q69-1947-2220-utw8-10nt81088tg6,2026-07-06T14:38:25.319,aml,OK,MT103,FAST,1104.61,USD,**************8273,SG,162
1fz41q69-1947-2220-utw8-10nt81088tg6,2026-07-06T14:38:25.497,payment-hub,OK,MT103,FAST,1104.61,USD,**************8273,SG,65
1fz41q69-1947-2220-utw8-10nt81088tg6,2026-07-06T14:38:25.605,core-banking,OK,MT103,FAST,1104.61,USD,**************8273,SG,83
1fz41q69-1947-2220-utw8-10nt81088tg6,2026-07-06T14:38:25.694,settlement,SETTLED,MT103,FAST,1104.61,USD,**************8273,SG,256
5jx15d93-5549-3357-dgq3-28ex32405do0,2026-07-14T13:58:28.983,gateway,OK,pacs.008,FAST,699.77,USD,**************5916,GB,37
5jx15d93-5549-3357-dgq3-28ex32405do0,2026-07-14T13:58:29.086,auth,OK,pacs.008,FAST,699.77,USD,**************5916,GB,46
5jx15d93-5549-3357-dgq3-28ex32405do0,2026-07-14T13:58:29.184,validation,OK,pacs.008,FAST,699.77,USD,**************5916,GB,27
5jx15d93-5549-3357-dgq3-28ex32405do0,2026-07-14T13:58:29.322,aml,TIMEOUT,pacs.008,FAST,699.77,USD,**************5916,GB,30000
5jx15d93-5549-3357-dgq3-28ex32405do0,2026-07-14T13:58:29.443,payment-hub,FAILED,pacs.008,FAST,699.77,USD,**************5916,GB,132
8ik32u66-6442-4607-wru6-92sy65783dm1,2026-07-08T12:57:09.447,gateway,OK,MT103,FAST,798.25,USD,**************8054,SG,53
8ik32u66-6442-4607-wru6-92sy65783dm1,2026-07-08T12:57:09.532,auth,OK,MT103,FAST,798.25,USD,**************8054,SG,88
8ik32u66-6442-4607-wru6-92sy65783dm1,2026-07-08T12:57:09.613,validation,OK,MT103,FAST,798.25,USD,**************8054,SG,89
8ik32u66-6442-4607-wru6-92sy65783dm1,2026-07-08T12:57:09.708,aml,OK,MT103,FAST,798.25,USD,**************8054,SG,203
8ik32u66-6442-4607-wru6-92sy65783dm1,2026-07-08T12:57:09.792,payment-hub,OK,MT103,FAST,798.25,USD,**************8054,SG,134
8ik32u66-6442-4607-wru6-92sy65783dm1,2026-07-08T12:57:09.921,core-banking,OK,MT103,FAST,798.25,USD,**************8054,SG,211
8ik32u66-6442-4607-wru6-92sy65783dm1,2026-07-08T12:57:09.981,settlement,SETTLED,MT103,FAST,798.25,USD,**************8054,SG,337
6ex16w20-7560-6993-eiw5-52ue05981es4,2026-07-08T20:48:55.802,gateway,OK,pacs.008,FAST,419.76,USD,**************8844,SG,23
6ex16w20-7560-6993-eiw5-52ue05981es4,2026-07-08T20:48:55.910,auth,OK,pacs.008,FAST,419.76,USD,**************8844,SG,35
6ex16w20-7560-6993-eiw5-52ue05981es4,2026-07-08T20:48:55.998,validation,OK,pacs.008,FAST,419.76,USD,**************8844,SG,31
6ex16w20-7560-6993-eiw5-52ue05981es4,2026-07-08T20:48:56.109,aml,OK,pacs.008,FAST,419.76,USD,**************8844,SG,210
6ex16w20-7560-6993-eiw5-52ue05981es4,2026-07-08T20:48:56.144,payment-hub,OK,pacs.008,FAST,419.76,USD,**************8844,SG,113
6ex16w20-7560-6993-eiw5-52ue05981es4,2026-07-08T20:48:56.275,core-banking,OK,pacs.008,FAST,419.76,USD,**************8844,SG,145
6ex16w20-7560-6993-eiw5-52ue05981es4,2026-07-08T20:48:56.335,settlement,SETTLED,pacs.008,FAST,419.76,USD,**************8844,SG,295
4ln80o12-7866-0729-rvc4-99sf59327xg5,2026-07-02T11:00:29.964,gateway,OK,MT103,FAST,394.2,SGD,**************7942,SG,27
4ln80o12-7866-0729-rvc4-99sf59327xg5,2026-07-02T11:00:30.040,auth,OK,MT103,FAST,394.2,SGD,**************7942,SG,24
4ln80o12-7866-0729-rvc4-99sf59327xg5,2026-07-02T11:00:30.234,validation,OK,MT103,FAST,394.2,SGD,**************7942,SG,74
4ln80o12-7866-0729-rvc4-99sf59327xg5,2026-07-02T11:00:30.322,aml,OK,MT103,FAST,394.2,SGD,**************7942,SG,64
4ln80o12-7866-0729-rvc4-99sf59327xg5,2026-07-02T11:00:30.356,payment-hub,OK,MT103,FAST,394.2,SGD,**************7942,SG,119
4ln80o12-7866-0729-rvc4-99sf59327xg5,2026-07-02T11:00:30.603,core-banking,OK,MT103,FAST,394.2,SGD,**************7942,SG,78
4ln80o12-7866-0729-rvc4-99sf59327xg5,2026-07-02T11:00:30.714,settlement,SETTLED,MT103,FAST,394.2,SGD,**************7942,SG,272
4px39k32-8435-3476-ony7-45fg90369iz9,2026-07-13T06:24:40.560,gateway,OK,pacs.008,SWIFT,399.4,SGD,**************9023,SG,36
4px39k32-8435-3476-ony7-45fg90369iz9,2026-07-13T06:24:40.736,auth,OK,pacs.008,SWIFT,399.4,SGD,**************9023,SG,79
4px39k32-8435-3476-ony7-45fg90369iz9,2026-07-13T06:24:40.865,validation,OK,pacs.008,SWIFT,399.4,SGD,**************9023,SG,51
4px39k32-8435-3476-ony7-45fg90369iz9,2026-07-13T06:24:40.933,aml,OK,pacs.008,SWIFT,399.4,SGD,**************9023,SG,65
4px39k32-8435-3476-ony7-45fg90369iz9,2026-07-13T06:24:41.015,payment-hub,OK,pacs.008,SWIFT,399.4,SGD,**************9023,SG,106
4px39k32-8435-3476-ony7-45fg90369iz9,2026-07-13T06:24:41.136,core-banking,OK,pacs.008,SWIFT,399.4,SGD,**************9023,SG,94
4px39k32-8435-3476-ony7-45fg90369iz9,2026-07-13T06:24:41.365,settlement,SETTLED,pacs.008,SWIFT,399.4,SGD,**************9023,SG,114
6ui27v70-5015-6059-hqk3-20sk34949fs7,2026-07-13T21:17:20.719,gateway,OK,MT103,FAST,318.42,EUR,**************5214,SG,37
6ui27v70-5015-6059-hqk3-20sk34949fs7,2026-07-13T21:17:20.766,auth,OK,MT103,FAST,318.42,EUR,**************5214,SG,23
6ui27v70-5015-6059-hqk3-20sk34949fs7,2026-07-13T21:17:20.843,validation,OK,MT103,FAST,318.42,EUR,**************5214,SG,51
6ui27v70-5015-6059-hqk3-20sk34949fs7,2026-07-13T21:17:20.932,aml,OK,MT103,FAST,318.42,EUR,**************5214,SG,168
6ui27v70-5015-6059-hqk3-20sk34949fs7,2026-07-13T21:17:21.027,payment-hub,OK,MT103,FAST,318.42,EUR,**************5214,SG,44
6ui27v70-5015-6059-hqk3-20sk34949fs7,2026-07-13T21:17:21.150,core-banking,OK,MT103,FAST,318.42,EUR,**************5214,SG,162
6ui27v70-5015-6059-hqk3-20sk34949fs7,2026-07-13T21:17:21.191,settlement,SETTLED,MT103,FAST,318.42,EUR,**************5214,SG,381
9iw81r89-9825-3113-syn3-28nb16456cm0,2026-07-05T01:35:18.308,gateway,OK,pacs.008,FAST,1335.6,EUR,**************1668,SG,28
9iw81r89-9825-3113-syn3-28nb16456cm0,2026-07-05T01:35:18.407,auth,OK,pacs.008,FAST,1335.6,EUR,**************1668,SG,21
9iw81r89-9825-3113-syn3-28nb16456cm0,2026-07-05T01:35:18.479,validation,OK,pacs.008,FAST,1335.6,EUR,**************1668,SG,53
9iw81r89-9825-3113-syn3-28nb16456cm0,2026-07-05T01:35:18.595,aml,OK,pacs.008,FAST,1335.6,EUR,**************1668,SG,269
9iw81r89-9825-3113-syn3-28nb16456cm0,2026-07-05T01:35:18.703,payment-hub,OK,pacs.008,FAST,1335.6,EUR,**************1668,SG,63
9iw81r89-9825-3113-syn3-28nb16456cm0,2026-07-05T01:35:18.942,core-banking,OK,pacs.008,FAST,1335.6,EUR,**************1668,SG,228
9iw81r89-9825-3113-syn3-28nb16456cm0,2026-07-05T01:35:19.074,settlement,SETTLED,pacs.008,FAST,1335.6,EUR,**************1668,SG,252
7at46m99-2335-7628-iiq2-89md88120jd7,2026-07-07T13:10:58.244,gateway,OK,pacs.008,FAST,343.84,SGD,**************0167,SG,19
7at46m99-2335-7628-iiq2-89md88120jd7,2026-07-07T13:10:58.333,auth,OK,pacs.008,FAST,343.84,SGD,**************0167,SG,38
7at46m99-2335-7628-iiq2-89md88120jd7,2026-07-07T13:10:58.377,validation,OK,pacs.008,FAST,343.84,SGD,**************0167,SG,83
7at46m99-2335-7628-iiq2-89md88120jd7,2026-07-07T13:10:58.622,aml,OK,pacs.008,FAST,343.84,SGD,**************0167,SG,133
7at46m99-2335-7628-iiq2-89md88120jd7,2026-07-07T13:10:58.734,payment-hub,OK,pacs.008,FAST,343.84,SGD,**************0167,SG,88
7at46m99-2335-7628-iiq2-89md88120jd7,2026-07-07T13:10:58.850,core-banking,OK,pacs.008,FAST,343.84,SGD,**************0167,SG,160
7at46m99-2335-7628-iiq2-89md88120jd7,2026-07-07T13:10:58.919,settlement,SETTLED,pacs.008,FAST,343.84,SGD,**************0167,SG,110
6ad98r20-5404-3448-vwn5-10mk71178vn0,2026-07-11T15:23:49.799,gateway,OK,pacs.008,SWIFT,1829.88,USD,**************7807,MY,40
6ad98r20-5404-3448-vwn5-10mk71178vn0,2026-07-11T15:23:49.973,auth,OK,pacs.008,SWIFT,1829.88,USD,**************7807,MY,44
6ad98r20-5404-3448-vwn5-10mk71178vn0,2026-07-11T15:23:50.052,validation,OK,pacs.008,SWIFT,1829.88,USD,**************7807,MY,97
6ad98r20-5404-3448-vwn5-10mk71178vn0,2026-07-11T15:24:20.069,aml,OK,pacs.008,SWIFT,1829.88,USD,**************7807,MY,122
6ad98r20-5404-3448-vwn5-10mk71178vn0,2026-07-11T15:24:20.117,payment-hub,OK,pacs.008,SWIFT,1829.88,USD,**************7807,MY,37
6ad98r20-5404-3448-vwn5-10mk71178vn0,2026-07-11T15:24:20.307,core-banking,OK,pacs.008,SWIFT,1829.88,USD,**************7807,MY,182
6ad98r20-5404-3448-vwn5-10mk71178vn0,2026-07-11T15:24:50.337,settlement,SETTLED,pacs.008,SWIFT,1829.88,USD,**************7807,MY,253
7sq28f93-4859-3185-lwn8-30ka31970vr0,2026-07-14T11:41:07.321,gateway,OK,0200,SWIFT,318.85,MYR,**************7877,SG,50
7sq28f93-4859-3185-lwn8-30ka31970vr0,2026-07-14T11:41:07.403,auth,OK,0200,SWIFT,318.85,MYR,**************7877,SG,86
7sq28f93-4859-3185-lwn8-30ka31970vr0,2026-07-14T11:41:07.471,validation,OK,0200,SWIFT,318.85,MYR,**************7877,SG,38
7sq28f93-4859-3185-lwn8-30ka31970vr0,2026-07-14T11:41:07.508,aml,OK,0200,SWIFT,318.85,MYR,**************7877,SG,222
7sq28f93-4859-3185-lwn8-30ka31970vr0,2026-07-14T11:41:07.611,payment-hub,OK,0200,SWIFT,318.85,MYR,**************7877,SG,32
7sq28f93-4859-3185-lwn8-30ka31970vr0,2026-07-14T11:41:07.697,core-banking,OK,0200,SWIFT,318.85,MYR,**************7877,SG,74
7sq28f93-4859-3185-lwn8-30ka31970vr0,2026-07-14T11:41:07.730,settlement,SETTLED,0200,SWIFT,318.85,MYR,**************7877,SG,325
9ag65e40-4816-4837-ugl2-81eq79237lq0,2026-07-03T22:36:23.333,gateway,OK,pacs.008,FAST,745.11,MYR,**************3557,HK,28
9ag65e40-4816-4837-ugl2-81eq79237lq0,2026-07-03T22:36:23.408,auth,OK,pacs.008,FAST,745.11,MYR,**************3557,HK,86
9ag65e40-4816-4837-ugl2-81eq79237lq0,2026-07-03T22:36:23.453,validation,OK,pacs.008,FAST,745.11,MYR,**************3557,HK,27
9ag65e40-4816-4837-ugl2-81eq79237lq0,2026-07-03T22:36:23.610,aml,OK,pacs.008,FAST,745.11,MYR,**************3557,HK,289
9ag65e40-4816-4837-ugl2-81eq79237lq0,2026-07-03T22:36:23.654,payment-hub,OK,pacs.008,FAST,745.11,MYR,**************3557,HK,80
9ag65e40-4816-4837-ugl2-81eq79237lq0,2026-07-03T22:36:23.790,core-banking,OK,pacs.008,FAST,745.11,MYR,**************3557,HK,97
9ag65e40-4816-4837-ugl2-81eq79237lq0,2026-07-03T22:36:23.851,settlement,SETTLED,pacs.008,FAST,745.11,MYR,**************3557,HK,398
7ox59p05-5307-3492-vgf2-29ph07453vy7,2026-07-03T10:51:17.714,gateway,OK,pacs.008,SWIFT,742.62,EUR,**************2247,US,22
7ox59p05-5307-3492-vgf2-29ph07453vy7,2026-07-03T10:51:17.832,auth,OK,pacs.008,SWIFT,742.62,EUR,**************2247,US,90
7ox59p05-5307-3492-vgf2-29ph07453vy7,2026-07-03T10:51:18.017,validation,OK,pacs.008,SWIFT,742.62,EUR,**************2247,US,115
7ox59p05-5307-3492-vgf2-29ph07453vy7,2026-07-03T10:51:18.189,aml,OK,pacs.008,SWIFT,742.62,EUR,**************2247,US,244
7ox59p05-5307-3492-vgf2-29ph07453vy7,2026-07-03T10:51:18.251,payment-hub,OK,pacs.008,SWIFT,742.62,EUR,**************2247,US,62
7ox59p05-5307-3492-vgf2-29ph07453vy7,2026-07-03T10:51:18.383,core-banking,OK,pacs.008,SWIFT,742.62,EUR,**************2247,US,63
7ox59p05-5307-3492-vgf2-29ph07453vy7,2026-07-03T10:51:18.459,settlement,SETTLED,pacs.008,SWIFT,742.62,EUR,**************2247,US,330
6ll17b37-1342-1894-fxf6-12uu95515qd6,2026-07-15T03:34:27.451,gateway,OK,MT103,SWIFT,1045.15,INR,**************7138,SG,24
6ll17b37-1342-1894-fxf6-12uu95515qd6,2026-07-15T03:34:27.523,auth,OK,MT103,SWIFT,1045.15,INR,**************7138,SG,84
6ll17b37-1342-1894-fxf6-12uu95515qd6,2026-07-15T03:34:27.628,validation,OK,MT103,SWIFT,1045.15,INR,**************7138,SG,25
6ll17b37-1342-1894-fxf6-12uu95515qd6,2026-07-15T03:34:27.823,aml,OK,MT103,SWIFT,1045.15,INR,**************7138,SG,86
6ll17b37-1342-1894-fxf6-12uu95515qd6,2026-07-15T03:34:27.933,payment-hub,OK,MT103,SWIFT,1045.15,INR,**************7138,SG,58
6ll17b37-1342-1894-fxf6-12uu95515qd6,2026-07-15T03:34:28.016,core-banking,OK,MT103,SWIFT,1045.15,INR,**************7138,SG,101
6ll17b37-1342-1894-fxf6-12uu95515qd6,2026-07-15T03:34:28.082,settlement,SETTLED,MT103,SWIFT,1045.15,INR,**************7138,SG,72
8pn95b40-6150-0958-xvr9-85pt35906fa9,2026-07-13T14:11:32.332,gateway,OK,0200,FAST,940.22,USD,**************7108,IN,53
8pn95b40-6150-0958-xvr9-85pt35906fa9,2026-07-13T14:11:32.391,auth,OK,0200,FAST,940.22,USD,**************7108,IN,87
8pn95b40-6150-0958-xvr9-85pt35906fa9,2026-07-13T14:11:32.444,validation,OK,0200,FAST,940.22,USD,**************7108,IN,90
8pn95b40-6150-0958-xvr9-85pt35906fa9,2026-07-13T14:11:32.558,aml,OK,0200,FAST,940.22,USD,**************7108,IN,158
8pn95b40-6150-0958-xvr9-85pt35906fa9,2026-07-13T14:11:32.639,payment-hub,OK,0200,FAST,940.22,USD,**************7108,IN,63
8pn95b40-6150-0958-xvr9-85pt35906fa9,2026-07-13T14:11:32.706,core-banking,OK,0200,FAST,940.22,USD,**************7108,IN,51
8pn95b40-6150-0958-xvr9-85pt35906fa9,2026-07-13T14:11:32.767,settlement,SETTLED,0200,FAST,940.22,USD,**************7108,IN,335
8qg56y77-6711-3505-tmu2-25nu41244xz9,2026-07-11T21:39:58.170,gateway,OK,pacs.008,SWIFT,303.32,EUR,**************2763,IN,57
8qg56y77-6711-3505-tmu2-25nu41244xz9,2026-07-11T21:39:58.256,auth,OK,pacs.008,SWIFT,303.32,EUR,**************2763,IN,66
8qg56y77-6711-3505-tmu2-25nu41244xz9,2026-07-11T21:39:58.534,validation,OK,pacs.008,SWIFT,303.32,EUR,**************2763,IN,64
8qg56y77-6711-3505-tmu2-25nu41244xz9,2026-07-11T21:39:58.684,aml,OK,pacs.008,SWIFT,303.32,EUR,**************2763,IN,219
8qg56y77-6711-3505-tmu2-25nu41244xz9,2026-07-11T21:39:58.774,payment-hub,OK,pacs.008,SWIFT,303.32,EUR,**************2763,IN,144
8qg56y77-6711-3505-tmu2-25nu41244xz9,2026-07-11T21:39:58.846,core-banking,OK,pacs.008,SWIFT,303.32,EUR,**************2763,IN,72
8qg56y77-6711-3505-tmu2-25nu41244xz9,2026-07-11T21:39:58.928,settlement,SETTLED,pacs.008,SWIFT,303.32,EUR,**************2763,IN,186
8tg18r98-2113-1721-nyf0-18af41850ch9,2026-07-10T04:58:45.216,gateway,OK,pacs.008,FAST,1675.23,MYR,**************6341,SG,33
8tg18r98-2113-1721-nyf0-18af41850ch9,2026-07-10T04:58:45.270,auth,OK,pacs.008,FAST,1675.23,MYR,**************6341,SG,59
8tg18r98-2113-1721-nyf0-18af41850ch9,2026-07-10T04:58:45.382,validation,OK,pacs.008,FAST,1675.23,MYR,**************6341,SG,116
8tg18r98-2113-1721-nyf0-18af41850ch9,2026-07-10T04:59:15.422,aml,TIMEOUT,pacs.008,FAST,1675.23,MYR,**************6341,SG,30000
8tg18r98-2113-1721-nyf0-18af41850ch9,2026-07-10T04:59:15.612,payment-hub,FAILED,pacs.008,FAST,1675.23,MYR,**************6341,SG,58
7ft98a02-2685-0004-lkf1-19ca88976hf5,2026-07-08T20:10:21.974,gateway,OK,0200,SWIFT,4404.95,SGD,**************9404,SG,51
7ft98a02-2685-0004-lkf1-19ca88976hf5,2026-07-08T20:10:22.159,auth,OK,0200,SWIFT,4404.95,SGD,**************9404,SG,40
7ft98a02-2685-0004-lkf1-19ca88976hf5,2026-07-08T20:10:22.393,validation,OK,0200,SWIFT,4404.95,SGD,**************9404,SG,50
7ft98a02-2685-0004-lkf1-19ca88976hf5,2026-07-08T20:10:22.504,aml,OK,0200,SWIFT,4404.95,SGD,**************9404,SG,83
7ft98a02-2685-0004-lkf1-19ca88976hf5,2026-07-08T20:10:22.724,payment-hub,OK,0200,SWIFT,4404.95,SGD,**************9404,SG,34
7ft98a02-2685-0004-lkf1-19ca88976hf5,2026-07-08T20:10:22.775,core-banking,OK,0200,SWIFT,4404.95,SGD,**************9404,SG,219
7ft98a02-2685-0004-lkf1-19ca88976hf5,2026-07-08T20:10:22.914,settlement,SETTLED,0200,SWIFT,4404.95,SGD,**************9404,SG,77
1cu02a58-0719-9344-uxx2-62ft85873ud6,2026-07-03T16:29:50.185,gateway,OK,pacs.008,FAST,238.18,SGD,**************3856,SG,40
1cu02a58-0719-9344-uxx2-62ft85873ud6,2026-07-03T16:29:50.241,auth,OK,pacs.008,FAST,238.18,SGD,**************3856,SG,20
1cu02a58-0719-9344-uxx2-62ft85873ud6,2026-07-03T16:29:50.328,validation,OK,pacs.008,FAST,238.18,SGD,**************3856,SG,114
1cu02a58-0719-9344-uxx2-62ft85873ud6,2026-07-03T16:29:50.495,aml,OK,pacs.008,FAST,238.18,SGD,**************3856,SG,219
1cu02a58-0719-9344-uxx2-62ft85873ud6,2026-07-03T16:29:50.582,payment-hub,OK,pacs.008,FAST,238.18,SGD,**************3856,SG,67
1cu02a58-0719-9344-uxx2-62ft85873ud6,2026-07-03T16:29:50.705,core-banking,OK,pacs.008,FAST,238.18,SGD,**************3856,SG,193
1cu02a58-0719-9344-uxx2-62ft85873ud6,2026-07-03T16:29:50.806,settlement,SETTLED,pacs.008,FAST,238.18,SGD,**************3856,SG,286
4ln39v05-8078-0806-xkn2-27wl77879xj2,2026-07-14T09:46:15.148,gateway,OK,pacs.008,FAST,5008.65,MYR,**************2465,SG,16
4ln39v05-8078-0806-xkn2-27wl77879xj2,2026-07-14T09:46:15.218,auth,OK,pacs.008,FAST,5008.65,MYR,**************2465,SG,77
4ln39v05-8078-0806-xkn2-27wl77879xj2,2026-07-14T09:46:15.269,validation,OK,pacs.008,FAST,5008.65,MYR,**************2465,SG,70
4ln39v05-8078-0806-xkn2-27wl77879xj2,2026-07-14T09:46:15.346,aml,OK,pacs.008,FAST,5008.65,MYR,**************2465,SG,238
4ln39v05-8078-0806-xkn2-27wl77879xj2,2026-07-14T09:46:15.600,payment-hub,OK,pacs.008,FAST,5008.65,MYR,**************2465,SG,75
4ln39v05-8078-0806-xkn2-27wl77879xj2,2026-07-14T09:46:15.657,core-banking,OK,pacs.008,FAST,5008.65,MYR,**************2465,SG,75
4ln39v05-8078-0806-xkn2-27wl77879xj2,2026-07-14T09:46:15.760,settlement,SETTLED,pacs.008,FAST,5008.65,MYR,**************2465,SG,302
2xe86f40-8936-2542-bna0-57jk87597uz9,2026-07-02T13:23:21.869,gateway,OK,pacs.008,FAST,1629.48,SGD,**************2988,SG,60
2xe86f40-8936-2542-bna0-57jk87597uz9,2026-07-02T13:23:22.038,auth,OK,pacs.008,FAST,1629.48,SGD,**************2988,SG,55
2xe86f40-8936-2542-bna0-57jk87597uz9,2026-07-02T13:23:22.128,validation,OK,pacs.008,FAST,1629.48,SGD,**************2988,SG,71
2xe86f40-8936-2542-bna0-57jk87597uz9,2026-07-02T13:23:22.182,aml,OK,pacs.008,FAST,1629.48,SGD,**************2988,SG,211
2xe86f40-8936-2542-bna0-57jk87597uz9,2026-07-02T13:23:22.269,payment-hub,OK,pacs.008,FAST,1629.48,SGD,**************2988,SG,50
2xe86f40-8936-2542-bna0-57jk87597uz9,2026-07-02T13:23:22.455,core-banking,OK,pacs.008,FAST,1629.48,SGD,**************2988,SG,188
2xe86f40-8936-2542-bna0-57jk87597uz9,2026-07-02T13:23:52.471,settlement,SETTLED,pacs.008,FAST,1629.48,SGD,**************2988,SG,158
4vg49x08-3753-7260-xfo3-23dz67738zt4,2026-07-01T13:52:23.182,gateway,OK,MT103,SWIFT,452.38,INR,**************8834,IN,33
4vg49x08-3753-7260-xfo3-23dz67738zt4,2026-07-01T13:52:23.264,auth,OK,MT103,SWIFT,452.38,INR,**************8834,IN,69
4vg49x08-3753-7260-xfo3-23dz67738zt4,2026-07-01T13:52:23.320,validation,REJECTED,MT103,SWIFT,452.38,INR,**************8834,IN,92
0ww95q94-1688-0488-uqf3-84ny89685zq8,2026-07-08T16:36:50.890,gateway,OK,MT103,FAST,64.26,EUR,**************7299,MY,34
0ww95q94-1688-0488-uqf3-84ny89685zq8,2026-07-08T16:36:50.940,auth,OK,MT103,FAST,64.26,EUR,**************7299,MY,55
0ww95q94-1688-0488-uqf3-84ny89685zq8,2026-07-08T16:36:50.999,validation,OK,MT103,FAST,64.26,EUR,**************7299,MY,108
0ww95q94-1688-0488-uqf3-84ny89685zq8,2026-07-08T16:36:51.051,aml,TIMEOUT,MT103,FAST,64.26,EUR,**************7299,MY,30000
0ww95q94-1688-0488-uqf3-84ny89685zq8,2026-07-08T16:36:51.159,payment-hub,FAILED,MT103,FAST,64.26,EUR,**************7299,MY,144
1kl58i98-8905-2039-rbl2-03on89971mu3,2026-07-04T09:51:14.084,gateway,OK,MT103,FAST,1206.38,INR,**************1954,SG,30
1kl58i98-8905-2039-rbl2-03on89971mu3,2026-07-04T09:51:14.158,auth,OK,MT103,FAST,1206.38,INR,**************1954,SG,79
1kl58i98-8905-2039-rbl2-03on89971mu3,2026-07-04T09:51:14.240,validation,OK,MT103,FAST,1206.38,INR,**************1954,SG,65
1kl58i98-8905-2039-rbl2-03on89971mu3,2026-07-04T09:51:14.290,aml,OK,MT103,FAST,1206.38,INR,**************1954,SG,44
1kl58i98-8905-2039-rbl2-03on89971mu3,2026-07-04T09:51:14.481,payment-hub,OK,MT103,FAST,1206.38,INR,**************1954,SG,40
1kl58i98-8905-2039-rbl2-03on89971mu3,2026-07-04T09:51:14.628,core-banking,OK,MT103,FAST,1206.38,INR,**************1954,SG,80
1kl58i98-8905-2039-rbl2-03on89971mu3,2026-07-04T09:51:14.772,settlement,SETTLED,MT103,FAST,1206.38,INR,**************1954,SG,225
8qs24w06-9341-8527-uyg2-57nf17611rc2,2026-07-06T20:11:26.474,gateway,OK,pacs.008,FAST,718.85,EUR,**************6804,IN,52
8qs24w06-9341-8527-uyg2-57nf17611rc2,2026-07-06T20:11:26.693,auth,OK,pacs.008,FAST,718.85,EUR,**************6804,IN,59
8qs24w06-9341-8527-uyg2-57nf17611rc2,2026-07-06T20:11:26.931,validation,OK,pacs.008,FAST,718.85,EUR,**************6804,IN,25
8qs24w06-9341-8527-uyg2-57nf17611rc2,2026-07-06T20:11:27.001,aml,OK,pacs.008,FAST,718.85,EUR,**************6804,IN,172
8qs24w06-9341-8527-uyg2-57nf17611rc2,2026-07-06T20:11:27.090,payment-hub,OK,pacs.008,FAST,718.85,EUR,**************6804,IN,40
8qs24w06-9341-8527-uyg2-57nf17611rc2,2026-07-06T20:11:27.153,core-banking,OK,pacs.008,FAST,718.85,EUR,**************6804,IN,192
8qs24w06-9341-8527-uyg2-57nf17611rc2,2026-07-06T20:11:27.378,settlement,SETTLED,pacs.008,FAST,718.85,EUR,**************6804,IN,123
2sw57f10-8661-7436-miu1-66xl88596dy6,2026-07-03T10:15:43.635,gateway,OK,0200,FAST,428.62,SGD,**************1671,MY,58
2sw57f10-8661-7436-miu1-66xl88596dy6,2026-07-03T10:15:43.911,auth,OK,0200,FAST,428.62,SGD,**************1671,MY,60
2sw57f10-8661-7436-miu1-66xl88596dy6,2026-07-03T10:15:43.947,validation,OK,0200,FAST,428.62,SGD,**************1671,MY,47
2sw57f10-8661-7436-miu1-66xl88596dy6,2026-07-03T10:15:44.231,aml,OK,0200,FAST,428.62,SGD,**************1671,MY,121
2sw57f10-8661-7436-miu1-66xl88596dy6,2026-07-03T10:15:44.278,payment-hub,OK,0200,FAST,428.62,SGD,**************1671,MY,67
2sw57f10-8661-7436-miu1-66xl88596dy6,2026-07-03T10:15:44.336,core-banking,OK,0200,FAST,428.62,SGD,**************1671,MY,152
2sw57f10-8661-7436-miu1-66xl88596dy6,2026-07-03T10:15:44.446,settlement,SETTLED,0200,FAST,428.62,SGD,**************1671,MY,322
9bm49r67-9836-5237-efy7-92bv88817nx5,2026-07-04T04:56:04.243,gateway,OK,pacs.008,FAST,2669.3,SGD,**************4788,HK,20
9bm49r67-9836-5237-efy7-92bv88817nx5,2026-07-04T04:56:04.269,auth,OK,pacs.008,FAST,2669.3,SGD,**************4788,HK,50
9bm49r67-9836-5237-efy7-92bv88817nx5,2026-07-04T04:56:04.378,validation,OK,pacs.008,FAST,2669.3,SGD,**************4788,HK,73
9bm49r67-9836-5237-efy7-92bv88817nx5,2026-07-04T04:56:04.607,aml,OK,pacs.008,FAST,2669.3,SGD,**************4788,HK,235
9bm49r67-9836-5237-efy7-92bv88817nx5,2026-07-04T04:56:04.683,payment-hub,OK,pacs.008,FAST,2669.3,SGD,**************4788,HK,42
9bm49r67-9836-5237-efy7-92bv88817nx5,2026-07-04T04:56:04.741,core-banking,OK,pacs.008,FAST,2669.3,SGD,**************4788,HK,248
9bm49r67-9836-5237-efy7-92bv88817nx5,2026-07-04T04:56:04.808,settlement,SETTLED,pacs.008,FAST,2669.3,SGD,**************4788,HK,198
1wv92r20-1215-0441-rii1-46wu05926et6,2026-07-05T04:33:55.282,gateway,OK,pacs.008,FAST,730.17,SGD,**************3898,SG,31
1wv92r20-1215-0441-rii1-46wu05926et6,2026-07-05T04:33:55.380,auth,OK,pacs.008,FAST,730.17,SGD,**************3898,SG,52
1wv92r20-1215-0441-rii1-46wu05926et6,2026-07-05T04:33:55.444,validation,OK,pacs.008,FAST,730.17,SGD,**************3898,SG,51
1wv92r20-1215-0441-rii1-46wu05926et6,2026-07-05T04:33:55.614,aml,OK,pacs.008,FAST,730.17,SGD,**************3898,SG,62
1wv92r20-1215-0441-rii1-46wu05926et6,2026-07-05T04:33:55.725,payment-hub,OK,pacs.008,FAST,730.17,SGD,**************3898,SG,47
1wv92r20-1215-0441-rii1-46wu05926et6,2026-07-05T04:33:55.874,core-banking,OK,pacs.008,FAST,730.17,SGD,**************3898,SG,53
1wv92r20-1215-0441-rii1-46wu05926et6,2026-07-05T04:33:56.187,settlement,SETTLED,pacs.008,FAST,730.17,SGD,**************3898,SG,276
4ya77p36-6438-7448-arr5-59sj58076sx6,2026-07-09T06:30:35.335,gateway,OK,pacs.008,SWIFT,481.89,USD,**************1413,SG,30
4ya77p36-6438-7448-arr5-59sj58076sx6,2026-07-09T06:30:35.433,auth,OK,pacs.008,SWIFT,481.89,USD,**************1413,SG,52
4ya77p36-6438-7448-arr5-59sj58076sx6,2026-07-09T06:30:35.510,validation,OK,pacs.008,SWIFT,481.89,USD,**************1413,SG,104
4ya77p36-6438-7448-arr5-59sj58076sx6,2026-07-09T06:30:35.572,aml,OK,pacs.008,SWIFT,481.89,USD,**************1413,SG,130
4ya77p36-6438-7448-arr5-59sj58076sx6,2026-07-09T06:30:35.713,payment-hub,OK,pacs.008,SWIFT,481.89,USD,**************1413,SG,127
4ya77p36-6438-7448-arr5-59sj58076sx6,2026-07-09T06:30:35.768,core-banking,OK,pacs.008,SWIFT,481.89,USD,**************1413,SG,144
4ya77p36-6438-7448-arr5-59sj58076sx6,2026-07-09T06:30:35.826,settlement,SETTLED,pacs.008,SWIFT,481.89,USD,**************1413,SG,306
1cl30x88-6460-7072-fns7-07db78313wh2,2026-07-07T20:37:56.908,gateway,OK,pacs.008,FAST,1518.45,SGD,**************6293,IN,16
1cl30x88-6460-7072-fns7-07db78313wh2,2026-07-07T20:37:57.006,auth,OK,pacs.008,FAST,1518.45,SGD,**************6293,IN,58
1cl30x88-6460-7072-fns7-07db78313wh2,2026-07-07T20:37:57.071,validation,OK,pacs.008,FAST,1518.45,SGD,**************6293,IN,43
1cl30x88-6460-7072-fns7-07db78313wh2,2026-07-07T20:37:57.167,aml,OK,pacs.008,FAST,1518.45,SGD,**************6293,IN,280
1cl30x88-6460-7072-fns7-07db78313wh2,2026-07-07T20:37:57.231,payment-hub,OK,pacs.008,FAST,1518.45,SGD,**************6293,IN,42
1cl30x88-6460-7072-fns7-07db78313wh2,2026-07-07T20:37:57.417,core-banking,OK,pacs.008,FAST,1518.45,SGD,**************6293,IN,174
1cl30x88-6460-7072-fns7-07db78313wh2,2026-07-07T20:37:57.572,settlement,SETTLED,pacs.008,FAST,1518.45,SGD,**************6293,IN,190
6dq14m44-0427-0025-avv7-61rw34450tl7,2026-07-07T18:30:17.932,gateway,OK,0200,FAST,424.42,USD,**************1383,IN,17
6dq14m44-0427-0025-avv7-61rw34450tl7,2026-07-07T18:30:17.990,auth,OK,0200,FAST,424.42,USD,**************1383,IN,86
6dq14m44-0427-0025-avv7-61rw34450tl7,2026-07-07T18:30:18.092,validation,OK,0200,FAST,424.42,USD,**************1383,IN,45
6dq14m44-0427-0025-avv7-61rw34450tl7,2026-07-07T18:30:18.131,aml,OK,0200,FAST,424.42,USD,**************1383,IN,125
6dq14m44-0427-0025-avv7-61rw34450tl7,2026-07-07T18:30:18.233,payment-hub,OK,0200,FAST,424.42,USD,**************1383,IN,78
6dq14m44-0427-0025-avv7-61rw34450tl7,2026-07-07T18:30:18.323,core-banking,OK,0200,FAST,424.42,USD,**************1383,IN,93
6dq14m44-0427-0025-avv7-61rw34450tl7,2026-07-07T18:30:18.560,settlement,SETTLED,0200,FAST,424.42,USD,**************1383,IN,218
9ey83b70-6273-6338-aum2-31ir99080he5,2026-07-08T12:54:05.362,gateway,OK,pacs.008,SWIFT,349.35,SGD,**************7441,IN,50
9ey83b70-6273-6338-aum2-31ir99080he5,2026-07-08T12:54:05.535,auth,OK,pacs.008,SWIFT,349.35,SGD,**************7441,IN,42
9ey83b70-6273-6338-aum2-31ir99080he5,2026-07-08T12:54:05.633,validation,OK,pacs.008,SWIFT,349.35,SGD,**************7441,IN,95
9ey83b70-6273-6338-aum2-31ir99080he5,2026-07-08T12:54:05.726,aml,OK,pacs.008,SWIFT,349.35,SGD,**************7441,IN,250
9ey83b70-6273-6338-aum2-31ir99080he5,2026-07-08T12:54:05.781,payment-hub,OK,pacs.008,SWIFT,349.35,SGD,**************7441,IN,140
9ey83b70-6273-6338-aum2-31ir99080he5,2026-07-08T12:54:05.964,core-banking,OK,pacs.008,SWIFT,349.35,SGD,**************7441,IN,161
9ey83b70-6273-6338-aum2-31ir99080he5,2026-07-08T12:54:06.238,settlement,SETTLED,pacs.008,SWIFT,349.35,SGD,**************7441,IN,329
0cc06w52-7266-2287-hme3-14we41707ua7,2026-07-14T12:10:43.283,gateway,OK,MT103,FAST,352.46,SGD,**************5001,MY,48
0cc06w52-7266-2287-hme3-14we41707ua7,2026-07-14T12:10:43.533,auth,OK,MT103,FAST,352.46,SGD,**************5001,MY,36
0cc06w52-7266-2287-hme3-14we41707ua7,2026-07-14T12:10:43.607,validation,OK,MT103,FAST,352.46,SGD,**************5001,MY,64
0cc06w52-7266-2287-hme3-14we41707ua7,2026-07-14T12:10:43.642,aml,OK,MT103,FAST,352.46,SGD,**************5001,MY,162
0cc06w52-7266-2287-hme3-14we41707ua7,2026-07-14T12:10:43.711,payment-hub,OK,MT103,FAST,352.46,SGD,**************5001,MY,76
0cc06w52-7266-2287-hme3-14we41707ua7,2026-07-14T12:10:43.960,core-banking,OK,MT103,FAST,352.46,SGD,**************5001,MY,71
0cc06w52-7266-2287-hme3-14we41707ua7,2026-07-14T12:10:44.109,settlement,SETTLED,MT103,FAST,352.46,SGD,**************5001,MY,90
6od67g47-5734-3426-tbp6-14fx19759aa0,2026-07-07T23:36:25.449,gateway,OK,MT103,FAST,827.13,SGD,**************9645,MY,36
6od67g47-5734-3426-tbp6-14fx19759aa0,2026-07-07T23:36:25.515,auth,OK,MT103,FAST,827.13,SGD,**************9645,MY,32
6od67g47-5734-3426-tbp6-14fx19759aa0,2026-07-07T23:36:25.578,validation,OK,MT103,FAST,827.13,SGD,**************9645,MY,106
6od67g47-5734-3426-tbp6-14fx19759aa0,2026-07-07T23:36:25.629,aml,OK,MT103,FAST,827.13,SGD,**************9645,MY,182
6od67g47-5734-3426-tbp6-14fx19759aa0,2026-07-07T23:36:25.702,payment-hub,OK,MT103,FAST,827.13,SGD,**************9645,MY,55
6od67g47-5734-3426-tbp6-14fx19759aa0,2026-07-07T23:36:25.855,core-banking,OK,MT103,FAST,827.13,SGD,**************9645,MY,154
6od67g47-5734-3426-tbp6-14fx19759aa0,2026-07-07T23:36:25.961,settlement,SETTLED,MT103,FAST,827.13,SGD,**************9645,MY,81
0re76k85-7591-2431-fzv5-35ev96974ee3,2026-07-03T13:23:11.374,gateway,OK,pacs.008,FAST,1385.09,SGD,**************4432,US,32
0re76k85-7591-2431-fzv5-35ev96974ee3,2026-07-03T13:23:11.485,auth,OK,pacs.008,FAST,1385.09,SGD,**************4432,US,64
0re76k85-7591-2431-fzv5-35ev96974ee3,2026-07-03T13:23:11.591,validation,OK,pacs.008,FAST,1385.09,SGD,**************4432,US,58
0re76k85-7591-2431-fzv5-35ev96974ee3,2026-07-03T13:23:11.781,aml,OK,pacs.008,FAST,1385.09,SGD,**************4432,US,248
0re76k85-7591-2431-fzv5-35ev96974ee3,2026-07-03T13:23:11.881,payment-hub,OK,pacs.008,FAST,1385.09,SGD,**************4432,US,125
0re76k85-7591-2431-fzv5-35ev96974ee3,2026-07-03T13:23:12.027,core-banking,OK,pacs.008,FAST,1385.09,SGD,**************4432,US,212
0re76k85-7591-2431-fzv5-35ev96974ee3,2026-07-03T13:23:12.060,settlement,SETTLED,pacs.008,FAST,1385.09,SGD,**************4432,US,168
8zk20q18-0020-5493-jsn1-15hc30730xg8,2026-07-10T06:44:44.620,gateway,OK,MT103,FAST,2485.72,EUR,**************4094,HK,56
8zk20q18-0020-5493-jsn1-15hc30730xg8,2026-07-10T06:44:44.644,auth,OK,MT103,FAST,2485.72,EUR,**************4094,HK,29
8zk20q18-0020-5493-jsn1-15hc30730xg8,2026-07-10T06:44:44.806,validation,OK,MT103,FAST,2485.72,EUR,**************4094,HK,65
8zk20q18-0020-5493-jsn1-15hc30730xg8,2026-07-10T06:44:44.878,aml,OK,MT103,FAST,2485.72,EUR,**************4094,HK,241
8zk20q18-0020-5493-jsn1-15hc30730xg8,2026-07-10T06:44:45.023,payment-hub,OK,MT103,FAST,2485.72,EUR,**************4094,HK,99
8zk20q18-0020-5493-jsn1-15hc30730xg8,2026-07-10T06:44:45.121,core-banking,OK,MT103,FAST,2485.72,EUR,**************4094,HK,75
8zk20q18-0020-5493-jsn1-15hc30730xg8,2026-07-10T06:44:45.251,settlement,SETTLED,MT103,FAST,2485.72,EUR,**************4094,HK,111
2kf51b27-3626-6424-kup7-45fb32760jr2,2026-07-14T18:14:43.333,gateway,OK,pacs.008,FAST,5099.23,SGD,**************7234,IN,51
2kf51b27-3626-6424-kup7-45fb32760jr2,2026-07-14T18:14:43.382,auth,OK,pacs.008,FAST,5099.23,SGD,**************7234,IN,38
2kf51b27-3626-6424-kup7-45fb32760jr2,2026-07-14T18:14:43.519,validation,OK,pacs.008,FAST,5099.23,SGD,**************7234,IN,30
2kf51b27-3626-6424-kup7-45fb32760jr2,2026-07-14T18:14:43.715,aml,OK,pacs.008,FAST,5099.23,SGD,**************7234,IN,210
2kf51b27-3626-6424-kup7-45fb32760jr2,2026-07-14T18:14:43.915,payment-hub,OK,pacs.008,FAST,5099.23,SGD,**************7234,IN,67
2kf51b27-3626-6424-kup7-45fb32760jr2,2026-07-14T18:14:43.986,core-banking,OK,pacs.008,FAST,5099.23,SGD,**************7234,IN,168
2kf51b27-3626-6424-kup7-45fb32760jr2,2026-07-14T18:14:44.228,settlement,SETTLED,pacs.008,FAST,5099.23,SGD,**************7234,IN,128
9mj87x36-1879-8888-njp7-67dj24678wx2,2026-07-06T10:41:36.680,gateway,OK,pacs.008,FAST,1661.94,MYR,**************6767,SG,27
9mj87x36-1879-8888-njp7-67dj24678wx2,2026-07-06T10:41:36.831,auth,OK,pacs.008,FAST,1661.94,MYR,**************6767,SG,51
9mj87x36-1879-8888-njp7-67dj24678wx2,2026-07-06T10:41:37.102,validation,OK,pacs.008,FAST,1661.94,MYR,**************6767,SG,73
9mj87x36-1879-8888-njp7-67dj24678wx2,2026-07-06T10:41:37.168,aml,OK,pacs.008,FAST,1661.94,MYR,**************6767,SG,141
9mj87x36-1879-8888-njp7-67dj24678wx2,2026-07-06T10:41:37.232,payment-hub,OK,pacs.008,FAST,1661.94,MYR,**************6767,SG,149
9mj87x36-1879-8888-njp7-67dj24678wx2,2026-07-06T10:41:37.341,core-banking,OK,pacs.008,FAST,1661.94,MYR,**************6767,SG,126
9mj87x36-1879-8888-njp7-67dj24678wx2,2026-07-06T10:41:37.442,settlement,SETTLED,pacs.008,FAST,1661.94,MYR,**************6767,SG,323
8qy90g54-1915-0481-wfh9-38ma76310ad7,2026-07-08T23:45:42.300,gateway,OK,pacs.008,SWIFT,20586.68,SGD,**************9939,SG,28
8qy90g54-1915-0481-wfh9-38ma76310ad7,2026-07-08T23:45:42.438,auth,OK,pacs.008,SWIFT,20586.68,SGD,**************9939,SG,87
8qy90g54-1915-0481-wfh9-38ma76310ad7,2026-07-08T23:45:42.540,validation,REJECTED,pacs.008,SWIFT,20586.68,SGD,**************9939,SG,26
0pm25s95-8795-9065-ded0-49ul87937iw9,2026-07-13T01:17:20.162,gateway,OK,MT103,SWIFT,9454.87,SGD,**************0410,HK,42
0pm25s95-8795-9065-ded0-49ul87937iw9,2026-07-13T01:17:20.269,auth,OK,MT103,SWIFT,9454.87,SGD,**************0410,HK,35
0pm25s95-8795-9065-ded0-49ul87937iw9,2026-07-13T01:17:20.388,validation,OK,MT103,SWIFT,9454.87,SGD,**************0410,HK,95
0pm25s95-8795-9065-ded0-49ul87937iw9,2026-07-13T01:17:20.456,aml,OK,MT103,SWIFT,9454.87,SGD,**************0410,HK,51
0pm25s95-8795-9065-ded0-49ul87937iw9,2026-07-13T01:17:20.670,payment-hub,OK,MT103,SWIFT,9454.87,SGD,**************0410,HK,50
0pm25s95-8795-9065-ded0-49ul87937iw9,2026-07-13T01:17:20.806,core-banking,OK,MT103,SWIFT,9454.87,SGD,**************0410,HK,81
0pm25s95-8795-9065-ded0-49ul87937iw9,2026-07-13T01:17:20.867,settlement,SETTLED,MT103,SWIFT,9454.87,SGD,**************0410,HK,348
9tq07t62-2424-7850-hue3-69hx88054pj2,2026-07-07T23:49:33.396,gateway,OK,pacs.008,SWIFT,744.3,EUR,**************4212,SG,51
9tq07t62-2424-7850-hue3-69hx88054pj2,2026-07-07T23:49:33.489,auth,OK,pacs.008,SWIFT,744.3,EUR,**************4212,SG,90
9tq07t62-2424-7850-hue3-69hx88054pj2,2026-07-07T23:49:33.544,validation,OK,pacs.008,SWIFT,744.3,EUR,**************4212,SG,35
9tq07t62-2424-7850-hue3-69hx88054pj2,2026-07-07T23:49:33.593,aml,OK,pacs.008,SWIFT,744.3,EUR,**************4212,SG,189
9tq07t62-2424-7850-hue3-69hx88054pj2,2026-07-07T23:49:33.646,payment-hub,OK,pacs.008,SWIFT,744.3,EUR,**************4212,SG,132
9tq07t62-2424-7850-hue3-69hx88054pj2,2026-07-07T23:49:33.754,core-banking,OK,pacs.008,SWIFT,744.3,EUR,**************4212,SG,83
9tq07t62-2424-7850-hue3-69hx88054pj2,2026-07-07T23:49:33.812,settlement,SETTLED,pacs.008,SWIFT,744.3,EUR,**************4212,SG,102
1jf08b95-0398-8910-udn3-38hl78954iy7,2026-07-02T18:47:44.802,gateway,OK,pacs.008,SWIFT,334.15,USD,**************3511,HK,46
1jf08b95-0398-8910-udn3-38hl78954iy7,2026-07-02T18:47:44.850,auth,OK,pacs.008,SWIFT,334.15,USD,**************3511,HK,69
1jf08b95-0398-8910-udn3-38hl78954iy7,2026-07-02T18:47:44.950,validation,OK,pacs.008,SWIFT,334.15,USD,**************3511,HK,79
1jf08b95-0398-8910-udn3-38hl78954iy7,2026-07-02T18:47:45.007,aml,OK,pacs.008,SWIFT,334.15,USD,**************3511,HK,169
1jf08b95-0398-8910-udn3-38hl78954iy7,2026-07-02T18:47:45.146,payment-hub,OK,pacs.008,SWIFT,334.15,USD,**************3511,HK,118
1jf08b95-0398-8910-udn3-38hl78954iy7,2026-07-02T18:47:45.192,core-banking,OK,pacs.008,SWIFT,334.15,USD,**************3511,HK,158
1jf08b95-0398-8910-udn3-38hl78954iy7,2026-07-02T18:47:45.390,settlement,SETTLED,pacs.008,SWIFT,334.15,USD,**************3511,HK,111
8ay86f36-8942-0009-hjd9-24lj61637th4,2026-07-06T04:48:07.304,gateway,OK,MT103,SWIFT,118.04,SGD,**************3939,MY,18
8ay86f36-8942-0009-hjd9-24lj61637th4,2026-07-06T04:48:07.352,auth,OK,MT103,SWIFT,118.04,SGD,**************3939,MY,70
8ay86f36-8942-0009-hjd9-24lj61637th4,2026-07-06T04:48:07.453,validation,OK,MT103,SWIFT,118.04,SGD,**************3939,MY,61
8ay86f36-8942-0009-hjd9-24lj61637th4,2026-07-06T04:48:07.560,aml,OK,MT103,SWIFT,118.04,SGD,**************3939,MY,125
8ay86f36-8942-0009-hjd9-24lj61637th4,2026-07-06T04:48:07.702,payment-hub,OK,MT103,SWIFT,118.04,SGD,**************3939,MY,76
8ay86f36-8942-0009-hjd9-24lj61637th4,2026-07-06T04:48:07.757,core-banking,OK,MT103,SWIFT,118.04,SGD,**************3939,MY,192
8ay86f36-8942-0009-hjd9-24lj61637th4,2026-07-06T04:48:07.854,settlement,SETTLED,MT103,SWIFT,118.04,SGD,**************3939,MY,207
9ti81d73-1576-7473-zgl2-08xr84807hd5,2026-07-02T17:09:00.729,gateway,OK,MT103,FAST,1235.6,SGD,**************8080,HK,25
9ti81d73-1576-7473-zgl2-08xr84807hd5,2026-07-02T17:09:00.913,auth,OK,MT103,FAST,1235.6,SGD,**************8080,HK,48
9ti81d73-1576-7473-zgl2-08xr84807hd5,2026-07-02T17:09:01.051,validation,OK,MT103,FAST,1235.6,SGD,**************8080,HK,67
9ti81d73-1576-7473-zgl2-08xr84807hd5,2026-07-02T17:09:01.352,aml,OK,MT103,FAST,1235.6,SGD,**************8080,HK,122
9ti81d73-1576-7473-zgl2-08xr84807hd5,2026-07-02T17:09:01.659,payment-hub,OK,MT103,FAST,1235.6,SGD,**************8080,HK,61
9ti81d73-1576-7473-zgl2-08xr84807hd5,2026-07-02T17:09:01.827,core-banking,OK,MT103,FAST,1235.6,SGD,**************8080,HK,239
9ti81d73-1576-7473-zgl2-08xr84807hd5,2026-07-02T17:09:01.894,settlement,SETTLED,MT103,FAST,1235.6,SGD,**************8080,HK,64
3rz25m04-7163-9496-esy7-77jf32605hs5,2026-07-08T13:57:14.276,gateway,OK,pacs.008,FAST,835.85,INR,**************1557,SG,33
3rz25m04-7163-9496-esy7-77jf32605hs5,2026-07-08T13:57:14.381,auth,OK,pacs.008,FAST,835.85,INR,**************1557,SG,88
3rz25m04-7163-9496-esy7-77jf32605hs5,2026-07-08T13:57:14.456,validation,OK,pacs.008,FAST,835.85,INR,**************1557,SG,62
3rz25m04-7163-9496-esy7-77jf32605hs5,2026-07-08T13:57:14.528,aml,OK,pacs.008,FAST,835.85,INR,**************1557,SG,148
3rz25m04-7163-9496-esy7-77jf32605hs5,2026-07-08T13:57:14.600,payment-hub,OK,pacs.008,FAST,835.85,INR,**************1557,SG,129
3rz25m04-7163-9496-esy7-77jf32605hs5,2026-07-08T13:57:14.713,core-banking,OK,pacs.008,FAST,835.85,INR,**************1557,SG,184
3rz25m04-7163-9496-esy7-77jf32605hs5,2026-07-08T13:57:14.927,settlement,SETTLED,pacs.008,FAST,835.85,INR,**************1557,SG,212
1ab75v63-6234-1234-rip2-82mf81609am5,2026-07-07T20:45:14.180,gateway,OK,pacs.008,FAST,917.0,USD,**************7525,GB,19
1ab75v63-6234-1234-rip2-82mf81609am5,2026-07-07T20:45:14.238,auth,OK,pacs.008,FAST,917.0,USD,**************7525,GB,25
1ab75v63-6234-1234-rip2-82mf81609am5,2026-07-07T20:45:14.370,validation,OK,pacs.008,FAST,917.0,USD,**************7525,GB,74
1ab75v63-6234-1234-rip2-82mf81609am5,2026-07-07T20:45:14.436,aml,TIMEOUT,pacs.008,FAST,917.0,USD,**************7525,GB,30000
1ab75v63-6234-1234-rip2-82mf81609am5,2026-07-07T20:45:14.495,payment-hub,FAILED,pacs.008,FAST,917.0,USD,**************7525,GB,35
5yj30h64-5652-8491-iwq7-51ta79922wx1,2026-07-13T22:17:34.719,gateway,OK,pacs.008,FAST,743.64,USD,**************6312,HK,40
5yj30h64-5652-8491-iwq7-51ta79922wx1,2026-07-13T22:17:34.803,auth,OK,pacs.008,FAST,743.64,USD,**************6312,HK,86
5yj30h64-5652-8491-iwq7-51ta79922wx1,2026-07-13T22:17:35.131,validation,OK,pacs.008,FAST,743.64,USD,**************6312,HK,57
5yj30h64-5652-8491-iwq7-51ta79922wx1,2026-07-13T22:17:35.259,aml,OK,pacs.008,FAST,743.64,USD,**************6312,HK,170
5yj30h64-5652-8491-iwq7-51ta79922wx1,2026-07-13T22:17:35.366,payment-hub,OK,pacs.008,FAST,743.64,USD,**************6312,HK,53
5yj30h64-5652-8491-iwq7-51ta79922wx1,2026-07-13T22:17:35.431,core-banking,OK,pacs.008,FAST,743.64,USD,**************6312,HK,174
5yj30h64-5652-8491-iwq7-51ta79922wx1,2026-07-13T22:17:35.489,settlement,SETTLED,pacs.008,FAST,743.64,USD,**************6312,HK,80
4hk75m34-8213-4276-kyj7-84tw89291mq6,2026-07-14T08:32:07.566,gateway,OK,pacs.008,FAST,853.04,SGD,**************9661,SG,37
4hk75m34-8213-4276-kyj7-84tw89291mq6,2026-07-14T08:32:07.642,auth,OK,pacs.008,FAST,853.04,SGD,**************9661,SG,70
4hk75m34-8213-4276-kyj7-84tw89291mq6,2026-07-14T08:32:07.740,validation,OK,pacs.008,FAST,853.04,SGD,**************9661,SG,67
4hk75m34-8213-4276-kyj7-84tw89291mq6,2026-07-14T08:32:07.817,aml,OK,pacs.008,FAST,853.04,SGD,**************9661,SG,168
4hk75m34-8213-4276-kyj7-84tw89291mq6,2026-07-14T08:32:07.972,payment-hub,OK,pacs.008,FAST,853.04,SGD,**************9661,SG,67
4hk75m34-8213-4276-kyj7-84tw89291mq6,2026-07-14T08:32:08.223,core-banking,OK,pacs.008,FAST,853.04,SGD,**************9661,SG,131
4hk75m34-8213-4276-kyj7-84tw89291mq6,2026-07-14T08:32:08.308,settlement,SETTLED,pacs.008,FAST,853.04,SGD,**************9661,SG,231
4zg60n94-4585-1331-lfi4-49ft00141bu6,2026-07-14T04:05:40.054,gateway,OK,pacs.008,FAST,492.94,SGD,**************6611,SG,60
4zg60n94-4585-1331-lfi4-49ft00141bu6,2026-07-14T04:05:40.179,auth,OK,pacs.008,FAST,492.94,SGD,**************6611,SG,90
4zg60n94-4585-1331-lfi4-49ft00141bu6,2026-07-14T04:05:40.294,validation,OK,pacs.008,FAST,492.94,SGD,**************6611,SG,66
4zg60n94-4585-1331-lfi4-49ft00141bu6,2026-07-14T04:05:40.418,aml,OK,pacs.008,FAST,492.94,SGD,**************6611,SG,140
4zg60n94-4585-1331-lfi4-49ft00141bu6,2026-07-14T04:05:40.712,payment-hub,OK,pacs.008,FAST,492.94,SGD,**************6611,SG,150
4zg60n94-4585-1331-lfi4-49ft00141bu6,2026-07-14T04:05:40.796,core-banking,OK,pacs.008,FAST,492.94,SGD,**************6611,SG,165
4zg60n94-4585-1331-lfi4-49ft00141bu6,2026-07-14T04:05:40.969,settlement,SETTLED,pacs.008,FAST,492.94,SGD,**************6611,SG,172
7qw69v94-6501-5605-kbm7-85xr57977lw3,2026-07-03T14:49:39.888,gateway,OK,pacs.008,CARDS,677.77,SGD,**************0061,MY,48
7qw69v94-6501-5605-kbm7-85xr57977lw3,2026-07-03T14:49:39.968,auth,OK,pacs.008,CARDS,677.77,SGD,**************0061,MY,87
7qw69v94-6501-5605-kbm7-85xr57977lw3,2026-07-03T14:49:40.231,validation,OK,pacs.008,CARDS,677.77,SGD,**************0061,MY,46
7qw69v94-6501-5605-kbm7-85xr57977lw3,2026-07-03T14:49:40.325,aml,OK,pacs.008,CARDS,677.77,SGD,**************0061,MY,131
7qw69v94-6501-5605-kbm7-85xr57977lw3,2026-07-03T14:49:40.415,payment-hub,OK,pacs.008,CARDS,677.77,SGD,**************0061,MY,136
7qw69v94-6501-5605-kbm7-85xr57977lw3,2026-07-03T14:49:40.496,core-banking,OK,pacs.008,CARDS,677.77,SGD,**************0061,MY,243
7qw69v94-6501-5605-kbm7-85xr57977lw3,2026-07-03T14:49:40.585,settlement,SETTLED,pacs.008,CARDS,677.77,SGD,**************0061,MY,317
5nh48m99-7367-0165-gbd6-55st75566ys8,2026-07-02T17:39:11.799,gateway,OK,MT103,SWIFT,1219.45,USD,**************7088,MY,40
5nh48m99-7367-0165-gbd6-55st75566ys8,2026-07-02T17:39:11.900,auth,OK,MT103,SWIFT,1219.45,USD,**************7088,MY,73
5nh48m99-7367-0165-gbd6-55st75566ys8,2026-07-02T17:39:12.002,validation,OK,MT103,SWIFT,1219.45,USD,**************7088,MY,56
5nh48m99-7367-0165-gbd6-55st75566ys8,2026-07-02T17:39:12.097,aml,OK,MT103,SWIFT,1219.45,USD,**************7088,MY,160
5nh48m99-7367-0165-gbd6-55st75566ys8,2026-07-02T17:39:12.248,payment-hub,OK,MT103,SWIFT,1219.45,USD,**************7088,MY,143
5nh48m99-7367-0165-gbd6-55st75566ys8,2026-07-02T17:39:12.315,core-banking,OK,MT103,SWIFT,1219.45,USD,**************7088,MY,95
5nh48m99-7367-0165-gbd6-55st75566ys8,2026-07-02T17:39:12.456,settlement,SETTLED,MT103,SWIFT,1219.45,USD,**************7088,MY,127
3gh71a17-1881-1646-klj1-86wb83281dh0,2026-07-11T06:58:16.722,gateway,OK,MT103,SWIFT,965.14,MYR,**************3657,US,17
3gh71a17-1881-1646-klj1-86wb83281dh0,2026-07-11T06:58:16.837,auth,OK,MT103,SWIFT,965.14,MYR,**************3657,US,87
3gh71a17-1881-1646-klj1-86wb83281dh0,2026-07-11T06:58:16.927,validation,OK,MT103,SWIFT,965.14,MYR,**************3657,US,76
3gh71a17-1881-1646-klj1-86wb83281dh0,2026-07-11T06:58:46.949,aml,OK,MT103,SWIFT,965.14,MYR,**************3657,US,165
3gh71a17-1881-1646-klj1-86wb83281dh0,2026-07-11T06:58:47.052,payment-hub,OK,MT103,SWIFT,965.14,MYR,**************3657,US,52
3gh71a17-1881-1646-klj1-86wb83281dh0,2026-07-11T06:58:47.176,core-banking,OK,MT103,SWIFT,965.14,MYR,**************3657,US,77
3gh71a17-1881-1646-klj1-86wb83281dh0,2026-07-11T06:58:47.295,settlement,SETTLED,MT103,SWIFT,965.14,MYR,**************3657,US,180
2cd71i36-5231-0241-rwh9-56ue17901dg0,2026-07-10T10:04:26.361,gateway,OK,0200,FAST,765.96,USD,**************3594,SG,48
2cd71i36-5231-0241-rwh9-56ue17901dg0,2026-07-10T10:04:26.419,auth,OK,0200,FAST,765.96,USD,**************3594,SG,57
2cd71i36-5231-0241-rwh9-56ue17901dg0,2026-07-10T10:04:26.515,validation,OK,0200,FAST,765.96,USD,**************3594,SG,93
2cd71i36-5231-0241-rwh9-56ue17901dg0,2026-07-10T10:04:26.568,aml,OK,0200,FAST,765.96,USD,**************3594,SG,214
2cd71i36-5231-0241-rwh9-56ue17901dg0,2026-07-10T10:04:26.674,payment-hub,OK,0200,FAST,765.96,USD,**************3594,SG,115
2cd71i36-5231-0241-rwh9-56ue17901dg0,2026-07-10T10:04:26.777,core-banking,OK,0200,FAST,765.96,USD,**************3594,SG,52
2cd71i36-5231-0241-rwh9-56ue17901dg0,2026-07-10T10:04:26.855,settlement,SETTLED,0200,FAST,765.96,USD,**************3594,SG,144
3tl56w81-5433-3474-uet7-12pp42634yw4,2026-07-10T01:55:09.947,gateway,OK,pacs.008,FAST,34.49,GBP,**************0008,SG,60
3tl56w81-5433-3474-uet7-12pp42634yw4,2026-07-10T01:55:10.013,auth,OK,pacs.008,FAST,34.49,GBP,**************0008,SG,56
3tl56w81-5433-3474-uet7-12pp42634yw4,2026-07-10T01:55:10.081,validation,OK,pacs.008,FAST,34.49,GBP,**************0008,SG,103
3tl56w81-5433-3474-uet7-12pp42634yw4,2026-07-10T01:55:10.314,aml,OK,pacs.008,FAST,34.49,GBP,**************0008,SG,221
3tl56w81-5433-3474-uet7-12pp42634yw4,2026-07-10T01:55:10.391,payment-hub,OK,pacs.008,FAST,34.49,GBP,**************0008,SG,82
3tl56w81-5433-3474-uet7-12pp42634yw4,2026-07-10T01:55:10.498,core-banking,OK,pacs.008,FAST,34.49,GBP,**************0008,SG,101
3tl56w81-5433-3474-uet7-12pp42634yw4,2026-07-10T01:55:10.552,settlement,SETTLED,pacs.008,FAST,34.49,GBP,**************0008,SG,177
5vj64o79-8299-4957-jcc8-91xe65987lz2,2026-07-10T09:09:59.796,gateway,OK,MT103,CARDS,180.06,SGD,**************9857,SG,45
5vj64o79-8299-4957-jcc8-91xe65987lz2,2026-07-10T09:09:59.909,auth,OK,MT103,CARDS,180.06,SGD,**************9857,SG,50
5vj64o79-8299-4957-jcc8-91xe65987lz2,2026-07-10T09:10:00.014,validation,OK,MT103,CARDS,180.06,SGD,**************9857,SG,117
5vj64o79-8299-4957-jcc8-91xe65987lz2,2026-07-10T09:10:00.160,aml,OK,MT103,CARDS,180.06,SGD,**************9857,SG,73
5vj64o79-8299-4957-jcc8-91xe65987lz2,2026-07-10T09:10:00.267,payment-hub,OK,MT103,CARDS,180.06,SGD,**************9857,SG,98
5vj64o79-8299-4957-jcc8-91xe65987lz2,2026-07-10T09:10:00.366,core-banking,OK,MT103,CARDS,180.06,SGD,**************9857,SG,121
5vj64o79-8299-4957-jcc8-91xe65987lz2,2026-07-10T09:10:00.555,settlement,SETTLED,MT103,CARDS,180.06,SGD,**************9857,SG,382
1qg97y10-0069-8086-prb4-45tm75514of8,2026-07-07T09:52:50.894,gateway,OK,pacs.008,FAST,352.16,USD,**************7571,IN,47
1qg97y10-0069-8086-prb4-45tm75514of8,2026-07-07T09:52:50.996,auth,OK,pacs.008,FAST,352.16,USD,**************7571,IN,47
1qg97y10-0069-8086-prb4-45tm75514of8,2026-07-07T09:52:51.092,validation,OK,pacs.008,FAST,352.16,USD,**************7571,IN,29
1qg97y10-0069-8086-prb4-45tm75514of8,2026-07-07T09:52:51.245,aml,OK,pacs.008,FAST,352.16,USD,**************7571,IN,171
1qg97y10-0069-8086-prb4-45tm75514of8,2026-07-07T09:52:51.291,payment-hub,OK,pacs.008,FAST,352.16,USD,**************7571,IN,46
1qg97y10-0069-8086-prb4-45tm75514of8,2026-07-07T09:52:51.374,core-banking,OK,pacs.008,FAST,352.16,USD,**************7571,IN,121
1qg97y10-0069-8086-prb4-45tm75514of8,2026-07-07T09:52:51.422,settlement,SETTLED,pacs.008,FAST,352.16,USD,**************7571,IN,291
9ho05w49-4192-2989-zol6-27hu60651do7,2026-07-14T04:14:24.457,gateway,OK,MT103,FAST,435.44,SGD,**************5044,MY,52
9ho05w49-4192-2989-zol6-27hu60651do7,2026-07-14T04:14:24.597,auth,OK,MT103,FAST,435.44,SGD,**************5044,MY,58
9ho05w49-4192-2989-zol6-27hu60651do7,2026-07-14T04:14:24.721,validation,OK,MT103,FAST,435.44,SGD,**************5044,MY,113
9ho05w49-4192-2989-zol6-27hu60651do7,2026-07-14T04:14:24.765,aml,OK,MT103,FAST,435.44,SGD,**************5044,MY,293
9ho05w49-4192-2989-zol6-27hu60651do7,2026-07-14T04:14:24.821,payment-hub,OK,MT103,FAST,435.44,SGD,**************5044,MY,79
9ho05w49-4192-2989-zol6-27hu60651do7,2026-07-14T04:14:24.918,core-banking,OK,MT103,FAST,435.44,SGD,**************5044,MY,78
9ho05w49-4192-2989-zol6-27hu60651do7,2026-07-14T04:14:25.021,settlement,SETTLED,MT103,FAST,435.44,SGD,**************5044,MY,254
9wj61m62-6982-7207-kmp7-47fw50334jm4,2026-07-14T17:54:29.519,gateway,OK,pacs.008,FAST,325.91,EUR,**************6662,SG,54
9wj61m62-6982-7207-kmp7-47fw50334jm4,2026-07-14T17:54:29.652,auth,OK,pacs.008,FAST,325.91,EUR,**************6662,SG,57
9wj61m62-6982-7207-kmp7-47fw50334jm4,2026-07-14T17:54:29.754,validation,OK,pacs.008,FAST,325.91,EUR,**************6662,SG,40
9wj61m62-6982-7207-kmp7-47fw50334jm4,2026-07-14T17:54:29.870,aml,OK,pacs.008,FAST,325.91,EUR,**************6662,SG,150
9wj61m62-6982-7207-kmp7-47fw50334jm4,2026-07-14T17:54:29.928,payment-hub,OK,pacs.008,FAST,325.91,EUR,**************6662,SG,100
9wj61m62-6982-7207-kmp7-47fw50334jm4,2026-07-14T17:54:30.004,core-banking,OK,pacs.008,FAST,325.91,EUR,**************6662,SG,249
9wj61m62-6982-7207-kmp7-47fw50334jm4,2026-07-14T17:54:30.170,settlement,SETTLED,pacs.008,FAST,325.91,EUR,**************6662,SG,126
8nf80g59-3514-3594-bsq3-19ai43637mt4,2026-07-11T09:59:26.481,gateway,OK,pacs.008,FAST,568.22,INR,**************0265,MY,20
8nf80g59-3514-3594-bsq3-19ai43637mt4,2026-07-11T09:59:26.729,auth,OK,pacs.008,FAST,568.22,INR,**************0265,MY,66
8nf80g59-3514-3594-bsq3-19ai43637mt4,2026-07-11T09:59:26.795,validation,OK,pacs.008,FAST,568.22,INR,**************0265,MY,31
8nf80g59-3514-3594-bsq3-19ai43637mt4,2026-07-11T09:59:26.888,aml,OK,pacs.008,FAST,568.22,INR,**************0265,MY,58
8nf80g59-3514-3594-bsq3-19ai43637mt4,2026-07-11T09:59:27.081,payment-hub,OK,pacs.008,FAST,568.22,INR,**************0265,MY,103
8nf80g59-3514-3594-bsq3-19ai43637mt4,2026-07-11T09:59:27.156,core-banking,OK,pacs.008,FAST,568.22,INR,**************0265,MY,165
8nf80g59-3514-3594-bsq3-19ai43637mt4,2026-07-11T09:59:27.228,settlement,SETTLED,pacs.008,FAST,568.22,INR,**************0265,MY,381
3ke17j23-3605-7628-oxp2-83gw13825qo7,2026-07-09T10:17:29.173,gateway,OK,pacs.008,FAST,593.95,USD,**************7852,MY,28
3ke17j23-3605-7628-oxp2-83gw13825qo7,2026-07-09T10:17:59.203,auth,OK,pacs.008,FAST,593.95,USD,**************7852,MY,90
3ke17j23-3605-7628-oxp2-83gw13825qo7,2026-07-09T10:17:59.335,validation,OK,pacs.008,FAST,593.95,USD,**************7852,MY,59
3ke17j23-3605-7628-oxp2-83gw13825qo7,2026-07-09T10:17:59.563,aml,OK,pacs.008,FAST,593.95,USD,**************7852,MY,179
3ke17j23-3605-7628-oxp2-83gw13825qo7,2026-07-09T10:17:59.657,payment-hub,OK,pacs.008,FAST,593.95,USD,**************7852,MY,86
3ke17j23-3605-7628-oxp2-83gw13825qo7,2026-07-09T10:17:59.760,core-banking,OK,pacs.008,FAST,593.95,USD,**************7852,MY,108
3ke17j23-3605-7628-oxp2-83gw13825qo7,2026-07-09T10:17:59.818,settlement,SETTLED,pacs.008,FAST,593.95,USD,**************7852,MY,74
9zn37n46-4196-1445-duq8-37nq94459sp5,2026-07-11T06:52:10.646,gateway,OK,pacs.008,CARDS,789.65,SGD,**************6484,SG,49
9zn37n46-4196-1445-duq8-37nq94459sp5,2026-07-11T06:52:10.718,auth,OK,pacs.008,CARDS,789.65,SGD,**************6484,SG,25
9zn37n46-4196-1445-duq8-37nq94459sp5,2026-07-11T06:52:10.812,validation,OK,pacs.008,CARDS,789.65,SGD,**************6484,SG,34
9zn37n46-4196-1445-duq8-37nq94459sp5,2026-07-11T06:52:11.063,aml,TIMEOUT,pacs.008,CARDS,789.65,SGD,**************6484,SG,30000
9zn37n46-4196-1445-duq8-37nq94459sp5,2026-07-11T06:52:11.112,payment-hub,FAILED,pacs.008,CARDS,789.65,SGD,**************6484,SG,104
9qi52b73-6872-6460-rup3-31sa34534lz1,2026-07-02T08:44:53.473,gateway,OK,pacs.008,FAST,1260.4,MYR,**************6577,IN,28
9qi52b73-6872-6460-rup3-31sa34534lz1,2026-07-02T08:44:53.595,auth,OK,pacs.008,FAST,1260.4,MYR,**************6577,IN,39
9qi52b73-6872-6460-rup3-31sa34534lz1,2026-07-02T08:44:53.696,validation,OK,pacs.008,FAST,1260.4,MYR,**************6577,IN,97
9qi52b73-6872-6460-rup3-31sa34534lz1,2026-07-02T08:44:53.800,aml,TIMEOUT,pacs.008,FAST,1260.4,MYR,**************6577,IN,30000
9qi52b73-6872-6460-rup3-31sa34534lz1,2026-07-02T08:44:53.834,payment-hub,FAILED,pacs.008,FAST,1260.4,MYR,**************6577,IN,48
5jx76p98-3815-9844-ovv6-77nv65402lb4,2026-07-03T02:06:03.446,gateway,OK,pacs.008,SWIFT,3110.52,SGD,**************9434,SG,55
5jx76p98-3815-9844-ovv6-77nv65402lb4,2026-07-03T02:06:03.552,auth,OK,pacs.008,SWIFT,3110.52,SGD,**************9434,SG,28
5jx76p98-3815-9844-ovv6-77nv65402lb4,2026-07-03T02:06:03.639,validation,OK,pacs.008,SWIFT,3110.52,SGD,**************9434,SG,99
5jx76p98-3815-9844-ovv6-77nv65402lb4,2026-07-03T02:06:03.811,aml,OK,pacs.008,SWIFT,3110.52,SGD,**************9434,SG,96
5jx76p98-3815-9844-ovv6-77nv65402lb4,2026-07-03T02:06:03.904,payment-hub,OK,pacs.008,SWIFT,3110.52,SGD,**************9434,SG,102
5jx76p98-3815-9844-ovv6-77nv65402lb4,2026-07-03T02:06:04.000,core-banking,OK,pacs.008,SWIFT,3110.52,SGD,**************9434,SG,171
5jx76p98-3815-9844-ovv6-77nv65402lb4,2026-07-03T02:06:04.053,settlement,SETTLED,pacs.008,SWIFT,3110.52,SGD,**************9434,SG,342
1ba01c01-2595-3578-auh1-96te74528uh8,2026-07-06T00:29:27.991,gateway,OK,pacs.008,FAST,2969.89,SGD,**************2767,HK,39
1ba01c01-2595-3578-auh1-96te74528uh8,2026-07-06T00:29:28.153,auth,OK,pacs.008,FAST,2969.89,SGD,**************2767,HK,84
1ba01c01-2595-3578-auh1-96te74528uh8,2026-07-06T00:29:28.329,validation,OK,pacs.008,FAST,2969.89,SGD,**************2767,HK,81
1ba01c01-2595-3578-auh1-96te74528uh8,2026-07-06T00:29:28.423,aml,OK,pacs.008,FAST,2969.89,SGD,**************2767,HK,193
1ba01c01-2595-3578-auh1-96te74528uh8,2026-07-06T00:29:28.545,payment-hub,OK,pacs.008,FAST,2969.89,SGD,**************2767,HK,95
1ba01c01-2595-3578-auh1-96te74528uh8,2026-07-06T00:29:28.635,core-banking,OK,pacs.008,FAST,2969.89,SGD,**************2767,HK,76
1ba01c01-2595-3578-auh1-96te74528uh8,2026-07-06T00:29:28.661,settlement,SETTLED,pacs.008,FAST,2969.89,SGD,**************2767,HK,390
1lq96n42-1421-8550-iuv3-81pk10715lo9,2026-07-07T18:09:27.652,gateway,OK,pacs.008,FAST,174.61,SGD,**************9960,MY,41
1lq96n42-1421-8550-iuv3-81pk10715lo9,2026-07-07T18:09:27.726,auth,OK,pacs.008,FAST,174.61,SGD,**************9960,MY,67
1lq96n42-1421-8550-iuv3-81pk10715lo9,2026-07-07T18:09:27.788,validation,OK,pacs.008,FAST,174.61,SGD,**************9960,MY,46
1lq96n42-1421-8550-iuv3-81pk10715lo9,2026-07-07T18:09:27.888,aml,OK,pacs.008,FAST,174.61,SGD,**************9960,MY,164
1lq96n42-1421-8550-iuv3-81pk10715lo9,2026-07-07T18:09:27.997,payment-hub,OK,pacs.008,FAST,174.61,SGD,**************9960,MY,40
1lq96n42-1421-8550-iuv3-81pk10715lo9,2026-07-07T18:09:28.055,core-banking,OK,pacs.008,FAST,174.61,SGD,**************9960,MY,183
1lq96n42-1421-8550-iuv3-81pk10715lo9,2026-07-07T18:09:28.118,settlement,SETTLED,pacs.008,FAST,174.61,SGD,**************9960,MY,69
2su05u57-2252-5568-svy2-47sb09646oi4,2026-07-09T07:46:28.036,gateway,OK,pacs.008,SWIFT,2953.42,SGD,**************9120,HK,33
2su05u57-2252-5568-svy2-47sb09646oi4,2026-07-09T07:46:28.220,auth,OK,pacs.008,SWIFT,2953.42,SGD,**************9120,HK,76
2su05u57-2252-5568-svy2-47sb09646oi4,2026-07-09T07:46:28.472,validation,OK,pacs.008,SWIFT,2953.42,SGD,**************9120,HK,28
2su05u57-2252-5568-svy2-47sb09646oi4,2026-07-09T07:46:28.522,aml,OK,pacs.008,SWIFT,2953.42,SGD,**************9120,HK,115
2su05u57-2252-5568-svy2-47sb09646oi4,2026-07-09T07:46:28.625,payment-hub,OK,pacs.008,SWIFT,2953.42,SGD,**************9120,HK,86
2su05u57-2252-5568-svy2-47sb09646oi4,2026-07-09T07:46:28.711,core-banking,OK,pacs.008,SWIFT,2953.42,SGD,**************9120,HK,107
2su05u57-2252-5568-svy2-47sb09646oi4,2026-07-09T07:46:28.785,settlement,SETTLED,pacs.008,SWIFT,2953.42,SGD,**************9120,HK,305
0px13g83-1012-5983-bqd4-01ch35648ql2,2026-07-10T03:56:31.580,gateway,OK,MT103,CARDS,256.08,EUR,**************6120,MY,57
0px13g83-1012-5983-bqd4-01ch35648ql2,2026-07-10T03:56:31.710,auth,OK,MT103,CARDS,256.08,EUR,**************6120,MY,58
0px13g83-1012-5983-bqd4-01ch35648ql2,2026-07-10T03:56:31.956,validation,OK,MT103,CARDS,256.08,EUR,**************6120,MY,64
0px13g83-1012-5983-bqd4-01ch35648ql2,2026-07-10T03:56:32.093,aml,OK,MT103,CARDS,256.08,EUR,**************6120,MY,264
0px13g83-1012-5983-bqd4-01ch35648ql2,2026-07-10T03:56:32.223,payment-hub,OK,MT103,CARDS,256.08,EUR,**************6120,MY,134
0px13g83-1012-5983-bqd4-01ch35648ql2,2026-07-10T03:56:32.334,core-banking,OK,MT103,CARDS,256.08,EUR,**************6120,MY,201
0px13g83-1012-5983-bqd4-01ch35648ql2,2026-07-10T03:56:32.616,settlement,SETTLED,MT103,CARDS,256.08,EUR,**************6120,MY,132
3ri44w51-2230-8275-imw2-68gw05126zq0,2026-07-11T08:26:06.955,gateway,OK,pacs.008,FAST,281.02,USD,**************8623,SG,33
3ri44w51-2230-8275-imw2-68gw05126zq0,2026-07-11T08:26:07.095,auth,OK,pacs.008,FAST,281.02,USD,**************8623,SG,28
3ri44w51-2230-8275-imw2-68gw05126zq0,2026-07-11T08:26:07.165,validation,OK,pacs.008,FAST,281.02,USD,**************8623,SG,90
3ri44w51-2230-8275-imw2-68gw05126zq0,2026-07-11T08:26:07.277,aml,TIMEOUT,pacs.008,FAST,281.02,USD,**************8623,SG,30000
3ri44w51-2230-8275-imw2-68gw05126zq0,2026-07-11T08:26:07.359,payment-hub,FAILED,pacs.008,FAST,281.02,USD,**************8623,SG,67
9vm17o65-4582-5987-cqe3-26qd45541da5,2026-07-12T02:53:49.791,gateway,OK,0200,FAST,379.32,SGD,**************6277,MY,48
9vm17o65-4582-5987-cqe3-26qd45541da5,2026-07-12T02:53:50.022,auth,OK,0200,FAST,379.32,SGD,**************6277,MY,49
9vm17o65-4582-5987-cqe3-26qd45541da5,2026-07-12T02:53:50.138,validation,OK,0200,FAST,379.32,SGD,**************6277,MY,46
9vm17o65-4582-5987-cqe3-26qd45541da5,2026-07-12T02:53:50.270,aml,OK,0200,FAST,379.32,SGD,**************6277,MY,117
9vm17o65-4582-5987-cqe3-26qd45541da5,2026-07-12T02:53:50.366,payment-hub,OK,0200,FAST,379.32,SGD,**************6277,MY,86
9vm17o65-4582-5987-cqe3-26qd45541da5,2026-07-12T02:53:50.475,core-banking,OK,0200,FAST,379.32,SGD,**************6277,MY,212
9vm17o65-4582-5987-cqe3-26qd45541da5,2026-07-12T02:53:50.553,settlement,SETTLED,0200,FAST,379.32,SGD,**************6277,MY,155
3dg74i65-6496-2456-ilt9-56us27567xv8,2026-07-06T20:20:34.243,gateway,OK,MT103,FAST,2022.13,MYR,**************0520,GB,60
3dg74i65-6496-2456-ilt9-56us27567xv8,2026-07-06T20:20:34.379,auth,OK,MT103,FAST,2022.13,MYR,**************0520,GB,38
3dg74i65-6496-2456-ilt9-56us27567xv8,2026-07-06T20:20:34.427,validation,OK,MT103,FAST,2022.13,MYR,**************0520,GB,94
3dg74i65-6496-2456-ilt9-56us27567xv8,2026-07-06T20:20:34.543,aml,OK,MT103,FAST,2022.13,MYR,**************0520,GB,194
3dg74i65-6496-2456-ilt9-56us27567xv8,2026-07-06T20:20:34.610,payment-hub,OK,MT103,FAST,2022.13,MYR,**************0520,GB,145
3dg74i65-6496-2456-ilt9-56us27567xv8,2026-07-06T20:20:34.668,core-banking,OK,MT103,FAST,2022.13,MYR,**************0520,GB,111
3dg74i65-6496-2456-ilt9-56us27567xv8,2026-07-06T20:20:34.787,settlement,SETTLED,MT103,FAST,2022.13,MYR,**************0520,GB,243
6mk64j60-1508-3500-flb4-09bk40683py1,2026-07-08T08:41:43.462,gateway,OK,pacs.008,FAST,2346.38,SGD,**************3760,SG,51
6mk64j60-1508-3500-flb4-09bk40683py1,2026-07-08T08:41:43.637,auth,OK,pacs.008,FAST,2346.38,SGD,**************3760,SG,90
6mk64j60-1508-3500-flb4-09bk40683py1,2026-07-08T08:41:43.731,validation,OK,pacs.008,FAST,2346.38,SGD,**************3760,SG,45
6mk64j60-1508-3500-flb4-09bk40683py1,2026-07-08T08:42:13.770,aml,OK,pacs.008,FAST,2346.38,SGD,**************3760,SG,133
6mk64j60-1508-3500-flb4-09bk40683py1,2026-07-08T08:42:13.895,payment-hub,OK,pacs.008,FAST,2346.38,SGD,**************3760,SG,113
6mk64j60-1508-3500-flb4-09bk40683py1,2026-07-08T08:42:13.956,core-banking,OK,pacs.008,FAST,2346.38,SGD,**************3760,SG,131
6mk64j60-1508-3500-flb4-09bk40683py1,2026-07-08T08:42:14.061,settlement,SETTLED,pacs.008,FAST,2346.38,SGD,**************3760,SG,213
7xr98u40-4694-6308-tcp9-74mf76230zi4,2026-07-07T13:47:44.906,gateway,OK,pacs.008,SWIFT,415.14,SGD,**************3496,US,17
7xr98u40-4694-6308-tcp9-74mf76230zi4,2026-07-07T13:47:44.974,auth,OK,pacs.008,SWIFT,415.14,SGD,**************3496,US,38
7xr98u40-4694-6308-tcp9-74mf76230zi4,2026-07-07T13:47:45.122,validation,OK,pacs.008,SWIFT,415.14,SGD,**************3496,US,30
7xr98u40-4694-6308-tcp9-74mf76230zi4,2026-07-07T13:47:45.229,aml,OK,pacs.008,SWIFT,415.14,SGD,**************3496,US,217
7xr98u40-4694-6308-tcp9-74mf76230zi4,2026-07-07T13:47:45.328,payment-hub,OK,pacs.008,SWIFT,415.14,SGD,**************3496,US,85
7xr98u40-4694-6308-tcp9-74mf76230zi4,2026-07-07T13:47:45.392,core-banking,OK,pacs.008,SWIFT,415.14,SGD,**************3496,US,106
7xr98u40-4694-6308-tcp9-74mf76230zi4,2026-07-07T13:47:45.444,settlement,SETTLED,pacs.008,SWIFT,415.14,SGD,**************3496,US,176
4sp98w14-4941-4701-hoo4-32em40674kh6,2026-07-10T17:43:37.271,gateway,OK,pacs.008,FAST,345.15,SGD,**************3814,US,26
4sp98w14-4941-4701-hoo4-32em40674kh6,2026-07-10T17:43:37.347,auth,OK,pacs.008,FAST,345.15,SGD,**************3814,US,78
4sp98w14-4941-4701-hoo4-32em40674kh6,2026-07-10T17:43:37.440,validation,OK,pacs.008,FAST,345.15,SGD,**************3814,US,87
4sp98w14-4941-4701-hoo4-32em40674kh6,2026-07-10T17:43:37.609,aml,OK,pacs.008,FAST,345.15,SGD,**************3814,US,256
4sp98w14-4941-4701-hoo4-32em40674kh6,2026-07-10T17:43:37.707,payment-hub,OK,pacs.008,FAST,345.15,SGD,**************3814,US,107
4sp98w14-4941-4701-hoo4-32em40674kh6,2026-07-10T17:43:37.802,core-banking,OK,pacs.008,FAST,345.15,SGD,**************3814,US,132
4sp98w14-4941-4701-hoo4-32em40674kh6,2026-07-10T17:43:37.887,settlement,SETTLED,pacs.008,FAST,345.15,SGD,**************3814,US,84
8eu23s02-7716-0150-mrl3-34iy31182ls2,2026-07-12T23:31:07.236,gateway,OK,pacs.008,FAST,376.72,INR,**************8537,IN,42
8eu23s02-7716-0150-mrl3-34iy31182ls2,2026-07-12T23:31:07.325,auth,OK,pacs.008,FAST,376.72,INR,**************8537,IN,60
8eu23s02-7716-0150-mrl3-34iy31182ls2,2026-07-12T23:31:07.392,validation,OK,pacs.008,FAST,376.72,INR,**************8537,IN,108
8eu23s02-7716-0150-mrl3-34iy31182ls2,2026-07-12T23:31:07.456,aml,OK,pacs.008,FAST,376.72,INR,**************8537,IN,209
8eu23s02-7716-0150-mrl3-34iy31182ls2,2026-07-12T23:31:07.545,payment-hub,OK,pacs.008,FAST,376.72,INR,**************8537,IN,78
8eu23s02-7716-0150-mrl3-34iy31182ls2,2026-07-12T23:31:07.671,core-banking,OK,pacs.008,FAST,376.72,INR,**************8537,IN,169
8eu23s02-7716-0150-mrl3-34iy31182ls2,2026-07-12T23:31:07.758,settlement,SETTLED,pacs.008,FAST,376.72,INR,**************8537,IN,209
6ej92k37-8951-2557-xhq5-70cn74191gl3,2026-07-09T07:16:07.933,gateway,OK,pacs.008,SWIFT,2554.45,SGD,**************6107,SG,35
6ej92k37-8951-2557-xhq5-70cn74191gl3,2026-07-09T07:16:07.997,auth,OK,pacs.008,SWIFT,2554.45,SGD,**************6107,SG,68
6ej92k37-8951-2557-xhq5-70cn74191gl3,2026-07-09T07:16:08.119,validation,OK,pacs.008,SWIFT,2554.45,SGD,**************6107,SG,77
6ej92k37-8951-2557-xhq5-70cn74191gl3,2026-07-09T07:16:08.158,aml,OK,pacs.008,SWIFT,2554.45,SGD,**************6107,SG,178
6ej92k37-8951-2557-xhq5-70cn74191gl3,2026-07-09T07:16:08.276,payment-hub,OK,pacs.008,SWIFT,2554.45,SGD,**************6107,SG,73
6ej92k37-8951-2557-xhq5-70cn74191gl3,2026-07-09T07:16:08.342,core-banking,OK,pacs.008,SWIFT,2554.45,SGD,**************6107,SG,72
6ej92k37-8951-2557-xhq5-70cn74191gl3,2026-07-09T07:16:08.436,settlement,SETTLED,pacs.008,SWIFT,2554.45,SGD,**************6107,SG,302
3na68k59-7579-6795-cpe3-24dh71811fj8,2026-07-09T11:52:09.154,gateway,OK,MT103,FAST,79.19,SGD,**************4177,SG,45
3na68k59-7579-6795-cpe3-24dh71811fj8,2026-07-09T11:52:09.194,auth,OK,MT103,FAST,79.19,SGD,**************4177,SG,43
3na68k59-7579-6795-cpe3-24dh71811fj8,2026-07-09T11:52:09.262,validation,OK,MT103,FAST,79.19,SGD,**************4177,SG,109
3na68k59-7579-6795-cpe3-24dh71811fj8,2026-07-09T11:52:09.374,aml,TIMEOUT,MT103,FAST,79.19,SGD,**************4177,SG,30000
3na68k59-7579-6795-cpe3-24dh71811fj8,2026-07-09T11:52:09.532,payment-hub,FAILED,MT103,FAST,79.19,SGD,**************4177,SG,145
9jr45z32-9323-5505-rff9-83in42276vd4,2026-07-03T13:36:55.415,gateway,OK,MT103,FAST,2666.3,EUR,**************1786,IN,54
9jr45z32-9323-5505-rff9-83in42276vd4,2026-07-03T13:36:55.481,auth,OK,MT103,FAST,2666.3,EUR,**************1786,IN,42
9jr45z32-9323-5505-rff9-83in42276vd4,2026-07-03T13:36:55.535,validation,OK,MT103,FAST,2666.3,EUR,**************1786,IN,31
9jr45z32-9323-5505-rff9-83in42276vd4,2026-07-03T13:36:55.605,aml,OK,MT103,FAST,2666.3,EUR,**************1786,IN,234
9jr45z32-9323-5505-rff9-83in42276vd4,2026-07-03T13:36:55.833,payment-hub,OK,MT103,FAST,2666.3,EUR,**************1786,IN,147
9jr45z32-9323-5505-rff9-83in42276vd4,2026-07-03T13:36:55.992,core-banking,OK,MT103,FAST,2666.3,EUR,**************1786,IN,115
9jr45z32-9323-5505-rff9-83in42276vd4,2026-07-03T13:36:56.073,settlement,SETTLED,MT103,FAST,2666.3,EUR,**************1786,IN,252
5tq07r86-4309-5037-lyl6-07hs48968tm5,2026-07-02T07:45:39.103,gateway,OK,pacs.008,FAST,1211.52,SGD,**************7910,SG,33
5tq07r86-4309-5037-lyl6-07hs48968tm5,2026-07-02T07:45:39.161,auth,OK,pacs.008,FAST,1211.52,SGD,**************7910,SG,23
5tq07r86-4309-5037-lyl6-07hs48968tm5,2026-07-02T07:45:39.280,validation,OK,pacs.008,FAST,1211.52,SGD,**************7910,SG,113
5tq07r86-4309-5037-lyl6-07hs48968tm5,2026-07-02T07:45:39.494,aml,OK,pacs.008,FAST,1211.52,SGD,**************7910,SG,186
5tq07r86-4309-5037-lyl6-07hs48968tm5,2026-07-02T07:45:39.790,payment-hub,OK,pacs.008,FAST,1211.52,SGD,**************7910,SG,63
5tq07r86-4309-5037-lyl6-07hs48968tm5,2026-07-02T07:45:40.056,core-banking,OK,pacs.008,FAST,1211.52,SGD,**************7910,SG,206
5tq07r86-4309-5037-lyl6-07hs48968tm5,2026-07-02T07:45:40.166,settlement,SETTLED,pacs.008,FAST,1211.52,SGD,**************7910,SG,129
8bd04j19-9198-6834-jdl6-14om47266cq9,2026-07-06T05:51:29.830,gateway,OK,pacs.008,SWIFT,8148.74,SGD,**************3523,MY,50
8bd04j19-9198-6834-jdl6-14om47266cq9,2026-07-06T05:51:29.924,auth,OK,pacs.008,SWIFT,8148.74,SGD,**************3523,MY,23
8bd04j19-9198-6834-jdl6-14om47266cq9,2026-07-06T05:51:30.050,validation,OK,pacs.008,SWIFT,8148.74,SGD,**************3523,MY,75
8bd04j19-9198-6834-jdl6-14om47266cq9,2026-07-06T05:51:30.132,aml,OK,pacs.008,SWIFT,8148.74,SGD,**************3523,MY,281
8bd04j19-9198-6834-jdl6-14om47266cq9,2026-07-06T05:51:30.327,payment-hub,OK,pacs.008,SWIFT,8148.74,SGD,**************3523,MY,90
8bd04j19-9198-6834-jdl6-14om47266cq9,2026-07-06T05:51:30.407,core-banking,OK,pacs.008,SWIFT,8148.74,SGD,**************3523,MY,58
8bd04j19-9198-6834-jdl6-14om47266cq9,2026-07-06T05:51:30.574,settlement,SETTLED,pacs.008,SWIFT,8148.74,SGD,**************3523,MY,115
3ob74e91-3630-6534-xia5-99ul82346pb0,2026-07-04T08:12:15.091,gateway,OK,MT103,FAST,249.75,INR,**************0371,GB,37
3ob74e91-3630-6534-xia5-99ul82346pb0,2026-07-04T08:12:15.335,auth,OK,MT103,FAST,249.75,INR,**************0371,GB,90
3ob74e91-3630-6534-xia5-99ul82346pb0,2026-07-04T08:12:15.555,validation,OK,MT103,FAST,249.75,INR,**************0371,GB,47
3ob74e91-3630-6534-xia5-99ul82346pb0,2026-07-04T08:12:15.858,aml,OK,MT103,FAST,249.75,INR,**************0371,GB,268
3ob74e91-3630-6534-xia5-99ul82346pb0,2026-07-04T08:12:15.942,payment-hub,OK,MT103,FAST,249.75,INR,**************0371,GB,75
3ob74e91-3630-6534-xia5-99ul82346pb0,2026-07-04T08:12:15.994,core-banking,OK,MT103,FAST,249.75,INR,**************0371,GB,76
3ob74e91-3630-6534-xia5-99ul82346pb0,2026-07-04T08:12:16.077,settlement,SETTLED,MT103,FAST,249.75,INR,**************0371,GB,126
4cq52b53-1726-8508-kep6-16rc63079dm3,2026-07-11T08:03:24.640,gateway,OK,0200,FAST,3018.65,USD,**************8022,MY,55
4cq52b53-1726-8508-kep6-16rc63079dm3,2026-07-11T08:03:24.722,auth,OK,0200,FAST,3018.65,USD,**************8022,MY,65
4cq52b53-1726-8508-kep6-16rc63079dm3,2026-07-11T08:03:24.803,validation,OK,0200,FAST,3018.65,USD,**************8022,MY,68
4cq52b53-1726-8508-kep6-16rc63079dm3,2026-07-11T08:03:24.925,aml,OK,0200,FAST,3018.65,USD,**************8022,MY,165
4cq52b53-1726-8508-kep6-16rc63079dm3,2026-07-11T08:03:25.041,payment-hub,OK,0200,FAST,3018.65,USD,**************8022,MY,114
4cq52b53-1726-8508-kep6-16rc63079dm3,2026-07-11T08:03:25.181,core-banking,OK,0200,FAST,3018.65,USD,**************8022,MY,73
4cq52b53-1726-8508-kep6-16rc63079dm3,2026-07-11T08:03:25.310,settlement,SETTLED,0200,FAST,3018.65,USD,**************8022,MY,131
0kw25t37-8937-0023-fkg6-79lj31096hx3,2026-07-12T08:04:47.373,gateway,OK,0200,FAST,3009.36,SGD,**************6083,SG,25
0kw25t37-8937-0023-fkg6-79lj31096hx3,2026-07-12T08:04:47.438,auth,OK,0200,FAST,3009.36,SGD,**************6083,SG,41
0kw25t37-8937-0023-fkg6-79lj31096hx3,2026-07-12T08:04:47.643,validation,OK,0200,FAST,3009.36,SGD,**************6083,SG,64
0kw25t37-8937-0023-fkg6-79lj31096hx3,2026-07-12T08:04:47.769,aml,OK,0200,FAST,3009.36,SGD,**************6083,SG,206
0kw25t37-8937-0023-fkg6-79lj31096hx3,2026-07-12T08:04:47.890,payment-hub,OK,0200,FAST,3009.36,SGD,**************6083,SG,125
0kw25t37-8937-0023-fkg6-79lj31096hx3,2026-07-12T08:04:47.961,core-banking,OK,0200,FAST,3009.36,SGD,**************6083,SG,118
0kw25t37-8937-0023-fkg6-79lj31096hx3,2026-07-12T08:04:48.063,settlement,SETTLED,0200,FAST,3009.36,SGD,**************6083,SG,278
5ry96h65-0281-0603-rwe4-94av56109jx0,2026-07-15T02:18:08.787,gateway,OK,pacs.008,SWIFT,476.92,EUR,**************4252,SG,59
5ry96h65-0281-0603-rwe4-94av56109jx0,2026-07-15T02:18:08.876,auth,OK,pacs.008,SWIFT,476.92,EUR,**************4252,SG,86
5ry96h65-0281-0603-rwe4-94av56109jx0,2026-07-15T02:18:08.922,validation,OK,pacs.008,SWIFT,476.92,EUR,**************4252,SG,42
5ry96h65-0281-0603-rwe4-94av56109jx0,2026-07-15T02:18:08.979,aml,OK,pacs.008,SWIFT,476.92,EUR,**************4252,SG,126
5ry96h65-0281-0603-rwe4-94av56109jx0,2026-07-15T02:18:09.117,payment-hub,OK,pacs.008,SWIFT,476.92,EUR,**************4252,SG,118
5ry96h65-0281-0603-rwe4-94av56109jx0,2026-07-15T02:18:09.160,core-banking,OK,pacs.008,SWIFT,476.92,EUR,**************4252,SG,197
5ry96h65-0281-0603-rwe4-94av56109jx0,2026-07-15T02:18:09.230,settlement,SETTLED,pacs.008,SWIFT,476.92,EUR,**************4252,SG,314
9tx63h95-2583-5734-dyo5-22yy32118ds7,2026-07-01T10:41:53.083,gateway,OK,pacs.008,FAST,578.0,EUR,**************7164,US,16
9tx63h95-2583-5734-dyo5-22yy32118ds7,2026-07-01T10:41:53.158,auth,OK,pacs.008,FAST,578.0,EUR,**************7164,US,55
9tx63h95-2583-5734-dyo5-22yy32118ds7,2026-07-01T10:41:53.265,validation,OK,pacs.008,FAST,578.0,EUR,**************7164,US,38
9tx63h95-2583-5734-dyo5-22yy32118ds7,2026-07-01T10:41:53.426,aml,OK,pacs.008,FAST,578.0,EUR,**************7164,US,233
9tx63h95-2583-5734-dyo5-22yy32118ds7,2026-07-01T10:41:53.757,payment-hub,OK,pacs.008,FAST,578.0,EUR,**************7164,US,119
9tx63h95-2583-5734-dyo5-22yy32118ds7,2026-07-01T10:41:53.871,core-banking,OK,pacs.008,FAST,578.0,EUR,**************7164,US,85
9tx63h95-2583-5734-dyo5-22yy32118ds7,2026-07-01T10:41:53.955,settlement,SETTLED,pacs.008,FAST,578.0,EUR,**************7164,US,351
4lj52n45-4100-0288-roi7-80yb12733gc1,2026-07-07T05:23:17.567,gateway,OK,MT103,FAST,195.93,SGD,**************2234,SG,44
4lj52n45-4100-0288-roi7-80yb12733gc1,2026-07-07T05:23:17.663,auth,OK,MT103,FAST,195.93,SGD,**************2234,SG,47
4lj52n45-4100-0288-roi7-80yb12733gc1,2026-07-07T05:23:17.803,validation,OK,MT103,FAST,195.93,SGD,**************2234,SG,52
4lj52n45-4100-0288-roi7-80yb12733gc1,2026-07-07T05:23:17.918,aml,OK,MT103,FAST,195.93,SGD,**************2234,SG,205
4lj52n45-4100-0288-roi7-80yb12733gc1,2026-07-07T05:23:18.042,payment-hub,OK,MT103,FAST,195.93,SGD,**************2234,SG,118
4lj52n45-4100-0288-roi7-80yb12733gc1,2026-07-07T05:23:18.103,core-banking,OK,MT103,FAST,195.93,SGD,**************2234,SG,214
4lj52n45-4100-0288-roi7-80yb12733gc1,2026-07-07T05:23:18.250,settlement,SETTLED,MT103,FAST,195.93,SGD,**************2234,SG,348
8ep46k97-5868-5037-mlz2-13cg42665dr3,2026-07-02T11:17:11.979,gateway,OK,pacs.008,FAST,3720.7,SGD,**************8304,IN,42
8ep46k97-5868-5037-mlz2-13cg42665dr3,2026-07-02T11:17:12.112,auth,OK,pacs.008,FAST,3720.7,SGD,**************8304,IN,73
8ep46k97-5868-5037-mlz2-13cg42665dr3,2026-07-02T11:17:12.155,validation,REJECTED,pacs.008,FAST,3720.7,SGD,**************8304,IN,79
9tm99e81-9175-7711-lss1-20id52861kj7,2026-07-06T00:55:38.423,gateway,OK,pacs.008,FAST,1385.81,SGD,**************8673,MY,53
9tm99e81-9175-7711-lss1-20id52861kj7,2026-07-06T00:55:38.548,auth,OK,pacs.008,FAST,1385.81,SGD,**************8673,MY,72
9tm99e81-9175-7711-lss1-20id52861kj7,2026-07-06T00:55:38.703,validation,REJECTED,pacs.008,FAST,1385.81,SGD,**************8673,MY,58
3pd90w03-2003-3065-gug7-80dq21601tv7,2026-07-03T05:10:25.040,gateway,OK,pacs.008,FAST,368.89,SGD,**************3589,US,54
3pd90w03-2003-3065-gug7-80dq21601tv7,2026-07-03T05:10:25.177,auth,OK,pacs.008,FAST,368.89,SGD,**************3589,US,67
3pd90w03-2003-3065-gug7-80dq21601tv7,2026-07-03T05:10:25.467,validation,OK,pacs.008,FAST,368.89,SGD,**************3589,US,64
3pd90w03-2003-3065-gug7-80dq21601tv7,2026-07-03T05:10:25.788,aml,OK,pacs.008,FAST,368.89,SGD,**************3589,US,247
3pd90w03-2003-3065-gug7-80dq21601tv7,2026-07-03T05:10:25.845,payment-hub,OK,pacs.008,FAST,368.89,SGD,**************3589,US,122
3pd90w03-2003-3065-gug7-80dq21601tv7,2026-07-03T05:10:25.910,core-banking,OK,pacs.008,FAST,368.89,SGD,**************3589,US,113
3pd90w03-2003-3065-gug7-80dq21601tv7,2026-07-03T05:10:25.970,settlement,SETTLED,pacs.008,FAST,368.89,SGD,**************3589,US,75
9zn45h18-2351-1352-fey8-77zl48693qx3,2026-07-08T03:44:32.122,gateway,OK,pacs.008,FAST,3466.35,SGD,**************3521,SG,55
9zn45h18-2351-1352-fey8-77zl48693qx3,2026-07-08T03:44:32.170,auth,OK,pacs.008,FAST,3466.35,SGD,**************3521,SG,59
9zn45h18-2351-1352-fey8-77zl48693qx3,2026-07-08T03:44:32.231,validation,OK,pacs.008,FAST,3466.35,SGD,**************3521,SG,78
9zn45h18-2351-1352-fey8-77zl48693qx3,2026-07-08T03:44:32.341,aml,OK,pacs.008,FAST,3466.35,SGD,**************3521,SG,165
9zn45h18-2351-1352-fey8-77zl48693qx3,2026-07-08T03:44:32.408,payment-hub,OK,pacs.008,FAST,3466.35,SGD,**************3521,SG,118
9zn45h18-2351-1352-fey8-77zl48693qx3,2026-07-08T03:44:32.515,core-banking,OK,pacs.008,FAST,3466.35,SGD,**************3521,SG,87
9zn45h18-2351-1352-fey8-77zl48693qx3,2026-07-08T03:44:32.591,settlement,SETTLED,pacs.008,FAST,3466.35,SGD,**************3521,SG,237
0tf38y03-7238-8830-ubn0-86zi47128da7,2026-07-08T03:01:17.576,gateway,OK,MT103,FAST,610.33,MYR,**************7247,SG,42
0tf38y03-7238-8830-ubn0-86zi47128da7,2026-07-08T03:01:17.788,auth,OK,MT103,FAST,610.33,MYR,**************7247,SG,30
0tf38y03-7238-8830-ubn0-86zi47128da7,2026-07-08T03:01:17.849,validation,OK,MT103,FAST,610.33,MYR,**************7247,SG,119
0tf38y03-7238-8830-ubn0-86zi47128da7,2026-07-08T03:01:17.879,aml,OK,MT103,FAST,610.33,MYR,**************7247,SG,295
0tf38y03-7238-8830-ubn0-86zi47128da7,2026-07-08T03:01:17.962,payment-hub,OK,MT103,FAST,610.33,MYR,**************7247,SG,124
0tf38y03-7238-8830-ubn0-86zi47128da7,2026-07-08T03:01:18.099,core-banking,OK,MT103,FAST,610.33,MYR,**************7247,SG,226
0tf38y03-7238-8830-ubn0-86zi47128da7,2026-07-08T03:01:18.147,settlement,SETTLED,MT103,FAST,610.33,MYR,**************7247,SG,227
0gq27m40-7544-2000-byg8-22pe35763xq1,2026-07-11T04:10:55.802,gateway,OK,pacs.008,FAST,2998.66,INR,**************3554,IN,60
0gq27m40-7544-2000-byg8-22pe35763xq1,2026-07-11T04:10:55.899,auth,OK,pacs.008,FAST,2998.66,INR,**************3554,IN,87
0gq27m40-7544-2000-byg8-22pe35763xq1,2026-07-11T04:10:56.051,validation,OK,pacs.008,FAST,2998.66,INR,**************3554,IN,61
0gq27m40-7544-2000-byg8-22pe35763xq1,2026-07-11T04:10:56.189,aml,OK,pacs.008,FAST,2998.66,INR,**************3554,IN,288
0gq27m40-7544-2000-byg8-22pe35763xq1,2026-07-11T04:10:56.257,payment-hub,OK,pacs.008,FAST,2998.66,INR,**************3554,IN,125
0gq27m40-7544-2000-byg8-22pe35763xq1,2026-07-11T04:10:56.295,core-banking,OK,pacs.008,FAST,2998.66,INR,**************3554,IN,93
0gq27m40-7544-2000-byg8-22pe35763xq1,2026-07-11T04:10:56.325,settlement,SETTLED,pacs.008,FAST,2998.66,INR,**************3554,IN,108
8zo72i33-7570-5642-qrv1-26ru98375cf7,2026-07-08T06:35:38.894,gateway,OK,MT103,FAST,1301.5,GBP,**************6978,SG,39
8zo72i33-7570-5642-qrv1-26ru98375cf7,2026-07-08T06:35:38.961,auth,OK,MT103,FAST,1301.5,GBP,**************6978,SG,23
8zo72i33-7570-5642-qrv1-26ru98375cf7,2026-07-08T06:35:39.207,validation,OK,MT103,FAST,1301.5,GBP,**************6978,SG,109
8zo72i33-7570-5642-qrv1-26ru98375cf7,2026-07-08T06:35:39.384,aml,OK,MT103,FAST,1301.5,GBP,**************6978,SG,288
8zo72i33-7570-5642-qrv1-26ru98375cf7,2026-07-08T06:35:39.447,payment-hub,OK,MT103,FAST,1301.5,GBP,**************6978,SG,42
8zo72i33-7570-5642-qrv1-26ru98375cf7,2026-07-08T06:35:39.572,core-banking,OK,MT103,FAST,1301.5,GBP,**************6978,SG,158
8zo72i33-7570-5642-qrv1-26ru98375cf7,2026-07-08T06:35:39.703,settlement,SETTLED,MT103,FAST,1301.5,GBP,**************6978,SG,354
7fc34k04-7794-0541-qte7-81vh10960me3,2026-07-13T09:06:31.479,gateway,OK,MT103,FAST,925.88,SGD,**************1449,SG,40
7fc34k04-7794-0541-qte7-81vh10960me3,2026-07-13T09:06:31.588,auth,OK,MT103,FAST,925.88,SGD,**************1449,SG,69
7fc34k04-7794-0541-qte7-81vh10960me3,2026-07-13T09:06:31.713,validation,OK,MT103,FAST,925.88,SGD,**************1449,SG,85
7fc34k04-7794-0541-qte7-81vh10960me3,2026-07-13T09:06:31.792,aml,OK,MT103,FAST,925.88,SGD,**************1449,SG,239
7fc34k04-7794-0541-qte7-81vh10960me3,2026-07-13T09:06:31.842,payment-hub,OK,MT103,FAST,925.88,SGD,**************1449,SG,129
7fc34k04-7794-0541-qte7-81vh10960me3,2026-07-13T09:06:31.903,core-banking,OK,MT103,FAST,925.88,SGD,**************1449,SG,240
7fc34k04-7794-0541-qte7-81vh10960me3,2026-07-13T09:06:32.008,settlement,SETTLED,MT103,FAST,925.88,SGD,**************1449,SG,350
6pw11l19-5225-9202-ast6-47qo29236sc5,2026-07-05T23:29:09.488,gateway,OK,pacs.008,SWIFT,393.07,SGD,**************2825,SG,33
6pw11l19-5225-9202-ast6-47qo29236sc5,2026-07-05T23:29:09.532,auth,OK,pacs.008,SWIFT,393.07,SGD,**************2825,SG,72
6pw11l19-5225-9202-ast6-47qo29236sc5,2026-07-05T23:29:09.630,validation,OK,pacs.008,SWIFT,393.07,SGD,**************2825,SG,109
6pw11l19-5225-9202-ast6-47qo29236sc5,2026-07-05T23:29:09.764,aml,OK,pacs.008,SWIFT,393.07,SGD,**************2825,SG,54
6pw11l19-5225-9202-ast6-47qo29236sc5,2026-07-05T23:29:09.838,payment-hub,OK,pacs.008,SWIFT,393.07,SGD,**************2825,SG,130
6pw11l19-5225-9202-ast6-47qo29236sc5,2026-07-05T23:29:09.875,core-banking,OK,pacs.008,SWIFT,393.07,SGD,**************2825,SG,174
6pw11l19-5225-9202-ast6-47qo29236sc5,2026-07-05T23:29:10.124,settlement,SETTLED,pacs.008,SWIFT,393.07,SGD,**************2825,SG,263
0yd96d18-2454-1314-vyk2-08mb87851fm6,2026-07-02T22:39:25.486,gateway,OK,pacs.008,SWIFT,253.35,USD,**************1246,SG,42
0yd96d18-2454-1314-vyk2-08mb87851fm6,2026-07-02T22:39:25.515,auth,OK,pacs.008,SWIFT,253.35,USD,**************1246,SG,54
0yd96d18-2454-1314-vyk2-08mb87851fm6,2026-07-02T22:39:25.575,validation,OK,pacs.008,SWIFT,253.35,USD,**************1246,SG,85
0yd96d18-2454-1314-vyk2-08mb87851fm6,2026-07-02T22:39:25.625,aml,OK,pacs.008,SWIFT,253.35,USD,**************1246,SG,235
0yd96d18-2454-1314-vyk2-08mb87851fm6,2026-07-02T22:39:25.673,payment-hub,OK,pacs.008,SWIFT,253.35,USD,**************1246,SG,90
0yd96d18-2454-1314-vyk2-08mb87851fm6,2026-07-02T22:39:25.751,core-banking,OK,pacs.008,SWIFT,253.35,USD,**************1246,SG,216
0yd96d18-2454-1314-vyk2-08mb87851fm6,2026-07-02T22:39:25.862,settlement,SETTLED,pacs.008,SWIFT,253.35,USD,**************1246,SG,136
8ox79r86-2441-2956-wub1-64zd48940tf1,2026-07-05T22:33:27.865,gateway,OK,pacs.008,SWIFT,1082.42,SGD,**************6222,MY,20
8ox79r86-2441-2956-wub1-64zd48940tf1,2026-07-05T22:33:27.938,auth,OK,pacs.008,SWIFT,1082.42,SGD,**************6222,MY,65
8ox79r86-2441-2956-wub1-64zd48940tf1,2026-07-05T22:33:28.156,validation,REJECTED,pacs.008,SWIFT,1082.42,SGD,**************6222,MY,96
1hi58x04-1290-3592-rqy7-93hl09165fh1,2026-07-13T10:14:49.151,gateway,OK,pacs.008,SWIFT,674.8,USD,**************1150,GB,16
1hi58x04-1290-3592-rqy7-93hl09165fh1,2026-07-13T10:14:49.249,auth,OK,pacs.008,SWIFT,674.8,USD,**************1150,GB,88
1hi58x04-1290-3592-rqy7-93hl09165fh1,2026-07-13T10:14:49.289,validation,OK,pacs.008,SWIFT,674.8,USD,**************1150,GB,85
1hi58x04-1290-3592-rqy7-93hl09165fh1,2026-07-13T10:14:49.358,aml,OK,pacs.008,SWIFT,674.8,USD,**************1150,GB,145
1hi58x04-1290-3592-rqy7-93hl09165fh1,2026-07-13T10:14:49.532,payment-hub,OK,pacs.008,SWIFT,674.8,USD,**************1150,GB,148
1hi58x04-1290-3592-rqy7-93hl09165fh1,2026-07-13T10:14:49.655,core-banking,OK,pacs.008,SWIFT,674.8,USD,**************1150,GB,126
1hi58x04-1290-3592-rqy7-93hl09165fh1,2026-07-13T10:14:49.711,settlement,SETTLED,pacs.008,SWIFT,674.8,USD,**************1150,GB,208
0ne24x67-2999-7376-jxw2-57id62907ze8,2026-07-14T23:44:02.709,gateway,OK,pacs.008,FAST,3191.85,SGD,**************5863,GB,20
0ne24x67-2999-7376-jxw2-57id62907ze8,2026-07-14T23:44:02.807,auth,OK,pacs.008,FAST,3191.85,SGD,**************5863,GB,80
0ne24x67-2999-7376-jxw2-57id62907ze8,2026-07-14T23:44:02.872,validation,OK,pacs.008,FAST,3191.85,SGD,**************5863,GB,89
0ne24x67-2999-7376-jxw2-57id62907ze8,2026-07-14T23:44:03.045,aml,OK,pacs.008,FAST,3191.85,SGD,**************5863,GB,113
0ne24x67-2999-7376-jxw2-57id62907ze8,2026-07-14T23:44:03.094,payment-hub,OK,pacs.008,FAST,3191.85,SGD,**************5863,GB,149
0ne24x67-2999-7376-jxw2-57id62907ze8,2026-07-14T23:44:03.168,core-banking,OK,pacs.008,FAST,3191.85,SGD,**************5863,GB,136
0ne24x67-2999-7376-jxw2-57id62907ze8,2026-07-14T23:44:03.219,settlement,SETTLED,pacs.008,FAST,3191.85,SGD,**************5863,GB,144
0is94q86-7549-0978-ozx0-75cp00954lc3,2026-07-14T03:14:24.772,gateway,OK,pacs.008,FAST,308.52,SGD,**************9867,GB,49
0is94q86-7549-0978-ozx0-75cp00954lc3,2026-07-14T03:14:24.820,auth,OK,pacs.008,FAST,308.52,SGD,**************9867,GB,30
0is94q86-7549-0978-ozx0-75cp00954lc3,2026-07-14T03:14:24.906,validation,OK,pacs.008,FAST,308.52,SGD,**************9867,GB,30
0is94q86-7549-0978-ozx0-75cp00954lc3,2026-07-14T03:14:24.981,aml,OK,pacs.008,FAST,308.52,SGD,**************9867,GB,91
0is94q86-7549-0978-ozx0-75cp00954lc3,2026-07-14T03:14:25.066,payment-hub,OK,pacs.008,FAST,308.52,SGD,**************9867,GB,113
0is94q86-7549-0978-ozx0-75cp00954lc3,2026-07-14T03:14:25.099,core-banking,OK,pacs.008,FAST,308.52,SGD,**************9867,GB,129
0is94q86-7549-0978-ozx0-75cp00954lc3,2026-07-14T03:14:25.165,settlement,SETTLED,pacs.008,FAST,308.52,SGD,**************9867,GB,136
6sq70b69-7991-9662-cfw4-13lo48115cz0,2026-07-06T19:41:09.194,gateway,OK,0200,FAST,44.51,SGD,**************9239,SG,20
6sq70b69-7991-9662-cfw4-13lo48115cz0,2026-07-06T19:41:09.316,auth,OK,0200,FAST,44.51,SGD,**************9239,SG,89
6sq70b69-7991-9662-cfw4-13lo48115cz0,2026-07-06T19:41:09.389,validation,OK,0200,FAST,44.51,SGD,**************9239,SG,36
6sq70b69-7991-9662-cfw4-13lo48115cz0,2026-07-06T19:41:09.486,aml,OK,0200,FAST,44.51,SGD,**************9239,SG,223
6sq70b69-7991-9662-cfw4-13lo48115cz0,2026-07-06T19:41:09.646,payment-hub,OK,0200,FAST,44.51,SGD,**************9239,SG,67
6sq70b69-7991-9662-cfw4-13lo48115cz0,2026-07-06T19:41:09.685,core-banking,OK,0200,FAST,44.51,SGD,**************9239,SG,179
6sq70b69-7991-9662-cfw4-13lo48115cz0,2026-07-06T19:41:09.837,settlement,SETTLED,0200,FAST,44.51,SGD,**************9239,SG,206
8xx38b68-9808-0070-fms0-92lv35370lr7,2026-07-06T08:23:30.557,gateway,OK,pacs.008,CARDS,1917.25,SGD,**************8723,SG,40
8xx38b68-9808-0070-fms0-92lv35370lr7,2026-07-06T08:23:30.741,auth,OK,pacs.008,CARDS,1917.25,SGD,**************8723,SG,32
8xx38b68-9808-0070-fms0-92lv35370lr7,2026-07-06T08:23:30.868,validation,OK,pacs.008,CARDS,1917.25,SGD,**************8723,SG,75
8xx38b68-9808-0070-fms0-92lv35370lr7,2026-07-06T08:23:30.940,aml,OK,pacs.008,CARDS,1917.25,SGD,**************8723,SG,78
8xx38b68-9808-0070-fms0-92lv35370lr7,2026-07-06T08:23:31.166,payment-hub,OK,pacs.008,CARDS,1917.25,SGD,**************8723,SG,68
8xx38b68-9808-0070-fms0-92lv35370lr7,2026-07-06T08:23:31.219,core-banking,OK,pacs.008,CARDS,1917.25,SGD,**************8723,SG,148
8xx38b68-9808-0070-fms0-92lv35370lr7,2026-07-06T08:23:31.298,settlement,SETTLED,pacs.008,CARDS,1917.25,SGD,**************8723,SG,383
1ti31p37-4224-9686-tqd1-09oz25276gj8,2026-07-06T00:22:49.154,gateway,OK,pacs.008,CARDS,220.1,EUR,**************7190,GB,30
1ti31p37-4224-9686-tqd1-09oz25276gj8,2026-07-06T00:22:49.227,auth,OK,pacs.008,CARDS,220.1,EUR,**************7190,GB,86
1ti31p37-4224-9686-tqd1-09oz25276gj8,2026-07-06T00:22:49.428,validation,OK,pacs.008,CARDS,220.1,EUR,**************7190,GB,41
1ti31p37-4224-9686-tqd1-09oz25276gj8,2026-07-06T00:22:49.543,aml,OK,pacs.008,CARDS,220.1,EUR,**************7190,GB,70
1ti31p37-4224-9686-tqd1-09oz25276gj8,2026-07-06T00:22:49.640,payment-hub,OK,pacs.008,CARDS,220.1,EUR,**************7190,GB,35
1ti31p37-4224-9686-tqd1-09oz25276gj8,2026-07-06T00:22:49.723,core-banking,OK,pacs.008,CARDS,220.1,EUR,**************7190,GB,202
1ti31p37-4224-9686-tqd1-09oz25276gj8,2026-07-06T00:22:49.780,settlement,SETTLED,pacs.008,CARDS,220.1,EUR,**************7190,GB,98
3ua28t17-9603-1441-rwl3-41fv32764lj6,2026-07-09T10:10:31.312,gateway,OK,pacs.008,FAST,1640.04,SGD,**************6180,GB,57
3ua28t17-9603-1441-rwl3-41fv32764lj6,2026-07-09T10:10:31.439,auth,OK,pacs.008,FAST,1640.04,SGD,**************6180,GB,69
3ua28t17-9603-1441-rwl3-41fv32764lj6,2026-07-09T10:10:31.591,validation,OK,pacs.008,FAST,1640.04,SGD,**************6180,GB,38
3ua28t17-9603-1441-rwl3-41fv32764lj6,2026-07-09T10:10:31.674,aml,OK,pacs.008,FAST,1640.04,SGD,**************6180,GB,176
3ua28t17-9603-1441-rwl3-41fv32764lj6,2026-07-09T10:10:31.761,payment-hub,OK,pacs.008,FAST,1640.04,SGD,**************6180,GB,146
3ua28t17-9603-1441-rwl3-41fv32764lj6,2026-07-09T10:10:32.078,core-banking,OK,pacs.008,FAST,1640.04,SGD,**************6180,GB,123
3ua28t17-9603-1441-rwl3-41fv32764lj6,2026-07-09T10:10:32.164,settlement,SETTLED,pacs.008,FAST,1640.04,SGD,**************6180,GB,217
2cn07r31-9962-4019-swe3-71do67937xy2,2026-07-12T13:58:54.646,gateway,OK,MT103,FAST,11337.23,USD,**************5199,MY,50
2cn07r31-9962-4019-swe3-71do67937xy2,2026-07-12T13:58:54.700,auth,OK,MT103,FAST,11337.23,USD,**************5199,MY,24
2cn07r31-9962-4019-swe3-71do67937xy2,2026-07-12T13:58:54.788,validation,OK,MT103,FAST,11337.23,USD,**************5199,MY,119
2cn07r31-9962-4019-swe3-71do67937xy2,2026-07-12T13:58:54.835,aml,OK,MT103,FAST,11337.23,USD,**************5199,MY,269
2cn07r31-9962-4019-swe3-71do67937xy2,2026-07-12T13:58:54.897,payment-hub,OK,MT103,FAST,11337.23,USD,**************5199,MY,64
2cn07r31-9962-4019-swe3-71do67937xy2,2026-07-12T13:58:55.111,core-banking,OK,MT103,FAST,11337.23,USD,**************5199,MY,78
2cn07r31-9962-4019-swe3-71do67937xy2,2026-07-12T13:58:55.237,settlement,SETTLED,MT103,FAST,11337.23,USD,**************5199,MY,107
1to61l83-7104-9285-xrd5-77mg43885dp0,2026-07-15T01:38:05.760,gateway,OK,pacs.008,SWIFT,597.18,MYR,**************5421,MY,34
1to61l83-7104-9285-xrd5-77mg43885dp0,2026-07-15T01:38:05.832,auth,OK,pacs.008,SWIFT,597.18,MYR,**************5421,MY,28
1to61l83-7104-9285-xrd5-77mg43885dp0,2026-07-15T01:38:05.914,validation,OK,pacs.008,SWIFT,597.18,MYR,**************5421,MY,49
1to61l83-7104-9285-xrd5-77mg43885dp0,2026-07-15T01:38:06.065,aml,OK,pacs.008,SWIFT,597.18,MYR,**************5421,MY,115
1to61l83-7104-9285-xrd5-77mg43885dp0,2026-07-15T01:38:06.208,payment-hub,OK,pacs.008,SWIFT,597.18,MYR,**************5421,MY,91
1to61l83-7104-9285-xrd5-77mg43885dp0,2026-07-15T01:38:06.433,core-banking,OK,pacs.008,SWIFT,597.18,MYR,**************5421,MY,159
1to61l83-7104-9285-xrd5-77mg43885dp0,2026-07-15T01:38:06.541,settlement,SETTLED,pacs.008,SWIFT,597.18,MYR,**************5421,MY,215
5dp03p41-5344-4448-xar1-79ky42872cb8,2026-07-14T11:58:13.598,gateway,OK,MT103,SWIFT,1348.55,USD,**************0882,SG,46
5dp03p41-5344-4448-xar1-79ky42872cb8,2026-07-14T11:58:13.694,auth,OK,MT103,SWIFT,1348.55,USD,**************0882,SG,79
5dp03p41-5344-4448-xar1-79ky42872cb8,2026-07-14T11:58:13.914,validation,OK,MT103,SWIFT,1348.55,USD,**************0882,SG,26
5dp03p41-5344-4448-xar1-79ky42872cb8,2026-07-14T11:58:13.951,aml,OK,MT103,SWIFT,1348.55,USD,**************0882,SG,151
5dp03p41-5344-4448-xar1-79ky42872cb8,2026-07-14T11:58:14.051,payment-hub,OK,MT103,SWIFT,1348.55,USD,**************0882,SG,140
5dp03p41-5344-4448-xar1-79ky42872cb8,2026-07-14T11:58:14.107,core-banking,OK,MT103,SWIFT,1348.55,USD,**************0882,SG,121
5dp03p41-5344-4448-xar1-79ky42872cb8,2026-07-14T11:58:14.229,settlement,SETTLED,MT103,SWIFT,1348.55,USD,**************0882,SG,284
8ya87q49-2700-3429-vjz7-62sz11005bt6,2026-07-13T06:54:57.508,gateway,OK,pacs.008,FAST,1043.67,SGD,**************1521,MY,27
8ya87q49-2700-3429-vjz7-62sz11005bt6,2026-07-13T06:54:57.587,auth,OK,pacs.008,FAST,1043.67,SGD,**************1521,MY,55
8ya87q49-2700-3429-vjz7-62sz11005bt6,2026-07-13T06:54:57.775,validation,OK,pacs.008,FAST,1043.67,SGD,**************1521,MY,57
8ya87q49-2700-3429-vjz7-62sz11005bt6,2026-07-13T06:54:57.933,aml,OK,pacs.008,FAST,1043.67,SGD,**************1521,MY,171
8ya87q49-2700-3429-vjz7-62sz11005bt6,2026-07-13T06:54:58.038,payment-hub,OK,pacs.008,FAST,1043.67,SGD,**************1521,MY,130
8ya87q49-2700-3429-vjz7-62sz11005bt6,2026-07-13T06:54:58.303,core-banking,OK,pacs.008,FAST,1043.67,SGD,**************1521,MY,230
8ya87q49-2700-3429-vjz7-62sz11005bt6,2026-07-13T06:54:58.578,settlement,SETTLED,pacs.008,FAST,1043.67,SGD,**************1521,MY,321
1km47c77-9572-3207-yaj9-16es18570jh8,2026-07-12T04:22:50.667,gateway,OK,pacs.008,FAST,2367.89,EUR,**************6935,IN,15
1km47c77-9572-3207-yaj9-16es18570jh8,2026-07-12T04:22:50.756,auth,OK,pacs.008,FAST,2367.89,EUR,**************6935,IN,20
1km47c77-9572-3207-yaj9-16es18570jh8,2026-07-12T04:22:50.950,validation,OK,pacs.008,FAST,2367.89,EUR,**************6935,IN,65
1km47c77-9572-3207-yaj9-16es18570jh8,2026-07-12T04:22:51.021,aml,OK,pacs.008,FAST,2367.89,EUR,**************6935,IN,289
1km47c77-9572-3207-yaj9-16es18570jh8,2026-07-12T04:22:51.190,payment-hub,OK,pacs.008,FAST,2367.89,EUR,**************6935,IN,80
1km47c77-9572-3207-yaj9-16es18570jh8,2026-07-12T04:22:51.262,core-banking,OK,pacs.008,FAST,2367.89,EUR,**************6935,IN,73
1km47c77-9572-3207-yaj9-16es18570jh8,2026-07-12T04:22:51.345,settlement,SETTLED,pacs.008,FAST,2367.89,EUR,**************6935,IN,294
1gr09q05-5864-5689-xew1-87ps18418lm9,2026-07-02T00:57:51.356,gateway,OK,pacs.008,SWIFT,897.49,USD,**************9584,HK,18
1gr09q05-5864-5689-xew1-87ps18418lm9,2026-07-02T00:57:51.458,auth,OK,pacs.008,SWIFT,897.49,USD,**************9584,HK,31
1gr09q05-5864-5689-xew1-87ps18418lm9,2026-07-02T00:57:51.570,validation,OK,pacs.008,SWIFT,897.49,USD,**************9584,HK,28
1gr09q05-5864-5689-xew1-87ps18418lm9,2026-07-02T00:57:51.682,aml,OK,pacs.008,SWIFT,897.49,USD,**************9584,HK,55
1gr09q05-5864-5689-xew1-87ps18418lm9,2026-07-02T00:57:51.807,payment-hub,OK,pacs.008,SWIFT,897.49,USD,**************9584,HK,33
1gr09q05-5864-5689-xew1-87ps18418lm9,2026-07-02T00:57:51.931,core-banking,OK,pacs.008,SWIFT,897.49,USD,**************9584,HK,211
1gr09q05-5864-5689-xew1-87ps18418lm9,2026-07-02T00:57:51.984,settlement,SETTLED,pacs.008,SWIFT,897.49,USD,**************9584,HK,64
7fg10a33-8603-6668-gss1-83dr39941dp8,2026-07-08T19:43:13.034,gateway,OK,pacs.008,FAST,2079.13,EUR,**************3946,SG,33
7fg10a33-8603-6668-gss1-83dr39941dp8,2026-07-08T19:43:13.099,auth,OK,pacs.008,FAST,2079.13,EUR,**************3946,SG,80
7fg10a33-8603-6668-gss1-83dr39941dp8,2026-07-08T19:43:13.226,validation,REJECTED,pacs.008,FAST,2079.13,EUR,**************3946,SG,55
8rm68n44-2456-9645-mos2-70hb90855fb7,2026-07-11T07:52:48.063,gateway,OK,pacs.008,FAST,367.33,SGD,**************8212,US,36
8rm68n44-2456-9645-mos2-70hb90855fb7,2026-07-11T07:52:48.148,auth,OK,pacs.008,FAST,367.33,SGD,**************8212,US,39
8rm68n44-2456-9645-mos2-70hb90855fb7,2026-07-11T07:52:48.377,validation,OK,pacs.008,FAST,367.33,SGD,**************8212,US,72
8rm68n44-2456-9645-mos2-70hb90855fb7,2026-07-11T07:52:48.500,aml,OK,pacs.008,FAST,367.33,SGD,**************8212,US,230
8rm68n44-2456-9645-mos2-70hb90855fb7,2026-07-11T07:52:48.641,payment-hub,OK,pacs.008,FAST,367.33,SGD,**************8212,US,52
8rm68n44-2456-9645-mos2-70hb90855fb7,2026-07-11T07:52:48.754,core-banking,OK,pacs.008,FAST,367.33,SGD,**************8212,US,70
8rm68n44-2456-9645-mos2-70hb90855fb7,2026-07-11T07:52:48.821,settlement,SETTLED,pacs.008,FAST,367.33,SGD,**************8212,US,266
9au98e53-1040-3348-udf0-05kz24157zg5,2026-07-13T23:57:32.241,gateway,OK,pacs.008,FAST,360.15,SGD,**************7318,SG,35
9au98e53-1040-3348-udf0-05kz24157zg5,2026-07-13T23:57:32.326,auth,OK,pacs.008,FAST,360.15,SGD,**************7318,SG,46
9au98e53-1040-3348-udf0-05kz24157zg5,2026-07-13T23:57:32.458,validation,OK,pacs.008,FAST,360.15,SGD,**************7318,SG,47
9au98e53-1040-3348-udf0-05kz24157zg5,2026-07-13T23:57:32.582,aml,OK,pacs.008,FAST,360.15,SGD,**************7318,SG,163
9au98e53-1040-3348-udf0-05kz24157zg5,2026-07-13T23:57:32.708,payment-hub,OK,pacs.008,FAST,360.15,SGD,**************7318,SG,75
9au98e53-1040-3348-udf0-05kz24157zg5,2026-07-13T23:57:32.970,core-banking,OK,pacs.008,FAST,360.15,SGD,**************7318,SG,86
9au98e53-1040-3348-udf0-05kz24157zg5,2026-07-13T23:57:33.095,settlement,SETTLED,pacs.008,FAST,360.15,SGD,**************7318,SG,140
0kk60d24-5723-5983-lkl5-56yb13815zb0,2026-07-04T02:31:43.930,gateway,OK,pacs.008,FAST,222.95,GBP,**************9381,IN,45
0kk60d24-5723-5983-lkl5-56yb13815zb0,2026-07-04T02:31:44.031,auth,OK,pacs.008,FAST,222.95,GBP,**************9381,IN,62
0kk60d24-5723-5983-lkl5-56yb13815zb0,2026-07-04T02:31:44.106,validation,OK,pacs.008,FAST,222.95,GBP,**************9381,IN,114
0kk60d24-5723-5983-lkl5-56yb13815zb0,2026-07-04T02:31:44.161,aml,OK,pacs.008,FAST,222.95,GBP,**************9381,IN,230
0kk60d24-5723-5983-lkl5-56yb13815zb0,2026-07-04T02:31:44.244,payment-hub,OK,pacs.008,FAST,222.95,GBP,**************9381,IN,76
0kk60d24-5723-5983-lkl5-56yb13815zb0,2026-07-04T02:31:44.336,core-banking,OK,pacs.008,FAST,222.95,GBP,**************9381,IN,71
0kk60d24-5723-5983-lkl5-56yb13815zb0,2026-07-04T02:31:44.461,settlement,SETTLED,pacs.008,FAST,222.95,GBP,**************9381,IN,397
7ay40p08-4543-2092-ajc7-51nk82850va5,2026-07-01T19:31:29.065,gateway,OK,pacs.008,SWIFT,844.77,EUR,**************9702,GB,51
7ay40p08-4543-2092-ajc7-51nk82850va5,2026-07-01T19:31:29.244,auth,OK,pacs.008,SWIFT,844.77,EUR,**************9702,GB,31
7ay40p08-4543-2092-ajc7-51nk82850va5,2026-07-01T19:31:29.377,validation,OK,pacs.008,SWIFT,844.77,EUR,**************9702,GB,41
7ay40p08-4543-2092-ajc7-51nk82850va5,2026-07-01T19:31:29.517,aml,OK,pacs.008,SWIFT,844.77,EUR,**************9702,GB,86
7ay40p08-4543-2092-ajc7-51nk82850va5,2026-07-01T19:31:29.617,payment-hub,OK,pacs.008,SWIFT,844.77,EUR,**************9702,GB,60
7ay40p08-4543-2092-ajc7-51nk82850va5,2026-07-01T19:31:29.716,core-banking,OK,pacs.008,SWIFT,844.77,EUR,**************9702,GB,82
7ay40p08-4543-2092-ajc7-51nk82850va5,2026-07-01T19:31:29.777,settlement,SETTLED,pacs.008,SWIFT,844.77,EUR,**************9702,GB,123
4hb54d18-8456-4639-cvb4-44tp21924st2,2026-07-09T11:54:51.015,gateway,OK,MT103,FAST,3477.26,USD,**************7385,MY,52
4hb54d18-8456-4639-cvb4-44tp21924st2,2026-07-09T11:54:51.243,auth,OK,MT103,FAST,3477.26,USD,**************7385,MY,40
4hb54d18-8456-4639-cvb4-44tp21924st2,2026-07-09T11:54:51.294,validation,OK,MT103,FAST,3477.26,USD,**************7385,MY,116
4hb54d18-8456-4639-cvb4-44tp21924st2,2026-07-09T11:54:51.468,aml,OK,MT103,FAST,3477.26,USD,**************7385,MY,153
4hb54d18-8456-4639-cvb4-44tp21924st2,2026-07-09T11:54:51.636,payment-hub,OK,MT103,FAST,3477.26,USD,**************7385,MY,136
4hb54d18-8456-4639-cvb4-44tp21924st2,2026-07-09T11:54:51.741,core-banking,OK,MT103,FAST,3477.26,USD,**************7385,MY,226
4hb54d18-8456-4639-cvb4-44tp21924st2,2026-07-09T11:54:52.054,settlement,SETTLED,MT103,FAST,3477.26,USD,**************7385,MY,150
3jz74u03-3251-5313-phz1-96ne34387qj1,2026-07-03T00:25:23.079,gateway,OK,pacs.008,SWIFT,838.32,MYR,**************8546,SG,31
3jz74u03-3251-5313-phz1-96ne34387qj1,2026-07-03T00:25:23.282,auth,OK,pacs.008,SWIFT,838.32,MYR,**************8546,SG,78
3jz74u03-3251-5313-phz1-96ne34387qj1,2026-07-03T00:25:23.568,validation,OK,pacs.008,SWIFT,838.32,MYR,**************8546,SG,79
3jz74u03-3251-5313-phz1-96ne34387qj1,2026-07-03T00:25:23.651,aml,OK,pacs.008,SWIFT,838.32,MYR,**************8546,SG,103
3jz74u03-3251-5313-phz1-96ne34387qj1,2026-07-03T00:25:23.701,payment-hub,OK,pacs.008,SWIFT,838.32,MYR,**************8546,SG,76
3jz74u03-3251-5313-phz1-96ne34387qj1,2026-07-03T00:25:23.960,core-banking,OK,pacs.008,SWIFT,838.32,MYR,**************8546,SG,91
3jz74u03-3251-5313-phz1-96ne34387qj1,2026-07-03T00:25:24.113,settlement,SETTLED,pacs.008,SWIFT,838.32,MYR,**************8546,SG,111
0ar82a40-3440-7922-wqz9-31im27868oo7,2026-07-08T08:54:38.162,gateway,OK,0200,FAST,1287.93,SGD,**************9054,MY,46
0ar82a40-3440-7922-wqz9-31im27868oo7,2026-07-08T08:54:38.335,auth,OK,0200,FAST,1287.93,SGD,**************9054,MY,89
0ar82a40-3440-7922-wqz9-31im27868oo7,2026-07-08T08:54:38.453,validation,OK,0200,FAST,1287.93,SGD,**************9054,MY,89
0ar82a40-3440-7922-wqz9-31im27868oo7,2026-07-08T08:54:38.779,aml,OK,0200,FAST,1287.93,SGD,**************9054,MY,72
0ar82a40-3440-7922-wqz9-31im27868oo7,2026-07-08T08:54:38.846,payment-hub,OK,0200,FAST,1287.93,SGD,**************9054,MY,117
0ar82a40-3440-7922-wqz9-31im27868oo7,2026-07-08T08:54:39.085,core-banking,OK,0200,FAST,1287.93,SGD,**************9054,MY,58
0ar82a40-3440-7922-wqz9-31im27868oo7,2026-07-08T08:54:39.183,settlement,SETTLED,0200,FAST,1287.93,SGD,**************9054,MY,214
0hj54f27-8729-1378-xej1-82ye20123lf2,2026-07-04T19:57:36.021,gateway,OK,pacs.008,FAST,885.8,USD,**************3324,IN,26
0hj54f27-8729-1378-xej1-82ye20123lf2,2026-07-04T19:57:36.172,auth,OK,pacs.008,FAST,885.8,USD,**************3324,IN,70
0hj54f27-8729-1378-xej1-82ye20123lf2,2026-07-04T19:57:36.310,validation,OK,pacs.008,FAST,885.8,USD,**************3324,IN,119
0hj54f27-8729-1378-xej1-82ye20123lf2,2026-07-04T19:58:06.349,aml,OK,pacs.008,FAST,885.8,USD,**************3324,IN,283
0hj54f27-8729-1378-xej1-82ye20123lf2,2026-07-04T19:58:06.426,payment-hub,OK,pacs.008,FAST,885.8,USD,**************3324,IN,98
0hj54f27-8729-1378-xej1-82ye20123lf2,2026-07-04T19:58:06.667,core-banking,OK,pacs.008,FAST,885.8,USD,**************3324,IN,162
0hj54f27-8729-1378-xej1-82ye20123lf2,2026-07-04T19:58:06.951,settlement,SETTLED,pacs.008,FAST,885.8,USD,**************3324,IN,93
7ct45x92-2527-3388-ntv5-48jw29021og5,2026-07-03T04:59:01.967,gateway,OK,pacs.008,SWIFT,570.83,SGD,**************4778,SG,48
7ct45x92-2527-3388-ntv5-48jw29021og5,2026-07-03T04:59:02.029,auth,OK,pacs.008,SWIFT,570.83,SGD,**************4778,SG,90
7ct45x92-2527-3388-ntv5-48jw29021og5,2026-07-03T04:59:02.145,validation,OK,pacs.008,SWIFT,570.83,SGD,**************4778,SG,84
7ct45x92-2527-3388-ntv5-48jw29021og5,2026-07-03T04:59:02.238,aml,OK,pacs.008,SWIFT,570.83,SGD,**************4778,SG,186
7ct45x92-2527-3388-ntv5-48jw29021og5,2026-07-03T04:59:02.339,payment-hub,OK,pacs.008,SWIFT,570.83,SGD,**************4778,SG,74
7ct45x92-2527-3388-ntv5-48jw29021og5,2026-07-03T04:59:02.419,core-banking,OK,pacs.008,SWIFT,570.83,SGD,**************4778,SG,86
7ct45x92-2527-3388-ntv5-48jw29021og5,2026-07-03T04:59:02.505,settlement,SETTLED,pacs.008,SWIFT,570.83,SGD,**************4778,SG,168
9kr73o00-0491-5089-akr0-83rw05319if0,2026-07-14T10:20:24.704,gateway,OK,pacs.008,FAST,3060.89,SGD,**************0342,SG,20
9kr73o00-0491-5089-akr0-83rw05319if0,2026-07-14T10:20:24.764,auth,OK,pacs.008,FAST,3060.89,SGD,**************0342,SG,79
9kr73o00-0491-5089-akr0-83rw05319if0,2026-07-14T10:20:24.793,validation,OK,pacs.008,FAST,3060.89,SGD,**************0342,SG,118
9kr73o00-0491-5089-akr0-83rw05319if0,2026-07-14T10:20:24.951,aml,OK,pacs.008,FAST,3060.89,SGD,**************0342,SG,62
9kr73o00-0491-5089-akr0-83rw05319if0,2026-07-14T10:20:25.008,payment-hub,OK,pacs.008,FAST,3060.89,SGD,**************0342,SG,136
9kr73o00-0491-5089-akr0-83rw05319if0,2026-07-14T10:20:25.056,core-banking,OK,pacs.008,FAST,3060.89,SGD,**************0342,SG,202
9kr73o00-0491-5089-akr0-83rw05319if0,2026-07-14T10:20:25.131,settlement,SETTLED,pacs.008,FAST,3060.89,SGD,**************0342,SG,144
9tq45v56-0246-8841-bvq8-69hb77230xx3,2026-07-12T02:41:11.134,gateway,OK,MT103,SWIFT,1698.83,INR,**************2423,GB,55
9tq45v56-0246-8841-bvq8-69hb77230xx3,2026-07-12T02:41:11.251,auth,OK,MT103,SWIFT,1698.83,INR,**************2423,GB,69
9tq45v56-0246-8841-bvq8-69hb77230xx3,2026-07-12T02:41:11.320,validation,OK,MT103,SWIFT,1698.83,INR,**************2423,GB,85
9tq45v56-0246-8841-bvq8-69hb77230xx3,2026-07-12T02:41:11.510,aml,OK,MT103,SWIFT,1698.83,INR,**************2423,GB,126
9tq45v56-0246-8841-bvq8-69hb77230xx3,2026-07-12T02:41:11.596,payment-hub,OK,MT103,SWIFT,1698.83,INR,**************2423,GB,100
9tq45v56-0246-8841-bvq8-69hb77230xx3,2026-07-12T02:41:11.638,core-banking,OK,MT103,SWIFT,1698.83,INR,**************2423,GB,86
9tq45v56-0246-8841-bvq8-69hb77230xx3,2026-07-12T02:41:11.734,settlement,SETTLED,MT103,SWIFT,1698.83,INR,**************2423,GB,245
0mb55o72-4193-8640-htk5-38lh43002sx4,2026-07-08T01:21:10.865,gateway,OK,0200,FAST,1170.27,USD,**************9522,SG,27
0mb55o72-4193-8640-htk5-38lh43002sx4,2026-07-08T01:21:10.994,auth,OK,0200,FAST,1170.27,USD,**************9522,SG,75
0mb55o72-4193-8640-htk5-38lh43002sx4,2026-07-08T01:21:11.078,validation,OK,0200,FAST,1170.27,USD,**************9522,SG,35
0mb55o72-4193-8640-htk5-38lh43002sx4,2026-07-08T01:21:11.216,aml,OK,0200,FAST,1170.27,USD,**************9522,SG,125
0mb55o72-4193-8640-htk5-38lh43002sx4,2026-07-08T01:21:11.291,payment-hub,OK,0200,FAST,1170.27,USD,**************9522,SG,108
0mb55o72-4193-8640-htk5-38lh43002sx4,2026-07-08T01:21:11.505,core-banking,OK,0200,FAST,1170.27,USD,**************9522,SG,238
0mb55o72-4193-8640-htk5-38lh43002sx4,2026-07-08T01:21:11.602,settlement,SETTLED,0200,FAST,1170.27,USD,**************9522,SG,168
0qy63l26-9750-1377-kvk4-50vr29189nl5,2026-07-11T01:37:47.436,gateway,OK,pacs.008,FAST,470.38,SGD,**************6769,SG,42
0qy63l26-9750-1377-kvk4-50vr29189nl5,2026-07-11T01:37:47.518,auth,OK,pacs.008,FAST,470.38,SGD,**************6769,SG,47
0qy63l26-9750-1377-kvk4-50vr29189nl5,2026-07-11T01:37:47.685,validation,OK,pacs.008,FAST,470.38,SGD,**************6769,SG,103
0qy63l26-9750-1377-kvk4-50vr29189nl5,2026-07-11T01:37:47.837,aml,OK,pacs.008,FAST,470.38,SGD,**************6769,SG,155
0qy63l26-9750-1377-kvk4-50vr29189nl5,2026-07-11T01:37:47.965,payment-hub,OK,pacs.008,FAST,470.38,SGD,**************6769,SG,104
0qy63l26-9750-1377-kvk4-50vr29189nl5,2026-07-11T01:37:48.088,core-banking,OK,pacs.008,FAST,470.38,SGD,**************6769,SG,112
0qy63l26-9750-1377-kvk4-50vr29189nl5,2026-07-11T01:37:48.145,settlement,SETTLED,pacs.008,FAST,470.38,SGD,**************6769,SG,325
9ir99b96-4241-0549-nsm4-99ld42766vx6,2026-07-06T22:52:13.536,gateway,OK,pacs.008,FAST,522.02,SGD,**************0928,GB,58
9ir99b96-4241-0549-nsm4-99ld42766vx6,2026-07-06T22:52:13.658,auth,OK,pacs.008,FAST,522.02,SGD,**************0928,GB,78
9ir99b96-4241-0549-nsm4-99ld42766vx6,2026-07-06T22:52:13.792,validation,OK,pacs.008,FAST,522.02,SGD,**************0928,GB,37
9ir99b96-4241-0549-nsm4-99ld42766vx6,2026-07-06T22:52:13.868,aml,OK,pacs.008,FAST,522.02,SGD,**************0928,GB,203
9ir99b96-4241-0549-nsm4-99ld42766vx6,2026-07-06T22:52:13.943,payment-hub,OK,pacs.008,FAST,522.02,SGD,**************0928,GB,82
9ir99b96-4241-0549-nsm4-99ld42766vx6,2026-07-06T22:52:14.067,core-banking,OK,pacs.008,FAST,522.02,SGD,**************0928,GB,97
9ir99b96-4241-0549-nsm4-99ld42766vx6,2026-07-06T22:52:14.110,settlement,SETTLED,pacs.008,FAST,522.02,SGD,**************0928,GB,255
3gx96x97-8224-3242-ysy2-35ak03272ew0,2026-07-07T16:24:41.461,gateway,OK,MT103,FAST,443.27,MYR,**************5571,IN,29
3gx96x97-8224-3242-ysy2-35ak03272ew0,2026-07-07T16:24:41.501,auth,OK,MT103,FAST,443.27,MYR,**************5571,IN,41
3gx96x97-8224-3242-ysy2-35ak03272ew0,2026-07-07T16:24:41.559,validation,OK,MT103,FAST,443.27,MYR,**************5571,IN,116
3gx96x97-8224-3242-ysy2-35ak03272ew0,2026-07-07T16:24:41.629,aml,OK,MT103,FAST,443.27,MYR,**************5571,IN,140
3gx96x97-8224-3242-ysy2-35ak03272ew0,2026-07-07T16:24:41.666,payment-hub,OK,MT103,FAST,443.27,MYR,**************5571,IN,35
3gx96x97-8224-3242-ysy2-35ak03272ew0,2026-07-07T16:24:41.771,core-banking,OK,MT103,FAST,443.27,MYR,**************5571,IN,244
3gx96x97-8224-3242-ysy2-35ak03272ew0,2026-07-07T16:24:41.875,settlement,SETTLED,MT103,FAST,443.27,MYR,**************5571,IN,79
7ch53u99-0472-4839-vae9-57ct30692pi3,2026-07-02T03:28:05.886,gateway,OK,pacs.008,SWIFT,1861.33,USD,**************6827,SG,30
7ch53u99-0472-4839-vae9-57ct30692pi3,2026-07-02T03:28:06.036,auth,OK,pacs.008,SWIFT,1861.33,USD,**************6827,SG,73
7ch53u99-0472-4839-vae9-57ct30692pi3,2026-07-02T03:28:06.084,validation,OK,pacs.008,SWIFT,1861.33,USD,**************6827,SG,32
7ch53u99-0472-4839-vae9-57ct30692pi3,2026-07-02T03:28:06.348,aml,TIMEOUT,pacs.008,SWIFT,1861.33,USD,**************6827,SG,30000
7ch53u99-0472-4839-vae9-57ct30692pi3,2026-07-02T03:28:06.414,payment-hub,FAILED,pacs.008,SWIFT,1861.33,USD,**************6827,SG,127
3te79n86-9899-7062-rnw9-57zo44451et6,2026-07-14T05:18:14.634,gateway,OK,pacs.008,CARDS,5592.51,EUR,**************2320,IN,54
3te79n86-9899-7062-rnw9-57zo44451et6,2026-07-14T05:18:14.786,auth,OK,pacs.008,CARDS,5592.51,EUR,**************2320,IN,60
3te79n86-9899-7062-rnw9-57zo44451et6,2026-07-14T05:18:14.970,validation,OK,pacs.008,CARDS,5592.51,EUR,**************2320,IN,30
3te79n86-9899-7062-rnw9-57zo44451et6,2026-07-14T05:18:15.000,aml,OK,pacs.008,CARDS,5592.51,EUR,**************2320,IN,168
3te79n86-9899-7062-rnw9-57zo44451et6,2026-07-14T05:18:15.075,payment-hub,OK,pacs.008,CARDS,5592.51,EUR,**************2320,IN,75
3te79n86-9899-7062-rnw9-57zo44451et6,2026-07-14T05:18:15.192,core-banking,OK,pacs.008,CARDS,5592.51,EUR,**************2320,IN,224
3te79n86-9899-7062-rnw9-57zo44451et6,2026-07-14T05:18:15.254,settlement,SETTLED,pacs.008,CARDS,5592.51,EUR,**************2320,IN,328
3ts16n85-5153-9527-bdm4-87fu26976ha0,2026-07-03T19:33:21.230,gateway,OK,MT103,FAST,406.54,SGD,**************4811,SG,34
3ts16n85-5153-9527-bdm4-87fu26976ha0,2026-07-03T19:33:21.323,auth,OK,MT103,FAST,406.54,SGD,**************4811,SG,38
3ts16n85-5153-9527-bdm4-87fu26976ha0,2026-07-03T19:33:21.370,validation,OK,MT103,FAST,406.54,SGD,**************4811,SG,108
3ts16n85-5153-9527-bdm4-87fu26976ha0,2026-07-03T19:33:21.461,aml,OK,MT103,FAST,406.54,SGD,**************4811,SG,219
3ts16n85-5153-9527-bdm4-87fu26976ha0,2026-07-03T19:33:21.647,payment-hub,OK,MT103,FAST,406.54,SGD,**************4811,SG,147
3ts16n85-5153-9527-bdm4-87fu26976ha0,2026-07-03T19:33:21.730,core-banking,OK,MT103,FAST,406.54,SGD,**************4811,SG,167
3ts16n85-5153-9527-bdm4-87fu26976ha0,2026-07-03T19:33:21.807,settlement,SETTLED,MT103,FAST,406.54,SGD,**************4811,SG,338
1gs36p60-2450-5542-teg9-87im57977xb5,2026-07-13T10:49:28.196,gateway,OK,pacs.008,SWIFT,481.58,USD,**************6478,HK,39
1gs36p60-2450-5542-teg9-87im57977xb5,2026-07-13T10:49:28.288,auth,OK,pacs.008,SWIFT,481.58,USD,**************6478,HK,24
1gs36p60-2450-5542-teg9-87im57977xb5,2026-07-13T10:49:28.332,validation,OK,pacs.008,SWIFT,481.58,USD,**************6478,HK,47
1gs36p60-2450-5542-teg9-87im57977xb5,2026-07-13T10:49:28.430,aml,OK,pacs.008,SWIFT,481.58,USD,**************6478,HK,118
1gs36p60-2450-5542-teg9-87im57977xb5,2026-07-13T10:49:28.513,payment-hub,OK,pacs.008,SWIFT,481.58,USD,**************6478,HK,131
1gs36p60-2450-5542-teg9-87im57977xb5,2026-07-13T10:49:28.552,core-banking,OK,pacs.008,SWIFT,481.58,USD,**************6478,HK,71
1gs36p60-2450-5542-teg9-87im57977xb5,2026-07-13T10:49:28.633,settlement,SETTLED,pacs.008,SWIFT,481.58,USD,**************6478,HK,360
2ra09c64-1590-8222-jps5-04hc23658vn3,2026-07-05T09:10:12.819,gateway,OK,pacs.008,CARDS,3117.32,SGD,**************9721,MY,39
2ra09c64-1590-8222-jps5-04hc23658vn3,2026-07-05T09:10:12.879,auth,OK,pacs.008,CARDS,3117.32,SGD,**************9721,MY,21
2ra09c64-1590-8222-jps5-04hc23658vn3,2026-07-05T09:10:13.011,validation,OK,pacs.008,CARDS,3117.32,SGD,**************9721,MY,73
2ra09c64-1590-8222-jps5-04hc23658vn3,2026-07-05T09:10:13.090,aml,OK,pacs.008,CARDS,3117.32,SGD,**************9721,MY,91
2ra09c64-1590-8222-jps5-04hc23658vn3,2026-07-05T09:10:13.380,payment-hub,OK,pacs.008,CARDS,3117.32,SGD,**************9721,MY,121
2ra09c64-1590-8222-jps5-04hc23658vn3,2026-07-05T09:10:13.684,core-banking,OK,pacs.008,CARDS,3117.32,SGD,**************9721,MY,201
2ra09c64-1590-8222-jps5-04hc23658vn3,2026-07-05T09:10:13.939,settlement,SETTLED,pacs.008,CARDS,3117.32,SGD,**************9721,MY,382
4gn13c48-7404-4692-ymm8-83ik29828ys9,2026-07-02T20:32:13.399,gateway,OK,0200,SWIFT,253.33,EUR,**************2058,IN,18
4gn13c48-7404-4692-ymm8-83ik29828ys9,2026-07-02T20:32:13.502,auth,OK,0200,SWIFT,253.33,EUR,**************2058,IN,54
4gn13c48-7404-4692-ymm8-83ik29828ys9,2026-07-02T20:32:13.634,validation,OK,0200,SWIFT,253.33,EUR,**************2058,IN,43
4gn13c48-7404-4692-ymm8-83ik29828ys9,2026-07-02T20:32:13.834,aml,OK,0200,SWIFT,253.33,EUR,**************2058,IN,155
4gn13c48-7404-4692-ymm8-83ik29828ys9,2026-07-02T20:32:14.011,payment-hub,OK,0200,SWIFT,253.33,EUR,**************2058,IN,143
4gn13c48-7404-4692-ymm8-83ik29828ys9,2026-07-02T20:32:14.236,core-banking,OK,0200,SWIFT,253.33,EUR,**************2058,IN,232
4gn13c48-7404-4692-ymm8-83ik29828ys9,2026-07-02T20:32:14.274,settlement,SETTLED,0200,SWIFT,253.33,EUR,**************2058,IN,355
5vx60x60-6582-1055-hnn8-55vu47573uf3,2026-07-04T06:00:49.792,gateway,OK,pacs.008,FAST,528.45,USD,**************7794,US,49
5vx60x60-6582-1055-hnn8-55vu47573uf3,2026-07-04T06:00:49.869,auth,OK,pacs.008,FAST,528.45,USD,**************7794,US,55
5vx60x60-6582-1055-hnn8-55vu47573uf3,2026-07-04T06:00:50.003,validation,OK,pacs.008,FAST,528.45,USD,**************7794,US,26
5vx60x60-6582-1055-hnn8-55vu47573uf3,2026-07-04T06:00:50.110,aml,OK,pacs.008,FAST,528.45,USD,**************7794,US,233
5vx60x60-6582-1055-hnn8-55vu47573uf3,2026-07-04T06:00:50.239,payment-hub,OK,pacs.008,FAST,528.45,USD,**************7794,US,149
5vx60x60-6582-1055-hnn8-55vu47573uf3,2026-07-04T06:00:50.315,core-banking,OK,pacs.008,FAST,528.45,USD,**************7794,US,115
5vx60x60-6582-1055-hnn8-55vu47573uf3,2026-07-04T06:00:50.395,settlement,SETTLED,pacs.008,FAST,528.45,USD,**************7794,US,95
1nc59p42-6115-1304-ewy4-43vr88210rv1,2026-07-04T12:43:56.287,gateway,OK,MT103,FAST,609.84,SGD,**************9282,SG,23
1nc59p42-6115-1304-ewy4-43vr88210rv1,2026-07-04T12:43:56.360,auth,OK,MT103,FAST,609.84,SGD,**************9282,SG,66
1nc59p42-6115-1304-ewy4-43vr88210rv1,2026-07-04T12:43:56.463,validation,OK,MT103,FAST,609.84,SGD,**************9282,SG,73
1nc59p42-6115-1304-ewy4-43vr88210rv1,2026-07-04T12:43:56.577,aml,OK,MT103,FAST,609.84,SGD,**************9282,SG,260
1nc59p42-6115-1304-ewy4-43vr88210rv1,2026-07-04T12:43:56.665,payment-hub,OK,MT103,FAST,609.84,SGD,**************9282,SG,58
1nc59p42-6115-1304-ewy4-43vr88210rv1,2026-07-04T12:43:56.707,core-banking,OK,MT103,FAST,609.84,SGD,**************9282,SG,58
1nc59p42-6115-1304-ewy4-43vr88210rv1,2026-07-04T12:43:56.785,settlement,SETTLED,MT103,FAST,609.84,SGD,**************9282,SG,219
7dd84g70-0667-6004-ufw3-66mb07211qc8,2026-07-14T18:54:19.161,gateway,OK,0200,FAST,538.04,SGD,**************8939,SG,59
7dd84g70-0667-6004-ufw3-66mb07211qc8,2026-07-14T18:54:19.220,auth,OK,0200,FAST,538.04,SGD,**************8939,SG,53
7dd84g70-0667-6004-ufw3-66mb07211qc8,2026-07-14T18:54:19.336,validation,OK,0200,FAST,538.04,SGD,**************8939,SG,87
7dd84g70-0667-6004-ufw3-66mb07211qc8,2026-07-14T18:54:19.556,aml,OK,0200,FAST,538.04,SGD,**************8939,SG,210
7dd84g70-0667-6004-ufw3-66mb07211qc8,2026-07-14T18:54:19.681,payment-hub,OK,0200,FAST,538.04,SGD,**************8939,SG,72
7dd84g70-0667-6004-ufw3-66mb07211qc8,2026-07-14T18:54:19.743,core-banking,OK,0200,FAST,538.04,SGD,**************8939,SG,116
7dd84g70-0667-6004-ufw3-66mb07211qc8,2026-07-14T18:54:19.812,settlement,SETTLED,0200,FAST,538.04,SGD,**************8939,SG,268
1yk99t03-4110-7175-auh4-03lh17769tf9,2026-07-12T23:16:34.562,gateway,OK,MT103,FAST,1650.87,USD,**************8601,GB,52
1yk99t03-4110-7175-auh4-03lh17769tf9,2026-07-12T23:16:34.639,auth,OK,MT103,FAST,1650.87,USD,**************8601,GB,40
1yk99t03-4110-7175-auh4-03lh17769tf9,2026-07-12T23:16:34.818,validation,OK,MT103,FAST,1650.87,USD,**************8601,GB,103
1yk99t03-4110-7175-auh4-03lh17769tf9,2026-07-12T23:16:34.873,aml,OK,MT103,FAST,1650.87,USD,**************8601,GB,231
1yk99t03-4110-7175-auh4-03lh17769tf9,2026-07-12T23:16:34.937,payment-hub,OK,MT103,FAST,1650.87,USD,**************8601,GB,95
1yk99t03-4110-7175-auh4-03lh17769tf9,2026-07-12T23:16:34.988,core-banking,OK,MT103,FAST,1650.87,USD,**************8601,GB,181
1yk99t03-4110-7175-auh4-03lh17769tf9,2026-07-12T23:16:35.049,settlement,SETTLED,MT103,FAST,1650.87,USD,**************8601,GB,359
6ij26f86-5129-8550-afe8-82hi38451yu4,2026-07-03T22:15:37.073,gateway,OK,MT103,FAST,327.43,MYR,**************6826,US,38
6ij26f86-5129-8550-afe8-82hi38451yu4,2026-07-03T22:15:37.385,auth,OK,MT103,FAST,327.43,MYR,**************6826,US,27
6ij26f86-5129-8550-afe8-82hi38451yu4,2026-07-03T22:15:37.634,validation,OK,MT103,FAST,327.43,MYR,**************6826,US,88
6ij26f86-5129-8550-afe8-82hi38451yu4,2026-07-03T22:15:37.695,aml,OK,MT103,FAST,327.43,MYR,**************6826,US,182
6ij26f86-5129-8550-afe8-82hi38451yu4,2026-07-03T22:15:37.768,payment-hub,OK,MT103,FAST,327.43,MYR,**************6826,US,94
6ij26f86-5129-8550-afe8-82hi38451yu4,2026-07-03T22:15:37.815,core-banking,OK,MT103,FAST,327.43,MYR,**************6826,US,125
6ij26f86-5129-8550-afe8-82hi38451yu4,2026-07-03T22:15:37.935,settlement,SETTLED,MT103,FAST,327.43,MYR,**************6826,US,64
9jp43e90-3507-4848-xsx6-13rf57259dx4,2026-07-02T17:18:08.095,gateway,OK,pacs.008,FAST,1175.13,EUR,**************0469,GB,26
9jp43e90-3507-4848-xsx6-13rf57259dx4,2026-07-02T17:18:08.169,auth,OK,pacs.008,FAST,1175.13,EUR,**************0469,GB,84
9jp43e90-3507-4848-xsx6-13rf57259dx4,2026-07-02T17:18:08.237,validation,OK,pacs.008,FAST,1175.13,EUR,**************0469,GB,33
9jp43e90-3507-4848-xsx6-13rf57259dx4,2026-07-02T17:18:08.328,aml,OK,pacs.008,FAST,1175.13,EUR,**************0469,GB,95
9jp43e90-3507-4848-xsx6-13rf57259dx4,2026-07-02T17:18:08.420,payment-hub,OK,pacs.008,FAST,1175.13,EUR,**************0469,GB,101
9jp43e90-3507-4848-xsx6-13rf57259dx4,2026-07-02T17:18:08.482,core-banking,OK,pacs.008,FAST,1175.13,EUR,**************0469,GB,250
9jp43e90-3507-4848-xsx6-13rf57259dx4,2026-07-02T17:18:08.662,settlement,SETTLED,pacs.008,FAST,1175.13,EUR,**************0469,GB,265
7kk71v46-8684-0958-pxe2-88qm58625os2,2026-07-07T11:50:46.560,gateway,OK,pacs.008,SWIFT,29.17,EUR,**************8464,SG,46
7kk71v46-8684-0958-pxe2-88qm58625os2,2026-07-07T11:50:46.651,auth,OK,pacs.008,SWIFT,29.17,EUR,**************8464,SG,81
7kk71v46-8684-0958-pxe2-88qm58625os2,2026-07-07T11:50:46.734,validation,OK,pacs.008,SWIFT,29.17,EUR,**************8464,SG,58
7kk71v46-8684-0958-pxe2-88qm58625os2,2026-07-07T11:50:46.797,aml,OK,pacs.008,SWIFT,29.17,EUR,**************8464,SG,156
7kk71v46-8684-0958-pxe2-88qm58625os2,2026-07-07T11:50:46.911,payment-hub,OK,pacs.008,SWIFT,29.17,EUR,**************8464,SG,60
7kk71v46-8684-0958-pxe2-88qm58625os2,2026-07-07T11:50:47.171,core-banking,OK,pacs.008,SWIFT,29.17,EUR,**************8464,SG,222
7kk71v46-8684-0958-pxe2-88qm58625os2,2026-07-07T11:50:47.280,settlement,SETTLED,pacs.008,SWIFT,29.17,EUR,**************8464,SG,354
0xs97t75-5721-4393-yeq5-22uu74611dy3,2026-07-02T02:38:45.914,gateway,OK,pacs.008,SWIFT,975.78,SGD,**************4394,MY,41
0xs97t75-5721-4393-yeq5-22uu74611dy3,2026-07-02T02:38:46.032,auth,OK,pacs.008,SWIFT,975.78,SGD,**************4394,MY,25
0xs97t75-5721-4393-yeq5-22uu74611dy3,2026-07-02T02:38:46.109,validation,OK,pacs.008,SWIFT,975.78,SGD,**************4394,MY,28
0xs97t75-5721-4393-yeq5-22uu74611dy3,2026-07-02T02:38:46.177,aml,OK,pacs.008,SWIFT,975.78,SGD,**************4394,MY,120
0xs97t75-5721-4393-yeq5-22uu74611dy3,2026-07-02T02:38:46.271,payment-hub,OK,pacs.008,SWIFT,975.78,SGD,**************4394,MY,113
0xs97t75-5721-4393-yeq5-22uu74611dy3,2026-07-02T02:38:46.357,core-banking,OK,pacs.008,SWIFT,975.78,SGD,**************4394,MY,101
0xs97t75-5721-4393-yeq5-22uu74611dy3,2026-07-02T02:38:46.493,settlement,SETTLED,pacs.008,SWIFT,975.78,SGD,**************4394,MY,252
3bb87h58-5605-6646-kpb6-62yz76384cn0,2026-07-09T16:16:20.209,gateway,OK,MT103,FAST,1975.86,SGD,**************9905,IN,30
3bb87h58-5605-6646-kpb6-62yz76384cn0,2026-07-09T16:16:20.476,auth,OK,MT103,FAST,1975.86,SGD,**************9905,IN,87
3bb87h58-5605-6646-kpb6-62yz76384cn0,2026-07-09T16:16:20.527,validation,OK,MT103,FAST,1975.86,SGD,**************9905,IN,101
3bb87h58-5605-6646-kpb6-62yz76384cn0,2026-07-09T16:16:20.673,aml,OK,MT103,FAST,1975.86,SGD,**************9905,IN,57
3bb87h58-5605-6646-kpb6-62yz76384cn0,2026-07-09T16:16:20.700,payment-hub,OK,MT103,FAST,1975.86,SGD,**************9905,IN,133
3bb87h58-5605-6646-kpb6-62yz76384cn0,2026-07-09T16:16:20.979,core-banking,OK,MT103,FAST,1975.86,SGD,**************9905,IN,194
3bb87h58-5605-6646-kpb6-62yz76384cn0,2026-07-09T16:16:21.127,settlement,SETTLED,MT103,FAST,1975.86,SGD,**************9905,IN,187
1uz73a93-6608-8608-nry2-38wj51814af3,2026-07-11T13:50:33.711,gateway,OK,0200,FAST,615.89,SGD,**************3579,IN,24
1uz73a93-6608-8608-nry2-38wj51814af3,2026-07-11T13:50:33.761,auth,OK,0200,FAST,615.89,SGD,**************3579,IN,71
1uz73a93-6608-8608-nry2-38wj51814af3,2026-07-11T13:50:33.850,validation,OK,0200,FAST,615.89,SGD,**************3579,IN,43
1uz73a93-6608-8608-nry2-38wj51814af3,2026-07-11T13:50:33.897,aml,OK,0200,FAST,615.89,SGD,**************3579,IN,256
1uz73a93-6608-8608-nry2-38wj51814af3,2026-07-11T13:50:33.984,payment-hub,OK,0200,FAST,615.89,SGD,**************3579,IN,126
1uz73a93-6608-8608-nry2-38wj51814af3,2026-07-11T13:50:34.072,core-banking,OK,0200,FAST,615.89,SGD,**************3579,IN,75
1uz73a93-6608-8608-nry2-38wj51814af3,2026-07-11T13:50:34.126,settlement,SETTLED,0200,FAST,615.89,SGD,**************3579,IN,352
6jv32j50-3976-4949-hyr1-13hw28673to3,2026-07-05T08:25:34.557,gateway,OK,pacs.008,SWIFT,488.45,MYR,**************9178,MY,35
6jv32j50-3976-4949-hyr1-13hw28673to3,2026-07-05T08:25:34.615,auth,OK,pacs.008,SWIFT,488.45,MYR,**************9178,MY,76
6jv32j50-3976-4949-hyr1-13hw28673to3,2026-07-05T08:25:34.683,validation,OK,pacs.008,SWIFT,488.45,MYR,**************9178,MY,50
6jv32j50-3976-4949-hyr1-13hw28673to3,2026-07-05T08:25:34.761,aml,OK,pacs.008,SWIFT,488.45,MYR,**************9178,MY,198
6jv32j50-3976-4949-hyr1-13hw28673to3,2026-07-05T08:25:34.845,payment-hub,OK,pacs.008,SWIFT,488.45,MYR,**************9178,MY,89
6jv32j50-3976-4949-hyr1-13hw28673to3,2026-07-05T08:25:35.111,core-banking,OK,pacs.008,SWIFT,488.45,MYR,**************9178,MY,249
6jv32j50-3976-4949-hyr1-13hw28673to3,2026-07-05T08:25:35.199,settlement,SETTLED,pacs.008,SWIFT,488.45,MYR,**************9178,MY,149
9ki02x35-6132-1169-zep8-86fb95822ng4,2026-07-01T08:50:41.273,gateway,OK,MT103,FAST,226.66,SGD,**************9886,SG,17
9ki02x35-6132-1169-zep8-86fb95822ng4,2026-07-01T08:50:41.418,auth,OK,MT103,FAST,226.66,SGD,**************9886,SG,71
9ki02x35-6132-1169-zep8-86fb95822ng4,2026-07-01T08:50:41.507,validation,OK,MT103,FAST,226.66,SGD,**************9886,SG,87
9ki02x35-6132-1169-zep8-86fb95822ng4,2026-07-01T08:50:41.554,aml,OK,MT103,FAST,226.66,SGD,**************9886,SG,256
9ki02x35-6132-1169-zep8-86fb95822ng4,2026-07-01T08:50:41.669,payment-hub,OK,MT103,FAST,226.66,SGD,**************9886,SG,136
9ki02x35-6132-1169-zep8-86fb95822ng4,2026-07-01T08:50:41.774,core-banking,OK,MT103,FAST,226.66,SGD,**************9886,SG,146
9ki02x35-6132-1169-zep8-86fb95822ng4,2026-07-01T08:50:41.818,settlement,SETTLED,MT103,FAST,226.66,SGD,**************9886,SG,353
9xu00l31-9913-5696-fdq1-03fe97794lw7,2026-07-13T22:06:02.804,gateway,OK,MT103,SWIFT,451.85,USD,**************6353,US,40
9xu00l31-9913-5696-fdq1-03fe97794lw7,2026-07-13T22:06:02.883,auth,OK,MT103,SWIFT,451.85,USD,**************6353,US,27
9xu00l31-9913-5696-fdq1-03fe97794lw7,2026-07-13T22:06:03.121,validation,OK,MT103,SWIFT,451.85,USD,**************6353,US,38
9xu00l31-9913-5696-fdq1-03fe97794lw7,2026-07-13T22:06:03.195,aml,OK,MT103,SWIFT,451.85,USD,**************6353,US,247
9xu00l31-9913-5696-fdq1-03fe97794lw7,2026-07-13T22:06:03.241,payment-hub,OK,MT103,SWIFT,451.85,USD,**************6353,US,108
9xu00l31-9913-5696-fdq1-03fe97794lw7,2026-07-13T22:06:03.294,core-banking,OK,MT103,SWIFT,451.85,USD,**************6353,US,71
9xu00l31-9913-5696-fdq1-03fe97794lw7,2026-07-13T22:06:03.405,settlement,SETTLED,MT103,SWIFT,451.85,USD,**************6353,US,109
5id32r58-7035-6783-qoe9-98vk68354mo7,2026-07-06T13:02:39.373,gateway,OK,pacs.008,SWIFT,2255.05,SGD,**************1916,GB,46
5id32r58-7035-6783-qoe9-98vk68354mo7,2026-07-06T13:02:39.594,auth,OK,pacs.008,SWIFT,2255.05,SGD,**************1916,GB,83
5id32r58-7035-6783-qoe9-98vk68354mo7,2026-07-06T13:02:39.905,validation,REJECTED,pacs.008,SWIFT,2255.05,SGD,**************1916,GB,61
1lc57z01-2160-9856-nip2-73hg58925qq4,2026-07-13T03:58:35.648,gateway,OK,pacs.008,FAST,344.12,USD,**************2231,US,50
1lc57z01-2160-9856-nip2-73hg58925qq4,2026-07-13T03:58:35.720,auth,OK,pacs.008,FAST,344.12,USD,**************2231,US,37
1lc57z01-2160-9856-nip2-73hg58925qq4,2026-07-13T03:58:35.787,validation,OK,pacs.008,FAST,344.12,USD,**************2231,US,94
1lc57z01-2160-9856-nip2-73hg58925qq4,2026-07-13T03:58:35.878,aml,OK,pacs.008,FAST,344.12,USD,**************2231,US,43
1lc57z01-2160-9856-nip2-73hg58925qq4,2026-07-13T03:58:36.034,payment-hub,OK,pacs.008,FAST,344.12,USD,**************2231,US,146
1lc57z01-2160-9856-nip2-73hg58925qq4,2026-07-13T03:58:36.092,core-banking,OK,pacs.008,FAST,344.12,USD,**************2231,US,240
1lc57z01-2160-9856-nip2-73hg58925qq4,2026-07-13T03:58:36.159,settlement,SETTLED,pacs.008,FAST,344.12,USD,**************2231,US,253
1xz37q14-7012-4771-ohb0-75os45669xd1,2026-07-08T14:50:28.843,gateway,OK,pacs.008,SWIFT,101.27,USD,**************0732,GB,39
1xz37q14-7012-4771-ohb0-75os45669xd1,2026-07-08T14:50:28.965,auth,OK,pacs.008,SWIFT,101.27,USD,**************0732,GB,79
1xz37q14-7012-4771-ohb0-75os45669xd1,2026-07-08T14:50:29.057,validation,OK,pacs.008,SWIFT,101.27,USD,**************0732,GB,81
1xz37q14-7012-4771-ohb0-75os45669xd1,2026-07-08T14:50:29.186,aml,OK,pacs.008,SWIFT,101.27,USD,**************0732,GB,192
1xz37q14-7012-4771-ohb0-75os45669xd1,2026-07-08T14:50:29.249,payment-hub,OK,pacs.008,SWIFT,101.27,USD,**************0732,GB,146
1xz37q14-7012-4771-ohb0-75os45669xd1,2026-07-08T14:50:29.307,core-banking,OK,pacs.008,SWIFT,101.27,USD,**************0732,GB,170
1xz37q14-7012-4771-ohb0-75os45669xd1,2026-07-08T14:50:29.472,settlement,SETTLED,pacs.008,SWIFT,101.27,USD,**************0732,GB,390
1tp33e19-8629-2716-ezg5-68tn02134jx8,2026-07-11T06:27:15.240,gateway,OK,MT103,FAST,2484.61,SGD,**************9495,SG,56
1tp33e19-8629-2716-ezg5-68tn02134jx8,2026-07-11T06:27:15.316,auth,OK,MT103,FAST,2484.61,SGD,**************9495,SG,71
1tp33e19-8629-2716-ezg5-68tn02134jx8,2026-07-11T06:27:15.424,validation,OK,MT103,FAST,2484.61,SGD,**************9495,SG,52
1tp33e19-8629-2716-ezg5-68tn02134jx8,2026-07-11T06:27:15.508,aml,TIMEOUT,MT103,FAST,2484.61,SGD,**************9495,SG,30000
1tp33e19-8629-2716-ezg5-68tn02134jx8,2026-07-11T06:27:15.571,payment-hub,FAILED,MT103,FAST,2484.61,SGD,**************9495,SG,150
0dt10s97-5342-1991-ucy6-23gu53962qu5,2026-07-03T17:03:54.538,gateway,OK,pacs.008,FAST,155.23,SGD,**************0052,SG,50
0dt10s97-5342-1991-ucy6-23gu53962qu5,2026-07-03T17:03:54.588,auth,OK,pacs.008,FAST,155.23,SGD,**************0052,SG,28
0dt10s97-5342-1991-ucy6-23gu53962qu5,2026-07-03T17:03:54.702,validation,OK,pacs.008,FAST,155.23,SGD,**************0052,SG,54
0dt10s97-5342-1991-ucy6-23gu53962qu5,2026-07-03T17:03:54.782,aml,OK,pacs.008,FAST,155.23,SGD,**************0052,SG,283
0dt10s97-5342-1991-ucy6-23gu53962qu5,2026-07-03T17:03:54.869,payment-hub,OK,pacs.008,FAST,155.23,SGD,**************0052,SG,83
0dt10s97-5342-1991-ucy6-23gu53962qu5,2026-07-03T17:03:54.934,core-banking,OK,pacs.008,FAST,155.23,SGD,**************0052,SG,56
0dt10s97-5342-1991-ucy6-23gu53962qu5,2026-07-03T17:03:55.013,settlement,SETTLED,pacs.008,FAST,155.23,SGD,**************0052,SG,152
3pv76z43-0132-4061-owt0-06zk67246ds9,2026-07-03T17:21:28.404,gateway,OK,pacs.008,FAST,476.64,SGD,**************6296,SG,42
3pv76z43-0132-4061-owt0-06zk67246ds9,2026-07-03T17:21:28.472,auth,OK,pacs.008,FAST,476.64,SGD,**************6296,SG,56
3pv76z43-0132-4061-owt0-06zk67246ds9,2026-07-03T17:21:28.565,validation,OK,pacs.008,FAST,476.64,SGD,**************6296,SG,82
3pv76z43-0132-4061-owt0-06zk67246ds9,2026-07-03T17:21:28.614,aml,TIMEOUT,pacs.008,FAST,476.64,SGD,**************6296,SG,30000
3pv76z43-0132-4061-owt0-06zk67246ds9,2026-07-03T17:21:28.738,payment-hub,FAILED,pacs.008,FAST,476.64,SGD,**************6296,SG,49
8ml05f70-3973-6067-ytj8-63wl78996pi5,2026-07-04T14:37:38.831,gateway,OK,MT103,SWIFT,891.57,USD,**************1924,SG,21
8ml05f70-3973-6067-ytj8-63wl78996pi5,2026-07-04T14:37:38.906,auth,OK,MT103,SWIFT,891.57,USD,**************1924,SG,56
8ml05f70-3973-6067-ytj8-63wl78996pi5,2026-07-04T14:37:38.977,validation,OK,MT103,SWIFT,891.57,USD,**************1924,SG,83
8ml05f70-3973-6067-ytj8-63wl78996pi5,2026-07-04T14:37:39.089,aml,OK,MT103,SWIFT,891.57,USD,**************1924,SG,113
8ml05f70-3973-6067-ytj8-63wl78996pi5,2026-07-04T14:37:39.147,payment-hub,OK,MT103,SWIFT,891.57,USD,**************1924,SG,88
8ml05f70-3973-6067-ytj8-63wl78996pi5,2026-07-04T14:37:39.247,core-banking,OK,MT103,SWIFT,891.57,USD,**************1924,SG,200
8ml05f70-3973-6067-ytj8-63wl78996pi5,2026-07-04T14:37:39.322,settlement,SETTLED,MT103,SWIFT,891.57,USD,**************1924,SG,110
2cg04k79-6176-4724-vey8-23dl79467fs2,2026-07-05T20:03:59.536,gateway,OK,MT103,FAST,2061.19,EUR,**************7256,SG,43
2cg04k79-6176-4724-vey8-23dl79467fs2,2026-07-05T20:03:59.649,auth,OK,MT103,FAST,2061.19,EUR,**************7256,SG,32
2cg04k79-6176-4724-vey8-23dl79467fs2,2026-07-05T20:03:59.775,validation,OK,MT103,FAST,2061.19,EUR,**************7256,SG,73
2cg04k79-6176-4724-vey8-23dl79467fs2,2026-07-05T20:03:59.838,aml,OK,MT103,FAST,2061.19,EUR,**************7256,SG,250
2cg04k79-6176-4724-vey8-23dl79467fs2,2026-07-05T20:03:59.897,payment-hub,OK,MT103,FAST,2061.19,EUR,**************7256,SG,76
2cg04k79-6176-4724-vey8-23dl79467fs2,2026-07-05T20:03:59.953,core-banking,OK,MT103,FAST,2061.19,EUR,**************7256,SG,245
2cg04k79-6176-4724-vey8-23dl79467fs2,2026-07-05T20:04:00.025,settlement,SETTLED,MT103,FAST,2061.19,EUR,**************7256,SG,110
9tw82n18-8307-3179-plb8-47zo91336tc0,2026-07-08T08:49:47.225,gateway,OK,MT103,SWIFT,806.8,INR,**************1304,SG,29
9tw82n18-8307-3179-plb8-47zo91336tc0,2026-07-08T08:49:47.370,auth,OK,MT103,SWIFT,806.8,INR,**************1304,SG,39
9tw82n18-8307-3179-plb8-47zo91336tc0,2026-07-08T08:49:47.471,validation,OK,MT103,SWIFT,806.8,INR,**************1304,SG,85
9tw82n18-8307-3179-plb8-47zo91336tc0,2026-07-08T08:49:47.600,aml,OK,MT103,SWIFT,806.8,INR,**************1304,SG,256
9tw82n18-8307-3179-plb8-47zo91336tc0,2026-07-08T08:49:47.803,payment-hub,OK,MT103,SWIFT,806.8,INR,**************1304,SG,85
9tw82n18-8307-3179-plb8-47zo91336tc0,2026-07-08T08:49:47.855,core-banking,OK,MT103,SWIFT,806.8,INR,**************1304,SG,68
9tw82n18-8307-3179-plb8-47zo91336tc0,2026-07-08T08:49:47.943,settlement,SETTLED,MT103,SWIFT,806.8,INR,**************1304,SG,227
1ye04k87-9781-6870-apl6-93or42545mt6,2026-07-13T23:24:44.608,gateway,OK,pacs.008,CARDS,368.08,INR,**************3450,MY,46
1ye04k87-9781-6870-apl6-93or42545mt6,2026-07-13T23:24:44.686,auth,OK,pacs.008,CARDS,368.08,INR,**************3450,MY,65
1ye04k87-9781-6870-apl6-93or42545mt6,2026-07-13T23:24:44.796,validation,OK,pacs.008,CARDS,368.08,INR,**************3450,MY,83
1ye04k87-9781-6870-apl6-93or42545mt6,2026-07-13T23:24:45.062,aml,OK,pacs.008,CARDS,368.08,INR,**************3450,MY,50
1ye04k87-9781-6870-apl6-93or42545mt6,2026-07-13T23:24:45.133,payment-hub,OK,pacs.008,CARDS,368.08,INR,**************3450,MY,35
1ye04k87-9781-6870-apl6-93or42545mt6,2026-07-13T23:24:45.331,core-banking,OK,pacs.008,CARDS,368.08,INR,**************3450,MY,110
1ye04k87-9781-6870-apl6-93or42545mt6,2026-07-13T23:24:45.399,settlement,SETTLED,pacs.008,CARDS,368.08,INR,**************3450,MY,287
0qz87g01-2289-5203-gqb8-49tj73462ca0,2026-07-05T06:17:10.534,gateway,OK,pacs.008,FAST,1472.19,GBP,**************6394,SG,36
0qz87g01-2289-5203-gqb8-49tj73462ca0,2026-07-05T06:17:10.602,auth,OK,pacs.008,FAST,1472.19,GBP,**************6394,SG,58
0qz87g01-2289-5203-gqb8-49tj73462ca0,2026-07-05T06:17:10.894,validation,OK,pacs.008,FAST,1472.19,GBP,**************6394,SG,64
0qz87g01-2289-5203-gqb8-49tj73462ca0,2026-07-05T06:17:10.960,aml,OK,pacs.008,FAST,1472.19,GBP,**************6394,SG,251
0qz87g01-2289-5203-gqb8-49tj73462ca0,2026-07-05T06:17:11.051,payment-hub,OK,pacs.008,FAST,1472.19,GBP,**************6394,SG,61
0qz87g01-2289-5203-gqb8-49tj73462ca0,2026-07-05T06:17:11.147,core-banking,OK,pacs.008,FAST,1472.19,GBP,**************6394,SG,181
0qz87g01-2289-5203-gqb8-49tj73462ca0,2026-07-05T06:17:11.214,settlement,SETTLED,pacs.008,FAST,1472.19,GBP,**************6394,SG,185
5ha21m46-8563-7472-xvt1-64ez70427nl3,2026-07-04T19:41:14.374,gateway,OK,MT103,FAST,1760.35,SGD,**************9239,SG,58
5ha21m46-8563-7472-xvt1-64ez70427nl3,2026-07-04T19:41:14.478,auth,OK,MT103,FAST,1760.35,SGD,**************9239,SG,47
5ha21m46-8563-7472-xvt1-64ez70427nl3,2026-07-04T19:41:14.615,validation,OK,MT103,FAST,1760.35,SGD,**************9239,SG,113
5ha21m46-8563-7472-xvt1-64ez70427nl3,2026-07-04T19:41:14.746,aml,OK,MT103,FAST,1760.35,SGD,**************9239,SG,208
5ha21m46-8563-7472-xvt1-64ez70427nl3,2026-07-04T19:41:14.814,payment-hub,OK,MT103,FAST,1760.35,SGD,**************9239,SG,113
5ha21m46-8563-7472-xvt1-64ez70427nl3,2026-07-04T19:41:14.953,core-banking,OK,MT103,FAST,1760.35,SGD,**************9239,SG,187
5ha21m46-8563-7472-xvt1-64ez70427nl3,2026-07-04T19:41:15.060,settlement,SETTLED,MT103,FAST,1760.35,SGD,**************9239,SG,168
4bb73d37-3248-1524-acn0-70hz25059li2,2026-07-15T02:25:35.450,gateway,OK,0200,FAST,905.34,SGD,**************2326,SG,16
4bb73d37-3248-1524-acn0-70hz25059li2,2026-07-15T02:25:35.517,auth,OK,0200,FAST,905.34,SGD,**************2326,SG,58
4bb73d37-3248-1524-acn0-70hz25059li2,2026-07-15T02:25:35.720,validation,OK,0200,FAST,905.34,SGD,**************2326,SG,61
4bb73d37-3248-1524-acn0-70hz25059li2,2026-07-15T02:25:35.845,aml,OK,0200,FAST,905.34,SGD,**************2326,SG,255
4bb73d37-3248-1524-acn0-70hz25059li2,2026-07-15T02:25:35.950,payment-hub,OK,0200,FAST,905.34,SGD,**************2326,SG,80
4bb73d37-3248-1524-acn0-70hz25059li2,2026-07-15T02:25:36.095,core-banking,OK,0200,FAST,905.34,SGD,**************2326,SG,223
4bb73d37-3248-1524-acn0-70hz25059li2,2026-07-15T02:25:36.140,settlement,SETTLED,0200,FAST,905.34,SGD,**************2326,SG,359
6ke07v29-2195-0286-ugy4-68hu71799ea0,2026-07-06T19:07:22.117,gateway,OK,pacs.008,FAST,1172.08,SGD,**************8303,SG,22
6ke07v29-2195-0286-ugy4-68hu71799ea0,2026-07-06T19:07:22.191,auth,OK,pacs.008,FAST,1172.08,SGD,**************8303,SG,25
6ke07v29-2195-0286-ugy4-68hu71799ea0,2026-07-06T19:07:22.302,validation,OK,pacs.008,FAST,1172.08,SGD,**************8303,SG,76
6ke07v29-2195-0286-ugy4-68hu71799ea0,2026-07-06T19:07:22.561,aml,OK,pacs.008,FAST,1172.08,SGD,**************8303,SG,72
6ke07v29-2195-0286-ugy4-68hu71799ea0,2026-07-06T19:07:22.652,payment-hub,OK,pacs.008,FAST,1172.08,SGD,**************8303,SG,126
6ke07v29-2195-0286-ugy4-68hu71799ea0,2026-07-06T19:07:22.726,core-banking,OK,pacs.008,FAST,1172.08,SGD,**************8303,SG,183
6ke07v29-2195-0286-ugy4-68hu71799ea0,2026-07-06T19:07:52.761,settlement,SETTLED,pacs.008,FAST,1172.08,SGD,**************8303,SG,344
7ds14b89-5466-2864-yng1-40fa37912pp5,2026-07-10T21:26:03.589,gateway,OK,MT103,SWIFT,605.41,EUR,**************9597,HK,39
7ds14b89-5466-2864-yng1-40fa37912pp5,2026-07-10T21:26:03.639,auth,OK,MT103,SWIFT,605.41,EUR,**************9597,HK,69
7ds14b89-5466-2864-yng1-40fa37912pp5,2026-07-10T21:26:03.718,validation,OK,MT103,SWIFT,605.41,EUR,**************9597,HK,90
7ds14b89-5466-2864-yng1-40fa37912pp5,2026-07-10T21:26:03.761,aml,OK,MT103,SWIFT,605.41,EUR,**************9597,HK,41
7ds14b89-5466-2864-yng1-40fa37912pp5,2026-07-10T21:26:03.939,payment-hub,OK,MT103,SWIFT,605.41,EUR,**************9597,HK,141
7ds14b89-5466-2864-yng1-40fa37912pp5,2026-07-10T21:26:04.085,core-banking,OK,MT103,SWIFT,605.41,EUR,**************9597,HK,177
7ds14b89-5466-2864-yng1-40fa37912pp5,2026-07-10T21:26:04.130,settlement,SETTLED,MT103,SWIFT,605.41,EUR,**************9597,HK,193
7gh58o80-0392-8575-nnp1-11fo81472mn8,2026-07-03T11:59:40.451,gateway,OK,MT103,FAST,388.39,MYR,**************4162,SG,41
7gh58o80-0392-8575-nnp1-11fo81472mn8,2026-07-03T11:59:40.654,auth,OK,MT103,FAST,388.39,MYR,**************4162,SG,25
7gh58o80-0392-8575-nnp1-11fo81472mn8,2026-07-03T11:59:40.744,validation,OK,MT103,FAST,388.39,MYR,**************4162,SG,52
7gh58o80-0392-8575-nnp1-11fo81472mn8,2026-07-03T11:59:40.998,aml,OK,MT103,FAST,388.39,MYR,**************4162,SG,272
7gh58o80-0392-8575-nnp1-11fo81472mn8,2026-07-03T11:59:41.106,payment-hub,OK,MT103,FAST,388.39,MYR,**************4162,SG,36
7gh58o80-0392-8575-nnp1-11fo81472mn8,2026-07-03T11:59:41.225,core-banking,OK,MT103,FAST,388.39,MYR,**************4162,SG,110
7gh58o80-0392-8575-nnp1-11fo81472mn8,2026-07-03T11:59:41.306,settlement,SETTLED,MT103,FAST,388.39,MYR,**************4162,SG,256
9lu46b64-0330-7399-jck0-60lp09105cr7,2026-07-12T01:32:13.845,gateway,OK,MT103,FAST,6084.03,SGD,**************2338,GB,25
9lu46b64-0330-7399-jck0-60lp09105cr7,2026-07-12T01:32:14.116,auth,OK,MT103,FAST,6084.03,SGD,**************2338,GB,79
9lu46b64-0330-7399-jck0-60lp09105cr7,2026-07-12T01:32:14.238,validation,REJECTED,MT103,FAST,6084.03,SGD,**************2338,GB,108
0rc44s74-4885-2104-egy2-58qv80077ra0,2026-07-05T13:59:16.088,gateway,OK,pacs.008,FAST,328.0,USD,**************9574,SG,22
0rc44s74-4885-2104-egy2-58qv80077ra0,2026-07-05T13:59:16.171,auth,OK,pacs.008,FAST,328.0,USD,**************9574,SG,23
0rc44s74-4885-2104-egy2-58qv80077ra0,2026-07-05T13:59:16.374,validation,OK,pacs.008,FAST,328.0,USD,**************9574,SG,97
0rc44s74-4885-2104-egy2-58qv80077ra0,2026-07-05T13:59:46.383,aml,OK,pacs.008,FAST,328.0,USD,**************9574,SG,89
0rc44s74-4885-2104-egy2-58qv80077ra0,2026-07-05T13:59:46.456,payment-hub,OK,pacs.008,FAST,328.0,USD,**************9574,SG,114
0rc44s74-4885-2104-egy2-58qv80077ra0,2026-07-05T13:59:46.520,core-banking,OK,pacs.008,FAST,328.0,USD,**************9574,SG,136
0rc44s74-4885-2104-egy2-58qv80077ra0,2026-07-05T13:59:46.636,settlement,SETTLED,pacs.008,FAST,328.0,USD,**************9574,SG,335
5nj45y46-6027-8160-ezj4-80dn65033bu8,2026-07-11T01:39:37.975,gateway,OK,MT103,FAST,786.34,USD,**************0367,SG,54
5nj45y46-6027-8160-ezj4-80dn65033bu8,2026-07-11T01:39:38.059,auth,OK,MT103,FAST,786.34,USD,**************0367,SG,58
5nj45y46-6027-8160-ezj4-80dn65033bu8,2026-07-11T01:39:38.117,validation,OK,MT103,FAST,786.34,USD,**************0367,SG,75
5nj45y46-6027-8160-ezj4-80dn65033bu8,2026-07-11T01:39:38.241,aml,OK,MT103,FAST,786.34,USD,**************0367,SG,251
5nj45y46-6027-8160-ezj4-80dn65033bu8,2026-07-11T01:39:38.292,payment-hub,OK,MT103,FAST,786.34,USD,**************0367,SG,133
5nj45y46-6027-8160-ezj4-80dn65033bu8,2026-07-11T01:39:38.355,core-banking,OK,MT103,FAST,786.34,USD,**************0367,SG,196
5nj45y46-6027-8160-ezj4-80dn65033bu8,2026-07-11T01:39:38.618,settlement,SETTLED,MT103,FAST,786.34,USD,**************0367,SG,303
2ml17q24-3987-7363-ggq8-71gb82188jz4,2026-07-10T15:58:49.570,gateway,OK,pacs.008,SWIFT,270.81,SGD,**************5688,SG,37
2ml17q24-3987-7363-ggq8-71gb82188jz4,2026-07-10T15:58:49.829,auth,OK,pacs.008,SWIFT,270.81,SGD,**************5688,SG,70
2ml17q24-3987-7363-ggq8-71gb82188jz4,2026-07-10T15:58:49.933,validation,OK,pacs.008,SWIFT,270.81,SGD,**************5688,SG,31
2ml17q24-3987-7363-ggq8-71gb82188jz4,2026-07-10T15:58:50.201,aml,OK,pacs.008,SWIFT,270.81,SGD,**************5688,SG,265
2ml17q24-3987-7363-ggq8-71gb82188jz4,2026-07-10T15:58:50.445,payment-hub,OK,pacs.008,SWIFT,270.81,SGD,**************5688,SG,127
2ml17q24-3987-7363-ggq8-71gb82188jz4,2026-07-10T15:58:50.703,core-banking,OK,pacs.008,SWIFT,270.81,SGD,**************5688,SG,66
2ml17q24-3987-7363-ggq8-71gb82188jz4,2026-07-10T15:58:50.773,settlement,SETTLED,pacs.008,SWIFT,270.81,SGD,**************5688,SG,259
6nu35a67-9853-6245-obf9-36og85315lz4,2026-07-10T17:37:59.268,gateway,OK,MT103,FAST,815.58,SGD,**************0403,SG,48
6nu35a67-9853-6245-obf9-36og85315lz4,2026-07-10T17:37:59.372,auth,OK,MT103,FAST,815.58,SGD,**************0403,SG,54
6nu35a67-9853-6245-obf9-36og85315lz4,2026-07-10T17:37:59.546,validation,OK,MT103,FAST,815.58,SGD,**************0403,SG,68
6nu35a67-9853-6245-obf9-36og85315lz4,2026-07-10T17:37:59.595,aml,OK,MT103,FAST,815.58,SGD,**************0403,SG,267
6nu35a67-9853-6245-obf9-36og85315lz4,2026-07-10T17:37:59.847,payment-hub,OK,MT103,FAST,815.58,SGD,**************0403,SG,82
6nu35a67-9853-6245-obf9-36og85315lz4,2026-07-10T17:37:59.913,core-banking,OK,MT103,FAST,815.58,SGD,**************0403,SG,143
6nu35a67-9853-6245-obf9-36og85315lz4,2026-07-10T17:38:00.171,settlement,SETTLED,MT103,FAST,815.58,SGD,**************0403,SG,178
5nb88b94-8737-9820-fqq8-14je04708cg6,2026-07-12T08:54:17.352,gateway,OK,0200,FAST,2810.94,USD,**************7644,SG,21
5nb88b94-8737-9820-fqq8-14je04708cg6,2026-07-12T08:54:17.378,auth,OK,0200,FAST,2810.94,USD,**************7644,SG,89
5nb88b94-8737-9820-fqq8-14je04708cg6,2026-07-12T08:54:17.517,validation,OK,0200,FAST,2810.94,USD,**************7644,SG,66
5nb88b94-8737-9820-fqq8-14je04708cg6,2026-07-12T08:54:17.647,aml,OK,0200,FAST,2810.94,USD,**************7644,SG,65
5nb88b94-8737-9820-fqq8-14je04708cg6,2026-07-12T08:54:17.802,payment-hub,OK,0200,FAST,2810.94,USD,**************7644,SG,110
5nb88b94-8737-9820-fqq8-14je04708cg6,2026-07-12T08:54:18.049,core-banking,OK,0200,FAST,2810.94,USD,**************7644,SG,84
5nb88b94-8737-9820-fqq8-14je04708cg6,2026-07-12T08:54:18.296,settlement,SETTLED,0200,FAST,2810.94,USD,**************7644,SG,381
1iw26r57-2242-1475-ujc9-49fy22257kx8,2026-07-03T04:39:01.894,gateway,OK,pacs.008,FAST,169.51,SGD,**************1642,MY,33
1iw26r57-2242-1475-ujc9-49fy22257kx8,2026-07-03T04:39:01.972,auth,OK,pacs.008,FAST,169.51,SGD,**************1642,MY,20
1iw26r57-2242-1475-ujc9-49fy22257kx8,2026-07-03T04:39:02.082,validation,OK,pacs.008,FAST,169.51,SGD,**************1642,MY,52
1iw26r57-2242-1475-ujc9-49fy22257kx8,2026-07-03T04:39:02.123,aml,OK,pacs.008,FAST,169.51,SGD,**************1642,MY,102
1iw26r57-2242-1475-ujc9-49fy22257kx8,2026-07-03T04:39:02.200,payment-hub,OK,pacs.008,FAST,169.51,SGD,**************1642,MY,142
1iw26r57-2242-1475-ujc9-49fy22257kx8,2026-07-03T04:39:02.256,core-banking,OK,pacs.008,FAST,169.51,SGD,**************1642,MY,67
1iw26r57-2242-1475-ujc9-49fy22257kx8,2026-07-03T04:39:02.358,settlement,SETTLED,pacs.008,FAST,169.51,SGD,**************1642,MY,167
8iy48o08-1541-4009-bvc5-10sl56835my9,2026-07-03T19:38:57.582,gateway,OK,pacs.008,FAST,286.34,USD,**************5852,SG,35
8iy48o08-1541-4009-bvc5-10sl56835my9,2026-07-03T19:38:57.667,auth,OK,pacs.008,FAST,286.34,USD,**************5852,SG,90
8iy48o08-1541-4009-bvc5-10sl56835my9,2026-07-03T19:38:57.716,validation,OK,pacs.008,FAST,286.34,USD,**************5852,SG,86
8iy48o08-1541-4009-bvc5-10sl56835my9,2026-07-03T19:38:57.776,aml,OK,pacs.008,FAST,286.34,USD,**************5852,SG,206
8iy48o08-1541-4009-bvc5-10sl56835my9,2026-07-03T19:38:57.855,payment-hub,OK,pacs.008,FAST,286.34,USD,**************5852,SG,71
8iy48o08-1541-4009-bvc5-10sl56835my9,2026-07-03T19:38:57.943,core-banking,OK,pacs.008,FAST,286.34,USD,**************5852,SG,128
8iy48o08-1541-4009-bvc5-10sl56835my9,2026-07-03T19:38:58.037,settlement,SETTLED,pacs.008,FAST,286.34,USD,**************5852,SG,331
5ci33y30-8278-7786-fyy9-29rr90590oi9,2026-07-03T00:08:27.924,gateway,OK,0200,SWIFT,6707.69,SGD,**************9011,SG,32
5ci33y30-8278-7786-fyy9-29rr90590oi9,2026-07-03T00:08:28.015,auth,OK,0200,SWIFT,6707.69,SGD,**************9011,SG,31
5ci33y30-8278-7786-fyy9-29rr90590oi9,2026-07-03T00:08:28.062,validation,OK,0200,SWIFT,6707.69,SGD,**************9011,SG,113
5ci33y30-8278-7786-fyy9-29rr90590oi9,2026-07-03T00:08:28.143,aml,OK,0200,SWIFT,6707.69,SGD,**************9011,SG,221
5ci33y30-8278-7786-fyy9-29rr90590oi9,2026-07-03T00:08:28.227,payment-hub,OK,0200,SWIFT,6707.69,SGD,**************9011,SG,109
5ci33y30-8278-7786-fyy9-29rr90590oi9,2026-07-03T00:08:28.347,core-banking,OK,0200,SWIFT,6707.69,SGD,**************9011,SG,226
5ci33y30-8278-7786-fyy9-29rr90590oi9,2026-07-03T00:08:28.414,settlement,SETTLED,0200,SWIFT,6707.69,SGD,**************9011,SG,353
6ve18k64-6712-8230-wim5-40hx99806jk3,2026-07-14T13:49:59.034,gateway,OK,pacs.008,SWIFT,155.62,SGD,**************9453,US,23
6ve18k64-6712-8230-wim5-40hx99806jk3,2026-07-14T13:49:59.103,auth,OK,pacs.008,SWIFT,155.62,SGD,**************9453,US,88
6ve18k64-6712-8230-wim5-40hx99806jk3,2026-07-14T13:49:59.167,validation,OK,pacs.008,SWIFT,155.62,SGD,**************9453,US,111
6ve18k64-6712-8230-wim5-40hx99806jk3,2026-07-14T13:49:59.300,aml,OK,pacs.008,SWIFT,155.62,SGD,**************9453,US,211
6ve18k64-6712-8230-wim5-40hx99806jk3,2026-07-14T13:49:59.494,payment-hub,OK,pacs.008,SWIFT,155.62,SGD,**************9453,US,79
6ve18k64-6712-8230-wim5-40hx99806jk3,2026-07-14T13:49:59.612,core-banking,OK,pacs.008,SWIFT,155.62,SGD,**************9453,US,134
6ve18k64-6712-8230-wim5-40hx99806jk3,2026-07-14T13:49:59.883,settlement,SETTLED,pacs.008,SWIFT,155.62,SGD,**************9453,US,314
9jo34u43-7499-6610-cwz4-25zh41436hn9,2026-07-10T03:37:16.749,gateway,OK,pacs.008,FAST,958.41,MYR,**************7672,SG,15
9jo34u43-7499-6610-cwz4-25zh41436hn9,2026-07-10T03:37:16.850,auth,OK,pacs.008,FAST,958.41,MYR,**************7672,SG,21
9jo34u43-7499-6610-cwz4-25zh41436hn9,2026-07-10T03:37:16.933,validation,OK,pacs.008,FAST,958.41,MYR,**************7672,SG,118
9jo34u43-7499-6610-cwz4-25zh41436hn9,2026-07-10T03:37:17.001,aml,OK,pacs.008,FAST,958.41,MYR,**************7672,SG,116
9jo34u43-7499-6610-cwz4-25zh41436hn9,2026-07-10T03:37:17.059,payment-hub,OK,pacs.008,FAST,958.41,MYR,**************7672,SG,49
9jo34u43-7499-6610-cwz4-25zh41436hn9,2026-07-10T03:37:17.175,core-banking,OK,pacs.008,FAST,958.41,MYR,**************7672,SG,50
9jo34u43-7499-6610-cwz4-25zh41436hn9,2026-07-10T03:37:17.278,settlement,SETTLED,pacs.008,FAST,958.41,MYR,**************7672,SG,172
8vq29w44-8459-5874-mei5-32ib54336yz6,2026-07-07T04:33:39.824,gateway,OK,pacs.008,FAST,2665.77,SGD,**************4513,SG,54
8vq29w44-8459-5874-mei5-32ib54336yz6,2026-07-07T04:33:39.982,auth,OK,pacs.008,FAST,2665.77,SGD,**************4513,SG,25
8vq29w44-8459-5874-mei5-32ib54336yz6,2026-07-07T04:33:40.042,validation,OK,pacs.008,FAST,2665.77,SGD,**************4513,SG,73
8vq29w44-8459-5874-mei5-32ib54336yz6,2026-07-07T04:33:40.231,aml,TIMEOUT,pacs.008,FAST,2665.77,SGD,**************4513,SG,30000
8vq29w44-8459-5874-mei5-32ib54336yz6,2026-07-07T04:33:40.329,payment-hub,FAILED,pacs.008,FAST,2665.77,SGD,**************4513,SG,74
7fk54t02-9095-6855-rwh1-69sg90852ul1,2026-07-03T21:55:29.793,gateway,OK,pacs.008,CARDS,44.99,INR,**************6568,SG,19
7fk54t02-9095-6855-rwh1-69sg90852ul1,2026-07-03T21:55:29.846,auth,OK,pacs.008,CARDS,44.99,INR,**************6568,SG,21
7fk54t02-9095-6855-rwh1-69sg90852ul1,2026-07-03T21:55:29.975,validation,OK,pacs.008,CARDS,44.99,INR,**************6568,SG,102
7fk54t02-9095-6855-rwh1-69sg90852ul1,2026-07-03T21:55:30.065,aml,OK,pacs.008,CARDS,44.99,INR,**************6568,SG,165
7fk54t02-9095-6855-rwh1-69sg90852ul1,2026-07-03T21:55:30.145,payment-hub,OK,pacs.008,CARDS,44.99,INR,**************6568,SG,30
7fk54t02-9095-6855-rwh1-69sg90852ul1,2026-07-03T21:55:30.207,core-banking,OK,pacs.008,CARDS,44.99,INR,**************6568,SG,136
7fk54t02-9095-6855-rwh1-69sg90852ul1,2026-07-03T21:55:30.361,settlement,SETTLED,pacs.008,CARDS,44.99,INR,**************6568,SG,222
0hm64x87-9511-1185-jhy2-06vq27796nw3,2026-07-13T07:31:17.660,gateway,OK,pacs.008,SWIFT,7674.46,SGD,**************7915,SG,54
0hm64x87-9511-1185-jhy2-06vq27796nw3,2026-07-13T07:31:17.763,auth,OK,pacs.008,SWIFT,7674.46,SGD,**************7915,SG,74
0hm64x87-9511-1185-jhy2-06vq27796nw3,2026-07-13T07:31:18.010,validation,OK,pacs.008,SWIFT,7674.46,SGD,**************7915,SG,61
0hm64x87-9511-1185-jhy2-06vq27796nw3,2026-07-13T07:31:48.026,aml,TIMEOUT,pacs.008,SWIFT,7674.46,SGD,**************7915,SG,30000
0hm64x87-9511-1185-jhy2-06vq27796nw3,2026-07-13T07:31:48.167,payment-hub,FAILED,pacs.008,SWIFT,7674.46,SGD,**************7915,SG,107
4wy98j89-8407-6517-uqr3-23hr39196li3,2026-07-01T20:00:45.549,gateway,OK,pacs.008,CARDS,360.72,INR,**************7506,HK,27
4wy98j89-8407-6517-uqr3-23hr39196li3,2026-07-01T20:00:45.598,auth,OK,pacs.008,CARDS,360.72,INR,**************7506,HK,66
4wy98j89-8407-6517-uqr3-23hr39196li3,2026-07-01T20:00:45.859,validation,OK,pacs.008,CARDS,360.72,INR,**************7506,HK,81
4wy98j89-8407-6517-uqr3-23hr39196li3,2026-07-01T20:00:46.026,aml,OK,pacs.008,CARDS,360.72,INR,**************7506,HK,191
4wy98j89-8407-6517-uqr3-23hr39196li3,2026-07-01T20:00:46.277,payment-hub,OK,pacs.008,CARDS,360.72,INR,**************7506,HK,149
4wy98j89-8407-6517-uqr3-23hr39196li3,2026-07-01T20:00:46.343,core-banking,OK,pacs.008,CARDS,360.72,INR,**************7506,HK,161
4wy98j89-8407-6517-uqr3-23hr39196li3,2026-07-01T20:00:46.479,settlement,SETTLED,pacs.008,CARDS,360.72,INR,**************7506,HK,310
0be64u18-1103-7182-frl4-71px91030ha4,2026-07-01T11:14:54.546,gateway,OK,pacs.008,FAST,309.95,INR,**************3724,MY,15
0be64u18-1103-7182-frl4-71px91030ha4,2026-07-01T11:14:54.707,auth,OK,pacs.008,FAST,309.95,INR,**************3724,MY,20
0be64u18-1103-7182-frl4-71px91030ha4,2026-07-01T11:14:54.778,validation,OK,pacs.008,FAST,309.95,INR,**************3724,MY,106
0be64u18-1103-7182-frl4-71px91030ha4,2026-07-01T11:14:54.862,aml,OK,pacs.008,FAST,309.95,INR,**************3724,MY,118
0be64u18-1103-7182-frl4-71px91030ha4,2026-07-01T11:14:55.145,payment-hub,OK,pacs.008,FAST,309.95,INR,**************3724,MY,83
0be64u18-1103-7182-frl4-71px91030ha4,2026-07-01T11:14:55.331,core-banking,OK,pacs.008,FAST,309.95,INR,**************3724,MY,131
0be64u18-1103-7182-frl4-71px91030ha4,2026-07-01T11:14:55.426,settlement,SETTLED,pacs.008,FAST,309.95,INR,**************3724,MY,370
3uw38p58-7222-2167-uhu9-50fk99389bb0,2026-07-12T16:50:14.568,gateway,OK,pacs.008,SWIFT,301.94,SGD,**************9888,SG,37
3uw38p58-7222-2167-uhu9-50fk99389bb0,2026-07-12T16:50:14.667,auth,OK,pacs.008,SWIFT,301.94,SGD,**************9888,SG,77
3uw38p58-7222-2167-uhu9-50fk99389bb0,2026-07-12T16:50:14.740,validation,REJECTED,pacs.008,SWIFT,301.94,SGD,**************9888,SG,50
8yn92y99-7731-0099-vgt5-48gc13571om8,2026-07-03T12:33:11.255,gateway,OK,MT103,FAST,371.87,MYR,**************1348,SG,57
8yn92y99-7731-0099-vgt5-48gc13571om8,2026-07-03T12:33:11.347,auth,OK,MT103,FAST,371.87,MYR,**************1348,SG,84
8yn92y99-7731-0099-vgt5-48gc13571om8,2026-07-03T12:33:11.413,validation,OK,MT103,FAST,371.87,MYR,**************1348,SG,91
8yn92y99-7731-0099-vgt5-48gc13571om8,2026-07-03T12:33:11.492,aml,OK,MT103,FAST,371.87,MYR,**************1348,SG,193
8yn92y99-7731-0099-vgt5-48gc13571om8,2026-07-03T12:33:11.740,payment-hub,OK,MT103,FAST,371.87,MYR,**************1348,SG,139
8yn92y99-7731-0099-vgt5-48gc13571om8,2026-07-03T12:33:11.843,core-banking,OK,MT103,FAST,371.87,MYR,**************1348,SG,247
8yn92y99-7731-0099-vgt5-48gc13571om8,2026-07-03T12:33:12.068,settlement,SETTLED,MT103,FAST,371.87,MYR,**************1348,SG,163
3mf65e86-5045-7033-rdz7-08gn03822aw9,2026-07-12T15:10:39.674,gateway,OK,pacs.008,SWIFT,3051.85,USD,**************6421,MY,18
3mf65e86-5045-7033-rdz7-08gn03822aw9,2026-07-12T15:10:39.727,auth,OK,pacs.008,SWIFT,3051.85,USD,**************6421,MY,56
3mf65e86-5045-7033-rdz7-08gn03822aw9,2026-07-12T15:10:39.808,validation,OK,pacs.008,SWIFT,3051.85,USD,**************6421,MY,25
3mf65e86-5045-7033-rdz7-08gn03822aw9,2026-07-12T15:10:39.894,aml,OK,pacs.008,SWIFT,3051.85,USD,**************6421,MY,278
3mf65e86-5045-7033-rdz7-08gn03822aw9,2026-07-12T15:10:39.984,payment-hub,OK,pacs.008,SWIFT,3051.85,USD,**************6421,MY,139
3mf65e86-5045-7033-rdz7-08gn03822aw9,2026-07-12T15:10:40.023,core-banking,OK,pacs.008,SWIFT,3051.85,USD,**************6421,MY,109
3mf65e86-5045-7033-rdz7-08gn03822aw9,2026-07-12T15:10:40.192,settlement,SETTLED,pacs.008,SWIFT,3051.85,USD,**************6421,MY,350
9yd12u70-9074-5315-tnw8-25iw35851kl8,2026-07-05T22:03:44.522,gateway,OK,pacs.008,FAST,1305.74,SGD,**************2456,SG,51
9yd12u70-9074-5315-tnw8-25iw35851kl8,2026-07-05T22:03:44.611,auth,OK,pacs.008,FAST,1305.74,SGD,**************2456,SG,62
9yd12u70-9074-5315-tnw8-25iw35851kl8,2026-07-05T22:03:44.786,validation,OK,pacs.008,FAST,1305.74,SGD,**************2456,SG,49
9yd12u70-9074-5315-tnw8-25iw35851kl8,2026-07-05T22:03:44.840,aml,TIMEOUT,pacs.008,FAST,1305.74,SGD,**************2456,SG,30000
9yd12u70-9074-5315-tnw8-25iw35851kl8,2026-07-05T22:03:45.149,payment-hub,FAILED,pacs.008,FAST,1305.74,SGD,**************2456,SG,98
5zx48j50-9673-5723-vut0-42qb18230zm3,2026-07-07T07:23:34.218,gateway,OK,pacs.008,SWIFT,2507.03,USD,**************3572,US,52
5zx48j50-9673-5723-vut0-42qb18230zm3,2026-07-07T07:23:34.314,auth,OK,pacs.008,SWIFT,2507.03,USD,**************3572,US,40
5zx48j50-9673-5723-vut0-42qb18230zm3,2026-07-07T07:23:34.462,validation,OK,pacs.008,SWIFT,2507.03,USD,**************3572,US,94
5zx48j50-9673-5723-vut0-42qb18230zm3,2026-07-07T07:23:34.564,aml,OK,pacs.008,SWIFT,2507.03,USD,**************3572,US,263
5zx48j50-9673-5723-vut0-42qb18230zm3,2026-07-07T07:23:34.679,payment-hub,OK,pacs.008,SWIFT,2507.03,USD,**************3572,US,134
5zx48j50-9673-5723-vut0-42qb18230zm3,2026-07-07T07:23:34.733,core-banking,OK,pacs.008,SWIFT,2507.03,USD,**************3572,US,154
5zx48j50-9673-5723-vut0-42qb18230zm3,2026-07-07T07:23:34.903,settlement,SETTLED,pacs.008,SWIFT,2507.03,USD,**************3572,US,103
1zz69y16-7602-2702-vds5-19nq54078kz9,2026-07-15T04:19:15.944,gateway,OK,pacs.008,CARDS,502.82,SGD,**************3658,SG,24
1zz69y16-7602-2702-vds5-19nq54078kz9,2026-07-15T04:19:16.199,auth,OK,pacs.008,CARDS,502.82,SGD,**************3658,SG,82
1zz69y16-7602-2702-vds5-19nq54078kz9,2026-07-15T04:19:16.245,validation,OK,pacs.008,CARDS,502.82,SGD,**************3658,SG,48
1zz69y16-7602-2702-vds5-19nq54078kz9,2026-07-15T04:19:16.564,aml,OK,pacs.008,CARDS,502.82,SGD,**************3658,SG,277
1zz69y16-7602-2702-vds5-19nq54078kz9,2026-07-15T04:19:16.830,payment-hub,OK,pacs.008,CARDS,502.82,SGD,**************3658,SG,41
1zz69y16-7602-2702-vds5-19nq54078kz9,2026-07-15T04:19:16.894,core-banking,OK,pacs.008,CARDS,502.82,SGD,**************3658,SG,225
1zz69y16-7602-2702-vds5-19nq54078kz9,2026-07-15T04:19:16.947,settlement,SETTLED,pacs.008,CARDS,502.82,SGD,**************3658,SG,380
6jx22q70-6186-0959-oqh4-25fp33779nx2,2026-07-14T11:51:29.127,gateway,OK,pacs.008,SWIFT,228.76,EUR,**************6167,SG,50
6jx22q70-6186-0959-oqh4-25fp33779nx2,2026-07-14T11:51:29.369,auth,OK,pacs.008,SWIFT,228.76,EUR,**************6167,SG,74
6jx22q70-6186-0959-oqh4-25fp33779nx2,2026-07-14T11:51:29.535,validation,REJECTED,pacs.008,SWIFT,228.76,EUR,**************6167,SG,94
8ke78c28-9111-5558-nby2-12ni42055cd8,2026-07-05T05:12:43.519,gateway,OK,pacs.008,SWIFT,4441.81,EUR,**************3016,IN,26
8ke78c28-9111-5558-nby2-12ni42055cd8,2026-07-05T05:12:43.622,auth,OK,pacs.008,SWIFT,4441.81,EUR,**************3016,IN,67
8ke78c28-9111-5558-nby2-12ni42055cd8,2026-07-05T05:12:43.693,validation,OK,pacs.008,SWIFT,4441.81,EUR,**************3016,IN,64
8ke78c28-9111-5558-nby2-12ni42055cd8,2026-07-05T05:12:43.766,aml,OK,pacs.008,SWIFT,4441.81,EUR,**************3016,IN,157
8ke78c28-9111-5558-nby2-12ni42055cd8,2026-07-05T05:12:43.837,payment-hub,OK,pacs.008,SWIFT,4441.81,EUR,**************3016,IN,49
8ke78c28-9111-5558-nby2-12ni42055cd8,2026-07-05T05:12:43.946,core-banking,OK,pacs.008,SWIFT,4441.81,EUR,**************3016,IN,190
8ke78c28-9111-5558-nby2-12ni42055cd8,2026-07-05T05:12:43.997,settlement,SETTLED,pacs.008,SWIFT,4441.81,EUR,**************3016,IN,335
2tw78c09-3860-9127-mys0-06ka14864td0,2026-07-08T18:12:33.260,gateway,OK,pacs.008,FAST,1786.56,SGD,**************9971,HK,30
2tw78c09-3860-9127-mys0-06ka14864td0,2026-07-08T18:12:33.357,auth,OK,pacs.008,FAST,1786.56,SGD,**************9971,HK,73
2tw78c09-3860-9127-mys0-06ka14864td0,2026-07-08T18:12:33.531,validation,OK,pacs.008,FAST,1786.56,SGD,**************9971,HK,91
2tw78c09-3860-9127-mys0-06ka14864td0,2026-07-08T18:12:33.566,aml,OK,pacs.008,FAST,1786.56,SGD,**************9971,HK,157
2tw78c09-3860-9127-mys0-06ka14864td0,2026-07-08T18:12:33.662,payment-hub,OK,pacs.008,FAST,1786.56,SGD,**************9971,HK,79
2tw78c09-3860-9127-mys0-06ka14864td0,2026-07-08T18:12:33.719,core-banking,OK,pacs.008,FAST,1786.56,SGD,**************9971,HK,234
2tw78c09-3860-9127-mys0-06ka14864td0,2026-07-08T18:12:33.844,settlement,SETTLED,pacs.008,FAST,1786.56,SGD,**************9971,HK,348
7kj02e90-5340-8030-hzu2-41bj43907iy1,2026-07-09T16:01:36.653,gateway,OK,pacs.008,SWIFT,453.66,USD,**************4775,SG,31
7kj02e90-5340-8030-hzu2-41bj43907iy1,2026-07-09T16:01:36.796,auth,OK,pacs.008,SWIFT,453.66,USD,**************4775,SG,74
7kj02e90-5340-8030-hzu2-41bj43907iy1,2026-07-09T16:01:36.916,validation,OK,pacs.008,SWIFT,453.66,USD,**************4775,SG,76
7kj02e90-5340-8030-hzu2-41bj43907iy1,2026-07-09T16:01:37.101,aml,OK,pacs.008,SWIFT,453.66,USD,**************4775,SG,140
7kj02e90-5340-8030-hzu2-41bj43907iy1,2026-07-09T16:01:37.275,payment-hub,OK,pacs.008,SWIFT,453.66,USD,**************4775,SG,146
7kj02e90-5340-8030-hzu2-41bj43907iy1,2026-07-09T16:01:37.364,core-banking,OK,pacs.008,SWIFT,453.66,USD,**************4775,SG,220
7kj02e90-5340-8030-hzu2-41bj43907iy1,2026-07-09T16:01:37.476,settlement,SETTLED,pacs.008,SWIFT,453.66,USD,**************4775,SG,391
8pn99q74-8354-0300-knm4-19ii01644jz4,2026-07-11T07:27:12.745,gateway,OK,0200,FAST,971.3,EUR,**************0707,SG,31
8pn99q74-8354-0300-knm4-19ii01644jz4,2026-07-11T07:27:12.830,auth,OK,0200,FAST,971.3,EUR,**************0707,SG,70
8pn99q74-8354-0300-knm4-19ii01644jz4,2026-07-11T07:27:12.912,validation,OK,0200,FAST,971.3,EUR,**************0707,SG,105
8pn99q74-8354-0300-knm4-19ii01644jz4,2026-07-11T07:27:13.156,aml,OK,0200,FAST,971.3,EUR,**************0707,SG,145
8pn99q74-8354-0300-knm4-19ii01644jz4,2026-07-11T07:27:13.397,payment-hub,OK,0200,FAST,971.3,EUR,**************0707,SG,141
8pn99q74-8354-0300-knm4-19ii01644jz4,2026-07-11T07:27:13.562,core-banking,OK,0200,FAST,971.3,EUR,**************0707,SG,120
8pn99q74-8354-0300-knm4-19ii01644jz4,2026-07-11T07:27:13.652,settlement,SETTLED,0200,FAST,971.3,EUR,**************0707,SG,298
1op69v67-8921-0364-hyd9-43na49340eo9,2026-07-15T06:51:59.809,gateway,OK,0200,FAST,610.65,USD,**************0746,MY,55
1op69v67-8921-0364-hyd9-43na49340eo9,2026-07-15T06:51:59.888,auth,OK,0200,FAST,610.65,USD,**************0746,MY,28
1op69v67-8921-0364-hyd9-43na49340eo9,2026-07-15T06:52:29.900,validation,OK,0200,FAST,610.65,USD,**************0746,MY,117
1op69v67-8921-0364-hyd9-43na49340eo9,2026-07-15T06:52:29.982,aml,OK,0200,FAST,610.65,USD,**************0746,MY,138
1op69v67-8921-0364-hyd9-43na49340eo9,2026-07-15T06:52:30.073,payment-hub,OK,0200,FAST,610.65,USD,**************0746,MY,148
1op69v67-8921-0364-hyd9-43na49340eo9,2026-07-15T06:52:30.174,core-banking,OK,0200,FAST,610.65,USD,**************0746,MY,192
1op69v67-8921-0364-hyd9-43na49340eo9,2026-07-15T06:52:30.287,settlement,SETTLED,0200,FAST,610.65,USD,**************0746,MY,366
9lj67f42-3985-4339-jnz0-44ny05271lh3,2026-07-12T21:53:49.726,gateway,OK,MT103,FAST,1172.6,SGD,**************3680,IN,18
9lj67f42-3985-4339-jnz0-44ny05271lh3,2026-07-12T21:53:49.816,auth,OK,MT103,FAST,1172.6,SGD,**************3680,IN,29
9lj67f42-3985-4339-jnz0-44ny05271lh3,2026-07-12T21:53:49.931,validation,OK,MT103,FAST,1172.6,SGD,**************3680,IN,105
9lj67f42-3985-4339-jnz0-44ny05271lh3,2026-07-12T21:53:50.054,aml,OK,MT103,FAST,1172.6,SGD,**************3680,IN,136
9lj67f42-3985-4339-jnz0-44ny05271lh3,2026-07-12T21:53:50.141,payment-hub,OK,MT103,FAST,1172.6,SGD,**************3680,IN,40
9lj67f42-3985-4339-jnz0-44ny05271lh3,2026-07-12T21:53:50.235,core-banking,OK,MT103,FAST,1172.6,SGD,**************3680,IN,191
9lj67f42-3985-4339-jnz0-44ny05271lh3,2026-07-12T21:53:50.343,settlement,SETTLED,MT103,FAST,1172.6,SGD,**************3680,IN,338
9oq57m57-5947-7738-ffd5-02hl62864nh4,2026-07-11T12:47:24.495,gateway,OK,pacs.008,FAST,79.03,USD,**************7840,IN,38
9oq57m57-5947-7738-ffd5-02hl62864nh4,2026-07-11T12:47:24.621,auth,OK,pacs.008,FAST,79.03,USD,**************7840,IN,34
9oq57m57-5947-7738-ffd5-02hl62864nh4,2026-07-11T12:47:24.698,validation,OK,pacs.008,FAST,79.03,USD,**************7840,IN,94
9oq57m57-5947-7738-ffd5-02hl62864nh4,2026-07-11T12:47:24.771,aml,OK,pacs.008,FAST,79.03,USD,**************7840,IN,110
9oq57m57-5947-7738-ffd5-02hl62864nh4,2026-07-11T12:47:24.940,payment-hub,OK,pacs.008,FAST,79.03,USD,**************7840,IN,91
9oq57m57-5947-7738-ffd5-02hl62864nh4,2026-07-11T12:47:24.993,core-banking,OK,pacs.008,FAST,79.03,USD,**************7840,IN,195
9oq57m57-5947-7738-ffd5-02hl62864nh4,2026-07-11T12:47:25.071,settlement,SETTLED,pacs.008,FAST,79.03,USD,**************7840,IN,171
3mz18c30-2541-3873-nnr6-75tp46154lz9,2026-07-04T22:41:13.954,gateway,OK,pacs.008,CARDS,199.67,EUR,**************9876,SG,17
3mz18c30-2541-3873-nnr6-75tp46154lz9,2026-07-04T22:41:14.071,auth,OK,pacs.008,CARDS,199.67,EUR,**************9876,SG,81
3mz18c30-2541-3873-nnr6-75tp46154lz9,2026-07-04T22:41:14.142,validation,OK,pacs.008,CARDS,199.67,EUR,**************9876,SG,33
3mz18c30-2541-3873-nnr6-75tp46154lz9,2026-07-04T22:41:14.251,aml,OK,pacs.008,CARDS,199.67,EUR,**************9876,SG,93
3mz18c30-2541-3873-nnr6-75tp46154lz9,2026-07-04T22:41:14.326,payment-hub,OK,pacs.008,CARDS,199.67,EUR,**************9876,SG,85
3mz18c30-2541-3873-nnr6-75tp46154lz9,2026-07-04T22:41:14.493,core-banking,OK,pacs.008,CARDS,199.67,EUR,**************9876,SG,235
3mz18c30-2541-3873-nnr6-75tp46154lz9,2026-07-04T22:41:14.563,settlement,SETTLED,pacs.008,CARDS,199.67,EUR,**************9876,SG,256
5cu86l36-2771-9939-ubs1-12mf77229wv7,2026-07-09T11:37:06.185,gateway,OK,MT103,CARDS,1705.21,SGD,**************1255,SG,37
5cu86l36-2771-9939-ubs1-12mf77229wv7,2026-07-09T11:37:06.303,auth,OK,MT103,CARDS,1705.21,SGD,**************1255,SG,68
5cu86l36-2771-9939-ubs1-12mf77229wv7,2026-07-09T11:37:06.438,validation,OK,MT103,CARDS,1705.21,SGD,**************1255,SG,30
5cu86l36-2771-9939-ubs1-12mf77229wv7,2026-07-09T11:37:06.556,aml,OK,MT103,CARDS,1705.21,SGD,**************1255,SG,57
5cu86l36-2771-9939-ubs1-12mf77229wv7,2026-07-09T11:37:06.639,payment-hub,OK,MT103,CARDS,1705.21,SGD,**************1255,SG,77
5cu86l36-2771-9939-ubs1-12mf77229wv7,2026-07-09T11:37:06.743,core-banking,OK,MT103,CARDS,1705.21,SGD,**************1255,SG,188
5cu86l36-2771-9939-ubs1-12mf77229wv7,2026-07-09T11:37:06.878,settlement,SETTLED,MT103,CARDS,1705.21,SGD,**************1255,SG,77
2ok12w81-3163-5248-rgs1-31tj80777jb1,2026-07-08T04:04:15.415,gateway,OK,pacs.008,CARDS,69.81,SGD,**************3513,MY,53
2ok12w81-3163-5248-rgs1-31tj80777jb1,2026-07-08T04:04:15.473,auth,OK,pacs.008,CARDS,69.81,SGD,**************3513,MY,64
2ok12w81-3163-5248-rgs1-31tj80777jb1,2026-07-08T04:04:45.480,validation,OK,pacs.008,CARDS,69.81,SGD,**************3513,MY,101
2ok12w81-3163-5248-rgs1-31tj80777jb1,2026-07-08T04:04:45.574,aml,OK,pacs.008,CARDS,69.81,SGD,**************3513,MY,46
2ok12w81-3163-5248-rgs1-31tj80777jb1,2026-07-08T04:04:45.785,payment-hub,OK,pacs.008,CARDS,69.81,SGD,**************3513,MY,117
2ok12w81-3163-5248-rgs1-31tj80777jb1,2026-07-08T04:04:45.918,core-banking,OK,pacs.008,CARDS,69.81,SGD,**************3513,MY,127
2ok12w81-3163-5248-rgs1-31tj80777jb1,2026-07-08T04:04:45.983,settlement,SETTLED,pacs.008,CARDS,69.81,SGD,**************3513,MY,338
2ga06t03-6118-4940-ldu4-95by71073ta8,2026-07-14T10:02:20.356,gateway,OK,pacs.008,FAST,634.35,SGD,**************0355,MY,24
2ga06t03-6118-4940-ldu4-95by71073ta8,2026-07-14T10:02:20.572,auth,OK,pacs.008,FAST,634.35,SGD,**************0355,MY,24
2ga06t03-6118-4940-ldu4-95by71073ta8,2026-07-14T10:02:20.659,validation,OK,pacs.008,FAST,634.35,SGD,**************0355,MY,120
2ga06t03-6118-4940-ldu4-95by71073ta8,2026-07-14T10:02:20.872,aml,OK,pacs.008,FAST,634.35,SGD,**************0355,MY,250
2ga06t03-6118-4940-ldu4-95by71073ta8,2026-07-14T10:02:20.947,payment-hub,OK,pacs.008,FAST,634.35,SGD,**************0355,MY,136
2ga06t03-6118-4940-ldu4-95by71073ta8,2026-07-14T10:02:21.057,core-banking,OK,pacs.008,FAST,634.35,SGD,**************0355,MY,64
2ga06t03-6118-4940-ldu4-95by71073ta8,2026-07-14T10:02:21.181,settlement,SETTLED,pacs.008,FAST,634.35,SGD,**************0355,MY,363
1sm48a68-2511-2471-sbf2-24ds61237wf4,2026-07-07T08:57:05.610,gateway,OK,pacs.008,SWIFT,762.12,USD,**************5565,SG,57
1sm48a68-2511-2471-sbf2-24ds61237wf4,2026-07-07T08:57:05.741,auth,OK,pacs.008,SWIFT,762.12,USD,**************5565,SG,64
1sm48a68-2511-2471-sbf2-24ds61237wf4,2026-07-07T08:57:05.777,validation,OK,pacs.008,SWIFT,762.12,USD,**************5565,SG,100
1sm48a68-2511-2471-sbf2-24ds61237wf4,2026-07-07T08:57:05.898,aml,OK,pacs.008,SWIFT,762.12,USD,**************5565,SG,150
1sm48a68-2511-2471-sbf2-24ds61237wf4,2026-07-07T08:57:05.941,payment-hub,OK,pacs.008,SWIFT,762.12,USD,**************5565,SG,57
1sm48a68-2511-2471-sbf2-24ds61237wf4,2026-07-07T08:57:06.052,core-banking,OK,pacs.008,SWIFT,762.12,USD,**************5565,SG,119
1sm48a68-2511-2471-sbf2-24ds61237wf4,2026-07-07T08:57:06.151,settlement,SETTLED,pacs.008,SWIFT,762.12,USD,**************5565,SG,133
6rp08z09-5955-9340-mre7-88bl81759ts3,2026-07-14T21:46:58.170,gateway,OK,pacs.008,CARDS,1660.54,SGD,**************0242,IN,35
6rp08z09-5955-9340-mre7-88bl81759ts3,2026-07-14T21:46:58.214,auth,OK,pacs.008,CARDS,1660.54,SGD,**************0242,IN,79
6rp08z09-5955-9340-mre7-88bl81759ts3,2026-07-14T21:46:58.246,validation,OK,pacs.008,CARDS,1660.54,SGD,**************0242,IN,71
6rp08z09-5955-9340-mre7-88bl81759ts3,2026-07-14T21:46:58.339,aml,OK,pacs.008,CARDS,1660.54,SGD,**************0242,IN,67
6rp08z09-5955-9340-mre7-88bl81759ts3,2026-07-14T21:46:58.417,payment-hub,OK,pacs.008,CARDS,1660.54,SGD,**************0242,IN,111
6rp08z09-5955-9340-mre7-88bl81759ts3,2026-07-14T21:46:58.564,core-banking,OK,pacs.008,CARDS,1660.54,SGD,**************0242,IN,204
6rp08z09-5955-9340-mre7-88bl81759ts3,2026-07-14T21:46:58.669,settlement,SETTLED,pacs.008,CARDS,1660.54,SGD,**************0242,IN,254
1im94c94-4267-2723-oup5-05mu17377tf8,2026-07-12T07:43:30.441,gateway,OK,MT103,FAST,331.44,SGD,**************2456,MY,27
1im94c94-4267-2723-oup5-05mu17377tf8,2026-07-12T07:43:30.534,auth,OK,MT103,FAST,331.44,SGD,**************2456,MY,39
1im94c94-4267-2723-oup5-05mu17377tf8,2026-07-12T07:43:30.647,validation,OK,MT103,FAST,331.44,SGD,**************2456,MY,111
1im94c94-4267-2723-oup5-05mu17377tf8,2026-07-12T07:43:30.713,aml,OK,MT103,FAST,331.44,SGD,**************2456,MY,193
1im94c94-4267-2723-oup5-05mu17377tf8,2026-07-12T07:43:30.765,payment-hub,OK,MT103,FAST,331.44,SGD,**************2456,MY,105
1im94c94-4267-2723-oup5-05mu17377tf8,2026-07-12T07:43:30.916,core-banking,OK,MT103,FAST,331.44,SGD,**************2456,MY,212
1im94c94-4267-2723-oup5-05mu17377tf8,2026-07-12T07:43:31.106,settlement,SETTLED,MT103,FAST,331.44,SGD,**************2456,MY,334
0pf70k92-7974-5954-qtj9-28zo94480tz2,2026-07-02T14:24:19.523,gateway,OK,0200,SWIFT,35.83,SGD,**************3876,SG,57
0pf70k92-7974-5954-qtj9-28zo94480tz2,2026-07-02T14:24:19.582,auth,OK,0200,SWIFT,35.83,SGD,**************3876,SG,43
0pf70k92-7974-5954-qtj9-28zo94480tz2,2026-07-02T14:24:19.629,validation,OK,0200,SWIFT,35.83,SGD,**************3876,SG,95
0pf70k92-7974-5954-qtj9-28zo94480tz2,2026-07-02T14:24:19.843,aml,OK,0200,SWIFT,35.83,SGD,**************3876,SG,204
0pf70k92-7974-5954-qtj9-28zo94480tz2,2026-07-02T14:24:19.898,payment-hub,OK,0200,SWIFT,35.83,SGD,**************3876,SG,73
0pf70k92-7974-5954-qtj9-28zo94480tz2,2026-07-02T14:24:20.001,core-banking,OK,0200,SWIFT,35.83,SGD,**************3876,SG,55
0pf70k92-7974-5954-qtj9-28zo94480tz2,2026-07-02T14:24:20.063,settlement,SETTLED,0200,SWIFT,35.83,SGD,**************3876,SG,310
7oh99t18-0712-9630-gqq6-90xu20551hw3,2026-07-05T10:52:53.109,gateway,OK,pacs.008,SWIFT,168.57,USD,**************8206,MY,49
7oh99t18-0712-9630-gqq6-90xu20551hw3,2026-07-05T10:52:53.281,auth,OK,pacs.008,SWIFT,168.57,USD,**************8206,MY,47
7oh99t18-0712-9630-gqq6-90xu20551hw3,2026-07-05T10:52:53.408,validation,REJECTED,pacs.008,SWIFT,168.57,USD,**************8206,MY,26
7bz21q39-2944-1805-frn4-35ha49340fc8,2026-07-09T06:52:59.311,gateway,OK,MT103,SWIFT,816.89,SGD,**************4845,SG,48
7bz21q39-2944-1805-frn4-35ha49340fc8,2026-07-09T06:52:59.370,auth,OK,MT103,SWIFT,816.89,SGD,**************4845,SG,67
7bz21q39-2944-1805-frn4-35ha49340fc8,2026-07-09T06:52:59.443,validation,OK,MT103,SWIFT,816.89,SGD,**************4845,SG,89
7bz21q39-2944-1805-frn4-35ha49340fc8,2026-07-09T06:52:59.563,aml,TIMEOUT,MT103,SWIFT,816.89,SGD,**************4845,SG,30000
7bz21q39-2944-1805-frn4-35ha49340fc8,2026-07-09T06:52:59.695,payment-hub,FAILED,MT103,SWIFT,816.89,SGD,**************4845,SG,107
9ph50n06-0485-5413-btx7-76jz17994ir6,2026-07-03T22:30:40.585,gateway,OK,pacs.008,FAST,916.68,INR,**************8981,SG,48
9ph50n06-0485-5413-btx7-76jz17994ir6,2026-07-03T22:30:40.631,auth,OK,pacs.008,FAST,916.68,INR,**************8981,SG,79
9ph50n06-0485-5413-btx7-76jz17994ir6,2026-07-03T22:30:40.768,validation,OK,pacs.008,FAST,916.68,INR,**************8981,SG,113
9ph50n06-0485-5413-btx7-76jz17994ir6,2026-07-03T22:30:40.814,aml,OK,pacs.008,FAST,916.68,INR,**************8981,SG,171
9ph50n06-0485-5413-btx7-76jz17994ir6,2026-07-03T22:30:41.051,payment-hub,OK,pacs.008,FAST,916.68,INR,**************8981,SG,110
9ph50n06-0485-5413-btx7-76jz17994ir6,2026-07-03T22:30:41.180,core-banking,OK,pacs.008,FAST,916.68,INR,**************8981,SG,52
9ph50n06-0485-5413-btx7-76jz17994ir6,2026-07-03T22:30:41.219,settlement,SETTLED,pacs.008,FAST,916.68,INR,**************8981,SG,167
7xm41l64-3277-3944-lkt4-77ps13608lf1,2026-07-05T03:41:24.971,gateway,OK,MT103,SWIFT,1243.96,MYR,**************2105,MY,18
7xm41l64-3277-3944-lkt4-77ps13608lf1,2026-07-05T03:41:25.019,auth,OK,MT103,SWIFT,1243.96,MYR,**************2105,MY,83
7xm41l64-3277-3944-lkt4-77ps13608lf1,2026-07-05T03:41:25.067,validation,OK,MT103,SWIFT,1243.96,MYR,**************2105,MY,109
7xm41l64-3277-3944-lkt4-77ps13608lf1,2026-07-05T03:41:25.345,aml,OK,MT103,SWIFT,1243.96,MYR,**************2105,MY,108
7xm41l64-3277-3944-lkt4-77ps13608lf1,2026-07-05T03:41:25.579,payment-hub,OK,MT103,SWIFT,1243.96,MYR,**************2105,MY,86
7xm41l64-3277-3944-lkt4-77ps13608lf1,2026-07-05T03:41:25.741,core-banking,OK,MT103,SWIFT,1243.96,MYR,**************2105,MY,228
7xm41l64-3277-3944-lkt4-77ps13608lf1,2026-07-05T03:41:25.875,settlement,SETTLED,MT103,SWIFT,1243.96,MYR,**************2105,MY,163
2zm77b82-9118-3434-pvq3-58om89196me3,2026-07-13T20:47:47.829,gateway,OK,pacs.008,FAST,1055.19,SGD,**************7254,IN,60
2zm77b82-9118-3434-pvq3-58om89196me3,2026-07-13T20:47:47.945,auth,OK,pacs.008,FAST,1055.19,SGD,**************7254,IN,72
2zm77b82-9118-3434-pvq3-58om89196me3,2026-07-13T20:47:48.044,validation,OK,pacs.008,FAST,1055.19,SGD,**************7254,IN,99
2zm77b82-9118-3434-pvq3-58om89196me3,2026-07-13T20:47:48.108,aml,OK,pacs.008,FAST,1055.19,SGD,**************7254,IN,63
2zm77b82-9118-3434-pvq3-58om89196me3,2026-07-13T20:47:48.367,payment-hub,OK,pacs.008,FAST,1055.19,SGD,**************7254,IN,35
2zm77b82-9118-3434-pvq3-58om89196me3,2026-07-13T20:47:48.446,core-banking,OK,pacs.008,FAST,1055.19,SGD,**************7254,IN,177
2zm77b82-9118-3434-pvq3-58om89196me3,2026-07-13T20:47:48.583,settlement,SETTLED,pacs.008,FAST,1055.19,SGD,**************7254,IN,77
3ym51w01-3033-2801-zpt3-43qh99872ap7,2026-07-11T14:34:36.861,gateway,OK,0200,SWIFT,731.87,SGD,**************7508,MY,34
3ym51w01-3033-2801-zpt3-43qh99872ap7,2026-07-11T14:34:37.015,auth,OK,0200,SWIFT,731.87,SGD,**************7508,MY,32
3ym51w01-3033-2801-zpt3-43qh99872ap7,2026-07-11T14:34:37.133,validation,OK,0200,SWIFT,731.87,SGD,**************7508,MY,43
3ym51w01-3033-2801-zpt3-43qh99872ap7,2026-07-11T14:34:37.313,aml,OK,0200,SWIFT,731.87,SGD,**************7508,MY,263
3ym51w01-3033-2801-zpt3-43qh99872ap7,2026-07-11T14:34:37.389,payment-hub,OK,0200,SWIFT,731.87,SGD,**************7508,MY,65
3ym51w01-3033-2801-zpt3-43qh99872ap7,2026-07-11T14:34:37.516,core-banking,OK,0200,SWIFT,731.87,SGD,**************7508,MY,143
3ym51w01-3033-2801-zpt3-43qh99872ap7,2026-07-11T14:34:37.603,settlement,SETTLED,0200,SWIFT,731.87,SGD,**************7508,MY,195
1lw73v20-6022-1695-qcc8-48kx06998xa6,2026-07-11T18:04:37.431,gateway,OK,pacs.008,SWIFT,870.33,MYR,**************6658,SG,52
1lw73v20-6022-1695-qcc8-48kx06998xa6,2026-07-11T18:04:37.548,auth,OK,pacs.008,SWIFT,870.33,MYR,**************6658,SG,77
1lw73v20-6022-1695-qcc8-48kx06998xa6,2026-07-11T18:04:37.591,validation,OK,pacs.008,SWIFT,870.33,MYR,**************6658,SG,73
1lw73v20-6022-1695-qcc8-48kx06998xa6,2026-07-11T18:04:37.697,aml,OK,pacs.008,SWIFT,870.33,MYR,**************6658,SG,94
1lw73v20-6022-1695-qcc8-48kx06998xa6,2026-07-11T18:04:37.820,payment-hub,OK,pacs.008,SWIFT,870.33,MYR,**************6658,SG,81
1lw73v20-6022-1695-qcc8-48kx06998xa6,2026-07-11T18:04:37.943,core-banking,OK,pacs.008,SWIFT,870.33,MYR,**************6658,SG,159
1lw73v20-6022-1695-qcc8-48kx06998xa6,2026-07-11T18:04:38.253,settlement,SETTLED,pacs.008,SWIFT,870.33,MYR,**************6658,SG,352
3fn65s74-1895-7819-yfg8-01qy72199xw1,2026-07-04T17:25:38.277,gateway,OK,MT103,CARDS,2417.06,INR,**************5506,IN,25
3fn65s74-1895-7819-yfg8-01qy72199xw1,2026-07-04T17:25:38.427,auth,OK,MT103,CARDS,2417.06,INR,**************5506,IN,73
3fn65s74-1895-7819-yfg8-01qy72199xw1,2026-07-04T17:25:38.526,validation,OK,MT103,CARDS,2417.06,INR,**************5506,IN,84
3fn65s74-1895-7819-yfg8-01qy72199xw1,2026-07-04T17:25:38.561,aml,OK,MT103,CARDS,2417.06,INR,**************5506,IN,121
3fn65s74-1895-7819-yfg8-01qy72199xw1,2026-07-04T17:25:38.644,payment-hub,OK,MT103,CARDS,2417.06,INR,**************5506,IN,149
3fn65s74-1895-7819-yfg8-01qy72199xw1,2026-07-04T17:25:38.732,core-banking,OK,MT103,CARDS,2417.06,INR,**************5506,IN,166
3fn65s74-1895-7819-yfg8-01qy72199xw1,2026-07-04T17:26:08.748,settlement,SETTLED,MT103,CARDS,2417.06,INR,**************5506,IN,69
0uh27b43-9801-1770-vog2-97gf26003vv7,2026-07-12T07:47:05.543,gateway,OK,MT103,FAST,2112.69,USD,**************7127,SG,50
0uh27b43-9801-1770-vog2-97gf26003vv7,2026-07-12T07:47:05.632,auth,OK,MT103,FAST,2112.69,USD,**************7127,SG,79
0uh27b43-9801-1770-vog2-97gf26003vv7,2026-07-12T07:47:05.834,validation,OK,MT103,FAST,2112.69,USD,**************7127,SG,87
0uh27b43-9801-1770-vog2-97gf26003vv7,2026-07-12T07:47:05.900,aml,OK,MT103,FAST,2112.69,USD,**************7127,SG,136
0uh27b43-9801-1770-vog2-97gf26003vv7,2026-07-12T07:47:05.965,payment-hub,OK,MT103,FAST,2112.69,USD,**************7127,SG,44
0uh27b43-9801-1770-vog2-97gf26003vv7,2026-07-12T07:47:06.203,core-banking,OK,MT103,FAST,2112.69,USD,**************7127,SG,91
0uh27b43-9801-1770-vog2-97gf26003vv7,2026-07-12T07:47:06.330,settlement,SETTLED,MT103,FAST,2112.69,USD,**************7127,SG,102
4mk91g59-6001-6393-cvm7-65mf38365le3,2026-07-08T23:30:09.264,gateway,OK,pacs.008,CARDS,457.79,SGD,**************0300,MY,43
4mk91g59-6001-6393-cvm7-65mf38365le3,2026-07-08T23:30:09.391,auth,OK,pacs.008,CARDS,457.79,SGD,**************0300,MY,88
4mk91g59-6001-6393-cvm7-65mf38365le3,2026-07-08T23:30:09.520,validation,OK,pacs.008,CARDS,457.79,SGD,**************0300,MY,45
4mk91g59-6001-6393-cvm7-65mf38365le3,2026-07-08T23:30:09.601,aml,OK,pacs.008,CARDS,457.79,SGD,**************0300,MY,224
4mk91g59-6001-6393-cvm7-65mf38365le3,2026-07-08T23:30:09.640,payment-hub,OK,pacs.008,CARDS,457.79,SGD,**************0300,MY,57
4mk91g59-6001-6393-cvm7-65mf38365le3,2026-07-08T23:30:09.698,core-banking,OK,pacs.008,CARDS,457.79,SGD,**************0300,MY,231
4mk91g59-6001-6393-cvm7-65mf38365le3,2026-07-08T23:30:09.751,settlement,SETTLED,pacs.008,CARDS,457.79,SGD,**************0300,MY,110
6kh73p48-5178-4303-zyj3-25oc41968rd0,2026-07-10T15:22:19.898,gateway,OK,MT103,FAST,232.12,EUR,**************4345,SG,27
6kh73p48-5178-4303-zyj3-25oc41968rd0,2026-07-10T15:22:19.976,auth,OK,MT103,FAST,232.12,EUR,**************4345,SG,26
6kh73p48-5178-4303-zyj3-25oc41968rd0,2026-07-10T15:22:20.244,validation,OK,MT103,FAST,232.12,EUR,**************4345,SG,84
6kh73p48-5178-4303-zyj3-25oc41968rd0,2026-07-10T15:22:20.298,aml,OK,MT103,FAST,232.12,EUR,**************4345,SG,182
6kh73p48-5178-4303-zyj3-25oc41968rd0,2026-07-10T15:22:20.346,payment-hub,OK,MT103,FAST,232.12,EUR,**************4345,SG,80
6kh73p48-5178-4303-zyj3-25oc41968rd0,2026-07-10T15:22:20.453,core-banking,OK,MT103,FAST,232.12,EUR,**************4345,SG,55
6kh73p48-5178-4303-zyj3-25oc41968rd0,2026-07-10T15:22:20.536,settlement,SETTLED,MT103,FAST,232.12,EUR,**************4345,SG,374
5di94c75-9101-8750-mqz8-55fa32267jq1,2026-07-03T22:31:05.524,gateway,OK,pacs.008,SWIFT,792.8,EUR,**************7787,SG,55
5di94c75-9101-8750-mqz8-55fa32267jq1,2026-07-03T22:31:05.600,auth,OK,pacs.008,SWIFT,792.8,EUR,**************7787,SG,82
5di94c75-9101-8750-mqz8-55fa32267jq1,2026-07-03T22:31:05.665,validation,OK,pacs.008,SWIFT,792.8,EUR,**************7787,SG,26
5di94c75-9101-8750-mqz8-55fa32267jq1,2026-07-03T22:31:05.735,aml,OK,pacs.008,SWIFT,792.8,EUR,**************7787,SG,248
5di94c75-9101-8750-mqz8-55fa32267jq1,2026-07-03T22:31:06.051,payment-hub,OK,pacs.008,SWIFT,792.8,EUR,**************7787,SG,40
5di94c75-9101-8750-mqz8-55fa32267jq1,2026-07-03T22:31:06.169,core-banking,OK,pacs.008,SWIFT,792.8,EUR,**************7787,SG,126
5di94c75-9101-8750-mqz8-55fa32267jq1,2026-07-03T22:31:06.450,settlement,SETTLED,pacs.008,SWIFT,792.8,EUR,**************7787,SG,115
7uv50h18-4252-4449-yde5-21zu53322ml6,2026-07-07T02:04:18.540,gateway,OK,pacs.008,FAST,257.25,SGD,**************8747,HK,54
7uv50h18-4252-4449-yde5-21zu53322ml6,2026-07-07T02:04:18.621,auth,OK,pacs.008,FAST,257.25,SGD,**************8747,HK,75
7uv50h18-4252-4449-yde5-21zu53322ml6,2026-07-07T02:04:18.696,validation,OK,pacs.008,FAST,257.25,SGD,**************8747,HK,100
7uv50h18-4252-4449-yde5-21zu53322ml6,2026-07-07T02:04:18.779,aml,OK,pacs.008,FAST,257.25,SGD,**************8747,HK,168
7uv50h18-4252-4449-yde5-21zu53322ml6,2026-07-07T02:04:18.876,payment-hub,OK,pacs.008,FAST,257.25,SGD,**************8747,HK,134
7uv50h18-4252-4449-yde5-21zu53322ml6,2026-07-07T02:04:19.072,core-banking,OK,pacs.008,FAST,257.25,SGD,**************8747,HK,96
7uv50h18-4252-4449-yde5-21zu53322ml6,2026-07-07T02:04:19.134,settlement,SETTLED,pacs.008,FAST,257.25,SGD,**************8747,HK,162
3mc63s59-6711-8405-ufd1-31uh41810py3,2026-07-05T17:41:07.892,gateway,OK,pacs.008,FAST,2117.72,INR,**************0580,SG,16
3mc63s59-6711-8405-ufd1-31uh41810py3,2026-07-05T17:41:07.996,auth,OK,pacs.008,FAST,2117.72,INR,**************0580,SG,35
3mc63s59-6711-8405-ufd1-31uh41810py3,2026-07-05T17:41:08.069,validation,OK,pacs.008,FAST,2117.72,INR,**************0580,SG,69
3mc63s59-6711-8405-ufd1-31uh41810py3,2026-07-05T17:41:08.148,aml,OK,pacs.008,FAST,2117.72,INR,**************0580,SG,77
3mc63s59-6711-8405-ufd1-31uh41810py3,2026-07-05T17:41:08.411,payment-hub,OK,pacs.008,FAST,2117.72,INR,**************0580,SG,75
3mc63s59-6711-8405-ufd1-31uh41810py3,2026-07-05T17:41:08.500,core-banking,OK,pacs.008,FAST,2117.72,INR,**************0580,SG,187
3mc63s59-6711-8405-ufd1-31uh41810py3,2026-07-05T17:41:08.568,settlement,SETTLED,pacs.008,FAST,2117.72,INR,**************0580,SG,309
1ob03a31-9626-2675-lre3-11fq28931ws3,2026-07-03T14:34:10.174,gateway,OK,pacs.008,FAST,6091.44,SGD,**************3358,IN,59
1ob03a31-9626-2675-lre3-11fq28931ws3,2026-07-03T14:34:10.238,auth,OK,pacs.008,FAST,6091.44,SGD,**************3358,IN,58
1ob03a31-9626-2675-lre3-11fq28931ws3,2026-07-03T14:34:10.354,validation,OK,pacs.008,FAST,6091.44,SGD,**************3358,IN,48
1ob03a31-9626-2675-lre3-11fq28931ws3,2026-07-03T14:34:10.474,aml,OK,pacs.008,FAST,6091.44,SGD,**************3358,IN,165
1ob03a31-9626-2675-lre3-11fq28931ws3,2026-07-03T14:34:10.530,payment-hub,OK,pacs.008,FAST,6091.44,SGD,**************3358,IN,111
1ob03a31-9626-2675-lre3-11fq28931ws3,2026-07-03T14:34:10.607,core-banking,OK,pacs.008,FAST,6091.44,SGD,**************3358,IN,204
1ob03a31-9626-2675-lre3-11fq28931ws3,2026-07-03T14:34:10.716,settlement,SETTLED,pacs.008,FAST,6091.44,SGD,**************3358,IN,110
2fh69y88-1792-2749-him6-52rv36865kz2,2026-07-01T09:12:30.306,gateway,OK,MT103,FAST,1661.15,SGD,**************3112,GB,17
2fh69y88-1792-2749-him6-52rv36865kz2,2026-07-01T09:12:30.476,auth,OK,MT103,FAST,1661.15,SGD,**************3112,GB,72
2fh69y88-1792-2749-him6-52rv36865kz2,2026-07-01T09:12:30.630,validation,OK,MT103,FAST,1661.15,SGD,**************3112,GB,110
2fh69y88-1792-2749-him6-52rv36865kz2,2026-07-01T09:12:30.767,aml,OK,MT103,FAST,1661.15,SGD,**************3112,GB,179
2fh69y88-1792-2749-him6-52rv36865kz2,2026-07-01T09:12:30.845,payment-hub,OK,MT103,FAST,1661.15,SGD,**************3112,GB,141
2fh69y88-1792-2749-him6-52rv36865kz2,2026-07-01T09:12:30.999,core-banking,OK,MT103,FAST,1661.15,SGD,**************3112,GB,50
2fh69y88-1792-2749-him6-52rv36865kz2,2026-07-01T09:12:31.084,settlement,SETTLED,MT103,FAST,1661.15,SGD,**************3112,GB,169
1cu15p72-5015-5090-snh7-53ey61397qd7,2026-07-13T18:49:24.603,gateway,OK,pacs.008,FAST,1365.97,EUR,**************5850,US,40
1cu15p72-5015-5090-snh7-53ey61397qd7,2026-07-13T18:49:24.655,auth,OK,pacs.008,FAST,1365.97,EUR,**************5850,US,81
1cu15p72-5015-5090-snh7-53ey61397qd7,2026-07-13T18:49:24.879,validation,OK,pacs.008,FAST,1365.97,EUR,**************5850,US,71
1cu15p72-5015-5090-snh7-53ey61397qd7,2026-07-13T18:49:25.057,aml,TIMEOUT,pacs.008,FAST,1365.97,EUR,**************5850,US,30000
1cu15p72-5015-5090-snh7-53ey61397qd7,2026-07-13T18:49:25.107,payment-hub,FAILED,pacs.008,FAST,1365.97,EUR,**************5850,US,52
0yu69a84-3665-0810-jan7-11tu18818ue3,2026-07-11T15:02:47.141,gateway,OK,MT103,FAST,157.71,SGD,**************7198,GB,42
0yu69a84-3665-0810-jan7-11tu18818ue3,2026-07-11T15:02:47.221,auth,OK,MT103,FAST,157.71,SGD,**************7198,GB,73
0yu69a84-3665-0810-jan7-11tu18818ue3,2026-07-11T15:02:47.321,validation,OK,MT103,FAST,157.71,SGD,**************7198,GB,66
0yu69a84-3665-0810-jan7-11tu18818ue3,2026-07-11T15:02:47.366,aml,OK,MT103,FAST,157.71,SGD,**************7198,GB,121
0yu69a84-3665-0810-jan7-11tu18818ue3,2026-07-11T15:02:47.445,payment-hub,OK,MT103,FAST,157.71,SGD,**************7198,GB,71
0yu69a84-3665-0810-jan7-11tu18818ue3,2026-07-11T15:02:47.554,core-banking,OK,MT103,FAST,157.71,SGD,**************7198,GB,173
0yu69a84-3665-0810-jan7-11tu18818ue3,2026-07-11T15:02:47.606,settlement,SETTLED,MT103,FAST,157.71,SGD,**************7198,GB,66
8pe54c84-9201-9237-xli9-12st99920ry6,2026-07-12T11:18:45.684,gateway,OK,MT103,FAST,1893.68,USD,**************3035,IN,34
8pe54c84-9201-9237-xli9-12st99920ry6,2026-07-12T11:18:45.769,auth,OK,MT103,FAST,1893.68,USD,**************3035,IN,39
8pe54c84-9201-9237-xli9-12st99920ry6,2026-07-12T11:18:45.813,validation,OK,MT103,FAST,1893.68,USD,**************3035,IN,31
8pe54c84-9201-9237-xli9-12st99920ry6,2026-07-12T11:18:45.982,aml,OK,MT103,FAST,1893.68,USD,**************3035,IN,84
8pe54c84-9201-9237-xli9-12st99920ry6,2026-07-12T11:18:46.237,payment-hub,OK,MT103,FAST,1893.68,USD,**************3035,IN,55
8pe54c84-9201-9237-xli9-12st99920ry6,2026-07-12T11:18:46.364,core-banking,OK,MT103,FAST,1893.68,USD,**************3035,IN,250
8pe54c84-9201-9237-xli9-12st99920ry6,2026-07-12T11:18:46.505,settlement,SETTLED,MT103,FAST,1893.68,USD,**************3035,IN,297
0pn15c34-5411-6194-ihp6-08bv88768ry7,2026-07-13T23:28:29.084,gateway,OK,pacs.008,FAST,324.46,MYR,**************6079,US,35
0pn15c34-5411-6194-ihp6-08bv88768ry7,2026-07-13T23:28:29.155,auth,OK,pacs.008,FAST,324.46,MYR,**************6079,US,85
0pn15c34-5411-6194-ihp6-08bv88768ry7,2026-07-13T23:28:29.360,validation,OK,pacs.008,FAST,324.46,MYR,**************6079,US,41
0pn15c34-5411-6194-ihp6-08bv88768ry7,2026-07-13T23:28:29.439,aml,OK,pacs.008,FAST,324.46,MYR,**************6079,US,258
0pn15c34-5411-6194-ihp6-08bv88768ry7,2026-07-13T23:28:29.532,payment-hub,OK,pacs.008,FAST,324.46,MYR,**************6079,US,61
0pn15c34-5411-6194-ihp6-08bv88768ry7,2026-07-13T23:28:29.670,core-banking,OK,pacs.008,FAST,324.46,MYR,**************6079,US,82
0pn15c34-5411-6194-ihp6-08bv88768ry7,2026-07-13T23:28:29.781,settlement,SETTLED,pacs.008,FAST,324.46,MYR,**************6079,US,135
5rr29n68-1155-8010-lju9-47qz93870xs6,2026-07-09T19:42:55.513,gateway,OK,pacs.008,FAST,2019.27,USD,**************4780,SG,33
5rr29n68-1155-8010-lju9-47qz93870xs6,2026-07-09T19:42:55.678,auth,OK,pacs.008,FAST,2019.27,USD,**************4780,SG,67
5rr29n68-1155-8010-lju9-47qz93870xs6,2026-07-09T19:42:55.782,validation,OK,pacs.008,FAST,2019.27,USD,**************4780,SG,35
5rr29n68-1155-8010-lju9-47qz93870xs6,2026-07-09T19:42:55.871,aml,OK,pacs.008,FAST,2019.27,USD,**************4780,SG,270
5rr29n68-1155-8010-lju9-47qz93870xs6,2026-07-09T19:42:55.935,payment-hub,OK,pacs.008,FAST,2019.27,USD,**************4780,SG,104
5rr29n68-1155-8010-lju9-47qz93870xs6,2026-07-09T19:42:55.997,core-banking,OK,pacs.008,FAST,2019.27,USD,**************4780,SG,180
5rr29n68-1155-8010-lju9-47qz93870xs6,2026-07-09T19:42:56.048,settlement,SETTLED,pacs.008,FAST,2019.27,USD,**************4780,SG,379
3dz80b44-2711-7619-wki7-86xz33919gn7,2026-07-10T14:33:29.676,gateway,OK,MT103,FAST,317.71,SGD,**************3956,US,23
3dz80b44-2711-7619-wki7-86xz33919gn7,2026-07-10T14:33:29.756,auth,OK,MT103,FAST,317.71,SGD,**************3956,US,52
3dz80b44-2711-7619-wki7-86xz33919gn7,2026-07-10T14:33:29.812,validation,OK,MT103,FAST,317.71,SGD,**************3956,US,113
3dz80b44-2711-7619-wki7-86xz33919gn7,2026-07-10T14:33:29.881,aml,OK,MT103,FAST,317.71,SGD,**************3956,US,182
3dz80b44-2711-7619-wki7-86xz33919gn7,2026-07-10T14:33:29.936,payment-hub,OK,MT103,FAST,317.71,SGD,**************3956,US,144
3dz80b44-2711-7619-wki7-86xz33919gn7,2026-07-10T14:33:30.044,core-banking,OK,MT103,FAST,317.71,SGD,**************3956,US,165
3dz80b44-2711-7619-wki7-86xz33919gn7,2026-07-10T14:33:30.323,settlement,SETTLED,MT103,FAST,317.71,SGD,**************3956,US,93
7zy96z27-6082-9915-ale1-94wi87431iy1,2026-07-11T14:43:10.887,gateway,OK,pacs.008,FAST,978.7,SGD,**************5711,SG,60
7zy96z27-6082-9915-ale1-94wi87431iy1,2026-07-11T14:43:11.021,auth,OK,pacs.008,FAST,978.7,SGD,**************5711,SG,22
7zy96z27-6082-9915-ale1-94wi87431iy1,2026-07-11T14:43:11.160,validation,OK,pacs.008,FAST,978.7,SGD,**************5711,SG,33
7zy96z27-6082-9915-ale1-94wi87431iy1,2026-07-11T14:43:11.229,aml,OK,pacs.008,FAST,978.7,SGD,**************5711,SG,296
7zy96z27-6082-9915-ale1-94wi87431iy1,2026-07-11T14:43:11.316,payment-hub,OK,pacs.008,FAST,978.7,SGD,**************5711,SG,115
7zy96z27-6082-9915-ale1-94wi87431iy1,2026-07-11T14:43:11.415,core-banking,OK,pacs.008,FAST,978.7,SGD,**************5711,SG,141
7zy96z27-6082-9915-ale1-94wi87431iy1,2026-07-11T14:43:11.448,settlement,SETTLED,pacs.008,FAST,978.7,SGD,**************5711,SG,239
9dx07b26-3227-0462-akb9-47dt77977gp2,2026-07-10T00:32:31.074,gateway,OK,0200,FAST,785.26,EUR,**************2198,MY,51
9dx07b26-3227-0462-akb9-47dt77977gp2,2026-07-10T00:32:31.190,auth,OK,0200,FAST,785.26,EUR,**************2198,MY,64
9dx07b26-3227-0462-akb9-47dt77977gp2,2026-07-10T00:32:31.250,validation,OK,0200,FAST,785.26,EUR,**************2198,MY,43
9dx07b26-3227-0462-akb9-47dt77977gp2,2026-07-10T00:32:31.345,aml,OK,0200,FAST,785.26,EUR,**************2198,MY,233
9dx07b26-3227-0462-akb9-47dt77977gp2,2026-07-10T00:33:01.376,payment-hub,OK,0200,FAST,785.26,EUR,**************2198,MY,92
9dx07b26-3227-0462-akb9-47dt77977gp2,2026-07-10T00:33:01.454,core-banking,OK,0200,FAST,785.26,EUR,**************2198,MY,90
9dx07b26-3227-0462-akb9-47dt77977gp2,2026-07-10T00:33:01.515,settlement,SETTLED,0200,FAST,785.26,EUR,**************2198,MY,278
7zk47n40-8669-9886-tfm4-68ms52995nt3,2026-07-12T06:17:38.985,gateway,OK,pacs.008,FAST,338.98,USD,**************5102,SG,58
7zk47n40-8669-9886-tfm4-68ms52995nt3,2026-07-12T06:17:39.120,auth,OK,pacs.008,FAST,338.98,USD,**************5102,SG,34
7zk47n40-8669-9886-tfm4-68ms52995nt3,2026-07-12T06:18:09.127,validation,REJECTED,pacs.008,FAST,338.98,USD,**************5102,SG,61
4by45l06-0583-0745-bol5-82ah08578ek7,2026-07-12T18:22:30.624,gateway,OK,pacs.008,FAST,681.87,EUR,**************3630,SG,28
4by45l06-0583-0745-bol5-82ah08578ek7,2026-07-12T18:22:30.717,auth,OK,pacs.008,FAST,681.87,EUR,**************3630,SG,43
4by45l06-0583-0745-bol5-82ah08578ek7,2026-07-12T18:22:30.851,validation,OK,pacs.008,FAST,681.87,EUR,**************3630,SG,92
4by45l06-0583-0745-bol5-82ah08578ek7,2026-07-12T18:23:00.864,aml,OK,pacs.008,FAST,681.87,EUR,**************3630,SG,223
4by45l06-0583-0745-bol5-82ah08578ek7,2026-07-12T18:23:01.061,payment-hub,OK,pacs.008,FAST,681.87,EUR,**************3630,SG,108
4by45l06-0583-0745-bol5-82ah08578ek7,2026-07-12T18:23:31.085,core-banking,OK,pacs.008,FAST,681.87,EUR,**************3630,SG,121
4by45l06-0583-0745-bol5-82ah08578ek7,2026-07-12T18:23:31.178,settlement,SETTLED,pacs.008,FAST,681.87,EUR,**************3630,SG,231
9ug97q08-2175-0971-bqz6-88hm63199bk1,2026-07-11T15:16:06.771,gateway,OK,pacs.008,SWIFT,2667.07,EUR,**************9717,SG,53
9ug97q08-2175-0971-bqz6-88hm63199bk1,2026-07-11T15:16:06.883,auth,OK,pacs.008,SWIFT,2667.07,EUR,**************9717,SG,25
9ug97q08-2175-0971-bqz6-88hm63199bk1,2026-07-11T15:16:06.909,validation,OK,pacs.008,SWIFT,2667.07,EUR,**************9717,SG,94
9ug97q08-2175-0971-bqz6-88hm63199bk1,2026-07-11T15:16:07.041,aml,OK,pacs.008,SWIFT,2667.07,EUR,**************9717,SG,236
9ug97q08-2175-0971-bqz6-88hm63199bk1,2026-07-11T15:16:07.227,payment-hub,OK,pacs.008,SWIFT,2667.07,EUR,**************9717,SG,120
9ug97q08-2175-0971-bqz6-88hm63199bk1,2026-07-11T15:16:07.262,core-banking,OK,pacs.008,SWIFT,2667.07,EUR,**************9717,SG,186
9ug97q08-2175-0971-bqz6-88hm63199bk1,2026-07-11T15:16:07.392,settlement,SETTLED,pacs.008,SWIFT,2667.07,EUR,**************9717,SG,175
8re65h00-7968-7292-dcl6-37hp96352mr0,2026-07-07T11:57:17.612,gateway,OK,0200,CARDS,499.12,SGD,**************3400,HK,44
8re65h00-7968-7292-dcl6-37hp96352mr0,2026-07-07T11:57:17.754,auth,OK,0200,CARDS,499.12,SGD,**************3400,HK,36
8re65h00-7968-7292-dcl6-37hp96352mr0,2026-07-07T11:57:17.876,validation,REJECTED,0200,CARDS,499.12,SGD,**************3400,HK,101
3ie52v60-5936-4365-dne5-03os98087bn8,2026-07-04T04:13:18.468,gateway,OK,pacs.008,FAST,1755.38,USD,**************0488,IN,42
3ie52v60-5936-4365-dne5-03os98087bn8,2026-07-04T04:13:18.531,auth,OK,pacs.008,FAST,1755.38,USD,**************0488,IN,35
3ie52v60-5936-4365-dne5-03os98087bn8,2026-07-04T04:13:18.596,validation,OK,pacs.008,FAST,1755.38,USD,**************0488,IN,114
3ie52v60-5936-4365-dne5-03os98087bn8,2026-07-04T04:13:18.659,aml,OK,pacs.008,FAST,1755.38,USD,**************0488,IN,201
3ie52v60-5936-4365-dne5-03os98087bn8,2026-07-04T04:13:18.831,payment-hub,OK,pacs.008,FAST,1755.38,USD,**************0488,IN,90
3ie52v60-5936-4365-dne5-03os98087bn8,2026-07-04T04:13:18.969,core-banking,OK,pacs.008,FAST,1755.38,USD,**************0488,IN,91
3ie52v60-5936-4365-dne5-03os98087bn8,2026-07-04T04:13:19.072,settlement,SETTLED,pacs.008,FAST,1755.38,USD,**************0488,IN,260
7sa26f69-7100-9657-qlf5-60ls07374mw4,2026-07-14T16:05:50.430,gateway,OK,pacs.008,FAST,505.8,SGD,**************5132,SG,38
7sa26f69-7100-9657-qlf5-60ls07374mw4,2026-07-14T16:05:50.579,auth,OK,pacs.008,FAST,505.8,SGD,**************5132,SG,60
7sa26f69-7100-9657-qlf5-60ls07374mw4,2026-07-14T16:05:50.678,validation,OK,pacs.008,FAST,505.8,SGD,**************5132,SG,81
7sa26f69-7100-9657-qlf5-60ls07374mw4,2026-07-14T16:05:50.720,aml,OK,pacs.008,FAST,505.8,SGD,**************5132,SG,54
7sa26f69-7100-9657-qlf5-60ls07374mw4,2026-07-14T16:05:50.910,payment-hub,OK,pacs.008,FAST,505.8,SGD,**************5132,SG,39
7sa26f69-7100-9657-qlf5-60ls07374mw4,2026-07-14T16:05:51.019,core-banking,OK,pacs.008,FAST,505.8,SGD,**************5132,SG,151
7sa26f69-7100-9657-qlf5-60ls07374mw4,2026-07-14T16:05:51.285,settlement,SETTLED,pacs.008,FAST,505.8,SGD,**************5132,SG,344
2th60a50-6167-5173-uel2-84pk70228an9,2026-07-07T11:00:37.196,gateway,OK,MT103,FAST,1104.74,SGD,**************6897,SG,27
2th60a50-6167-5173-uel2-84pk70228an9,2026-07-07T11:00:37.250,auth,OK,MT103,FAST,1104.74,SGD,**************6897,SG,64
2th60a50-6167-5173-uel2-84pk70228an9,2026-07-07T11:00:37.318,validation,OK,MT103,FAST,1104.74,SGD,**************6897,SG,78
2th60a50-6167-5173-uel2-84pk70228an9,2026-07-07T11:00:37.367,aml,TIMEOUT,MT103,FAST,1104.74,SGD,**************6897,SG,30000
2th60a50-6167-5173-uel2-84pk70228an9,2026-07-07T11:00:37.442,payment-hub,FAILED,MT103,FAST,1104.74,SGD,**************6897,SG,112
4cm04r31-8134-6074-yro1-92uh56644gy4,2026-07-09T04:11:36.097,gateway,OK,pacs.008,FAST,427.79,MYR,**************1320,SG,24
4cm04r31-8134-6074-yro1-92uh56644gy4,2026-07-09T04:11:36.174,auth,OK,pacs.008,FAST,427.79,MYR,**************1320,SG,90
4cm04r31-8134-6074-yro1-92uh56644gy4,2026-07-09T04:11:36.250,validation,OK,pacs.008,FAST,427.79,MYR,**************1320,SG,45
4cm04r31-8134-6074-yro1-92uh56644gy4,2026-07-09T04:11:36.298,aml,OK,pacs.008,FAST,427.79,MYR,**************1320,SG,171
4cm04r31-8134-6074-yro1-92uh56644gy4,2026-07-09T04:11:36.427,payment-hub,OK,pacs.008,FAST,427.79,MYR,**************1320,SG,37
4cm04r31-8134-6074-yro1-92uh56644gy4,2026-07-09T04:11:36.503,core-banking,OK,pacs.008,FAST,427.79,MYR,**************1320,SG,118
4cm04r31-8134-6074-yro1-92uh56644gy4,2026-07-09T04:11:36.766,settlement,SETTLED,pacs.008,FAST,427.79,MYR,**************1320,SG,107
4wi95d59-0451-0451-yfb9-92sa18296qm8,2026-07-10T16:36:28.897,gateway,OK,MT103,FAST,3264.27,SGD,**************2638,SG,36
4wi95d59-0451-0451-yfb9-92sa18296qm8,2026-07-10T16:36:28.972,auth,OK,MT103,FAST,3264.27,SGD,**************2638,SG,34
4wi95d59-0451-0451-yfb9-92sa18296qm8,2026-07-10T16:36:29.065,validation,OK,MT103,FAST,3264.27,SGD,**************2638,SG,66
4wi95d59-0451-0451-yfb9-92sa18296qm8,2026-07-10T16:36:29.301,aml,OK,MT103,FAST,3264.27,SGD,**************2638,SG,106
4wi95d59-0451-0451-yfb9-92sa18296qm8,2026-07-10T16:36:29.384,payment-hub,OK,MT103,FAST,3264.27,SGD,**************2638,SG,34
4wi95d59-0451-0451-yfb9-92sa18296qm8,2026-07-10T16:36:29.460,core-banking,OK,MT103,FAST,3264.27,SGD,**************2638,SG,220
4wi95d59-0451-0451-yfb9-92sa18296qm8,2026-07-10T16:36:59.481,settlement,SETTLED,MT103,FAST,3264.27,SGD,**************2638,SG,95
7df67c37-3009-1356-eux5-39zp09079wv9,2026-07-14T15:34:28.563,gateway,OK,MT103,CARDS,1715.33,EUR,**************0701,SG,27
7df67c37-3009-1356-eux5-39zp09079wv9,2026-07-14T15:34:28.839,auth,OK,MT103,CARDS,1715.33,EUR,**************0701,SG,49
7df67c37-3009-1356-eux5-39zp09079wv9,2026-07-14T15:34:28.905,validation,OK,MT103,CARDS,1715.33,EUR,**************0701,SG,45
7df67c37-3009-1356-eux5-39zp09079wv9,2026-07-14T15:34:29.068,aml,OK,MT103,CARDS,1715.33,EUR,**************0701,SG,188
7df67c37-3009-1356-eux5-39zp09079wv9,2026-07-14T15:34:29.135,payment-hub,OK,MT103,CARDS,1715.33,EUR,**************0701,SG,91
7df67c37-3009-1356-eux5-39zp09079wv9,2026-07-14T15:34:29.204,core-banking,OK,MT103,CARDS,1715.33,EUR,**************0701,SG,153
7df67c37-3009-1356-eux5-39zp09079wv9,2026-07-14T15:34:29.423,settlement,SETTLED,MT103,CARDS,1715.33,EUR,**************0701,SG,399
