uetr,ts,service,status,msg_type,rail,amount,currency,debtor_account,country,latency_ms
3eb13b90-4668-5257-bdd6-40fb06671ad1,2026-07-05T17:35:26.999,gateway,OK,MT103,SWIFT,324.69,INR,**************6018,MY,47
3eb13b90-4668-5257-bdd6-40fb06671ad1,2026-07-05T17:35:27.095,auth,OK,MT103,SWIFT,324.69,INR,**************6018,MY,63
3eb13b90-4668-5257-bdd6-40fb06671ad1,2026-07-05T17:35:27.183,validation,OK,MT103,SWIFT,324.69,INR,**************6018,MY,111
3eb13b90-4668-5257-bdd6-40fb06671ad1,2026-07-05T17:35:27.280,aml,OK,MT103,SWIFT,324.69,INR,**************6018,MY,188
3eb13b90-4668-5257-bdd6-40fb06671ad1,2026-07-05T17:35:27.337,payment-hub,OK,MT103,SWIFT,324.69,INR,**************6018,MY,40
3eb13b90-4668-5257-bdd6-40fb06671ad1,2026-07-05T17:35:27.434,core-banking,OK,MT103,SWIFT,324.69,INR,**************6018,MY,204
3eb13b90-4668-5257-bdd6-40fb06671ad1,2026-07-05T17:35:27.482,settlement,SETTLED,MT103,SWIFT,324.69,INR,**************6018,MY,398
3eb13b90-4668-5257-bdd6-40fb06671ad1,2026-07-04T20:57:28.188,gateway,OK,pacs.008,FAST,496.53,INR,**************9013,SG,31
3eb13b90-4668-5257-bdd6-40fb06671ad1,2026-07-04T20:57:28.270,auth,OK,pacs.008,FAST,496.53,INR,**************9013,SG,29
3eb13b90-4668-5257-bdd6-40fb06671ad1,2026-07-04T20:57:28.355,validation,OK,pacs.008,FAST,496.53,INR,**************9013,SG,74
3eb13b90-4668-5257-bdd6-40fb06671ad1,2026-07-04T20:57:58.378,aml,OK,pacs.008,FAST,496.53,INR,**************9013,SG,64
3eb13b90-4668-5257-bdd6-40fb06671ad1,2026-07-04T20:57:58.498,payment-hub,OK,pacs.008,FAST,496.53,INR,**************9013,SG,138
3eb13b90-4668-5257-bdd6-40fb06671ad1,2026-07-04T20:57:58.710,core-banking,OK,pacs.008,FAST,496.53,INR,**************9013,SG,172
3eb13b90-4668-5257-bdd6-40fb06671ad1,2026-07-04T20:57:58.793,settlement,SETTLED,pacs.008,FAST,496.53,INR,**************9013,SG,210
3eb13b90-4668-5257-bdd6-40fb06671ad1,2026-07-06T05:53:31.792,gateway,OK,MT103,SWIFT,256.14,GBP,**************7299,SG,40
3eb13b90-4668-5257-bdd6-40fb06671ad1,2026-07-06T05:53:31.842,auth,OK,MT103,SWIFT,256.14,GBP,**************7299,SG,20
3eb13b90-4668-5257-bdd6-40fb06671ad1,2026-07-06T05:53:31.930,validation,OK,MT103,SWIFT,256.14,GBP,**************7299,SG,35
3eb13b90-4668-5257-bdd6-40fb06671ad1,2026-07-06T05:53:32.065,aml,OK,MT103,SWIFT,256.14,GBP,**************7299,SG,175
3eb13b90-4668-5257-bdd6-40fb06671ad1,2026-07-06T05:53:32.152,payment-hub,OK,MT103,SWIFT,256.14,GBP,**************7299,SG,62
3eb13b90-4668-5257-bdd6-40fb06671ad1,2026-07-06T05:53:32.310,core-banking,OK,MT103,SWIFT,256.14,GBP,**************7299,SG,120
3eb13b90-4668-5257-bdd6-40fb06671ad1,2026-07-06T05:53:32.390,settlement,SETTLED,MT103,SWIFT,256.14,GBP,**************7299,SG,194
3eb13b90-4668-5257-bdd6-40fb06671ad1,2026-07-06T23:48:40.989,gateway,OK,0200,FAST,1082.75,MYR,**************7232,SG,34
3eb13b90-4668-5257-bdd6-40fb06671ad1,2026-07-06T23:48:41.068,auth,OK,0200,FAST,1082.75,MYR,**************7232,SG,26
3eb13b90-4668-5257-bdd6-40fb06671ad1,2026-07-06T23:48:41.257,validation,OK,0200,FAST,1082.75,MYR,**************7232,SG,62
3eb13b90-4668-5257-bdd6-40fb06671ad1,2026-07-06T23:48:41.342,aml,TIMEOUT,0200,FAST,1082.75,MYR,**************7232,SG,30000
3eb13b90-4668-5257-bdd6-40fb06671ad1,2026-07-06T23:48:41.641,payment-hub,FAILED,0200,FAST,1082.75,MYR,**************7232,SG,104
3eb13b90-4668-5257-bdd6-40fb06671ad1,2026-07-07T09:19:48.957,gateway,OK,MT103,CARDS,728.84,SGD,**************8737,MY,38
3eb13b90-4668-5257-bdd6-40fb06671ad1,2026-07-07T09:19:49.109,auth,OK,MT103,CARDS,728.84,SGD,**************8737,MY,90
3eb13b90-4668-5257-bdd6-40fb06671ad1,2026-07-07T09:19:49.443,validation,OK,MT103,CARDS,728.84,SGD,**************8737,MY,49
3eb13b90-4668-5257-bdd6-40fb06671ad1,2026-07-07T09:19:49.712,aml,OK,MT103,CARDS,728.84,SGD,**************8737,MY,83
3eb13b90-4668-5257-bdd6-40fb06671ad1,2026-07-07T09:19:49.807,payment-hub,OK,MT103,CARDS,728.84,SGD,**************8737,MY,39
3eb13b90-4668-5257-bdd6-40fb06671ad1,2026-07-07T09:19:49.922,core-banking,OK,MT103,CARDS,728.84,SGD,**************8737,MY,67
3eb13b90-4668-5257-bdd6-40fb06671ad1,2026-07-07T09:19:50.158,settlement,SETTLED,MT103,CARDS,728.84,SGD,**************8737,MY,238
3eb13b90-4668-5257-bdd6-40fb06671ad1,2026-07-10T06:05:56.528,gateway,OK,pacs.008,FAST,2355.07,EUR,**************9093,GB,60
3eb13b90-4668-5257-bdd6-40fb06671ad1,2026-07-10T06:05:56.576,auth,OK,pacs.008,FAST,2355.07,EUR,**************9093,GB,61
3eb13b90-4668-5257-bdd6-40fb06671ad1,2026-07-10T06:05:56.744,validation,OK,pacs.008,FAST,2355.07,EUR,**************9093,GB,89
3eb13b90-4668-5257-bdd6-40fb06671ad1,2026-07-10T06:05:56.827,aml,TIMEOUT,pacs.008,FAST,2355.07,EUR,**************9093,GB,30000
3eb13b90-4668-5257-bdd6-40fb06671ad1,2026-07-10T06:05:56.986,payment-hub,FAILED,pacs.008,FAST,2355.07,EUR,**************9093,GB,146
3eb13b90-4668-5257-bdd6-40fb06671ad1,2026-07-06T20:32:48.207,gateway,OK,MT103,SWIFT,568.78,SGD,**************4153,GB,22
3eb13b90-4668-5257-bdd6-40fb06671ad1,2026-07-06T20:32:48.311,auth,OK,MT103,SWIFT,568.78,SGD,**************4153,GB,70
3eb13b90-4668-5257-bdd6-40fb06671ad1,2026-07-06T20:32:48.570,validation,OK,MT103,SWIFT,568.78,SGD,**************4153,GB,99
3eb13b90-4668-5257-bdd6-40fb06671ad1,2026-07-06T20:32:48.670,aml,OK,MT103,SWIFT,568.78,SGD,**************4153,GB,156
3eb13b90-4668-5257-bdd6-40fb06671ad1,2026-07-06T20:32:48.750,payment-hub,OK,MT103,SWIFT,568.78,SGD,**************4153,GB,30
3eb13b90-4668-5257-bdd6-40fb06671ad1,2026-07-06T20:32:48.791,core-banking,OK,MT103,SWIFT,568.78,SGD,**************4153,GB,144
3eb13b90-4668-5257-bdd6-40fb06671ad1,2026-07-06T20:32:48.838,settlement,SETTLED,MT103,SWIFT,568.78,SGD,**************4153,GB,352
3eb13b90-4668-5257-bdd6-40fb06671ad1,2026-07-13T18:01:52.164,gateway,OK,pacs.008,FAST,240.39,SGD,**************1535,SG,49
3eb13b90-4668-5257-bdd6-40fb06671ad1,2026-07-13T18:01:52.236,auth,OK,pacs.008,FAST,240.39,SGD,**************1535,SG,50
3eb13b90-4668-5257-bdd6-40fb06671ad1,2026-07-13T18:01:52.346,validation,OK,pacs.008,FAST,240.39,SGD,**************1535,SG,65
3eb13b90-4668-5257-bdd6-40fb06671ad1,2026-07-13T18:01:52.419,aml,OK,pacs.008,FAST,240.39,SGD,**************1535,SG,195
3eb13b90-4668-5257-bdd6-40fb06671ad1,2026-07-13T18:01:52.562,payment-hub,OK,pacs.008,FAST,240.39,SGD,**************1535,SG,49
3eb13b90-4668-5257-bdd6-40fb06671ad1,2026-07-13T18:01:52.713,core-banking,OK,pacs.008,FAST,240.39,SGD,**************1535,SG,199
3eb13b90-4668-5257-bdd6-40fb06671ad1,2026-07-13T18:01:52.785,settlement,SETTLED,pacs.008,FAST,240.39,SGD,**************1535,SG,97
3eb13b90-4668-5257-bdd6-40fb06671ad1,2026-07-11T09:20:59.988,gateway,OK,MT103,FAST,323.43,SGD,**************3653,IN,32
3eb13b90-4668-5257-bdd6-40fb06671ad1,2026-07-11T09:21:00.097,auth,OK,MT103,FAST,323.43,SGD,**************3653,IN,20
3eb13b90-4668-5257-bdd6-40fb06671ad1,2026-07-11T09:21:00.234,validation,OK,MT103,FAST,323.43,SGD,**************3653,IN,32
3eb13b90-4668-5257-bdd6-40fb06671ad1,2026-07-11T09:21:00.357,aml,OK,MT103,FAST,323.43,SGD,**************3653,IN,139
3eb13b90-4668-5257-bdd6-40fb06671ad1,2026-07-11T09:21:00.454,payment-hub,OK,MT103,FAST,323.43,SGD,**************3653,IN,65
3eb13b90-4668-5257-bdd6-40fb06671ad1,2026-07-11T09:21:00.533,core-banking,OK,MT103,FAST,323.43,SGD,**************3653,IN,233
3eb13b90-4668-5257-bdd6-40fb06671ad1,2026-07-11T09:21:00.720,settlement,SETTLED,MT103,FAST,323.43,SGD,**************3653,IN,317
3eb13b90-4668-5257-bdd6-40fb06671ad1,2026-07-05T03:41:16.665,gateway,OK,pacs.008,FAST,3894.75,USD,**************0431,SG,60
3eb13b90-4668-5257-bdd6-40fb06671ad1,2026-07-05T03:41:16.731,auth,OK,pacs.008,FAST,3894.75,USD,**************0431,SG,39
3eb13b90-4668-5257-bdd6-40fb06671ad1,2026-07-05T03:41:16.939,validation,OK,pacs.008,FAST,3894.75,USD,**************0431,SG,120
3eb13b90-4668-5257-bdd6-40fb06671ad1,2026-07-05T03:41:17.183,aml,OK,pacs.008,FAST,3894.75,USD,**************0431,SG,268
3eb13b90-4668-5257-bdd6-40fb06671ad1,2026-07-05T03:41:17.437,payment-hub,OK,pacs.008,FAST,3894.75,USD,**************0431,SG,40
3eb13b90-4668-5257-bdd6-40fb06671ad1,2026-07-05T03:41:17.483,core-banking,OK,pacs.008,FAST,3894.75,USD,**************0431,SG,76
3eb13b90-4668-5257-bdd6-40fb06671ad1,2026-07-05T03:41:17.556,settlement,SETTLED,pacs.008,FAST,3894.75,USD,**************0431,SG,378
3eb13b90-4668-5257-bdd6-40fb06671ad1,2026-07-12T19:09:49.374,gateway,OK,pacs.008,FAST,336.52,SGD,**************3170,SG,54
3eb13b90-4668-5257-bdd6-40fb06671ad1,2026-07-12T19:09:49.644,auth,OK,pacs.008,FAST,336.52,SGD,**************3170,SG,22
3eb13b90-4668-5257-bdd6-40fb06671ad1,2026-07-12T19:09:49.673,validation,OK,pacs.008,FAST,336.52,SGD,**************3170,SG,38
3eb13b90-4668-5257-bdd6-40fb06671ad1,2026-07-12T19:09:49.805,aml,OK,pacs.008,FAST,336.52,SGD,**************3170,SG,224
3eb13b90-4668-5257-bdd6-40fb06671ad1,2026-07-12T19:09:49.830,payment-hub,OK,pacs.008,FAST,336.52,SGD,**************3170,SG,85
3eb13b90-4668-5257-bdd6-40fb06671ad1,2026-07-12T19:09:49.921,core-banking,OK,pacs.008,FAST,336.52,SGD,**************3170,SG,157
3eb13b90-4668-5257-bdd6-40fb06671ad1,2026-07-12T19:09:50.011,settlement,SETTLED,pacs.008,FAST,336.52,SGD,**************3170,SG,63
3eb13b90-4668-5257-bdd6-40fb06671ad1,2026-07-14T06:51:55.640,gateway,OK,pacs.008,FAST,182.55,SGD,**************8225,SG,20
3eb13b90-4668-5257-bdd6-40fb06671ad1,2026-07-14T06:51:55.704,auth,OK,pacs.008,FAST,182.55,SGD,**************8225,SG,42
3eb13b90-4668-5257-bdd6-40fb06671ad1,2026-07-14T06:51:55.793,validation,OK,pacs.008,FAST,182.55,SGD,**************8225,SG,119
3eb13b90-4668-5257-bdd6-40fb06671ad1,2026-07-14T06:51:55.861,aml,OK,pacs.008,FAST,182.55,SGD,**************8225,SG,233
3eb13b90-4668-5257-bdd6-40fb06671ad1,2026-07-14T06:51:55.947,payment-hub,OK,pacs.008,FAST,182.55,SGD,**************8225,SG,44
3eb13b90-4668-5257-bdd6-40fb06671ad1,2026-07-14T06:51:56.204,core-banking,OK,pacs.008,FAST,182.55,SGD,**************8225,SG,216
3eb13b90-4668-5257-bdd6-40fb06671ad1,2026-07-14T06:51:56.275,settlement,SETTLED,pacs.008,FAST,182.55,SGD,**************8225,SG,323
3eb13b90-4668-5257-bdd6-40fb06671ad1,2026-07-04T10:30:42.382,gateway,OK,MT103,SWIFT,1040.18,MYR,**************2742,HK,53
3eb13b90-4668-5257-bdd6-40fb06671ad1,2026-07-04T10:30:42.478,auth,OK,MT103,SWIFT,1040.18,MYR,**************2742,HK,32
3eb13b90-4668-5257-bdd6-40fb06671ad1,2026-07-04T10:30:42.574,validation,OK,MT103,SWIFT,1040.18,MYR,**************2742,HK,55
3eb13b90-4668-5257-bdd6-40fb06671ad1,2026-07-04T10:30:42.686,aml,OK,MT103,SWIFT,1040.18,MYR,**************2742,HK,84
3eb13b90-4668-5257-bdd6-40fb06671ad1,2026-07-04T10:30:42.768,payment-hub,OK,MT103,SWIFT,1040.18,MYR,**************2742,HK,61
3eb13b90-4668-5257-bdd6-40fb06671ad1,2026-07-04T10:30:42.826,core-banking,OK,MT103,SWIFT,1040.18,MYR,**************2742,HK,170
3eb13b90-4668-5257-bdd6-40fb06671ad1,2026-07-04T10:30:42.916,settlement,SETTLED,MT103,SWIFT,1040.18,MYR,**************2742,HK,75
3eb13b90-4668-5257-bdd6-40fb06671ad1,2026-07-12T06:45:58.404,gateway,OK,MT103,FAST,178.6,MYR,**************2711,SG,33
3eb13b90-4668-5257-bdd6-40fb06671ad1,2026-07-12T06:45:58.457,auth,OK,MT103,FAST,178.6,MYR,**************2711,SG,24
3eb13b90-4668-5257-bdd6-40fb06671ad1,2026-07-12T06:45:58.583,validation,OK,MT103,FAST,178.6,MYR,**************2711,SG,116
3eb13b90-4668-5257-bdd6-40fb06671ad1,2026-07-12T06:45:58.839,aml,TIMEOUT,MT103,FAST,178.6,MYR,**************2711,SG,30000
3eb13b90-4668-5257-bdd6-40fb06671ad1,2026-07-12T06:45:58.899,payment-hub,FAILED,MT103,FAST,178.6,MYR,**************2711,SG,135
3eb13b90-4668-5257-bdd6-40fb06671ad1,2026-07-09T12:43:17.819,gateway,OK,pacs.008,SWIFT,237.26,USD,**************6394,SG,41
3eb13b90-4668-5257-bdd6-40fb06671ad1,2026-07-09T12:43:17.889,auth,OK,pacs.008,SWIFT,237.26,USD,**************6394,SG,22
3eb13b90-4668-5257-bdd6-40fb06671ad1,2026-07-09T12:43:18.063,validation,OK,pacs.008,SWIFT,237.26,USD,**************6394,SG,89
3eb13b90-4668-5257-bdd6-40fb06671ad1,2026-07-09T12:43:18.188,aml,OK,pacs.008,SWIFT,237.26,USD,**************6394,SG,84
3eb13b90-4668-5257-bdd6-40fb06671ad1,2026-07-09T12:43:18.267,payment-hub,OK,pacs.008,SWIFT,237.26,USD,**************6394,SG,37
3eb13b90-4668-5257-bdd6-40fb06671ad1,2026-07-09T12:43:18.333,core-banking,OK,pacs.008,SWIFT,237.26,USD,**************6394,SG,201
3eb13b90-4668-5257-bdd6-40fb06671ad1,2026-07-09T12:43:18.459,settlement,SETTLED,pacs.008,SWIFT,237.26,USD,**************6394,SG,362
3eb13b90-4668-5257-bdd6-40fb06671ad1,2026-07-09T10:15:49.430,gateway,OK,pacs.008,FAST,1235.36,USD,**************2795,MY,22
3eb13b90-4668-5257-bdd6-40fb06671ad1,2026-07-09T10:15:49.515,auth,OK,pacs.008,FAST,1235.36,USD,**************2795,MY,88
3eb13b90-4668-5257-bdd6-40fb06671ad1,2026-07-09T10:15:49.602,validation,REJECTED,pacs.008,FAST,1235.36,USD,**************2795,MY,42
3eb13b90-4668-5257-bdd6-40fb06671ad1,2026-07-04T02:08:40.207,gateway,OK,pacs.008,SWIFT,231.17,USD,**************6224,IN,45
3eb13b90-4668-5257-bdd6-40fb06671ad1,2026-07-04T02:08:40.308,auth,OK,pacs.008,SWIFT,231.17,USD,**************6224,IN,36
3eb13b90-4668-5257-bdd6-40fb06671ad1,2026-07-04T02:08:40.411,validation,REJECTED,pacs.008,SWIFT,231.17,USD,**************6224,IN,26
3eb13b90-4668-5257-bdd6-40fb06671ad1,2026-07-10T03:13:42.076,gateway,OK,0200,FAST,2047.57,EUR,**************6600,MY,46
3eb13b90-4668-5257-bdd6-40fb06671ad1,2026-07-10T03:13:42.145,auth,OK,0200,FAST,2047.57,EUR,**************6600,MY,28
3eb13b90-4668-5257-bdd6-40fb06671ad1,2026-07-10T03:13:42.320,validation,OK,0200,FAST,2047.57,EUR,**************6600,MY,80
3eb13b90-4668-5257-bdd6-40fb06671ad1,2026-07-10T03:13:42.619,aml,OK,0200,FAST,2047.57,EUR,**************6600,MY,184
3eb13b90-4668-5257-bdd6-40fb06671ad1,2026-07-10T03:13:42.675,payment-hub,OK,0200,FAST,2047.57,EUR,**************6600,MY,143
3eb13b90-4668-5257-bdd6-40fb06671ad1,2026-07-10T03:13:42.752,core-banking,OK,0200,FAST,2047.57,EUR,**************6600,MY,95
3eb13b90-4668-5257-bdd6-40fb06671ad1,2026-07-10T03:13:42.822,settlement,SETTLED,0200,FAST,2047.57,EUR,**************6600,MY,355
3eb13b90-4668-5257-bdd6-40fb06671ad1,2026-07-08T05:45:54.308,gateway,OK,pacs.008,FAST,1624.8,SGD,**************8146,SG,17
3eb13b90-4668-5257-bdd6-40fb06671ad1,2026-07-08T05:45:54.372,auth,OK,pacs.008,FAST,1624.8,SGD,**************8146,SG,71
3eb13b90-4668-5257-bdd6-40fb06671ad1,2026-07-08T05:45:54.431,validation,OK,pacs.008,FAST,1624.8,SGD,**************8146,SG,42
3eb13b90-4668-5257-bdd6-40fb06671ad1,2026-07-08T05:45:54.545,aml,OK,pacs.008,FAST,1624.8,SGD,**************8146,SG,91
3eb13b90-4668-5257-bdd6-40fb06671ad1,2026-07-08T05:45:54.739,payment-hub,OK,pacs.008,FAST,1624.8,SGD,**************8146,SG,133
3eb13b90-4668-5257-bdd6-40fb06671ad1,2026-07-08T05:45:54.804,core-banking,OK,pacs.008,FAST,1624.8,SGD,**************8146,SG,121
3eb13b90-4668-5257-bdd6-40fb06671ad1,2026-07-08T05:45:54.989,settlement,SETTLED,pacs.008,FAST,1624.8,SGD,**************8146,SG,236
3eb13b90-4668-5257-bdd6-40fb06671ad1,2026-07-01T21:33:28.457,gateway,OK,pacs.008,SWIFT,97.06,USD,**************6929,US,44
3eb13b90-4668-5257-bdd6-40fb06671ad1,2026-07-01T21:33:28.528,auth,OK,pacs.008,SWIFT,97.06,USD,**************6929,US,27
3eb13b90-4668-5257-bdd6-40fb06671ad1,2026-07-01T21:33:28.633,validation,OK,pacs.008,SWIFT,97.06,USD,**************6929,US,69
3eb13b90-4668-5257-bdd6-40fb06671ad1,2026-07-01T21:33:28.836,aml,OK,pacs.008,SWIFT,97.06,USD,**************6929,US,44
3eb13b90-4668-5257-bdd6-40fb06671ad1,2026-07-01T21:33:28.925,payment-hub,OK,pacs.008,SWIFT,97.06,USD,**************6929,US,145
3eb13b90-4668-5257-bdd6-40fb06671ad1,2026-07-01T21:33:29.214,core-banking,OK,pacs.008,SWIFT,97.06,USD,**************6929,US,122
3eb13b90-4668-5257-bdd6-40fb06671ad1,2026-07-01T21:33:29.257,settlement,SETTLED,pacs.008,SWIFT,97.06,USD,**************6929,US,192
3eb13b90-4668-5257-bdd6-40fb06671ad1,2026-07-10T03:36:41.556,gateway,OK,MT103,FAST,126.5,SGD,**************7221,SG,34
3eb13b90-4668-5257-bdd6-40fb06671ad1,2026-07-10T03:36:41.697,auth,OK,MT103,FAST,126.5,SGD,**************7221,SG,88
3eb13b90-4668-5257-bdd6-40fb06671ad1,2026-07-10T03:36:41.793,validation,OK,MT103,FAST,126.5,SGD,**************7221,SG,61
3eb13b90-4668-5257-bdd6-40fb06671ad1,2026-07-10T03:37:11.810,aml,OK,MT103,FAST,126.5,SGD,**************7221,SG,238
3eb13b90-4668-5257-bdd6-40fb06671ad1,2026-07-10T03:37:11.862,payment-hub,OK,MT103,FAST,126.5,SGD,**************7221,SG,78
3eb13b90-4668-5257-bdd6-40fb06671ad1,2026-07-10T03:37:11.948,core-banking,OK,MT103,FAST,126.5,SGD,**************7221,SG,86
3eb13b90-4668-5257-bdd6-40fb06671ad1,2026-07-10T03:37:12.041,settlement,SETTLED,MT103,FAST,126.5,SGD,**************7221,SG,300
3eb13b90-4668-5257-bdd6-40fb06671ad1,2026-07-01T19:34:47.240,gateway,OK,pacs.008,FAST,1189.99,SGD,**************9054,SG,55
3eb13b90-4668-5257-bdd6-40fb06671ad1,2026-07-01T19:34:47.318,auth,OK,pacs.008,FAST,1189.99,SGD,**************9054,SG,63
3eb13b90-4668-5257-bdd6-40fb06671ad1,2026-07-01T19:34:47.382,validation,OK,pacs.008,FAST,1189.99,SGD,**************9054,SG,120
3eb13b90-4668-5257-bdd6-40fb06671ad1,2026-07-01T19:34:47.518,aml,TIMEOUT,pacs.008,FAST,1189.99,SGD,**************9054,SG,30000
3eb13b90-4668-5257-bdd6-40fb06671ad1,2026-07-01T19:34:47.590,payment-hub,FAILED,pacs.008,FAST,1189.99,SGD,**************9054,SG,150
3eb13b90-4668-5257-bdd6-40fb06671ad1,2026-07-06T02:19:32.780,gateway,OK,pacs.008,FAST,621.46,MYR,**************7160,SG,53
3eb13b90-4668-5257-bdd6-40fb06671ad1,2026-07-06T02:19:32.854,auth,OK,pacs.008,FAST,621.46,MYR,**************7160,SG,67
3eb13b90-4668-5257-bdd6-40fb06671ad1,2026-07-06T02:19:32.951,validation,OK,pacs.008,FAST,621.46,MYR,**************7160,SG,49
3eb13b90-4668-5257-bdd6-40fb06671ad1,2026-07-06T02:19:33.005,aml,OK,pacs.008,FAST,621.46,MYR,**************7160,SG,265
3eb13b90-4668-5257-bdd6-40fb06671ad1,2026-07-06T02:19:33.089,payment-hub,OK,pacs.008,FAST,621.46,MYR,**************7160,SG,95
3eb13b90-4668-5257-bdd6-40fb06671ad1,2026-07-06T02:19:33.167,core-banking,OK,pacs.008,FAST,621.46,MYR,**************7160,SG,149
3eb13b90-4668-5257-bdd6-40fb06671ad1,2026-07-06T02:19:33.245,settlement,SETTLED,pacs.008,FAST,621.46,MYR,**************7160,SG,70
3eb13b90-4668-5257-bdd6-40fb06671ad1,2026-07-14T13:37:27.728,gateway,OK,MT103,FAST,877.82,SGD,**************0855,SG,19
3eb13b90-4668-5257-bdd6-40fb06671ad1,2026-07-14T13:37:27.885,auth,OK,MT103,FAST,877.82,SGD,**************0855,SG,30
3eb13b90-4668-5257-bdd6-40fb06671ad1,2026-07-14T13:37:28.044,validation,OK,MT103,FAST,877.82,SGD,**************0855,SG,51
3eb13b90-4668-5257-bdd6-40fb06671ad1,2026-07-14T13:37:28.179,aml,OK,MT103,FAST,877.82,SGD,**************0855,SG,50
3eb13b90-4668-5257-bdd6-40fb06671ad1,2026-07-14T13:37:28.260,payment-hub,OK,MT103,FAST,877.82,SGD,**************0855,SG,114
3eb13b90-4668-5257-bdd6-40fb06671ad1,2026-07-14T13:37:28.319,core-banking,OK,MT103,FAST,877.82,SGD,**************0855,SG,136
3eb13b90-4668-5257-bdd6-40fb06671ad1,2026-07-14T13:37:28.538,settlement,SETTLED,MT103,FAST,877.82,SGD,**************0855,SG,272
3eb13b90-4668-5257-bdd6-40fb06671ad1,2026-07-09T05:42:21.538,gateway,OK,MT103,FAST,2461.78,USD,**************5635,MY,57
3eb13b90-4668-5257-bdd6-40fb06671ad1,2026-07-09T05:42:21.597,auth,OK,MT103,FAST,2461.78,USD,**************5635,MY,81
3eb13b90-4668-5257-bdd6-40fb06671ad1,2026-07-09T05:42:21.693,validation,OK,MT103,FAST,2461.78,USD,**************5635,MY,79
3eb13b90-4668-5257-bdd6-40fb06671ad1,2026-07-09T05:42:21.770,aml,OK,MT103,FAST,2461.78,USD,**************5635,MY,150
3eb13b90-4668-5257-bdd6-40fb06671ad1,2026-07-09T05:42:21.817,payment-hub,OK,MT103,FAST,2461.78,USD,**************5635,MY,127
3eb13b90-4668-5257-bdd6-40fb06671ad1,2026-07-09T05:42:21.895,core-banking,OK,MT103,FAST,2461.78,USD,**************5635,MY,76
3eb13b90-4668-5257-bdd6-40fb06671ad1,2026-07-09T05:42:21.994,settlement,SETTLED,MT103,FAST,2461.78,USD,**************5635,MY,193
3eb13b90-4668-5257-bdd6-40fb06671ad1,2026-07-05T07:53:02.925,gateway,OK,pacs.008,SWIFT,751.89,SGD,**************5235,SG,25
3eb13b90-4668-5257-bdd6-40fb06671ad1,2026-07-05T07:53:03.078,auth,OK,pacs.008,SWIFT,751.89,SGD,**************5235,SG,32
3eb13b90-4668-5257-bdd6-40fb06671ad1,2026-07-05T07:53:03.141,validation,OK,pacs.008,SWIFT,751.89,SGD,**************5235,SG,114
3eb13b90-4668-5257-bdd6-40fb06671ad1,2026-07-05T07:53:03.189,aml,OK,pacs.008,SWIFT,751.89,SGD,**************5235,SG,58
3eb13b90-4668-5257-bdd6-40fb06671ad1,2026-07-05T07:53:03.353,payment-hub,OK,pacs.008,SWIFT,751.89,SGD,**************5235,SG,82
3eb13b90-4668-5257-bdd6-40fb06671ad1,2026-07-05T07:53:33.375,core-banking,OK,pacs.008,SWIFT,751.89,SGD,**************5235,SG,173
3eb13b90-4668-5257-bdd6-40fb06671ad1,2026-07-05T07:53:33.402,settlement,SETTLED,pacs.008,SWIFT,751.89,SGD,**************5235,SG,363
3eb13b90-4668-5257-bdd6-40fb06671ad1,2026-07-09T15:52:18.664,gateway,OK,pacs.008,FAST,891.39,SGD,**************6886,GB,31
3eb13b90-4668-5257-bdd6-40fb06671ad1,2026-07-09T15:52:18.746,auth,OK,pacs.008,FAST,891.39,SGD,**************6886,GB,70
3eb13b90-4668-5257-bdd6-40fb06671ad1,2026-07-09T15:52:18.804,validation,OK,pacs.008,FAST,891.39,SGD,**************6886,GB,35
3eb13b90-4668-5257-bdd6-40fb06671ad1,2026-07-09T15:52:18.898,aml,OK,pacs.008,FAST,891.39,SGD,**************6886,GB,165
3eb13b90-4668-5257-bdd6-40fb06671ad1,2026-07-09T15:52:19.137,payment-hub,OK,pacs.008,FAST,891.39,SGD,**************6886,GB,53
3eb13b90-4668-5257-bdd6-40fb06671ad1,2026-07-09T15:52:19.322,core-banking,OK,pacs.008,FAST,891.39,SGD,**************6886,GB,165
3eb13b90-4668-5257-bdd6-40fb06671ad1,2026-07-09T15:52:19.420,settlement,SETTLED,pacs.008,FAST,891.39,SGD,**************6886,GB,301
3eb13b90-4668-5257-bdd6-40fb06671ad1,2026-07-04T10:08:59.133,gateway,OK,pacs.008,CARDS,598.33,MYR,**************1537,SG,33
3eb13b90-4668-5257-bdd6-40fb06671ad1,2026-07-04T10:08:59.218,auth,OK,pacs.008,CARDS,598.33,MYR,**************1537,SG,52
3eb13b90-4668-5257-bdd6-40fb06671ad1,2026-07-04T10:08:59.285,validation,OK,pacs.008,CARDS,598.33,MYR,**************1537,SG,51
3eb13b90-4668-5257-bdd6-40fb06671ad1,2026-07-04T10:09:29.294,aml,OK,pacs.008,CARDS,598.33,MYR,**************1537,SG,226
3eb13b90-4668-5257-bdd6-40fb06671ad1,2026-07-04T10:09:29.545,payment-hub,OK,pacs.008,CARDS,598.33,MYR,**************1537,SG,30
3eb13b90-4668-5257-bdd6-40fb06671ad1,2026-07-04T10:09:29.797,core-banking,OK,pacs.008,CARDS,598.33,MYR,**************1537,SG,122
3eb13b90-4668-5257-bdd6-40fb06671ad1,2026-07-04T10:09:29.950,settlement,SETTLED,pacs.008,CARDS,598.33,MYR,**************1537,SG,263
3eb13b90-4668-5257-bdd6-40fb06671ad1,2026-07-15T04:29:58.257,gateway,OK,pacs.008,FAST,762.75,INR,**************3724,US,40
3eb13b90-4668-5257-bdd6-40fb06671ad1,2026-07-15T04:29:58.345,auth,OK,pacs.008,FAST,762.75,INR,**************3724,US,58
3eb13b90-4668-5257-bdd6-40fb06671ad1,2026-07-15T04:29:58.477,validation,OK,pacs.008,FAST,762.75,INR,**************3724,US,94
3eb13b90-4668-5257-bdd6-40fb06671ad1,2026-07-15T04:29:58.548,aml,OK,pacs.008,FAST,762.75,INR,**************3724,US,126
3eb13b90-4668-5257-bdd6-40fb06671ad1,2026-07-15T04:29:58.633,payment-hub,OK,pacs.008,FAST,762.75,INR,**************3724,US,35
3eb13b90-4668-5257-bdd6-40fb06671ad1,2026-07-15T04:29:58.666,core-banking,OK,pacs.008,FAST,762.75,INR,**************3724,US,84
3eb13b90-4668-5257-bdd6-40fb06671ad1,2026-07-15T04:29:58.825,settlement,SETTLED,pacs.008,FAST,762.75,INR,**************3724,US,351
3eb13b90-4668-5257-bdd6-40fb06671ad1,2026-07-05T19:12:10.022,gateway,OK,pacs.008,FAST,95.46,MYR,**************9903,SG,50
3eb13b90-4668-5257-bdd6-40fb06671ad1,2026-07-05T19:12:10.247,auth,OK,pacs.008,FAST,95.46,MYR,**************9903,SG,51
3eb13b90-4668-5257-bdd6-40fb06671ad1,2026-07-05T19:12:10.355,validation,OK,pacs.008,FAST,95.46,MYR,**************9903,SG,101
3eb13b90-4668-5257-bdd6-40fb06671ad1,2026-07-05T19:12:10.409,aml,TIMEOUT,pacs.008,FAST,95.46,MYR,**************9903,SG,30000
3eb13b90-4668-5257-bdd6-40fb06671ad1,2026-07-05T19:12:10.497,payment-hub,FAILED,pacs.008,FAST,95.46,MYR,**************9903,SG,88
3eb13b90-4668-5257-bdd6-40fb06671ad1,2026-07-05T09:27:23.263,gateway,OK,pacs.008,FAST,2202.74,SGD,**************7125,GB,41
3eb13b90-4668-5257-bdd6-40fb06671ad1,2026-07-05T09:27:23.347,auth,OK,pacs.008,FAST,2202.74,SGD,**************7125,GB,54
3eb13b90-4668-5257-bdd6-40fb06671ad1,2026-07-05T09:27:23.428,validation,OK,pacs.008,FAST,2202.74,SGD,**************7125,GB,33
3eb13b90-4668-5257-bdd6-40fb06671ad1,2026-07-05T09:27:23.484,aml,OK,pacs.008,FAST,2202.74,SGD,**************7125,GB,273
3eb13b90-4668-5257-bdd6-40fb06671ad1,2026-07-05T09:27:23.631,payment-hub,OK,pacs.008,FAST,2202.74,SGD,**************7125,GB,124
3eb13b90-4668-5257-bdd6-40fb06671ad1,2026-07-05T09:27:23.802,core-banking,OK,pacs.008,FAST,2202.74,SGD,**************7125,GB,166
3eb13b90-4668-5257-bdd6-40fb06671ad1,2026-07-05T09:27:53.840,settlement,SETTLED,pacs.008,FAST,2202.74,SGD,**************7125,GB,193
3eb13b90-4668-5257-bdd6-40fb06671ad1,2026-07-05T11:32:54.550,gateway,OK,pacs.008,FAST,2326.8,USD,**************1702,GB,35
3eb13b90-4668-5257-bdd6-40fb06671ad1,2026-07-05T11:32:54.769,auth,OK,pacs.008,FAST,2326.8,USD,**************1702,GB,46
3eb13b90-4668-5257-bdd6-40fb06671ad1,2026-07-05T11:32:54.819,validation,OK,pacs.008,FAST,2326.8,USD,**************1702,GB,33
3eb13b90-4668-5257-bdd6-40fb06671ad1,2026-07-05T11:32:54.904,aml,OK,pacs.008,FAST,2326.8,USD,**************1702,GB,183
3eb13b90-4668-5257-bdd6-40fb06671ad1,2026-07-05T11:32:54.958,payment-hub,OK,pacs.008,FAST,2326.8,USD,**************1702,GB,121
3eb13b90-4668-5257-bdd6-40fb06671ad1,2026-07-05T11:32:55.026,core-banking,OK,pacs.008,FAST,2326.8,USD,**************1702,GB,195
3eb13b90-4668-5257-bdd6-40fb06671ad1,2026-07-05T11:33:25.044,settlement,SETTLED,pacs.008,FAST,2326.8,USD,**************1702,GB,357
3eb13b90-4668-5257-bdd6-40fb06671ad1,2026-07-10T00:44:49.674,gateway,OK,MT103,FAST,6990.52,SGD,**************7412,SG,55
3eb13b90-4668-5257-bdd6-40fb06671ad1,2026-07-10T00:44:49.886,auth,OK,MT103,FAST,6990.52,SGD,**************7412,SG,86
3eb13b90-4668-5257-bdd6-40fb06671ad1,2026-07-10T00:44:49.982,validation,OK,MT103,FAST,6990.52,SGD,**************7412,SG,43
3eb13b90-4668-5257-bdd6-40fb06671ad1,2026-07-10T00:44:50.144,aml,OK,MT103,FAST,6990.52,SGD,**************7412,SG,294
3eb13b90-4668-5257-bdd6-40fb06671ad1,2026-07-10T00:44:50.217,payment-hub,OK,MT103,FAST,6990.52,SGD,**************7412,SG,32
3eb13b90-4668-5257-bdd6-40fb06671ad1,2026-07-10T00:44:50.352,core-banking,OK,MT103,FAST,6990.52,SGD,**************7412,SG,106
3eb13b90-4668-5257-bdd6-40fb06671ad1,2026-07-10T00:44:50.409,settlement,SETTLED,MT103,FAST,6990.52,SGD,**************7412,SG,208
3eb13b90-4668-5257-bdd6-40fb06671ad1,2026-07-15T03:17:59.521,gateway,OK,pacs.008,FAST,200.83,EUR,**************9753,SG,17
3eb13b90-4668-5257-bdd6-40fb06671ad1,2026-07-15T03:17:59.578,auth,OK,pacs.008,FAST,200.83,EUR,**************9753,SG,31
3eb13b90-4668-5257-bdd6-40fb06671ad1,2026-07-15T03:17:59.626,validation,OK,pacs.008,FAST,200.83,EUR,**************9753,SG,31
3eb13b90-4668-5257-bdd6-40fb06671ad1,2026-07-15T03:17:59.722,aml,OK,pacs.008,FAST,200.83,EUR,**************9753,SG,151
3eb13b90-4668-5257-bdd6-40fb06671ad1,2026-07-15T03:17:59.829,payment-hub,OK,pacs.008,FAST,200.83,EUR,**************9753,SG,115
3eb13b90-4668-5257-bdd6-40fb06671ad1,2026-07-15T03:17:59.964,core-banking,OK,pacs.008,FAST,200.83,EUR,**************9753,SG,182
3eb13b90-4668-5257-bdd6-40fb06671ad1,2026-07-15T03:18:00.027,settlement,SETTLED,pacs.008,FAST,200.83,EUR,**************9753,SG,136
3eb13b90-4668-5257-bdd6-40fb06671ad1,2026-07-04T02:19:08.369,gateway,OK,MT103,FAST,536.02,USD,**************7394,US,48
3eb13b90-4668-5257-bdd6-40fb06671ad1,2026-07-04T02:19:08.439,auth,OK,MT103,FAST,536.02,USD,**************7394,US,64
3eb13b90-4668-5257-bdd6-40fb06671ad1,2026-07-04T02:19:08.553,validation,OK,MT103,FAST,536.02,USD,**************7394,US,108
3eb13b90-4668-5257-bdd6-40fb06671ad1,2026-07-04T02:19:08.615,aml,OK,MT103,FAST,536.02,USD,**************7394,US,147
3eb13b90-4668-5257-bdd6-40fb06671ad1,2026-07-04T02:19:08.679,payment-hub,OK,MT103,FAST,536.02,USD,**************7394,US,58
3eb13b90-4668-5257-bdd6-40fb06671ad1,2026-07-04T02:19:08.817,core-banking,OK,MT103,FAST,536.02,USD,**************7394,US,53
3eb13b90-4668-5257-bdd6-40fb06671ad1,2026-07-04T02:19:08.898,settlement,SETTLED,MT103,FAST,536.02,USD,**************7394,US,143
3eb13b90-4668-5257-bdd6-40fb06671ad1,2026-07-13T07:26:19.484,gateway,OK,MT103,FAST,1541.53,USD,**************4952,MY,50
3eb13b90-4668-5257-bdd6-40fb06671ad1,2026-07-13T07:26:19.638,auth,OK,MT103,FAST,1541.53,USD,**************4952,MY,46
3eb13b90-4668-5257-bdd6-40fb06671ad1,2026-07-13T07:26:19.726,validation,OK,MT103,FAST,1541.53,USD,**************4952,MY,71
3eb13b90-4668-5257-bdd6-40fb06671ad1,2026-07-13T07:26:19.809,aml,OK,MT103,FAST,1541.53,USD,**************4952,MY,107
3eb13b90-4668-5257-bdd6-40fb06671ad1,2026-07-13T07:26:20.040,payment-hub,OK,MT103,FAST,1541.53,USD,**************4952,MY,147
3eb13b90-4668-5257-bdd6-40fb06671ad1,2026-07-13T07:26:20.164,core-banking,OK,MT103,FAST,1541.53,USD,**************4952,MY,127
3eb13b90-4668-5257-bdd6-40fb06671ad1,2026-07-13T07:26:20.311,settlement,SETTLED,MT103,FAST,1541.53,USD,**************4952,MY,102
3eb13b90-4668-5257-bdd6-40fb06671ad1,2026-07-10T23:39:40.500,gateway,OK,MT103,SWIFT,370.3,SGD,**************6509,GB,16
3eb13b90-4668-5257-bdd6-40fb06671ad1,2026-07-10T23:39:40.691,auth,OK,MT103,SWIFT,370.3,SGD,**************6509,GB,38
3eb13b90-4668-5257-bdd6-40fb06671ad1,2026-07-10T23:39:40.812,validation,OK,MT103,SWIFT,370.3,SGD,**************6509,GB,99
3eb13b90-4668-5257-bdd6-40fb06671ad1,2026-07-10T23:39:41.020,aml,OK,MT103,SWIFT,370.3,SGD,**************6509,GB,59
3eb13b90-4668-5257-bdd6-40fb06671ad1,2026-07-10T23:39:41.312,payment-hub,OK,MT103,SWIFT,370.3,SGD,**************6509,GB,102
3eb13b90-4668-5257-bdd6-40fb06671ad1,2026-07-10T23:39:41.368,core-banking,OK,MT103,SWIFT,370.3,SGD,**************6509,GB,151
3eb13b90-4668-5257-bdd6-40fb06671ad1,2026-07-10T23:39:41.412,settlement,SETTLED,MT103,SWIFT,370.3,SGD,**************6509,GB,341
3eb13b90-4668-5257-bdd6-40fb06671ad1,2026-07-10T03:32:48.180,gateway,OK,pacs.008,SWIFT,158.23,GBP,**************8598,MY,49
3eb13b90-4668-5257-bdd6-40fb06671ad1,2026-07-10T03:32:48.402,auth,OK,pacs.008,SWIFT,158.23,GBP,**************8598,MY,72
3eb13b90-4668-5257-bdd6-40fb06671ad1,2026-07-10T03:32:48.450,validation,OK,pacs.008,SWIFT,158.23,GBP,**************8598,MY,53
3eb13b90-4668-5257-bdd6-40fb06671ad1,2026-07-10T03:32:48.503,aml,OK,pacs.008,SWIFT,158.23,GBP,**************8598,MY,141
3eb13b90-4668-5257-bdd6-40fb06671ad1,2026-07-10T03:33:18.541,payment-hub,OK,pacs.008,SWIFT,158.23,GBP,**************8598,MY,127
3eb13b90-4668-5257-bdd6-40fb06671ad1,2026-07-10T03:33:18.681,core-banking,OK,pacs.008,SWIFT,158.23,GBP,**************8598,MY,234
3eb13b90-4668-5257-bdd6-40fb06671ad1,2026-07-10T03:33:18.738,settlement,SETTLED,pacs.008,SWIFT,158.23,GBP,**************8598,MY,355
3eb13b90-4668-5257-bdd6-40fb06671ad1,2026-07-13T08:30:53.064,gateway,OK,MT103,FAST,421.63,EUR,**************4347,SG,24
3eb13b90-4668-5257-bdd6-40fb06671ad1,2026-07-13T08:30:53.149,auth,OK,MT103,FAST,421.63,EUR,**************4347,SG,66
3eb13b90-4668-5257-bdd6-40fb06671ad1,2026-07-13T08:30:53.234,validation,OK,MT103,FAST,421.63,EUR,**************4347,SG,98
3eb13b90-4668-5257-bdd6-40fb06671ad1,2026-07-13T08:30:53.536,aml,TIMEOUT,MT103,FAST,421.63,EUR,**************4347,SG,30000
3eb13b90-4668-5257-bdd6-40fb06671ad1,2026-07-13T08:30:53.651,payment-hub,FAILED,MT103,FAST,421.63,EUR,**************4347,SG,87
3eb13b90-4668-5257-bdd6-40fb06671ad1,2026-07-15T04:03:57.300,gateway,OK,pacs.008,FAST,649.17,SGD,**************2553,SG,27
3eb13b90-4668-5257-bdd6-40fb06671ad1,2026-07-15T04:03:57.343,auth,OK,pacs.008,FAST,649.17,SGD,**************2553,SG,43
3eb13b90-4668-5257-bdd6-40fb06671ad1,2026-07-15T04:03:57.411,validation,OK,pacs.008,FAST,649.17,SGD,**************2553,SG,113
3eb13b90-4668-5257-bdd6-40fb06671ad1,2026-07-15T04:03:57.494,aml,OK,pacs.008,FAST,649.17,SGD,**************2553,SG,200
3eb13b90-4668-5257-bdd6-40fb06671ad1,2026-07-15T04:03:57.561,payment-hub,OK,pacs.008,FAST,649.17,SGD,**************2553,SG,39
3eb13b90-4668-5257-bdd6-40fb06671ad1,2026-07-15T04:03:57.639,core-banking,OK,pacs.008,FAST,649.17,SGD,**************2553,SG,140
3eb13b90-4668-5257-bdd6-40fb06671ad1,2026-07-15T04:03:57.680,settlement,SETTLED,pacs.008,FAST,649.17,SGD,**************2553,SG,166
3eb13b90-4668-5257-bdd6-40fb06671ad1,2026-07-11T05:31:40.534,gateway,OK,MT103,CARDS,174.05,USD,**************2743,SG,48
3eb13b90-4668-5257-bdd6-40fb06671ad1,2026-07-11T05:31:40.823,auth,OK,MT103,CARDS,174.05,USD,**************2743,SG,44
3eb13b90-4668-5257-bdd6-40fb06671ad1,2026-07-11T05:31:40.964,validation,OK,MT103,CARDS,174.05,USD,**************2743,SG,41
3eb13b90-4668-5257-bdd6-40fb06671ad1,2026-07-11T05:31:41.225,aml,OK,MT103,CARDS,174.05,USD,**************2743,SG,113
3eb13b90-4668-5257-bdd6-40fb06671ad1,2026-07-11T05:31:41.540,payment-hub,OK,MT103,CARDS,174.05,USD,**************2743,SG,78
3eb13b90-4668-5257-bdd6-40fb06671ad1,2026-07-11T05:31:41.619,core-banking,OK,MT103,CARDS,174.05,USD,**************2743,SG,119
3eb13b90-4668-5257-bdd6-40fb06671ad1,2026-07-11T05:31:41.681,settlement,SETTLED,MT103,CARDS,174.05,USD,**************2743,SG,345
3eb13b90-4668-5257-bdd6-40fb06671ad1,2026-07-06T08:55:19.480,gateway,OK,MT103,FAST,768.86,USD,**************9515,SG,46
3eb13b90-4668-5257-bdd6-40fb06671ad1,2026-07-06T08:55:19.628,auth,OK,MT103,FAST,768.86,USD,**************9515,SG,20
3eb13b90-4668-5257-bdd6-40fb06671ad1,2026-07-06T08:55:19.693,validation,OK,MT103,FAST,768.86,USD,**************9515,SG,58
3eb13b90-4668-5257-bdd6-40fb06671ad1,2026-07-06T08:55:19.795,aml,OK,MT103,FAST,768.86,USD,**************9515,SG,71
3eb13b90-4668-5257-bdd6-40fb06671ad1,2026-07-06T08:55:19.849,payment-hub,OK,MT103,FAST,768.86,USD,**************9515,SG,52
3eb13b90-4668-5257-bdd6-40fb06671ad1,2026-07-06T08:55:19.991,core-banking,OK,MT103,FAST,768.86,USD,**************9515,SG,177
3eb13b90-4668-5257-bdd6-40fb06671ad1,2026-07-06T08:55:20.108,settlement,SETTLED,MT103,FAST,768.86,USD,**************9515,SG,161
3eb13b90-4668-5257-bdd6-40fb06671ad1,2026-07-10T05:51:13.921,gateway,OK,MT103,CARDS,89.24,USD,**************0785,US,24
3eb13b90-4668-5257-bdd6-40fb06671ad1,2026-07-10T05:51:14.017,auth,OK,MT103,CARDS,89.24,USD,**************0785,US,81
3eb13b90-4668-5257-bdd6-40fb06671ad1,2026-07-10T05:51:14.117,validation,OK,MT103,CARDS,89.24,USD,**************0785,US,34
3eb13b90-4668-5257-bdd6-40fb06671ad1,2026-07-10T05:51:14.161,aml,OK,MT103,CARDS,89.24,USD,**************0785,US,224
3eb13b90-4668-5257-bdd6-40fb06671ad1,2026-07-10T05:51:14.225,payment-hub,OK,MT103,CARDS,89.24,USD,**************0785,US,128
3eb13b90-4668-5257-bdd6-40fb06671ad1,2026-07-10T05:51:14.264,core-banking,OK,MT103,CARDS,89.24,USD,**************0785,US,82
3eb13b90-4668-5257-bdd6-40fb06671ad1,2026-07-10T05:51:14.490,settlement,SETTLED,MT103,CARDS,89.24,USD,**************0785,US,81
3eb13b90-4668-5257-bdd6-40fb06671ad1,2026-07-13T16:15:21.137,gateway,OK,MT103,SWIFT,160.93,SGD,**************2523,SG,60
3eb13b90-4668-5257-bdd6-40fb06671ad1,2026-07-13T16:15:21.251,auth,OK,MT103,SWIFT,160.93,SGD,**************2523,SG,43
3eb13b90-4668-5257-bdd6-40fb06671ad1,2026-07-13T16:15:21.417,validation,OK,MT103,SWIFT,160.93,SGD,**************2523,SG,106
3eb13b90-4668-5257-bdd6-40fb06671ad1,2026-07-13T16:15:21.517,aml,OK,MT103,SWIFT,160.93,SGD,**************2523,SG,91
3eb13b90-4668-5257-bdd6-40fb06671ad1,2026-07-13T16:15:21.590,payment-hub,OK,MT103,SWIFT,160.93,SGD,**************2523,SG,30
3eb13b90-4668-5257-bdd6-40fb06671ad1,2026-07-13T16:15:21.682,core-banking,OK,MT103,SWIFT,160.93,SGD,**************2523,SG,107
3eb13b90-4668-5257-bdd6-40fb06671ad1,2026-07-13T16:15:21.817,settlement,SETTLED,MT103,SWIFT,160.93,SGD,**************2523,SG,163
3eb13b90-4668-5257-bdd6-40fb06671ad1,2026-07-09T13:22:22.571,gateway,OK,0200,FAST,5719.08,MYR,**************2482,SG,60
3eb13b90-4668-5257-bdd6-40fb06671ad1,2026-07-09T13:22:22.714,auth,OK,0200,FAST,5719.08,MYR,**************2482,SG,90
3eb13b90-4668-5257-bdd6-40fb06671ad1,2026-07-09T13:22:22.793,validation,OK,0200,FAST,5719.08,MYR,**************2482,SG,59
3eb13b90-4668-5257-bdd6-40fb06671ad1,2026-07-09T13:22:22.836,aml,OK,0200,FAST,5719.08,MYR,**************2482,SG,103
3eb13b90-4668-5257-bdd6-40fb06671ad1,2026-07-09T13:22:23.081,payment-hub,OK,0200,FAST,5719.08,MYR,**************2482,SG,89
3eb13b90-4668-5257-bdd6-40fb06671ad1,2026-07-09T13:22:23.161,core-banking,OK,0200,FAST,5719.08,MYR,**************2482,SG,137
3eb13b90-4668-5257-bdd6-40fb06671ad1,2026-07-09T13:22:23.233,settlement,SETTLED,0200,FAST,5719.08,MYR,**************2482,SG,386
3eb13b90-4668-5257-bdd6-40fb06671ad1,2026-07-13T06:31:54.794,gateway,OK,MT103,FAST,518.8,USD,**************6394,US,21
3eb13b90-4668-5257-bdd6-40fb06671ad1,2026-07-13T06:31:54.854,auth,OK,MT103,FAST,518.8,USD,**************6394,US,82
3eb13b90-4668-5257-bdd6-40fb06671ad1,2026-07-13T06:31:55.126,validation,OK,MT103,FAST,518.8,USD,**************6394,US,38
3eb13b90-4668-5257-bdd6-40fb06671ad1,2026-07-13T06:31:55.194,aml,OK,MT103,FAST,518.8,USD,**************6394,US,274
3eb13b90-4668-5257-bdd6-40fb06671ad1,2026-07-13T06:31:55.368,payment-hub,OK,MT103,FAST,518.8,USD,**************6394,US,86
3eb13b90-4668-5257-bdd6-40fb06671ad1,2026-07-13T06:31:55.498,core-banking,OK,MT103,FAST,518.8,USD,**************6394,US,204
3eb13b90-4668-5257-bdd6-40fb06671ad1,2026-07-13T06:31:55.544,settlement,SETTLED,MT103,FAST,518.8,USD,**************6394,US,313
3eb13b90-4668-5257-bdd6-40fb06671ad1,2026-07-05T07:07:58.651,gateway,OK,pacs.008,FAST,691.97,SGD,**************7359,SG,24
3eb13b90-4668-5257-bdd6-40fb06671ad1,2026-07-05T07:07:58.752,auth,OK,pacs.008,FAST,691.97,SGD,**************7359,SG,20
3eb13b90-4668-5257-bdd6-40fb06671ad1,2026-07-05T07:07:58.831,validation,OK,pacs.008,FAST,691.97,SGD,**************7359,SG,106
3eb13b90-4668-5257-bdd6-40fb06671ad1,2026-07-05T07:07:59.043,aml,OK,pacs.008,FAST,691.97,SGD,**************7359,SG,285
3eb13b90-4668-5257-bdd6-40fb06671ad1,2026-07-05T07:07:59.084,payment-hub,OK,pacs.008,FAST,691.97,SGD,**************7359,SG,140
3eb13b90-4668-5257-bdd6-40fb06671ad1,2026-07-05T07:08:29.104,core-banking,OK,pacs.008,FAST,691.97,SGD,**************7359,SG,231
3eb13b90-4668-5257-bdd6-40fb06671ad1,2026-07-05T07:08:29.359,settlement,SETTLED,pacs.008,FAST,691.97,SGD,**************7359,SG,363
3eb13b90-4668-5257-bdd6-40fb06671ad1,2026-07-09T14:41:52.144,gateway,OK,pacs.008,FAST,836.04,SGD,**************0335,SG,20
3eb13b90-4668-5257-bdd6-40fb06671ad1,2026-07-09T14:41:52.348,auth,OK,pacs.008,FAST,836.04,SGD,**************0335,SG,53
3eb13b90-4668-5257-bdd6-40fb06671ad1,2026-07-09T14:41:52.520,validation,OK,pacs.008,FAST,836.04,SGD,**************0335,SG,95
3eb13b90-4668-5257-bdd6-40fb06671ad1,2026-07-09T14:41:52.602,aml,OK,pacs.008,FAST,836.04,SGD,**************0335,SG,281
3eb13b90-4668-5257-bdd6-40fb06671ad1,2026-07-09T14:41:52.705,payment-hub,OK,pacs.008,FAST,836.04,SGD,**************0335,SG,100
3eb13b90-4668-5257-bdd6-40fb06671ad1,2026-07-09T14:41:52.882,core-banking,OK,pacs.008,FAST,836.04,SGD,**************0335,SG,212
3eb13b90-4668-5257-bdd6-40fb06671ad1,2026-07-09T14:41:52.960,settlement,SETTLED,pacs.008,FAST,836.04,SGD,**************0335,SG,353
3eb13b90-4668-5257-bdd6-40fb06671ad1,2026-07-05T11:32:29.450,gateway,OK,pacs.008,FAST,79.08,SGD,**************3115,US,38
3eb13b90-4668-5257-bdd6-40fb06671ad1,2026-07-05T11:32:29.606,auth,OK,pacs.008,FAST,79.08,SGD,**************3115,US,76
3eb13b90-4668-5257-bdd6-40fb06671ad1,2026-07-05T11:32:29.684,validation,OK,pacs.008,FAST,79.08,SGD,**************3115,US,32
3eb13b90-4668-5257-bdd6-40fb06671ad1,2026-07-05T11:32:29.723,aml,OK,pacs.008,FAST,79.08,SGD,**************3115,US,107
3eb13b90-4668-5257-bdd6-40fb06671ad1,2026-07-05T11:32:29.767,payment-hub,OK,pacs.008,FAST,79.08,SGD,**************3115,US,90
3eb13b90-4668-5257-bdd6-40fb06671ad1,2026-07-05T11:32:29.828,core-banking,OK,pacs.008,FAST,79.08,SGD,**************3115,US,205
3eb13b90-4668-5257-bdd6-40fb06671ad1,2026-07-05T11:32:29.949,settlement,SETTLED,pacs.008,FAST,79.08,SGD,**************3115,US,68
3eb13b90-4668-5257-bdd6-40fb06671ad1,2026-07-11T00:13:40.989,gateway,OK,pacs.008,FAST,738.91,SGD,**************4635,MY,24
3eb13b90-4668-5257-bdd6-40fb06671ad1,2026-07-11T00:13:41.299,auth,OK,pacs.008,FAST,738.91,SGD,**************4635,MY,90
3eb13b90-4668-5257-bdd6-40fb06671ad1,2026-07-11T00:13:41.482,validation,OK,pacs.008,FAST,738.91,SGD,**************4635,MY,40
3eb13b90-4668-5257-bdd6-40fb06671ad1,2026-07-11T00:13:41.795,aml,OK,pacs.008,FAST,738.91,SGD,**************4635,MY,60
3eb13b90-4668-5257-bdd6-40fb06671ad1,2026-07-11T00:13:41.861,payment-hub,OK,pacs.008,FAST,738.91,SGD,**************4635,MY,42
3eb13b90-4668-5257-bdd6-40fb06671ad1,2026-07-11T00:13:41.893,core-banking,OK,pacs.008,FAST,738.91,SGD,**************4635,MY,177
3eb13b90-4668-5257-bdd6-40fb06671ad1,2026-07-11T00:13:42.006,settlement,SETTLED,pacs.008,FAST,738.91,SGD,**************4635,MY,91
3eb13b90-4668-5257-bdd6-40fb06671ad1,2026-07-13T06:35:02.363,gateway,OK,MT103,FAST,4750.05,USD,**************6033,GB,26
3eb13b90-4668-5257-bdd6-40fb06671ad1,2026-07-13T06:35:32.374,auth,OK,MT103,FAST,4750.05,USD,**************6033,GB,40
3eb13b90-4668-5257-bdd6-40fb06671ad1,2026-07-13T06:35:32.426,validation,OK,MT103,FAST,4750.05,USD,**************6033,GB,35
3eb13b90-4668-5257-bdd6-40fb06671ad1,2026-07-13T06:36:02.460,aml,OK,MT103,FAST,4750.05,USD,**************6033,GB,115
3eb13b90-4668-5257-bdd6-40fb06671ad1,2026-07-13T06:36:02.505,payment-hub,OK,MT103,FAST,4750.05,USD,**************6033,GB,94
3eb13b90-4668-5257-bdd6-40fb06671ad1,2026-07-13T06:36:02.598,core-banking,OK,MT103,FAST,4750.05,USD,**************6033,GB,159
3eb13b90-4668-5257-bdd6-40fb06671ad1,2026-07-13T06:36:02.916,settlement,SETTLED,MT103,FAST,4750.05,USD,**************6033,GB,97
3eb13b90-4668-5257-bdd6-40fb06671ad1,2026-07-05T08:00:07.434,gateway,OK,MT103,SWIFT,990.76,SGD,**************0971,IN,60
3eb13b90-4668-5257-bdd6-40fb06671ad1,2026-07-05T08:00:07.501,auth,OK,MT103,SWIFT,990.76,SGD,**************0971,IN,42
3eb13b90-4668-5257-bdd6-40fb06671ad1,2026-07-05T08:00:07.606,validation,OK,MT103,SWIFT,990.76,SGD,**************0971,IN,46
3eb13b90-4668-5257-bdd6-40fb06671ad1,2026-07-05T08:00:07.698,aml,OK,MT103,SWIFT,990.76,SGD,**************0971,IN,47
3eb13b90-4668-5257-bdd6-40fb06671ad1,2026-07-05T08:00:07.754,payment-hub,OK,MT103,SWIFT,990.76,SGD,**************0971,IN,83
3eb13b90-4668-5257-bdd6-40fb06671ad1,2026-07-05T08:00:07.832,core-banking,OK,MT103,SWIFT,990.76,SGD,**************0971,IN,66
3eb13b90-4668-5257-bdd6-40fb06671ad1,2026-07-05T08:00:07.890,settlement,SETTLED,MT103,SWIFT,990.76,SGD,**************0971,IN,363
3eb13b90-4668-5257-bdd6-40fb06671ad1,2026-07-08T18:17:40.354,gateway,OK,pacs.008,CARDS,5221.95,SGD,**************4891,SG,46
3eb13b90-4668-5257-bdd6-40fb06671ad1,2026-07-08T18:17:40.492,auth,OK,pacs.008,CARDS,5221.95,SGD,**************4891,SG,90
3eb13b90-4668-5257-bdd6-40fb06671ad1,2026-07-08T18:17:40.535,validation,OK,pacs.008,CARDS,5221.95,SGD,**************4891,SG,33
3eb13b90-4668-5257-bdd6-40fb06671ad1,2026-07-08T18:17:40.593,aml,OK,pacs.008,CARDS,5221.95,SGD,**************4891,SG,221
3eb13b90-4668-5257-bdd6-40fb06671ad1,2026-07-08T18:17:40.734,payment-hub,OK,pacs.008,CARDS,5221.95,SGD,**************4891,SG,124
3eb13b90-4668-5257-bdd6-40fb06671ad1,2026-07-08T18:17:40.780,core-banking,OK,pacs.008,CARDS,5221.95,SGD,**************4891,SG,174
3eb13b90-4668-5257-bdd6-40fb06671ad1,2026-07-08T18:17:40.864,settlement,SETTLED,pacs.008,CARDS,5221.95,SGD,**************4891,SG,348
3eb13b90-4668-5257-bdd6-40fb06671ad1,2026-07-05T03:43:45.985,gateway,OK,MT103,SWIFT,184.32,SGD,**************0309,SG,18
3eb13b90-4668-5257-bdd6-40fb06671ad1,2026-07-05T03:43:46.247,auth,OK,MT103,SWIFT,184.32,SGD,**************0309,SG,26
3eb13b90-4668-5257-bdd6-40fb06671ad1,2026-07-05T03:43:46.288,validation,OK,MT103,SWIFT,184.32,SGD,**************0309,SG,44
3eb13b90-4668-5257-bdd6-40fb06671ad1,2026-07-05T03:43:46.456,aml,TIMEOUT,MT103,SWIFT,184.32,SGD,**************0309,SG,30000
3eb13b90-4668-5257-bdd6-40fb06671ad1,2026-07-05T03:43:46.537,payment-hub,FAILED,MT103,SWIFT,184.32,SGD,**************0309,SG,33
3eb13b90-4668-5257-bdd6-40fb06671ad1,2026-07-15T03:14:58.848,gateway,OK,pacs.008,FAST,828.12,SGD,**************4379,SG,46
3eb13b90-4668-5257-bdd6-40fb06671ad1,2026-07-15T03:14:58.978,auth,OK,pacs.008,FAST,828.12,SGD,**************4379,SG,32
3eb13b90-4668-5257-bdd6-40fb06671ad1,2026-07-15T03:14:59.037,validation,OK,pacs.008,FAST,828.12,SGD,**************4379,SG,104
3eb13b90-4668-5257-bdd6-40fb06671ad1,2026-07-15T03:14:59.116,aml,OK,pacs.008,FAST,828.12,SGD,**************4379,SG,262
3eb13b90-4668-5257-bdd6-40fb06671ad1,2026-07-15T03:14:59.253,payment-hub,OK,pacs.008,FAST,828.12,SGD,**************4379,SG,88
3eb13b90-4668-5257-bdd6-40fb06671ad1,2026-07-15T03:14:59.310,core-banking,OK,pacs.008,FAST,828.12,SGD,**************4379,SG,63
3eb13b90-4668-5257-bdd6-40fb06671ad1,2026-07-15T03:15:29.320,settlement,SETTLED,pacs.008,FAST,828.12,SGD,**************4379,SG,96
3eb13b90-4668-5257-bdd6-40fb06671ad1,2026-07-11T16:50:25.491,gateway,OK,pacs.008,FAST,112.33,SGD,**************1378,GB,56
3eb13b90-4668-5257-bdd6-40fb06671ad1,2026-07-11T16:50:25.755,auth,OK,pacs.008,FAST,112.33,SGD,**************1378,GB,55
3eb13b90-4668-5257-bdd6-40fb06671ad1,2026-07-11T16:50:25.910,validation,OK,pacs.008,FAST,112.33,SGD,**************1378,GB,87
3eb13b90-4668-5257-bdd6-40fb06671ad1,2026-07-11T16:50:25.957,aml,OK,pacs.008,FAST,112.33,SGD,**************1378,GB,162
3eb13b90-4668-5257-bdd6-40fb06671ad1,2026-07-11T16:50:26.068,payment-hub,OK,pacs.008,FAST,112.33,SGD,**************1378,GB,139
3eb13b90-4668-5257-bdd6-40fb06671ad1,2026-07-11T16:50:26.324,core-banking,OK,pacs.008,FAST,112.33,SGD,**************1378,GB,76
3eb13b90-4668-5257-bdd6-40fb06671ad1,2026-07-11T16:50:26.645,settlement,SETTLED,pacs.008,FAST,112.33,SGD,**************1378,GB,201
3eb13b90-4668-5257-bdd6-40fb06671ad1,2026-07-13T23:19:45.427,gateway,OK,MT103,SWIFT,740.01,SGD,**************5311,SG,16
3eb13b90-4668-5257-bdd6-40fb06671ad1,2026-07-13T23:19:45.503,auth,OK,MT103,SWIFT,740.01,SGD,**************5311,SG,66
3eb13b90-4668-5257-bdd6-40fb06671ad1,2026-07-13T23:19:45.632,validation,REJECTED,MT103,SWIFT,740.01,SGD,**************5311,SG,47
3eb13b90-4668-5257-bdd6-40fb06671ad1,2026-07-01T16:10:18.612,gateway,OK,pacs.008,FAST,406.62,USD,**************1950,SG,38
3eb13b90-4668-5257-bdd6-40fb06671ad1,2026-07-01T16:10:18.688,auth,OK,pacs.008,FAST,406.62,USD,**************1950,SG,58
3eb13b90-4668-5257-bdd6-40fb06671ad1,2026-07-01T16:10:18.785,validation,REJECTED,pacs.008,FAST,406.62,USD,**************1950,SG,96
3eb13b90-4668-5257-bdd6-40fb06671ad1,2026-07-09T14:56:53.097,gateway,OK,pacs.008,FAST,385.26,SGD,**************9774,SG,21
3eb13b90-4668-5257-bdd6-40fb06671ad1,2026-07-09T14:56:53.153,auth,OK,pacs.008,FAST,385.26,SGD,**************9774,SG,25
3eb13b90-4668-5257-bdd6-40fb06671ad1,2026-07-09T14:56:53.258,validation,OK,pacs.008,FAST,385.26,SGD,**************9774,SG,32
3eb13b90-4668-5257-bdd6-40fb06671ad1,2026-07-09T14:56:53.430,aml,OK,pacs.008,FAST,385.26,SGD,**************9774,SG,271
3eb13b90-4668-5257-bdd6-40fb06671ad1,2026-07-09T14:56:53.550,payment-hub,OK,pacs.008,FAST,385.26,SGD,**************9774,SG,134
3eb13b90-4668-5257-bdd6-40fb06671ad1,2026-07-09T14:56:53.849,core-banking,OK,pacs.008,FAST,385.26,SGD,**************9774,SG,204
3eb13b90-4668-5257-bdd6-40fb06671ad1,2026-07-09T14:56:53.907,settlement,SETTLED,pacs.008,FAST,385.26,SGD,**************9774,SG,284
3eb13b90-4668-5257-bdd6-40fb06671ad1,2026-07-12T03:39:32.877,gateway,OK,0200,FAST,4985.45,SGD,**************1128,HK,22
3eb13b90-4668-5257-bdd6-40fb06671ad1,2026-07-12T03:39:33.006,auth,OK,0200,FAST,4985.45,SGD,**************1128,HK,22
3eb13b90-4668-5257-bdd6-40fb06671ad1,2026-07-12T03:39:33.089,validation,OK,0200,FAST,4985.45,SGD,**************1128,HK,69
3eb13b90-4668-5257-bdd6-40fb06671ad1,2026-07-12T03:39:33.209,aml,OK,0200,FAST,4985.45,SGD,**************1128,HK,229
3eb13b90-4668-5257-bdd6-40fb06671ad1,2026-07-12T03:39:33.381,payment-hub,OK,0200,FAST,4985.45,SGD,**************1128,HK,36
3eb13b90-4668-5257-bdd6-40fb06671ad1,2026-07-12T03:39:33.490,core-banking,OK,0200,FAST,4985.45,SGD,**************1128,HK,80
3eb13b90-4668-5257-bdd6-40fb06671ad1,2026-07-12T03:39:33.551,settlement,SETTLED,0200,FAST,4985.45,SGD,**************1128,HK,351
3eb13b90-4668-5257-bdd6-40fb06671ad1,2026-07-15T04:05:39.034,gateway,OK,MT103,SWIFT,6934.14,USD,**************2987,SG,38
3eb13b90-4668-5257-bdd6-40fb06671ad1,2026-07-15T04:05:39.150,auth,OK,MT103,SWIFT,6934.14,USD,**************2987,SG,31
3eb13b90-4668-5257-bdd6-40fb06671ad1,2026-07-15T04:05:39.361,validation,OK,MT103,SWIFT,6934.14,USD,**************2987,SG,84
3eb13b90-4668-5257-bdd6-40fb06671ad1,2026-07-15T04:05:39.504,aml,OK,MT103,SWIFT,6934.14,USD,**************2987,SG,225
3eb13b90-4668-5257-bdd6-40fb06671ad1,2026-07-15T04:05:39.766,payment-hub,OK,MT103,SWIFT,6934.14,USD,**************2987,SG,44
3eb13b90-4668-5257-bdd6-40fb06671ad1,2026-07-15T04:05:39.856,core-banking,OK,MT103,SWIFT,6934.14,USD,**************2987,SG,74
3eb13b90-4668-5257-bdd6-40fb06671ad1,2026-07-15T04:05:39.919,settlement,SETTLED,MT103,SWIFT,6934.14,USD,**************2987,SG,310
3eb13b90-4668-5257-bdd6-40fb06671ad1,2026-07-07T21:54:15.846,gateway,OK,pacs.008,SWIFT,2189.38,SGD,**************6897,MY,29
3eb13b90-4668-5257-bdd6-40fb06671ad1,2026-07-07T21:54:16.097,auth,OK,pacs.008,SWIFT,2189.38,SGD,**************6897,MY,38
3eb13b90-4668-5257-bdd6-40fb06671ad1,2026-07-07T21:54:16.237,validation,OK,pacs.008,SWIFT,2189.38,SGD,**************6897,MY,109
3eb13b90-4668-5257-bdd6-40fb06671ad1,2026-07-07T21:54:16.307,aml,OK,pacs.008,SWIFT,2189.38,SGD,**************6897,MY,121
3eb13b90-4668-5257-bdd6-40fb06671ad1,2026-07-07T21:54:16.412,payment-hub,OK,pacs.008,SWIFT,2189.38,SGD,**************6897,MY,111
3eb13b90-4668-5257-bdd6-40fb06671ad1,2026-07-07T21:54:16.484,core-banking,OK,pacs.008,SWIFT,2189.38,SGD,**************6897,MY,83
3eb13b90-4668-5257-bdd6-40fb06671ad1,2026-07-07T21:54:16.550,settlement,SETTLED,pacs.008,SWIFT,2189.38,SGD,**************6897,MY,263
3eb13b90-4668-5257-bdd6-40fb06671ad1,2026-07-05T02:03:22.739,gateway,OK,0200,SWIFT,27.94,SGD,**************9323,US,56
3eb13b90-4668-5257-bdd6-40fb06671ad1,2026-07-05T02:03:22.842,auth,OK,0200,SWIFT,27.94,SGD,**************9323,US,69
3eb13b90-4668-5257-bdd6-40fb06671ad1,2026-07-05T02:03:22.951,validation,OK,0200,SWIFT,27.94,SGD,**************9323,US,97
3eb13b90-4668-5257-bdd6-40fb06671ad1,2026-07-05T02:03:23.125,aml,OK,0200,SWIFT,27.94,SGD,**************9323,US,261
3eb13b90-4668-5257-bdd6-40fb06671ad1,2026-07-05T02:03:23.163,payment-hub,OK,0200,SWIFT,27.94,SGD,**************9323,US,139
3eb13b90-4668-5257-bdd6-40fb06671ad1,2026-07-05T02:03:23.259,core-banking,OK,0200,SWIFT,27.94,SGD,**************9323,US,85
3eb13b90-4668-5257-bdd6-40fb06671ad1,2026-07-05T02:03:23.366,settlement,SETTLED,0200,SWIFT,27.94,SGD,**************9323,US,69
3eb13b90-4668-5257-bdd6-40fb06671ad1,2026-07-13T04:41:27.584,gateway,OK,pacs.008,FAST,155.04,EUR,**************8629,SG,45
3eb13b90-4668-5257-bdd6-40fb06671ad1,2026-07-13T04:41:27.657,auth,OK,pacs.008,FAST,155.04,EUR,**************8629,SG,77
3eb13b90-4668-5257-bdd6-40fb06671ad1,2026-07-13T04:41:27.735,validation,OK,pacs.008,FAST,155.04,EUR,**************8629,SG,29
3eb13b90-4668-5257-bdd6-40fb06671ad1,2026-07-13T04:41:27.901,aml,OK,pacs.008,FAST,155.04,EUR,**************8629,SG,204
3eb13b90-4668-5257-bdd6-40fb06671ad1,2026-07-13T04:41:27.995,payment-hub,OK,pacs.008,FAST,155.04,EUR,**************8629,SG,106
3eb13b90-4668-5257-bdd6-40fb06671ad1,2026-07-13T04:41:28.092,core-banking,OK,pacs.008,FAST,155.04,EUR,**************8629,SG,211
3eb13b90-4668-5257-bdd6-40fb06671ad1,2026-07-13T04:41:28.156,settlement,SETTLED,pacs.008,FAST,155.04,EUR,**************8629,SG,332
3eb13b90-4668-5257-bdd6-40fb06671ad1,2026-07-03T12:26:57.165,gateway,OK,MT103,SWIFT,1715.31,USD,**************2186,SG,55
3eb13b90-4668-5257-bdd6-40fb06671ad1,2026-07-03T12:26:57.275,auth,OK,MT103,SWIFT,1715.31,USD,**************2186,SG,28
3eb13b90-4668-5257-bdd6-40fb06671ad1,2026-07-03T12:26:57.336,validation,OK,MT103,SWIFT,1715.31,USD,**************2186,SG,94
3eb13b90-4668-5257-bdd6-40fb06671ad1,2026-07-03T12:26:57.418,aml,OK,MT103,SWIFT,1715.31,USD,**************2186,SG,52
3eb13b90-4668-5257-bdd6-40fb06671ad1,2026-07-03T12:26:57.487,payment-hub,OK,MT103,SWIFT,1715.31,USD,**************2186,SG,75
3eb13b90-4668-5257-bdd6-40fb06671ad1,2026-07-03T12:26:57.563,core-banking,OK,MT103,SWIFT,1715.31,USD,**************2186,SG,231
3eb13b90-4668-5257-bdd6-40fb06671ad1,2026-07-03T12:26:57.664,settlement,SETTLED,MT103,SWIFT,1715.31,USD,**************2186,SG,243
3eb13b90-4668-5257-bdd6-40fb06671ad1,2026-07-07T11:42:13.737,gateway,OK,MT103,FAST,445.65,USD,**************7025,SG,34
3eb13b90-4668-5257-bdd6-40fb06671ad1,2026-07-07T11:42:13.830,auth,OK,MT103,FAST,445.65,USD,**************7025,SG,90
3eb13b90-4668-5257-bdd6-40fb06671ad1,2026-07-07T11:42:13.921,validation,OK,MT103,FAST,445.65,USD,**************7025,SG,63
3eb13b90-4668-5257-bdd6-40fb06671ad1,2026-07-07T11:42:14.015,aml,OK,MT103,FAST,445.65,USD,**************7025,SG,118
3eb13b90-4668-5257-bdd6-40fb06671ad1,2026-07-07T11:42:14.224,payment-hub,OK,MT103,FAST,445.65,USD,**************7025,SG,39
3eb13b90-4668-5257-bdd6-40fb06671ad1,2026-07-07T11:42:14.318,core-banking,OK,MT103,FAST,445.65,USD,**************7025,SG,86
3eb13b90-4668-5257-bdd6-40fb06671ad1,2026-07-07T11:42:14.369,settlement,SETTLED,MT103,FAST,445.65,USD,**************7025,SG,270
3eb13b90-4668-5257-bdd6-40fb06671ad1,2026-07-15T00:47:30.965,gateway,OK,0200,FAST,94.42,SGD,**************9786,SG,50
3eb13b90-4668-5257-bdd6-40fb06671ad1,2026-07-15T00:47:31.188,auth,OK,0200,FAST,94.42,SGD,**************9786,SG,88
3eb13b90-4668-5257-bdd6-40fb06671ad1,2026-07-15T00:47:31.231,validation,OK,0200,FAST,94.42,SGD,**************9786,SG,59
3eb13b90-4668-5257-bdd6-40fb06671ad1,2026-07-15T00:47:31.357,aml,OK,0200,FAST,94.42,SGD,**************9786,SG,259
3eb13b90-4668-5257-bdd6-40fb06671ad1,2026-07-15T00:47:31.429,payment-hub,OK,0200,FAST,94.42,SGD,**************9786,SG,44
3eb13b90-4668-5257-bdd6-40fb06671ad1,2026-07-15T00:47:31.523,core-banking,OK,0200,FAST,94.42,SGD,**************9786,SG,152
3eb13b90-4668-5257-bdd6-40fb06671ad1,2026-07-15T00:47:31.610,settlement,SETTLED,0200,FAST,94.42,SGD,**************9786,SG,180
3eb13b90-4668-5257-bdd6-40fb06671ad1,2026-07-11T14:10:31.488,gateway,OK,MT103,FAST,101.46,SGD,**************8548,SG,20
3eb13b90-4668-5257-bdd6-40fb06671ad1,2026-07-11T14:10:31.522,auth,OK,MT103,FAST,101.46,SGD,**************8548,SG,42
3eb13b90-4668-5257-bdd6-40fb06671ad1,2026-07-11T14:10:31.645,validation,OK,MT103,FAST,101.46,SGD,**************8548,SG,88
3eb13b90-4668-5257-bdd6-40fb06671ad1,2026-07-11T14:10:31.686,aml,OK,MT103,FAST,101.46,SGD,**************8548,SG,110
3eb13b90-4668-5257-bdd6-40fb06671ad1,2026-07-11T14:10:31.733,payment-hub,OK,MT103,FAST,101.46,SGD,**************8548,SG,113
3eb13b90-4668-5257-bdd6-40fb06671ad1,2026-07-11T14:10:31.826,core-banking,OK,MT103,FAST,101.46,SGD,**************8548,SG,167
3eb13b90-4668-5257-bdd6-40fb06671ad1,2026-07-11T14:10:31.944,settlement,SETTLED,MT103,FAST,101.46,SGD,**************8548,SG,398
3eb13b90-4668-5257-bdd6-40fb06671ad1,2026-07-10T01:45:36.491,gateway,OK,pacs.008,FAST,1768.07,SGD,**************7578,SG,50
3eb13b90-4668-5257-bdd6-40fb06671ad1,2026-07-10T01:45:36.558,auth,OK,pacs.008,FAST,1768.07,SGD,**************7578,SG,49
3eb13b90-4668-5257-bdd6-40fb06671ad1,2026-07-10T01:45:36.617,validation,OK,pacs.008,FAST,1768.07,SGD,**************7578,SG,76
3eb13b90-4668-5257-bdd6-40fb06671ad1,2026-07-10T01:45:36.750,aml,OK,pacs.008,FAST,1768.07,SGD,**************7578,SG,166
3eb13b90-4668-5257-bdd6-40fb06671ad1,2026-07-10T01:45:36.871,payment-hub,OK,pacs.008,FAST,1768.07,SGD,**************7578,SG,92
3eb13b90-4668-5257-bdd6-40fb06671ad1,2026-07-10T01:45:36.899,core-banking,OK,pacs.008,FAST,1768.07,SGD,**************7578,SG,170
3eb13b90-4668-5257-bdd6-40fb06671ad1,2026-07-10T01:45:37.099,settlement,SETTLED,pacs.008,FAST,1768.07,SGD,**************7578,SG,328
3eb13b90-4668-5257-bdd6-40fb06671ad1,2026-07-02T18:14:15.661,gateway,OK,MT103,SWIFT,2964.32,SGD,**************2424,SG,54
3eb13b90-4668-5257-bdd6-40fb06671ad1,2026-07-02T18:14:15.835,auth,OK,MT103,SWIFT,2964.32,SGD,**************2424,SG,35
3eb13b90-4668-5257-bdd6-40fb06671ad1,2026-07-02T18:14:15.921,validation,OK,MT103,SWIFT,2964.32,SGD,**************2424,SG,52
3eb13b90-4668-5257-bdd6-40fb06671ad1,2026-07-02T18:14:16.023,aml,OK,MT103,SWIFT,2964.32,SGD,**************2424,SG,123
3eb13b90-4668-5257-bdd6-40fb06671ad1,2026-07-02T18:14:16.088,payment-hub,OK,MT103,SWIFT,2964.32,SGD,**************2424,SG,30
3eb13b90-4668-5257-bdd6-40fb06671ad1,2026-07-02T18:14:16.270,core-banking,OK,MT103,SWIFT,2964.32,SGD,**************2424,SG,102
3eb13b90-4668-5257-bdd6-40fb06671ad1,2026-07-02T18:14:16.385,settlement,SETTLED,MT103,SWIFT,2964.32,SGD,**************2424,SG,105
3eb13b90-4668-5257-bdd6-40fb06671ad1,2026-07-11T04:48:40.802,gateway,OK,0200,SWIFT,554.63,USD,**************1140,SG,43
3eb13b90-4668-5257-bdd6-40fb06671ad1,2026-07-11T04:48:40.940,auth,OK,0200,SWIFT,554.63,USD,**************1140,SG,74
3eb13b90-4668-5257-bdd6-40fb06671ad1,2026-07-11T04:48:41.026,validation,OK,0200,SWIFT,554.63,USD,**************1140,SG,37
3eb13b90-4668-5257-bdd6-40fb06671ad1,2026-07-11T04:48:41.112,aml,OK,0200,SWIFT,554.63,USD,**************1140,SG,191
3eb13b90-4668-5257-bdd6-40fb06671ad1,2026-07-11T04:48:41.222,payment-hub,OK,0200,SWIFT,554.63,USD,**************1140,SG,46
3eb13b90-4668-5257-bdd6-40fb06671ad1,2026-07-11T04:48:41.323,core-banking,OK,0200,SWIFT,554.63,USD,**************1140,SG,140
3eb13b90-4668-5257-bdd6-40fb06671ad1,2026-07-11T04:48:41.640,settlement,SETTLED,0200,SWIFT,554.63,USD,**************1140,SG,259
3eb13b90-4668-5257-bdd6-40fb06671ad1,2026-07-05T05:32:02.013,gateway,OK,MT103,FAST,10162.76,INR,**************6193,SG,38
3eb13b90-4668-5257-bdd6-40fb06671ad1,2026-07-05T05:32:02.248,auth,OK,MT103,FAST,10162.76,INR,**************6193,SG,52
3eb13b90-4668-5257-bdd6-40fb06671ad1,2026-07-05T05:32:02.360,validation,OK,MT103,FAST,10162.76,INR,**************6193,SG,85
3eb13b90-4668-5257-bdd6-40fb06671ad1,2026-07-05T05:32:02.475,aml,OK,MT103,FAST,10162.76,INR,**************6193,SG,127
3eb13b90-4668-5257-bdd6-40fb06671ad1,2026-07-05T05:32:02.720,payment-hub,OK,MT103,FAST,10162.76,INR,**************6193,SG,43
3eb13b90-4668-5257-bdd6-40fb06671ad1,2026-07-05T05:32:02.803,core-banking,OK,MT103,FAST,10162.76,INR,**************6193,SG,167
3eb13b90-4668-5257-bdd6-40fb06671ad1,2026-07-05T05:32:03.048,settlement,SETTLED,MT103,FAST,10162.76,INR,**************6193,SG,105
3eb13b90-4668-5257-bdd6-40fb06671ad1,2026-07-04T07:27:18.639,gateway,OK,pacs.008,CARDS,764.44,SGD,**************8221,US,30
3eb13b90-4668-5257-bdd6-40fb06671ad1,2026-07-04T07:27:18.704,auth,OK,pacs.008,CARDS,764.44,SGD,**************8221,US,32
3eb13b90-4668-5257-bdd6-40fb06671ad1,2026-07-04T07:27:18.966,validation,OK,pacs.008,CARDS,764.44,SGD,**************8221,US,49
3eb13b90-4668-5257-bdd6-40fb06671ad1,2026-07-04T07:27:19.054,aml,TIMEOUT,pacs.008,CARDS,764.44,SGD,**************8221,US,30000
3eb13b90-4668-5257-bdd6-40fb06671ad1,2026-07-04T07:27:19.165,payment-hub,FAILED,pacs.008,CARDS,764.44,SGD,**************8221,US,61
3eb13b90-4668-5257-bdd6-40fb06671ad1,2026-07-14T14:53:27.391,gateway,OK,pacs.008,FAST,5270.53,SGD,**************2323,US,48
3eb13b90-4668-5257-bdd6-40fb06671ad1,2026-07-14T14:53:27.547,auth,OK,pacs.008,FAST,5270.53,SGD,**************2323,US,67
3eb13b90-4668-5257-bdd6-40fb06671ad1,2026-07-14T14:53:27.604,validation,OK,pacs.008,FAST,5270.53,SGD,**************2323,US,44
3eb13b90-4668-5257-bdd6-40fb06671ad1,2026-07-14T14:53:27.645,aml,OK,pacs.008,FAST,5270.53,SGD,**************2323,US,181
3eb13b90-4668-5257-bdd6-40fb06671ad1,2026-07-14T14:53:27.727,payment-hub,OK,pacs.008,FAST,5270.53,SGD,**************2323,US,139
3eb13b90-4668-5257-bdd6-40fb06671ad1,2026-07-14T14:53:27.952,core-banking,OK,pacs.008,FAST,5270.53,SGD,**************2323,US,148
3eb13b90-4668-5257-bdd6-40fb06671ad1,2026-07-14T14:53:57.963,settlement,SETTLED,pacs.008,FAST,5270.53,SGD,**************2323,US,380
3eb13b90-4668-5257-bdd6-40fb06671ad1,2026-07-03T09:23:19.369,gateway,OK,pacs.008,FAST,3113.94,MYR,**************0678,SG,48
3eb13b90-4668-5257-bdd6-40fb06671ad1,2026-07-03T09:23:19.459,auth,OK,pacs.008,FAST,3113.94,MYR,**************0678,SG,86
3eb13b90-4668-5257-bdd6-40fb06671ad1,2026-07-03T09:23:19.571,validation,OK,pacs.008,FAST,3113.94,MYR,**************0678,SG,93
3eb13b90-4668-5257-bdd6-40fb06671ad1,2026-07-03T09:23:19.691,aml,OK,pacs.008,FAST,3113.94,MYR,**************0678,SG,264
3eb13b90-4668-5257-bdd6-40fb06671ad1,2026-07-03T09:23:19.982,payment-hub,OK,pacs.008,FAST,3113.94,MYR,**************0678,SG,141
3eb13b90-4668-5257-bdd6-40fb06671ad1,2026-07-03T09:23:20.031,core-banking,OK,pacs.008,FAST,3113.94,MYR,**************0678,SG,204
3eb13b90-4668-5257-bdd6-40fb06671ad1,2026-07-03T09:23:20.257,settlement,SETTLED,pacs.008,FAST,3113.94,MYR,**************0678,SG,156
3eb13b90-4668-5257-bdd6-40fb06671ad1,2026-07-03T11:19:12.355,gateway,OK,pacs.008,FAST,2014.26,MYR,**************9822,IN,47
3eb13b90-4668-5257-bdd6-40fb06671ad1,2026-07-03T11:19:12.424,auth,OK,pacs.008,FAST,2014.26,MYR,**************9822,IN,83
3eb13b90-4668-5257-bdd6-40fb06671ad1,2026-07-03T11:19:12.642,validation,REJECTED,pacs.008,FAST,2014.26,MYR,**************9822,IN,117
3eb13b90-4668-5257-bdd6-40fb06671ad1,2026-07-06T16:37:16.663,gateway,OK,pacs.008,SWIFT,621.14,GBP,**************2863,MY,54
3eb13b90-4668-5257-bdd6-40fb06671ad1,2026-07-06T16:37:16.844,auth,OK,pacs.008,SWIFT,621.14,GBP,**************2863,MY,48
3eb13b90-4668-5257-bdd6-40fb06671ad1,2026-07-06T16:37:16.914,validation,OK,pacs.008,SWIFT,621.14,GBP,**************2863,MY,90
3eb13b90-4668-5257-bdd6-40fb06671ad1,2026-07-06T16:37:16.957,aml,OK,pacs.008,SWIFT,621.14,GBP,**************2863,MY,162
3eb13b90-4668-5257-bdd6-40fb06671ad1,2026-07-06T16:37:17.212,payment-hub,OK,pacs.008,SWIFT,621.14,GBP,**************2863,MY,90
3eb13b90-4668-5257-bdd6-40fb06671ad1,2026-07-06T16:37:17.336,core-banking,OK,pacs.008,SWIFT,621.14,GBP,**************2863,MY,127
3eb13b90-4668-5257-bdd6-40fb06671ad1,2026-07-06T16:37:17.438,settlement,SETTLED,pacs.008,SWIFT,621.14,GBP,**************2863,MY,180
3eb13b90-4668-5257-bdd6-40fb06671ad1,2026-07-04T05:48:46.246,gateway,OK,pacs.008,FAST,560.86,USD,**************6810,HK,19
3eb13b90-4668-5257-bdd6-40fb06671ad1,2026-07-04T05:48:46.311,auth,OK,pacs.008,FAST,560.86,USD,**************6810,HK,80
3eb13b90-4668-5257-bdd6-40fb06671ad1,2026-07-04T05:48:46.424,validation,OK,pacs.008,FAST,560.86,USD,**************6810,HK,32
3eb13b90-4668-5257-bdd6-40fb06671ad1,2026-07-04T05:48:46.743,aml,TIMEOUT,pacs.008,FAST,560.86,USD,**************6810,HK,30000
3eb13b90-4668-5257-bdd6-40fb06671ad1,2026-07-04T05:48:46.798,payment-hub,FAILED,pacs.008,FAST,560.86,USD,**************6810,HK,41
3eb13b90-4668-5257-bdd6-40fb06671ad1,2026-07-01T15:50:28.669,gateway,OK,pacs.008,SWIFT,1406.85,GBP,**************7923,MY,28
3eb13b90-4668-5257-bdd6-40fb06671ad1,2026-07-01T15:50:28.774,auth,OK,pacs.008,SWIFT,1406.85,GBP,**************7923,MY,63
3eb13b90-4668-5257-bdd6-40fb06671ad1,2026-07-01T15:50:28.865,validation,OK,pacs.008,SWIFT,1406.85,GBP,**************7923,MY,99
3eb13b90-4668-5257-bdd6-40fb06671ad1,2026-07-01T15:50:28.935,aml,OK,pacs.008,SWIFT,1406.85,GBP,**************7923,MY,278
3eb13b90-4668-5257-bdd6-40fb06671ad1,2026-07-01T15:50:29.003,payment-hub,OK,pacs.008,SWIFT,1406.85,GBP,**************7923,MY,74
3eb13b90-4668-5257-bdd6-40fb06671ad1,2026-07-01T15:50:29.204,core-banking,OK,pacs.008,SWIFT,1406.85,GBP,**************7923,MY,148
3eb13b90-4668-5257-bdd6-40fb06671ad1,2026-07-01T15:50:29.333,settlement,SETTLED,pacs.008,SWIFT,1406.85,GBP,**************7923,MY,178
3eb13b90-4668-5257-bdd6-40fb06671ad1,2026-07-05T04:18:12.353,gateway,OK,pacs.008,FAST,317.62,USD,**************8730,MY,20
3eb13b90-4668-5257-bdd6-40fb06671ad1,2026-07-05T04:18:12.544,auth,OK,pacs.008,FAST,317.62,USD,**************8730,MY,59
3eb13b90-4668-5257-bdd6-40fb06671ad1,2026-07-05T04:18:12.615,validation,OK,pacs.008,FAST,317.62,USD,**************8730,MY,35
3eb13b90-4668-5257-bdd6-40fb06671ad1,2026-07-05T04:18:12.712,aml,TIMEOUT,pacs.008,FAST,317.62,USD,**************8730,MY,30000
3eb13b90-4668-5257-bdd6-40fb06671ad1,2026-07-05T04:18:12.843,payment-hub,FAILED,pacs.008,FAST,317.62,USD,**************8730,MY,116
3eb13b90-4668-5257-bdd6-40fb06671ad1,2026-07-13T21:37:44.391,gateway,OK,pacs.008,FAST,1055.7,SGD,**************0942,GB,35
3eb13b90-4668-5257-bdd6-40fb06671ad1,2026-07-13T21:37:44.506,auth,OK,pacs.008,FAST,1055.7,SGD,**************0942,GB,58
3eb13b90-4668-5257-bdd6-40fb06671ad1,2026-07-13T21:37:44.592,validation,OK,pacs.008,FAST,1055.7,SGD,**************0942,GB,77
3eb13b90-4668-5257-bdd6-40fb06671ad1,2026-07-13T21:37:44.637,aml,OK,pacs.008,FAST,1055.7,SGD,**************0942,GB,166
3eb13b90-4668-5257-bdd6-40fb06671ad1,2026-07-13T21:37:44.784,payment-hub,OK,pacs.008,FAST,1055.7,SGD,**************0942,GB,142
3eb13b90-4668-5257-bdd6-40fb06671ad1,2026-07-13T21:37:44.858,core-banking,OK,pacs.008,FAST,1055.7,SGD,**************0942,GB,238
3eb13b90-4668-5257-bdd6-40fb06671ad1,2026-07-13T21:37:45.095,settlement,SETTLED,pacs.008,FAST,1055.7,SGD,**************0942,GB,269
3eb13b90-4668-5257-bdd6-40fb06671ad1,2026-07-02T14:37:27.654,gateway,OK,0200,SWIFT,844.28,SGD,**************6264,MY,15
3eb13b90-4668-5257-bdd6-40fb06671ad1,2026-07-02T14:37:27.682,auth,OK,0200,SWIFT,844.28,SGD,**************6264,MY,49
3eb13b90-4668-5257-bdd6-40fb06671ad1,2026-07-02T14:37:27.870,validation,OK,0200,SWIFT,844.28,SGD,**************6264,MY,86
3eb13b90-4668-5257-bdd6-40fb06671ad1,2026-07-02T14:37:27.996,aml,TIMEOUT,0200,SWIFT,844.28,SGD,**************6264,MY,30000
3eb13b90-4668-5257-bdd6-40fb06671ad1,2026-07-02T14:37:28.071,payment-hub,FAILED,0200,SWIFT,844.28,SGD,**************6264,MY,44
3eb13b90-4668-5257-bdd6-40fb06671ad1,2026-07-05T00:13:36.284,gateway,OK,pacs.008,SWIFT,509.96,USD,**************4947,SG,35
3eb13b90-4668-5257-bdd6-40fb06671ad1,2026-07-05T00:13:36.365,auth,OK,pacs.008,SWIFT,509.96,USD,**************4947,SG,33
3eb13b90-4668-5257-bdd6-40fb06671ad1,2026-07-05T00:13:36.488,validation,OK,pacs.008,SWIFT,509.96,USD,**************4947,SG,38
3eb13b90-4668-5257-bdd6-40fb06671ad1,2026-07-05T00:13:36.597,aml,TIMEOUT,pacs.008,SWIFT,509.96,USD,**************4947,SG,30000
3eb13b90-4668-5257-bdd6-40fb06671ad1,2026-07-05T00:13:36.716,payment-hub,FAILED,pacs.008,SWIFT,509.96,USD,**************4947,SG,87
3eb13b90-4668-5257-bdd6-40fb06671ad1,2026-07-09T21:48:06.224,gateway,OK,pacs.008,CARDS,422.87,GBP,**************4913,US,31
3eb13b90-4668-5257-bdd6-40fb06671ad1,2026-07-09T21:48:06.532,auth,OK,pacs.008,CARDS,422.87,GBP,**************4913,US,52
3eb13b90-4668-5257-bdd6-40fb06671ad1,2026-07-09T21:48:06.757,validation,OK,pacs.008,CARDS,422.87,GBP,**************4913,US,51
3eb13b90-4668-5257-bdd6-40fb06671ad1,2026-07-09T21:48:06.839,aml,OK,pacs.008,CARDS,422.87,GBP,**************4913,US,250
3eb13b90-4668-5257-bdd6-40fb06671ad1,2026-07-09T21:48:06.954,payment-hub,OK,pacs.008,CARDS,422.87,GBP,**************4913,US,57
3eb13b90-4668-5257-bdd6-40fb06671ad1,2026-07-09T21:48:07.033,core-banking,OK,pacs.008,CARDS,422.87,GBP,**************4913,US,179
3eb13b90-4668-5257-bdd6-40fb06671ad1,2026-07-09T21:48:07.238,settlement,SETTLED,pacs.008,CARDS,422.87,GBP,**************4913,US,212
3eb13b90-4668-5257-bdd6-40fb06671ad1,2026-07-11T18:29:45.788,gateway,OK,pacs.008,FAST,738.84,SGD,**************7054,SG,56
3eb13b90-4668-5257-bdd6-40fb06671ad1,2026-07-11T18:29:45.885,auth,OK,pacs.008,FAST,738.84,SGD,**************7054,SG,50
3eb13b90-4668-5257-bdd6-40fb06671ad1,2026-07-11T18:29:45.974,validation,OK,pacs.008,FAST,738.84,SGD,**************7054,SG,102
3eb13b90-4668-5257-bdd6-40fb06671ad1,2026-07-11T18:29:46.076,aml,OK,pacs.008,FAST,738.84,SGD,**************7054,SG,153
3eb13b90-4668-5257-bdd6-40fb06671ad1,2026-07-11T18:29:46.238,payment-hub,OK,pacs.008,FAST,738.84,SGD,**************7054,SG,41
3eb13b90-4668-5257-bdd6-40fb06671ad1,2026-07-11T18:29:46.378,core-banking,OK,pacs.008,FAST,738.84,SGD,**************7054,SG,199
3eb13b90-4668-5257-bdd6-40fb06671ad1,2026-07-11T18:29:46.442,settlement,SETTLED,pacs.008,FAST,738.84,SGD,**************7054,SG,330
3eb13b90-4668-5257-bdd6-40fb06671ad1,2026-07-08T03:32:00.011,gateway,OK,pacs.008,SWIFT,790.01,SGD,**************8794,SG,54
3eb13b90-4668-5257-bdd6-40fb06671ad1,2026-07-08T03:32:00.114,auth,OK,pacs.008,SWIFT,790.01,SGD,**************8794,SG,80
3eb13b90-4668-5257-bdd6-40fb06671ad1,2026-07-08T03:32:00.263,validation,OK,pacs.008,SWIFT,790.01,SGD,**************8794,SG,38
3eb13b90-4668-5257-bdd6-40fb06671ad1,2026-07-08T03:32:00.373,aml,TIMEOUT,pacs.008,SWIFT,790.01,SGD,**************8794,SG,30000
3eb13b90-4668-5257-bdd6-40fb06671ad1,2026-07-08T03:32:00.463,payment-hub,FAILED,pacs.008,SWIFT,790.01,SGD,**************8794,SG,64
3eb13b90-4668-5257-bdd6-40fb06671ad1,2026-07-05T11:24:12.325,gateway,OK,pacs.008,CARDS,462.73,SGD,**************6940,SG,15
3eb13b90-4668-5257-bdd6-40fb06671ad1,2026-07-05T11:24:12.374,auth,OK,pacs.008,CARDS,462.73,SGD,**************6940,SG,24
3eb13b90-4668-5257-bdd6-40fb06671ad1,2026-07-05T11:24:12.505,validation,OK,pacs.008,CARDS,462.73,SGD,**************6940,SG,92
3eb13b90-4668-5257-bdd6-40fb06671ad1,2026-07-05T11:24:12.562,aml,OK,pacs.008,CARDS,462.73,SGD,**************6940,SG,145
3eb13b90-4668-5257-bdd6-40fb06671ad1,2026-07-05T11:24:12.709,payment-hub,OK,pacs.008,CARDS,462.73,SGD,**************6940,SG,81
3eb13b90-4668-5257-bdd6-40fb06671ad1,2026-07-05T11:24:12.945,core-banking,OK,pacs.008,CARDS,462.73,SGD,**************6940,SG,229
3eb13b90-4668-5257-bdd6-40fb06671ad1,2026-07-05T11:24:13.137,settlement,SETTLED,pacs.008,CARDS,462.73,SGD,**************6940,SG,246
3eb13b90-4668-5257-bdd6-40fb06671ad1,2026-07-12T11:21:44.369,gateway,OK,pacs.008,FAST,182.39,EUR,**************7871,SG,54
3eb13b90-4668-5257-bdd6-40fb06671ad1,2026-07-12T11:21:44.408,auth,OK,pacs.008,FAST,182.39,EUR,**************7871,SG,70
3eb13b90-4668-5257-bdd6-40fb06671ad1,2026-07-12T11:21:44.523,validation,OK,pacs.008,FAST,182.39,EUR,**************7871,SG,74
3eb13b90-4668-5257-bdd6-40fb06671ad1,2026-07-12T11:21:44.787,aml,OK,pacs.008,FAST,182.39,EUR,**************7871,SG,234
3eb13b90-4668-5257-bdd6-40fb06671ad1,2026-07-12T11:21:44.909,payment-hub,OK,pacs.008,FAST,182.39,EUR,**************7871,SG,57
3eb13b90-4668-5257-bdd6-40fb06671ad1,2026-07-12T11:21:45.181,core-banking,OK,pacs.008,FAST,182.39,EUR,**************7871,SG,179
3eb13b90-4668-5257-bdd6-40fb06671ad1,2026-07-12T11:21:45.226,settlement,SETTLED,pacs.008,FAST,182.39,EUR,**************7871,SG,290
3eb13b90-4668-5257-bdd6-40fb06671ad1,2026-07-01T14:21:48.883,gateway,OK,MT103,FAST,5748.47,SGD,**************4870,MY,50
3eb13b90-4668-5257-bdd6-40fb06671ad1,2026-07-01T14:21:48.924,auth,OK,MT103,FAST,5748.47,SGD,**************4870,MY,79
3eb13b90-4668-5257-bdd6-40fb06671ad1,2026-07-01T14:21:49.030,validation,OK,MT103,FAST,5748.47,SGD,**************4870,MY,69
3eb13b90-4668-5257-bdd6-40fb06671ad1,2026-07-01T14:21:49.094,aml,OK,MT103,FAST,5748.47,SGD,**************4870,MY,297
3eb13b90-4668-5257-bdd6-40fb06671ad1,2026-07-01T14:21:49.216,payment-hub,OK,MT103,FAST,5748.47,SGD,**************4870,MY,146
3eb13b90-4668-5257-bdd6-40fb06671ad1,2026-07-01T14:21:49.336,core-banking,OK,MT103,FAST,5748.47,SGD,**************4870,MY,52
3eb13b90-4668-5257-bdd6-40fb06671ad1,2026-07-01T14:21:49.457,settlement,SETTLED,MT103,FAST,5748.47,SGD,**************4870,MY,319
3eb13b90-4668-5257-bdd6-40fb06671ad1,2026-07-07T20:48:37.000,gateway,OK,0200,FAST,158.71,SGD,**************2572,IN,54
3eb13b90-4668-5257-bdd6-40fb06671ad1,2026-07-07T20:48:37.070,auth,OK,0200,FAST,158.71,SGD,**************2572,IN,37
3eb13b90-4668-5257-bdd6-40fb06671ad1,2026-07-07T20:48:37.155,validation,OK,0200,FAST,158.71,SGD,**************2572,IN,93
3eb13b90-4668-5257-bdd6-40fb06671ad1,2026-07-07T20:48:37.249,aml,OK,0200,FAST,158.71,SGD,**************2572,IN,290
3eb13b90-4668-5257-bdd6-40fb06671ad1,2026-07-07T20:48:37.381,payment-hub,OK,0200,FAST,158.71,SGD,**************2572,IN,126
3eb13b90-4668-5257-bdd6-40fb06671ad1,2026-07-07T20:48:37.467,core-banking,OK,0200,FAST,158.71,SGD,**************2572,IN,243
3eb13b90-4668-5257-bdd6-40fb06671ad1,2026-07-07T20:48:37.582,settlement,SETTLED,0200,FAST,158.71,SGD,**************2572,IN,103
3eb13b90-4668-5257-bdd6-40fb06671ad1,2026-07-10T07:08:51.162,gateway,OK,pacs.008,FAST,11007.46,SGD,**************6822,MY,44
3eb13b90-4668-5257-bdd6-40fb06671ad1,2026-07-10T07:08:51.246,auth,OK,pacs.008,FAST,11007.46,SGD,**************6822,MY,56
3eb13b90-4668-5257-bdd6-40fb06671ad1,2026-07-10T07:08:51.303,validation,OK,pacs.008,FAST,11007.46,SGD,**************6822,MY,47
3eb13b90-4668-5257-bdd6-40fb06671ad1,2026-07-10T07:08:51.333,aml,OK,pacs.008,FAST,11007.46,SGD,**************6822,MY,161
3eb13b90-4668-5257-bdd6-40fb06671ad1,2026-07-10T07:08:51.389,payment-hub,OK,pacs.008,FAST,11007.46,SGD,**************6822,MY,132
3eb13b90-4668-5257-bdd6-40fb06671ad1,2026-07-10T07:08:51.454,core-banking,OK,pacs.008,FAST,11007.46,SGD,**************6822,MY,208
3eb13b90-4668-5257-bdd6-40fb06671ad1,2026-07-10T07:08:51.578,settlement,SETTLED,pacs.008,FAST,11007.46,SGD,**************6822,MY,87
3eb13b90-4668-5257-bdd6-40fb06671ad1,2026-07-07T02:35:48.593,gateway,OK,pacs.008,FAST,2761.29,USD,**************5425,SG,43
3eb13b90-4668-5257-bdd6-40fb06671ad1,2026-07-07T02:35:48.835,auth,OK,pacs.008,FAST,2761.29,USD,**************5425,SG,31
3eb13b90-4668-5257-bdd6-40fb06671ad1,2026-07-07T02:36:18.864,validation,OK,pacs.008,FAST,2761.29,USD,**************5425,SG,118
3eb13b90-4668-5257-bdd6-40fb06671ad1,2026-07-07T02:36:18.986,aml,TIMEOUT,pacs.008,FAST,2761.29,USD,**************5425,SG,30000
3eb13b90-4668-5257-bdd6-40fb06671ad1,2026-07-07T02:36:19.044,payment-hub,FAILED,pacs.008,FAST,2761.29,USD,**************5425,SG,91
3eb13b90-4668-5257-bdd6-40fb06671ad1,2026-07-04T16:53:37.447,gateway,OK,pacs.008,FAST,805.73,USD,**************4904,IN,21
3eb13b90-4668-5257-bdd6-40fb06671ad1,2026-07-04T16:53:37.544,auth,OK,pacs.008,FAST,805.73,USD,**************4904,IN,89
3eb13b90-4668-5257-bdd6-40fb06671ad1,2026-07-04T16:53:37.597,validation,OK,pacs.008,FAST,805.73,USD,**************4904,IN,25
3eb13b90-4668-5257-bdd6-40fb06671ad1,2026-07-04T16:53:37.682,aml,OK,pacs.008,FAST,805.73,USD,**************4904,IN,147
3eb13b90-4668-5257-bdd6-40fb06671ad1,2026-07-04T16:53:37.806,payment-hub,OK,pacs.008,FAST,805.73,USD,**************4904,IN,76
3eb13b90-4668-5257-bdd6-40fb06671ad1,2026-07-04T16:53:38.101,core-banking,OK,pacs.008,FAST,805.73,USD,**************4904,IN,104
3eb13b90-4668-5257-bdd6-40fb06671ad1,2026-07-04T16:53:38.212,settlement,SETTLED,pacs.008,FAST,805.73,USD,**************4904,IN,121
3eb13b90-4668-5257-bdd6-40fb06671ad1,2026-07-12T02:06:08.352,gateway,OK,pacs.008,FAST,495.43,EUR,**************1332,SG,47
3eb13b90-4668-5257-bdd6-40fb06671ad1,2026-07-12T02:06:08.444,auth,OK,pacs.008,FAST,495.43,EUR,**************1332,SG,25
3eb13b90-4668-5257-bdd6-40fb06671ad1,2026-07-12T02:06:08.505,validation,REJECTED,pacs.008,FAST,495.43,EUR,**************1332,SG,96
3eb13b90-4668-5257-bdd6-40fb06671ad1,2026-07-10T20:10:18.857,gateway,OK,MT103,FAST,359.64,EUR,**************4199,MY,30
3eb13b90-4668-5257-bdd6-40fb06671ad1,2026-07-10T20:10:18.967,auth,OK,MT103,FAST,359.64,EUR,**************4199,MY,70
3eb13b90-4668-5257-bdd6-40fb06671ad1,2026-07-10T20:10:19.163,validation,OK,MT103,FAST,359.64,EUR,**************4199,MY,65
3eb13b90-4668-5257-bdd6-40fb06671ad1,2026-07-10T20:10:19.242,aml,TIMEOUT,MT103,FAST,359.64,EUR,**************4199,MY,30000
3eb13b90-4668-5257-bdd6-40fb06671ad1,2026-07-10T20:10:19.407,payment-hub,FAILED,MT103,FAST,359.64,EUR,**************4199,MY,49
3eb13b90-4668-5257-bdd6-40fb06671ad1,2026-07-13T11:52:18.874,gateway,OK,pacs.008,CARDS,1089.28,USD,**************7032,SG,40
3eb13b90-4668-5257-bdd6-40fb06671ad1,2026-07-13T11:52:19.017,auth,OK,pacs.008,CARDS,1089.28,USD,**************7032,SG,56
3eb13b90-4668-5257-bdd6-40fb06671ad1,2026-07-13T11:52:19.099,validation,OK,pacs.008,CARDS,1089.28,USD,**************7032,SG,97
3eb13b90-4668-5257-bdd6-40fb06671ad1,2026-07-13T11:52:19.269,aml,OK,pacs.008,CARDS,1089.28,USD,**************7032,SG,270
3eb13b90-4668-5257-bdd6-40fb06671ad1,2026-07-13T11:52:19.333,payment-hub,OK,pacs.008,CARDS,1089.28,USD,**************7032,SG,110
3eb13b90-4668-5257-bdd6-40fb06671ad1,2026-07-13T11:52:19.460,core-banking,OK,pacs.008,CARDS,1089.28,USD,**************7032,SG,122
3eb13b90-4668-5257-bdd6-40fb06671ad1,2026-07-13T11:52:19.527,settlement,SETTLED,pacs.008,CARDS,1089.28,USD,**************7032,SG,292
3eb13b90-4668-5257-bdd6-40fb06671ad1,2026-07-08T19:43:20.950,gateway,OK,MT103,SWIFT,1338.2,SGD,**************8710,MY,38
3eb13b90-4668-5257-bdd6-40fb06671ad1,2026-07-08T19:43:21.038,auth,OK,MT103,SWIFT,1338.2,SGD,**************8710,MY,78
3eb13b90-4668-5257-bdd6-40fb06671ad1,2026-07-08T19:43:21.112,validation,OK,MT103,SWIFT,1338.2,SGD,**************8710,MY,27
3eb13b90-4668-5257-bdd6-40fb06671ad1,2026-07-08T19:43:21.256,aml,OK,MT103,SWIFT,1338.2,SGD,**************8710,MY,128
3eb13b90-4668-5257-bdd6-40fb06671ad1,2026-07-08T19:43:21.432,payment-hub,OK,MT103,SWIFT,1338.2,SGD,**************8710,MY,46
3eb13b90-4668-5257-bdd6-40fb06671ad1,2026-07-08T19:43:21.573,core-banking,OK,MT103,SWIFT,1338.2,SGD,**************8710,MY,68
3eb13b90-4668-5257-bdd6-40fb06671ad1,2026-07-08T19:43:21.629,settlement,SETTLED,MT103,SWIFT,1338.2,SGD,**************8710,MY,252
3eb13b90-4668-5257-bdd6-40fb06671ad1,2026-07-01T22:46:20.318,gateway,OK,pacs.008,FAST,820.83,EUR,**************3288,US,33
3eb13b90-4668-5257-bdd6-40fb06671ad1,2026-07-01T22:46:20.540,auth,OK,pacs.008,FAST,820.83,EUR,**************3288,US,82
3eb13b90-4668-5257-bdd6-40fb06671ad1,2026-07-01T22:46:20.686,validation,OK,pacs.008,FAST,820.83,EUR,**************3288,US,92
3eb13b90-4668-5257-bdd6-40fb06671ad1,2026-07-01T22:46:20.794,aml,OK,pacs.008,FAST,820.83,EUR,**************3288,US,196
3eb13b90-4668-5257-bdd6-40fb06671ad1,2026-07-01T22:46:20.862,payment-hub,OK,pacs.008,FAST,820.83,EUR,**************3288,US,94
3eb13b90-4668-5257-bdd6-40fb06671ad1,2026-07-01T22:46:20.991,core-banking,OK,pacs.008,FAST,820.83,EUR,**************3288,US,145
3eb13b90-4668-5257-bdd6-40fb06671ad1,2026-07-01T22:46:21.067,settlement,SETTLED,pacs.008,FAST,820.83,EUR,**************3288,US,86
3eb13b90-4668-5257-bdd6-40fb06671ad1,2026-07-03T03:48:17.764,gateway,OK,pacs.008,SWIFT,4499.24,USD,**************3572,SG,60
3eb13b90-4668-5257-bdd6-40fb06671ad1,2026-07-03T03:48:17.874,auth,OK,pacs.008,SWIFT,4499.24,USD,**************3572,SG,66
3eb13b90-4668-5257-bdd6-40fb06671ad1,2026-07-03T03:48:17.922,validation,OK,pacs.008,SWIFT,4499.24,USD,**************3572,SG,71
3eb13b90-4668-5257-bdd6-40fb06671ad1,2026-07-03T03:48:18.000,aml,OK,pacs.008,SWIFT,4499.24,USD,**************3572,SG,85
3eb13b90-4668-5257-bdd6-40fb06671ad1,2026-07-03T03:48:18.175,payment-hub,OK,pacs.008,SWIFT,4499.24,USD,**************3572,SG,71
3eb13b90-4668-5257-bdd6-40fb06671ad1,2026-07-03T03:48:18.218,core-banking,OK,pacs.008,SWIFT,4499.24,USD,**************3572,SG,152
3eb13b90-4668-5257-bdd6-40fb06671ad1,2026-07-03T03:48:18.321,settlement,SETTLED,pacs.008,SWIFT,4499.24,USD,**************3572,SG,297
3eb13b90-4668-5257-bdd6-40fb06671ad1,2026-07-09T23:31:37.018,gateway,OK,MT103,SWIFT,1051.1,SGD,**************7307,GB,47
3eb13b90-4668-5257-bdd6-40fb06671ad1,2026-07-09T23:32:07.044,auth,OK,MT103,SWIFT,1051.1,SGD,**************7307,GB,42
3eb13b90-4668-5257-bdd6-40fb06671ad1,2026-07-09T23:32:07.108,validation,OK,MT103,SWIFT,1051.1,SGD,**************7307,GB,67
3eb13b90-4668-5257-bdd6-40fb06671ad1,2026-07-09T23:32:07.277,aml,OK,MT103,SWIFT,1051.1,SGD,**************7307,GB,225
3eb13b90-4668-5257-bdd6-40fb06671ad1,2026-07-09T23:32:07.382,payment-hub,OK,MT103,SWIFT,1051.1,SGD,**************7307,GB,66
3eb13b90-4668-5257-bdd6-40fb06671ad1,2026-07-09T23:32:07.527,core-banking,OK,MT103,SWIFT,1051.1,SGD,**************7307,GB,78
3eb13b90-4668-5257-bdd6-40fb06671ad1,2026-07-09T23:32:07.662,settlement,SETTLED,MT103,SWIFT,1051.1,SGD,**************7307,GB,278
3eb13b90-4668-5257-bdd6-40fb06671ad1,2026-07-14T18:03:39.205,gateway,OK,pacs.008,FAST,699.03,SGD,**************7035,SG,24
3eb13b90-4668-5257-bdd6-40fb06671ad1,2026-07-14T18:03:39.261,auth,OK,pacs.008,FAST,699.03,SGD,**************7035,SG,36
3eb13b90-4668-5257-bdd6-40fb06671ad1,2026-07-14T18:03:39.366,validation,OK,pacs.008,FAST,699.03,SGD,**************7035,SG,79
3eb13b90-4668-5257-bdd6-40fb06671ad1,2026-07-14T18:03:39.557,aml,TIMEOUT,pacs.008,FAST,699.03,SGD,**************7035,SG,30000
3eb13b90-4668-5257-bdd6-40fb06671ad1,2026-07-14T18:03:39.611,payment-hub,FAILED,pacs.008,FAST,699.03,SGD,**************7035,SG,58
3eb13b90-4668-5257-bdd6-40fb06671ad1,2026-07-09T22:22:27.150,gateway,OK,pacs.008,FAST,156.58,SGD,**************2351,SG,30
3eb13b90-4668-5257-bdd6-40fb06671ad1,2026-07-09T22:22:27.275,auth,OK,pacs.008,FAST,156.58,SGD,**************2351,SG,62
3eb13b90-4668-5257-bdd6-40fb06671ad1,2026-07-09T22:22:27.341,validation,OK,pacs.008,FAST,156.58,SGD,**************2351,SG,34
3eb13b90-4668-5257-bdd6-40fb06671ad1,2026-07-09T22:22:27.423,aml,OK,pacs.008,FAST,156.58,SGD,**************2351,SG,198
3eb13b90-4668-5257-bdd6-40fb06671ad1,2026-07-09T22:22:27.486,payment-hub,OK,pacs.008,FAST,156.58,SGD,**************2351,SG,133
3eb13b90-4668-5257-bdd6-40fb06671ad1,2026-07-09T22:22:27.741,core-banking,OK,pacs.008,FAST,156.58,SGD,**************2351,SG,224
3eb13b90-4668-5257-bdd6-40fb06671ad1,2026-07-09T22:22:27.862,settlement,SETTLED,pacs.008,FAST,156.58,SGD,**************2351,SG,115
3eb13b90-4668-5257-bdd6-40fb06671ad1,2026-07-05T08:05:56.937,gateway,OK,pacs.008,SWIFT,655.09,SGD,**************7463,SG,36
3eb13b90-4668-5257-bdd6-40fb06671ad1,2026-07-05T08:05:56.982,auth,OK,pacs.008,SWIFT,655.09,SGD,**************7463,SG,42
3eb13b90-4668-5257-bdd6-40fb06671ad1,2026-07-05T08:05:57.057,validation,OK,pacs.008,SWIFT,655.09,SGD,**************7463,SG,114
3eb13b90-4668-5257-bdd6-40fb06671ad1,2026-07-05T08:05:57.176,aml,OK,pacs.008,SWIFT,655.09,SGD,**************7463,SG,175
3eb13b90-4668-5257-bdd6-40fb06671ad1,2026-07-05T08:05:57.297,payment-hub,OK,pacs.008,SWIFT,655.09,SGD,**************7463,SG,127
3eb13b90-4668-5257-bdd6-40fb06671ad1,2026-07-05T08:05:57.428,core-banking,OK,pacs.008,SWIFT,655.09,SGD,**************7463,SG,133
3eb13b90-4668-5257-bdd6-40fb06671ad1,2026-07-05T08:05:57.555,settlement,SETTLED,pacs.008,SWIFT,655.09,SGD,**************7463,SG,96
3eb13b90-4668-5257-bdd6-40fb06671ad1,2026-07-15T00:37:07.710,gateway,OK,MT103,SWIFT,128.71,USD,**************3250,MY,28
3eb13b90-4668-5257-bdd6-40fb06671ad1,2026-07-15T00:37:07.802,auth,OK,MT103,SWIFT,128.71,USD,**************3250,MY,81
3eb13b90-4668-5257-bdd6-40fb06671ad1,2026-07-15T00:37:07.991,validation,OK,MT103,SWIFT,128.71,USD,**************3250,MY,26
3eb13b90-4668-5257-bdd6-40fb06671ad1,2026-07-15T00:37:08.049,aml,OK,MT103,SWIFT,128.71,USD,**************3250,MY,220
3eb13b90-4668-5257-bdd6-40fb06671ad1,2026-07-15T00:37:08.116,payment-hub,OK,MT103,SWIFT,128.71,USD,**************3250,MY,150
3eb13b90-4668-5257-bdd6-40fb06671ad1,2026-07-15T00:37:08.221,core-banking,OK,MT103,SWIFT,128.71,USD,**************3250,MY,72
3eb13b90-4668-5257-bdd6-40fb06671ad1,2026-07-15T00:37:08.383,settlement,SETTLED,MT103,SWIFT,128.71,USD,**************3250,MY,389
3eb13b90-4668-5257-bdd6-40fb06671ad1,2026-07-11T12:39:31.549,gateway,OK,pacs.008,FAST,296.07,SGD,**************7967,SG,56
3eb13b90-4668-5257-bdd6-40fb06671ad1,2026-07-11T12:39:31.676,auth,OK,pacs.008,FAST,296.07,SGD,**************7967,SG,75
3eb13b90-4668-5257-bdd6-40fb06671ad1,2026-07-11T12:39:31.751,validation,OK,pacs.008,FAST,296.07,SGD,**************7967,SG,39
3eb13b90-4668-5257-bdd6-40fb06671ad1,2026-07-11T12:39:31.815,aml,OK,pacs.008,FAST,296.07,SGD,**************7967,SG,140
3eb13b90-4668-5257-bdd6-40fb06671ad1,2026-07-11T12:39:31.943,payment-hub,OK,pacs.008,FAST,296.07,SGD,**************7967,SG,127
3eb13b90-4668-5257-bdd6-40fb06671ad1,2026-07-11T12:39:32.009,core-banking,OK,pacs.008,FAST,296.07,SGD,**************7967,SG,222
3eb13b90-4668-5257-bdd6-40fb06671ad1,2026-07-11T12:39:32.091,settlement,SETTLED,pacs.008,FAST,296.07,SGD,**************7967,SG,149
3eb13b90-4668-5257-bdd6-40fb06671ad1,2026-07-11T01:22:56.136,gateway,OK,MT103,FAST,1315.92,EUR,**************8034,SG,15
3eb13b90-4668-5257-bdd6-40fb06671ad1,2026-07-11T01:22:56.287,auth,OK,MT103,FAST,1315.92,EUR,**************8034,SG,47
3eb13b90-4668-5257-bdd6-40fb06671ad1,2026-07-11T01:22:56.412,validation,OK,MT103,FAST,1315.92,EUR,**************8034,SG,92
3eb13b90-4668-5257-bdd6-40fb06671ad1,2026-07-11T01:22:56.633,aml,OK,MT103,FAST,1315.92,EUR,**************8034,SG,275
3eb13b90-4668-5257-bdd6-40fb06671ad1,2026-07-11T01:22:56.704,payment-hub,OK,MT103,FAST,1315.92,EUR,**************8034,SG,35
3eb13b90-4668-5257-bdd6-40fb06671ad1,2026-07-11T01:22:56.743,core-banking,OK,MT103,FAST,1315.92,EUR,**************8034,SG,148
3eb13b90-4668-5257-bdd6-40fb06671ad1,2026-07-11T01:22:56.806,settlement,SETTLED,MT103,FAST,1315.92,EUR,**************8034,SG,72
3eb13b90-4668-5257-bdd6-40fb06671ad1,2026-07-10T19:21:47.102,gateway,OK,pacs.008,SWIFT,433.12,EUR,**************8583,SG,33
3eb13b90-4668-5257-bdd6-40fb06671ad1,2026-07-10T19:21:47.172,auth,OK,pacs.008,SWIFT,433.12,EUR,**************8583,SG,55
3eb13b90-4668-5257-bdd6-40fb06671ad1,2026-07-10T19:21:47.282,validation,OK,pacs.008,SWIFT,433.12,EUR,**************8583,SG,87
3eb13b90-4668-5257-bdd6-40fb06671ad1,2026-07-10T19:21:47.400,aml,OK,pacs.008,SWIFT,433.12,EUR,**************8583,SG,227
3eb13b90-4668-5257-bdd6-40fb06671ad1,2026-07-10T19:21:47.565,payment-hub,OK,pacs.008,SWIFT,433.12,EUR,**************8583,SG,143
3eb13b90-4668-5257-bdd6-40fb06671ad1,2026-07-10T19:21:47.630,core-banking,OK,pacs.008,SWIFT,433.12,EUR,**************8583,SG,177
3eb13b90-4668-5257-bdd6-40fb06671ad1,2026-07-10T19:21:47.783,settlement,SETTLED,pacs.008,SWIFT,433.12,EUR,**************8583,SG,350
3eb13b90-4668-5257-bdd6-40fb06671ad1,2026-07-13T07:37:25.554,gateway,OK,pacs.008,FAST,3149.95,USD,**************7309,US,33
3eb13b90-4668-5257-bdd6-40fb06671ad1,2026-07-13T07:37:25.636,auth,OK,pacs.008,FAST,3149.95,USD,**************7309,US,39
3eb13b90-4668-5257-bdd6-40fb06671ad1,2026-07-13T07:37:25.798,validation,OK,pacs.008,FAST,3149.95,USD,**************7309,US,40
3eb13b90-4668-5257-bdd6-40fb06671ad1,2026-07-13T07:37:25.861,aml,OK,pacs.008,FAST,3149.95,USD,**************7309,US,151
3eb13b90-4668-5257-bdd6-40fb06671ad1,2026-07-13T07:37:25.910,payment-hub,OK,pacs.008,FAST,3149.95,USD,**************7309,US,52
3eb13b90-4668-5257-bdd6-40fb06671ad1,2026-07-13T07:37:25.968,core-banking,OK,pacs.008,FAST,3149.95,USD,**************7309,US,136
3eb13b90-4668-5257-bdd6-40fb06671ad1,2026-07-13T07:37:26.186,settlement,SETTLED,pacs.008,FAST,3149.95,USD,**************7309,US,199
3eb13b90-4668-5257-bdd6-40fb06671ad1,2026-07-04T01:53:59.237,gateway,OK,pacs.008,FAST,442.21,MYR,**************0314,MY,41
3eb13b90-4668-5257-bdd6-40fb06671ad1,2026-07-04T01:53:59.317,auth,OK,pacs.008,FAST,442.21,MYR,**************0314,MY,79
3eb13b90-4668-5257-bdd6-40fb06671ad1,2026-07-04T01:53:59.449,validation,OK,pacs.008,FAST,442.21,MYR,**************0314,MY,69
3eb13b90-4668-5257-bdd6-40fb06671ad1,2026-07-04T01:53:59.762,aml,OK,pacs.008,FAST,442.21,MYR,**************0314,MY,178
3eb13b90-4668-5257-bdd6-40fb06671ad1,2026-07-04T01:54:29.788,payment-hub,OK,pacs.008,FAST,442.21,MYR,**************0314,MY,115
3eb13b90-4668-5257-bdd6-40fb06671ad1,2026-07-04T01:54:29.866,core-banking,OK,pacs.008,FAST,442.21,MYR,**************0314,MY,82
3eb13b90-4668-5257-bdd6-40fb06671ad1,2026-07-04T01:54:29.972,settlement,SETTLED,pacs.008,FAST,442.21,MYR,**************0314,MY,70
3eb13b90-4668-5257-bdd6-40fb06671ad1,2026-07-11T23:23:34.840,gateway,OK,pacs.008,SWIFT,1871.23,USD,**************2571,US,54
3eb13b90-4668-5257-bdd6-40fb06671ad1,2026-07-11T23:23:34.912,auth,OK,pacs.008,SWIFT,1871.23,USD,**************2571,US,86
3eb13b90-4668-5257-bdd6-40fb06671ad1,2026-07-11T23:23:35.095,validation,OK,pacs.008,SWIFT,1871.23,USD,**************2571,US,92
3eb13b90-4668-5257-bdd6-40fb06671ad1,2026-07-11T23:23:35.306,aml,OK,pacs.008,SWIFT,1871.23,USD,**************2571,US,87
3eb13b90-4668-5257-bdd6-40fb06671ad1,2026-07-11T23:23:35.380,payment-hub,OK,pacs.008,SWIFT,1871.23,USD,**************2571,US,46
3eb13b90-4668-5257-bdd6-40fb06671ad1,2026-07-11T23:23:35.465,core-banking,OK,pacs.008,SWIFT,1871.23,USD,**************2571,US,182
3eb13b90-4668-5257-bdd6-40fb06671ad1,2026-07-11T23:24:05.477,settlement,SETTLED,pacs.008,SWIFT,1871.23,USD,**************2571,US,225
3eb13b90-4668-5257-bdd6-40fb06671ad1,2026-07-05T19:25:41.618,gateway,OK,pacs.008,FAST,516.84,USD,**************3724,US,21
3eb13b90-4668-5257-bdd6-40fb06671ad1,2026-07-05T19:26:11.647,auth,OK,pacs.008,FAST,516.84,USD,**************3724,US,69
3eb13b90-4668-5257-bdd6-40fb06671ad1,2026-07-05T19:26:11.712,validation,OK,pacs.008,FAST,516.84,USD,**************3724,US,97
3eb13b90-4668-5257-bdd6-40fb06671ad1,2026-07-05T19:26:11.789,aml,OK,pacs.008,FAST,516.84,USD,**************3724,US,160
3eb13b90-4668-5257-bdd6-40fb06671ad1,2026-07-05T19:26:12.073,payment-hub,OK,pacs.008,FAST,516.84,USD,**************3724,US,65
3eb13b90-4668-5257-bdd6-40fb06671ad1,2026-07-05T19:26:42.106,core-banking,OK,pacs.008,FAST,516.84,USD,**************3724,US,50
3eb13b90-4668-5257-bdd6-40fb06671ad1,2026-07-05T19:26:42.244,settlement,SETTLED,pacs.008,FAST,516.84,USD,**************3724,US,245
3eb13b90-4668-5257-bdd6-40fb06671ad1,2026-07-09T14:56:53.852,gateway,OK,MT103,CARDS,2498.35,SGD,**************3653,SG,37
3eb13b90-4668-5257-bdd6-40fb06671ad1,2026-07-09T14:56:54.088,auth,OK,MT103,CARDS,2498.35,SGD,**************3653,SG,81
3eb13b90-4668-5257-bdd6-40fb06671ad1,2026-07-09T14:56:54.154,validation,OK,MT103,CARDS,2498.35,SGD,**************3653,SG,67
3eb13b90-4668-5257-bdd6-40fb06671ad1,2026-07-09T14:56:54.225,aml,OK,MT103,CARDS,2498.35,SGD,**************3653,SG,279
3eb13b90-4668-5257-bdd6-40fb06671ad1,2026-07-09T14:56:54.395,payment-hub,OK,MT103,CARDS,2498.35,SGD,**************3653,SG,136
3eb13b90-4668-5257-bdd6-40fb06671ad1,2026-07-09T14:56:54.431,core-banking,OK,MT103,CARDS,2498.35,SGD,**************3653,SG,92
3eb13b90-4668-5257-bdd6-40fb06671ad1,2026-07-09T14:56:54.544,settlement,SETTLED,MT103,CARDS,2498.35,SGD,**************3653,SG,189
3eb13b90-4668-5257-bdd6-40fb06671ad1,2026-07-10T09:07:12.453,gateway,OK,pacs.008,FAST,583.21,USD,**************4304,SG,53
3eb13b90-4668-5257-bdd6-40fb06671ad1,2026-07-10T09:07:12.520,auth,OK,pacs.008,FAST,583.21,USD,**************4304,SG,48
3eb13b90-4668-5257-bdd6-40fb06671ad1,2026-07-10T09:07:12.551,validation,OK,pacs.008,FAST,583.21,USD,**************4304,SG,66
3eb13b90-4668-5257-bdd6-40fb06671ad1,2026-07-10T09:07:12.583,aml,OK,pacs.008,FAST,583.21,USD,**************4304,SG,153
3eb13b90-4668-5257-bdd6-40fb06671ad1,2026-07-10T09:07:12.616,payment-hub,OK,pacs.008,FAST,583.21,USD,**************4304,SG,84
3eb13b90-4668-5257-bdd6-40fb06671ad1,2026-07-10T09:07:12.829,core-banking,OK,pacs.008,FAST,583.21,USD,**************4304,SG,148
3eb13b90-4668-5257-bdd6-40fb06671ad1,2026-07-10T09:07:12.874,settlement,SETTLED,pacs.008,FAST,583.21,USD,**************4304,SG,86
3eb13b90-4668-5257-bdd6-40fb06671ad1,2026-07-05T04:18:56.225,gateway,OK,pacs.008,FAST,343.84,SGD,**************7120,SG,22
3eb13b90-4668-5257-bdd6-40fb06671ad1,2026-07-05T04:18:56.334,auth,OK,pacs.008,FAST,343.84,SGD,**************7120,SG,49
3eb13b90-4668-5257-bdd6-40fb06671ad1,2026-07-05T04:18:56.460,validation,OK,pacs.008,FAST,343.84,SGD,**************7120,SG,34
3eb13b90-4668-5257-bdd6-40fb06671ad1,2026-07-05T04:18:56.522,aml,OK,pacs.008,FAST,343.84,SGD,**************7120,SG,278
3eb13b90-4668-5257-bdd6-40fb06671ad1,2026-07-05T04:18:56.860,payment-hub,OK,pacs.008,FAST,343.84,SGD,**************7120,SG,115
3eb13b90-4668-5257-bdd6-40fb06671ad1,2026-07-05T04:18:56.997,core-banking,OK,pacs.008,FAST,343.84,SGD,**************7120,SG,206
3eb13b90-4668-5257-bdd6-40fb06671ad1,2026-07-05T04:18:57.086,settlement,SETTLED,pacs.008,FAST,343.84,SGD,**************7120,SG,385
3eb13b90-4668-5257-bdd6-40fb06671ad1,2026-07-10T17:18:31.414,gateway,OK,pacs.008,FAST,762.26,SGD,**************1714,SG,54
3eb13b90-4668-5257-bdd6-40fb06671ad1,2026-07-10T17:18:31.530,auth,OK,pacs.008,FAST,762.26,SGD,**************1714,SG,53
3eb13b90-4668-5257-bdd6-40fb06671ad1,2026-07-10T17:18:31.650,validation,OK,pacs.008,FAST,762.26,SGD,**************1714,SG,113
3eb13b90-4668-5257-bdd6-40fb06671ad1,2026-07-10T17:18:31.685,aml,OK,pacs.008,FAST,762.26,SGD,**************1714,SG,273
3eb13b90-4668-5257-bdd6-40fb06671ad1,2026-07-10T17:18:31.747,payment-hub,OK,pacs.008,FAST,762.26,SGD,**************1714,SG,120
3eb13b90-4668-5257-bdd6-40fb06671ad1,2026-07-10T17:18:31.818,core-banking,OK,pacs.008,FAST,762.26,SGD,**************1714,SG,63
3eb13b90-4668-5257-bdd6-40fb06671ad1,2026-07-10T17:18:31.876,settlement,SETTLED,pacs.008,FAST,762.26,SGD,**************1714,SG,341
3eb13b90-4668-5257-bdd6-40fb06671ad1,2026-07-14T13:00:04.514,gateway,OK,pacs.008,FAST,703.43,GBP,**************4561,SG,58
3eb13b90-4668-5257-bdd6-40fb06671ad1,2026-07-14T13:00:04.558,auth,OK,pacs.008,FAST,703.43,GBP,**************4561,SG,70
3eb13b90-4668-5257-bdd6-40fb06671ad1,2026-07-14T13:00:04.596,validation,OK,pacs.008,FAST,703.43,GBP,**************4561,SG,92
3eb13b90-4668-5257-bdd6-40fb06671ad1,2026-07-14T13:00:04.688,aml,TIMEOUT,pacs.008,FAST,703.43,GBP,**************4561,SG,30000
3eb13b90-4668-5257-bdd6-40fb06671ad1,2026-07-14T13:00:04.766,payment-hub,FAILED,pacs.008,FAST,703.43,GBP,**************4561,SG,86
3eb13b90-4668-5257-bdd6-40fb06671ad1,2026-07-07T17:24:05.097,gateway,OK,pacs.008,FAST,891.09,SGD,**************8562,MY,21
3eb13b90-4668-5257-bdd6-40fb06671ad1,2026-07-07T17:24:05.305,auth,OK,pacs.008,FAST,891.09,SGD,**************8562,MY,27
3eb13b90-4668-5257-bdd6-40fb06671ad1,2026-07-07T17:24:05.370,validation,OK,pacs.008,FAST,891.09,SGD,**************8562,MY,48
3eb13b90-4668-5257-bdd6-40fb06671ad1,2026-07-07T17:24:05.555,aml,OK,pacs.008,FAST,891.09,SGD,**************8562,MY,86
3eb13b90-4668-5257-bdd6-40fb06671ad1,2026-07-07T17:24:05.605,payment-hub,OK,pacs.008,FAST,891.09,SGD,**************8562,MY,59
3eb13b90-4668-5257-bdd6-40fb06671ad1,2026-07-07T17:24:05.902,core-banking,OK,pacs.008,FAST,891.09,SGD,**************8562,MY,173
3eb13b90-4668-5257-bdd6-40fb06671ad1,2026-07-07T17:24:05.952,settlement,SETTLED,pacs.008,FAST,891.09,SGD,**************8562,MY,373
3eb13b90-4668-5257-bdd6-40fb06671ad1,2026-07-03T11:19:48.253,gateway,OK,pacs.008,FAST,411.63,USD,**************6569,SG,50
3eb13b90-4668-5257-bdd6-40fb06671ad1,2026-07-03T11:19:48.364,auth,OK,pacs.008,FAST,411.63,USD,**************6569,SG,62
3eb13b90-4668-5257-bdd6-40fb06671ad1,2026-07-03T11:19:48.563,validation,OK,pacs.008,FAST,411.63,USD,**************6569,SG,30
3eb13b90-4668-5257-bdd6-40fb06671ad1,2026-07-03T11:19:48.691,aml,OK,pacs.008,FAST,411.63,USD,**************6569,SG,295
3eb13b90-4668-5257-bdd6-40fb06671ad1,2026-07-03T11:19:48.842,payment-hub,OK,pacs.008,FAST,411.63,USD,**************6569,SG,129
3eb13b90-4668-5257-bdd6-40fb06671ad1,2026-07-03T11:19:48.948,core-banking,OK,pacs.008,FAST,411.63,USD,**************6569,SG,71
3eb13b90-4668-5257-bdd6-40fb06671ad1,2026-07-03T11:19:49.122,settlement,SETTLED,pacs.008,FAST,411.63,USD,**************6569,SG,381
3eb13b90-4668-5257-bdd6-40fb06671ad1,2026-07-12T03:58:55.545,gateway,OK,MT103,SWIFT,158.47,SGD,**************2094,IN,37
3eb13b90-4668-5257-bdd6-40fb06671ad1,2026-07-12T03:58:55.605,auth,OK,MT103,SWIFT,158.47,SGD,**************2094,IN,63
3eb13b90-4668-5257-bdd6-40fb06671ad1,2026-07-12T03:58:55.701,validation,OK,MT103,SWIFT,158.47,SGD,**************2094,IN,91
3eb13b90-4668-5257-bdd6-40fb06671ad1,2026-07-12T03:58:56.020,aml,OK,MT103,SWIFT,158.47,SGD,**************2094,IN,265
3eb13b90-4668-5257-bdd6-40fb06671ad1,2026-07-12T03:58:56.124,payment-hub,OK,MT103,SWIFT,158.47,SGD,**************2094,IN,69
3eb13b90-4668-5257-bdd6-40fb06671ad1,2026-07-12T03:58:56.320,core-banking,OK,MT103,SWIFT,158.47,SGD,**************2094,IN,92
3eb13b90-4668-5257-bdd6-40fb06671ad1,2026-07-12T03:58:56.405,settlement,SETTLED,MT103,SWIFT,158.47,SGD,**************2094,IN,294
3eb13b90-4668-5257-bdd6-40fb06671ad1,2026-07-11T18:47:33.664,gateway,OK,pacs.008,FAST,2417.65,USD,**************2219,SG,54
3eb13b90-4668-5257-bdd6-40fb06671ad1,2026-07-11T18:47:33.873,auth,OK,pacs.008,FAST,2417.65,USD,**************2219,SG,52
3eb13b90-4668-5257-bdd6-40fb06671ad1,2026-07-11T18:47:33.967,validation,OK,pacs.008,FAST,2417.65,USD,**************2219,SG,103
3eb13b90-4668-5257-bdd6-40fb06671ad1,2026-07-11T18:47:34.056,aml,OK,pacs.008,FAST,2417.65,USD,**************2219,SG,71
3eb13b90-4668-5257-bdd6-40fb06671ad1,2026-07-11T18:47:34.172,payment-hub,OK,pacs.008,FAST,2417.65,USD,**************2219,SG,72
3eb13b90-4668-5257-bdd6-40fb06671ad1,2026-07-11T18:47:34.400,core-banking,OK,pacs.008,FAST,2417.65,USD,**************2219,SG,133
3eb13b90-4668-5257-bdd6-40fb06671ad1,2026-07-11T18:47:34.479,settlement,SETTLED,pacs.008,FAST,2417.65,USD,**************2219,SG,97
3eb13b90-4668-5257-bdd6-40fb06671ad1,2026-07-04T05:30:29.374,gateway,OK,pacs.008,FAST,212.87,SGD,**************6698,MY,31
3eb13b90-4668-5257-bdd6-40fb06671ad1,2026-07-04T05:30:29.463,auth,OK,pacs.008,FAST,212.87,SGD,**************6698,MY,51
3eb13b90-4668-5257-bdd6-40fb06671ad1,2026-07-04T05:30:29.665,validation,OK,pacs.008,FAST,212.87,SGD,**************6698,MY,74
3eb13b90-4668-5257-bdd6-40fb06671ad1,2026-07-04T05:30:29.735,aml,OK,pacs.008,FAST,212.87,SGD,**************6698,MY,175
3eb13b90-4668-5257-bdd6-40fb06671ad1,2026-07-04T05:30:29.801,payment-hub,OK,pacs.008,FAST,212.87,SGD,**************6698,MY,74
3eb13b90-4668-5257-bdd6-40fb06671ad1,2026-07-04T05:30:29.888,core-banking,OK,pacs.008,FAST,212.87,SGD,**************6698,MY,148
3eb13b90-4668-5257-bdd6-40fb06671ad1,2026-07-04T05:30:30.182,settlement,SETTLED,pacs.008,FAST,212.87,SGD,**************6698,MY,64
3eb13b90-4668-5257-bdd6-40fb06671ad1,2026-07-04T12:58:00.386,gateway,OK,pacs.008,FAST,592.14,SGD,**************5286,IN,53
3eb13b90-4668-5257-bdd6-40fb06671ad1,2026-07-04T12:58:00.621,auth,OK,pacs.008,FAST,592.14,SGD,**************5286,IN,28
3eb13b90-4668-5257-bdd6-40fb06671ad1,2026-07-04T12:58:00.731,validation,OK,pacs.008,FAST,592.14,SGD,**************5286,IN,100
3eb13b90-4668-5257-bdd6-40fb06671ad1,2026-07-04T12:58:00.812,aml,OK,pacs.008,FAST,592.14,SGD,**************5286,IN,267
3eb13b90-4668-5257-bdd6-40fb06671ad1,2026-07-04T12:58:01.105,payment-hub,OK,pacs.008,FAST,592.14,SGD,**************5286,IN,70
3eb13b90-4668-5257-bdd6-40fb06671ad1,2026-07-04T12:58:01.207,core-banking,OK,pacs.008,FAST,592.14,SGD,**************5286,IN,154
3eb13b90-4668-5257-bdd6-40fb06671ad1,2026-07-04T12:58:01.371,settlement,SETTLED,pacs.008,FAST,592.14,SGD,**************5286,IN,102
3eb13b90-4668-5257-bdd6-40fb06671ad1,2026-07-08T13:58:59.764,gateway,OK,pacs.008,FAST,749.58,SGD,**************9643,US,50
3eb13b90-4668-5257-bdd6-40fb06671ad1,2026-07-08T13:58:59.887,auth,OK,pacs.008,FAST,749.58,SGD,**************9643,US,90
3eb13b90-4668-5257-bdd6-40fb06671ad1,2026-07-08T13:59:00.005,validation,OK,pacs.008,FAST,749.58,SGD,**************9643,US,58
3eb13b90-4668-5257-bdd6-40fb06671ad1,2026-07-08T13:59:00.164,aml,OK,pacs.008,FAST,749.58,SGD,**************9643,US,246
3eb13b90-4668-5257-bdd6-40fb06671ad1,2026-07-08T13:59:00.230,payment-hub,OK,pacs.008,FAST,749.58,SGD,**************9643,US,122
3eb13b90-4668-5257-bdd6-40fb06671ad1,2026-07-08T13:59:00.498,core-banking,OK,pacs.008,FAST,749.58,SGD,**************9643,US,224
3eb13b90-4668-5257-bdd6-40fb06671ad1,2026-07-08T13:59:00.652,settlement,SETTLED,pacs.008,FAST,749.58,SGD,**************9643,US,297
3eb13b90-4668-5257-bdd6-40fb06671ad1,2026-07-09T22:31:23.921,gateway,OK,MT103,FAST,430.53,SGD,**************8287,IN,32
3eb13b90-4668-5257-bdd6-40fb06671ad1,2026-07-09T22:31:23.973,auth,OK,MT103,FAST,430.53,SGD,**************8287,IN,70
3eb13b90-4668-5257-bdd6-40fb06671ad1,2026-07-09T22:31:24.135,validation,OK,MT103,FAST,430.53,SGD,**************8287,IN,70
3eb13b90-4668-5257-bdd6-40fb06671ad1,2026-07-09T22:31:24.236,aml,OK,MT103,FAST,430.53,SGD,**************8287,IN,205
3eb13b90-4668-5257-bdd6-40fb06671ad1,2026-07-09T22:31:24.312,payment-hub,OK,MT103,FAST,430.53,SGD,**************8287,IN,109
3eb13b90-4668-5257-bdd6-40fb06671ad1,2026-07-09T22:31:24.394,core-banking,OK,MT103,FAST,430.53,SGD,**************8287,IN,155
3eb13b90-4668-5257-bdd6-40fb06671ad1,2026-07-09T22:31:24.441,settlement,SETTLED,MT103,FAST,430.53,SGD,**************8287,IN,72
3eb13b90-4668-5257-bdd6-40fb06671ad1,2026-07-07T21:07:00.665,gateway,OK,MT103,FAST,284.26,SGD,**************0253,SG,20
3eb13b90-4668-5257-bdd6-40fb06671ad1,2026-07-07T21:07:00.968,auth,OK,MT103,FAST,284.26,SGD,**************0253,SG,80
3eb13b90-4668-5257-bdd6-40fb06671ad1,2026-07-07T21:07:01.085,validation,REJECTED,MT103,FAST,284.26,SGD,**************0253,SG,65
3eb13b90-4668-5257-bdd6-40fb06671ad1,2026-07-11T00:12:06.605,gateway,OK,pacs.008,FAST,362.37,GBP,**************1698,IN,41
3eb13b90-4668-5257-bdd6-40fb06671ad1,2026-07-11T00:12:06.871,auth,OK,pacs.008,FAST,362.37,GBP,**************1698,IN,50
3eb13b90-4668-5257-bdd6-40fb06671ad1,2026-07-11T00:12:06.926,validation,OK,pacs.008,FAST,362.37,GBP,**************1698,IN,77
3eb13b90-4668-5257-bdd6-40fb06671ad1,2026-07-11T00:12:07.014,aml,OK,pacs.008,FAST,362.37,GBP,**************1698,IN,100
3eb13b90-4668-5257-bdd6-40fb06671ad1,2026-07-11T00:12:07.075,payment-hub,OK,pacs.008,FAST,362.37,GBP,**************1698,IN,113
3eb13b90-4668-5257-bdd6-40fb06671ad1,2026-07-11T00:12:07.151,core-banking,OK,pacs.008,FAST,362.37,GBP,**************1698,IN,173
3eb13b90-4668-5257-bdd6-40fb06671ad1,2026-07-11T00:12:07.260,settlement,SETTLED,pacs.008,FAST,362.37,GBP,**************1698,IN,232
3eb13b90-4668-5257-bdd6-40fb06671ad1,2026-07-08T21:04:50.013,gateway,OK,pacs.008,CARDS,347.93,SGD,**************4219,IN,42
3eb13b90-4668-5257-bdd6-40fb06671ad1,2026-07-08T21:04:50.074,auth,OK,pacs.008,CARDS,347.93,SGD,**************4219,IN,90
3eb13b90-4668-5257-bdd6-40fb06671ad1,2026-07-08T21:04:50.209,validation,OK,pacs.008,CARDS,347.93,SGD,**************4219,IN,115
3eb13b90-4668-5257-bdd6-40fb06671ad1,2026-07-08T21:04:50.326,aml,OK,pacs.008,CARDS,347.93,SGD,**************4219,IN,256
3eb13b90-4668-5257-bdd6-40fb06671ad1,2026-07-08T21:04:50.385,payment-hub,OK,pacs.008,CARDS,347.93,SGD,**************4219,IN,74
3eb13b90-4668-5257-bdd6-40fb06671ad1,2026-07-08T21:04:50.460,core-banking,OK,pacs.008,CARDS,347.93,SGD,**************4219,IN,131
3eb13b90-4668-5257-bdd6-40fb06671ad1,2026-07-08T21:04:50.568,settlement,SETTLED,pacs.008,CARDS,347.93,SGD,**************4219,IN,350
3eb13b90-4668-5257-bdd6-40fb06671ad1,2026-07-08T16:55:54.797,gateway,OK,0200,FAST,533.88,SGD,**************4158,SG,40
3eb13b90-4668-5257-bdd6-40fb06671ad1,2026-07-08T16:55:54.887,auth,OK,0200,FAST,533.88,SGD,**************4158,SG,61
3eb13b90-4668-5257-bdd6-40fb06671ad1,2026-07-08T16:55:55.208,validation,OK,0200,FAST,533.88,SGD,**************4158,SG,79
3eb13b90-4668-5257-bdd6-40fb06671ad1,2026-07-08T16:55:55.476,aml,OK,0200,FAST,533.88,SGD,**************4158,SG,149
3eb13b90-4668-5257-bdd6-40fb06671ad1,2026-07-08T16:55:55.516,payment-hub,OK,0200,FAST,533.88,SGD,**************4158,SG,50
3eb13b90-4668-5257-bdd6-40fb06671ad1,2026-07-08T16:55:55.614,core-banking,OK,0200,FAST,533.88,SGD,**************4158,SG,57
3eb13b90-4668-5257-bdd6-40fb06671ad1,2026-07-08T16:55:55.880,settlement,SETTLED,0200,FAST,533.88,SGD,**************4158,SG,96
3eb13b90-4668-5257-bdd6-40fb06671ad1,2026-07-08T02:10:45.925,gateway,OK,MT103,SWIFT,1781.44,INR,**************7881,MY,38
3eb13b90-4668-5257-bdd6-40fb06671ad1,2026-07-08T02:10:46.057,auth,OK,MT103,SWIFT,1781.44,INR,**************7881,MY,38
3eb13b90-4668-5257-bdd6-40fb06671ad1,2026-07-08T02:10:46.129,validation,OK,MT103,SWIFT,1781.44,INR,**************7881,MY,64
3eb13b90-4668-5257-bdd6-40fb06671ad1,2026-07-08T02:10:46.250,aml,OK,MT103,SWIFT,1781.44,INR,**************7881,MY,215
3eb13b90-4668-5257-bdd6-40fb06671ad1,2026-07-08T02:10:46.391,payment-hub,OK,MT103,SWIFT,1781.44,INR,**************7881,MY,56
3eb13b90-4668-5257-bdd6-40fb06671ad1,2026-07-08T02:10:46.659,core-banking,OK,MT103,SWIFT,1781.44,INR,**************7881,MY,90
3eb13b90-4668-5257-bdd6-40fb06671ad1,2026-07-08T02:10:46.782,settlement,SETTLED,MT103,SWIFT,1781.44,INR,**************7881,MY,383
3eb13b90-4668-5257-bdd6-40fb06671ad1,2026-07-13T23:55:27.367,gateway,OK,pacs.008,FAST,261.97,MYR,**************4720,SG,52
3eb13b90-4668-5257-bdd6-40fb06671ad1,2026-07-13T23:55:27.482,auth,OK,pacs.008,FAST,261.97,MYR,**************4720,SG,48
3eb13b90-4668-5257-bdd6-40fb06671ad1,2026-07-13T23:55:27.722,validation,OK,pacs.008,FAST,261.97,MYR,**************4720,SG,60
3eb13b90-4668-5257-bdd6-40fb06671ad1,2026-07-13T23:55:27.817,aml,OK,pacs.008,FAST,261.97,MYR,**************4720,SG,200
3eb13b90-4668-5257-bdd6-40fb06671ad1,2026-07-13T23:55:27.964,payment-hub,OK,pacs.008,FAST,261.97,MYR,**************4720,SG,105
3eb13b90-4668-5257-bdd6-40fb06671ad1,2026-07-13T23:55:28.037,core-banking,OK,pacs.008,FAST,261.97,MYR,**************4720,SG,80
3eb13b90-4668-5257-bdd6-40fb06671ad1,2026-07-13T23:55:28.110,settlement,SETTLED,pacs.008,FAST,261.97,MYR,**************4720,SG,271
3eb13b90-4668-5257-bdd6-40fb06671ad1,2026-07-05T06:52:07.287,gateway,OK,pacs.008,SWIFT,9162.03,SGD,**************6289,IN,36
3eb13b90-4668-5257-bdd6-40fb06671ad1,2026-07-05T06:52:07.390,auth,OK,pacs.008,SWIFT,9162.03,SGD,**************6289,IN,52
3eb13b90-4668-5257-bdd6-40fb06671ad1,2026-07-05T06:52:07.482,validation,OK,pacs.008,SWIFT,9162.03,SGD,**************6289,IN,113
3eb13b90-4668-5257-bdd6-40fb06671ad1,2026-07-05T06:52:07.700,aml,OK,pacs.008,SWIFT,9162.03,SGD,**************6289,IN,275
3eb13b90-4668-5257-bdd6-40fb06671ad1,2026-07-05T06:52:07.766,payment-hub,OK,pacs.008,SWIFT,9162.03,SGD,**************6289,IN,72
3eb13b90-4668-5257-bdd6-40fb06671ad1,2026-07-05T06:52:07.843,core-banking,OK,pacs.008,SWIFT,9162.03,SGD,**************6289,IN,144
3eb13b90-4668-5257-bdd6-40fb06671ad1,2026-07-05T06:52:07.956,settlement,SETTLED,pacs.008,SWIFT,9162.03,SGD,**************6289,IN,151
3eb13b90-4668-5257-bdd6-40fb06671ad1,2026-07-12T06:59:21.324,gateway,OK,MT103,FAST,1050.88,SGD,**************2898,MY,33
3eb13b90-4668-5257-bdd6-40fb06671ad1,2026-07-12T06:59:21.518,auth,OK,MT103,FAST,1050.88,SGD,**************2898,MY,25
3eb13b90-4668-5257-bdd6-40fb06671ad1,2026-07-12T06:59:21.622,validation,OK,MT103,FAST,1050.88,SGD,**************2898,MY,62
3eb13b90-4668-5257-bdd6-40fb06671ad1,2026-07-12T06:59:21.734,aml,OK,MT103,FAST,1050.88,SGD,**************2898,MY,228
3eb13b90-4668-5257-bdd6-40fb06671ad1,2026-07-12T06:59:21.898,payment-hub,OK,MT103,FAST,1050.88,SGD,**************2898,MY,84
3eb13b90-4668-5257-bdd6-40fb06671ad1,2026-07-12T06:59:22.033,core-banking,OK,MT103,FAST,1050.88,SGD,**************2898,MY,212
3eb13b90-4668-5257-bdd6-40fb06671ad1,2026-07-12T06:59:22.064,settlement,SETTLED,MT103,FAST,1050.88,SGD,**************2898,MY,212
3eb13b90-4668-5257-bdd6-40fb06671ad1,2026-07-03T12:51:01.602,gateway,OK,MT103,FAST,1346.85,USD,**************4680,SG,59
3eb13b90-4668-5257-bdd6-40fb06671ad1,2026-07-03T12:51:01.654,auth,OK,MT103,FAST,1346.85,USD,**************4680,SG,81
3eb13b90-4668-5257-bdd6-40fb06671ad1,2026-07-03T12:51:01.799,validation,OK,MT103,FAST,1346.85,USD,**************4680,SG,110
3eb13b90-4668-5257-bdd6-40fb06671ad1,2026-07-03T12:51:02.055,aml,OK,MT103,FAST,1346.85,USD,**************4680,SG,42
3eb13b90-4668-5257-bdd6-40fb06671ad1,2026-07-03T12:51:02.314,payment-hub,OK,MT103,FAST,1346.85,USD,**************4680,SG,111
3eb13b90-4668-5257-bdd6-40fb06671ad1,2026-07-03T12:51:02.372,core-banking,OK,MT103,FAST,1346.85,USD,**************4680,SG,66
3eb13b90-4668-5257-bdd6-40fb06671ad1,2026-07-03T12:51:02.418,settlement,SETTLED,MT103,FAST,1346.85,USD,**************4680,SG,200
3eb13b90-4668-5257-bdd6-40fb06671ad1,2026-07-14T22:51:21.646,gateway,OK,pacs.008,FAST,4547.96,SGD,**************8658,IN,17
3eb13b90-4668-5257-bdd6-40fb06671ad1,2026-07-14T22:51:21.736,auth,OK,pacs.008,FAST,4547.96,SGD,**************8658,IN,44
3eb13b90-4668-5257-bdd6-40fb06671ad1,2026-07-14T22:51:21.853,validation,OK,pacs.008,FAST,4547.96,SGD,**************8658,IN,53
3eb13b90-4668-5257-bdd6-40fb06671ad1,2026-07-14T22:51:21.888,aml,TIMEOUT,pacs.008,FAST,4547.96,SGD,**************8658,IN,30000
3eb13b90-4668-5257-bdd6-40fb06671ad1,2026-07-14T22:51:22.023,payment-hub,FAILED,pacs.008,FAST,4547.96,SGD,**************8658,IN,92
3eb13b90-4668-5257-bdd6-40fb06671ad1,2026-07-04T18:06:00.716,gateway,OK,MT103,FAST,142.07,USD,**************6326,IN,35
3eb13b90-4668-5257-bdd6-40fb06671ad1,2026-07-04T18:06:00.840,auth,OK,MT103,FAST,142.07,USD,**************6326,IN,47
3eb13b90-4668-5257-bdd6-40fb06671ad1,2026-07-04T18:06:01.045,validation,OK,MT103,FAST,142.07,USD,**************6326,IN,80
3eb13b90-4668-5257-bdd6-40fb06671ad1,2026-07-04T18:06:01.101,aml,TIMEOUT,MT103,FAST,142.07,USD,**************6326,IN,30000
3eb13b90-4668-5257-bdd6-40fb06671ad1,2026-07-04T18:06:01.246,payment-hub,FAILED,MT103,FAST,142.07,USD,**************6326,IN,100
3eb13b90-4668-5257-bdd6-40fb06671ad1,2026-07-09T09:49:50.915,gateway,OK,pacs.008,SWIFT,917.27,SGD,**************2578,GB,25
3eb13b90-4668-5257-bdd6-40fb06671ad1,2026-07-09T09:49:50.996,auth,OK,pacs.008,SWIFT,917.27,SGD,**************2578,GB,48
3eb13b90-4668-5257-bdd6-40fb06671ad1,2026-07-09T09:49:51.182,validation,OK,pacs.008,SWIFT,917.27,SGD,**************2578,GB,96
3eb13b90-4668-5257-bdd6-40fb06671ad1,2026-07-09T09:49:51.285,aml,OK,pacs.008,SWIFT,917.27,SGD,**************2578,GB,195
3eb13b90-4668-5257-bdd6-40fb06671ad1,2026-07-09T09:49:51.340,payment-hub,OK,pacs.008,SWIFT,917.27,SGD,**************2578,GB,31
3eb13b90-4668-5257-bdd6-40fb06671ad1,2026-07-09T09:49:51.408,core-banking,OK,pacs.008,SWIFT,917.27,SGD,**************2578,GB,91
3eb13b90-4668-5257-bdd6-40fb06671ad1,2026-07-09T09:49:51.575,settlement,SETTLED,pacs.008,SWIFT,917.27,SGD,**************2578,GB,107
3eb13b90-4668-5257-bdd6-40fb06671ad1,2026-07-13T15:20:22.587,gateway,OK,pacs.008,FAST,2296.44,SGD,**************6539,US,16
3eb13b90-4668-5257-bdd6-40fb06671ad1,2026-07-13T15:20:22.654,auth,OK,pacs.008,FAST,2296.44,SGD,**************6539,US,48
3eb13b90-4668-5257-bdd6-40fb06671ad1,2026-07-13T15:20:22.735,validation,OK,pacs.008,FAST,2296.44,SGD,**************6539,US,85
3eb13b90-4668-5257-bdd6-40fb06671ad1,2026-07-13T15:20:22.824,aml,OK,pacs.008,FAST,2296.44,SGD,**************6539,US,171
3eb13b90-4668-5257-bdd6-40fb06671ad1,2026-07-13T15:20:22.900,payment-hub,OK,pacs.008,FAST,2296.44,SGD,**************6539,US,107
3eb13b90-4668-5257-bdd6-40fb06671ad1,2026-07-13T15:20:22.962,core-banking,OK,pacs.008,FAST,2296.44,SGD,**************6539,US,230
3eb13b90-4668-5257-bdd6-40fb06671ad1,2026-07-13T15:20:23.041,settlement,SETTLED,pacs.008,FAST,2296.44,SGD,**************6539,US,308
3eb13b90-4668-5257-bdd6-40fb06671ad1,2026-07-10T08:15:50.183,gateway,OK,MT103,FAST,83.8,USD,**************2445,MY,43
3eb13b90-4668-5257-bdd6-40fb06671ad1,2026-07-10T08:15:50.311,auth,OK,MT103,FAST,83.8,USD,**************2445,MY,87
3eb13b90-4668-5257-bdd6-40fb06671ad1,2026-07-10T08:15:50.355,validation,OK,MT103,FAST,83.8,USD,**************2445,MY,45
3eb13b90-4668-5257-bdd6-40fb06671ad1,2026-07-10T08:15:50.398,aml,OK,MT103,FAST,83.8,USD,**************2445,MY,121
3eb13b90-4668-5257-bdd6-40fb06671ad1,2026-07-10T08:15:50.490,payment-hub,OK,MT103,FAST,83.8,USD,**************2445,MY,76
3eb13b90-4668-5257-bdd6-40fb06671ad1,2026-07-10T08:15:50.583,core-banking,OK,MT103,FAST,83.8,USD,**************2445,MY,58
3eb13b90-4668-5257-bdd6-40fb06671ad1,2026-07-10T08:15:50.636,settlement,SETTLED,MT103,FAST,83.8,USD,**************2445,MY,188
3eb13b90-4668-5257-bdd6-40fb06671ad1,2026-07-03T14:29:37.006,gateway,OK,pacs.008,FAST,1088.9,INR,**************1149,IN,26
3eb13b90-4668-5257-bdd6-40fb06671ad1,2026-07-03T14:29:37.063,auth,OK,pacs.008,FAST,1088.9,INR,**************1149,IN,28
3eb13b90-4668-5257-bdd6-40fb06671ad1,2026-07-03T14:29:37.175,validation,OK,pacs.008,FAST,1088.9,INR,**************1149,IN,57
3eb13b90-4668-5257-bdd6-40fb06671ad1,2026-07-03T14:29:37.280,aml,OK,pacs.008,FAST,1088.9,INR,**************1149,IN,137
3eb13b90-4668-5257-bdd6-40fb06671ad1,2026-07-03T14:29:37.346,payment-hub,OK,pacs.008,FAST,1088.9,INR,**************1149,IN,72
3eb13b90-4668-5257-bdd6-40fb06671ad1,2026-07-03T14:29:37.461,core-banking,OK,pacs.008,FAST,1088.9,INR,**************1149,IN,51
3eb13b90-4668-5257-bdd6-40fb06671ad1,2026-07-03T14:29:37.510,settlement,SETTLED,pacs.008,FAST,1088.9,INR,**************1149,IN,174
3eb13b90-4668-5257-bdd6-40fb06671ad1,2026-07-08T00:41:01.086,gateway,OK,pacs.008,FAST,1243.08,SGD,**************7698,GB,29
3eb13b90-4668-5257-bdd6-40fb06671ad1,2026-07-08T00:41:01.331,auth,OK,pacs.008,FAST,1243.08,SGD,**************7698,GB,76
3eb13b90-4668-5257-bdd6-40fb06671ad1,2026-07-08T00:41:01.444,validation,OK,pacs.008,FAST,1243.08,SGD,**************7698,GB,89
3eb13b90-4668-5257-bdd6-40fb06671ad1,2026-07-08T00:41:01.546,aml,OK,pacs.008,FAST,1243.08,SGD,**************7698,GB,73
3eb13b90-4668-5257-bdd6-40fb06671ad1,2026-07-08T00:41:01.789,payment-hub,OK,pacs.008,FAST,1243.08,SGD,**************7698,GB,143
3eb13b90-4668-5257-bdd6-40fb06671ad1,2026-07-08T00:41:01.862,core-banking,OK,pacs.008,FAST,1243.08,SGD,**************7698,GB,195
3eb13b90-4668-5257-bdd6-40fb06671ad1,2026-07-08T00:41:01.921,settlement,SETTLED,pacs.008,FAST,1243.08,SGD,**************7698,GB,267
3eb13b90-4668-5257-bdd6-40fb06671ad1,2026-07-06T21:19:11.787,gateway,OK,pacs.008,FAST,85.74,SGD,**************9040,GB,45
3eb13b90-4668-5257-bdd6-40fb06671ad1,2026-07-06T21:19:11.836,auth,OK,pacs.008,FAST,85.74,SGD,**************9040,GB,82
3eb13b90-4668-5257-bdd6-40fb06671ad1,2026-07-06T21:19:11.888,validation,OK,pacs.008,FAST,85.74,SGD,**************9040,GB,113
3eb13b90-4668-5257-bdd6-40fb06671ad1,2026-07-06T21:19:11.971,aml,OK,pacs.008,FAST,85.74,SGD,**************9040,GB,163
3eb13b90-4668-5257-bdd6-40fb06671ad1,2026-07-06T21:19:12.100,payment-hub,OK,pacs.008,FAST,85.74,SGD,**************9040,GB,137
3eb13b90-4668-5257-bdd6-40fb06671ad1,2026-07-06T21:19:12.181,core-banking,OK,pacs.008,FAST,85.74,SGD,**************9040,GB,71
3eb13b90-4668-5257-bdd6-40fb06671ad1,2026-07-06T21:19:12.393,settlement,SETTLED,pacs.008,FAST,85.74,SGD,**************9040,GB,363
3eb13b90-4668-5257-bdd6-40fb06671ad1,2026-07-02T01:08:48.396,gateway,OK,pacs.008,SWIFT,346.55,MYR,**************5805,IN,22
3eb13b90-4668-5257-bdd6-40fb06671ad1,2026-07-02T01:08:48.544,auth,OK,pacs.008,SWIFT,346.55,MYR,**************5805,IN,69
3eb13b90-4668-5257-bdd6-40fb06671ad1,2026-07-02T01:08:48.589,validation,OK,pacs.008,SWIFT,346.55,MYR,**************5805,IN,42
3eb13b90-4668-5257-bdd6-40fb06671ad1,2026-07-02T01:08:48.690,aml,OK,pacs.008,SWIFT,346.55,MYR,**************5805,IN,287
3eb13b90-4668-5257-bdd6-40fb06671ad1,2026-07-02T01:08:48.823,payment-hub,OK,pacs.008,SWIFT,346.55,MYR,**************5805,IN,62
3eb13b90-4668-5257-bdd6-40fb06671ad1,2026-07-02T01:08:48.977,core-banking,OK,pacs.008,SWIFT,346.55,MYR,**************5805,IN,217
3eb13b90-4668-5257-bdd6-40fb06671ad1,2026-07-02T01:08:49.086,settlement,SETTLED,pacs.008,SWIFT,346.55,MYR,**************5805,IN,156
3eb13b90-4668-5257-bdd6-40fb06671ad1,2026-07-13T09:54:19.759,gateway,OK,0200,FAST,1214.49,SGD,**************0974,SG,58
3eb13b90-4668-5257-bdd6-40fb06671ad1,2026-07-13T09:54:19.887,auth,OK,0200,FAST,1214.49,SGD,**************0974,SG,37
3eb13b90-4668-5257-bdd6-40fb06671ad1,2026-07-13T09:54:19.956,validation,OK,0200,FAST,1214.49,SGD,**************0974,SG,27
3eb13b90-4668-5257-bdd6-40fb06671ad1,2026-07-13T09:54:49.964,aml,OK,0200,FAST,1214.49,SGD,**************0974,SG,212
3eb13b90-4668-5257-bdd6-40fb06671ad1,2026-07-13T09:54:50.018,payment-hub,OK,0200,FAST,1214.49,SGD,**************0974,SG,146
3eb13b90-4668-5257-bdd6-40fb06671ad1,2026-07-13T09:54:50.118,core-banking,OK,0200,FAST,1214.49,SGD,**************0974,SG,114
3eb13b90-4668-5257-bdd6-40fb06671ad1,2026-07-13T09:54:50.195,settlement,SETTLED,0200,FAST,1214.49,SGD,**************0974,SG,171
3eb13b90-4668-5257-bdd6-40fb06671ad1,2026-07-14T11:02:21.363,gateway,OK,MT103,FAST,1107.61,GBP,**************7992,US,16
3eb13b90-4668-5257-bdd6-40fb06671ad1,2026-07-14T11:02:21.536,auth,OK,MT103,FAST,1107.61,GBP,**************7992,US,33
3eb13b90-4668-5257-bdd6-40fb06671ad1,2026-07-14T11:02:21.705,validation,OK,MT103,FAST,1107.61,GBP,**************7992,US,117
3eb13b90-4668-5257-bdd6-40fb06671ad1,2026-07-14T11:02:21.802,aml,OK,MT103,FAST,1107.61,GBP,**************7992,US,157
3eb13b90-4668-5257-bdd6-40fb06671ad1,2026-07-14T11:02:21.849,payment-hub,OK,MT103,FAST,1107.61,GBP,**************7992,US,46
3eb13b90-4668-5257-bdd6-40fb06671ad1,2026-07-14T11:02:21.923,core-banking,OK,MT103,FAST,1107.61,GBP,**************7992,US,110
3eb13b90-4668-5257-bdd6-40fb06671ad1,2026-07-14T11:02:22.010,settlement,SETTLED,MT103,FAST,1107.61,GBP,**************7992,US,147
3eb13b90-4668-5257-bdd6-40fb06671ad1,2026-07-07T10:37:50.744,gateway,OK,pacs.008,FAST,252.75,MYR,**************1829,GB,22
3eb13b90-4668-5257-bdd6-40fb06671ad1,2026-07-07T10:37:50.790,auth,OK,pacs.008,FAST,252.75,MYR,**************1829,GB,55
3eb13b90-4668-5257-bdd6-40fb06671ad1,2026-07-07T10:37:50.915,validation,OK,pacs.008,FAST,252.75,MYR,**************1829,GB,112
3eb13b90-4668-5257-bdd6-40fb06671ad1,2026-07-07T10:37:51.014,aml,OK,pacs.008,FAST,252.75,MYR,**************1829,GB,150
3eb13b90-4668-5257-bdd6-40fb06671ad1,2026-07-07T10:37:51.096,payment-hub,OK,pacs.008,FAST,252.75,MYR,**************1829,GB,111
3eb13b90-4668-5257-bdd6-40fb06671ad1,2026-07-07T10:37:51.193,core-banking,OK,pacs.008,FAST,252.75,MYR,**************1829,GB,157
3eb13b90-4668-5257-bdd6-40fb06671ad1,2026-07-07T10:37:51.310,settlement,SETTLED,pacs.008,FAST,252.75,MYR,**************1829,GB,335
3eb13b90-4668-5257-bdd6-40fb06671ad1,2026-07-05T10:56:39.777,gateway,OK,pacs.008,FAST,514.99,SGD,**************8966,MY,34
3eb13b90-4668-5257-bdd6-40fb06671ad1,2026-07-05T10:56:39.877,auth,OK,pacs.008,FAST,514.99,SGD,**************8966,MY,85
3eb13b90-4668-5257-bdd6-40fb06671ad1,2026-07-05T10:56:39.966,validation,REJECTED,pacs.008,FAST,514.99,SGD,**************8966,MY,61
3eb13b90-4668-5257-bdd6-40fb06671ad1,2026-07-12T12:38:12.845,gateway,OK,pacs.008,FAST,2921.36,SGD,**************3703,IN,26
3eb13b90-4668-5257-bdd6-40fb06671ad1,2026-07-12T12:38:12.976,auth,OK,pacs.008,FAST,2921.36,SGD,**************3703,IN,63
3eb13b90-4668-5257-bdd6-40fb06671ad1,2026-07-12T12:38:13.120,validation,OK,pacs.008,FAST,2921.36,SGD,**************3703,IN,106
3eb13b90-4668-5257-bdd6-40fb06671ad1,2026-07-12T12:38:13.232,aml,OK,pacs.008,FAST,2921.36,SGD,**************3703,IN,149
3eb13b90-4668-5257-bdd6-40fb06671ad1,2026-07-12T12:38:13.537,payment-hub,OK,pacs.008,FAST,2921.36,SGD,**************3703,IN,145
3eb13b90-4668-5257-bdd6-40fb06671ad1,2026-07-12T12:38:13.616,core-banking,OK,pacs.008,FAST,2921.36,SGD,**************3703,IN,245
3eb13b90-4668-5257-bdd6-40fb06671ad1,2026-07-12T12:38:13.748,settlement,SETTLED,pacs.008,FAST,2921.36,SGD,**************3703,IN,270
3eb13b90-4668-5257-bdd6-40fb06671ad1,2026-07-07T17:35:50.920,gateway,OK,pacs.008,FAST,2974.32,SGD,**************6414,US,54
3eb13b90-4668-5257-bdd6-40fb06671ad1,2026-07-07T17:35:51.009,auth,OK,pacs.008,FAST,2974.32,SGD,**************6414,US,32
3eb13b90-4668-5257-bdd6-40fb06671ad1,2026-07-07T17:35:51.080,validation,OK,pacs.008,FAST,2974.32,SGD,**************6414,US,69
3eb13b90-4668-5257-bdd6-40fb06671ad1,2026-07-07T17:35:51.317,aml,OK,pacs.008,FAST,2974.32,SGD,**************6414,US,87
3eb13b90-4668-5257-bdd6-40fb06671ad1,2026-07-07T17:35:51.411,payment-hub,OK,pacs.008,FAST,2974.32,SGD,**************6414,US,136
3eb13b90-4668-5257-bdd6-40fb06671ad1,2026-07-07T17:35:51.478,core-banking,OK,pacs.008,FAST,2974.32,SGD,**************6414,US,52
3eb13b90-4668-5257-bdd6-40fb06671ad1,2026-07-07T17:35:51.517,settlement,SETTLED,pacs.008,FAST,2974.32,SGD,**************6414,US,134
3eb13b90-4668-5257-bdd6-40fb06671ad1,2026-07-12T22:18:44.841,gateway,OK,pacs.008,FAST,199.38,SGD,**************9418,MY,35
3eb13b90-4668-5257-bdd6-40fb06671ad1,2026-07-12T22:18:44.913,auth,OK,pacs.008,FAST,199.38,SGD,**************9418,MY,42
3eb13b90-4668-5257-bdd6-40fb06671ad1,2026-07-12T22:18:45.083,validation,OK,pacs.008,FAST,199.38,SGD,**************9418,MY,65
3eb13b90-4668-5257-bdd6-40fb06671ad1,2026-07-12T22:18:45.201,aml,TIMEOUT,pacs.008,FAST,199.38,SGD,**************9418,MY,30000
3eb13b90-4668-5257-bdd6-40fb06671ad1,2026-07-12T22:18:45.316,payment-hub,FAILED,pacs.008,FAST,199.38,SGD,**************9418,MY,73
3eb13b90-4668-5257-bdd6-40fb06671ad1,2026-07-15T06:24:37.690,gateway,OK,MT103,FAST,979.93,USD,**************6810,IN,45
3eb13b90-4668-5257-bdd6-40fb06671ad1,2026-07-15T06:24:37.771,auth,OK,MT103,FAST,979.93,USD,**************6810,IN,29
3eb13b90-4668-5257-bdd6-40fb06671ad1,2026-07-15T06:24:37.880,validation,OK,MT103,FAST,979.93,USD,**************6810,IN,83
3eb13b90-4668-5257-bdd6-40fb06671ad1,2026-07-15T06:24:37.950,aml,OK,MT103,FAST,979.93,USD,**************6810,IN,182
3eb13b90-4668-5257-bdd6-40fb06671ad1,2026-07-15T06:24:38.032,payment-hub,OK,MT103,FAST,979.93,USD,**************6810,IN,32
3eb13b90-4668-5257-bdd6-40fb06671ad1,2026-07-15T06:24:38.101,core-banking,OK,MT103,FAST,979.93,USD,**************6810,IN,93
3eb13b90-4668-5257-bdd6-40fb06671ad1,2026-07-15T06:24:38.280,settlement,SETTLED,MT103,FAST,979.93,USD,**************6810,IN,66
3eb13b90-4668-5257-bdd6-40fb06671ad1,2026-07-06T13:52:21.379,gateway,OK,pacs.008,CARDS,913.71,SGD,**************4433,IN,47
3eb13b90-4668-5257-bdd6-40fb06671ad1,2026-07-06T13:52:21.533,auth,OK,pacs.008,CARDS,913.71,SGD,**************4433,IN,70
3eb13b90-4668-5257-bdd6-40fb06671ad1,2026-07-06T13:52:21.638,validation,OK,pacs.008,CARDS,913.71,SGD,**************4433,IN,89
3eb13b90-4668-5257-bdd6-40fb06671ad1,2026-07-06T13:52:21.697,aml,OK,pacs.008,CARDS,913.71,SGD,**************4433,IN,103
3eb13b90-4668-5257-bdd6-40fb06671ad1,2026-07-06T13:52:21.874,payment-hub,OK,pacs.008,CARDS,913.71,SGD,**************4433,IN,63
3eb13b90-4668-5257-bdd6-40fb06671ad1,2026-07-06T13:52:21.986,core-banking,OK,pacs.008,CARDS,913.71,SGD,**************4433,IN,58
3eb13b90-4668-5257-bdd6-40fb06671ad1,2026-07-06T13:52:22.079,settlement,SETTLED,pacs.008,CARDS,913.71,SGD,**************4433,IN,268
3eb13b90-4668-5257-bdd6-40fb06671ad1,2026-07-15T07:40:20.504,gateway,OK,pacs.008,FAST,2057.84,USD,**************2392,SG,47
3eb13b90-4668-5257-bdd6-40fb06671ad1,2026-07-15T07:40:20.792,auth,OK,pacs.008,FAST,2057.84,USD,**************2392,SG,25
3eb13b90-4668-5257-bdd6-40fb06671ad1,2026-07-15T07:40:20.882,validation,OK,pacs.008,FAST,2057.84,USD,**************2392,SG,114
3eb13b90-4668-5257-bdd6-40fb06671ad1,2026-07-15T07:40:20.942,aml,OK,pacs.008,FAST,2057.84,USD,**************2392,SG,94
3eb13b90-4668-5257-bdd6-40fb06671ad1,2026-07-15T07:40:21.070,payment-hub,OK,pacs.008,FAST,2057.84,USD,**************2392,SG,122
3eb13b90-4668-5257-bdd6-40fb06671ad1,2026-07-15T07:40:21.186,core-banking,OK,pacs.008,FAST,2057.84,USD,**************2392,SG,160
3eb13b90-4668-5257-bdd6-40fb06671ad1,2026-07-15T07:40:21.497,settlement,SETTLED,pacs.008,FAST,2057.84,USD,**************2392,SG,191
3eb13b90-4668-5257-bdd6-40fb06671ad1,2026-07-13T04:24:31.336,gateway,OK,pacs.008,FAST,1470.93,EUR,**************7489,HK,40
3eb13b90-4668-5257-bdd6-40fb06671ad1,2026-07-13T04:24:31.482,auth,OK,pacs.008,FAST,1470.93,EUR,**************7489,HK,29
3eb13b90-4668-5257-bdd6-40fb06671ad1,2026-07-13T04:24:31.643,validation,OK,pacs.008,FAST,1470.93,EUR,**************7489,HK,25
3eb13b90-4668-5257-bdd6-40fb06671ad1,2026-07-13T04:24:31.705,aml,OK,pacs.008,FAST,1470.93,EUR,**************7489,HK,101
3eb13b90-4668-5257-bdd6-40fb06671ad1,2026-07-13T04:24:31.784,payment-hub,OK,pacs.008,FAST,1470.93,EUR,**************7489,HK,102
3eb13b90-4668-5257-bdd6-40fb06671ad1,2026-07-13T04:24:31.874,core-banking,OK,pacs.008,FAST,1470.93,EUR,**************7489,HK,78
3eb13b90-4668-5257-bdd6-40fb06671ad1,2026-07-13T04:24:31.983,settlement,SETTLED,pacs.008,FAST,1470.93,EUR,**************7489,HK,168
3eb13b90-4668-5257-bdd6-40fb06671ad1,2026-07-05T02:22:22.212,gateway,OK,MT103,FAST,615.87,SGD,**************5893,IN,37
3eb13b90-4668-5257-bdd6-40fb06671ad1,2026-07-05T02:22:22.297,auth,OK,MT103,FAST,615.87,SGD,**************5893,IN,72
3eb13b90-4668-5257-bdd6-40fb06671ad1,2026-07-05T02:22:22.582,validation,OK,MT103,FAST,615.87,SGD,**************5893,IN,62
3eb13b90-4668-5257-bdd6-40fb06671ad1,2026-07-05T02:22:22.638,aml,OK,MT103,FAST,615.87,SGD,**************5893,IN,145
3eb13b90-4668-5257-bdd6-40fb06671ad1,2026-07-05T02:22:22.696,payment-hub,OK,MT103,FAST,615.87,SGD,**************5893,IN,139
3eb13b90-4668-5257-bdd6-40fb06671ad1,2026-07-05T02:22:22.792,core-banking,OK,MT103,FAST,615.87,SGD,**************5893,IN,74
3eb13b90-4668-5257-bdd6-40fb06671ad1,2026-07-05T02:22:22.846,settlement,SETTLED,MT103,FAST,615.87,SGD,**************5893,IN,282
3eb13b90-4668-5257-bdd6-40fb06671ad1,2026-07-07T21:42:22.258,gateway,OK,pacs.008,SWIFT,346.05,SGD,**************8928,SG,31
3eb13b90-4668-5257-bdd6-40fb06671ad1,2026-07-07T21:42:22.395,auth,OK,pacs.008,SWIFT,346.05,SGD,**************8928,SG,25
3eb13b90-4668-5257-bdd6-40fb06671ad1,2026-07-07T21:42:22.581,validation,OK,pacs.008,SWIFT,346.05,SGD,**************8928,SG,92
3eb13b90-4668-5257-bdd6-40fb06671ad1,2026-07-07T21:42:22.663,aml,OK,pacs.008,SWIFT,346.05,SGD,**************8928,SG,237
3eb13b90-4668-5257-bdd6-40fb06671ad1,2026-07-07T21:42:22.782,payment-hub,OK,pacs.008,SWIFT,346.05,SGD,**************8928,SG,109
3eb13b90-4668-5257-bdd6-40fb06671ad1,2026-07-07T21:42:22.813,core-banking,OK,pacs.008,SWIFT,346.05,SGD,**************8928,SG,110
3eb13b90-4668-5257-bdd6-40fb06671ad1,2026-07-07T21:42:22.901,settlement,SETTLED,pacs.008,SWIFT,346.05,SGD,**************8928,SG,171
3eb13b90-4668-5257-bdd6-40fb06671ad1,2026-07-03T23:50:11.244,gateway,OK,pacs.008,FAST,326.8,EUR,**************1388,MY,35
3eb13b90-4668-5257-bdd6-40fb06671ad1,2026-07-03T23:50:11.300,auth,OK,pacs.008,FAST,326.8,EUR,**************1388,MY,74
3eb13b90-4668-5257-bdd6-40fb06671ad1,2026-07-03T23:50:11.339,validation,OK,pacs.008,FAST,326.8,EUR,**************1388,MY,28
3eb13b90-4668-5257-bdd6-40fb06671ad1,2026-07-03T23:50:11.428,aml,OK,pacs.008,FAST,326.8,EUR,**************1388,MY,109
3eb13b90-4668-5257-bdd6-40fb06671ad1,2026-07-03T23:50:11.516,payment-hub,OK,pacs.008,FAST,326.8,EUR,**************1388,MY,58
3eb13b90-4668-5257-bdd6-40fb06671ad1,2026-07-03T23:50:11.817,core-banking,OK,pacs.008,FAST,326.8,EUR,**************1388,MY,107
3eb13b90-4668-5257-bdd6-40fb06671ad1,2026-07-03T23:50:11.916,settlement,SETTLED,pacs.008,FAST,326.8,EUR,**************1388,MY,80
3eb13b90-4668-5257-bdd6-40fb06671ad1,2026-07-11T11:43:31.115,gateway,OK,pacs.008,FAST,226.19,INR,**************8939,SG,22
3eb13b90-4668-5257-bdd6-40fb06671ad1,2026-07-11T11:43:31.313,auth,OK,pacs.008,FAST,226.19,INR,**************8939,SG,20
3eb13b90-4668-5257-bdd6-40fb06671ad1,2026-07-11T11:43:31.359,validation,OK,pacs.008,FAST,226.19,INR,**************8939,SG,85
3eb13b90-4668-5257-bdd6-40fb06671ad1,2026-07-11T11:43:31.462,aml,OK,pacs.008,FAST,226.19,INR,**************8939,SG,98
3eb13b90-4668-5257-bdd6-40fb06671ad1,2026-07-11T11:43:31.532,payment-hub,OK,pacs.008,FAST,226.19,INR,**************8939,SG,115
3eb13b90-4668-5257-bdd6-40fb06671ad1,2026-07-11T11:43:31.859,core-banking,OK,pacs.008,FAST,226.19,INR,**************8939,SG,185
3eb13b90-4668-5257-bdd6-40fb06671ad1,2026-07-11T11:43:31.923,settlement,SETTLED,pacs.008,FAST,226.19,INR,**************8939,SG,213
3eb13b90-4668-5257-bdd6-40fb06671ad1,2026-07-12T13:32:21.620,gateway,OK,0200,FAST,2665.85,SGD,**************6341,US,39
3eb13b90-4668-5257-bdd6-40fb06671ad1,2026-07-12T13:32:21.828,auth,OK,0200,FAST,2665.85,SGD,**************6341,US,81
3eb13b90-4668-5257-bdd6-40fb06671ad1,2026-07-12T13:32:21.865,validation,OK,0200,FAST,2665.85,SGD,**************6341,US,70
3eb13b90-4668-5257-bdd6-40fb06671ad1,2026-07-12T13:32:22.001,aml,OK,0200,FAST,2665.85,SGD,**************6341,US,188
3eb13b90-4668-5257-bdd6-40fb06671ad1,2026-07-12T13:32:22.082,payment-hub,OK,0200,FAST,2665.85,SGD,**************6341,US,124
3eb13b90-4668-5257-bdd6-40fb06671ad1,2026-07-12T13:32:22.211,core-banking,OK,0200,FAST,2665.85,SGD,**************6341,US,103
3eb13b90-4668-5257-bdd6-40fb06671ad1,2026-07-12T13:32:22.380,settlement,SETTLED,0200,FAST,2665.85,SGD,**************6341,US,237
3eb13b90-4668-5257-bdd6-40fb06671ad1,2026-07-13T12:23:11.040,gateway,OK,pacs.008,CARDS,246.5,SGD,**************0311,SG,29
3eb13b90-4668-5257-bdd6-40fb06671ad1,2026-07-13T12:23:11.156,auth,OK,pacs.008,CARDS,246.5,SGD,**************0311,SG,82
3eb13b90-4668-5257-bdd6-40fb06671ad1,2026-07-13T12:23:11.298,validation,OK,pacs.008,CARDS,246.5,SGD,**************0311,SG,87
3eb13b90-4668-5257-bdd6-40fb06671ad1,2026-07-13T12:23:41.303,aml,OK,pacs.008,CARDS,246.5,SGD,**************0311,SG,258
3eb13b90-4668-5257-bdd6-40fb06671ad1,2026-07-13T12:23:41.466,payment-hub,OK,pacs.008,CARDS,246.5,SGD,**************0311,SG,63
3eb13b90-4668-5257-bdd6-40fb06671ad1,2026-07-13T12:23:41.576,core-banking,OK,pacs.008,CARDS,246.5,SGD,**************0311,SG,110
3eb13b90-4668-5257-bdd6-40fb06671ad1,2026-07-13T12:23:41.706,settlement,SETTLED,pacs.008,CARDS,246.5,SGD,**************0311,SG,95
3eb13b90-4668-5257-bdd6-40fb06671ad1,2026-07-04T10:26:39.356,gateway,OK,pacs.008,FAST,1034.34,GBP,**************9392,SG,30
3eb13b90-4668-5257-bdd6-40fb06671ad1,2026-07-04T10:26:39.425,auth,OK,pacs.008,FAST,1034.34,GBP,**************9392,SG,32
3eb13b90-4668-5257-bdd6-40fb06671ad1,2026-07-04T10:26:39.492,validation,OK,pacs.008,FAST,1034.34,GBP,**************9392,SG,77
3eb13b90-4668-5257-bdd6-40fb06671ad1,2026-07-04T10:26:39.536,aml,OK,pacs.008,FAST,1034.34,GBP,**************9392,SG,285
3eb13b90-4668-5257-bdd6-40fb06671ad1,2026-07-04T10:26:39.673,payment-hub,OK,pacs.008,FAST,1034.34,GBP,**************9392,SG,141
3eb13b90-4668-5257-bdd6-40fb06671ad1,2026-07-04T10:26:39.706,core-banking,OK,pacs.008,FAST,1034.34,GBP,**************9392,SG,206
3eb13b90-4668-5257-bdd6-40fb06671ad1,2026-07-04T10:26:39.795,settlement,SETTLED,pacs.008,FAST,1034.34,GBP,**************9392,SG,165
3eb13b90-4668-5257-bdd6-40fb06671ad1,2026-07-11T00:55:30.726,gateway,OK,pacs.008,SWIFT,374.06,SGD,**************2110,SG,24
3eb13b90-4668-5257-bdd6-40fb06671ad1,2026-07-11T00:55:30.846,auth,OK,pacs.008,SWIFT,374.06,SGD,**************2110,SG,65
3eb13b90-4668-5257-bdd6-40fb06671ad1,2026-07-11T00:55:30.888,validation,OK,pacs.008,SWIFT,374.06,SGD,**************2110,SG,74
3eb13b90-4668-5257-bdd6-40fb06671ad1,2026-07-11T00:55:31.140,aml,OK,pacs.008,SWIFT,374.06,SGD,**************2110,SG,94
3eb13b90-4668-5257-bdd6-40fb06671ad1,2026-07-11T00:55:31.389,payment-hub,OK,pacs.008,SWIFT,374.06,SGD,**************2110,SG,77
3eb13b90-4668-5257-bdd6-40fb06671ad1,2026-07-11T00:55:31.583,core-banking,OK,pacs.008,SWIFT,374.06,SGD,**************2110,SG,192
3eb13b90-4668-5257-bdd6-40fb06671ad1,2026-07-11T00:55:31.666,settlement,SETTLED,pacs.008,SWIFT,374.06,SGD,**************2110,SG,376
3eb13b90-4668-5257-bdd6-40fb06671ad1,2026-07-04T07:30:27.084,gateway,OK,pacs.008,FAST,722.43,MYR,**************3650,SG,51
3eb13b90-4668-5257-bdd6-40fb06671ad1,2026-07-04T07:30:27.136,auth,OK,pacs.008,FAST,722.43,MYR,**************3650,SG,38
3eb13b90-4668-5257-bdd6-40fb06671ad1,2026-07-04T07:30:27.239,validation,OK,pacs.008,FAST,722.43,MYR,**************3650,SG,65
3eb13b90-4668-5257-bdd6-40fb06671ad1,2026-07-04T07:30:27.364,aml,OK,pacs.008,FAST,722.43,MYR,**************3650,SG,63
3eb13b90-4668-5257-bdd6-40fb06671ad1,2026-07-04T07:30:27.437,payment-hub,OK,pacs.008,FAST,722.43,MYR,**************3650,SG,128
3eb13b90-4668-5257-bdd6-40fb06671ad1,2026-07-04T07:30:57.470,core-banking,OK,pacs.008,FAST,722.43,MYR,**************3650,SG,126
3eb13b90-4668-5257-bdd6-40fb06671ad1,2026-07-04T07:30:57.581,settlement,SETTLED,pacs.008,FAST,722.43,MYR,**************3650,SG,149
3eb13b90-4668-5257-bdd6-40fb06671ad1,2026-07-05T02:41:57.662,gateway,OK,pacs.008,SWIFT,2416.8,SGD,**************2743,SG,32
3eb13b90-4668-5257-bdd6-40fb06671ad1,2026-07-05T02:41:57.723,auth,OK,pacs.008,SWIFT,2416.8,SGD,**************2743,SG,73
3eb13b90-4668-5257-bdd6-40fb06671ad1,2026-07-05T02:41:57.774,validation,OK,pacs.008,SWIFT,2416.8,SGD,**************2743,SG,89
3eb13b90-4668-5257-bdd6-40fb06671ad1,2026-07-05T02:41:57.964,aml,TIMEOUT,pacs.008,SWIFT,2416.8,SGD,**************2743,SG,30000
3eb13b90-4668-5257-bdd6-40fb06671ad1,2026-07-05T02:41:58.151,payment-hub,FAILED,pacs.008,SWIFT,2416.8,SGD,**************2743,SG,31
3eb13b90-4668-5257-bdd6-40fb06671ad1,2026-07-10T00:44:04.864,gateway,OK,MT103,FAST,898.35,MYR,**************7445,SG,51
3eb13b90-4668-5257-bdd6-40fb06671ad1,2026-07-10T00:44:04.957,auth,OK,MT103,FAST,898.35,MYR,**************7445,SG,79
3eb13b90-4668-5257-bdd6-40fb06671ad1,2026-07-10T00:44:04.988,validation,OK,MT103,FAST,898.35,MYR,**************7445,SG,78
3eb13b90-4668-5257-bdd6-40fb06671ad1,2026-07-10T00:44:05.157,aml,OK,MT103,FAST,898.35,MYR,**************7445,SG,53
3eb13b90-4668-5257-bdd6-40fb06671ad1,2026-07-10T00:44:05.212,payment-hub,OK,MT103,FAST,898.35,MYR,**************7445,SG,109
3eb13b90-4668-5257-bdd6-40fb06671ad1,2026-07-10T00:44:05.393,core-banking,OK,MT103,FAST,898.35,MYR,**************7445,SG,187
3eb13b90-4668-5257-bdd6-40fb06671ad1,2026-07-10T00:44:05.487,settlement,SETTLED,MT103,FAST,898.35,MYR,**************7445,SG,110
3eb13b90-4668-5257-bdd6-40fb06671ad1,2026-07-09T23:04:02.852,gateway,OK,MT103,SWIFT,596.15,EUR,**************3762,SG,50
3eb13b90-4668-5257-bdd6-40fb06671ad1,2026-07-09T23:04:02.941,auth,OK,MT103,SWIFT,596.15,EUR,**************3762,SG,80
3eb13b90-4668-5257-bdd6-40fb06671ad1,2026-07-09T23:04:03.047,validation,OK,MT103,SWIFT,596.15,EUR,**************3762,SG,93
3eb13b90-4668-5257-bdd6-40fb06671ad1,2026-07-09T23:04:03.195,aml,OK,MT103,SWIFT,596.15,EUR,**************3762,SG,58
3eb13b90-4668-5257-bdd6-40fb06671ad1,2026-07-09T23:04:03.268,payment-hub,OK,MT103,SWIFT,596.15,EUR,**************3762,SG,104
3eb13b90-4668-5257-bdd6-40fb06671ad1,2026-07-09T23:04:03.362,core-banking,OK,MT103,SWIFT,596.15,EUR,**************3762,SG,197
3eb13b90-4668-5257-bdd6-40fb06671ad1,2026-07-09T23:04:03.535,settlement,SETTLED,MT103,SWIFT,596.15,EUR,**************3762,SG,72
3eb13b90-4668-5257-bdd6-40fb06671ad1,2026-07-03T23:52:20.414,gateway,OK,pacs.008,FAST,1244.07,SGD,**************3461,SG,40
3eb13b90-4668-5257-bdd6-40fb06671ad1,2026-07-03T23:52:20.536,auth,OK,pacs.008,FAST,1244.07,SGD,**************3461,SG,21
3eb13b90-4668-5257-bdd6-40fb06671ad1,2026-07-03T23:52:20.644,validation,OK,pacs.008,FAST,1244.07,SGD,**************3461,SG,52
3eb13b90-4668-5257-bdd6-40fb06671ad1,2026-07-03T23:52:20.715,aml,OK,pacs.008,FAST,1244.07,SGD,**************3461,SG,108
3eb13b90-4668-5257-bdd6-40fb06671ad1,2026-07-03T23:52:20.750,payment-hub,OK,pacs.008,FAST,1244.07,SGD,**************3461,SG,90
3eb13b90-4668-5257-bdd6-40fb06671ad1,2026-07-03T23:52:20.840,core-banking,OK,pacs.008,FAST,1244.07,SGD,**************3461,SG,146
3eb13b90-4668-5257-bdd6-40fb06671ad1,2026-07-03T23:52:20.928,settlement,SETTLED,pacs.008,FAST,1244.07,SGD,**************3461,SG,96
3eb13b90-4668-5257-bdd6-40fb06671ad1,2026-07-08T12:25:46.729,gateway,OK,pacs.008,FAST,318.08,USD,**************4188,IN,16
3eb13b90-4668-5257-bdd6-40fb06671ad1,2026-07-08T12:25:46.796,auth,OK,pacs.008,FAST,318.08,USD,**************4188,IN,33
3eb13b90-4668-5257-bdd6-40fb06671ad1,2026-07-08T12:25:46.853,validation,OK,pacs.008,FAST,318.08,USD,**************4188,IN,59
3eb13b90-4668-5257-bdd6-40fb06671ad1,2026-07-08T12:25:46.939,aml,OK,pacs.008,FAST,318.08,USD,**************4188,IN,123
3eb13b90-4668-5257-bdd6-40fb06671ad1,2026-07-08T12:25:47.028,payment-hub,OK,pacs.008,FAST,318.08,USD,**************4188,IN,74
3eb13b90-4668-5257-bdd6-40fb06671ad1,2026-07-08T12:25:47.150,core-banking,OK,pacs.008,FAST,318.08,USD,**************4188,IN,139
3eb13b90-4668-5257-bdd6-40fb06671ad1,2026-07-08T12:25:47.227,settlement,SETTLED,pacs.008,FAST,318.08,USD,**************4188,IN,195
3eb13b90-4668-5257-bdd6-40fb06671ad1,2026-07-06T17:25:42.709,gateway,OK,pacs.008,FAST,286.33,USD,**************2512,US,20
3eb13b90-4668-5257-bdd6-40fb06671ad1,2026-07-06T17:25:42.811,auth,OK,pacs.008,FAST,286.33,USD,**************2512,US,66
3eb13b90-4668-5257-bdd6-40fb06671ad1,2026-07-06T17:25:42.891,validation,OK,pacs.008,FAST,286.33,USD,**************2512,US,87
3eb13b90-4668-5257-bdd6-40fb06671ad1,2026-07-06T17:25:42.936,aml,OK,pacs.008,FAST,286.33,USD,**************2512,US,63
3eb13b90-4668-5257-bdd6-40fb06671ad1,2026-07-06T17:25:43.031,payment-hub,OK,pacs.008,FAST,286.33,USD,**************2512,US,148
3eb13b90-4668-5257-bdd6-40fb06671ad1,2026-07-06T17:25:43.322,core-banking,OK,pacs.008,FAST,286.33,USD,**************2512,US,142
3eb13b90-4668-5257-bdd6-40fb06671ad1,2026-07-06T17:25:43.376,settlement,SETTLED,pacs.008,FAST,286.33,USD,**************2512,US,74
3eb13b90-4668-5257-bdd6-40fb06671ad1,2026-07-14T21:29:52.496,gateway,OK,pacs.008,SWIFT,153.81,SGD,**************2709,GB,33
3eb13b90-4668-5257-bdd6-40fb06671ad1,2026-07-14T21:29:52.603,auth,OK,pacs.008,SWIFT,153.81,SGD,**************2709,GB,64
3eb13b90-4668-5257-bdd6-40fb06671ad1,2026-07-14T21:29:52.708,validation,OK,pacs.008,SWIFT,153.81,SGD,**************2709,GB,111
3eb13b90-4668-5257-bdd6-40fb06671ad1,2026-07-14T21:29:52.780,aml,TIMEOUT,pacs.008,SWIFT,153.81,SGD,**************2709,GB,30000
3eb13b90-4668-5257-bdd6-40fb06671ad1,2026-07-14T21:29:52.819,payment-hub,FAILED,pacs.008,SWIFT,153.81,SGD,**************2709,GB,76
3eb13b90-4668-5257-bdd6-40fb06671ad1,2026-07-07T04:51:01.789,gateway,OK,pacs.008,FAST,1299.49,GBP,**************9418,SG,24
3eb13b90-4668-5257-bdd6-40fb06671ad1,2026-07-07T04:51:01.861,auth,OK,pacs.008,FAST,1299.49,GBP,**************9418,SG,54
3eb13b90-4668-5257-bdd6-40fb06671ad1,2026-07-07T04:51:02.011,validation,OK,pacs.008,FAST,1299.49,GBP,**************9418,SG,105
3eb13b90-4668-5257-bdd6-40fb06671ad1,2026-07-07T04:51:02.136,aml,TIMEOUT,pacs.008,FAST,1299.49,GBP,**************9418,SG,30000
3eb13b90-4668-5257-bdd6-40fb06671ad1,2026-07-07T04:51:02.265,payment-hub,FAILED,pacs.008,FAST,1299.49,GBP,**************9418,SG,93
3eb13b90-4668-5257-bdd6-40fb06671ad1,2026-07-10T06:57:29.976,gateway,OK,pacs.008,FAST,966.19,INR,**************8317,MY,29
3eb13b90-4668-5257-bdd6-40fb06671ad1,2026-07-10T06:57:30.011,auth,OK,pacs.008,FAST,966.19,INR,**************8317,MY,76
3eb13b90-4668-5257-bdd6-40fb06671ad1,2026-07-10T06:57:30.160,validation,OK,pacs.008,FAST,966.19,INR,**************8317,MY,83
3eb13b90-4668-5257-bdd6-40fb06671ad1,2026-07-10T06:57:30.223,aml,OK,pacs.008,FAST,966.19,INR,**************8317,MY,99
3eb13b90-4668-5257-bdd6-40fb06671ad1,2026-07-10T06:57:30.353,payment-hub,OK,pacs.008,FAST,966.19,INR,**************8317,MY,91
3eb13b90-4668-5257-bdd6-40fb06671ad1,2026-07-10T06:57:30.534,core-banking,OK,pacs.008,FAST,966.19,INR,**************8317,MY,192
3eb13b90-4668-5257-bdd6-40fb06671ad1,2026-07-10T06:57:30.580,settlement,SETTLED,pacs.008,FAST,966.19,INR,**************8317,MY,315
3eb13b90-4668-5257-bdd6-40fb06671ad1,2026-07-08T13:43:24.805,gateway,OK,MT103,FAST,1903.49,USD,**************9455,IN,43
3eb13b90-4668-5257-bdd6-40fb06671ad1,2026-07-08T13:43:25.026,auth,OK,MT103,FAST,1903.49,USD,**************9455,IN,73
3eb13b90-4668-5257-bdd6-40fb06671ad1,2026-07-08T13:43:25.089,validation,OK,MT103,FAST,1903.49,USD,**************9455,IN,89
3eb13b90-4668-5257-bdd6-40fb06671ad1,2026-07-08T13:43:25.165,aml,OK,MT103,FAST,1903.49,USD,**************9455,IN,160
3eb13b90-4668-5257-bdd6-40fb06671ad1,2026-07-08T13:43:25.239,payment-hub,OK,MT103,FAST,1903.49,USD,**************9455,IN,60
3eb13b90-4668-5257-bdd6-40fb06671ad1,2026-07-08T13:43:25.412,core-banking,OK,MT103,FAST,1903.49,USD,**************9455,IN,147
3eb13b90-4668-5257-bdd6-40fb06671ad1,2026-07-08T13:43:25.512,settlement,SETTLED,MT103,FAST,1903.49,USD,**************9455,IN,154
3eb13b90-4668-5257-bdd6-40fb06671ad1,2026-07-05T21:53:15.782,gateway,OK,pacs.008,FAST,3150.7,MYR,**************4100,GB,36
3eb13b90-4668-5257-bdd6-40fb06671ad1,2026-07-05T21:53:15.843,auth,OK,pacs.008,FAST,3150.7,MYR,**************4100,GB,27
3eb13b90-4668-5257-bdd6-40fb06671ad1,2026-07-05T21:53:16.004,validation,OK,pacs.008,FAST,3150.7,MYR,**************4100,GB,73
3eb13b90-4668-5257-bdd6-40fb06671ad1,2026-07-05T21:53:16.192,aml,OK,pacs.008,FAST,3150.7,MYR,**************4100,GB,170
3eb13b90-4668-5257-bdd6-40fb06671ad1,2026-07-05T21:53:16.446,payment-hub,OK,pacs.008,FAST,3150.7,MYR,**************4100,GB,68
3eb13b90-4668-5257-bdd6-40fb06671ad1,2026-07-05T21:53:16.485,core-banking,OK,pacs.008,FAST,3150.7,MYR,**************4100,GB,77
3eb13b90-4668-5257-bdd6-40fb06671ad1,2026-07-05T21:53:16.580,settlement,SETTLED,pacs.008,FAST,3150.7,MYR,**************4100,GB,113
3eb13b90-4668-5257-bdd6-40fb06671ad1,2026-07-13T23:01:43.381,gateway,OK,MT103,FAST,161.75,USD,**************8682,US,16
3eb13b90-4668-5257-bdd6-40fb06671ad1,2026-07-13T23:01:43.404,auth,OK,MT103,FAST,161.75,USD,**************8682,US,83
3eb13b90-4668-5257-bdd6-40fb06671ad1,2026-07-13T23:01:43.520,validation,OK,MT103,FAST,161.75,USD,**************8682,US,68
3eb13b90-4668-5257-bdd6-40fb06671ad1,2026-07-13T23:01:43.584,aml,OK,MT103,FAST,161.75,USD,**************8682,US,137
3eb13b90-4668-5257-bdd6-40fb06671ad1,2026-07-13T23:01:43.687,payment-hub,OK,MT103,FAST,161.75,USD,**************8682,US,108
3eb13b90-4668-5257-bdd6-40fb06671ad1,2026-07-13T23:01:43.772,core-banking,OK,MT103,FAST,161.75,USD,**************8682,US,136
3eb13b90-4668-5257-bdd6-40fb06671ad1,2026-07-13T23:01:43.859,settlement,SETTLED,MT103,FAST,161.75,USD,**************8682,US,269
3eb13b90-4668-5257-bdd6-40fb06671ad1,2026-07-07T13:28:04.864,gateway,OK,pacs.008,FAST,2457.11,SGD,**************7024,MY,21
3eb13b90-4668-5257-bdd6-40fb06671ad1,2026-07-07T13:28:04.981,auth,OK,pacs.008,FAST,2457.11,SGD,**************7024,MY,36
3eb13b90-4668-5257-bdd6-40fb06671ad1,2026-07-07T13:28:05.046,validation,OK,pacs.008,FAST,2457.11,SGD,**************7024,MY,87
3eb13b90-4668-5257-bdd6-40fb06671ad1,2026-07-07T13:28:05.120,aml,OK,pacs.008,FAST,2457.11,SGD,**************7024,MY,156
3eb13b90-4668-5257-bdd6-40fb06671ad1,2026-07-07T13:28:05.331,payment-hub,OK,pacs.008,FAST,2457.11,SGD,**************7024,MY,66
3eb13b90-4668-5257-bdd6-40fb06671ad1,2026-07-07T13:28:05.385,core-banking,OK,pacs.008,FAST,2457.11,SGD,**************7024,MY,230
3eb13b90-4668-5257-bdd6-40fb06671ad1,2026-07-07T13:28:05.486,settlement,SETTLED,pacs.008,FAST,2457.11,SGD,**************7024,MY,346
3eb13b90-4668-5257-bdd6-40fb06671ad1,2026-07-15T05:46:01.978,gateway,OK,MT103,SWIFT,435.58,SGD,**************9358,SG,48
3eb13b90-4668-5257-bdd6-40fb06671ad1,2026-07-15T05:46:02.094,auth,OK,MT103,SWIFT,435.58,SGD,**************9358,SG,37
3eb13b90-4668-5257-bdd6-40fb06671ad1,2026-07-15T05:46:02.125,validation,OK,MT103,SWIFT,435.58,SGD,**************9358,SG,43
3eb13b90-4668-5257-bdd6-40fb06671ad1,2026-07-15T05:46:02.285,aml,TIMEOUT,MT103,SWIFT,435.58,SGD,**************9358,SG,30000
3eb13b90-4668-5257-bdd6-40fb06671ad1,2026-07-15T05:46:02.429,payment-hub,FAILED,MT103,SWIFT,435.58,SGD,**************9358,SG,144
3eb13b90-4668-5257-bdd6-40fb06671ad1,2026-07-13T09:50:59.936,gateway,OK,pacs.008,SWIFT,1888.22,INR,**************4285,MY,16
3eb13b90-4668-5257-bdd6-40fb06671ad1,2026-07-13T09:51:00.144,auth,OK,pacs.008,SWIFT,1888.22,INR,**************4285,MY,82
3eb13b90-4668-5257-bdd6-40fb06671ad1,2026-07-13T09:51:00.204,validation,OK,pacs.008,SWIFT,1888.22,INR,**************4285,MY,50
3eb13b90-4668-5257-bdd6-40fb06671ad1,2026-07-13T09:51:00.377,aml,OK,pacs.008,SWIFT,1888.22,INR,**************4285,MY,174
3eb13b90-4668-5257-bdd6-40fb06671ad1,2026-07-13T09:51:00.614,payment-hub,OK,pacs.008,SWIFT,1888.22,INR,**************4285,MY,142
3eb13b90-4668-5257-bdd6-40fb06671ad1,2026-07-13T09:51:00.670,core-banking,OK,pacs.008,SWIFT,1888.22,INR,**************4285,MY,250
3eb13b90-4668-5257-bdd6-40fb06671ad1,2026-07-13T09:51:00.744,settlement,SETTLED,pacs.008,SWIFT,1888.22,INR,**************4285,MY,163
3eb13b90-4668-5257-bdd6-40fb06671ad1,2026-07-10T09:44:32.710,gateway,OK,MT103,FAST,406.25,USD,**************3985,MY,58
3eb13b90-4668-5257-bdd6-40fb06671ad1,2026-07-10T09:44:32.896,auth,OK,MT103,FAST,406.25,USD,**************3985,MY,27
3eb13b90-4668-5257-bdd6-40fb06671ad1,2026-07-10T09:44:33.081,validation,OK,MT103,FAST,406.25,USD,**************3985,MY,99
3eb13b90-4668-5257-bdd6-40fb06671ad1,2026-07-10T09:44:33.153,aml,TIMEOUT,MT103,FAST,406.25,USD,**************3985,MY,30000
3eb13b90-4668-5257-bdd6-40fb06671ad1,2026-07-10T09:44:33.377,payment-hub,FAILED,MT103,FAST,406.25,USD,**************3985,MY,121
3eb13b90-4668-5257-bdd6-40fb06671ad1,2026-07-05T21:03:57.583,gateway,OK,pacs.008,FAST,703.23,SGD,**************4159,MY,32
3eb13b90-4668-5257-bdd6-40fb06671ad1,2026-07-05T21:03:57.639,auth,OK,pacs.008,FAST,703.23,SGD,**************4159,MY,43
3eb13b90-4668-5257-bdd6-40fb06671ad1,2026-07-05T21:03:57.727,validation,OK,pacs.008,FAST,703.23,SGD,**************4159,MY,89
3eb13b90-4668-5257-bdd6-40fb06671ad1,2026-07-05T21:03:57.806,aml,OK,pacs.008,FAST,703.23,SGD,**************4159,MY,256
3eb13b90-4668-5257-bdd6-40fb06671ad1,2026-07-05T21:03:57.964,payment-hub,OK,pacs.008,FAST,703.23,SGD,**************4159,MY,34
3eb13b90-4668-5257-bdd6-40fb06671ad1,2026-07-05T21:03:58.174,core-banking,OK,pacs.008,FAST,703.23,SGD,**************4159,MY,102
3eb13b90-4668-5257-bdd6-40fb06671ad1,2026-07-05T21:03:58.381,settlement,SETTLED,pacs.008,FAST,703.23,SGD,**************4159,MY,227
3eb13b90-4668-5257-bdd6-40fb06671ad1,2026-07-05T20:31:08.727,gateway,OK,pacs.008,FAST,481.71,SGD,**************5127,MY,45
3eb13b90-4668-5257-bdd6-40fb06671ad1,2026-07-05T20:31:08.806,auth,OK,pacs.008,FAST,481.71,SGD,**************5127,MY,80
3eb13b90-4668-5257-bdd6-40fb06671ad1,2026-07-05T20:31:08.916,validation,OK,pacs.008,FAST,481.71,SGD,**************5127,MY,44
3eb13b90-4668-5257-bdd6-40fb06671ad1,2026-07-05T20:31:09.008,aml,OK,pacs.008,FAST,481.71,SGD,**************5127,MY,129
3eb13b90-4668-5257-bdd6-40fb06671ad1,2026-07-05T20:31:09.115,payment-hub,OK,pacs.008,FAST,481.71,SGD,**************5127,MY,37
3eb13b90-4668-5257-bdd6-40fb06671ad1,2026-07-05T20:31:09.173,core-banking,OK,pacs.008,FAST,481.71,SGD,**************5127,MY,56
3eb13b90-4668-5257-bdd6-40fb06671ad1,2026-07-05T20:31:09.396,settlement,SETTLED,pacs.008,FAST,481.71,SGD,**************5127,MY,117
3eb13b90-4668-5257-bdd6-40fb06671ad1,2026-07-01T17:03:14.944,gateway,OK,pacs.008,SWIFT,442.83,SGD,**************8821,SG,16
3eb13b90-4668-5257-bdd6-40fb06671ad1,2026-07-01T17:03:15.057,auth,OK,pacs.008,SWIFT,442.83,SGD,**************8821,SG,72
3eb13b90-4668-5257-bdd6-40fb06671ad1,2026-07-01T17:03:15.120,validation,OK,pacs.008,SWIFT,442.83,SGD,**************8821,SG,112
3eb13b90-4668-5257-bdd6-40fb06671ad1,2026-07-01T17:03:15.303,aml,OK,pacs.008,SWIFT,442.83,SGD,**************8821,SG,154
3eb13b90-4668-5257-bdd6-40fb06671ad1,2026-07-01T17:03:15.400,payment-hub,OK,pacs.008,SWIFT,442.83,SGD,**************8821,SG,91
3eb13b90-4668-5257-bdd6-40fb06671ad1,2026-07-01T17:03:15.694,core-banking,OK,pacs.008,SWIFT,442.83,SGD,**************8821,SG,97
3eb13b90-4668-5257-bdd6-40fb06671ad1,2026-07-01T17:03:15.929,settlement,SETTLED,pacs.008,SWIFT,442.83,SGD,**************8821,SG,250
3eb13b90-4668-5257-bdd6-40fb06671ad1,2026-07-15T06:08:21.140,gateway,OK,MT103,SWIFT,913.71,SGD,**************5912,MY,29
3eb13b90-4668-5257-bdd6-40fb06671ad1,2026-07-15T06:08:21.363,auth,OK,MT103,SWIFT,913.71,SGD,**************5912,MY,37
3eb13b90-4668-5257-bdd6-40fb06671ad1,2026-07-15T06:08:21.521,validation,OK,MT103,SWIFT,913.71,SGD,**************5912,MY,58
3eb13b90-4668-5257-bdd6-40fb06671ad1,2026-07-15T06:08:21.604,aml,OK,MT103,SWIFT,913.71,SGD,**************5912,MY,260
3eb13b90-4668-5257-bdd6-40fb06671ad1,2026-07-15T06:08:21.665,payment-hub,OK,MT103,SWIFT,913.71,SGD,**************5912,MY,135
3eb13b90-4668-5257-bdd6-40fb06671ad1,2026-07-15T06:08:21.783,core-banking,OK,MT103,SWIFT,913.71,SGD,**************5912,MY,244
3eb13b90-4668-5257-bdd6-40fb06671ad1,2026-07-15T06:08:21.907,settlement,SETTLED,MT103,SWIFT,913.71,SGD,**************5912,MY,226
3eb13b90-4668-5257-bdd6-40fb06671ad1,2026-07-06T21:37:03.347,gateway,OK,pacs.008,SWIFT,892.99,INR,**************0952,SG,26
3eb13b90-4668-5257-bdd6-40fb06671ad1,2026-07-06T21:37:03.423,auth,OK,pacs.008,SWIFT,892.99,INR,**************0952,SG,89
3eb13b90-4668-5257-bdd6-40fb06671ad1,2026-07-06T21:37:03.596,validation,OK,pacs.008,SWIFT,892.99,INR,**************0952,SG,77
3eb13b90-4668-5257-bdd6-40fb06671ad1,2026-07-06T21:37:03.661,aml,OK,pacs.008,SWIFT,892.99,INR,**************0952,SG,282
3eb13b90-4668-5257-bdd6-40fb06671ad1,2026-07-06T21:37:03.742,payment-hub,OK,pacs.008,SWIFT,892.99,INR,**************0952,SG,70
3eb13b90-4668-5257-bdd6-40fb06671ad1,2026-07-06T21:37:03.791,core-banking,OK,pacs.008,SWIFT,892.99,INR,**************0952,SG,124
3eb13b90-4668-5257-bdd6-40fb06671ad1,2026-07-06T21:37:03.890,settlement,SETTLED,pacs.008,SWIFT,892.99,INR,**************0952,SG,289
3eb13b90-4668-5257-bdd6-40fb06671ad1,2026-07-14T16:40:50.609,gateway,OK,pacs.008,SWIFT,1304.11,GBP,**************6551,SG,34
3eb13b90-4668-5257-bdd6-40fb06671ad1,2026-07-14T16:40:50.653,auth,OK,pacs.008,SWIFT,1304.11,GBP,**************6551,SG,36
3eb13b90-4668-5257-bdd6-40fb06671ad1,2026-07-14T16:40:50.920,validation,OK,pacs.008,SWIFT,1304.11,GBP,**************6551,SG,102
3eb13b90-4668-5257-bdd6-40fb06671ad1,2026-07-14T16:40:50.995,aml,TIMEOUT,pacs.008,SWIFT,1304.11,GBP,**************6551,SG,30000
3eb13b90-4668-5257-bdd6-40fb06671ad1,2026-07-14T16:40:51.214,payment-hub,FAILED,pacs.008,SWIFT,1304.11,GBP,**************6551,SG,44
3eb13b90-4668-5257-bdd6-40fb06671ad1,2026-07-07T20:59:41.197,gateway,OK,pacs.008,CARDS,72.96,SGD,**************5073,MY,18
3eb13b90-4668-5257-bdd6-40fb06671ad1,2026-07-07T20:59:41.298,auth,OK,pacs.008,CARDS,72.96,SGD,**************5073,MY,85
3eb13b90-4668-5257-bdd6-40fb06671ad1,2026-07-07T20:59:41.453,validation,OK,pacs.008,CARDS,72.96,SGD,**************5073,MY,82
3eb13b90-4668-5257-bdd6-40fb06671ad1,2026-07-07T20:59:41.553,aml,OK,pacs.008,CARDS,72.96,SGD,**************5073,MY,170
3eb13b90-4668-5257-bdd6-40fb06671ad1,2026-07-07T20:59:41.620,payment-hub,OK,pacs.008,CARDS,72.96,SGD,**************5073,MY,109
3eb13b90-4668-5257-bdd6-40fb06671ad1,2026-07-07T20:59:41.685,core-banking,OK,pacs.008,CARDS,72.96,SGD,**************5073,MY,86
3eb13b90-4668-5257-bdd6-40fb06671ad1,2026-07-07T20:59:41.733,settlement,SETTLED,pacs.008,CARDS,72.96,SGD,**************5073,MY,83
3eb13b90-4668-5257-bdd6-40fb06671ad1,2026-07-04T02:15:10.006,gateway,OK,pacs.008,FAST,849.38,SGD,**************8315,SG,16
3eb13b90-4668-5257-bdd6-40fb06671ad1,2026-07-04T02:15:10.051,auth,OK,pacs.008,FAST,849.38,SGD,**************8315,SG,86
3eb13b90-4668-5257-bdd6-40fb06671ad1,2026-07-04T02:15:10.237,validation,OK,pacs.008,FAST,849.38,SGD,**************8315,SG,42
3eb13b90-4668-5257-bdd6-40fb06671ad1,2026-07-04T02:15:10.309,aml,OK,pacs.008,FAST,849.38,SGD,**************8315,SG,176
3eb13b90-4668-5257-bdd6-40fb06671ad1,2026-07-04T02:15:10.350,payment-hub,OK,pacs.008,FAST,849.38,SGD,**************8315,SG,120
3eb13b90-4668-5257-bdd6-40fb06671ad1,2026-07-04T02:15:10.503,core-banking,OK,pacs.008,FAST,849.38,SGD,**************8315,SG,110
3eb13b90-4668-5257-bdd6-40fb06671ad1,2026-07-04T02:15:10.553,settlement,SETTLED,pacs.008,FAST,849.38,SGD,**************8315,SG,333
3eb13b90-4668-5257-bdd6-40fb06671ad1,2026-07-07T00:22:16.520,gateway,OK,pacs.008,FAST,233.04,MYR,**************8988,SG,55
3eb13b90-4668-5257-bdd6-40fb06671ad1,2026-07-07T00:22:16.612,auth,OK,pacs.008,FAST,233.04,MYR,**************8988,SG,38
3eb13b90-4668-5257-bdd6-40fb06671ad1,2026-07-07T00:22:16.682,validation,OK,pacs.008,FAST,233.04,MYR,**************8988,SG,66
3eb13b90-4668-5257-bdd6-40fb06671ad1,2026-07-07T00:22:16.753,aml,OK,pacs.008,FAST,233.04,MYR,**************8988,SG,58
3eb13b90-4668-5257-bdd6-40fb06671ad1,2026-07-07T00:22:16.816,payment-hub,OK,pacs.008,FAST,233.04,MYR,**************8988,SG,139
3eb13b90-4668-5257-bdd6-40fb06671ad1,2026-07-07T00:22:16.889,core-banking,OK,pacs.008,FAST,233.04,MYR,**************8988,SG,60
3eb13b90-4668-5257-bdd6-40fb06671ad1,2026-07-07T00:22:17.007,settlement,SETTLED,pacs.008,FAST,233.04,MYR,**************8988,SG,221
3eb13b90-4668-5257-bdd6-40fb06671ad1,2026-07-02T22:41:54.956,gateway,OK,pacs.008,FAST,282.22,USD,**************5877,IN,23
3eb13b90-4668-5257-bdd6-40fb06671ad1,2026-07-02T22:41:55.128,auth,OK,pacs.008,FAST,282.22,USD,**************5877,IN,48
3eb13b90-4668-5257-bdd6-40fb06671ad1,2026-07-02T22:41:55.217,validation,OK,pacs.008,FAST,282.22,USD,**************5877,IN,99
3eb13b90-4668-5257-bdd6-40fb06671ad1,2026-07-02T22:41:55.340,aml,OK,pacs.008,FAST,282.22,USD,**************5877,IN,239
3eb13b90-4668-5257-bdd6-40fb06671ad1,2026-07-02T22:41:55.457,payment-hub,OK,pacs.008,FAST,282.22,USD,**************5877,IN,124
3eb13b90-4668-5257-bdd6-40fb06671ad1,2026-07-02T22:41:55.630,core-banking,OK,pacs.008,FAST,282.22,USD,**************5877,IN,54
3eb13b90-4668-5257-bdd6-40fb06671ad1,2026-07-02T22:41:55.712,settlement,SETTLED,pacs.008,FAST,282.22,USD,**************5877,IN,254
3eb13b90-4668-5257-bdd6-40fb06671ad1,2026-07-13T03:51:12.001,gateway,OK,pacs.008,FAST,347.79,SGD,**************1211,US,16
3eb13b90-4668-5257-bdd6-40fb06671ad1,2026-07-13T03:51:12.107,auth,OK,pacs.008,FAST,347.79,SGD,**************1211,US,30
3eb13b90-4668-5257-bdd6-40fb06671ad1,2026-07-13T03:51:12.135,validation,OK,pacs.008,FAST,347.79,SGD,**************1211,US,93
3eb13b90-4668-5257-bdd6-40fb06671ad1,2026-07-13T03:51:42.140,aml,OK,pacs.008,FAST,347.79,SGD,**************1211,US,285
3eb13b90-4668-5257-bdd6-40fb06671ad1,2026-07-13T03:51:42.232,payment-hub,OK,pacs.008,FAST,347.79,SGD,**************1211,US,109
3eb13b90-4668-5257-bdd6-40fb06671ad1,2026-07-13T03:51:42.329,core-banking,OK,pacs.008,FAST,347.79,SGD,**************1211,US,140
3eb13b90-4668-5257-bdd6-40fb06671ad1,2026-07-13T03:51:42.464,settlement,SETTLED,pacs.008,FAST,347.79,SGD,**************1211,US,364
3eb13b90-4668-5257-bdd6-40fb06671ad1,2026-07-03T15:59:21.287,gateway,OK,pacs.008,CARDS,446.62,SGD,**************2087,HK,21
3eb13b90-4668-5257-bdd6-40fb06671ad1,2026-07-03T15:59:21.325,auth,OK,pacs.008,CARDS,446.62,SGD,**************2087,HK,90
3eb13b90-4668-5257-bdd6-40fb06671ad1,2026-07-03T15:59:21.436,validation,OK,pacs.008,CARDS,446.62,SGD,**************2087,HK,52
3eb13b90-4668-5257-bdd6-40fb06671ad1,2026-07-03T15:59:21.483,aml,OK,pacs.008,CARDS,446.62,SGD,**************2087,HK,60
3eb13b90-4668-5257-bdd6-40fb06671ad1,2026-07-03T15:59:21.511,payment-hub,OK,pacs.008,CARDS,446.62,SGD,**************2087,HK,122
3eb13b90-4668-5257-bdd6-40fb06671ad1,2026-07-03T15:59:21.577,core-banking,OK,pacs.008,CARDS,446.62,SGD,**************2087,HK,229
3eb13b90-4668-5257-bdd6-40fb06671ad1,2026-07-03T15:59:21.648,settlement,SETTLED,pacs.008,CARDS,446.62,SGD,**************2087,HK,154
3eb13b90-4668-5257-bdd6-40fb06671ad1,2026-07-08T17:27:09.200,gateway,OK,pacs.008,CARDS,4994.58,SGD,**************6494,US,20
3eb13b90-4668-5257-bdd6-40fb06671ad1,2026-07-08T17:27:09.372,auth,OK,pacs.008,CARDS,4994.58,SGD,**************6494,US,69
3eb13b90-4668-5257-bdd6-40fb06671ad1,2026-07-08T17:27:09.553,validation,OK,pacs.008,CARDS,4994.58,SGD,**************6494,US,77
3eb13b90-4668-5257-bdd6-40fb06671ad1,2026-07-08T17:27:09.617,aml,OK,pacs.008,CARDS,4994.58,SGD,**************6494,US,66
3eb13b90-4668-5257-bdd6-40fb06671ad1,2026-07-08T17:27:09.764,payment-hub,OK,pacs.008,CARDS,4994.58,SGD,**************6494,US,51
3eb13b90-4668-5257-bdd6-40fb06671ad1,2026-07-08T17:27:09.821,core-banking,OK,pacs.008,CARDS,4994.58,SGD,**************6494,US,106
3eb13b90-4668-5257-bdd6-40fb06671ad1,2026-07-08T17:27:09.958,settlement,SETTLED,pacs.008,CARDS,4994.58,SGD,**************6494,US,271
3eb13b90-4668-5257-bdd6-40fb06671ad1,2026-07-04T13:58:20.357,gateway,OK,pacs.008,FAST,2187.58,USD,**************3432,SG,44
3eb13b90-4668-5257-bdd6-40fb06671ad1,2026-07-04T13:58:20.433,auth,OK,pacs.008,FAST,2187.58,USD,**************3432,SG,73
3eb13b90-4668-5257-bdd6-40fb06671ad1,2026-07-04T13:58:20.569,validation,OK,pacs.008,FAST,2187.58,USD,**************3432,SG,88
3eb13b90-4668-5257-bdd6-40fb06671ad1,2026-07-04T13:58:20.698,aml,OK,pacs.008,FAST,2187.58,USD,**************3432,SG,50
3eb13b90-4668-5257-bdd6-40fb06671ad1,2026-07-04T13:58:20.901,payment-hub,OK,pacs.008,FAST,2187.58,USD,**************3432,SG,143
3eb13b90-4668-5257-bdd6-40fb06671ad1,2026-07-04T13:58:20.971,core-banking,OK,pacs.008,FAST,2187.58,USD,**************3432,SG,144
3eb13b90-4668-5257-bdd6-40fb06671ad1,2026-07-04T13:58:21.099,settlement,SETTLED,pacs.008,FAST,2187.58,USD,**************3432,SG,96
3eb13b90-4668-5257-bdd6-40fb06671ad1,2026-07-07T18:27:16.222,gateway,OK,pacs.008,FAST,2311.01,GBP,**************0652,SG,45
3eb13b90-4668-5257-bdd6-40fb06671ad1,2026-07-07T18:27:16.278,auth,OK,pacs.008,FAST,2311.01,GBP,**************0652,SG,59
3eb13b90-4668-5257-bdd6-40fb06671ad1,2026-07-07T18:27:16.346,validation,OK,pacs.008,FAST,2311.01,GBP,**************0652,SG,68
3eb13b90-4668-5257-bdd6-40fb06671ad1,2026-07-07T18:27:16.390,aml,OK,pacs.008,FAST,2311.01,GBP,**************0652,SG,163
3eb13b90-4668-5257-bdd6-40fb06671ad1,2026-07-07T18:27:16.489,payment-hub,OK,pacs.008,FAST,2311.01,GBP,**************0652,SG,91
3eb13b90-4668-5257-bdd6-40fb06671ad1,2026-07-07T18:27:16.566,core-banking,OK,pacs.008,FAST,2311.01,GBP,**************0652,SG,162
3eb13b90-4668-5257-bdd6-40fb06671ad1,2026-07-07T18:27:16.623,settlement,SETTLED,pacs.008,FAST,2311.01,GBP,**************0652,SG,64
3eb13b90-4668-5257-bdd6-40fb06671ad1,2026-07-06T06:15:05.193,gateway,OK,pacs.008,FAST,287.02,SGD,**************7839,US,30
3eb13b90-4668-5257-bdd6-40fb06671ad1,2026-07-06T06:15:05.263,auth,OK,pacs.008,FAST,287.02,SGD,**************7839,US,25
3eb13b90-4668-5257-bdd6-40fb06671ad1,2026-07-06T06:15:05.351,validation,OK,pacs.008,FAST,287.02,SGD,**************7839,US,76
3eb13b90-4668-5257-bdd6-40fb06671ad1,2026-07-06T06:15:05.409,aml,OK,pacs.008,FAST,287.02,SGD,**************7839,US,142
3eb13b90-4668-5257-bdd6-40fb06671ad1,2026-07-06T06:15:05.530,payment-hub,OK,pacs.008,FAST,287.02,SGD,**************7839,US,143
3eb13b90-4668-5257-bdd6-40fb06671ad1,2026-07-06T06:15:05.683,core-banking,OK,pacs.008,FAST,287.02,SGD,**************7839,US,66
3eb13b90-4668-5257-bdd6-40fb06671ad1,2026-07-06T06:15:05.736,settlement,SETTLED,pacs.008,FAST,287.02,SGD,**************7839,US,390
3eb13b90-4668-5257-bdd6-40fb06671ad1,2026-07-10T07:34:20.430,gateway,OK,MT103,FAST,2587.38,EUR,**************1243,US,31
3eb13b90-4668-5257-bdd6-40fb06671ad1,2026-07-10T07:34:20.621,auth,OK,MT103,FAST,2587.38,EUR,**************1243,US,57
3eb13b90-4668-5257-bdd6-40fb06671ad1,2026-07-10T07:34:20.875,validation,OK,MT103,FAST,2587.38,EUR,**************1243,US,41
3eb13b90-4668-5257-bdd6-40fb06671ad1,2026-07-10T07:34:20.959,aml,OK,MT103,FAST,2587.38,EUR,**************1243,US,297
3eb13b90-4668-5257-bdd6-40fb06671ad1,2026-07-10T07:34:21.019,payment-hub,OK,MT103,FAST,2587.38,EUR,**************1243,US,127
3eb13b90-4668-5257-bdd6-40fb06671ad1,2026-07-10T07:34:21.081,core-banking,OK,MT103,FAST,2587.38,EUR,**************1243,US,236
3eb13b90-4668-5257-bdd6-40fb06671ad1,2026-07-10T07:34:21.216,settlement,SETTLED,MT103,FAST,2587.38,EUR,**************1243,US,210
3eb13b90-4668-5257-bdd6-40fb06671ad1,2026-07-04T21:25:51.041,gateway,OK,MT103,SWIFT,533.18,USD,**************8045,MY,41
3eb13b90-4668-5257-bdd6-40fb06671ad1,2026-07-04T21:25:51.153,auth,OK,MT103,SWIFT,533.18,USD,**************8045,MY,88
3eb13b90-4668-5257-bdd6-40fb06671ad1,2026-07-04T21:25:51.244,validation,OK,MT103,SWIFT,533.18,USD,**************8045,MY,104
3eb13b90-4668-5257-bdd6-40fb06671ad1,2026-07-04T21:25:51.295,aml,OK,MT103,SWIFT,533.18,USD,**************8045,MY,300
3eb13b90-4668-5257-bdd6-40fb06671ad1,2026-07-04T21:25:51.383,payment-hub,OK,MT103,SWIFT,533.18,USD,**************8045,MY,62
3eb13b90-4668-5257-bdd6-40fb06671ad1,2026-07-04T21:25:51.439,core-banking,OK,MT103,SWIFT,533.18,USD,**************8045,MY,201
3eb13b90-4668-5257-bdd6-40fb06671ad1,2026-07-04T21:25:51.492,settlement,SETTLED,MT103,SWIFT,533.18,USD,**************8045,MY,238
3eb13b90-4668-5257-bdd6-40fb06671ad1,2026-07-05T00:08:54.898,gateway,OK,pacs.008,SWIFT,2897.99,GBP,**************5721,SG,55
3eb13b90-4668-5257-bdd6-40fb06671ad1,2026-07-05T00:08:54.993,auth,OK,pacs.008,SWIFT,2897.99,GBP,**************5721,SG,75
3eb13b90-4668-5257-bdd6-40fb06671ad1,2026-07-05T00:08:55.089,validation,OK,pacs.008,SWIFT,2897.99,GBP,**************5721,SG,96
3eb13b90-4668-5257-bdd6-40fb06671ad1,2026-07-05T00:08:55.152,aml,OK,pacs.008,SWIFT,2897.99,GBP,**************5721,SG,113
3eb13b90-4668-5257-bdd6-40fb06671ad1,2026-07-05T00:08:55.256,payment-hub,OK,pacs.008,SWIFT,2897.99,GBP,**************5721,SG,42
3eb13b90-4668-5257-bdd6-40fb06671ad1,2026-07-05T00:08:55.360,core-banking,OK,pacs.008,SWIFT,2897.99,GBP,**************5721,SG,122
3eb13b90-4668-5257-bdd6-40fb06671ad1,2026-07-05T00:08:55.446,settlement,SETTLED,pacs.008,SWIFT,2897.99,GBP,**************5721,SG,280
3eb13b90-4668-5257-bdd6-40fb06671ad1,2026-07-12T10:24:27.076,gateway,OK,MT103,CARDS,509.12,SGD,**************5469,MY,44
3eb13b90-4668-5257-bdd6-40fb06671ad1,2026-07-12T10:24:27.167,auth,OK,MT103,CARDS,509.12,SGD,**************5469,MY,26
3eb13b90-4668-5257-bdd6-40fb06671ad1,2026-07-12T10:24:27.232,validation,REJECTED,MT103,CARDS,509.12,SGD,**************5469,MY,100
3eb13b90-4668-5257-bdd6-40fb06671ad1,2026-07-06T09:38:29.841,gateway,OK,pacs.008,SWIFT,1360.22,SGD,**************8838,SG,22
3eb13b90-4668-5257-bdd6-40fb06671ad1,2026-07-06T09:38:29.974,auth,OK,pacs.008,SWIFT,1360.22,SGD,**************8838,SG,78
3eb13b90-4668-5257-bdd6-40fb06671ad1,2026-07-06T09:38:30.099,validation,OK,pacs.008,SWIFT,1360.22,SGD,**************8838,SG,111
3eb13b90-4668-5257-bdd6-40fb06671ad1,2026-07-06T09:38:30.207,aml,OK,pacs.008,SWIFT,1360.22,SGD,**************8838,SG,208
3eb13b90-4668-5257-bdd6-40fb06671ad1,2026-07-06T09:38:30.318,payment-hub,OK,pacs.008,SWIFT,1360.22,SGD,**************8838,SG,65
3eb13b90-4668-5257-bdd6-40fb06671ad1,2026-07-06T09:38:30.354,core-banking,OK,pacs.008,SWIFT,1360.22,SGD,**************8838,SG,57
3eb13b90-4668-5257-bdd6-40fb06671ad1,2026-07-06T09:38:30.426,settlement,SETTLED,pacs.008,SWIFT,1360.22,SGD,**************8838,SG,188
3eb13b90-4668-5257-bdd6-40fb06671ad1,2026-07-06T00:50:09.445,gateway,OK,pacs.008,SWIFT,1858.97,USD,**************1424,HK,38
3eb13b90-4668-5257-bdd6-40fb06671ad1,2026-07-06T00:50:09.638,auth,OK,pacs.008,SWIFT,1858.97,USD,**************1424,HK,63
3eb13b90-4668-5257-bdd6-40fb06671ad1,2026-07-06T00:50:09.677,validation,OK,pacs.008,SWIFT,1858.97,USD,**************1424,HK,31
3eb13b90-4668-5257-bdd6-40fb06671ad1,2026-07-06T00:50:09.724,aml,TIMEOUT,pacs.008,SWIFT,1858.97,USD,**************1424,HK,30000
3eb13b90-4668-5257-bdd6-40fb06671ad1,2026-07-06T00:50:09.772,payment-hub,FAILED,pacs.008,SWIFT,1858.97,USD,**************1424,HK,125
3eb13b90-4668-5257-bdd6-40fb06671ad1,2026-07-12T04:47:05.532,gateway,OK,pacs.008,FAST,457.04,SGD,**************3608,MY,33
3eb13b90-4668-5257-bdd6-40fb06671ad1,2026-07-12T04:47:05.614,auth,OK,pacs.008,FAST,457.04,SGD,**************3608,MY,37
3eb13b90-4668-5257-bdd6-40fb06671ad1,2026-07-12T04:47:05.820,validation,OK,pacs.008,FAST,457.04,SGD,**************3608,MY,75
3eb13b90-4668-5257-bdd6-40fb06671ad1,2026-07-12T04:47:06.025,aml,OK,pacs.008,FAST,457.04,SGD,**************3608,MY,195
3eb13b90-4668-5257-bdd6-40fb06671ad1,2026-07-12T04:47:06.136,payment-hub,OK,pacs.008,FAST,457.04,SGD,**************3608,MY,46
3eb13b90-4668-5257-bdd6-40fb06671ad1,2026-07-12T04:47:06.214,core-banking,OK,pacs.008,FAST,457.04,SGD,**************3608,MY,158
3eb13b90-4668-5257-bdd6-40fb06671ad1,2026-07-12T04:47:06.284,settlement,SETTLED,pacs.008,FAST,457.04,SGD,**************3608,MY,260
3eb13b90-4668-5257-bdd6-40fb06671ad1,2026-07-01T12:21:16.624,gateway,OK,pacs.008,SWIFT,323.75,USD,**************7105,SG,49
3eb13b90-4668-5257-bdd6-40fb06671ad1,2026-07-01T12:21:16.677,auth,OK,pacs.008,SWIFT,323.75,USD,**************7105,SG,66
3eb13b90-4668-5257-bdd6-40fb06671ad1,2026-07-01T12:21:16.763,validation,OK,pacs.008,SWIFT,323.75,USD,**************7105,SG,75
3eb13b90-4668-5257-bdd6-40fb06671ad1,2026-07-01T12:21:16.860,aml,OK,pacs.008,SWIFT,323.75,USD,**************7105,SG,256
3eb13b90-4668-5257-bdd6-40fb06671ad1,2026-07-01T12:21:16.927,payment-hub,OK,pacs.008,SWIFT,323.75,USD,**************7105,SG,77
3eb13b90-4668-5257-bdd6-40fb06671ad1,2026-07-01T12:21:17.008,core-banking,OK,pacs.008,SWIFT,323.75,USD,**************7105,SG,162
3eb13b90-4668-5257-bdd6-40fb06671ad1,2026-07-01T12:21:17.052,settlement,SETTLED,pacs.008,SWIFT,323.75,USD,**************7105,SG,300
3eb13b90-4668-5257-bdd6-40fb06671ad1,2026-07-04T04:20:22.386,gateway,OK,MT103,SWIFT,163.67,SGD,**************0120,SG,25
3eb13b90-4668-5257-bdd6-40fb06671ad1,2026-07-04T04:20:22.473,auth,OK,MT103,SWIFT,163.67,SGD,**************0120,SG,43
3eb13b90-4668-5257-bdd6-40fb06671ad1,2026-07-04T04:20:22.550,validation,OK,MT103,SWIFT,163.67,SGD,**************0120,SG,66
3eb13b90-4668-5257-bdd6-40fb06671ad1,2026-07-04T04:20:22.620,aml,TIMEOUT,MT103,SWIFT,163.67,SGD,**************0120,SG,30000
3eb13b90-4668-5257-bdd6-40fb06671ad1,2026-07-04T04:20:22.707,payment-hub,FAILED,MT103,SWIFT,163.67,SGD,**************0120,SG,137
3eb13b90-4668-5257-bdd6-40fb06671ad1,2026-07-13T02:15:20.500,gateway,OK,pacs.008,SWIFT,826.93,EUR,**************1187,IN,60
3eb13b90-4668-5257-bdd6-40fb06671ad1,2026-07-13T02:15:20.685,auth,OK,pacs.008,SWIFT,826.93,EUR,**************1187,IN,84
3eb13b90-4668-5257-bdd6-40fb06671ad1,2026-07-13T02:15:20.767,validation,OK,pacs.008,SWIFT,826.93,EUR,**************1187,IN,59
3eb13b90-4668-5257-bdd6-40fb06671ad1,2026-07-13T02:15:20.859,aml,OK,pacs.008,SWIFT,826.93,EUR,**************1187,IN,253
3eb13b90-4668-5257-bdd6-40fb06671ad1,2026-07-13T02:15:20.939,payment-hub,OK,pacs.008,SWIFT,826.93,EUR,**************1187,IN,39
3eb13b90-4668-5257-bdd6-40fb06671ad1,2026-07-13T02:15:21.015,core-banking,OK,pacs.008,SWIFT,826.93,EUR,**************1187,IN,113
3eb13b90-4668-5257-bdd6-40fb06671ad1,2026-07-13T02:15:21.122,settlement,SETTLED,pacs.008,SWIFT,826.93,EUR,**************1187,IN,129
3eb13b90-4668-5257-bdd6-40fb06671ad1,2026-07-03T17:13:03.710,gateway,OK,MT103,FAST,403.89,USD,**************1316,HK,31
3eb13b90-4668-5257-bdd6-40fb06671ad1,2026-07-03T17:13:03.887,auth,OK,MT103,FAST,403.89,USD,**************1316,HK,33
3eb13b90-4668-5257-bdd6-40fb06671ad1,2026-07-03T17:13:04.003,validation,OK,MT103,FAST,403.89,USD,**************1316,HK,115
3eb13b90-4668-5257-bdd6-40fb06671ad1,2026-07-03T17:13:04.070,aml,OK,MT103,FAST,403.89,USD,**************1316,HK,48
3eb13b90-4668-5257-bdd6-40fb06671ad1,2026-07-03T17:13:04.191,payment-hub,OK,MT103,FAST,403.89,USD,**************1316,HK,43
3eb13b90-4668-5257-bdd6-40fb06671ad1,2026-07-03T17:13:04.281,core-banking,OK,MT103,FAST,403.89,USD,**************1316,HK,204
3eb13b90-4668-5257-bdd6-40fb06671ad1,2026-07-03T17:13:04.320,settlement,SETTLED,MT103,FAST,403.89,USD,**************1316,HK,359
3eb13b90-4668-5257-bdd6-40fb06671ad1,2026-07-08T06:38:03.720,gateway,OK,pacs.008,SWIFT,133.87,SGD,**************0139,US,16
3eb13b90-4668-5257-bdd6-40fb06671ad1,2026-07-08T06:38:03.791,auth,OK,pacs.008,SWIFT,133.87,SGD,**************0139,US,76
3eb13b90-4668-5257-bdd6-40fb06671ad1,2026-07-08T06:38:03.903,validation,OK,pacs.008,SWIFT,133.87,SGD,**************0139,US,68
3eb13b90-4668-5257-bdd6-40fb06671ad1,2026-07-08T06:38:04.037,aml,OK,pacs.008,SWIFT,133.87,SGD,**************0139,US,123
3eb13b90-4668-5257-bdd6-40fb06671ad1,2026-07-08T06:38:04.143,payment-hub,OK,pacs.008,SWIFT,133.87,SGD,**************0139,US,67
3eb13b90-4668-5257-bdd6-40fb06671ad1,2026-07-08T06:38:04.243,core-banking,OK,pacs.008,SWIFT,133.87,SGD,**************0139,US,52
3eb13b90-4668-5257-bdd6-40fb06671ad1,2026-07-08T06:38:04.342,settlement,SETTLED,pacs.008,SWIFT,133.87,SGD,**************0139,US,336
3eb13b90-4668-5257-bdd6-40fb06671ad1,2026-07-12T01:35:44.396,gateway,OK,0200,FAST,353.49,MYR,**************3223,SG,20
3eb13b90-4668-5257-bdd6-40fb06671ad1,2026-07-12T01:35:44.570,auth,OK,0200,FAST,353.49,MYR,**************3223,SG,44
3eb13b90-4668-5257-bdd6-40fb06671ad1,2026-07-12T01:35:44.618,validation,OK,0200,FAST,353.49,MYR,**************3223,SG,71
3eb13b90-4668-5257-bdd6-40fb06671ad1,2026-07-12T01:35:44.737,aml,OK,0200,FAST,353.49,MYR,**************3223,SG,53
3eb13b90-4668-5257-bdd6-40fb06671ad1,2026-07-12T01:35:44.910,payment-hub,OK,0200,FAST,353.49,MYR,**************3223,SG,141
3eb13b90-4668-5257-bdd6-40fb06671ad1,2026-07-12T01:35:45.016,core-banking,OK,0200,FAST,353.49,MYR,**************3223,SG,172
3eb13b90-4668-5257-bdd6-40fb06671ad1,2026-07-12T01:35:45.082,settlement,SETTLED,0200,FAST,353.49,MYR,**************3223,SG,333
3eb13b90-4668-5257-bdd6-40fb06671ad1,2026-07-12T03:03:33.249,gateway,OK,pacs.008,SWIFT,323.18,GBP,**************9663,SG,60
3eb13b90-4668-5257-bdd6-40fb06671ad1,2026-07-12T03:03:33.345,auth,OK,pacs.008,SWIFT,323.18,GBP,**************9663,SG,32
3eb13b90-4668-5257-bdd6-40fb06671ad1,2026-07-12T03:03:33.424,validation,OK,pacs.008,SWIFT,323.18,GBP,**************9663,SG,103
3eb13b90-4668-5257-bdd6-40fb06671ad1,2026-07-12T03:03:33.504,aml,OK,pacs.008,SWIFT,323.18,GBP,**************9663,SG,288
3eb13b90-4668-5257-bdd6-40fb06671ad1,2026-07-12T03:03:33.627,payment-hub,OK,pacs.008,SWIFT,323.18,GBP,**************9663,SG,143
3eb13b90-4668-5257-bdd6-40fb06671ad1,2026-07-12T03:03:33.928,core-banking,OK,pacs.008,SWIFT,323.18,GBP,**************9663,SG,143
3eb13b90-4668-5257-bdd6-40fb06671ad1,2026-07-12T03:03:34.054,settlement,SETTLED,pacs.008,SWIFT,323.18,GBP,**************9663,SG,188
3eb13b90-4668-5257-bdd6-40fb06671ad1,2026-07-02T15:23:08.989,gateway,OK,pacs.008,SWIFT,1190.73,GBP,**************4957,SG,55
3eb13b90-4668-5257-bdd6-40fb06671ad1,2026-07-02T15:23:09.070,auth,OK,pacs.008,SWIFT,1190.73,GBP,**************4957,SG,68
3eb13b90-4668-5257-bdd6-40fb06671ad1,2026-07-02T15:23:09.199,validation,OK,pacs.008,SWIFT,1190.73,GBP,**************4957,SG,38
3eb13b90-4668-5257-bdd6-40fb06671ad1,2026-07-02T15:23:09.445,aml,OK,pacs.008,SWIFT,1190.73,GBP,**************4957,SG,283
3eb13b90-4668-5257-bdd6-40fb06671ad1,2026-07-02T15:23:09.539,payment-hub,OK,pacs.008,SWIFT,1190.73,GBP,**************4957,SG,127
3eb13b90-4668-5257-bdd6-40fb06671ad1,2026-07-02T15:23:09.642,core-banking,OK,pacs.008,SWIFT,1190.73,GBP,**************4957,SG,185
3eb13b90-4668-5257-bdd6-40fb06671ad1,2026-07-02T15:23:09.967,settlement,SETTLED,pacs.008,SWIFT,1190.73,GBP,**************4957,SG,134
3eb13b90-4668-5257-bdd6-40fb06671ad1,2026-07-04T06:56:58.620,gateway,OK,pacs.008,SWIFT,383.86,EUR,**************1447,SG,50
3eb13b90-4668-5257-bdd6-40fb06671ad1,2026-07-04T06:56:58.809,auth,OK,pacs.008,SWIFT,383.86,EUR,**************1447,SG,88
3eb13b90-4668-5257-bdd6-40fb06671ad1,2026-07-04T06:56:58.872,validation,OK,pacs.008,SWIFT,383.86,EUR,**************1447,SG,88
3eb13b90-4668-5257-bdd6-40fb06671ad1,2026-07-04T06:56:58.936,aml,OK,pacs.008,SWIFT,383.86,EUR,**************1447,SG,225
3eb13b90-4668-5257-bdd6-40fb06671ad1,2026-07-04T06:56:59.076,payment-hub,OK,pacs.008,SWIFT,383.86,EUR,**************1447,SG,120
3eb13b90-4668-5257-bdd6-40fb06671ad1,2026-07-04T06:56:59.147,core-banking,OK,pacs.008,SWIFT,383.86,EUR,**************1447,SG,217
3eb13b90-4668-5257-bdd6-40fb06671ad1,2026-07-04T06:56:59.226,settlement,SETTLED,pacs.008,SWIFT,383.86,EUR,**************1447,SG,174
3eb13b90-4668-5257-bdd6-40fb06671ad1,2026-07-13T22:56:48.451,gateway,OK,MT103,FAST,396.84,SGD,**************4927,HK,18
3eb13b90-4668-5257-bdd6-40fb06671ad1,2026-07-13T22:56:48.551,auth,OK,MT103,FAST,396.84,SGD,**************4927,HK,33
3eb13b90-4668-5257-bdd6-40fb06671ad1,2026-07-13T22:56:48.659,validation,OK,MT103,FAST,396.84,SGD,**************4927,HK,27
3eb13b90-4668-5257-bdd6-40fb06671ad1,2026-07-13T22:56:48.907,aml,OK,MT103,FAST,396.84,SGD,**************4927,HK,273
3eb13b90-4668-5257-bdd6-40fb06671ad1,2026-07-13T22:56:49.001,payment-hub,OK,MT103,FAST,396.84,SGD,**************4927,HK,103
3eb13b90-4668-5257-bdd6-40fb06671ad1,2026-07-13T22:56:49.062,core-banking,OK,MT103,FAST,396.84,SGD,**************4927,HK,94
3eb13b90-4668-5257-bdd6-40fb06671ad1,2026-07-13T22:56:49.126,settlement,SETTLED,MT103,FAST,396.84,SGD,**************4927,HK,352
3eb13b90-4668-5257-bdd6-40fb06671ad1,2026-07-10T13:24:00.521,gateway,OK,pacs.008,SWIFT,472.18,SGD,**************2287,GB,36
3eb13b90-4668-5257-bdd6-40fb06671ad1,2026-07-10T13:24:00.590,auth,OK,pacs.008,SWIFT,472.18,SGD,**************2287,GB,20
3eb13b90-4668-5257-bdd6-40fb06671ad1,2026-07-10T13:24:00.694,validation,OK,pacs.008,SWIFT,472.18,SGD,**************2287,GB,112
3eb13b90-4668-5257-bdd6-40fb06671ad1,2026-07-10T13:24:00.751,aml,OK,pacs.008,SWIFT,472.18,SGD,**************2287,GB,236
3eb13b90-4668-5257-bdd6-40fb06671ad1,2026-07-10T13:24:00.826,payment-hub,OK,pacs.008,SWIFT,472.18,SGD,**************2287,GB,106
3eb13b90-4668-5257-bdd6-40fb06671ad1,2026-07-10T13:24:01.118,core-banking,OK,pacs.008,SWIFT,472.18,SGD,**************2287,GB,86
3eb13b90-4668-5257-bdd6-40fb06671ad1,2026-07-10T13:24:01.182,settlement,SETTLED,pacs.008,SWIFT,472.18,SGD,**************2287,GB,152
3eb13b90-4668-5257-bdd6-40fb06671ad1,2026-07-06T23:00:41.985,gateway,OK,pacs.008,FAST,1155.01,MYR,**************2344,SG,48
3eb13b90-4668-5257-bdd6-40fb06671ad1,2026-07-06T23:00:42.154,auth,OK,pacs.008,FAST,1155.01,MYR,**************2344,SG,29
3eb13b90-4668-5257-bdd6-40fb06671ad1,2026-07-06T23:00:42.345,validation,OK,pacs.008,FAST,1155.01,MYR,**************2344,SG,67
3eb13b90-4668-5257-bdd6-40fb06671ad1,2026-07-06T23:00:42.628,aml,OK,pacs.008,FAST,1155.01,MYR,**************2344,SG,250
3eb13b90-4668-5257-bdd6-40fb06671ad1,2026-07-06T23:00:42.700,payment-hub,OK,pacs.008,FAST,1155.01,MYR,**************2344,SG,32
3eb13b90-4668-5257-bdd6-40fb06671ad1,2026-07-06T23:00:42.768,core-banking,OK,pacs.008,FAST,1155.01,MYR,**************2344,SG,101
3eb13b90-4668-5257-bdd6-40fb06671ad1,2026-07-06T23:00:42.839,settlement,SETTLED,pacs.008,FAST,1155.01,MYR,**************2344,SG,400
3eb13b90-4668-5257-bdd6-40fb06671ad1,2026-07-05T21:52:03.817,gateway,OK,0200,FAST,507.99,SGD,**************8812,MY,22
3eb13b90-4668-5257-bdd6-40fb06671ad1,2026-07-05T21:52:03.890,auth,OK,0200,FAST,507.99,SGD,**************8812,MY,39
3eb13b90-4668-5257-bdd6-40fb06671ad1,2026-07-05T21:52:03.943,validation,OK,0200,FAST,507.99,SGD,**************8812,MY,97
3eb13b90-4668-5257-bdd6-40fb06671ad1,2026-07-05T21:52:04.205,aml,OK,0200,FAST,507.99,SGD,**************8812,MY,177
3eb13b90-4668-5257-bdd6-40fb06671ad1,2026-07-05T21:52:04.392,payment-hub,OK,0200,FAST,507.99,SGD,**************8812,MY,106
3eb13b90-4668-5257-bdd6-40fb06671ad1,2026-07-05T21:52:04.523,core-banking,OK,0200,FAST,507.99,SGD,**************8812,MY,250
3eb13b90-4668-5257-bdd6-40fb06671ad1,2026-07-05T21:52:04.633,settlement,SETTLED,0200,FAST,507.99,SGD,**************8812,MY,160
3eb13b90-4668-5257-bdd6-40fb06671ad1,2026-07-15T02:20:27.475,gateway,OK,MT103,CARDS,724.21,SGD,**************9013,SG,27
3eb13b90-4668-5257-bdd6-40fb06671ad1,2026-07-15T02:20:27.534,auth,OK,MT103,CARDS,724.21,SGD,**************9013,SG,31
3eb13b90-4668-5257-bdd6-40fb06671ad1,2026-07-15T02:20:27.578,validation,OK,MT103,CARDS,724.21,SGD,**************9013,SG,75
3eb13b90-4668-5257-bdd6-40fb06671ad1,2026-07-15T02:20:27.681,aml,OK,MT103,CARDS,724.21,SGD,**************9013,SG,209
3eb13b90-4668-5257-bdd6-40fb06671ad1,2026-07-15T02:20:27.846,payment-hub,OK,MT103,CARDS,724.21,SGD,**************9013,SG,62
3eb13b90-4668-5257-bdd6-40fb06671ad1,2026-07-15T02:20:28.074,core-banking,OK,MT103,CARDS,724.21,SGD,**************9013,SG,184
3eb13b90-4668-5257-bdd6-40fb06671ad1,2026-07-15T02:20:28.251,settlement,SETTLED,MT103,CARDS,724.21,SGD,**************9013,SG,363
3eb13b90-4668-5257-bdd6-40fb06671ad1,2026-07-09T03:25:09.596,gateway,OK,0200,FAST,658.25,SGD,**************1216,SG,26
3eb13b90-4668-5257-bdd6-40fb06671ad1,2026-07-09T03:25:09.861,auth,OK,0200,FAST,658.25,SGD,**************1216,SG,70
3eb13b90-4668-5257-bdd6-40fb06671ad1,2026-07-09T03:25:09.950,validation,OK,0200,FAST,658.25,SGD,**************1216,SG,98
3eb13b90-4668-5257-bdd6-40fb06671ad1,2026-07-09T03:25:09.999,aml,OK,0200,FAST,658.25,SGD,**************1216,SG,75
3eb13b90-4668-5257-bdd6-40fb06671ad1,2026-07-09T03:25:10.048,payment-hub,OK,0200,FAST,658.25,SGD,**************1216,SG,112
3eb13b90-4668-5257-bdd6-40fb06671ad1,2026-07-09T03:25:10.225,core-banking,OK,0200,FAST,658.25,SGD,**************1216,SG,124
3eb13b90-4668-5257-bdd6-40fb06671ad1,2026-07-09T03:25:10.301,settlement,SETTLED,0200,FAST,658.25,SGD,**************1216,SG,167
3eb13b90-4668-5257-bdd6-40fb06671ad1,2026-07-05T15:16:54.440,gateway,OK,MT103,FAST,979.37,SGD,**************3089,SG,45
3eb13b90-4668-5257-bdd6-40fb06671ad1,2026-07-05T15:16:54.508,auth,OK,MT103,FAST,979.37,SGD,**************3089,SG,53
3eb13b90-4668-5257-bdd6-40fb06671ad1,2026-07-05T15:16:54.674,validation,OK,MT103,FAST,979.37,SGD,**************3089,SG,28
3eb13b90-4668-5257-bdd6-40fb06671ad1,2026-07-05T15:16:54.899,aml,OK,MT103,FAST,979.37,SGD,**************3089,SG,262
3eb13b90-4668-5257-bdd6-40fb06671ad1,2026-07-05T15:17:24.913,payment-hub,OK,MT103,FAST,979.37,SGD,**************3089,SG,147
3eb13b90-4668-5257-bdd6-40fb06671ad1,2026-07-05T15:17:24.971,core-banking,OK,MT103,FAST,979.37,SGD,**************3089,SG,172
3eb13b90-4668-5257-bdd6-40fb06671ad1,2026-07-05T15:17:25.091,settlement,SETTLED,MT103,FAST,979.37,SGD,**************3089,SG,194
3eb13b90-4668-5257-bdd6-40fb06671ad1,2026-07-09T16:41:12.966,gateway,OK,pacs.008,SWIFT,329.31,SGD,**************2644,SG,15
3eb13b90-4668-5257-bdd6-40fb06671ad1,2026-07-09T16:41:13.084,auth,OK,pacs.008,SWIFT,329.31,SGD,**************2644,SG,68
3eb13b90-4668-5257-bdd6-40fb06671ad1,2026-07-09T16:41:13.360,validation,OK,pacs.008,SWIFT,329.31,SGD,**************2644,SG,98
3eb13b90-4668-5257-bdd6-40fb06671ad1,2026-07-09T16:41:13.448,aml,TIMEOUT,pacs.008,SWIFT,329.31,SGD,**************2644,SG,30000
3eb13b90-4668-5257-bdd6-40fb06671ad1,2026-07-09T16:41:13.522,payment-hub,FAILED,pacs.008,SWIFT,329.31,SGD,**************2644,SG,137
3eb13b90-4668-5257-bdd6-40fb06671ad1,2026-07-06T14:13:52.577,gateway,OK,MT103,FAST,236.7,SGD,**************8194,IN,41
3eb13b90-4668-5257-bdd6-40fb06671ad1,2026-07-06T14:13:52.674,auth,OK,MT103,FAST,236.7,SGD,**************8194,IN,52
3eb13b90-4668-5257-bdd6-40fb06671ad1,2026-07-06T14:13:52.757,validation,OK,MT103,FAST,236.7,SGD,**************8194,IN,66
3eb13b90-4668-5257-bdd6-40fb06671ad1,2026-07-06T14:13:52.844,aml,OK,MT103,FAST,236.7,SGD,**************8194,IN,120
3eb13b90-4668-5257-bdd6-40fb06671ad1,2026-07-06T14:13:52.952,payment-hub,OK,MT103,FAST,236.7,SGD,**************8194,IN,72
3eb13b90-4668-5257-bdd6-40fb06671ad1,2026-07-06T14:13:52.990,core-banking,OK,MT103,FAST,236.7,SGD,**************8194,IN,84
3eb13b90-4668-5257-bdd6-40fb06671ad1,2026-07-06T14:13:53.072,settlement,SETTLED,MT103,FAST,236.7,SGD,**************8194,IN,335
3eb13b90-4668-5257-bdd6-40fb06671ad1,2026-07-09T09:28:44.172,gateway,OK,pacs.008,SWIFT,376.94,SGD,**************4542,US,53
3eb13b90-4668-5257-bdd6-40fb06671ad1,2026-07-09T09:28:44.382,auth,OK,pacs.008,SWIFT,376.94,SGD,**************4542,US,73
3eb13b90-4668-5257-bdd6-40fb06671ad1,2026-07-09T09:28:44.539,validation,OK,pacs.008,SWIFT,376.94,SGD,**************4542,US,81
3eb13b90-4668-5257-bdd6-40fb06671ad1,2026-07-09T09:28:44.583,aml,OK,pacs.008,SWIFT,376.94,SGD,**************4542,US,74
3eb13b90-4668-5257-bdd6-40fb06671ad1,2026-07-09T09:28:44.671,payment-hub,OK,pacs.008,SWIFT,376.94,SGD,**************4542,US,113
3eb13b90-4668-5257-bdd6-40fb06671ad1,2026-07-09T09:28:44.701,core-banking,OK,pacs.008,SWIFT,376.94,SGD,**************4542,US,240
3eb13b90-4668-5257-bdd6-40fb06671ad1,2026-07-09T09:28:44.764,settlement,SETTLED,pacs.008,SWIFT,376.94,SGD,**************4542,US,247
3eb13b90-4668-5257-bdd6-40fb06671ad1,2026-07-06T09:33:18.635,gateway,OK,MT103,SWIFT,880.68,SGD,**************2368,MY,41
3eb13b90-4668-5257-bdd6-40fb06671ad1,2026-07-06T09:33:18.756,auth,OK,MT103,SWIFT,880.68,SGD,**************2368,MY,76
3eb13b90-4668-5257-bdd6-40fb06671ad1,2026-07-06T09:33:18.931,validation,OK,MT103,SWIFT,880.68,SGD,**************2368,MY,49
3eb13b90-4668-5257-bdd6-40fb06671ad1,2026-07-06T09:33:18.997,aml,OK,MT103,SWIFT,880.68,SGD,**************2368,MY,192
3eb13b90-4668-5257-bdd6-40fb06671ad1,2026-07-06T09:33:19.146,payment-hub,OK,MT103,SWIFT,880.68,SGD,**************2368,MY,88
3eb13b90-4668-5257-bdd6-40fb06671ad1,2026-07-06T09:33:19.209,core-banking,OK,MT103,SWIFT,880.68,SGD,**************2368,MY,136
3eb13b90-4668-5257-bdd6-40fb06671ad1,2026-07-06T09:33:19.341,settlement,SETTLED,MT103,SWIFT,880.68,SGD,**************2368,MY,303
3eb13b90-4668-5257-bdd6-40fb06671ad1,2026-07-02T16:24:35.742,gateway,OK,MT103,SWIFT,20447.58,USD,**************7175,SG,52
3eb13b90-4668-5257-bdd6-40fb06671ad1,2026-07-02T16:24:35.918,auth,OK,MT103,SWIFT,20447.58,USD,**************7175,SG,74
3eb13b90-4668-5257-bdd6-40fb06671ad1,2026-07-02T16:24:35.956,validation,OK,MT103,SWIFT,20447.58,USD,**************7175,SG,117
3eb13b90-4668-5257-bdd6-40fb06671ad1,2026-07-02T16:24:35.992,aml,OK,MT103,SWIFT,20447.58,USD,**************7175,SG,139
3eb13b90-4668-5257-bdd6-40fb06671ad1,2026-07-02T16:24:36.066,payment-hub,OK,MT103,SWIFT,20447.58,USD,**************7175,SG,143
3eb13b90-4668-5257-bdd6-40fb06671ad1,2026-07-02T16:24:36.107,core-banking,OK,MT103,SWIFT,20447.58,USD,**************7175,SG,67
3eb13b90-4668-5257-bdd6-40fb06671ad1,2026-07-02T16:24:36.185,settlement,SETTLED,MT103,SWIFT,20447.58,USD,**************7175,SG,333
3eb13b90-4668-5257-bdd6-40fb06671ad1,2026-07-14T01:52:21.314,gateway,OK,pacs.008,SWIFT,428.21,SGD,**************2411,IN,45
3eb13b90-4668-5257-bdd6-40fb06671ad1,2026-07-14T01:52:21.442,auth,OK,pacs.008,SWIFT,428.21,SGD,**************2411,IN,72
3eb13b90-4668-5257-bdd6-40fb06671ad1,2026-07-14T01:52:21.507,validation,OK,pacs.008,SWIFT,428.21,SGD,**************2411,IN,70
3eb13b90-4668-5257-bdd6-40fb06671ad1,2026-07-14T01:52:21.695,aml,OK,pacs.008,SWIFT,428.21,SGD,**************2411,IN,163
3eb13b90-4668-5257-bdd6-40fb06671ad1,2026-07-14T01:52:21.809,payment-hub,OK,pacs.008,SWIFT,428.21,SGD,**************2411,IN,100
3eb13b90-4668-5257-bdd6-40fb06671ad1,2026-07-14T01:52:21.856,core-banking,OK,pacs.008,SWIFT,428.21,SGD,**************2411,IN,138
3eb13b90-4668-5257-bdd6-40fb06671ad1,2026-07-14T01:52:21.984,settlement,SETTLED,pacs.008,SWIFT,428.21,SGD,**************2411,IN,237
3eb13b90-4668-5257-bdd6-40fb06671ad1,2026-07-10T07:05:44.134,gateway,OK,pacs.008,FAST,372.41,USD,**************0541,SG,28
3eb13b90-4668-5257-bdd6-40fb06671ad1,2026-07-10T07:05:44.200,auth,OK,pacs.008,FAST,372.41,USD,**************0541,SG,84
3eb13b90-4668-5257-bdd6-40fb06671ad1,2026-07-10T07:05:44.490,validation,OK,pacs.008,FAST,372.41,USD,**************0541,SG,65
3eb13b90-4668-5257-bdd6-40fb06671ad1,2026-07-10T07:05:44.566,aml,OK,pacs.008,FAST,372.41,USD,**************0541,SG,144
3eb13b90-4668-5257-bdd6-40fb06671ad1,2026-07-10T07:05:44.724,payment-hub,OK,pacs.008,FAST,372.41,USD,**************0541,SG,72
3eb13b90-4668-5257-bdd6-40fb06671ad1,2026-07-10T07:05:44.820,core-banking,OK,pacs.008,FAST,372.41,USD,**************0541,SG,177
3eb13b90-4668-5257-bdd6-40fb06671ad1,2026-07-10T07:05:44.916,settlement,SETTLED,pacs.008,FAST,372.41,USD,**************0541,SG,383
3eb13b90-4668-5257-bdd6-40fb06671ad1,2026-07-13T01:32:27.147,gateway,OK,MT103,SWIFT,126.53,SGD,**************0014,HK,58
3eb13b90-4668-5257-bdd6-40fb06671ad1,2026-07-13T01:32:27.213,auth,OK,MT103,SWIFT,126.53,SGD,**************0014,HK,83
3eb13b90-4668-5257-bdd6-40fb06671ad1,2026-07-13T01:32:27.285,validation,OK,MT103,SWIFT,126.53,SGD,**************0014,HK,60
3eb13b90-4668-5257-bdd6-40fb06671ad1,2026-07-13T01:32:27.366,aml,OK,MT103,SWIFT,126.53,SGD,**************0014,HK,187
3eb13b90-4668-5257-bdd6-40fb06671ad1,2026-07-13T01:32:27.623,payment-hub,OK,MT103,SWIFT,126.53,SGD,**************0014,HK,52
3eb13b90-4668-5257-bdd6-40fb06671ad1,2026-07-13T01:32:27.724,core-banking,OK,MT103,SWIFT,126.53,SGD,**************0014,HK,71
3eb13b90-4668-5257-bdd6-40fb06671ad1,2026-07-13T01:32:27.851,settlement,SETTLED,MT103,SWIFT,126.53,SGD,**************0014,HK,261
3eb13b90-4668-5257-bdd6-40fb06671ad1,2026-07-14T08:44:01.476,gateway,OK,pacs.008,SWIFT,9013.21,USD,**************2195,SG,38
3eb13b90-4668-5257-bdd6-40fb06671ad1,2026-07-14T08:44:01.566,auth,OK,pacs.008,SWIFT,9013.21,USD,**************2195,SG,90
3eb13b90-4668-5257-bdd6-40fb06671ad1,2026-07-14T08:44:01.667,validation,OK,pacs.008,SWIFT,9013.21,USD,**************2195,SG,110
3eb13b90-4668-5257-bdd6-40fb06671ad1,2026-07-14T08:44:01.728,aml,OK,pacs.008,SWIFT,9013.21,USD,**************2195,SG,50
3eb13b90-4668-5257-bdd6-40fb06671ad1,2026-07-14T08:44:01.779,payment-hub,OK,pacs.008,SWIFT,9013.21,USD,**************2195,SG,103
3eb13b90-4668-5257-bdd6-40fb06671ad1,2026-07-14T08:44:01.863,core-banking,OK,pacs.008,SWIFT,9013.21,USD,**************2195,SG,137
3eb13b90-4668-5257-bdd6-40fb06671ad1,2026-07-14T08:44:01.916,settlement,SETTLED,pacs.008,SWIFT,9013.21,USD,**************2195,SG,308
3eb13b90-4668-5257-bdd6-40fb06671ad1,2026-07-11T04:47:29.499,gateway,OK,pacs.008,SWIFT,426.16,SGD,**************1160,SG,16
3eb13b90-4668-5257-bdd6-40fb06671ad1,2026-07-11T04:47:29.594,auth,OK,pacs.008,SWIFT,426.16,SGD,**************1160,SG,54
3eb13b90-4668-5257-bdd6-40fb06671ad1,2026-07-11T04:47:29.695,validation,OK,pacs.008,SWIFT,426.16,SGD,**************1160,SG,73
3eb13b90-4668-5257-bdd6-40fb06671ad1,2026-07-11T04:47:29.873,aml,OK,pacs.008,SWIFT,426.16,SGD,**************1160,SG,213
3eb13b90-4668-5257-bdd6-40fb06671ad1,2026-07-11T04:47:29.938,payment-hub,OK,pacs.008,SWIFT,426.16,SGD,**************1160,SG,58
3eb13b90-4668-5257-bdd6-40fb06671ad1,2026-07-11T04:47:30.017,core-banking,OK,pacs.008,SWIFT,426.16,SGD,**************1160,SG,94
3eb13b90-4668-5257-bdd6-40fb06671ad1,2026-07-11T04:47:30.046,settlement,SETTLED,pacs.008,SWIFT,426.16,SGD,**************1160,SG,255
3eb13b90-4668-5257-bdd6-40fb06671ad1,2026-07-13T06:36:45.455,gateway,OK,0200,FAST,119.51,SGD,**************6331,HK,25
3eb13b90-4668-5257-bdd6-40fb06671ad1,2026-07-13T06:36:45.551,auth,OK,0200,FAST,119.51,SGD,**************6331,HK,52
3eb13b90-4668-5257-bdd6-40fb06671ad1,2026-07-13T06:36:45.663,validation,OK,0200,FAST,119.51,SGD,**************6331,HK,40
3eb13b90-4668-5257-bdd6-40fb06671ad1,2026-07-13T06:36:45.751,aml,OK,0200,FAST,119.51,SGD,**************6331,HK,204
3eb13b90-4668-5257-bdd6-40fb06671ad1,2026-07-13T06:37:15.756,payment-hub,OK,0200,FAST,119.51,SGD,**************6331,HK,72
3eb13b90-4668-5257-bdd6-40fb06671ad1,2026-07-13T06:37:15.830,core-banking,OK,0200,FAST,119.51,SGD,**************6331,HK,216
3eb13b90-4668-5257-bdd6-40fb06671ad1,2026-07-13T06:37:15.974,settlement,SETTLED,0200,FAST,119.51,SGD,**************6331,HK,174
3eb13b90-4668-5257-bdd6-40fb06671ad1,2026-07-11T23:11:00.235,gateway,OK,pacs.008,FAST,1078.43,SGD,**************6472,MY,47
3eb13b90-4668-5257-bdd6-40fb06671ad1,2026-07-11T23:11:00.320,auth,OK,pacs.008,FAST,1078.43,SGD,**************6472,MY,20
3eb13b90-4668-5257-bdd6-40fb06671ad1,2026-07-11T23:11:00.369,validation,OK,pacs.008,FAST,1078.43,SGD,**************6472,MY,101
3eb13b90-4668-5257-bdd6-40fb06671ad1,2026-07-11T23:11:00.520,aml,OK,pacs.008,FAST,1078.43,SGD,**************6472,MY,93
3eb13b90-4668-5257-bdd6-40fb06671ad1,2026-07-11T23:11:00.661,payment-hub,OK,pacs.008,FAST,1078.43,SGD,**************6472,MY,51
3eb13b90-4668-5257-bdd6-40fb06671ad1,2026-07-11T23:11:00.726,core-banking,OK,pacs.008,FAST,1078.43,SGD,**************6472,MY,91
3eb13b90-4668-5257-bdd6-40fb06671ad1,2026-07-11T23:11:00.775,settlement,SETTLED,pacs.008,FAST,1078.43,SGD,**************6472,MY,181
3eb13b90-4668-5257-bdd6-40fb06671ad1,2026-07-14T13:58:31.651,gateway,OK,pacs.008,SWIFT,893.62,SGD,**************9216,IN,48
3eb13b90-4668-5257-bdd6-40fb06671ad1,2026-07-14T13:58:31.707,auth,OK,pacs.008,SWIFT,893.62,SGD,**************9216,IN,36
3eb13b90-4668-5257-bdd6-40fb06671ad1,2026-07-14T13:58:31.793,validation,OK,pacs.008,SWIFT,893.62,SGD,**************9216,IN,102
3eb13b90-4668-5257-bdd6-40fb06671ad1,2026-07-14T13:58:31.905,aml,OK,pacs.008,SWIFT,893.62,SGD,**************9216,IN,51
3eb13b90-4668-5257-bdd6-40fb06671ad1,2026-07-14T13:58:32.174,payment-hub,OK,pacs.008,SWIFT,893.62,SGD,**************9216,IN,111
3eb13b90-4668-5257-bdd6-40fb06671ad1,2026-07-14T13:58:32.223,core-banking,OK,pacs.008,SWIFT,893.62,SGD,**************9216,IN,235
3eb13b90-4668-5257-bdd6-40fb06671ad1,2026-07-14T13:58:32.284,settlement,SETTLED,pacs.008,SWIFT,893.62,SGD,**************9216,IN,145
3eb13b90-4668-5257-bdd6-40fb06671ad1,2026-07-02T19:26:14.750,gateway,OK,pacs.008,FAST,367.63,USD,**************3869,SG,38
3eb13b90-4668-5257-bdd6-40fb06671ad1,2026-07-02T19:26:14.843,auth,OK,pacs.008,FAST,367.63,USD,**************3869,SG,20
3eb13b90-4668-5257-bdd6-40fb06671ad1,2026-07-02T19:26:14.944,validation,REJECTED,pacs.008,FAST,367.63,USD,**************3869,SG,61
3eb13b90-4668-5257-bdd6-40fb06671ad1,2026-07-10T15:28:27.836,gateway,OK,0200,CARDS,8651.14,INR,**************6801,SG,60
3eb13b90-4668-5257-bdd6-40fb06671ad1,2026-07-10T15:28:28.043,auth,OK,0200,CARDS,8651.14,INR,**************6801,SG,61
3eb13b90-4668-5257-bdd6-40fb06671ad1,2026-07-10T15:28:28.113,validation,OK,0200,CARDS,8651.14,INR,**************6801,SG,27
3eb13b90-4668-5257-bdd6-40fb06671ad1,2026-07-10T15:28:58.136,aml,OK,0200,CARDS,8651.14,INR,**************6801,SG,185
3eb13b90-4668-5257-bdd6-40fb06671ad1,2026-07-10T15:28:58.383,payment-hub,OK,0200,CARDS,8651.14,INR,**************6801,SG,71
3eb13b90-4668-5257-bdd6-40fb06671ad1,2026-07-10T15:28:58.430,core-banking,OK,0200,CARDS,8651.14,INR,**************6801,SG,98
3eb13b90-4668-5257-bdd6-40fb06671ad1,2026-07-10T15:28:58.515,settlement,SETTLED,0200,CARDS,8651.14,INR,**************6801,SG,91
3eb13b90-4668-5257-bdd6-40fb06671ad1,2026-07-12T01:26:10.922,gateway,OK,pacs.008,CARDS,346.96,USD,**************3572,IN,19
3eb13b90-4668-5257-bdd6-40fb06671ad1,2026-07-12T01:26:11.009,auth,OK,pacs.008,CARDS,346.96,USD,**************3572,IN,20
3eb13b90-4668-5257-bdd6-40fb06671ad1,2026-07-12T01:26:11.065,validation,OK,pacs.008,CARDS,346.96,USD,**************3572,IN,78
3eb13b90-4668-5257-bdd6-40fb06671ad1,2026-07-12T01:26:11.113,aml,OK,pacs.008,CARDS,346.96,USD,**************3572,IN,205
3eb13b90-4668-5257-bdd6-40fb06671ad1,2026-07-12T01:26:11.173,payment-hub,OK,pacs.008,CARDS,346.96,USD,**************3572,IN,70
3eb13b90-4668-5257-bdd6-40fb06671ad1,2026-07-12T01:26:11.447,core-banking,OK,pacs.008,CARDS,346.96,USD,**************3572,IN,214
3eb13b90-4668-5257-bdd6-40fb06671ad1,2026-07-12T01:26:11.500,settlement,SETTLED,pacs.008,CARDS,346.96,USD,**************3572,IN,302
3eb13b90-4668-5257-bdd6-40fb06671ad1,2026-07-03T01:11:10.455,gateway,OK,pacs.008,FAST,527.76,USD,**************8037,HK,38
3eb13b90-4668-5257-bdd6-40fb06671ad1,2026-07-03T01:11:10.513,auth,OK,pacs.008,FAST,527.76,USD,**************8037,HK,42
3eb13b90-4668-5257-bdd6-40fb06671ad1,2026-07-03T01:11:10.567,validation,OK,pacs.008,FAST,527.76,USD,**************8037,HK,112
3eb13b90-4668-5257-bdd6-40fb06671ad1,2026-07-03T01:11:10.638,aml,OK,pacs.008,FAST,527.76,USD,**************8037,HK,226
3eb13b90-4668-5257-bdd6-40fb06671ad1,2026-07-03T01:11:10.702,payment-hub,OK,pacs.008,FAST,527.76,USD,**************8037,HK,140
3eb13b90-4668-5257-bdd6-40fb06671ad1,2026-07-03T01:11:10.814,core-banking,OK,pacs.008,FAST,527.76,USD,**************8037,HK,165
3eb13b90-4668-5257-bdd6-40fb06671ad1,2026-07-03T01:11:11.081,settlement,SETTLED,pacs.008,FAST,527.76,USD,**************8037,HK,397
3eb13b90-4668-5257-bdd6-40fb06671ad1,2026-07-08T00:10:11.466,gateway,OK,pacs.008,FAST,101.6,SGD,**************0726,SG,46
3eb13b90-4668-5257-bdd6-40fb06671ad1,2026-07-08T00:10:11.560,auth,OK,pacs.008,FAST,101.6,SGD,**************0726,SG,88
3eb13b90-4668-5257-bdd6-40fb06671ad1,2026-07-08T00:10:11.633,validation,OK,pacs.008,FAST,101.6,SGD,**************0726,SG,82
3eb13b90-4668-5257-bdd6-40fb06671ad1,2026-07-08T00:10:11.739,aml,OK,pacs.008,FAST,101.6,SGD,**************0726,SG,99
3eb13b90-4668-5257-bdd6-40fb06671ad1,2026-07-08T00:10:11.921,payment-hub,OK,pacs.008,FAST,101.6,SGD,**************0726,SG,85
3eb13b90-4668-5257-bdd6-40fb06671ad1,2026-07-08T00:10:12.153,core-banking,OK,pacs.008,FAST,101.6,SGD,**************0726,SG,231
3eb13b90-4668-5257-bdd6-40fb06671ad1,2026-07-08T00:10:12.277,settlement,SETTLED,pacs.008,FAST,101.6,SGD,**************0726,SG,180
3eb13b90-4668-5257-bdd6-40fb06671ad1,2026-07-09T07:00:09.348,gateway,OK,MT103,FAST,754.92,MYR,**************0979,IN,52
3eb13b90-4668-5257-bdd6-40fb06671ad1,2026-07-09T07:00:09.481,auth,OK,MT103,FAST,754.92,MYR,**************0979,IN,42
3eb13b90-4668-5257-bdd6-40fb06671ad1,2026-07-09T07:00:09.561,validation,OK,MT103,FAST,754.92,MYR,**************0979,IN,49
3eb13b90-4668-5257-bdd6-40fb06671ad1,2026-07-09T07:00:09.650,aml,OK,MT103,FAST,754.92,MYR,**************0979,IN,45
3eb13b90-4668-5257-bdd6-40fb06671ad1,2026-07-09T07:00:09.827,payment-hub,OK,MT103,FAST,754.92,MYR,**************0979,IN,146
3eb13b90-4668-5257-bdd6-40fb06671ad1,2026-07-09T07:00:10.055,core-banking,OK,MT103,FAST,754.92,MYR,**************0979,IN,152
3eb13b90-4668-5257-bdd6-40fb06671ad1,2026-07-09T07:00:10.224,settlement,SETTLED,MT103,FAST,754.92,MYR,**************0979,IN,188
3eb13b90-4668-5257-bdd6-40fb06671ad1,2026-07-09T15:44:56.744,gateway,OK,0200,FAST,1362.19,SGD,**************5023,MY,52
3eb13b90-4668-5257-bdd6-40fb06671ad1,2026-07-09T15:44:56.877,auth,OK,0200,FAST,1362.19,SGD,**************5023,MY,28
3eb13b90-4668-5257-bdd6-40fb06671ad1,2026-07-09T15:44:56.991,validation,OK,0200,FAST,1362.19,SGD,**************5023,MY,110
3eb13b90-4668-5257-bdd6-40fb06671ad1,2026-07-09T15:44:57.293,aml,OK,0200,FAST,1362.19,SGD,**************5023,MY,139
3eb13b90-4668-5257-bdd6-40fb06671ad1,2026-07-09T15:44:57.385,payment-hub,OK,0200,FAST,1362.19,SGD,**************5023,MY,132
3eb13b90-4668-5257-bdd6-40fb06671ad1,2026-07-09T15:44:57.422,core-banking,OK,0200,FAST,1362.19,SGD,**************5023,MY,216
3eb13b90-4668-5257-bdd6-40fb06671ad1,2026-07-09T15:44:57.484,settlement,SETTLED,0200,FAST,1362.19,SGD,**************5023,MY,103
3eb13b90-4668-5257-bdd6-40fb06671ad1,2026-07-03T06:34:48.493,gateway,OK,pacs.008,FAST,324.65,EUR,**************4420,SG,41
3eb13b90-4668-5257-bdd6-40fb06671ad1,2026-07-03T06:34:48.665,auth,OK,pacs.008,FAST,324.65,EUR,**************4420,SG,60
3eb13b90-4668-5257-bdd6-40fb06671ad1,2026-07-03T06:34:48.741,validation,OK,pacs.008,FAST,324.65,EUR,**************4420,SG,37
3eb13b90-4668-5257-bdd6-40fb06671ad1,2026-07-03T06:34:48.863,aml,TIMEOUT,pacs.008,FAST,324.65,EUR,**************4420,SG,30000
3eb13b90-4668-5257-bdd6-40fb06671ad1,2026-07-03T06:34:49.044,payment-hub,FAILED,pacs.008,FAST,324.65,EUR,**************4420,SG,49
3eb13b90-4668-5257-bdd6-40fb06671ad1,2026-07-08T18:30:49.571,gateway,OK,MT103,FAST,1660.07,USD,**************9966,SG,30
3eb13b90-4668-5257-bdd6-40fb06671ad1,2026-07-08T18:30:49.752,auth,OK,MT103,FAST,1660.07,USD,**************9966,SG,74
3eb13b90-4668-5257-bdd6-40fb06671ad1,2026-07-08T18:30:49.895,validation,OK,MT103,FAST,1660.07,USD,**************9966,SG,55
3eb13b90-4668-5257-bdd6-40fb06671ad1,2026-07-08T18:30:49.931,aml,OK,MT103,FAST,1660.07,USD,**************9966,SG,182
3eb13b90-4668-5257-bdd6-40fb06671ad1,2026-07-08T18:30:49.992,payment-hub,OK,MT103,FAST,1660.07,USD,**************9966,SG,98
3eb13b90-4668-5257-bdd6-40fb06671ad1,2026-07-08T18:30:50.097,core-banking,OK,MT103,FAST,1660.07,USD,**************9966,SG,225
3eb13b90-4668-5257-bdd6-40fb06671ad1,2026-07-08T18:30:50.156,settlement,SETTLED,MT103,FAST,1660.07,USD,**************9966,SG,186
3eb13b90-4668-5257-bdd6-40fb06671ad1,2026-07-05T04:59:09.898,gateway,OK,pacs.008,FAST,721.85,EUR,**************8248,MY,28
3eb13b90-4668-5257-bdd6-40fb06671ad1,2026-07-05T04:59:09.960,auth,OK,pacs.008,FAST,721.85,EUR,**************8248,MY,90
3eb13b90-4668-5257-bdd6-40fb06671ad1,2026-07-05T04:59:10.053,validation,OK,pacs.008,FAST,721.85,EUR,**************8248,MY,79
3eb13b90-4668-5257-bdd6-40fb06671ad1,2026-07-05T04:59:10.124,aml,OK,pacs.008,FAST,721.85,EUR,**************8248,MY,220
3eb13b90-4668-5257-bdd6-40fb06671ad1,2026-07-05T04:59:10.175,payment-hub,OK,pacs.008,FAST,721.85,EUR,**************8248,MY,101
3eb13b90-4668-5257-bdd6-40fb06671ad1,2026-07-05T04:59:10.254,core-banking,OK,pacs.008,FAST,721.85,EUR,**************8248,MY,167
3eb13b90-4668-5257-bdd6-40fb06671ad1,2026-07-05T04:59:10.315,settlement,SETTLED,pacs.008,FAST,721.85,EUR,**************8248,MY,208
3eb13b90-4668-5257-bdd6-40fb06671ad1,2026-07-14T05:26:34.064,gateway,OK,pacs.008,FAST,3150.85,SGD,**************4855,SG,35
3eb13b90-4668-5257-bdd6-40fb06671ad1,2026-07-14T05:26:34.104,auth,OK,pacs.008,FAST,3150.85,SGD,**************4855,SG,78
3eb13b90-4668-5257-bdd6-40fb06671ad1,2026-07-14T05:26:34.192,validation,OK,pacs.008,FAST,3150.85,SGD,**************4855,SG,70
3eb13b90-4668-5257-bdd6-40fb06671ad1,2026-07-14T05:26:34.249,aml,OK,pacs.008,FAST,3150.85,SGD,**************4855,SG,111
3eb13b90-4668-5257-bdd6-40fb06671ad1,2026-07-14T05:26:34.335,payment-hub,OK,pacs.008,FAST,3150.85,SGD,**************4855,SG,59
3eb13b90-4668-5257-bdd6-40fb06671ad1,2026-07-14T05:26:34.441,core-banking,OK,pacs.008,FAST,3150.85,SGD,**************4855,SG,108
3eb13b90-4668-5257-bdd6-40fb06671ad1,2026-07-14T05:26:34.550,settlement,SETTLED,pacs.008,FAST,3150.85,SGD,**************4855,SG,252
3eb13b90-4668-5257-bdd6-40fb06671ad1,2026-07-01T13:59:20.014,gateway,OK,pacs.008,FAST,878.95,SGD,**************2056,US,55
3eb13b90-4668-5257-bdd6-40fb06671ad1,2026-07-01T13:59:20.080,auth,OK,pacs.008,FAST,878.95,SGD,**************2056,US,81
3eb13b90-4668-5257-bdd6-40fb06671ad1,2026-07-01T13:59:20.140,validation,REJECTED,pacs.008,FAST,878.95,SGD,**************2056,US,52
3eb13b90-4668-5257-bdd6-40fb06671ad1,2026-07-01T20:31:11.537,gateway,OK,MT103,FAST,594.75,SGD,**************0104,IN,43
3eb13b90-4668-5257-bdd6-40fb06671ad1,2026-07-01T20:31:11.600,auth,OK,MT103,FAST,594.75,SGD,**************0104,IN,39
3eb13b90-4668-5257-bdd6-40fb06671ad1,2026-07-01T20:31:11.736,validation,OK,MT103,FAST,594.75,SGD,**************0104,IN,88
3eb13b90-4668-5257-bdd6-40fb06671ad1,2026-07-01T20:31:11.938,aml,OK,MT103,FAST,594.75,SGD,**************0104,IN,300
3eb13b90-4668-5257-bdd6-40fb06671ad1,2026-07-01T20:31:12.022,payment-hub,OK,MT103,FAST,594.75,SGD,**************0104,IN,35
3eb13b90-4668-5257-bdd6-40fb06671ad1,2026-07-01T20:31:12.078,core-banking,OK,MT103,FAST,594.75,SGD,**************0104,IN,72
3eb13b90-4668-5257-bdd6-40fb06671ad1,2026-07-01T20:31:12.120,settlement,SETTLED,MT103,FAST,594.75,SGD,**************0104,IN,314
3eb13b90-4668-5257-bdd6-40fb06671ad1,2026-07-04T21:32:57.410,gateway,OK,pacs.008,FAST,1154.99,SGD,**************8313,SG,26
3eb13b90-4668-5257-bdd6-40fb06671ad1,2026-07-04T21:32:57.503,auth,OK,pacs.008,FAST,1154.99,SGD,**************8313,SG,75
3eb13b90-4668-5257-bdd6-40fb06671ad1,2026-07-04T21:32:57.608,validation,OK,pacs.008,FAST,1154.99,SGD,**************8313,SG,40
3eb13b90-4668-5257-bdd6-40fb06671ad1,2026-07-04T21:32:57.720,aml,OK,pacs.008,FAST,1154.99,SGD,**************8313,SG,118
3eb13b90-4668-5257-bdd6-40fb06671ad1,2026-07-04T21:32:57.832,payment-hub,OK,pacs.008,FAST,1154.99,SGD,**************8313,SG,91
3eb13b90-4668-5257-bdd6-40fb06671ad1,2026-07-04T21:32:57.894,core-banking,OK,pacs.008,FAST,1154.99,SGD,**************8313,SG,63
3eb13b90-4668-5257-bdd6-40fb06671ad1,2026-07-04T21:32:57.958,settlement,SETTLED,pacs.008,FAST,1154.99,SGD,**************8313,SG,129
3eb13b90-4668-5257-bdd6-40fb06671ad1,2026-07-01T18:05:00.330,gateway,OK,pacs.008,FAST,4509.94,SGD,**************9310,SG,55
3eb13b90-4668-5257-bdd6-40fb06671ad1,2026-07-01T18:05:00.387,auth,OK,pacs.008,FAST,4509.94,SGD,**************9310,SG,68
3eb13b90-4668-5257-bdd6-40fb06671ad1,2026-07-01T18:05:00.607,validation,OK,pacs.008,FAST,4509.94,SGD,**************9310,SG,106
3eb13b90-4668-5257-bdd6-40fb06671ad1,2026-07-01T18:05:00.720,aml,OK,pacs.008,FAST,4509.94,SGD,**************9310,SG,255
3eb13b90-4668-5257-bdd6-40fb06671ad1,2026-07-01T18:05:00.922,payment-hub,OK,pacs.008,FAST,4509.94,SGD,**************9310,SG,145
3eb13b90-4668-5257-bdd6-40fb06671ad1,2026-07-01T18:05:01.006,core-banking,OK,pacs.008,FAST,4509.94,SGD,**************9310,SG,171
3eb13b90-4668-5257-bdd6-40fb06671ad1,2026-07-01T18:05:01.079,settlement,SETTLED,pacs.008,FAST,4509.94,SGD,**************9310,SG,367
3eb13b90-4668-5257-bdd6-40fb06671ad1,2026-07-06T17:49:36.314,gateway,OK,pacs.008,FAST,1166.34,SGD,**************4470,GB,18
3eb13b90-4668-5257-bdd6-40fb06671ad1,2026-07-06T17:49:36.411,auth,OK,pacs.008,FAST,1166.34,SGD,**************4470,GB,29
3eb13b90-4668-5257-bdd6-40fb06671ad1,2026-07-06T17:49:36.476,validation,OK,pacs.008,FAST,1166.34,SGD,**************4470,GB,49
3eb13b90-4668-5257-bdd6-40fb06671ad1,2026-07-06T17:49:36.604,aml,OK,pacs.008,FAST,1166.34,SGD,**************4470,GB,235
3eb13b90-4668-5257-bdd6-40fb06671ad1,2026-07-06T17:49:36.660,payment-hub,OK,pacs.008,FAST,1166.34,SGD,**************4470,GB,100
3eb13b90-4668-5257-bdd6-40fb06671ad1,2026-07-06T17:49:36.769,core-banking,OK,pacs.008,FAST,1166.34,SGD,**************4470,GB,166
3eb13b90-4668-5257-bdd6-40fb06671ad1,2026-07-06T17:49:36.944,settlement,SETTLED,pacs.008,FAST,1166.34,SGD,**************4470,GB,224
3eb13b90-4668-5257-bdd6-40fb06671ad1,2026-07-11T13:19:25.347,gateway,OK,pacs.008,FAST,234.42,MYR,**************7890,SG,56
3eb13b90-4668-5257-bdd6-40fb06671ad1,2026-07-11T13:19:25.570,auth,OK,pacs.008,FAST,234.42,MYR,**************7890,SG,20
3eb13b90-4668-5257-bdd6-40fb06671ad1,2026-07-11T13:19:25.707,validation,OK,pacs.008,FAST,234.42,MYR,**************7890,SG,46
3eb13b90-4668-5257-bdd6-40fb06671ad1,2026-07-11T13:19:25.783,aml,OK,pacs.008,FAST,234.42,MYR,**************7890,SG,136
3eb13b90-4668-5257-bdd6-40fb06671ad1,2026-07-11T13:19:25.844,payment-hub,OK,pacs.008,FAST,234.42,MYR,**************7890,SG,116
3eb13b90-4668-5257-bdd6-40fb06671ad1,2026-07-11T13:19:25.962,core-banking,OK,pacs.008,FAST,234.42,MYR,**************7890,SG,148
3eb13b90-4668-5257-bdd6-40fb06671ad1,2026-07-11T13:19:26.050,settlement,SETTLED,pacs.008,FAST,234.42,MYR,**************7890,SG,271
3eb13b90-4668-5257-bdd6-40fb06671ad1,2026-07-10T20:37:05.971,gateway,OK,0200,SWIFT,5551.05,SGD,**************5979,GB,41
3eb13b90-4668-5257-bdd6-40fb06671ad1,2026-07-10T20:37:06.035,auth,OK,0200,SWIFT,5551.05,SGD,**************5979,GB,81
3eb13b90-4668-5257-bdd6-40fb06671ad1,2026-07-10T20:37:06.103,validation,OK,0200,SWIFT,5551.05,SGD,**************5979,GB,59
3eb13b90-4668-5257-bdd6-40fb06671ad1,2026-07-10T20:37:06.284,aml,OK,0200,SWIFT,5551.05,SGD,**************5979,GB,154
3eb13b90-4668-5257-bdd6-40fb06671ad1,2026-07-10T20:37:06.330,payment-hub,OK,0200,SWIFT,5551.05,SGD,**************5979,GB,134
3eb13b90-4668-5257-bdd6-40fb06671ad1,2026-07-10T20:37:06.532,core-banking,OK,0200,SWIFT,5551.05,SGD,**************5979,GB,190
3eb13b90-4668-5257-bdd6-40fb06671ad1,2026-07-10T20:37:06.593,settlement,SETTLED,0200,SWIFT,5551.05,SGD,**************5979,GB,361
3eb13b90-4668-5257-bdd6-40fb06671ad1,2026-07-12T09:34:27.775,gateway,OK,pacs.008,SWIFT,271.48,USD,**************9080,SG,52
3eb13b90-4668-5257-bdd6-40fb06671ad1,2026-07-12T09:34:27.811,auth,OK,pacs.008,SWIFT,271.48,USD,**************9080,SG,54
3eb13b90-4668-5257-bdd6-40fb06671ad1,2026-07-12T09:34:27.887,validation,OK,pacs.008,SWIFT,271.48,USD,**************9080,SG,37
3eb13b90-4668-5257-bdd6-40fb06671ad1,2026-07-12T09:34:27.952,aml,OK,pacs.008,SWIFT,271.48,USD,**************9080,SG,87
3eb13b90-4668-5257-bdd6-40fb06671ad1,2026-07-12T09:34:28.006,payment-hub,OK,pacs.008,SWIFT,271.48,USD,**************9080,SG,50
3eb13b90-4668-5257-bdd6-40fb06671ad1,2026-07-12T09:34:28.055,core-banking,OK,pacs.008,SWIFT,271.48,USD,**************9080,SG,204
3eb13b90-4668-5257-bdd6-40fb06671ad1,2026-07-12T09:34:28.171,settlement,SETTLED,pacs.008,SWIFT,271.48,USD,**************9080,SG,190
3eb13b90-4668-5257-bdd6-40fb06671ad1,2026-07-14T13:00:35.427,gateway,OK,MT103,FAST,241.8,SGD,**************4478,IN,22
3eb13b90-4668-5257-bdd6-40fb06671ad1,2026-07-14T13:00:35.483,auth,OK,MT103,FAST,241.8,SGD,**************4478,IN,45
3eb13b90-4668-5257-bdd6-40fb06671ad1,2026-07-14T13:00:35.562,validation,OK,MT103,FAST,241.8,SGD,**************4478,IN,70
3eb13b90-4668-5257-bdd6-40fb06671ad1,2026-07-14T13:00:35.791,aml,OK,MT103,FAST,241.8,SGD,**************4478,IN,57
3eb13b90-4668-5257-bdd6-40fb06671ad1,2026-07-14T13:00:35.840,payment-hub,OK,MT103,FAST,241.8,SGD,**************4478,IN,84
3eb13b90-4668-5257-bdd6-40fb06671ad1,2026-07-14T13:00:35.906,core-banking,OK,MT103,FAST,241.8,SGD,**************4478,IN,110
3eb13b90-4668-5257-bdd6-40fb06671ad1,2026-07-14T13:00:36.071,settlement,SETTLED,MT103,FAST,241.8,SGD,**************4478,IN,103
3eb13b90-4668-5257-bdd6-40fb06671ad1,2026-07-02T02:37:40.002,gateway,OK,MT103,SWIFT,261.38,USD,**************7588,MY,33
3eb13b90-4668-5257-bdd6-40fb06671ad1,2026-07-02T02:37:40.241,auth,OK,MT103,SWIFT,261.38,USD,**************7588,MY,42
3eb13b90-4668-5257-bdd6-40fb06671ad1,2026-07-02T02:37:40.345,validation,OK,MT103,SWIFT,261.38,USD,**************7588,MY,32
3eb13b90-4668-5257-bdd6-40fb06671ad1,2026-07-02T02:37:40.418,aml,OK,MT103,SWIFT,261.38,USD,**************7588,MY,150
3eb13b90-4668-5257-bdd6-40fb06671ad1,2026-07-02T02:37:40.597,payment-hub,OK,MT103,SWIFT,261.38,USD,**************7588,MY,112
3eb13b90-4668-5257-bdd6-40fb06671ad1,2026-07-02T02:37:40.738,core-banking,OK,MT103,SWIFT,261.38,USD,**************7588,MY,92
3eb13b90-4668-5257-bdd6-40fb06671ad1,2026-07-02T02:37:40.805,settlement,SETTLED,MT103,SWIFT,261.38,USD,**************7588,MY,202
3eb13b90-4668-5257-bdd6-40fb06671ad1,2026-07-09T11:47:50.303,gateway,OK,pacs.008,SWIFT,257.06,SGD,**************1420,US,17
3eb13b90-4668-5257-bdd6-40fb06671ad1,2026-07-09T11:47:50.416,auth,OK,pacs.008,SWIFT,257.06,SGD,**************1420,US,49
3eb13b90-4668-5257-bdd6-40fb06671ad1,2026-07-09T11:47:50.513,validation,OK,pacs.008,SWIFT,257.06,SGD,**************1420,US,54
3eb13b90-4668-5257-bdd6-40fb06671ad1,2026-07-09T11:47:50.624,aml,OK,pacs.008,SWIFT,257.06,SGD,**************1420,US,200
3eb13b90-4668-5257-bdd6-40fb06671ad1,2026-07-09T11:47:50.719,payment-hub,OK,pacs.008,SWIFT,257.06,SGD,**************1420,US,56
3eb13b90-4668-5257-bdd6-40fb06671ad1,2026-07-09T11:47:50.760,core-banking,OK,pacs.008,SWIFT,257.06,SGD,**************1420,US,222
3eb13b90-4668-5257-bdd6-40fb06671ad1,2026-07-09T11:47:50.954,settlement,SETTLED,pacs.008,SWIFT,257.06,SGD,**************1420,US,363
3eb13b90-4668-5257-bdd6-40fb06671ad1,2026-07-14T12:30:35.109,gateway,OK,0200,SWIFT,433.01,SGD,**************0949,SG,31
3eb13b90-4668-5257-bdd6-40fb06671ad1,2026-07-14T12:30:35.186,auth,OK,0200,SWIFT,433.01,SGD,**************0949,SG,40
3eb13b90-4668-5257-bdd6-40fb06671ad1,2026-07-14T12:30:35.242,validation,OK,0200,SWIFT,433.01,SGD,**************0949,SG,32
3eb13b90-4668-5257-bdd6-40fb06671ad1,2026-07-14T12:30:35.294,aml,OK,0200,SWIFT,433.01,SGD,**************0949,SG,175
3eb13b90-4668-5257-bdd6-40fb06671ad1,2026-07-14T12:30:35.353,payment-hub,OK,0200,SWIFT,433.01,SGD,**************0949,SG,114
3eb13b90-4668-5257-bdd6-40fb06671ad1,2026-07-14T12:30:35.402,core-banking,OK,0200,SWIFT,433.01,SGD,**************0949,SG,162
3eb13b90-4668-5257-bdd6-40fb06671ad1,2026-07-14T12:30:35.494,settlement,SETTLED,0200,SWIFT,433.01,SGD,**************0949,SG,356
3eb13b90-4668-5257-bdd6-40fb06671ad1,2026-07-04T14:52:53.165,gateway,OK,MT103,SWIFT,2906.37,INR,**************6687,US,26
3eb13b90-4668-5257-bdd6-40fb06671ad1,2026-07-04T14:52:53.216,auth,OK,MT103,SWIFT,2906.37,INR,**************6687,US,20
3eb13b90-4668-5257-bdd6-40fb06671ad1,2026-07-04T14:52:53.298,validation,OK,MT103,SWIFT,2906.37,INR,**************6687,US,59
3eb13b90-4668-5257-bdd6-40fb06671ad1,2026-07-04T14:52:53.416,aml,OK,MT103,SWIFT,2906.37,INR,**************6687,US,202
3eb13b90-4668-5257-bdd6-40fb06671ad1,2026-07-04T14:52:53.493,payment-hub,OK,MT103,SWIFT,2906.37,INR,**************6687,US,60
3eb13b90-4668-5257-bdd6-40fb06671ad1,2026-07-04T14:52:53.554,core-banking,OK,MT103,SWIFT,2906.37,INR,**************6687,US,184
3eb13b90-4668-5257-bdd6-40fb06671ad1,2026-07-04T14:52:53.597,settlement,SETTLED,MT103,SWIFT,2906.37,INR,**************6687,US,375
3eb13b90-4668-5257-bdd6-40fb06671ad1,2026-07-06T03:36:14.004,gateway,OK,MT103,FAST,2403.67,SGD,**************4025,US,31
3eb13b90-4668-5257-bdd6-40fb06671ad1,2026-07-06T03:36:14.072,auth,OK,MT103,FAST,2403.67,SGD,**************4025,US,83
3eb13b90-4668-5257-bdd6-40fb06671ad1,2026-07-06T03:36:14.267,validation,OK,MT103,FAST,2403.67,SGD,**************4025,US,106
3eb13b90-4668-5257-bdd6-40fb06671ad1,2026-07-06T03:36:14.332,aml,OK,MT103,FAST,2403.67,SGD,**************4025,US,296
3eb13b90-4668-5257-bdd6-40fb06671ad1,2026-07-06T03:36:14.537,payment-hub,OK,MT103,FAST,2403.67,SGD,**************4025,US,40
3eb13b90-4668-5257-bdd6-40fb06671ad1,2026-07-06T03:36:14.612,core-banking,OK,MT103,FAST,2403.67,SGD,**************4025,US,67
3eb13b90-4668-5257-bdd6-40fb06671ad1,2026-07-06T03:36:14.802,settlement,SETTLED,MT103,FAST,2403.67,SGD,**************4025,US,300
3eb13b90-4668-5257-bdd6-40fb06671ad1,2026-07-02T10:22:20.801,gateway,OK,pacs.008,CARDS,530.77,SGD,**************3172,SG,57
3eb13b90-4668-5257-bdd6-40fb06671ad1,2026-07-02T10:22:20.863,auth,OK,pacs.008,CARDS,530.77,SGD,**************3172,SG,83
3eb13b90-4668-5257-bdd6-40fb06671ad1,2026-07-02T10:22:20.920,validation,OK,pacs.008,CARDS,530.77,SGD,**************3172,SG,64
3eb13b90-4668-5257-bdd6-40fb06671ad1,2026-07-02T10:22:21.008,aml,OK,pacs.008,CARDS,530.77,SGD,**************3172,SG,136
3eb13b90-4668-5257-bdd6-40fb06671ad1,2026-07-02T10:22:21.212,payment-hub,OK,pacs.008,CARDS,530.77,SGD,**************3172,SG,33
3eb13b90-4668-5257-bdd6-40fb06671ad1,2026-07-02T10:22:21.265,core-banking,OK,pacs.008,CARDS,530.77,SGD,**************3172,SG,57
3eb13b90-4668-5257-bdd6-40fb06671ad1,2026-07-02T10:22:51.301,settlement,SETTLED,pacs.008,CARDS,530.77,SGD,**************3172,SG,136
3eb13b90-4668-5257-bdd6-40fb06671ad1,2026-07-02T13:48:11.306,gateway,OK,MT103,FAST,334.77,USD,**************2020,SG,41
3eb13b90-4668-5257-bdd6-40fb06671ad1,2026-07-02T13:48:11.364,auth,OK,MT103,FAST,334.77,USD,**************2020,SG,74
3eb13b90-4668-5257-bdd6-40fb06671ad1,2026-07-02T13:48:11.588,validation,OK,MT103,FAST,334.77,USD,**************2020,SG,103
3eb13b90-4668-5257-bdd6-40fb06671ad1,2026-07-02T13:48:11.705,aml,OK,MT103,FAST,334.77,USD,**************2020,SG,262
3eb13b90-4668-5257-bdd6-40fb06671ad1,2026-07-02T13:48:11.762,payment-hub,OK,MT103,FAST,334.77,USD,**************2020,SG,37
3eb13b90-4668-5257-bdd6-40fb06671ad1,2026-07-02T13:48:11.852,core-banking,OK,MT103,FAST,334.77,USD,**************2020,SG,202
3eb13b90-4668-5257-bdd6-40fb06671ad1,2026-07-02T13:48:11.936,settlement,SETTLED,MT103,FAST,334.77,USD,**************2020,SG,186
3eb13b90-4668-5257-bdd6-40fb06671ad1,2026-07-04T15:23:35.150,gateway,OK,pacs.008,FAST,3704.21,SGD,**************2178,MY,55
3eb13b90-4668-5257-bdd6-40fb06671ad1,2026-07-04T15:23:35.200,auth,OK,pacs.008,FAST,3704.21,SGD,**************2178,MY,30
3eb13b90-4668-5257-bdd6-40fb06671ad1,2026-07-04T15:23:35.373,validation,OK,pacs.008,FAST,3704.21,SGD,**************2178,MY,92
3eb13b90-4668-5257-bdd6-40fb06671ad1,2026-07-04T15:23:35.462,aml,OK,pacs.008,FAST,3704.21,SGD,**************2178,MY,44
3eb13b90-4668-5257-bdd6-40fb06671ad1,2026-07-04T15:23:35.522,payment-hub,OK,pacs.008,FAST,3704.21,SGD,**************2178,MY,139
3eb13b90-4668-5257-bdd6-40fb06671ad1,2026-07-04T15:23:35.647,core-banking,OK,pacs.008,FAST,3704.21,SGD,**************2178,MY,101
3eb13b90-4668-5257-bdd6-40fb06671ad1,2026-07-04T15:23:35.736,settlement,SETTLED,pacs.008,FAST,3704.21,SGD,**************2178,MY,300
3eb13b90-4668-5257-bdd6-40fb06671ad1,2026-07-02T22:23:26.205,gateway,OK,pacs.008,SWIFT,222.15,EUR,**************3053,SG,29
3eb13b90-4668-5257-bdd6-40fb06671ad1,2026-07-02T22:23:26.274,auth,OK,pacs.008,SWIFT,222.15,EUR,**************3053,SG,73
3eb13b90-4668-5257-bdd6-40fb06671ad1,2026-07-02T22:23:26.306,validation,OK,pacs.008,SWIFT,222.15,EUR,**************3053,SG,38
3eb13b90-4668-5257-bdd6-40fb06671ad1,2026-07-02T22:23:26.407,aml,OK,pacs.008,SWIFT,222.15,EUR,**************3053,SG,192
3eb13b90-4668-5257-bdd6-40fb06671ad1,2026-07-02T22:23:26.474,payment-hub,OK,pacs.008,SWIFT,222.15,EUR,**************3053,SG,45
3eb13b90-4668-5257-bdd6-40fb06671ad1,2026-07-02T22:23:26.579,core-banking,OK,pacs.008,SWIFT,222.15,EUR,**************3053,SG,225
3eb13b90-4668-5257-bdd6-40fb06671ad1,2026-07-02T22:23:26.729,settlement,SETTLED,pacs.008,SWIFT,222.15,EUR,**************3053,SG,200
3eb13b90-4668-5257-bdd6-40fb06671ad1,2026-07-11T22:11:26.245,gateway,OK,pacs.008,FAST,305.47,SGD,**************0213,MY,46
3eb13b90-4668-5257-bdd6-40fb06671ad1,2026-07-11T22:11:26.325,auth,OK,pacs.008,FAST,305.47,SGD,**************0213,MY,37
3eb13b90-4668-5257-bdd6-40fb06671ad1,2026-07-11T22:11:26.449,validation,OK,pacs.008,FAST,305.47,SGD,**************0213,MY,38
3eb13b90-4668-5257-bdd6-40fb06671ad1,2026-07-11T22:11:26.724,aml,OK,pacs.008,FAST,305.47,SGD,**************0213,MY,186
3eb13b90-4668-5257-bdd6-40fb06671ad1,2026-07-11T22:11:26.866,payment-hub,OK,pacs.008,FAST,305.47,SGD,**************0213,MY,144
3eb13b90-4668-5257-bdd6-40fb06671ad1,2026-07-11T22:11:26.958,core-banking,OK,pacs.008,FAST,305.47,SGD,**************0213,MY,157
3eb13b90-4668-5257-bdd6-40fb06671ad1,2026-07-11T22:11:27.077,settlement,SETTLED,pacs.008,FAST,305.47,SGD,**************0213,MY,288
3eb13b90-4668-5257-bdd6-40fb06671ad1,2026-07-14T20:22:28.988,gateway,OK,pacs.008,FAST,316.16,MYR,**************6877,IN,36
3eb13b90-4668-5257-bdd6-40fb06671ad1,2026-07-14T20:22:29.158,auth,OK,pacs.008,FAST,316.16,MYR,**************6877,IN,68
3eb13b90-4668-5257-bdd6-40fb06671ad1,2026-07-14T20:22:29.219,validation,OK,pacs.008,FAST,316.16,MYR,**************6877,IN,95
3eb13b90-4668-5257-bdd6-40fb06671ad1,2026-07-14T20:22:29.281,aml,OK,pacs.008,FAST,316.16,MYR,**************6877,IN,220
3eb13b90-4668-5257-bdd6-40fb06671ad1,2026-07-14T20:22:29.353,payment-hub,OK,pacs.008,FAST,316.16,MYR,**************6877,IN,75
3eb13b90-4668-5257-bdd6-40fb06671ad1,2026-07-14T20:22:29.687,core-banking,OK,pacs.008,FAST,316.16,MYR,**************6877,IN,140
3eb13b90-4668-5257-bdd6-40fb06671ad1,2026-07-14T20:22:29.754,settlement,SETTLED,pacs.008,FAST,316.16,MYR,**************6877,IN,397
3eb13b90-4668-5257-bdd6-40fb06671ad1,2026-07-04T08:09:16.129,gateway,OK,pacs.008,CARDS,846.04,SGD,**************9891,IN,42
3eb13b90-4668-5257-bdd6-40fb06671ad1,2026-07-04T08:09:16.383,auth,OK,pacs.008,CARDS,846.04,SGD,**************9891,IN,38
3eb13b90-4668-5257-bdd6-40fb06671ad1,2026-07-04T08:09:16.491,validation,REJECTED,pacs.008,CARDS,846.04,SGD,**************9891,IN,68
3eb13b90-4668-5257-bdd6-40fb06671ad1,2026-07-01T13:21:25.684,gateway,OK,pacs.008,SWIFT,1701.77,SGD,**************6701,SG,41
3eb13b90-4668-5257-bdd6-40fb06671ad1,2026-07-01T13:21:25.829,auth,OK,pacs.008,SWIFT,1701.77,SGD,**************6701,SG,64
3eb13b90-4668-5257-bdd6-40fb06671ad1,2026-07-01T13:21:25.940,validation,OK,pacs.008,SWIFT,1701.77,SGD,**************6701,SG,118
3eb13b90-4668-5257-bdd6-40fb06671ad1,2026-07-01T13:21:26.214,aml,OK,pacs.008,SWIFT,1701.77,SGD,**************6701,SG,221
3eb13b90-4668-5257-bdd6-40fb06671ad1,2026-07-01T13:21:26.303,payment-hub,OK,pacs.008,SWIFT,1701.77,SGD,**************6701,SG,131
3eb13b90-4668-5257-bdd6-40fb06671ad1,2026-07-01T13:21:26.365,core-banking,OK,pacs.008,SWIFT,1701.77,SGD,**************6701,SG,87
3eb13b90-4668-5257-bdd6-40fb06671ad1,2026-07-01T13:21:26.466,settlement,SETTLED,pacs.008,SWIFT,1701.77,SGD,**************6701,SG,275
3eb13b90-4668-5257-bdd6-40fb06671ad1,2026-07-14T04:29:45.749,gateway,OK,pacs.008,FAST,1469.44,SGD,**************3902,MY,50
3eb13b90-4668-5257-bdd6-40fb06671ad1,2026-07-14T04:29:45.892,auth,OK,pacs.008,FAST,1469.44,SGD,**************3902,MY,86
3eb13b90-4668-5257-bdd6-40fb06671ad1,2026-07-14T04:29:46.097,validation,OK,pacs.008,FAST,1469.44,SGD,**************3902,MY,54
3eb13b90-4668-5257-bdd6-40fb06671ad1,2026-07-14T04:29:46.170,aml,OK,pacs.008,FAST,1469.44,SGD,**************3902,MY,76
3eb13b90-4668-5257-bdd6-40fb06671ad1,2026-07-14T04:29:46.202,payment-hub,OK,pacs.008,FAST,1469.44,SGD,**************3902,MY,88
3eb13b90-4668-5257-bdd6-40fb06671ad1,2026-07-14T04:29:46.238,core-banking,OK,pacs.008,FAST,1469.44,SGD,**************3902,MY,121
3eb13b90-4668-5257-bdd6-40fb06671ad1,2026-07-14T04:29:46.313,settlement,SETTLED,pacs.008,FAST,1469.44,SGD,**************3902,MY,72
3eb13b90-4668-5257-bdd6-40fb06671ad1,2026-07-12T07:11:05.492,gateway,OK,pacs.008,FAST,573.14,SGD,**************4372,IN,45
3eb13b90-4668-5257-bdd6-40fb06671ad1,2026-07-12T07:11:05.731,auth,OK,pacs.008,FAST,573.14,SGD,**************4372,IN,28
3eb13b90-4668-5257-bdd6-40fb06671ad1,2026-07-12T07:11:05.863,validation,OK,pacs.008,FAST,573.14,SGD,**************4372,IN,29
3eb13b90-4668-5257-bdd6-40fb06671ad1,2026-07-12T07:11:05.998,aml,TIMEOUT,pacs.008,FAST,573.14,SGD,**************4372,IN,30000
3eb13b90-4668-5257-bdd6-40fb06671ad1,2026-07-12T07:11:06.183,payment-hub,FAILED,pacs.008,FAST,573.14,SGD,**************4372,IN,61
3eb13b90-4668-5257-bdd6-40fb06671ad1,2026-07-10T05:42:14.616,gateway,OK,MT103,SWIFT,2237.04,EUR,**************3783,IN,24
3eb13b90-4668-5257-bdd6-40fb06671ad1,2026-07-10T05:42:14.709,auth,OK,MT103,SWIFT,2237.04,EUR,**************3783,IN,48
3eb13b90-4668-5257-bdd6-40fb06671ad1,2026-07-10T05:42:14.847,validation,OK,MT103,SWIFT,2237.04,EUR,**************3783,IN,59
3eb13b90-4668-5257-bdd6-40fb06671ad1,2026-07-10T05:42:14.944,aml,OK,MT103,SWIFT,2237.04,EUR,**************3783,IN,131
3eb13b90-4668-5257-bdd6-40fb06671ad1,2026-07-10T05:42:15.066,payment-hub,OK,MT103,SWIFT,2237.04,EUR,**************3783,IN,138
3eb13b90-4668-5257-bdd6-40fb06671ad1,2026-07-10T05:42:15.157,core-banking,OK,MT103,SWIFT,2237.04,EUR,**************3783,IN,148
3eb13b90-4668-5257-bdd6-40fb06671ad1,2026-07-10T05:42:15.242,settlement,SETTLED,MT103,SWIFT,2237.04,EUR,**************3783,IN,313
3eb13b90-4668-5257-bdd6-40fb06671ad1,2026-07-07T17:17:41.220,gateway,OK,pacs.008,CARDS,194.43,SGD,**************0745,US,15
3eb13b90-4668-5257-bdd6-40fb06671ad1,2026-07-07T17:17:41.400,auth,OK,pacs.008,CARDS,194.43,SGD,**************0745,US,43
3eb13b90-4668-5257-bdd6-40fb06671ad1,2026-07-07T17:17:41.448,validation,OK,pacs.008,CARDS,194.43,SGD,**************0745,US,67
3eb13b90-4668-5257-bdd6-40fb06671ad1,2026-07-07T17:17:41.578,aml,OK,pacs.008,CARDS,194.43,SGD,**************0745,US,200
3eb13b90-4668-5257-bdd6-40fb06671ad1,2026-07-07T17:17:41.647,payment-hub,OK,pacs.008,CARDS,194.43,SGD,**************0745,US,139
3eb13b90-4668-5257-bdd6-40fb06671ad1,2026-07-07T17:17:41.733,core-banking,OK,pacs.008,CARDS,194.43,SGD,**************0745,US,89
3eb13b90-4668-5257-bdd6-40fb06671ad1,2026-07-07T17:17:41.799,settlement,SETTLED,pacs.008,CARDS,194.43,SGD,**************0745,US,344
3eb13b90-4668-5257-bdd6-40fb06671ad1,2026-07-06T05:31:42.482,gateway,OK,pacs.008,FAST,916.61,SGD,**************0439,MY,60
3eb13b90-4668-5257-bdd6-40fb06671ad1,2026-07-06T05:31:42.543,auth,OK,pacs.008,FAST,916.61,SGD,**************0439,MY,27
3eb13b90-4668-5257-bdd6-40fb06671ad1,2026-07-06T05:31:42.615,validation,OK,pacs.008,FAST,916.61,SGD,**************0439,MY,94
3eb13b90-4668-5257-bdd6-40fb06671ad1,2026-07-06T05:31:42.679,aml,OK,pacs.008,FAST,916.61,SGD,**************0439,MY,287
3eb13b90-4668-5257-bdd6-40fb06671ad1,2026-07-06T05:31:42.745,payment-hub,OK,pacs.008,FAST,916.61,SGD,**************0439,MY,93
3eb13b90-4668-5257-bdd6-40fb06671ad1,2026-07-06T05:31:42.867,core-banking,OK,pacs.008,FAST,916.61,SGD,**************0439,MY,57
3eb13b90-4668-5257-bdd6-40fb06671ad1,2026-07-06T05:31:42.988,settlement,SETTLED,pacs.008,FAST,916.61,SGD,**************0439,MY,184
3eb13b90-4668-5257-bdd6-40fb06671ad1,2026-07-07T10:54:37.601,gateway,OK,pacs.008,FAST,1358.97,EUR,**************4860,SG,22
3eb13b90-4668-5257-bdd6-40fb06671ad1,2026-07-07T10:54:37.665,auth,OK,pacs.008,FAST,1358.97,EUR,**************4860,SG,38
3eb13b90-4668-5257-bdd6-40fb06671ad1,2026-07-07T10:54:37.873,validation,OK,pacs.008,FAST,1358.97,EUR,**************4860,SG,38
3eb13b90-4668-5257-bdd6-40fb06671ad1,2026-07-07T10:54:37.976,aml,OK,pacs.008,FAST,1358.97,EUR,**************4860,SG,279
3eb13b90-4668-5257-bdd6-40fb06671ad1,2026-07-07T10:54:38.109,payment-hub,OK,pacs.008,FAST,1358.97,EUR,**************4860,SG,76
3eb13b90-4668-5257-bdd6-40fb06671ad1,2026-07-07T10:54:38.331,core-banking,OK,pacs.008,FAST,1358.97,EUR,**************4860,SG,112
3eb13b90-4668-5257-bdd6-40fb06671ad1,2026-07-07T10:54:38.421,settlement,SETTLED,pacs.008,FAST,1358.97,EUR,**************4860,SG,184
3eb13b90-4668-5257-bdd6-40fb06671ad1,2026-07-01T21:03:24.744,gateway,OK,MT103,FAST,178.8,SGD,**************9578,IN,43
3eb13b90-4668-5257-bdd6-40fb06671ad1,2026-07-01T21:03:24.801,auth,OK,MT103,FAST,178.8,SGD,**************9578,IN,39
3eb13b90-4668-5257-bdd6-40fb06671ad1,2026-07-01T21:03:24.997,validation,OK,MT103,FAST,178.8,SGD,**************9578,IN,78
3eb13b90-4668-5257-bdd6-40fb06671ad1,2026-07-01T21:03:25.135,aml,OK,MT103,FAST,178.8,SGD,**************9578,IN,98
3eb13b90-4668-5257-bdd6-40fb06671ad1,2026-07-01T21:03:25.362,payment-hub,OK,MT103,FAST,178.8,SGD,**************9578,IN,68
3eb13b90-4668-5257-bdd6-40fb06671ad1,2026-07-01T21:03:25.440,core-banking,OK,MT103,FAST,178.8,SGD,**************9578,IN,165
3eb13b90-4668-5257-bdd6-40fb06671ad1,2026-07-01T21:03:25.629,settlement,SETTLED,MT103,FAST,178.8,SGD,**************9578,IN,359
3eb13b90-4668-5257-bdd6-40fb06671ad1,2026-07-04T22:22:36.082,gateway,OK,MT103,FAST,128.38,SGD,**************3480,HK,29
3eb13b90-4668-5257-bdd6-40fb06671ad1,2026-07-04T22:22:36.182,auth,OK,MT103,FAST,128.38,SGD,**************3480,HK,80
3eb13b90-4668-5257-bdd6-40fb06671ad1,2026-07-04T22:22:36.278,validation,OK,MT103,FAST,128.38,SGD,**************3480,HK,92
3eb13b90-4668-5257-bdd6-40fb06671ad1,2026-07-04T22:22:36.422,aml,OK,MT103,FAST,128.38,SGD,**************3480,HK,219
3eb13b90-4668-5257-bdd6-40fb06671ad1,2026-07-04T22:22:36.494,payment-hub,OK,MT103,FAST,128.38,SGD,**************3480,HK,135
3eb13b90-4668-5257-bdd6-40fb06671ad1,2026-07-04T22:22:36.575,core-banking,OK,MT103,FAST,128.38,SGD,**************3480,HK,113
3eb13b90-4668-5257-bdd6-40fb06671ad1,2026-07-04T22:22:36.624,settlement,SETTLED,MT103,FAST,128.38,SGD,**************3480,HK,171
3eb13b90-4668-5257-bdd6-40fb06671ad1,2026-07-15T00:42:25.098,gateway,OK,pacs.008,FAST,353.07,SGD,**************8136,SG,54
3eb13b90-4668-5257-bdd6-40fb06671ad1,2026-07-15T00:42:25.245,auth,OK,pacs.008,FAST,353.07,SGD,**************8136,SG,67
3eb13b90-4668-5257-bdd6-40fb06671ad1,2026-07-15T00:42:25.320,validation,OK,pacs.008,FAST,353.07,SGD,**************8136,SG,107
3eb13b90-4668-5257-bdd6-40fb06671ad1,2026-07-15T00:42:25.633,aml,OK,pacs.008,FAST,353.07,SGD,**************8136,SG,155
3eb13b90-4668-5257-bdd6-40fb06671ad1,2026-07-15T00:42:25.698,payment-hub,OK,pacs.008,FAST,353.07,SGD,**************8136,SG,46
3eb13b90-4668-5257-bdd6-40fb06671ad1,2026-07-15T00:42:25.760,core-banking,OK,pacs.008,FAST,353.07,SGD,**************8136,SG,70
3eb13b90-4668-5257-bdd6-40fb06671ad1,2026-07-15T00:42:25.932,settlement,SETTLED,pacs.008,FAST,353.07,SGD,**************8136,SG,282
3eb13b90-4668-5257-bdd6-40fb06671ad1,2026-07-06T12:51:02.937,gateway,OK,pacs.008,FAST,1457.1,INR,**************6242,SG,25
3eb13b90-4668-5257-bdd6-40fb06671ad1,2026-07-06T12:51:03.184,auth,OK,pacs.008,FAST,1457.1,INR,**************6242,SG,69
3eb13b90-4668-5257-bdd6-40fb06671ad1,2026-07-06T12:51:03.257,validation,OK,pacs.008,FAST,1457.1,INR,**************6242,SG,71
3eb13b90-4668-5257-bdd6-40fb06671ad1,2026-07-06T12:51:03.307,aml,OK,pacs.008,FAST,1457.1,INR,**************6242,SG,293
3eb13b90-4668-5257-bdd6-40fb06671ad1,2026-07-06T12:51:03.391,payment-hub,OK,pacs.008,FAST,1457.1,INR,**************6242,SG,45
3eb13b90-4668-5257-bdd6-40fb06671ad1,2026-07-06T12:51:03.425,core-banking,OK,pacs.008,FAST,1457.1,INR,**************6242,SG,58
3eb13b90-4668-5257-bdd6-40fb06671ad1,2026-07-06T12:51:03.475,settlement,SETTLED,pacs.008,FAST,1457.1,INR,**************6242,SG,101
3eb13b90-4668-5257-bdd6-40fb06671ad1,2026-07-15T04:15:52.896,gateway,OK,pacs.008,FAST,29.36,USD,**************9979,HK,21
3eb13b90-4668-5257-bdd6-40fb06671ad1,2026-07-15T04:15:52.941,auth,OK,pacs.008,FAST,29.36,USD,**************9979,HK,37
3eb13b90-4668-5257-bdd6-40fb06671ad1,2026-07-15T04:15:53.058,validation,OK,pacs.008,FAST,29.36,USD,**************9979,HK,101
3eb13b90-4668-5257-bdd6-40fb06671ad1,2026-07-15T04:15:53.142,aml,TIMEOUT,pacs.008,FAST,29.36,USD,**************9979,HK,30000
3eb13b90-4668-5257-bdd6-40fb06671ad1,2026-07-15T04:15:53.251,payment-hub,FAILED,pacs.008,FAST,29.36,USD,**************9979,HK,134
3eb13b90-4668-5257-bdd6-40fb06671ad1,2026-07-12T14:42:45.876,gateway,OK,pacs.008,FAST,182.31,SGD,**************4890,MY,52
3eb13b90-4668-5257-bdd6-40fb06671ad1,2026-07-12T14:42:45.963,auth,OK,pacs.008,FAST,182.31,SGD,**************4890,MY,70
3eb13b90-4668-5257-bdd6-40fb06671ad1,2026-07-12T14:42:46.003,validation,OK,pacs.008,FAST,182.31,SGD,**************4890,MY,89
3eb13b90-4668-5257-bdd6-40fb06671ad1,2026-07-12T14:42:46.067,aml,OK,pacs.008,FAST,182.31,SGD,**************4890,MY,205
3eb13b90-4668-5257-bdd6-40fb06671ad1,2026-07-12T14:42:46.130,payment-hub,OK,pacs.008,FAST,182.31,SGD,**************4890,MY,63
3eb13b90-4668-5257-bdd6-40fb06671ad1,2026-07-12T14:42:46.213,core-banking,OK,pacs.008,FAST,182.31,SGD,**************4890,MY,167
3eb13b90-4668-5257-bdd6-40fb06671ad1,2026-07-12T14:42:46.321,settlement,SETTLED,pacs.008,FAST,182.31,SGD,**************4890,MY,204
3eb13b90-4668-5257-bdd6-40fb06671ad1,2026-07-09T04:52:45.508,gateway,OK,MT103,SWIFT,504.85,MYR,**************5260,SG,52
3eb13b90-4668-5257-bdd6-40fb06671ad1,2026-07-09T04:52:45.565,auth,OK,MT103,SWIFT,504.85,MYR,**************5260,SG,33
3eb13b90-4668-5257-bdd6-40fb06671ad1,2026-07-09T04:52:45.619,validation,OK,MT103,SWIFT,504.85,MYR,**************5260,SG,71
3eb13b90-4668-5257-bdd6-40fb06671ad1,2026-07-09T04:52:45.723,aml,OK,MT103,SWIFT,504.85,MYR,**************5260,SG,56
3eb13b90-4668-5257-bdd6-40fb06671ad1,2026-07-09T04:52:45.929,payment-hub,OK,MT103,SWIFT,504.85,MYR,**************5260,SG,57
3eb13b90-4668-5257-bdd6-40fb06671ad1,2026-07-09T04:52:45.976,core-banking,OK,MT103,SWIFT,504.85,MYR,**************5260,SG,56
3eb13b90-4668-5257-bdd6-40fb06671ad1,2026-07-09T04:52:46.192,settlement,SETTLED,MT103,SWIFT,504.85,MYR,**************5260,SG,311
3eb13b90-4668-5257-bdd6-40fb06671ad1,2026-07-12T08:25:26.835,gateway,OK,pacs.008,SWIFT,765.47,MYR,**************7984,IN,48
3eb13b90-4668-5257-bdd6-40fb06671ad1,2026-07-12T08:25:26.980,auth,OK,pacs.008,SWIFT,765.47,MYR,**************7984,IN,44
3eb13b90-4668-5257-bdd6-40fb06671ad1,2026-07-12T08:25:27.205,validation,REJECTED,pacs.008,SWIFT,765.47,MYR,**************7984,IN,34
3eb13b90-4668-5257-bdd6-40fb06671ad1,2026-07-03T12:50:49.561,gateway,OK,pacs.008,SWIFT,282.92,MYR,**************2893,GB,30
3eb13b90-4668-5257-bdd6-40fb06671ad1,2026-07-03T12:50:49.630,auth,OK,pacs.008,SWIFT,282.92,MYR,**************2893,GB,87
3eb13b90-4668-5257-bdd6-40fb06671ad1,2026-07-03T12:50:49.704,validation,OK,pacs.008,SWIFT,282.92,MYR,**************2893,GB,94
3eb13b90-4668-5257-bdd6-40fb06671ad1,2026-07-03T12:50:49.830,aml,OK,pacs.008,SWIFT,282.92,MYR,**************2893,GB,243
3eb13b90-4668-5257-bdd6-40fb06671ad1,2026-07-03T12:50:49.933,payment-hub,OK,pacs.008,SWIFT,282.92,MYR,**************2893,GB,104
3eb13b90-4668-5257-bdd6-40fb06671ad1,2026-07-03T12:50:49.998,core-banking,OK,pacs.008,SWIFT,282.92,MYR,**************2893,GB,138
3eb13b90-4668-5257-bdd6-40fb06671ad1,2026-07-03T12:50:50.184,settlement,SETTLED,pacs.008,SWIFT,282.92,MYR,**************2893,GB,310
3eb13b90-4668-5257-bdd6-40fb06671ad1,2026-07-07T17:36:24.591,gateway,OK,0200,FAST,295.98,EUR,**************5084,SG,52
3eb13b90-4668-5257-bdd6-40fb06671ad1,2026-07-07T17:36:24.656,auth,OK,0200,FAST,295.98,EUR,**************5084,SG,38
3eb13b90-4668-5257-bdd6-40fb06671ad1,2026-07-07T17:36:24.705,validation,OK,0200,FAST,295.98,EUR,**************5084,SG,36
3eb13b90-4668-5257-bdd6-40fb06671ad1,2026-07-07T17:36:24.862,aml,OK,0200,FAST,295.98,EUR,**************5084,SG,256
3eb13b90-4668-5257-bdd6-40fb06671ad1,2026-07-07T17:36:24.919,payment-hub,OK,0200,FAST,295.98,EUR,**************5084,SG,39
3eb13b90-4668-5257-bdd6-40fb06671ad1,2026-07-07T17:36:25.181,core-banking,OK,0200,FAST,295.98,EUR,**************5084,SG,176
3eb13b90-4668-5257-bdd6-40fb06671ad1,2026-07-07T17:36:25.357,settlement,SETTLED,0200,FAST,295.98,EUR,**************5084,SG,110
3eb13b90-4668-5257-bdd6-40fb06671ad1,2026-07-09T18:52:09.378,gateway,OK,pacs.008,SWIFT,3123.52,SGD,**************1258,SG,19
3eb13b90-4668-5257-bdd6-40fb06671ad1,2026-07-09T18:52:09.494,auth,OK,pacs.008,SWIFT,3123.52,SGD,**************1258,SG,79
3eb13b90-4668-5257-bdd6-40fb06671ad1,2026-07-09T18:52:09.550,validation,OK,pacs.008,SWIFT,3123.52,SGD,**************1258,SG,42
3eb13b90-4668-5257-bdd6-40fb06671ad1,2026-07-09T18:52:09.617,aml,OK,pacs.008,SWIFT,3123.52,SGD,**************1258,SG,176
3eb13b90-4668-5257-bdd6-40fb06671ad1,2026-07-09T18:52:09.674,payment-hub,OK,pacs.008,SWIFT,3123.52,SGD,**************1258,SG,72
3eb13b90-4668-5257-bdd6-40fb06671ad1,2026-07-09T18:52:09.793,core-banking,OK,pacs.008,SWIFT,3123.52,SGD,**************1258,SG,207
3eb13b90-4668-5257-bdd6-40fb06671ad1,2026-07-09T18:52:10.116,settlement,SETTLED,pacs.008,SWIFT,3123.52,SGD,**************1258,SG,366
3eb13b90-4668-5257-bdd6-40fb06671ad1,2026-07-09T01:29:39.174,gateway,OK,MT103,FAST,615.02,EUR,**************2055,US,19
3eb13b90-4668-5257-bdd6-40fb06671ad1,2026-07-09T01:29:39.259,auth,OK,MT103,FAST,615.02,EUR,**************2055,US,60
3eb13b90-4668-5257-bdd6-40fb06671ad1,2026-07-09T01:29:39.299,validation,OK,MT103,FAST,615.02,EUR,**************2055,US,103
3eb13b90-4668-5257-bdd6-40fb06671ad1,2026-07-09T01:29:39.385,aml,OK,MT103,FAST,615.02,EUR,**************2055,US,139
3eb13b90-4668-5257-bdd6-40fb06671ad1,2026-07-09T01:29:39.517,payment-hub,OK,MT103,FAST,615.02,EUR,**************2055,US,139
3eb13b90-4668-5257-bdd6-40fb06671ad1,2026-07-09T01:29:39.789,core-banking,OK,MT103,FAST,615.02,EUR,**************2055,US,228
3eb13b90-4668-5257-bdd6-40fb06671ad1,2026-07-09T01:29:39.991,settlement,SETTLED,MT103,FAST,615.02,EUR,**************2055,US,297
3eb13b90-4668-5257-bdd6-40fb06671ad1,2026-07-06T19:34:36.504,gateway,OK,MT103,FAST,1039.46,SGD,**************3914,IN,36
3eb13b90-4668-5257-bdd6-40fb06671ad1,2026-07-06T19:34:36.633,auth,OK,MT103,FAST,1039.46,SGD,**************3914,IN,83
3eb13b90-4668-5257-bdd6-40fb06671ad1,2026-07-06T19:35:06.670,validation,OK,MT103,FAST,1039.46,SGD,**************3914,IN,50
3eb13b90-4668-5257-bdd6-40fb06671ad1,2026-07-06T19:35:06.750,aml,OK,MT103,FAST,1039.46,SGD,**************3914,IN,154
3eb13b90-4668-5257-bdd6-40fb06671ad1,2026-07-06T19:35:06.863,payment-hub,OK,MT103,FAST,1039.46,SGD,**************3914,IN,31
3eb13b90-4668-5257-bdd6-40fb06671ad1,2026-07-06T19:35:06.942,core-banking,OK,MT103,FAST,1039.46,SGD,**************3914,IN,92
3eb13b90-4668-5257-bdd6-40fb06671ad1,2026-07-06T19:35:07.007,settlement,SETTLED,MT103,FAST,1039.46,SGD,**************3914,IN,70
3eb13b90-4668-5257-bdd6-40fb06671ad1,2026-07-06T07:52:17.502,gateway,OK,pacs.008,FAST,1346.91,USD,**************5827,SG,42
3eb13b90-4668-5257-bdd6-40fb06671ad1,2026-07-06T07:52:17.714,auth,OK,pacs.008,FAST,1346.91,USD,**************5827,SG,46
3eb13b90-4668-5257-bdd6-40fb06671ad1,2026-07-06T07:52:17.787,validation,OK,pacs.008,FAST,1346.91,USD,**************5827,SG,81
3eb13b90-4668-5257-bdd6-40fb06671ad1,2026-07-06T07:52:17.874,aml,OK,pacs.008,FAST,1346.91,USD,**************5827,SG,267
3eb13b90-4668-5257-bdd6-40fb06671ad1,2026-07-06T07:52:17.961,payment-hub,OK,pacs.008,FAST,1346.91,USD,**************5827,SG,69
3eb13b90-4668-5257-bdd6-40fb06671ad1,2026-07-06T07:52:18.027,core-banking,OK,pacs.008,FAST,1346.91,USD,**************5827,SG,138
3eb13b90-4668-5257-bdd6-40fb06671ad1,2026-07-06T07:52:18.114,settlement,SETTLED,pacs.008,FAST,1346.91,USD,**************5827,SG,290
3eb13b90-4668-5257-bdd6-40fb06671ad1,2026-07-04T11:25:02.635,gateway,OK,pacs.008,FAST,730.09,SGD,**************5209,IN,33
3eb13b90-4668-5257-bdd6-40fb06671ad1,2026-07-04T11:25:02.791,auth,OK,pacs.008,FAST,730.09,SGD,**************5209,IN,40
3eb13b90-4668-5257-bdd6-40fb06671ad1,2026-07-04T11:25:02.895,validation,REJECTED,pacs.008,FAST,730.09,SGD,**************5209,IN,32
3eb13b90-4668-5257-bdd6-40fb06671ad1,2026-07-04T22:32:20.960,gateway,OK,MT103,FAST,751.86,MYR,**************8222,MY,53
3eb13b90-4668-5257-bdd6-40fb06671ad1,2026-07-04T22:32:21.027,auth,OK,MT103,FAST,751.86,MYR,**************8222,MY,54
3eb13b90-4668-5257-bdd6-40fb06671ad1,2026-07-04T22:32:21.107,validation,OK,MT103,FAST,751.86,MYR,**************8222,MY,50
3eb13b90-4668-5257-bdd6-40fb06671ad1,2026-07-04T22:32:51.119,aml,OK,MT103,FAST,751.86,MYR,**************8222,MY,164
3eb13b90-4668-5257-bdd6-40fb06671ad1,2026-07-04T22:32:51.197,payment-hub,OK,MT103,FAST,751.86,MYR,**************8222,MY,88
3eb13b90-4668-5257-bdd6-40fb06671ad1,2026-07-04T22:32:51.276,core-banking,OK,MT103,FAST,751.86,MYR,**************8222,MY,127
3eb13b90-4668-5257-bdd6-40fb06671ad1,2026-07-04T22:32:51.378,settlement,SETTLED,MT103,FAST,751.86,MYR,**************8222,MY,326
3eb13b90-4668-5257-bdd6-40fb06671ad1,2026-07-13T19:44:48.277,gateway,OK,MT103,CARDS,5325.57,SGD,**************1923,SG,48
3eb13b90-4668-5257-bdd6-40fb06671ad1,2026-07-13T19:44:48.502,auth,OK,MT103,CARDS,5325.57,SGD,**************1923,SG,70
3eb13b90-4668-5257-bdd6-40fb06671ad1,2026-07-13T19:44:48.573,validation,OK,MT103,CARDS,5325.57,SGD,**************1923,SG,95
3eb13b90-4668-5257-bdd6-40fb06671ad1,2026-07-13T19:44:48.708,aml,OK,MT103,CARDS,5325.57,SGD,**************1923,SG,56
3eb13b90-4668-5257-bdd6-40fb06671ad1,2026-07-13T19:44:48.879,payment-hub,OK,MT103,CARDS,5325.57,SGD,**************1923,SG,37
3eb13b90-4668-5257-bdd6-40fb06671ad1,2026-07-13T19:44:49.075,core-banking,OK,MT103,CARDS,5325.57,SGD,**************1923,SG,202
3eb13b90-4668-5257-bdd6-40fb06671ad1,2026-07-13T19:44:49.209,settlement,SETTLED,MT103,CARDS,5325.57,SGD,**************1923,SG,182
3eb13b90-4668-5257-bdd6-40fb06671ad1,2026-07-05T06:17:40.685,gateway,OK,pacs.008,SWIFT,906.32,SGD,**************3377,MY,21
3eb13b90-4668-5257-bdd6-40fb06671ad1,2026-07-05T06:17:40.817,auth,OK,pacs.008,SWIFT,906.32,SGD,**************3377,MY,74
3eb13b90-4668-5257-bdd6-40fb06671ad1,2026-07-05T06:17:40.846,validation,OK,pacs.008,SWIFT,906.32,SGD,**************3377,MY,55
3eb13b90-4668-5257-bdd6-40fb06671ad1,2026-07-05T06:17:40.910,aml,OK,pacs.008,SWIFT,906.32,SGD,**************3377,MY,181
3eb13b90-4668-5257-bdd6-40fb06671ad1,2026-07-05T06:17:40.990,payment-hub,OK,pacs.008,SWIFT,906.32,SGD,**************3377,MY,51
3eb13b90-4668-5257-bdd6-40fb06671ad1,2026-07-05T06:17:41.048,core-banking,OK,pacs.008,SWIFT,906.32,SGD,**************3377,MY,124
3eb13b90-4668-5257-bdd6-40fb06671ad1,2026-07-05T06:17:41.207,settlement,SETTLED,pacs.008,SWIFT,906.32,SGD,**************3377,MY,270
3eb13b90-4668-5257-bdd6-40fb06671ad1,2026-07-06T21:33:26.818,gateway,OK,pacs.008,CARDS,836.15,SGD,**************3593,MY,42
3eb13b90-4668-5257-bdd6-40fb06671ad1,2026-07-06T21:33:26.912,auth,OK,pacs.008,CARDS,836.15,SGD,**************3593,MY,48
3eb13b90-4668-5257-bdd6-40fb06671ad1,2026-07-06T21:33:27.115,validation,OK,pacs.008,CARDS,836.15,SGD,**************3593,MY,90
3eb13b90-4668-5257-bdd6-40fb06671ad1,2026-07-06T21:33:27.317,aml,OK,pacs.008,CARDS,836.15,SGD,**************3593,MY,231
3eb13b90-4668-5257-bdd6-40fb06671ad1,2026-07-06T21:33:27.448,payment-hub,OK,pacs.008,CARDS,836.15,SGD,**************3593,MY,132
3eb13b90-4668-5257-bdd6-40fb06671ad1,2026-07-06T21:33:27.538,core-banking,OK,pacs.008,CARDS,836.15,SGD,**************3593,MY,62
3eb13b90-4668-5257-bdd6-40fb06671ad1,2026-07-06T21:33:27.642,settlement,SETTLED,pacs.008,CARDS,836.15,SGD,**************3593,MY,92
3eb13b90-4668-5257-bdd6-40fb06671ad1,2026-07-02T10:18:01.090,gateway,OK,pacs.008,SWIFT,163.41,SGD,**************4981,SG,20
3eb13b90-4668-5257-bdd6-40fb06671ad1,2026-07-02T10:18:01.244,auth,OK,pacs.008,SWIFT,163.41,SGD,**************4981,SG,73
3eb13b90-4668-5257-bdd6-40fb06671ad1,2026-07-02T10:18:01.293,validation,OK,pacs.008,SWIFT,163.41,SGD,**************4981,SG,28
3eb13b90-4668-5257-bdd6-40fb06671ad1,2026-07-02T10:18:01.351,aml,OK,pacs.008,SWIFT,163.41,SGD,**************4981,SG,249
3eb13b90-4668-5257-bdd6-40fb06671ad1,2026-07-02T10:18:01.444,payment-hub,OK,pacs.008,SWIFT,163.41,SGD,**************4981,SG,105
3eb13b90-4668-5257-bdd6-40fb06671ad1,2026-07-02T10:18:01.551,core-banking,OK,pacs.008,SWIFT,163.41,SGD,**************4981,SG,87
3eb13b90-4668-5257-bdd6-40fb06671ad1,2026-07-02T10:18:01.733,settlement,SETTLED,pacs.008,SWIFT,163.41,SGD,**************4981,SG,153
3eb13b90-4668-5257-bdd6-40fb06671ad1,2026-07-11T02:47:54.958,gateway,OK,pacs.008,FAST,826.75,USD,**************6946,MY,37
3eb13b90-4668-5257-bdd6-40fb06671ad1,2026-07-11T02:47:55.285,auth,OK,pacs.008,FAST,826.75,USD,**************6946,MY,50
3eb13b90-4668-5257-bdd6-40fb06671ad1,2026-07-11T02:47:55.487,validation,OK,pacs.008,FAST,826.75,USD,**************6946,MY,115
3eb13b90-4668-5257-bdd6-40fb06671ad1,2026-07-11T02:47:55.565,aml,OK,pacs.008,FAST,826.75,USD,**************6946,MY,268
3eb13b90-4668-5257-bdd6-40fb06671ad1,2026-07-11T02:47:55.682,payment-hub,OK,pacs.008,FAST,826.75,USD,**************6946,MY,47
3eb13b90-4668-5257-bdd6-40fb06671ad1,2026-07-11T02:47:55.803,core-banking,OK,pacs.008,FAST,826.75,USD,**************6946,MY,216
3eb13b90-4668-5257-bdd6-40fb06671ad1,2026-07-11T02:47:55.842,settlement,SETTLED,pacs.008,FAST,826.75,USD,**************6946,MY,381
3eb13b90-4668-5257-bdd6-40fb06671ad1,2026-07-06T18:14:22.753,gateway,OK,0200,FAST,570.78,SGD,**************0381,HK,47
3eb13b90-4668-5257-bdd6-40fb06671ad1,2026-07-06T18:14:22.801,auth,OK,0200,FAST,570.78,SGD,**************0381,HK,29
3eb13b90-4668-5257-bdd6-40fb06671ad1,2026-07-06T18:14:22.926,validation,OK,0200,FAST,570.78,SGD,**************0381,HK,83
3eb13b90-4668-5257-bdd6-40fb06671ad1,2026-07-06T18:14:23.003,aml,OK,0200,FAST,570.78,SGD,**************0381,HK,261
3eb13b90-4668-5257-bdd6-40fb06671ad1,2026-07-06T18:14:23.096,payment-hub,OK,0200,FAST,570.78,SGD,**************0381,HK,140
3eb13b90-4668-5257-bdd6-40fb06671ad1,2026-07-06T18:14:23.221,core-banking,OK,0200,FAST,570.78,SGD,**************0381,HK,250
3eb13b90-4668-5257-bdd6-40fb06671ad1,2026-07-06T18:14:23.359,settlement,SETTLED,0200,FAST,570.78,SGD,**************0381,HK,211
3eb13b90-4668-5257-bdd6-40fb06671ad1,2026-07-11T11:00:54.757,gateway,OK,0200,SWIFT,634.34,USD,**************1211,SG,20
3eb13b90-4668-5257-bdd6-40fb06671ad1,2026-07-11T11:00:54.792,auth,OK,0200,SWIFT,634.34,USD,**************1211,SG,65
3eb13b90-4668-5257-bdd6-40fb06671ad1,2026-07-11T11:00:54.873,validation,OK,0200,SWIFT,634.34,USD,**************1211,SG,102
3eb13b90-4668-5257-bdd6-40fb06671ad1,2026-07-11T11:00:54.956,aml,OK,0200,SWIFT,634.34,USD,**************1211,SG,51
3eb13b90-4668-5257-bdd6-40fb06671ad1,2026-07-11T11:00:55.032,payment-hub,OK,0200,SWIFT,634.34,USD,**************1211,SG,150
3eb13b90-4668-5257-bdd6-40fb06671ad1,2026-07-11T11:00:55.136,core-banking,OK,0200,SWIFT,634.34,USD,**************1211,SG,82
3eb13b90-4668-5257-bdd6-40fb06671ad1,2026-07-11T11:00:55.452,settlement,SETTLED,0200,SWIFT,634.34,USD,**************1211,SG,351
3eb13b90-4668-5257-bdd6-40fb06671ad1,2026-07-12T22:57:34.115,gateway,OK,MT103,SWIFT,119.42,MYR,**************2318,HK,20
3eb13b90-4668-5257-bdd6-40fb06671ad1,2026-07-12T22:57:34.292,auth,OK,MT103,SWIFT,119.42,MYR,**************2318,HK,43
3eb13b90-4668-5257-bdd6-40fb06671ad1,2026-07-12T22:57:34.397,validation,OK,MT103,SWIFT,119.42,MYR,**************2318,HK,81
3eb13b90-4668-5257-bdd6-40fb06671ad1,2026-07-12T22:57:34.588,aml,OK,MT103,SWIFT,119.42,MYR,**************2318,HK,178
3eb13b90-4668-5257-bdd6-40fb06671ad1,2026-07-12T22:57:34.685,payment-hub,OK,MT103,SWIFT,119.42,MYR,**************2318,HK,80
3eb13b90-4668-5257-bdd6-40fb06671ad1,2026-07-12T22:57:34.888,core-banking,OK,MT103,SWIFT,119.42,MYR,**************2318,HK,174
3eb13b90-4668-5257-bdd6-40fb06671ad1,2026-07-12T22:57:34.924,settlement,SETTLED,MT103,SWIFT,119.42,MYR,**************2318,HK,183
3eb13b90-4668-5257-bdd6-40fb06671ad1,2026-07-10T20:14:48.117,gateway,OK,MT103,FAST,1077.94,SGD,**************8575,SG,29
3eb13b90-4668-5257-bdd6-40fb06671ad1,2026-07-10T20:14:48.237,auth,OK,MT103,FAST,1077.94,SGD,**************8575,SG,62
3eb13b90-4668-5257-bdd6-40fb06671ad1,2026-07-10T20:14:48.491,validation,OK,MT103,FAST,1077.94,SGD,**************8575,SG,33
3eb13b90-4668-5257-bdd6-40fb06671ad1,2026-07-10T20:14:48.604,aml,OK,MT103,FAST,1077.94,SGD,**************8575,SG,221
3eb13b90-4668-5257-bdd6-40fb06671ad1,2026-07-10T20:14:48.675,payment-hub,OK,MT103,FAST,1077.94,SGD,**************8575,SG,148
3eb13b90-4668-5257-bdd6-40fb06671ad1,2026-07-10T20:14:48.721,core-banking,OK,MT103,FAST,1077.94,SGD,**************8575,SG,220
3eb13b90-4668-5257-bdd6-40fb06671ad1,2026-07-10T20:14:48.758,settlement,SETTLED,MT103,FAST,1077.94,SGD,**************8575,SG,132
3eb13b90-4668-5257-bdd6-40fb06671ad1,2026-07-03T18:25:44.201,gateway,OK,pacs.008,FAST,37.17,MYR,**************3184,MY,50
3eb13b90-4668-5257-bdd6-40fb06671ad1,2026-07-03T18:25:44.308,auth,OK,pacs.008,FAST,37.17,MYR,**************3184,MY,46
3eb13b90-4668-5257-bdd6-40fb06671ad1,2026-07-03T18:25:44.376,validation,OK,pacs.008,FAST,37.17,MYR,**************3184,MY,64
3eb13b90-4668-5257-bdd6-40fb06671ad1,2026-07-03T18:25:44.422,aml,OK,pacs.008,FAST,37.17,MYR,**************3184,MY,106
3eb13b90-4668-5257-bdd6-40fb06671ad1,2026-07-03T18:25:44.482,payment-hub,OK,pacs.008,FAST,37.17,MYR,**************3184,MY,105
3eb13b90-4668-5257-bdd6-40fb06671ad1,2026-07-03T18:25:44.546,core-banking,OK,pacs.008,FAST,37.17,MYR,**************3184,MY,192
3eb13b90-4668-5257-bdd6-40fb06671ad1,2026-07-03T18:25:44.612,settlement,SETTLED,pacs.008,FAST,37.17,MYR,**************3184,MY,81
3eb13b90-4668-5257-bdd6-40fb06671ad1,2026-07-01T12:42:03.095,gateway,OK,0200,FAST,336.26,SGD,**************9818,SG,34
3eb13b90-4668-5257-bdd6-40fb06671ad1,2026-07-01T12:42:03.165,auth,OK,0200,FAST,336.26,SGD,**************9818,SG,30
3eb13b90-4668-5257-bdd6-40fb06671ad1,2026-07-01T12:42:03.236,validation,OK,0200,FAST,336.26,SGD,**************9818,SG,25
3eb13b90-4668-5257-bdd6-40fb06671ad1,2026-07-01T12:42:03.492,aml,OK,0200,FAST,336.26,SGD,**************9818,SG,206
3eb13b90-4668-5257-bdd6-40fb06671ad1,2026-07-01T12:42:03.559,payment-hub,OK,0200,FAST,336.26,SGD,**************9818,SG,119
3eb13b90-4668-5257-bdd6-40fb06671ad1,2026-07-01T12:42:03.774,core-banking,OK,0200,FAST,336.26,SGD,**************9818,SG,158
3eb13b90-4668-5257-bdd6-40fb06671ad1,2026-07-01T12:42:03.856,settlement,SETTLED,0200,FAST,336.26,SGD,**************9818,SG,308
3eb13b90-4668-5257-bdd6-40fb06671ad1,2026-07-13T12:38:20.369,gateway,OK,0200,FAST,3365.77,SGD,**************7366,SG,30
3eb13b90-4668-5257-bdd6-40fb06671ad1,2026-07-13T12:38:20.464,auth,OK,0200,FAST,3365.77,SGD,**************7366,SG,58
3eb13b90-4668-5257-bdd6-40fb06671ad1,2026-07-13T12:38:20.572,validation,OK,0200,FAST,3365.77,SGD,**************7366,SG,119
3eb13b90-4668-5257-bdd6-40fb06671ad1,2026-07-13T12:38:20.653,aml,OK,0200,FAST,3365.77,SGD,**************7366,SG,63
3eb13b90-4668-5257-bdd6-40fb06671ad1,2026-07-13T12:38:20.689,payment-hub,OK,0200,FAST,3365.77,SGD,**************7366,SG,53
3eb13b90-4668-5257-bdd6-40fb06671ad1,2026-07-13T12:38:20.736,core-banking,OK,0200,FAST,3365.77,SGD,**************7366,SG,124
3eb13b90-4668-5257-bdd6-40fb06671ad1,2026-07-13T12:38:20.797,settlement,SETTLED,0200,FAST,3365.77,SGD,**************7366,SG,397
3eb13b90-4668-5257-bdd6-40fb06671ad1,2026-07-05T14:13:13.929,gateway,OK,pacs.008,SWIFT,212.33,SGD,**************6417,SG,55
3eb13b90-4668-5257-bdd6-40fb06671ad1,2026-07-05T14:13:14.084,auth,OK,pacs.008,SWIFT,212.33,SGD,**************6417,SG,80
3eb13b90-4668-5257-bdd6-40fb06671ad1,2026-07-05T14:13:14.218,validation,OK,pacs.008,SWIFT,212.33,SGD,**************6417,SG,85
3eb13b90-4668-5257-bdd6-40fb06671ad1,2026-07-05T14:13:14.294,aml,OK,pacs.008,SWIFT,212.33,SGD,**************6417,SG,79
3eb13b90-4668-5257-bdd6-40fb06671ad1,2026-07-05T14:13:44.330,payment-hub,OK,pacs.008,SWIFT,212.33,SGD,**************6417,SG,35
3eb13b90-4668-5257-bdd6-40fb06671ad1,2026-07-05T14:13:44.560,core-banking,OK,pacs.008,SWIFT,212.33,SGD,**************6417,SG,122
3eb13b90-4668-5257-bdd6-40fb06671ad1,2026-07-05T14:13:44.692,settlement,SETTLED,pacs.008,SWIFT,212.33,SGD,**************6417,SG,111
3eb13b90-4668-5257-bdd6-40fb06671ad1,2026-07-09T07:36:03.084,gateway,OK,pacs.008,SWIFT,779.95,SGD,**************1873,SG,49
3eb13b90-4668-5257-bdd6-40fb06671ad1,2026-07-09T07:36:03.209,auth,OK,pacs.008,SWIFT,779.95,SGD,**************1873,SG,23
3eb13b90-4668-5257-bdd6-40fb06671ad1,2026-07-09T07:36:03.314,validation,OK,pacs.008,SWIFT,779.95,SGD,**************1873,SG,32
3eb13b90-4668-5257-bdd6-40fb06671ad1,2026-07-09T07:36:03.379,aml,OK,pacs.008,SWIFT,779.95,SGD,**************1873,SG,166
3eb13b90-4668-5257-bdd6-40fb06671ad1,2026-07-09T07:36:03.475,payment-hub,OK,pacs.008,SWIFT,779.95,SGD,**************1873,SG,70
3eb13b90-4668-5257-bdd6-40fb06671ad1,2026-07-09T07:36:03.513,core-banking,OK,pacs.008,SWIFT,779.95,SGD,**************1873,SG,171
3eb13b90-4668-5257-bdd6-40fb06671ad1,2026-07-09T07:36:03.592,settlement,SETTLED,pacs.008,SWIFT,779.95,SGD,**************1873,SG,91
3eb13b90-4668-5257-bdd6-40fb06671ad1,2026-07-09T10:25:26.677,gateway,OK,MT103,FAST,303.43,USD,**************9859,IN,17
3eb13b90-4668-5257-bdd6-40fb06671ad1,2026-07-09T10:25:26.761,auth,OK,MT103,FAST,303.43,USD,**************9859,IN,67
3eb13b90-4668-5257-bdd6-40fb06671ad1,2026-07-09T10:25:26.910,validation,OK,MT103,FAST,303.43,USD,**************9859,IN,113
3eb13b90-4668-5257-bdd6-40fb06671ad1,2026-07-09T10:25:26.974,aml,TIMEOUT,MT103,FAST,303.43,USD,**************9859,IN,30000
3eb13b90-4668-5257-bdd6-40fb06671ad1,2026-07-09T10:25:27.071,payment-hub,FAILED,MT103,FAST,303.43,USD,**************9859,IN,104
3eb13b90-4668-5257-bdd6-40fb06671ad1,2026-07-10T21:44:50.838,gateway,OK,pacs.008,FAST,343.35,SGD,**************7872,MY,15
3eb13b90-4668-5257-bdd6-40fb06671ad1,2026-07-10T21:44:50.925,auth,OK,pacs.008,FAST,343.35,SGD,**************7872,MY,26
3eb13b90-4668-5257-bdd6-40fb06671ad1,2026-07-10T21:44:51.082,validation,OK,pacs.008,FAST,343.35,SGD,**************7872,MY,65
3eb13b90-4668-5257-bdd6-40fb06671ad1,2026-07-10T21:44:51.191,aml,OK,pacs.008,FAST,343.35,SGD,**************7872,MY,134
3eb13b90-4668-5257-bdd6-40fb06671ad1,2026-07-10T21:44:51.248,payment-hub,OK,pacs.008,FAST,343.35,SGD,**************7872,MY,108
3eb13b90-4668-5257-bdd6-40fb06671ad1,2026-07-10T21:44:51.381,core-banking,OK,pacs.008,FAST,343.35,SGD,**************7872,MY,61
3eb13b90-4668-5257-bdd6-40fb06671ad1,2026-07-10T21:44:51.440,settlement,SETTLED,pacs.008,FAST,343.35,SGD,**************7872,MY,262
3eb13b90-4668-5257-bdd6-40fb06671ad1,2026-07-06T10:49:23.133,gateway,OK,pacs.008,SWIFT,129.83,SGD,**************1647,SG,35
3eb13b90-4668-5257-bdd6-40fb06671ad1,2026-07-06T10:49:23.179,auth,OK,pacs.008,SWIFT,129.83,SGD,**************1647,SG,83
3eb13b90-4668-5257-bdd6-40fb06671ad1,2026-07-06T10:49:23.296,validation,OK,pacs.008,SWIFT,129.83,SGD,**************1647,SG,57
3eb13b90-4668-5257-bdd6-40fb06671ad1,2026-07-06T10:49:23.355,aml,TIMEOUT,pacs.008,SWIFT,129.83,SGD,**************1647,SG,30000
3eb13b90-4668-5257-bdd6-40fb06671ad1,2026-07-06T10:49:23.494,payment-hub,FAILED,pacs.008,SWIFT,129.83,SGD,**************1647,SG,87
3eb13b90-4668-5257-bdd6-40fb06671ad1,2026-07-05T06:25:43.530,gateway,OK,0200,FAST,121.16,SGD,**************3354,US,40
3eb13b90-4668-5257-bdd6-40fb06671ad1,2026-07-05T06:25:43.568,auth,OK,0200,FAST,121.16,SGD,**************3354,US,52
3eb13b90-4668-5257-bdd6-40fb06671ad1,2026-07-05T06:25:43.742,validation,OK,0200,FAST,121.16,SGD,**************3354,US,98
3eb13b90-4668-5257-bdd6-40fb06671ad1,2026-07-05T06:25:43.786,aml,OK,0200,FAST,121.16,SGD,**************3354,US,224
3eb13b90-4668-5257-bdd6-40fb06671ad1,2026-07-05T06:25:43.876,payment-hub,OK,0200,FAST,121.16,SGD,**************3354,US,95
3eb13b90-4668-5257-bdd6-40fb06671ad1,2026-07-05T06:26:13.891,core-banking,OK,0200,FAST,121.16,SGD,**************3354,US,211
3eb13b90-4668-5257-bdd6-40fb06671ad1,2026-07-05T06:26:14.026,settlement,SETTLED,0200,FAST,121.16,SGD,**************3354,US,153
3eb13b90-4668-5257-bdd6-40fb06671ad1,2026-07-06T17:02:50.763,gateway,OK,pacs.008,FAST,161.7,SGD,**************3418,SG,56
3eb13b90-4668-5257-bdd6-40fb06671ad1,2026-07-06T17:02:50.844,auth,OK,pacs.008,FAST,161.7,SGD,**************3418,SG,72
3eb13b90-4668-5257-bdd6-40fb06671ad1,2026-07-06T17:03:20.853,validation,OK,pacs.008,FAST,161.7,SGD,**************3418,SG,46
3eb13b90-4668-5257-bdd6-40fb06671ad1,2026-07-06T17:03:20.984,aml,OK,pacs.008,FAST,161.7,SGD,**************3418,SG,242
3eb13b90-4668-5257-bdd6-40fb06671ad1,2026-07-06T17:03:21.072,payment-hub,OK,pacs.008,FAST,161.7,SGD,**************3418,SG,88
3eb13b90-4668-5257-bdd6-40fb06671ad1,2026-07-06T17:03:21.278,core-banking,OK,pacs.008,FAST,161.7,SGD,**************3418,SG,177
3eb13b90-4668-5257-bdd6-40fb06671ad1,2026-07-06T17:03:21.385,settlement,SETTLED,pacs.008,FAST,161.7,SGD,**************3418,SG,98
3eb13b90-4668-5257-bdd6-40fb06671ad1,2026-07-03T15:44:40.367,gateway,OK,pacs.008,FAST,760.74,USD,**************4067,SG,34
3eb13b90-4668-5257-bdd6-40fb06671ad1,2026-07-03T15:44:40.619,auth,OK,pacs.008,FAST,760.74,USD,**************4067,SG,79
3eb13b90-4668-5257-bdd6-40fb06671ad1,2026-07-03T15:44:40.791,validation,OK,pacs.008,FAST,760.74,USD,**************4067,SG,101
3eb13b90-4668-5257-bdd6-40fb06671ad1,2026-07-03T15:44:40.923,aml,OK,pacs.008,FAST,760.74,USD,**************4067,SG,85
3eb13b90-4668-5257-bdd6-40fb06671ad1,2026-07-03T15:44:41.029,payment-hub,OK,pacs.008,FAST,760.74,USD,**************4067,SG,57
3eb13b90-4668-5257-bdd6-40fb06671ad1,2026-07-03T15:44:41.124,core-banking,OK,pacs.008,FAST,760.74,USD,**************4067,SG,80
3eb13b90-4668-5257-bdd6-40fb06671ad1,2026-07-03T15:44:41.181,settlement,SETTLED,pacs.008,FAST,760.74,USD,**************4067,SG,314
3eb13b90-4668-5257-bdd6-40fb06671ad1,2026-07-08T21:49:56.715,gateway,OK,pacs.008,FAST,428.96,INR,**************7694,SG,33
3eb13b90-4668-5257-bdd6-40fb06671ad1,2026-07-08T21:49:56.833,auth,OK,pacs.008,FAST,428.96,INR,**************7694,SG,36
3eb13b90-4668-5257-bdd6-40fb06671ad1,2026-07-08T21:49:56.949,validation,OK,pacs.008,FAST,428.96,INR,**************7694,SG,106
3eb13b90-4668-5257-bdd6-40fb06671ad1,2026-07-08T21:49:57.058,aml,OK,pacs.008,FAST,428.96,INR,**************7694,SG,119
3eb13b90-4668-5257-bdd6-40fb06671ad1,2026-07-08T21:49:57.220,payment-hub,OK,pacs.008,FAST,428.96,INR,**************7694,SG,137
3eb13b90-4668-5257-bdd6-40fb06671ad1,2026-07-08T21:49:57.312,core-banking,OK,pacs.008,FAST,428.96,INR,**************7694,SG,196
3eb13b90-4668-5257-bdd6-40fb06671ad1,2026-07-08T21:49:57.388,settlement,SETTLED,pacs.008,FAST,428.96,INR,**************7694,SG,83
3eb13b90-4668-5257-bdd6-40fb06671ad1,2026-07-07T02:28:33.582,gateway,OK,pacs.008,SWIFT,3960.4,SGD,**************2262,US,55
3eb13b90-4668-5257-bdd6-40fb06671ad1,2026-07-07T02:28:33.667,auth,OK,pacs.008,SWIFT,3960.4,SGD,**************2262,US,58
3eb13b90-4668-5257-bdd6-40fb06671ad1,2026-07-07T02:28:33.866,validation,OK,pacs.008,SWIFT,3960.4,SGD,**************2262,US,56
3eb13b90-4668-5257-bdd6-40fb06671ad1,2026-07-07T02:28:33.972,aml,OK,pacs.008,SWIFT,3960.4,SGD,**************2262,US,279
3eb13b90-4668-5257-bdd6-40fb06671ad1,2026-07-07T02:28:34.030,payment-hub,OK,pacs.008,SWIFT,3960.4,SGD,**************2262,US,40
3eb13b90-4668-5257-bdd6-40fb06671ad1,2026-07-07T02:28:34.142,core-banking,OK,pacs.008,SWIFT,3960.4,SGD,**************2262,US,172
3eb13b90-4668-5257-bdd6-40fb06671ad1,2026-07-07T02:28:34.228,settlement,SETTLED,pacs.008,SWIFT,3960.4,SGD,**************2262,US,389
3eb13b90-4668-5257-bdd6-40fb06671ad1,2026-07-05T09:54:54.219,gateway,OK,pacs.008,FAST,673.07,MYR,**************9275,SG,33
3eb13b90-4668-5257-bdd6-40fb06671ad1,2026-07-05T09:54:54.310,auth,OK,pacs.008,FAST,673.07,MYR,**************9275,SG,89
3eb13b90-4668-5257-bdd6-40fb06671ad1,2026-07-05T09:54:54.368,validation,OK,pacs.008,FAST,673.07,MYR,**************9275,SG,38
3eb13b90-4668-5257-bdd6-40fb06671ad1,2026-07-05T09:54:54.425,aml,OK,pacs.008,FAST,673.07,MYR,**************9275,SG,135
3eb13b90-4668-5257-bdd6-40fb06671ad1,2026-07-05T09:54:54.484,payment-hub,OK,pacs.008,FAST,673.07,MYR,**************9275,SG,123
3eb13b90-4668-5257-bdd6-40fb06671ad1,2026-07-05T09:54:54.570,core-banking,OK,pacs.008,FAST,673.07,MYR,**************9275,SG,169
3eb13b90-4668-5257-bdd6-40fb06671ad1,2026-07-05T09:54:54.627,settlement,SETTLED,pacs.008,FAST,673.07,MYR,**************9275,SG,132
3eb13b90-4668-5257-bdd6-40fb06671ad1,2026-07-12T16:18:20.965,gateway,OK,0200,FAST,559.49,SGD,**************5834,US,48
3eb13b90-4668-5257-bdd6-40fb06671ad1,2026-07-12T16:18:21.133,auth,OK,0200,FAST,559.49,SGD,**************5834,US,20
3eb13b90-4668-5257-bdd6-40fb06671ad1,2026-07-12T16:18:21.206,validation,OK,0200,FAST,559.49,SGD,**************5834,US,39
3eb13b90-4668-5257-bdd6-40fb06671ad1,2026-07-12T16:18:21.249,aml,OK,0200,FAST,559.49,SGD,**************5834,US,282
3eb13b90-4668-5257-bdd6-40fb06671ad1,2026-07-12T16:18:21.365,payment-hub,OK,0200,FAST,559.49,SGD,**************5834,US,101
3eb13b90-4668-5257-bdd6-40fb06671ad1,2026-07-12T16:18:21.533,core-banking,OK,0200,FAST,559.49,SGD,**************5834,US,137
3eb13b90-4668-5257-bdd6-40fb06671ad1,2026-07-12T16:18:21.590,settlement,SETTLED,0200,FAST,559.49,SGD,**************5834,US,143
3eb13b90-4668-5257-bdd6-40fb06671ad1,2026-07-04T07:03:21.572,gateway,OK,MT103,FAST,694.93,SGD,**************7870,IN,52
3eb13b90-4668-5257-bdd6-40fb06671ad1,2026-07-04T07:03:21.690,auth,OK,MT103,FAST,694.93,SGD,**************7870,IN,30
3eb13b90-4668-5257-bdd6-40fb06671ad1,2026-07-04T07:03:21.722,validation,OK,MT103,FAST,694.93,SGD,**************7870,IN,73
3eb13b90-4668-5257-bdd6-40fb06671ad1,2026-07-04T07:03:21.779,aml,OK,MT103,FAST,694.93,SGD,**************7870,IN,138
3eb13b90-4668-5257-bdd6-40fb06671ad1,2026-07-04T07:03:21.852,payment-hub,OK,MT103,FAST,694.93,SGD,**************7870,IN,84
3eb13b90-4668-5257-bdd6-40fb06671ad1,2026-07-04T07:03:21.920,core-banking,OK,MT103,FAST,694.93,SGD,**************7870,IN,110
3eb13b90-4668-5257-bdd6-40fb06671ad1,2026-07-04T07:03:22.012,settlement,SETTLED,MT103,FAST,694.93,SGD,**************7870,IN,185
3eb13b90-4668-5257-bdd6-40fb06671ad1,2026-07-13T06:53:40.441,gateway,OK,MT103,FAST,444.13,USD,**************1653,MY,25
3eb13b90-4668-5257-bdd6-40fb06671ad1,2026-07-13T06:53:40.495,auth,OK,MT103,FAST,444.13,USD,**************1653,MY,76
3eb13b90-4668-5257-bdd6-40fb06671ad1,2026-07-13T06:53:40.579,validation,OK,MT103,FAST,444.13,USD,**************1653,MY,108
3eb13b90-4668-5257-bdd6-40fb06671ad1,2026-07-13T06:53:40.686,aml,OK,MT103,FAST,444.13,USD,**************1653,MY,118
3eb13b90-4668-5257-bdd6-40fb06671ad1,2026-07-13T06:53:40.833,payment-hub,OK,MT103,FAST,444.13,USD,**************1653,MY,138
3eb13b90-4668-5257-bdd6-40fb06671ad1,2026-07-13T06:53:40.874,core-banking,OK,MT103,FAST,444.13,USD,**************1653,MY,110
3eb13b90-4668-5257-bdd6-40fb06671ad1,2026-07-13T06:53:40.933,settlement,SETTLED,MT103,FAST,444.13,USD,**************1653,MY,248
3eb13b90-4668-5257-bdd6-40fb06671ad1,2026-07-13T10:12:03.580,gateway,OK,pacs.008,SWIFT,2304.46,USD,**************8493,MY,27
3eb13b90-4668-5257-bdd6-40fb06671ad1,2026-07-13T10:12:03.622,auth,OK,pacs.008,SWIFT,2304.46,USD,**************8493,MY,82
3eb13b90-4668-5257-bdd6-40fb06671ad1,2026-07-13T10:12:03.781,validation,OK,pacs.008,SWIFT,2304.46,USD,**************8493,MY,43
3eb13b90-4668-5257-bdd6-40fb06671ad1,2026-07-13T10:12:03.983,aml,OK,pacs.008,SWIFT,2304.46,USD,**************8493,MY,265
3eb13b90-4668-5257-bdd6-40fb06671ad1,2026-07-13T10:12:04.015,payment-hub,OK,pacs.008,SWIFT,2304.46,USD,**************8493,MY,85
3eb13b90-4668-5257-bdd6-40fb06671ad1,2026-07-13T10:12:04.102,core-banking,OK,pacs.008,SWIFT,2304.46,USD,**************8493,MY,203
3eb13b90-4668-5257-bdd6-40fb06671ad1,2026-07-13T10:12:04.224,settlement,SETTLED,pacs.008,SWIFT,2304.46,USD,**************8493,MY,286
3eb13b90-4668-5257-bdd6-40fb06671ad1,2026-07-08T15:56:43.588,gateway,OK,pacs.008,FAST,248.93,MYR,**************8102,US,48
3eb13b90-4668-5257-bdd6-40fb06671ad1,2026-07-08T15:56:43.729,auth,OK,pacs.008,FAST,248.93,MYR,**************8102,US,89
3eb13b90-4668-5257-bdd6-40fb06671ad1,2026-07-08T15:56:43.811,validation,OK,pacs.008,FAST,248.93,MYR,**************8102,US,100
3eb13b90-4668-5257-bdd6-40fb06671ad1,2026-07-08T15:56:43.877,aml,OK,pacs.008,FAST,248.93,MYR,**************8102,US,248
3eb13b90-4668-5257-bdd6-40fb06671ad1,2026-07-08T15:56:44.118,payment-hub,OK,pacs.008,FAST,248.93,MYR,**************8102,US,111
3eb13b90-4668-5257-bdd6-40fb06671ad1,2026-07-08T15:56:44.203,core-banking,OK,pacs.008,FAST,248.93,MYR,**************8102,US,50
3eb13b90-4668-5257-bdd6-40fb06671ad1,2026-07-08T15:56:44.360,settlement,SETTLED,pacs.008,FAST,248.93,MYR,**************8102,US,96
3eb13b90-4668-5257-bdd6-40fb06671ad1,2026-07-04T18:01:51.496,gateway,OK,MT103,FAST,181.38,SGD,**************4672,IN,24
3eb13b90-4668-5257-bdd6-40fb06671ad1,2026-07-04T18:01:51.755,auth,OK,MT103,FAST,181.38,SGD,**************4672,IN,56
3eb13b90-4668-5257-bdd6-40fb06671ad1,2026-07-04T18:01:51.827,validation,OK,MT103,FAST,181.38,SGD,**************4672,IN,37
3eb13b90-4668-5257-bdd6-40fb06671ad1,2026-07-04T18:01:51.957,aml,OK,MT103,FAST,181.38,SGD,**************4672,IN,175
3eb13b90-4668-5257-bdd6-40fb06671ad1,2026-07-04T18:01:52.102,payment-hub,OK,MT103,FAST,181.38,SGD,**************4672,IN,71
3eb13b90-4668-5257-bdd6-40fb06671ad1,2026-07-04T18:01:52.188,core-banking,OK,MT103,FAST,181.38,SGD,**************4672,IN,133
3eb13b90-4668-5257-bdd6-40fb06671ad1,2026-07-04T18:01:52.261,settlement,SETTLED,MT103,FAST,181.38,SGD,**************4672,IN,276
3eb13b90-4668-5257-bdd6-40fb06671ad1,2026-07-01T09:10:09.605,gateway,OK,MT103,SWIFT,197.03,USD,**************1110,SG,29
3eb13b90-4668-5257-bdd6-40fb06671ad1,2026-07-01T09:10:39.619,auth,OK,MT103,SWIFT,197.03,USD,**************1110,SG,73
3eb13b90-4668-5257-bdd6-40fb06671ad1,2026-07-01T09:10:39.766,validation,OK,MT103,SWIFT,197.03,USD,**************1110,SG,36
3eb13b90-4668-5257-bdd6-40fb06671ad1,2026-07-01T09:11:09.806,aml,OK,MT103,SWIFT,197.03,USD,**************1110,SG,76
3eb13b90-4668-5257-bdd6-40fb06671ad1,2026-07-01T09:11:10.096,payment-hub,OK,MT103,SWIFT,197.03,USD,**************1110,SG,132
3eb13b90-4668-5257-bdd6-40fb06671ad1,2026-07-01T09:11:10.192,core-banking,OK,MT103,SWIFT,197.03,USD,**************1110,SG,219
3eb13b90-4668-5257-bdd6-40fb06671ad1,2026-07-01T09:11:10.256,settlement,SETTLED,MT103,SWIFT,197.03,USD,**************1110,SG,303
3eb13b90-4668-5257-bdd6-40fb06671ad1,2026-07-10T14:41:57.926,gateway,OK,MT103,FAST,2255.13,USD,**************7156,MY,52
3eb13b90-4668-5257-bdd6-40fb06671ad1,2026-07-10T14:41:57.961,auth,OK,MT103,FAST,2255.13,USD,**************7156,MY,47
3eb13b90-4668-5257-bdd6-40fb06671ad1,2026-07-10T14:42:27.986,validation,OK,MT103,FAST,2255.13,USD,**************7156,MY,43
3eb13b90-4668-5257-bdd6-40fb06671ad1,2026-07-10T14:42:28.096,aml,OK,MT103,FAST,2255.13,USD,**************7156,MY,72
3eb13b90-4668-5257-bdd6-40fb06671ad1,2026-07-10T14:42:28.198,payment-hub,OK,MT103,FAST,2255.13,USD,**************7156,MY,136
3eb13b90-4668-5257-bdd6-40fb06671ad1,2026-07-10T14:42:28.284,core-banking,OK,MT103,FAST,2255.13,USD,**************7156,MY,154
3eb13b90-4668-5257-bdd6-40fb06671ad1,2026-07-10T14:42:28.473,settlement,SETTLED,MT103,FAST,2255.13,USD,**************7156,MY,66
3eb13b90-4668-5257-bdd6-40fb06671ad1,2026-07-05T17:09:07.656,gateway,OK,MT103,SWIFT,5762.33,SGD,**************2918,SG,16
3eb13b90-4668-5257-bdd6-40fb06671ad1,2026-07-05T17:09:07.699,auth,OK,MT103,SWIFT,5762.33,SGD,**************2918,SG,43
3eb13b90-4668-5257-bdd6-40fb06671ad1,2026-07-05T17:09:07.772,validation,OK,MT103,SWIFT,5762.33,SGD,**************2918,SG,45
3eb13b90-4668-5257-bdd6-40fb06671ad1,2026-07-05T17:09:07.848,aml,OK,MT103,SWIFT,5762.33,SGD,**************2918,SG,235
3eb13b90-4668-5257-bdd6-40fb06671ad1,2026-07-05T17:09:08.029,payment-hub,OK,MT103,SWIFT,5762.33,SGD,**************2918,SG,39
3eb13b90-4668-5257-bdd6-40fb06671ad1,2026-07-05T17:09:08.127,core-banking,OK,MT103,SWIFT,5762.33,SGD,**************2918,SG,195
3eb13b90-4668-5257-bdd6-40fb06671ad1,2026-07-05T17:09:08.223,settlement,SETTLED,MT103,SWIFT,5762.33,SGD,**************2918,SG,281
3eb13b90-4668-5257-bdd6-40fb06671ad1,2026-07-02T10:57:55.933,gateway,OK,MT103,SWIFT,3117.57,SGD,**************7835,SG,54
3eb13b90-4668-5257-bdd6-40fb06671ad1,2026-07-02T10:57:56.000,auth,OK,MT103,SWIFT,3117.57,SGD,**************7835,SG,83
3eb13b90-4668-5257-bdd6-40fb06671ad1,2026-07-02T10:57:56.235,validation,OK,MT103,SWIFT,3117.57,SGD,**************7835,SG,112
3eb13b90-4668-5257-bdd6-40fb06671ad1,2026-07-02T10:57:56.279,aml,OK,MT103,SWIFT,3117.57,SGD,**************7835,SG,55
3eb13b90-4668-5257-bdd6-40fb06671ad1,2026-07-02T10:57:56.366,payment-hub,OK,MT103,SWIFT,3117.57,SGD,**************7835,SG,66
3eb13b90-4668-5257-bdd6-40fb06671ad1,2026-07-02T10:57:56.432,core-banking,OK,MT103,SWIFT,3117.57,SGD,**************7835,SG,241
3eb13b90-4668-5257-bdd6-40fb06671ad1,2026-07-02T10:57:56.505,settlement,SETTLED,MT103,SWIFT,3117.57,SGD,**************7835,SG,75
3eb13b90-4668-5257-bdd6-40fb06671ad1,2026-07-04T05:58:56.161,gateway,OK,0200,FAST,1676.67,MYR,**************8981,IN,18
3eb13b90-4668-5257-bdd6-40fb06671ad1,2026-07-04T05:58:56.212,auth,OK,0200,FAST,1676.67,MYR,**************8981,IN,38
3eb13b90-4668-5257-bdd6-40fb06671ad1,2026-07-04T05:58:56.471,validation,OK,0200,FAST,1676.67,MYR,**************8981,IN,98
3eb13b90-4668-5257-bdd6-40fb06671ad1,2026-07-04T05:58:56.674,aml,OK,0200,FAST,1676.67,MYR,**************8981,IN,207
3eb13b90-4668-5257-bdd6-40fb06671ad1,2026-07-04T05:58:56.763,payment-hub,OK,0200,FAST,1676.67,MYR,**************8981,IN,145
3eb13b90-4668-5257-bdd6-40fb06671ad1,2026-07-04T05:58:57.015,core-banking,OK,0200,FAST,1676.67,MYR,**************8981,IN,130
3eb13b90-4668-5257-bdd6-40fb06671ad1,2026-07-04T05:58:57.280,settlement,SETTLED,0200,FAST,1676.67,MYR,**************8981,IN,226
3eb13b90-4668-5257-bdd6-40fb06671ad1,2026-07-11T00:13:06.577,gateway,OK,0200,FAST,754.37,SGD,**************8442,SG,42
3eb13b90-4668-5257-bdd6-40fb06671ad1,2026-07-11T00:13:06.663,auth,OK,0200,FAST,754.37,SGD,**************8442,SG,64
3eb13b90-4668-5257-bdd6-40fb06671ad1,2026-07-11T00:13:06.848,validation,OK,0200,FAST,754.37,SGD,**************8442,SG,59
3eb13b90-4668-5257-bdd6-40fb06671ad1,2026-07-11T00:13:06.977,aml,TIMEOUT,0200,FAST,754.37,SGD,**************8442,SG,30000
3eb13b90-4668-5257-bdd6-40fb06671ad1,2026-07-11T00:13:07.168,payment-hub,FAILED,0200,FAST,754.37,SGD,**************8442,SG,72
3eb13b90-4668-5257-bdd6-40fb06671ad1,2026-07-09T19:51:44.296,gateway,OK,pacs.008,FAST,423.13,SGD,**************8135,SG,47
3eb13b90-4668-5257-bdd6-40fb06671ad1,2026-07-09T19:52:14.314,auth,OK,pacs.008,FAST,423.13,SGD,**************8135,SG,23
3eb13b90-4668-5257-bdd6-40fb06671ad1,2026-07-09T19:52:14.446,validation,OK,pacs.008,FAST,423.13,SGD,**************8135,SG,25
3eb13b90-4668-5257-bdd6-40fb06671ad1,2026-07-09T19:52:14.510,aml,OK,pacs.008,FAST,423.13,SGD,**************8135,SG,80
3eb13b90-4668-5257-bdd6-40fb06671ad1,2026-07-09T19:52:14.545,payment-hub,OK,pacs.008,FAST,423.13,SGD,**************8135,SG,74
3eb13b90-4668-5257-bdd6-40fb06671ad1,2026-07-09T19:52:14.626,core-banking,OK,pacs.008,FAST,423.13,SGD,**************8135,SG,144
3eb13b90-4668-5257-bdd6-40fb06671ad1,2026-07-09T19:52:14.831,settlement,SETTLED,pacs.008,FAST,423.13,SGD,**************8135,SG,86
3eb13b90-4668-5257-bdd6-40fb06671ad1,2026-07-03T09:08:47.066,gateway,OK,pacs.008,CARDS,1716.1,SGD,**************5027,SG,16
3eb13b90-4668-5257-bdd6-40fb06671ad1,2026-07-03T09:08:47.328,auth,OK,pacs.008,CARDS,1716.1,SGD,**************5027,SG,82
3eb13b90-4668-5257-bdd6-40fb06671ad1,2026-07-03T09:08:47.501,validation,OK,pacs.008,CARDS,1716.1,SGD,**************5027,SG,63
3eb13b90-4668-5257-bdd6-40fb06671ad1,2026-07-03T09:08:47.593,aml,OK,pacs.008,CARDS,1716.1,SGD,**************5027,SG,200
3eb13b90-4668-5257-bdd6-40fb06671ad1,2026-07-03T09:08:47.728,payment-hub,OK,pacs.008,CARDS,1716.1,SGD,**************5027,SG,139
3eb13b90-4668-5257-bdd6-40fb06671ad1,2026-07-03T09:08:47.770,core-banking,OK,pacs.008,CARDS,1716.1,SGD,**************5027,SG,130
3eb13b90-4668-5257-bdd6-40fb06671ad1,2026-07-03T09:08:47.878,settlement,SETTLED,pacs.008,CARDS,1716.1,SGD,**************5027,SG,80
3eb13b90-4668-5257-bdd6-40fb06671ad1,2026-07-12T16:24:27.111,gateway,OK,pacs.008,FAST,735.1,SGD,**************3232,SG,59
3eb13b90-4668-5257-bdd6-40fb06671ad1,2026-07-12T16:24:27.200,auth,OK,pacs.008,FAST,735.1,SGD,**************3232,SG,50
3eb13b90-4668-5257-bdd6-40fb06671ad1,2026-07-12T16:24:27.304,validation,REJECTED,pacs.008,FAST,735.1,SGD,**************3232,SG,26
3eb13b90-4668-5257-bdd6-40fb06671ad1,2026-07-05T07:11:13.610,gateway,OK,pacs.008,FAST,405.7,INR,**************2357,SG,44
3eb13b90-4668-5257-bdd6-40fb06671ad1,2026-07-05T07:11:13.652,auth,OK,pacs.008,FAST,405.7,INR,**************2357,SG,31
3eb13b90-4668-5257-bdd6-40fb06671ad1,2026-07-05T07:11:13.731,validation,OK,pacs.008,FAST,405.7,INR,**************2357,SG,31
3eb13b90-4668-5257-bdd6-40fb06671ad1,2026-07-05T07:11:13.801,aml,OK,pacs.008,FAST,405.7,INR,**************2357,SG,140
3eb13b90-4668-5257-bdd6-40fb06671ad1,2026-07-05T07:11:13.889,payment-hub,OK,pacs.008,FAST,405.7,INR,**************2357,SG,32
3eb13b90-4668-5257-bdd6-40fb06671ad1,2026-07-05T07:11:13.957,core-banking,OK,pacs.008,FAST,405.7,INR,**************2357,SG,86
3eb13b90-4668-5257-bdd6-40fb06671ad1,2026-07-05T07:11:14.067,settlement,SETTLED,pacs.008,FAST,405.7,INR,**************2357,SG,191
3eb13b90-4668-5257-bdd6-40fb06671ad1,2026-07-09T12:37:40.719,gateway,OK,0200,CARDS,1340.57,SGD,**************5970,GB,19
3eb13b90-4668-5257-bdd6-40fb06671ad1,2026-07-09T12:37:40.747,auth,OK,0200,CARDS,1340.57,SGD,**************5970,GB,46
3eb13b90-4668-5257-bdd6-40fb06671ad1,2026-07-09T12:37:40.807,validation,OK,0200,CARDS,1340.57,SGD,**************5970,GB,79
3eb13b90-4668-5257-bdd6-40fb06671ad1,2026-07-09T12:37:40.863,aml,OK,0200,CARDS,1340.57,SGD,**************5970,GB,136
3eb13b90-4668-5257-bdd6-40fb06671ad1,2026-07-09T12:37:41.032,payment-hub,OK,0200,CARDS,1340.57,SGD,**************5970,GB,119
3eb13b90-4668-5257-bdd6-40fb06671ad1,2026-07-09T12:37:41.098,core-banking,OK,0200,CARDS,1340.57,SGD,**************5970,GB,140
3eb13b90-4668-5257-bdd6-40fb06671ad1,2026-07-09T12:37:41.150,settlement,SETTLED,0200,CARDS,1340.57,SGD,**************5970,GB,217
3eb13b90-4668-5257-bdd6-40fb06671ad1,2026-07-11T21:29:54.407,gateway,OK,MT103,FAST,352.49,INR,**************2980,GB,50
3eb13b90-4668-5257-bdd6-40fb06671ad1,2026-07-11T21:29:54.498,auth,OK,MT103,FAST,352.49,INR,**************2980,GB,22
3eb13b90-4668-5257-bdd6-40fb06671ad1,2026-07-11T21:29:54.631,validation,OK,MT103,FAST,352.49,INR,**************2980,GB,47
3eb13b90-4668-5257-bdd6-40fb06671ad1,2026-07-11T21:29:54.735,aml,OK,MT103,FAST,352.49,INR,**************2980,GB,298
3eb13b90-4668-5257-bdd6-40fb06671ad1,2026-07-11T21:29:55.010,payment-hub,OK,MT103,FAST,352.49,INR,**************2980,GB,37
3eb13b90-4668-5257-bdd6-40fb06671ad1,2026-07-11T21:29:55.094,core-banking,OK,MT103,FAST,352.49,INR,**************2980,GB,91
3eb13b90-4668-5257-bdd6-40fb06671ad1,2026-07-11T21:29:55.249,settlement,SETTLED,MT103,FAST,352.49,INR,**************2980,GB,196
3eb13b90-4668-5257-bdd6-40fb06671ad1,2026-07-12T15:52:18.281,gateway,OK,pacs.008,FAST,748.14,SGD,**************1002,MY,57
3eb13b90-4668-5257-bdd6-40fb06671ad1,2026-07-12T15:52:18.340,auth,OK,pacs.008,FAST,748.14,SGD,**************1002,MY,87
3eb13b90-4668-5257-bdd6-40fb06671ad1,2026-07-12T15:52:18.418,validation,OK,pacs.008,FAST,748.14,SGD,**************1002,MY,96
3eb13b90-4668-5257-bdd6-40fb06671ad1,2026-07-12T15:52:18.477,aml,OK,pacs.008,FAST,748.14,SGD,**************1002,MY,80
3eb13b90-4668-5257-bdd6-40fb06671ad1,2026-07-12T15:52:18.740,payment-hub,OK,pacs.008,FAST,748.14,SGD,**************1002,MY,77
3eb13b90-4668-5257-bdd6-40fb06671ad1,2026-07-12T15:52:18.901,core-banking,OK,pacs.008,FAST,748.14,SGD,**************1002,MY,185
3eb13b90-4668-5257-bdd6-40fb06671ad1,2026-07-12T15:52:18.940,settlement,SETTLED,pacs.008,FAST,748.14,SGD,**************1002,MY,179
3eb13b90-4668-5257-bdd6-40fb06671ad1,2026-07-03T19:36:36.895,gateway,OK,pacs.008,FAST,931.65,EUR,**************3359,SG,44
3eb13b90-4668-5257-bdd6-40fb06671ad1,2026-07-03T19:36:36.931,auth,OK,pacs.008,FAST,931.65,EUR,**************3359,SG,40
3eb13b90-4668-5257-bdd6-40fb06671ad1,2026-07-03T19:36:37.226,validation,OK,pacs.008,FAST,931.65,EUR,**************3359,SG,89
3eb13b90-4668-5257-bdd6-40fb06671ad1,2026-07-03T19:36:37.332,aml,OK,pacs.008,FAST,931.65,EUR,**************3359,SG,205
3eb13b90-4668-5257-bdd6-40fb06671ad1,2026-07-03T19:36:37.587,payment-hub,OK,pacs.008,FAST,931.65,EUR,**************3359,SG,133
3eb13b90-4668-5257-bdd6-40fb06671ad1,2026-07-03T19:36:37.706,core-banking,OK,pacs.008,FAST,931.65,EUR,**************3359,SG,160
3eb13b90-4668-5257-bdd6-40fb06671ad1,2026-07-03T19:36:37.753,settlement,SETTLED,pacs.008,FAST,931.65,EUR,**************3359,SG,139
3eb13b90-4668-5257-bdd6-40fb06671ad1,2026-07-08T06:14:50.662,gateway,OK,pacs.008,FAST,433.43,SGD,**************5993,US,17
3eb13b90-4668-5257-bdd6-40fb06671ad1,2026-07-08T06:14:50.773,auth,OK,pacs.008,FAST,433.43,SGD,**************5993,US,44
3eb13b90-4668-5257-bdd6-40fb06671ad1,2026-07-08T06:14:50.847,validation,OK,pacs.008,FAST,433.43,SGD,**************5993,US,65
3eb13b90-4668-5257-bdd6-40fb06671ad1,2026-07-08T06:14:50.953,aml,OK,pacs.008,FAST,433.43,SGD,**************5993,US,177
3eb13b90-4668-5257-bdd6-40fb06671ad1,2026-07-08T06:14:51.168,payment-hub,OK,pacs.008,FAST,433.43,SGD,**************5993,US,86
3eb13b90-4668-5257-bdd6-40fb06671ad1,2026-07-08T06:14:51.272,core-banking,OK,pacs.008,FAST,433.43,SGD,**************5993,US,93
3eb13b90-4668-5257-bdd6-40fb06671ad1,2026-07-08T06:14:51.364,settlement,SETTLED,pacs.008,FAST,433.43,SGD,**************5993,US,177
3eb13b90-4668-5257-bdd6-40fb06671ad1,2026-07-06T05:34:28.998,gateway,OK,pacs.008,SWIFT,2666.17,SGD,**************7594,MY,16
3eb13b90-4668-5257-bdd6-40fb06671ad1,2026-07-06T05:34:29.097,auth,OK,pacs.008,SWIFT,2666.17,SGD,**************7594,MY,27
3eb13b90-4668-5257-bdd6-40fb06671ad1,2026-07-06T05:34:29.190,validation,OK,pacs.008,SWIFT,2666.17,SGD,**************7594,MY,91
3eb13b90-4668-5257-bdd6-40fb06671ad1,2026-07-06T05:34:29.284,aml,OK,pacs.008,SWIFT,2666.17,SGD,**************7594,MY,206
3eb13b90-4668-5257-bdd6-40fb06671ad1,2026-07-06T05:34:29.407,payment-hub,OK,pacs.008,SWIFT,2666.17,SGD,**************7594,MY,79
3eb13b90-4668-5257-bdd6-40fb06671ad1,2026-07-06T05:34:29.669,core-banking,OK,pacs.008,SWIFT,2666.17,SGD,**************7594,MY,224
3eb13b90-4668-5257-bdd6-40fb06671ad1,2026-07-06T05:34:29.747,settlement,SETTLED,pacs.008,SWIFT,2666.17,SGD,**************7594,MY,68
3eb13b90-4668-5257-bdd6-40fb06671ad1,2026-07-03T00:41:49.305,gateway,OK,pacs.008,FAST,311.25,MYR,**************9515,SG,38
3eb13b90-4668-5257-bdd6-40fb06671ad1,2026-07-03T00:41:49.490,auth,OK,pacs.008,FAST,311.25,MYR,**************9515,SG,65
3eb13b90-4668-5257-bdd6-40fb06671ad1,2026-07-03T00:41:49.557,validation,OK,pacs.008,FAST,311.25,MYR,**************9515,SG,109
3eb13b90-4668-5257-bdd6-40fb06671ad1,2026-07-03T00:41:49.721,aml,OK,pacs.008,FAST,311.25,MYR,**************9515,SG,243
3eb13b90-4668-5257-bdd6-40fb06671ad1,2026-07-03T00:41:49.877,payment-hub,OK,pacs.008,FAST,311.25,MYR,**************9515,SG,131
3eb13b90-4668-5257-bdd6-40fb06671ad1,2026-07-03T00:41:49.970,core-banking,OK,pacs.008,FAST,311.25,MYR,**************9515,SG,214
3eb13b90-4668-5257-bdd6-40fb06671ad1,2026-07-03T00:41:50.071,settlement,SETTLED,pacs.008,FAST,311.25,MYR,**************9515,SG,253
3eb13b90-4668-5257-bdd6-40fb06671ad1,2026-07-03T15:18:40.255,gateway,OK,MT103,SWIFT,248.99,SGD,**************3082,SG,41
3eb13b90-4668-5257-bdd6-40fb06671ad1,2026-07-03T15:18:40.460,auth,OK,MT103,SWIFT,248.99,SGD,**************3082,SG,90
3eb13b90-4668-5257-bdd6-40fb06671ad1,2026-07-03T15:18:40.579,validation,OK,MT103,SWIFT,248.99,SGD,**************3082,SG,92
3eb13b90-4668-5257-bdd6-40fb06671ad1,2026-07-03T15:18:40.654,aml,OK,MT103,SWIFT,248.99,SGD,**************3082,SG,57
3eb13b90-4668-5257-bdd6-40fb06671ad1,2026-07-03T15:18:40.736,payment-hub,OK,MT103,SWIFT,248.99,SGD,**************3082,SG,59
3eb13b90-4668-5257-bdd6-40fb06671ad1,2026-07-03T15:18:40.833,core-banking,OK,MT103,SWIFT,248.99,SGD,**************3082,SG,103
3eb13b90-4668-5257-bdd6-40fb06671ad1,2026-07-03T15:18:40.878,settlement,SETTLED,MT103,SWIFT,248.99,SGD,**************3082,SG,248
3eb13b90-4668-5257-bdd6-40fb06671ad1,2026-07-10T21:02:52.671,gateway,OK,pacs.008,SWIFT,932.22,SGD,**************8225,SG,22
3eb13b90-4668-5257-bdd6-40fb06671ad1,2026-07-10T21:02:52.803,auth,OK,pacs.008,SWIFT,932.22,SGD,**************8225,SG,28
3eb13b90-4668-5257-bdd6-40fb06671ad1,2026-07-10T21:02:52.846,validation,OK,pacs.008,SWIFT,932.22,SGD,**************8225,SG,113
3eb13b90-4668-5257-bdd6-40fb06671ad1,2026-07-10T21:02:52.947,aml,OK,pacs.008,SWIFT,932.22,SGD,**************8225,SG,285
3eb13b90-4668-5257-bdd6-40fb06671ad1,2026-07-10T21:02:53.025,payment-hub,OK,pacs.008,SWIFT,932.22,SGD,**************8225,SG,91
3eb13b90-4668-5257-bdd6-40fb06671ad1,2026-07-10T21:02:53.169,core-banking,OK,pacs.008,SWIFT,932.22,SGD,**************8225,SG,234
3eb13b90-4668-5257-bdd6-40fb06671ad1,2026-07-10T21:02:53.239,settlement,SETTLED,pacs.008,SWIFT,932.22,SGD,**************8225,SG,180
3eb13b90-4668-5257-bdd6-40fb06671ad1,2026-07-06T13:56:59.917,gateway,OK,pacs.008,SWIFT,1350.43,USD,**************2598,SG,18
3eb13b90-4668-5257-bdd6-40fb06671ad1,2026-07-06T13:56:59.971,auth,OK,pacs.008,SWIFT,1350.43,USD,**************2598,SG,42
3eb13b90-4668-5257-bdd6-40fb06671ad1,2026-07-06T13:57:00.187,validation,OK,pacs.008,SWIFT,1350.43,USD,**************2598,SG,98
3eb13b90-4668-5257-bdd6-40fb06671ad1,2026-07-06T13:57:00.235,aml,OK,pacs.008,SWIFT,1350.43,USD,**************2598,SG,175
3eb13b90-4668-5257-bdd6-40fb06671ad1,2026-07-06T13:57:00.339,payment-hub,OK,pacs.008,SWIFT,1350.43,USD,**************2598,SG,145
3eb13b90-4668-5257-bdd6-40fb06671ad1,2026-07-06T13:57:00.432,core-banking,OK,pacs.008,SWIFT,1350.43,USD,**************2598,SG,111
3eb13b90-4668-5257-bdd6-40fb06671ad1,2026-07-06T13:57:00.487,settlement,SETTLED,pacs.008,SWIFT,1350.43,USD,**************2598,SG,208
3eb13b90-4668-5257-bdd6-40fb06671ad1,2026-07-08T12:48:36.345,gateway,OK,pacs.008,FAST,2565.32,SGD,**************5868,MY,52
3eb13b90-4668-5257-bdd6-40fb06671ad1,2026-07-08T12:48:36.419,auth,OK,pacs.008,FAST,2565.32,SGD,**************5868,MY,48
3eb13b90-4668-5257-bdd6-40fb06671ad1,2026-07-08T12:48:36.466,validation,OK,pacs.008,FAST,2565.32,SGD,**************5868,MY,59
3eb13b90-4668-5257-bdd6-40fb06671ad1,2026-07-08T12:48:36.549,aml,OK,pacs.008,FAST,2565.32,SGD,**************5868,MY,220
3eb13b90-4668-5257-bdd6-40fb06671ad1,2026-07-08T12:48:36.789,payment-hub,OK,pacs.008,FAST,2565.32,SGD,**************5868,MY,126
3eb13b90-4668-5257-bdd6-40fb06671ad1,2026-07-08T12:48:36.908,core-banking,OK,pacs.008,FAST,2565.32,SGD,**************5868,MY,71
3eb13b90-4668-5257-bdd6-40fb06671ad1,2026-07-08T12:48:36.977,settlement,SETTLED,pacs.008,FAST,2565.32,SGD,**************5868,MY,151
3eb13b90-4668-5257-bdd6-40fb06671ad1,2026-07-05T13:40:39.453,gateway,OK,MT103,SWIFT,67.46,EUR,**************3873,SG,43
3eb13b90-4668-5257-bdd6-40fb06671ad1,2026-07-05T13:40:39.537,auth,OK,MT103,SWIFT,67.46,EUR,**************3873,SG,62
3eb13b90-4668-5257-bdd6-40fb06671ad1,2026-07-05T13:40:39.605,validation,OK,MT103,SWIFT,67.46,EUR,**************3873,SG,57
3eb13b90-4668-5257-bdd6-40fb06671ad1,2026-07-05T13:40:39.696,aml,OK,MT103,SWIFT,67.46,EUR,**************3873,SG,235
3eb13b90-4668-5257-bdd6-40fb06671ad1,2026-07-05T13:40:39.753,payment-hub,OK,MT103,SWIFT,67.46,EUR,**************3873,SG,93
3eb13b90-4668-5257-bdd6-40fb06671ad1,2026-07-05T13:40:39.821,core-banking,OK,MT103,SWIFT,67.46,EUR,**************3873,SG,68
3eb13b90-4668-5257-bdd6-40fb06671ad1,2026-07-05T13:40:40.077,settlement,SETTLED,MT103,SWIFT,67.46,EUR,**************3873,SG,306
3eb13b90-4668-5257-bdd6-40fb06671ad1,2026-07-09T23:24:26.690,gateway,OK,pacs.008,SWIFT,4133.3,EUR,**************6053,SG,41
3eb13b90-4668-5257-bdd6-40fb06671ad1,2026-07-09T23:24:26.799,auth,OK,pacs.008,SWIFT,4133.3,EUR,**************6053,SG,47
3eb13b90-4668-5257-bdd6-40fb06671ad1,2026-07-09T23:24:26.928,validation,OK,pacs.008,SWIFT,4133.3,EUR,**************6053,SG,45
3eb13b90-4668-5257-bdd6-40fb06671ad1,2026-07-09T23:24:27.104,aml,TIMEOUT,pacs.008,SWIFT,4133.3,EUR,**************6053,SG,30000
3eb13b90-4668-5257-bdd6-40fb06671ad1,2026-07-09T23:24:27.176,payment-hub,FAILED,pacs.008,SWIFT,4133.3,EUR,**************6053,SG,116
3eb13b90-4668-5257-bdd6-40fb06671ad1,2026-07-08T10:58:25.846,gateway,OK,pacs.008,FAST,6581.08,SGD,**************9170,SG,15
3eb13b90-4668-5257-bdd6-40fb06671ad1,2026-07-08T10:58:25.881,auth,OK,pacs.008,FAST,6581.08,SGD,**************9170,SG,41
3eb13b90-4668-5257-bdd6-40fb06671ad1,2026-07-08T10:58:26.074,validation,OK,pacs.008,FAST,6581.08,SGD,**************9170,SG,70
3eb13b90-4668-5257-bdd6-40fb06671ad1,2026-07-08T10:58:26.131,aml,OK,pacs.008,FAST,6581.08,SGD,**************9170,SG,150
3eb13b90-4668-5257-bdd6-40fb06671ad1,2026-07-08T10:58:26.193,payment-hub,OK,pacs.008,FAST,6581.08,SGD,**************9170,SG,79
3eb13b90-4668-5257-bdd6-40fb06671ad1,2026-07-08T10:58:26.273,core-banking,OK,pacs.008,FAST,6581.08,SGD,**************9170,SG,239
3eb13b90-4668-5257-bdd6-40fb06671ad1,2026-07-08T10:58:26.338,settlement,SETTLED,pacs.008,FAST,6581.08,SGD,**************9170,SG,188
3eb13b90-4668-5257-bdd6-40fb06671ad1,2026-07-04T16:07:52.363,gateway,OK,MT103,CARDS,348.19,SGD,**************7658,US,22
3eb13b90-4668-5257-bdd6-40fb06671ad1,2026-07-04T16:07:52.629,auth,OK,MT103,CARDS,348.19,SGD,**************7658,US,38
3eb13b90-4668-5257-bdd6-40fb06671ad1,2026-07-04T16:07:52.840,validation,OK,MT103,CARDS,348.19,SGD,**************7658,US,108
3eb13b90-4668-5257-bdd6-40fb06671ad1,2026-07-04T16:07:52.980,aml,OK,MT103,CARDS,348.19,SGD,**************7658,US,262
3eb13b90-4668-5257-bdd6-40fb06671ad1,2026-07-04T16:07:53.106,payment-hub,OK,MT103,CARDS,348.19,SGD,**************7658,US,72
3eb13b90-4668-5257-bdd6-40fb06671ad1,2026-07-04T16:07:53.159,core-banking,OK,MT103,CARDS,348.19,SGD,**************7658,US,93
3eb13b90-4668-5257-bdd6-40fb06671ad1,2026-07-04T16:07:53.382,settlement,SETTLED,MT103,CARDS,348.19,SGD,**************7658,US,263
3eb13b90-4668-5257-bdd6-40fb06671ad1,2026-07-10T17:11:26.187,gateway,OK,pacs.008,FAST,1544.33,USD,**************7287,MY,59
3eb13b90-4668-5257-bdd6-40fb06671ad1,2026-07-10T17:11:26.420,auth,OK,pacs.008,FAST,1544.33,USD,**************7287,MY,26
3eb13b90-4668-5257-bdd6-40fb06671ad1,2026-07-10T17:11:26.496,validation,OK,pacs.008,FAST,1544.33,USD,**************7287,MY,105
3eb13b90-4668-5257-bdd6-40fb06671ad1,2026-07-10T17:11:26.563,aml,OK,pacs.008,FAST,1544.33,USD,**************7287,MY,71
3eb13b90-4668-5257-bdd6-40fb06671ad1,2026-07-10T17:11:26.664,payment-hub,OK,pacs.008,FAST,1544.33,USD,**************7287,MY,122
3eb13b90-4668-5257-bdd6-40fb06671ad1,2026-07-10T17:11:26.709,core-banking,OK,pacs.008,FAST,1544.33,USD,**************7287,MY,200
3eb13b90-4668-5257-bdd6-40fb06671ad1,2026-07-10T17:11:26.789,settlement,SETTLED,pacs.008,FAST,1544.33,USD,**************7287,MY,343
3eb13b90-4668-5257-bdd6-40fb06671ad1,2026-07-11T06:22:27.602,gateway,OK,pacs.008,FAST,507.83,USD,**************0424,SG,22
3eb13b90-4668-5257-bdd6-40fb06671ad1,2026-07-11T06:22:27.778,auth,OK,pacs.008,FAST,507.83,USD,**************0424,SG,46
3eb13b90-4668-5257-bdd6-40fb06671ad1,2026-07-11T06:22:27.834,validation,OK,pacs.008,FAST,507.83,USD,**************0424,SG,32
3eb13b90-4668-5257-bdd6-40fb06671ad1,2026-07-11T06:22:27.967,aml,OK,pacs.008,FAST,507.83,USD,**************0424,SG,193
3eb13b90-4668-5257-bdd6-40fb06671ad1,2026-07-11T06:22:28.066,payment-hub,OK,pacs.008,FAST,507.83,USD,**************0424,SG,132
3eb13b90-4668-5257-bdd6-40fb06671ad1,2026-07-11T06:22:28.128,core-banking,OK,pacs.008,FAST,507.83,USD,**************0424,SG,72
3eb13b90-4668-5257-bdd6-40fb06671ad1,2026-07-11T06:22:58.151,settlement,SETTLED,pacs.008,FAST,507.83,USD,**************0424,SG,308
3eb13b90-4668-5257-bdd6-40fb06671ad1,2026-07-04T19:21:54.740,gateway,OK,pacs.008,SWIFT,580.97,SGD,**************1940,IN,46
3eb13b90-4668-5257-bdd6-40fb06671ad1,2026-07-04T19:21:54.806,auth,OK,pacs.008,SWIFT,580.97,SGD,**************1940,IN,65
3eb13b90-4668-5257-bdd6-40fb06671ad1,2026-07-04T19:21:54.884,validation,OK,pacs.008,SWIFT,580.97,SGD,**************1940,IN,103
3eb13b90-4668-5257-bdd6-40fb06671ad1,2026-07-04T19:21:55.104,aml,OK,pacs.008,SWIFT,580.97,SGD,**************1940,IN,98
3eb13b90-4668-5257-bdd6-40fb06671ad1,2026-07-04T19:21:55.175,payment-hub,OK,pacs.008,SWIFT,580.97,SGD,**************1940,IN,94
3eb13b90-4668-5257-bdd6-40fb06671ad1,2026-07-04T19:21:55.274,core-banking,OK,pacs.008,SWIFT,580.97,SGD,**************1940,IN,250
3eb13b90-4668-5257-bdd6-40fb06671ad1,2026-07-04T19:21:55.323,settlement,SETTLED,pacs.008,SWIFT,580.97,SGD,**************1940,IN,134
3eb13b90-4668-5257-bdd6-40fb06671ad1,2026-07-13T01:19:13.520,gateway,OK,pacs.008,FAST,572.46,SGD,**************8043,MY,19
3eb13b90-4668-5257-bdd6-40fb06671ad1,2026-07-13T01:19:13.723,auth,OK,pacs.008,FAST,572.46,SGD,**************8043,MY,51
3eb13b90-4668-5257-bdd6-40fb06671ad1,2026-07-13T01:19:13.793,validation,OK,pacs.008,FAST,572.46,SGD,**************8043,MY,50
3eb13b90-4668-5257-bdd6-40fb06671ad1,2026-07-13T01:19:14.101,aml,OK,pacs.008,FAST,572.46,SGD,**************8043,MY,214
3eb13b90-4668-5257-bdd6-40fb06671ad1,2026-07-13T01:19:14.371,payment-hub,OK,pacs.008,FAST,572.46,SGD,**************8043,MY,95
3eb13b90-4668-5257-bdd6-40fb06671ad1,2026-07-13T01:19:14.647,core-banking,OK,pacs.008,FAST,572.46,SGD,**************8043,MY,244
3eb13b90-4668-5257-bdd6-40fb06671ad1,2026-07-13T01:19:14.713,settlement,SETTLED,pacs.008,FAST,572.46,SGD,**************8043,MY,292
3eb13b90-4668-5257-bdd6-40fb06671ad1,2026-07-09T01:05:38.722,gateway,OK,pacs.008,FAST,735.65,SGD,**************6230,MY,23
3eb13b90-4668-5257-bdd6-40fb06671ad1,2026-07-09T01:05:38.933,auth,OK,pacs.008,FAST,735.65,SGD,**************6230,MY,71
3eb13b90-4668-5257-bdd6-40fb06671ad1,2026-07-09T01:05:39.048,validation,OK,pacs.008,FAST,735.65,SGD,**************6230,MY,112
3eb13b90-4668-5257-bdd6-40fb06671ad1,2026-07-09T01:05:39.096,aml,OK,pacs.008,FAST,735.65,SGD,**************6230,MY,46
3eb13b90-4668-5257-bdd6-40fb06671ad1,2026-07-09T01:05:39.175,payment-hub,OK,pacs.008,FAST,735.65,SGD,**************6230,MY,89
3eb13b90-4668-5257-bdd6-40fb06671ad1,2026-07-09T01:05:39.291,core-banking,OK,pacs.008,FAST,735.65,SGD,**************6230,MY,215
3eb13b90-4668-5257-bdd6-40fb06671ad1,2026-07-09T01:05:39.372,settlement,SETTLED,pacs.008,FAST,735.65,SGD,**************6230,MY,96
3eb13b90-4668-5257-bdd6-40fb06671ad1,2026-07-15T02:54:02.657,gateway,OK,pacs.008,FAST,130.49,EUR,**************0372,MY,33
3eb13b90-4668-5257-bdd6-40fb06671ad1,2026-07-15T02:54:02.713,auth,OK,pacs.008,FAST,130.49,EUR,**************0372,MY,51
3eb13b90-4668-5257-bdd6-40fb06671ad1,2026-07-15T02:54:02.813,validation,OK,pacs.008,FAST,130.49,EUR,**************0372,MY,89
3eb13b90-4668-5257-bdd6-40fb06671ad1,2026-07-15T02:54:02.859,aml,OK,pacs.008,FAST,130.49,EUR,**************0372,MY,129
3eb13b90-4668-5257-bdd6-40fb06671ad1,2026-07-15T02:54:02.952,payment-hub,OK,pacs.008,FAST,130.49,EUR,**************0372,MY,76
3eb13b90-4668-5257-bdd6-40fb06671ad1,2026-07-15T02:54:03.124,core-banking,OK,pacs.008,FAST,130.49,EUR,**************0372,MY,220
3eb13b90-4668-5257-bdd6-40fb06671ad1,2026-07-15T02:54:03.180,settlement,SETTLED,pacs.008,FAST,130.49,EUR,**************0372,MY,273
3eb13b90-4668-5257-bdd6-40fb06671ad1,2026-07-13T21:19:03.414,gateway,OK,pacs.008,SWIFT,836.35,SGD,**************9622,MY,58
3eb13b90-4668-5257-bdd6-40fb06671ad1,2026-07-13T21:19:03.522,auth,OK,pacs.008,SWIFT,836.35,SGD,**************9622,MY,48
3eb13b90-4668-5257-bdd6-40fb06671ad1,2026-07-13T21:19:03.653,validation,OK,pacs.008,SWIFT,836.35,SGD,**************9622,MY,82
3eb13b90-4668-5257-bdd6-40fb06671ad1,2026-07-13T21:19:03.807,aml,OK,pacs.008,SWIFT,836.35,SGD,**************9622,MY,300
3eb13b90-4668-5257-bdd6-40fb06671ad1,2026-07-13T21:19:03.857,payment-hub,OK,pacs.008,SWIFT,836.35,SGD,**************9622,MY,134
3eb13b90-4668-5257-bdd6-40fb06671ad1,2026-07-13T21:19:03.918,core-banking,OK,pacs.008,SWIFT,836.35,SGD,**************9622,MY,210
3eb13b90-4668-5257-bdd6-40fb06671ad1,2026-07-13T21:19:03.987,settlement,SETTLED,pacs.008,SWIFT,836.35,SGD,**************9622,MY,369
3eb13b90-4668-5257-bdd6-40fb06671ad1,2026-07-03T20:29:50.469,gateway,OK,pacs.008,FAST,745.8,SGD,**************2170,MY,60
3eb13b90-4668-5257-bdd6-40fb06671ad1,2026-07-03T20:29:50.525,auth,OK,pacs.008,FAST,745.8,SGD,**************2170,MY,35
3eb13b90-4668-5257-bdd6-40fb06671ad1,2026-07-03T20:29:50.644,validation,OK,pacs.008,FAST,745.8,SGD,**************2170,MY,86
3eb13b90-4668-5257-bdd6-40fb06671ad1,2026-07-03T20:29:50.940,aml,OK,pacs.008,FAST,745.8,SGD,**************2170,MY,110
3eb13b90-4668-5257-bdd6-40fb06671ad1,2026-07-03T20:29:51.001,payment-hub,OK,pacs.008,FAST,745.8,SGD,**************2170,MY,102
3eb13b90-4668-5257-bdd6-40fb06671ad1,2026-07-03T20:29:51.134,core-banking,OK,pacs.008,FAST,745.8,SGD,**************2170,MY,229
3eb13b90-4668-5257-bdd6-40fb06671ad1,2026-07-03T20:29:51.371,settlement,SETTLED,pacs.008,FAST,745.8,SGD,**************2170,MY,375
3eb13b90-4668-5257-bdd6-40fb06671ad1,2026-07-14T08:13:19.234,gateway,OK,pacs.008,SWIFT,1360.0,GBP,**************3968,SG,21
3eb13b90-4668-5257-bdd6-40fb06671ad1,2026-07-14T08:13:19.438,auth,OK,pacs.008,SWIFT,1360.0,GBP,**************3968,SG,26
3eb13b90-4668-5257-bdd6-40fb06671ad1,2026-07-14T08:13:19.594,validation,OK,pacs.008,SWIFT,1360.0,GBP,**************3968,SG,114
3eb13b90-4668-5257-bdd6-40fb06671ad1,2026-07-14T08:13:19.660,aml,OK,pacs.008,SWIFT,1360.0,GBP,**************3968,SG,293
3eb13b90-4668-5257-bdd6-40fb06671ad1,2026-07-14T08:13:19.757,payment-hub,OK,pacs.008,SWIFT,1360.0,GBP,**************3968,SG,139
3eb13b90-4668-5257-bdd6-40fb06671ad1,2026-07-14T08:13:19.831,core-banking,OK,pacs.008,SWIFT,1360.0,GBP,**************3968,SG,119
3eb13b90-4668-5257-bdd6-40fb06671ad1,2026-07-14T08:13:20.139,settlement,SETTLED,pacs.008,SWIFT,1360.0,GBP,**************3968,SG,193
3eb13b90-4668-5257-bdd6-40fb06671ad1,2026-07-03T15:25:52.613,gateway,OK,pacs.008,CARDS,203.5,INR,**************1597,SG,50
3eb13b90-4668-5257-bdd6-40fb06671ad1,2026-07-03T15:25:52.763,auth,OK,pacs.008,CARDS,203.5,INR,**************1597,SG,39
3eb13b90-4668-5257-bdd6-40fb06671ad1,2026-07-03T15:25:52.803,validation,OK,pacs.008,CARDS,203.5,INR,**************1597,SG,84
3eb13b90-4668-5257-bdd6-40fb06671ad1,2026-07-03T15:25:52.901,aml,OK,pacs.008,CARDS,203.5,INR,**************1597,SG,104
3eb13b90-4668-5257-bdd6-40fb06671ad1,2026-07-03T15:25:53.069,payment-hub,OK,pacs.008,CARDS,203.5,INR,**************1597,SG,78
3eb13b90-4668-5257-bdd6-40fb06671ad1,2026-07-03T15:25:53.142,core-banking,OK,pacs.008,CARDS,203.5,INR,**************1597,SG,241
3eb13b90-4668-5257-bdd6-40fb06671ad1,2026-07-03T15:25:53.204,settlement,SETTLED,pacs.008,CARDS,203.5,INR,**************1597,SG,144
3eb13b90-4668-5257-bdd6-40fb06671ad1,2026-07-04T11:32:00.693,gateway,OK,MT103,FAST,1576.28,SGD,**************3455,MY,28
3eb13b90-4668-5257-bdd6-40fb06671ad1,2026-07-04T11:32:00.755,auth,OK,MT103,FAST,1576.28,SGD,**************3455,MY,89
3eb13b90-4668-5257-bdd6-40fb06671ad1,2026-07-04T11:32:00.975,validation,OK,MT103,FAST,1576.28,SGD,**************3455,MY,32
3eb13b90-4668-5257-bdd6-40fb06671ad1,2026-07-04T11:32:01.102,aml,OK,MT103,FAST,1576.28,SGD,**************3455,MY,117
3eb13b90-4668-5257-bdd6-40fb06671ad1,2026-07-04T11:32:01.211,payment-hub,OK,MT103,FAST,1576.28,SGD,**************3455,MY,75
3eb13b90-4668-5257-bdd6-40fb06671ad1,2026-07-04T11:32:01.290,core-banking,OK,MT103,FAST,1576.28,SGD,**************3455,MY,88
3eb13b90-4668-5257-bdd6-40fb06671ad1,2026-07-04T11:32:01.380,settlement,SETTLED,MT103,FAST,1576.28,SGD,**************3455,MY,147
3eb13b90-4668-5257-bdd6-40fb06671ad1,2026-07-07T06:49:46.452,gateway,OK,0200,CARDS,235.77,USD,**************4040,MY,48
3eb13b90-4668-5257-bdd6-40fb06671ad1,2026-07-07T06:49:46.580,auth,OK,0200,CARDS,235.77,USD,**************4040,MY,38
3eb13b90-4668-5257-bdd6-40fb06671ad1,2026-07-07T06:49:46.754,validation,OK,0200,CARDS,235.77,USD,**************4040,MY,40
3eb13b90-4668-5257-bdd6-40fb06671ad1,2026-07-07T06:49:46.876,aml,OK,0200,CARDS,235.77,USD,**************4040,MY,130
3eb13b90-4668-5257-bdd6-40fb06671ad1,2026-07-07T06:49:46.933,payment-hub,OK,0200,CARDS,235.77,USD,**************4040,MY,72
3eb13b90-4668-5257-bdd6-40fb06671ad1,2026-07-07T06:49:46.987,core-banking,OK,0200,CARDS,235.77,USD,**************4040,MY,62
3eb13b90-4668-5257-bdd6-40fb06671ad1,2026-07-07T06:49:47.028,settlement,SETTLED,0200,CARDS,235.77,USD,**************4040,MY,68
3eb13b90-4668-5257-bdd6-40fb06671ad1,2026-07-14T17:25:09.775,gateway,OK,pacs.008,FAST,409.26,USD,**************6507,US,18
3eb13b90-4668-5257-bdd6-40fb06671ad1,2026-07-14T17:25:09.902,auth,OK,pacs.008,FAST,409.26,USD,**************6507,US,32
3eb13b90-4668-5257-bdd6-40fb06671ad1,2026-07-14T17:25:10.028,validation,OK,pacs.008,FAST,409.26,USD,**************6507,US,87
3eb13b90-4668-5257-bdd6-40fb06671ad1,2026-07-14T17:25:10.072,aml,OK,pacs.008,FAST,409.26,USD,**************6507,US,154
3eb13b90-4668-5257-bdd6-40fb06671ad1,2026-07-14T17:25:10.169,payment-hub,OK,pacs.008,FAST,409.26,USD,**************6507,US,85
3eb13b90-4668-5257-bdd6-40fb06671ad1,2026-07-14T17:25:10.233,core-banking,OK,pacs.008,FAST,409.26,USD,**************6507,US,133
3eb13b90-4668-5257-bdd6-40fb06671ad1,2026-07-14T17:25:10.282,settlement,SETTLED,pacs.008,FAST,409.26,USD,**************6507,US,195
3eb13b90-4668-5257-bdd6-40fb06671ad1,2026-07-13T22:51:48.491,gateway,OK,pacs.008,FAST,137.32,SGD,**************2305,SG,52
3eb13b90-4668-5257-bdd6-40fb06671ad1,2026-07-13T22:51:48.548,auth,OK,pacs.008,FAST,137.32,SGD,**************2305,SG,66
3eb13b90-4668-5257-bdd6-40fb06671ad1,2026-07-13T22:51:48.645,validation,OK,pacs.008,FAST,137.32,SGD,**************2305,SG,47
3eb13b90-4668-5257-bdd6-40fb06671ad1,2026-07-13T22:51:48.699,aml,TIMEOUT,pacs.008,FAST,137.32,SGD,**************2305,SG,30000
3eb13b90-4668-5257-bdd6-40fb06671ad1,2026-07-13T22:51:48.800,payment-hub,FAILED,pacs.008,FAST,137.32,SGD,**************2305,SG,140
3eb13b90-4668-5257-bdd6-40fb06671ad1,2026-07-02T10:12:26.072,gateway,OK,pacs.008,SWIFT,4146.11,SGD,**************7120,US,46
3eb13b90-4668-5257-bdd6-40fb06671ad1,2026-07-02T10:12:26.152,auth,OK,pacs.008,SWIFT,4146.11,SGD,**************7120,US,45
3eb13b90-4668-5257-bdd6-40fb06671ad1,2026-07-02T10:12:26.280,validation,OK,pacs.008,SWIFT,4146.11,SGD,**************7120,US,50
3eb13b90-4668-5257-bdd6-40fb06671ad1,2026-07-02T10:12:26.422,aml,OK,pacs.008,SWIFT,4146.11,SGD,**************7120,US,155
3eb13b90-4668-5257-bdd6-40fb06671ad1,2026-07-02T10:12:26.458,payment-hub,OK,pacs.008,SWIFT,4146.11,SGD,**************7120,US,146
3eb13b90-4668-5257-bdd6-40fb06671ad1,2026-07-02T10:12:26.554,core-banking,OK,pacs.008,SWIFT,4146.11,SGD,**************7120,US,240
3eb13b90-4668-5257-bdd6-40fb06671ad1,2026-07-02T10:12:26.638,settlement,SETTLED,pacs.008,SWIFT,4146.11,SGD,**************7120,US,333
3eb13b90-4668-5257-bdd6-40fb06671ad1,2026-07-09T08:14:53.897,gateway,OK,pacs.008,FAST,791.26,USD,**************3908,SG,52
3eb13b90-4668-5257-bdd6-40fb06671ad1,2026-07-09T08:14:53.990,auth,OK,pacs.008,FAST,791.26,USD,**************3908,SG,60
3eb13b90-4668-5257-bdd6-40fb06671ad1,2026-07-09T08:14:54.064,validation,OK,pacs.008,FAST,791.26,USD,**************3908,SG,62
3eb13b90-4668-5257-bdd6-40fb06671ad1,2026-07-09T08:14:54.236,aml,TIMEOUT,pacs.008,FAST,791.26,USD,**************3908,SG,30000
3eb13b90-4668-5257-bdd6-40fb06671ad1,2026-07-09T08:14:54.271,payment-hub,FAILED,pacs.008,FAST,791.26,USD,**************3908,SG,82
3eb13b90-4668-5257-bdd6-40fb06671ad1,2026-07-01T18:13:59.808,gateway,OK,MT103,SWIFT,964.72,MYR,**************7196,SG,54
3eb13b90-4668-5257-bdd6-40fb06671ad1,2026-07-01T18:13:59.835,auth,OK,MT103,SWIFT,964.72,MYR,**************7196,SG,89
3eb13b90-4668-5257-bdd6-40fb06671ad1,2026-07-01T18:14:00.057,validation,OK,MT103,SWIFT,964.72,MYR,**************7196,SG,62
3eb13b90-4668-5257-bdd6-40fb06671ad1,2026-07-01T18:14:00.123,aml,OK,MT103,SWIFT,964.72,MYR,**************7196,SG,67
3eb13b90-4668-5257-bdd6-40fb06671ad1,2026-07-01T18:14:00.252,payment-hub,OK,MT103,SWIFT,964.72,MYR,**************7196,SG,131
3eb13b90-4668-5257-bdd6-40fb06671ad1,2026-07-01T18:14:00.327,core-banking,OK,MT103,SWIFT,964.72,MYR,**************7196,SG,204
3eb13b90-4668-5257-bdd6-40fb06671ad1,2026-07-01T18:14:00.405,settlement,SETTLED,MT103,SWIFT,964.72,MYR,**************7196,SG,250
3eb13b90-4668-5257-bdd6-40fb06671ad1,2026-07-02T22:52:41.219,gateway,OK,pacs.008,SWIFT,700.04,USD,**************9333,US,59
3eb13b90-4668-5257-bdd6-40fb06671ad1,2026-07-02T22:52:41.447,auth,OK,pacs.008,SWIFT,700.04,USD,**************9333,US,40
3eb13b90-4668-5257-bdd6-40fb06671ad1,2026-07-02T22:52:41.531,validation,OK,pacs.008,SWIFT,700.04,USD,**************9333,US,113
3eb13b90-4668-5257-bdd6-40fb06671ad1,2026-07-02T22:52:41.627,aml,OK,pacs.008,SWIFT,700.04,USD,**************9333,US,241
3eb13b90-4668-5257-bdd6-40fb06671ad1,2026-07-02T22:52:41.710,payment-hub,OK,pacs.008,SWIFT,700.04,USD,**************9333,US,142
3eb13b90-4668-5257-bdd6-40fb06671ad1,2026-07-02T22:52:41.982,core-banking,OK,pacs.008,SWIFT,700.04,USD,**************9333,US,75
3eb13b90-4668-5257-bdd6-40fb06671ad1,2026-07-02T22:52:42.096,settlement,SETTLED,pacs.008,SWIFT,700.04,USD,**************9333,US,273
3eb13b90-4668-5257-bdd6-40fb06671ad1,2026-07-04T16:15:14.614,gateway,OK,pacs.008,FAST,566.51,USD,**************0711,IN,30
3eb13b90-4668-5257-bdd6-40fb06671ad1,2026-07-04T16:15:14.768,auth,OK,pacs.008,FAST,566.51,USD,**************0711,IN,83
3eb13b90-4668-5257-bdd6-40fb06671ad1,2026-07-04T16:15:14.803,validation,OK,pacs.008,FAST,566.51,USD,**************0711,IN,56
3eb13b90-4668-5257-bdd6-40fb06671ad1,2026-07-04T16:15:14.843,aml,OK,pacs.008,FAST,566.51,USD,**************0711,IN,131
3eb13b90-4668-5257-bdd6-40fb06671ad1,2026-07-04T16:15:14.915,payment-hub,OK,pacs.008,FAST,566.51,USD,**************0711,IN,69
3eb13b90-4668-5257-bdd6-40fb06671ad1,2026-07-04T16:15:15.030,core-banking,OK,pacs.008,FAST,566.51,USD,**************0711,IN,185
3eb13b90-4668-5257-bdd6-40fb06671ad1,2026-07-04T16:15:15.105,settlement,SETTLED,pacs.008,FAST,566.51,USD,**************0711,IN,224
3eb13b90-4668-5257-bdd6-40fb06671ad1,2026-07-15T04:39:58.990,gateway,OK,pacs.008,FAST,1806.76,USD,**************8779,IN,55
3eb13b90-4668-5257-bdd6-40fb06671ad1,2026-07-15T04:39:59.085,auth,OK,pacs.008,FAST,1806.76,USD,**************8779,IN,89
3eb13b90-4668-5257-bdd6-40fb06671ad1,2026-07-15T04:39:59.151,validation,OK,pacs.008,FAST,1806.76,USD,**************8779,IN,47
3eb13b90-4668-5257-bdd6-40fb06671ad1,2026-07-15T04:39:59.318,aml,TIMEOUT,pacs.008,FAST,1806.76,USD,**************8779,IN,30000
3eb13b90-4668-5257-bdd6-40fb06671ad1,2026-07-15T04:39:59.403,payment-hub,FAILED,pacs.008,FAST,1806.76,USD,**************8779,IN,130
3eb13b90-4668-5257-bdd6-40fb06671ad1,2026-07-01T14:22:30.546,gateway,OK,pacs.008,SWIFT,570.58,USD,**************0807,GB,18
3eb13b90-4668-5257-bdd6-40fb06671ad1,2026-07-01T14:22:30.653,auth,OK,pacs.008,SWIFT,570.58,USD,**************0807,GB,40
3eb13b90-4668-5257-bdd6-40fb06671ad1,2026-07-01T14:22:30.753,validation,OK,pacs.008,SWIFT,570.58,USD,**************0807,GB,74
3eb13b90-4668-5257-bdd6-40fb06671ad1,2026-07-01T14:22:30.825,aml,OK,pacs.008,SWIFT,570.58,USD,**************0807,GB,289
3eb13b90-4668-5257-bdd6-40fb06671ad1,2026-07-01T14:22:30.872,payment-hub,OK,pacs.008,SWIFT,570.58,USD,**************0807,GB,68
3eb13b90-4668-5257-bdd6-40fb06671ad1,2026-07-01T14:22:30.978,core-banking,OK,pacs.008,SWIFT,570.58,USD,**************0807,GB,158
3eb13b90-4668-5257-bdd6-40fb06671ad1,2026-07-01T14:22:31.048,settlement,SETTLED,pacs.008,SWIFT,570.58,USD,**************0807,GB,170
3eb13b90-4668-5257-bdd6-40fb06671ad1,2026-07-12T20:45:00.342,gateway,OK,pacs.008,FAST,1251.41,SGD,**************6527,IN,48
3eb13b90-4668-5257-bdd6-40fb06671ad1,2026-07-12T20:45:00.404,auth,OK,pacs.008,FAST,1251.41,SGD,**************6527,IN,82
3eb13b90-4668-5257-bdd6-40fb06671ad1,2026-07-12T20:45:00.484,validation,OK,pacs.008,FAST,1251.41,SGD,**************6527,IN,75
3eb13b90-4668-5257-bdd6-40fb06671ad1,2026-07-12T20:45:00.802,aml,TIMEOUT,pacs.008,FAST,1251.41,SGD,**************6527,IN,30000
3eb13b90-4668-5257-bdd6-40fb06671ad1,2026-07-12T20:45:00.893,payment-hub,FAILED,pacs.008,FAST,1251.41,SGD,**************6527,IN,116
3eb13b90-4668-5257-bdd6-40fb06671ad1,2026-07-11T07:14:30.957,gateway,OK,pacs.008,SWIFT,5236.71,SGD,**************2502,MY,58
3eb13b90-4668-5257-bdd6-40fb06671ad1,2026-07-11T07:14:31.060,auth,OK,pacs.008,SWIFT,5236.71,SGD,**************2502,MY,28
3eb13b90-4668-5257-bdd6-40fb06671ad1,2026-07-11T07:14:31.097,validation,OK,pacs.008,SWIFT,5236.71,SGD,**************2502,MY,82
3eb13b90-4668-5257-bdd6-40fb06671ad1,2026-07-11T07:14:31.270,aml,TIMEOUT,pacs.008,SWIFT,5236.71,SGD,**************2502,MY,30000
3eb13b90-4668-5257-bdd6-40fb06671ad1,2026-07-11T07:14:31.447,payment-hub,FAILED,pacs.008,SWIFT,5236.71,SGD,**************2502,MY,66
3eb13b90-4668-5257-bdd6-40fb06671ad1,2026-07-12T19:14:32.355,gateway,OK,MT103,SWIFT,1319.43,SGD,**************8973,SG,49
3eb13b90-4668-5257-bdd6-40fb06671ad1,2026-07-12T19:14:32.656,auth,OK,MT103,SWIFT,1319.43,SGD,**************8973,SG,59
3eb13b90-4668-5257-bdd6-40fb06671ad1,2026-07-12T19:14:32.738,validation,OK,MT103,SWIFT,1319.43,SGD,**************8973,SG,97
3eb13b90-4668-5257-bdd6-40fb06671ad1,2026-07-12T19:14:32.817,aml,OK,MT103,SWIFT,1319.43,SGD,**************8973,SG,254
3eb13b90-4668-5257-bdd6-40fb06671ad1,2026-07-12T19:14:32.866,payment-hub,OK,MT103,SWIFT,1319.43,SGD,**************8973,SG,143
3eb13b90-4668-5257-bdd6-40fb06671ad1,2026-07-12T19:14:32.931,core-banking,OK,MT103,SWIFT,1319.43,SGD,**************8973,SG,133
3eb13b90-4668-5257-bdd6-40fb06671ad1,2026-07-12T19:14:32.969,settlement,SETTLED,MT103,SWIFT,1319.43,SGD,**************8973,SG,331
3eb13b90-4668-5257-bdd6-40fb06671ad1,2026-07-02T05:40:22.008,gateway,OK,pacs.008,FAST,452.67,SGD,**************3308,SG,43
3eb13b90-4668-5257-bdd6-40fb06671ad1,2026-07-02T05:40:22.130,auth,OK,pacs.008,FAST,452.67,SGD,**************3308,SG,63
3eb13b90-4668-5257-bdd6-40fb06671ad1,2026-07-02T05:40:22.216,validation,OK,pacs.008,FAST,452.67,SGD,**************3308,SG,107
3eb13b90-4668-5257-bdd6-40fb06671ad1,2026-07-02T05:40:22.383,aml,TIMEOUT,pacs.008,FAST,452.67,SGD,**************3308,SG,30000
3eb13b90-4668-5257-bdd6-40fb06671ad1,2026-07-02T05:40:22.589,payment-hub,FAILED,pacs.008,FAST,452.67,SGD,**************3308,SG,135
3eb13b90-4668-5257-bdd6-40fb06671ad1,2026-07-06T19:58:09.410,gateway,OK,MT103,CARDS,522.46,SGD,**************4997,HK,47
3eb13b90-4668-5257-bdd6-40fb06671ad1,2026-07-06T19:58:09.621,auth,OK,MT103,CARDS,522.46,SGD,**************4997,HK,55
3eb13b90-4668-5257-bdd6-40fb06671ad1,2026-07-06T19:58:09.741,validation,OK,MT103,CARDS,522.46,SGD,**************4997,HK,75
3eb13b90-4668-5257-bdd6-40fb06671ad1,2026-07-06T19:58:09.866,aml,OK,MT103,CARDS,522.46,SGD,**************4997,HK,75
3eb13b90-4668-5257-bdd6-40fb06671ad1,2026-07-06T19:58:10.072,payment-hub,OK,MT103,CARDS,522.46,SGD,**************4997,HK,34
3eb13b90-4668-5257-bdd6-40fb06671ad1,2026-07-06T19:58:10.158,core-banking,OK,MT103,CARDS,522.46,SGD,**************4997,HK,171
3eb13b90-4668-5257-bdd6-40fb06671ad1,2026-07-06T19:58:10.216,settlement,SETTLED,MT103,CARDS,522.46,SGD,**************4997,HK,269
3eb13b90-4668-5257-bdd6-40fb06671ad1,2026-07-12T08:50:48.537,gateway,OK,pacs.008,FAST,791.29,EUR,**************8631,SG,33
3eb13b90-4668-5257-bdd6-40fb06671ad1,2026-07-12T08:50:48.611,auth,OK,pacs.008,FAST,791.29,EUR,**************8631,SG,86
3eb13b90-4668-5257-bdd6-40fb06671ad1,2026-07-12T08:50:48.702,validation,OK,pacs.008,FAST,791.29,EUR,**************8631,SG,27
3eb13b90-4668-5257-bdd6-40fb06671ad1,2026-07-12T08:50:48.812,aml,OK,pacs.008,FAST,791.29,EUR,**************8631,SG,182
3eb13b90-4668-5257-bdd6-40fb06671ad1,2026-07-12T08:50:48.899,payment-hub,OK,pacs.008,FAST,791.29,EUR,**************8631,SG,114
3eb13b90-4668-5257-bdd6-40fb06671ad1,2026-07-12T08:50:48.958,core-banking,OK,pacs.008,FAST,791.29,EUR,**************8631,SG,179
3eb13b90-4668-5257-bdd6-40fb06671ad1,2026-07-12T08:50:49.057,settlement,SETTLED,pacs.008,FAST,791.29,EUR,**************8631,SG,323
3eb13b90-4668-5257-bdd6-40fb06671ad1,2026-07-08T04:17:35.550,gateway,OK,MT103,SWIFT,1071.91,USD,**************1253,MY,20
3eb13b90-4668-5257-bdd6-40fb06671ad1,2026-07-08T04:17:35.612,auth,OK,MT103,SWIFT,1071.91,USD,**************1253,MY,73
3eb13b90-4668-5257-bdd6-40fb06671ad1,2026-07-08T04:17:35.895,validation,OK,MT103,SWIFT,1071.91,USD,**************1253,MY,55
3eb13b90-4668-5257-bdd6-40fb06671ad1,2026-07-08T04:17:35.968,aml,OK,MT103,SWIFT,1071.91,USD,**************1253,MY,97
3eb13b90-4668-5257-bdd6-40fb06671ad1,2026-07-08T04:17:36.081,payment-hub,OK,MT103,SWIFT,1071.91,USD,**************1253,MY,108
3eb13b90-4668-5257-bdd6-40fb06671ad1,2026-07-08T04:17:36.176,core-banking,OK,MT103,SWIFT,1071.91,USD,**************1253,MY,108
3eb13b90-4668-5257-bdd6-40fb06671ad1,2026-07-08T04:17:36.272,settlement,SETTLED,MT103,SWIFT,1071.91,USD,**************1253,MY,328
3eb13b90-4668-5257-bdd6-40fb06671ad1,2026-07-06T03:12:48.418,gateway,OK,0200,FAST,528.68,INR,**************9088,US,24
3eb13b90-4668-5257-bdd6-40fb06671ad1,2026-07-06T03:12:48.570,auth,OK,0200,FAST,528.68,INR,**************9088,US,36
3eb13b90-4668-5257-bdd6-40fb06671ad1,2026-07-06T03:12:48.616,validation,REJECTED,0200,FAST,528.68,INR,**************9088,US,90
3eb13b90-4668-5257-bdd6-40fb06671ad1,2026-07-06T05:57:44.854,gateway,OK,pacs.008,SWIFT,59.44,SGD,**************3417,HK,28
3eb13b90-4668-5257-bdd6-40fb06671ad1,2026-07-06T05:57:44.971,auth,OK,pacs.008,SWIFT,59.44,SGD,**************3417,HK,29
3eb13b90-4668-5257-bdd6-40fb06671ad1,2026-07-06T05:57:45.132,validation,OK,pacs.008,SWIFT,59.44,SGD,**************3417,HK,50
3eb13b90-4668-5257-bdd6-40fb06671ad1,2026-07-06T05:57:45.199,aml,OK,pacs.008,SWIFT,59.44,SGD,**************3417,HK,138
3eb13b90-4668-5257-bdd6-40fb06671ad1,2026-07-06T05:57:45.286,payment-hub,OK,pacs.008,SWIFT,59.44,SGD,**************3417,HK,34
3eb13b90-4668-5257-bdd6-40fb06671ad1,2026-07-06T05:57:45.353,core-banking,OK,pacs.008,SWIFT,59.44,SGD,**************3417,HK,203
3eb13b90-4668-5257-bdd6-40fb06671ad1,2026-07-06T05:57:45.427,settlement,SETTLED,pacs.008,SWIFT,59.44,SGD,**************3417,HK,294
3eb13b90-4668-5257-bdd6-40fb06671ad1,2026-07-02T06:39:06.020,gateway,OK,pacs.008,FAST,5755.14,USD,**************4093,SG,35
3eb13b90-4668-5257-bdd6-40fb06671ad1,2026-07-02T06:39:36.032,auth,OK,pacs.008,FAST,5755.14,USD,**************4093,SG,42
3eb13b90-4668-5257-bdd6-40fb06671ad1,2026-07-02T06:39:36.085,validation,OK,pacs.008,FAST,5755.14,USD,**************4093,SG,88
3eb13b90-4668-5257-bdd6-40fb06671ad1,2026-07-02T06:39:36.128,aml,OK,pacs.008,FAST,5755.14,USD,**************4093,SG,124
3eb13b90-4668-5257-bdd6-40fb06671ad1,2026-07-02T06:39:36.363,payment-hub,OK,pacs.008,FAST,5755.14,USD,**************4093,SG,137
3eb13b90-4668-5257-bdd6-40fb06671ad1,2026-07-02T06:39:36.408,core-banking,OK,pacs.008,FAST,5755.14,USD,**************4093,SG,139
3eb13b90-4668-5257-bdd6-40fb06671ad1,2026-07-02T06:39:36.497,settlement,SETTLED,pacs.008,FAST,5755.14,USD,**************4093,SG,349
3eb13b90-4668-5257-bdd6-40fb06671ad1,2026-07-09T02:44:39.915,gateway,OK,MT103,SWIFT,984.66,SGD,**************6269,MY,18
3eb13b90-4668-5257-bdd6-40fb06671ad1,2026-07-09T02:44:40.035,auth,OK,MT103,SWIFT,984.66,SGD,**************6269,MY,45
3eb13b90-4668-5257-bdd6-40fb06671ad1,2026-07-09T02:44:40.107,validation,OK,MT103,SWIFT,984.66,SGD,**************6269,MY,53
3eb13b90-4668-5257-bdd6-40fb06671ad1,2026-07-09T02:44:40.212,aml,OK,MT103,SWIFT,984.66,SGD,**************6269,MY,174
3eb13b90-4668-5257-bdd6-40fb06671ad1,2026-07-09T02:44:40.258,payment-hub,OK,MT103,SWIFT,984.66,SGD,**************6269,MY,134
3eb13b90-4668-5257-bdd6-40fb06671ad1,2026-07-09T02:44:40.324,core-banking,OK,MT103,SWIFT,984.66,SGD,**************6269,MY,174
3eb13b90-4668-5257-bdd6-40fb06671ad1,2026-07-09T02:44:40.390,settlement,SETTLED,MT103,SWIFT,984.66,SGD,**************6269,MY,192
3eb13b90-4668-5257-bdd6-40fb06671ad1,2026-07-10T22:38:02.290,gateway,OK,MT103,FAST,8936.52,USD,**************7005,IN,24
3eb13b90-4668-5257-bdd6-40fb06671ad1,2026-07-10T22:38:02.345,auth,OK,MT103,FAST,8936.52,USD,**************7005,IN,75
3eb13b90-4668-5257-bdd6-40fb06671ad1,2026-07-10T22:38:02.456,validation,OK,MT103,FAST,8936.52,USD,**************7005,IN,72
3eb13b90-4668-5257-bdd6-40fb06671ad1,2026-07-10T22:38:02.571,aml,TIMEOUT,MT103,FAST,8936.52,USD,**************7005,IN,30000
3eb13b90-4668-5257-bdd6-40fb06671ad1,2026-07-10T22:38:02.699,payment-hub,FAILED,MT103,FAST,8936.52,USD,**************7005,IN,107
3eb13b90-4668-5257-bdd6-40fb06671ad1,2026-07-08T08:57:49.039,gateway,OK,MT103,SWIFT,2692.01,USD,**************2871,SG,24
3eb13b90-4668-5257-bdd6-40fb06671ad1,2026-07-08T08:57:49.185,auth,OK,MT103,SWIFT,2692.01,USD,**************2871,SG,36
3eb13b90-4668-5257-bdd6-40fb06671ad1,2026-07-08T08:57:49.325,validation,OK,MT103,SWIFT,2692.01,USD,**************2871,SG,82
3eb13b90-4668-5257-bdd6-40fb06671ad1,2026-07-08T08:57:49.464,aml,OK,MT103,SWIFT,2692.01,USD,**************2871,SG,223
3eb13b90-4668-5257-bdd6-40fb06671ad1,2026-07-08T08:57:49.526,payment-hub,OK,MT103,SWIFT,2692.01,USD,**************2871,SG,78
3eb13b90-4668-5257-bdd6-40fb06671ad1,2026-07-08T08:57:49.760,core-banking,OK,MT103,SWIFT,2692.01,USD,**************2871,SG,246
3eb13b90-4668-5257-bdd6-40fb06671ad1,2026-07-08T08:57:49.889,settlement,SETTLED,MT103,SWIFT,2692.01,USD,**************2871,SG,244
3eb13b90-4668-5257-bdd6-40fb06671ad1,2026-07-08T11:47:59.575,gateway,OK,MT103,FAST,1310.34,SGD,**************1377,SG,29
3eb13b90-4668-5257-bdd6-40fb06671ad1,2026-07-08T11:47:59.700,auth,OK,MT103,FAST,1310.34,SGD,**************1377,SG,44
3eb13b90-4668-5257-bdd6-40fb06671ad1,2026-07-08T11:47:59.750,validation,OK,MT103,FAST,1310.34,SGD,**************1377,SG,83
3eb13b90-4668-5257-bdd6-40fb06671ad1,2026-07-08T11:48:00.044,aml,OK,MT103,FAST,1310.34,SGD,**************1377,SG,285
3eb13b90-4668-5257-bdd6-40fb06671ad1,2026-07-08T11:48:00.116,payment-hub,OK,MT103,FAST,1310.34,SGD,**************1377,SG,46
3eb13b90-4668-5257-bdd6-40fb06671ad1,2026-07-08T11:48:00.252,core-banking,OK,MT103,FAST,1310.34,SGD,**************1377,SG,97
3eb13b90-4668-5257-bdd6-40fb06671ad1,2026-07-08T11:48:00.393,settlement,SETTLED,MT103,FAST,1310.34,SGD,**************1377,SG,371
3eb13b90-4668-5257-bdd6-40fb06671ad1,2026-07-02T17:31:07.026,gateway,OK,pacs.008,FAST,1104.62,USD,**************0881,MY,36
3eb13b90-4668-5257-bdd6-40fb06671ad1,2026-07-02T17:31:07.084,auth,OK,pacs.008,FAST,1104.62,USD,**************0881,MY,79
3eb13b90-4668-5257-bdd6-40fb06671ad1,2026-07-02T17:31:07.157,validation,OK,pacs.008,FAST,1104.62,USD,**************0881,MY,57
3eb13b90-4668-5257-bdd6-40fb06671ad1,2026-07-02T17:31:07.246,aml,OK,pacs.008,FAST,1104.62,USD,**************0881,MY,176
3eb13b90-4668-5257-bdd6-40fb06671ad1,2026-07-02T17:31:07.299,payment-hub,OK,pacs.008,FAST,1104.62,USD,**************0881,MY,39
3eb13b90-4668-5257-bdd6-40fb06671ad1,2026-07-02T17:31:07.375,core-banking,OK,pacs.008,FAST,1104.62,USD,**************0881,MY,225
3eb13b90-4668-5257-bdd6-40fb06671ad1,2026-07-02T17:31:07.495,settlement,SETTLED,pacs.008,FAST,1104.62,USD,**************0881,MY,111
3eb13b90-4668-5257-bdd6-40fb06671ad1,2026-07-05T03:22:38.488,gateway,OK,pacs.008,FAST,487.04,INR,**************6826,HK,60
3eb13b90-4668-5257-bdd6-40fb06671ad1,2026-07-05T03:22:38.639,auth,OK,pacs.008,FAST,487.04,INR,**************6826,HK,37
3eb13b90-4668-5257-bdd6-40fb06671ad1,2026-07-05T03:22:38.772,validation,OK,pacs.008,FAST,487.04,INR,**************6826,HK,82
3eb13b90-4668-5257-bdd6-40fb06671ad1,2026-07-05T03:22:38.872,aml,OK,pacs.008,FAST,487.04,INR,**************6826,HK,171
3eb13b90-4668-5257-bdd6-40fb06671ad1,2026-07-05T03:22:38.985,payment-hub,OK,pacs.008,FAST,487.04,INR,**************6826,HK,119
3eb13b90-4668-5257-bdd6-40fb06671ad1,2026-07-05T03:22:39.069,core-banking,OK,pacs.008,FAST,487.04,INR,**************6826,HK,190
3eb13b90-4668-5257-bdd6-40fb06671ad1,2026-07-05T03:22:39.209,settlement,SETTLED,pacs.008,FAST,487.04,INR,**************6826,HK,296
3eb13b90-4668-5257-bdd6-40fb06671ad1,2026-07-08T20:46:58.290,gateway,OK,MT103,SWIFT,3487.07,SGD,**************6777,MY,16
3eb13b90-4668-5257-bdd6-40fb06671ad1,2026-07-08T20:46:58.427,auth,OK,MT103,SWIFT,3487.07,SGD,**************6777,MY,24
3eb13b90-4668-5257-bdd6-40fb06671ad1,2026-07-08T20:46:58.499,validation,OK,MT103,SWIFT,3487.07,SGD,**************6777,MY,70
3eb13b90-4668-5257-bdd6-40fb06671ad1,2026-07-08T20:46:58.659,aml,OK,MT103,SWIFT,3487.07,SGD,**************6777,MY,232
3eb13b90-4668-5257-bdd6-40fb06671ad1,2026-07-08T20:46:58.796,payment-hub,OK,MT103,SWIFT,3487.07,SGD,**************6777,MY,107
3eb13b90-4668-5257-bdd6-40fb06671ad1,2026-07-08T20:46:58.970,core-banking,OK,MT103,SWIFT,3487.07,SGD,**************6777,MY,66
3eb13b90-4668-5257-bdd6-40fb06671ad1,2026-07-08T20:46:59.200,settlement,SETTLED,MT103,SWIFT,3487.07,SGD,**************6777,MY,310
3eb13b90-4668-5257-bdd6-40fb06671ad1,2026-07-14T12:38:57.217,gateway,OK,0200,FAST,365.14,SGD,**************8561,IN,37
3eb13b90-4668-5257-bdd6-40fb06671ad1,2026-07-14T12:38:57.461,auth,OK,0200,FAST,365.14,SGD,**************8561,IN,84
3eb13b90-4668-5257-bdd6-40fb06671ad1,2026-07-14T12:38:57.550,validation,OK,0200,FAST,365.14,SGD,**************8561,IN,110
3eb13b90-4668-5257-bdd6-40fb06671ad1,2026-07-14T12:38:57.593,aml,OK,0200,FAST,365.14,SGD,**************8561,IN,274
3eb13b90-4668-5257-bdd6-40fb06671ad1,2026-07-14T12:38:57.666,payment-hub,OK,0200,FAST,365.14,SGD,**************8561,IN,89
3eb13b90-4668-5257-bdd6-40fb06671ad1,2026-07-14T12:38:57.746,core-banking,OK,0200,FAST,365.14,SGD,**************8561,IN,130
3eb13b90-4668-5257-bdd6-40fb06671ad1,2026-07-14T12:38:57.817,settlement,SETTLED,0200,FAST,365.14,SGD,**************8561,IN,127
3eb13b90-4668-5257-bdd6-40fb06671ad1,2026-07-11T03:21:48.508,gateway,OK,0200,CARDS,266.59,SGD,**************3912,SG,36
3eb13b90-4668-5257-bdd6-40fb06671ad1,2026-07-11T03:21:48.600,auth,OK,0200,CARDS,266.59,SGD,**************3912,SG,40
3eb13b90-4668-5257-bdd6-40fb06671ad1,2026-07-11T03:21:48.684,validation,OK,0200,CARDS,266.59,SGD,**************3912,SG,82
3eb13b90-4668-5257-bdd6-40fb06671ad1,2026-07-11T03:21:48.749,aml,OK,0200,CARDS,266.59,SGD,**************3912,SG,278
3eb13b90-4668-5257-bdd6-40fb06671ad1,2026-07-11T03:21:48.801,payment-hub,OK,0200,CARDS,266.59,SGD,**************3912,SG,78
3eb13b90-4668-5257-bdd6-40fb06671ad1,2026-07-11T03:21:48.941,core-banking,OK,0200,CARDS,266.59,SGD,**************3912,SG,211
3eb13b90-4668-5257-bdd6-40fb06671ad1,2026-07-11T03:21:48.998,settlement,SETTLED,0200,CARDS,266.59,SGD,**************3912,SG,282
3eb13b90-4668-5257-bdd6-40fb06671ad1,2026-07-07T07:31:49.646,gateway,OK,pacs.008,SWIFT,6028.67,USD,**************9755,SG,17
3eb13b90-4668-5257-bdd6-40fb06671ad1,2026-07-07T07:31:49.684,auth,OK,pacs.008,SWIFT,6028.67,USD,**************9755,SG,73
3eb13b90-4668-5257-bdd6-40fb06671ad1,2026-07-07T07:31:49.818,validation,OK,pacs.008,SWIFT,6028.67,USD,**************9755,SG,45
3eb13b90-4668-5257-bdd6-40fb06671ad1,2026-07-07T07:31:49.872,aml,OK,pacs.008,SWIFT,6028.67,USD,**************9755,SG,268
3eb13b90-4668-5257-bdd6-40fb06671ad1,2026-07-07T07:31:49.952,payment-hub,OK,pacs.008,SWIFT,6028.67,USD,**************9755,SG,41
3eb13b90-4668-5257-bdd6-40fb06671ad1,2026-07-07T07:31:50.163,core-banking,OK,pacs.008,SWIFT,6028.67,USD,**************9755,SG,220
3eb13b90-4668-5257-bdd6-40fb06671ad1,2026-07-07T07:31:50.219,settlement,SETTLED,pacs.008,SWIFT,6028.67,USD,**************9755,SG,75
3eb13b90-4668-5257-bdd6-40fb06671ad1,2026-07-14T07:00:56.217,gateway,OK,pacs.008,FAST,1578.38,SGD,**************1256,SG,32
3eb13b90-4668-5257-bdd6-40fb06671ad1,2026-07-14T07:00:56.352,auth,OK,pacs.008,FAST,1578.38,SGD,**************1256,SG,49
3eb13b90-4668-5257-bdd6-40fb06671ad1,2026-07-14T07:00:56.396,validation,OK,pacs.008,FAST,1578.38,SGD,**************1256,SG,46
3eb13b90-4668-5257-bdd6-40fb06671ad1,2026-07-14T07:01:26.434,aml,OK,pacs.008,FAST,1578.38,SGD,**************1256,SG,57
3eb13b90-4668-5257-bdd6-40fb06671ad1,2026-07-14T07:01:26.532,payment-hub,OK,pacs.008,FAST,1578.38,SGD,**************1256,SG,75
3eb13b90-4668-5257-bdd6-40fb06671ad1,2026-07-14T07:01:26.677,core-banking,OK,pacs.008,FAST,1578.38,SGD,**************1256,SG,52
3eb13b90-4668-5257-bdd6-40fb06671ad1,2026-07-14T07:01:26.728,settlement,SETTLED,pacs.008,FAST,1578.38,SGD,**************1256,SG,99
3eb13b90-4668-5257-bdd6-40fb06671ad1,2026-07-02T14:33:36.414,gateway,OK,pacs.008,SWIFT,1790.8,SGD,**************2265,IN,47
3eb13b90-4668-5257-bdd6-40fb06671ad1,2026-07-02T14:33:36.478,auth,OK,pacs.008,SWIFT,1790.8,SGD,**************2265,IN,41
3eb13b90-4668-5257-bdd6-40fb06671ad1,2026-07-02T14:33:36.562,validation,OK,pacs.008,SWIFT,1790.8,SGD,**************2265,IN,105
3eb13b90-4668-5257-bdd6-40fb06671ad1,2026-07-02T14:33:36.676,aml,OK,pacs.008,SWIFT,1790.8,SGD,**************2265,IN,154
3eb13b90-4668-5257-bdd6-40fb06671ad1,2026-07-02T14:33:36.841,payment-hub,OK,pacs.008,SWIFT,1790.8,SGD,**************2265,IN,149
3eb13b90-4668-5257-bdd6-40fb06671ad1,2026-07-02T14:33:36.924,core-banking,OK,pacs.008,SWIFT,1790.8,SGD,**************2265,IN,145
3eb13b90-4668-5257-bdd6-40fb06671ad1,2026-07-02T14:33:37.022,settlement,SETTLED,pacs.008,SWIFT,1790.8,SGD,**************2265,IN,232
3eb13b90-4668-5257-bdd6-40fb06671ad1,2026-07-06T10:17:35.821,gateway,OK,pacs.008,FAST,396.87,SGD,**************7541,HK,18
3eb13b90-4668-5257-bdd6-40fb06671ad1,2026-07-06T10:17:35.893,auth,OK,pacs.008,FAST,396.87,SGD,**************7541,HK,72
3eb13b90-4668-5257-bdd6-40fb06671ad1,2026-07-06T10:17:36.060,validation,OK,pacs.008,FAST,396.87,SGD,**************7541,HK,47
3eb13b90-4668-5257-bdd6-40fb06671ad1,2026-07-06T10:17:36.173,aml,OK,pacs.008,FAST,396.87,SGD,**************7541,HK,94
3eb13b90-4668-5257-bdd6-40fb06671ad1,2026-07-06T10:17:36.232,payment-hub,OK,pacs.008,FAST,396.87,SGD,**************7541,HK,76
3eb13b90-4668-5257-bdd6-40fb06671ad1,2026-07-06T10:17:36.303,core-banking,OK,pacs.008,FAST,396.87,SGD,**************7541,HK,162
3eb13b90-4668-5257-bdd6-40fb06671ad1,2026-07-06T10:17:36.382,settlement,SETTLED,pacs.008,FAST,396.87,SGD,**************7541,HK,190
3eb13b90-4668-5257-bdd6-40fb06671ad1,2026-07-01T08:26:50.735,gateway,OK,MT103,SWIFT,444.78,SGD,**************3337,US,36
3eb13b90-4668-5257-bdd6-40fb06671ad1,2026-07-01T08:26:50.948,auth,OK,MT103,SWIFT,444.78,SGD,**************3337,US,52
3eb13b90-4668-5257-bdd6-40fb06671ad1,2026-07-01T08:26:51.062,validation,OK,MT103,SWIFT,444.78,SGD,**************3337,US,112
3eb13b90-4668-5257-bdd6-40fb06671ad1,2026-07-01T08:26:51.119,aml,OK,MT103,SWIFT,444.78,SGD,**************3337,US,259
3eb13b90-4668-5257-bdd6-40fb06671ad1,2026-07-01T08:26:51.337,payment-hub,OK,MT103,SWIFT,444.78,SGD,**************3337,US,52
3eb13b90-4668-5257-bdd6-40fb06671ad1,2026-07-01T08:26:51.604,core-banking,OK,MT103,SWIFT,444.78,SGD,**************3337,US,142
3eb13b90-4668-5257-bdd6-40fb06671ad1,2026-07-01T08:26:51.662,settlement,SETTLED,MT103,SWIFT,444.78,SGD,**************3337,US,197
3eb13b90-4668-5257-bdd6-40fb06671ad1,2026-07-06T21:28:09.090,gateway,OK,pacs.008,SWIFT,2020.45,INR,**************4649,GB,17
3eb13b90-4668-5257-bdd6-40fb06671ad1,2026-07-06T21:28:09.159,auth,OK,pacs.008,SWIFT,2020.45,INR,**************4649,GB,81
3eb13b90-4668-5257-bdd6-40fb06671ad1,2026-07-06T21:28:09.226,validation,OK,pacs.008,SWIFT,2020.45,INR,**************4649,GB,104
3eb13b90-4668-5257-bdd6-40fb06671ad1,2026-07-06T21:28:09.436,aml,OK,pacs.008,SWIFT,2020.45,INR,**************4649,GB,72
3eb13b90-4668-5257-bdd6-40fb06671ad1,2026-07-06T21:28:09.540,payment-hub,OK,pacs.008,SWIFT,2020.45,INR,**************4649,GB,102
3eb13b90-4668-5257-bdd6-40fb06671ad1,2026-07-06T21:28:09.732,core-banking,OK,pacs.008,SWIFT,2020.45,INR,**************4649,GB,188
3eb13b90-4668-5257-bdd6-40fb06671ad1,2026-07-06T21:28:09.797,settlement,SETTLED,pacs.008,SWIFT,2020.45,INR,**************4649,GB,229
3eb13b90-4668-5257-bdd6-40fb06671ad1,2026-07-07T21:52:09.687,gateway,OK,MT103,CARDS,2429.24,SGD,**************4370,IN,49
3eb13b90-4668-5257-bdd6-40fb06671ad1,2026-07-07T21:52:09.750,auth,OK,MT103,CARDS,2429.24,SGD,**************4370,IN,58
3eb13b90-4668-5257-bdd6-40fb06671ad1,2026-07-07T21:52:09.814,validation,OK,MT103,CARDS,2429.24,SGD,**************4370,IN,70
3eb13b90-4668-5257-bdd6-40fb06671ad1,2026-07-07T21:52:09.991,aml,OK,MT103,CARDS,2429.24,SGD,**************4370,IN,195
3eb13b90-4668-5257-bdd6-40fb06671ad1,2026-07-07T21:52:10.045,payment-hub,OK,MT103,CARDS,2429.24,SGD,**************4370,IN,87
3eb13b90-4668-5257-bdd6-40fb06671ad1,2026-07-07T21:52:10.127,core-banking,OK,MT103,CARDS,2429.24,SGD,**************4370,IN,150
3eb13b90-4668-5257-bdd6-40fb06671ad1,2026-07-07T21:52:10.221,settlement,SETTLED,MT103,CARDS,2429.24,SGD,**************4370,IN,303
3eb13b90-4668-5257-bdd6-40fb06671ad1,2026-07-10T05:32:50.527,gateway,OK,pacs.008,SWIFT,719.39,EUR,**************3125,SG,28
3eb13b90-4668-5257-bdd6-40fb06671ad1,2026-07-10T05:32:50.684,auth,OK,pacs.008,SWIFT,719.39,EUR,**************3125,SG,34
3eb13b90-4668-5257-bdd6-40fb06671ad1,2026-07-10T05:32:50.904,validation,OK,pacs.008,SWIFT,719.39,EUR,**************3125,SG,85
3eb13b90-4668-5257-bdd6-40fb06671ad1,2026-07-10T05:32:51.006,aml,OK,pacs.008,SWIFT,719.39,EUR,**************3125,SG,202
3eb13b90-4668-5257-bdd6-40fb06671ad1,2026-07-10T05:32:51.206,payment-hub,OK,pacs.008,SWIFT,719.39,EUR,**************3125,SG,92
3eb13b90-4668-5257-bdd6-40fb06671ad1,2026-07-10T05:32:51.279,core-banking,OK,pacs.008,SWIFT,719.39,EUR,**************3125,SG,210
3eb13b90-4668-5257-bdd6-40fb06671ad1,2026-07-10T05:32:51.380,settlement,SETTLED,pacs.008,SWIFT,719.39,EUR,**************3125,SG,191
3eb13b90-4668-5257-bdd6-40fb06671ad1,2026-07-08T20:10:41.162,gateway,OK,MT103,FAST,1304.47,SGD,**************4891,SG,39
3eb13b90-4668-5257-bdd6-40fb06671ad1,2026-07-08T20:10:41.226,auth,OK,MT103,FAST,1304.47,SGD,**************4891,SG,38
3eb13b90-4668-5257-bdd6-40fb06671ad1,2026-07-08T20:10:41.301,validation,OK,MT103,FAST,1304.47,SGD,**************4891,SG,31
3eb13b90-4668-5257-bdd6-40fb06671ad1,2026-07-08T20:10:41.377,aml,OK,MT103,FAST,1304.47,SGD,**************4891,SG,65
3eb13b90-4668-5257-bdd6-40fb06671ad1,2026-07-08T20:10:41.442,payment-hub,OK,MT103,FAST,1304.47,SGD,**************4891,SG,86
3eb13b90-4668-5257-bdd6-40fb06671ad1,2026-07-08T20:10:41.500,core-banking,OK,MT103,FAST,1304.47,SGD,**************4891,SG,51
3eb13b90-4668-5257-bdd6-40fb06671ad1,2026-07-08T20:10:41.564,settlement,SETTLED,MT103,FAST,1304.47,SGD,**************4891,SG,129
3eb13b90-4668-5257-bdd6-40fb06671ad1,2026-07-13T00:24:19.784,gateway,OK,MT103,CARDS,784.04,MYR,**************1147,SG,47
3eb13b90-4668-5257-bdd6-40fb06671ad1,2026-07-13T00:24:19.891,auth,OK,MT103,CARDS,784.04,MYR,**************1147,SG,41
3eb13b90-4668-5257-bdd6-40fb06671ad1,2026-07-13T00:24:19.977,validation,OK,MT103,CARDS,784.04,MYR,**************1147,SG,86
3eb13b90-4668-5257-bdd6-40fb06671ad1,2026-07-13T00:24:20.046,aml,OK,MT103,CARDS,784.04,MYR,**************1147,SG,189
3eb13b90-4668-5257-bdd6-40fb06671ad1,2026-07-13T00:24:20.230,payment-hub,OK,MT103,CARDS,784.04,MYR,**************1147,SG,62
3eb13b90-4668-5257-bdd6-40fb06671ad1,2026-07-13T00:24:50.246,core-banking,OK,MT103,CARDS,784.04,MYR,**************1147,SG,173
3eb13b90-4668-5257-bdd6-40fb06671ad1,2026-07-13T00:25:20.286,settlement,SETTLED,MT103,CARDS,784.04,MYR,**************1147,SG,366
3eb13b90-4668-5257-bdd6-40fb06671ad1,2026-07-04T11:16:54.506,gateway,OK,pacs.008,CARDS,1064.29,GBP,**************2315,IN,24
3eb13b90-4668-5257-bdd6-40fb06671ad1,2026-07-04T11:16:54.561,auth,OK,pacs.008,CARDS,1064.29,GBP,**************2315,IN,33
3eb13b90-4668-5257-bdd6-40fb06671ad1,2026-07-04T11:16:54.675,validation,OK,pacs.008,CARDS,1064.29,GBP,**************2315,IN,105
3eb13b90-4668-5257-bdd6-40fb06671ad1,2026-07-04T11:16:54.753,aml,OK,pacs.008,CARDS,1064.29,GBP,**************2315,IN,291
3eb13b90-4668-5257-bdd6-40fb06671ad1,2026-07-04T11:16:54.849,payment-hub,OK,pacs.008,CARDS,1064.29,GBP,**************2315,IN,148
3eb13b90-4668-5257-bdd6-40fb06671ad1,2026-07-04T11:16:54.913,core-banking,OK,pacs.008,CARDS,1064.29,GBP,**************2315,IN,188
3eb13b90-4668-5257-bdd6-40fb06671ad1,2026-07-04T11:16:55.014,settlement,SETTLED,pacs.008,CARDS,1064.29,GBP,**************2315,IN,294
3eb13b90-4668-5257-bdd6-40fb06671ad1,2026-07-09T15:55:46.942,gateway,OK,MT103,FAST,157.47,EUR,**************5908,SG,50
3eb13b90-4668-5257-bdd6-40fb06671ad1,2026-07-09T15:55:47.044,auth,OK,MT103,FAST,157.47,EUR,**************5908,SG,35
3eb13b90-4668-5257-bdd6-40fb06671ad1,2026-07-09T15:55:47.333,validation,OK,MT103,FAST,157.47,EUR,**************5908,SG,116
3eb13b90-4668-5257-bdd6-40fb06671ad1,2026-07-09T15:55:47.487,aml,OK,MT103,FAST,157.47,EUR,**************5908,SG,138
3eb13b90-4668-5257-bdd6-40fb06671ad1,2026-07-09T15:55:47.685,payment-hub,OK,MT103,FAST,157.47,EUR,**************5908,SG,99
3eb13b90-4668-5257-bdd6-40fb06671ad1,2026-07-09T15:55:47.909,core-banking,OK,MT103,FAST,157.47,EUR,**************5908,SG,182
3eb13b90-4668-5257-bdd6-40fb06671ad1,2026-07-09T15:55:48.054,settlement,SETTLED,MT103,FAST,157.47,EUR,**************5908,SG,109
3eb13b90-4668-5257-bdd6-40fb06671ad1,2026-07-05T10:44:17.170,gateway,OK,pacs.008,FAST,4973.96,INR,**************4386,GB,25
3eb13b90-4668-5257-bdd6-40fb06671ad1,2026-07-05T10:44:17.215,auth,OK,pacs.008,FAST,4973.96,INR,**************4386,GB,57
3eb13b90-4668-5257-bdd6-40fb06671ad1,2026-07-05T10:44:17.292,validation,OK,pacs.008,FAST,4973.96,INR,**************4386,GB,85
3eb13b90-4668-5257-bdd6-40fb06671ad1,2026-07-05T10:44:17.331,aml,OK,pacs.008,FAST,4973.96,INR,**************4386,GB,139
3eb13b90-4668-5257-bdd6-40fb06671ad1,2026-07-05T10:44:17.409,payment-hub,OK,pacs.008,FAST,4973.96,INR,**************4386,GB,58
3eb13b90-4668-5257-bdd6-40fb06671ad1,2026-07-05T10:44:17.587,core-banking,OK,pacs.008,FAST,4973.96,INR,**************4386,GB,222
3eb13b90-4668-5257-bdd6-40fb06671ad1,2026-07-05T10:44:17.637,settlement,SETTLED,pacs.008,FAST,4973.96,INR,**************4386,GB,98
3eb13b90-4668-5257-bdd6-40fb06671ad1,2026-07-05T10:17:35.503,gateway,OK,MT103,FAST,6280.85,SGD,**************1895,SG,41
3eb13b90-4668-5257-bdd6-40fb06671ad1,2026-07-05T10:17:35.617,auth,OK,MT103,FAST,6280.85,SGD,**************1895,SG,39
3eb13b90-4668-5257-bdd6-40fb06671ad1,2026-07-05T10:17:35.731,validation,OK,MT103,FAST,6280.85,SGD,**************1895,SG,32
3eb13b90-4668-5257-bdd6-40fb06671ad1,2026-07-05T10:17:35.798,aml,OK,MT103,FAST,6280.85,SGD,**************1895,SG,205
3eb13b90-4668-5257-bdd6-40fb06671ad1,2026-07-05T10:17:35.848,payment-hub,OK,MT103,FAST,6280.85,SGD,**************1895,SG,113
3eb13b90-4668-5257-bdd6-40fb06671ad1,2026-07-05T10:17:35.885,core-banking,OK,MT103,FAST,6280.85,SGD,**************1895,SG,95
3eb13b90-4668-5257-bdd6-40fb06671ad1,2026-07-05T10:17:35.969,settlement,SETTLED,MT103,FAST,6280.85,SGD,**************1895,SG,183
3eb13b90-4668-5257-bdd6-40fb06671ad1,2026-07-10T08:20:30.409,gateway,OK,pacs.008,FAST,1847.77,MYR,**************6188,IN,57
3eb13b90-4668-5257-bdd6-40fb06671ad1,2026-07-10T08:20:30.578,auth,OK,pacs.008,FAST,1847.77,MYR,**************6188,IN,43
3eb13b90-4668-5257-bdd6-40fb06671ad1,2026-07-10T08:20:30.761,validation,OK,pacs.008,FAST,1847.77,MYR,**************6188,IN,93
3eb13b90-4668-5257-bdd6-40fb06671ad1,2026-07-10T08:20:30.915,aml,OK,pacs.008,FAST,1847.77,MYR,**************6188,IN,267
3eb13b90-4668-5257-bdd6-40fb06671ad1,2026-07-10T08:20:30.961,payment-hub,OK,pacs.008,FAST,1847.77,MYR,**************6188,IN,145
3eb13b90-4668-5257-bdd6-40fb06671ad1,2026-07-10T08:20:31.068,core-banking,OK,pacs.008,FAST,1847.77,MYR,**************6188,IN,231
3eb13b90-4668-5257-bdd6-40fb06671ad1,2026-07-10T08:20:31.185,settlement,SETTLED,pacs.008,FAST,1847.77,MYR,**************6188,IN,62
3eb13b90-4668-5257-bdd6-40fb06671ad1,2026-07-14T08:58:42.225,gateway,OK,pacs.008,SWIFT,1841.2,SGD,**************7233,SG,58
3eb13b90-4668-5257-bdd6-40fb06671ad1,2026-07-14T08:58:42.460,auth,OK,pacs.008,SWIFT,1841.2,SGD,**************7233,SG,49
3eb13b90-4668-5257-bdd6-40fb06671ad1,2026-07-14T08:58:42.615,validation,OK,pacs.008,SWIFT,1841.2,SGD,**************7233,SG,45
3eb13b90-4668-5257-bdd6-40fb06671ad1,2026-07-14T08:58:42.676,aml,OK,pacs.008,SWIFT,1841.2,SGD,**************7233,SG,147
3eb13b90-4668-5257-bdd6-40fb06671ad1,2026-07-14T08:58:42.751,payment-hub,OK,pacs.008,SWIFT,1841.2,SGD,**************7233,SG,122
3eb13b90-4668-5257-bdd6-40fb06671ad1,2026-07-14T08:58:42.825,core-banking,OK,pacs.008,SWIFT,1841.2,SGD,**************7233,SG,74
3eb13b90-4668-5257-bdd6-40fb06671ad1,2026-07-14T08:58:42.875,settlement,SETTLED,pacs.008,SWIFT,1841.2,SGD,**************7233,SG,243
3eb13b90-4668-5257-bdd6-40fb06671ad1,2026-07-05T19:52:06.484,gateway,OK,MT103,SWIFT,1085.54,SGD,**************3235,SG,19
3eb13b90-4668-5257-bdd6-40fb06671ad1,2026-07-05T19:52:06.686,auth,OK,MT103,SWIFT,1085.54,SGD,**************3235,SG,42
3eb13b90-4668-5257-bdd6-40fb06671ad1,2026-07-05T19:52:06.955,validation,OK,MT103,SWIFT,1085.54,SGD,**************3235,SG,29
3eb13b90-4668-5257-bdd6-40fb06671ad1,2026-07-05T19:52:07.013,aml,OK,MT103,SWIFT,1085.54,SGD,**************3235,SG,222
3eb13b90-4668-5257-bdd6-40fb06671ad1,2026-07-05T19:52:07.065,payment-hub,OK,MT103,SWIFT,1085.54,SGD,**************3235,SG,74
3eb13b90-4668-5257-bdd6-40fb06671ad1,2026-07-05T19:52:07.139,core-banking,OK,MT103,SWIFT,1085.54,SGD,**************3235,SG,207
3eb13b90-4668-5257-bdd6-40fb06671ad1,2026-07-05T19:52:07.358,settlement,SETTLED,MT103,SWIFT,1085.54,SGD,**************3235,SG,334
3eb13b90-4668-5257-bdd6-40fb06671ad1,2026-07-02T05:17:06.754,gateway,OK,MT103,FAST,523.68,SGD,**************6183,SG,21
3eb13b90-4668-5257-bdd6-40fb06671ad1,2026-07-02T05:17:06.882,auth,OK,MT103,FAST,523.68,SGD,**************6183,SG,70
3eb13b90-4668-5257-bdd6-40fb06671ad1,2026-07-02T05:17:07.044,validation,OK,MT103,FAST,523.68,SGD,**************6183,SG,64
3eb13b90-4668-5257-bdd6-40fb06671ad1,2026-07-02T05:17:07.156,aml,OK,MT103,FAST,523.68,SGD,**************6183,SG,60
3eb13b90-4668-5257-bdd6-40fb06671ad1,2026-07-02T05:17:07.249,payment-hub,OK,MT103,FAST,523.68,SGD,**************6183,SG,86
3eb13b90-4668-5257-bdd6-40fb06671ad1,2026-07-02T05:17:07.293,core-banking,OK,MT103,FAST,523.68,SGD,**************6183,SG,55
3eb13b90-4668-5257-bdd6-40fb06671ad1,2026-07-02T05:17:07.403,settlement,SETTLED,MT103,FAST,523.68,SGD,**************6183,SG,317
3eb13b90-4668-5257-bdd6-40fb06671ad1,2026-07-02T06:30:55.699,gateway,OK,0200,FAST,1418.5,EUR,**************4877,SG,57
3eb13b90-4668-5257-bdd6-40fb06671ad1,2026-07-02T06:30:55.854,auth,OK,0200,FAST,1418.5,EUR,**************4877,SG,22
3eb13b90-4668-5257-bdd6-40fb06671ad1,2026-07-02T06:30:56.042,validation,OK,0200,FAST,1418.5,EUR,**************4877,SG,120
3eb13b90-4668-5257-bdd6-40fb06671ad1,2026-07-02T06:30:56.154,aml,OK,0200,FAST,1418.5,EUR,**************4877,SG,46
3eb13b90-4668-5257-bdd6-40fb06671ad1,2026-07-02T06:30:56.229,payment-hub,OK,0200,FAST,1418.5,EUR,**************4877,SG,58
3eb13b90-4668-5257-bdd6-40fb06671ad1,2026-07-02T06:30:56.406,core-banking,OK,0200,FAST,1418.5,EUR,**************4877,SG,242
3eb13b90-4668-5257-bdd6-40fb06671ad1,2026-07-02T06:30:56.551,settlement,SETTLED,0200,FAST,1418.5,EUR,**************4877,SG,192
3eb13b90-4668-5257-bdd6-40fb06671ad1,2026-07-12T19:01:13.579,gateway,OK,0200,FAST,171.02,SGD,**************6406,SG,41
3eb13b90-4668-5257-bdd6-40fb06671ad1,2026-07-12T19:01:13.694,auth,OK,0200,FAST,171.02,SGD,**************6406,SG,48
3eb13b90-4668-5257-bdd6-40fb06671ad1,2026-07-12T19:01:13.793,validation,OK,0200,FAST,171.02,SGD,**************6406,SG,98
3eb13b90-4668-5257-bdd6-40fb06671ad1,2026-07-12T19:01:14.075,aml,OK,0200,FAST,171.02,SGD,**************6406,SG,176
3eb13b90-4668-5257-bdd6-40fb06671ad1,2026-07-12T19:01:14.135,payment-hub,OK,0200,FAST,171.02,SGD,**************6406,SG,111
3eb13b90-4668-5257-bdd6-40fb06671ad1,2026-07-12T19:01:14.182,core-banking,OK,0200,FAST,171.02,SGD,**************6406,SG,136
3eb13b90-4668-5257-bdd6-40fb06671ad1,2026-07-12T19:01:14.257,settlement,SETTLED,0200,FAST,171.02,SGD,**************6406,SG,333
3eb13b90-4668-5257-bdd6-40fb06671ad1,2026-07-09T12:41:41.744,gateway,OK,pacs.008,FAST,79.17,USD,**************8965,SG,35
3eb13b90-4668-5257-bdd6-40fb06671ad1,2026-07-09T12:41:41.885,auth,OK,pacs.008,FAST,79.17,USD,**************8965,SG,58
3eb13b90-4668-5257-bdd6-40fb06671ad1,2026-07-09T12:41:42.011,validation,OK,pacs.008,FAST,79.17,USD,**************8965,SG,78
3eb13b90-4668-5257-bdd6-40fb06671ad1,2026-07-09T12:41:42.153,aml,OK,pacs.008,FAST,79.17,USD,**************8965,SG,278
3eb13b90-4668-5257-bdd6-40fb06671ad1,2026-07-09T12:41:42.208,payment-hub,OK,pacs.008,FAST,79.17,USD,**************8965,SG,148
3eb13b90-4668-5257-bdd6-40fb06671ad1,2026-07-09T12:41:42.286,core-banking,OK,pacs.008,FAST,79.17,USD,**************8965,SG,94
3eb13b90-4668-5257-bdd6-40fb06671ad1,2026-07-09T12:41:42.387,settlement,SETTLED,pacs.008,FAST,79.17,USD,**************8965,SG,386
3eb13b90-4668-5257-bdd6-40fb06671ad1,2026-07-02T11:09:50.759,gateway,OK,MT103,SWIFT,742.71,EUR,**************7211,IN,56
3eb13b90-4668-5257-bdd6-40fb06671ad1,2026-07-02T11:09:50.881,auth,OK,MT103,SWIFT,742.71,EUR,**************7211,IN,29
3eb13b90-4668-5257-bdd6-40fb06671ad1,2026-07-02T11:09:50.970,validation,OK,MT103,SWIFT,742.71,EUR,**************7211,IN,70
3eb13b90-4668-5257-bdd6-40fb06671ad1,2026-07-02T11:09:51.017,aml,OK,MT103,SWIFT,742.71,EUR,**************7211,IN,47
3eb13b90-4668-5257-bdd6-40fb06671ad1,2026-07-02T11:09:51.083,payment-hub,OK,MT103,SWIFT,742.71,EUR,**************7211,IN,46
3eb13b90-4668-5257-bdd6-40fb06671ad1,2026-07-02T11:09:51.196,core-banking,OK,MT103,SWIFT,742.71,EUR,**************7211,IN,56
3eb13b90-4668-5257-bdd6-40fb06671ad1,2026-07-02T11:09:51.275,settlement,SETTLED,MT103,SWIFT,742.71,EUR,**************7211,IN,69
3eb13b90-4668-5257-bdd6-40fb06671ad1,2026-07-03T19:17:38.660,gateway,OK,pacs.008,SWIFT,560.45,EUR,**************2874,US,56
3eb13b90-4668-5257-bdd6-40fb06671ad1,2026-07-03T19:17:38.753,auth,OK,pacs.008,SWIFT,560.45,EUR,**************2874,US,48
3eb13b90-4668-5257-bdd6-40fb06671ad1,2026-07-03T19:17:38.855,validation,OK,pacs.008,SWIFT,560.45,EUR,**************2874,US,30
3eb13b90-4668-5257-bdd6-40fb06671ad1,2026-07-03T19:17:38.997,aml,OK,pacs.008,SWIFT,560.45,EUR,**************2874,US,170
3eb13b90-4668-5257-bdd6-40fb06671ad1,2026-07-03T19:17:39.175,payment-hub,OK,pacs.008,SWIFT,560.45,EUR,**************2874,US,108
3eb13b90-4668-5257-bdd6-40fb06671ad1,2026-07-03T19:17:39.366,core-banking,OK,pacs.008,SWIFT,560.45,EUR,**************2874,US,121
3eb13b90-4668-5257-bdd6-40fb06671ad1,2026-07-03T19:17:39.410,settlement,SETTLED,pacs.008,SWIFT,560.45,EUR,**************2874,US,128
3eb13b90-4668-5257-bdd6-40fb06671ad1,2026-07-05T19:22:01.263,gateway,OK,MT103,FAST,655.53,GBP,**************8080,MY,44
3eb13b90-4668-5257-bdd6-40fb06671ad1,2026-07-05T19:22:01.323,auth,OK,MT103,FAST,655.53,GBP,**************8080,MY,62
3eb13b90-4668-5257-bdd6-40fb06671ad1,2026-07-05T19:22:01.427,validation,OK,MT103,FAST,655.53,GBP,**************8080,MY,84
3eb13b90-4668-5257-bdd6-40fb06671ad1,2026-07-05T19:22:01.484,aml,OK,MT103,FAST,655.53,GBP,**************8080,MY,290
3eb13b90-4668-5257-bdd6-40fb06671ad1,2026-07-05T19:22:01.656,payment-hub,OK,MT103,FAST,655.53,GBP,**************8080,MY,90
3eb13b90-4668-5257-bdd6-40fb06671ad1,2026-07-05T19:22:01.752,core-banking,OK,MT103,FAST,655.53,GBP,**************8080,MY,238
3eb13b90-4668-5257-bdd6-40fb06671ad1,2026-07-05T19:22:01.843,settlement,SETTLED,MT103,FAST,655.53,GBP,**************8080,MY,334
3eb13b90-4668-5257-bdd6-40fb06671ad1,2026-07-12T08:53:25.356,gateway,OK,pacs.008,SWIFT,1214.66,SGD,**************0603,HK,49
3eb13b90-4668-5257-bdd6-40fb06671ad1,2026-07-12T08:53:25.610,auth,OK,pacs.008,SWIFT,1214.66,SGD,**************0603,HK,83
3eb13b90-4668-5257-bdd6-40fb06671ad1,2026-07-12T08:53:25.675,validation,OK,pacs.008,SWIFT,1214.66,SGD,**************0603,HK,83
3eb13b90-4668-5257-bdd6-40fb06671ad1,2026-07-12T08:53:25.728,aml,OK,pacs.008,SWIFT,1214.66,SGD,**************0603,HK,294
3eb13b90-4668-5257-bdd6-40fb06671ad1,2026-07-12T08:53:25.789,payment-hub,OK,pacs.008,SWIFT,1214.66,SGD,**************0603,HK,103
3eb13b90-4668-5257-bdd6-40fb06671ad1,2026-07-12T08:53:25.861,core-banking,OK,pacs.008,SWIFT,1214.66,SGD,**************0603,HK,51
3eb13b90-4668-5257-bdd6-40fb06671ad1,2026-07-12T08:53:25.984,settlement,SETTLED,pacs.008,SWIFT,1214.66,SGD,**************0603,HK,269
3eb13b90-4668-5257-bdd6-40fb06671ad1,2026-07-12T08:15:10.378,gateway,OK,pacs.008,SWIFT,628.63,USD,**************9294,MY,17
3eb13b90-4668-5257-bdd6-40fb06671ad1,2026-07-12T08:15:10.502,auth,OK,pacs.008,SWIFT,628.63,USD,**************9294,MY,34
3eb13b90-4668-5257-bdd6-40fb06671ad1,2026-07-12T08:15:10.680,validation,OK,pacs.008,SWIFT,628.63,USD,**************9294,MY,48
3eb13b90-4668-5257-bdd6-40fb06671ad1,2026-07-12T08:15:10.771,aml,OK,pacs.008,SWIFT,628.63,USD,**************9294,MY,154
3eb13b90-4668-5257-bdd6-40fb06671ad1,2026-07-12T08:15:10.835,payment-hub,OK,pacs.008,SWIFT,628.63,USD,**************9294,MY,136
3eb13b90-4668-5257-bdd6-40fb06671ad1,2026-07-12T08:15:10.983,core-banking,OK,pacs.008,SWIFT,628.63,USD,**************9294,MY,219
3eb13b90-4668-5257-bdd6-40fb06671ad1,2026-07-12T08:15:11.155,settlement,SETTLED,pacs.008,SWIFT,628.63,USD,**************9294,MY,378
3eb13b90-4668-5257-bdd6-40fb06671ad1,2026-07-08T22:34:13.066,gateway,OK,pacs.008,SWIFT,138.85,USD,**************4476,SG,34
3eb13b90-4668-5257-bdd6-40fb06671ad1,2026-07-08T22:34:13.177,auth,OK,pacs.008,SWIFT,138.85,USD,**************4476,SG,43
3eb13b90-4668-5257-bdd6-40fb06671ad1,2026-07-08T22:34:13.409,validation,OK,pacs.008,SWIFT,138.85,USD,**************4476,SG,109
3eb13b90-4668-5257-bdd6-40fb06671ad1,2026-07-08T22:34:13.476,aml,OK,pacs.008,SWIFT,138.85,USD,**************4476,SG,90
3eb13b90-4668-5257-bdd6-40fb06671ad1,2026-07-08T22:34:13.624,payment-hub,OK,pacs.008,SWIFT,138.85,USD,**************4476,SG,108
3eb13b90-4668-5257-bdd6-40fb06671ad1,2026-07-08T22:34:13.895,core-banking,OK,pacs.008,SWIFT,138.85,USD,**************4476,SG,89
3eb13b90-4668-5257-bdd6-40fb06671ad1,2026-07-08T22:34:13.967,settlement,SETTLED,pacs.008,SWIFT,138.85,USD,**************4476,SG,219
3eb13b90-4668-5257-bdd6-40fb06671ad1,2026-07-10T22:38:27.837,gateway,OK,MT103,FAST,269.94,EUR,**************5058,US,48
3eb13b90-4668-5257-bdd6-40fb06671ad1,2026-07-10T22:38:28.086,auth,OK,MT103,FAST,269.94,EUR,**************5058,US,33
3eb13b90-4668-5257-bdd6-40fb06671ad1,2026-07-10T22:38:28.135,validation,OK,MT103,FAST,269.94,EUR,**************5058,US,110
3eb13b90-4668-5257-bdd6-40fb06671ad1,2026-07-10T22:38:28.211,aml,TIMEOUT,MT103,FAST,269.94,EUR,**************5058,US,30000
3eb13b90-4668-5257-bdd6-40fb06671ad1,2026-07-10T22:38:28.322,payment-hub,FAILED,MT103,FAST,269.94,EUR,**************5058,US,103
3eb13b90-4668-5257-bdd6-40fb06671ad1,2026-07-11T12:19:41.526,gateway,OK,pacs.008,FAST,1252.01,INR,**************6205,SG,58
3eb13b90-4668-5257-bdd6-40fb06671ad1,2026-07-11T12:19:41.744,auth,OK,pacs.008,FAST,1252.01,INR,**************6205,SG,77
3eb13b90-4668-5257-bdd6-40fb06671ad1,2026-07-11T12:19:41.874,validation,OK,pacs.008,FAST,1252.01,INR,**************6205,SG,110
3eb13b90-4668-5257-bdd6-40fb06671ad1,2026-07-11T12:19:42.155,aml,OK,pacs.008,FAST,1252.01,INR,**************6205,SG,125
3eb13b90-4668-5257-bdd6-40fb06671ad1,2026-07-11T12:19:42.185,payment-hub,OK,pacs.008,FAST,1252.01,INR,**************6205,SG,142
3eb13b90-4668-5257-bdd6-40fb06671ad1,2026-07-11T12:19:42.508,core-banking,OK,pacs.008,FAST,1252.01,INR,**************6205,SG,123
3eb13b90-4668-5257-bdd6-40fb06671ad1,2026-07-11T12:19:42.600,settlement,SETTLED,pacs.008,FAST,1252.01,INR,**************6205,SG,227
3eb13b90-4668-5257-bdd6-40fb06671ad1,2026-07-14T16:11:00.849,gateway,OK,pacs.008,SWIFT,3025.16,EUR,**************9687,SG,20
3eb13b90-4668-5257-bdd6-40fb06671ad1,2026-07-14T16:11:01.003,auth,OK,pacs.008,SWIFT,3025.16,EUR,**************9687,SG,41
3eb13b90-4668-5257-bdd6-40fb06671ad1,2026-07-14T16:11:01.199,validation,OK,pacs.008,SWIFT,3025.16,EUR,**************9687,SG,120
3eb13b90-4668-5257-bdd6-40fb06671ad1,2026-07-14T16:11:01.271,aml,TIMEOUT,pacs.008,SWIFT,3025.16,EUR,**************9687,SG,30000
3eb13b90-4668-5257-bdd6-40fb06671ad1,2026-07-14T16:11:01.345,payment-hub,FAILED,pacs.008,SWIFT,3025.16,EUR,**************9687,SG,46
3eb13b90-4668-5257-bdd6-40fb06671ad1,2026-07-06T08:16:04.558,gateway,OK,pacs.008,SWIFT,478.2,SGD,**************0887,MY,41
3eb13b90-4668-5257-bdd6-40fb06671ad1,2026-07-06T08:16:04.717,auth,OK,pacs.008,SWIFT,478.2,SGD,**************0887,MY,71
3eb13b90-4668-5257-bdd6-40fb06671ad1,2026-07-06T08:16:04.772,validation,OK,pacs.008,SWIFT,478.2,SGD,**************0887,MY,96
3eb13b90-4668-5257-bdd6-40fb06671ad1,2026-07-06T08:16:04.868,aml,OK,pacs.008,SWIFT,478.2,SGD,**************0887,MY,88
3eb13b90-4668-5257-bdd6-40fb06671ad1,2026-07-06T08:16:05.074,payment-hub,OK,pacs.008,SWIFT,478.2,SGD,**************0887,MY,87
3eb13b90-4668-5257-bdd6-40fb06671ad1,2026-07-06T08:16:05.145,core-banking,OK,pacs.008,SWIFT,478.2,SGD,**************0887,MY,249
3eb13b90-4668-5257-bdd6-40fb06671ad1,2026-07-06T08:16:05.234,settlement,SETTLED,pacs.008,SWIFT,478.2,SGD,**************0887,MY,158
3eb13b90-4668-5257-bdd6-40fb06671ad1,2026-07-06T05:31:43.086,gateway,OK,pacs.008,FAST,313.57,MYR,**************6758,SG,40
3eb13b90-4668-5257-bdd6-40fb06671ad1,2026-07-06T05:31:43.176,auth,OK,pacs.008,FAST,313.57,MYR,**************6758,SG,79
3eb13b90-4668-5257-bdd6-40fb06671ad1,2026-07-06T05:31:43.244,validation,OK,pacs.008,FAST,313.57,MYR,**************6758,SG,25
3eb13b90-4668-5257-bdd6-40fb06671ad1,2026-07-06T05:31:43.304,aml,OK,pacs.008,FAST,313.57,MYR,**************6758,SG,114
3eb13b90-4668-5257-bdd6-40fb06671ad1,2026-07-06T05:31:43.425,payment-hub,OK,pacs.008,FAST,313.57,MYR,**************6758,SG,150
3eb13b90-4668-5257-bdd6-40fb06671ad1,2026-07-06T05:31:43.645,core-banking,OK,pacs.008,FAST,313.57,MYR,**************6758,SG,215
3eb13b90-4668-5257-bdd6-40fb06671ad1,2026-07-06T05:31:43.723,settlement,SETTLED,pacs.008,FAST,313.57,MYR,**************6758,SG,80
3eb13b90-4668-5257-bdd6-40fb06671ad1,2026-07-08T14:02:34.733,gateway,OK,pacs.008,SWIFT,194.82,EUR,**************3687,SG,32
3eb13b90-4668-5257-bdd6-40fb06671ad1,2026-07-08T14:02:34.818,auth,OK,pacs.008,SWIFT,194.82,EUR,**************3687,SG,24
3eb13b90-4668-5257-bdd6-40fb06671ad1,2026-07-08T14:02:34.906,validation,OK,pacs.008,SWIFT,194.82,EUR,**************3687,SG,106
3eb13b90-4668-5257-bdd6-40fb06671ad1,2026-07-08T14:02:34.978,aml,TIMEOUT,pacs.008,SWIFT,194.82,EUR,**************3687,SG,30000
3eb13b90-4668-5257-bdd6-40fb06671ad1,2026-07-08T14:02:35.128,payment-hub,FAILED,pacs.008,SWIFT,194.82,EUR,**************3687,SG,91
3eb13b90-4668-5257-bdd6-40fb06671ad1,2026-07-03T17:34:10.833,gateway,OK,0200,FAST,539.54,SGD,**************9788,SG,33
3eb13b90-4668-5257-bdd6-40fb06671ad1,2026-07-03T17:34:10.880,auth,OK,0200,FAST,539.54,SGD,**************9788,SG,39
3eb13b90-4668-5257-bdd6-40fb06671ad1,2026-07-03T17:34:10.973,validation,OK,0200,FAST,539.54,SGD,**************9788,SG,39
3eb13b90-4668-5257-bdd6-40fb06671ad1,2026-07-03T17:34:11.047,aml,OK,0200,FAST,539.54,SGD,**************9788,SG,270
3eb13b90-4668-5257-bdd6-40fb06671ad1,2026-07-03T17:34:11.116,payment-hub,OK,0200,FAST,539.54,SGD,**************9788,SG,89
3eb13b90-4668-5257-bdd6-40fb06671ad1,2026-07-03T17:34:11.223,core-banking,OK,0200,FAST,539.54,SGD,**************9788,SG,63
3eb13b90-4668-5257-bdd6-40fb06671ad1,2026-07-03T17:34:11.355,settlement,SETTLED,0200,FAST,539.54,SGD,**************9788,SG,80
3eb13b90-4668-5257-bdd6-40fb06671ad1,2026-07-05T04:59:20.594,gateway,OK,MT103,SWIFT,49.65,SGD,**************6575,IN,39
3eb13b90-4668-5257-bdd6-40fb06671ad1,2026-07-05T04:59:20.664,auth,OK,MT103,SWIFT,49.65,SGD,**************6575,IN,86
3eb13b90-4668-5257-bdd6-40fb06671ad1,2026-07-05T04:59:20.721,validation,OK,MT103,SWIFT,49.65,SGD,**************6575,IN,79
3eb13b90-4668-5257-bdd6-40fb06671ad1,2026-07-05T04:59:20.928,aml,TIMEOUT,MT103,SWIFT,49.65,SGD,**************6575,IN,30000
3eb13b90-4668-5257-bdd6-40fb06671ad1,2026-07-05T04:59:21.018,payment-hub,FAILED,MT103,SWIFT,49.65,SGD,**************6575,IN,79
3eb13b90-4668-5257-bdd6-40fb06671ad1,2026-07-09T13:27:48.265,gateway,OK,pacs.008,FAST,2978.18,EUR,**************7535,SG,19
3eb13b90-4668-5257-bdd6-40fb06671ad1,2026-07-09T13:27:48.351,auth,OK,pacs.008,FAST,2978.18,EUR,**************7535,SG,34
3eb13b90-4668-5257-bdd6-40fb06671ad1,2026-07-09T13:27:48.475,validation,OK,pacs.008,FAST,2978.18,EUR,**************7535,SG,50
3eb13b90-4668-5257-bdd6-40fb06671ad1,2026-07-09T13:27:48.545,aml,TIMEOUT,pacs.008,FAST,2978.18,EUR,**************7535,SG,30000
3eb13b90-4668-5257-bdd6-40fb06671ad1,2026-07-09T13:27:48.633,payment-hub,FAILED,pacs.008,FAST,2978.18,EUR,**************7535,SG,89
3eb13b90-4668-5257-bdd6-40fb06671ad1,2026-07-01T11:46:31.069,gateway,OK,pacs.008,SWIFT,716.3,SGD,**************5654,MY,20
3eb13b90-4668-5257-bdd6-40fb06671ad1,2026-07-01T11:46:31.177,auth,OK,pacs.008,SWIFT,716.3,SGD,**************5654,MY,63
3eb13b90-4668-5257-bdd6-40fb06671ad1,2026-07-01T11:46:31.362,validation,OK,pacs.008,SWIFT,716.3,SGD,**************5654,MY,37
3eb13b90-4668-5257-bdd6-40fb06671ad1,2026-07-01T11:47:01.383,aml,OK,pacs.008,SWIFT,716.3,SGD,**************5654,MY,145
3eb13b90-4668-5257-bdd6-40fb06671ad1,2026-07-01T11:47:01.536,payment-hub,OK,pacs.008,SWIFT,716.3,SGD,**************5654,MY,81
3eb13b90-4668-5257-bdd6-40fb06671ad1,2026-07-01T11:47:01.679,core-banking,OK,pacs.008,SWIFT,716.3,SGD,**************5654,MY,111
3eb13b90-4668-5257-bdd6-40fb06671ad1,2026-07-01T11:47:01.776,settlement,SETTLED,pacs.008,SWIFT,716.3,SGD,**************5654,MY,93
3eb13b90-4668-5257-bdd6-40fb06671ad1,2026-07-09T23:07:39.719,gateway,OK,pacs.008,SWIFT,728.76,USD,**************4764,SG,49
3eb13b90-4668-5257-bdd6-40fb06671ad1,2026-07-09T23:07:39.790,auth,OK,pacs.008,SWIFT,728.76,USD,**************4764,SG,74
3eb13b90-4668-5257-bdd6-40fb06671ad1,2026-07-09T23:07:39.854,validation,OK,pacs.008,SWIFT,728.76,USD,**************4764,SG,116
3eb13b90-4668-5257-bdd6-40fb06671ad1,2026-07-09T23:07:40.027,aml,OK,pacs.008,SWIFT,728.76,USD,**************4764,SG,258
3eb13b90-4668-5257-bdd6-40fb06671ad1,2026-07-09T23:07:40.134,payment-hub,OK,pacs.008,SWIFT,728.76,USD,**************4764,SG,42
3eb13b90-4668-5257-bdd6-40fb06671ad1,2026-07-09T23:07:40.173,core-banking,OK,pacs.008,SWIFT,728.76,USD,**************4764,SG,202
3eb13b90-4668-5257-bdd6-40fb06671ad1,2026-07-09T23:07:40.263,settlement,SETTLED,pacs.008,SWIFT,728.76,USD,**************4764,SG,119
3eb13b90-4668-5257-bdd6-40fb06671ad1,2026-07-06T05:28:31.714,gateway,OK,pacs.008,SWIFT,255.14,INR,**************9069,SG,47
3eb13b90-4668-5257-bdd6-40fb06671ad1,2026-07-06T05:28:31.940,auth,OK,pacs.008,SWIFT,255.14,INR,**************9069,SG,83
3eb13b90-4668-5257-bdd6-40fb06671ad1,2026-07-06T05:28:32.046,validation,OK,pacs.008,SWIFT,255.14,INR,**************9069,SG,104
3eb13b90-4668-5257-bdd6-40fb06671ad1,2026-07-06T05:28:32.205,aml,OK,pacs.008,SWIFT,255.14,INR,**************9069,SG,128
3eb13b90-4668-5257-bdd6-40fb06671ad1,2026-07-06T05:28:32.318,payment-hub,OK,pacs.008,SWIFT,255.14,INR,**************9069,SG,75
3eb13b90-4668-5257-bdd6-40fb06671ad1,2026-07-06T05:28:32.381,core-banking,OK,pacs.008,SWIFT,255.14,INR,**************9069,SG,167
3eb13b90-4668-5257-bdd6-40fb06671ad1,2026-07-06T05:28:32.446,settlement,SETTLED,pacs.008,SWIFT,255.14,INR,**************9069,SG,102
3eb13b90-4668-5257-bdd6-40fb06671ad1,2026-07-03T12:21:22.541,gateway,OK,MT103,FAST,2536.97,SGD,**************0560,SG,52
3eb13b90-4668-5257-bdd6-40fb06671ad1,2026-07-03T12:21:22.617,auth,OK,MT103,FAST,2536.97,SGD,**************0560,SG,77
3eb13b90-4668-5257-bdd6-40fb06671ad1,2026-07-03T12:21:22.688,validation,OK,MT103,FAST,2536.97,SGD,**************0560,SG,59
3eb13b90-4668-5257-bdd6-40fb06671ad1,2026-07-03T12:21:22.726,aml,OK,MT103,FAST,2536.97,SGD,**************0560,SG,51
3eb13b90-4668-5257-bdd6-40fb06671ad1,2026-07-03T12:21:22.833,payment-hub,OK,MT103,FAST,2536.97,SGD,**************0560,SG,113
3eb13b90-4668-5257-bdd6-40fb06671ad1,2026-07-03T12:21:22.926,core-banking,OK,MT103,FAST,2536.97,SGD,**************0560,SG,132
3eb13b90-4668-5257-bdd6-40fb06671ad1,2026-07-03T12:21:23.007,settlement,SETTLED,MT103,FAST,2536.97,SGD,**************0560,SG,281
3eb13b90-4668-5257-bdd6-40fb06671ad1,2026-07-12T23:39:14.218,gateway,OK,pacs.008,FAST,2309.5,SGD,**************1949,SG,18
3eb13b90-4668-5257-bdd6-40fb06671ad1,2026-07-12T23:39:14.317,auth,OK,pacs.008,FAST,2309.5,SGD,**************1949,SG,90
3eb13b90-4668-5257-bdd6-40fb06671ad1,2026-07-12T23:39:14.392,validation,OK,pacs.008,FAST,2309.5,SGD,**************1949,SG,113
3eb13b90-4668-5257-bdd6-40fb06671ad1,2026-07-12T23:39:14.529,aml,OK,pacs.008,FAST,2309.5,SGD,**************1949,SG,221
3eb13b90-4668-5257-bdd6-40fb06671ad1,2026-07-12T23:39:14.602,payment-hub,OK,pacs.008,FAST,2309.5,SGD,**************1949,SG,37
3eb13b90-4668-5257-bdd6-40fb06671ad1,2026-07-12T23:39:14.851,core-banking,OK,pacs.008,FAST,2309.5,SGD,**************1949,SG,182
3eb13b90-4668-5257-bdd6-40fb06671ad1,2026-07-12T23:39:14.924,settlement,SETTLED,pacs.008,FAST,2309.5,SGD,**************1949,SG,325
3eb13b90-4668-5257-bdd6-40fb06671ad1,2026-07-06T14:43:03.653,gateway,OK,pacs.008,SWIFT,359.57,SGD,**************0065,MY,32
3eb13b90-4668-5257-bdd6-40fb06671ad1,2026-07-06T14:43:03.685,auth,OK,pacs.008,SWIFT,359.57,SGD,**************0065,MY,71
3eb13b90-4668-5257-bdd6-40fb06671ad1,2026-07-06T14:43:03.862,validation,OK,pacs.008,SWIFT,359.57,SGD,**************0065,MY,106
3eb13b90-4668-5257-bdd6-40fb06671ad1,2026-07-06T14:43:03.930,aml,OK,pacs.008,SWIFT,359.57,SGD,**************0065,MY,259
3eb13b90-4668-5257-bdd6-40fb06671ad1,2026-07-06T14:43:04.167,payment-hub,OK,pacs.008,SWIFT,359.57,SGD,**************0065,MY,76
3eb13b90-4668-5257-bdd6-40fb06671ad1,2026-07-06T14:43:04.343,core-banking,OK,pacs.008,SWIFT,359.57,SGD,**************0065,MY,184
3eb13b90-4668-5257-bdd6-40fb06671ad1,2026-07-06T14:43:04.452,settlement,SETTLED,pacs.008,SWIFT,359.57,SGD,**************0065,MY,219
3eb13b90-4668-5257-bdd6-40fb06671ad1,2026-07-03T04:01:55.382,gateway,OK,pacs.008,FAST,168.1,SGD,**************9913,SG,18
3eb13b90-4668-5257-bdd6-40fb06671ad1,2026-07-03T04:01:55.475,auth,OK,pacs.008,FAST,168.1,SGD,**************9913,SG,60
3eb13b90-4668-5257-bdd6-40fb06671ad1,2026-07-03T04:01:55.558,validation,OK,pacs.008,FAST,168.1,SGD,**************9913,SG,25
3eb13b90-4668-5257-bdd6-40fb06671ad1,2026-07-03T04:01:55.641,aml,OK,pacs.008,FAST,168.1,SGD,**************9913,SG,298
3eb13b90-4668-5257-bdd6-40fb06671ad1,2026-07-03T04:01:55.715,payment-hub,OK,pacs.008,FAST,168.1,SGD,**************9913,SG,76
3eb13b90-4668-5257-bdd6-40fb06671ad1,2026-07-03T04:01:55.790,core-banking,OK,pacs.008,FAST,168.1,SGD,**************9913,SG,107
3eb13b90-4668-5257-bdd6-40fb06671ad1,2026-07-03T04:01:55.860,settlement,SETTLED,pacs.008,FAST,168.1,SGD,**************9913,SG,294
3eb13b90-4668-5257-bdd6-40fb06671ad1,2026-07-09T01:03:22.088,gateway,OK,pacs.008,FAST,2677.16,SGD,**************3358,SG,47
3eb13b90-4668-5257-bdd6-40fb06671ad1,2026-07-09T01:03:52.117,auth,OK,pacs.008,FAST,2677.16,SGD,**************3358,SG,44
3eb13b90-4668-5257-bdd6-40fb06671ad1,2026-07-09T01:04:22.122,validation,OK,pacs.008,FAST,2677.16,SGD,**************3358,SG,38
3eb13b90-4668-5257-bdd6-40fb06671ad1,2026-07-09T01:04:22.201,aml,OK,pacs.008,FAST,2677.16,SGD,**************3358,SG,145
3eb13b90-4668-5257-bdd6-40fb06671ad1,2026-07-09T01:04:22.304,payment-hub,OK,pacs.008,FAST,2677.16,SGD,**************3358,SG,51
3eb13b90-4668-5257-bdd6-40fb06671ad1,2026-07-09T01:04:22.497,core-banking,OK,pacs.008,FAST,2677.16,SGD,**************3358,SG,221
3eb13b90-4668-5257-bdd6-40fb06671ad1,2026-07-09T01:04:22.573,settlement,SETTLED,pacs.008,FAST,2677.16,SGD,**************3358,SG,146
3eb13b90-4668-5257-bdd6-40fb06671ad1,2026-07-05T15:50:00.664,gateway,OK,MT103,FAST,1385.01,SGD,**************9472,IN,54
3eb13b90-4668-5257-bdd6-40fb06671ad1,2026-07-05T15:50:00.710,auth,OK,MT103,FAST,1385.01,SGD,**************9472,IN,73
3eb13b90-4668-5257-bdd6-40fb06671ad1,2026-07-05T15:50:00.796,validation,OK,MT103,FAST,1385.01,SGD,**************9472,IN,51
3eb13b90-4668-5257-bdd6-40fb06671ad1,2026-07-05T15:50:00.939,aml,OK,MT103,FAST,1385.01,SGD,**************9472,IN,175
3eb13b90-4668-5257-bdd6-40fb06671ad1,2026-07-05T15:50:01.059,payment-hub,OK,MT103,FAST,1385.01,SGD,**************9472,IN,102
3eb13b90-4668-5257-bdd6-40fb06671ad1,2026-07-05T15:50:01.172,core-banking,OK,MT103,FAST,1385.01,SGD,**************9472,IN,222
3eb13b90-4668-5257-bdd6-40fb06671ad1,2026-07-05T15:50:01.350,settlement,SETTLED,MT103,FAST,1385.01,SGD,**************9472,IN,335
3eb13b90-4668-5257-bdd6-40fb06671ad1,2026-07-13T13:19:15.516,gateway,OK,pacs.008,FAST,207.69,MYR,**************1034,MY,44
3eb13b90-4668-5257-bdd6-40fb06671ad1,2026-07-13T13:19:15.566,auth,OK,pacs.008,FAST,207.69,MYR,**************1034,MY,75
3eb13b90-4668-5257-bdd6-40fb06671ad1,2026-07-13T13:19:15.672,validation,OK,pacs.008,FAST,207.69,MYR,**************1034,MY,89
3eb13b90-4668-5257-bdd6-40fb06671ad1,2026-07-13T13:19:15.854,aml,OK,pacs.008,FAST,207.69,MYR,**************1034,MY,144
3eb13b90-4668-5257-bdd6-40fb06671ad1,2026-07-13T13:19:15.915,payment-hub,OK,pacs.008,FAST,207.69,MYR,**************1034,MY,59
3eb13b90-4668-5257-bdd6-40fb06671ad1,2026-07-13T13:19:16.038,core-banking,OK,pacs.008,FAST,207.69,MYR,**************1034,MY,246
3eb13b90-4668-5257-bdd6-40fb06671ad1,2026-07-13T13:19:16.150,settlement,SETTLED,pacs.008,FAST,207.69,MYR,**************1034,MY,234
3eb13b90-4668-5257-bdd6-40fb06671ad1,2026-07-03T09:35:54.622,gateway,OK,MT103,FAST,619.08,SGD,**************3590,MY,59
3eb13b90-4668-5257-bdd6-40fb06671ad1,2026-07-03T09:35:54.751,auth,OK,MT103,FAST,619.08,SGD,**************3590,MY,27
3eb13b90-4668-5257-bdd6-40fb06671ad1,2026-07-03T09:35:54.834,validation,OK,MT103,FAST,619.08,SGD,**************3590,MY,116
3eb13b90-4668-5257-bdd6-40fb06671ad1,2026-07-03T09:35:54.931,aml,OK,MT103,FAST,619.08,SGD,**************3590,MY,95
3eb13b90-4668-5257-bdd6-40fb06671ad1,2026-07-03T09:35:55.036,payment-hub,OK,MT103,FAST,619.08,SGD,**************3590,MY,95
3eb13b90-4668-5257-bdd6-40fb06671ad1,2026-07-03T09:35:55.074,core-banking,OK,MT103,FAST,619.08,SGD,**************3590,MY,240
3eb13b90-4668-5257-bdd6-40fb06671ad1,2026-07-03T09:35:55.144,settlement,SETTLED,MT103,FAST,619.08,SGD,**************3590,MY,251
3eb13b90-4668-5257-bdd6-40fb06671ad1,2026-07-12T16:22:10.273,gateway,OK,pacs.008,FAST,113.8,SGD,**************3646,SG,38
3eb13b90-4668-5257-bdd6-40fb06671ad1,2026-07-12T16:22:10.432,auth,OK,pacs.008,FAST,113.8,SGD,**************3646,SG,64
3eb13b90-4668-5257-bdd6-40fb06671ad1,2026-07-12T16:22:10.476,validation,OK,pacs.008,FAST,113.8,SGD,**************3646,SG,106
3eb13b90-4668-5257-bdd6-40fb06671ad1,2026-07-12T16:22:10.609,aml,OK,pacs.008,FAST,113.8,SGD,**************3646,SG,189
3eb13b90-4668-5257-bdd6-40fb06671ad1,2026-07-12T16:22:10.681,payment-hub,OK,pacs.008,FAST,113.8,SGD,**************3646,SG,95
3eb13b90-4668-5257-bdd6-40fb06671ad1,2026-07-12T16:22:10.710,core-banking,OK,pacs.008,FAST,113.8,SGD,**************3646,SG,244
3eb13b90-4668-5257-bdd6-40fb06671ad1,2026-07-12T16:22:10.883,settlement,SETTLED,pacs.008,FAST,113.8,SGD,**************3646,SG,207
3eb13b90-4668-5257-bdd6-40fb06671ad1,2026-07-15T04:14:06.462,gateway,OK,pacs.008,CARDS,368.95,EUR,**************3881,MY,37
3eb13b90-4668-5257-bdd6-40fb06671ad1,2026-07-15T04:14:06.495,auth,OK,pacs.008,CARDS,368.95,EUR,**************3881,MY,29
3eb13b90-4668-5257-bdd6-40fb06671ad1,2026-07-15T04:14:06.560,validation,OK,pacs.008,CARDS,368.95,EUR,**************3881,MY,106
3eb13b90-4668-5257-bdd6-40fb06671ad1,2026-07-15T04:14:06.644,aml,OK,pacs.008,CARDS,368.95,EUR,**************3881,MY,74
3eb13b90-4668-5257-bdd6-40fb06671ad1,2026-07-15T04:14:06.670,payment-hub,OK,pacs.008,CARDS,368.95,EUR,**************3881,MY,104
3eb13b90-4668-5257-bdd6-40fb06671ad1,2026-07-15T04:14:06.770,core-banking,OK,pacs.008,CARDS,368.95,EUR,**************3881,MY,95
3eb13b90-4668-5257-bdd6-40fb06671ad1,2026-07-15T04:14:06.895,settlement,SETTLED,pacs.008,CARDS,368.95,EUR,**************3881,MY,218
3eb13b90-4668-5257-bdd6-40fb06671ad1,2026-07-15T07:02:15.547,gateway,OK,0200,FAST,261.23,SGD,**************8246,SG,59
3eb13b90-4668-5257-bdd6-40fb06671ad1,2026-07-15T07:02:15.615,auth,OK,0200,FAST,261.23,SGD,**************8246,SG,48
3eb13b90-4668-5257-bdd6-40fb06671ad1,2026-07-15T07:02:15.699,validation,OK,0200,FAST,261.23,SGD,**************8246,SG,66
3eb13b90-4668-5257-bdd6-40fb06671ad1,2026-07-15T07:02:15.820,aml,OK,0200,FAST,261.23,SGD,**************8246,SG,228
3eb13b90-4668-5257-bdd6-40fb06671ad1,2026-07-15T07:02:15.925,payment-hub,OK,0200,FAST,261.23,SGD,**************8246,SG,129
3eb13b90-4668-5257-bdd6-40fb06671ad1,2026-07-15T07:02:45.936,core-banking,OK,0200,FAST,261.23,SGD,**************8246,SG,159
3eb13b90-4668-5257-bdd6-40fb06671ad1,2026-07-15T07:02:46.190,settlement,SETTLED,0200,FAST,261.23,SGD,**************8246,SG,117
3eb13b90-4668-5257-bdd6-40fb06671ad1,2026-07-03T23:10:59.848,gateway,OK,pacs.008,FAST,242.2,SGD,**************9347,SG,50
3eb13b90-4668-5257-bdd6-40fb06671ad1,2026-07-03T23:11:00.064,auth,OK,pacs.008,FAST,242.2,SGD,**************9347,SG,38
3eb13b90-4668-5257-bdd6-40fb06671ad1,2026-07-03T23:11:00.199,validation,OK,pacs.008,FAST,242.2,SGD,**************9347,SG,82
3eb13b90-4668-5257-bdd6-40fb06671ad1,2026-07-03T23:11:00.491,aml,OK,pacs.008,FAST,242.2,SGD,**************9347,SG,181
3eb13b90-4668-5257-bdd6-40fb06671ad1,2026-07-03T23:11:00.611,payment-hub,OK,pacs.008,FAST,242.2,SGD,**************9347,SG,146
3eb13b90-4668-5257-bdd6-40fb06671ad1,2026-07-03T23:11:00.647,core-banking,OK,pacs.008,FAST,242.2,SGD,**************9347,SG,115
3eb13b90-4668-5257-bdd6-40fb06671ad1,2026-07-03T23:11:00.733,settlement,SETTLED,pacs.008,FAST,242.2,SGD,**************9347,SG,185
3eb13b90-4668-5257-bdd6-40fb06671ad1,2026-07-13T16:40:42.638,gateway,OK,MT103,FAST,163.31,SGD,**************4340,SG,15
3eb13b90-4668-5257-bdd6-40fb06671ad1,2026-07-13T16:40:42.690,auth,OK,MT103,FAST,163.31,SGD,**************4340,SG,30
3eb13b90-4668-5257-bdd6-40fb06671ad1,2026-07-13T16:40:42.737,validation,OK,MT103,FAST,163.31,SGD,**************4340,SG,36
3eb13b90-4668-5257-bdd6-40fb06671ad1,2026-07-13T16:40:42.781,aml,OK,MT103,FAST,163.31,SGD,**************4340,SG,113
3eb13b90-4668-5257-bdd6-40fb06671ad1,2026-07-13T16:40:43.006,payment-hub,OK,MT103,FAST,163.31,SGD,**************4340,SG,110
3eb13b90-4668-5257-bdd6-40fb06671ad1,2026-07-13T16:40:43.095,core-banking,OK,MT103,FAST,163.31,SGD,**************4340,SG,230
3eb13b90-4668-5257-bdd6-40fb06671ad1,2026-07-13T16:40:43.285,settlement,SETTLED,MT103,FAST,163.31,SGD,**************4340,SG,369
3eb13b90-4668-5257-bdd6-40fb06671ad1,2026-07-02T22:53:07.214,gateway,OK,MT103,SWIFT,561.03,SGD,**************6599,IN,47
3eb13b90-4668-5257-bdd6-40fb06671ad1,2026-07-02T22:53:07.392,auth,OK,MT103,SWIFT,561.03,SGD,**************6599,IN,53
3eb13b90-4668-5257-bdd6-40fb06671ad1,2026-07-02T22:53:07.503,validation,OK,MT103,SWIFT,561.03,SGD,**************6599,IN,40
3eb13b90-4668-5257-bdd6-40fb06671ad1,2026-07-02T22:53:07.807,aml,TIMEOUT,MT103,SWIFT,561.03,SGD,**************6599,IN,30000
3eb13b90-4668-5257-bdd6-40fb06671ad1,2026-07-02T22:53:07.927,payment-hub,FAILED,MT103,SWIFT,561.03,SGD,**************6599,IN,77
3eb13b90-4668-5257-bdd6-40fb06671ad1,2026-07-02T05:36:53.396,gateway,OK,MT103,FAST,1085.17,USD,**************2396,GB,48
3eb13b90-4668-5257-bdd6-40fb06671ad1,2026-07-02T05:36:53.544,auth,OK,MT103,FAST,1085.17,USD,**************2396,GB,66
3eb13b90-4668-5257-bdd6-40fb06671ad1,2026-07-02T05:36:53.656,validation,OK,MT103,FAST,1085.17,USD,**************2396,GB,88
3eb13b90-4668-5257-bdd6-40fb06671ad1,2026-07-02T05:36:53.749,aml,OK,MT103,FAST,1085.17,USD,**************2396,GB,289
3eb13b90-4668-5257-bdd6-40fb06671ad1,2026-07-02T05:36:53.834,payment-hub,OK,MT103,FAST,1085.17,USD,**************2396,GB,82
3eb13b90-4668-5257-bdd6-40fb06671ad1,2026-07-02T05:36:53.960,core-banking,OK,MT103,FAST,1085.17,USD,**************2396,GB,86
3eb13b90-4668-5257-bdd6-40fb06671ad1,2026-07-02T05:36:54.072,settlement,SETTLED,MT103,FAST,1085.17,USD,**************2396,GB,377
3eb13b90-4668-5257-bdd6-40fb06671ad1,2026-07-10T15:38:48.862,gateway,OK,pacs.008,CARDS,2970.78,SGD,**************9672,SG,22
3eb13b90-4668-5257-bdd6-40fb06671ad1,2026-07-10T15:38:48.887,auth,OK,pacs.008,CARDS,2970.78,SGD,**************9672,SG,39
3eb13b90-4668-5257-bdd6-40fb06671ad1,2026-07-10T15:38:48.977,validation,OK,pacs.008,CARDS,2970.78,SGD,**************9672,SG,120
3eb13b90-4668-5257-bdd6-40fb06671ad1,2026-07-10T15:38:49.062,aml,OK,pacs.008,CARDS,2970.78,SGD,**************9672,SG,264
3eb13b90-4668-5257-bdd6-40fb06671ad1,2026-07-10T15:38:49.154,payment-hub,OK,pacs.008,CARDS,2970.78,SGD,**************9672,SG,42
3eb13b90-4668-5257-bdd6-40fb06671ad1,2026-07-10T15:38:49.273,core-banking,OK,pacs.008,CARDS,2970.78,SGD,**************9672,SG,167
3eb13b90-4668-5257-bdd6-40fb06671ad1,2026-07-10T15:38:49.456,settlement,SETTLED,pacs.008,CARDS,2970.78,SGD,**************9672,SG,361
3eb13b90-4668-5257-bdd6-40fb06671ad1,2026-07-12T11:11:57.045,gateway,OK,MT103,FAST,719.76,EUR,**************4970,US,51
3eb13b90-4668-5257-bdd6-40fb06671ad1,2026-07-12T11:11:57.283,auth,OK,MT103,FAST,719.76,EUR,**************4970,US,44
3eb13b90-4668-5257-bdd6-40fb06671ad1,2026-07-12T11:11:57.367,validation,OK,MT103,FAST,719.76,EUR,**************4970,US,93
3eb13b90-4668-5257-bdd6-40fb06671ad1,2026-07-12T11:11:57.540,aml,OK,MT103,FAST,719.76,EUR,**************4970,US,108
3eb13b90-4668-5257-bdd6-40fb06671ad1,2026-07-12T11:11:57.688,payment-hub,OK,MT103,FAST,719.76,EUR,**************4970,US,70
3eb13b90-4668-5257-bdd6-40fb06671ad1,2026-07-12T11:11:57.742,core-banking,OK,MT103,FAST,719.76,EUR,**************4970,US,147
3eb13b90-4668-5257-bdd6-40fb06671ad1,2026-07-12T11:11:57.826,settlement,SETTLED,MT103,FAST,719.76,EUR,**************4970,US,308
3eb13b90-4668-5257-bdd6-40fb06671ad1,2026-07-13T14:09:25.604,gateway,OK,pacs.008,FAST,1085.77,SGD,**************1571,US,41
3eb13b90-4668-5257-bdd6-40fb06671ad1,2026-07-13T14:09:25.908,auth,OK,pacs.008,FAST,1085.77,SGD,**************1571,US,82
3eb13b90-4668-5257-bdd6-40fb06671ad1,2026-07-13T14:09:25.996,validation,REJECTED,pacs.008,FAST,1085.77,SGD,**************1571,US,78
3eb13b90-4668-5257-bdd6-40fb06671ad1,2026-07-04T18:25:42.559,gateway,OK,0200,FAST,84.1,SGD,**************9890,SG,24
3eb13b90-4668-5257-bdd6-40fb06671ad1,2026-07-04T18:25:42.643,auth,OK,0200,FAST,84.1,SGD,**************9890,SG,74
3eb13b90-4668-5257-bdd6-40fb06671ad1,2026-07-04T18:25:42.777,validation,OK,0200,FAST,84.1,SGD,**************9890,SG,79
3eb13b90-4668-5257-bdd6-40fb06671ad1,2026-07-04T18:25:42.909,aml,OK,0200,FAST,84.1,SGD,**************9890,SG,241
3eb13b90-4668-5257-bdd6-40fb06671ad1,2026-07-04T18:25:42.982,payment-hub,OK,0200,FAST,84.1,SGD,**************9890,SG,42
3eb13b90-4668-5257-bdd6-40fb06671ad1,2026-07-04T18:25:43.109,core-banking,OK,0200,FAST,84.1,SGD,**************9890,SG,224
3eb13b90-4668-5257-bdd6-40fb06671ad1,2026-07-04T18:25:43.214,settlement,SETTLED,0200,FAST,84.1,SGD,**************9890,SG,135
3eb13b90-4668-5257-bdd6-40fb06671ad1,2026-07-07T16:11:14.433,gateway,OK,pacs.008,FAST,601.28,SGD,**************2761,SG,50
3eb13b90-4668-5257-bdd6-40fb06671ad1,2026-07-07T16:11:14.569,auth,OK,pacs.008,FAST,601.28,SGD,**************2761,SG,33
3eb13b90-4668-5257-bdd6-40fb06671ad1,2026-07-07T16:11:14.625,validation,OK,pacs.008,FAST,601.28,SGD,**************2761,SG,88
3eb13b90-4668-5257-bdd6-40fb06671ad1,2026-07-07T16:11:14.693,aml,OK,pacs.008,FAST,601.28,SGD,**************2761,SG,248
3eb13b90-4668-5257-bdd6-40fb06671ad1,2026-07-07T16:11:14.757,payment-hub,OK,pacs.008,FAST,601.28,SGD,**************2761,SG,86
3eb13b90-4668-5257-bdd6-40fb06671ad1,2026-07-07T16:11:14.896,core-banking,OK,pacs.008,FAST,601.28,SGD,**************2761,SG,233
3eb13b90-4668-5257-bdd6-40fb06671ad1,2026-07-07T16:11:14.988,settlement,SETTLED,pacs.008,FAST,601.28,SGD,**************2761,SG,185
3eb13b90-4668-5257-bdd6-40fb06671ad1,2026-07-07T10:49:47.994,gateway,OK,0200,SWIFT,2581.14,USD,**************4792,SG,29
3eb13b90-4668-5257-bdd6-40fb06671ad1,2026-07-07T10:49:48.238,auth,OK,0200,SWIFT,2581.14,USD,**************4792,SG,88
3eb13b90-4668-5257-bdd6-40fb06671ad1,2026-07-07T10:49:48.294,validation,OK,0200,SWIFT,2581.14,USD,**************4792,SG,53
3eb13b90-4668-5257-bdd6-40fb06671ad1,2026-07-07T10:49:48.375,aml,OK,0200,SWIFT,2581.14,USD,**************4792,SG,119
3eb13b90-4668-5257-bdd6-40fb06671ad1,2026-07-07T10:49:48.483,payment-hub,OK,0200,SWIFT,2581.14,USD,**************4792,SG,100
3eb13b90-4668-5257-bdd6-40fb06671ad1,2026-07-07T10:49:48.631,core-banking,OK,0200,SWIFT,2581.14,USD,**************4792,SG,98
3eb13b90-4668-5257-bdd6-40fb06671ad1,2026-07-07T10:49:48.748,settlement,SETTLED,0200,SWIFT,2581.14,USD,**************4792,SG,133
3eb13b90-4668-5257-bdd6-40fb06671ad1,2026-07-04T10:22:15.673,gateway,OK,pacs.008,SWIFT,212.23,USD,**************4845,IN,60
3eb13b90-4668-5257-bdd6-40fb06671ad1,2026-07-04T10:22:15.705,auth,OK,pacs.008,SWIFT,212.23,USD,**************4845,IN,67
3eb13b90-4668-5257-bdd6-40fb06671ad1,2026-07-04T10:22:15.755,validation,OK,pacs.008,SWIFT,212.23,USD,**************4845,IN,46
3eb13b90-4668-5257-bdd6-40fb06671ad1,2026-07-04T10:22:15.843,aml,OK,pacs.008,SWIFT,212.23,USD,**************4845,IN,196
3eb13b90-4668-5257-bdd6-40fb06671ad1,2026-07-04T10:22:15.961,payment-hub,OK,pacs.008,SWIFT,212.23,USD,**************4845,IN,67
3eb13b90-4668-5257-bdd6-40fb06671ad1,2026-07-04T10:22:16.105,core-banking,OK,pacs.008,SWIFT,212.23,USD,**************4845,IN,185
3eb13b90-4668-5257-bdd6-40fb06671ad1,2026-07-04T10:22:16.171,settlement,SETTLED,pacs.008,SWIFT,212.23,USD,**************4845,IN,231
3eb13b90-4668-5257-bdd6-40fb06671ad1,2026-07-02T19:35:44.728,gateway,OK,0200,FAST,1127.45,INR,**************1832,SG,60
3eb13b90-4668-5257-bdd6-40fb06671ad1,2026-07-02T19:35:45.000,auth,OK,0200,FAST,1127.45,INR,**************1832,SG,47
3eb13b90-4668-5257-bdd6-40fb06671ad1,2026-07-02T19:35:45.069,validation,OK,0200,FAST,1127.45,INR,**************1832,SG,43
3eb13b90-4668-5257-bdd6-40fb06671ad1,2026-07-02T19:35:45.170,aml,OK,0200,FAST,1127.45,INR,**************1832,SG,290
3eb13b90-4668-5257-bdd6-40fb06671ad1,2026-07-02T19:36:15.209,payment-hub,OK,0200,FAST,1127.45,INR,**************1832,SG,72
3eb13b90-4668-5257-bdd6-40fb06671ad1,2026-07-02T19:36:15.453,core-banking,OK,0200,FAST,1127.45,INR,**************1832,SG,89
3eb13b90-4668-5257-bdd6-40fb06671ad1,2026-07-02T19:36:15.716,settlement,SETTLED,0200,FAST,1127.45,INR,**************1832,SG,351
3eb13b90-4668-5257-bdd6-40fb06671ad1,2026-07-12T05:31:59.930,gateway,OK,pacs.008,SWIFT,241.73,USD,**************7500,IN,31
3eb13b90-4668-5257-bdd6-40fb06671ad1,2026-07-12T05:32:00.015,auth,OK,pacs.008,SWIFT,241.73,USD,**************7500,IN,76
3eb13b90-4668-5257-bdd6-40fb06671ad1,2026-07-12T05:32:00.132,validation,OK,pacs.008,SWIFT,241.73,USD,**************7500,IN,48
3eb13b90-4668-5257-bdd6-40fb06671ad1,2026-07-12T05:32:00.194,aml,OK,pacs.008,SWIFT,241.73,USD,**************7500,IN,289
3eb13b90-4668-5257-bdd6-40fb06671ad1,2026-07-12T05:32:00.291,payment-hub,OK,pacs.008,SWIFT,241.73,USD,**************7500,IN,102
3eb13b90-4668-5257-bdd6-40fb06671ad1,2026-07-12T05:32:00.391,core-banking,OK,pacs.008,SWIFT,241.73,USD,**************7500,IN,216
3eb13b90-4668-5257-bdd6-40fb06671ad1,2026-07-12T05:32:00.520,settlement,SETTLED,pacs.008,SWIFT,241.73,USD,**************7500,IN,98
3eb13b90-4668-5257-bdd6-40fb06671ad1,2026-07-13T09:52:49.887,gateway,OK,pacs.008,FAST,112.06,SGD,**************3631,HK,59
3eb13b90-4668-5257-bdd6-40fb06671ad1,2026-07-13T09:52:49.993,auth,OK,pacs.008,FAST,112.06,SGD,**************3631,HK,65
3eb13b90-4668-5257-bdd6-40fb06671ad1,2026-07-13T09:52:50.102,validation,OK,pacs.008,FAST,112.06,SGD,**************3631,HK,29
3eb13b90-4668-5257-bdd6-40fb06671ad1,2026-07-13T09:52:50.163,aml,OK,pacs.008,FAST,112.06,SGD,**************3631,HK,295
3eb13b90-4668-5257-bdd6-40fb06671ad1,2026-07-13T09:52:50.226,payment-hub,OK,pacs.008,FAST,112.06,SGD,**************3631,HK,140
3eb13b90-4668-5257-bdd6-40fb06671ad1,2026-07-13T09:52:50.397,core-banking,OK,pacs.008,FAST,112.06,SGD,**************3631,HK,77
3eb13b90-4668-5257-bdd6-40fb06671ad1,2026-07-13T09:52:50.479,settlement,SETTLED,pacs.008,FAST,112.06,SGD,**************3631,HK,289
3eb13b90-4668-5257-bdd6-40fb06671ad1,2026-07-08T04:07:01.801,gateway,OK,pacs.008,FAST,956.2,SGD,**************3554,SG,28
3eb13b90-4668-5257-bdd6-40fb06671ad1,2026-07-08T04:07:01.878,auth,OK,pacs.008,FAST,956.2,SGD,**************3554,SG,59
3eb13b90-4668-5257-bdd6-40fb06671ad1,2026-07-08T04:07:01.913,validation,OK,pacs.008,FAST,956.2,SGD,**************3554,SG,61
3eb13b90-4668-5257-bdd6-40fb06671ad1,2026-07-08T04:07:01.999,aml,OK,pacs.008,FAST,956.2,SGD,**************3554,SG,268
3eb13b90-4668-5257-bdd6-40fb06671ad1,2026-07-08T04:07:02.097,payment-hub,OK,pacs.008,FAST,956.2,SGD,**************3554,SG,97
3eb13b90-4668-5257-bdd6-40fb06671ad1,2026-07-08T04:07:02.253,core-banking,OK,pacs.008,FAST,956.2,SGD,**************3554,SG,130
3eb13b90-4668-5257-bdd6-40fb06671ad1,2026-07-08T04:07:02.351,settlement,SETTLED,pacs.008,FAST,956.2,SGD,**************3554,SG,243
3eb13b90-4668-5257-bdd6-40fb06671ad1,2026-07-07T19:07:21.660,gateway,OK,pacs.008,SWIFT,722.62,USD,**************1659,MY,19
3eb13b90-4668-5257-bdd6-40fb06671ad1,2026-07-07T19:07:21.782,auth,OK,pacs.008,SWIFT,722.62,USD,**************1659,MY,22
3eb13b90-4668-5257-bdd6-40fb06671ad1,2026-07-07T19:07:21.859,validation,OK,pacs.008,SWIFT,722.62,USD,**************1659,MY,95
3eb13b90-4668-5257-bdd6-40fb06671ad1,2026-07-07T19:07:21.982,aml,OK,pacs.008,SWIFT,722.62,USD,**************1659,MY,204
3eb13b90-4668-5257-bdd6-40fb06671ad1,2026-07-07T19:07:22.041,payment-hub,OK,pacs.008,SWIFT,722.62,USD,**************1659,MY,62
3eb13b90-4668-5257-bdd6-40fb06671ad1,2026-07-07T19:07:22.120,core-banking,OK,pacs.008,SWIFT,722.62,USD,**************1659,MY,208
3eb13b90-4668-5257-bdd6-40fb06671ad1,2026-07-07T19:07:22.164,settlement,SETTLED,pacs.008,SWIFT,722.62,USD,**************1659,MY,300
3eb13b90-4668-5257-bdd6-40fb06671ad1,2026-07-06T14:06:24.336,gateway,OK,pacs.008,FAST,5768.64,SGD,**************0104,SG,49
3eb13b90-4668-5257-bdd6-40fb06671ad1,2026-07-06T14:06:24.387,auth,OK,pacs.008,FAST,5768.64,SGD,**************0104,SG,29
3eb13b90-4668-5257-bdd6-40fb06671ad1,2026-07-06T14:06:24.663,validation,OK,pacs.008,FAST,5768.64,SGD,**************0104,SG,46
3eb13b90-4668-5257-bdd6-40fb06671ad1,2026-07-06T14:06:24.782,aml,OK,pacs.008,FAST,5768.64,SGD,**************0104,SG,268
3eb13b90-4668-5257-bdd6-40fb06671ad1,2026-07-06T14:06:24.827,payment-hub,OK,pacs.008,FAST,5768.64,SGD,**************0104,SG,111
3eb13b90-4668-5257-bdd6-40fb06671ad1,2026-07-06T14:06:24.952,core-banking,OK,pacs.008,FAST,5768.64,SGD,**************0104,SG,118
3eb13b90-4668-5257-bdd6-40fb06671ad1,2026-07-06T14:06:25.077,settlement,SETTLED,pacs.008,FAST,5768.64,SGD,**************0104,SG,217
3eb13b90-4668-5257-bdd6-40fb06671ad1,2026-07-09T07:09:08.927,gateway,OK,pacs.008,FAST,209.47,USD,**************8220,US,42
3eb13b90-4668-5257-bdd6-40fb06671ad1,2026-07-09T07:09:09.005,auth,OK,pacs.008,FAST,209.47,USD,**************8220,US,60
3eb13b90-4668-5257-bdd6-40fb06671ad1,2026-07-09T07:09:09.063,validation,OK,pacs.008,FAST,209.47,USD,**************8220,US,87
3eb13b90-4668-5257-bdd6-40fb06671ad1,2026-07-09T07:09:39.098,aml,OK,pacs.008,FAST,209.47,USD,**************8220,US,70
3eb13b90-4668-5257-bdd6-40fb06671ad1,2026-07-09T07:09:39.357,payment-hub,OK,pacs.008,FAST,209.47,USD,**************8220,US,50
3eb13b90-4668-5257-bdd6-40fb06671ad1,2026-07-09T07:09:39.415,core-banking,OK,pacs.008,FAST,209.47,USD,**************8220,US,142
3eb13b90-4668-5257-bdd6-40fb06671ad1,2026-07-09T07:09:39.488,settlement,SETTLED,pacs.008,FAST,209.47,USD,**************8220,US,252
3eb13b90-4668-5257-bdd6-40fb06671ad1,2026-07-10T23:04:15.899,gateway,OK,MT103,FAST,5293.91,SGD,**************4258,SG,35
3eb13b90-4668-5257-bdd6-40fb06671ad1,2026-07-10T23:04:16.004,auth,OK,MT103,FAST,5293.91,SGD,**************4258,SG,28
3eb13b90-4668-5257-bdd6-40fb06671ad1,2026-07-10T23:04:16.092,validation,OK,MT103,FAST,5293.91,SGD,**************4258,SG,56
3eb13b90-4668-5257-bdd6-40fb06671ad1,2026-07-10T23:04:16.203,aml,OK,MT103,FAST,5293.91,SGD,**************4258,SG,103
3eb13b90-4668-5257-bdd6-40fb06671ad1,2026-07-10T23:04:16.338,payment-hub,OK,MT103,FAST,5293.91,SGD,**************4258,SG,30
3eb13b90-4668-5257-bdd6-40fb06671ad1,2026-07-10T23:04:16.482,core-banking,OK,MT103,FAST,5293.91,SGD,**************4258,SG,143
3eb13b90-4668-5257-bdd6-40fb06671ad1,2026-07-10T23:04:16.550,settlement,SETTLED,MT103,FAST,5293.91,SGD,**************4258,SG,75
3eb13b90-4668-5257-bdd6-40fb06671ad1,2026-07-10T22:45:02.401,gateway,OK,pacs.008,FAST,135.23,USD,**************2510,SG,28
3eb13b90-4668-5257-bdd6-40fb06671ad1,2026-07-10T22:45:02.463,auth,OK,pacs.008,FAST,135.23,USD,**************2510,SG,23
3eb13b90-4668-5257-bdd6-40fb06671ad1,2026-07-10T22:45:02.534,validation,OK,pacs.008,FAST,135.23,USD,**************2510,SG,62
3eb13b90-4668-5257-bdd6-40fb06671ad1,2026-07-10T22:45:02.608,aml,OK,pacs.008,FAST,135.23,USD,**************2510,SG,272
3eb13b90-4668-5257-bdd6-40fb06671ad1,2026-07-10T22:45:02.714,payment-hub,OK,pacs.008,FAST,135.23,USD,**************2510,SG,105
3eb13b90-4668-5257-bdd6-40fb06671ad1,2026-07-10T22:45:02.875,core-banking,OK,pacs.008,FAST,135.23,USD,**************2510,SG,226
3eb13b90-4668-5257-bdd6-40fb06671ad1,2026-07-10T22:45:02.975,settlement,SETTLED,pacs.008,FAST,135.23,USD,**************2510,SG,336
3eb13b90-4668-5257-bdd6-40fb06671ad1,2026-07-05T11:20:01.851,gateway,OK,pacs.008,SWIFT,35.67,SGD,**************4833,SG,58
3eb13b90-4668-5257-bdd6-40fb06671ad1,2026-07-05T11:20:01.925,auth,OK,pacs.008,SWIFT,35.67,SGD,**************4833,SG,52
3eb13b90-4668-5257-bdd6-40fb06671ad1,2026-07-05T11:20:02.006,validation,OK,pacs.008,SWIFT,35.67,SGD,**************4833,SG,52
3eb13b90-4668-5257-bdd6-40fb06671ad1,2026-07-05T11:20:02.100,aml,OK,pacs.008,SWIFT,35.67,SGD,**************4833,SG,63
3eb13b90-4668-5257-bdd6-40fb06671ad1,2026-07-05T11:20:02.139,payment-hub,OK,pacs.008,SWIFT,35.67,SGD,**************4833,SG,110
3eb13b90-4668-5257-bdd6-40fb06671ad1,2026-07-05T11:20:02.241,core-banking,OK,pacs.008,SWIFT,35.67,SGD,**************4833,SG,245
3eb13b90-4668-5257-bdd6-40fb06671ad1,2026-07-05T11:20:02.352,settlement,SETTLED,pacs.008,SWIFT,35.67,SGD,**************4833,SG,193
3eb13b90-4668-5257-bdd6-40fb06671ad1,2026-07-13T17:17:10.221,gateway,OK,0200,SWIFT,155.02,SGD,**************0186,MY,22
3eb13b90-4668-5257-bdd6-40fb06671ad1,2026-07-13T17:17:10.249,auth,OK,0200,SWIFT,155.02,SGD,**************0186,MY,82
3eb13b90-4668-5257-bdd6-40fb06671ad1,2026-07-13T17:17:10.321,validation,OK,0200,SWIFT,155.02,SGD,**************0186,MY,57
3eb13b90-4668-5257-bdd6-40fb06671ad1,2026-07-13T17:17:10.383,aml,OK,0200,SWIFT,155.02,SGD,**************0186,MY,204
3eb13b90-4668-5257-bdd6-40fb06671ad1,2026-07-13T17:17:10.465,payment-hub,OK,0200,SWIFT,155.02,SGD,**************0186,MY,102
3eb13b90-4668-5257-bdd6-40fb06671ad1,2026-07-13T17:17:10.655,core-banking,OK,0200,SWIFT,155.02,SGD,**************0186,MY,168
3eb13b90-4668-5257-bdd6-40fb06671ad1,2026-07-13T17:17:10.795,settlement,SETTLED,0200,SWIFT,155.02,SGD,**************0186,MY,110
3eb13b90-4668-5257-bdd6-40fb06671ad1,2026-07-05T06:35:09.435,gateway,OK,MT103,SWIFT,469.84,GBP,**************1626,SG,21
3eb13b90-4668-5257-bdd6-40fb06671ad1,2026-07-05T06:35:09.576,auth,OK,MT103,SWIFT,469.84,GBP,**************1626,SG,29
3eb13b90-4668-5257-bdd6-40fb06671ad1,2026-07-05T06:35:09.839,validation,OK,MT103,SWIFT,469.84,GBP,**************1626,SG,60
3eb13b90-4668-5257-bdd6-40fb06671ad1,2026-07-05T06:35:09.962,aml,OK,MT103,SWIFT,469.84,GBP,**************1626,SG,108
3eb13b90-4668-5257-bdd6-40fb06671ad1,2026-07-05T06:35:10.061,payment-hub,OK,MT103,SWIFT,469.84,GBP,**************1626,SG,136
3eb13b90-4668-5257-bdd6-40fb06671ad1,2026-07-05T06:35:10.168,core-banking,OK,MT103,SWIFT,469.84,GBP,**************1626,SG,113
3eb13b90-4668-5257-bdd6-40fb06671ad1,2026-07-05T06:35:10.251,settlement,SETTLED,MT103,SWIFT,469.84,GBP,**************1626,SG,339
3eb13b90-4668-5257-bdd6-40fb06671ad1,2026-07-12T23:12:21.494,gateway,OK,MT103,SWIFT,204.32,SGD,**************9224,SG,28
3eb13b90-4668-5257-bdd6-40fb06671ad1,2026-07-12T23:12:21.565,auth,OK,MT103,SWIFT,204.32,SGD,**************9224,SG,21
3eb13b90-4668-5257-bdd6-40fb06671ad1,2026-07-12T23:12:21.637,validation,OK,MT103,SWIFT,204.32,SGD,**************9224,SG,58
3eb13b90-4668-5257-bdd6-40fb06671ad1,2026-07-12T23:12:21.933,aml,OK,MT103,SWIFT,204.32,SGD,**************9224,SG,258
3eb13b90-4668-5257-bdd6-40fb06671ad1,2026-07-12T23:12:22.016,payment-hub,OK,MT103,SWIFT,204.32,SGD,**************9224,SG,63
3eb13b90-4668-5257-bdd6-40fb06671ad1,2026-07-12T23:12:22.079,core-banking,OK,MT103,SWIFT,204.32,SGD,**************9224,SG,203
3eb13b90-4668-5257-bdd6-40fb06671ad1,2026-07-12T23:12:22.146,settlement,SETTLED,MT103,SWIFT,204.32,SGD,**************9224,SG,383
3eb13b90-4668-5257-bdd6-40fb06671ad1,2026-07-13T08:45:52.867,gateway,OK,pacs.008,FAST,772.32,SGD,**************6072,IN,45
3eb13b90-4668-5257-bdd6-40fb06671ad1,2026-07-13T08:45:53.090,auth,OK,pacs.008,FAST,772.32,SGD,**************6072,IN,89
3eb13b90-4668-5257-bdd6-40fb06671ad1,2026-07-13T08:45:53.371,validation,OK,pacs.008,FAST,772.32,SGD,**************6072,IN,57
3eb13b90-4668-5257-bdd6-40fb06671ad1,2026-07-13T08:45:53.423,aml,TIMEOUT,pacs.008,FAST,772.32,SGD,**************6072,IN,30000
3eb13b90-4668-5257-bdd6-40fb06671ad1,2026-07-13T08:45:53.546,payment-hub,FAILED,pacs.008,FAST,772.32,SGD,**************6072,IN,44
3eb13b90-4668-5257-bdd6-40fb06671ad1,2026-07-14T15:37:35.043,gateway,OK,pacs.008,SWIFT,1618.43,MYR,**************9674,MY,27
3eb13b90-4668-5257-bdd6-40fb06671ad1,2026-07-14T15:37:35.146,auth,OK,pacs.008,SWIFT,1618.43,MYR,**************9674,MY,90
3eb13b90-4668-5257-bdd6-40fb06671ad1,2026-07-14T15:37:35.262,validation,OK,pacs.008,SWIFT,1618.43,MYR,**************9674,MY,80
3eb13b90-4668-5257-bdd6-40fb06671ad1,2026-07-14T15:37:35.411,aml,OK,pacs.008,SWIFT,1618.43,MYR,**************9674,MY,198
3eb13b90-4668-5257-bdd6-40fb06671ad1,2026-07-14T15:37:35.548,payment-hub,OK,pacs.008,SWIFT,1618.43,MYR,**************9674,MY,111
3eb13b90-4668-5257-bdd6-40fb06671ad1,2026-07-14T15:37:35.636,core-banking,OK,pacs.008,SWIFT,1618.43,MYR,**************9674,MY,130
3eb13b90-4668-5257-bdd6-40fb06671ad1,2026-07-14T15:37:35.706,settlement,SETTLED,pacs.008,SWIFT,1618.43,MYR,**************9674,MY,192
3eb13b90-4668-5257-bdd6-40fb06671ad1,2026-07-02T21:52:30.893,gateway,OK,pacs.008,SWIFT,1572.04,MYR,**************4797,SG,46
3eb13b90-4668-5257-bdd6-40fb06671ad1,2026-07-02T21:52:30.965,auth,OK,pacs.008,SWIFT,1572.04,MYR,**************4797,SG,53
3eb13b90-4668-5257-bdd6-40fb06671ad1,2026-07-02T21:52:31.019,validation,OK,pacs.008,SWIFT,1572.04,MYR,**************4797,SG,82
3eb13b90-4668-5257-bdd6-40fb06671ad1,2026-07-02T21:52:31.313,aml,OK,pacs.008,SWIFT,1572.04,MYR,**************4797,SG,245
3eb13b90-4668-5257-bdd6-40fb06671ad1,2026-07-02T21:52:31.435,payment-hub,OK,pacs.008,SWIFT,1572.04,MYR,**************4797,SG,77
3eb13b90-4668-5257-bdd6-40fb06671ad1,2026-07-02T21:52:31.688,core-banking,OK,pacs.008,SWIFT,1572.04,MYR,**************4797,SG,204
3eb13b90-4668-5257-bdd6-40fb06671ad1,2026-07-02T21:52:31.794,settlement,SETTLED,pacs.008,SWIFT,1572.04,MYR,**************4797,SG,394
3eb13b90-4668-5257-bdd6-40fb06671ad1,2026-07-12T13:29:48.968,gateway,OK,pacs.008,FAST,1112.07,SGD,**************4333,SG,55
3eb13b90-4668-5257-bdd6-40fb06671ad1,2026-07-12T13:29:49.056,auth,OK,pacs.008,FAST,1112.07,SGD,**************4333,SG,90
3eb13b90-4668-5257-bdd6-40fb06671ad1,2026-07-12T13:29:49.093,validation,REJECTED,pacs.008,FAST,1112.07,SGD,**************4333,SG,53
3eb13b90-4668-5257-bdd6-40fb06671ad1,2026-07-14T22:39:29.957,gateway,OK,MT103,FAST,1465.33,EUR,**************1092,SG,56
3eb13b90-4668-5257-bdd6-40fb06671ad1,2026-07-14T22:39:30.029,auth,OK,MT103,FAST,1465.33,EUR,**************1092,SG,40
3eb13b90-4668-5257-bdd6-40fb06671ad1,2026-07-14T22:39:30.067,validation,OK,MT103,FAST,1465.33,EUR,**************1092,SG,105
3eb13b90-4668-5257-bdd6-40fb06671ad1,2026-07-14T22:39:30.343,aml,OK,MT103,FAST,1465.33,EUR,**************1092,SG,259
3eb13b90-4668-5257-bdd6-40fb06671ad1,2026-07-14T22:39:30.404,payment-hub,OK,MT103,FAST,1465.33,EUR,**************1092,SG,130
3eb13b90-4668-5257-bdd6-40fb06671ad1,2026-07-14T22:39:30.507,core-banking,OK,MT103,FAST,1465.33,EUR,**************1092,SG,97
3eb13b90-4668-5257-bdd6-40fb06671ad1,2026-07-14T22:39:30.663,settlement,SETTLED,MT103,FAST,1465.33,EUR,**************1092,SG,80
3eb13b90-4668-5257-bdd6-40fb06671ad1,2026-07-06T04:22:02.760,gateway,OK,MT103,SWIFT,1019.64,SGD,**************1797,IN,45
3eb13b90-4668-5257-bdd6-40fb06671ad1,2026-07-06T04:22:02.815,auth,OK,MT103,SWIFT,1019.64,SGD,**************1797,IN,40
3eb13b90-4668-5257-bdd6-40fb06671ad1,2026-07-06T04:22:02.893,validation,OK,MT103,SWIFT,1019.64,SGD,**************1797,IN,33
3eb13b90-4668-5257-bdd6-40fb06671ad1,2026-07-06T04:22:02.963,aml,OK,MT103,SWIFT,1019.64,SGD,**************1797,IN,254
3eb13b90-4668-5257-bdd6-40fb06671ad1,2026-07-06T04:22:03.136,payment-hub,OK,MT103,SWIFT,1019.64,SGD,**************1797,IN,57
3eb13b90-4668-5257-bdd6-40fb06671ad1,2026-07-06T04:22:03.198,core-banking,OK,MT103,SWIFT,1019.64,SGD,**************1797,IN,232
3eb13b90-4668-5257-bdd6-40fb06671ad1,2026-07-06T04:22:03.278,settlement,SETTLED,MT103,SWIFT,1019.64,SGD,**************1797,IN,220
3eb13b90-4668-5257-bdd6-40fb06671ad1,2026-07-08T19:30:16.715,gateway,OK,pacs.008,FAST,92.37,MYR,**************2031,HK,20
3eb13b90-4668-5257-bdd6-40fb06671ad1,2026-07-08T19:30:16.880,auth,OK,pacs.008,FAST,92.37,MYR,**************2031,HK,46
3eb13b90-4668-5257-bdd6-40fb06671ad1,2026-07-08T19:30:16.934,validation,OK,pacs.008,FAST,92.37,MYR,**************2031,HK,41
3eb13b90-4668-5257-bdd6-40fb06671ad1,2026-07-08T19:30:17.013,aml,TIMEOUT,pacs.008,FAST,92.37,MYR,**************2031,HK,30000
3eb13b90-4668-5257-bdd6-40fb06671ad1,2026-07-08T19:30:17.059,payment-hub,FAILED,pacs.008,FAST,92.37,MYR,**************2031,HK,60
3eb13b90-4668-5257-bdd6-40fb06671ad1,2026-07-10T08:36:02.034,gateway,OK,pacs.008,CARDS,309.51,USD,**************2431,SG,40
3eb13b90-4668-5257-bdd6-40fb06671ad1,2026-07-10T08:36:02.302,auth,OK,pacs.008,CARDS,309.51,USD,**************2431,SG,62
3eb13b90-4668-5257-bdd6-40fb06671ad1,2026-07-10T08:36:02.380,validation,OK,pacs.008,CARDS,309.51,USD,**************2431,SG,26
3eb13b90-4668-5257-bdd6-40fb06671ad1,2026-07-10T08:36:02.408,aml,OK,pacs.008,CARDS,309.51,USD,**************2431,SG,229
3eb13b90-4668-5257-bdd6-40fb06671ad1,2026-07-10T08:36:02.445,payment-hub,OK,pacs.008,CARDS,309.51,USD,**************2431,SG,104
3eb13b90-4668-5257-bdd6-40fb06671ad1,2026-07-10T08:36:02.525,core-banking,OK,pacs.008,CARDS,309.51,USD,**************2431,SG,180
3eb13b90-4668-5257-bdd6-40fb06671ad1,2026-07-10T08:36:02.626,settlement,SETTLED,pacs.008,CARDS,309.51,USD,**************2431,SG,206
3eb13b90-4668-5257-bdd6-40fb06671ad1,2026-07-03T18:33:08.641,gateway,OK,0200,SWIFT,230.46,MYR,**************0391,IN,46
3eb13b90-4668-5257-bdd6-40fb06671ad1,2026-07-03T18:33:08.708,auth,OK,0200,SWIFT,230.46,MYR,**************0391,IN,48
3eb13b90-4668-5257-bdd6-40fb06671ad1,2026-07-03T18:33:08.790,validation,OK,0200,SWIFT,230.46,MYR,**************0391,IN,100
3eb13b90-4668-5257-bdd6-40fb06671ad1,2026-07-03T18:33:08.878,aml,OK,0200,SWIFT,230.46,MYR,**************0391,IN,119
3eb13b90-4668-5257-bdd6-40fb06671ad1,2026-07-03T18:33:09.026,payment-hub,OK,0200,SWIFT,230.46,MYR,**************0391,IN,39
3eb13b90-4668-5257-bdd6-40fb06671ad1,2026-07-03T18:33:09.235,core-banking,OK,0200,SWIFT,230.46,MYR,**************0391,IN,95
3eb13b90-4668-5257-bdd6-40fb06671ad1,2026-07-03T18:33:09.439,settlement,SETTLED,0200,SWIFT,230.46,MYR,**************0391,IN,231
3eb13b90-4668-5257-bdd6-40fb06671ad1,2026-07-03T15:43:56.559,gateway,OK,MT103,SWIFT,626.77,USD,**************5832,IN,17
3eb13b90-4668-5257-bdd6-40fb06671ad1,2026-07-03T15:43:56.662,auth,OK,MT103,SWIFT,626.77,USD,**************5832,IN,52
3eb13b90-4668-5257-bdd6-40fb06671ad1,2026-07-03T15:43:56.702,validation,OK,MT103,SWIFT,626.77,USD,**************5832,IN,63
3eb13b90-4668-5257-bdd6-40fb06671ad1,2026-07-03T15:43:56.844,aml,OK,MT103,SWIFT,626.77,USD,**************5832,IN,117
3eb13b90-4668-5257-bdd6-40fb06671ad1,2026-07-03T15:43:56.893,payment-hub,OK,MT103,SWIFT,626.77,USD,**************5832,IN,66
3eb13b90-4668-5257-bdd6-40fb06671ad1,2026-07-03T15:43:56.966,core-banking,OK,MT103,SWIFT,626.77,USD,**************5832,IN,74
3eb13b90-4668-5257-bdd6-40fb06671ad1,2026-07-03T15:43:57.049,settlement,SETTLED,MT103,SWIFT,626.77,USD,**************5832,IN,110
3eb13b90-4668-5257-bdd6-40fb06671ad1,2026-07-13T13:01:59.051,gateway,OK,pacs.008,FAST,2974.52,EUR,**************9012,SG,30
3eb13b90-4668-5257-bdd6-40fb06671ad1,2026-07-13T13:01:59.302,auth,OK,pacs.008,FAST,2974.52,EUR,**************9012,SG,72
3eb13b90-4668-5257-bdd6-40fb06671ad1,2026-07-13T13:01:59.470,validation,OK,pacs.008,FAST,2974.52,EUR,**************9012,SG,98
3eb13b90-4668-5257-bdd6-40fb06671ad1,2026-07-13T13:01:59.566,aml,OK,pacs.008,FAST,2974.52,EUR,**************9012,SG,121
3eb13b90-4668-5257-bdd6-40fb06671ad1,2026-07-13T13:01:59.868,payment-hub,OK,pacs.008,FAST,2974.52,EUR,**************9012,SG,93
3eb13b90-4668-5257-bdd6-40fb06671ad1,2026-07-13T13:01:59.975,core-banking,OK,pacs.008,FAST,2974.52,EUR,**************9012,SG,243
3eb13b90-4668-5257-bdd6-40fb06671ad1,2026-07-13T13:02:00.030,settlement,SETTLED,pacs.008,FAST,2974.52,EUR,**************9012,SG,201
3eb13b90-4668-5257-bdd6-40fb06671ad1,2026-07-04T09:10:59.309,gateway,OK,pacs.008,CARDS,278.01,USD,**************1060,MY,55
3eb13b90-4668-5257-bdd6-40fb06671ad1,2026-07-04T09:10:59.508,auth,OK,pacs.008,CARDS,278.01,USD,**************1060,MY,36
3eb13b90-4668-5257-bdd6-40fb06671ad1,2026-07-04T09:10:59.610,validation,OK,pacs.008,CARDS,278.01,USD,**************1060,MY,35
3eb13b90-4668-5257-bdd6-40fb06671ad1,2026-07-04T09:10:59.739,aml,TIMEOUT,pacs.008,CARDS,278.01,USD,**************1060,MY,30000
3eb13b90-4668-5257-bdd6-40fb06671ad1,2026-07-04T09:10:59.799,payment-hub,FAILED,pacs.008,CARDS,278.01,USD,**************1060,MY,49
3eb13b90-4668-5257-bdd6-40fb06671ad1,2026-07-01T22:07:41.491,gateway,OK,MT103,FAST,355.39,INR,**************9487,HK,45
3eb13b90-4668-5257-bdd6-40fb06671ad1,2026-07-01T22:07:41.618,auth,OK,MT103,FAST,355.39,INR,**************9487,HK,67
3eb13b90-4668-5257-bdd6-40fb06671ad1,2026-07-01T22:07:41.735,validation,OK,MT103,FAST,355.39,INR,**************9487,HK,80
3eb13b90-4668-5257-bdd6-40fb06671ad1,2026-07-01T22:07:41.806,aml,OK,MT103,FAST,355.39,INR,**************9487,HK,256
3eb13b90-4668-5257-bdd6-40fb06671ad1,2026-07-01T22:07:41.910,payment-hub,OK,MT103,FAST,355.39,INR,**************9487,HK,135
3eb13b90-4668-5257-bdd6-40fb06671ad1,2026-07-01T22:07:42.032,core-banking,OK,MT103,FAST,355.39,INR,**************9487,HK,160
3eb13b90-4668-5257-bdd6-40fb06671ad1,2026-07-01T22:07:42.175,settlement,SETTLED,MT103,FAST,355.39,INR,**************9487,HK,338
3eb13b90-4668-5257-bdd6-40fb06671ad1,2026-07-06T13:41:03.817,gateway,OK,MT103,FAST,825.58,USD,**************0128,SG,21
3eb13b90-4668-5257-bdd6-40fb06671ad1,2026-07-06T13:41:03.860,auth,OK,MT103,FAST,825.58,USD,**************0128,SG,74
3eb13b90-4668-5257-bdd6-40fb06671ad1,2026-07-06T13:41:03.993,validation,REJECTED,MT103,FAST,825.58,USD,**************0128,SG,69
3eb13b90-4668-5257-bdd6-40fb06671ad1,2026-07-09T21:11:12.220,gateway,OK,pacs.008,SWIFT,433.66,GBP,**************8635,SG,44
3eb13b90-4668-5257-bdd6-40fb06671ad1,2026-07-09T21:11:12.382,auth,OK,pacs.008,SWIFT,433.66,GBP,**************8635,SG,51
3eb13b90-4668-5257-bdd6-40fb06671ad1,2026-07-09T21:11:12.626,validation,OK,pacs.008,SWIFT,433.66,GBP,**************8635,SG,86
3eb13b90-4668-5257-bdd6-40fb06671ad1,2026-07-09T21:11:12.718,aml,TIMEOUT,pacs.008,SWIFT,433.66,GBP,**************8635,SG,30000
3eb13b90-4668-5257-bdd6-40fb06671ad1,2026-07-09T21:11:12.846,payment-hub,FAILED,pacs.008,SWIFT,433.66,GBP,**************8635,SG,72
3eb13b90-4668-5257-bdd6-40fb06671ad1,2026-07-08T12:14:46.387,gateway,OK,pacs.008,CARDS,2626.49,SGD,**************2684,MY,35
3eb13b90-4668-5257-bdd6-40fb06671ad1,2026-07-08T12:14:46.499,auth,OK,pacs.008,CARDS,2626.49,SGD,**************2684,MY,28
3eb13b90-4668-5257-bdd6-40fb06671ad1,2026-07-08T12:14:46.592,validation,OK,pacs.008,CARDS,2626.49,SGD,**************2684,MY,79
3eb13b90-4668-5257-bdd6-40fb06671ad1,2026-07-08T12:14:46.631,aml,OK,pacs.008,CARDS,2626.49,SGD,**************2684,MY,295
3eb13b90-4668-5257-bdd6-40fb06671ad1,2026-07-08T12:14:46.765,payment-hub,OK,pacs.008,CARDS,2626.49,SGD,**************2684,MY,68
3eb13b90-4668-5257-bdd6-40fb06671ad1,2026-07-08T12:14:46.949,core-banking,OK,pacs.008,CARDS,2626.49,SGD,**************2684,MY,84
3eb13b90-4668-5257-bdd6-40fb06671ad1,2026-07-08T12:14:47.133,settlement,SETTLED,pacs.008,CARDS,2626.49,SGD,**************2684,MY,135
3eb13b90-4668-5257-bdd6-40fb06671ad1,2026-07-05T03:57:44.258,gateway,OK,pacs.008,SWIFT,602.7,SGD,**************4747,SG,26
3eb13b90-4668-5257-bdd6-40fb06671ad1,2026-07-05T03:57:44.472,auth,OK,pacs.008,SWIFT,602.7,SGD,**************4747,SG,29
3eb13b90-4668-5257-bdd6-40fb06671ad1,2026-07-05T03:57:44.597,validation,OK,pacs.008,SWIFT,602.7,SGD,**************4747,SG,30
3eb13b90-4668-5257-bdd6-40fb06671ad1,2026-07-05T03:57:44.699,aml,TIMEOUT,pacs.008,SWIFT,602.7,SGD,**************4747,SG,30000
3eb13b90-4668-5257-bdd6-40fb06671ad1,2026-07-05T03:57:44.866,payment-hub,FAILED,pacs.008,SWIFT,602.7,SGD,**************4747,SG,144
3eb13b90-4668-5257-bdd6-40fb06671ad1,2026-07-03T01:55:07.016,gateway,OK,pacs.008,SWIFT,522.46,SGD,**************3818,MY,56
3eb13b90-4668-5257-bdd6-40fb06671ad1,2026-07-03T01:55:07.123,auth,OK,pacs.008,SWIFT,522.46,SGD,**************3818,MY,71
3eb13b90-4668-5257-bdd6-40fb06671ad1,2026-07-03T01:55:07.204,validation,OK,pacs.008,SWIFT,522.46,SGD,**************3818,MY,72
3eb13b90-4668-5257-bdd6-40fb06671ad1,2026-07-03T01:55:07.258,aml,OK,pacs.008,SWIFT,522.46,SGD,**************3818,MY,112
3eb13b90-4668-5257-bdd6-40fb06671ad1,2026-07-03T01:55:07.387,payment-hub,OK,pacs.008,SWIFT,522.46,SGD,**************3818,MY,33
3eb13b90-4668-5257-bdd6-40fb06671ad1,2026-07-03T01:55:07.446,core-banking,OK,pacs.008,SWIFT,522.46,SGD,**************3818,MY,228
3eb13b90-4668-5257-bdd6-40fb06671ad1,2026-07-03T01:55:07.509,settlement,SETTLED,pacs.008,SWIFT,522.46,SGD,**************3818,MY,298
3eb13b90-4668-5257-bdd6-40fb06671ad1,2026-07-15T01:59:14.895,gateway,OK,MT103,FAST,541.12,INR,**************3796,IN,27
3eb13b90-4668-5257-bdd6-40fb06671ad1,2026-07-15T01:59:14.992,auth,OK,MT103,FAST,541.12,INR,**************3796,IN,41
3eb13b90-4668-5257-bdd6-40fb06671ad1,2026-07-15T01:59:15.056,validation,OK,MT103,FAST,541.12,INR,**************3796,IN,92
3eb13b90-4668-5257-bdd6-40fb06671ad1,2026-07-15T01:59:15.157,aml,OK,MT103,FAST,541.12,INR,**************3796,IN,293
3eb13b90-4668-5257-bdd6-40fb06671ad1,2026-07-15T01:59:15.252,payment-hub,OK,MT103,FAST,541.12,INR,**************3796,IN,71
3eb13b90-4668-5257-bdd6-40fb06671ad1,2026-07-15T01:59:15.325,core-banking,OK,MT103,FAST,541.12,INR,**************3796,IN,80
3eb13b90-4668-5257-bdd6-40fb06671ad1,2026-07-15T01:59:15.373,settlement,SETTLED,MT103,FAST,541.12,INR,**************3796,IN,171
3eb13b90-4668-5257-bdd6-40fb06671ad1,2026-07-09T20:15:13.097,gateway,OK,pacs.008,FAST,334.13,SGD,**************5148,US,17
3eb13b90-4668-5257-bdd6-40fb06671ad1,2026-07-09T20:15:13.157,auth,OK,pacs.008,FAST,334.13,SGD,**************5148,US,68
3eb13b90-4668-5257-bdd6-40fb06671ad1,2026-07-09T20:15:13.238,validation,OK,pacs.008,FAST,334.13,SGD,**************5148,US,78
3eb13b90-4668-5257-bdd6-40fb06671ad1,2026-07-09T20:15:13.303,aml,OK,pacs.008,FAST,334.13,SGD,**************5148,US,210
3eb13b90-4668-5257-bdd6-40fb06671ad1,2026-07-09T20:15:13.422,payment-hub,OK,pacs.008,FAST,334.13,SGD,**************5148,US,144
3eb13b90-4668-5257-bdd6-40fb06671ad1,2026-07-09T20:15:13.581,core-banking,OK,pacs.008,FAST,334.13,SGD,**************5148,US,228
3eb13b90-4668-5257-bdd6-40fb06671ad1,2026-07-09T20:15:13.684,settlement,SETTLED,pacs.008,FAST,334.13,SGD,**************5148,US,167
3eb13b90-4668-5257-bdd6-40fb06671ad1,2026-07-11T12:06:27.591,gateway,OK,pacs.008,SWIFT,1619.82,SGD,**************5389,SG,56
3eb13b90-4668-5257-bdd6-40fb06671ad1,2026-07-11T12:06:27.684,auth,OK,pacs.008,SWIFT,1619.82,SGD,**************5389,SG,36
3eb13b90-4668-5257-bdd6-40fb06671ad1,2026-07-11T12:06:27.876,validation,OK,pacs.008,SWIFT,1619.82,SGD,**************5389,SG,53
3eb13b90-4668-5257-bdd6-40fb06671ad1,2026-07-11T12:06:27.947,aml,OK,pacs.008,SWIFT,1619.82,SGD,**************5389,SG,100
3eb13b90-4668-5257-bdd6-40fb06671ad1,2026-07-11T12:06:28.082,payment-hub,OK,pacs.008,SWIFT,1619.82,SGD,**************5389,SG,82
3eb13b90-4668-5257-bdd6-40fb06671ad1,2026-07-11T12:06:28.137,core-banking,OK,pacs.008,SWIFT,1619.82,SGD,**************5389,SG,86
3eb13b90-4668-5257-bdd6-40fb06671ad1,2026-07-11T12:06:28.232,settlement,SETTLED,pacs.008,SWIFT,1619.82,SGD,**************5389,SG,285
3eb13b90-4668-5257-bdd6-40fb06671ad1,2026-07-09T00:56:51.950,gateway,OK,MT103,FAST,208.59,USD,**************4329,SG,52
3eb13b90-4668-5257-bdd6-40fb06671ad1,2026-07-09T00:56:52.175,auth,OK,MT103,FAST,208.59,USD,**************4329,SG,45
3eb13b90-4668-5257-bdd6-40fb06671ad1,2026-07-09T00:56:52.239,validation,OK,MT103,FAST,208.59,USD,**************4329,SG,60
3eb13b90-4668-5257-bdd6-40fb06671ad1,2026-07-09T00:56:52.381,aml,OK,MT103,FAST,208.59,USD,**************4329,SG,70
3eb13b90-4668-5257-bdd6-40fb06671ad1,2026-07-09T00:56:52.495,payment-hub,OK,MT103,FAST,208.59,USD,**************4329,SG,39
3eb13b90-4668-5257-bdd6-40fb06671ad1,2026-07-09T00:56:52.674,core-banking,OK,MT103,FAST,208.59,USD,**************4329,SG,92
3eb13b90-4668-5257-bdd6-40fb06671ad1,2026-07-09T00:56:52.745,settlement,SETTLED,MT103,FAST,208.59,USD,**************4329,SG,147
3eb13b90-4668-5257-bdd6-40fb06671ad1,2026-07-12T03:20:32.069,gateway,OK,pacs.008,SWIFT,2112.77,SGD,**************0743,IN,41
3eb13b90-4668-5257-bdd6-40fb06671ad1,2026-07-12T03:20:32.184,auth,OK,pacs.008,SWIFT,2112.77,SGD,**************0743,IN,89
3eb13b90-4668-5257-bdd6-40fb06671ad1,2026-07-12T03:20:32.325,validation,OK,pacs.008,SWIFT,2112.77,SGD,**************0743,IN,35
3eb13b90-4668-5257-bdd6-40fb06671ad1,2026-07-12T03:20:32.421,aml,TIMEOUT,pacs.008,SWIFT,2112.77,SGD,**************0743,IN,30000
3eb13b90-4668-5257-bdd6-40fb06671ad1,2026-07-12T03:21:02.431,payment-hub,FAILED,pacs.008,SWIFT,2112.77,SGD,**************0743,IN,130
3eb13b90-4668-5257-bdd6-40fb06671ad1,2026-07-08T18:34:38.284,gateway,OK,pacs.008,CARDS,529.0,SGD,**************0017,SG,33
3eb13b90-4668-5257-bdd6-40fb06671ad1,2026-07-08T18:34:38.347,auth,OK,pacs.008,CARDS,529.0,SGD,**************0017,SG,63
3eb13b90-4668-5257-bdd6-40fb06671ad1,2026-07-08T18:34:38.433,validation,OK,pacs.008,CARDS,529.0,SGD,**************0017,SG,111
3eb13b90-4668-5257-bdd6-40fb06671ad1,2026-07-08T18:34:38.518,aml,OK,pacs.008,CARDS,529.0,SGD,**************0017,SG,253
3eb13b90-4668-5257-bdd6-40fb06671ad1,2026-07-08T18:34:38.809,payment-hub,OK,pacs.008,CARDS,529.0,SGD,**************0017,SG,133
3eb13b90-4668-5257-bdd6-40fb06671ad1,2026-07-08T18:34:38.909,core-banking,OK,pacs.008,CARDS,529.0,SGD,**************0017,SG,178
3eb13b90-4668-5257-bdd6-40fb06671ad1,2026-07-08T18:34:39.026,settlement,SETTLED,pacs.008,CARDS,529.0,SGD,**************0017,SG,256
3eb13b90-4668-5257-bdd6-40fb06671ad1,2026-07-15T06:41:11.370,gateway,OK,pacs.008,FAST,1269.41,SGD,**************5328,HK,21
3eb13b90-4668-5257-bdd6-40fb06671ad1,2026-07-15T06:41:11.535,auth,OK,pacs.008,FAST,1269.41,SGD,**************5328,HK,59
3eb13b90-4668-5257-bdd6-40fb06671ad1,2026-07-15T06:41:11.685,validation,OK,pacs.008,FAST,1269.41,SGD,**************5328,HK,43
3eb13b90-4668-5257-bdd6-40fb06671ad1,2026-07-15T06:41:11.822,aml,OK,pacs.008,FAST,1269.41,SGD,**************5328,HK,115
3eb13b90-4668-5257-bdd6-40fb06671ad1,2026-07-15T06:41:11.977,payment-hub,OK,pacs.008,FAST,1269.41,SGD,**************5328,HK,79
3eb13b90-4668-5257-bdd6-40fb06671ad1,2026-07-15T06:41:12.061,core-banking,OK,pacs.008,FAST,1269.41,SGD,**************5328,HK,191
3eb13b90-4668-5257-bdd6-40fb06671ad1,2026-07-15T06:41:12.142,settlement,SETTLED,pacs.008,FAST,1269.41,SGD,**************5328,HK,193
3eb13b90-4668-5257-bdd6-40fb06671ad1,2026-07-13T16:58:57.666,gateway,OK,pacs.008,FAST,121.04,MYR,**************3749,SG,17
3eb13b90-4668-5257-bdd6-40fb06671ad1,2026-07-13T16:58:57.730,auth,OK,pacs.008,FAST,121.04,MYR,**************3749,SG,75
3eb13b90-4668-5257-bdd6-40fb06671ad1,2026-07-13T16:58:57.805,validation,OK,pacs.008,FAST,121.04,MYR,**************3749,SG,95
3eb13b90-4668-5257-bdd6-40fb06671ad1,2026-07-13T16:58:57.898,aml,OK,pacs.008,FAST,121.04,MYR,**************3749,SG,202
3eb13b90-4668-5257-bdd6-40fb06671ad1,2026-07-13T16:58:57.965,payment-hub,OK,pacs.008,FAST,121.04,MYR,**************3749,SG,122
3eb13b90-4668-5257-bdd6-40fb06671ad1,2026-07-13T16:58:58.133,core-banking,OK,pacs.008,FAST,121.04,MYR,**************3749,SG,51
3eb13b90-4668-5257-bdd6-40fb06671ad1,2026-07-13T16:58:58.253,settlement,SETTLED,pacs.008,FAST,121.04,MYR,**************3749,SG,287
3eb13b90-4668-5257-bdd6-40fb06671ad1,2026-07-09T00:41:27.295,gateway,OK,MT103,SWIFT,421.6,SGD,**************2317,SG,32
3eb13b90-4668-5257-bdd6-40fb06671ad1,2026-07-09T00:41:27.448,auth,OK,MT103,SWIFT,421.6,SGD,**************2317,SG,49
3eb13b90-4668-5257-bdd6-40fb06671ad1,2026-07-09T00:41:27.509,validation,OK,MT103,SWIFT,421.6,SGD,**************2317,SG,57
3eb13b90-4668-5257-bdd6-40fb06671ad1,2026-07-09T00:41:27.615,aml,OK,MT103,SWIFT,421.6,SGD,**************2317,SG,253
3eb13b90-4668-5257-bdd6-40fb06671ad1,2026-07-09T00:41:27.725,payment-hub,OK,MT103,SWIFT,421.6,SGD,**************2317,SG,89
3eb13b90-4668-5257-bdd6-40fb06671ad1,2026-07-09T00:41:27.925,core-banking,OK,MT103,SWIFT,421.6,SGD,**************2317,SG,230
3eb13b90-4668-5257-bdd6-40fb06671ad1,2026-07-09T00:41:28.136,settlement,SETTLED,MT103,SWIFT,421.6,SGD,**************2317,SG,129
3eb13b90-4668-5257-bdd6-40fb06671ad1,2026-07-08T19:45:21.878,gateway,OK,pacs.008,FAST,794.02,USD,**************3682,HK,40
3eb13b90-4668-5257-bdd6-40fb06671ad1,2026-07-08T19:45:21.920,auth,OK,pacs.008,FAST,794.02,USD,**************3682,HK,70
3eb13b90-4668-5257-bdd6-40fb06671ad1,2026-07-08T19:45:22.002,validation,OK,pacs.008,FAST,794.02,USD,**************3682,HK,71
3eb13b90-4668-5257-bdd6-40fb06671ad1,2026-07-08T19:45:22.065,aml,OK,pacs.008,FAST,794.02,USD,**************3682,HK,267
3eb13b90-4668-5257-bdd6-40fb06671ad1,2026-07-08T19:45:22.174,payment-hub,OK,pacs.008,FAST,794.02,USD,**************3682,HK,42
3eb13b90-4668-5257-bdd6-40fb06671ad1,2026-07-08T19:45:22.211,core-banking,OK,pacs.008,FAST,794.02,USD,**************3682,HK,217
3eb13b90-4668-5257-bdd6-40fb06671ad1,2026-07-08T19:45:22.318,settlement,SETTLED,pacs.008,FAST,794.02,USD,**************3682,HK,394
3eb13b90-4668-5257-bdd6-40fb06671ad1,2026-07-14T21:46:03.593,gateway,OK,pacs.008,FAST,334.73,SGD,**************6090,SG,26
3eb13b90-4668-5257-bdd6-40fb06671ad1,2026-07-14T21:46:03.698,auth,OK,pacs.008,FAST,334.73,SGD,**************6090,SG,27
3eb13b90-4668-5257-bdd6-40fb06671ad1,2026-07-14T21:46:03.884,validation,OK,pacs.008,FAST,334.73,SGD,**************6090,SG,87
3eb13b90-4668-5257-bdd6-40fb06671ad1,2026-07-14T21:46:03.949,aml,OK,pacs.008,FAST,334.73,SGD,**************6090,SG,195
3eb13b90-4668-5257-bdd6-40fb06671ad1,2026-07-14T21:46:04.033,payment-hub,OK,pacs.008,FAST,334.73,SGD,**************6090,SG,119
3eb13b90-4668-5257-bdd6-40fb06671ad1,2026-07-14T21:46:04.144,core-banking,OK,pacs.008,FAST,334.73,SGD,**************6090,SG,245
3eb13b90-4668-5257-bdd6-40fb06671ad1,2026-07-14T21:46:04.241,settlement,SETTLED,pacs.008,FAST,334.73,SGD,**************6090,SG,344
3eb13b90-4668-5257-bdd6-40fb06671ad1,2026-07-09T18:56:17.221,gateway,OK,pacs.008,SWIFT,355.62,USD,**************6229,MY,35
3eb13b90-4668-5257-bdd6-40fb06671ad1,2026-07-09T18:56:17.374,auth,OK,pacs.008,SWIFT,355.62,USD,**************6229,MY,33
3eb13b90-4668-5257-bdd6-40fb06671ad1,2026-07-09T18:56:17.418,validation,OK,pacs.008,SWIFT,355.62,USD,**************6229,MY,36
3eb13b90-4668-5257-bdd6-40fb06671ad1,2026-07-09T18:56:17.462,aml,OK,pacs.008,SWIFT,355.62,USD,**************6229,MY,134
3eb13b90-4668-5257-bdd6-40fb06671ad1,2026-07-09T18:56:17.539,payment-hub,OK,pacs.008,SWIFT,355.62,USD,**************6229,MY,56
3eb13b90-4668-5257-bdd6-40fb06671ad1,2026-07-09T18:56:17.674,core-banking,OK,pacs.008,SWIFT,355.62,USD,**************6229,MY,249
3eb13b90-4668-5257-bdd6-40fb06671ad1,2026-07-09T18:56:17.743,settlement,SETTLED,pacs.008,SWIFT,355.62,USD,**************6229,MY,252
3eb13b90-4668-5257-bdd6-40fb06671ad1,2026-07-05T02:44:03.154,gateway,OK,MT103,CARDS,2057.15,MYR,**************9178,SG,58
3eb13b90-4668-5257-bdd6-40fb06671ad1,2026-07-05T02:44:03.231,auth,OK,MT103,CARDS,2057.15,MYR,**************9178,SG,72
3eb13b90-4668-5257-bdd6-40fb06671ad1,2026-07-05T02:44:03.279,validation,OK,MT103,CARDS,2057.15,MYR,**************9178,SG,100
3eb13b90-4668-5257-bdd6-40fb06671ad1,2026-07-05T02:44:03.476,aml,OK,MT103,CARDS,2057.15,MYR,**************9178,SG,234
3eb13b90-4668-5257-bdd6-40fb06671ad1,2026-07-05T02:44:03.538,payment-hub,OK,MT103,CARDS,2057.15,MYR,**************9178,SG,31
3eb13b90-4668-5257-bdd6-40fb06671ad1,2026-07-05T02:44:03.606,core-banking,OK,MT103,CARDS,2057.15,MYR,**************9178,SG,196
3eb13b90-4668-5257-bdd6-40fb06671ad1,2026-07-05T02:44:03.642,settlement,SETTLED,MT103,CARDS,2057.15,MYR,**************9178,SG,344
3eb13b90-4668-5257-bdd6-40fb06671ad1,2026-07-07T04:53:48.216,gateway,OK,MT103,FAST,4946.56,SGD,**************7677,GB,43
3eb13b90-4668-5257-bdd6-40fb06671ad1,2026-07-07T04:53:48.313,auth,OK,MT103,FAST,4946.56,SGD,**************7677,GB,65
3eb13b90-4668-5257-bdd6-40fb06671ad1,2026-07-07T04:53:48.376,validation,OK,MT103,FAST,4946.56,SGD,**************7677,GB,87
3eb13b90-4668-5257-bdd6-40fb06671ad1,2026-07-07T04:53:48.639,aml,OK,MT103,FAST,4946.56,SGD,**************7677,GB,131
3eb13b90-4668-5257-bdd6-40fb06671ad1,2026-07-07T04:53:48.857,payment-hub,OK,MT103,FAST,4946.56,SGD,**************7677,GB,54
3eb13b90-4668-5257-bdd6-40fb06671ad1,2026-07-07T04:53:48.885,core-banking,OK,MT103,FAST,4946.56,SGD,**************7677,GB,144
3eb13b90-4668-5257-bdd6-40fb06671ad1,2026-07-07T04:53:49.133,settlement,SETTLED,MT103,FAST,4946.56,SGD,**************7677,GB,137
3eb13b90-4668-5257-bdd6-40fb06671ad1,2026-07-09T11:41:17.373,gateway,OK,pacs.008,CARDS,4689.61,USD,**************8293,SG,33
3eb13b90-4668-5257-bdd6-40fb06671ad1,2026-07-09T11:41:17.440,auth,OK,pacs.008,CARDS,4689.61,USD,**************8293,SG,74
3eb13b90-4668-5257-bdd6-40fb06671ad1,2026-07-09T11:41:17.522,validation,OK,pacs.008,CARDS,4689.61,USD,**************8293,SG,62
3eb13b90-4668-5257-bdd6-40fb06671ad1,2026-07-09T11:41:17.620,aml,OK,pacs.008,CARDS,4689.61,USD,**************8293,SG,110
3eb13b90-4668-5257-bdd6-40fb06671ad1,2026-07-09T11:41:17.907,payment-hub,OK,pacs.008,CARDS,4689.61,USD,**************8293,SG,40
3eb13b90-4668-5257-bdd6-40fb06671ad1,2026-07-09T11:41:17.992,core-banking,OK,pacs.008,CARDS,4689.61,USD,**************8293,SG,66
3eb13b90-4668-5257-bdd6-40fb06671ad1,2026-07-09T11:41:18.053,settlement,SETTLED,pacs.008,CARDS,4689.61,USD,**************8293,SG,343
3eb13b90-4668-5257-bdd6-40fb06671ad1,2026-07-13T01:34:28.430,gateway,OK,0200,CARDS,2190.28,USD,**************0559,IN,19
3eb13b90-4668-5257-bdd6-40fb06671ad1,2026-07-13T01:34:28.531,auth,OK,0200,CARDS,2190.28,USD,**************0559,IN,69
3eb13b90-4668-5257-bdd6-40fb06671ad1,2026-07-13T01:34:28.604,validation,OK,0200,CARDS,2190.28,USD,**************0559,IN,79
3eb13b90-4668-5257-bdd6-40fb06671ad1,2026-07-13T01:34:28.754,aml,OK,0200,CARDS,2190.28,USD,**************0559,IN,47
3eb13b90-4668-5257-bdd6-40fb06671ad1,2026-07-13T01:34:28.859,payment-hub,OK,0200,CARDS,2190.28,USD,**************0559,IN,119
3eb13b90-4668-5257-bdd6-40fb06671ad1,2026-07-13T01:34:28.935,core-banking,OK,0200,CARDS,2190.28,USD,**************0559,IN,146
3eb13b90-4668-5257-bdd6-40fb06671ad1,2026-07-13T01:34:29.001,settlement,SETTLED,0200,CARDS,2190.28,USD,**************0559,IN,131
3eb13b90-4668-5257-bdd6-40fb06671ad1,2026-07-12T01:59:10.810,gateway,OK,MT103,FAST,1381.32,EUR,**************8369,US,49
3eb13b90-4668-5257-bdd6-40fb06671ad1,2026-07-12T01:59:10.874,auth,OK,MT103,FAST,1381.32,EUR,**************8369,US,53
3eb13b90-4668-5257-bdd6-40fb06671ad1,2026-07-12T01:59:10.905,validation,OK,MT103,FAST,1381.32,EUR,**************8369,US,42
3eb13b90-4668-5257-bdd6-40fb06671ad1,2026-07-12T01:59:11.136,aml,OK,MT103,FAST,1381.32,EUR,**************8369,US,299
3eb13b90-4668-5257-bdd6-40fb06671ad1,2026-07-12T01:59:11.301,payment-hub,OK,MT103,FAST,1381.32,EUR,**************8369,US,95
3eb13b90-4668-5257-bdd6-40fb06671ad1,2026-07-12T01:59:11.415,core-banking,OK,MT103,FAST,1381.32,EUR,**************8369,US,143
3eb13b90-4668-5257-bdd6-40fb06671ad1,2026-07-12T01:59:11.594,settlement,SETTLED,MT103,FAST,1381.32,EUR,**************8369,US,398
3eb13b90-4668-5257-bdd6-40fb06671ad1,2026-07-04T21:32:43.175,gateway,OK,pacs.008,FAST,347.05,USD,**************1646,IN,39
3eb13b90-4668-5257-bdd6-40fb06671ad1,2026-07-04T21:32:43.319,auth,OK,pacs.008,FAST,347.05,USD,**************1646,IN,75
3eb13b90-4668-5257-bdd6-40fb06671ad1,2026-07-04T21:32:43.391,validation,OK,pacs.008,FAST,347.05,USD,**************1646,IN,42
3eb13b90-4668-5257-bdd6-40fb06671ad1,2026-07-04T21:32:43.533,aml,OK,pacs.008,FAST,347.05,USD,**************1646,IN,91
3eb13b90-4668-5257-bdd6-40fb06671ad1,2026-07-04T21:32:43.585,payment-hub,OK,pacs.008,FAST,347.05,USD,**************1646,IN,102
3eb13b90-4668-5257-bdd6-40fb06671ad1,2026-07-04T21:32:43.701,core-banking,OK,pacs.008,FAST,347.05,USD,**************1646,IN,147
3eb13b90-4668-5257-bdd6-40fb06671ad1,2026-07-04T21:32:43.788,settlement,SETTLED,pacs.008,FAST,347.05,USD,**************1646,IN,211
3eb13b90-4668-5257-bdd6-40fb06671ad1,2026-07-02T03:28:34.440,gateway,OK,pacs.008,SWIFT,1394.3,EUR,**************9827,US,28
3eb13b90-4668-5257-bdd6-40fb06671ad1,2026-07-02T03:28:34.557,auth,OK,pacs.008,SWIFT,1394.3,EUR,**************9827,US,84
3eb13b90-4668-5257-bdd6-40fb06671ad1,2026-07-02T03:28:34.634,validation,OK,pacs.008,SWIFT,1394.3,EUR,**************9827,US,55
3eb13b90-4668-5257-bdd6-40fb06671ad1,2026-07-02T03:28:34.825,aml,TIMEOUT,pacs.008,SWIFT,1394.3,EUR,**************9827,US,30000
3eb13b90-4668-5257-bdd6-40fb06671ad1,2026-07-02T03:28:34.914,payment-hub,FAILED,pacs.008,SWIFT,1394.3,EUR,**************9827,US,98
3eb13b90-4668-5257-bdd6-40fb06671ad1,2026-07-08T09:31:41.264,gateway,OK,MT103,FAST,2233.74,SGD,**************8201,US,46
3eb13b90-4668-5257-bdd6-40fb06671ad1,2026-07-08T09:31:41.355,auth,OK,MT103,FAST,2233.74,SGD,**************8201,US,90
3eb13b90-4668-5257-bdd6-40fb06671ad1,2026-07-08T09:31:41.595,validation,OK,MT103,FAST,2233.74,SGD,**************8201,US,40
3eb13b90-4668-5257-bdd6-40fb06671ad1,2026-07-08T09:31:41.666,aml,OK,MT103,FAST,2233.74,SGD,**************8201,US,126
3eb13b90-4668-5257-bdd6-40fb06671ad1,2026-07-08T09:31:41.861,payment-hub,OK,MT103,FAST,2233.74,SGD,**************8201,US,68
3eb13b90-4668-5257-bdd6-40fb06671ad1,2026-07-08T09:31:41.936,core-banking,OK,MT103,FAST,2233.74,SGD,**************8201,US,58
3eb13b90-4668-5257-bdd6-40fb06671ad1,2026-07-08T09:31:42.035,settlement,SETTLED,MT103,FAST,2233.74,SGD,**************8201,US,120
3eb13b90-4668-5257-bdd6-40fb06671ad1,2026-07-11T15:24:03.836,gateway,OK,pacs.008,FAST,720.97,SGD,**************7997,IN,55
3eb13b90-4668-5257-bdd6-40fb06671ad1,2026-07-11T15:24:03.922,auth,OK,pacs.008,FAST,720.97,SGD,**************7997,IN,63
3eb13b90-4668-5257-bdd6-40fb06671ad1,2026-07-11T15:24:04.197,validation,OK,pacs.008,FAST,720.97,SGD,**************7997,IN,25
3eb13b90-4668-5257-bdd6-40fb06671ad1,2026-07-11T15:24:04.345,aml,OK,pacs.008,FAST,720.97,SGD,**************7997,IN,78
3eb13b90-4668-5257-bdd6-40fb06671ad1,2026-07-11T15:24:04.382,payment-hub,OK,pacs.008,FAST,720.97,SGD,**************7997,IN,55
3eb13b90-4668-5257-bdd6-40fb06671ad1,2026-07-11T15:24:04.454,core-banking,OK,pacs.008,FAST,720.97,SGD,**************7997,IN,209
3eb13b90-4668-5257-bdd6-40fb06671ad1,2026-07-11T15:24:04.562,settlement,SETTLED,pacs.008,FAST,720.97,SGD,**************7997,IN,111
3eb13b90-4668-5257-bdd6-40fb06671ad1,2026-07-04T14:52:09.800,gateway,OK,0200,FAST,493.62,SGD,**************8076,SG,42
3eb13b90-4668-5257-bdd6-40fb06671ad1,2026-07-04T14:52:09.903,auth,OK,0200,FAST,493.62,SGD,**************8076,SG,46
3eb13b90-4668-5257-bdd6-40fb06671ad1,2026-07-04T14:52:09.951,validation,OK,0200,FAST,493.62,SGD,**************8076,SG,98
3eb13b90-4668-5257-bdd6-40fb06671ad1,2026-07-04T14:52:10.009,aml,OK,0200,FAST,493.62,SGD,**************8076,SG,240
3eb13b90-4668-5257-bdd6-40fb06671ad1,2026-07-04T14:52:10.053,payment-hub,OK,0200,FAST,493.62,SGD,**************8076,SG,53
3eb13b90-4668-5257-bdd6-40fb06671ad1,2026-07-04T14:52:10.090,core-banking,OK,0200,FAST,493.62,SGD,**************8076,SG,101
3eb13b90-4668-5257-bdd6-40fb06671ad1,2026-07-04T14:52:10.170,settlement,SETTLED,0200,FAST,493.62,SGD,**************8076,SG,77
3eb13b90-4668-5257-bdd6-40fb06671ad1,2026-07-05T05:37:19.035,gateway,OK,0200,SWIFT,130.57,USD,**************7931,SG,39
3eb13b90-4668-5257-bdd6-40fb06671ad1,2026-07-05T05:37:19.154,auth,OK,0200,SWIFT,130.57,USD,**************7931,SG,22
3eb13b90-4668-5257-bdd6-40fb06671ad1,2026-07-05T05:37:19.310,validation,OK,0200,SWIFT,130.57,USD,**************7931,SG,30
3eb13b90-4668-5257-bdd6-40fb06671ad1,2026-07-05T05:37:19.496,aml,OK,0200,SWIFT,130.57,USD,**************7931,SG,140
3eb13b90-4668-5257-bdd6-40fb06671ad1,2026-07-05T05:37:19.533,payment-hub,OK,0200,SWIFT,130.57,USD,**************7931,SG,72
3eb13b90-4668-5257-bdd6-40fb06671ad1,2026-07-05T05:37:19.690,core-banking,OK,0200,SWIFT,130.57,USD,**************7931,SG,57
3eb13b90-4668-5257-bdd6-40fb06671ad1,2026-07-05T05:37:19.916,settlement,SETTLED,0200,SWIFT,130.57,USD,**************7931,SG,364
3eb13b90-4668-5257-bdd6-40fb06671ad1,2026-07-04T20:59:21.109,gateway,OK,MT103,SWIFT,676.47,MYR,**************0931,SG,34
3eb13b90-4668-5257-bdd6-40fb06671ad1,2026-07-04T20:59:21.215,auth,OK,MT103,SWIFT,676.47,MYR,**************0931,SG,74
3eb13b90-4668-5257-bdd6-40fb06671ad1,2026-07-04T20:59:21.325,validation,OK,MT103,SWIFT,676.47,MYR,**************0931,SG,111
3eb13b90-4668-5257-bdd6-40fb06671ad1,2026-07-04T20:59:21.391,aml,OK,MT103,SWIFT,676.47,MYR,**************0931,SG,131
3eb13b90-4668-5257-bdd6-40fb06671ad1,2026-07-04T20:59:21.506,payment-hub,OK,MT103,SWIFT,676.47,MYR,**************0931,SG,109
3eb13b90-4668-5257-bdd6-40fb06671ad1,2026-07-04T20:59:21.584,core-banking,OK,MT103,SWIFT,676.47,MYR,**************0931,SG,249
3eb13b90-4668-5257-bdd6-40fb06671ad1,2026-07-04T20:59:21.633,settlement,SETTLED,MT103,SWIFT,676.47,MYR,**************0931,SG,235
3eb13b90-4668-5257-bdd6-40fb06671ad1,2026-07-04T10:55:07.884,gateway,OK,pacs.008,CARDS,556.26,SGD,**************3915,GB,56
3eb13b90-4668-5257-bdd6-40fb06671ad1,2026-07-04T10:55:07.949,auth,OK,pacs.008,CARDS,556.26,SGD,**************3915,GB,33
3eb13b90-4668-5257-bdd6-40fb06671ad1,2026-07-04T10:55:08.177,validation,OK,pacs.008,CARDS,556.26,SGD,**************3915,GB,33
3eb13b90-4668-5257-bdd6-40fb06671ad1,2026-07-04T10:55:08.275,aml,OK,pacs.008,CARDS,556.26,SGD,**************3915,GB,121
3eb13b90-4668-5257-bdd6-40fb06671ad1,2026-07-04T10:55:08.331,payment-hub,OK,pacs.008,CARDS,556.26,SGD,**************3915,GB,145
3eb13b90-4668-5257-bdd6-40fb06671ad1,2026-07-04T10:55:08.460,core-banking,OK,pacs.008,CARDS,556.26,SGD,**************3915,GB,103
3eb13b90-4668-5257-bdd6-40fb06671ad1,2026-07-04T10:55:08.602,settlement,SETTLED,pacs.008,CARDS,556.26,SGD,**************3915,GB,276
3eb13b90-4668-5257-bdd6-40fb06671ad1,2026-07-02T23:30:48.734,gateway,OK,0200,FAST,3706.67,SGD,**************4468,MY,30
3eb13b90-4668-5257-bdd6-40fb06671ad1,2026-07-02T23:30:48.770,auth,OK,0200,FAST,3706.67,SGD,**************4468,MY,43
3eb13b90-4668-5257-bdd6-40fb06671ad1,2026-07-02T23:30:48.941,validation,OK,0200,FAST,3706.67,SGD,**************4468,MY,103
3eb13b90-4668-5257-bdd6-40fb06671ad1,2026-07-02T23:30:49.222,aml,OK,0200,FAST,3706.67,SGD,**************4468,MY,86
3eb13b90-4668-5257-bdd6-40fb06671ad1,2026-07-02T23:30:49.270,payment-hub,OK,0200,FAST,3706.67,SGD,**************4468,MY,72
3eb13b90-4668-5257-bdd6-40fb06671ad1,2026-07-02T23:30:49.476,core-banking,OK,0200,FAST,3706.67,SGD,**************4468,MY,59
3eb13b90-4668-5257-bdd6-40fb06671ad1,2026-07-02T23:30:49.638,settlement,SETTLED,0200,FAST,3706.67,SGD,**************4468,MY,156
3eb13b90-4668-5257-bdd6-40fb06671ad1,2026-07-05T22:11:35.173,gateway,OK,pacs.008,CARDS,370.93,SGD,**************8470,US,28
3eb13b90-4668-5257-bdd6-40fb06671ad1,2026-07-05T22:11:35.241,auth,OK,pacs.008,CARDS,370.93,SGD,**************8470,US,27
3eb13b90-4668-5257-bdd6-40fb06671ad1,2026-07-05T22:12:05.259,validation,OK,pacs.008,CARDS,370.93,SGD,**************8470,US,68
3eb13b90-4668-5257-bdd6-40fb06671ad1,2026-07-05T22:12:05.394,aml,OK,pacs.008,CARDS,370.93,SGD,**************8470,US,270
3eb13b90-4668-5257-bdd6-40fb06671ad1,2026-07-05T22:12:05.495,payment-hub,OK,pacs.008,CARDS,370.93,SGD,**************8470,US,114
3eb13b90-4668-5257-bdd6-40fb06671ad1,2026-07-05T22:12:05.638,core-banking,OK,pacs.008,CARDS,370.93,SGD,**************8470,US,168
3eb13b90-4668-5257-bdd6-40fb06671ad1,2026-07-05T22:12:05.777,settlement,SETTLED,pacs.008,CARDS,370.93,SGD,**************8470,US,290
3eb13b90-4668-5257-bdd6-40fb06671ad1,2026-07-05T01:04:53.014,gateway,OK,pacs.008,CARDS,343.73,MYR,**************9190,MY,48
3eb13b90-4668-5257-bdd6-40fb06671ad1,2026-07-05T01:04:53.137,auth,OK,pacs.008,CARDS,343.73,MYR,**************9190,MY,71
3eb13b90-4668-5257-bdd6-40fb06671ad1,2026-07-05T01:04:53.207,validation,OK,pacs.008,CARDS,343.73,MYR,**************9190,MY,72
3eb13b90-4668-5257-bdd6-40fb06671ad1,2026-07-05T01:04:53.277,aml,OK,pacs.008,CARDS,343.73,MYR,**************9190,MY,91
3eb13b90-4668-5257-bdd6-40fb06671ad1,2026-07-05T01:04:53.330,payment-hub,OK,pacs.008,CARDS,343.73,MYR,**************9190,MY,118
3eb13b90-4668-5257-bdd6-40fb06671ad1,2026-07-05T01:04:53.458,core-banking,OK,pacs.008,CARDS,343.73,MYR,**************9190,MY,169
3eb13b90-4668-5257-bdd6-40fb06671ad1,2026-07-05T01:04:53.499,settlement,SETTLED,pacs.008,CARDS,343.73,MYR,**************9190,MY,302
3eb13b90-4668-5257-bdd6-40fb06671ad1,2026-07-07T19:00:26.272,gateway,OK,pacs.008,FAST,480.19,GBP,**************5191,SG,43
3eb13b90-4668-5257-bdd6-40fb06671ad1,2026-07-07T19:00:26.361,auth,OK,pacs.008,FAST,480.19,GBP,**************5191,SG,47
3eb13b90-4668-5257-bdd6-40fb06671ad1,2026-07-07T19:00:26.466,validation,OK,pacs.008,FAST,480.19,GBP,**************5191,SG,66
3eb13b90-4668-5257-bdd6-40fb06671ad1,2026-07-07T19:00:26.557,aml,OK,pacs.008,FAST,480.19,GBP,**************5191,SG,248
3eb13b90-4668-5257-bdd6-40fb06671ad1,2026-07-07T19:00:26.611,payment-hub,OK,pacs.008,FAST,480.19,GBP,**************5191,SG,62
3eb13b90-4668-5257-bdd6-40fb06671ad1,2026-07-07T19:00:26.637,core-banking,OK,pacs.008,FAST,480.19,GBP,**************5191,SG,223
3eb13b90-4668-5257-bdd6-40fb06671ad1,2026-07-07T19:00:26.667,settlement,SETTLED,pacs.008,FAST,480.19,GBP,**************5191,SG,256
3eb13b90-4668-5257-bdd6-40fb06671ad1,2026-07-13T13:43:45.588,gateway,OK,pacs.008,FAST,194.51,SGD,**************1963,MY,33
3eb13b90-4668-5257-bdd6-40fb06671ad1,2026-07-13T13:43:45.636,auth,OK,pacs.008,FAST,194.51,SGD,**************1963,MY,85
3eb13b90-4668-5257-bdd6-40fb06671ad1,2026-07-13T13:43:45.796,validation,OK,pacs.008,FAST,194.51,SGD,**************1963,MY,69
3eb13b90-4668-5257-bdd6-40fb06671ad1,2026-07-13T13:43:45.865,aml,OK,pacs.008,FAST,194.51,SGD,**************1963,MY,107
3eb13b90-4668-5257-bdd6-40fb06671ad1,2026-07-13T13:43:45.954,payment-hub,OK,pacs.008,FAST,194.51,SGD,**************1963,MY,80
3eb13b90-4668-5257-bdd6-40fb06671ad1,2026-07-13T13:43:45.982,core-banking,OK,pacs.008,FAST,194.51,SGD,**************1963,MY,213
3eb13b90-4668-5257-bdd6-40fb06671ad1,2026-07-13T13:43:46.189,settlement,SETTLED,pacs.008,FAST,194.51,SGD,**************1963,MY,147
3eb13b90-4668-5257-bdd6-40fb06671ad1,2026-07-14T04:14:22.338,gateway,OK,pacs.008,FAST,867.7,INR,**************4577,SG,28
3eb13b90-4668-5257-bdd6-40fb06671ad1,2026-07-14T04:14:22.382,auth,OK,pacs.008,FAST,867.7,INR,**************4577,SG,34
3eb13b90-4668-5257-bdd6-40fb06671ad1,2026-07-14T04:14:22.443,validation,OK,pacs.008,FAST,867.7,INR,**************4577,SG,53
3eb13b90-4668-5257-bdd6-40fb06671ad1,2026-07-14T04:14:22.510,aml,OK,pacs.008,FAST,867.7,INR,**************4577,SG,238
3eb13b90-4668-5257-bdd6-40fb06671ad1,2026-07-14T04:14:22.724,payment-hub,OK,pacs.008,FAST,867.7,INR,**************4577,SG,41
3eb13b90-4668-5257-bdd6-40fb06671ad1,2026-07-14T04:14:22.920,core-banking,OK,pacs.008,FAST,867.7,INR,**************4577,SG,145
3eb13b90-4668-5257-bdd6-40fb06671ad1,2026-07-14T04:14:23.148,settlement,SETTLED,pacs.008,FAST,867.7,INR,**************4577,SG,136
3eb13b90-4668-5257-bdd6-40fb06671ad1,2026-07-06T04:49:57.688,gateway,OK,MT103,SWIFT,432.59,SGD,**************8032,SG,30
3eb13b90-4668-5257-bdd6-40fb06671ad1,2026-07-06T04:49:57.800,auth,OK,MT103,SWIFT,432.59,SGD,**************8032,SG,70
3eb13b90-4668-5257-bdd6-40fb06671ad1,2026-07-06T04:49:58.070,validation,OK,MT103,SWIFT,432.59,SGD,**************8032,SG,79
3eb13b90-4668-5257-bdd6-40fb06671ad1,2026-07-06T04:49:58.320,aml,OK,MT103,SWIFT,432.59,SGD,**************8032,SG,257
3eb13b90-4668-5257-bdd6-40fb06671ad1,2026-07-06T04:49:58.431,payment-hub,OK,MT103,SWIFT,432.59,SGD,**************8032,SG,118
3eb13b90-4668-5257-bdd6-40fb06671ad1,2026-07-06T04:49:58.494,core-banking,OK,MT103,SWIFT,432.59,SGD,**************8032,SG,57
3eb13b90-4668-5257-bdd6-40fb06671ad1,2026-07-06T04:49:58.551,settlement,SETTLED,MT103,SWIFT,432.59,SGD,**************8032,SG,350
3eb13b90-4668-5257-bdd6-40fb06671ad1,2026-07-12T12:37:15.599,gateway,OK,pacs.008,SWIFT,1244.31,SGD,**************9592,IN,45
3eb13b90-4668-5257-bdd6-40fb06671ad1,2026-07-12T12:37:15.908,auth,OK,pacs.008,SWIFT,1244.31,SGD,**************9592,IN,67
3eb13b90-4668-5257-bdd6-40fb06671ad1,2026-07-12T12:37:15.966,validation,OK,pacs.008,SWIFT,1244.31,SGD,**************9592,IN,87
3eb13b90-4668-5257-bdd6-40fb06671ad1,2026-07-12T12:37:16.108,aml,OK,pacs.008,SWIFT,1244.31,SGD,**************9592,IN,296
3eb13b90-4668-5257-bdd6-40fb06671ad1,2026-07-12T12:37:16.341,payment-hub,OK,pacs.008,SWIFT,1244.31,SGD,**************9592,IN,62
3eb13b90-4668-5257-bdd6-40fb06671ad1,2026-07-12T12:37:16.397,core-banking,OK,pacs.008,SWIFT,1244.31,SGD,**************9592,IN,213
3eb13b90-4668-5257-bdd6-40fb06671ad1,2026-07-12T12:37:16.493,settlement,SETTLED,pacs.008,SWIFT,1244.31,SGD,**************9592,IN,192
3eb13b90-4668-5257-bdd6-40fb06671ad1,2026-07-05T21:27:33.699,gateway,OK,pacs.008,SWIFT,397.32,SGD,**************2835,GB,39
3eb13b90-4668-5257-bdd6-40fb06671ad1,2026-07-05T21:27:33.819,auth,OK,pacs.008,SWIFT,397.32,SGD,**************2835,GB,75
3eb13b90-4668-5257-bdd6-40fb06671ad1,2026-07-05T21:27:33.956,validation,OK,pacs.008,SWIFT,397.32,SGD,**************2835,GB,46
3eb13b90-4668-5257-bdd6-40fb06671ad1,2026-07-05T21:28:03.961,aml,OK,pacs.008,SWIFT,397.32,SGD,**************2835,GB,254
3eb13b90-4668-5257-bdd6-40fb06671ad1,2026-07-05T21:28:33.966,payment-hub,OK,pacs.008,SWIFT,397.32,SGD,**************2835,GB,49
3eb13b90-4668-5257-bdd6-40fb06671ad1,2026-07-05T21:28:34.032,core-banking,OK,pacs.008,SWIFT,397.32,SGD,**************2835,GB,211
3eb13b90-4668-5257-bdd6-40fb06671ad1,2026-07-05T21:28:34.111,settlement,SETTLED,pacs.008,SWIFT,397.32,SGD,**************2835,GB,215
3eb13b90-4668-5257-bdd6-40fb06671ad1,2026-07-02T08:53:06.899,gateway,OK,MT103,SWIFT,1646.83,USD,**************4544,SG,43
3eb13b90-4668-5257-bdd6-40fb06671ad1,2026-07-02T08:53:07.080,auth,OK,MT103,SWIFT,1646.83,USD,**************4544,SG,39
3eb13b90-4668-5257-bdd6-40fb06671ad1,2026-07-02T08:53:07.273,validation,OK,MT103,SWIFT,1646.83,USD,**************4544,SG,66
3eb13b90-4668-5257-bdd6-40fb06671ad1,2026-07-02T08:53:07.417,aml,OK,MT103,SWIFT,1646.83,USD,**************4544,SG,271
3eb13b90-4668-5257-bdd6-40fb06671ad1,2026-07-02T08:53:07.705,payment-hub,OK,MT103,SWIFT,1646.83,USD,**************4544,SG,140
3eb13b90-4668-5257-bdd6-40fb06671ad1,2026-07-02T08:53:07.867,core-banking,OK,MT103,SWIFT,1646.83,USD,**************4544,SG,173
3eb13b90-4668-5257-bdd6-40fb06671ad1,2026-07-02T08:53:08.019,settlement,SETTLED,MT103,SWIFT,1646.83,USD,**************4544,SG,323
3eb13b90-4668-5257-bdd6-40fb06671ad1,2026-07-08T07:08:37.721,gateway,OK,0200,CARDS,87.99,SGD,**************2443,SG,42
3eb13b90-4668-5257-bdd6-40fb06671ad1,2026-07-08T07:08:37.967,auth,OK,0200,CARDS,87.99,SGD,**************2443,SG,51
3eb13b90-4668-5257-bdd6-40fb06671ad1,2026-07-08T07:08:38.184,validation,OK,0200,CARDS,87.99,SGD,**************2443,SG,81
3eb13b90-4668-5257-bdd6-40fb06671ad1,2026-07-08T07:08:38.403,aml,OK,0200,CARDS,87.99,SGD,**************2443,SG,224
3eb13b90-4668-5257-bdd6-40fb06671ad1,2026-07-08T07:08:38.514,payment-hub,OK,0200,CARDS,87.99,SGD,**************2443,SG,121
3eb13b90-4668-5257-bdd6-40fb06671ad1,2026-07-08T07:08:38.660,core-banking,OK,0200,CARDS,87.99,SGD,**************2443,SG,217
3eb13b90-4668-5257-bdd6-40fb06671ad1,2026-07-08T07:08:38.719,settlement,SETTLED,0200,CARDS,87.99,SGD,**************2443,SG,382
3eb13b90-4668-5257-bdd6-40fb06671ad1,2026-07-01T19:36:57.261,gateway,OK,MT103,CARDS,2751.84,SGD,**************9660,SG,38
3eb13b90-4668-5257-bdd6-40fb06671ad1,2026-07-01T19:36:57.373,auth,OK,MT103,CARDS,2751.84,SGD,**************9660,SG,59
3eb13b90-4668-5257-bdd6-40fb06671ad1,2026-07-01T19:36:57.619,validation,OK,MT103,CARDS,2751.84,SGD,**************9660,SG,25
3eb13b90-4668-5257-bdd6-40fb06671ad1,2026-07-01T19:36:57.721,aml,OK,MT103,CARDS,2751.84,SGD,**************9660,SG,181
3eb13b90-4668-5257-bdd6-40fb06671ad1,2026-07-01T19:36:57.901,payment-hub,OK,MT103,CARDS,2751.84,SGD,**************9660,SG,117
3eb13b90-4668-5257-bdd6-40fb06671ad1,2026-07-01T19:36:57.974,core-banking,OK,MT103,CARDS,2751.84,SGD,**************9660,SG,194
3eb13b90-4668-5257-bdd6-40fb06671ad1,2026-07-01T19:36:58.005,settlement,SETTLED,MT103,CARDS,2751.84,SGD,**************9660,SG,73
3eb13b90-4668-5257-bdd6-40fb06671ad1,2026-07-06T17:16:24.965,gateway,OK,0200,FAST,204.28,SGD,**************0458,HK,45
3eb13b90-4668-5257-bdd6-40fb06671ad1,2026-07-06T17:16:25.004,auth,OK,0200,FAST,204.28,SGD,**************0458,HK,32
3eb13b90-4668-5257-bdd6-40fb06671ad1,2026-07-06T17:16:25.137,validation,OK,0200,FAST,204.28,SGD,**************0458,HK,44
3eb13b90-4668-5257-bdd6-40fb06671ad1,2026-07-06T17:16:25.220,aml,OK,0200,FAST,204.28,SGD,**************0458,HK,90
3eb13b90-4668-5257-bdd6-40fb06671ad1,2026-07-06T17:16:25.261,payment-hub,OK,0200,FAST,204.28,SGD,**************0458,HK,149
3eb13b90-4668-5257-bdd6-40fb06671ad1,2026-07-06T17:16:25.396,core-banking,OK,0200,FAST,204.28,SGD,**************0458,HK,196
3eb13b90-4668-5257-bdd6-40fb06671ad1,2026-07-06T17:16:25.486,settlement,SETTLED,0200,FAST,204.28,SGD,**************0458,HK,178
3eb13b90-4668-5257-bdd6-40fb06671ad1,2026-07-04T17:10:39.489,gateway,OK,MT103,FAST,2476.5,GBP,**************5479,IN,60
3eb13b90-4668-5257-bdd6-40fb06671ad1,2026-07-04T17:10:39.573,auth,OK,MT103,FAST,2476.5,GBP,**************5479,IN,77
3eb13b90-4668-5257-bdd6-40fb06671ad1,2026-07-04T17:10:39.687,validation,REJECTED,MT103,FAST,2476.5,GBP,**************5479,IN,95
3eb13b90-4668-5257-bdd6-40fb06671ad1,2026-07-11T08:12:56.991,gateway,OK,0200,FAST,2360.11,SGD,**************0353,MY,29
3eb13b90-4668-5257-bdd6-40fb06671ad1,2026-07-11T08:12:57.086,auth,OK,0200,FAST,2360.11,SGD,**************0353,MY,56
3eb13b90-4668-5257-bdd6-40fb06671ad1,2026-07-11T08:12:57.214,validation,OK,0200,FAST,2360.11,SGD,**************0353,MY,59
3eb13b90-4668-5257-bdd6-40fb06671ad1,2026-07-11T08:12:57.331,aml,OK,0200,FAST,2360.11,SGD,**************0353,MY,98
3eb13b90-4668-5257-bdd6-40fb06671ad1,2026-07-11T08:12:57.439,payment-hub,OK,0200,FAST,2360.11,SGD,**************0353,MY,47
3eb13b90-4668-5257-bdd6-40fb06671ad1,2026-07-11T08:12:57.625,core-banking,OK,0200,FAST,2360.11,SGD,**************0353,MY,237
3eb13b90-4668-5257-bdd6-40fb06671ad1,2026-07-11T08:12:57.693,settlement,SETTLED,0200,FAST,2360.11,SGD,**************0353,MY,322
3eb13b90-4668-5257-bdd6-40fb06671ad1,2026-07-02T20:56:52.959,gateway,OK,MT103,FAST,275.37,SGD,**************4448,SG,23
3eb13b90-4668-5257-bdd6-40fb06671ad1,2026-07-02T20:57:22.986,auth,OK,MT103,FAST,275.37,SGD,**************4448,SG,70
3eb13b90-4668-5257-bdd6-40fb06671ad1,2026-07-02T20:57:23.051,validation,OK,MT103,FAST,275.37,SGD,**************4448,SG,68
3eb13b90-4668-5257-bdd6-40fb06671ad1,2026-07-02T20:57:23.152,aml,OK,MT103,FAST,275.37,SGD,**************4448,SG,60
3eb13b90-4668-5257-bdd6-40fb06671ad1,2026-07-02T20:57:23.222,payment-hub,OK,MT103,FAST,275.37,SGD,**************4448,SG,109
3eb13b90-4668-5257-bdd6-40fb06671ad1,2026-07-02T20:57:23.303,core-banking,OK,MT103,FAST,275.37,SGD,**************4448,SG,233
3eb13b90-4668-5257-bdd6-40fb06671ad1,2026-07-02T20:57:23.537,settlement,SETTLED,MT103,FAST,275.37,SGD,**************4448,SG,364
3eb13b90-4668-5257-bdd6-40fb06671ad1,2026-07-13T11:06:38.913,gateway,OK,MT103,FAST,973.83,SGD,**************4030,SG,33
3eb13b90-4668-5257-bdd6-40fb06671ad1,2026-07-13T11:07:08.934,auth,OK,MT103,FAST,973.83,SGD,**************4030,SG,72
3eb13b90-4668-5257-bdd6-40fb06671ad1,2026-07-13T11:07:09.092,validation,OK,MT103,FAST,973.83,SGD,**************4030,SG,45
3eb13b90-4668-5257-bdd6-40fb06671ad1,2026-07-13T11:07:09.256,aml,OK,MT103,FAST,973.83,SGD,**************4030,SG,210
3eb13b90-4668-5257-bdd6-40fb06671ad1,2026-07-13T11:07:09.369,payment-hub,OK,MT103,FAST,973.83,SGD,**************4030,SG,66
3eb13b90-4668-5257-bdd6-40fb06671ad1,2026-07-13T11:07:09.637,core-banking,OK,MT103,FAST,973.83,SGD,**************4030,SG,178
3eb13b90-4668-5257-bdd6-40fb06671ad1,2026-07-13T11:07:09.694,settlement,SETTLED,MT103,FAST,973.83,SGD,**************4030,SG,136
3eb13b90-4668-5257-bdd6-40fb06671ad1,2026-07-06T00:17:30.422,gateway,OK,MT103,SWIFT,558.81,SGD,**************7810,SG,23
3eb13b90-4668-5257-bdd6-40fb06671ad1,2026-07-06T00:17:30.482,auth,OK,MT103,SWIFT,558.81,SGD,**************7810,SG,53
3eb13b90-4668-5257-bdd6-40fb06671ad1,2026-07-06T00:17:30.519,validation,OK,MT103,SWIFT,558.81,SGD,**************7810,SG,115
3eb13b90-4668-5257-bdd6-40fb06671ad1,2026-07-06T00:17:30.599,aml,OK,MT103,SWIFT,558.81,SGD,**************7810,SG,223
3eb13b90-4668-5257-bdd6-40fb06671ad1,2026-07-06T00:17:30.665,payment-hub,OK,MT103,SWIFT,558.81,SGD,**************7810,SG,139
3eb13b90-4668-5257-bdd6-40fb06671ad1,2026-07-06T00:17:30.694,core-banking,OK,MT103,SWIFT,558.81,SGD,**************7810,SG,245
3eb13b90-4668-5257-bdd6-40fb06671ad1,2026-07-06T00:17:30.792,settlement,SETTLED,MT103,SWIFT,558.81,SGD,**************7810,SG,80
3eb13b90-4668-5257-bdd6-40fb06671ad1,2026-07-02T20:37:34.239,gateway,OK,pacs.008,FAST,132.61,SGD,**************1230,SG,19
3eb13b90-4668-5257-bdd6-40fb06671ad1,2026-07-02T20:37:34.325,auth,OK,pacs.008,FAST,132.61,SGD,**************1230,SG,53
3eb13b90-4668-5257-bdd6-40fb06671ad1,2026-07-02T20:37:34.423,validation,OK,pacs.008,FAST,132.61,SGD,**************1230,SG,32
3eb13b90-4668-5257-bdd6-40fb06671ad1,2026-07-02T20:37:34.598,aml,OK,pacs.008,FAST,132.61,SGD,**************1230,SG,295
3eb13b90-4668-5257-bdd6-40fb06671ad1,2026-07-02T20:37:34.866,payment-hub,OK,pacs.008,FAST,132.61,SGD,**************1230,SG,150
3eb13b90-4668-5257-bdd6-40fb06671ad1,2026-07-02T20:37:34.926,core-banking,OK,pacs.008,FAST,132.61,SGD,**************1230,SG,243
3eb13b90-4668-5257-bdd6-40fb06671ad1,2026-07-02T20:37:35.004,settlement,SETTLED,pacs.008,FAST,132.61,SGD,**************1230,SG,365
3eb13b90-4668-5257-bdd6-40fb06671ad1,2026-07-04T19:27:34.563,gateway,OK,MT103,FAST,3432.75,USD,**************4989,SG,43
3eb13b90-4668-5257-bdd6-40fb06671ad1,2026-07-04T19:27:34.663,auth,OK,MT103,FAST,3432.75,USD,**************4989,SG,41
3eb13b90-4668-5257-bdd6-40fb06671ad1,2026-07-04T19:27:34.751,validation,REJECTED,MT103,FAST,3432.75,USD,**************4989,SG,104
3eb13b90-4668-5257-bdd6-40fb06671ad1,2026-07-07T12:59:02.387,gateway,OK,pacs.008,SWIFT,134.36,SGD,**************4322,SG,59
3eb13b90-4668-5257-bdd6-40fb06671ad1,2026-07-07T12:59:02.484,auth,OK,pacs.008,SWIFT,134.36,SGD,**************4322,SG,26
3eb13b90-4668-5257-bdd6-40fb06671ad1,2026-07-07T12:59:02.561,validation,OK,pacs.008,SWIFT,134.36,SGD,**************4322,SG,52
3eb13b90-4668-5257-bdd6-40fb06671ad1,2026-07-07T12:59:02.655,aml,OK,pacs.008,SWIFT,134.36,SGD,**************4322,SG,41
3eb13b90-4668-5257-bdd6-40fb06671ad1,2026-07-07T12:59:02.702,payment-hub,OK,pacs.008,SWIFT,134.36,SGD,**************4322,SG,128
3eb13b90-4668-5257-bdd6-40fb06671ad1,2026-07-07T12:59:02.778,core-banking,OK,pacs.008,SWIFT,134.36,SGD,**************4322,SG,58
3eb13b90-4668-5257-bdd6-40fb06671ad1,2026-07-07T12:59:02.921,settlement,SETTLED,pacs.008,SWIFT,134.36,SGD,**************4322,SG,208
3eb13b90-4668-5257-bdd6-40fb06671ad1,2026-07-10T00:21:47.839,gateway,OK,pacs.008,FAST,218.6,USD,**************7414,IN,34
3eb13b90-4668-5257-bdd6-40fb06671ad1,2026-07-10T00:21:47.935,auth,OK,pacs.008,FAST,218.6,USD,**************7414,IN,38
3eb13b90-4668-5257-bdd6-40fb06671ad1,2026-07-10T00:21:48.076,validation,OK,pacs.008,FAST,218.6,USD,**************7414,IN,34
3eb13b90-4668-5257-bdd6-40fb06671ad1,2026-07-10T00:21:48.111,aml,OK,pacs.008,FAST,218.6,USD,**************7414,IN,68
3eb13b90-4668-5257-bdd6-40fb06671ad1,2026-07-10T00:21:48.252,payment-hub,OK,pacs.008,FAST,218.6,USD,**************7414,IN,97
3eb13b90-4668-5257-bdd6-40fb06671ad1,2026-07-10T00:21:48.450,core-banking,OK,pacs.008,FAST,218.6,USD,**************7414,IN,90
3eb13b90-4668-5257-bdd6-40fb06671ad1,2026-07-10T00:21:48.545,settlement,SETTLED,pacs.008,FAST,218.6,USD,**************7414,IN,233
3eb13b90-4668-5257-bdd6-40fb06671ad1,2026-07-05T12:12:08.672,gateway,OK,pacs.008,SWIFT,1625.36,SGD,**************3395,MY,41
3eb13b90-4668-5257-bdd6-40fb06671ad1,2026-07-05T12:12:08.801,auth,OK,pacs.008,SWIFT,1625.36,SGD,**************3395,MY,70
3eb13b90-4668-5257-bdd6-40fb06671ad1,2026-07-05T12:12:08.918,validation,OK,pacs.008,SWIFT,1625.36,SGD,**************3395,MY,36
3eb13b90-4668-5257-bdd6-40fb06671ad1,2026-07-05T12:12:08.978,aml,TIMEOUT,pacs.008,SWIFT,1625.36,SGD,**************3395,MY,30000
3eb13b90-4668-5257-bdd6-40fb06671ad1,2026-07-05T12:12:09.040,payment-hub,FAILED,pacs.008,SWIFT,1625.36,SGD,**************3395,MY,106
3eb13b90-4668-5257-bdd6-40fb06671ad1,2026-07-07T08:22:28.557,gateway,OK,pacs.008,FAST,368.4,SGD,**************2742,HK,58
3eb13b90-4668-5257-bdd6-40fb06671ad1,2026-07-07T08:22:28.715,auth,OK,pacs.008,FAST,368.4,SGD,**************2742,HK,53
3eb13b90-4668-5257-bdd6-40fb06671ad1,2026-07-07T08:22:29.001,validation,OK,pacs.008,FAST,368.4,SGD,**************2742,HK,61
3eb13b90-4668-5257-bdd6-40fb06671ad1,2026-07-07T08:22:29.065,aml,OK,pacs.008,FAST,368.4,SGD,**************2742,HK,133
3eb13b90-4668-5257-bdd6-40fb06671ad1,2026-07-07T08:22:29.090,payment-hub,OK,pacs.008,FAST,368.4,SGD,**************2742,HK,68
3eb13b90-4668-5257-bdd6-40fb06671ad1,2026-07-07T08:22:29.160,core-banking,OK,pacs.008,FAST,368.4,SGD,**************2742,HK,217
3eb13b90-4668-5257-bdd6-40fb06671ad1,2026-07-07T08:22:29.300,settlement,SETTLED,pacs.008,FAST,368.4,SGD,**************2742,HK,349
3eb13b90-4668-5257-bdd6-40fb06671ad1,2026-07-08T15:12:05.578,gateway,OK,pacs.008,FAST,196.39,SGD,**************1530,SG,28
3eb13b90-4668-5257-bdd6-40fb06671ad1,2026-07-08T15:12:05.632,auth,OK,pacs.008,FAST,196.39,SGD,**************1530,SG,52
3eb13b90-4668-5257-bdd6-40fb06671ad1,2026-07-08T15:12:05.912,validation,OK,pacs.008,FAST,196.39,SGD,**************1530,SG,48
3eb13b90-4668-5257-bdd6-40fb06671ad1,2026-07-08T15:12:06.022,aml,OK,pacs.008,FAST,196.39,SGD,**************1530,SG,160
3eb13b90-4668-5257-bdd6-40fb06671ad1,2026-07-08T15:12:06.241,payment-hub,OK,pacs.008,FAST,196.39,SGD,**************1530,SG,41
3eb13b90-4668-5257-bdd6-40fb06671ad1,2026-07-08T15:12:06.264,core-banking,OK,pacs.008,FAST,196.39,SGD,**************1530,SG,187
3eb13b90-4668-5257-bdd6-40fb06671ad1,2026-07-08T15:12:06.324,settlement,SETTLED,pacs.008,FAST,196.39,SGD,**************1530,SG,111
3eb13b90-4668-5257-bdd6-40fb06671ad1,2026-07-14T12:20:25.883,gateway,OK,MT103,FAST,319.88,USD,**************6062,SG,29
3eb13b90-4668-5257-bdd6-40fb06671ad1,2026-07-14T12:20:25.964,auth,OK,MT103,FAST,319.88,USD,**************6062,SG,61
3eb13b90-4668-5257-bdd6-40fb06671ad1,2026-07-14T12:20:26.080,validation,OK,MT103,FAST,319.88,USD,**************6062,SG,101
3eb13b90-4668-5257-bdd6-40fb06671ad1,2026-07-14T12:20:26.334,aml,OK,MT103,FAST,319.88,USD,**************6062,SG,292
3eb13b90-4668-5257-bdd6-40fb06671ad1,2026-07-14T12:20:26.404,payment-hub,OK,MT103,FAST,319.88,USD,**************6062,SG,53
3eb13b90-4668-5257-bdd6-40fb06671ad1,2026-07-14T12:20:26.611,core-banking,OK,MT103,FAST,319.88,USD,**************6062,SG,98
3eb13b90-4668-5257-bdd6-40fb06671ad1,2026-07-14T12:20:26.675,settlement,SETTLED,MT103,FAST,319.88,USD,**************6062,SG,98
3eb13b90-4668-5257-bdd6-40fb06671ad1,2026-07-10T18:41:35.982,gateway,OK,pacs.008,SWIFT,399.89,EUR,**************2760,SG,19
3eb13b90-4668-5257-bdd6-40fb06671ad1,2026-07-10T18:41:36.048,auth,OK,pacs.008,SWIFT,399.89,EUR,**************2760,SG,39
3eb13b90-4668-5257-bdd6-40fb06671ad1,2026-07-10T18:41:36.156,validation,REJECTED,pacs.008,SWIFT,399.89,EUR,**************2760,SG,85
3eb13b90-4668-5257-bdd6-40fb06671ad1,2026-07-13T14:15:05.280,gateway,OK,MT103,FAST,96.17,EUR,**************9177,SG,31
3eb13b90-4668-5257-bdd6-40fb06671ad1,2026-07-13T14:15:05.382,auth,OK,MT103,FAST,96.17,EUR,**************9177,SG,88
3eb13b90-4668-5257-bdd6-40fb06671ad1,2026-07-13T14:15:05.546,validation,OK,MT103,FAST,96.17,EUR,**************9177,SG,45
3eb13b90-4668-5257-bdd6-40fb06671ad1,2026-07-13T14:15:05.615,aml,OK,MT103,FAST,96.17,EUR,**************9177,SG,79
3eb13b90-4668-5257-bdd6-40fb06671ad1,2026-07-13T14:15:05.689,payment-hub,OK,MT103,FAST,96.17,EUR,**************9177,SG,58
3eb13b90-4668-5257-bdd6-40fb06671ad1,2026-07-13T14:15:05.833,core-banking,OK,MT103,FAST,96.17,EUR,**************9177,SG,239
3eb13b90-4668-5257-bdd6-40fb06671ad1,2026-07-13T14:15:05.895,settlement,SETTLED,MT103,FAST,96.17,EUR,**************9177,SG,395
3eb13b90-4668-5257-bdd6-40fb06671ad1,2026-07-12T08:48:47.222,gateway,OK,pacs.008,SWIFT,5951.79,SGD,**************5447,MY,56
3eb13b90-4668-5257-bdd6-40fb06671ad1,2026-07-12T08:48:47.293,auth,OK,pacs.008,SWIFT,5951.79,SGD,**************5447,MY,48
3eb13b90-4668-5257-bdd6-40fb06671ad1,2026-07-12T08:48:47.333,validation,OK,pacs.008,SWIFT,5951.79,SGD,**************5447,MY,110
3eb13b90-4668-5257-bdd6-40fb06671ad1,2026-07-12T08:48:47.390,aml,OK,pacs.008,SWIFT,5951.79,SGD,**************5447,MY,60
3eb13b90-4668-5257-bdd6-40fb06671ad1,2026-07-12T08:48:47.432,payment-hub,OK,pacs.008,SWIFT,5951.79,SGD,**************5447,MY,148
3eb13b90-4668-5257-bdd6-40fb06671ad1,2026-07-12T08:48:47.604,core-banking,OK,pacs.008,SWIFT,5951.79,SGD,**************5447,MY,62
3eb13b90-4668-5257-bdd6-40fb06671ad1,2026-07-12T08:48:47.727,settlement,SETTLED,pacs.008,SWIFT,5951.79,SGD,**************5447,MY,318
3eb13b90-4668-5257-bdd6-40fb06671ad1,2026-07-03T10:54:17.170,gateway,OK,pacs.008,FAST,63.57,MYR,**************2795,SG,35
3eb13b90-4668-5257-bdd6-40fb06671ad1,2026-07-03T10:54:17.289,auth,OK,pacs.008,FAST,63.57,MYR,**************2795,SG,68
3eb13b90-4668-5257-bdd6-40fb06671ad1,2026-07-03T10:54:17.321,validation,OK,pacs.008,FAST,63.57,MYR,**************2795,SG,97
3eb13b90-4668-5257-bdd6-40fb06671ad1,2026-07-03T10:54:17.373,aml,OK,pacs.008,FAST,63.57,MYR,**************2795,SG,184
3eb13b90-4668-5257-bdd6-40fb06671ad1,2026-07-03T10:54:17.469,payment-hub,OK,pacs.008,FAST,63.57,MYR,**************2795,SG,45
3eb13b90-4668-5257-bdd6-40fb06671ad1,2026-07-03T10:54:17.559,core-banking,OK,pacs.008,FAST,63.57,MYR,**************2795,SG,75
3eb13b90-4668-5257-bdd6-40fb06671ad1,2026-07-03T10:54:17.710,settlement,SETTLED,pacs.008,FAST,63.57,MYR,**************2795,SG,74
3eb13b90-4668-5257-bdd6-40fb06671ad1,2026-07-12T00:15:07.977,gateway,OK,pacs.008,SWIFT,370.65,SGD,**************8265,SG,15
3eb13b90-4668-5257-bdd6-40fb06671ad1,2026-07-12T00:15:08.093,auth,OK,pacs.008,SWIFT,370.65,SGD,**************8265,SG,70
3eb13b90-4668-5257-bdd6-40fb06671ad1,2026-07-12T00:15:08.215,validation,OK,pacs.008,SWIFT,370.65,SGD,**************8265,SG,41
3eb13b90-4668-5257-bdd6-40fb06671ad1,2026-07-12T00:15:08.351,aml,OK,pacs.008,SWIFT,370.65,SGD,**************8265,SG,188
3eb13b90-4668-5257-bdd6-40fb06671ad1,2026-07-12T00:15:08.530,payment-hub,OK,pacs.008,SWIFT,370.65,SGD,**************8265,SG,83
3eb13b90-4668-5257-bdd6-40fb06671ad1,2026-07-12T00:15:08.632,core-banking,OK,pacs.008,SWIFT,370.65,SGD,**************8265,SG,160
3eb13b90-4668-5257-bdd6-40fb06671ad1,2026-07-12T00:15:08.756,settlement,SETTLED,pacs.008,SWIFT,370.65,SGD,**************8265,SG,214
3eb13b90-4668-5257-bdd6-40fb06671ad1,2026-07-02T16:49:19.362,gateway,OK,pacs.008,SWIFT,785.93,MYR,**************2497,IN,18
3eb13b90-4668-5257-bdd6-40fb06671ad1,2026-07-02T16:49:19.534,auth,OK,pacs.008,SWIFT,785.93,MYR,**************2497,IN,58
3eb13b90-4668-5257-bdd6-40fb06671ad1,2026-07-02T16:49:19.632,validation,OK,pacs.008,SWIFT,785.93,MYR,**************2497,IN,56
3eb13b90-4668-5257-bdd6-40fb06671ad1,2026-07-02T16:49:19.671,aml,OK,pacs.008,SWIFT,785.93,MYR,**************2497,IN,89
3eb13b90-4668-5257-bdd6-40fb06671ad1,2026-07-02T16:49:19.760,payment-hub,OK,pacs.008,SWIFT,785.93,MYR,**************2497,IN,145
3eb13b90-4668-5257-bdd6-40fb06671ad1,2026-07-02T16:49:19.877,core-banking,OK,pacs.008,SWIFT,785.93,MYR,**************2497,IN,182
3eb13b90-4668-5257-bdd6-40fb06671ad1,2026-07-02T16:49:19.945,settlement,SETTLED,pacs.008,SWIFT,785.93,MYR,**************2497,IN,217
3eb13b90-4668-5257-bdd6-40fb06671ad1,2026-07-02T00:48:04.889,gateway,OK,pacs.008,FAST,313.06,SGD,**************1064,US,21
3eb13b90-4668-5257-bdd6-40fb06671ad1,2026-07-02T00:48:04.957,auth,OK,pacs.008,FAST,313.06,SGD,**************1064,US,67
3eb13b90-4668-5257-bdd6-40fb06671ad1,2026-07-02T00:48:05.026,validation,OK,pacs.008,FAST,313.06,SGD,**************1064,US,65
3eb13b90-4668-5257-bdd6-40fb06671ad1,2026-07-02T00:48:05.253,aml,OK,pacs.008,FAST,313.06,SGD,**************1064,US,132
3eb13b90-4668-5257-bdd6-40fb06671ad1,2026-07-02T00:48:05.290,payment-hub,OK,pacs.008,FAST,313.06,SGD,**************1064,US,112
3eb13b90-4668-5257-bdd6-40fb06671ad1,2026-07-02T00:48:05.359,core-banking,OK,pacs.008,FAST,313.06,SGD,**************1064,US,124
3eb13b90-4668-5257-bdd6-40fb06671ad1,2026-07-02T00:48:05.407,settlement,SETTLED,pacs.008,FAST,313.06,SGD,**************1064,US,395
3eb13b90-4668-5257-bdd6-40fb06671ad1,2026-07-12T01:56:36.449,gateway,OK,MT103,FAST,269.46,GBP,**************0777,SG,26
3eb13b90-4668-5257-bdd6-40fb06671ad1,2026-07-12T01:56:36.686,auth,OK,MT103,FAST,269.46,GBP,**************0777,SG,28
3eb13b90-4668-5257-bdd6-40fb06671ad1,2026-07-12T01:56:36.795,validation,OK,MT103,FAST,269.46,GBP,**************0777,SG,25
3eb13b90-4668-5257-bdd6-40fb06671ad1,2026-07-12T01:56:36.841,aml,OK,MT103,FAST,269.46,GBP,**************0777,SG,262
3eb13b90-4668-5257-bdd6-40fb06671ad1,2026-07-12T01:56:36.901,payment-hub,OK,MT103,FAST,269.46,GBP,**************0777,SG,53
3eb13b90-4668-5257-bdd6-40fb06671ad1,2026-07-12T01:56:37.045,core-banking,OK,MT103,FAST,269.46,GBP,**************0777,SG,162
3eb13b90-4668-5257-bdd6-40fb06671ad1,2026-07-12T01:56:37.171,settlement,SETTLED,MT103,FAST,269.46,GBP,**************0777,SG,335
3eb13b90-4668-5257-bdd6-40fb06671ad1,2026-07-12T17:13:58.308,gateway,OK,pacs.008,SWIFT,5739.36,SGD,**************1015,SG,32
3eb13b90-4668-5257-bdd6-40fb06671ad1,2026-07-12T17:13:58.362,auth,OK,pacs.008,SWIFT,5739.36,SGD,**************1015,SG,45
3eb13b90-4668-5257-bdd6-40fb06671ad1,2026-07-12T17:13:58.402,validation,OK,pacs.008,SWIFT,5739.36,SGD,**************1015,SG,100
3eb13b90-4668-5257-bdd6-40fb06671ad1,2026-07-12T17:13:58.587,aml,OK,pacs.008,SWIFT,5739.36,SGD,**************1015,SG,52
3eb13b90-4668-5257-bdd6-40fb06671ad1,2026-07-12T17:13:58.683,payment-hub,OK,pacs.008,SWIFT,5739.36,SGD,**************1015,SG,95
3eb13b90-4668-5257-bdd6-40fb06671ad1,2026-07-12T17:13:58.813,core-banking,OK,pacs.008,SWIFT,5739.36,SGD,**************1015,SG,152
3eb13b90-4668-5257-bdd6-40fb06671ad1,2026-07-12T17:13:58.869,settlement,SETTLED,pacs.008,SWIFT,5739.36,SGD,**************1015,SG,294
3eb13b90-4668-5257-bdd6-40fb06671ad1,2026-07-03T07:19:17.655,gateway,OK,pacs.008,SWIFT,2304.67,USD,**************0606,US,57
3eb13b90-4668-5257-bdd6-40fb06671ad1,2026-07-03T07:19:17.753,auth,OK,pacs.008,SWIFT,2304.67,USD,**************0606,US,44
3eb13b90-4668-5257-bdd6-40fb06671ad1,2026-07-03T07:19:17.954,validation,OK,pacs.008,SWIFT,2304.67,USD,**************0606,US,27
3eb13b90-4668-5257-bdd6-40fb06671ad1,2026-07-03T07:19:17.987,aml,OK,pacs.008,SWIFT,2304.67,USD,**************0606,US,72
3eb13b90-4668-5257-bdd6-40fb06671ad1,2026-07-03T07:19:18.057,payment-hub,OK,pacs.008,SWIFT,2304.67,USD,**************0606,US,91
3eb13b90-4668-5257-bdd6-40fb06671ad1,2026-07-03T07:19:18.204,core-banking,OK,pacs.008,SWIFT,2304.67,USD,**************0606,US,94
3eb13b90-4668-5257-bdd6-40fb06671ad1,2026-07-03T07:19:18.252,settlement,SETTLED,pacs.008,SWIFT,2304.67,USD,**************0606,US,201
3eb13b90-4668-5257-bdd6-40fb06671ad1,2026-07-12T11:15:43.058,gateway,OK,MT103,SWIFT,4023.18,SGD,**************5864,GB,34
3eb13b90-4668-5257-bdd6-40fb06671ad1,2026-07-12T11:15:43.175,auth,OK,MT103,SWIFT,4023.18,SGD,**************5864,GB,79
3eb13b90-4668-5257-bdd6-40fb06671ad1,2026-07-12T11:15:43.466,validation,OK,MT103,SWIFT,4023.18,SGD,**************5864,GB,70
3eb13b90-4668-5257-bdd6-40fb06671ad1,2026-07-12T11:15:43.571,aml,OK,MT103,SWIFT,4023.18,SGD,**************5864,GB,131
3eb13b90-4668-5257-bdd6-40fb06671ad1,2026-07-12T11:15:43.648,payment-hub,OK,MT103,SWIFT,4023.18,SGD,**************5864,GB,139
3eb13b90-4668-5257-bdd6-40fb06671ad1,2026-07-12T11:15:43.756,core-banking,OK,MT103,SWIFT,4023.18,SGD,**************5864,GB,200
3eb13b90-4668-5257-bdd6-40fb06671ad1,2026-07-12T11:15:43.864,settlement,SETTLED,MT103,SWIFT,4023.18,SGD,**************5864,GB,225
3eb13b90-4668-5257-bdd6-40fb06671ad1,2026-07-01T21:49:15.307,gateway,OK,MT103,SWIFT,2908.29,SGD,**************3012,IN,22
3eb13b90-4668-5257-bdd6-40fb06671ad1,2026-07-01T21:49:15.366,auth,OK,MT103,SWIFT,2908.29,SGD,**************3012,IN,40
3eb13b90-4668-5257-bdd6-40fb06671ad1,2026-07-01T21:49:15.467,validation,OK,MT103,SWIFT,2908.29,SGD,**************3012,IN,37
3eb13b90-4668-5257-bdd6-40fb06671ad1,2026-07-01T21:49:15.561,aml,OK,MT103,SWIFT,2908.29,SGD,**************3012,IN,250
3eb13b90-4668-5257-bdd6-40fb06671ad1,2026-07-01T21:49:15.622,payment-hub,OK,MT103,SWIFT,2908.29,SGD,**************3012,IN,30
3eb13b90-4668-5257-bdd6-40fb06671ad1,2026-07-01T21:49:15.746,core-banking,OK,MT103,SWIFT,2908.29,SGD,**************3012,IN,107
3eb13b90-4668-5257-bdd6-40fb06671ad1,2026-07-01T21:49:15.870,settlement,SETTLED,MT103,SWIFT,2908.29,SGD,**************3012,IN,208
3eb13b90-4668-5257-bdd6-40fb06671ad1,2026-07-12T06:59:49.128,gateway,OK,MT103,CARDS,2277.65,USD,**************2630,GB,24
3eb13b90-4668-5257-bdd6-40fb06671ad1,2026-07-12T06:59:49.173,auth,OK,MT103,CARDS,2277.65,USD,**************2630,GB,20
3eb13b90-4668-5257-bdd6-40fb06671ad1,2026-07-12T06:59:49.442,validation,OK,MT103,CARDS,2277.65,USD,**************2630,GB,86
3eb13b90-4668-5257-bdd6-40fb06671ad1,2026-07-12T06:59:49.585,aml,OK,MT103,CARDS,2277.65,USD,**************2630,GB,90
3eb13b90-4668-5257-bdd6-40fb06671ad1,2026-07-12T06:59:49.716,payment-hub,OK,MT103,CARDS,2277.65,USD,**************2630,GB,135
3eb13b90-4668-5257-bdd6-40fb06671ad1,2026-07-12T06:59:49.961,core-banking,OK,MT103,CARDS,2277.65,USD,**************2630,GB,173
3eb13b90-4668-5257-bdd6-40fb06671ad1,2026-07-12T06:59:50.018,settlement,SETTLED,MT103,CARDS,2277.65,USD,**************2630,GB,160
3eb13b90-4668-5257-bdd6-40fb06671ad1,2026-07-11T13:01:26.045,gateway,OK,MT103,SWIFT,1234.76,SGD,**************0354,SG,47
3eb13b90-4668-5257-bdd6-40fb06671ad1,2026-07-11T13:01:56.059,auth,OK,MT103,SWIFT,1234.76,SGD,**************0354,SG,81
3eb13b90-4668-5257-bdd6-40fb06671ad1,2026-07-11T13:01:56.211,validation,OK,MT103,SWIFT,1234.76,SGD,**************0354,SG,89
3eb13b90-4668-5257-bdd6-40fb06671ad1,2026-07-11T13:01:56.309,aml,OK,MT103,SWIFT,1234.76,SGD,**************0354,SG,291
3eb13b90-4668-5257-bdd6-40fb06671ad1,2026-07-11T13:01:56.561,payment-hub,OK,MT103,SWIFT,1234.76,SGD,**************0354,SG,99
3eb13b90-4668-5257-bdd6-40fb06671ad1,2026-07-11T13:01:56.633,core-banking,OK,MT103,SWIFT,1234.76,SGD,**************0354,SG,182
3eb13b90-4668-5257-bdd6-40fb06671ad1,2026-07-11T13:01:56.700,settlement,SETTLED,MT103,SWIFT,1234.76,SGD,**************0354,SG,166
3eb13b90-4668-5257-bdd6-40fb06671ad1,2026-07-01T19:04:53.558,gateway,OK,pacs.008,FAST,877.89,USD,**************3139,IN,39
3eb13b90-4668-5257-bdd6-40fb06671ad1,2026-07-01T19:04:53.638,auth,OK,pacs.008,FAST,877.89,USD,**************3139,IN,55
3eb13b90-4668-5257-bdd6-40fb06671ad1,2026-07-01T19:04:53.736,validation,OK,pacs.008,FAST,877.89,USD,**************3139,IN,46
3eb13b90-4668-5257-bdd6-40fb06671ad1,2026-07-01T19:04:53.841,aml,OK,pacs.008,FAST,877.89,USD,**************3139,IN,294
3eb13b90-4668-5257-bdd6-40fb06671ad1,2026-07-01T19:04:53.888,payment-hub,OK,pacs.008,FAST,877.89,USD,**************3139,IN,85
3eb13b90-4668-5257-bdd6-40fb06671ad1,2026-07-01T19:04:53.933,core-banking,OK,pacs.008,FAST,877.89,USD,**************3139,IN,221
3eb13b90-4668-5257-bdd6-40fb06671ad1,2026-07-01T19:04:53.987,settlement,SETTLED,pacs.008,FAST,877.89,USD,**************3139,IN,147
3eb13b90-4668-5257-bdd6-40fb06671ad1,2026-07-13T10:12:29.414,gateway,OK,MT103,SWIFT,148.22,INR,**************9511,SG,30
3eb13b90-4668-5257-bdd6-40fb06671ad1,2026-07-13T10:12:29.479,auth,OK,MT103,SWIFT,148.22,INR,**************9511,SG,76
3eb13b90-4668-5257-bdd6-40fb06671ad1,2026-07-13T10:12:29.607,validation,OK,MT103,SWIFT,148.22,INR,**************9511,SG,47
3eb13b90-4668-5257-bdd6-40fb06671ad1,2026-07-13T10:12:29.694,aml,OK,MT103,SWIFT,148.22,INR,**************9511,SG,181
3eb13b90-4668-5257-bdd6-40fb06671ad1,2026-07-13T10:12:29.788,payment-hub,OK,MT103,SWIFT,148.22,INR,**************9511,SG,128
3eb13b90-4668-5257-bdd6-40fb06671ad1,2026-07-13T10:12:29.896,core-banking,OK,MT103,SWIFT,148.22,INR,**************9511,SG,77
3eb13b90-4668-5257-bdd6-40fb06671ad1,2026-07-13T10:12:30.011,settlement,SETTLED,MT103,SWIFT,148.22,INR,**************9511,SG,103
3eb13b90-4668-5257-bdd6-40fb06671ad1,2026-07-14T01:22:06.789,gateway,OK,pacs.008,FAST,382.98,MYR,**************2193,HK,27
3eb13b90-4668-5257-bdd6-40fb06671ad1,2026-07-14T01:22:06.835,auth,OK,pacs.008,FAST,382.98,MYR,**************2193,HK,64
3eb13b90-4668-5257-bdd6-40fb06671ad1,2026-07-14T01:22:06.941,validation,OK,pacs.008,FAST,382.98,MYR,**************2193,HK,91
3eb13b90-4668-5257-bdd6-40fb06671ad1,2026-07-14T01:22:06.997,aml,OK,pacs.008,FAST,382.98,MYR,**************2193,HK,122
3eb13b90-4668-5257-bdd6-40fb06671ad1,2026-07-14T01:22:07.272,payment-hub,OK,pacs.008,FAST,382.98,MYR,**************2193,HK,133
3eb13b90-4668-5257-bdd6-40fb06671ad1,2026-07-14T01:22:07.413,core-banking,OK,pacs.008,FAST,382.98,MYR,**************2193,HK,75
3eb13b90-4668-5257-bdd6-40fb06671ad1,2026-07-14T01:22:07.535,settlement,SETTLED,pacs.008,FAST,382.98,MYR,**************2193,HK,254
3eb13b90-4668-5257-bdd6-40fb06671ad1,2026-07-09T18:09:32.716,gateway,OK,pacs.008,CARDS,300.64,SGD,**************0316,IN,31
3eb13b90-4668-5257-bdd6-40fb06671ad1,2026-07-09T18:09:32.787,auth,OK,pacs.008,CARDS,300.64,SGD,**************0316,IN,65
3eb13b90-4668-5257-bdd6-40fb06671ad1,2026-07-09T18:09:32.834,validation,OK,pacs.008,CARDS,300.64,SGD,**************0316,IN,45
3eb13b90-4668-5257-bdd6-40fb06671ad1,2026-07-09T18:09:33.108,aml,OK,pacs.008,CARDS,300.64,SGD,**************0316,IN,181
3eb13b90-4668-5257-bdd6-40fb06671ad1,2026-07-09T18:09:33.272,payment-hub,OK,pacs.008,CARDS,300.64,SGD,**************0316,IN,130
3eb13b90-4668-5257-bdd6-40fb06671ad1,2026-07-09T18:09:33.397,core-banking,OK,pacs.008,CARDS,300.64,SGD,**************0316,IN,173
3eb13b90-4668-5257-bdd6-40fb06671ad1,2026-07-09T18:09:33.663,settlement,SETTLED,pacs.008,CARDS,300.64,SGD,**************0316,IN,200
3eb13b90-4668-5257-bdd6-40fb06671ad1,2026-07-11T05:15:58.043,gateway,OK,pacs.008,FAST,2075.51,MYR,**************0857,HK,25
3eb13b90-4668-5257-bdd6-40fb06671ad1,2026-07-11T05:15:58.107,auth,OK,pacs.008,FAST,2075.51,MYR,**************0857,HK,32
3eb13b90-4668-5257-bdd6-40fb06671ad1,2026-07-11T05:15:58.178,validation,OK,pacs.008,FAST,2075.51,MYR,**************0857,HK,80
3eb13b90-4668-5257-bdd6-40fb06671ad1,2026-07-11T05:15:58.247,aml,OK,pacs.008,FAST,2075.51,MYR,**************0857,HK,118
3eb13b90-4668-5257-bdd6-40fb06671ad1,2026-07-11T05:15:58.393,payment-hub,OK,pacs.008,FAST,2075.51,MYR,**************0857,HK,71
3eb13b90-4668-5257-bdd6-40fb06671ad1,2026-07-11T05:15:58.583,core-banking,OK,pacs.008,FAST,2075.51,MYR,**************0857,HK,194
3eb13b90-4668-5257-bdd6-40fb06671ad1,2026-07-11T05:15:58.869,settlement,SETTLED,pacs.008,FAST,2075.51,MYR,**************0857,HK,139
3eb13b90-4668-5257-bdd6-40fb06671ad1,2026-07-11T01:16:46.029,gateway,OK,MT103,SWIFT,360.23,SGD,**************7354,GB,26
3eb13b90-4668-5257-bdd6-40fb06671ad1,2026-07-11T01:16:46.133,auth,OK,MT103,SWIFT,360.23,SGD,**************7354,GB,48
3eb13b90-4668-5257-bdd6-40fb06671ad1,2026-07-11T01:16:46.293,validation,OK,MT103,SWIFT,360.23,SGD,**************7354,GB,107
3eb13b90-4668-5257-bdd6-40fb06671ad1,2026-07-11T01:16:46.466,aml,OK,MT103,SWIFT,360.23,SGD,**************7354,GB,240
3eb13b90-4668-5257-bdd6-40fb06671ad1,2026-07-11T01:16:46.527,payment-hub,OK,MT103,SWIFT,360.23,SGD,**************7354,GB,128
3eb13b90-4668-5257-bdd6-40fb06671ad1,2026-07-11T01:16:46.614,core-banking,OK,MT103,SWIFT,360.23,SGD,**************7354,GB,219
3eb13b90-4668-5257-bdd6-40fb06671ad1,2026-07-11T01:16:46.724,settlement,SETTLED,MT103,SWIFT,360.23,SGD,**************7354,GB,314
3eb13b90-4668-5257-bdd6-40fb06671ad1,2026-07-03T00:06:03.539,gateway,OK,pacs.008,FAST,3163.64,SGD,**************9268,HK,24
3eb13b90-4668-5257-bdd6-40fb06671ad1,2026-07-03T00:06:03.660,auth,OK,pacs.008,FAST,3163.64,SGD,**************9268,HK,31
3eb13b90-4668-5257-bdd6-40fb06671ad1,2026-07-03T00:06:03.741,validation,OK,pacs.008,FAST,3163.64,SGD,**************9268,HK,105
3eb13b90-4668-5257-bdd6-40fb06671ad1,2026-07-03T00:06:03.813,aml,OK,pacs.008,FAST,3163.64,SGD,**************9268,HK,127
3eb13b90-4668-5257-bdd6-40fb06671ad1,2026-07-03T00:06:03.937,payment-hub,OK,pacs.008,FAST,3163.64,SGD,**************9268,HK,119
3eb13b90-4668-5257-bdd6-40fb06671ad1,2026-07-03T00:06:04.043,core-banking,OK,pacs.008,FAST,3163.64,SGD,**************9268,HK,244
3eb13b90-4668-5257-bdd6-40fb06671ad1,2026-07-03T00:06:04.101,settlement,SETTLED,pacs.008,FAST,3163.64,SGD,**************9268,HK,393
3eb13b90-4668-5257-bdd6-40fb06671ad1,2026-07-04T09:52:35.260,gateway,OK,pacs.008,FAST,692.42,SGD,**************0124,SG,23
3eb13b90-4668-5257-bdd6-40fb06671ad1,2026-07-04T09:52:35.356,auth,OK,pacs.008,FAST,692.42,SGD,**************0124,SG,42
3eb13b90-4668-5257-bdd6-40fb06671ad1,2026-07-04T09:52:35.414,validation,OK,pacs.008,FAST,692.42,SGD,**************0124,SG,105
3eb13b90-4668-5257-bdd6-40fb06671ad1,2026-07-04T09:52:35.538,aml,OK,pacs.008,FAST,692.42,SGD,**************0124,SG,60
3eb13b90-4668-5257-bdd6-40fb06671ad1,2026-07-04T09:52:35.700,payment-hub,OK,pacs.008,FAST,692.42,SGD,**************0124,SG,50
3eb13b90-4668-5257-bdd6-40fb06671ad1,2026-07-04T09:52:35.777,core-banking,OK,pacs.008,FAST,692.42,SGD,**************0124,SG,76
3eb13b90-4668-5257-bdd6-40fb06671ad1,2026-07-04T09:52:35.830,settlement,SETTLED,pacs.008,FAST,692.42,SGD,**************0124,SG,213
3eb13b90-4668-5257-bdd6-40fb06671ad1,2026-07-09T13:15:45.246,gateway,OK,pacs.008,CARDS,708.28,USD,**************3607,SG,15
3eb13b90-4668-5257-bdd6-40fb06671ad1,2026-07-09T13:16:15.272,auth,OK,pacs.008,CARDS,708.28,USD,**************3607,SG,20
3eb13b90-4668-5257-bdd6-40fb06671ad1,2026-07-09T13:16:15.387,validation,OK,pacs.008,CARDS,708.28,USD,**************3607,SG,61
3eb13b90-4668-5257-bdd6-40fb06671ad1,2026-07-09T13:16:15.683,aml,OK,pacs.008,CARDS,708.28,USD,**************3607,SG,103
3eb13b90-4668-5257-bdd6-40fb06671ad1,2026-07-09T13:16:15.779,payment-hub,OK,pacs.008,CARDS,708.28,USD,**************3607,SG,144
3eb13b90-4668-5257-bdd6-40fb06671ad1,2026-07-09T13:16:15.947,core-banking,OK,pacs.008,CARDS,708.28,USD,**************3607,SG,124
3eb13b90-4668-5257-bdd6-40fb06671ad1,2026-07-09T13:16:16.095,settlement,SETTLED,pacs.008,CARDS,708.28,USD,**************3607,SG,382
3eb13b90-4668-5257-bdd6-40fb06671ad1,2026-07-07T05:03:52.814,gateway,OK,pacs.008,FAST,252.11,SGD,**************9272,SG,49
3eb13b90-4668-5257-bdd6-40fb06671ad1,2026-07-07T05:03:52.991,auth,OK,pacs.008,FAST,252.11,SGD,**************9272,SG,70
3eb13b90-4668-5257-bdd6-40fb06671ad1,2026-07-07T05:03:53.051,validation,OK,pacs.008,FAST,252.11,SGD,**************9272,SG,65
3eb13b90-4668-5257-bdd6-40fb06671ad1,2026-07-07T05:03:53.163,aml,OK,pacs.008,FAST,252.11,SGD,**************9272,SG,40
3eb13b90-4668-5257-bdd6-40fb06671ad1,2026-07-07T05:03:53.315,payment-hub,OK,pacs.008,FAST,252.11,SGD,**************9272,SG,78
3eb13b90-4668-5257-bdd6-40fb06671ad1,2026-07-07T05:03:53.591,core-banking,OK,pacs.008,FAST,252.11,SGD,**************9272,SG,52
3eb13b90-4668-5257-bdd6-40fb06671ad1,2026-07-07T05:03:53.870,settlement,SETTLED,pacs.008,FAST,252.11,SGD,**************9272,SG,245
3eb13b90-4668-5257-bdd6-40fb06671ad1,2026-07-13T19:09:18.119,gateway,OK,0200,SWIFT,331.68,EUR,**************9945,SG,52
3eb13b90-4668-5257-bdd6-40fb06671ad1,2026-07-13T19:09:18.204,auth,OK,0200,SWIFT,331.68,EUR,**************9945,SG,58
3eb13b90-4668-5257-bdd6-40fb06671ad1,2026-07-13T19:09:18.268,validation,OK,0200,SWIFT,331.68,EUR,**************9945,SG,72
3eb13b90-4668-5257-bdd6-40fb06671ad1,2026-07-13T19:09:18.394,aml,TIMEOUT,0200,SWIFT,331.68,EUR,**************9945,SG,30000
3eb13b90-4668-5257-bdd6-40fb06671ad1,2026-07-13T19:09:18.528,payment-hub,FAILED,0200,SWIFT,331.68,EUR,**************9945,SG,33
3eb13b90-4668-5257-bdd6-40fb06671ad1,2026-07-02T13:56:06.020,gateway,OK,pacs.008,FAST,731.78,USD,**************1593,SG,37
3eb13b90-4668-5257-bdd6-40fb06671ad1,2026-07-02T13:56:06.200,auth,OK,pacs.008,FAST,731.78,USD,**************1593,SG,46
3eb13b90-4668-5257-bdd6-40fb06671ad1,2026-07-02T13:56:06.263,validation,OK,pacs.008,FAST,731.78,USD,**************1593,SG,109
3eb13b90-4668-5257-bdd6-40fb06671ad1,2026-07-02T13:56:06.324,aml,OK,pacs.008,FAST,731.78,USD,**************1593,SG,96
3eb13b90-4668-5257-bdd6-40fb06671ad1,2026-07-02T13:56:06.427,payment-hub,OK,pacs.008,FAST,731.78,USD,**************1593,SG,74
3eb13b90-4668-5257-bdd6-40fb06671ad1,2026-07-02T13:56:06.547,core-banking,OK,pacs.008,FAST,731.78,USD,**************1593,SG,213
3eb13b90-4668-5257-bdd6-40fb06671ad1,2026-07-02T13:56:06.667,settlement,SETTLED,pacs.008,FAST,731.78,USD,**************1593,SG,360
3eb13b90-4668-5257-bdd6-40fb06671ad1,2026-07-08T07:02:31.115,gateway,OK,0200,FAST,275.03,USD,**************8099,SG,38
3eb13b90-4668-5257-bdd6-40fb06671ad1,2026-07-08T07:02:31.165,auth,OK,0200,FAST,275.03,USD,**************8099,SG,84
3eb13b90-4668-5257-bdd6-40fb06671ad1,2026-07-08T07:02:31.272,validation,OK,0200,FAST,275.03,USD,**************8099,SG,85
3eb13b90-4668-5257-bdd6-40fb06671ad1,2026-07-08T07:02:31.313,aml,OK,0200,FAST,275.03,USD,**************8099,SG,195
3eb13b90-4668-5257-bdd6-40fb06671ad1,2026-07-08T07:02:31.459,payment-hub,OK,0200,FAST,275.03,USD,**************8099,SG,129
3eb13b90-4668-5257-bdd6-40fb06671ad1,2026-07-08T07:02:31.502,core-banking,OK,0200,FAST,275.03,USD,**************8099,SG,183
3eb13b90-4668-5257-bdd6-40fb06671ad1,2026-07-08T07:02:31.559,settlement,SETTLED,0200,FAST,275.03,USD,**************8099,SG,274
3eb13b90-4668-5257-bdd6-40fb06671ad1,2026-07-07T10:52:40.068,gateway,OK,MT103,FAST,1086.99,USD,**************4499,IN,49
3eb13b90-4668-5257-bdd6-40fb06671ad1,2026-07-07T10:52:40.117,auth,OK,MT103,FAST,1086.99,USD,**************4499,IN,26
3eb13b90-4668-5257-bdd6-40fb06671ad1,2026-07-07T10:52:40.164,validation,OK,MT103,FAST,1086.99,USD,**************4499,IN,86
3eb13b90-4668-5257-bdd6-40fb06671ad1,2026-07-07T10:52:40.265,aml,OK,MT103,FAST,1086.99,USD,**************4499,IN,140
3eb13b90-4668-5257-bdd6-40fb06671ad1,2026-07-07T10:52:40.294,payment-hub,OK,MT103,FAST,1086.99,USD,**************4499,IN,89
3eb13b90-4668-5257-bdd6-40fb06671ad1,2026-07-07T10:52:40.409,core-banking,OK,MT103,FAST,1086.99,USD,**************4499,IN,71
3eb13b90-4668-5257-bdd6-40fb06671ad1,2026-07-07T10:52:40.539,settlement,SETTLED,MT103,FAST,1086.99,USD,**************4499,IN,244
3eb13b90-4668-5257-bdd6-40fb06671ad1,2026-07-12T22:33:35.013,gateway,OK,0200,FAST,2019.27,SGD,**************7518,GB,29
3eb13b90-4668-5257-bdd6-40fb06671ad1,2026-07-12T22:33:35.268,auth,OK,0200,FAST,2019.27,SGD,**************7518,GB,37
3eb13b90-4668-5257-bdd6-40fb06671ad1,2026-07-12T22:33:35.452,validation,OK,0200,FAST,2019.27,SGD,**************7518,GB,40
3eb13b90-4668-5257-bdd6-40fb06671ad1,2026-07-12T22:33:35.514,aml,OK,0200,FAST,2019.27,SGD,**************7518,GB,86
3eb13b90-4668-5257-bdd6-40fb06671ad1,2026-07-12T22:33:35.621,payment-hub,OK,0200,FAST,2019.27,SGD,**************7518,GB,75
3eb13b90-4668-5257-bdd6-40fb06671ad1,2026-07-12T22:33:35.703,core-banking,OK,0200,FAST,2019.27,SGD,**************7518,GB,158
3eb13b90-4668-5257-bdd6-40fb06671ad1,2026-07-12T22:33:35.841,settlement,SETTLED,0200,FAST,2019.27,SGD,**************7518,GB,247
3eb13b90-4668-5257-bdd6-40fb06671ad1,2026-07-01T21:38:53.993,gateway,OK,pacs.008,CARDS,692.69,SGD,**************4579,IN,37
3eb13b90-4668-5257-bdd6-40fb06671ad1,2026-07-01T21:38:54.092,auth,OK,pacs.008,CARDS,692.69,SGD,**************4579,IN,39
3eb13b90-4668-5257-bdd6-40fb06671ad1,2026-07-01T21:38:54.361,validation,OK,pacs.008,CARDS,692.69,SGD,**************4579,IN,106
3eb13b90-4668-5257-bdd6-40fb06671ad1,2026-07-01T21:38:54.480,aml,OK,pacs.008,CARDS,692.69,SGD,**************4579,IN,145
3eb13b90-4668-5257-bdd6-40fb06671ad1,2026-07-01T21:38:54.646,payment-hub,OK,pacs.008,CARDS,692.69,SGD,**************4579,IN,92
3eb13b90-4668-5257-bdd6-40fb06671ad1,2026-07-01T21:38:54.925,core-banking,OK,pacs.008,CARDS,692.69,SGD,**************4579,IN,105
3eb13b90-4668-5257-bdd6-40fb06671ad1,2026-07-01T21:38:55.043,settlement,SETTLED,pacs.008,CARDS,692.69,SGD,**************4579,IN,140
3eb13b90-4668-5257-bdd6-40fb06671ad1,2026-07-12T08:31:45.448,gateway,OK,pacs.008,FAST,2393.01,SGD,**************0441,SG,58
3eb13b90-4668-5257-bdd6-40fb06671ad1,2026-07-12T08:31:45.525,auth,OK,pacs.008,FAST,2393.01,SGD,**************0441,SG,61
3eb13b90-4668-5257-bdd6-40fb06671ad1,2026-07-12T08:31:45.599,validation,OK,pacs.008,FAST,2393.01,SGD,**************0441,SG,59
3eb13b90-4668-5257-bdd6-40fb06671ad1,2026-07-12T08:32:15.608,aml,OK,pacs.008,FAST,2393.01,SGD,**************0441,SG,168
3eb13b90-4668-5257-bdd6-40fb06671ad1,2026-07-12T08:32:15.778,payment-hub,OK,pacs.008,FAST,2393.01,SGD,**************0441,SG,143
3eb13b90-4668-5257-bdd6-40fb06671ad1,2026-07-12T08:32:15.998,core-banking,OK,pacs.008,FAST,2393.01,SGD,**************0441,SG,51
3eb13b90-4668-5257-bdd6-40fb06671ad1,2026-07-12T08:32:16.063,settlement,SETTLED,pacs.008,FAST,2393.01,SGD,**************0441,SG,188
3eb13b90-4668-5257-bdd6-40fb06671ad1,2026-07-07T16:25:32.413,gateway,OK,pacs.008,CARDS,1378.51,INR,**************9417,SG,20
3eb13b90-4668-5257-bdd6-40fb06671ad1,2026-07-07T16:25:32.502,auth,OK,pacs.008,CARDS,1378.51,INR,**************9417,SG,58
3eb13b90-4668-5257-bdd6-40fb06671ad1,2026-07-07T16:25:32.585,validation,OK,pacs.008,CARDS,1378.51,INR,**************9417,SG,71
3eb13b90-4668-5257-bdd6-40fb06671ad1,2026-07-07T16:25:32.663,aml,OK,pacs.008,CARDS,1378.51,INR,**************9417,SG,61
3eb13b90-4668-5257-bdd6-40fb06671ad1,2026-07-07T16:25:32.696,payment-hub,OK,pacs.008,CARDS,1378.51,INR,**************9417,SG,80
3eb13b90-4668-5257-bdd6-40fb06671ad1,2026-07-07T16:25:32.767,core-banking,OK,pacs.008,CARDS,1378.51,INR,**************9417,SG,123
3eb13b90-4668-5257-bdd6-40fb06671ad1,2026-07-07T16:25:32.882,settlement,SETTLED,pacs.008,CARDS,1378.51,INR,**************9417,SG,323
3eb13b90-4668-5257-bdd6-40fb06671ad1,2026-07-08T14:59:36.028,gateway,OK,pacs.008,SWIFT,258.43,SGD,**************3881,SG,15
3eb13b90-4668-5257-bdd6-40fb06671ad1,2026-07-08T14:59:36.211,auth,OK,pacs.008,SWIFT,258.43,SGD,**************3881,SG,28
3eb13b90-4668-5257-bdd6-40fb06671ad1,2026-07-08T14:59:36.277,validation,OK,pacs.008,SWIFT,258.43,SGD,**************3881,SG,66
3eb13b90-4668-5257-bdd6-40fb06671ad1,2026-07-08T14:59:36.372,aml,OK,pacs.008,SWIFT,258.43,SGD,**************3881,SG,175
3eb13b90-4668-5257-bdd6-40fb06671ad1,2026-07-08T14:59:36.455,payment-hub,OK,pacs.008,SWIFT,258.43,SGD,**************3881,SG,86
3eb13b90-4668-5257-bdd6-40fb06671ad1,2026-07-08T14:59:36.522,core-banking,OK,pacs.008,SWIFT,258.43,SGD,**************3881,SG,192
3eb13b90-4668-5257-bdd6-40fb06671ad1,2026-07-08T14:59:36.605,settlement,SETTLED,pacs.008,SWIFT,258.43,SGD,**************3881,SG,218
3eb13b90-4668-5257-bdd6-40fb06671ad1,2026-07-09T18:54:22.935,gateway,OK,MT103,FAST,384.15,INR,**************9439,US,52
3eb13b90-4668-5257-bdd6-40fb06671ad1,2026-07-09T18:54:23.001,auth,OK,MT103,FAST,384.15,INR,**************9439,US,42
3eb13b90-4668-5257-bdd6-40fb06671ad1,2026-07-09T18:54:23.077,validation,OK,MT103,FAST,384.15,INR,**************9439,US,52
3eb13b90-4668-5257-bdd6-40fb06671ad1,2026-07-09T18:54:23.170,aml,TIMEOUT,MT103,FAST,384.15,INR,**************9439,US,30000
3eb13b90-4668-5257-bdd6-40fb06671ad1,2026-07-09T18:54:23.321,payment-hub,FAILED,MT103,FAST,384.15,INR,**************9439,US,70
3eb13b90-4668-5257-bdd6-40fb06671ad1,2026-07-08T09:34:54.515,gateway,OK,MT103,FAST,96.13,INR,**************5762,IN,32
3eb13b90-4668-5257-bdd6-40fb06671ad1,2026-07-08T09:34:54.561,auth,OK,MT103,FAST,96.13,INR,**************5762,IN,89
3eb13b90-4668-5257-bdd6-40fb06671ad1,2026-07-08T09:34:54.804,validation,OK,MT103,FAST,96.13,INR,**************5762,IN,74
3eb13b90-4668-5257-bdd6-40fb06671ad1,2026-07-08T09:34:54.855,aml,OK,MT103,FAST,96.13,INR,**************5762,IN,176
3eb13b90-4668-5257-bdd6-40fb06671ad1,2026-07-08T09:34:54.899,payment-hub,OK,MT103,FAST,96.13,INR,**************5762,IN,128
3eb13b90-4668-5257-bdd6-40fb06671ad1,2026-07-08T09:34:54.993,core-banking,OK,MT103,FAST,96.13,INR,**************5762,IN,58
3eb13b90-4668-5257-bdd6-40fb06671ad1,2026-07-08T09:34:55.076,settlement,SETTLED,MT103,FAST,96.13,INR,**************5762,IN,282
3eb13b90-4668-5257-bdd6-40fb06671ad1,2026-07-13T06:29:26.964,gateway,OK,pacs.008,FAST,735.56,SGD,**************9388,GB,42
3eb13b90-4668-5257-bdd6-40fb06671ad1,2026-07-13T06:29:27.039,auth,OK,pacs.008,FAST,735.56,SGD,**************9388,GB,75
3eb13b90-4668-5257-bdd6-40fb06671ad1,2026-07-13T06:29:27.105,validation,OK,pacs.008,FAST,735.56,SGD,**************9388,GB,35
3eb13b90-4668-5257-bdd6-40fb06671ad1,2026-07-13T06:29:27.202,aml,OK,pacs.008,FAST,735.56,SGD,**************9388,GB,146
3eb13b90-4668-5257-bdd6-40fb06671ad1,2026-07-13T06:29:27.359,payment-hub,OK,pacs.008,FAST,735.56,SGD,**************9388,GB,40
3eb13b90-4668-5257-bdd6-40fb06671ad1,2026-07-13T06:29:27.567,core-banking,OK,pacs.008,FAST,735.56,SGD,**************9388,GB,189
3eb13b90-4668-5257-bdd6-40fb06671ad1,2026-07-13T06:29:27.697,settlement,SETTLED,pacs.008,FAST,735.56,SGD,**************9388,GB,317
3eb13b90-4668-5257-bdd6-40fb06671ad1,2026-07-06T07:38:26.739,gateway,OK,pacs.008,FAST,2650.52,SGD,**************7782,SG,38
3eb13b90-4668-5257-bdd6-40fb06671ad1,2026-07-06T07:38:26.805,auth,OK,pacs.008,FAST,2650.52,SGD,**************7782,SG,70
3eb13b90-4668-5257-bdd6-40fb06671ad1,2026-07-06T07:38:27.036,validation,OK,pacs.008,FAST,2650.52,SGD,**************7782,SG,72
3eb13b90-4668-5257-bdd6-40fb06671ad1,2026-07-06T07:38:27.078,aml,OK,pacs.008,FAST,2650.52,SGD,**************7782,SG,52
3eb13b90-4668-5257-bdd6-40fb06671ad1,2026-07-06T07:38:27.337,payment-hub,OK,pacs.008,FAST,2650.52,SGD,**************7782,SG,92
3eb13b90-4668-5257-bdd6-40fb06671ad1,2026-07-06T07:38:27.487,core-banking,OK,pacs.008,FAST,2650.52,SGD,**************7782,SG,161
3eb13b90-4668-5257-bdd6-40fb06671ad1,2026-07-06T07:38:27.546,settlement,SETTLED,pacs.008,FAST,2650.52,SGD,**************7782,SG,368
3eb13b90-4668-5257-bdd6-40fb06671ad1,2026-07-03T21:26:41.245,gateway,OK,MT103,SWIFT,2441.19,INR,**************2044,MY,54
3eb13b90-4668-5257-bdd6-40fb06671ad1,2026-07-03T21:26:41.397,auth,OK,MT103,SWIFT,2441.19,INR,**************2044,MY,69
3eb13b90-4668-5257-bdd6-40fb06671ad1,2026-07-03T21:26:41.491,validation,OK,MT103,SWIFT,2441.19,INR,**************2044,MY,29
3eb13b90-4668-5257-bdd6-40fb06671ad1,2026-07-03T21:26:41.532,aml,OK,MT103,SWIFT,2441.19,INR,**************2044,MY,147
3eb13b90-4668-5257-bdd6-40fb06671ad1,2026-07-03T21:26:41.785,payment-hub,OK,MT103,SWIFT,2441.19,INR,**************2044,MY,131
3eb13b90-4668-5257-bdd6-40fb06671ad1,2026-07-03T21:26:41.841,core-banking,OK,MT103,SWIFT,2441.19,INR,**************2044,MY,178
3eb13b90-4668-5257-bdd6-40fb06671ad1,2026-07-03T21:26:41.907,settlement,SETTLED,MT103,SWIFT,2441.19,INR,**************2044,MY,180
3eb13b90-4668-5257-bdd6-40fb06671ad1,2026-07-08T21:36:39.601,gateway,OK,MT103,FAST,916.43,SGD,**************6015,US,26
3eb13b90-4668-5257-bdd6-40fb06671ad1,2026-07-08T21:36:39.791,auth,OK,MT103,FAST,916.43,SGD,**************6015,US,84
3eb13b90-4668-5257-bdd6-40fb06671ad1,2026-07-08T21:36:39.943,validation,OK,MT103,FAST,916.43,SGD,**************6015,US,36
3eb13b90-4668-5257-bdd6-40fb06671ad1,2026-07-08T21:36:40.026,aml,OK,MT103,FAST,916.43,SGD,**************6015,US,172
3eb13b90-4668-5257-bdd6-40fb06671ad1,2026-07-08T21:36:40.085,payment-hub,OK,MT103,FAST,916.43,SGD,**************6015,US,141
3eb13b90-4668-5257-bdd6-40fb06671ad1,2026-07-08T21:36:40.198,core-banking,OK,MT103,FAST,916.43,SGD,**************6015,US,239
3eb13b90-4668-5257-bdd6-40fb06671ad1,2026-07-08T21:36:40.508,settlement,SETTLED,MT103,FAST,916.43,SGD,**************6015,US,353
3eb13b90-4668-5257-bdd6-40fb06671ad1,2026-07-04T12:36:54.004,gateway,OK,pacs.008,FAST,1386.05,MYR,**************1761,SG,53
3eb13b90-4668-5257-bdd6-40fb06671ad1,2026-07-04T12:36:54.089,auth,OK,pacs.008,FAST,1386.05,MYR,**************1761,SG,70
3eb13b90-4668-5257-bdd6-40fb06671ad1,2026-07-04T12:36:54.217,validation,OK,pacs.008,FAST,1386.05,MYR,**************1761,SG,91
3eb13b90-4668-5257-bdd6-40fb06671ad1,2026-07-04T12:36:54.295,aml,OK,pacs.008,FAST,1386.05,MYR,**************1761,SG,75
3eb13b90-4668-5257-bdd6-40fb06671ad1,2026-07-04T12:36:54.481,payment-hub,OK,pacs.008,FAST,1386.05,MYR,**************1761,SG,143
3eb13b90-4668-5257-bdd6-40fb06671ad1,2026-07-04T12:36:54.546,core-banking,OK,pacs.008,FAST,1386.05,MYR,**************1761,SG,165
3eb13b90-4668-5257-bdd6-40fb06671ad1,2026-07-04T12:36:54.659,settlement,SETTLED,pacs.008,FAST,1386.05,MYR,**************1761,SG,127
3eb13b90-4668-5257-bdd6-40fb06671ad1,2026-07-09T07:23:47.674,gateway,OK,pacs.008,FAST,1307.57,USD,**************3066,SG,34
3eb13b90-4668-5257-bdd6-40fb06671ad1,2026-07-09T07:23:47.764,auth,OK,pacs.008,FAST,1307.57,USD,**************3066,SG,63
3eb13b90-4668-5257-bdd6-40fb06671ad1,2026-07-09T07:23:47.959,validation,OK,pacs.008,FAST,1307.57,USD,**************3066,SG,50
3eb13b90-4668-5257-bdd6-40fb06671ad1,2026-07-09T07:23:48.036,aml,OK,pacs.008,FAST,1307.57,USD,**************3066,SG,58
3eb13b90-4668-5257-bdd6-40fb06671ad1,2026-07-09T07:23:48.277,payment-hub,OK,pacs.008,FAST,1307.57,USD,**************3066,SG,47
3eb13b90-4668-5257-bdd6-40fb06671ad1,2026-07-09T07:23:48.321,core-banking,OK,pacs.008,FAST,1307.57,USD,**************3066,SG,130
3eb13b90-4668-5257-bdd6-40fb06671ad1,2026-07-09T07:23:48.501,settlement,SETTLED,pacs.008,FAST,1307.57,USD,**************3066,SG,78
3eb13b90-4668-5257-bdd6-40fb06671ad1,2026-07-11T14:34:58.964,gateway,OK,pacs.008,FAST,176.38,MYR,**************0882,SG,48
3eb13b90-4668-5257-bdd6-40fb06671ad1,2026-07-11T14:34:59.103,auth,OK,pacs.008,FAST,176.38,MYR,**************0882,SG,53
3eb13b90-4668-5257-bdd6-40fb06671ad1,2026-07-11T14:34:59.274,validation,OK,pacs.008,FAST,176.38,MYR,**************0882,SG,59
3eb13b90-4668-5257-bdd6-40fb06671ad1,2026-07-11T14:34:59.352,aml,OK,pacs.008,FAST,176.38,MYR,**************0882,SG,149
3eb13b90-4668-5257-bdd6-40fb06671ad1,2026-07-11T14:34:59.404,payment-hub,OK,pacs.008,FAST,176.38,MYR,**************0882,SG,145
3eb13b90-4668-5257-bdd6-40fb06671ad1,2026-07-11T14:34:59.527,core-banking,OK,pacs.008,FAST,176.38,MYR,**************0882,SG,157
3eb13b90-4668-5257-bdd6-40fb06671ad1,2026-07-11T14:34:59.569,settlement,SETTLED,pacs.008,FAST,176.38,MYR,**************0882,SG,233
3eb13b90-4668-5257-bdd6-40fb06671ad1,2026-07-08T09:06:44.460,gateway,OK,pacs.008,SWIFT,1111.69,SGD,**************1257,IN,46
3eb13b90-4668-5257-bdd6-40fb06671ad1,2026-07-08T09:06:44.553,auth,OK,pacs.008,SWIFT,1111.69,SGD,**************1257,IN,51
3eb13b90-4668-5257-bdd6-40fb06671ad1,2026-07-08T09:06:44.631,validation,OK,pacs.008,SWIFT,1111.69,SGD,**************1257,IN,55
3eb13b90-4668-5257-bdd6-40fb06671ad1,2026-07-08T09:07:14.667,aml,OK,pacs.008,SWIFT,1111.69,SGD,**************1257,IN,130
3eb13b90-4668-5257-bdd6-40fb06671ad1,2026-07-08T09:07:14.744,payment-hub,OK,pacs.008,SWIFT,1111.69,SGD,**************1257,IN,53
3eb13b90-4668-5257-bdd6-40fb06671ad1,2026-07-08T09:07:14.835,core-banking,OK,pacs.008,SWIFT,1111.69,SGD,**************1257,IN,67
3eb13b90-4668-5257-bdd6-40fb06671ad1,2026-07-08T09:07:14.921,settlement,SETTLED,pacs.008,SWIFT,1111.69,SGD,**************1257,IN,136
3eb13b90-4668-5257-bdd6-40fb06671ad1,2026-07-06T02:35:10.305,gateway,OK,pacs.008,FAST,3149.03,USD,**************8982,US,44
3eb13b90-4668-5257-bdd6-40fb06671ad1,2026-07-06T02:35:10.389,auth,OK,pacs.008,FAST,3149.03,USD,**************8982,US,88
3eb13b90-4668-5257-bdd6-40fb06671ad1,2026-07-06T02:35:10.454,validation,OK,pacs.008,FAST,3149.03,USD,**************8982,US,115
3eb13b90-4668-5257-bdd6-40fb06671ad1,2026-07-06T02:35:10.541,aml,OK,pacs.008,FAST,3149.03,USD,**************8982,US,189
3eb13b90-4668-5257-bdd6-40fb06671ad1,2026-07-06T02:35:10.662,payment-hub,OK,pacs.008,FAST,3149.03,USD,**************8982,US,97
3eb13b90-4668-5257-bdd6-40fb06671ad1,2026-07-06T02:35:10.742,core-banking,OK,pacs.008,FAST,3149.03,USD,**************8982,US,222
3eb13b90-4668-5257-bdd6-40fb06671ad1,2026-07-06T02:35:10.852,settlement,SETTLED,pacs.008,FAST,3149.03,USD,**************8982,US,321
3eb13b90-4668-5257-bdd6-40fb06671ad1,2026-07-05T18:17:42.758,gateway,OK,pacs.008,FAST,732.69,USD,**************7703,SG,21
3eb13b90-4668-5257-bdd6-40fb06671ad1,2026-07-05T18:17:42.852,auth,OK,pacs.008,FAST,732.69,USD,**************7703,SG,60
3eb13b90-4668-5257-bdd6-40fb06671ad1,2026-07-05T18:17:42.943,validation,OK,pacs.008,FAST,732.69,USD,**************7703,SG,79
3eb13b90-4668-5257-bdd6-40fb06671ad1,2026-07-05T18:17:43.154,aml,OK,pacs.008,FAST,732.69,USD,**************7703,SG,154
3eb13b90-4668-5257-bdd6-40fb06671ad1,2026-07-05T18:17:43.247,payment-hub,OK,pacs.008,FAST,732.69,USD,**************7703,SG,95
3eb13b90-4668-5257-bdd6-40fb06671ad1,2026-07-05T18:17:43.394,core-banking,OK,pacs.008,FAST,732.69,USD,**************7703,SG,184
3eb13b90-4668-5257-bdd6-40fb06671ad1,2026-07-05T18:17:43.511,settlement,SETTLED,pacs.008,FAST,732.69,USD,**************7703,SG,232
3eb13b90-4668-5257-bdd6-40fb06671ad1,2026-07-03T09:10:22.050,gateway,OK,0200,SWIFT,1821.06,SGD,**************9244,SG,23
3eb13b90-4668-5257-bdd6-40fb06671ad1,2026-07-03T09:10:22.144,auth,OK,0200,SWIFT,1821.06,SGD,**************9244,SG,87
3eb13b90-4668-5257-bdd6-40fb06671ad1,2026-07-03T09:10:22.345,validation,REJECTED,0200,SWIFT,1821.06,SGD,**************9244,SG,113
3eb13b90-4668-5257-bdd6-40fb06671ad1,2026-07-07T15:09:25.594,gateway,OK,pacs.008,FAST,325.11,USD,**************0383,SG,38
3eb13b90-4668-5257-bdd6-40fb06671ad1,2026-07-07T15:09:25.633,auth,OK,pacs.008,FAST,325.11,USD,**************0383,SG,75
3eb13b90-4668-5257-bdd6-40fb06671ad1,2026-07-07T15:09:25.762,validation,OK,pacs.008,FAST,325.11,USD,**************0383,SG,29
3eb13b90-4668-5257-bdd6-40fb06671ad1,2026-07-07T15:09:25.822,aml,OK,pacs.008,FAST,325.11,USD,**************0383,SG,231
3eb13b90-4668-5257-bdd6-40fb06671ad1,2026-07-07T15:09:25.991,payment-hub,OK,pacs.008,FAST,325.11,USD,**************0383,SG,69
3eb13b90-4668-5257-bdd6-40fb06671ad1,2026-07-07T15:09:26.112,core-banking,OK,pacs.008,FAST,325.11,USD,**************0383,SG,165
3eb13b90-4668-5257-bdd6-40fb06671ad1,2026-07-07T15:09:26.218,settlement,SETTLED,pacs.008,FAST,325.11,USD,**************0383,SG,398
3eb13b90-4668-5257-bdd6-40fb06671ad1,2026-07-05T12:28:56.774,gateway,OK,pacs.008,FAST,2251.33,USD,**************5769,SG,19
3eb13b90-4668-5257-bdd6-40fb06671ad1,2026-07-05T12:28:56.919,auth,OK,pacs.008,FAST,2251.33,USD,**************5769,SG,45
3eb13b90-4668-5257-bdd6-40fb06671ad1,2026-07-05T12:28:57.034,validation,OK,pacs.008,FAST,2251.33,USD,**************5769,SG,84
3eb13b90-4668-5257-bdd6-40fb06671ad1,2026-07-05T12:28:57.169,aml,OK,pacs.008,FAST,2251.33,USD,**************5769,SG,123
3eb13b90-4668-5257-bdd6-40fb06671ad1,2026-07-05T12:28:57.239,payment-hub,OK,pacs.008,FAST,2251.33,USD,**************5769,SG,52
3eb13b90-4668-5257-bdd6-40fb06671ad1,2026-07-05T12:28:57.556,core-banking,OK,pacs.008,FAST,2251.33,USD,**************5769,SG,102
3eb13b90-4668-5257-bdd6-40fb06671ad1,2026-07-05T12:28:57.604,settlement,SETTLED,pacs.008,FAST,2251.33,USD,**************5769,SG,81
3eb13b90-4668-5257-bdd6-40fb06671ad1,2026-07-10T02:12:18.597,gateway,OK,MT103,FAST,764.03,SGD,**************3977,SG,60
3eb13b90-4668-5257-bdd6-40fb06671ad1,2026-07-10T02:12:18.767,auth,OK,MT103,FAST,764.03,SGD,**************3977,SG,53
3eb13b90-4668-5257-bdd6-40fb06671ad1,2026-07-10T02:12:18.848,validation,OK,MT103,FAST,764.03,SGD,**************3977,SG,41
3eb13b90-4668-5257-bdd6-40fb06671ad1,2026-07-10T02:12:18.904,aml,OK,MT103,FAST,764.03,SGD,**************3977,SG,254
3eb13b90-4668-5257-bdd6-40fb06671ad1,2026-07-10T02:12:19.055,payment-hub,OK,MT103,FAST,764.03,SGD,**************3977,SG,72
3eb13b90-4668-5257-bdd6-40fb06671ad1,2026-07-10T02:12:19.140,core-banking,OK,MT103,FAST,764.03,SGD,**************3977,SG,206
3eb13b90-4668-5257-bdd6-40fb06671ad1,2026-07-10T02:12:19.261,settlement,SETTLED,MT103,FAST,764.03,SGD,**************3977,SG,315
3eb13b90-4668-5257-bdd6-40fb06671ad1,2026-07-06T18:24:12.635,gateway,OK,pacs.008,FAST,739.85,SGD,**************9033,SG,40
3eb13b90-4668-5257-bdd6-40fb06671ad1,2026-07-06T18:24:12.695,auth,OK,pacs.008,FAST,739.85,SGD,**************9033,SG,65
3eb13b90-4668-5257-bdd6-40fb06671ad1,2026-07-06T18:24:12.830,validation,OK,pacs.008,FAST,739.85,SGD,**************9033,SG,56
3eb13b90-4668-5257-bdd6-40fb06671ad1,2026-07-06T18:24:13.063,aml,OK,pacs.008,FAST,739.85,SGD,**************9033,SG,294
3eb13b90-4668-5257-bdd6-40fb06671ad1,2026-07-06T18:24:13.225,payment-hub,OK,pacs.008,FAST,739.85,SGD,**************9033,SG,38
3eb13b90-4668-5257-bdd6-40fb06671ad1,2026-07-06T18:24:13.314,core-banking,OK,pacs.008,FAST,739.85,SGD,**************9033,SG,75
3eb13b90-4668-5257-bdd6-40fb06671ad1,2026-07-06T18:24:13.534,settlement,SETTLED,pacs.008,FAST,739.85,SGD,**************9033,SG,121
3eb13b90-4668-5257-bdd6-40fb06671ad1,2026-07-05T07:04:11.623,gateway,OK,0200,FAST,951.37,SGD,**************3942,MY,32
3eb13b90-4668-5257-bdd6-40fb06671ad1,2026-07-05T07:04:11.871,auth,OK,0200,FAST,951.37,SGD,**************3942,MY,38
3eb13b90-4668-5257-bdd6-40fb06671ad1,2026-07-05T07:04:11.968,validation,OK,0200,FAST,951.37,SGD,**************3942,MY,86
3eb13b90-4668-5257-bdd6-40fb06671ad1,2026-07-05T07:04:12.295,aml,OK,0200,FAST,951.37,SGD,**************3942,MY,137
3eb13b90-4668-5257-bdd6-40fb06671ad1,2026-07-05T07:04:12.567,payment-hub,OK,0200,FAST,951.37,SGD,**************3942,MY,94
3eb13b90-4668-5257-bdd6-40fb06671ad1,2026-07-05T07:04:12.616,core-banking,OK,0200,FAST,951.37,SGD,**************3942,MY,84
3eb13b90-4668-5257-bdd6-40fb06671ad1,2026-07-05T07:04:12.899,settlement,SETTLED,0200,FAST,951.37,SGD,**************3942,MY,391
3eb13b90-4668-5257-bdd6-40fb06671ad1,2026-07-10T23:25:05.507,gateway,OK,0200,FAST,1866.35,INR,**************5638,MY,21
3eb13b90-4668-5257-bdd6-40fb06671ad1,2026-07-10T23:25:05.577,auth,OK,0200,FAST,1866.35,INR,**************5638,MY,32
3eb13b90-4668-5257-bdd6-40fb06671ad1,2026-07-10T23:25:05.836,validation,OK,0200,FAST,1866.35,INR,**************5638,MY,116
3eb13b90-4668-5257-bdd6-40fb06671ad1,2026-07-10T23:25:06.032,aml,OK,0200,FAST,1866.35,INR,**************5638,MY,116
3eb13b90-4668-5257-bdd6-40fb06671ad1,2026-07-10T23:25:06.099,payment-hub,OK,0200,FAST,1866.35,INR,**************5638,MY,72
3eb13b90-4668-5257-bdd6-40fb06671ad1,2026-07-10T23:25:06.157,core-banking,OK,0200,FAST,1866.35,INR,**************5638,MY,135
3eb13b90-4668-5257-bdd6-40fb06671ad1,2026-07-10T23:25:06.256,settlement,SETTLED,0200,FAST,1866.35,INR,**************5638,MY,167
3eb13b90-4668-5257-bdd6-40fb06671ad1,2026-07-04T19:56:54.069,gateway,OK,pacs.008,SWIFT,1099.18,SGD,**************3805,SG,30
3eb13b90-4668-5257-bdd6-40fb06671ad1,2026-07-04T19:56:54.159,auth,OK,pacs.008,SWIFT,1099.18,SGD,**************3805,SG,70
3eb13b90-4668-5257-bdd6-40fb06671ad1,2026-07-04T19:56:54.214,validation,OK,pacs.008,SWIFT,1099.18,SGD,**************3805,SG,82
3eb13b90-4668-5257-bdd6-40fb06671ad1,2026-07-04T19:56:54.306,aml,OK,pacs.008,SWIFT,1099.18,SGD,**************3805,SG,185
3eb13b90-4668-5257-bdd6-40fb06671ad1,2026-07-04T19:56:54.383,payment-hub,OK,pacs.008,SWIFT,1099.18,SGD,**************3805,SG,98
3eb13b90-4668-5257-bdd6-40fb06671ad1,2026-07-04T19:56:54.446,core-banking,OK,pacs.008,SWIFT,1099.18,SGD,**************3805,SG,140
3eb13b90-4668-5257-bdd6-40fb06671ad1,2026-07-04T19:56:54.509,settlement,SETTLED,pacs.008,SWIFT,1099.18,SGD,**************3805,SG,192
3eb13b90-4668-5257-bdd6-40fb06671ad1,2026-07-03T12:39:46.494,gateway,OK,pacs.008,FAST,394.6,SGD,**************1899,IN,26
3eb13b90-4668-5257-bdd6-40fb06671ad1,2026-07-03T12:39:46.702,auth,OK,pacs.008,FAST,394.6,SGD,**************1899,IN,85
3eb13b90-4668-5257-bdd6-40fb06671ad1,2026-07-03T12:39:46.761,validation,OK,pacs.008,FAST,394.6,SGD,**************1899,IN,87
3eb13b90-4668-5257-bdd6-40fb06671ad1,2026-07-03T12:39:46.901,aml,OK,pacs.008,FAST,394.6,SGD,**************1899,IN,178
3eb13b90-4668-5257-bdd6-40fb06671ad1,2026-07-03T12:39:47.100,payment-hub,OK,pacs.008,FAST,394.6,SGD,**************1899,IN,140
3eb13b90-4668-5257-bdd6-40fb06671ad1,2026-07-03T12:39:47.161,core-banking,OK,pacs.008,FAST,394.6,SGD,**************1899,IN,141
3eb13b90-4668-5257-bdd6-40fb06671ad1,2026-07-03T12:39:47.247,settlement,SETTLED,pacs.008,FAST,394.6,SGD,**************1899,IN,121
3eb13b90-4668-5257-bdd6-40fb06671ad1,2026-07-13T23:02:40.852,gateway,OK,pacs.008,FAST,838.67,SGD,**************4841,SG,43
3eb13b90-4668-5257-bdd6-40fb06671ad1,2026-07-13T23:02:40.913,auth,OK,pacs.008,FAST,838.67,SGD,**************4841,SG,86
3eb13b90-4668-5257-bdd6-40fb06671ad1,2026-07-13T23:02:40.964,validation,OK,pacs.008,FAST,838.67,SGD,**************4841,SG,94
3eb13b90-4668-5257-bdd6-40fb06671ad1,2026-07-13T23:02:41.088,aml,OK,pacs.008,FAST,838.67,SGD,**************4841,SG,44
3eb13b90-4668-5257-bdd6-40fb06671ad1,2026-07-13T23:02:41.317,payment-hub,OK,pacs.008,FAST,838.67,SGD,**************4841,SG,104
3eb13b90-4668-5257-bdd6-40fb06671ad1,2026-07-13T23:02:41.489,core-banking,OK,pacs.008,FAST,838.67,SGD,**************4841,SG,237
3eb13b90-4668-5257-bdd6-40fb06671ad1,2026-07-13T23:02:41.563,settlement,SETTLED,pacs.008,FAST,838.67,SGD,**************4841,SG,104
3eb13b90-4668-5257-bdd6-40fb06671ad1,2026-07-05T21:20:18.567,gateway,OK,0200,FAST,1466.99,MYR,**************3704,SG,29
3eb13b90-4668-5257-bdd6-40fb06671ad1,2026-07-05T21:20:18.729,auth,OK,0200,FAST,1466.99,MYR,**************3704,SG,37
3eb13b90-4668-5257-bdd6-40fb06671ad1,2026-07-05T21:20:18.870,validation,OK,0200,FAST,1466.99,MYR,**************3704,SG,58
3eb13b90-4668-5257-bdd6-40fb06671ad1,2026-07-05T21:20:19.040,aml,OK,0200,FAST,1466.99,MYR,**************3704,SG,279
3eb13b90-4668-5257-bdd6-40fb06671ad1,2026-07-05T21:20:19.133,payment-hub,OK,0200,FAST,1466.99,MYR,**************3704,SG,91
3eb13b90-4668-5257-bdd6-40fb06671ad1,2026-07-05T21:20:19.217,core-banking,OK,0200,FAST,1466.99,MYR,**************3704,SG,140
3eb13b90-4668-5257-bdd6-40fb06671ad1,2026-07-05T21:20:19.348,settlement,SETTLED,0200,FAST,1466.99,MYR,**************3704,SG,143
3eb13b90-4668-5257-bdd6-40fb06671ad1,2026-07-12T01:25:56.581,gateway,OK,MT103,SWIFT,270.91,USD,**************0087,US,37
3eb13b90-4668-5257-bdd6-40fb06671ad1,2026-07-12T01:25:56.791,auth,OK,MT103,SWIFT,270.91,USD,**************0087,US,64
3eb13b90-4668-5257-bdd6-40fb06671ad1,2026-07-12T01:25:56.876,validation,OK,MT103,SWIFT,270.91,USD,**************0087,US,53
3eb13b90-4668-5257-bdd6-40fb06671ad1,2026-07-12T01:25:56.983,aml,OK,MT103,SWIFT,270.91,USD,**************0087,US,262
3eb13b90-4668-5257-bdd6-40fb06671ad1,2026-07-12T01:25:57.115,payment-hub,OK,MT103,SWIFT,270.91,USD,**************0087,US,59
3eb13b90-4668-5257-bdd6-40fb06671ad1,2026-07-12T01:25:57.177,core-banking,OK,MT103,SWIFT,270.91,USD,**************0087,US,144
3eb13b90-4668-5257-bdd6-40fb06671ad1,2026-07-12T01:25:57.213,settlement,SETTLED,MT103,SWIFT,270.91,USD,**************0087,US,307
3eb13b90-4668-5257-bdd6-40fb06671ad1,2026-07-03T23:46:59.032,gateway,OK,MT103,FAST,182.39,USD,**************3817,GB,17
3eb13b90-4668-5257-bdd6-40fb06671ad1,2026-07-03T23:46:59.194,auth,OK,MT103,FAST,182.39,USD,**************3817,GB,54
3eb13b90-4668-5257-bdd6-40fb06671ad1,2026-07-03T23:46:59.236,validation,OK,MT103,FAST,182.39,USD,**************3817,GB,89
3eb13b90-4668-5257-bdd6-40fb06671ad1,2026-07-03T23:46:59.484,aml,OK,MT103,FAST,182.39,USD,**************3817,GB,283
3eb13b90-4668-5257-bdd6-40fb06671ad1,2026-07-03T23:46:59.589,payment-hub,OK,MT103,FAST,182.39,USD,**************3817,GB,58
3eb13b90-4668-5257-bdd6-40fb06671ad1,2026-07-03T23:47:29.596,core-banking,OK,MT103,FAST,182.39,USD,**************3817,GB,93
3eb13b90-4668-5257-bdd6-40fb06671ad1,2026-07-03T23:47:29.656,settlement,SETTLED,MT103,FAST,182.39,USD,**************3817,GB,274
3eb13b90-4668-5257-bdd6-40fb06671ad1,2026-07-13T10:30:10.612,gateway,OK,MT103,FAST,541.87,USD,**************0579,SG,60
3eb13b90-4668-5257-bdd6-40fb06671ad1,2026-07-13T10:30:10.695,auth,OK,MT103,FAST,541.87,USD,**************0579,SG,28
3eb13b90-4668-5257-bdd6-40fb06671ad1,2026-07-13T10:30:10.812,validation,OK,MT103,FAST,541.87,USD,**************0579,SG,25
3eb13b90-4668-5257-bdd6-40fb06671ad1,2026-07-13T10:30:11.014,aml,OK,MT103,FAST,541.87,USD,**************0579,SG,293
3eb13b90-4668-5257-bdd6-40fb06671ad1,2026-07-13T10:30:11.069,payment-hub,OK,MT103,FAST,541.87,USD,**************0579,SG,116
3eb13b90-4668-5257-bdd6-40fb06671ad1,2026-07-13T10:30:11.152,core-banking,OK,MT103,FAST,541.87,USD,**************0579,SG,92
3eb13b90-4668-5257-bdd6-40fb06671ad1,2026-07-13T10:30:11.230,settlement,SETTLED,MT103,FAST,541.87,USD,**************0579,SG,186
3eb13b90-4668-5257-bdd6-40fb06671ad1,2026-07-03T09:32:24.313,gateway,OK,pacs.008,SWIFT,343.35,SGD,**************3230,SG,52
3eb13b90-4668-5257-bdd6-40fb06671ad1,2026-07-03T09:32:24.398,auth,OK,pacs.008,SWIFT,343.35,SGD,**************3230,SG,73
3eb13b90-4668-5257-bdd6-40fb06671ad1,2026-07-03T09:32:24.532,validation,OK,pacs.008,SWIFT,343.35,SGD,**************3230,SG,84
3eb13b90-4668-5257-bdd6-40fb06671ad1,2026-07-03T09:32:24.644,aml,OK,pacs.008,SWIFT,343.35,SGD,**************3230,SG,55
3eb13b90-4668-5257-bdd6-40fb06671ad1,2026-07-03T09:32:24.706,payment-hub,OK,pacs.008,SWIFT,343.35,SGD,**************3230,SG,108
3eb13b90-4668-5257-bdd6-40fb06671ad1,2026-07-03T09:32:24.930,core-banking,OK,pacs.008,SWIFT,343.35,SGD,**************3230,SG,233
3eb13b90-4668-5257-bdd6-40fb06671ad1,2026-07-03T09:32:25.077,settlement,SETTLED,pacs.008,SWIFT,343.35,SGD,**************3230,SG,88
3eb13b90-4668-5257-bdd6-40fb06671ad1,2026-07-14T23:27:11.093,gateway,OK,pacs.008,FAST,635.23,EUR,**************4782,SG,37
3eb13b90-4668-5257-bdd6-40fb06671ad1,2026-07-14T23:27:11.205,auth,OK,pacs.008,FAST,635.23,EUR,**************4782,SG,23
3eb13b90-4668-5257-bdd6-40fb06671ad1,2026-07-14T23:27:11.283,validation,OK,pacs.008,FAST,635.23,EUR,**************4782,SG,70
3eb13b90-4668-5257-bdd6-40fb06671ad1,2026-07-14T23:27:11.356,aml,OK,pacs.008,FAST,635.23,EUR,**************4782,SG,60
3eb13b90-4668-5257-bdd6-40fb06671ad1,2026-07-14T23:27:11.460,payment-hub,OK,pacs.008,FAST,635.23,EUR,**************4782,SG,111
3eb13b90-4668-5257-bdd6-40fb06671ad1,2026-07-14T23:27:41.483,core-banking,OK,pacs.008,FAST,635.23,EUR,**************4782,SG,161
3eb13b90-4668-5257-bdd6-40fb06671ad1,2026-07-14T23:27:41.587,settlement,SETTLED,pacs.008,FAST,635.23,EUR,**************4782,SG,113
3eb13b90-4668-5257-bdd6-40fb06671ad1,2026-07-07T06:15:01.605,gateway,OK,pacs.008,FAST,881.07,USD,**************6700,US,45
3eb13b90-4668-5257-bdd6-40fb06671ad1,2026-07-07T06:15:01.795,auth,OK,pacs.008,FAST,881.07,USD,**************6700,US,36
3eb13b90-4668-5257-bdd6-40fb06671ad1,2026-07-07T06:15:01.856,validation,OK,pacs.008,FAST,881.07,USD,**************6700,US,112
3eb13b90-4668-5257-bdd6-40fb06671ad1,2026-07-07T06:15:02.138,aml,OK,pacs.008,FAST,881.07,USD,**************6700,US,230
3eb13b90-4668-5257-bdd6-40fb06671ad1,2026-07-07T06:15:02.277,payment-hub,OK,pacs.008,FAST,881.07,USD,**************6700,US,93
3eb13b90-4668-5257-bdd6-40fb06671ad1,2026-07-07T06:15:02.496,core-banking,OK,pacs.008,FAST,881.07,USD,**************6700,US,105
3eb13b90-4668-5257-bdd6-40fb06671ad1,2026-07-07T06:15:02.556,settlement,SETTLED,pacs.008,FAST,881.07,USD,**************6700,US,99
3eb13b90-4668-5257-bdd6-40fb06671ad1,2026-07-02T06:30:51.760,gateway,OK,pacs.008,FAST,271.51,USD,**************7012,SG,24
3eb13b90-4668-5257-bdd6-40fb06671ad1,2026-07-02T06:30:51.829,auth,OK,pacs.008,FAST,271.51,USD,**************7012,SG,83
3eb13b90-4668-5257-bdd6-40fb06671ad1,2026-07-02T06:30:51.889,validation,OK,pacs.008,FAST,271.51,USD,**************7012,SG,82
3eb13b90-4668-5257-bdd6-40fb06671ad1,2026-07-02T06:30:51.979,aml,OK,pacs.008,FAST,271.51,USD,**************7012,SG,289
3eb13b90-4668-5257-bdd6-40fb06671ad1,2026-07-02T06:30:52.097,payment-hub,OK,pacs.008,FAST,271.51,USD,**************7012,SG,98
3eb13b90-4668-5257-bdd6-40fb06671ad1,2026-07-02T06:30:52.205,core-banking,OK,pacs.008,FAST,271.51,USD,**************7012,SG,108
3eb13b90-4668-5257-bdd6-40fb06671ad1,2026-07-02T06:30:52.278,settlement,SETTLED,pacs.008,FAST,271.51,USD,**************7012,SG,196
3eb13b90-4668-5257-bdd6-40fb06671ad1,2026-07-11T02:36:56.051,gateway,OK,pacs.008,FAST,421.79,MYR,**************4298,IN,56
3eb13b90-4668-5257-bdd6-40fb06671ad1,2026-07-11T02:36:56.118,auth,OK,pacs.008,FAST,421.79,MYR,**************4298,IN,47
3eb13b90-4668-5257-bdd6-40fb06671ad1,2026-07-11T02:36:56.270,validation,OK,pacs.008,FAST,421.79,MYR,**************4298,IN,46
3eb13b90-4668-5257-bdd6-40fb06671ad1,2026-07-11T02:36:56.331,aml,OK,pacs.008,FAST,421.79,MYR,**************4298,IN,252
3eb13b90-4668-5257-bdd6-40fb06671ad1,2026-07-11T02:36:56.388,payment-hub,OK,pacs.008,FAST,421.79,MYR,**************4298,IN,146
3eb13b90-4668-5257-bdd6-40fb06671ad1,2026-07-11T02:36:56.659,core-banking,OK,pacs.008,FAST,421.79,MYR,**************4298,IN,203
3eb13b90-4668-5257-bdd6-40fb06671ad1,2026-07-11T02:36:56.748,settlement,SETTLED,pacs.008,FAST,421.79,MYR,**************4298,IN,253
3eb13b90-4668-5257-bdd6-40fb06671ad1,2026-07-03T23:48:23.431,gateway,OK,MT103,SWIFT,509.51,EUR,**************8624,GB,33
3eb13b90-4668-5257-bdd6-40fb06671ad1,2026-07-03T23:48:23.475,auth,OK,MT103,SWIFT,509.51,EUR,**************8624,GB,38
3eb13b90-4668-5257-bdd6-40fb06671ad1,2026-07-03T23:48:23.608,validation,OK,MT103,SWIFT,509.51,EUR,**************8624,GB,98
3eb13b90-4668-5257-bdd6-40fb06671ad1,2026-07-03T23:48:23.717,aml,OK,MT103,SWIFT,509.51,EUR,**************8624,GB,256
3eb13b90-4668-5257-bdd6-40fb06671ad1,2026-07-03T23:48:23.834,payment-hub,OK,MT103,SWIFT,509.51,EUR,**************8624,GB,82
3eb13b90-4668-5257-bdd6-40fb06671ad1,2026-07-03T23:48:24.025,core-banking,OK,MT103,SWIFT,509.51,EUR,**************8624,GB,75
3eb13b90-4668-5257-bdd6-40fb06671ad1,2026-07-03T23:48:24.156,settlement,SETTLED,MT103,SWIFT,509.51,EUR,**************8624,GB,315
3eb13b90-4668-5257-bdd6-40fb06671ad1,2026-07-02T04:25:53.265,gateway,OK,pacs.008,SWIFT,753.86,SGD,**************3296,HK,38
3eb13b90-4668-5257-bdd6-40fb06671ad1,2026-07-02T04:25:53.336,auth,OK,pacs.008,SWIFT,753.86,SGD,**************3296,HK,72
3eb13b90-4668-5257-bdd6-40fb06671ad1,2026-07-02T04:25:53.404,validation,OK,pacs.008,SWIFT,753.86,SGD,**************3296,HK,36
3eb13b90-4668-5257-bdd6-40fb06671ad1,2026-07-02T04:25:53.611,aml,OK,pacs.008,SWIFT,753.86,SGD,**************3296,HK,55
3eb13b90-4668-5257-bdd6-40fb06671ad1,2026-07-02T04:25:53.665,payment-hub,OK,pacs.008,SWIFT,753.86,SGD,**************3296,HK,48
3eb13b90-4668-5257-bdd6-40fb06671ad1,2026-07-02T04:25:53.757,core-banking,OK,pacs.008,SWIFT,753.86,SGD,**************3296,HK,248
3eb13b90-4668-5257-bdd6-40fb06671ad1,2026-07-02T04:25:53.844,settlement,SETTLED,pacs.008,SWIFT,753.86,SGD,**************3296,HK,311
3eb13b90-4668-5257-bdd6-40fb06671ad1,2026-07-14T16:09:14.559,gateway,OK,pacs.008,FAST,764.19,SGD,**************8548,SG,32
3eb13b90-4668-5257-bdd6-40fb06671ad1,2026-07-14T16:09:14.760,auth,OK,pacs.008,FAST,764.19,SGD,**************8548,SG,24
3eb13b90-4668-5257-bdd6-40fb06671ad1,2026-07-14T16:09:14.843,validation,OK,pacs.008,FAST,764.19,SGD,**************8548,SG,105
3eb13b90-4668-5257-bdd6-40fb06671ad1,2026-07-14T16:09:44.860,aml,TIMEOUT,pacs.008,FAST,764.19,SGD,**************8548,SG,30000
3eb13b90-4668-5257-bdd6-40fb06671ad1,2026-07-14T16:09:45.071,payment-hub,FAILED,pacs.008,FAST,764.19,SGD,**************8548,SG,145
3eb13b90-4668-5257-bdd6-40fb06671ad1,2026-07-08T02:28:34.466,gateway,OK,pacs.008,SWIFT,1354.14,MYR,**************0457,MY,58
3eb13b90-4668-5257-bdd6-40fb06671ad1,2026-07-08T02:28:34.558,auth,OK,pacs.008,SWIFT,1354.14,MYR,**************0457,MY,40
3eb13b90-4668-5257-bdd6-40fb06671ad1,2026-07-08T02:28:34.811,validation,OK,pacs.008,SWIFT,1354.14,MYR,**************0457,MY,95
3eb13b90-4668-5257-bdd6-40fb06671ad1,2026-07-08T02:28:34.990,aml,OK,pacs.008,SWIFT,1354.14,MYR,**************0457,MY,133
3eb13b90-4668-5257-bdd6-40fb06671ad1,2026-07-08T02:28:35.287,payment-hub,OK,pacs.008,SWIFT,1354.14,MYR,**************0457,MY,60
3eb13b90-4668-5257-bdd6-40fb06671ad1,2026-07-08T02:28:35.362,core-banking,OK,pacs.008,SWIFT,1354.14,MYR,**************0457,MY,237
3eb13b90-4668-5257-bdd6-40fb06671ad1,2026-07-08T02:28:35.436,settlement,SETTLED,pacs.008,SWIFT,1354.14,MYR,**************0457,MY,212
3eb13b90-4668-5257-bdd6-40fb06671ad1,2026-07-13T15:01:28.867,gateway,OK,pacs.008,SWIFT,421.61,EUR,**************3373,US,51
3eb13b90-4668-5257-bdd6-40fb06671ad1,2026-07-13T15:01:28.955,auth,OK,pacs.008,SWIFT,421.61,EUR,**************3373,US,81
3eb13b90-4668-5257-bdd6-40fb06671ad1,2026-07-13T15:01:29.054,validation,OK,pacs.008,SWIFT,421.61,EUR,**************3373,US,75
3eb13b90-4668-5257-bdd6-40fb06671ad1,2026-07-13T15:01:29.121,aml,OK,pacs.008,SWIFT,421.61,EUR,**************3373,US,285
3eb13b90-4668-5257-bdd6-40fb06671ad1,2026-07-13T15:01:29.246,payment-hub,OK,pacs.008,SWIFT,421.61,EUR,**************3373,US,53
3eb13b90-4668-5257-bdd6-40fb06671ad1,2026-07-13T15:01:29.324,core-banking,OK,pacs.008,SWIFT,421.61,EUR,**************3373,US,211
3eb13b90-4668-5257-bdd6-40fb06671ad1,2026-07-13T15:01:29.425,settlement,SETTLED,pacs.008,SWIFT,421.61,EUR,**************3373,US,131
3eb13b90-4668-5257-bdd6-40fb06671ad1,2026-07-03T02:46:22.424,gateway,OK,MT103,FAST,445.94,SGD,**************3532,US,51
3eb13b90-4668-5257-bdd6-40fb06671ad1,2026-07-03T02:46:22.562,auth,OK,MT103,FAST,445.94,SGD,**************3532,US,73
3eb13b90-4668-5257-bdd6-40fb06671ad1,2026-07-03T02:46:22.712,validation,OK,MT103,FAST,445.94,SGD,**************3532,US,82
3eb13b90-4668-5257-bdd6-40fb06671ad1,2026-07-03T02:46:22.930,aml,OK,MT103,FAST,445.94,SGD,**************3532,US,125
3eb13b90-4668-5257-bdd6-40fb06671ad1,2026-07-03T02:46:23.011,payment-hub,OK,MT103,FAST,445.94,SGD,**************3532,US,111
3eb13b90-4668-5257-bdd6-40fb06671ad1,2026-07-03T02:46:23.129,core-banking,OK,MT103,FAST,445.94,SGD,**************3532,US,236
3eb13b90-4668-5257-bdd6-40fb06671ad1,2026-07-03T02:46:23.440,settlement,SETTLED,MT103,FAST,445.94,SGD,**************3532,US,282
3eb13b90-4668-5257-bdd6-40fb06671ad1,2026-07-12T03:55:31.214,gateway,OK,MT103,SWIFT,3431.07,SGD,**************0715,SG,44
3eb13b90-4668-5257-bdd6-40fb06671ad1,2026-07-12T03:55:31.315,auth,OK,MT103,SWIFT,3431.07,SGD,**************0715,SG,20
3eb13b90-4668-5257-bdd6-40fb06671ad1,2026-07-12T03:55:31.401,validation,OK,MT103,SWIFT,3431.07,SGD,**************0715,SG,74
3eb13b90-4668-5257-bdd6-40fb06671ad1,2026-07-12T03:55:31.524,aml,OK,MT103,SWIFT,3431.07,SGD,**************0715,SG,201
3eb13b90-4668-5257-bdd6-40fb06671ad1,2026-07-12T03:55:31.786,payment-hub,OK,MT103,SWIFT,3431.07,SGD,**************0715,SG,114
3eb13b90-4668-5257-bdd6-40fb06671ad1,2026-07-12T03:55:31.867,core-banking,OK,MT103,SWIFT,3431.07,SGD,**************0715,SG,160
3eb13b90-4668-5257-bdd6-40fb06671ad1,2026-07-12T03:55:31.950,settlement,SETTLED,MT103,SWIFT,3431.07,SGD,**************0715,SG,269
3eb13b90-4668-5257-bdd6-40fb06671ad1,2026-07-02T12:44:52.411,gateway,OK,MT103,SWIFT,916.21,SGD,**************3831,MY,17
3eb13b90-4668-5257-bdd6-40fb06671ad1,2026-07-02T12:44:52.727,auth,OK,MT103,SWIFT,916.21,SGD,**************3831,MY,81
3eb13b90-4668-5257-bdd6-40fb06671ad1,2026-07-02T12:44:52.806,validation,REJECTED,MT103,SWIFT,916.21,SGD,**************3831,MY,84
3eb13b90-4668-5257-bdd6-40fb06671ad1,2026-07-14T18:12:30.327,gateway,OK,pacs.008,FAST,742.83,SGD,**************1872,SG,40
3eb13b90-4668-5257-bdd6-40fb06671ad1,2026-07-14T18:12:30.381,auth,OK,pacs.008,FAST,742.83,SGD,**************1872,SG,54
3eb13b90-4668-5257-bdd6-40fb06671ad1,2026-07-14T18:12:30.499,validation,OK,pacs.008,FAST,742.83,SGD,**************1872,SG,65
3eb13b90-4668-5257-bdd6-40fb06671ad1,2026-07-14T18:12:30.542,aml,OK,pacs.008,FAST,742.83,SGD,**************1872,SG,110
3eb13b90-4668-5257-bdd6-40fb06671ad1,2026-07-14T18:12:30.698,payment-hub,OK,pacs.008,FAST,742.83,SGD,**************1872,SG,107
3eb13b90-4668-5257-bdd6-40fb06671ad1,2026-07-14T18:12:30.736,core-banking,OK,pacs.008,FAST,742.83,SGD,**************1872,SG,246
3eb13b90-4668-5257-bdd6-40fb06671ad1,2026-07-14T18:12:30.961,settlement,SETTLED,pacs.008,FAST,742.83,SGD,**************1872,SG,281
3eb13b90-4668-5257-bdd6-40fb06671ad1,2026-07-06T17:25:01.593,gateway,OK,pacs.008,SWIFT,651.91,GBP,**************1506,US,42
3eb13b90-4668-5257-bdd6-40fb06671ad1,2026-07-06T17:25:01.708,auth,OK,pacs.008,SWIFT,651.91,GBP,**************1506,US,88
3eb13b90-4668-5257-bdd6-40fb06671ad1,2026-07-06T17:25:01.775,validation,OK,pacs.008,SWIFT,651.91,GBP,**************1506,US,112
3eb13b90-4668-5257-bdd6-40fb06671ad1,2026-07-06T17:25:01.841,aml,OK,pacs.008,SWIFT,651.91,GBP,**************1506,US,172
3eb13b90-4668-5257-bdd6-40fb06671ad1,2026-07-06T17:25:01.937,payment-hub,OK,pacs.008,SWIFT,651.91,GBP,**************1506,US,113
3eb13b90-4668-5257-bdd6-40fb06671ad1,2026-07-06T17:25:02.072,core-banking,OK,pacs.008,SWIFT,651.91,GBP,**************1506,US,243
3eb13b90-4668-5257-bdd6-40fb06671ad1,2026-07-06T17:25:02.243,settlement,SETTLED,pacs.008,SWIFT,651.91,GBP,**************1506,US,151
3eb13b90-4668-5257-bdd6-40fb06671ad1,2026-07-10T20:05:01.815,gateway,OK,pacs.008,FAST,775.64,SGD,**************7556,SG,28
3eb13b90-4668-5257-bdd6-40fb06671ad1,2026-07-10T20:05:02.062,auth,OK,pacs.008,FAST,775.64,SGD,**************7556,SG,64
3eb13b90-4668-5257-bdd6-40fb06671ad1,2026-07-10T20:05:02.293,validation,OK,pacs.008,FAST,775.64,SGD,**************7556,SG,44
3eb13b90-4668-5257-bdd6-40fb06671ad1,2026-07-10T20:05:02.481,aml,OK,pacs.008,FAST,775.64,SGD,**************7556,SG,52
3eb13b90-4668-5257-bdd6-40fb06671ad1,2026-07-10T20:05:02.666,payment-hub,OK,pacs.008,FAST,775.64,SGD,**************7556,SG,58
3eb13b90-4668-5257-bdd6-40fb06671ad1,2026-07-10T20:05:02.877,core-banking,OK,pacs.008,FAST,775.64,SGD,**************7556,SG,87
3eb13b90-4668-5257-bdd6-40fb06671ad1,2026-07-10T20:05:02.989,settlement,SETTLED,pacs.008,FAST,775.64,SGD,**************7556,SG,319
3eb13b90-4668-5257-bdd6-40fb06671ad1,2026-07-07T09:44:20.593,gateway,OK,0200,FAST,531.39,SGD,**************7095,SG,20
3eb13b90-4668-5257-bdd6-40fb06671ad1,2026-07-07T09:44:20.639,auth,OK,0200,FAST,531.39,SGD,**************7095,SG,74
3eb13b90-4668-5257-bdd6-40fb06671ad1,2026-07-07T09:44:20.718,validation,OK,0200,FAST,531.39,SGD,**************7095,SG,89
3eb13b90-4668-5257-bdd6-40fb06671ad1,2026-07-07T09:44:50.757,aml,OK,0200,FAST,531.39,SGD,**************7095,SG,91
3eb13b90-4668-5257-bdd6-40fb06671ad1,2026-07-07T09:44:50.990,payment-hub,OK,0200,FAST,531.39,SGD,**************7095,SG,89
3eb13b90-4668-5257-bdd6-40fb06671ad1,2026-07-07T09:44:51.065,core-banking,OK,0200,FAST,531.39,SGD,**************7095,SG,214
3eb13b90-4668-5257-bdd6-40fb06671ad1,2026-07-07T09:44:51.117,settlement,SETTLED,0200,FAST,531.39,SGD,**************7095,SG,143
3eb13b90-4668-5257-bdd6-40fb06671ad1,2026-07-11T02:39:16.811,gateway,OK,pacs.008,SWIFT,3042.71,SGD,**************3596,HK,21
3eb13b90-4668-5257-bdd6-40fb06671ad1,2026-07-11T02:39:16.959,auth,OK,pacs.008,SWIFT,3042.71,SGD,**************3596,HK,36
3eb13b90-4668-5257-bdd6-40fb06671ad1,2026-07-11T02:39:46.970,validation,OK,pacs.008,SWIFT,3042.71,SGD,**************3596,HK,49
3eb13b90-4668-5257-bdd6-40fb06671ad1,2026-07-11T02:39:47.035,aml,OK,pacs.008,SWIFT,3042.71,SGD,**************3596,HK,106
3eb13b90-4668-5257-bdd6-40fb06671ad1,2026-07-11T02:39:47.088,payment-hub,OK,pacs.008,SWIFT,3042.71,SGD,**************3596,HK,78
3eb13b90-4668-5257-bdd6-40fb06671ad1,2026-07-11T02:39:47.167,core-banking,OK,pacs.008,SWIFT,3042.71,SGD,**************3596,HK,236
3eb13b90-4668-5257-bdd6-40fb06671ad1,2026-07-11T02:39:47.232,settlement,SETTLED,pacs.008,SWIFT,3042.71,SGD,**************3596,HK,221
3eb13b90-4668-5257-bdd6-40fb06671ad1,2026-07-13T10:21:52.979,gateway,OK,MT103,SWIFT,549.63,SGD,**************7309,SG,25
3eb13b90-4668-5257-bdd6-40fb06671ad1,2026-07-13T10:21:53.111,auth,OK,MT103,SWIFT,549.63,SGD,**************7309,SG,39
3eb13b90-4668-5257-bdd6-40fb06671ad1,2026-07-13T10:21:53.201,validation,OK,MT103,SWIFT,549.63,SGD,**************7309,SG,98
3eb13b90-4668-5257-bdd6-40fb06671ad1,2026-07-13T10:21:53.289,aml,OK,MT103,SWIFT,549.63,SGD,**************7309,SG,43
3eb13b90-4668-5257-bdd6-40fb06671ad1,2026-07-13T10:21:53.440,payment-hub,OK,MT103,SWIFT,549.63,SGD,**************7309,SG,46
3eb13b90-4668-5257-bdd6-40fb06671ad1,2026-07-13T10:21:53.533,core-banking,OK,MT103,SWIFT,549.63,SGD,**************7309,SG,144
3eb13b90-4668-5257-bdd6-40fb06671ad1,2026-07-13T10:21:53.627,settlement,SETTLED,MT103,SWIFT,549.63,SGD,**************7309,SG,166
3eb13b90-4668-5257-bdd6-40fb06671ad1,2026-07-05T07:58:39.652,gateway,OK,pacs.008,SWIFT,373.7,SGD,**************7391,SG,55
3eb13b90-4668-5257-bdd6-40fb06671ad1,2026-07-05T07:58:39.705,auth,OK,pacs.008,SWIFT,373.7,SGD,**************7391,SG,34
3eb13b90-4668-5257-bdd6-40fb06671ad1,2026-07-05T07:58:39.925,validation,OK,pacs.008,SWIFT,373.7,SGD,**************7391,SG,90
3eb13b90-4668-5257-bdd6-40fb06671ad1,2026-07-05T07:58:40.075,aml,OK,pacs.008,SWIFT,373.7,SGD,**************7391,SG,105
3eb13b90-4668-5257-bdd6-40fb06671ad1,2026-07-05T07:58:40.133,payment-hub,OK,pacs.008,SWIFT,373.7,SGD,**************7391,SG,108
3eb13b90-4668-5257-bdd6-40fb06671ad1,2026-07-05T07:58:40.186,core-banking,OK,pacs.008,SWIFT,373.7,SGD,**************7391,SG,229
3eb13b90-4668-5257-bdd6-40fb06671ad1,2026-07-05T07:58:40.368,settlement,SETTLED,pacs.008,SWIFT,373.7,SGD,**************7391,SG,267
3eb13b90-4668-5257-bdd6-40fb06671ad1,2026-07-13T19:03:43.749,gateway,OK,pacs.008,FAST,604.11,USD,**************9916,SG,33
3eb13b90-4668-5257-bdd6-40fb06671ad1,2026-07-13T19:03:43.890,auth,OK,pacs.008,FAST,604.11,USD,**************9916,SG,83
3eb13b90-4668-5257-bdd6-40fb06671ad1,2026-07-13T19:03:44.030,validation,REJECTED,pacs.008,FAST,604.11,USD,**************9916,SG,65
3eb13b90-4668-5257-bdd6-40fb06671ad1,2026-07-08T04:23:14.860,gateway,OK,pacs.008,FAST,721.32,USD,**************5958,IN,19
3eb13b90-4668-5257-bdd6-40fb06671ad1,2026-07-08T04:23:14.918,auth,OK,pacs.008,FAST,721.32,USD,**************5958,IN,82
3eb13b90-4668-5257-bdd6-40fb06671ad1,2026-07-08T04:23:14.992,validation,OK,pacs.008,FAST,721.32,USD,**************5958,IN,114
3eb13b90-4668-5257-bdd6-40fb06671ad1,2026-07-08T04:23:15.119,aml,OK,pacs.008,FAST,721.32,USD,**************5958,IN,242
3eb13b90-4668-5257-bdd6-40fb06671ad1,2026-07-08T04:23:15.297,payment-hub,OK,pacs.008,FAST,721.32,USD,**************5958,IN,76
3eb13b90-4668-5257-bdd6-40fb06671ad1,2026-07-08T04:23:15.358,core-banking,OK,pacs.008,FAST,721.32,USD,**************5958,IN,148
3eb13b90-4668-5257-bdd6-40fb06671ad1,2026-07-08T04:23:15.449,settlement,SETTLED,pacs.008,FAST,721.32,USD,**************5958,IN,240
3eb13b90-4668-5257-bdd6-40fb06671ad1,2026-07-06T13:52:27.524,gateway,OK,pacs.008,FAST,92.66,SGD,**************0236,SG,47
3eb13b90-4668-5257-bdd6-40fb06671ad1,2026-07-06T13:52:27.595,auth,OK,pacs.008,FAST,92.66,SGD,**************0236,SG,34
3eb13b90-4668-5257-bdd6-40fb06671ad1,2026-07-06T13:52:27.729,validation,OK,pacs.008,FAST,92.66,SGD,**************0236,SG,50
3eb13b90-4668-5257-bdd6-40fb06671ad1,2026-07-06T13:52:27.770,aml,OK,pacs.008,FAST,92.66,SGD,**************0236,SG,170
3eb13b90-4668-5257-bdd6-40fb06671ad1,2026-07-06T13:52:28.004,payment-hub,OK,pacs.008,FAST,92.66,SGD,**************0236,SG,104
3eb13b90-4668-5257-bdd6-40fb06671ad1,2026-07-06T13:52:28.104,core-banking,OK,pacs.008,FAST,92.66,SGD,**************0236,SG,63
3eb13b90-4668-5257-bdd6-40fb06671ad1,2026-07-06T13:52:28.158,settlement,SETTLED,pacs.008,FAST,92.66,SGD,**************0236,SG,375
3eb13b90-4668-5257-bdd6-40fb06671ad1,2026-07-09T21:41:19.250,gateway,OK,pacs.008,FAST,2856.99,MYR,**************6386,MY,33
3eb13b90-4668-5257-bdd6-40fb06671ad1,2026-07-09T21:41:19.389,auth,OK,pacs.008,FAST,2856.99,MYR,**************6386,MY,77
3eb13b90-4668-5257-bdd6-40fb06671ad1,2026-07-09T21:41:19.462,validation,OK,pacs.008,FAST,2856.99,MYR,**************6386,MY,104
3eb13b90-4668-5257-bdd6-40fb06671ad1,2026-07-09T21:41:19.619,aml,TIMEOUT,pacs.008,FAST,2856.99,MYR,**************6386,MY,30000
3eb13b90-4668-5257-bdd6-40fb06671ad1,2026-07-09T21:41:19.737,payment-hub,FAILED,pacs.008,FAST,2856.99,MYR,**************6386,MY,90
3eb13b90-4668-5257-bdd6-40fb06671ad1,2026-07-07T15:19:43.189,gateway,OK,MT103,FAST,955.47,SGD,**************6431,SG,23
3eb13b90-4668-5257-bdd6-40fb06671ad1,2026-07-07T15:19:43.488,auth,OK,MT103,FAST,955.47,SGD,**************6431,SG,89
3eb13b90-4668-5257-bdd6-40fb06671ad1,2026-07-07T15:19:43.635,validation,OK,MT103,FAST,955.47,SGD,**************6431,SG,65
3eb13b90-4668-5257-bdd6-40fb06671ad1,2026-07-07T15:19:43.786,aml,OK,MT103,FAST,955.47,SGD,**************6431,SG,227
3eb13b90-4668-5257-bdd6-40fb06671ad1,2026-07-07T15:19:43.939,payment-hub,OK,MT103,FAST,955.47,SGD,**************6431,SG,108
3eb13b90-4668-5257-bdd6-40fb06671ad1,2026-07-07T15:19:44.055,core-banking,OK,MT103,FAST,955.47,SGD,**************6431,SG,195
3eb13b90-4668-5257-bdd6-40fb06671ad1,2026-07-07T15:19:44.108,settlement,SETTLED,MT103,FAST,955.47,SGD,**************6431,SG,95
3eb13b90-4668-5257-bdd6-40fb06671ad1,2026-07-12T18:19:33.043,gateway,OK,pacs.008,SWIFT,12004.24,MYR,**************0003,SG,51
3eb13b90-4668-5257-bdd6-40fb06671ad1,2026-07-12T18:19:33.084,auth,OK,pacs.008,SWIFT,12004.24,MYR,**************0003,SG,78
3eb13b90-4668-5257-bdd6-40fb06671ad1,2026-07-12T18:19:33.185,validation,OK,pacs.008,SWIFT,12004.24,MYR,**************0003,SG,76
3eb13b90-4668-5257-bdd6-40fb06671ad1,2026-07-12T18:19:33.225,aml,OK,pacs.008,SWIFT,12004.24,MYR,**************0003,SG,66
3eb13b90-4668-5257-bdd6-40fb06671ad1,2026-07-12T18:19:33.337,payment-hub,OK,pacs.008,SWIFT,12004.24,MYR,**************0003,SG,30
3eb13b90-4668-5257-bdd6-40fb06671ad1,2026-07-12T18:19:33.458,core-banking,OK,pacs.008,SWIFT,12004.24,MYR,**************0003,SG,160
3eb13b90-4668-5257-bdd6-40fb06671ad1,2026-07-12T18:19:33.513,settlement,SETTLED,pacs.008,SWIFT,12004.24,MYR,**************0003,SG,226
3eb13b90-4668-5257-bdd6-40fb06671ad1,2026-07-07T19:01:13.651,gateway,OK,MT103,SWIFT,1197.86,SGD,**************9857,IN,43
3eb13b90-4668-5257-bdd6-40fb06671ad1,2026-07-07T19:01:13.708,auth,OK,MT103,SWIFT,1197.86,SGD,**************9857,IN,24
3eb13b90-4668-5257-bdd6-40fb06671ad1,2026-07-07T19:01:13.814,validation,OK,MT103,SWIFT,1197.86,SGD,**************9857,IN,89
3eb13b90-4668-5257-bdd6-40fb06671ad1,2026-07-07T19:01:13.921,aml,OK,MT103,SWIFT,1197.86,SGD,**************9857,IN,138
3eb13b90-4668-5257-bdd6-40fb06671ad1,2026-07-07T19:01:13.975,payment-hub,OK,MT103,SWIFT,1197.86,SGD,**************9857,IN,133
3eb13b90-4668-5257-bdd6-40fb06671ad1,2026-07-07T19:01:14.090,core-banking,OK,MT103,SWIFT,1197.86,SGD,**************9857,IN,159
3eb13b90-4668-5257-bdd6-40fb06671ad1,2026-07-07T19:01:14.142,settlement,SETTLED,MT103,SWIFT,1197.86,SGD,**************9857,IN,127
3eb13b90-4668-5257-bdd6-40fb06671ad1,2026-07-14T07:09:38.039,gateway,OK,MT103,FAST,585.42,SGD,**************9094,GB,28
3eb13b90-4668-5257-bdd6-40fb06671ad1,2026-07-14T07:09:38.159,auth,OK,MT103,FAST,585.42,SGD,**************9094,GB,41
3eb13b90-4668-5257-bdd6-40fb06671ad1,2026-07-14T07:09:38.218,validation,OK,MT103,FAST,585.42,SGD,**************9094,GB,111
3eb13b90-4668-5257-bdd6-40fb06671ad1,2026-07-14T07:09:38.313,aml,OK,MT103,FAST,585.42,SGD,**************9094,GB,179
3eb13b90-4668-5257-bdd6-40fb06671ad1,2026-07-14T07:09:38.572,payment-hub,OK,MT103,FAST,585.42,SGD,**************9094,GB,79
3eb13b90-4668-5257-bdd6-40fb06671ad1,2026-07-14T07:09:38.646,core-banking,OK,MT103,FAST,585.42,SGD,**************9094,GB,87
3eb13b90-4668-5257-bdd6-40fb06671ad1,2026-07-14T07:09:38.686,settlement,SETTLED,MT103,FAST,585.42,SGD,**************9094,GB,99
3eb13b90-4668-5257-bdd6-40fb06671ad1,2026-07-15T05:59:05.432,gateway,OK,0200,FAST,347.34,SGD,**************0936,GB,27
3eb13b90-4668-5257-bdd6-40fb06671ad1,2026-07-15T05:59:05.509,auth,OK,0200,FAST,347.34,SGD,**************0936,GB,82
3eb13b90-4668-5257-bdd6-40fb06671ad1,2026-07-15T05:59:05.596,validation,OK,0200,FAST,347.34,SGD,**************0936,GB,66
3eb13b90-4668-5257-bdd6-40fb06671ad1,2026-07-15T05:59:05.657,aml,OK,0200,FAST,347.34,SGD,**************0936,GB,123
3eb13b90-4668-5257-bdd6-40fb06671ad1,2026-07-15T05:59:05.784,payment-hub,OK,0200,FAST,347.34,SGD,**************0936,GB,131
3eb13b90-4668-5257-bdd6-40fb06671ad1,2026-07-15T05:59:05.846,core-banking,OK,0200,FAST,347.34,SGD,**************0936,GB,92
3eb13b90-4668-5257-bdd6-40fb06671ad1,2026-07-15T05:59:05.933,settlement,SETTLED,0200,FAST,347.34,SGD,**************0936,GB,201
3eb13b90-4668-5257-bdd6-40fb06671ad1,2026-07-02T20:09:01.087,gateway,OK,pacs.008,FAST,482.43,USD,**************8688,IN,29
3eb13b90-4668-5257-bdd6-40fb06671ad1,2026-07-02T20:09:01.217,auth,OK,pacs.008,FAST,482.43,USD,**************8688,IN,69
3eb13b90-4668-5257-bdd6-40fb06671ad1,2026-07-02T20:09:01.267,validation,OK,pacs.008,FAST,482.43,USD,**************8688,IN,30
3eb13b90-4668-5257-bdd6-40fb06671ad1,2026-07-02T20:09:01.445,aml,OK,pacs.008,FAST,482.43,USD,**************8688,IN,49
3eb13b90-4668-5257-bdd6-40fb06671ad1,2026-07-02T20:09:01.497,payment-hub,OK,pacs.008,FAST,482.43,USD,**************8688,IN,135
3eb13b90-4668-5257-bdd6-40fb06671ad1,2026-07-02T20:09:01.598,core-banking,OK,pacs.008,FAST,482.43,USD,**************8688,IN,193
3eb13b90-4668-5257-bdd6-40fb06671ad1,2026-07-02T20:09:01.769,settlement,SETTLED,pacs.008,FAST,482.43,USD,**************8688,IN,217
3eb13b90-4668-5257-bdd6-40fb06671ad1,2026-07-10T13:55:07.842,gateway,OK,pacs.008,FAST,5542.77,SGD,**************1200,SG,43
3eb13b90-4668-5257-bdd6-40fb06671ad1,2026-07-10T13:55:37.879,auth,OK,pacs.008,FAST,5542.77,SGD,**************1200,SG,25
3eb13b90-4668-5257-bdd6-40fb06671ad1,2026-07-10T13:55:37.973,validation,OK,pacs.008,FAST,5542.77,SGD,**************1200,SG,78
3eb13b90-4668-5257-bdd6-40fb06671ad1,2026-07-10T13:55:38.037,aml,OK,pacs.008,FAST,5542.77,SGD,**************1200,SG,63
3eb13b90-4668-5257-bdd6-40fb06671ad1,2026-07-10T13:55:38.104,payment-hub,OK,pacs.008,FAST,5542.77,SGD,**************1200,SG,110
3eb13b90-4668-5257-bdd6-40fb06671ad1,2026-07-10T13:55:38.222,core-banking,OK,pacs.008,FAST,5542.77,SGD,**************1200,SG,115
3eb13b90-4668-5257-bdd6-40fb06671ad1,2026-07-10T13:55:38.258,settlement,SETTLED,pacs.008,FAST,5542.77,SGD,**************1200,SG,251
3eb13b90-4668-5257-bdd6-40fb06671ad1,2026-07-10T21:58:38.042,gateway,OK,pacs.008,SWIFT,806.84,SGD,**************5112,US,38
3eb13b90-4668-5257-bdd6-40fb06671ad1,2026-07-10T21:58:38.132,auth,OK,pacs.008,SWIFT,806.84,SGD,**************5112,US,29
3eb13b90-4668-5257-bdd6-40fb06671ad1,2026-07-10T21:58:38.214,validation,OK,pacs.008,SWIFT,806.84,SGD,**************5112,US,37
3eb13b90-4668-5257-bdd6-40fb06671ad1,2026-07-10T21:58:38.430,aml,OK,pacs.008,SWIFT,806.84,SGD,**************5112,US,100
3eb13b90-4668-5257-bdd6-40fb06671ad1,2026-07-10T21:58:38.494,payment-hub,OK,pacs.008,SWIFT,806.84,SGD,**************5112,US,111
3eb13b90-4668-5257-bdd6-40fb06671ad1,2026-07-10T21:58:38.586,core-banking,OK,pacs.008,SWIFT,806.84,SGD,**************5112,US,60
3eb13b90-4668-5257-bdd6-40fb06671ad1,2026-07-10T21:58:38.812,settlement,SETTLED,pacs.008,SWIFT,806.84,SGD,**************5112,US,332
3eb13b90-4668-5257-bdd6-40fb06671ad1,2026-07-01T10:14:48.430,gateway,OK,MT103,FAST,1200.53,SGD,**************2620,MY,47
3eb13b90-4668-5257-bdd6-40fb06671ad1,2026-07-01T10:14:48.532,auth,OK,MT103,FAST,1200.53,SGD,**************2620,MY,78
3eb13b90-4668-5257-bdd6-40fb06671ad1,2026-07-01T10:14:48.616,validation,OK,MT103,FAST,1200.53,SGD,**************2620,MY,106
3eb13b90-4668-5257-bdd6-40fb06671ad1,2026-07-01T10:14:48.810,aml,OK,MT103,FAST,1200.53,SGD,**************2620,MY,89
3eb13b90-4668-5257-bdd6-40fb06671ad1,2026-07-01T10:14:48.929,payment-hub,OK,MT103,FAST,1200.53,SGD,**************2620,MY,30
3eb13b90-4668-5257-bdd6-40fb06671ad1,2026-07-01T10:14:49.095,core-banking,OK,MT103,FAST,1200.53,SGD,**************2620,MY,191
3eb13b90-4668-5257-bdd6-40fb06671ad1,2026-07-01T10:14:49.278,settlement,SETTLED,MT103,FAST,1200.53,SGD,**************2620,MY,276
3eb13b90-4668-5257-bdd6-40fb06671ad1,2026-07-12T18:28:46.678,gateway,OK,pacs.008,SWIFT,749.66,MYR,**************1260,SG,53
3eb13b90-4668-5257-bdd6-40fb06671ad1,2026-07-12T18:28:46.748,auth,OK,pacs.008,SWIFT,749.66,MYR,**************1260,SG,84
3eb13b90-4668-5257-bdd6-40fb06671ad1,2026-07-12T18:28:46.890,validation,OK,pacs.008,SWIFT,749.66,MYR,**************1260,SG,104
3eb13b90-4668-5257-bdd6-40fb06671ad1,2026-07-12T18:28:47.025,aml,OK,pacs.008,SWIFT,749.66,MYR,**************1260,SG,254
3eb13b90-4668-5257-bdd6-40fb06671ad1,2026-07-12T18:28:47.160,payment-hub,OK,pacs.008,SWIFT,749.66,MYR,**************1260,SG,75
3eb13b90-4668-5257-bdd6-40fb06671ad1,2026-07-12T18:28:47.348,core-banking,OK,pacs.008,SWIFT,749.66,MYR,**************1260,SG,180
3eb13b90-4668-5257-bdd6-40fb06671ad1,2026-07-12T18:28:47.460,settlement,SETTLED,pacs.008,SWIFT,749.66,MYR,**************1260,SG,383
3eb13b90-4668-5257-bdd6-40fb06671ad1,2026-07-07T14:12:34.858,gateway,OK,pacs.008,FAST,297.31,USD,**************3580,SG,39
3eb13b90-4668-5257-bdd6-40fb06671ad1,2026-07-07T14:12:34.930,auth,OK,pacs.008,FAST,297.31,USD,**************3580,SG,61
3eb13b90-4668-5257-bdd6-40fb06671ad1,2026-07-07T14:12:35.027,validation,OK,pacs.008,FAST,297.31,USD,**************3580,SG,78
3eb13b90-4668-5257-bdd6-40fb06671ad1,2026-07-07T14:12:35.169,aml,OK,pacs.008,FAST,297.31,USD,**************3580,SG,255
3eb13b90-4668-5257-bdd6-40fb06671ad1,2026-07-07T14:12:35.216,payment-hub,OK,pacs.008,FAST,297.31,USD,**************3580,SG,115
3eb13b90-4668-5257-bdd6-40fb06671ad1,2026-07-07T14:12:35.341,core-banking,OK,pacs.008,FAST,297.31,USD,**************3580,SG,137
3eb13b90-4668-5257-bdd6-40fb06671ad1,2026-07-07T14:12:35.433,settlement,SETTLED,pacs.008,FAST,297.31,USD,**************3580,SG,370
3eb13b90-4668-5257-bdd6-40fb06671ad1,2026-07-02T21:38:43.123,gateway,OK,pacs.008,SWIFT,984.9,SGD,**************9392,MY,52
3eb13b90-4668-5257-bdd6-40fb06671ad1,2026-07-02T21:38:43.282,auth,OK,pacs.008,SWIFT,984.9,SGD,**************9392,MY,69
3eb13b90-4668-5257-bdd6-40fb06671ad1,2026-07-02T21:38:43.405,validation,OK,pacs.008,SWIFT,984.9,SGD,**************9392,MY,95
3eb13b90-4668-5257-bdd6-40fb06671ad1,2026-07-02T21:38:43.545,aml,OK,pacs.008,SWIFT,984.9,SGD,**************9392,MY,70
3eb13b90-4668-5257-bdd6-40fb06671ad1,2026-07-02T21:38:43.654,payment-hub,OK,pacs.008,SWIFT,984.9,SGD,**************9392,MY,138
3eb13b90-4668-5257-bdd6-40fb06671ad1,2026-07-02T21:38:43.754,core-banking,OK,pacs.008,SWIFT,984.9,SGD,**************9392,MY,199
3eb13b90-4668-5257-bdd6-40fb06671ad1,2026-07-02T21:38:43.839,settlement,SETTLED,pacs.008,SWIFT,984.9,SGD,**************9392,MY,363
3eb13b90-4668-5257-bdd6-40fb06671ad1,2026-07-04T02:32:15.185,gateway,OK,MT103,SWIFT,522.65,SGD,**************6454,SG,58
3eb13b90-4668-5257-bdd6-40fb06671ad1,2026-07-04T02:32:15.350,auth,OK,MT103,SWIFT,522.65,SGD,**************6454,SG,74
3eb13b90-4668-5257-bdd6-40fb06671ad1,2026-07-04T02:32:15.448,validation,OK,MT103,SWIFT,522.65,SGD,**************6454,SG,94
3eb13b90-4668-5257-bdd6-40fb06671ad1,2026-07-04T02:32:15.666,aml,OK,MT103,SWIFT,522.65,SGD,**************6454,SG,247
3eb13b90-4668-5257-bdd6-40fb06671ad1,2026-07-04T02:32:15.898,payment-hub,OK,MT103,SWIFT,522.65,SGD,**************6454,SG,34
3eb13b90-4668-5257-bdd6-40fb06671ad1,2026-07-04T02:32:16.024,core-banking,OK,MT103,SWIFT,522.65,SGD,**************6454,SG,154
3eb13b90-4668-5257-bdd6-40fb06671ad1,2026-07-04T02:32:16.071,settlement,SETTLED,MT103,SWIFT,522.65,SGD,**************6454,SG,61
3eb13b90-4668-5257-bdd6-40fb06671ad1,2026-07-08T20:48:06.110,gateway,OK,MT103,FAST,1200.58,MYR,**************1324,SG,44
3eb13b90-4668-5257-bdd6-40fb06671ad1,2026-07-08T20:48:06.388,auth,OK,MT103,FAST,1200.58,MYR,**************1324,SG,86
3eb13b90-4668-5257-bdd6-40fb06671ad1,2026-07-08T20:48:06.502,validation,OK,MT103,FAST,1200.58,MYR,**************1324,SG,66
3eb13b90-4668-5257-bdd6-40fb06671ad1,2026-07-08T20:48:06.560,aml,OK,MT103,FAST,1200.58,MYR,**************1324,SG,241
3eb13b90-4668-5257-bdd6-40fb06671ad1,2026-07-08T20:48:06.613,payment-hub,OK,MT103,FAST,1200.58,MYR,**************1324,SG,36
3eb13b90-4668-5257-bdd6-40fb06671ad1,2026-07-08T20:48:06.728,core-banking,OK,MT103,FAST,1200.58,MYR,**************1324,SG,130
3eb13b90-4668-5257-bdd6-40fb06671ad1,2026-07-08T20:48:06.809,settlement,SETTLED,MT103,FAST,1200.58,MYR,**************1324,SG,302
3eb13b90-4668-5257-bdd6-40fb06671ad1,2026-07-02T01:30:52.988,gateway,OK,MT103,SWIFT,163.01,SGD,**************7094,HK,27
3eb13b90-4668-5257-bdd6-40fb06671ad1,2026-07-02T01:30:53.082,auth,OK,MT103,SWIFT,163.01,SGD,**************7094,HK,57
3eb13b90-4668-5257-bdd6-40fb06671ad1,2026-07-02T01:30:53.167,validation,OK,MT103,SWIFT,163.01,SGD,**************7094,HK,110
3eb13b90-4668-5257-bdd6-40fb06671ad1,2026-07-02T01:30:53.241,aml,OK,MT103,SWIFT,163.01,SGD,**************7094,HK,264
3eb13b90-4668-5257-bdd6-40fb06671ad1,2026-07-02T01:30:53.425,payment-hub,OK,MT103,SWIFT,163.01,SGD,**************7094,HK,39
3eb13b90-4668-5257-bdd6-40fb06671ad1,2026-07-02T01:31:23.430,core-banking,OK,MT103,SWIFT,163.01,SGD,**************7094,HK,222
3eb13b90-4668-5257-bdd6-40fb06671ad1,2026-07-02T01:31:23.550,settlement,SETTLED,MT103,SWIFT,163.01,SGD,**************7094,HK,202
3eb13b90-4668-5257-bdd6-40fb06671ad1,2026-07-14T22:57:31.057,gateway,OK,MT103,FAST,824.83,SGD,**************6107,SG,50
3eb13b90-4668-5257-bdd6-40fb06671ad1,2026-07-14T22:57:31.227,auth,OK,MT103,FAST,824.83,SGD,**************6107,SG,40
3eb13b90-4668-5257-bdd6-40fb06671ad1,2026-07-14T22:57:31.448,validation,OK,MT103,FAST,824.83,SGD,**************6107,SG,25
3eb13b90-4668-5257-bdd6-40fb06671ad1,2026-07-14T22:57:31.542,aml,OK,MT103,FAST,824.83,SGD,**************6107,SG,224
3eb13b90-4668-5257-bdd6-40fb06671ad1,2026-07-14T22:57:31.669,payment-hub,OK,MT103,FAST,824.83,SGD,**************6107,SG,51
3eb13b90-4668-5257-bdd6-40fb06671ad1,2026-07-14T22:57:31.964,core-banking,OK,MT103,FAST,824.83,SGD,**************6107,SG,171
3eb13b90-4668-5257-bdd6-40fb06671ad1,2026-07-14T22:57:32.117,settlement,SETTLED,MT103,FAST,824.83,SGD,**************6107,SG,109
3eb13b90-4668-5257-bdd6-40fb06671ad1,2026-07-02T04:05:11.081,gateway,OK,MT103,FAST,337.4,MYR,**************5423,HK,19
3eb13b90-4668-5257-bdd6-40fb06671ad1,2026-07-02T04:05:11.150,auth,OK,MT103,FAST,337.4,MYR,**************5423,HK,67
3eb13b90-4668-5257-bdd6-40fb06671ad1,2026-07-02T04:05:11.198,validation,OK,MT103,FAST,337.4,MYR,**************5423,HK,113
3eb13b90-4668-5257-bdd6-40fb06671ad1,2026-07-02T04:05:11.306,aml,OK,MT103,FAST,337.4,MYR,**************5423,HK,267
3eb13b90-4668-5257-bdd6-40fb06671ad1,2026-07-02T04:05:11.404,payment-hub,OK,MT103,FAST,337.4,MYR,**************5423,HK,49
3eb13b90-4668-5257-bdd6-40fb06671ad1,2026-07-02T04:05:11.481,core-banking,OK,MT103,FAST,337.4,MYR,**************5423,HK,202
3eb13b90-4668-5257-bdd6-40fb06671ad1,2026-07-02T04:05:11.677,settlement,SETTLED,MT103,FAST,337.4,MYR,**************5423,HK,315
3eb13b90-4668-5257-bdd6-40fb06671ad1,2026-07-14T21:01:56.313,gateway,OK,MT103,FAST,479.36,SGD,**************8110,SG,54
3eb13b90-4668-5257-bdd6-40fb06671ad1,2026-07-14T21:01:56.409,auth,OK,MT103,FAST,479.36,SGD,**************8110,SG,59
3eb13b90-4668-5257-bdd6-40fb06671ad1,2026-07-14T21:01:56.498,validation,OK,MT103,FAST,479.36,SGD,**************8110,SG,101
3eb13b90-4668-5257-bdd6-40fb06671ad1,2026-07-14T21:01:56.560,aml,TIMEOUT,MT103,FAST,479.36,SGD,**************8110,SG,30000
3eb13b90-4668-5257-bdd6-40fb06671ad1,2026-07-14T21:01:56.773,payment-hub,FAILED,MT103,FAST,479.36,SGD,**************8110,SG,129
3eb13b90-4668-5257-bdd6-40fb06671ad1,2026-07-03T19:43:23.864,gateway,OK,pacs.008,CARDS,215.19,MYR,**************5601,SG,44
3eb13b90-4668-5257-bdd6-40fb06671ad1,2026-07-03T19:43:23.931,auth,OK,pacs.008,CARDS,215.19,MYR,**************5601,SG,84
3eb13b90-4668-5257-bdd6-40fb06671ad1,2026-07-03T19:43:24.153,validation,OK,pacs.008,CARDS,215.19,MYR,**************5601,SG,63
3eb13b90-4668-5257-bdd6-40fb06671ad1,2026-07-03T19:43:24.308,aml,OK,pacs.008,CARDS,215.19,MYR,**************5601,SG,123
3eb13b90-4668-5257-bdd6-40fb06671ad1,2026-07-03T19:43:24.350,payment-hub,OK,pacs.008,CARDS,215.19,MYR,**************5601,SG,142
3eb13b90-4668-5257-bdd6-40fb06671ad1,2026-07-03T19:43:24.485,core-banking,OK,pacs.008,CARDS,215.19,MYR,**************5601,SG,86
3eb13b90-4668-5257-bdd6-40fb06671ad1,2026-07-03T19:43:24.583,settlement,SETTLED,pacs.008,CARDS,215.19,MYR,**************5601,SG,237
3eb13b90-4668-5257-bdd6-40fb06671ad1,2026-07-14T13:00:44.876,gateway,OK,pacs.008,SWIFT,236.61,SGD,**************1193,SG,20
3eb13b90-4668-5257-bdd6-40fb06671ad1,2026-07-14T13:00:44.948,auth,OK,pacs.008,SWIFT,236.61,SGD,**************1193,SG,24
3eb13b90-4668-5257-bdd6-40fb06671ad1,2026-07-14T13:00:45.009,validation,OK,pacs.008,SWIFT,236.61,SGD,**************1193,SG,112
3eb13b90-4668-5257-bdd6-40fb06671ad1,2026-07-14T13:00:45.070,aml,OK,pacs.008,SWIFT,236.61,SGD,**************1193,SG,289
3eb13b90-4668-5257-bdd6-40fb06671ad1,2026-07-14T13:00:45.143,payment-hub,OK,pacs.008,SWIFT,236.61,SGD,**************1193,SG,107
3eb13b90-4668-5257-bdd6-40fb06671ad1,2026-07-14T13:00:45.221,core-banking,OK,pacs.008,SWIFT,236.61,SGD,**************1193,SG,98
3eb13b90-4668-5257-bdd6-40fb06671ad1,2026-07-14T13:00:45.279,settlement,SETTLED,pacs.008,SWIFT,236.61,SGD,**************1193,SG,298
3eb13b90-4668-5257-bdd6-40fb06671ad1,2026-07-06T18:09:02.140,gateway,OK,pacs.008,FAST,1704.28,SGD,**************3476,IN,37
3eb13b90-4668-5257-bdd6-40fb06671ad1,2026-07-06T18:09:02.262,auth,OK,pacs.008,FAST,1704.28,SGD,**************3476,IN,54
3eb13b90-4668-5257-bdd6-40fb06671ad1,2026-07-06T18:09:02.322,validation,OK,pacs.008,FAST,1704.28,SGD,**************3476,IN,65
3eb13b90-4668-5257-bdd6-40fb06671ad1,2026-07-06T18:09:02.406,aml,OK,pacs.008,FAST,1704.28,SGD,**************3476,IN,220
3eb13b90-4668-5257-bdd6-40fb06671ad1,2026-07-06T18:09:02.576,payment-hub,OK,pacs.008,FAST,1704.28,SGD,**************3476,IN,50
3eb13b90-4668-5257-bdd6-40fb06671ad1,2026-07-06T18:09:02.838,core-banking,OK,pacs.008,FAST,1704.28,SGD,**************3476,IN,121
3eb13b90-4668-5257-bdd6-40fb06671ad1,2026-07-06T18:09:02.943,settlement,SETTLED,pacs.008,FAST,1704.28,SGD,**************3476,IN,350
3eb13b90-4668-5257-bdd6-40fb06671ad1,2026-07-06T12:13:15.771,gateway,OK,pacs.008,SWIFT,1353.22,SGD,**************4220,SG,40
3eb13b90-4668-5257-bdd6-40fb06671ad1,2026-07-06T12:13:15.829,auth,OK,pacs.008,SWIFT,1353.22,SGD,**************4220,SG,60
3eb13b90-4668-5257-bdd6-40fb06671ad1,2026-07-06T12:13:16.001,validation,OK,pacs.008,SWIFT,1353.22,SGD,**************4220,SG,79
3eb13b90-4668-5257-bdd6-40fb06671ad1,2026-07-06T12:13:16.085,aml,OK,pacs.008,SWIFT,1353.22,SGD,**************4220,SG,122
3eb13b90-4668-5257-bdd6-40fb06671ad1,2026-07-06T12:13:16.136,payment-hub,OK,pacs.008,SWIFT,1353.22,SGD,**************4220,SG,128
3eb13b90-4668-5257-bdd6-40fb06671ad1,2026-07-06T12:13:16.174,core-banking,OK,pacs.008,SWIFT,1353.22,SGD,**************4220,SG,226
3eb13b90-4668-5257-bdd6-40fb06671ad1,2026-07-06T12:13:16.261,settlement,SETTLED,pacs.008,SWIFT,1353.22,SGD,**************4220,SG,216
3eb13b90-4668-5257-bdd6-40fb06671ad1,2026-07-10T10:17:22.750,gateway,OK,pacs.008,CARDS,89.74,INR,**************0216,GB,30
3eb13b90-4668-5257-bdd6-40fb06671ad1,2026-07-10T10:17:22.836,auth,OK,pacs.008,CARDS,89.74,INR,**************0216,GB,79
3eb13b90-4668-5257-bdd6-40fb06671ad1,2026-07-10T10:17:22.936,validation,OK,pacs.008,CARDS,89.74,INR,**************0216,GB,30
3eb13b90-4668-5257-bdd6-40fb06671ad1,2026-07-10T10:17:22.989,aml,OK,pacs.008,CARDS,89.74,INR,**************0216,GB,104
3eb13b90-4668-5257-bdd6-40fb06671ad1,2026-07-10T10:17:23.080,payment-hub,OK,pacs.008,CARDS,89.74,INR,**************0216,GB,146
3eb13b90-4668-5257-bdd6-40fb06671ad1,2026-07-10T10:17:23.184,core-banking,OK,pacs.008,CARDS,89.74,INR,**************0216,GB,195
3eb13b90-4668-5257-bdd6-40fb06671ad1,2026-07-10T10:17:23.233,settlement,SETTLED,pacs.008,CARDS,89.74,INR,**************0216,GB,362
3eb13b90-4668-5257-bdd6-40fb06671ad1,2026-07-02T09:51:19.662,gateway,OK,pacs.008,FAST,493.2,SGD,**************6108,MY,39
3eb13b90-4668-5257-bdd6-40fb06671ad1,2026-07-02T09:51:19.812,auth,OK,pacs.008,FAST,493.2,SGD,**************6108,MY,35
3eb13b90-4668-5257-bdd6-40fb06671ad1,2026-07-02T09:51:19.905,validation,OK,pacs.008,FAST,493.2,SGD,**************6108,MY,87
3eb13b90-4668-5257-bdd6-40fb06671ad1,2026-07-02T09:51:19.984,aml,OK,pacs.008,FAST,493.2,SGD,**************6108,MY,275
3eb13b90-4668-5257-bdd6-40fb06671ad1,2026-07-02T09:51:20.082,payment-hub,OK,pacs.008,FAST,493.2,SGD,**************6108,MY,77
3eb13b90-4668-5257-bdd6-40fb06671ad1,2026-07-02T09:51:20.118,core-banking,OK,pacs.008,FAST,493.2,SGD,**************6108,MY,244
3eb13b90-4668-5257-bdd6-40fb06671ad1,2026-07-02T09:51:20.267,settlement,SETTLED,pacs.008,FAST,493.2,SGD,**************6108,MY,86
3eb13b90-4668-5257-bdd6-40fb06671ad1,2026-07-07T12:29:58.429,gateway,OK,pacs.008,SWIFT,497.09,MYR,**************1885,SG,32
3eb13b90-4668-5257-bdd6-40fb06671ad1,2026-07-07T12:29:58.494,auth,OK,pacs.008,SWIFT,497.09,MYR,**************1885,SG,58
3eb13b90-4668-5257-bdd6-40fb06671ad1,2026-07-07T12:29:58.580,validation,OK,pacs.008,SWIFT,497.09,MYR,**************1885,SG,88
3eb13b90-4668-5257-bdd6-40fb06671ad1,2026-07-07T12:29:58.716,aml,OK,pacs.008,SWIFT,497.09,MYR,**************1885,SG,269
3eb13b90-4668-5257-bdd6-40fb06671ad1,2026-07-07T12:29:58.769,payment-hub,OK,pacs.008,SWIFT,497.09,MYR,**************1885,SG,76
3eb13b90-4668-5257-bdd6-40fb06671ad1,2026-07-07T12:29:58.863,core-banking,OK,pacs.008,SWIFT,497.09,MYR,**************1885,SG,84
3eb13b90-4668-5257-bdd6-40fb06671ad1,2026-07-07T12:29:58.929,settlement,SETTLED,pacs.008,SWIFT,497.09,MYR,**************1885,SG,253
3eb13b90-4668-5257-bdd6-40fb06671ad1,2026-07-11T20:23:18.312,gateway,OK,MT103,FAST,2384.4,USD,**************6629,MY,48
3eb13b90-4668-5257-bdd6-40fb06671ad1,2026-07-11T20:23:18.557,auth,OK,MT103,FAST,2384.4,USD,**************6629,MY,74
3eb13b90-4668-5257-bdd6-40fb06671ad1,2026-07-11T20:23:18.680,validation,OK,MT103,FAST,2384.4,USD,**************6629,MY,110
3eb13b90-4668-5257-bdd6-40fb06671ad1,2026-07-11T20:23:18.856,aml,OK,MT103,FAST,2384.4,USD,**************6629,MY,143
3eb13b90-4668-5257-bdd6-40fb06671ad1,2026-07-11T20:23:18.953,payment-hub,OK,MT103,FAST,2384.4,USD,**************6629,MY,111
3eb13b90-4668-5257-bdd6-40fb06671ad1,2026-07-11T20:23:18.979,core-banking,OK,MT103,FAST,2384.4,USD,**************6629,MY,86
3eb13b90-4668-5257-bdd6-40fb06671ad1,2026-07-11T20:23:19.095,settlement,SETTLED,MT103,FAST,2384.4,USD,**************6629,MY,377
3eb13b90-4668-5257-bdd6-40fb06671ad1,2026-07-10T18:14:41.261,gateway,OK,0200,FAST,1051.12,USD,**************0298,MY,31
3eb13b90-4668-5257-bdd6-40fb06671ad1,2026-07-10T18:14:41.326,auth,OK,0200,FAST,1051.12,USD,**************0298,MY,37
3eb13b90-4668-5257-bdd6-40fb06671ad1,2026-07-10T18:14:41.447,validation,OK,0200,FAST,1051.12,USD,**************0298,MY,94
3eb13b90-4668-5257-bdd6-40fb06671ad1,2026-07-10T18:14:41.508,aml,TIMEOUT,0200,FAST,1051.12,USD,**************0298,MY,30000
3eb13b90-4668-5257-bdd6-40fb06671ad1,2026-07-10T18:14:41.545,payment-hub,FAILED,0200,FAST,1051.12,USD,**************0298,MY,142
3eb13b90-4668-5257-bdd6-40fb06671ad1,2026-07-04T02:21:38.267,gateway,OK,pacs.008,FAST,1335.02,MYR,**************2105,SG,53
3eb13b90-4668-5257-bdd6-40fb06671ad1,2026-07-04T02:21:38.329,auth,OK,pacs.008,FAST,1335.02,MYR,**************2105,SG,54
3eb13b90-4668-5257-bdd6-40fb06671ad1,2026-07-04T02:21:38.469,validation,OK,pacs.008,FAST,1335.02,MYR,**************2105,SG,32
3eb13b90-4668-5257-bdd6-40fb06671ad1,2026-07-04T02:21:38.608,aml,OK,pacs.008,FAST,1335.02,MYR,**************2105,SG,260
3eb13b90-4668-5257-bdd6-40fb06671ad1,2026-07-04T02:21:38.701,payment-hub,OK,pacs.008,FAST,1335.02,MYR,**************2105,SG,91
3eb13b90-4668-5257-bdd6-40fb06671ad1,2026-07-04T02:21:38.758,core-banking,OK,pacs.008,FAST,1335.02,MYR,**************2105,SG,177
3eb13b90-4668-5257-bdd6-40fb06671ad1,2026-07-04T02:21:38.937,settlement,SETTLED,pacs.008,FAST,1335.02,MYR,**************2105,SG,276
3eb13b90-4668-5257-bdd6-40fb06671ad1,2026-07-08T12:16:11.077,gateway,OK,pacs.008,FAST,92.99,SGD,**************4330,SG,27
3eb13b90-4668-5257-bdd6-40fb06671ad1,2026-07-08T12:16:11.166,auth,OK,pacs.008,FAST,92.99,SGD,**************4330,SG,42
3eb13b90-4668-5257-bdd6-40fb06671ad1,2026-07-08T12:16:11.261,validation,OK,pacs.008,FAST,92.99,SGD,**************4330,SG,100
3eb13b90-4668-5257-bdd6-40fb06671ad1,2026-07-08T12:16:11.341,aml,TIMEOUT,pacs.008,FAST,92.99,SGD,**************4330,SG,30000
3eb13b90-4668-5257-bdd6-40fb06671ad1,2026-07-08T12:16:11.430,payment-hub,FAILED,pacs.008,FAST,92.99,SGD,**************4330,SG,44
3eb13b90-4668-5257-bdd6-40fb06671ad1,2026-07-10T11:36:10.889,gateway,OK,pacs.008,SWIFT,406.57,MYR,**************7737,MY,28
3eb13b90-4668-5257-bdd6-40fb06671ad1,2026-07-10T11:36:10.985,auth,OK,pacs.008,SWIFT,406.57,MYR,**************7737,MY,72
3eb13b90-4668-5257-bdd6-40fb06671ad1,2026-07-10T11:36:11.105,validation,REJECTED,pacs.008,SWIFT,406.57,MYR,**************7737,MY,37
3eb13b90-4668-5257-bdd6-40fb06671ad1,2026-07-11T06:45:25.631,gateway,OK,0200,CARDS,5318.09,MYR,**************0106,IN,31
3eb13b90-4668-5257-bdd6-40fb06671ad1,2026-07-11T06:45:25.678,auth,OK,0200,CARDS,5318.09,MYR,**************0106,IN,69
3eb13b90-4668-5257-bdd6-40fb06671ad1,2026-07-11T06:45:25.719,validation,OK,0200,CARDS,5318.09,MYR,**************0106,IN,99
3eb13b90-4668-5257-bdd6-40fb06671ad1,2026-07-11T06:45:25.767,aml,OK,0200,CARDS,5318.09,MYR,**************0106,IN,209
3eb13b90-4668-5257-bdd6-40fb06671ad1,2026-07-11T06:45:25.837,payment-hub,OK,0200,CARDS,5318.09,MYR,**************0106,IN,42
3eb13b90-4668-5257-bdd6-40fb06671ad1,2026-07-11T06:45:25.893,core-banking,OK,0200,CARDS,5318.09,MYR,**************0106,IN,187
3eb13b90-4668-5257-bdd6-40fb06671ad1,2026-07-11T06:45:25.959,settlement,SETTLED,0200,CARDS,5318.09,MYR,**************0106,IN,249
3eb13b90-4668-5257-bdd6-40fb06671ad1,2026-07-09T01:17:00.371,gateway,OK,pacs.008,SWIFT,922.4,SGD,**************9378,HK,17
3eb13b90-4668-5257-bdd6-40fb06671ad1,2026-07-09T01:17:00.423,auth,OK,pacs.008,SWIFT,922.4,SGD,**************9378,HK,50
3eb13b90-4668-5257-bdd6-40fb06671ad1,2026-07-09T01:17:00.504,validation,OK,pacs.008,SWIFT,922.4,SGD,**************9378,HK,120
3eb13b90-4668-5257-bdd6-40fb06671ad1,2026-07-09T01:17:30.535,aml,TIMEOUT,pacs.008,SWIFT,922.4,SGD,**************9378,HK,30000
3eb13b90-4668-5257-bdd6-40fb06671ad1,2026-07-09T01:17:30.670,payment-hub,FAILED,pacs.008,SWIFT,922.4,SGD,**************9378,HK,105
3eb13b90-4668-5257-bdd6-40fb06671ad1,2026-07-12T14:33:05.150,gateway,OK,pacs.008,FAST,415.47,SGD,**************9941,SG,38
3eb13b90-4668-5257-bdd6-40fb06671ad1,2026-07-12T14:33:05.206,auth,OK,pacs.008,FAST,415.47,SGD,**************9941,SG,57
3eb13b90-4668-5257-bdd6-40fb06671ad1,2026-07-12T14:33:05.417,validation,OK,pacs.008,FAST,415.47,SGD,**************9941,SG,61
3eb13b90-4668-5257-bdd6-40fb06671ad1,2026-07-12T14:33:05.522,aml,OK,pacs.008,FAST,415.47,SGD,**************9941,SG,274
3eb13b90-4668-5257-bdd6-40fb06671ad1,2026-07-12T14:33:05.550,payment-hub,OK,pacs.008,FAST,415.47,SGD,**************9941,SG,134
3eb13b90-4668-5257-bdd6-40fb06671ad1,2026-07-12T14:33:05.830,core-banking,OK,pacs.008,FAST,415.47,SGD,**************9941,SG,174
3eb13b90-4668-5257-bdd6-40fb06671ad1,2026-07-12T14:33:05.960,settlement,SETTLED,pacs.008,FAST,415.47,SGD,**************9941,SG,318
3eb13b90-4668-5257-bdd6-40fb06671ad1,2026-07-13T00:17:10.191,gateway,OK,pacs.008,FAST,448.7,USD,**************7582,SG,26
3eb13b90-4668-5257-bdd6-40fb06671ad1,2026-07-13T00:17:10.314,auth,OK,pacs.008,FAST,448.7,USD,**************7582,SG,60
3eb13b90-4668-5257-bdd6-40fb06671ad1,2026-07-13T00:17:10.498,validation,OK,pacs.008,FAST,448.7,USD,**************7582,SG,115
3eb13b90-4668-5257-bdd6-40fb06671ad1,2026-07-13T00:17:10.580,aml,OK,pacs.008,FAST,448.7,USD,**************7582,SG,216
3eb13b90-4668-5257-bdd6-40fb06671ad1,2026-07-13T00:17:10.657,payment-hub,OK,pacs.008,FAST,448.7,USD,**************7582,SG,101
3eb13b90-4668-5257-bdd6-40fb06671ad1,2026-07-13T00:17:10.736,core-banking,OK,pacs.008,FAST,448.7,USD,**************7582,SG,198
3eb13b90-4668-5257-bdd6-40fb06671ad1,2026-07-13T00:17:10.847,settlement,SETTLED,pacs.008,FAST,448.7,USD,**************7582,SG,79
3eb13b90-4668-5257-bdd6-40fb06671ad1,2026-07-12T13:25:03.375,gateway,OK,pacs.008,SWIFT,546.71,EUR,**************6477,MY,28
3eb13b90-4668-5257-bdd6-40fb06671ad1,2026-07-12T13:25:03.485,auth,OK,pacs.008,SWIFT,546.71,EUR,**************6477,MY,28
3eb13b90-4668-5257-bdd6-40fb06671ad1,2026-07-12T13:25:03.567,validation,OK,pacs.008,SWIFT,546.71,EUR,**************6477,MY,43
3eb13b90-4668-5257-bdd6-40fb06671ad1,2026-07-12T13:25:03.639,aml,OK,pacs.008,SWIFT,546.71,EUR,**************6477,MY,184
3eb13b90-4668-5257-bdd6-40fb06671ad1,2026-07-12T13:25:03.719,payment-hub,OK,pacs.008,SWIFT,546.71,EUR,**************6477,MY,122
3eb13b90-4668-5257-bdd6-40fb06671ad1,2026-07-12T13:25:03.779,core-banking,OK,pacs.008,SWIFT,546.71,EUR,**************6477,MY,224
3eb13b90-4668-5257-bdd6-40fb06671ad1,2026-07-12T13:25:03.896,settlement,SETTLED,pacs.008,SWIFT,546.71,EUR,**************6477,MY,153
3eb13b90-4668-5257-bdd6-40fb06671ad1,2026-07-12T02:28:44.262,gateway,OK,MT103,FAST,1242.89,SGD,**************9995,HK,23
3eb13b90-4668-5257-bdd6-40fb06671ad1,2026-07-12T02:28:44.408,auth,OK,MT103,FAST,1242.89,SGD,**************9995,HK,53
3eb13b90-4668-5257-bdd6-40fb06671ad1,2026-07-12T02:28:44.554,validation,OK,MT103,FAST,1242.89,SGD,**************9995,HK,29
3eb13b90-4668-5257-bdd6-40fb06671ad1,2026-07-12T02:28:44.594,aml,OK,MT103,FAST,1242.89,SGD,**************9995,HK,175
3eb13b90-4668-5257-bdd6-40fb06671ad1,2026-07-12T02:28:44.664,payment-hub,OK,MT103,FAST,1242.89,SGD,**************9995,HK,118
3eb13b90-4668-5257-bdd6-40fb06671ad1,2026-07-12T02:28:44.829,core-banking,OK,MT103,FAST,1242.89,SGD,**************9995,HK,194
3eb13b90-4668-5257-bdd6-40fb06671ad1,2026-07-12T02:28:45.014,settlement,SETTLED,MT103,FAST,1242.89,SGD,**************9995,HK,80
3eb13b90-4668-5257-bdd6-40fb06671ad1,2026-07-01T10:02:32.925,gateway,OK,0200,FAST,39.49,INR,**************3669,SG,56
3eb13b90-4668-5257-bdd6-40fb06671ad1,2026-07-01T10:02:33.013,auth,OK,0200,FAST,39.49,INR,**************3669,SG,65
3eb13b90-4668-5257-bdd6-40fb06671ad1,2026-07-01T10:02:33.081,validation,REJECTED,0200,FAST,39.49,INR,**************3669,SG,31
3eb13b90-4668-5257-bdd6-40fb06671ad1,2026-07-07T14:44:03.538,gateway,OK,MT103,FAST,2495.82,MYR,**************4127,HK,42
3eb13b90-4668-5257-bdd6-40fb06671ad1,2026-07-07T14:44:03.596,auth,OK,MT103,FAST,2495.82,MYR,**************4127,HK,82
3eb13b90-4668-5257-bdd6-40fb06671ad1,2026-07-07T14:44:03.666,validation,OK,MT103,FAST,2495.82,MYR,**************4127,HK,89
3eb13b90-4668-5257-bdd6-40fb06671ad1,2026-07-07T14:44:03.842,aml,OK,MT103,FAST,2495.82,MYR,**************4127,HK,298
3eb13b90-4668-5257-bdd6-40fb06671ad1,2026-07-07T14:44:03.971,payment-hub,OK,MT103,FAST,2495.82,MYR,**************4127,HK,67
3eb13b90-4668-5257-bdd6-40fb06671ad1,2026-07-07T14:44:04.039,core-banking,OK,MT103,FAST,2495.82,MYR,**************4127,HK,71
3eb13b90-4668-5257-bdd6-40fb06671ad1,2026-07-07T14:44:04.121,settlement,SETTLED,MT103,FAST,2495.82,MYR,**************4127,HK,271
3eb13b90-4668-5257-bdd6-40fb06671ad1,2026-07-04T19:07:10.180,gateway,OK,MT103,FAST,1214.47,EUR,**************7981,US,16
3eb13b90-4668-5257-bdd6-40fb06671ad1,2026-07-04T19:07:10.241,auth,OK,MT103,FAST,1214.47,EUR,**************7981,US,90
3eb13b90-4668-5257-bdd6-40fb06671ad1,2026-07-04T19:07:10.292,validation,OK,MT103,FAST,1214.47,EUR,**************7981,US,61
3eb13b90-4668-5257-bdd6-40fb06671ad1,2026-07-04T19:07:10.359,aml,OK,MT103,FAST,1214.47,EUR,**************7981,US,210
3eb13b90-4668-5257-bdd6-40fb06671ad1,2026-07-04T19:07:10.470,payment-hub,OK,MT103,FAST,1214.47,EUR,**************7981,US,110
3eb13b90-4668-5257-bdd6-40fb06671ad1,2026-07-04T19:07:10.513,core-banking,OK,MT103,FAST,1214.47,EUR,**************7981,US,235
3eb13b90-4668-5257-bdd6-40fb06671ad1,2026-07-04T19:07:10.638,settlement,SETTLED,MT103,FAST,1214.47,EUR,**************7981,US,160
3eb13b90-4668-5257-bdd6-40fb06671ad1,2026-07-06T08:56:16.941,gateway,OK,pacs.008,FAST,1898.71,SGD,**************3670,SG,57
3eb13b90-4668-5257-bdd6-40fb06671ad1,2026-07-06T08:56:17.135,auth,OK,pacs.008,FAST,1898.71,SGD,**************3670,SG,24
3eb13b90-4668-5257-bdd6-40fb06671ad1,2026-07-06T08:56:17.209,validation,OK,pacs.008,FAST,1898.71,SGD,**************3670,SG,116
3eb13b90-4668-5257-bdd6-40fb06671ad1,2026-07-06T08:56:17.285,aml,OK,pacs.008,FAST,1898.71,SGD,**************3670,SG,281
3eb13b90-4668-5257-bdd6-40fb06671ad1,2026-07-06T08:56:17.435,payment-hub,OK,pacs.008,FAST,1898.71,SGD,**************3670,SG,138
3eb13b90-4668-5257-bdd6-40fb06671ad1,2026-07-06T08:56:17.499,core-banking,OK,pacs.008,FAST,1898.71,SGD,**************3670,SG,155
3eb13b90-4668-5257-bdd6-40fb06671ad1,2026-07-06T08:56:17.613,settlement,SETTLED,pacs.008,FAST,1898.71,SGD,**************3670,SG,77
3eb13b90-4668-5257-bdd6-40fb06671ad1,2026-07-09T13:21:37.507,gateway,OK,MT103,FAST,1461.58,SGD,**************4298,GB,21
3eb13b90-4668-5257-bdd6-40fb06671ad1,2026-07-09T13:21:37.782,auth,OK,MT103,FAST,1461.58,SGD,**************4298,GB,44
3eb13b90-4668-5257-bdd6-40fb06671ad1,2026-07-09T13:21:37.861,validation,OK,MT103,FAST,1461.58,SGD,**************4298,GB,98
3eb13b90-4668-5257-bdd6-40fb06671ad1,2026-07-09T13:21:38.019,aml,TIMEOUT,MT103,FAST,1461.58,SGD,**************4298,GB,30000
3eb13b90-4668-5257-bdd6-40fb06671ad1,2026-07-09T13:21:38.334,payment-hub,FAILED,MT103,FAST,1461.58,SGD,**************4298,GB,114
3eb13b90-4668-5257-bdd6-40fb06671ad1,2026-07-02T21:16:13.863,gateway,OK,pacs.008,SWIFT,1336.22,USD,**************7766,SG,58
3eb13b90-4668-5257-bdd6-40fb06671ad1,2026-07-02T21:16:13.925,auth,OK,pacs.008,SWIFT,1336.22,USD,**************7766,SG,72
3eb13b90-4668-5257-bdd6-40fb06671ad1,2026-07-02T21:16:13.965,validation,OK,pacs.008,SWIFT,1336.22,USD,**************7766,SG,33
3eb13b90-4668-5257-bdd6-40fb06671ad1,2026-07-02T21:16:14.012,aml,OK,pacs.008,SWIFT,1336.22,USD,**************7766,SG,295
3eb13b90-4668-5257-bdd6-40fb06671ad1,2026-07-02T21:16:14.088,payment-hub,OK,pacs.008,SWIFT,1336.22,USD,**************7766,SG,144
3eb13b90-4668-5257-bdd6-40fb06671ad1,2026-07-02T21:16:14.212,core-banking,OK,pacs.008,SWIFT,1336.22,USD,**************7766,SG,52
3eb13b90-4668-5257-bdd6-40fb06671ad1,2026-07-02T21:16:14.325,settlement,SETTLED,pacs.008,SWIFT,1336.22,USD,**************7766,SG,276
3eb13b90-4668-5257-bdd6-40fb06671ad1,2026-07-05T09:24:31.227,gateway,OK,pacs.008,CARDS,1116.33,EUR,**************9862,GB,50
3eb13b90-4668-5257-bdd6-40fb06671ad1,2026-07-05T09:24:31.382,auth,OK,pacs.008,CARDS,1116.33,EUR,**************9862,GB,41
3eb13b90-4668-5257-bdd6-40fb06671ad1,2026-07-05T09:24:31.406,validation,OK,pacs.008,CARDS,1116.33,EUR,**************9862,GB,43
3eb13b90-4668-5257-bdd6-40fb06671ad1,2026-07-05T09:24:31.462,aml,OK,pacs.008,CARDS,1116.33,EUR,**************9862,GB,130
3eb13b90-4668-5257-bdd6-40fb06671ad1,2026-07-05T09:24:31.573,payment-hub,OK,pacs.008,CARDS,1116.33,EUR,**************9862,GB,94
3eb13b90-4668-5257-bdd6-40fb06671ad1,2026-07-05T09:24:31.889,core-banking,OK,pacs.008,CARDS,1116.33,EUR,**************9862,GB,234
3eb13b90-4668-5257-bdd6-40fb06671ad1,2026-07-05T09:24:32.078,settlement,SETTLED,pacs.008,CARDS,1116.33,EUR,**************9862,GB,268
3eb13b90-4668-5257-bdd6-40fb06671ad1,2026-07-07T20:59:50.331,gateway,OK,pacs.008,SWIFT,335.59,MYR,**************6478,MY,39
3eb13b90-4668-5257-bdd6-40fb06671ad1,2026-07-07T20:59:50.396,auth,OK,pacs.008,SWIFT,335.59,MYR,**************6478,MY,39
3eb13b90-4668-5257-bdd6-40fb06671ad1,2026-07-07T20:59:50.494,validation,OK,pacs.008,SWIFT,335.59,MYR,**************6478,MY,44
3eb13b90-4668-5257-bdd6-40fb06671ad1,2026-07-07T20:59:50.612,aml,OK,pacs.008,SWIFT,335.59,MYR,**************6478,MY,58
3eb13b90-4668-5257-bdd6-40fb06671ad1,2026-07-07T20:59:50.749,payment-hub,OK,pacs.008,SWIFT,335.59,MYR,**************6478,MY,70
3eb13b90-4668-5257-bdd6-40fb06671ad1,2026-07-07T20:59:50.921,core-banking,OK,pacs.008,SWIFT,335.59,MYR,**************6478,MY,203
3eb13b90-4668-5257-bdd6-40fb06671ad1,2026-07-07T20:59:50.983,settlement,SETTLED,pacs.008,SWIFT,335.59,MYR,**************6478,MY,144
3eb13b90-4668-5257-bdd6-40fb06671ad1,2026-07-01T11:49:48.896,gateway,OK,pacs.008,FAST,496.61,USD,**************3869,US,48
3eb13b90-4668-5257-bdd6-40fb06671ad1,2026-07-01T11:49:48.997,auth,OK,pacs.008,FAST,496.61,USD,**************3869,US,56
3eb13b90-4668-5257-bdd6-40fb06671ad1,2026-07-01T11:49:49.042,validation,OK,pacs.008,FAST,496.61,USD,**************3869,US,46
3eb13b90-4668-5257-bdd6-40fb06671ad1,2026-07-01T11:49:49.192,aml,OK,pacs.008,FAST,496.61,USD,**************3869,US,295
3eb13b90-4668-5257-bdd6-40fb06671ad1,2026-07-01T11:49:49.359,payment-hub,OK,pacs.008,FAST,496.61,USD,**************3869,US,86
3eb13b90-4668-5257-bdd6-40fb06671ad1,2026-07-01T11:49:49.422,core-banking,OK,pacs.008,FAST,496.61,USD,**************3869,US,177
3eb13b90-4668-5257-bdd6-40fb06671ad1,2026-07-01T11:49:49.471,settlement,SETTLED,pacs.008,FAST,496.61,USD,**************3869,US,349
3eb13b90-4668-5257-bdd6-40fb06671ad1,2026-07-01T11:06:41.522,gateway,OK,pacs.008,FAST,399.88,SGD,**************3287,US,38
3eb13b90-4668-5257-bdd6-40fb06671ad1,2026-07-01T11:06:41.566,auth,OK,pacs.008,FAST,399.88,SGD,**************3287,US,66
3eb13b90-4668-5257-bdd6-40fb06671ad1,2026-07-01T11:06:41.677,validation,OK,pacs.008,FAST,399.88,SGD,**************3287,US,78
3eb13b90-4668-5257-bdd6-40fb06671ad1,2026-07-01T11:06:41.802,aml,OK,pacs.008,FAST,399.88,SGD,**************3287,US,95
3eb13b90-4668-5257-bdd6-40fb06671ad1,2026-07-01T11:06:41.831,payment-hub,OK,pacs.008,FAST,399.88,SGD,**************3287,US,140
3eb13b90-4668-5257-bdd6-40fb06671ad1,2026-07-01T11:06:41.989,core-banking,OK,pacs.008,FAST,399.88,SGD,**************3287,US,154
3eb13b90-4668-5257-bdd6-40fb06671ad1,2026-07-01T11:06:42.055,settlement,SETTLED,pacs.008,FAST,399.88,SGD,**************3287,US,297
3eb13b90-4668-5257-bdd6-40fb06671ad1,2026-07-07T21:31:22.785,gateway,OK,pacs.008,FAST,278.93,SGD,**************9567,US,52
3eb13b90-4668-5257-bdd6-40fb06671ad1,2026-07-07T21:31:22.901,auth,OK,pacs.008,FAST,278.93,SGD,**************9567,US,36
3eb13b90-4668-5257-bdd6-40fb06671ad1,2026-07-07T21:31:23.110,validation,OK,pacs.008,FAST,278.93,SGD,**************9567,US,35
3eb13b90-4668-5257-bdd6-40fb06671ad1,2026-07-07T21:31:23.176,aml,OK,pacs.008,FAST,278.93,SGD,**************9567,US,103
3eb13b90-4668-5257-bdd6-40fb06671ad1,2026-07-07T21:31:23.211,payment-hub,OK,pacs.008,FAST,278.93,SGD,**************9567,US,112
3eb13b90-4668-5257-bdd6-40fb06671ad1,2026-07-07T21:31:23.345,core-banking,OK,pacs.008,FAST,278.93,SGD,**************9567,US,168
3eb13b90-4668-5257-bdd6-40fb06671ad1,2026-07-07T21:31:23.655,settlement,SETTLED,pacs.008,FAST,278.93,SGD,**************9567,US,156
3eb13b90-4668-5257-bdd6-40fb06671ad1,2026-07-10T18:25:24.021,gateway,OK,MT103,FAST,121.01,SGD,**************7997,SG,23
3eb13b90-4668-5257-bdd6-40fb06671ad1,2026-07-10T18:25:24.156,auth,OK,MT103,FAST,121.01,SGD,**************7997,SG,26
3eb13b90-4668-5257-bdd6-40fb06671ad1,2026-07-10T18:25:24.271,validation,OK,MT103,FAST,121.01,SGD,**************7997,SG,102
3eb13b90-4668-5257-bdd6-40fb06671ad1,2026-07-10T18:25:24.375,aml,OK,MT103,FAST,121.01,SGD,**************7997,SG,55
3eb13b90-4668-5257-bdd6-40fb06671ad1,2026-07-10T18:25:24.415,payment-hub,OK,MT103,FAST,121.01,SGD,**************7997,SG,71
3eb13b90-4668-5257-bdd6-40fb06671ad1,2026-07-10T18:25:24.494,core-banking,OK,MT103,FAST,121.01,SGD,**************7997,SG,63
3eb13b90-4668-5257-bdd6-40fb06671ad1,2026-07-10T18:25:24.728,settlement,SETTLED,MT103,FAST,121.01,SGD,**************7997,SG,155
3eb13b90-4668-5257-bdd6-40fb06671ad1,2026-07-08T15:57:00.405,gateway,OK,MT103,FAST,89.24,SGD,**************9131,SG,17
3eb13b90-4668-5257-bdd6-40fb06671ad1,2026-07-08T15:57:00.484,auth,OK,MT103,FAST,89.24,SGD,**************9131,SG,58
3eb13b90-4668-5257-bdd6-40fb06671ad1,2026-07-08T15:57:00.643,validation,REJECTED,MT103,FAST,89.24,SGD,**************9131,SG,105
3eb13b90-4668-5257-bdd6-40fb06671ad1,2026-07-05T01:32:42.421,gateway,OK,MT103,SWIFT,8652.09,EUR,**************7234,SG,58
3eb13b90-4668-5257-bdd6-40fb06671ad1,2026-07-05T01:32:42.512,auth,OK,MT103,SWIFT,8652.09,EUR,**************7234,SG,21
3eb13b90-4668-5257-bdd6-40fb06671ad1,2026-07-05T01:32:42.582,validation,OK,MT103,SWIFT,8652.09,EUR,**************7234,SG,106
3eb13b90-4668-5257-bdd6-40fb06671ad1,2026-07-05T01:32:42.633,aml,OK,MT103,SWIFT,8652.09,EUR,**************7234,SG,172
3eb13b90-4668-5257-bdd6-40fb06671ad1,2026-07-05T01:32:42.710,payment-hub,OK,MT103,SWIFT,8652.09,EUR,**************7234,SG,120
3eb13b90-4668-5257-bdd6-40fb06671ad1,2026-07-05T01:32:42.964,core-banking,OK,MT103,SWIFT,8652.09,EUR,**************7234,SG,124
3eb13b90-4668-5257-bdd6-40fb06671ad1,2026-07-05T01:32:43.021,settlement,SETTLED,MT103,SWIFT,8652.09,EUR,**************7234,SG,101
3eb13b90-4668-5257-bdd6-40fb06671ad1,2026-07-09T12:03:49.089,gateway,OK,MT103,FAST,322.64,SGD,**************8082,MY,51
3eb13b90-4668-5257-bdd6-40fb06671ad1,2026-07-09T12:03:49.165,auth,OK,MT103,FAST,322.64,SGD,**************8082,MY,46
3eb13b90-4668-5257-bdd6-40fb06671ad1,2026-07-09T12:03:49.287,validation,OK,MT103,FAST,322.64,SGD,**************8082,MY,104
3eb13b90-4668-5257-bdd6-40fb06671ad1,2026-07-09T12:03:49.361,aml,OK,MT103,FAST,322.64,SGD,**************8082,MY,47
3eb13b90-4668-5257-bdd6-40fb06671ad1,2026-07-09T12:03:49.426,payment-hub,OK,MT103,FAST,322.64,SGD,**************8082,MY,47
3eb13b90-4668-5257-bdd6-40fb06671ad1,2026-07-09T12:03:49.583,core-banking,OK,MT103,FAST,322.64,SGD,**************8082,MY,128
3eb13b90-4668-5257-bdd6-40fb06671ad1,2026-07-09T12:03:49.637,settlement,SETTLED,MT103,FAST,322.64,SGD,**************8082,MY,199
3eb13b90-4668-5257-bdd6-40fb06671ad1,2026-07-11T09:23:16.884,gateway,OK,pacs.008,FAST,407.43,USD,**************6682,HK,53
3eb13b90-4668-5257-bdd6-40fb06671ad1,2026-07-11T09:23:17.038,auth,OK,pacs.008,FAST,407.43,USD,**************6682,HK,90
3eb13b90-4668-5257-bdd6-40fb06671ad1,2026-07-11T09:23:17.122,validation,REJECTED,pacs.008,FAST,407.43,USD,**************6682,HK,109
3eb13b90-4668-5257-bdd6-40fb06671ad1,2026-07-07T11:15:13.648,gateway,OK,MT103,SWIFT,366.6,SGD,**************9090,MY,23
3eb13b90-4668-5257-bdd6-40fb06671ad1,2026-07-07T11:15:13.923,auth,OK,MT103,SWIFT,366.6,SGD,**************9090,MY,26
3eb13b90-4668-5257-bdd6-40fb06671ad1,2026-07-07T11:15:14.013,validation,OK,MT103,SWIFT,366.6,SGD,**************9090,MY,97
3eb13b90-4668-5257-bdd6-40fb06671ad1,2026-07-07T11:15:14.132,aml,OK,MT103,SWIFT,366.6,SGD,**************9090,MY,138
3eb13b90-4668-5257-bdd6-40fb06671ad1,2026-07-07T11:15:14.218,payment-hub,OK,MT103,SWIFT,366.6,SGD,**************9090,MY,52
3eb13b90-4668-5257-bdd6-40fb06671ad1,2026-07-07T11:15:14.330,core-banking,OK,MT103,SWIFT,366.6,SGD,**************9090,MY,164
3eb13b90-4668-5257-bdd6-40fb06671ad1,2026-07-07T11:15:14.399,settlement,SETTLED,MT103,SWIFT,366.6,SGD,**************9090,MY,298
3eb13b90-4668-5257-bdd6-40fb06671ad1,2026-07-10T15:13:44.743,gateway,OK,pacs.008,SWIFT,713.04,SGD,**************4763,SG,22
3eb13b90-4668-5257-bdd6-40fb06671ad1,2026-07-10T15:13:44.914,auth,OK,pacs.008,SWIFT,713.04,SGD,**************4763,SG,85
3eb13b90-4668-5257-bdd6-40fb06671ad1,2026-07-10T15:13:44.979,validation,OK,pacs.008,SWIFT,713.04,SGD,**************4763,SG,67
3eb13b90-4668-5257-bdd6-40fb06671ad1,2026-07-10T15:13:45.060,aml,OK,pacs.008,SWIFT,713.04,SGD,**************4763,SG,195
3eb13b90-4668-5257-bdd6-40fb06671ad1,2026-07-10T15:13:45.135,payment-hub,OK,pacs.008,SWIFT,713.04,SGD,**************4763,SG,62
3eb13b90-4668-5257-bdd6-40fb06671ad1,2026-07-10T15:13:45.344,core-banking,OK,pacs.008,SWIFT,713.04,SGD,**************4763,SG,130
3eb13b90-4668-5257-bdd6-40fb06671ad1,2026-07-10T15:13:45.428,settlement,SETTLED,pacs.008,SWIFT,713.04,SGD,**************4763,SG,122
3eb13b90-4668-5257-bdd6-40fb06671ad1,2026-07-09T05:24:37.396,gateway,OK,pacs.008,FAST,325.94,MYR,**************6712,SG,51
3eb13b90-4668-5257-bdd6-40fb06671ad1,2026-07-09T05:24:37.483,auth,OK,pacs.008,FAST,325.94,MYR,**************6712,SG,90
3eb13b90-4668-5257-bdd6-40fb06671ad1,2026-07-09T05:24:37.767,validation,OK,pacs.008,FAST,325.94,MYR,**************6712,SG,52
3eb13b90-4668-5257-bdd6-40fb06671ad1,2026-07-09T05:24:37.814,aml,TIMEOUT,pacs.008,FAST,325.94,MYR,**************6712,SG,30000
3eb13b90-4668-5257-bdd6-40fb06671ad1,2026-07-09T05:24:37.872,payment-hub,FAILED,pacs.008,FAST,325.94,MYR,**************6712,SG,88
3eb13b90-4668-5257-bdd6-40fb06671ad1,2026-07-02T00:54:55.767,gateway,OK,pacs.008,SWIFT,1499.23,SGD,**************5061,GB,19
3eb13b90-4668-5257-bdd6-40fb06671ad1,2026-07-02T00:54:55.799,auth,OK,pacs.008,SWIFT,1499.23,SGD,**************5061,GB,71
3eb13b90-4668-5257-bdd6-40fb06671ad1,2026-07-02T00:54:55.997,validation,OK,pacs.008,SWIFT,1499.23,SGD,**************5061,GB,33
3eb13b90-4668-5257-bdd6-40fb06671ad1,2026-07-02T00:54:56.055,aml,TIMEOUT,pacs.008,SWIFT,1499.23,SGD,**************5061,GB,30000
3eb13b90-4668-5257-bdd6-40fb06671ad1,2026-07-02T00:54:56.122,payment-hub,FAILED,pacs.008,SWIFT,1499.23,SGD,**************5061,GB,77
3eb13b90-4668-5257-bdd6-40fb06671ad1,2026-07-13T21:31:35.472,gateway,OK,pacs.008,FAST,42.4,SGD,**************1402,US,48
3eb13b90-4668-5257-bdd6-40fb06671ad1,2026-07-13T21:31:35.558,auth,OK,pacs.008,FAST,42.4,SGD,**************1402,US,82
3eb13b90-4668-5257-bdd6-40fb06671ad1,2026-07-13T21:31:35.635,validation,OK,pacs.008,FAST,42.4,SGD,**************1402,US,30
3eb13b90-4668-5257-bdd6-40fb06671ad1,2026-07-13T21:31:35.855,aml,OK,pacs.008,FAST,42.4,SGD,**************1402,US,98
3eb13b90-4668-5257-bdd6-40fb06671ad1,2026-07-13T21:31:35.910,payment-hub,OK,pacs.008,FAST,42.4,SGD,**************1402,US,92
3eb13b90-4668-5257-bdd6-40fb06671ad1,2026-07-13T21:31:36.189,core-banking,OK,pacs.008,FAST,42.4,SGD,**************1402,US,134
3eb13b90-4668-5257-bdd6-40fb06671ad1,2026-07-13T21:31:36.283,settlement,SETTLED,pacs.008,FAST,42.4,SGD,**************1402,US,281
3eb13b90-4668-5257-bdd6-40fb06671ad1,2026-07-08T02:33:30.934,gateway,OK,0200,FAST,128.84,USD,**************6997,SG,53
3eb13b90-4668-5257-bdd6-40fb06671ad1,2026-07-08T02:33:31.069,auth,OK,0200,FAST,128.84,USD,**************6997,SG,88
3eb13b90-4668-5257-bdd6-40fb06671ad1,2026-07-08T02:33:31.160,validation,OK,0200,FAST,128.84,USD,**************6997,SG,64
3eb13b90-4668-5257-bdd6-40fb06671ad1,2026-07-08T02:33:31.186,aml,OK,0200,FAST,128.84,USD,**************6997,SG,244
3eb13b90-4668-5257-bdd6-40fb06671ad1,2026-07-08T02:33:31.325,payment-hub,OK,0200,FAST,128.84,USD,**************6997,SG,146
3eb13b90-4668-5257-bdd6-40fb06671ad1,2026-07-08T02:33:31.384,core-banking,OK,0200,FAST,128.84,USD,**************6997,SG,123
3eb13b90-4668-5257-bdd6-40fb06671ad1,2026-07-08T02:33:31.407,settlement,SETTLED,0200,FAST,128.84,USD,**************6997,SG,299
3eb13b90-4668-5257-bdd6-40fb06671ad1,2026-07-05T01:40:36.314,gateway,OK,pacs.008,SWIFT,937.77,MYR,**************1280,US,39
3eb13b90-4668-5257-bdd6-40fb06671ad1,2026-07-05T01:40:36.417,auth,OK,pacs.008,SWIFT,937.77,MYR,**************1280,US,81
3eb13b90-4668-5257-bdd6-40fb06671ad1,2026-07-05T01:40:36.567,validation,OK,pacs.008,SWIFT,937.77,MYR,**************1280,US,91
3eb13b90-4668-5257-bdd6-40fb06671ad1,2026-07-05T01:40:36.678,aml,OK,pacs.008,SWIFT,937.77,MYR,**************1280,US,164
3eb13b90-4668-5257-bdd6-40fb06671ad1,2026-07-05T01:40:36.914,payment-hub,OK,pacs.008,SWIFT,937.77,MYR,**************1280,US,69
3eb13b90-4668-5257-bdd6-40fb06671ad1,2026-07-05T01:40:37.017,core-banking,OK,pacs.008,SWIFT,937.77,MYR,**************1280,US,159
3eb13b90-4668-5257-bdd6-40fb06671ad1,2026-07-05T01:40:37.076,settlement,SETTLED,pacs.008,SWIFT,937.77,MYR,**************1280,US,302
3eb13b90-4668-5257-bdd6-40fb06671ad1,2026-07-04T18:03:55.625,gateway,OK,pacs.008,SWIFT,3150.28,USD,**************3302,MY,41
3eb13b90-4668-5257-bdd6-40fb06671ad1,2026-07-04T18:03:55.735,auth,OK,pacs.008,SWIFT,3150.28,USD,**************3302,MY,56
3eb13b90-4668-5257-bdd6-40fb06671ad1,2026-07-04T18:03:55.978,validation,OK,pacs.008,SWIFT,3150.28,USD,**************3302,MY,75
3eb13b90-4668-5257-bdd6-40fb06671ad1,2026-07-04T18:03:56.072,aml,OK,pacs.008,SWIFT,3150.28,USD,**************3302,MY,64
3eb13b90-4668-5257-bdd6-40fb06671ad1,2026-07-04T18:03:56.181,payment-hub,OK,pacs.008,SWIFT,3150.28,USD,**************3302,MY,111
3eb13b90-4668-5257-bdd6-40fb06671ad1,2026-07-04T18:03:56.279,core-banking,OK,pacs.008,SWIFT,3150.28,USD,**************3302,MY,213
3eb13b90-4668-5257-bdd6-40fb06671ad1,2026-07-04T18:03:56.372,settlement,SETTLED,pacs.008,SWIFT,3150.28,USD,**************3302,MY,330
3eb13b90-4668-5257-bdd6-40fb06671ad1,2026-07-02T10:59:34.315,gateway,OK,MT103,SWIFT,649.08,SGD,**************2308,US,33
3eb13b90-4668-5257-bdd6-40fb06671ad1,2026-07-02T10:59:34.384,auth,OK,MT103,SWIFT,649.08,SGD,**************2308,US,43
3eb13b90-4668-5257-bdd6-40fb06671ad1,2026-07-02T10:59:34.633,validation,OK,MT103,SWIFT,649.08,SGD,**************2308,US,33
3eb13b90-4668-5257-bdd6-40fb06671ad1,2026-07-02T10:59:34.782,aml,OK,MT103,SWIFT,649.08,SGD,**************2308,US,61
3eb13b90-4668-5257-bdd6-40fb06671ad1,2026-07-02T10:59:34.931,payment-hub,OK,MT103,SWIFT,649.08,SGD,**************2308,US,131
3eb13b90-4668-5257-bdd6-40fb06671ad1,2026-07-02T10:59:34.985,core-banking,OK,MT103,SWIFT,649.08,SGD,**************2308,US,97
3eb13b90-4668-5257-bdd6-40fb06671ad1,2026-07-02T10:59:35.074,settlement,SETTLED,MT103,SWIFT,649.08,SGD,**************2308,US,346
3eb13b90-4668-5257-bdd6-40fb06671ad1,2026-07-09T21:52:56.318,gateway,OK,pacs.008,FAST,14207.78,MYR,**************5148,SG,50
3eb13b90-4668-5257-bdd6-40fb06671ad1,2026-07-09T21:52:56.391,auth,OK,pacs.008,FAST,14207.78,MYR,**************5148,SG,52
3eb13b90-4668-5257-bdd6-40fb06671ad1,2026-07-09T21:52:56.446,validation,OK,pacs.008,FAST,14207.78,MYR,**************5148,SG,58
3eb13b90-4668-5257-bdd6-40fb06671ad1,2026-07-09T21:52:56.507,aml,OK,pacs.008,FAST,14207.78,MYR,**************5148,SG,120
3eb13b90-4668-5257-bdd6-40fb06671ad1,2026-07-09T21:52:56.615,payment-hub,OK,pacs.008,FAST,14207.78,MYR,**************5148,SG,33
3eb13b90-4668-5257-bdd6-40fb06671ad1,2026-07-09T21:52:56.679,core-banking,OK,pacs.008,FAST,14207.78,MYR,**************5148,SG,71
3eb13b90-4668-5257-bdd6-40fb06671ad1,2026-07-09T21:52:56.737,settlement,SETTLED,pacs.008,FAST,14207.78,MYR,**************5148,SG,247
3eb13b90-4668-5257-bdd6-40fb06671ad1,2026-07-08T06:27:13.700,gateway,OK,pacs.008,FAST,748.49,SGD,**************2833,SG,20
3eb13b90-4668-5257-bdd6-40fb06671ad1,2026-07-08T06:27:13.840,auth,OK,pacs.008,FAST,748.49,SGD,**************2833,SG,43
3eb13b90-4668-5257-bdd6-40fb06671ad1,2026-07-08T06:27:14.141,validation,OK,pacs.008,FAST,748.49,SGD,**************2833,SG,111
3eb13b90-4668-5257-bdd6-40fb06671ad1,2026-07-08T06:27:14.232,aml,TIMEOUT,pacs.008,FAST,748.49,SGD,**************2833,SG,30000
3eb13b90-4668-5257-bdd6-40fb06671ad1,2026-07-08T06:27:14.287,payment-hub,FAILED,pacs.008,FAST,748.49,SGD,**************2833,SG,104
3eb13b90-4668-5257-bdd6-40fb06671ad1,2026-07-13T00:30:26.682,gateway,OK,pacs.008,SWIFT,544.39,MYR,**************2691,HK,28
3eb13b90-4668-5257-bdd6-40fb06671ad1,2026-07-13T00:30:26.751,auth,OK,pacs.008,SWIFT,544.39,MYR,**************2691,HK,73
3eb13b90-4668-5257-bdd6-40fb06671ad1,2026-07-13T00:30:26.825,validation,OK,pacs.008,SWIFT,544.39,MYR,**************2691,HK,108
3eb13b90-4668-5257-bdd6-40fb06671ad1,2026-07-13T00:30:26.946,aml,OK,pacs.008,SWIFT,544.39,MYR,**************2691,HK,289
3eb13b90-4668-5257-bdd6-40fb06671ad1,2026-07-13T00:30:27.104,payment-hub,OK,pacs.008,SWIFT,544.39,MYR,**************2691,HK,96
3eb13b90-4668-5257-bdd6-40fb06671ad1,2026-07-13T00:30:27.312,core-banking,OK,pacs.008,SWIFT,544.39,MYR,**************2691,HK,168
3eb13b90-4668-5257-bdd6-40fb06671ad1,2026-07-13T00:30:27.447,settlement,SETTLED,pacs.008,SWIFT,544.39,MYR,**************2691,HK,324
3eb13b90-4668-5257-bdd6-40fb06671ad1,2026-07-08T12:07:41.407,gateway,OK,MT103,FAST,550.79,USD,**************3379,US,45
3eb13b90-4668-5257-bdd6-40fb06671ad1,2026-07-08T12:07:41.632,auth,OK,MT103,FAST,550.79,USD,**************3379,US,85
3eb13b90-4668-5257-bdd6-40fb06671ad1,2026-07-08T12:07:41.694,validation,OK,MT103,FAST,550.79,USD,**************3379,US,106
3eb13b90-4668-5257-bdd6-40fb06671ad1,2026-07-08T12:07:41.776,aml,OK,MT103,FAST,550.79,USD,**************3379,US,88
3eb13b90-4668-5257-bdd6-40fb06671ad1,2026-07-08T12:07:41.840,payment-hub,OK,MT103,FAST,550.79,USD,**************3379,US,72
3eb13b90-4668-5257-bdd6-40fb06671ad1,2026-07-08T12:07:41.888,core-banking,OK,MT103,FAST,550.79,USD,**************3379,US,148
3eb13b90-4668-5257-bdd6-40fb06671ad1,2026-07-08T12:07:41.986,settlement,SETTLED,MT103,FAST,550.79,USD,**************3379,US,106
3eb13b90-4668-5257-bdd6-40fb06671ad1,2026-07-08T23:45:42.300,gateway,OK,pacs.008,FAST,554.11,INR,**************0439,US,28
3eb13b90-4668-5257-bdd6-40fb06671ad1,2026-07-08T23:45:42.438,auth,OK,pacs.008,FAST,554.11,INR,**************0439,US,87
3eb13b90-4668-5257-bdd6-40fb06671ad1,2026-07-08T23:45:42.540,validation,OK,pacs.008,FAST,554.11,INR,**************0439,US,28
3eb13b90-4668-5257-bdd6-40fb06671ad1,2026-07-08T23:45:42.588,aml,TIMEOUT,pacs.008,FAST,554.11,INR,**************0439,US,30000
3eb13b90-4668-5257-bdd6-40fb06671ad1,2026-07-08T23:45:42.670,payment-hub,FAILED,pacs.008,FAST,554.11,INR,**************0439,US,98
3eb13b90-4668-5257-bdd6-40fb06671ad1,2026-07-08T09:06:50.433,gateway,OK,0200,SWIFT,428.48,USD,**************3175,MY,18
3eb13b90-4668-5257-bdd6-40fb06671ad1,2026-07-08T09:06:50.467,auth,OK,0200,SWIFT,428.48,USD,**************3175,MY,61
3eb13b90-4668-5257-bdd6-40fb06671ad1,2026-07-08T09:06:50.539,validation,OK,0200,SWIFT,428.48,USD,**************3175,MY,27
3eb13b90-4668-5257-bdd6-40fb06671ad1,2026-07-08T09:06:50.814,aml,OK,0200,SWIFT,428.48,USD,**************3175,MY,139
3eb13b90-4668-5257-bdd6-40fb06671ad1,2026-07-08T09:06:51.113,payment-hub,OK,0200,SWIFT,428.48,USD,**************3175,MY,37
3eb13b90-4668-5257-bdd6-40fb06671ad1,2026-07-08T09:06:51.196,core-banking,OK,0200,SWIFT,428.48,USD,**************3175,MY,233
3eb13b90-4668-5257-bdd6-40fb06671ad1,2026-07-08T09:06:51.328,settlement,SETTLED,0200,SWIFT,428.48,USD,**************3175,MY,149
3eb13b90-4668-5257-bdd6-40fb06671ad1,2026-07-10T22:56:54.034,gateway,OK,MT103,FAST,394.25,SGD,**************8021,SG,49
3eb13b90-4668-5257-bdd6-40fb06671ad1,2026-07-10T22:56:54.297,auth,OK,MT103,FAST,394.25,SGD,**************8021,SG,37
3eb13b90-4668-5257-bdd6-40fb06671ad1,2026-07-10T22:56:54.401,validation,OK,MT103,FAST,394.25,SGD,**************8021,SG,111
3eb13b90-4668-5257-bdd6-40fb06671ad1,2026-07-10T22:56:54.439,aml,OK,MT103,FAST,394.25,SGD,**************8021,SG,211
3eb13b90-4668-5257-bdd6-40fb06671ad1,2026-07-10T22:56:54.483,payment-hub,OK,MT103,FAST,394.25,SGD,**************8021,SG,92
3eb13b90-4668-5257-bdd6-40fb06671ad1,2026-07-10T22:56:54.544,core-banking,OK,MT103,FAST,394.25,SGD,**************8021,SG,136
3eb13b90-4668-5257-bdd6-40fb06671ad1,2026-07-10T22:56:54.665,settlement,SETTLED,MT103,FAST,394.25,SGD,**************8021,SG,154
3eb13b90-4668-5257-bdd6-40fb06671ad1,2026-07-11T11:17:00.886,gateway,OK,pacs.008,FAST,295.03,USD,**************0785,HK,16
3eb13b90-4668-5257-bdd6-40fb06671ad1,2026-07-11T11:17:00.957,auth,OK,pacs.008,FAST,295.03,USD,**************0785,HK,78
3eb13b90-4668-5257-bdd6-40fb06671ad1,2026-07-11T11:17:00.999,validation,OK,pacs.008,FAST,295.03,USD,**************0785,HK,61
3eb13b90-4668-5257-bdd6-40fb06671ad1,2026-07-11T11:17:01.089,aml,OK,pacs.008,FAST,295.03,USD,**************0785,HK,128
3eb13b90-4668-5257-bdd6-40fb06671ad1,2026-07-11T11:17:01.168,payment-hub,OK,pacs.008,FAST,295.03,USD,**************0785,HK,57
3eb13b90-4668-5257-bdd6-40fb06671ad1,2026-07-11T11:17:01.219,core-banking,OK,pacs.008,FAST,295.03,USD,**************0785,HK,186
3eb13b90-4668-5257-bdd6-40fb06671ad1,2026-07-11T11:17:01.311,settlement,SETTLED,pacs.008,FAST,295.03,USD,**************0785,HK,354
3eb13b90-4668-5257-bdd6-40fb06671ad1,2026-07-10T10:31:22.217,gateway,OK,pacs.008,FAST,333.56,EUR,**************8080,SG,32
3eb13b90-4668-5257-bdd6-40fb06671ad1,2026-07-10T10:31:22.355,auth,OK,pacs.008,FAST,333.56,EUR,**************8080,SG,49
3eb13b90-4668-5257-bdd6-40fb06671ad1,2026-07-10T10:31:22.656,validation,OK,pacs.008,FAST,333.56,EUR,**************8080,SG,53
3eb13b90-4668-5257-bdd6-40fb06671ad1,2026-07-10T10:31:22.963,aml,OK,pacs.008,FAST,333.56,EUR,**************8080,SG,105
3eb13b90-4668-5257-bdd6-40fb06671ad1,2026-07-10T10:31:23.131,payment-hub,OK,pacs.008,FAST,333.56,EUR,**************8080,SG,144
3eb13b90-4668-5257-bdd6-40fb06671ad1,2026-07-10T10:31:23.198,core-banking,OK,pacs.008,FAST,333.56,EUR,**************8080,SG,52
3eb13b90-4668-5257-bdd6-40fb06671ad1,2026-07-10T10:31:23.263,settlement,SETTLED,pacs.008,FAST,333.56,EUR,**************8080,SG,139
3eb13b90-4668-5257-bdd6-40fb06671ad1,2026-07-01T12:46:50.858,gateway,OK,pacs.008,FAST,567.65,SGD,**************1954,SG,45
3eb13b90-4668-5257-bdd6-40fb06671ad1,2026-07-01T12:46:50.919,auth,OK,pacs.008,FAST,567.65,SGD,**************1954,SG,89
3eb13b90-4668-5257-bdd6-40fb06671ad1,2026-07-01T12:46:51.201,validation,OK,pacs.008,FAST,567.65,SGD,**************1954,SG,61
3eb13b90-4668-5257-bdd6-40fb06671ad1,2026-07-01T12:46:51.287,aml,OK,pacs.008,FAST,567.65,SGD,**************1954,SG,223
3eb13b90-4668-5257-bdd6-40fb06671ad1,2026-07-01T12:47:21.296,payment-hub,OK,pacs.008,FAST,567.65,SGD,**************1954,SG,108
3eb13b90-4668-5257-bdd6-40fb06671ad1,2026-07-01T12:47:21.341,core-banking,OK,pacs.008,FAST,567.65,SGD,**************1954,SG,76
3eb13b90-4668-5257-bdd6-40fb06671ad1,2026-07-01T12:47:21.480,settlement,SETTLED,pacs.008,FAST,567.65,SGD,**************1954,SG,61
3eb13b90-4668-5257-bdd6-40fb06671ad1,2026-07-08T22:00:54.979,gateway,OK,pacs.008,SWIFT,194.93,GBP,**************4401,MY,33
3eb13b90-4668-5257-bdd6-40fb06671ad1,2026-07-08T22:00:55.068,auth,OK,pacs.008,SWIFT,194.93,GBP,**************4401,MY,62
3eb13b90-4668-5257-bdd6-40fb06671ad1,2026-07-08T22:00:55.218,validation,OK,pacs.008,SWIFT,194.93,GBP,**************4401,MY,47
3eb13b90-4668-5257-bdd6-40fb06671ad1,2026-07-08T22:00:55.335,aml,OK,pacs.008,SWIFT,194.93,GBP,**************4401,MY,197
3eb13b90-4668-5257-bdd6-40fb06671ad1,2026-07-08T22:00:55.405,payment-hub,OK,pacs.008,SWIFT,194.93,GBP,**************4401,MY,110
3eb13b90-4668-5257-bdd6-40fb06671ad1,2026-07-08T22:00:55.540,core-banking,OK,pacs.008,SWIFT,194.93,GBP,**************4401,MY,190
3eb13b90-4668-5257-bdd6-40fb06671ad1,2026-07-08T22:00:55.662,settlement,SETTLED,pacs.008,SWIFT,194.93,GBP,**************4401,MY,284
3eb13b90-4668-5257-bdd6-40fb06671ad1,2026-07-13T00:54:23.652,gateway,OK,pacs.008,SWIFT,431.71,SGD,**************9747,SG,22
3eb13b90-4668-5257-bdd6-40fb06671ad1,2026-07-13T00:54:23.843,auth,OK,pacs.008,SWIFT,431.71,SGD,**************9747,SG,41
3eb13b90-4668-5257-bdd6-40fb06671ad1,2026-07-13T00:54:23.913,validation,OK,pacs.008,SWIFT,431.71,SGD,**************9747,SG,84
3eb13b90-4668-5257-bdd6-40fb06671ad1,2026-07-13T00:54:24.164,aml,OK,pacs.008,SWIFT,431.71,SGD,**************9747,SG,265
3eb13b90-4668-5257-bdd6-40fb06671ad1,2026-07-13T00:54:24.261,payment-hub,OK,pacs.008,SWIFT,431.71,SGD,**************9747,SG,68
3eb13b90-4668-5257-bdd6-40fb06671ad1,2026-07-13T00:54:24.316,core-banking,OK,pacs.008,SWIFT,431.71,SGD,**************9747,SG,105
3eb13b90-4668-5257-bdd6-40fb06671ad1,2026-07-13T00:54:24.408,settlement,SETTLED,pacs.008,SWIFT,431.71,SGD,**************9747,SG,345
3eb13b90-4668-5257-bdd6-40fb06671ad1,2026-07-01T15:49:13.618,gateway,OK,pacs.008,CARDS,226.99,EUR,**************9894,MY,20
3eb13b90-4668-5257-bdd6-40fb06671ad1,2026-07-01T15:49:13.679,auth,OK,pacs.008,CARDS,226.99,EUR,**************9894,MY,51
3eb13b90-4668-5257-bdd6-40fb06671ad1,2026-07-01T15:49:13.929,validation,OK,pacs.008,CARDS,226.99,EUR,**************9894,MY,120
3eb13b90-4668-5257-bdd6-40fb06671ad1,2026-07-01T15:49:14.001,aml,OK,pacs.008,CARDS,226.99,EUR,**************9894,MY,46
3eb13b90-4668-5257-bdd6-40fb06671ad1,2026-07-01T15:49:14.235,payment-hub,OK,pacs.008,CARDS,226.99,EUR,**************9894,MY,116
3eb13b90-4668-5257-bdd6-40fb06671ad1,2026-07-01T15:49:14.558,core-banking,OK,pacs.008,CARDS,226.99,EUR,**************9894,MY,70
3eb13b90-4668-5257-bdd6-40fb06671ad1,2026-07-01T15:49:14.725,settlement,SETTLED,pacs.008,CARDS,226.99,EUR,**************9894,MY,231
3eb13b90-4668-5257-bdd6-40fb06671ad1,2026-07-04T16:43:30.051,gateway,OK,pacs.008,FAST,786.13,SGD,**************6121,IN,49
3eb13b90-4668-5257-bdd6-40fb06671ad1,2026-07-04T16:43:30.093,auth,OK,pacs.008,FAST,786.13,SGD,**************6121,IN,41
3eb13b90-4668-5257-bdd6-40fb06671ad1,2026-07-04T16:43:30.186,validation,OK,pacs.008,FAST,786.13,SGD,**************6121,IN,43
3eb13b90-4668-5257-bdd6-40fb06671ad1,2026-07-04T16:43:30.306,aml,TIMEOUT,pacs.008,FAST,786.13,SGD,**************6121,IN,30000
3eb13b90-4668-5257-bdd6-40fb06671ad1,2026-07-04T16:43:30.395,payment-hub,FAILED,pacs.008,FAST,786.13,SGD,**************6121,IN,122
3eb13b90-4668-5257-bdd6-40fb06671ad1,2026-07-03T07:29:03.315,gateway,OK,pacs.008,FAST,398.58,SGD,**************5762,SG,23
3eb13b90-4668-5257-bdd6-40fb06671ad1,2026-07-03T07:29:03.430,auth,OK,pacs.008,FAST,398.58,SGD,**************5762,SG,67
3eb13b90-4668-5257-bdd6-40fb06671ad1,2026-07-03T07:29:03.746,validation,OK,pacs.008,FAST,398.58,SGD,**************5762,SG,76
3eb13b90-4668-5257-bdd6-40fb06671ad1,2026-07-03T07:29:33.753,aml,OK,pacs.008,FAST,398.58,SGD,**************5762,SG,46
3eb13b90-4668-5257-bdd6-40fb06671ad1,2026-07-03T07:29:33.971,payment-hub,OK,pacs.008,FAST,398.58,SGD,**************5762,SG,140
3eb13b90-4668-5257-bdd6-40fb06671ad1,2026-07-03T07:29:34.036,core-banking,OK,pacs.008,FAST,398.58,SGD,**************5762,SG,212
3eb13b90-4668-5257-bdd6-40fb06671ad1,2026-07-03T07:29:34.216,settlement,SETTLED,pacs.008,FAST,398.58,SGD,**************5762,SG,393
3eb13b90-4668-5257-bdd6-40fb06671ad1,2026-07-07T13:29:34.891,gateway,OK,0200,SWIFT,748.14,SGD,**************0241,SG,50
3eb13b90-4668-5257-bdd6-40fb06671ad1,2026-07-07T13:29:34.958,auth,OK,0200,SWIFT,748.14,SGD,**************0241,SG,49
3eb13b90-4668-5257-bdd6-40fb06671ad1,2026-07-07T13:29:35.050,validation,OK,0200,SWIFT,748.14,SGD,**************0241,SG,42
3eb13b90-4668-5257-bdd6-40fb06671ad1,2026-07-07T13:29:35.190,aml,OK,0200,SWIFT,748.14,SGD,**************0241,SG,78
3eb13b90-4668-5257-bdd6-40fb06671ad1,2026-07-07T13:30:05.212,payment-hub,OK,0200,SWIFT,748.14,SGD,**************0241,SG,101
3eb13b90-4668-5257-bdd6-40fb06671ad1,2026-07-07T13:30:05.267,core-banking,OK,0200,SWIFT,748.14,SGD,**************0241,SG,84
3eb13b90-4668-5257-bdd6-40fb06671ad1,2026-07-07T13:30:05.416,settlement,SETTLED,0200,SWIFT,748.14,SGD,**************0241,SG,98
3eb13b90-4668-5257-bdd6-40fb06671ad1,2026-07-01T09:36:13.186,gateway,OK,pacs.008,SWIFT,261.81,GBP,**************8562,SG,20
3eb13b90-4668-5257-bdd6-40fb06671ad1,2026-07-01T09:36:13.269,auth,OK,pacs.008,SWIFT,261.81,GBP,**************8562,SG,63
3eb13b90-4668-5257-bdd6-40fb06671ad1,2026-07-01T09:36:13.431,validation,OK,pacs.008,SWIFT,261.81,GBP,**************8562,SG,92
3eb13b90-4668-5257-bdd6-40fb06671ad1,2026-07-01T09:36:13.516,aml,OK,pacs.008,SWIFT,261.81,GBP,**************8562,SG,137
3eb13b90-4668-5257-bdd6-40fb06671ad1,2026-07-01T09:36:13.671,payment-hub,OK,pacs.008,SWIFT,261.81,GBP,**************8562,SG,34
3eb13b90-4668-5257-bdd6-40fb06671ad1,2026-07-01T09:36:13.791,core-banking,OK,pacs.008,SWIFT,261.81,GBP,**************8562,SG,217
3eb13b90-4668-5257-bdd6-40fb06671ad1,2026-07-01T09:36:13.881,settlement,SETTLED,pacs.008,SWIFT,261.81,GBP,**************8562,SG,319
3eb13b90-4668-5257-bdd6-40fb06671ad1,2026-07-08T02:11:02.127,gateway,OK,pacs.008,FAST,300.86,EUR,**************5261,GB,19
3eb13b90-4668-5257-bdd6-40fb06671ad1,2026-07-08T02:11:02.197,auth,OK,pacs.008,FAST,300.86,EUR,**************5261,GB,63
3eb13b90-4668-5257-bdd6-40fb06671ad1,2026-07-08T02:11:02.255,validation,OK,pacs.008,FAST,300.86,EUR,**************5261,GB,75
3eb13b90-4668-5257-bdd6-40fb06671ad1,2026-07-08T02:11:02.322,aml,OK,pacs.008,FAST,300.86,EUR,**************5261,GB,145
3eb13b90-4668-5257-bdd6-40fb06671ad1,2026-07-08T02:11:02.385,payment-hub,OK,pacs.008,FAST,300.86,EUR,**************5261,GB,35
3eb13b90-4668-5257-bdd6-40fb06671ad1,2026-07-08T02:11:02.490,core-banking,OK,pacs.008,FAST,300.86,EUR,**************5261,GB,191
3eb13b90-4668-5257-bdd6-40fb06671ad1,2026-07-08T02:11:02.518,settlement,SETTLED,pacs.008,FAST,300.86,EUR,**************5261,GB,194
3eb13b90-4668-5257-bdd6-40fb06671ad1,2026-07-13T15:14:43.199,gateway,OK,pacs.008,FAST,2252.05,EUR,**************5774,IN,34
3eb13b90-4668-5257-bdd6-40fb06671ad1,2026-07-13T15:14:43.245,auth,OK,pacs.008,FAST,2252.05,EUR,**************5774,IN,27
3eb13b90-4668-5257-bdd6-40fb06671ad1,2026-07-13T15:14:43.328,validation,OK,pacs.008,FAST,2252.05,EUR,**************5774,IN,57
3eb13b90-4668-5257-bdd6-40fb06671ad1,2026-07-13T15:14:43.376,aml,OK,pacs.008,FAST,2252.05,EUR,**************5774,IN,218
3eb13b90-4668-5257-bdd6-40fb06671ad1,2026-07-13T15:14:43.446,payment-hub,OK,pacs.008,FAST,2252.05,EUR,**************5774,IN,144
3eb13b90-4668-5257-bdd6-40fb06671ad1,2026-07-13T15:14:43.611,core-banking,OK,pacs.008,FAST,2252.05,EUR,**************5774,IN,101
3eb13b90-4668-5257-bdd6-40fb06671ad1,2026-07-13T15:14:43.682,settlement,SETTLED,pacs.008,FAST,2252.05,EUR,**************5774,IN,145
3eb13b90-4668-5257-bdd6-40fb06671ad1,2026-07-10T09:18:40.721,gateway,OK,pacs.008,FAST,1066.54,USD,**************1616,US,19
3eb13b90-4668-5257-bdd6-40fb06671ad1,2026-07-10T09:18:40.816,auth,OK,pacs.008,FAST,1066.54,USD,**************1616,US,50
3eb13b90-4668-5257-bdd6-40fb06671ad1,2026-07-10T09:18:40.916,validation,OK,pacs.008,FAST,1066.54,USD,**************1616,US,35
3eb13b90-4668-5257-bdd6-40fb06671ad1,2026-07-10T09:18:40.989,aml,OK,pacs.008,FAST,1066.54,USD,**************1616,US,75
3eb13b90-4668-5257-bdd6-40fb06671ad1,2026-07-10T09:18:41.057,payment-hub,OK,pacs.008,FAST,1066.54,USD,**************1616,US,82
3eb13b90-4668-5257-bdd6-40fb06671ad1,2026-07-10T09:18:41.172,core-banking,OK,pacs.008,FAST,1066.54,USD,**************1616,US,76
3eb13b90-4668-5257-bdd6-40fb06671ad1,2026-07-10T09:19:11.201,settlement,SETTLED,pacs.008,FAST,1066.54,USD,**************1616,US,398
3eb13b90-4668-5257-bdd6-40fb06671ad1,2026-07-03T16:50:18.326,gateway,OK,MT103,FAST,217.45,USD,**************4426,SG,18
3eb13b90-4668-5257-bdd6-40fb06671ad1,2026-07-03T16:50:18.482,auth,OK,MT103,FAST,217.45,USD,**************4426,SG,83
3eb13b90-4668-5257-bdd6-40fb06671ad1,2026-07-03T16:50:18.765,validation,REJECTED,MT103,FAST,217.45,USD,**************4426,SG,35
3eb13b90-4668-5257-bdd6-40fb06671ad1,2026-07-09T07:23:09.491,gateway,OK,pacs.008,FAST,2288.92,SGD,**************4028,SG,15
3eb13b90-4668-5257-bdd6-40fb06671ad1,2026-07-09T07:23:09.566,auth,OK,pacs.008,FAST,2288.92,SGD,**************4028,SG,84
3eb13b90-4668-5257-bdd6-40fb06671ad1,2026-07-09T07:23:09.767,validation,OK,pacs.008,FAST,2288.92,SGD,**************4028,SG,85
3eb13b90-4668-5257-bdd6-40fb06671ad1,2026-07-09T07:23:09.803,aml,OK,pacs.008,FAST,2288.92,SGD,**************4028,SG,139
3eb13b90-4668-5257-bdd6-40fb06671ad1,2026-07-09T07:23:09.871,payment-hub,OK,pacs.008,FAST,2288.92,SGD,**************4028,SG,83
3eb13b90-4668-5257-bdd6-40fb06671ad1,2026-07-09T07:23:09.949,core-banking,OK,pacs.008,FAST,2288.92,SGD,**************4028,SG,110
3eb13b90-4668-5257-bdd6-40fb06671ad1,2026-07-09T07:23:10.034,settlement,SETTLED,pacs.008,FAST,2288.92,SGD,**************4028,SG,188
3eb13b90-4668-5257-bdd6-40fb06671ad1,2026-07-05T11:43:00.882,gateway,OK,MT103,FAST,351.63,USD,**************7676,GB,29
3eb13b90-4668-5257-bdd6-40fb06671ad1,2026-07-05T11:43:00.989,auth,OK,MT103,FAST,351.63,USD,**************7676,GB,52
3eb13b90-4668-5257-bdd6-40fb06671ad1,2026-07-05T11:43:01.133,validation,OK,MT103,FAST,351.63,USD,**************7676,GB,112
3eb13b90-4668-5257-bdd6-40fb06671ad1,2026-07-05T11:43:01.225,aml,OK,MT103,FAST,351.63,USD,**************7676,GB,290
3eb13b90-4668-5257-bdd6-40fb06671ad1,2026-07-05T11:43:01.390,payment-hub,OK,MT103,FAST,351.63,USD,**************7676,GB,144
3eb13b90-4668-5257-bdd6-40fb06671ad1,2026-07-05T11:43:01.579,core-banking,OK,MT103,FAST,351.63,USD,**************7676,GB,184
3eb13b90-4668-5257-bdd6-40fb06671ad1,2026-07-05T11:43:01.649,settlement,SETTLED,MT103,FAST,351.63,USD,**************7676,GB,322
3eb13b90-4668-5257-bdd6-40fb06671ad1,2026-07-06T08:23:56.504,gateway,OK,pacs.008,FAST,185.73,USD,**************8605,SG,45
3eb13b90-4668-5257-bdd6-40fb06671ad1,2026-07-06T08:23:56.648,auth,OK,pacs.008,FAST,185.73,USD,**************8605,SG,73
3eb13b90-4668-5257-bdd6-40fb06671ad1,2026-07-06T08:23:56.754,validation,OK,pacs.008,FAST,185.73,USD,**************8605,SG,113
3eb13b90-4668-5257-bdd6-40fb06671ad1,2026-07-06T08:23:56.895,aml,OK,pacs.008,FAST,185.73,USD,**************8605,SG,269
3eb13b90-4668-5257-bdd6-40fb06671ad1,2026-07-06T08:23:57.191,payment-hub,OK,pacs.008,FAST,185.73,USD,**************8605,SG,143
3eb13b90-4668-5257-bdd6-40fb06671ad1,2026-07-06T08:23:57.310,core-banking,OK,pacs.008,FAST,185.73,USD,**************8605,SG,89
3eb13b90-4668-5257-bdd6-40fb06671ad1,2026-07-06T08:23:57.390,settlement,SETTLED,pacs.008,FAST,185.73,USD,**************8605,SG,229
3eb13b90-4668-5257-bdd6-40fb06671ad1,2026-07-13T14:23:27.852,gateway,OK,pacs.008,FAST,1727.52,SGD,**************3994,IN,40
3eb13b90-4668-5257-bdd6-40fb06671ad1,2026-07-13T14:23:27.909,auth,OK,pacs.008,FAST,1727.52,SGD,**************3994,IN,51
3eb13b90-4668-5257-bdd6-40fb06671ad1,2026-07-13T14:23:28.037,validation,OK,pacs.008,FAST,1727.52,SGD,**************3994,IN,120
3eb13b90-4668-5257-bdd6-40fb06671ad1,2026-07-13T14:23:28.143,aml,OK,pacs.008,FAST,1727.52,SGD,**************3994,IN,51
3eb13b90-4668-5257-bdd6-40fb06671ad1,2026-07-13T14:23:28.236,payment-hub,OK,pacs.008,FAST,1727.52,SGD,**************3994,IN,102
3eb13b90-4668-5257-bdd6-40fb06671ad1,2026-07-13T14:23:28.332,core-banking,OK,pacs.008,FAST,1727.52,SGD,**************3994,IN,171
3eb13b90-4668-5257-bdd6-40fb06671ad1,2026-07-13T14:23:28.385,settlement,SETTLED,pacs.008,FAST,1727.52,SGD,**************3994,IN,342
3eb13b90-4668-5257-bdd6-40fb06671ad1,2026-07-13T09:46:03.267,gateway,OK,pacs.008,FAST,199.13,USD,**************9189,GB,45
3eb13b90-4668-5257-bdd6-40fb06671ad1,2026-07-13T09:46:03.373,auth,OK,pacs.008,FAST,199.13,USD,**************9189,GB,86
3eb13b90-4668-5257-bdd6-40fb06671ad1,2026-07-13T09:46:03.511,validation,OK,pacs.008,FAST,199.13,USD,**************9189,GB,64
3eb13b90-4668-5257-bdd6-40fb06671ad1,2026-07-13T09:46:03.574,aml,OK,pacs.008,FAST,199.13,USD,**************9189,GB,191
3eb13b90-4668-5257-bdd6-40fb06671ad1,2026-07-13T09:46:03.709,payment-hub,OK,pacs.008,FAST,199.13,USD,**************9189,GB,128
3eb13b90-4668-5257-bdd6-40fb06671ad1,2026-07-13T09:46:03.779,core-banking,OK,pacs.008,FAST,199.13,USD,**************9189,GB,223
3eb13b90-4668-5257-bdd6-40fb06671ad1,2026-07-13T09:46:03.852,settlement,SETTLED,pacs.008,FAST,199.13,USD,**************9189,GB,176
3eb13b90-4668-5257-bdd6-40fb06671ad1,2026-07-12T08:40:15.704,gateway,OK,MT103,FAST,492.71,MYR,**************6844,SG,56
3eb13b90-4668-5257-bdd6-40fb06671ad1,2026-07-12T08:40:15.833,auth,OK,MT103,FAST,492.71,MYR,**************6844,SG,42
3eb13b90-4668-5257-bdd6-40fb06671ad1,2026-07-12T08:40:15.910,validation,OK,MT103,FAST,492.71,MYR,**************6844,SG,95
3eb13b90-4668-5257-bdd6-40fb06671ad1,2026-07-12T08:40:15.962,aml,OK,MT103,FAST,492.71,MYR,**************6844,SG,192
3eb13b90-4668-5257-bdd6-40fb06671ad1,2026-07-12T08:40:16.185,payment-hub,OK,MT103,FAST,492.71,MYR,**************6844,SG,117
3eb13b90-4668-5257-bdd6-40fb06671ad1,2026-07-12T08:40:16.304,core-banking,OK,MT103,FAST,492.71,MYR,**************6844,SG,176
3eb13b90-4668-5257-bdd6-40fb06671ad1,2026-07-12T08:40:16.528,settlement,SETTLED,MT103,FAST,492.71,MYR,**************6844,SG,269
3eb13b90-4668-5257-bdd6-40fb06671ad1,2026-07-11T20:29:00.149,gateway,OK,MT103,FAST,287.04,SGD,**************5394,GB,48
3eb13b90-4668-5257-bdd6-40fb06671ad1,2026-07-11T20:29:00.280,auth,OK,MT103,FAST,287.04,SGD,**************5394,GB,53
3eb13b90-4668-5257-bdd6-40fb06671ad1,2026-07-11T20:29:00.336,validation,OK,MT103,FAST,287.04,SGD,**************5394,GB,25
3eb13b90-4668-5257-bdd6-40fb06671ad1,2026-07-11T20:29:00.397,aml,OK,MT103,FAST,287.04,SGD,**************5394,GB,123
3eb13b90-4668-5257-bdd6-40fb06671ad1,2026-07-11T20:29:00.446,payment-hub,OK,MT103,FAST,287.04,SGD,**************5394,GB,99
3eb13b90-4668-5257-bdd6-40fb06671ad1,2026-07-11T20:29:00.702,core-banking,OK,MT103,FAST,287.04,SGD,**************5394,GB,109
3eb13b90-4668-5257-bdd6-40fb06671ad1,2026-07-11T20:29:00.860,settlement,SETTLED,MT103,FAST,287.04,SGD,**************5394,GB,253
3eb13b90-4668-5257-bdd6-40fb06671ad1,2026-07-04T11:22:06.622,gateway,OK,pacs.008,FAST,3605.6,SGD,**************5617,US,43
3eb13b90-4668-5257-bdd6-40fb06671ad1,2026-07-04T11:22:06.716,auth,OK,pacs.008,FAST,3605.6,SGD,**************5617,US,61
3eb13b90-4668-5257-bdd6-40fb06671ad1,2026-07-04T11:22:06.893,validation,OK,pacs.008,FAST,3605.6,SGD,**************5617,US,96
3eb13b90-4668-5257-bdd6-40fb06671ad1,2026-07-04T11:22:07.139,aml,OK,pacs.008,FAST,3605.6,SGD,**************5617,US,159
3eb13b90-4668-5257-bdd6-40fb06671ad1,2026-07-04T11:22:07.279,payment-hub,OK,pacs.008,FAST,3605.6,SGD,**************5617,US,46
3eb13b90-4668-5257-bdd6-40fb06671ad1,2026-07-04T11:22:07.349,core-banking,OK,pacs.008,FAST,3605.6,SGD,**************5617,US,202
3eb13b90-4668-5257-bdd6-40fb06671ad1,2026-07-04T11:22:07.461,settlement,SETTLED,pacs.008,FAST,3605.6,SGD,**************5617,US,118
3eb13b90-4668-5257-bdd6-40fb06671ad1,2026-07-06T08:37:21.305,gateway,OK,0200,FAST,1341.41,USD,**************1186,SG,35
3eb13b90-4668-5257-bdd6-40fb06671ad1,2026-07-06T08:37:21.383,auth,OK,0200,FAST,1341.41,USD,**************1186,SG,38
3eb13b90-4668-5257-bdd6-40fb06671ad1,2026-07-06T08:37:21.448,validation,OK,0200,FAST,1341.41,USD,**************1186,SG,31
3eb13b90-4668-5257-bdd6-40fb06671ad1,2026-07-06T08:37:21.507,aml,OK,0200,FAST,1341.41,USD,**************1186,SG,298
3eb13b90-4668-5257-bdd6-40fb06671ad1,2026-07-06T08:37:21.609,payment-hub,OK,0200,FAST,1341.41,USD,**************1186,SG,113
3eb13b90-4668-5257-bdd6-40fb06671ad1,2026-07-06T08:37:21.672,core-banking,OK,0200,FAST,1341.41,USD,**************1186,SG,128
3eb13b90-4668-5257-bdd6-40fb06671ad1,2026-07-06T08:37:21.737,settlement,SETTLED,0200,FAST,1341.41,USD,**************1186,SG,124
3eb13b90-4668-5257-bdd6-40fb06671ad1,2026-07-08T14:10:52.406,gateway,OK,pacs.008,FAST,37.35,USD,**************2381,US,33
3eb13b90-4668-5257-bdd6-40fb06671ad1,2026-07-08T14:10:52.468,auth,OK,pacs.008,FAST,37.35,USD,**************2381,US,89
3eb13b90-4668-5257-bdd6-40fb06671ad1,2026-07-08T14:10:52.710,validation,OK,pacs.008,FAST,37.35,USD,**************2381,US,112
3eb13b90-4668-5257-bdd6-40fb06671ad1,2026-07-08T14:10:52.817,aml,OK,pacs.008,FAST,37.35,USD,**************2381,US,214
3eb13b90-4668-5257-bdd6-40fb06671ad1,2026-07-08T14:10:52.879,payment-hub,OK,pacs.008,FAST,37.35,USD,**************2381,US,133
3eb13b90-4668-5257-bdd6-40fb06671ad1,2026-07-08T14:10:52.906,core-banking,OK,pacs.008,FAST,37.35,USD,**************2381,US,52
3eb13b90-4668-5257-bdd6-40fb06671ad1,2026-07-08T14:10:53.099,settlement,SETTLED,pacs.008,FAST,37.35,USD,**************2381,US,115
3eb13b90-4668-5257-bdd6-40fb06671ad1,2026-07-06T21:04:45.626,gateway,OK,pacs.008,FAST,1227.5,MYR,**************7935,US,25
3eb13b90-4668-5257-bdd6-40fb06671ad1,2026-07-06T21:04:45.717,auth,OK,pacs.008,FAST,1227.5,MYR,**************7935,US,81
3eb13b90-4668-5257-bdd6-40fb06671ad1,2026-07-06T21:04:45.768,validation,OK,pacs.008,FAST,1227.5,MYR,**************7935,US,113
3eb13b90-4668-5257-bdd6-40fb06671ad1,2026-07-06T21:04:45.967,aml,OK,pacs.008,FAST,1227.5,MYR,**************7935,US,265
3eb13b90-4668-5257-bdd6-40fb06671ad1,2026-07-06T21:04:46.043,payment-hub,OK,pacs.008,FAST,1227.5,MYR,**************7935,US,80
3eb13b90-4668-5257-bdd6-40fb06671ad1,2026-07-06T21:04:46.148,core-banking,OK,pacs.008,FAST,1227.5,MYR,**************7935,US,169
3eb13b90-4668-5257-bdd6-40fb06671ad1,2026-07-06T21:04:46.218,settlement,SETTLED,pacs.008,FAST,1227.5,MYR,**************7935,US,181
3eb13b90-4668-5257-bdd6-40fb06671ad1,2026-07-14T08:17:19.767,gateway,OK,MT103,FAST,469.97,SGD,**************3605,IN,30
3eb13b90-4668-5257-bdd6-40fb06671ad1,2026-07-14T08:17:19.881,auth,OK,MT103,FAST,469.97,SGD,**************3605,IN,41
3eb13b90-4668-5257-bdd6-40fb06671ad1,2026-07-14T08:17:19.938,validation,OK,MT103,FAST,469.97,SGD,**************3605,IN,87
3eb13b90-4668-5257-bdd6-40fb06671ad1,2026-07-14T08:17:20.024,aml,OK,MT103,FAST,469.97,SGD,**************3605,IN,287
3eb13b90-4668-5257-bdd6-40fb06671ad1,2026-07-14T08:17:20.089,payment-hub,OK,MT103,FAST,469.97,SGD,**************3605,IN,108
3eb13b90-4668-5257-bdd6-40fb06671ad1,2026-07-14T08:17:20.162,core-banking,OK,MT103,FAST,469.97,SGD,**************3605,IN,113
3eb13b90-4668-5257-bdd6-40fb06671ad1,2026-07-14T08:17:20.193,settlement,SETTLED,MT103,FAST,469.97,SGD,**************3605,IN,93
3eb13b90-4668-5257-bdd6-40fb06671ad1,2026-07-05T13:38:43.122,gateway,OK,pacs.008,SWIFT,359.51,INR,**************5963,MY,20
3eb13b90-4668-5257-bdd6-40fb06671ad1,2026-07-05T13:38:43.357,auth,OK,pacs.008,SWIFT,359.51,INR,**************5963,MY,76
3eb13b90-4668-5257-bdd6-40fb06671ad1,2026-07-05T13:38:43.452,validation,OK,pacs.008,SWIFT,359.51,INR,**************5963,MY,40
3eb13b90-4668-5257-bdd6-40fb06671ad1,2026-07-05T13:38:43.613,aml,OK,pacs.008,SWIFT,359.51,INR,**************5963,MY,271
3eb13b90-4668-5257-bdd6-40fb06671ad1,2026-07-05T13:38:43.728,payment-hub,OK,pacs.008,SWIFT,359.51,INR,**************5963,MY,44
3eb13b90-4668-5257-bdd6-40fb06671ad1,2026-07-05T13:38:43.812,core-banking,OK,pacs.008,SWIFT,359.51,INR,**************5963,MY,135
3eb13b90-4668-5257-bdd6-40fb06671ad1,2026-07-05T13:38:43.958,settlement,SETTLED,pacs.008,SWIFT,359.51,INR,**************5963,MY,347
3eb13b90-4668-5257-bdd6-40fb06671ad1,2026-07-07T03:05:25.259,gateway,OK,pacs.008,FAST,2528.82,SGD,**************8881,US,15
3eb13b90-4668-5257-bdd6-40fb06671ad1,2026-07-07T03:05:25.478,auth,OK,pacs.008,FAST,2528.82,SGD,**************8881,US,73
3eb13b90-4668-5257-bdd6-40fb06671ad1,2026-07-07T03:05:25.633,validation,OK,pacs.008,FAST,2528.82,SGD,**************8881,US,84
3eb13b90-4668-5257-bdd6-40fb06671ad1,2026-07-07T03:05:25.733,aml,OK,pacs.008,FAST,2528.82,SGD,**************8881,US,170
3eb13b90-4668-5257-bdd6-40fb06671ad1,2026-07-07T03:05:25.810,payment-hub,OK,pacs.008,FAST,2528.82,SGD,**************8881,US,109
3eb13b90-4668-5257-bdd6-40fb06671ad1,2026-07-07T03:05:25.899,core-banking,OK,pacs.008,FAST,2528.82,SGD,**************8881,US,231
3eb13b90-4668-5257-bdd6-40fb06671ad1,2026-07-07T03:05:25.946,settlement,SETTLED,pacs.008,FAST,2528.82,SGD,**************8881,US,335
3eb13b90-4668-5257-bdd6-40fb06671ad1,2026-07-01T16:38:58.640,gateway,OK,pacs.008,FAST,663.84,USD,**************6255,IN,35
3eb13b90-4668-5257-bdd6-40fb06671ad1,2026-07-01T16:38:58.744,auth,OK,pacs.008,FAST,663.84,USD,**************6255,IN,54
3eb13b90-4668-5257-bdd6-40fb06671ad1,2026-07-01T16:38:58.857,validation,OK,pacs.008,FAST,663.84,USD,**************6255,IN,61
3eb13b90-4668-5257-bdd6-40fb06671ad1,2026-07-01T16:38:58.889,aml,OK,pacs.008,FAST,663.84,USD,**************6255,IN,73
3eb13b90-4668-5257-bdd6-40fb06671ad1,2026-07-01T16:38:59.117,payment-hub,OK,pacs.008,FAST,663.84,USD,**************6255,IN,112
3eb13b90-4668-5257-bdd6-40fb06671ad1,2026-07-01T16:38:59.230,core-banking,OK,pacs.008,FAST,663.84,USD,**************6255,IN,205
3eb13b90-4668-5257-bdd6-40fb06671ad1,2026-07-01T16:38:59.367,settlement,SETTLED,pacs.008,FAST,663.84,USD,**************6255,IN,309
3eb13b90-4668-5257-bdd6-40fb06671ad1,2026-07-13T06:57:26.917,gateway,OK,pacs.008,FAST,425.53,MYR,**************4270,SG,34
3eb13b90-4668-5257-bdd6-40fb06671ad1,2026-07-13T06:57:27.041,auth,OK,pacs.008,FAST,425.53,MYR,**************4270,SG,47
3eb13b90-4668-5257-bdd6-40fb06671ad1,2026-07-13T06:57:27.239,validation,OK,pacs.008,FAST,425.53,MYR,**************4270,SG,117
3eb13b90-4668-5257-bdd6-40fb06671ad1,2026-07-13T06:57:27.337,aml,OK,pacs.008,FAST,425.53,MYR,**************4270,SG,113
3eb13b90-4668-5257-bdd6-40fb06671ad1,2026-07-13T06:57:27.515,payment-hub,OK,pacs.008,FAST,425.53,MYR,**************4270,SG,40
3eb13b90-4668-5257-bdd6-40fb06671ad1,2026-07-13T06:57:27.592,core-banking,OK,pacs.008,FAST,425.53,MYR,**************4270,SG,53
3eb13b90-4668-5257-bdd6-40fb06671ad1,2026-07-13T06:57:27.644,settlement,SETTLED,pacs.008,FAST,425.53,MYR,**************4270,SG,377
3eb13b90-4668-5257-bdd6-40fb06671ad1,2026-07-03T04:01:43.609,gateway,OK,pacs.008,FAST,1466.43,USD,**************8390,SG,54
3eb13b90-4668-5257-bdd6-40fb06671ad1,2026-07-03T04:02:13.617,auth,OK,pacs.008,FAST,1466.43,USD,**************8390,SG,87
3eb13b90-4668-5257-bdd6-40fb06671ad1,2026-07-03T04:02:13.660,validation,OK,pacs.008,FAST,1466.43,USD,**************8390,SG,39
3eb13b90-4668-5257-bdd6-40fb06671ad1,2026-07-03T04:02:43.677,aml,OK,pacs.008,FAST,1466.43,USD,**************8390,SG,151
3eb13b90-4668-5257-bdd6-40fb06671ad1,2026-07-03T04:02:43.769,payment-hub,OK,pacs.008,FAST,1466.43,USD,**************8390,SG,112
3eb13b90-4668-5257-bdd6-40fb06671ad1,2026-07-03T04:02:43.845,core-banking,OK,pacs.008,FAST,1466.43,USD,**************8390,SG,175
3eb13b90-4668-5257-bdd6-40fb06671ad1,2026-07-03T04:02:43.907,settlement,SETTLED,pacs.008,FAST,1466.43,USD,**************8390,SG,171
3eb13b90-4668-5257-bdd6-40fb06671ad1,2026-07-01T23:51:04.790,gateway,OK,pacs.008,FAST,84.09,SGD,**************4689,SG,41
3eb13b90-4668-5257-bdd6-40fb06671ad1,2026-07-01T23:51:04.828,auth,OK,pacs.008,FAST,84.09,SGD,**************4689,SG,31
3eb13b90-4668-5257-bdd6-40fb06671ad1,2026-07-01T23:51:04.911,validation,OK,pacs.008,FAST,84.09,SGD,**************4689,SG,120
3eb13b90-4668-5257-bdd6-40fb06671ad1,2026-07-01T23:51:05.016,aml,OK,pacs.008,FAST,84.09,SGD,**************4689,SG,49
3eb13b90-4668-5257-bdd6-40fb06671ad1,2026-07-01T23:51:05.250,payment-hub,OK,pacs.008,FAST,84.09,SGD,**************4689,SG,55
3eb13b90-4668-5257-bdd6-40fb06671ad1,2026-07-01T23:51:05.288,core-banking,OK,pacs.008,FAST,84.09,SGD,**************4689,SG,220
3eb13b90-4668-5257-bdd6-40fb06671ad1,2026-07-01T23:51:05.413,settlement,SETTLED,pacs.008,FAST,84.09,SGD,**************4689,SG,144
3eb13b90-4668-5257-bdd6-40fb06671ad1,2026-07-10T03:10:11.297,gateway,OK,pacs.008,FAST,429.76,MYR,**************8397,IN,52
3eb13b90-4668-5257-bdd6-40fb06671ad1,2026-07-10T03:10:11.378,auth,OK,pacs.008,FAST,429.76,MYR,**************8397,IN,22
3eb13b90-4668-5257-bdd6-40fb06671ad1,2026-07-10T03:10:11.590,validation,OK,pacs.008,FAST,429.76,MYR,**************8397,IN,114
3eb13b90-4668-5257-bdd6-40fb06671ad1,2026-07-10T03:10:11.672,aml,OK,pacs.008,FAST,429.76,MYR,**************8397,IN,234
3eb13b90-4668-5257-bdd6-40fb06671ad1,2026-07-10T03:10:11.753,payment-hub,OK,pacs.008,FAST,429.76,MYR,**************8397,IN,90
3eb13b90-4668-5257-bdd6-40fb06671ad1,2026-07-10T03:10:11.875,core-banking,OK,pacs.008,FAST,429.76,MYR,**************8397,IN,145
3eb13b90-4668-5257-bdd6-40fb06671ad1,2026-07-10T03:10:11.991,settlement,SETTLED,pacs.008,FAST,429.76,MYR,**************8397,IN,295
3eb13b90-4668-5257-bdd6-40fb06671ad1,2026-07-10T21:59:27.993,gateway,OK,pacs.008,FAST,2595.6,SGD,**************7392,SG,39
3eb13b90-4668-5257-bdd6-40fb06671ad1,2026-07-10T21:59:28.085,auth,OK,pacs.008,FAST,2595.6,SGD,**************7392,SG,33
3eb13b90-4668-5257-bdd6-40fb06671ad1,2026-07-10T21:59:28.129,validation,OK,pacs.008,FAST,2595.6,SGD,**************7392,SG,98
3eb13b90-4668-5257-bdd6-40fb06671ad1,2026-07-10T21:59:28.207,aml,OK,pacs.008,FAST,2595.6,SGD,**************7392,SG,176
3eb13b90-4668-5257-bdd6-40fb06671ad1,2026-07-10T21:59:28.456,payment-hub,OK,pacs.008,FAST,2595.6,SGD,**************7392,SG,144
3eb13b90-4668-5257-bdd6-40fb06671ad1,2026-07-10T21:59:28.518,core-banking,OK,pacs.008,FAST,2595.6,SGD,**************7392,SG,91
3eb13b90-4668-5257-bdd6-40fb06671ad1,2026-07-10T21:59:28.595,settlement,SETTLED,pacs.008,FAST,2595.6,SGD,**************7392,SG,292
3eb13b90-4668-5257-bdd6-40fb06671ad1,2026-07-13T17:41:02.723,gateway,OK,pacs.008,SWIFT,2036.65,GBP,**************1308,SG,18
3eb13b90-4668-5257-bdd6-40fb06671ad1,2026-07-13T17:41:32.749,auth,OK,pacs.008,SWIFT,2036.65,GBP,**************1308,SG,56
3eb13b90-4668-5257-bdd6-40fb06671ad1,2026-07-13T17:41:32.807,validation,OK,pacs.008,SWIFT,2036.65,GBP,**************1308,SG,83
3eb13b90-4668-5257-bdd6-40fb06671ad1,2026-07-13T17:41:32.893,aml,OK,pacs.008,SWIFT,2036.65,GBP,**************1308,SG,84
3eb13b90-4668-5257-bdd6-40fb06671ad1,2026-07-13T17:41:33.028,payment-hub,OK,pacs.008,SWIFT,2036.65,GBP,**************1308,SG,106
3eb13b90-4668-5257-bdd6-40fb06671ad1,2026-07-13T17:41:33.156,core-banking,OK,pacs.008,SWIFT,2036.65,GBP,**************1308,SG,91
3eb13b90-4668-5257-bdd6-40fb06671ad1,2026-07-13T17:41:33.246,settlement,SETTLED,pacs.008,SWIFT,2036.65,GBP,**************1308,SG,375
3eb13b90-4668-5257-bdd6-40fb06671ad1,2026-07-13T12:38:51.813,gateway,OK,pacs.008,FAST,912.58,USD,**************1120,IN,45
3eb13b90-4668-5257-bdd6-40fb06671ad1,2026-07-13T12:38:51.918,auth,OK,pacs.008,FAST,912.58,USD,**************1120,IN,21
3eb13b90-4668-5257-bdd6-40fb06671ad1,2026-07-13T12:38:52.008,validation,OK,pacs.008,FAST,912.58,USD,**************1120,IN,62
3eb13b90-4668-5257-bdd6-40fb06671ad1,2026-07-13T12:38:52.120,aml,OK,pacs.008,FAST,912.58,USD,**************1120,IN,241
3eb13b90-4668-5257-bdd6-40fb06671ad1,2026-07-13T12:38:52.198,payment-hub,OK,pacs.008,FAST,912.58,USD,**************1120,IN,142
3eb13b90-4668-5257-bdd6-40fb06671ad1,2026-07-13T12:38:52.332,core-banking,OK,pacs.008,FAST,912.58,USD,**************1120,IN,154
3eb13b90-4668-5257-bdd6-40fb06671ad1,2026-07-13T12:38:52.415,settlement,SETTLED,pacs.008,FAST,912.58,USD,**************1120,IN,290
3eb13b90-4668-5257-bdd6-40fb06671ad1,2026-07-13T07:30:28.245,gateway,OK,0200,CARDS,257.52,USD,**************8443,SG,25
3eb13b90-4668-5257-bdd6-40fb06671ad1,2026-07-13T07:30:28.403,auth,OK,0200,CARDS,257.52,USD,**************8443,SG,70
3eb13b90-4668-5257-bdd6-40fb06671ad1,2026-07-13T07:30:28.585,validation,OK,0200,CARDS,257.52,USD,**************8443,SG,120
3eb13b90-4668-5257-bdd6-40fb06671ad1,2026-07-13T07:30:28.797,aml,OK,0200,CARDS,257.52,USD,**************8443,SG,102
3eb13b90-4668-5257-bdd6-40fb06671ad1,2026-07-13T07:30:28.909,payment-hub,OK,0200,CARDS,257.52,USD,**************8443,SG,114
3eb13b90-4668-5257-bdd6-40fb06671ad1,2026-07-13T07:30:28.966,core-banking,OK,0200,CARDS,257.52,USD,**************8443,SG,222
3eb13b90-4668-5257-bdd6-40fb06671ad1,2026-07-13T07:30:29.120,settlement,SETTLED,0200,CARDS,257.52,USD,**************8443,SG,117
3eb13b90-4668-5257-bdd6-40fb06671ad1,2026-07-13T00:09:15.462,gateway,OK,pacs.008,FAST,701.94,SGD,**************2086,SG,49
3eb13b90-4668-5257-bdd6-40fb06671ad1,2026-07-13T00:09:15.525,auth,OK,pacs.008,FAST,701.94,SGD,**************2086,SG,89
3eb13b90-4668-5257-bdd6-40fb06671ad1,2026-07-13T00:09:15.611,validation,OK,pacs.008,FAST,701.94,SGD,**************2086,SG,38
3eb13b90-4668-5257-bdd6-40fb06671ad1,2026-07-13T00:09:15.791,aml,TIMEOUT,pacs.008,FAST,701.94,SGD,**************2086,SG,30000
3eb13b90-4668-5257-bdd6-40fb06671ad1,2026-07-13T00:09:15.820,payment-hub,FAILED,pacs.008,FAST,701.94,SGD,**************2086,SG,84
3eb13b90-4668-5257-bdd6-40fb06671ad1,2026-07-10T10:26:46.656,gateway,OK,pacs.008,FAST,220.66,MYR,**************2685,US,60
3eb13b90-4668-5257-bdd6-40fb06671ad1,2026-07-10T10:26:46.716,auth,OK,pacs.008,FAST,220.66,MYR,**************2685,US,82
3eb13b90-4668-5257-bdd6-40fb06671ad1,2026-07-10T10:26:47.006,validation,OK,pacs.008,FAST,220.66,MYR,**************2685,US,52
3eb13b90-4668-5257-bdd6-40fb06671ad1,2026-07-10T10:26:47.165,aml,OK,pacs.008,FAST,220.66,MYR,**************2685,US,156
3eb13b90-4668-5257-bdd6-40fb06671ad1,2026-07-10T10:26:47.226,payment-hub,OK,pacs.008,FAST,220.66,MYR,**************2685,US,41
3eb13b90-4668-5257-bdd6-40fb06671ad1,2026-07-10T10:26:47.497,core-banking,OK,pacs.008,FAST,220.66,MYR,**************2685,US,183
3eb13b90-4668-5257-bdd6-40fb06671ad1,2026-07-10T10:26:47.598,settlement,SETTLED,pacs.008,FAST,220.66,MYR,**************2685,US,323
3eb13b90-4668-5257-bdd6-40fb06671ad1,2026-07-06T17:01:41.526,gateway,OK,pacs.008,FAST,7050.4,USD,**************9769,SG,21
3eb13b90-4668-5257-bdd6-40fb06671ad1,2026-07-06T17:01:41.664,auth,OK,pacs.008,FAST,7050.4,USD,**************9769,SG,32
3eb13b90-4668-5257-bdd6-40fb06671ad1,2026-07-06T17:01:41.969,validation,OK,pacs.008,FAST,7050.4,USD,**************9769,SG,87
3eb13b90-4668-5257-bdd6-40fb06671ad1,2026-07-06T17:01:42.072,aml,OK,pacs.008,FAST,7050.4,USD,**************9769,SG,205
3eb13b90-4668-5257-bdd6-40fb06671ad1,2026-07-06T17:01:42.162,payment-hub,OK,pacs.008,FAST,7050.4,USD,**************9769,SG,141
3eb13b90-4668-5257-bdd6-40fb06671ad1,2026-07-06T17:01:42.252,core-banking,OK,pacs.008,FAST,7050.4,USD,**************9769,SG,201
3eb13b90-4668-5257-bdd6-40fb06671ad1,2026-07-06T17:01:42.328,settlement,SETTLED,pacs.008,FAST,7050.4,USD,**************9769,SG,238
3eb13b90-4668-5257-bdd6-40fb06671ad1,2026-07-06T19:22:55.018,gateway,OK,MT103,FAST,4746.62,SGD,**************2301,MY,24
3eb13b90-4668-5257-bdd6-40fb06671ad1,2026-07-06T19:22:55.114,auth,OK,MT103,FAST,4746.62,SGD,**************2301,MY,33
3eb13b90-4668-5257-bdd6-40fb06671ad1,2026-07-06T19:22:55.222,validation,OK,MT103,FAST,4746.62,SGD,**************2301,MY,70
3eb13b90-4668-5257-bdd6-40fb06671ad1,2026-07-06T19:22:55.295,aml,OK,MT103,FAST,4746.62,SGD,**************2301,MY,102
3eb13b90-4668-5257-bdd6-40fb06671ad1,2026-07-06T19:22:55.353,payment-hub,OK,MT103,FAST,4746.62,SGD,**************2301,MY,104
3eb13b90-4668-5257-bdd6-40fb06671ad1,2026-07-06T19:22:55.420,core-banking,OK,MT103,FAST,4746.62,SGD,**************2301,MY,77
3eb13b90-4668-5257-bdd6-40fb06671ad1,2026-07-06T19:22:55.489,settlement,SETTLED,MT103,FAST,4746.62,SGD,**************2301,MY,294
3eb13b90-4668-5257-bdd6-40fb06671ad1,2026-07-12T20:23:50.702,gateway,OK,MT103,FAST,480.13,SGD,**************2886,MY,30
3eb13b90-4668-5257-bdd6-40fb06671ad1,2026-07-12T20:23:50.760,auth,OK,MT103,FAST,480.13,SGD,**************2886,MY,56
3eb13b90-4668-5257-bdd6-40fb06671ad1,2026-07-12T20:23:50.963,validation,OK,MT103,FAST,480.13,SGD,**************2886,MY,100
3eb13b90-4668-5257-bdd6-40fb06671ad1,2026-07-12T20:23:51.047,aml,OK,MT103,FAST,480.13,SGD,**************2886,MY,195
3eb13b90-4668-5257-bdd6-40fb06671ad1,2026-07-12T20:23:51.224,payment-hub,OK,MT103,FAST,480.13,SGD,**************2886,MY,134
3eb13b90-4668-5257-bdd6-40fb06671ad1,2026-07-12T20:23:51.281,core-banking,OK,MT103,FAST,480.13,SGD,**************2886,MY,80
3eb13b90-4668-5257-bdd6-40fb06671ad1,2026-07-12T20:23:51.363,settlement,SETTLED,MT103,FAST,480.13,SGD,**************2886,MY,151
3eb13b90-4668-5257-bdd6-40fb06671ad1,2026-07-07T15:10:49.828,gateway,OK,pacs.008,CARDS,1266.54,USD,**************7925,IN,35
3eb13b90-4668-5257-bdd6-40fb06671ad1,2026-07-07T15:10:49.914,auth,OK,pacs.008,CARDS,1266.54,USD,**************7925,IN,68
3eb13b90-4668-5257-bdd6-40fb06671ad1,2026-07-07T15:10:50.012,validation,OK,pacs.008,CARDS,1266.54,USD,**************7925,IN,53
3eb13b90-4668-5257-bdd6-40fb06671ad1,2026-07-07T15:10:50.072,aml,OK,pacs.008,CARDS,1266.54,USD,**************7925,IN,209
3eb13b90-4668-5257-bdd6-40fb06671ad1,2026-07-07T15:10:50.121,payment-hub,OK,pacs.008,CARDS,1266.54,USD,**************7925,IN,40
3eb13b90-4668-5257-bdd6-40fb06671ad1,2026-07-07T15:10:50.177,core-banking,OK,pacs.008,CARDS,1266.54,USD,**************7925,IN,222
3eb13b90-4668-5257-bdd6-40fb06671ad1,2026-07-07T15:10:50.236,settlement,SETTLED,pacs.008,CARDS,1266.54,USD,**************7925,IN,385
3eb13b90-4668-5257-bdd6-40fb06671ad1,2026-07-10T14:04:26.427,gateway,OK,pacs.008,FAST,97.68,SGD,**************8033,SG,48
3eb13b90-4668-5257-bdd6-40fb06671ad1,2026-07-10T14:04:26.474,auth,OK,pacs.008,FAST,97.68,SGD,**************8033,SG,90
3eb13b90-4668-5257-bdd6-40fb06671ad1,2026-07-10T14:04:26.572,validation,OK,pacs.008,FAST,97.68,SGD,**************8033,SG,109
3eb13b90-4668-5257-bdd6-40fb06671ad1,2026-07-10T14:04:26.674,aml,OK,pacs.008,FAST,97.68,SGD,**************8033,SG,62
3eb13b90-4668-5257-bdd6-40fb06671ad1,2026-07-10T14:04:26.718,payment-hub,OK,pacs.008,FAST,97.68,SGD,**************8033,SG,39
3eb13b90-4668-5257-bdd6-40fb06671ad1,2026-07-10T14:04:26.978,core-banking,OK,pacs.008,FAST,97.68,SGD,**************8033,SG,190
3eb13b90-4668-5257-bdd6-40fb06671ad1,2026-07-10T14:04:27.132,settlement,SETTLED,pacs.008,FAST,97.68,SGD,**************8033,SG,279
3eb13b90-4668-5257-bdd6-40fb06671ad1,2026-07-11T01:10:16.440,gateway,OK,MT103,FAST,328.7,SGD,**************5211,SG,37
3eb13b90-4668-5257-bdd6-40fb06671ad1,2026-07-11T01:10:16.562,auth,OK,MT103,FAST,328.7,SGD,**************5211,SG,38
3eb13b90-4668-5257-bdd6-40fb06671ad1,2026-07-11T01:10:16.662,validation,OK,MT103,FAST,328.7,SGD,**************5211,SG,103
3eb13b90-4668-5257-bdd6-40fb06671ad1,2026-07-11T01:10:16.735,aml,OK,MT103,FAST,328.7,SGD,**************5211,SG,176
3eb13b90-4668-5257-bdd6-40fb06671ad1,2026-07-11T01:10:16.819,payment-hub,OK,MT103,FAST,328.7,SGD,**************5211,SG,142
3eb13b90-4668-5257-bdd6-40fb06671ad1,2026-07-11T01:10:16.863,core-banking,OK,MT103,FAST,328.7,SGD,**************5211,SG,50
3eb13b90-4668-5257-bdd6-40fb06671ad1,2026-07-11T01:10:16.965,settlement,SETTLED,MT103,FAST,328.7,SGD,**************5211,SG,117
3eb13b90-4668-5257-bdd6-40fb06671ad1,2026-07-12T04:41:16.901,gateway,OK,pacs.008,SWIFT,252.73,EUR,**************4813,SG,30
3eb13b90-4668-5257-bdd6-40fb06671ad1,2026-07-12T04:41:46.907,auth,OK,pacs.008,SWIFT,252.73,EUR,**************4813,SG,22
3eb13b90-4668-5257-bdd6-40fb06671ad1,2026-07-12T04:41:47.005,validation,OK,pacs.008,SWIFT,252.73,EUR,**************4813,SG,74
3eb13b90-4668-5257-bdd6-40fb06671ad1,2026-07-12T04:41:47.045,aml,OK,pacs.008,SWIFT,252.73,EUR,**************4813,SG,223
3eb13b90-4668-5257-bdd6-40fb06671ad1,2026-07-12T04:41:47.114,payment-hub,OK,pacs.008,SWIFT,252.73,EUR,**************4813,SG,79
3eb13b90-4668-5257-bdd6-40fb06671ad1,2026-07-12T04:41:47.288,core-banking,OK,pacs.008,SWIFT,252.73,EUR,**************4813,SG,248
3eb13b90-4668-5257-bdd6-40fb06671ad1,2026-07-12T04:41:47.411,settlement,SETTLED,pacs.008,SWIFT,252.73,EUR,**************4813,SG,193
3eb13b90-4668-5257-bdd6-40fb06671ad1,2026-07-12T05:23:25.275,gateway,OK,pacs.008,SWIFT,767.09,SGD,**************4165,MY,38
3eb13b90-4668-5257-bdd6-40fb06671ad1,2026-07-12T05:23:25.437,auth,OK,pacs.008,SWIFT,767.09,SGD,**************4165,MY,87
3eb13b90-4668-5257-bdd6-40fb06671ad1,2026-07-12T05:23:55.456,validation,OK,pacs.008,SWIFT,767.09,SGD,**************4165,MY,48
3eb13b90-4668-5257-bdd6-40fb06671ad1,2026-07-12T05:23:55.558,aml,OK,pacs.008,SWIFT,767.09,SGD,**************4165,MY,43
3eb13b90-4668-5257-bdd6-40fb06671ad1,2026-07-12T05:23:55.733,payment-hub,OK,pacs.008,SWIFT,767.09,SGD,**************4165,MY,140
3eb13b90-4668-5257-bdd6-40fb06671ad1,2026-07-12T05:23:55.795,core-banking,OK,pacs.008,SWIFT,767.09,SGD,**************4165,MY,166
3eb13b90-4668-5257-bdd6-40fb06671ad1,2026-07-12T05:23:55.904,settlement,SETTLED,pacs.008,SWIFT,767.09,SGD,**************4165,MY,396
3eb13b90-4668-5257-bdd6-40fb06671ad1,2026-07-05T19:25:52.201,gateway,OK,pacs.008,FAST,2195.3,GBP,**************3380,GB,22
3eb13b90-4668-5257-bdd6-40fb06671ad1,2026-07-05T19:25:52.419,auth,OK,pacs.008,FAST,2195.3,GBP,**************3380,GB,81
3eb13b90-4668-5257-bdd6-40fb06671ad1,2026-07-05T19:25:52.505,validation,OK,pacs.008,FAST,2195.3,GBP,**************3380,GB,59
3eb13b90-4668-5257-bdd6-40fb06671ad1,2026-07-05T19:25:52.594,aml,OK,pacs.008,FAST,2195.3,GBP,**************3380,GB,89
3eb13b90-4668-5257-bdd6-40fb06671ad1,2026-07-05T19:25:52.718,payment-hub,OK,pacs.008,FAST,2195.3,GBP,**************3380,GB,39
3eb13b90-4668-5257-bdd6-40fb06671ad1,2026-07-05T19:25:52.799,core-banking,OK,pacs.008,FAST,2195.3,GBP,**************3380,GB,71
3eb13b90-4668-5257-bdd6-40fb06671ad1,2026-07-05T19:25:52.837,settlement,SETTLED,pacs.008,FAST,2195.3,GBP,**************3380,GB,371
3eb13b90-4668-5257-bdd6-40fb06671ad1,2026-07-05T12:04:16.943,gateway,OK,pacs.008,FAST,469.97,SGD,**************4244,US,27
3eb13b90-4668-5257-bdd6-40fb06671ad1,2026-07-05T12:04:17.119,auth,OK,pacs.008,FAST,469.97,SGD,**************4244,US,77
3eb13b90-4668-5257-bdd6-40fb06671ad1,2026-07-05T12:04:17.234,validation,OK,pacs.008,FAST,469.97,SGD,**************4244,US,63
3eb13b90-4668-5257-bdd6-40fb06671ad1,2026-07-05T12:04:17.285,aml,OK,pacs.008,FAST,469.97,SGD,**************4244,US,238
3eb13b90-4668-5257-bdd6-40fb06671ad1,2026-07-05T12:04:17.391,payment-hub,OK,pacs.008,FAST,469.97,SGD,**************4244,US,44
3eb13b90-4668-5257-bdd6-40fb06671ad1,2026-07-05T12:04:17.456,core-banking,OK,pacs.008,FAST,469.97,SGD,**************4244,US,213
3eb13b90-4668-5257-bdd6-40fb06671ad1,2026-07-05T12:04:17.538,settlement,SETTLED,pacs.008,FAST,469.97,SGD,**************4244,US,79
3eb13b90-4668-5257-bdd6-40fb06671ad1,2026-07-02T03:08:13.379,gateway,OK,pacs.008,FAST,100.91,USD,**************8435,US,47
3eb13b90-4668-5257-bdd6-40fb06671ad1,2026-07-02T03:08:13.446,auth,OK,pacs.008,FAST,100.91,USD,**************8435,US,60
3eb13b90-4668-5257-bdd6-40fb06671ad1,2026-07-02T03:08:13.589,validation,OK,pacs.008,FAST,100.91,USD,**************8435,US,82
3eb13b90-4668-5257-bdd6-40fb06671ad1,2026-07-02T03:08:13.685,aml,OK,pacs.008,FAST,100.91,USD,**************8435,US,219
3eb13b90-4668-5257-bdd6-40fb06671ad1,2026-07-02T03:08:13.820,payment-hub,OK,pacs.008,FAST,100.91,USD,**************8435,US,46
3eb13b90-4668-5257-bdd6-40fb06671ad1,2026-07-02T03:08:13.924,core-banking,OK,pacs.008,FAST,100.91,USD,**************8435,US,96
3eb13b90-4668-5257-bdd6-40fb06671ad1,2026-07-02T03:08:14.225,settlement,SETTLED,pacs.008,FAST,100.91,USD,**************8435,US,111
3eb13b90-4668-5257-bdd6-40fb06671ad1,2026-07-14T12:56:16.797,gateway,OK,pacs.008,SWIFT,5591.72,USD,**************9005,SG,16
3eb13b90-4668-5257-bdd6-40fb06671ad1,2026-07-14T12:56:16.845,auth,OK,pacs.008,SWIFT,5591.72,USD,**************9005,SG,55
3eb13b90-4668-5257-bdd6-40fb06671ad1,2026-07-14T12:56:16.944,validation,REJECTED,pacs.008,SWIFT,5591.72,USD,**************9005,SG,53
3eb13b90-4668-5257-bdd6-40fb06671ad1,2026-07-03T20:18:23.202,gateway,OK,MT103,FAST,502.74,USD,**************9455,US,30
3eb13b90-4668-5257-bdd6-40fb06671ad1,2026-07-03T20:18:23.259,auth,OK,MT103,FAST,502.74,USD,**************9455,US,28
3eb13b90-4668-5257-bdd6-40fb06671ad1,2026-07-03T20:18:23.431,validation,OK,MT103,FAST,502.74,USD,**************9455,US,115
3eb13b90-4668-5257-bdd6-40fb06671ad1,2026-07-03T20:18:23.475,aml,OK,MT103,FAST,502.74,USD,**************9455,US,283
3eb13b90-4668-5257-bdd6-40fb06671ad1,2026-07-03T20:18:23.529,payment-hub,OK,MT103,FAST,502.74,USD,**************9455,US,41
3eb13b90-4668-5257-bdd6-40fb06671ad1,2026-07-03T20:18:23.617,core-banking,OK,MT103,FAST,502.74,USD,**************9455,US,217
3eb13b90-4668-5257-bdd6-40fb06671ad1,2026-07-03T20:18:23.688,settlement,SETTLED,MT103,FAST,502.74,USD,**************9455,US,308
3eb13b90-4668-5257-bdd6-40fb06671ad1,2026-07-07T18:41:58.129,gateway,OK,0200,FAST,2400.07,EUR,**************0346,MY,46
3eb13b90-4668-5257-bdd6-40fb06671ad1,2026-07-07T18:41:58.336,auth,OK,0200,FAST,2400.07,EUR,**************0346,MY,88
3eb13b90-4668-5257-bdd6-40fb06671ad1,2026-07-07T18:41:58.397,validation,OK,0200,FAST,2400.07,EUR,**************0346,MY,28
3eb13b90-4668-5257-bdd6-40fb06671ad1,2026-07-07T18:41:58.575,aml,OK,0200,FAST,2400.07,EUR,**************0346,MY,258
3eb13b90-4668-5257-bdd6-40fb06671ad1,2026-07-07T18:41:58.672,payment-hub,OK,0200,FAST,2400.07,EUR,**************0346,MY,128
3eb13b90-4668-5257-bdd6-40fb06671ad1,2026-07-07T18:41:58.748,core-banking,OK,0200,FAST,2400.07,EUR,**************0346,MY,84
3eb13b90-4668-5257-bdd6-40fb06671ad1,2026-07-07T18:41:58.812,settlement,SETTLED,0200,FAST,2400.07,EUR,**************0346,MY,350
3eb13b90-4668-5257-bdd6-40fb06671ad1,2026-07-12T08:53:34.815,gateway,OK,MT103,FAST,213.3,SGD,**************0995,US,38
3eb13b90-4668-5257-bdd6-40fb06671ad1,2026-07-12T08:53:35.136,auth,OK,MT103,FAST,213.3,SGD,**************0995,US,69
3eb13b90-4668-5257-bdd6-40fb06671ad1,2026-07-12T08:53:35.304,validation,OK,MT103,FAST,213.3,SGD,**************0995,US,120
3eb13b90-4668-5257-bdd6-40fb06671ad1,2026-07-12T08:53:35.444,aml,OK,MT103,FAST,213.3,SGD,**************0995,US,229
3eb13b90-4668-5257-bdd6-40fb06671ad1,2026-07-12T08:53:35.607,payment-hub,OK,MT103,FAST,213.3,SGD,**************0995,US,97
3eb13b90-4668-5257-bdd6-40fb06671ad1,2026-07-12T08:53:35.739,core-banking,OK,MT103,FAST,213.3,SGD,**************0995,US,63
3eb13b90-4668-5257-bdd6-40fb06671ad1,2026-07-12T08:53:35.996,settlement,SETTLED,MT103,FAST,213.3,SGD,**************0995,US,317
3eb13b90-4668-5257-bdd6-40fb06671ad1,2026-07-10T20:07:37.219,gateway,OK,0200,FAST,667.34,SGD,**************6333,IN,39
3eb13b90-4668-5257-bdd6-40fb06671ad1,2026-07-10T20:07:37.289,auth,OK,0200,FAST,667.34,SGD,**************6333,IN,24
3eb13b90-4668-5257-bdd6-40fb06671ad1,2026-07-10T20:07:37.341,validation,OK,0200,FAST,667.34,SGD,**************6333,IN,113
3eb13b90-4668-5257-bdd6-40fb06671ad1,2026-07-10T20:07:37.542,aml,OK,0200,FAST,667.34,SGD,**************6333,IN,47
3eb13b90-4668-5257-bdd6-40fb06671ad1,2026-07-10T20:07:37.732,payment-hub,OK,0200,FAST,667.34,SGD,**************6333,IN,84
3eb13b90-4668-5257-bdd6-40fb06671ad1,2026-07-10T20:07:38.047,core-banking,OK,0200,FAST,667.34,SGD,**************6333,IN,209
3eb13b90-4668-5257-bdd6-40fb06671ad1,2026-07-10T20:07:38.164,settlement,SETTLED,0200,FAST,667.34,SGD,**************6333,IN,123
3eb13b90-4668-5257-bdd6-40fb06671ad1,2026-07-03T19:03:48.112,gateway,OK,pacs.008,FAST,761.24,SGD,**************2109,IN,16
3eb13b90-4668-5257-bdd6-40fb06671ad1,2026-07-03T19:03:48.216,auth,OK,pacs.008,FAST,761.24,SGD,**************2109,IN,36
3eb13b90-4668-5257-bdd6-40fb06671ad1,2026-07-03T19:03:48.320,validation,OK,pacs.008,FAST,761.24,SGD,**************2109,IN,57
3eb13b90-4668-5257-bdd6-40fb06671ad1,2026-07-03T19:03:48.386,aml,TIMEOUT,pacs.008,FAST,761.24,SGD,**************2109,IN,30000
3eb13b90-4668-5257-bdd6-40fb06671ad1,2026-07-03T19:03:48.467,payment-hub,FAILED,pacs.008,FAST,761.24,SGD,**************2109,IN,42
3eb13b90-4668-5257-bdd6-40fb06671ad1,2026-07-11T11:20:51.753,gateway,OK,0200,FAST,221.0,USD,**************4139,SG,40
3eb13b90-4668-5257-bdd6-40fb06671ad1,2026-07-11T11:20:51.816,auth,OK,0200,FAST,221.0,USD,**************4139,SG,89
3eb13b90-4668-5257-bdd6-40fb06671ad1,2026-07-11T11:20:51.943,validation,OK,0200,FAST,221.0,USD,**************4139,SG,97
3eb13b90-4668-5257-bdd6-40fb06671ad1,2026-07-11T11:20:52.051,aml,OK,0200,FAST,221.0,USD,**************4139,SG,300
3eb13b90-4668-5257-bdd6-40fb06671ad1,2026-07-11T11:20:52.135,payment-hub,OK,0200,FAST,221.0,USD,**************4139,SG,41
3eb13b90-4668-5257-bdd6-40fb06671ad1,2026-07-11T11:20:52.202,core-banking,OK,0200,FAST,221.0,USD,**************4139,SG,187
3eb13b90-4668-5257-bdd6-40fb06671ad1,2026-07-11T11:20:52.300,settlement,SETTLED,0200,FAST,221.0,USD,**************4139,SG,193
3eb13b90-4668-5257-bdd6-40fb06671ad1,2026-07-12T22:56:37.027,gateway,OK,MT103,SWIFT,309.27,SGD,**************8712,SG,44
3eb13b90-4668-5257-bdd6-40fb06671ad1,2026-07-12T22:56:37.166,auth,OK,MT103,SWIFT,309.27,SGD,**************8712,SG,61
3eb13b90-4668-5257-bdd6-40fb06671ad1,2026-07-12T22:56:37.267,validation,OK,MT103,SWIFT,309.27,SGD,**************8712,SG,55
3eb13b90-4668-5257-bdd6-40fb06671ad1,2026-07-12T22:56:37.334,aml,OK,MT103,SWIFT,309.27,SGD,**************8712,SG,79
3eb13b90-4668-5257-bdd6-40fb06671ad1,2026-07-12T22:56:37.408,payment-hub,OK,MT103,SWIFT,309.27,SGD,**************8712,SG,106
3eb13b90-4668-5257-bdd6-40fb06671ad1,2026-07-12T22:56:37.531,core-banking,OK,MT103,SWIFT,309.27,SGD,**************8712,SG,104
3eb13b90-4668-5257-bdd6-40fb06671ad1,2026-07-12T22:56:37.614,settlement,SETTLED,MT103,SWIFT,309.27,SGD,**************8712,SG,341
3eb13b90-4668-5257-bdd6-40fb06671ad1,2026-07-13T03:46:03.189,gateway,OK,MT103,SWIFT,674.46,SGD,**************3103,SG,20
3eb13b90-4668-5257-bdd6-40fb06671ad1,2026-07-13T03:46:03.224,auth,OK,MT103,SWIFT,674.46,SGD,**************3103,SG,54
3eb13b90-4668-5257-bdd6-40fb06671ad1,2026-07-13T03:46:03.379,validation,OK,MT103,SWIFT,674.46,SGD,**************3103,SG,115
3eb13b90-4668-5257-bdd6-40fb06671ad1,2026-07-13T03:46:03.491,aml,OK,MT103,SWIFT,674.46,SGD,**************3103,SG,78
3eb13b90-4668-5257-bdd6-40fb06671ad1,2026-07-13T03:46:03.587,payment-hub,OK,MT103,SWIFT,674.46,SGD,**************3103,SG,145
3eb13b90-4668-5257-bdd6-40fb06671ad1,2026-07-13T03:46:03.694,core-banking,OK,MT103,SWIFT,674.46,SGD,**************3103,SG,124
3eb13b90-4668-5257-bdd6-40fb06671ad1,2026-07-13T03:46:03.735,settlement,SETTLED,MT103,SWIFT,674.46,SGD,**************3103,SG,245
3eb13b90-4668-5257-bdd6-40fb06671ad1,2026-07-01T19:04:55.651,gateway,OK,pacs.008,SWIFT,234.35,USD,**************9389,SG,56
3eb13b90-4668-5257-bdd6-40fb06671ad1,2026-07-01T19:04:55.724,auth,OK,pacs.008,SWIFT,234.35,USD,**************9389,SG,84
3eb13b90-4668-5257-bdd6-40fb06671ad1,2026-07-01T19:04:55.841,validation,OK,pacs.008,SWIFT,234.35,USD,**************9389,SG,99
3eb13b90-4668-5257-bdd6-40fb06671ad1,2026-07-01T19:05:25.877,aml,OK,pacs.008,SWIFT,234.35,USD,**************9389,SG,67
3eb13b90-4668-5257-bdd6-40fb06671ad1,2026-07-01T19:05:26.005,payment-hub,OK,pacs.008,SWIFT,234.35,USD,**************9389,SG,143
3eb13b90-4668-5257-bdd6-40fb06671ad1,2026-07-01T19:05:26.228,core-banking,OK,pacs.008,SWIFT,234.35,USD,**************9389,SG,67
3eb13b90-4668-5257-bdd6-40fb06671ad1,2026-07-01T19:05:26.305,settlement,SETTLED,pacs.008,SWIFT,234.35,USD,**************9389,SG,302
3eb13b90-4668-5257-bdd6-40fb06671ad1,2026-07-08T14:24:57.739,gateway,OK,pacs.008,FAST,233.42,SGD,**************0406,US,22
3eb13b90-4668-5257-bdd6-40fb06671ad1,2026-07-08T14:25:27.769,auth,OK,pacs.008,FAST,233.42,SGD,**************0406,US,38
3eb13b90-4668-5257-bdd6-40fb06671ad1,2026-07-08T14:25:27.835,validation,OK,pacs.008,FAST,233.42,SGD,**************0406,US,54
3eb13b90-4668-5257-bdd6-40fb06671ad1,2026-07-08T14:25:27.930,aml,OK,pacs.008,FAST,233.42,SGD,**************0406,US,112
3eb13b90-4668-5257-bdd6-40fb06671ad1,2026-07-08T14:25:28.032,payment-hub,OK,pacs.008,FAST,233.42,SGD,**************0406,US,82
3eb13b90-4668-5257-bdd6-40fb06671ad1,2026-07-08T14:25:28.152,core-banking,OK,pacs.008,FAST,233.42,SGD,**************0406,US,153
3eb13b90-4668-5257-bdd6-40fb06671ad1,2026-07-08T14:25:28.308,settlement,SETTLED,pacs.008,FAST,233.42,SGD,**************0406,US,277
3eb13b90-4668-5257-bdd6-40fb06671ad1,2026-07-08T17:30:44.884,gateway,OK,pacs.008,SWIFT,3481.44,INR,**************6050,SG,30
3eb13b90-4668-5257-bdd6-40fb06671ad1,2026-07-08T17:30:45.001,auth,OK,pacs.008,SWIFT,3481.44,INR,**************6050,SG,29
3eb13b90-4668-5257-bdd6-40fb06671ad1,2026-07-08T17:30:45.073,validation,OK,pacs.008,SWIFT,3481.44,INR,**************6050,SG,35
3eb13b90-4668-5257-bdd6-40fb06671ad1,2026-07-08T17:30:45.256,aml,OK,pacs.008,SWIFT,3481.44,INR,**************6050,SG,174
3eb13b90-4668-5257-bdd6-40fb06671ad1,2026-07-08T17:30:45.339,payment-hub,OK,pacs.008,SWIFT,3481.44,INR,**************6050,SG,59
3eb13b90-4668-5257-bdd6-40fb06671ad1,2026-07-08T17:30:45.389,core-banking,OK,pacs.008,SWIFT,3481.44,INR,**************6050,SG,125
3eb13b90-4668-5257-bdd6-40fb06671ad1,2026-07-08T17:30:45.648,settlement,SETTLED,pacs.008,SWIFT,3481.44,INR,**************6050,SG,128
3eb13b90-4668-5257-bdd6-40fb06671ad1,2026-07-06T01:33:44.880,gateway,OK,pacs.008,SWIFT,2057.39,USD,**************1849,SG,56
3eb13b90-4668-5257-bdd6-40fb06671ad1,2026-07-06T01:33:44.999,auth,OK,pacs.008,SWIFT,2057.39,USD,**************1849,SG,88
3eb13b90-4668-5257-bdd6-40fb06671ad1,2026-07-06T01:33:45.134,validation,OK,pacs.008,SWIFT,2057.39,USD,**************1849,SG,109
3eb13b90-4668-5257-bdd6-40fb06671ad1,2026-07-06T01:33:45.204,aml,OK,pacs.008,SWIFT,2057.39,USD,**************1849,SG,167
3eb13b90-4668-5257-bdd6-40fb06671ad1,2026-07-06T01:33:45.372,payment-hub,OK,pacs.008,SWIFT,2057.39,USD,**************1849,SG,43
3eb13b90-4668-5257-bdd6-40fb06671ad1,2026-07-06T01:33:45.492,core-banking,OK,pacs.008,SWIFT,2057.39,USD,**************1849,SG,148
3eb13b90-4668-5257-bdd6-40fb06671ad1,2026-07-06T01:33:45.549,settlement,SETTLED,pacs.008,SWIFT,2057.39,USD,**************1849,SG,311
3eb13b90-4668-5257-bdd6-40fb06671ad1,2026-07-12T03:44:09.255,gateway,OK,pacs.008,FAST,755.12,USD,**************4988,SG,29
3eb13b90-4668-5257-bdd6-40fb06671ad1,2026-07-12T03:44:09.526,auth,OK,pacs.008,FAST,755.12,USD,**************4988,SG,30
3eb13b90-4668-5257-bdd6-40fb06671ad1,2026-07-12T03:44:09.613,validation,OK,pacs.008,FAST,755.12,USD,**************4988,SG,30
3eb13b90-4668-5257-bdd6-40fb06671ad1,2026-07-12T03:44:09.673,aml,OK,pacs.008,FAST,755.12,USD,**************4988,SG,189
3eb13b90-4668-5257-bdd6-40fb06671ad1,2026-07-12T03:44:09.770,payment-hub,OK,pacs.008,FAST,755.12,USD,**************4988,SG,74
3eb13b90-4668-5257-bdd6-40fb06671ad1,2026-07-12T03:44:09.830,core-banking,OK,pacs.008,FAST,755.12,USD,**************4988,SG,78
3eb13b90-4668-5257-bdd6-40fb06671ad1,2026-07-12T03:44:09.897,settlement,SETTLED,pacs.008,FAST,755.12,USD,**************4988,SG,129
3eb13b90-4668-5257-bdd6-40fb06671ad1,2026-07-02T18:27:22.719,gateway,OK,0200,FAST,56.07,INR,**************8955,SG,56
3eb13b90-4668-5257-bdd6-40fb06671ad1,2026-07-02T18:27:23.016,auth,OK,0200,FAST,56.07,INR,**************8955,SG,86
3eb13b90-4668-5257-bdd6-40fb06671ad1,2026-07-02T18:27:23.107,validation,OK,0200,FAST,56.07,INR,**************8955,SG,85
3eb13b90-4668-5257-bdd6-40fb06671ad1,2026-07-02T18:27:23.198,aml,OK,0200,FAST,56.07,INR,**************8955,SG,195
3eb13b90-4668-5257-bdd6-40fb06671ad1,2026-07-02T18:27:23.306,payment-hub,OK,0200,FAST,56.07,INR,**************8955,SG,122
3eb13b90-4668-5257-bdd6-40fb06671ad1,2026-07-02T18:27:23.368,core-banking,OK,0200,FAST,56.07,INR,**************8955,SG,64
3eb13b90-4668-5257-bdd6-40fb06671ad1,2026-07-02T18:27:23.598,settlement,SETTLED,0200,FAST,56.07,INR,**************8955,SG,110
3eb13b90-4668-5257-bdd6-40fb06671ad1,2026-07-13T05:20:26.277,gateway,OK,pacs.008,FAST,1861.25,SGD,**************3703,SG,50
3eb13b90-4668-5257-bdd6-40fb06671ad1,2026-07-13T05:20:26.430,auth,OK,pacs.008,FAST,1861.25,SGD,**************3703,SG,83
3eb13b90-4668-5257-bdd6-40fb06671ad1,2026-07-13T05:20:26.547,validation,OK,pacs.008,FAST,1861.25,SGD,**************3703,SG,93
3eb13b90-4668-5257-bdd6-40fb06671ad1,2026-07-13T05:20:26.616,aml,OK,pacs.008,FAST,1861.25,SGD,**************3703,SG,223
3eb13b90-4668-5257-bdd6-40fb06671ad1,2026-07-13T05:20:26.806,payment-hub,OK,pacs.008,FAST,1861.25,SGD,**************3703,SG,70
3eb13b90-4668-5257-bdd6-40fb06671ad1,2026-07-13T05:20:26.892,core-banking,OK,pacs.008,FAST,1861.25,SGD,**************3703,SG,162
3eb13b90-4668-5257-bdd6-40fb06671ad1,2026-07-13T05:20:26.934,settlement,SETTLED,pacs.008,FAST,1861.25,SGD,**************3703,SG,121
3eb13b90-4668-5257-bdd6-40fb06671ad1,2026-07-05T23:44:07.663,gateway,OK,MT103,SWIFT,567.71,SGD,**************1902,SG,51
3eb13b90-4668-5257-bdd6-40fb06671ad1,2026-07-05T23:44:07.960,auth,OK,MT103,SWIFT,567.71,SGD,**************1902,SG,28
3eb13b90-4668-5257-bdd6-40fb06671ad1,2026-07-05T23:44:08.166,validation,OK,MT103,SWIFT,567.71,SGD,**************1902,SG,93
3eb13b90-4668-5257-bdd6-40fb06671ad1,2026-07-05T23:44:08.274,aml,OK,MT103,SWIFT,567.71,SGD,**************1902,SG,62
3eb13b90-4668-5257-bdd6-40fb06671ad1,2026-07-05T23:44:08.331,payment-hub,OK,MT103,SWIFT,567.71,SGD,**************1902,SG,109
3eb13b90-4668-5257-bdd6-40fb06671ad1,2026-07-05T23:44:08.400,core-banking,OK,MT103,SWIFT,567.71,SGD,**************1902,SG,246
3eb13b90-4668-5257-bdd6-40fb06671ad1,2026-07-05T23:44:08.504,settlement,SETTLED,MT103,SWIFT,567.71,SGD,**************1902,SG,71
3eb13b90-4668-5257-bdd6-40fb06671ad1,2026-07-06T10:33:31.379,gateway,OK,0200,FAST,1470.28,USD,**************8425,GB,19
3eb13b90-4668-5257-bdd6-40fb06671ad1,2026-07-06T10:33:31.506,auth,OK,0200,FAST,1470.28,USD,**************8425,GB,39
3eb13b90-4668-5257-bdd6-40fb06671ad1,2026-07-06T10:33:31.570,validation,OK,0200,FAST,1470.28,USD,**************8425,GB,49
3eb13b90-4668-5257-bdd6-40fb06671ad1,2026-07-06T10:33:31.674,aml,OK,0200,FAST,1470.28,USD,**************8425,GB,82
3eb13b90-4668-5257-bdd6-40fb06671ad1,2026-07-06T10:33:31.709,payment-hub,OK,0200,FAST,1470.28,USD,**************8425,GB,116
3eb13b90-4668-5257-bdd6-40fb06671ad1,2026-07-06T10:33:31.762,core-banking,OK,0200,FAST,1470.28,USD,**************8425,GB,83
3eb13b90-4668-5257-bdd6-40fb06671ad1,2026-07-06T10:33:31.895,settlement,SETTLED,0200,FAST,1470.28,USD,**************8425,GB,318
3eb13b90-4668-5257-bdd6-40fb06671ad1,2026-07-08T08:09:12.697,gateway,OK,pacs.008,FAST,391.18,EUR,**************4031,HK,54
3eb13b90-4668-5257-bdd6-40fb06671ad1,2026-07-08T08:09:12.786,auth,OK,pacs.008,FAST,391.18,EUR,**************4031,HK,63
3eb13b90-4668-5257-bdd6-40fb06671ad1,2026-07-08T08:09:12.888,validation,OK,pacs.008,FAST,391.18,EUR,**************4031,HK,115
3eb13b90-4668-5257-bdd6-40fb06671ad1,2026-07-08T08:09:12.999,aml,OK,pacs.008,FAST,391.18,EUR,**************4031,HK,257
3eb13b90-4668-5257-bdd6-40fb06671ad1,2026-07-08T08:09:13.066,payment-hub,OK,pacs.008,FAST,391.18,EUR,**************4031,HK,95
3eb13b90-4668-5257-bdd6-40fb06671ad1,2026-07-08T08:09:13.161,core-banking,OK,pacs.008,FAST,391.18,EUR,**************4031,HK,156
3eb13b90-4668-5257-bdd6-40fb06671ad1,2026-07-08T08:09:13.266,settlement,SETTLED,pacs.008,FAST,391.18,EUR,**************4031,HK,229
3eb13b90-4668-5257-bdd6-40fb06671ad1,2026-07-03T09:38:31.962,gateway,OK,pacs.008,CARDS,1711.08,SGD,**************1958,SG,44
3eb13b90-4668-5257-bdd6-40fb06671ad1,2026-07-03T09:38:32.020,auth,OK,pacs.008,CARDS,1711.08,SGD,**************1958,SG,26
3eb13b90-4668-5257-bdd6-40fb06671ad1,2026-07-03T09:38:32.085,validation,OK,pacs.008,CARDS,1711.08,SGD,**************1958,SG,30
3eb13b90-4668-5257-bdd6-40fb06671ad1,2026-07-03T09:38:32.141,aml,OK,pacs.008,CARDS,1711.08,SGD,**************1958,SG,266
3eb13b90-4668-5257-bdd6-40fb06671ad1,2026-07-03T09:38:32.289,payment-hub,OK,pacs.008,CARDS,1711.08,SGD,**************1958,SG,128
3eb13b90-4668-5257-bdd6-40fb06671ad1,2026-07-03T09:38:32.374,core-banking,OK,pacs.008,CARDS,1711.08,SGD,**************1958,SG,87
3eb13b90-4668-5257-bdd6-40fb06671ad1,2026-07-03T09:38:32.428,settlement,SETTLED,pacs.008,CARDS,1711.08,SGD,**************1958,SG,341
3eb13b90-4668-5257-bdd6-40fb06671ad1,2026-07-02T15:23:34.196,gateway,OK,MT103,FAST,35.69,SGD,**************1864,IN,33
3eb13b90-4668-5257-bdd6-40fb06671ad1,2026-07-02T15:23:34.257,auth,OK,MT103,FAST,35.69,SGD,**************1864,IN,78
3eb13b90-4668-5257-bdd6-40fb06671ad1,2026-07-02T15:23:34.390,validation,OK,MT103,FAST,35.69,SGD,**************1864,IN,43
3eb13b90-4668-5257-bdd6-40fb06671ad1,2026-07-02T15:23:34.418,aml,OK,MT103,FAST,35.69,SGD,**************1864,IN,279
3eb13b90-4668-5257-bdd6-40fb06671ad1,2026-07-02T15:23:34.447,payment-hub,OK,MT103,FAST,35.69,SGD,**************1864,IN,35
3eb13b90-4668-5257-bdd6-40fb06671ad1,2026-07-02T15:23:34.555,core-banking,OK,MT103,FAST,35.69,SGD,**************1864,IN,220
3eb13b90-4668-5257-bdd6-40fb06671ad1,2026-07-02T15:23:34.641,settlement,SETTLED,MT103,FAST,35.69,SGD,**************1864,IN,235
3eb13b90-4668-5257-bdd6-40fb06671ad1,2026-07-10T02:12:52.430,gateway,OK,MT103,SWIFT,1296.27,MYR,**************8398,SG,28
3eb13b90-4668-5257-bdd6-40fb06671ad1,2026-07-10T02:12:52.604,auth,OK,MT103,SWIFT,1296.27,MYR,**************8398,SG,25
3eb13b90-4668-5257-bdd6-40fb06671ad1,2026-07-10T02:12:52.682,validation,OK,MT103,SWIFT,1296.27,MYR,**************8398,SG,78
3eb13b90-4668-5257-bdd6-40fb06671ad1,2026-07-10T02:12:52.775,aml,OK,MT103,SWIFT,1296.27,MYR,**************8398,SG,113
3eb13b90-4668-5257-bdd6-40fb06671ad1,2026-07-10T02:12:52.822,payment-hub,OK,MT103,SWIFT,1296.27,MYR,**************8398,SG,148
3eb13b90-4668-5257-bdd6-40fb06671ad1,2026-07-10T02:12:52.913,core-banking,OK,MT103,SWIFT,1296.27,MYR,**************8398,SG,182
3eb13b90-4668-5257-bdd6-40fb06671ad1,2026-07-10T02:12:53.099,settlement,SETTLED,MT103,SWIFT,1296.27,MYR,**************8398,SG,392
3eb13b90-4668-5257-bdd6-40fb06671ad1,2026-07-05T05:33:25.009,gateway,OK,MT103,FAST,288.96,SGD,**************0944,SG,31
3eb13b90-4668-5257-bdd6-40fb06671ad1,2026-07-05T05:33:25.222,auth,OK,MT103,FAST,288.96,SGD,**************0944,SG,36
3eb13b90-4668-5257-bdd6-40fb06671ad1,2026-07-05T05:33:25.303,validation,OK,MT103,FAST,288.96,SGD,**************0944,SG,119
3eb13b90-4668-5257-bdd6-40fb06671ad1,2026-07-05T05:33:25.371,aml,OK,MT103,FAST,288.96,SGD,**************0944,SG,73
3eb13b90-4668-5257-bdd6-40fb06671ad1,2026-07-05T05:33:25.424,payment-hub,OK,MT103,FAST,288.96,SGD,**************0944,SG,65
3eb13b90-4668-5257-bdd6-40fb06671ad1,2026-07-05T05:33:25.516,core-banking,OK,MT103,FAST,288.96,SGD,**************0944,SG,122
3eb13b90-4668-5257-bdd6-40fb06671ad1,2026-07-05T05:33:25.694,settlement,SETTLED,MT103,FAST,288.96,SGD,**************0944,SG,363
3eb13b90-4668-5257-bdd6-40fb06671ad1,2026-07-11T04:30:58.820,gateway,OK,0200,FAST,728.13,SGD,**************0962,SG,27
3eb13b90-4668-5257-bdd6-40fb06671ad1,2026-07-11T04:30:59.092,auth,OK,0200,FAST,728.13,SGD,**************0962,SG,46
3eb13b90-4668-5257-bdd6-40fb06671ad1,2026-07-11T04:30:59.175,validation,OK,0200,FAST,728.13,SGD,**************0962,SG,80
3eb13b90-4668-5257-bdd6-40fb06671ad1,2026-07-11T04:30:59.315,aml,TIMEOUT,0200,FAST,728.13,SGD,**************0962,SG,30000
3eb13b90-4668-5257-bdd6-40fb06671ad1,2026-07-11T04:30:59.459,payment-hub,FAILED,0200,FAST,728.13,SGD,**************0962,SG,55
3eb13b90-4668-5257-bdd6-40fb06671ad1,2026-07-13T15:39:28.782,gateway,OK,0200,FAST,2972.37,MYR,**************0092,US,28
3eb13b90-4668-5257-bdd6-40fb06671ad1,2026-07-13T15:39:28.943,auth,OK,0200,FAST,2972.37,MYR,**************0092,US,47
3eb13b90-4668-5257-bdd6-40fb06671ad1,2026-07-13T15:39:29.011,validation,OK,0200,FAST,2972.37,MYR,**************0092,US,36
3eb13b90-4668-5257-bdd6-40fb06671ad1,2026-07-13T15:39:29.084,aml,OK,0200,FAST,2972.37,MYR,**************0092,US,91
3eb13b90-4668-5257-bdd6-40fb06671ad1,2026-07-13T15:39:29.160,payment-hub,OK,0200,FAST,2972.37,MYR,**************0092,US,115
3eb13b90-4668-5257-bdd6-40fb06671ad1,2026-07-13T15:39:29.229,core-banking,OK,0200,FAST,2972.37,MYR,**************0092,US,198
3eb13b90-4668-5257-bdd6-40fb06671ad1,2026-07-13T15:39:29.442,settlement,SETTLED,0200,FAST,2972.37,MYR,**************0092,US,388
3eb13b90-4668-5257-bdd6-40fb06671ad1,2026-07-08T08:25:19.718,gateway,OK,pacs.008,FAST,2162.86,SGD,**************9132,US,46
3eb13b90-4668-5257-bdd6-40fb06671ad1,2026-07-08T08:25:19.788,auth,OK,pacs.008,FAST,2162.86,SGD,**************9132,US,30
3eb13b90-4668-5257-bdd6-40fb06671ad1,2026-07-08T08:25:19.850,validation,OK,pacs.008,FAST,2162.86,SGD,**************9132,US,49
3eb13b90-4668-5257-bdd6-40fb06671ad1,2026-07-08T08:25:19.924,aml,OK,pacs.008,FAST,2162.86,SGD,**************9132,US,131
3eb13b90-4668-5257-bdd6-40fb06671ad1,2026-07-08T08:25:20.074,payment-hub,OK,pacs.008,FAST,2162.86,SGD,**************9132,US,46
3eb13b90-4668-5257-bdd6-40fb06671ad1,2026-07-08T08:25:20.116,core-banking,OK,pacs.008,FAST,2162.86,SGD,**************9132,US,172
3eb13b90-4668-5257-bdd6-40fb06671ad1,2026-07-08T08:25:20.157,settlement,SETTLED,pacs.008,FAST,2162.86,SGD,**************9132,US,167
3eb13b90-4668-5257-bdd6-40fb06671ad1,2026-07-04T05:09:44.560,gateway,OK,0200,SWIFT,1199.9,USD,**************0069,MY,38
3eb13b90-4668-5257-bdd6-40fb06671ad1,2026-07-04T05:09:44.794,auth,OK,0200,SWIFT,1199.9,USD,**************0069,MY,45
3eb13b90-4668-5257-bdd6-40fb06671ad1,2026-07-04T05:09:44.848,validation,OK,0200,SWIFT,1199.9,USD,**************0069,MY,72
3eb13b90-4668-5257-bdd6-40fb06671ad1,2026-07-04T05:09:44.916,aml,OK,0200,SWIFT,1199.9,USD,**************0069,MY,199
3eb13b90-4668-5257-bdd6-40fb06671ad1,2026-07-04T05:09:45.103,payment-hub,OK,0200,SWIFT,1199.9,USD,**************0069,MY,85
3eb13b90-4668-5257-bdd6-40fb06671ad1,2026-07-04T05:09:45.385,core-banking,OK,0200,SWIFT,1199.9,USD,**************0069,MY,123
3eb13b90-4668-5257-bdd6-40fb06671ad1,2026-07-04T05:09:45.460,settlement,SETTLED,0200,SWIFT,1199.9,USD,**************0069,MY,254
3eb13b90-4668-5257-bdd6-40fb06671ad1,2026-07-06T12:18:20.158,gateway,OK,pacs.008,FAST,3613.79,USD,**************6135,US,52
3eb13b90-4668-5257-bdd6-40fb06671ad1,2026-07-06T12:18:20.222,auth,OK,pacs.008,FAST,3613.79,USD,**************6135,US,58
3eb13b90-4668-5257-bdd6-40fb06671ad1,2026-07-06T12:18:20.316,validation,OK,pacs.008,FAST,3613.79,USD,**************6135,US,35
3eb13b90-4668-5257-bdd6-40fb06671ad1,2026-07-06T12:18:20.392,aml,OK,pacs.008,FAST,3613.79,USD,**************6135,US,55
3eb13b90-4668-5257-bdd6-40fb06671ad1,2026-07-06T12:18:20.486,payment-hub,OK,pacs.008,FAST,3613.79,USD,**************6135,US,123
3eb13b90-4668-5257-bdd6-40fb06671ad1,2026-07-06T12:18:20.735,core-banking,OK,pacs.008,FAST,3613.79,USD,**************6135,US,107
3eb13b90-4668-5257-bdd6-40fb06671ad1,2026-07-06T12:18:20.809,settlement,SETTLED,pacs.008,FAST,3613.79,USD,**************6135,US,381
3eb13b90-4668-5257-bdd6-40fb06671ad1,2026-07-13T17:11:05.468,gateway,OK,pacs.008,FAST,446.27,SGD,**************1797,US,33
3eb13b90-4668-5257-bdd6-40fb06671ad1,2026-07-13T17:11:05.542,auth,OK,pacs.008,FAST,446.27,SGD,**************1797,US,24
3eb13b90-4668-5257-bdd6-40fb06671ad1,2026-07-13T17:11:05.621,validation,OK,pacs.008,FAST,446.27,SGD,**************1797,US,102
3eb13b90-4668-5257-bdd6-40fb06671ad1,2026-07-13T17:11:05.705,aml,OK,pacs.008,FAST,446.27,SGD,**************1797,US,256
3eb13b90-4668-5257-bdd6-40fb06671ad1,2026-07-13T17:11:05.739,payment-hub,OK,pacs.008,FAST,446.27,SGD,**************1797,US,41
3eb13b90-4668-5257-bdd6-40fb06671ad1,2026-07-13T17:11:05.897,core-banking,OK,pacs.008,FAST,446.27,SGD,**************1797,US,133
3eb13b90-4668-5257-bdd6-40fb06671ad1,2026-07-13T17:11:05.974,settlement,SETTLED,pacs.008,FAST,446.27,SGD,**************1797,US,320
3eb13b90-4668-5257-bdd6-40fb06671ad1,2026-07-06T23:23:15.796,gateway,OK,pacs.008,SWIFT,1787.4,INR,**************7798,HK,18
3eb13b90-4668-5257-bdd6-40fb06671ad1,2026-07-06T23:23:15.883,auth,OK,pacs.008,SWIFT,1787.4,INR,**************7798,HK,46
3eb13b90-4668-5257-bdd6-40fb06671ad1,2026-07-06T23:23:15.955,validation,OK,pacs.008,SWIFT,1787.4,INR,**************7798,HK,114
3eb13b90-4668-5257-bdd6-40fb06671ad1,2026-07-06T23:23:16.035,aml,OK,pacs.008,SWIFT,1787.4,INR,**************7798,HK,57
3eb13b90-4668-5257-bdd6-40fb06671ad1,2026-07-06T23:23:16.090,payment-hub,OK,pacs.008,SWIFT,1787.4,INR,**************7798,HK,79
3eb13b90-4668-5257-bdd6-40fb06671ad1,2026-07-06T23:23:16.189,core-banking,OK,pacs.008,SWIFT,1787.4,INR,**************7798,HK,107
3eb13b90-4668-5257-bdd6-40fb06671ad1,2026-07-06T23:23:16.326,settlement,SETTLED,pacs.008,SWIFT,1787.4,INR,**************7798,HK,151
3eb13b90-4668-5257-bdd6-40fb06671ad1,2026-07-13T17:05:30.040,gateway,OK,0200,SWIFT,867.02,MYR,**************0210,SG,45
3eb13b90-4668-5257-bdd6-40fb06671ad1,2026-07-13T17:05:30.191,auth,OK,0200,SWIFT,867.02,MYR,**************0210,SG,74
3eb13b90-4668-5257-bdd6-40fb06671ad1,2026-07-13T17:05:30.268,validation,OK,0200,SWIFT,867.02,MYR,**************0210,SG,32
3eb13b90-4668-5257-bdd6-40fb06671ad1,2026-07-13T17:05:30.348,aml,OK,0200,SWIFT,867.02,MYR,**************0210,SG,188
3eb13b90-4668-5257-bdd6-40fb06671ad1,2026-07-13T17:05:30.583,payment-hub,OK,0200,SWIFT,867.02,MYR,**************0210,SG,97
3eb13b90-4668-5257-bdd6-40fb06671ad1,2026-07-13T17:05:30.739,core-banking,OK,0200,SWIFT,867.02,MYR,**************0210,SG,149
3eb13b90-4668-5257-bdd6-40fb06671ad1,2026-07-13T17:05:30.784,settlement,SETTLED,0200,SWIFT,867.02,MYR,**************0210,SG,97
3eb13b90-4668-5257-bdd6-40fb06671ad1,2026-07-04T14:58:19.678,gateway,OK,pacs.008,SWIFT,311.87,MYR,**************5544,SG,53
3eb13b90-4668-5257-bdd6-40fb06671ad1,2026-07-04T14:58:19.739,auth,OK,pacs.008,SWIFT,311.87,MYR,**************5544,SG,33
3eb13b90-4668-5257-bdd6-40fb06671ad1,2026-07-04T14:58:19.802,validation,OK,pacs.008,SWIFT,311.87,MYR,**************5544,SG,109
3eb13b90-4668-5257-bdd6-40fb06671ad1,2026-07-04T14:58:20.075,aml,OK,pacs.008,SWIFT,311.87,MYR,**************5544,SG,155
3eb13b90-4668-5257-bdd6-40fb06671ad1,2026-07-04T14:58:20.251,payment-hub,OK,pacs.008,SWIFT,311.87,MYR,**************5544,SG,141
3eb13b90-4668-5257-bdd6-40fb06671ad1,2026-07-04T14:58:20.345,core-banking,OK,pacs.008,SWIFT,311.87,MYR,**************5544,SG,225
3eb13b90-4668-5257-bdd6-40fb06671ad1,2026-07-04T14:58:20.400,settlement,SETTLED,pacs.008,SWIFT,311.87,MYR,**************5544,SG,294
3eb13b90-4668-5257-bdd6-40fb06671ad1,2026-07-02T23:04:49.147,gateway,OK,MT103,FAST,972.23,USD,**************7028,US,25
3eb13b90-4668-5257-bdd6-40fb06671ad1,2026-07-02T23:04:49.184,auth,OK,MT103,FAST,972.23,USD,**************7028,US,89
3eb13b90-4668-5257-bdd6-40fb06671ad1,2026-07-02T23:05:19.216,validation,OK,MT103,FAST,972.23,USD,**************7028,US,99
3eb13b90-4668-5257-bdd6-40fb06671ad1,2026-07-02T23:05:19.340,aml,OK,MT103,FAST,972.23,USD,**************7028,US,70
3eb13b90-4668-5257-bdd6-40fb06671ad1,2026-07-02T23:05:19.436,payment-hub,OK,MT103,FAST,972.23,USD,**************7028,US,46
3eb13b90-4668-5257-bdd6-40fb06671ad1,2026-07-02T23:05:19.662,core-banking,OK,MT103,FAST,972.23,USD,**************7028,US,247
3eb13b90-4668-5257-bdd6-40fb06671ad1,2026-07-02T23:05:19.726,settlement,SETTLED,MT103,FAST,972.23,USD,**************7028,US,378
3eb13b90-4668-5257-bdd6-40fb06671ad1,2026-07-05T14:22:37.216,gateway,OK,0200,SWIFT,198.0,SGD,**************3589,SG,31
3eb13b90-4668-5257-bdd6-40fb06671ad1,2026-07-05T14:22:37.304,auth,OK,0200,SWIFT,198.0,SGD,**************3589,SG,37
3eb13b90-4668-5257-bdd6-40fb06671ad1,2026-07-05T14:22:37.404,validation,OK,0200,SWIFT,198.0,SGD,**************3589,SG,72
3eb13b90-4668-5257-bdd6-40fb06671ad1,2026-07-05T14:22:37.532,aml,OK,0200,SWIFT,198.0,SGD,**************3589,SG,190
3eb13b90-4668-5257-bdd6-40fb06671ad1,2026-07-05T14:22:37.664,payment-hub,OK,0200,SWIFT,198.0,SGD,**************3589,SG,73
3eb13b90-4668-5257-bdd6-40fb06671ad1,2026-07-05T14:22:37.932,core-banking,OK,0200,SWIFT,198.0,SGD,**************3589,SG,89
3eb13b90-4668-5257-bdd6-40fb06671ad1,2026-07-05T14:22:38.016,settlement,SETTLED,0200,SWIFT,198.0,SGD,**************3589,SG,319
3eb13b90-4668-5257-bdd6-40fb06671ad1,2026-07-12T06:56:52.549,gateway,OK,pacs.008,SWIFT,1439.69,SGD,**************2577,MY,29
3eb13b90-4668-5257-bdd6-40fb06671ad1,2026-07-12T06:56:52.661,auth,OK,pacs.008,SWIFT,1439.69,SGD,**************2577,MY,82
3eb13b90-4668-5257-bdd6-40fb06671ad1,2026-07-12T06:57:22.675,validation,OK,pacs.008,SWIFT,1439.69,SGD,**************2577,MY,91
3eb13b90-4668-5257-bdd6-40fb06671ad1,2026-07-12T06:57:22.739,aml,OK,pacs.008,SWIFT,1439.69,SGD,**************2577,MY,184
3eb13b90-4668-5257-bdd6-40fb06671ad1,2026-07-12T06:57:22.878,payment-hub,OK,pacs.008,SWIFT,1439.69,SGD,**************2577,MY,62
3eb13b90-4668-5257-bdd6-40fb06671ad1,2026-07-12T06:57:23.125,core-banking,OK,pacs.008,SWIFT,1439.69,SGD,**************2577,MY,73
3eb13b90-4668-5257-bdd6-40fb06671ad1,2026-07-12T06:57:23.245,settlement,SETTLED,pacs.008,SWIFT,1439.69,SGD,**************2577,MY,105
3eb13b90-4668-5257-bdd6-40fb06671ad1,2026-07-05T01:51:44.354,gateway,OK,pacs.008,CARDS,716.38,GBP,**************3211,MY,50
3eb13b90-4668-5257-bdd6-40fb06671ad1,2026-07-05T01:52:14.379,auth,OK,pacs.008,CARDS,716.38,GBP,**************3211,MY,63
3eb13b90-4668-5257-bdd6-40fb06671ad1,2026-07-05T01:52:14.473,validation,OK,pacs.008,CARDS,716.38,GBP,**************3211,MY,72
3eb13b90-4668-5257-bdd6-40fb06671ad1,2026-07-05T01:52:14.638,aml,TIMEOUT,pacs.008,CARDS,716.38,GBP,**************3211,MY,30000
3eb13b90-4668-5257-bdd6-40fb06671ad1,2026-07-05T01:52:14.739,payment-hub,FAILED,pacs.008,CARDS,716.38,GBP,**************3211,MY,148
3eb13b90-4668-5257-bdd6-40fb06671ad1,2026-07-13T18:11:36.382,gateway,OK,MT103,FAST,241.69,SGD,**************9797,IN,29
3eb13b90-4668-5257-bdd6-40fb06671ad1,2026-07-13T18:11:36.458,auth,OK,MT103,FAST,241.69,SGD,**************9797,IN,31
3eb13b90-4668-5257-bdd6-40fb06671ad1,2026-07-13T18:11:36.589,validation,OK,MT103,FAST,241.69,SGD,**************9797,IN,88
3eb13b90-4668-5257-bdd6-40fb06671ad1,2026-07-13T18:11:36.637,aml,OK,MT103,FAST,241.69,SGD,**************9797,IN,268
3eb13b90-4668-5257-bdd6-40fb06671ad1,2026-07-13T18:11:36.738,payment-hub,OK,MT103,FAST,241.69,SGD,**************9797,IN,104
3eb13b90-4668-5257-bdd6-40fb06671ad1,2026-07-13T18:11:36.828,core-banking,OK,MT103,FAST,241.69,SGD,**************9797,IN,178
3eb13b90-4668-5257-bdd6-40fb06671ad1,2026-07-13T18:11:37.073,settlement,SETTLED,MT103,FAST,241.69,SGD,**************9797,IN,129
3eb13b90-4668-5257-bdd6-40fb06671ad1,2026-07-12T18:59:14.895,gateway,OK,pacs.008,SWIFT,310.34,SGD,**************9340,MY,23
3eb13b90-4668-5257-bdd6-40fb06671ad1,2026-07-12T18:59:14.998,auth,OK,pacs.008,SWIFT,310.34,SGD,**************9340,MY,84
3eb13b90-4668-5257-bdd6-40fb06671ad1,2026-07-12T18:59:15.120,validation,OK,pacs.008,SWIFT,310.34,SGD,**************9340,MY,109
3eb13b90-4668-5257-bdd6-40fb06671ad1,2026-07-12T18:59:15.212,aml,OK,pacs.008,SWIFT,310.34,SGD,**************9340,MY,211
3eb13b90-4668-5257-bdd6-40fb06671ad1,2026-07-12T18:59:15.341,payment-hub,OK,pacs.008,SWIFT,310.34,SGD,**************9340,MY,103
3eb13b90-4668-5257-bdd6-40fb06671ad1,2026-07-12T18:59:15.404,core-banking,OK,pacs.008,SWIFT,310.34,SGD,**************9340,MY,245
3eb13b90-4668-5257-bdd6-40fb06671ad1,2026-07-12T18:59:15.462,settlement,SETTLED,pacs.008,SWIFT,310.34,SGD,**************9340,MY,269
3eb13b90-4668-5257-bdd6-40fb06671ad1,2026-07-10T17:57:42.710,gateway,OK,pacs.008,SWIFT,1435.86,SGD,**************8069,SG,51
3eb13b90-4668-5257-bdd6-40fb06671ad1,2026-07-10T17:57:42.763,auth,OK,pacs.008,SWIFT,1435.86,SGD,**************8069,SG,84
3eb13b90-4668-5257-bdd6-40fb06671ad1,2026-07-10T17:57:42.809,validation,OK,pacs.008,SWIFT,1435.86,SGD,**************8069,SG,102
3eb13b90-4668-5257-bdd6-40fb06671ad1,2026-07-10T17:57:42.876,aml,OK,pacs.008,SWIFT,1435.86,SGD,**************8069,SG,88
3eb13b90-4668-5257-bdd6-40fb06671ad1,2026-07-10T17:57:42.945,payment-hub,OK,pacs.008,SWIFT,1435.86,SGD,**************8069,SG,98
3eb13b90-4668-5257-bdd6-40fb06671ad1,2026-07-10T17:57:43.221,core-banking,OK,pacs.008,SWIFT,1435.86,SGD,**************8069,SG,75
3eb13b90-4668-5257-bdd6-40fb06671ad1,2026-07-10T17:57:43.259,settlement,SETTLED,pacs.008,SWIFT,1435.86,SGD,**************8069,SG,174
3eb13b90-4668-5257-bdd6-40fb06671ad1,2026-07-08T17:10:10.037,gateway,OK,0200,FAST,268.85,SGD,**************3094,SG,21
3eb13b90-4668-5257-bdd6-40fb06671ad1,2026-07-08T17:10:10.133,auth,OK,0200,FAST,268.85,SGD,**************3094,SG,23
3eb13b90-4668-5257-bdd6-40fb06671ad1,2026-07-08T17:10:10.189,validation,OK,0200,FAST,268.85,SGD,**************3094,SG,64
3eb13b90-4668-5257-bdd6-40fb06671ad1,2026-07-08T17:10:10.259,aml,OK,0200,FAST,268.85,SGD,**************3094,SG,271
3eb13b90-4668-5257-bdd6-40fb06671ad1,2026-07-08T17:10:10.361,payment-hub,OK,0200,FAST,268.85,SGD,**************3094,SG,72
3eb13b90-4668-5257-bdd6-40fb06671ad1,2026-07-08T17:10:10.409,core-banking,OK,0200,FAST,268.85,SGD,**************3094,SG,149
3eb13b90-4668-5257-bdd6-40fb06671ad1,2026-07-08T17:10:10.488,settlement,SETTLED,0200,FAST,268.85,SGD,**************3094,SG,361
3eb13b90-4668-5257-bdd6-40fb06671ad1,2026-07-05T13:53:46.039,gateway,OK,pacs.008,SWIFT,331.78,SGD,**************6915,SG,40
3eb13b90-4668-5257-bdd6-40fb06671ad1,2026-07-05T13:53:46.112,auth,OK,pacs.008,SWIFT,331.78,SGD,**************6915,SG,83
3eb13b90-4668-5257-bdd6-40fb06671ad1,2026-07-05T13:53:46.168,validation,OK,pacs.008,SWIFT,331.78,SGD,**************6915,SG,119
3eb13b90-4668-5257-bdd6-40fb06671ad1,2026-07-05T13:53:46.221,aml,TIMEOUT,pacs.008,SWIFT,331.78,SGD,**************6915,SG,30000
3eb13b90-4668-5257-bdd6-40fb06671ad1,2026-07-05T13:53:46.424,payment-hub,FAILED,pacs.008,SWIFT,331.78,SGD,**************6915,SG,66
3eb13b90-4668-5257-bdd6-40fb06671ad1,2026-07-13T12:55:31.257,gateway,OK,MT103,SWIFT,279.77,MYR,**************5659,SG,45
3eb13b90-4668-5257-bdd6-40fb06671ad1,2026-07-13T12:55:31.493,auth,OK,MT103,SWIFT,279.77,MYR,**************5659,SG,49
3eb13b90-4668-5257-bdd6-40fb06671ad1,2026-07-13T12:55:31.571,validation,OK,MT103,SWIFT,279.77,MYR,**************5659,SG,55
3eb13b90-4668-5257-bdd6-40fb06671ad1,2026-07-13T12:55:31.799,aml,OK,MT103,SWIFT,279.77,MYR,**************5659,SG,225
3eb13b90-4668-5257-bdd6-40fb06671ad1,2026-07-13T12:55:31.855,payment-hub,OK,MT103,SWIFT,279.77,MYR,**************5659,SG,147
3eb13b90-4668-5257-bdd6-40fb06671ad1,2026-07-13T12:55:31.927,core-banking,OK,MT103,SWIFT,279.77,MYR,**************5659,SG,81
3eb13b90-4668-5257-bdd6-40fb06671ad1,2026-07-13T12:55:32.163,settlement,SETTLED,MT103,SWIFT,279.77,MYR,**************5659,SG,160
3eb13b90-4668-5257-bdd6-40fb06671ad1,2026-07-05T23:13:37.052,gateway,OK,MT103,SWIFT,1200.03,USD,**************9284,SG,43
3eb13b90-4668-5257-bdd6-40fb06671ad1,2026-07-05T23:14:07.087,auth,OK,MT103,SWIFT,1200.03,USD,**************9284,SG,87
3eb13b90-4668-5257-bdd6-40fb06671ad1,2026-07-05T23:14:07.221,validation,OK,MT103,SWIFT,1200.03,USD,**************9284,SG,118
3eb13b90-4668-5257-bdd6-40fb06671ad1,2026-07-05T23:14:07.490,aml,OK,MT103,SWIFT,1200.03,USD,**************9284,SG,64
3eb13b90-4668-5257-bdd6-40fb06671ad1,2026-07-05T23:14:07.636,payment-hub,OK,MT103,SWIFT,1200.03,USD,**************9284,SG,122
3eb13b90-4668-5257-bdd6-40fb06671ad1,2026-07-05T23:14:07.774,core-banking,OK,MT103,SWIFT,1200.03,USD,**************9284,SG,86
3eb13b90-4668-5257-bdd6-40fb06671ad1,2026-07-05T23:14:07.840,settlement,SETTLED,MT103,SWIFT,1200.03,USD,**************9284,SG,182
3eb13b90-4668-5257-bdd6-40fb06671ad1,2026-07-01T10:20:22.409,gateway,OK,pacs.008,FAST,93.46,USD,**************0335,IN,41
3eb13b90-4668-5257-bdd6-40fb06671ad1,2026-07-01T10:20:22.594,auth,OK,pacs.008,FAST,93.46,USD,**************0335,IN,31
3eb13b90-4668-5257-bdd6-40fb06671ad1,2026-07-01T10:20:22.735,validation,OK,pacs.008,FAST,93.46,USD,**************0335,IN,77
3eb13b90-4668-5257-bdd6-40fb06671ad1,2026-07-01T10:20:23.012,aml,OK,pacs.008,FAST,93.46,USD,**************0335,IN,288
3eb13b90-4668-5257-bdd6-40fb06671ad1,2026-07-01T10:20:23.078,payment-hub,OK,pacs.008,FAST,93.46,USD,**************0335,IN,93
3eb13b90-4668-5257-bdd6-40fb06671ad1,2026-07-01T10:20:23.170,core-banking,OK,pacs.008,FAST,93.46,USD,**************0335,IN,110
3eb13b90-4668-5257-bdd6-40fb06671ad1,2026-07-01T10:20:23.339,settlement,SETTLED,pacs.008,FAST,93.46,USD,**************0335,IN,111
3eb13b90-4668-5257-bdd6-40fb06671ad1,2026-07-09T10:50:23.304,gateway,OK,pacs.008,FAST,2163.69,EUR,**************2366,SG,20
3eb13b90-4668-5257-bdd6-40fb06671ad1,2026-07-09T10:50:23.411,auth,OK,pacs.008,FAST,2163.69,EUR,**************2366,SG,21
3eb13b90-4668-5257-bdd6-40fb06671ad1,2026-07-09T10:50:23.445,validation,OK,pacs.008,FAST,2163.69,EUR,**************2366,SG,92
3eb13b90-4668-5257-bdd6-40fb06671ad1,2026-07-09T10:50:23.520,aml,OK,pacs.008,FAST,2163.69,EUR,**************2366,SG,176
3eb13b90-4668-5257-bdd6-40fb06671ad1,2026-07-09T10:50:23.613,payment-hub,OK,pacs.008,FAST,2163.69,EUR,**************2366,SG,113
3eb13b90-4668-5257-bdd6-40fb06671ad1,2026-07-09T10:50:23.725,core-banking,OK,pacs.008,FAST,2163.69,EUR,**************2366,SG,52
3eb13b90-4668-5257-bdd6-40fb06671ad1,2026-07-09T10:50:23.804,settlement,SETTLED,pacs.008,FAST,2163.69,EUR,**************2366,SG,254
3eb13b90-4668-5257-bdd6-40fb06671ad1,2026-07-07T23:27:41.792,gateway,OK,MT103,FAST,4996.25,USD,**************7641,MY,24
3eb13b90-4668-5257-bdd6-40fb06671ad1,2026-07-07T23:27:41.874,auth,OK,MT103,FAST,4996.25,USD,**************7641,MY,89
3eb13b90-4668-5257-bdd6-40fb06671ad1,2026-07-07T23:27:41.951,validation,OK,MT103,FAST,4996.25,USD,**************7641,MY,109
3eb13b90-4668-5257-bdd6-40fb06671ad1,2026-07-07T23:27:42.024,aml,TIMEOUT,MT103,FAST,4996.25,USD,**************7641,MY,30000
3eb13b90-4668-5257-bdd6-40fb06671ad1,2026-07-07T23:27:42.117,payment-hub,FAILED,MT103,FAST,4996.25,USD,**************7641,MY,56
3eb13b90-4668-5257-bdd6-40fb06671ad1,2026-07-12T08:37:25.719,gateway,OK,MT103,FAST,1234.35,GBP,**************6954,SG,59
3eb13b90-4668-5257-bdd6-40fb06671ad1,2026-07-12T08:37:25.809,auth,OK,MT103,FAST,1234.35,GBP,**************6954,SG,49
3eb13b90-4668-5257-bdd6-40fb06671ad1,2026-07-12T08:37:25.883,validation,OK,MT103,FAST,1234.35,GBP,**************6954,SG,33
3eb13b90-4668-5257-bdd6-40fb06671ad1,2026-07-12T08:37:25.994,aml,OK,MT103,FAST,1234.35,GBP,**************6954,SG,193
3eb13b90-4668-5257-bdd6-40fb06671ad1,2026-07-12T08:37:26.253,payment-hub,OK,MT103,FAST,1234.35,GBP,**************6954,SG,47
3eb13b90-4668-5257-bdd6-40fb06671ad1,2026-07-12T08:37:26.344,core-banking,OK,MT103,FAST,1234.35,GBP,**************6954,SG,206
3eb13b90-4668-5257-bdd6-40fb06671ad1,2026-07-12T08:37:26.418,settlement,SETTLED,MT103,FAST,1234.35,GBP,**************6954,SG,293
3eb13b90-4668-5257-bdd6-40fb06671ad1,2026-07-11T07:32:57.735,gateway,OK,MT103,FAST,6589.68,USD,**************8793,HK,15
3eb13b90-4668-5257-bdd6-40fb06671ad1,2026-07-11T07:32:57.913,auth,OK,MT103,FAST,6589.68,USD,**************8793,HK,75
3eb13b90-4668-5257-bdd6-40fb06671ad1,2026-07-11T07:32:58.059,validation,OK,MT103,FAST,6589.68,USD,**************8793,HK,81
3eb13b90-4668-5257-bdd6-40fb06671ad1,2026-07-11T07:32:58.104,aml,OK,MT103,FAST,6589.68,USD,**************8793,HK,141
3eb13b90-4668-5257-bdd6-40fb06671ad1,2026-07-11T07:32:58.169,payment-hub,OK,MT103,FAST,6589.68,USD,**************8793,HK,110
3eb13b90-4668-5257-bdd6-40fb06671ad1,2026-07-11T07:32:58.213,core-banking,OK,MT103,FAST,6589.68,USD,**************8793,HK,90
3eb13b90-4668-5257-bdd6-40fb06671ad1,2026-07-11T07:32:58.240,settlement,SETTLED,MT103,FAST,6589.68,USD,**************8793,HK,184
3eb13b90-4668-5257-bdd6-40fb06671ad1,2026-07-08T02:32:06.933,gateway,OK,pacs.008,FAST,146.67,SGD,**************5091,US,51
3eb13b90-4668-5257-bdd6-40fb06671ad1,2026-07-08T02:32:06.982,auth,OK,pacs.008,FAST,146.67,SGD,**************5091,US,54
3eb13b90-4668-5257-bdd6-40fb06671ad1,2026-07-08T02:32:07.066,validation,OK,pacs.008,FAST,146.67,SGD,**************5091,US,36
3eb13b90-4668-5257-bdd6-40fb06671ad1,2026-07-08T02:32:07.203,aml,OK,pacs.008,FAST,146.67,SGD,**************5091,US,217
3eb13b90-4668-5257-bdd6-40fb06671ad1,2026-07-08T02:32:07.444,payment-hub,OK,pacs.008,FAST,146.67,SGD,**************5091,US,128
3eb13b90-4668-5257-bdd6-40fb06671ad1,2026-07-08T02:32:07.514,core-banking,OK,pacs.008,FAST,146.67,SGD,**************5091,US,159
3eb13b90-4668-5257-bdd6-40fb06671ad1,2026-07-08T02:32:07.708,settlement,SETTLED,pacs.008,FAST,146.67,SGD,**************5091,US,225
3eb13b90-4668-5257-bdd6-40fb06671ad1,2026-07-06T11:55:05.278,gateway,OK,MT103,SWIFT,534.45,MYR,**************5879,SG,26
3eb13b90-4668-5257-bdd6-40fb06671ad1,2026-07-06T11:55:05.443,auth,OK,MT103,SWIFT,534.45,MYR,**************5879,SG,81
3eb13b90-4668-5257-bdd6-40fb06671ad1,2026-07-06T11:55:05.545,validation,OK,MT103,SWIFT,534.45,MYR,**************5879,SG,62
3eb13b90-4668-5257-bdd6-40fb06671ad1,2026-07-06T11:55:05.664,aml,TIMEOUT,MT103,SWIFT,534.45,MYR,**************5879,SG,30000
3eb13b90-4668-5257-bdd6-40fb06671ad1,2026-07-06T11:55:05.744,payment-hub,FAILED,MT103,SWIFT,534.45,MYR,**************5879,SG,60
3eb13b90-4668-5257-bdd6-40fb06671ad1,2026-07-10T14:46:19.039,gateway,OK,pacs.008,CARDS,4514.0,INR,**************3959,HK,17
3eb13b90-4668-5257-bdd6-40fb06671ad1,2026-07-10T14:46:19.156,auth,OK,pacs.008,CARDS,4514.0,INR,**************3959,HK,49
3eb13b90-4668-5257-bdd6-40fb06671ad1,2026-07-10T14:46:19.237,validation,OK,pacs.008,CARDS,4514.0,INR,**************3959,HK,36
3eb13b90-4668-5257-bdd6-40fb06671ad1,2026-07-10T14:46:19.312,aml,OK,pacs.008,CARDS,4514.0,INR,**************3959,HK,293
3eb13b90-4668-5257-bdd6-40fb06671ad1,2026-07-10T14:46:19.341,payment-hub,OK,pacs.008,CARDS,4514.0,INR,**************3959,HK,132
3eb13b90-4668-5257-bdd6-40fb06671ad1,2026-07-10T14:46:19.392,core-banking,OK,pacs.008,CARDS,4514.0,INR,**************3959,HK,177
3eb13b90-4668-5257-bdd6-40fb06671ad1,2026-07-10T14:46:19.495,settlement,SETTLED,pacs.008,CARDS,4514.0,INR,**************3959,HK,75
3eb13b90-4668-5257-bdd6-40fb06671ad1,2026-07-14T19:56:05.711,gateway,OK,pacs.008,FAST,270.81,MYR,**************9762,US,43
3eb13b90-4668-5257-bdd6-40fb06671ad1,2026-07-14T19:56:05.979,auth,OK,pacs.008,FAST,270.81,MYR,**************9762,US,72
3eb13b90-4668-5257-bdd6-40fb06671ad1,2026-07-14T19:56:06.223,validation,OK,pacs.008,FAST,270.81,MYR,**************9762,US,93
3eb13b90-4668-5257-bdd6-40fb06671ad1,2026-07-14T19:56:06.481,aml,OK,pacs.008,FAST,270.81,MYR,**************9762,US,58
3eb13b90-4668-5257-bdd6-40fb06671ad1,2026-07-14T19:56:06.551,payment-hub,OK,pacs.008,FAST,270.81,MYR,**************9762,US,101
3eb13b90-4668-5257-bdd6-40fb06671ad1,2026-07-14T19:56:06.660,core-banking,OK,pacs.008,FAST,270.81,MYR,**************9762,US,205
3eb13b90-4668-5257-bdd6-40fb06671ad1,2026-07-14T19:56:06.812,settlement,SETTLED,pacs.008,FAST,270.81,MYR,**************9762,US,383
3eb13b90-4668-5257-bdd6-40fb06671ad1,2026-07-15T03:59:16.890,gateway,OK,pacs.008,FAST,293.52,SGD,**************6246,SG,30
3eb13b90-4668-5257-bdd6-40fb06671ad1,2026-07-15T03:59:16.937,auth,OK,pacs.008,FAST,293.52,SGD,**************6246,SG,83
3eb13b90-4668-5257-bdd6-40fb06671ad1,2026-07-15T03:59:17.021,validation,OK,pacs.008,FAST,293.52,SGD,**************6246,SG,109
3eb13b90-4668-5257-bdd6-40fb06671ad1,2026-07-15T03:59:17.100,aml,OK,pacs.008,FAST,293.52,SGD,**************6246,SG,213
3eb13b90-4668-5257-bdd6-40fb06671ad1,2026-07-15T03:59:17.200,payment-hub,OK,pacs.008,FAST,293.52,SGD,**************6246,SG,95
3eb13b90-4668-5257-bdd6-40fb06671ad1,2026-07-15T03:59:17.272,core-banking,OK,pacs.008,FAST,293.52,SGD,**************6246,SG,174
3eb13b90-4668-5257-bdd6-40fb06671ad1,2026-07-15T03:59:17.323,settlement,SETTLED,pacs.008,FAST,293.52,SGD,**************6246,SG,144
3eb13b90-4668-5257-bdd6-40fb06671ad1,2026-07-02T05:29:55.014,gateway,OK,MT103,FAST,89.22,SGD,**************0901,SG,15
3eb13b90-4668-5257-bdd6-40fb06671ad1,2026-07-02T05:29:55.138,auth,OK,MT103,FAST,89.22,SGD,**************0901,SG,83
3eb13b90-4668-5257-bdd6-40fb06671ad1,2026-07-02T05:29:55.205,validation,OK,MT103,FAST,89.22,SGD,**************0901,SG,51
3eb13b90-4668-5257-bdd6-40fb06671ad1,2026-07-02T05:29:55.335,aml,OK,MT103,FAST,89.22,SGD,**************0901,SG,273
3eb13b90-4668-5257-bdd6-40fb06671ad1,2026-07-02T05:29:55.378,payment-hub,OK,MT103,FAST,89.22,SGD,**************0901,SG,133
3eb13b90-4668-5257-bdd6-40fb06671ad1,2026-07-02T05:29:55.452,core-banking,OK,MT103,FAST,89.22,SGD,**************0901,SG,197
3eb13b90-4668-5257-bdd6-40fb06671ad1,2026-07-02T05:29:55.527,settlement,SETTLED,MT103,FAST,89.22,SGD,**************0901,SG,311
3eb13b90-4668-5257-bdd6-40fb06671ad1,2026-07-10T04:10:21.786,gateway,OK,MT103,FAST,286.98,SGD,**************2270,SG,47
3eb13b90-4668-5257-bdd6-40fb06671ad1,2026-07-10T04:10:21.839,auth,OK,MT103,FAST,286.98,SGD,**************2270,SG,52
3eb13b90-4668-5257-bdd6-40fb06671ad1,2026-07-10T04:10:21.902,validation,OK,MT103,FAST,286.98,SGD,**************2270,SG,59
3eb13b90-4668-5257-bdd6-40fb06671ad1,2026-07-10T04:10:21.922,aml,TIMEOUT,MT103,FAST,286.98,SGD,**************2270,SG,30000
3eb13b90-4668-5257-bdd6-40fb06671ad1,2026-07-10T04:10:22.223,payment-hub,FAILED,MT103,FAST,286.98,SGD,**************2270,SG,120
3eb13b90-4668-5257-bdd6-40fb06671ad1,2026-07-03T20:46:21.394,gateway,OK,pacs.008,FAST,2686.45,MYR,**************1814,US,37
3eb13b90-4668-5257-bdd6-40fb06671ad1,2026-07-03T20:46:21.466,auth,OK,pacs.008,FAST,2686.45,MYR,**************1814,US,59
3eb13b90-4668-5257-bdd6-40fb06671ad1,2026-07-03T20:46:21.527,validation,OK,pacs.008,FAST,2686.45,MYR,**************1814,US,35
3eb13b90-4668-5257-bdd6-40fb06671ad1,2026-07-03T20:46:21.613,aml,OK,pacs.008,FAST,2686.45,MYR,**************1814,US,73
3eb13b90-4668-5257-bdd6-40fb06671ad1,2026-07-03T20:46:21.669,payment-hub,OK,pacs.008,FAST,2686.45,MYR,**************1814,US,100
3eb13b90-4668-5257-bdd6-40fb06671ad1,2026-07-03T20:46:21.881,core-banking,OK,pacs.008,FAST,2686.45,MYR,**************1814,US,75
3eb13b90-4668-5257-bdd6-40fb06671ad1,2026-07-03T20:46:22.079,settlement,SETTLED,pacs.008,FAST,2686.45,MYR,**************1814,US,388
3eb13b90-4668-5257-bdd6-40fb06671ad1,2026-07-09T21:52:56.492,gateway,OK,pacs.008,SWIFT,1482.07,SGD,**************4003,US,49
3eb13b90-4668-5257-bdd6-40fb06671ad1,2026-07-09T21:52:56.550,auth,OK,pacs.008,SWIFT,1482.07,SGD,**************4003,US,88
3eb13b90-4668-5257-bdd6-40fb06671ad1,2026-07-09T21:52:56.834,validation,OK,pacs.008,SWIFT,1482.07,SGD,**************4003,US,91
3eb13b90-4668-5257-bdd6-40fb06671ad1,2026-07-09T21:52:56.898,aml,OK,pacs.008,SWIFT,1482.07,SGD,**************4003,US,209
3eb13b90-4668-5257-bdd6-40fb06671ad1,2026-07-09T21:52:56.953,payment-hub,OK,pacs.008,SWIFT,1482.07,SGD,**************4003,US,78
3eb13b90-4668-5257-bdd6-40fb06671ad1,2026-07-09T21:52:57.147,core-banking,OK,pacs.008,SWIFT,1482.07,SGD,**************4003,US,130
3eb13b90-4668-5257-bdd6-40fb06671ad1,2026-07-09T21:52:57.265,settlement,SETTLED,pacs.008,SWIFT,1482.07,SGD,**************4003,US,205
3eb13b90-4668-5257-bdd6-40fb06671ad1,2026-07-08T17:36:36.704,gateway,OK,pacs.008,FAST,8137.19,SGD,**************0050,SG,20
3eb13b90-4668-5257-bdd6-40fb06671ad1,2026-07-08T17:36:36.820,auth,OK,pacs.008,FAST,8137.19,SGD,**************0050,SG,84
3eb13b90-4668-5257-bdd6-40fb06671ad1,2026-07-08T17:36:36.876,validation,OK,pacs.008,FAST,8137.19,SGD,**************0050,SG,108
3eb13b90-4668-5257-bdd6-40fb06671ad1,2026-07-08T17:36:36.970,aml,TIMEOUT,pacs.008,FAST,8137.19,SGD,**************0050,SG,30000
3eb13b90-4668-5257-bdd6-40fb06671ad1,2026-07-08T17:36:37.106,payment-hub,FAILED,pacs.008,FAST,8137.19,SGD,**************0050,SG,132
3eb13b90-4668-5257-bdd6-40fb06671ad1,2026-07-12T14:20:05.959,gateway,OK,pacs.008,SWIFT,3176.8,EUR,**************0339,SG,31
3eb13b90-4668-5257-bdd6-40fb06671ad1,2026-07-12T14:20:06.036,auth,OK,pacs.008,SWIFT,3176.8,EUR,**************0339,SG,53
3eb13b90-4668-5257-bdd6-40fb06671ad1,2026-07-12T14:20:06.193,validation,OK,pacs.008,SWIFT,3176.8,EUR,**************0339,SG,98
3eb13b90-4668-5257-bdd6-40fb06671ad1,2026-07-12T14:20:06.262,aml,OK,pacs.008,SWIFT,3176.8,EUR,**************0339,SG,80
3eb13b90-4668-5257-bdd6-40fb06671ad1,2026-07-12T14:20:06.330,payment-hub,OK,pacs.008,SWIFT,3176.8,EUR,**************0339,SG,80
3eb13b90-4668-5257-bdd6-40fb06671ad1,2026-07-12T14:20:06.498,core-banking,OK,pacs.008,SWIFT,3176.8,EUR,**************0339,SG,108
3eb13b90-4668-5257-bdd6-40fb06671ad1,2026-07-12T14:20:06.549,settlement,SETTLED,pacs.008,SWIFT,3176.8,EUR,**************0339,SG,272
3eb13b90-4668-5257-bdd6-40fb06671ad1,2026-07-12T22:58:51.218,gateway,OK,pacs.008,FAST,442.4,USD,**************5095,SG,42
3eb13b90-4668-5257-bdd6-40fb06671ad1,2026-07-12T22:58:51.276,auth,OK,pacs.008,FAST,442.4,USD,**************5095,SG,55
3eb13b90-4668-5257-bdd6-40fb06671ad1,2026-07-12T22:58:51.356,validation,OK,pacs.008,FAST,442.4,USD,**************5095,SG,43
3eb13b90-4668-5257-bdd6-40fb06671ad1,2026-07-12T22:58:51.640,aml,OK,pacs.008,FAST,442.4,USD,**************5095,SG,270
3eb13b90-4668-5257-bdd6-40fb06671ad1,2026-07-12T22:58:51.720,payment-hub,OK,pacs.008,FAST,442.4,USD,**************5095,SG,99
3eb13b90-4668-5257-bdd6-40fb06671ad1,2026-07-12T22:58:51.760,core-banking,OK,pacs.008,FAST,442.4,USD,**************5095,SG,201
3eb13b90-4668-5257-bdd6-40fb06671ad1,2026-07-12T22:58:51.812,settlement,SETTLED,pacs.008,FAST,442.4,USD,**************5095,SG,397
3eb13b90-4668-5257-bdd6-40fb06671ad1,2026-07-08T09:22:44.137,gateway,OK,MT103,FAST,550.8,USD,**************7488,IN,42
3eb13b90-4668-5257-bdd6-40fb06671ad1,2026-07-08T09:22:44.334,auth,OK,MT103,FAST,550.8,USD,**************7488,IN,36
3eb13b90-4668-5257-bdd6-40fb06671ad1,2026-07-08T09:22:44.397,validation,OK,MT103,FAST,550.8,USD,**************7488,IN,48
3eb13b90-4668-5257-bdd6-40fb06671ad1,2026-07-08T09:22:44.523,aml,OK,MT103,FAST,550.8,USD,**************7488,IN,179
3eb13b90-4668-5257-bdd6-40fb06671ad1,2026-07-08T09:22:44.616,payment-hub,OK,MT103,FAST,550.8,USD,**************7488,IN,126
3eb13b90-4668-5257-bdd6-40fb06671ad1,2026-07-08T09:22:44.742,core-banking,OK,MT103,FAST,550.8,USD,**************7488,IN,205
3eb13b90-4668-5257-bdd6-40fb06671ad1,2026-07-08T09:22:44.981,settlement,SETTLED,MT103,FAST,550.8,USD,**************7488,IN,90
3eb13b90-4668-5257-bdd6-40fb06671ad1,2026-07-12T13:04:11.946,gateway,OK,0200,FAST,915.16,SGD,**************1357,IN,27
3eb13b90-4668-5257-bdd6-40fb06671ad1,2026-07-12T13:04:12.071,auth,OK,0200,FAST,915.16,SGD,**************1357,IN,20
3eb13b90-4668-5257-bdd6-40fb06671ad1,2026-07-12T13:04:12.232,validation,OK,0200,FAST,915.16,SGD,**************1357,IN,25
3eb13b90-4668-5257-bdd6-40fb06671ad1,2026-07-12T13:04:12.303,aml,OK,0200,FAST,915.16,SGD,**************1357,IN,289
3eb13b90-4668-5257-bdd6-40fb06671ad1,2026-07-12T13:04:12.387,payment-hub,OK,0200,FAST,915.16,SGD,**************1357,IN,67
3eb13b90-4668-5257-bdd6-40fb06671ad1,2026-07-12T13:04:12.670,core-banking,OK,0200,FAST,915.16,SGD,**************1357,IN,137
3eb13b90-4668-5257-bdd6-40fb06671ad1,2026-07-12T13:04:12.856,settlement,SETTLED,0200,FAST,915.16,SGD,**************1357,IN,201
3eb13b90-4668-5257-bdd6-40fb06671ad1,2026-07-07T00:02:26.785,gateway,OK,pacs.008,FAST,700.14,SGD,**************0971,GB,44
3eb13b90-4668-5257-bdd6-40fb06671ad1,2026-07-07T00:02:26.908,auth,OK,pacs.008,FAST,700.14,SGD,**************0971,GB,43
3eb13b90-4668-5257-bdd6-40fb06671ad1,2026-07-07T00:02:27.102,validation,OK,pacs.008,FAST,700.14,SGD,**************0971,GB,91
3eb13b90-4668-5257-bdd6-40fb06671ad1,2026-07-07T00:02:27.237,aml,OK,pacs.008,FAST,700.14,SGD,**************0971,GB,64
3eb13b90-4668-5257-bdd6-40fb06671ad1,2026-07-07T00:02:27.326,payment-hub,OK,pacs.008,FAST,700.14,SGD,**************0971,GB,133
3eb13b90-4668-5257-bdd6-40fb06671ad1,2026-07-07T00:02:27.434,core-banking,OK,pacs.008,FAST,700.14,SGD,**************0971,GB,82
3eb13b90-4668-5257-bdd6-40fb06671ad1,2026-07-07T00:02:27.563,settlement,SETTLED,pacs.008,FAST,700.14,SGD,**************0971,GB,182
3eb13b90-4668-5257-bdd6-40fb06671ad1,2026-07-04T15:36:33.365,gateway,OK,pacs.008,FAST,357.25,USD,**************2295,SG,23
3eb13b90-4668-5257-bdd6-40fb06671ad1,2026-07-04T15:36:33.418,auth,OK,pacs.008,FAST,357.25,USD,**************2295,SG,80
3eb13b90-4668-5257-bdd6-40fb06671ad1,2026-07-04T15:36:33.509,validation,OK,pacs.008,FAST,357.25,USD,**************2295,SG,89
3eb13b90-4668-5257-bdd6-40fb06671ad1,2026-07-04T15:36:33.620,aml,OK,pacs.008,FAST,357.25,USD,**************2295,SG,204
3eb13b90-4668-5257-bdd6-40fb06671ad1,2026-07-04T15:36:33.701,payment-hub,OK,pacs.008,FAST,357.25,USD,**************2295,SG,108
3eb13b90-4668-5257-bdd6-40fb06671ad1,2026-07-04T15:36:34.009,core-banking,OK,pacs.008,FAST,357.25,USD,**************2295,SG,204
3eb13b90-4668-5257-bdd6-40fb06671ad1,2026-07-04T15:36:34.149,settlement,SETTLED,pacs.008,FAST,357.25,USD,**************2295,SG,112
3eb13b90-4668-5257-bdd6-40fb06671ad1,2026-07-03T14:55:28.326,gateway,OK,pacs.008,FAST,2081.74,SGD,**************4697,MY,39
3eb13b90-4668-5257-bdd6-40fb06671ad1,2026-07-03T14:55:28.411,auth,OK,pacs.008,FAST,2081.74,SGD,**************4697,MY,73
3eb13b90-4668-5257-bdd6-40fb06671ad1,2026-07-03T14:55:28.482,validation,OK,pacs.008,FAST,2081.74,SGD,**************4697,MY,77
3eb13b90-4668-5257-bdd6-40fb06671ad1,2026-07-03T14:55:28.572,aml,OK,pacs.008,FAST,2081.74,SGD,**************4697,MY,247
3eb13b90-4668-5257-bdd6-40fb06671ad1,2026-07-03T14:55:28.705,payment-hub,OK,pacs.008,FAST,2081.74,SGD,**************4697,MY,70
3eb13b90-4668-5257-bdd6-40fb06671ad1,2026-07-03T14:55:28.749,core-banking,OK,pacs.008,FAST,2081.74,SGD,**************4697,MY,177
3eb13b90-4668-5257-bdd6-40fb06671ad1,2026-07-03T14:55:28.905,settlement,SETTLED,pacs.008,FAST,2081.74,SGD,**************4697,MY,260
3eb13b90-4668-5257-bdd6-40fb06671ad1,2026-07-04T01:21:41.189,gateway,OK,pacs.008,FAST,747.09,SGD,**************0983,MY,30
3eb13b90-4668-5257-bdd6-40fb06671ad1,2026-07-04T01:21:41.258,auth,OK,pacs.008,FAST,747.09,SGD,**************0983,MY,71
3eb13b90-4668-5257-bdd6-40fb06671ad1,2026-07-04T01:21:41.414,validation,OK,pacs.008,FAST,747.09,SGD,**************0983,MY,108
3eb13b90-4668-5257-bdd6-40fb06671ad1,2026-07-04T01:21:41.510,aml,OK,pacs.008,FAST,747.09,SGD,**************0983,MY,128
3eb13b90-4668-5257-bdd6-40fb06671ad1,2026-07-04T01:21:41.658,payment-hub,OK,pacs.008,FAST,747.09,SGD,**************0983,MY,128
3eb13b90-4668-5257-bdd6-40fb06671ad1,2026-07-04T01:21:41.760,core-banking,OK,pacs.008,FAST,747.09,SGD,**************0983,MY,220
3eb13b90-4668-5257-bdd6-40fb06671ad1,2026-07-04T01:21:41.875,settlement,SETTLED,pacs.008,FAST,747.09,SGD,**************0983,MY,350
3eb13b90-4668-5257-bdd6-40fb06671ad1,2026-07-05T03:23:40.122,gateway,OK,MT103,FAST,502.82,SGD,**************5834,GB,25
3eb13b90-4668-5257-bdd6-40fb06671ad1,2026-07-05T03:23:40.441,auth,OK,MT103,FAST,502.82,SGD,**************5834,GB,74
3eb13b90-4668-5257-bdd6-40fb06671ad1,2026-07-05T03:23:40.707,validation,OK,MT103,FAST,502.82,SGD,**************5834,GB,32
3eb13b90-4668-5257-bdd6-40fb06671ad1,2026-07-05T03:23:40.771,aml,OK,MT103,FAST,502.82,SGD,**************5834,GB,269
3eb13b90-4668-5257-bdd6-40fb06671ad1,2026-07-05T03:23:40.824,payment-hub,OK,MT103,FAST,502.82,SGD,**************5834,GB,143
3eb13b90-4668-5257-bdd6-40fb06671ad1,2026-07-05T03:23:40.912,core-banking,OK,MT103,FAST,502.82,SGD,**************5834,GB,222
3eb13b90-4668-5257-bdd6-40fb06671ad1,2026-07-05T03:23:41.115,settlement,SETTLED,MT103,FAST,502.82,SGD,**************5834,GB,238
3eb13b90-4668-5257-bdd6-40fb06671ad1,2026-07-15T06:45:19.255,gateway,OK,pacs.008,SWIFT,1538.23,SGD,**************5913,GB,37
3eb13b90-4668-5257-bdd6-40fb06671ad1,2026-07-15T06:45:19.331,auth,OK,pacs.008,SWIFT,1538.23,SGD,**************5913,GB,86
3eb13b90-4668-5257-bdd6-40fb06671ad1,2026-07-15T06:45:19.454,validation,OK,pacs.008,SWIFT,1538.23,SGD,**************5913,GB,37
3eb13b90-4668-5257-bdd6-40fb06671ad1,2026-07-15T06:45:19.517,aml,OK,pacs.008,SWIFT,1538.23,SGD,**************5913,GB,235
3eb13b90-4668-5257-bdd6-40fb06671ad1,2026-07-15T06:45:19.603,payment-hub,OK,pacs.008,SWIFT,1538.23,SGD,**************5913,GB,136
3eb13b90-4668-5257-bdd6-40fb06671ad1,2026-07-15T06:45:19.686,core-banking,OK,pacs.008,SWIFT,1538.23,SGD,**************5913,GB,167
3eb13b90-4668-5257-bdd6-40fb06671ad1,2026-07-15T06:45:19.975,settlement,SETTLED,pacs.008,SWIFT,1538.23,SGD,**************5913,GB,88
3eb13b90-4668-5257-bdd6-40fb06671ad1,2026-07-08T09:50:50.545,gateway,OK,MT103,FAST,125.69,SGD,**************9346,SG,24
3eb13b90-4668-5257-bdd6-40fb06671ad1,2026-07-08T09:50:50.702,auth,OK,MT103,FAST,125.69,SGD,**************9346,SG,33
3eb13b90-4668-5257-bdd6-40fb06671ad1,2026-07-08T09:50:50.756,validation,OK,MT103,FAST,125.69,SGD,**************9346,SG,46
3eb13b90-4668-5257-bdd6-40fb06671ad1,2026-07-08T09:50:50.842,aml,OK,MT103,FAST,125.69,SGD,**************9346,SG,136
3eb13b90-4668-5257-bdd6-40fb06671ad1,2026-07-08T09:50:51.086,payment-hub,OK,MT103,FAST,125.69,SGD,**************9346,SG,77
3eb13b90-4668-5257-bdd6-40fb06671ad1,2026-07-08T09:50:51.143,core-banking,OK,MT103,FAST,125.69,SGD,**************9346,SG,195
3eb13b90-4668-5257-bdd6-40fb06671ad1,2026-07-08T09:50:51.284,settlement,SETTLED,MT103,FAST,125.69,SGD,**************9346,SG,290
3eb13b90-4668-5257-bdd6-40fb06671ad1,2026-07-07T08:33:04.113,gateway,OK,pacs.008,CARDS,620.11,SGD,**************5808,SG,39
3eb13b90-4668-5257-bdd6-40fb06671ad1,2026-07-07T08:33:04.179,auth,OK,pacs.008,CARDS,620.11,SGD,**************5808,SG,48
3eb13b90-4668-5257-bdd6-40fb06671ad1,2026-07-07T08:33:04.487,validation,OK,pacs.008,CARDS,620.11,SGD,**************5808,SG,53
3eb13b90-4668-5257-bdd6-40fb06671ad1,2026-07-07T08:33:04.576,aml,OK,pacs.008,CARDS,620.11,SGD,**************5808,SG,147
3eb13b90-4668-5257-bdd6-40fb06671ad1,2026-07-07T08:33:04.712,payment-hub,OK,pacs.008,CARDS,620.11,SGD,**************5808,SG,92
3eb13b90-4668-5257-bdd6-40fb06671ad1,2026-07-07T08:33:04.832,core-banking,OK,pacs.008,CARDS,620.11,SGD,**************5808,SG,166
3eb13b90-4668-5257-bdd6-40fb06671ad1,2026-07-07T08:33:05.017,settlement,SETTLED,pacs.008,CARDS,620.11,SGD,**************5808,SG,193
3eb13b90-4668-5257-bdd6-40fb06671ad1,2026-07-06T03:49:36.393,gateway,OK,MT103,CARDS,119.15,EUR,**************2807,SG,26
3eb13b90-4668-5257-bdd6-40fb06671ad1,2026-07-06T03:49:36.475,auth,OK,MT103,CARDS,119.15,EUR,**************2807,SG,76
3eb13b90-4668-5257-bdd6-40fb06671ad1,2026-07-06T03:49:36.719,validation,OK,MT103,CARDS,119.15,EUR,**************2807,SG,62
3eb13b90-4668-5257-bdd6-40fb06671ad1,2026-07-06T03:49:36.960,aml,OK,MT103,CARDS,119.15,EUR,**************2807,SG,281
3eb13b90-4668-5257-bdd6-40fb06671ad1,2026-07-06T03:49:37.125,payment-hub,OK,MT103,CARDS,119.15,EUR,**************2807,SG,73
3eb13b90-4668-5257-bdd6-40fb06671ad1,2026-07-06T03:49:37.215,core-banking,OK,MT103,CARDS,119.15,EUR,**************2807,SG,187
3eb13b90-4668-5257-bdd6-40fb06671ad1,2026-07-06T03:49:37.262,settlement,SETTLED,MT103,CARDS,119.15,EUR,**************2807,SG,334
3eb13b90-4668-5257-bdd6-40fb06671ad1,2026-07-11T09:19:43.206,gateway,OK,pacs.008,SWIFT,1061.81,SGD,**************1736,SG,49
3eb13b90-4668-5257-bdd6-40fb06671ad1,2026-07-11T09:19:43.314,auth,OK,pacs.008,SWIFT,1061.81,SGD,**************1736,SG,69
3eb13b90-4668-5257-bdd6-40fb06671ad1,2026-07-11T09:19:43.452,validation,OK,pacs.008,SWIFT,1061.81,SGD,**************1736,SG,42
3eb13b90-4668-5257-bdd6-40fb06671ad1,2026-07-11T09:19:43.755,aml,OK,pacs.008,SWIFT,1061.81,SGD,**************1736,SG,187
3eb13b90-4668-5257-bdd6-40fb06671ad1,2026-07-11T09:19:43.853,payment-hub,OK,pacs.008,SWIFT,1061.81,SGD,**************1736,SG,79
3eb13b90-4668-5257-bdd6-40fb06671ad1,2026-07-11T09:19:43.906,core-banking,OK,pacs.008,SWIFT,1061.81,SGD,**************1736,SG,167
3eb13b90-4668-5257-bdd6-40fb06671ad1,2026-07-11T09:19:44.109,settlement,SETTLED,pacs.008,SWIFT,1061.81,SGD,**************1736,SG,191
3eb13b90-4668-5257-bdd6-40fb06671ad1,2026-07-07T14:34:30.312,gateway,OK,pacs.008,SWIFT,549.92,SGD,**************8961,SG,34
3eb13b90-4668-5257-bdd6-40fb06671ad1,2026-07-07T14:34:30.392,auth,OK,pacs.008,SWIFT,549.92,SGD,**************8961,SG,21
3eb13b90-4668-5257-bdd6-40fb06671ad1,2026-07-07T14:34:30.506,validation,OK,pacs.008,SWIFT,549.92,SGD,**************8961,SG,94
3eb13b90-4668-5257-bdd6-40fb06671ad1,2026-07-07T14:34:30.615,aml,OK,pacs.008,SWIFT,549.92,SGD,**************8961,SG,153
3eb13b90-4668-5257-bdd6-40fb06671ad1,2026-07-07T14:34:30.682,payment-hub,OK,pacs.008,SWIFT,549.92,SGD,**************8961,SG,89
3eb13b90-4668-5257-bdd6-40fb06671ad1,2026-07-07T14:34:30.772,core-banking,OK,pacs.008,SWIFT,549.92,SGD,**************8961,SG,67
3eb13b90-4668-5257-bdd6-40fb06671ad1,2026-07-07T14:34:31.023,settlement,SETTLED,pacs.008,SWIFT,549.92,SGD,**************8961,SG,307
3eb13b90-4668-5257-bdd6-40fb06671ad1,2026-07-10T16:03:49.154,gateway,OK,pacs.008,CARDS,353.03,SGD,**************1984,SG,19
3eb13b90-4668-5257-bdd6-40fb06671ad1,2026-07-10T16:03:49.228,auth,OK,pacs.008,CARDS,353.03,SGD,**************1984,SG,47
3eb13b90-4668-5257-bdd6-40fb06671ad1,2026-07-10T16:03:49.344,validation,OK,pacs.008,CARDS,353.03,SGD,**************1984,SG,75
3eb13b90-4668-5257-bdd6-40fb06671ad1,2026-07-10T16:03:49.457,aml,OK,pacs.008,CARDS,353.03,SGD,**************1984,SG,90
3eb13b90-4668-5257-bdd6-40fb06671ad1,2026-07-10T16:03:49.519,payment-hub,OK,pacs.008,CARDS,353.03,SGD,**************1984,SG,62
3eb13b90-4668-5257-bdd6-40fb06671ad1,2026-07-10T16:03:49.667,core-banking,OK,pacs.008,CARDS,353.03,SGD,**************1984,SG,177
3eb13b90-4668-5257-bdd6-40fb06671ad1,2026-07-10T16:03:49.720,settlement,SETTLED,pacs.008,CARDS,353.03,SGD,**************1984,SG,341
3eb13b90-4668-5257-bdd6-40fb06671ad1,2026-07-07T00:53:42.825,gateway,OK,pacs.008,SWIFT,851.61,SGD,**************1629,MY,23
3eb13b90-4668-5257-bdd6-40fb06671ad1,2026-07-07T00:53:42.948,auth,OK,pacs.008,SWIFT,851.61,SGD,**************1629,MY,46
3eb13b90-4668-5257-bdd6-40fb06671ad1,2026-07-07T00:53:43.172,validation,REJECTED,pacs.008,SWIFT,851.61,SGD,**************1629,MY,69
3eb13b90-4668-5257-bdd6-40fb06671ad1,2026-07-14T22:37:36.329,gateway,OK,pacs.008,FAST,6241.62,EUR,**************1711,SG,47
3eb13b90-4668-5257-bdd6-40fb06671ad1,2026-07-14T22:37:36.362,auth,OK,pacs.008,FAST,6241.62,EUR,**************1711,SG,45
3eb13b90-4668-5257-bdd6-40fb06671ad1,2026-07-14T22:37:36.458,validation,OK,pacs.008,FAST,6241.62,EUR,**************1711,SG,115
3eb13b90-4668-5257-bdd6-40fb06671ad1,2026-07-14T22:37:36.664,aml,OK,pacs.008,FAST,6241.62,EUR,**************1711,SG,191
3eb13b90-4668-5257-bdd6-40fb06671ad1,2026-07-14T22:37:36.769,payment-hub,OK,pacs.008,FAST,6241.62,EUR,**************1711,SG,80
3eb13b90-4668-5257-bdd6-40fb06671ad1,2026-07-14T22:37:36.824,core-banking,OK,pacs.008,FAST,6241.62,EUR,**************1711,SG,71
3eb13b90-4668-5257-bdd6-40fb06671ad1,2026-07-14T22:37:36.861,settlement,SETTLED,pacs.008,FAST,6241.62,EUR,**************1711,SG,290
3eb13b90-4668-5257-bdd6-40fb06671ad1,2026-07-10T13:49:52.178,gateway,OK,MT103,FAST,101.24,USD,**************0646,SG,20
3eb13b90-4668-5257-bdd6-40fb06671ad1,2026-07-10T13:49:52.288,auth,OK,MT103,FAST,101.24,USD,**************0646,SG,24
3eb13b90-4668-5257-bdd6-40fb06671ad1,2026-07-10T13:49:52.412,validation,OK,MT103,FAST,101.24,USD,**************0646,SG,100
3eb13b90-4668-5257-bdd6-40fb06671ad1,2026-07-10T13:49:52.577,aml,OK,MT103,FAST,101.24,USD,**************0646,SG,150
3eb13b90-4668-5257-bdd6-40fb06671ad1,2026-07-10T13:49:52.670,payment-hub,OK,MT103,FAST,101.24,USD,**************0646,SG,55
3eb13b90-4668-5257-bdd6-40fb06671ad1,2026-07-10T13:49:52.717,core-banking,OK,MT103,FAST,101.24,USD,**************0646,SG,183
3eb13b90-4668-5257-bdd6-40fb06671ad1,2026-07-10T13:49:52.837,settlement,SETTLED,MT103,FAST,101.24,USD,**************0646,SG,252
3eb13b90-4668-5257-bdd6-40fb06671ad1,2026-07-13T13:24:37.125,gateway,OK,pacs.008,FAST,3324.23,SGD,**************1814,SG,33
3eb13b90-4668-5257-bdd6-40fb06671ad1,2026-07-13T13:24:37.171,auth,OK,pacs.008,FAST,3324.23,SGD,**************1814,SG,80
3eb13b90-4668-5257-bdd6-40fb06671ad1,2026-07-13T13:24:37.257,validation,REJECTED,pacs.008,FAST,3324.23,SGD,**************1814,SG,43
3eb13b90-4668-5257-bdd6-40fb06671ad1,2026-07-08T00:33:45.029,gateway,OK,MT103,FAST,353.85,GBP,**************7205,SG,27
3eb13b90-4668-5257-bdd6-40fb06671ad1,2026-07-08T00:33:45.151,auth,OK,MT103,FAST,353.85,GBP,**************7205,SG,47
3eb13b90-4668-5257-bdd6-40fb06671ad1,2026-07-08T00:33:45.241,validation,REJECTED,MT103,FAST,353.85,GBP,**************7205,SG,107
3eb13b90-4668-5257-bdd6-40fb06671ad1,2026-07-02T20:53:37.448,gateway,OK,pacs.008,FAST,792.03,SGD,**************5841,IN,35
3eb13b90-4668-5257-bdd6-40fb06671ad1,2026-07-02T20:53:37.572,auth,OK,pacs.008,FAST,792.03,SGD,**************5841,IN,88
3eb13b90-4668-5257-bdd6-40fb06671ad1,2026-07-02T20:53:37.765,validation,OK,pacs.008,FAST,792.03,SGD,**************5841,IN,110
3eb13b90-4668-5257-bdd6-40fb06671ad1,2026-07-02T20:53:37.828,aml,OK,pacs.008,FAST,792.03,SGD,**************5841,IN,170
3eb13b90-4668-5257-bdd6-40fb06671ad1,2026-07-02T20:53:37.967,payment-hub,OK,pacs.008,FAST,792.03,SGD,**************5841,IN,119
3eb13b90-4668-5257-bdd6-40fb06671ad1,2026-07-02T20:53:38.286,core-banking,OK,pacs.008,FAST,792.03,SGD,**************5841,IN,196
3eb13b90-4668-5257-bdd6-40fb06671ad1,2026-07-02T20:53:38.470,settlement,SETTLED,pacs.008,FAST,792.03,SGD,**************5841,IN,144
3eb13b90-4668-5257-bdd6-40fb06671ad1,2026-07-05T01:34:41.663,gateway,OK,MT103,SWIFT,1650.11,EUR,**************8231,HK,20
3eb13b90-4668-5257-bdd6-40fb06671ad1,2026-07-05T01:34:41.730,auth,OK,MT103,SWIFT,1650.11,EUR,**************8231,HK,40
3eb13b90-4668-5257-bdd6-40fb06671ad1,2026-07-05T01:34:41.886,validation,OK,MT103,SWIFT,1650.11,EUR,**************8231,HK,61
3eb13b90-4668-5257-bdd6-40fb06671ad1,2026-07-05T01:34:42.011,aml,OK,MT103,SWIFT,1650.11,EUR,**************8231,HK,256
3eb13b90-4668-5257-bdd6-40fb06671ad1,2026-07-05T01:34:42.078,payment-hub,OK,MT103,SWIFT,1650.11,EUR,**************8231,HK,53
3eb13b90-4668-5257-bdd6-40fb06671ad1,2026-07-05T01:34:42.145,core-banking,OK,MT103,SWIFT,1650.11,EUR,**************8231,HK,181
3eb13b90-4668-5257-bdd6-40fb06671ad1,2026-07-05T01:34:42.282,settlement,SETTLED,MT103,SWIFT,1650.11,EUR,**************8231,HK,225
3eb13b90-4668-5257-bdd6-40fb06671ad1,2026-07-07T05:48:46.343,gateway,OK,MT103,SWIFT,83.55,SGD,**************4591,IN,24
3eb13b90-4668-5257-bdd6-40fb06671ad1,2026-07-07T05:48:46.445,auth,OK,MT103,SWIFT,83.55,SGD,**************4591,IN,25
3eb13b90-4668-5257-bdd6-40fb06671ad1,2026-07-07T05:48:46.513,validation,OK,MT103,SWIFT,83.55,SGD,**************4591,IN,89
3eb13b90-4668-5257-bdd6-40fb06671ad1,2026-07-07T05:48:46.701,aml,OK,MT103,SWIFT,83.55,SGD,**************4591,IN,41
3eb13b90-4668-5257-bdd6-40fb06671ad1,2026-07-07T05:48:46.767,payment-hub,OK,MT103,SWIFT,83.55,SGD,**************4591,IN,112
3eb13b90-4668-5257-bdd6-40fb06671ad1,2026-07-07T05:48:46.925,core-banking,OK,MT103,SWIFT,83.55,SGD,**************4591,IN,243
3eb13b90-4668-5257-bdd6-40fb06671ad1,2026-07-07T05:48:47.128,settlement,SETTLED,MT103,SWIFT,83.55,SGD,**************4591,IN,187
3eb13b90-4668-5257-bdd6-40fb06671ad1,2026-07-12T16:49:28.998,gateway,OK,pacs.008,FAST,479.44,SGD,**************9892,IN,58
3eb13b90-4668-5257-bdd6-40fb06671ad1,2026-07-12T16:49:29.125,auth,OK,pacs.008,FAST,479.44,SGD,**************9892,IN,83
3eb13b90-4668-5257-bdd6-40fb06671ad1,2026-07-12T16:49:29.263,validation,OK,pacs.008,FAST,479.44,SGD,**************9892,IN,47
3eb13b90-4668-5257-bdd6-40fb06671ad1,2026-07-12T16:49:29.351,aml,OK,pacs.008,FAST,479.44,SGD,**************9892,IN,283
3eb13b90-4668-5257-bdd6-40fb06671ad1,2026-07-12T16:49:29.461,payment-hub,OK,pacs.008,FAST,479.44,SGD,**************9892,IN,107
3eb13b90-4668-5257-bdd6-40fb06671ad1,2026-07-12T16:49:29.546,core-banking,OK,pacs.008,FAST,479.44,SGD,**************9892,IN,124
3eb13b90-4668-5257-bdd6-40fb06671ad1,2026-07-12T16:49:29.611,settlement,SETTLED,pacs.008,FAST,479.44,SGD,**************9892,IN,314
3eb13b90-4668-5257-bdd6-40fb06671ad1,2026-07-13T18:47:38.787,gateway,OK,MT103,FAST,153.32,SGD,**************3997,SG,30
3eb13b90-4668-5257-bdd6-40fb06671ad1,2026-07-13T18:47:38.905,auth,OK,MT103,FAST,153.32,SGD,**************3997,SG,79
3eb13b90-4668-5257-bdd6-40fb06671ad1,2026-07-13T18:47:38.981,validation,OK,MT103,FAST,153.32,SGD,**************3997,SG,120
3eb13b90-4668-5257-bdd6-40fb06671ad1,2026-07-13T18:47:39.056,aml,OK,MT103,FAST,153.32,SGD,**************3997,SG,179
3eb13b90-4668-5257-bdd6-40fb06671ad1,2026-07-13T18:47:39.123,payment-hub,OK,MT103,FAST,153.32,SGD,**************3997,SG,76
3eb13b90-4668-5257-bdd6-40fb06671ad1,2026-07-13T18:47:39.229,core-banking,OK,MT103,FAST,153.32,SGD,**************3997,SG,152
3eb13b90-4668-5257-bdd6-40fb06671ad1,2026-07-13T18:47:39.293,settlement,SETTLED,MT103,FAST,153.32,SGD,**************3997,SG,376
3eb13b90-4668-5257-bdd6-40fb06671ad1,2026-07-14T11:44:27.684,gateway,OK,MT103,FAST,771.26,USD,**************1504,MY,38
3eb13b90-4668-5257-bdd6-40fb06671ad1,2026-07-14T11:44:27.770,auth,OK,MT103,FAST,771.26,USD,**************1504,MY,57
3eb13b90-4668-5257-bdd6-40fb06671ad1,2026-07-14T11:44:27.859,validation,OK,MT103,FAST,771.26,USD,**************1504,MY,81
3eb13b90-4668-5257-bdd6-40fb06671ad1,2026-07-14T11:44:27.908,aml,OK,MT103,FAST,771.26,USD,**************1504,MY,113
3eb13b90-4668-5257-bdd6-40fb06671ad1,2026-07-14T11:44:28.026,payment-hub,OK,MT103,FAST,771.26,USD,**************1504,MY,55
3eb13b90-4668-5257-bdd6-40fb06671ad1,2026-07-14T11:44:28.206,core-banking,OK,MT103,FAST,771.26,USD,**************1504,MY,220
3eb13b90-4668-5257-bdd6-40fb06671ad1,2026-07-14T11:44:28.282,settlement,SETTLED,MT103,FAST,771.26,USD,**************1504,MY,151
3eb13b90-4668-5257-bdd6-40fb06671ad1,2026-07-03T19:07:40.494,gateway,OK,pacs.008,FAST,2550.25,MYR,**************0847,SG,45
3eb13b90-4668-5257-bdd6-40fb06671ad1,2026-07-03T19:07:40.551,auth,OK,pacs.008,FAST,2550.25,MYR,**************0847,SG,68
3eb13b90-4668-5257-bdd6-40fb06671ad1,2026-07-03T19:07:40.619,validation,OK,pacs.008,FAST,2550.25,MYR,**************0847,SG,117
3eb13b90-4668-5257-bdd6-40fb06671ad1,2026-07-03T19:07:40.929,aml,OK,pacs.008,FAST,2550.25,MYR,**************0847,SG,265
3eb13b90-4668-5257-bdd6-40fb06671ad1,2026-07-03T19:07:40.995,payment-hub,OK,pacs.008,FAST,2550.25,MYR,**************0847,SG,111
3eb13b90-4668-5257-bdd6-40fb06671ad1,2026-07-03T19:07:41.079,core-banking,OK,pacs.008,FAST,2550.25,MYR,**************0847,SG,149
3eb13b90-4668-5257-bdd6-40fb06671ad1,2026-07-03T19:07:41.146,settlement,SETTLED,pacs.008,FAST,2550.25,MYR,**************0847,SG,382
3eb13b90-4668-5257-bdd6-40fb06671ad1,2026-07-08T16:46:52.790,gateway,OK,0200,FAST,319.16,EUR,**************6081,IN,36
3eb13b90-4668-5257-bdd6-40fb06671ad1,2026-07-08T16:46:52.844,auth,OK,0200,FAST,319.16,EUR,**************6081,IN,51
3eb13b90-4668-5257-bdd6-40fb06671ad1,2026-07-08T16:46:52.934,validation,REJECTED,0200,FAST,319.16,EUR,**************6081,IN,31
3eb13b90-4668-5257-bdd6-40fb06671ad1,2026-07-01T08:51:08.830,gateway,OK,pacs.008,FAST,2311.11,SGD,**************4919,SG,29
3eb13b90-4668-5257-bdd6-40fb06671ad1,2026-07-01T08:51:08.938,auth,OK,pacs.008,FAST,2311.11,SGD,**************4919,SG,72
3eb13b90-4668-5257-bdd6-40fb06671ad1,2026-07-01T08:51:09.110,validation,OK,pacs.008,FAST,2311.11,SGD,**************4919,SG,72
3eb13b90-4668-5257-bdd6-40fb06671ad1,2026-07-01T08:51:09.149,aml,OK,pacs.008,FAST,2311.11,SGD,**************4919,SG,271
3eb13b90-4668-5257-bdd6-40fb06671ad1,2026-07-01T08:51:09.227,payment-hub,OK,pacs.008,FAST,2311.11,SGD,**************4919,SG,97
3eb13b90-4668-5257-bdd6-40fb06671ad1,2026-07-01T08:51:09.377,core-banking,OK,pacs.008,FAST,2311.11,SGD,**************4919,SG,72
3eb13b90-4668-5257-bdd6-40fb06671ad1,2026-07-01T08:51:09.479,settlement,SETTLED,pacs.008,FAST,2311.11,SGD,**************4919,SG,292
3eb13b90-4668-5257-bdd6-40fb06671ad1,2026-07-03T03:53:23.124,gateway,OK,pacs.008,CARDS,1380.8,SGD,**************8437,HK,28
3eb13b90-4668-5257-bdd6-40fb06671ad1,2026-07-03T03:53:23.251,auth,OK,pacs.008,CARDS,1380.8,SGD,**************8437,HK,66
3eb13b90-4668-5257-bdd6-40fb06671ad1,2026-07-03T03:53:23.332,validation,OK,pacs.008,CARDS,1380.8,SGD,**************8437,HK,41
3eb13b90-4668-5257-bdd6-40fb06671ad1,2026-07-03T03:53:23.414,aml,OK,pacs.008,CARDS,1380.8,SGD,**************8437,HK,89
3eb13b90-4668-5257-bdd6-40fb06671ad1,2026-07-03T03:53:23.500,payment-hub,OK,pacs.008,CARDS,1380.8,SGD,**************8437,HK,33
3eb13b90-4668-5257-bdd6-40fb06671ad1,2026-07-03T03:53:23.662,core-banking,OK,pacs.008,CARDS,1380.8,SGD,**************8437,HK,178
3eb13b90-4668-5257-bdd6-40fb06671ad1,2026-07-03T03:53:23.764,settlement,SETTLED,pacs.008,CARDS,1380.8,SGD,**************8437,HK,320
3eb13b90-4668-5257-bdd6-40fb06671ad1,2026-07-08T06:16:25.183,gateway,OK,pacs.008,FAST,619.02,MYR,**************5287,SG,44
3eb13b90-4668-5257-bdd6-40fb06671ad1,2026-07-08T06:16:25.332,auth,OK,pacs.008,FAST,619.02,MYR,**************5287,SG,75
3eb13b90-4668-5257-bdd6-40fb06671ad1,2026-07-08T06:16:25.442,validation,OK,pacs.008,FAST,619.02,MYR,**************5287,SG,44
3eb13b90-4668-5257-bdd6-40fb06671ad1,2026-07-08T06:16:25.582,aml,OK,pacs.008,FAST,619.02,MYR,**************5287,SG,88
3eb13b90-4668-5257-bdd6-40fb06671ad1,2026-07-08T06:16:25.835,payment-hub,OK,pacs.008,FAST,619.02,MYR,**************5287,SG,113
3eb13b90-4668-5257-bdd6-40fb06671ad1,2026-07-08T06:16:25.915,core-banking,OK,pacs.008,FAST,619.02,MYR,**************5287,SG,69
3eb13b90-4668-5257-bdd6-40fb06671ad1,2026-07-08T06:16:26.001,settlement,SETTLED,pacs.008,FAST,619.02,MYR,**************5287,SG,256
3eb13b90-4668-5257-bdd6-40fb06671ad1,2026-07-04T02:01:39.659,gateway,OK,pacs.008,FAST,840.09,USD,**************5557,SG,60
3eb13b90-4668-5257-bdd6-40fb06671ad1,2026-07-04T02:01:39.738,auth,OK,pacs.008,FAST,840.09,USD,**************5557,SG,49
3eb13b90-4668-5257-bdd6-40fb06671ad1,2026-07-04T02:01:39.830,validation,REJECTED,pacs.008,FAST,840.09,USD,**************5557,SG,96
3eb13b90-4668-5257-bdd6-40fb06671ad1,2026-07-14T11:32:45.992,gateway,OK,0200,SWIFT,6037.54,MYR,**************7954,HK,27
3eb13b90-4668-5257-bdd6-40fb06671ad1,2026-07-14T11:32:46.111,auth,OK,0200,SWIFT,6037.54,MYR,**************7954,HK,20
3eb13b90-4668-5257-bdd6-40fb06671ad1,2026-07-14T11:32:46.274,validation,OK,0200,SWIFT,6037.54,MYR,**************7954,HK,71
3eb13b90-4668-5257-bdd6-40fb06671ad1,2026-07-14T11:32:46.328,aml,TIMEOUT,0200,SWIFT,6037.54,MYR,**************7954,HK,30000
3eb13b90-4668-5257-bdd6-40fb06671ad1,2026-07-14T11:32:46.426,payment-hub,FAILED,0200,SWIFT,6037.54,MYR,**************7954,HK,141
3eb13b90-4668-5257-bdd6-40fb06671ad1,2026-07-01T12:58:15.122,gateway,OK,pacs.008,SWIFT,1864.49,INR,**************2980,SG,44
3eb13b90-4668-5257-bdd6-40fb06671ad1,2026-07-01T12:58:15.208,auth,OK,pacs.008,SWIFT,1864.49,INR,**************2980,SG,47
3eb13b90-4668-5257-bdd6-40fb06671ad1,2026-07-01T12:58:15.299,validation,OK,pacs.008,SWIFT,1864.49,INR,**************2980,SG,111
3eb13b90-4668-5257-bdd6-40fb06671ad1,2026-07-01T12:58:15.372,aml,OK,pacs.008,SWIFT,1864.49,INR,**************2980,SG,156
3eb13b90-4668-5257-bdd6-40fb06671ad1,2026-07-01T12:58:15.451,payment-hub,OK,pacs.008,SWIFT,1864.49,INR,**************2980,SG,66
3eb13b90-4668-5257-bdd6-40fb06671ad1,2026-07-01T12:58:15.696,core-banking,OK,pacs.008,SWIFT,1864.49,INR,**************2980,SG,173
3eb13b90-4668-5257-bdd6-40fb06671ad1,2026-07-01T12:58:15.790,settlement,SETTLED,pacs.008,SWIFT,1864.49,INR,**************2980,SG,75
3eb13b90-4668-5257-bdd6-40fb06671ad1,2026-07-13T17:56:48.359,gateway,OK,pacs.008,FAST,334.42,USD,**************6353,SG,56
3eb13b90-4668-5257-bdd6-40fb06671ad1,2026-07-13T17:56:48.579,auth,OK,pacs.008,FAST,334.42,USD,**************6353,SG,46
3eb13b90-4668-5257-bdd6-40fb06671ad1,2026-07-13T17:56:48.743,validation,OK,pacs.008,FAST,334.42,USD,**************6353,SG,66
3eb13b90-4668-5257-bdd6-40fb06671ad1,2026-07-13T17:56:48.791,aml,OK,pacs.008,FAST,334.42,USD,**************6353,SG,178
3eb13b90-4668-5257-bdd6-40fb06671ad1,2026-07-13T17:56:48.888,payment-hub,OK,pacs.008,FAST,334.42,USD,**************6353,SG,43
3eb13b90-4668-5257-bdd6-40fb06671ad1,2026-07-13T17:56:48.950,core-banking,OK,pacs.008,FAST,334.42,USD,**************6353,SG,71
3eb13b90-4668-5257-bdd6-40fb06671ad1,2026-07-13T17:56:49.002,settlement,SETTLED,pacs.008,FAST,334.42,USD,**************6353,SG,227
3eb13b90-4668-5257-bdd6-40fb06671ad1,2026-07-07T13:19:20.425,gateway,OK,pacs.008,SWIFT,757.32,USD,**************9819,US,28
3eb13b90-4668-5257-bdd6-40fb06671ad1,2026-07-07T13:19:20.546,auth,OK,pacs.008,SWIFT,757.32,USD,**************9819,US,89
3eb13b90-4668-5257-bdd6-40fb06671ad1,2026-07-07T13:19:20.720,validation,OK,pacs.008,SWIFT,757.32,USD,**************9819,US,67
3eb13b90-4668-5257-bdd6-40fb06671ad1,2026-07-07T13:19:20.979,aml,TIMEOUT,pacs.008,SWIFT,757.32,USD,**************9819,US,30000
3eb13b90-4668-5257-bdd6-40fb06671ad1,2026-07-07T13:19:21.093,payment-hub,FAILED,pacs.008,SWIFT,757.32,USD,**************9819,US,83
3eb13b90-4668-5257-bdd6-40fb06671ad1,2026-07-12T06:40:43.313,gateway,OK,pacs.008,FAST,2647.49,SGD,**************7034,SG,23
3eb13b90-4668-5257-bdd6-40fb06671ad1,2026-07-12T06:40:43.394,auth,OK,pacs.008,FAST,2647.49,SGD,**************7034,SG,52
3eb13b90-4668-5257-bdd6-40fb06671ad1,2026-07-12T06:40:43.574,validation,OK,pacs.008,FAST,2647.49,SGD,**************7034,SG,35
3eb13b90-4668-5257-bdd6-40fb06671ad1,2026-07-12T06:40:43.709,aml,OK,pacs.008,FAST,2647.49,SGD,**************7034,SG,239
3eb13b90-4668-5257-bdd6-40fb06671ad1,2026-07-12T06:40:43.814,payment-hub,OK,pacs.008,FAST,2647.49,SGD,**************7034,SG,147
3eb13b90-4668-5257-bdd6-40fb06671ad1,2026-07-12T06:40:44.017,core-banking,OK,pacs.008,FAST,2647.49,SGD,**************7034,SG,55
3eb13b90-4668-5257-bdd6-40fb06671ad1,2026-07-12T06:40:44.139,settlement,SETTLED,pacs.008,FAST,2647.49,SGD,**************7034,SG,256
3eb13b90-4668-5257-bdd6-40fb06671ad1,2026-07-05T08:54:24.469,gateway,OK,MT103,FAST,2140.27,SGD,**************1982,HK,59
3eb13b90-4668-5257-bdd6-40fb06671ad1,2026-07-05T08:54:24.570,auth,OK,MT103,FAST,2140.27,SGD,**************1982,HK,86
3eb13b90-4668-5257-bdd6-40fb06671ad1,2026-07-05T08:54:24.645,validation,OK,MT103,FAST,2140.27,SGD,**************1982,HK,93
3eb13b90-4668-5257-bdd6-40fb06671ad1,2026-07-05T08:54:24.728,aml,OK,MT103,FAST,2140.27,SGD,**************1982,HK,149
3eb13b90-4668-5257-bdd6-40fb06671ad1,2026-07-05T08:54:24.821,payment-hub,OK,MT103,FAST,2140.27,SGD,**************1982,HK,131
3eb13b90-4668-5257-bdd6-40fb06671ad1,2026-07-05T08:54:24.868,core-banking,OK,MT103,FAST,2140.27,SGD,**************1982,HK,107
3eb13b90-4668-5257-bdd6-40fb06671ad1,2026-07-05T08:54:24.937,settlement,SETTLED,MT103,FAST,2140.27,SGD,**************1982,HK,213
3eb13b90-4668-5257-bdd6-40fb06671ad1,2026-07-11T23:11:55.427,gateway,OK,pacs.008,FAST,443.65,USD,**************1177,SG,34
3eb13b90-4668-5257-bdd6-40fb06671ad1,2026-07-11T23:11:55.534,auth,OK,pacs.008,FAST,443.65,USD,**************1177,SG,30
3eb13b90-4668-5257-bdd6-40fb06671ad1,2026-07-11T23:11:55.598,validation,OK,pacs.008,FAST,443.65,USD,**************1177,SG,49
3eb13b90-4668-5257-bdd6-40fb06671ad1,2026-07-11T23:11:55.701,aml,OK,pacs.008,FAST,443.65,USD,**************1177,SG,195
3eb13b90-4668-5257-bdd6-40fb06671ad1,2026-07-11T23:11:55.787,payment-hub,OK,pacs.008,FAST,443.65,USD,**************1177,SG,90
3eb13b90-4668-5257-bdd6-40fb06671ad1,2026-07-11T23:11:55.952,core-banking,OK,pacs.008,FAST,443.65,USD,**************1177,SG,199
3eb13b90-4668-5257-bdd6-40fb06671ad1,2026-07-11T23:11:56.056,settlement,SETTLED,pacs.008,FAST,443.65,USD,**************1177,SG,99
3eb13b90-4668-5257-bdd6-40fb06671ad1,2026-07-05T12:11:25.219,gateway,OK,pacs.008,SWIFT,318.13,SGD,**************3395,SG,49
3eb13b90-4668-5257-bdd6-40fb06671ad1,2026-07-05T12:11:25.299,auth,OK,pacs.008,SWIFT,318.13,SGD,**************3395,SG,52
3eb13b90-4668-5257-bdd6-40fb06671ad1,2026-07-05T12:11:25.355,validation,OK,pacs.008,SWIFT,318.13,SGD,**************3395,SG,113
3eb13b90-4668-5257-bdd6-40fb06671ad1,2026-07-05T12:11:25.424,aml,OK,pacs.008,SWIFT,318.13,SGD,**************3395,SG,182
3eb13b90-4668-5257-bdd6-40fb06671ad1,2026-07-05T12:11:25.479,payment-hub,OK,pacs.008,SWIFT,318.13,SGD,**************3395,SG,144
3eb13b90-4668-5257-bdd6-40fb06671ad1,2026-07-05T12:11:25.587,core-banking,OK,pacs.008,SWIFT,318.13,SGD,**************3395,SG,165
3eb13b90-4668-5257-bdd6-40fb06671ad1,2026-07-05T12:11:25.866,settlement,SETTLED,pacs.008,SWIFT,318.13,SGD,**************3395,SG,93
3eb13b90-4668-5257-bdd6-40fb06671ad1,2026-07-08T09:19:29.083,gateway,OK,MT103,SWIFT,560.65,EUR,**************1308,SG,21
3eb13b90-4668-5257-bdd6-40fb06671ad1,2026-07-08T09:19:29.116,auth,OK,MT103,SWIFT,560.65,EUR,**************1308,SG,52
3eb13b90-4668-5257-bdd6-40fb06671ad1,2026-07-08T09:19:29.327,validation,OK,MT103,SWIFT,560.65,EUR,**************1308,SG,99
3eb13b90-4668-5257-bdd6-40fb06671ad1,2026-07-08T09:19:29.453,aml,OK,MT103,SWIFT,560.65,EUR,**************1308,SG,300
3eb13b90-4668-5257-bdd6-40fb06671ad1,2026-07-08T09:19:29.521,payment-hub,OK,MT103,SWIFT,560.65,EUR,**************1308,SG,114
3eb13b90-4668-5257-bdd6-40fb06671ad1,2026-07-08T09:19:29.748,core-banking,OK,MT103,SWIFT,560.65,EUR,**************1308,SG,78
3eb13b90-4668-5257-bdd6-40fb06671ad1,2026-07-08T09:19:30.001,settlement,SETTLED,MT103,SWIFT,560.65,EUR,**************1308,SG,311
3eb13b90-4668-5257-bdd6-40fb06671ad1,2026-07-05T17:47:04.998,gateway,OK,MT103,FAST,1800.49,SGD,**************0032,MY,18
3eb13b90-4668-5257-bdd6-40fb06671ad1,2026-07-05T17:47:05.076,auth,OK,MT103,FAST,1800.49,SGD,**************0032,MY,38
3eb13b90-4668-5257-bdd6-40fb06671ad1,2026-07-05T17:47:05.128,validation,OK,MT103,FAST,1800.49,SGD,**************0032,MY,46
3eb13b90-4668-5257-bdd6-40fb06671ad1,2026-07-05T17:47:05.214,aml,OK,MT103,FAST,1800.49,SGD,**************0032,MY,119
3eb13b90-4668-5257-bdd6-40fb06671ad1,2026-07-05T17:47:05.333,payment-hub,OK,MT103,FAST,1800.49,SGD,**************0032,MY,87
3eb13b90-4668-5257-bdd6-40fb06671ad1,2026-07-05T17:47:05.389,core-banking,OK,MT103,FAST,1800.49,SGD,**************0032,MY,174
3eb13b90-4668-5257-bdd6-40fb06671ad1,2026-07-05T17:47:05.456,settlement,SETTLED,MT103,FAST,1800.49,SGD,**************0032,MY,108
3eb13b90-4668-5257-bdd6-40fb06671ad1,2026-07-09T00:47:17.976,gateway,OK,pacs.008,FAST,2115.14,SGD,**************8706,SG,58
3eb13b90-4668-5257-bdd6-40fb06671ad1,2026-07-09T00:47:18.099,auth,OK,pacs.008,FAST,2115.14,SGD,**************8706,SG,69
3eb13b90-4668-5257-bdd6-40fb06671ad1,2026-07-09T00:47:18.347,validation,OK,pacs.008,FAST,2115.14,SGD,**************8706,SG,94
3eb13b90-4668-5257-bdd6-40fb06671ad1,2026-07-09T00:47:18.666,aml,OK,pacs.008,FAST,2115.14,SGD,**************8706,SG,173
3eb13b90-4668-5257-bdd6-40fb06671ad1,2026-07-09T00:47:18.801,payment-hub,OK,pacs.008,FAST,2115.14,SGD,**************8706,SG,87
3eb13b90-4668-5257-bdd6-40fb06671ad1,2026-07-09T00:47:18.979,core-banking,OK,pacs.008,FAST,2115.14,SGD,**************8706,SG,117
3eb13b90-4668-5257-bdd6-40fb06671ad1,2026-07-09T00:47:19.072,settlement,SETTLED,pacs.008,FAST,2115.14,SGD,**************8706,SG,187
3eb13b90-4668-5257-bdd6-40fb06671ad1,2026-07-12T19:48:31.783,gateway,OK,MT103,SWIFT,110.75,EUR,**************9497,GB,16
3eb13b90-4668-5257-bdd6-40fb06671ad1,2026-07-12T19:48:31.842,auth,OK,MT103,SWIFT,110.75,EUR,**************9497,GB,63
3eb13b90-4668-5257-bdd6-40fb06671ad1,2026-07-12T19:48:31.913,validation,OK,MT103,SWIFT,110.75,EUR,**************9497,GB,76
3eb13b90-4668-5257-bdd6-40fb06671ad1,2026-07-12T19:48:32.060,aml,OK,MT103,SWIFT,110.75,EUR,**************9497,GB,84
3eb13b90-4668-5257-bdd6-40fb06671ad1,2026-07-12T19:48:32.238,payment-hub,OK,MT103,SWIFT,110.75,EUR,**************9497,GB,72
3eb13b90-4668-5257-bdd6-40fb06671ad1,2026-07-12T19:48:32.367,core-banking,OK,MT103,SWIFT,110.75,EUR,**************9497,GB,200
3eb13b90-4668-5257-bdd6-40fb06671ad1,2026-07-12T19:48:32.456,settlement,SETTLED,MT103,SWIFT,110.75,EUR,**************9497,GB,399
3eb13b90-4668-5257-bdd6-40fb06671ad1,2026-07-05T14:16:57.997,gateway,OK,pacs.008,CARDS,729.69,SGD,**************3210,SG,46
3eb13b90-4668-5257-bdd6-40fb06671ad1,2026-07-05T14:16:58.134,auth,OK,pacs.008,CARDS,729.69,SGD,**************3210,SG,68
3eb13b90-4668-5257-bdd6-40fb06671ad1,2026-07-05T14:16:58.210,validation,OK,pacs.008,CARDS,729.69,SGD,**************3210,SG,42
3eb13b90-4668-5257-bdd6-40fb06671ad1,2026-07-05T14:16:58.283,aml,OK,pacs.008,CARDS,729.69,SGD,**************3210,SG,190
3eb13b90-4668-5257-bdd6-40fb06671ad1,2026-07-05T14:16:58.415,payment-hub,OK,pacs.008,CARDS,729.69,SGD,**************3210,SG,91
3eb13b90-4668-5257-bdd6-40fb06671ad1,2026-07-05T14:16:58.495,core-banking,OK,pacs.008,CARDS,729.69,SGD,**************3210,SG,136
3eb13b90-4668-5257-bdd6-40fb06671ad1,2026-07-05T14:16:58.716,settlement,SETTLED,pacs.008,CARDS,729.69,SGD,**************3210,SG,231
3eb13b90-4668-5257-bdd6-40fb06671ad1,2026-07-13T12:16:32.747,gateway,OK,pacs.008,FAST,380.23,USD,**************6395,IN,41
3eb13b90-4668-5257-bdd6-40fb06671ad1,2026-07-13T12:16:32.808,auth,OK,pacs.008,FAST,380.23,USD,**************6395,IN,83
3eb13b90-4668-5257-bdd6-40fb06671ad1,2026-07-13T12:16:32.931,validation,OK,pacs.008,FAST,380.23,USD,**************6395,IN,38
3eb13b90-4668-5257-bdd6-40fb06671ad1,2026-07-13T12:16:33.203,aml,OK,pacs.008,FAST,380.23,USD,**************6395,IN,225
3eb13b90-4668-5257-bdd6-40fb06671ad1,2026-07-13T12:16:33.421,payment-hub,OK,pacs.008,FAST,380.23,USD,**************6395,IN,102
3eb13b90-4668-5257-bdd6-40fb06671ad1,2026-07-13T12:16:33.627,core-banking,OK,pacs.008,FAST,380.23,USD,**************6395,IN,196
3eb13b90-4668-5257-bdd6-40fb06671ad1,2026-07-13T12:16:33.665,settlement,SETTLED,pacs.008,FAST,380.23,USD,**************6395,IN,88
3eb13b90-4668-5257-bdd6-40fb06671ad1,2026-07-04T00:10:05.974,gateway,OK,pacs.008,FAST,443.59,INR,**************3254,SG,34
3eb13b90-4668-5257-bdd6-40fb06671ad1,2026-07-04T00:10:06.054,auth,OK,pacs.008,FAST,443.59,INR,**************3254,SG,56
3eb13b90-4668-5257-bdd6-40fb06671ad1,2026-07-04T00:10:06.123,validation,OK,pacs.008,FAST,443.59,INR,**************3254,SG,66
3eb13b90-4668-5257-bdd6-40fb06671ad1,2026-07-04T00:10:06.211,aml,OK,pacs.008,FAST,443.59,INR,**************3254,SG,91
3eb13b90-4668-5257-bdd6-40fb06671ad1,2026-07-04T00:10:06.350,payment-hub,OK,pacs.008,FAST,443.59,INR,**************3254,SG,60
3eb13b90-4668-5257-bdd6-40fb06671ad1,2026-07-04T00:10:06.399,core-banking,OK,pacs.008,FAST,443.59,INR,**************3254,SG,178
3eb13b90-4668-5257-bdd6-40fb06671ad1,2026-07-04T00:10:06.474,settlement,SETTLED,pacs.008,FAST,443.59,INR,**************3254,SG,296
3eb13b90-4668-5257-bdd6-40fb06671ad1,2026-07-03T01:31:38.650,gateway,OK,0200,FAST,322.62,USD,**************7946,SG,16
3eb13b90-4668-5257-bdd6-40fb06671ad1,2026-07-03T01:31:38.685,auth,OK,0200,FAST,322.62,USD,**************7946,SG,20
3eb13b90-4668-5257-bdd6-40fb06671ad1,2026-07-03T01:32:08.692,validation,OK,0200,FAST,322.62,USD,**************7946,SG,67
3eb13b90-4668-5257-bdd6-40fb06671ad1,2026-07-03T01:32:08.779,aml,OK,0200,FAST,322.62,USD,**************7946,SG,76
3eb13b90-4668-5257-bdd6-40fb06671ad1,2026-07-03T01:32:08.823,payment-hub,OK,0200,FAST,322.62,USD,**************7946,SG,101
3eb13b90-4668-5257-bdd6-40fb06671ad1,2026-07-03T01:32:08.873,core-banking,OK,0200,FAST,322.62,USD,**************7946,SG,205
3eb13b90-4668-5257-bdd6-40fb06671ad1,2026-07-03T01:32:09.134,settlement,SETTLED,0200,FAST,322.62,USD,**************7946,SG,377
3eb13b90-4668-5257-bdd6-40fb06671ad1,2026-07-06T00:21:30.615,gateway,OK,pacs.008,CARDS,2666.72,SGD,**************4498,SG,50
3eb13b90-4668-5257-bdd6-40fb06671ad1,2026-07-06T00:21:30.715,auth,OK,pacs.008,CARDS,2666.72,SGD,**************4498,SG,35
3eb13b90-4668-5257-bdd6-40fb06671ad1,2026-07-06T00:21:30.988,validation,OK,pacs.008,CARDS,2666.72,SGD,**************4498,SG,118
3eb13b90-4668-5257-bdd6-40fb06671ad1,2026-07-06T00:21:31.065,aml,OK,pacs.008,CARDS,2666.72,SGD,**************4498,SG,263
3eb13b90-4668-5257-bdd6-40fb06671ad1,2026-07-06T00:21:31.134,payment-hub,OK,pacs.008,CARDS,2666.72,SGD,**************4498,SG,84
3eb13b90-4668-5257-bdd6-40fb06671ad1,2026-07-06T00:21:31.192,core-banking,OK,pacs.008,CARDS,2666.72,SGD,**************4498,SG,106
3eb13b90-4668-5257-bdd6-40fb06671ad1,2026-07-06T00:21:31.344,settlement,SETTLED,pacs.008,CARDS,2666.72,SGD,**************4498,SG,110
3eb13b90-4668-5257-bdd6-40fb06671ad1,2026-07-02T21:31:19.948,gateway,OK,MT103,FAST,300.84,USD,**************7105,IN,46
3eb13b90-4668-5257-bdd6-40fb06671ad1,2026-07-02T21:31:20.031,auth,OK,MT103,FAST,300.84,USD,**************7105,IN,78
3eb13b90-4668-5257-bdd6-40fb06671ad1,2026-07-02T21:31:20.102,validation,OK,MT103,FAST,300.84,USD,**************7105,IN,51
3eb13b90-4668-5257-bdd6-40fb06671ad1,2026-07-02T21:31:20.155,aml,OK,MT103,FAST,300.84,USD,**************7105,IN,264
3eb13b90-4668-5257-bdd6-40fb06671ad1,2026-07-02T21:31:20.331,payment-hub,OK,MT103,FAST,300.84,USD,**************7105,IN,103
3eb13b90-4668-5257-bdd6-40fb06671ad1,2026-07-02T21:31:20.402,core-banking,OK,MT103,FAST,300.84,USD,**************7105,IN,75
3eb13b90-4668-5257-bdd6-40fb06671ad1,2026-07-02T21:31:20.500,settlement,SETTLED,MT103,FAST,300.84,USD,**************7105,IN,105
3eb13b90-4668-5257-bdd6-40fb06671ad1,2026-07-10T09:43:25.713,gateway,OK,MT103,FAST,1640.55,SGD,**************4326,US,45
3eb13b90-4668-5257-bdd6-40fb06671ad1,2026-07-10T09:43:26.022,auth,OK,MT103,FAST,1640.55,SGD,**************4326,US,44
3eb13b90-4668-5257-bdd6-40fb06671ad1,2026-07-10T09:43:26.167,validation,OK,MT103,FAST,1640.55,SGD,**************4326,US,81
3eb13b90-4668-5257-bdd6-40fb06671ad1,2026-07-10T09:43:26.432,aml,OK,MT103,FAST,1640.55,SGD,**************4326,US,233
3eb13b90-4668-5257-bdd6-40fb06671ad1,2026-07-10T09:43:26.551,payment-hub,OK,MT103,FAST,1640.55,SGD,**************4326,US,137
3eb13b90-4668-5257-bdd6-40fb06671ad1,2026-07-10T09:43:26.618,core-banking,OK,MT103,FAST,1640.55,SGD,**************4326,US,110
3eb13b90-4668-5257-bdd6-40fb06671ad1,2026-07-10T09:43:26.696,settlement,SETTLED,MT103,FAST,1640.55,SGD,**************4326,US,177
3eb13b90-4668-5257-bdd6-40fb06671ad1,2026-07-09T11:13:36.139,gateway,OK,pacs.008,FAST,172.76,SGD,**************7377,GB,49
3eb13b90-4668-5257-bdd6-40fb06671ad1,2026-07-09T11:13:36.186,auth,OK,pacs.008,FAST,172.76,SGD,**************7377,GB,90
3eb13b90-4668-5257-bdd6-40fb06671ad1,2026-07-09T11:13:36.266,validation,OK,pacs.008,FAST,172.76,SGD,**************7377,GB,55
3eb13b90-4668-5257-bdd6-40fb06671ad1,2026-07-09T11:13:36.359,aml,OK,pacs.008,FAST,172.76,SGD,**************7377,GB,89
3eb13b90-4668-5257-bdd6-40fb06671ad1,2026-07-09T11:13:36.453,payment-hub,OK,pacs.008,FAST,172.76,SGD,**************7377,GB,148
3eb13b90-4668-5257-bdd6-40fb06671ad1,2026-07-09T11:13:36.540,core-banking,OK,pacs.008,FAST,172.76,SGD,**************7377,GB,177
3eb13b90-4668-5257-bdd6-40fb06671ad1,2026-07-09T11:13:36.654,settlement,SETTLED,pacs.008,FAST,172.76,SGD,**************7377,GB,374
3eb13b90-4668-5257-bdd6-40fb06671ad1,2026-07-02T17:39:18.939,gateway,OK,MT103,FAST,383.94,INR,**************1951,MY,29
3eb13b90-4668-5257-bdd6-40fb06671ad1,2026-07-02T17:39:19.081,auth,OK,MT103,FAST,383.94,INR,**************1951,MY,71
3eb13b90-4668-5257-bdd6-40fb06671ad1,2026-07-02T17:39:19.232,validation,OK,MT103,FAST,383.94,INR,**************1951,MY,30
3eb13b90-4668-5257-bdd6-40fb06671ad1,2026-07-02T17:39:19.495,aml,OK,MT103,FAST,383.94,INR,**************1951,MY,167
3eb13b90-4668-5257-bdd6-40fb06671ad1,2026-07-02T17:39:19.681,payment-hub,OK,MT103,FAST,383.94,INR,**************1951,MY,116
3eb13b90-4668-5257-bdd6-40fb06671ad1,2026-07-02T17:39:19.789,core-banking,OK,MT103,FAST,383.94,INR,**************1951,MY,206
3eb13b90-4668-5257-bdd6-40fb06671ad1,2026-07-02T17:39:19.912,settlement,SETTLED,MT103,FAST,383.94,INR,**************1951,MY,160
3eb13b90-4668-5257-bdd6-40fb06671ad1,2026-07-04T02:14:07.519,gateway,OK,pacs.008,SWIFT,405.57,USD,**************2002,MY,24
3eb13b90-4668-5257-bdd6-40fb06671ad1,2026-07-04T02:14:07.579,auth,OK,pacs.008,SWIFT,405.57,USD,**************2002,MY,53
3eb13b90-4668-5257-bdd6-40fb06671ad1,2026-07-04T02:14:07.675,validation,OK,pacs.008,SWIFT,405.57,USD,**************2002,MY,105
3eb13b90-4668-5257-bdd6-40fb06671ad1,2026-07-04T02:14:07.878,aml,OK,pacs.008,SWIFT,405.57,USD,**************2002,MY,53
3eb13b90-4668-5257-bdd6-40fb06671ad1,2026-07-04T02:14:08.084,payment-hub,OK,pacs.008,SWIFT,405.57,USD,**************2002,MY,140
3eb13b90-4668-5257-bdd6-40fb06671ad1,2026-07-04T02:14:08.180,core-banking,OK,pacs.008,SWIFT,405.57,USD,**************2002,MY,68
3eb13b90-4668-5257-bdd6-40fb06671ad1,2026-07-04T02:14:08.238,settlement,SETTLED,pacs.008,SWIFT,405.57,USD,**************2002,MY,219
3eb13b90-4668-5257-bdd6-40fb06671ad1,2026-07-06T06:31:28.952,gateway,OK,MT103,FAST,288.59,USD,**************7833,SG,53
3eb13b90-4668-5257-bdd6-40fb06671ad1,2026-07-06T06:31:29.022,auth,OK,MT103,FAST,288.59,USD,**************7833,SG,68
3eb13b90-4668-5257-bdd6-40fb06671ad1,2026-07-06T06:31:29.114,validation,OK,MT103,FAST,288.59,USD,**************7833,SG,33
3eb13b90-4668-5257-bdd6-40fb06671ad1,2026-07-06T06:31:29.182,aml,OK,MT103,FAST,288.59,USD,**************7833,SG,149
3eb13b90-4668-5257-bdd6-40fb06671ad1,2026-07-06T06:31:29.342,payment-hub,OK,MT103,FAST,288.59,USD,**************7833,SG,62
3eb13b90-4668-5257-bdd6-40fb06671ad1,2026-07-06T06:31:29.397,core-banking,OK,MT103,FAST,288.59,USD,**************7833,SG,207
3eb13b90-4668-5257-bdd6-40fb06671ad1,2026-07-06T06:31:29.476,settlement,SETTLED,MT103,FAST,288.59,USD,**************7833,SG,388
3eb13b90-4668-5257-bdd6-40fb06671ad1,2026-07-06T09:05:17.967,gateway,OK,MT103,CARDS,347.79,SGD,**************9985,IN,50
3eb13b90-4668-5257-bdd6-40fb06671ad1,2026-07-06T09:05:18.058,auth,OK,MT103,CARDS,347.79,SGD,**************9985,IN,26
3eb13b90-4668-5257-bdd6-40fb06671ad1,2026-07-06T09:05:18.225,validation,REJECTED,MT103,CARDS,347.79,SGD,**************9985,IN,35
3eb13b90-4668-5257-bdd6-40fb06671ad1,2026-07-08T03:22:56.497,gateway,OK,MT103,FAST,2386.38,SGD,**************5373,SG,34
3eb13b90-4668-5257-bdd6-40fb06671ad1,2026-07-08T03:22:56.560,auth,OK,MT103,FAST,2386.38,SGD,**************5373,SG,46
3eb13b90-4668-5257-bdd6-40fb06671ad1,2026-07-08T03:22:56.778,validation,OK,MT103,FAST,2386.38,SGD,**************5373,SG,33
3eb13b90-4668-5257-bdd6-40fb06671ad1,2026-07-08T03:22:56.892,aml,TIMEOUT,MT103,FAST,2386.38,SGD,**************5373,SG,30000
3eb13b90-4668-5257-bdd6-40fb06671ad1,2026-07-08T03:22:56.974,payment-hub,FAILED,MT103,FAST,2386.38,SGD,**************5373,SG,149
3eb13b90-4668-5257-bdd6-40fb06671ad1,2026-07-04T07:25:40.174,gateway,OK,MT103,FAST,220.84,SGD,**************4615,SG,38
3eb13b90-4668-5257-bdd6-40fb06671ad1,2026-07-04T07:25:40.458,auth,OK,MT103,FAST,220.84,SGD,**************4615,SG,37
3eb13b90-4668-5257-bdd6-40fb06671ad1,2026-07-04T07:25:40.713,validation,OK,MT103,FAST,220.84,SGD,**************4615,SG,72
3eb13b90-4668-5257-bdd6-40fb06671ad1,2026-07-04T07:25:40.916,aml,OK,MT103,FAST,220.84,SGD,**************4615,SG,46
3eb13b90-4668-5257-bdd6-40fb06671ad1,2026-07-04T07:25:41.040,payment-hub,OK,MT103,FAST,220.84,SGD,**************4615,SG,116
3eb13b90-4668-5257-bdd6-40fb06671ad1,2026-07-04T07:26:11.059,core-banking,OK,MT103,FAST,220.84,SGD,**************4615,SG,169
3eb13b90-4668-5257-bdd6-40fb06671ad1,2026-07-04T07:26:11.307,settlement,SETTLED,MT103,FAST,220.84,SGD,**************4615,SG,363
3eb13b90-4668-5257-bdd6-40fb06671ad1,2026-07-08T05:12:43.200,gateway,OK,pacs.008,FAST,1173.34,USD,**************9101,US,52
3eb13b90-4668-5257-bdd6-40fb06671ad1,2026-07-08T05:12:43.295,auth,OK,pacs.008,FAST,1173.34,USD,**************9101,US,34
3eb13b90-4668-5257-bdd6-40fb06671ad1,2026-07-08T05:12:43.386,validation,OK,pacs.008,FAST,1173.34,USD,**************9101,US,94
3eb13b90-4668-5257-bdd6-40fb06671ad1,2026-07-08T05:12:43.425,aml,OK,pacs.008,FAST,1173.34,USD,**************9101,US,131
3eb13b90-4668-5257-bdd6-40fb06671ad1,2026-07-08T05:12:43.612,payment-hub,OK,pacs.008,FAST,1173.34,USD,**************9101,US,114
3eb13b90-4668-5257-bdd6-40fb06671ad1,2026-07-08T05:12:43.766,core-banking,OK,pacs.008,FAST,1173.34,USD,**************9101,US,133
3eb13b90-4668-5257-bdd6-40fb06671ad1,2026-07-08T05:12:43.856,settlement,SETTLED,pacs.008,FAST,1173.34,USD,**************9101,US,66
3eb13b90-4668-5257-bdd6-40fb06671ad1,2026-07-05T05:07:12.547,gateway,OK,MT103,FAST,162.69,EUR,**************5136,SG,42
3eb13b90-4668-5257-bdd6-40fb06671ad1,2026-07-05T05:07:12.646,auth,OK,MT103,FAST,162.69,EUR,**************5136,SG,21
3eb13b90-4668-5257-bdd6-40fb06671ad1,2026-07-05T05:07:12.831,validation,OK,MT103,FAST,162.69,EUR,**************5136,SG,49
3eb13b90-4668-5257-bdd6-40fb06671ad1,2026-07-05T05:07:13.081,aml,OK,MT103,FAST,162.69,EUR,**************5136,SG,258
3eb13b90-4668-5257-bdd6-40fb06671ad1,2026-07-05T05:07:13.160,payment-hub,OK,MT103,FAST,162.69,EUR,**************5136,SG,71
3eb13b90-4668-5257-bdd6-40fb06671ad1,2026-07-05T05:07:13.244,core-banking,OK,MT103,FAST,162.69,EUR,**************5136,SG,80
3eb13b90-4668-5257-bdd6-40fb06671ad1,2026-07-05T05:07:13.348,settlement,SETTLED,MT103,FAST,162.69,EUR,**************5136,SG,205
3eb13b90-4668-5257-bdd6-40fb06671ad1,2026-07-09T01:54:26.217,gateway,OK,MT103,FAST,1543.03,USD,**************7645,SG,47
3eb13b90-4668-5257-bdd6-40fb06671ad1,2026-07-09T01:54:26.358,auth,OK,MT103,FAST,1543.03,USD,**************7645,SG,24
3eb13b90-4668-5257-bdd6-40fb06671ad1,2026-07-09T01:54:26.410,validation,OK,MT103,FAST,1543.03,USD,**************7645,SG,98
3eb13b90-4668-5257-bdd6-40fb06671ad1,2026-07-09T01:54:26.506,aml,OK,MT103,FAST,1543.03,USD,**************7645,SG,67
3eb13b90-4668-5257-bdd6-40fb06671ad1,2026-07-09T01:54:26.686,payment-hub,OK,MT103,FAST,1543.03,USD,**************7645,SG,66
3eb13b90-4668-5257-bdd6-40fb06671ad1,2026-07-09T01:54:26.771,core-banking,OK,MT103,FAST,1543.03,USD,**************7645,SG,77
3eb13b90-4668-5257-bdd6-40fb06671ad1,2026-07-09T01:54:26.864,settlement,SETTLED,MT103,FAST,1543.03,USD,**************7645,SG,94
3eb13b90-4668-5257-bdd6-40fb06671ad1,2026-07-14T02:44:24.547,gateway,OK,pacs.008,FAST,680.52,SGD,**************6083,IN,48
3eb13b90-4668-5257-bdd6-40fb06671ad1,2026-07-14T02:44:24.616,auth,OK,pacs.008,FAST,680.52,SGD,**************6083,IN,60
3eb13b90-4668-5257-bdd6-40fb06671ad1,2026-07-14T02:44:24.673,validation,OK,pacs.008,FAST,680.52,SGD,**************6083,IN,67
3eb13b90-4668-5257-bdd6-40fb06671ad1,2026-07-14T02:44:24.784,aml,OK,pacs.008,FAST,680.52,SGD,**************6083,IN,175
3eb13b90-4668-5257-bdd6-40fb06671ad1,2026-07-14T02:44:24.882,payment-hub,OK,pacs.008,FAST,680.52,SGD,**************6083,IN,56
3eb13b90-4668-5257-bdd6-40fb06671ad1,2026-07-14T02:44:25.070,core-banking,OK,pacs.008,FAST,680.52,SGD,**************6083,IN,230
3eb13b90-4668-5257-bdd6-40fb06671ad1,2026-07-14T02:44:55.109,settlement,SETTLED,pacs.008,FAST,680.52,SGD,**************6083,IN,248
3eb13b90-4668-5257-bdd6-40fb06671ad1,2026-07-04T01:17:32.025,gateway,OK,pacs.008,FAST,405.29,USD,**************6050,SG,17
3eb13b90-4668-5257-bdd6-40fb06671ad1,2026-07-04T01:17:32.314,auth,OK,pacs.008,FAST,405.29,USD,**************6050,SG,33
3eb13b90-4668-5257-bdd6-40fb06671ad1,2026-07-04T01:17:32.418,validation,OK,pacs.008,FAST,405.29,USD,**************6050,SG,52
3eb13b90-4668-5257-bdd6-40fb06671ad1,2026-07-04T01:17:32.553,aml,OK,pacs.008,FAST,405.29,USD,**************6050,SG,70
3eb13b90-4668-5257-bdd6-40fb06671ad1,2026-07-04T01:17:32.651,payment-hub,OK,pacs.008,FAST,405.29,USD,**************6050,SG,131
3eb13b90-4668-5257-bdd6-40fb06671ad1,2026-07-04T01:17:32.714,core-banking,OK,pacs.008,FAST,405.29,USD,**************6050,SG,73
3eb13b90-4668-5257-bdd6-40fb06671ad1,2026-07-04T01:17:32.770,settlement,SETTLED,pacs.008,FAST,405.29,USD,**************6050,SG,351
3eb13b90-4668-5257-bdd6-40fb06671ad1,2026-07-04T21:30:00.580,gateway,OK,pacs.008,SWIFT,7212.46,SGD,**************2564,MY,18
3eb13b90-4668-5257-bdd6-40fb06671ad1,2026-07-04T21:30:00.618,auth,OK,pacs.008,SWIFT,7212.46,SGD,**************2564,MY,60
3eb13b90-4668-5257-bdd6-40fb06671ad1,2026-07-04T21:30:00.709,validation,OK,pacs.008,SWIFT,7212.46,SGD,**************2564,MY,101
3eb13b90-4668-5257-bdd6-40fb06671ad1,2026-07-04T21:30:00.783,aml,TIMEOUT,pacs.008,SWIFT,7212.46,SGD,**************2564,MY,30000
3eb13b90-4668-5257-bdd6-40fb06671ad1,2026-07-04T21:30:00.891,payment-hub,FAILED,pacs.008,SWIFT,7212.46,SGD,**************2564,MY,30
3eb13b90-4668-5257-bdd6-40fb06671ad1,2026-07-14T00:45:09.446,gateway,OK,pacs.008,SWIFT,793.51,INR,**************2066,SG,42
3eb13b90-4668-5257-bdd6-40fb06671ad1,2026-07-14T00:45:09.685,auth,OK,pacs.008,SWIFT,793.51,INR,**************2066,SG,20
3eb13b90-4668-5257-bdd6-40fb06671ad1,2026-07-14T00:45:09.840,validation,OK,pacs.008,SWIFT,793.51,INR,**************2066,SG,96
3eb13b90-4668-5257-bdd6-40fb06671ad1,2026-07-14T00:45:09.937,aml,OK,pacs.008,SWIFT,793.51,INR,**************2066,SG,99
3eb13b90-4668-5257-bdd6-40fb06671ad1,2026-07-14T00:45:10.083,payment-hub,OK,pacs.008,SWIFT,793.51,INR,**************2066,SG,64
3eb13b90-4668-5257-bdd6-40fb06671ad1,2026-07-14T00:45:10.184,core-banking,OK,pacs.008,SWIFT,793.51,INR,**************2066,SG,146
3eb13b90-4668-5257-bdd6-40fb06671ad1,2026-07-14T00:45:10.460,settlement,SETTLED,pacs.008,SWIFT,793.51,INR,**************2066,SG,191
3eb13b90-4668-5257-bdd6-40fb06671ad1,2026-07-09T23:56:55.871,gateway,OK,pacs.008,FAST,1451.06,MYR,**************3700,GB,19
3eb13b90-4668-5257-bdd6-40fb06671ad1,2026-07-09T23:56:56.042,auth,OK,pacs.008,FAST,1451.06,MYR,**************3700,GB,60
3eb13b90-4668-5257-bdd6-40fb06671ad1,2026-07-09T23:56:56.133,validation,OK,pacs.008,FAST,1451.06,MYR,**************3700,GB,49
3eb13b90-4668-5257-bdd6-40fb06671ad1,2026-07-09T23:56:56.272,aml,TIMEOUT,pacs.008,FAST,1451.06,MYR,**************3700,GB,30000
3eb13b90-4668-5257-bdd6-40fb06671ad1,2026-07-09T23:56:56.370,payment-hub,FAILED,pacs.008,FAST,1451.06,MYR,**************3700,GB,60
3eb13b90-4668-5257-bdd6-40fb06671ad1,2026-07-13T06:54:23.292,gateway,OK,pacs.008,SWIFT,754.78,INR,**************7484,SG,25
3eb13b90-4668-5257-bdd6-40fb06671ad1,2026-07-13T06:54:23.405,auth,OK,pacs.008,SWIFT,754.78,INR,**************7484,SG,69
3eb13b90-4668-5257-bdd6-40fb06671ad1,2026-07-13T06:54:23.506,validation,OK,pacs.008,SWIFT,754.78,INR,**************7484,SG,81
3eb13b90-4668-5257-bdd6-40fb06671ad1,2026-07-13T06:54:23.597,aml,OK,pacs.008,SWIFT,754.78,INR,**************7484,SG,165
3eb13b90-4668-5257-bdd6-40fb06671ad1,2026-07-13T06:54:23.653,payment-hub,OK,pacs.008,SWIFT,754.78,INR,**************7484,SG,135
3eb13b90-4668-5257-bdd6-40fb06671ad1,2026-07-13T06:54:23.739,core-banking,OK,pacs.008,SWIFT,754.78,INR,**************7484,SG,200
3eb13b90-4668-5257-bdd6-40fb06671ad1,2026-07-13T06:54:24.009,settlement,SETTLED,pacs.008,SWIFT,754.78,INR,**************7484,SG,331
3eb13b90-4668-5257-bdd6-40fb06671ad1,2026-07-05T00:13:34.936,gateway,OK,pacs.008,FAST,204.37,INR,**************0428,GB,55
3eb13b90-4668-5257-bdd6-40fb06671ad1,2026-07-05T00:13:35.035,auth,OK,pacs.008,FAST,204.37,INR,**************0428,GB,63
3eb13b90-4668-5257-bdd6-40fb06671ad1,2026-07-05T00:13:35.066,validation,OK,pacs.008,FAST,204.37,INR,**************0428,GB,89
3eb13b90-4668-5257-bdd6-40fb06671ad1,2026-07-05T00:13:35.240,aml,OK,pacs.008,FAST,204.37,INR,**************0428,GB,269
3eb13b90-4668-5257-bdd6-40fb06671ad1,2026-07-05T00:13:35.336,payment-hub,OK,pacs.008,FAST,204.37,INR,**************0428,GB,107
3eb13b90-4668-5257-bdd6-40fb06671ad1,2026-07-05T00:13:35.415,core-banking,OK,pacs.008,FAST,204.37,INR,**************0428,GB,139
3eb13b90-4668-5257-bdd6-40fb06671ad1,2026-07-05T00:13:35.454,settlement,SETTLED,pacs.008,FAST,204.37,INR,**************0428,GB,280
3eb13b90-4668-5257-bdd6-40fb06671ad1,2026-07-04T08:08:21.163,gateway,OK,MT103,CARDS,3023.01,SGD,**************2700,MY,38
3eb13b90-4668-5257-bdd6-40fb06671ad1,2026-07-04T08:08:21.224,auth,OK,MT103,CARDS,3023.01,SGD,**************2700,MY,35
3eb13b90-4668-5257-bdd6-40fb06671ad1,2026-07-04T08:08:21.387,validation,OK,MT103,CARDS,3023.01,SGD,**************2700,MY,100
3eb13b90-4668-5257-bdd6-40fb06671ad1,2026-07-04T08:08:21.445,aml,TIMEOUT,MT103,CARDS,3023.01,SGD,**************2700,MY,30000
3eb13b90-4668-5257-bdd6-40fb06671ad1,2026-07-04T08:08:21.573,payment-hub,FAILED,MT103,CARDS,3023.01,SGD,**************2700,MY,74
3eb13b90-4668-5257-bdd6-40fb06671ad1,2026-07-12T15:21:24.836,gateway,OK,pacs.008,SWIFT,748.98,SGD,**************7048,SG,48
3eb13b90-4668-5257-bdd6-40fb06671ad1,2026-07-12T15:21:24.943,auth,OK,pacs.008,SWIFT,748.98,SGD,**************7048,SG,33
3eb13b90-4668-5257-bdd6-40fb06671ad1,2026-07-12T15:21:24.998,validation,OK,pacs.008,SWIFT,748.98,SGD,**************7048,SG,101
3eb13b90-4668-5257-bdd6-40fb06671ad1,2026-07-12T15:21:25.074,aml,OK,pacs.008,SWIFT,748.98,SGD,**************7048,SG,155
3eb13b90-4668-5257-bdd6-40fb06671ad1,2026-07-12T15:21:25.183,payment-hub,OK,pacs.008,SWIFT,748.98,SGD,**************7048,SG,68
3eb13b90-4668-5257-bdd6-40fb06671ad1,2026-07-12T15:21:25.284,core-banking,OK,pacs.008,SWIFT,748.98,SGD,**************7048,SG,140
3eb13b90-4668-5257-bdd6-40fb06671ad1,2026-07-12T15:21:25.487,settlement,SETTLED,pacs.008,SWIFT,748.98,SGD,**************7048,SG,221
3eb13b90-4668-5257-bdd6-40fb06671ad1,2026-07-09T19:32:05.747,gateway,OK,pacs.008,SWIFT,900.81,SGD,**************8456,MY,53
3eb13b90-4668-5257-bdd6-40fb06671ad1,2026-07-09T19:32:05.865,auth,OK,pacs.008,SWIFT,900.81,SGD,**************8456,MY,48
3eb13b90-4668-5257-bdd6-40fb06671ad1,2026-07-09T19:32:05.919,validation,OK,pacs.008,SWIFT,900.81,SGD,**************8456,MY,61
3eb13b90-4668-5257-bdd6-40fb06671ad1,2026-07-09T19:32:05.972,aml,OK,pacs.008,SWIFT,900.81,SGD,**************8456,MY,57
3eb13b90-4668-5257-bdd6-40fb06671ad1,2026-07-09T19:32:06.036,payment-hub,OK,pacs.008,SWIFT,900.81,SGD,**************8456,MY,63
3eb13b90-4668-5257-bdd6-40fb06671ad1,2026-07-09T19:32:06.075,core-banking,OK,pacs.008,SWIFT,900.81,SGD,**************8456,MY,225
3eb13b90-4668-5257-bdd6-40fb06671ad1,2026-07-09T19:32:06.203,settlement,SETTLED,pacs.008,SWIFT,900.81,SGD,**************8456,MY,79
3eb13b90-4668-5257-bdd6-40fb06671ad1,2026-07-05T21:46:36.622,gateway,OK,MT103,FAST,2351.71,SGD,**************4693,SG,24
3eb13b90-4668-5257-bdd6-40fb06671ad1,2026-07-05T21:46:36.691,auth,OK,MT103,FAST,2351.71,SGD,**************4693,SG,69
3eb13b90-4668-5257-bdd6-40fb06671ad1,2026-07-05T21:46:36.803,validation,OK,MT103,FAST,2351.71,SGD,**************4693,SG,90
3eb13b90-4668-5257-bdd6-40fb06671ad1,2026-07-05T21:46:36.884,aml,OK,MT103,FAST,2351.71,SGD,**************4693,SG,290
3eb13b90-4668-5257-bdd6-40fb06671ad1,2026-07-05T21:46:37.128,payment-hub,OK,MT103,FAST,2351.71,SGD,**************4693,SG,123
3eb13b90-4668-5257-bdd6-40fb06671ad1,2026-07-05T21:46:37.262,core-banking,OK,MT103,FAST,2351.71,SGD,**************4693,SG,144
3eb13b90-4668-5257-bdd6-40fb06671ad1,2026-07-05T21:46:37.521,settlement,SETTLED,MT103,FAST,2351.71,SGD,**************4693,SG,199
3eb13b90-4668-5257-bdd6-40fb06671ad1,2026-07-07T10:00:26.723,gateway,OK,MT103,SWIFT,794.92,USD,**************7054,GB,60
3eb13b90-4668-5257-bdd6-40fb06671ad1,2026-07-07T10:00:26.775,auth,OK,MT103,SWIFT,794.92,USD,**************7054,GB,74
3eb13b90-4668-5257-bdd6-40fb06671ad1,2026-07-07T10:00:26.923,validation,OK,MT103,SWIFT,794.92,USD,**************7054,GB,86
3eb13b90-4668-5257-bdd6-40fb06671ad1,2026-07-07T10:00:27.020,aml,OK,MT103,SWIFT,794.92,USD,**************7054,GB,94
3eb13b90-4668-5257-bdd6-40fb06671ad1,2026-07-07T10:00:27.070,payment-hub,OK,MT103,SWIFT,794.92,USD,**************7054,GB,78
3eb13b90-4668-5257-bdd6-40fb06671ad1,2026-07-07T10:00:27.121,core-banking,OK,MT103,SWIFT,794.92,USD,**************7054,GB,60
3eb13b90-4668-5257-bdd6-40fb06671ad1,2026-07-07T10:00:27.231,settlement,SETTLED,MT103,SWIFT,794.92,USD,**************7054,GB,359
3eb13b90-4668-5257-bdd6-40fb06671ad1,2026-07-04T22:11:44.897,gateway,OK,pacs.008,CARDS,939.58,SGD,**************7023,IN,39
3eb13b90-4668-5257-bdd6-40fb06671ad1,2026-07-04T22:11:44.957,auth,OK,pacs.008,CARDS,939.58,SGD,**************7023,IN,89
3eb13b90-4668-5257-bdd6-40fb06671ad1,2026-07-04T22:11:45.066,validation,OK,pacs.008,CARDS,939.58,SGD,**************7023,IN,27
3eb13b90-4668-5257-bdd6-40fb06671ad1,2026-07-04T22:11:45.191,aml,OK,pacs.008,CARDS,939.58,SGD,**************7023,IN,78
3eb13b90-4668-5257-bdd6-40fb06671ad1,2026-07-04T22:11:45.296,payment-hub,OK,pacs.008,CARDS,939.58,SGD,**************7023,IN,74
3eb13b90-4668-5257-bdd6-40fb06671ad1,2026-07-04T22:11:45.377,core-banking,OK,pacs.008,CARDS,939.58,SGD,**************7023,IN,185
3eb13b90-4668-5257-bdd6-40fb06671ad1,2026-07-04T22:11:45.469,settlement,SETTLED,pacs.008,CARDS,939.58,SGD,**************7023,IN,220
3eb13b90-4668-5257-bdd6-40fb06671ad1,2026-07-03T21:29:06.974,gateway,OK,pacs.008,FAST,278.91,SGD,**************5375,SG,21
3eb13b90-4668-5257-bdd6-40fb06671ad1,2026-07-03T21:29:07.079,auth,OK,pacs.008,FAST,278.91,SGD,**************5375,SG,58
3eb13b90-4668-5257-bdd6-40fb06671ad1,2026-07-03T21:29:07.234,validation,OK,pacs.008,FAST,278.91,SGD,**************5375,SG,94
3eb13b90-4668-5257-bdd6-40fb06671ad1,2026-07-03T21:29:07.310,aml,OK,pacs.008,FAST,278.91,SGD,**************5375,SG,199
3eb13b90-4668-5257-bdd6-40fb06671ad1,2026-07-03T21:29:07.385,payment-hub,OK,pacs.008,FAST,278.91,SGD,**************5375,SG,45
3eb13b90-4668-5257-bdd6-40fb06671ad1,2026-07-03T21:29:07.481,core-banking,OK,pacs.008,FAST,278.91,SGD,**************5375,SG,219
3eb13b90-4668-5257-bdd6-40fb06671ad1,2026-07-03T21:29:07.586,settlement,SETTLED,pacs.008,FAST,278.91,SGD,**************5375,SG,341
3eb13b90-4668-5257-bdd6-40fb06671ad1,2026-07-09T06:16:54.625,gateway,OK,MT103,FAST,8130.2,MYR,**************8781,SG,37
3eb13b90-4668-5257-bdd6-40fb06671ad1,2026-07-09T06:16:54.675,auth,OK,MT103,FAST,8130.2,MYR,**************8781,SG,26
3eb13b90-4668-5257-bdd6-40fb06671ad1,2026-07-09T06:16:54.751,validation,OK,MT103,FAST,8130.2,MYR,**************8781,SG,99
3eb13b90-4668-5257-bdd6-40fb06671ad1,2026-07-09T06:16:54.946,aml,OK,MT103,FAST,8130.2,MYR,**************8781,SG,47
3eb13b90-4668-5257-bdd6-40fb06671ad1,2026-07-09T06:16:55.047,payment-hub,OK,MT103,FAST,8130.2,MYR,**************8781,SG,39
3eb13b90-4668-5257-bdd6-40fb06671ad1,2026-07-09T06:16:55.139,core-banking,OK,MT103,FAST,8130.2,MYR,**************8781,SG,59
3eb13b90-4668-5257-bdd6-40fb06671ad1,2026-07-09T06:16:55.213,settlement,SETTLED,MT103,FAST,8130.2,MYR,**************8781,SG,337
3eb13b90-4668-5257-bdd6-40fb06671ad1,2026-07-02T11:47:19.001,gateway,OK,pacs.008,FAST,3337.43,SGD,**************5625,SG,22
3eb13b90-4668-5257-bdd6-40fb06671ad1,2026-07-02T11:47:19.053,auth,OK,pacs.008,FAST,3337.43,SGD,**************5625,SG,70
3eb13b90-4668-5257-bdd6-40fb06671ad1,2026-07-02T11:47:19.131,validation,OK,pacs.008,FAST,3337.43,SGD,**************5625,SG,39
3eb13b90-4668-5257-bdd6-40fb06671ad1,2026-07-02T11:47:19.154,aml,OK,pacs.008,FAST,3337.43,SGD,**************5625,SG,63
3eb13b90-4668-5257-bdd6-40fb06671ad1,2026-07-02T11:47:19.400,payment-hub,OK,pacs.008,FAST,3337.43,SGD,**************5625,SG,102
3eb13b90-4668-5257-bdd6-40fb06671ad1,2026-07-02T11:47:19.473,core-banking,OK,pacs.008,FAST,3337.43,SGD,**************5625,SG,165
3eb13b90-4668-5257-bdd6-40fb06671ad1,2026-07-02T11:47:19.537,settlement,SETTLED,pacs.008,FAST,3337.43,SGD,**************5625,SG,133
3eb13b90-4668-5257-bdd6-40fb06671ad1,2026-07-11T19:18:12.207,gateway,OK,pacs.008,SWIFT,3150.55,USD,**************1650,SG,56
3eb13b90-4668-5257-bdd6-40fb06671ad1,2026-07-11T19:18:12.250,auth,OK,pacs.008,SWIFT,3150.55,USD,**************1650,SG,67
3eb13b90-4668-5257-bdd6-40fb06671ad1,2026-07-11T19:18:12.335,validation,OK,pacs.008,SWIFT,3150.55,USD,**************1650,SG,72
3eb13b90-4668-5257-bdd6-40fb06671ad1,2026-07-11T19:18:12.453,aml,OK,pacs.008,SWIFT,3150.55,USD,**************1650,SG,85
3eb13b90-4668-5257-bdd6-40fb06671ad1,2026-07-11T19:18:12.547,payment-hub,OK,pacs.008,SWIFT,3150.55,USD,**************1650,SG,121
3eb13b90-4668-5257-bdd6-40fb06671ad1,2026-07-11T19:18:12.616,core-banking,OK,pacs.008,SWIFT,3150.55,USD,**************1650,SG,243
3eb13b90-4668-5257-bdd6-40fb06671ad1,2026-07-11T19:18:12.861,settlement,SETTLED,pacs.008,SWIFT,3150.55,USD,**************1650,SG,175
3eb13b90-4668-5257-bdd6-40fb06671ad1,2026-07-12T15:03:48.560,gateway,OK,MT103,FAST,1255.1,USD,**************3664,SG,49
3eb13b90-4668-5257-bdd6-40fb06671ad1,2026-07-12T15:03:48.739,auth,OK,MT103,FAST,1255.1,USD,**************3664,SG,79
3eb13b90-4668-5257-bdd6-40fb06671ad1,2026-07-12T15:03:49.019,validation,OK,MT103,FAST,1255.1,USD,**************3664,SG,69
3eb13b90-4668-5257-bdd6-40fb06671ad1,2026-07-12T15:03:49.075,aml,OK,MT103,FAST,1255.1,USD,**************3664,SG,50
3eb13b90-4668-5257-bdd6-40fb06671ad1,2026-07-12T15:03:49.161,payment-hub,OK,MT103,FAST,1255.1,USD,**************3664,SG,91
3eb13b90-4668-5257-bdd6-40fb06671ad1,2026-07-12T15:03:49.232,core-banking,OK,MT103,FAST,1255.1,USD,**************3664,SG,250
3eb13b90-4668-5257-bdd6-40fb06671ad1,2026-07-12T15:03:49.507,settlement,SETTLED,MT103,FAST,1255.1,USD,**************3664,SG,198
3eb13b90-4668-5257-bdd6-40fb06671ad1,2026-07-06T12:34:37.897,gateway,OK,pacs.008,FAST,2939.27,MYR,**************2224,SG,29
3eb13b90-4668-5257-bdd6-40fb06671ad1,2026-07-06T12:34:37.979,auth,OK,pacs.008,FAST,2939.27,MYR,**************2224,SG,65
3eb13b90-4668-5257-bdd6-40fb06671ad1,2026-07-06T12:34:38.130,validation,OK,pacs.008,FAST,2939.27,MYR,**************2224,SG,108
3eb13b90-4668-5257-bdd6-40fb06671ad1,2026-07-06T12:34:38.260,aml,OK,pacs.008,FAST,2939.27,MYR,**************2224,SG,279
3eb13b90-4668-5257-bdd6-40fb06671ad1,2026-07-06T12:34:38.322,payment-hub,OK,pacs.008,FAST,2939.27,MYR,**************2224,SG,144
3eb13b90-4668-5257-bdd6-40fb06671ad1,2026-07-06T12:34:38.401,core-banking,OK,pacs.008,FAST,2939.27,MYR,**************2224,SG,240
3eb13b90-4668-5257-bdd6-40fb06671ad1,2026-07-06T12:34:38.448,settlement,SETTLED,pacs.008,FAST,2939.27,MYR,**************2224,SG,337
3eb13b90-4668-5257-bdd6-40fb06671ad1,2026-07-09T08:28:55.712,gateway,OK,pacs.008,FAST,955.44,SGD,**************6271,SG,55
3eb13b90-4668-5257-bdd6-40fb06671ad1,2026-07-09T08:28:55.778,auth,OK,pacs.008,FAST,955.44,SGD,**************6271,SG,40
3eb13b90-4668-5257-bdd6-40fb06671ad1,2026-07-09T08:28:55.919,validation,OK,pacs.008,FAST,955.44,SGD,**************6271,SG,35
3eb13b90-4668-5257-bdd6-40fb06671ad1,2026-07-09T08:28:56.002,aml,TIMEOUT,pacs.008,FAST,955.44,SGD,**************6271,SG,30000
3eb13b90-4668-5257-bdd6-40fb06671ad1,2026-07-09T08:28:56.103,payment-hub,FAILED,pacs.008,FAST,955.44,SGD,**************6271,SG,36
3eb13b90-4668-5257-bdd6-40fb06671ad1,2026-07-12T15:13:12.308,gateway,OK,MT103,FAST,54.63,USD,**************1996,GB,41
3eb13b90-4668-5257-bdd6-40fb06671ad1,2026-07-12T15:13:12.394,auth,OK,MT103,FAST,54.63,USD,**************1996,GB,56
3eb13b90-4668-5257-bdd6-40fb06671ad1,2026-07-12T15:13:12.438,validation,OK,MT103,FAST,54.63,USD,**************1996,GB,81
3eb13b90-4668-5257-bdd6-40fb06671ad1,2026-07-12T15:13:12.502,aml,OK,MT103,FAST,54.63,USD,**************1996,GB,176
3eb13b90-4668-5257-bdd6-40fb06671ad1,2026-07-12T15:13:12.544,payment-hub,OK,MT103,FAST,54.63,USD,**************1996,GB,55
3eb13b90-4668-5257-bdd6-40fb06671ad1,2026-07-12T15:13:12.617,core-banking,OK,MT103,FAST,54.63,USD,**************1996,GB,138
3eb13b90-4668-5257-bdd6-40fb06671ad1,2026-07-12T15:13:12.711,settlement,SETTLED,MT103,FAST,54.63,USD,**************1996,GB,269
3eb13b90-4668-5257-bdd6-40fb06671ad1,2026-07-02T09:11:39.240,gateway,OK,pacs.008,SWIFT,96.07,EUR,**************8558,SG,35
3eb13b90-4668-5257-bdd6-40fb06671ad1,2026-07-02T09:11:39.431,auth,OK,pacs.008,SWIFT,96.07,EUR,**************8558,SG,28
3eb13b90-4668-5257-bdd6-40fb06671ad1,2026-07-02T09:11:39.454,validation,OK,pacs.008,SWIFT,96.07,EUR,**************8558,SG,36
3eb13b90-4668-5257-bdd6-40fb06671ad1,2026-07-02T09:11:39.505,aml,OK,pacs.008,SWIFT,96.07,EUR,**************8558,SG,250
3eb13b90-4668-5257-bdd6-40fb06671ad1,2026-07-02T09:11:39.561,payment-hub,OK,pacs.008,SWIFT,96.07,EUR,**************8558,SG,140
3eb13b90-4668-5257-bdd6-40fb06671ad1,2026-07-02T09:11:39.715,core-banking,OK,pacs.008,SWIFT,96.07,EUR,**************8558,SG,178
3eb13b90-4668-5257-bdd6-40fb06671ad1,2026-07-02T09:11:39.800,settlement,SETTLED,pacs.008,SWIFT,96.07,EUR,**************8558,SG,381
3eb13b90-4668-5257-bdd6-40fb06671ad1,2026-07-13T23:09:53.999,gateway,OK,pacs.008,FAST,248.98,SGD,**************3389,MY,23
3eb13b90-4668-5257-bdd6-40fb06671ad1,2026-07-13T23:09:54.072,auth,OK,pacs.008,FAST,248.98,SGD,**************3389,MY,42
3eb13b90-4668-5257-bdd6-40fb06671ad1,2026-07-13T23:09:54.305,validation,OK,pacs.008,FAST,248.98,SGD,**************3389,MY,119
3eb13b90-4668-5257-bdd6-40fb06671ad1,2026-07-13T23:09:54.413,aml,OK,pacs.008,FAST,248.98,SGD,**************3389,MY,249
3eb13b90-4668-5257-bdd6-40fb06671ad1,2026-07-13T23:09:54.538,payment-hub,OK,pacs.008,FAST,248.98,SGD,**************3389,MY,62
3eb13b90-4668-5257-bdd6-40fb06671ad1,2026-07-13T23:09:54.618,core-banking,OK,pacs.008,FAST,248.98,SGD,**************3389,MY,235
3eb13b90-4668-5257-bdd6-40fb06671ad1,2026-07-13T23:09:54.828,settlement,SETTLED,pacs.008,FAST,248.98,SGD,**************3389,MY,334
3eb13b90-4668-5257-bdd6-40fb06671ad1,2026-07-11T14:51:37.402,gateway,OK,pacs.008,SWIFT,299.56,SGD,**************4392,HK,25
3eb13b90-4668-5257-bdd6-40fb06671ad1,2026-07-11T14:51:37.676,auth,OK,pacs.008,SWIFT,299.56,SGD,**************4392,HK,65
3eb13b90-4668-5257-bdd6-40fb06671ad1,2026-07-11T14:51:37.760,validation,OK,pacs.008,SWIFT,299.56,SGD,**************4392,HK,87
3eb13b90-4668-5257-bdd6-40fb06671ad1,2026-07-11T14:51:37.973,aml,OK,pacs.008,SWIFT,299.56,SGD,**************4392,HK,262
3eb13b90-4668-5257-bdd6-40fb06671ad1,2026-07-11T14:51:38.203,payment-hub,OK,pacs.008,SWIFT,299.56,SGD,**************4392,HK,139
3eb13b90-4668-5257-bdd6-40fb06671ad1,2026-07-11T14:51:38.280,core-banking,OK,pacs.008,SWIFT,299.56,SGD,**************4392,HK,185
3eb13b90-4668-5257-bdd6-40fb06671ad1,2026-07-11T14:51:38.347,settlement,SETTLED,pacs.008,SWIFT,299.56,SGD,**************4392,HK,95
3eb13b90-4668-5257-bdd6-40fb06671ad1,2026-07-01T21:34:18.551,gateway,OK,pacs.008,FAST,235.95,SGD,**************5084,SG,48
3eb13b90-4668-5257-bdd6-40fb06671ad1,2026-07-01T21:34:18.684,auth,OK,pacs.008,FAST,235.95,SGD,**************5084,SG,33
3eb13b90-4668-5257-bdd6-40fb06671ad1,2026-07-01T21:34:18.775,validation,REJECTED,pacs.008,FAST,235.95,SGD,**************5084,SG,55
3eb13b90-4668-5257-bdd6-40fb06671ad1,2026-07-11T04:19:52.968,gateway,OK,MT103,FAST,764.24,GBP,**************9467,SG,32
3eb13b90-4668-5257-bdd6-40fb06671ad1,2026-07-11T04:19:53.156,auth,OK,MT103,FAST,764.24,GBP,**************9467,SG,69
3eb13b90-4668-5257-bdd6-40fb06671ad1,2026-07-11T04:19:53.223,validation,OK,MT103,FAST,764.24,GBP,**************9467,SG,106
3eb13b90-4668-5257-bdd6-40fb06671ad1,2026-07-11T04:19:53.281,aml,OK,MT103,FAST,764.24,GBP,**************9467,SG,279
3eb13b90-4668-5257-bdd6-40fb06671ad1,2026-07-11T04:19:53.448,payment-hub,OK,MT103,FAST,764.24,GBP,**************9467,SG,147
3eb13b90-4668-5257-bdd6-40fb06671ad1,2026-07-11T04:19:53.512,core-banking,OK,MT103,FAST,764.24,GBP,**************9467,SG,243
3eb13b90-4668-5257-bdd6-40fb06671ad1,2026-07-11T04:19:53.581,settlement,SETTLED,MT103,FAST,764.24,GBP,**************9467,SG,237
3eb13b90-4668-5257-bdd6-40fb06671ad1,2026-07-03T20:27:23.882,gateway,OK,MT103,SWIFT,1260.19,MYR,**************8502,SG,23
3eb13b90-4668-5257-bdd6-40fb06671ad1,2026-07-03T20:27:23.982,auth,OK,MT103,SWIFT,1260.19,MYR,**************8502,SG,59
3eb13b90-4668-5257-bdd6-40fb06671ad1,2026-07-03T20:27:24.271,validation,OK,MT103,SWIFT,1260.19,MYR,**************8502,SG,79
3eb13b90-4668-5257-bdd6-40fb06671ad1,2026-07-03T20:27:24.381,aml,OK,MT103,SWIFT,1260.19,MYR,**************8502,SG,114
3eb13b90-4668-5257-bdd6-40fb06671ad1,2026-07-03T20:27:24.497,payment-hub,OK,MT103,SWIFT,1260.19,MYR,**************8502,SG,86
3eb13b90-4668-5257-bdd6-40fb06671ad1,2026-07-03T20:27:24.593,core-banking,OK,MT103,SWIFT,1260.19,MYR,**************8502,SG,59
3eb13b90-4668-5257-bdd6-40fb06671ad1,2026-07-03T20:27:24.674,settlement,SETTLED,MT103,SWIFT,1260.19,MYR,**************8502,SG,377
3eb13b90-4668-5257-bdd6-40fb06671ad1,2026-07-02T20:22:08.588,gateway,OK,pacs.008,CARDS,863.45,SGD,**************9800,SG,32
3eb13b90-4668-5257-bdd6-40fb06671ad1,2026-07-02T20:22:08.686,auth,OK,pacs.008,CARDS,863.45,SGD,**************9800,SG,90
3eb13b90-4668-5257-bdd6-40fb06671ad1,2026-07-02T20:22:08.943,validation,OK,pacs.008,CARDS,863.45,SGD,**************9800,SG,27
3eb13b90-4668-5257-bdd6-40fb06671ad1,2026-07-02T20:22:09.146,aml,OK,pacs.008,CARDS,863.45,SGD,**************9800,SG,239
3eb13b90-4668-5257-bdd6-40fb06671ad1,2026-07-02T20:22:09.230,payment-hub,OK,pacs.008,CARDS,863.45,SGD,**************9800,SG,47
3eb13b90-4668-5257-bdd6-40fb06671ad1,2026-07-02T20:22:39.267,core-banking,OK,pacs.008,CARDS,863.45,SGD,**************9800,SG,142
3eb13b90-4668-5257-bdd6-40fb06671ad1,2026-07-02T20:22:39.383,settlement,SETTLED,pacs.008,CARDS,863.45,SGD,**************9800,SG,318
3eb13b90-4668-5257-bdd6-40fb06671ad1,2026-07-03T16:39:05.252,gateway,OK,pacs.008,SWIFT,374.87,USD,**************3313,SG,25
3eb13b90-4668-5257-bdd6-40fb06671ad1,2026-07-03T16:39:05.345,auth,OK,pacs.008,SWIFT,374.87,USD,**************3313,SG,83
3eb13b90-4668-5257-bdd6-40fb06671ad1,2026-07-03T16:39:05.439,validation,OK,pacs.008,SWIFT,374.87,USD,**************3313,SG,87
3eb13b90-4668-5257-bdd6-40fb06671ad1,2026-07-03T16:39:05.536,aml,OK,pacs.008,SWIFT,374.87,USD,**************3313,SG,287
3eb13b90-4668-5257-bdd6-40fb06671ad1,2026-07-03T16:39:05.732,payment-hub,OK,pacs.008,SWIFT,374.87,USD,**************3313,SG,100
3eb13b90-4668-5257-bdd6-40fb06671ad1,2026-07-03T16:39:05.821,core-banking,OK,pacs.008,SWIFT,374.87,USD,**************3313,SG,184
3eb13b90-4668-5257-bdd6-40fb06671ad1,2026-07-03T16:39:05.972,settlement,SETTLED,pacs.008,SWIFT,374.87,USD,**************3313,SG,320
3eb13b90-4668-5257-bdd6-40fb06671ad1,2026-07-05T06:39:42.578,gateway,OK,pacs.008,FAST,167.61,SGD,**************2292,MY,22
3eb13b90-4668-5257-bdd6-40fb06671ad1,2026-07-05T06:39:42.677,auth,OK,pacs.008,FAST,167.61,SGD,**************2292,MY,23
3eb13b90-4668-5257-bdd6-40fb06671ad1,2026-07-05T06:39:42.712,validation,OK,pacs.008,FAST,167.61,SGD,**************2292,MY,118
3eb13b90-4668-5257-bdd6-40fb06671ad1,2026-07-05T06:39:42.874,aml,OK,pacs.008,FAST,167.61,SGD,**************2292,MY,137
3eb13b90-4668-5257-bdd6-40fb06671ad1,2026-07-05T06:39:42.989,payment-hub,OK,pacs.008,FAST,167.61,SGD,**************2292,MY,115
3eb13b90-4668-5257-bdd6-40fb06671ad1,2026-07-05T06:39:43.117,core-banking,OK,pacs.008,FAST,167.61,SGD,**************2292,MY,131
3eb13b90-4668-5257-bdd6-40fb06671ad1,2026-07-05T06:39:43.237,settlement,SETTLED,pacs.008,FAST,167.61,SGD,**************2292,MY,225
3eb13b90-4668-5257-bdd6-40fb06671ad1,2026-07-02T16:50:13.366,gateway,OK,pacs.008,SWIFT,808.19,USD,**************5953,US,19
3eb13b90-4668-5257-bdd6-40fb06671ad1,2026-07-02T16:50:13.470,auth,OK,pacs.008,SWIFT,808.19,USD,**************5953,US,50
3eb13b90-4668-5257-bdd6-40fb06671ad1,2026-07-02T16:50:13.533,validation,OK,pacs.008,SWIFT,808.19,USD,**************5953,US,99
3eb13b90-4668-5257-bdd6-40fb06671ad1,2026-07-02T16:50:13.631,aml,OK,pacs.008,SWIFT,808.19,USD,**************5953,US,212
3eb13b90-4668-5257-bdd6-40fb06671ad1,2026-07-02T16:50:13.735,payment-hub,OK,pacs.008,SWIFT,808.19,USD,**************5953,US,84
3eb13b90-4668-5257-bdd6-40fb06671ad1,2026-07-02T16:50:13.862,core-banking,OK,pacs.008,SWIFT,808.19,USD,**************5953,US,168
3eb13b90-4668-5257-bdd6-40fb06671ad1,2026-07-02T16:50:13.973,settlement,SETTLED,pacs.008,SWIFT,808.19,USD,**************5953,US,224
3eb13b90-4668-5257-bdd6-40fb06671ad1,2026-07-05T02:29:14.552,gateway,OK,pacs.008,FAST,1764.11,SGD,**************5250,MY,32
3eb13b90-4668-5257-bdd6-40fb06671ad1,2026-07-05T02:29:14.622,auth,OK,pacs.008,FAST,1764.11,SGD,**************5250,MY,90
3eb13b90-4668-5257-bdd6-40fb06671ad1,2026-07-05T02:29:14.813,validation,OK,pacs.008,FAST,1764.11,SGD,**************5250,MY,111
3eb13b90-4668-5257-bdd6-40fb06671ad1,2026-07-05T02:29:14.903,aml,OK,pacs.008,FAST,1764.11,SGD,**************5250,MY,256
3eb13b90-4668-5257-bdd6-40fb06671ad1,2026-07-05T02:29:15.145,payment-hub,OK,pacs.008,FAST,1764.11,SGD,**************5250,MY,55
3eb13b90-4668-5257-bdd6-40fb06671ad1,2026-07-05T02:29:15.249,core-banking,OK,pacs.008,FAST,1764.11,SGD,**************5250,MY,250
3eb13b90-4668-5257-bdd6-40fb06671ad1,2026-07-05T02:29:15.312,settlement,SETTLED,pacs.008,FAST,1764.11,SGD,**************5250,MY,90
3eb13b90-4668-5257-bdd6-40fb06671ad1,2026-07-14T21:28:10.341,gateway,OK,MT103,FAST,1198.34,USD,**************0474,SG,24
3eb13b90-4668-5257-bdd6-40fb06671ad1,2026-07-14T21:28:10.409,auth,OK,MT103,FAST,1198.34,USD,**************0474,SG,30
3eb13b90-4668-5257-bdd6-40fb06671ad1,2026-07-14T21:28:10.501,validation,OK,MT103,FAST,1198.34,USD,**************0474,SG,70
3eb13b90-4668-5257-bdd6-40fb06671ad1,2026-07-14T21:28:10.609,aml,TIMEOUT,MT103,FAST,1198.34,USD,**************0474,SG,30000
3eb13b90-4668-5257-bdd6-40fb06671ad1,2026-07-14T21:28:10.733,payment-hub,FAILED,MT103,FAST,1198.34,USD,**************0474,SG,71
3eb13b90-4668-5257-bdd6-40fb06671ad1,2026-07-14T21:28:45.330,gateway,OK,pacs.008,FAST,347.94,SGD,**************3900,GB,32
3eb13b90-4668-5257-bdd6-40fb06671ad1,2026-07-14T21:28:45.388,auth,OK,pacs.008,FAST,347.94,SGD,**************3900,GB,59
3eb13b90-4668-5257-bdd6-40fb06671ad1,2026-07-14T21:28:45.459,validation,OK,pacs.008,FAST,347.94,SGD,**************3900,GB,106
3eb13b90-4668-5257-bdd6-40fb06671ad1,2026-07-14T21:29:15.466,aml,OK,pacs.008,FAST,347.94,SGD,**************3900,GB,118
3eb13b90-4668-5257-bdd6-40fb06671ad1,2026-07-14T21:29:15.553,payment-hub,OK,pacs.008,FAST,347.94,SGD,**************3900,GB,148
3eb13b90-4668-5257-bdd6-40fb06671ad1,2026-07-14T21:29:15.701,core-banking,OK,pacs.008,FAST,347.94,SGD,**************3900,GB,172
3eb13b90-4668-5257-bdd6-40fb06671ad1,2026-07-14T21:29:15.775,settlement,SETTLED,pacs.008,FAST,347.94,SGD,**************3900,GB,127
3eb13b90-4668-5257-bdd6-40fb06671ad1,2026-07-05T05:16:58.615,gateway,OK,pacs.008,FAST,5260.28,EUR,**************6047,SG,22
3eb13b90-4668-5257-bdd6-40fb06671ad1,2026-07-05T05:16:58.643,auth,OK,pacs.008,FAST,5260.28,EUR,**************6047,SG,64
3eb13b90-4668-5257-bdd6-40fb06671ad1,2026-07-05T05:16:58.718,validation,OK,pacs.008,FAST,5260.28,EUR,**************6047,SG,81
3eb13b90-4668-5257-bdd6-40fb06671ad1,2026-07-05T05:17:28.727,aml,OK,pacs.008,FAST,5260.28,EUR,**************6047,SG,259
3eb13b90-4668-5257-bdd6-40fb06671ad1,2026-07-05T05:17:28.817,payment-hub,OK,pacs.008,FAST,5260.28,EUR,**************6047,SG,113
3eb13b90-4668-5257-bdd6-40fb06671ad1,2026-07-05T05:17:28.906,core-banking,OK,pacs.008,FAST,5260.28,EUR,**************6047,SG,127
3eb13b90-4668-5257-bdd6-40fb06671ad1,2026-07-05T05:17:28.964,settlement,SETTLED,pacs.008,FAST,5260.28,EUR,**************6047,SG,180
3eb13b90-4668-5257-bdd6-40fb06671ad1,2026-07-09T12:10:16.697,gateway,OK,pacs.008,SWIFT,112.35,EUR,**************3775,SG,17
3eb13b90-4668-5257-bdd6-40fb06671ad1,2026-07-09T12:10:16.770,auth,OK,pacs.008,SWIFT,112.35,EUR,**************3775,SG,87
3eb13b90-4668-5257-bdd6-40fb06671ad1,2026-07-09T12:10:16.896,validation,REJECTED,pacs.008,SWIFT,112.35,EUR,**************3775,SG,108
3eb13b90-4668-5257-bdd6-40fb06671ad1,2026-07-08T21:46:05.883,gateway,OK,pacs.008,FAST,1306.47,USD,**************5671,MY,23
3eb13b90-4668-5257-bdd6-40fb06671ad1,2026-07-08T21:46:05.946,auth,OK,pacs.008,FAST,1306.47,USD,**************5671,MY,57
3eb13b90-4668-5257-bdd6-40fb06671ad1,2026-07-08T21:46:06.015,validation,OK,pacs.008,FAST,1306.47,USD,**************5671,MY,118
3eb13b90-4668-5257-bdd6-40fb06671ad1,2026-07-08T21:46:06.122,aml,OK,pacs.008,FAST,1306.47,USD,**************5671,MY,243
3eb13b90-4668-5257-bdd6-40fb06671ad1,2026-07-08T21:46:06.268,payment-hub,OK,pacs.008,FAST,1306.47,USD,**************5671,MY,106
3eb13b90-4668-5257-bdd6-40fb06671ad1,2026-07-08T21:46:06.384,core-banking,OK,pacs.008,FAST,1306.47,USD,**************5671,MY,133
3eb13b90-4668-5257-bdd6-40fb06671ad1,2026-07-08T21:46:06.470,settlement,SETTLED,pacs.008,FAST,1306.47,USD,**************5671,MY,286
3eb13b90-4668-5257-bdd6-40fb06671ad1,2026-07-11T10:29:36.224,gateway,OK,pacs.008,SWIFT,4501.35,USD,**************2544,HK,54
3eb13b90-4668-5257-bdd6-40fb06671ad1,2026-07-11T10:29:36.302,auth,OK,pacs.008,SWIFT,4501.35,USD,**************2544,HK,26
3eb13b90-4668-5257-bdd6-40fb06671ad1,2026-07-11T10:29:36.412,validation,OK,pacs.008,SWIFT,4501.35,USD,**************2544,HK,79
3eb13b90-4668-5257-bdd6-40fb06671ad1,2026-07-11T10:29:36.522,aml,OK,pacs.008,SWIFT,4501.35,USD,**************2544,HK,271
3eb13b90-4668-5257-bdd6-40fb06671ad1,2026-07-11T10:29:36.615,payment-hub,OK,pacs.008,SWIFT,4501.35,USD,**************2544,HK,122
3eb13b90-4668-5257-bdd6-40fb06671ad1,2026-07-11T10:29:36.671,core-banking,OK,pacs.008,SWIFT,4501.35,USD,**************2544,HK,199
3eb13b90-4668-5257-bdd6-40fb06671ad1,2026-07-11T10:29:36.822,settlement,SETTLED,pacs.008,SWIFT,4501.35,USD,**************2544,HK,278
3eb13b90-4668-5257-bdd6-40fb06671ad1,2026-07-03T17:35:27.789,gateway,OK,pacs.008,SWIFT,1811.5,SGD,**************9566,US,20
3eb13b90-4668-5257-bdd6-40fb06671ad1,2026-07-03T17:35:27.883,auth,OK,pacs.008,SWIFT,1811.5,SGD,**************9566,US,84
3eb13b90-4668-5257-bdd6-40fb06671ad1,2026-07-03T17:35:27.950,validation,OK,pacs.008,SWIFT,1811.5,SGD,**************9566,US,50
3eb13b90-4668-5257-bdd6-40fb06671ad1,2026-07-03T17:35:28.009,aml,OK,pacs.008,SWIFT,1811.5,SGD,**************9566,US,227
3eb13b90-4668-5257-bdd6-40fb06671ad1,2026-07-03T17:35:28.175,payment-hub,OK,pacs.008,SWIFT,1811.5,SGD,**************9566,US,106
3eb13b90-4668-5257-bdd6-40fb06671ad1,2026-07-03T17:35:28.238,core-banking,OK,pacs.008,SWIFT,1811.5,SGD,**************9566,US,219
3eb13b90-4668-5257-bdd6-40fb06671ad1,2026-07-03T17:35:28.298,settlement,SETTLED,pacs.008,SWIFT,1811.5,SGD,**************9566,US,233
3eb13b90-4668-5257-bdd6-40fb06671ad1,2026-07-05T21:28:19.286,gateway,OK,pacs.008,FAST,437.54,GBP,**************9096,HK,16
3eb13b90-4668-5257-bdd6-40fb06671ad1,2026-07-05T21:28:19.371,auth,OK,pacs.008,FAST,437.54,GBP,**************9096,HK,26
3eb13b90-4668-5257-bdd6-40fb06671ad1,2026-07-05T21:28:19.522,validation,OK,pacs.008,FAST,437.54,GBP,**************9096,HK,81
3eb13b90-4668-5257-bdd6-40fb06671ad1,2026-07-05T21:28:19.585,aml,TIMEOUT,pacs.008,FAST,437.54,GBP,**************9096,HK,30000
3eb13b90-4668-5257-bdd6-40fb06671ad1,2026-07-05T21:28:19.868,payment-hub,FAILED,pacs.008,FAST,437.54,GBP,**************9096,HK,136
3eb13b90-4668-5257-bdd6-40fb06671ad1,2026-07-07T16:09:16.234,gateway,OK,pacs.008,FAST,2113.1,SGD,**************6712,GB,37
3eb13b90-4668-5257-bdd6-40fb06671ad1,2026-07-07T16:09:16.319,auth,OK,pacs.008,FAST,2113.1,SGD,**************6712,GB,62
3eb13b90-4668-5257-bdd6-40fb06671ad1,2026-07-07T16:09:16.393,validation,OK,pacs.008,FAST,2113.1,SGD,**************6712,GB,36
3eb13b90-4668-5257-bdd6-40fb06671ad1,2026-07-07T16:09:16.470,aml,OK,pacs.008,FAST,2113.1,SGD,**************6712,GB,255
3eb13b90-4668-5257-bdd6-40fb06671ad1,2026-07-07T16:09:16.672,payment-hub,OK,pacs.008,FAST,2113.1,SGD,**************6712,GB,37
3eb13b90-4668-5257-bdd6-40fb06671ad1,2026-07-07T16:09:16.888,core-banking,OK,pacs.008,FAST,2113.1,SGD,**************6712,GB,71
3eb13b90-4668-5257-bdd6-40fb06671ad1,2026-07-07T16:09:16.965,settlement,SETTLED,pacs.008,FAST,2113.1,SGD,**************6712,GB,110
3eb13b90-4668-5257-bdd6-40fb06671ad1,2026-07-09T07:34:45.950,gateway,OK,MT103,SWIFT,110.75,SGD,**************9134,MY,42
3eb13b90-4668-5257-bdd6-40fb06671ad1,2026-07-09T07:34:46.123,auth,OK,MT103,SWIFT,110.75,SGD,**************9134,MY,62
3eb13b90-4668-5257-bdd6-40fb06671ad1,2026-07-09T07:34:46.413,validation,OK,MT103,SWIFT,110.75,SGD,**************9134,MY,93
3eb13b90-4668-5257-bdd6-40fb06671ad1,2026-07-09T07:34:46.507,aml,OK,MT103,SWIFT,110.75,SGD,**************9134,MY,133
3eb13b90-4668-5257-bdd6-40fb06671ad1,2026-07-09T07:34:46.581,payment-hub,OK,MT103,SWIFT,110.75,SGD,**************9134,MY,39
3eb13b90-4668-5257-bdd6-40fb06671ad1,2026-07-09T07:34:46.693,core-banking,OK,MT103,SWIFT,110.75,SGD,**************9134,MY,108
3eb13b90-4668-5257-bdd6-40fb06671ad1,2026-07-09T07:34:46.839,settlement,SETTLED,MT103,SWIFT,110.75,SGD,**************9134,MY,178
3eb13b90-4668-5257-bdd6-40fb06671ad1,2026-07-05T04:08:11.233,gateway,OK,pacs.008,SWIFT,447.15,USD,**************8593,GB,27
3eb13b90-4668-5257-bdd6-40fb06671ad1,2026-07-05T04:08:11.286,auth,OK,pacs.008,SWIFT,447.15,USD,**************8593,GB,39
3eb13b90-4668-5257-bdd6-40fb06671ad1,2026-07-05T04:08:11.347,validation,OK,pacs.008,SWIFT,447.15,USD,**************8593,GB,31
3eb13b90-4668-5257-bdd6-40fb06671ad1,2026-07-05T04:08:11.443,aml,OK,pacs.008,SWIFT,447.15,USD,**************8593,GB,274
3eb13b90-4668-5257-bdd6-40fb06671ad1,2026-07-05T04:08:11.744,payment-hub,OK,pacs.008,SWIFT,447.15,USD,**************8593,GB,118
3eb13b90-4668-5257-bdd6-40fb06671ad1,2026-07-05T04:08:11.801,core-banking,OK,pacs.008,SWIFT,447.15,USD,**************8593,GB,196
3eb13b90-4668-5257-bdd6-40fb06671ad1,2026-07-05T04:08:11.877,settlement,SETTLED,pacs.008,SWIFT,447.15,USD,**************8593,GB,150
3eb13b90-4668-5257-bdd6-40fb06671ad1,2026-07-07T22:00:13.870,gateway,OK,MT103,SWIFT,424.07,INR,**************8567,SG,44
3eb13b90-4668-5257-bdd6-40fb06671ad1,2026-07-07T22:00:14.155,auth,OK,MT103,SWIFT,424.07,INR,**************8567,SG,27
3eb13b90-4668-5257-bdd6-40fb06671ad1,2026-07-07T22:00:14.222,validation,OK,MT103,SWIFT,424.07,INR,**************8567,SG,79
3eb13b90-4668-5257-bdd6-40fb06671ad1,2026-07-07T22:00:14.287,aml,OK,MT103,SWIFT,424.07,INR,**************8567,SG,58
3eb13b90-4668-5257-bdd6-40fb06671ad1,2026-07-07T22:00:14.394,payment-hub,OK,MT103,SWIFT,424.07,INR,**************8567,SG,46
3eb13b90-4668-5257-bdd6-40fb06671ad1,2026-07-07T22:00:14.630,core-banking,OK,MT103,SWIFT,424.07,INR,**************8567,SG,58
3eb13b90-4668-5257-bdd6-40fb06671ad1,2026-07-07T22:00:14.691,settlement,SETTLED,MT103,SWIFT,424.07,INR,**************8567,SG,261
3eb13b90-4668-5257-bdd6-40fb06671ad1,2026-07-02T12:19:36.512,gateway,OK,pacs.008,SWIFT,851.97,USD,**************6346,SG,33
3eb13b90-4668-5257-bdd6-40fb06671ad1,2026-07-02T12:19:36.594,auth,OK,pacs.008,SWIFT,851.97,USD,**************6346,SG,74
3eb13b90-4668-5257-bdd6-40fb06671ad1,2026-07-02T12:19:36.725,validation,OK,pacs.008,SWIFT,851.97,USD,**************6346,SG,111
3eb13b90-4668-5257-bdd6-40fb06671ad1,2026-07-02T12:19:36.850,aml,OK,pacs.008,SWIFT,851.97,USD,**************6346,SG,58
3eb13b90-4668-5257-bdd6-40fb06671ad1,2026-07-02T12:19:36.923,payment-hub,OK,pacs.008,SWIFT,851.97,USD,**************6346,SG,70
3eb13b90-4668-5257-bdd6-40fb06671ad1,2026-07-02T12:19:37.037,core-banking,OK,pacs.008,SWIFT,851.97,USD,**************6346,SG,77
3eb13b90-4668-5257-bdd6-40fb06671ad1,2026-07-02T12:19:37.115,settlement,SETTLED,pacs.008,SWIFT,851.97,USD,**************6346,SG,391
3eb13b90-4668-5257-bdd6-40fb06671ad1,2026-07-12T01:07:11.155,gateway,OK,MT103,SWIFT,515.98,USD,**************1261,SG,20
3eb13b90-4668-5257-bdd6-40fb06671ad1,2026-07-12T01:07:11.348,auth,OK,MT103,SWIFT,515.98,USD,**************1261,SG,26
3eb13b90-4668-5257-bdd6-40fb06671ad1,2026-07-12T01:07:11.426,validation,OK,MT103,SWIFT,515.98,USD,**************1261,SG,113
3eb13b90-4668-5257-bdd6-40fb06671ad1,2026-07-12T01:07:11.631,aml,OK,MT103,SWIFT,515.98,USD,**************1261,SG,127
3eb13b90-4668-5257-bdd6-40fb06671ad1,2026-07-12T01:07:11.761,payment-hub,OK,MT103,SWIFT,515.98,USD,**************1261,SG,92
3eb13b90-4668-5257-bdd6-40fb06671ad1,2026-07-12T01:07:11.911,core-banking,OK,MT103,SWIFT,515.98,USD,**************1261,SG,164
3eb13b90-4668-5257-bdd6-40fb06671ad1,2026-07-12T01:07:11.980,settlement,SETTLED,MT103,SWIFT,515.98,USD,**************1261,SG,397
3eb13b90-4668-5257-bdd6-40fb06671ad1,2026-07-04T05:07:40.791,gateway,OK,MT103,SWIFT,459.77,SGD,**************3954,SG,15
3eb13b90-4668-5257-bdd6-40fb06671ad1,2026-07-04T05:07:40.903,auth,OK,MT103,SWIFT,459.77,SGD,**************3954,SG,69
3eb13b90-4668-5257-bdd6-40fb06671ad1,2026-07-04T05:07:40.965,validation,OK,MT103,SWIFT,459.77,SGD,**************3954,SG,99
3eb13b90-4668-5257-bdd6-40fb06671ad1,2026-07-04T05:07:41.030,aml,OK,MT103,SWIFT,459.77,SGD,**************3954,SG,149
3eb13b90-4668-5257-bdd6-40fb06671ad1,2026-07-04T05:07:41.361,payment-hub,OK,MT103,SWIFT,459.77,SGD,**************3954,SG,114
3eb13b90-4668-5257-bdd6-40fb06671ad1,2026-07-04T05:07:41.417,core-banking,OK,MT103,SWIFT,459.77,SGD,**************3954,SG,159
3eb13b90-4668-5257-bdd6-40fb06671ad1,2026-07-04T05:07:41.494,settlement,SETTLED,MT103,SWIFT,459.77,SGD,**************3954,SG,185
3eb13b90-4668-5257-bdd6-40fb06671ad1,2026-07-01T20:13:25.736,gateway,OK,pacs.008,FAST,1781.76,SGD,**************5156,MY,41
3eb13b90-4668-5257-bdd6-40fb06671ad1,2026-07-01T20:13:25.830,auth,OK,pacs.008,FAST,1781.76,SGD,**************5156,MY,21
3eb13b90-4668-5257-bdd6-40fb06671ad1,2026-07-01T20:13:25.935,validation,OK,pacs.008,FAST,1781.76,SGD,**************5156,MY,102
3eb13b90-4668-5257-bdd6-40fb06671ad1,2026-07-01T20:13:26.069,aml,OK,pacs.008,FAST,1781.76,SGD,**************5156,MY,144
3eb13b90-4668-5257-bdd6-40fb06671ad1,2026-07-01T20:13:26.110,payment-hub,OK,pacs.008,FAST,1781.76,SGD,**************5156,MY,144
3eb13b90-4668-5257-bdd6-40fb06671ad1,2026-07-01T20:13:26.362,core-banking,OK,pacs.008,FAST,1781.76,SGD,**************5156,MY,227
3eb13b90-4668-5257-bdd6-40fb06671ad1,2026-07-01T20:13:26.445,settlement,SETTLED,pacs.008,FAST,1781.76,SGD,**************5156,MY,139
3eb13b90-4668-5257-bdd6-40fb06671ad1,2026-07-03T04:14:27.221,gateway,OK,pacs.008,FAST,1052.95,SGD,**************6351,IN,56
3eb13b90-4668-5257-bdd6-40fb06671ad1,2026-07-03T04:14:27.485,auth,OK,pacs.008,FAST,1052.95,SGD,**************6351,IN,24
3eb13b90-4668-5257-bdd6-40fb06671ad1,2026-07-03T04:14:27.592,validation,OK,pacs.008,FAST,1052.95,SGD,**************6351,IN,53
3eb13b90-4668-5257-bdd6-40fb06671ad1,2026-07-03T04:14:27.803,aml,OK,pacs.008,FAST,1052.95,SGD,**************6351,IN,227
3eb13b90-4668-5257-bdd6-40fb06671ad1,2026-07-03T04:14:27.940,payment-hub,OK,pacs.008,FAST,1052.95,SGD,**************6351,IN,48
3eb13b90-4668-5257-bdd6-40fb06671ad1,2026-07-03T04:14:28.040,core-banking,OK,pacs.008,FAST,1052.95,SGD,**************6351,IN,209
3eb13b90-4668-5257-bdd6-40fb06671ad1,2026-07-03T04:14:28.124,settlement,SETTLED,pacs.008,FAST,1052.95,SGD,**************6351,IN,132
3eb13b90-4668-5257-bdd6-40fb06671ad1,2026-07-15T04:30:18.671,gateway,OK,pacs.008,FAST,343.84,EUR,**************8622,IN,24
3eb13b90-4668-5257-bdd6-40fb06671ad1,2026-07-15T04:30:18.722,auth,OK,pacs.008,FAST,343.84,EUR,**************8622,IN,77
3eb13b90-4668-5257-bdd6-40fb06671ad1,2026-07-15T04:30:18.837,validation,OK,pacs.008,FAST,343.84,EUR,**************8622,IN,93
3eb13b90-4668-5257-bdd6-40fb06671ad1,2026-07-15T04:30:18.996,aml,OK,pacs.008,FAST,343.84,EUR,**************8622,IN,176
3eb13b90-4668-5257-bdd6-40fb06671ad1,2026-07-15T04:30:19.078,payment-hub,OK,pacs.008,FAST,343.84,EUR,**************8622,IN,143
3eb13b90-4668-5257-bdd6-40fb06671ad1,2026-07-15T04:30:19.163,core-banking,OK,pacs.008,FAST,343.84,EUR,**************8622,IN,186
3eb13b90-4668-5257-bdd6-40fb06671ad1,2026-07-15T04:30:19.246,settlement,SETTLED,pacs.008,FAST,343.84,EUR,**************8622,IN,324
3eb13b90-4668-5257-bdd6-40fb06671ad1,2026-07-02T08:51:26.950,gateway,OK,MT103,FAST,132.47,EUR,**************9834,MY,37
3eb13b90-4668-5257-bdd6-40fb06671ad1,2026-07-02T08:51:27.041,auth,OK,MT103,FAST,132.47,EUR,**************9834,MY,39
3eb13b90-4668-5257-bdd6-40fb06671ad1,2026-07-02T08:51:27.114,validation,OK,MT103,FAST,132.47,EUR,**************9834,MY,108
3eb13b90-4668-5257-bdd6-40fb06671ad1,2026-07-02T08:51:27.399,aml,OK,MT103,FAST,132.47,EUR,**************9834,MY,184
3eb13b90-4668-5257-bdd6-40fb06671ad1,2026-07-02T08:51:27.624,payment-hub,OK,MT103,FAST,132.47,EUR,**************9834,MY,30
3eb13b90-4668-5257-bdd6-40fb06671ad1,2026-07-02T08:51:27.704,core-banking,OK,MT103,FAST,132.47,EUR,**************9834,MY,231
3eb13b90-4668-5257-bdd6-40fb06671ad1,2026-07-02T08:51:27.767,settlement,SETTLED,MT103,FAST,132.47,EUR,**************9834,MY,344
3eb13b90-4668-5257-bdd6-40fb06671ad1,2026-07-13T07:50:29.805,gateway,OK,MT103,FAST,1001.16,GBP,**************5030,GB,28
3eb13b90-4668-5257-bdd6-40fb06671ad1,2026-07-13T07:50:29.859,auth,OK,MT103,FAST,1001.16,GBP,**************5030,GB,24
3eb13b90-4668-5257-bdd6-40fb06671ad1,2026-07-13T07:50:29.921,validation,OK,MT103,FAST,1001.16,GBP,**************5030,GB,71
3eb13b90-4668-5257-bdd6-40fb06671ad1,2026-07-13T07:50:30.005,aml,OK,MT103,FAST,1001.16,GBP,**************5030,GB,298
3eb13b90-4668-5257-bdd6-40fb06671ad1,2026-07-13T07:50:30.084,payment-hub,OK,MT103,FAST,1001.16,GBP,**************5030,GB,98
3eb13b90-4668-5257-bdd6-40fb06671ad1,2026-07-13T07:50:30.116,core-banking,OK,MT103,FAST,1001.16,GBP,**************5030,GB,226
3eb13b90-4668-5257-bdd6-40fb06671ad1,2026-07-13T07:50:30.382,settlement,SETTLED,MT103,FAST,1001.16,GBP,**************5030,GB,278
3eb13b90-4668-5257-bdd6-40fb06671ad1,2026-07-11T12:03:37.175,gateway,OK,pacs.008,CARDS,955.1,USD,**************3066,US,31
3eb13b90-4668-5257-bdd6-40fb06671ad1,2026-07-11T12:03:37.317,auth,OK,pacs.008,CARDS,955.1,USD,**************3066,US,68
3eb13b90-4668-5257-bdd6-40fb06671ad1,2026-07-11T12:03:37.389,validation,OK,pacs.008,CARDS,955.1,USD,**************3066,US,60
3eb13b90-4668-5257-bdd6-40fb06671ad1,2026-07-11T12:03:37.471,aml,OK,pacs.008,CARDS,955.1,USD,**************3066,US,67
3eb13b90-4668-5257-bdd6-40fb06671ad1,2026-07-11T12:03:37.528,payment-hub,OK,pacs.008,CARDS,955.1,USD,**************3066,US,97
3eb13b90-4668-5257-bdd6-40fb06671ad1,2026-07-11T12:03:37.601,core-banking,OK,pacs.008,CARDS,955.1,USD,**************3066,US,106
3eb13b90-4668-5257-bdd6-40fb06671ad1,2026-07-11T12:03:37.676,settlement,SETTLED,pacs.008,CARDS,955.1,USD,**************3066,US,248
3eb13b90-4668-5257-bdd6-40fb06671ad1,2026-07-09T20:06:31.441,gateway,OK,0200,CARDS,156.07,SGD,**************1486,SG,33
3eb13b90-4668-5257-bdd6-40fb06671ad1,2026-07-09T20:06:31.560,auth,OK,0200,CARDS,156.07,SGD,**************1486,SG,45
3eb13b90-4668-5257-bdd6-40fb06671ad1,2026-07-09T20:06:31.635,validation,OK,0200,CARDS,156.07,SGD,**************1486,SG,56
3eb13b90-4668-5257-bdd6-40fb06671ad1,2026-07-09T20:06:31.903,aml,OK,0200,CARDS,156.07,SGD,**************1486,SG,151
3eb13b90-4668-5257-bdd6-40fb06671ad1,2026-07-09T20:06:32.128,payment-hub,OK,0200,CARDS,156.07,SGD,**************1486,SG,143
3eb13b90-4668-5257-bdd6-40fb06671ad1,2026-07-09T20:06:32.288,core-banking,OK,0200,CARDS,156.07,SGD,**************1486,SG,134
3eb13b90-4668-5257-bdd6-40fb06671ad1,2026-07-09T20:06:32.460,settlement,SETTLED,0200,CARDS,156.07,SGD,**************1486,SG,124
3eb13b90-4668-5257-bdd6-40fb06671ad1,2026-07-15T07:49:19.723,gateway,OK,pacs.008,SWIFT,1299.5,MYR,**************0843,US,47
3eb13b90-4668-5257-bdd6-40fb06671ad1,2026-07-15T07:49:19.841,auth,OK,pacs.008,SWIFT,1299.5,MYR,**************0843,US,42
3eb13b90-4668-5257-bdd6-40fb06671ad1,2026-07-15T07:49:19.991,validation,OK,pacs.008,SWIFT,1299.5,MYR,**************0843,US,85
3eb13b90-4668-5257-bdd6-40fb06671ad1,2026-07-15T07:49:20.194,aml,OK,pacs.008,SWIFT,1299.5,MYR,**************0843,US,205
3eb13b90-4668-5257-bdd6-40fb06671ad1,2026-07-15T07:49:20.237,payment-hub,OK,pacs.008,SWIFT,1299.5,MYR,**************0843,US,48
3eb13b90-4668-5257-bdd6-40fb06671ad1,2026-07-15T07:49:20.367,core-banking,OK,pacs.008,SWIFT,1299.5,MYR,**************0843,US,151
3eb13b90-4668-5257-bdd6-40fb06671ad1,2026-07-15T07:49:20.565,settlement,SETTLED,pacs.008,SWIFT,1299.5,MYR,**************0843,US,351
3eb13b90-4668-5257-bdd6-40fb06671ad1,2026-07-04T04:27:35.746,gateway,OK,pacs.008,FAST,1236.31,EUR,**************8703,US,37
3eb13b90-4668-5257-bdd6-40fb06671ad1,2026-07-04T04:27:35.877,auth,OK,pacs.008,FAST,1236.31,EUR,**************8703,US,49
3eb13b90-4668-5257-bdd6-40fb06671ad1,2026-07-04T04:27:35.980,validation,OK,pacs.008,FAST,1236.31,EUR,**************8703,US,71
3eb13b90-4668-5257-bdd6-40fb06671ad1,2026-07-04T04:27:36.029,aml,OK,pacs.008,FAST,1236.31,EUR,**************8703,US,89
3eb13b90-4668-5257-bdd6-40fb06671ad1,2026-07-04T04:27:36.197,payment-hub,OK,pacs.008,FAST,1236.31,EUR,**************8703,US,148
3eb13b90-4668-5257-bdd6-40fb06671ad1,2026-07-04T04:27:36.270,core-banking,OK,pacs.008,FAST,1236.31,EUR,**************8703,US,198
3eb13b90-4668-5257-bdd6-40fb06671ad1,2026-07-04T04:27:36.317,settlement,SETTLED,pacs.008,FAST,1236.31,EUR,**************8703,US,174
3eb13b90-4668-5257-bdd6-40fb06671ad1,2026-07-02T09:39:46.627,gateway,OK,MT103,SWIFT,539.57,EUR,**************0123,MY,22
3eb13b90-4668-5257-bdd6-40fb06671ad1,2026-07-02T09:39:46.807,auth,OK,MT103,SWIFT,539.57,EUR,**************0123,MY,38
3eb13b90-4668-5257-bdd6-40fb06671ad1,2026-07-02T09:39:46.908,validation,OK,MT103,SWIFT,539.57,EUR,**************0123,MY,36
3eb13b90-4668-5257-bdd6-40fb06671ad1,2026-07-02T09:39:47.031,aml,OK,MT103,SWIFT,539.57,EUR,**************0123,MY,187
3eb13b90-4668-5257-bdd6-40fb06671ad1,2026-07-02T09:39:47.068,payment-hub,OK,MT103,SWIFT,539.57,EUR,**************0123,MY,68
3eb13b90-4668-5257-bdd6-40fb06671ad1,2026-07-02T09:39:47.184,core-banking,OK,MT103,SWIFT,539.57,EUR,**************0123,MY,247
3eb13b90-4668-5257-bdd6-40fb06671ad1,2026-07-02T09:39:47.247,settlement,SETTLED,MT103,SWIFT,539.57,EUR,**************0123,MY,267
3eb13b90-4668-5257-bdd6-40fb06671ad1,2026-07-14T00:50:26.308,gateway,OK,pacs.008,FAST,999.14,USD,**************0796,HK,50
3eb13b90-4668-5257-bdd6-40fb06671ad1,2026-07-14T00:50:26.443,auth,OK,pacs.008,FAST,999.14,USD,**************0796,HK,89
3eb13b90-4668-5257-bdd6-40fb06671ad1,2026-07-14T00:50:26.575,validation,OK,pacs.008,FAST,999.14,USD,**************0796,HK,70
3eb13b90-4668-5257-bdd6-40fb06671ad1,2026-07-14T00:50:26.819,aml,OK,pacs.008,FAST,999.14,USD,**************0796,HK,209
3eb13b90-4668-5257-bdd6-40fb06671ad1,2026-07-14T00:50:26.875,payment-hub,OK,pacs.008,FAST,999.14,USD,**************0796,HK,103
3eb13b90-4668-5257-bdd6-40fb06671ad1,2026-07-14T00:50:26.982,core-banking,OK,pacs.008,FAST,999.14,USD,**************0796,HK,75
3eb13b90-4668-5257-bdd6-40fb06671ad1,2026-07-14T00:50:27.043,settlement,SETTLED,pacs.008,FAST,999.14,USD,**************0796,HK,252
3eb13b90-4668-5257-bdd6-40fb06671ad1,2026-07-15T05:40:08.480,gateway,OK,MT103,FAST,499.08,EUR,**************5171,GB,52
3eb13b90-4668-5257-bdd6-40fb06671ad1,2026-07-15T05:40:08.521,auth,OK,MT103,FAST,499.08,EUR,**************5171,GB,56
3eb13b90-4668-5257-bdd6-40fb06671ad1,2026-07-15T05:40:08.624,validation,OK,MT103,FAST,499.08,EUR,**************5171,GB,47
3eb13b90-4668-5257-bdd6-40fb06671ad1,2026-07-15T05:40:08.805,aml,OK,MT103,FAST,499.08,EUR,**************5171,GB,118
3eb13b90-4668-5257-bdd6-40fb06671ad1,2026-07-15T05:40:08.931,payment-hub,OK,MT103,FAST,499.08,EUR,**************5171,GB,93
3eb13b90-4668-5257-bdd6-40fb06671ad1,2026-07-15T05:40:09.099,core-banking,OK,MT103,FAST,499.08,EUR,**************5171,GB,200
3eb13b90-4668-5257-bdd6-40fb06671ad1,2026-07-15T05:40:09.147,settlement,SETTLED,MT103,FAST,499.08,EUR,**************5171,GB,121
3eb13b90-4668-5257-bdd6-40fb06671ad1,2026-07-06T09:28:03.571,gateway,OK,MT103,FAST,977.46,SGD,**************9572,MY,15
3eb13b90-4668-5257-bdd6-40fb06671ad1,2026-07-06T09:28:03.717,auth,OK,MT103,FAST,977.46,SGD,**************9572,MY,23
3eb13b90-4668-5257-bdd6-40fb06671ad1,2026-07-06T09:28:03.795,validation,OK,MT103,FAST,977.46,SGD,**************9572,MY,119
3eb13b90-4668-5257-bdd6-40fb06671ad1,2026-07-06T09:28:03.924,aml,OK,MT103,FAST,977.46,SGD,**************9572,MY,269
3eb13b90-4668-5257-bdd6-40fb06671ad1,2026-07-06T09:28:04.048,payment-hub,OK,MT103,FAST,977.46,SGD,**************9572,MY,133
3eb13b90-4668-5257-bdd6-40fb06671ad1,2026-07-06T09:28:04.127,core-banking,OK,MT103,FAST,977.46,SGD,**************9572,MY,216
3eb13b90-4668-5257-bdd6-40fb06671ad1,2026-07-06T09:28:04.177,settlement,SETTLED,MT103,FAST,977.46,SGD,**************9572,MY,174
3eb13b90-4668-5257-bdd6-40fb06671ad1,2026-07-10T20:46:29.749,gateway,OK,pacs.008,SWIFT,88.64,MYR,**************6496,SG,25
3eb13b90-4668-5257-bdd6-40fb06671ad1,2026-07-10T20:46:29.801,auth,OK,pacs.008,SWIFT,88.64,MYR,**************6496,SG,57
3eb13b90-4668-5257-bdd6-40fb06671ad1,2026-07-10T20:46:29.869,validation,OK,pacs.008,SWIFT,88.64,MYR,**************6496,SG,25
3eb13b90-4668-5257-bdd6-40fb06671ad1,2026-07-10T20:46:29.940,aml,OK,pacs.008,SWIFT,88.64,MYR,**************6496,SG,193
3eb13b90-4668-5257-bdd6-40fb06671ad1,2026-07-10T20:46:30.195,payment-hub,OK,pacs.008,SWIFT,88.64,MYR,**************6496,SG,83
3eb13b90-4668-5257-bdd6-40fb06671ad1,2026-07-10T20:46:30.236,core-banking,OK,pacs.008,SWIFT,88.64,MYR,**************6496,SG,121
3eb13b90-4668-5257-bdd6-40fb06671ad1,2026-07-10T20:46:30.309,settlement,SETTLED,pacs.008,SWIFT,88.64,MYR,**************6496,SG,150
3eb13b90-4668-5257-bdd6-40fb06671ad1,2026-07-06T01:47:20.598,gateway,OK,MT103,FAST,901.32,SGD,**************8002,US,47
3eb13b90-4668-5257-bdd6-40fb06671ad1,2026-07-06T01:47:20.658,auth,OK,MT103,FAST,901.32,SGD,**************8002,US,33
3eb13b90-4668-5257-bdd6-40fb06671ad1,2026-07-06T01:47:20.901,validation,OK,MT103,FAST,901.32,SGD,**************8002,US,31
3eb13b90-4668-5257-bdd6-40fb06671ad1,2026-07-06T01:47:21.025,aml,OK,MT103,FAST,901.32,SGD,**************8002,US,230
3eb13b90-4668-5257-bdd6-40fb06671ad1,2026-07-06T01:47:21.083,payment-hub,OK,MT103,FAST,901.32,SGD,**************8002,US,64
3eb13b90-4668-5257-bdd6-40fb06671ad1,2026-07-06T01:47:21.304,core-banking,OK,MT103,FAST,901.32,SGD,**************8002,US,242
3eb13b90-4668-5257-bdd6-40fb06671ad1,2026-07-06T01:47:21.362,settlement,SETTLED,MT103,FAST,901.32,SGD,**************8002,US,327
3eb13b90-4668-5257-bdd6-40fb06671ad1,2026-07-07T19:41:24.521,gateway,OK,pacs.008,SWIFT,4757.67,SGD,**************4437,MY,58
3eb13b90-4668-5257-bdd6-40fb06671ad1,2026-07-07T19:41:24.711,auth,OK,pacs.008,SWIFT,4757.67,SGD,**************4437,MY,48
3eb13b90-4668-5257-bdd6-40fb06671ad1,2026-07-07T19:41:24.780,validation,OK,pacs.008,SWIFT,4757.67,SGD,**************4437,MY,73
3eb13b90-4668-5257-bdd6-40fb06671ad1,2026-07-07T19:41:24.899,aml,OK,pacs.008,SWIFT,4757.67,SGD,**************4437,MY,153
3eb13b90-4668-5257-bdd6-40fb06671ad1,2026-07-07T19:41:54.925,payment-hub,OK,pacs.008,SWIFT,4757.67,SGD,**************4437,MY,30
3eb13b90-4668-5257-bdd6-40fb06671ad1,2026-07-07T19:41:55.076,core-banking,OK,pacs.008,SWIFT,4757.67,SGD,**************4437,MY,172
3eb13b90-4668-5257-bdd6-40fb06671ad1,2026-07-07T19:41:55.231,settlement,SETTLED,pacs.008,SWIFT,4757.67,SGD,**************4437,MY,181
3eb13b90-4668-5257-bdd6-40fb06671ad1,2026-07-02T12:14:34.387,gateway,OK,pacs.008,FAST,626.61,EUR,**************2335,US,16
3eb13b90-4668-5257-bdd6-40fb06671ad1,2026-07-02T12:14:34.467,auth,OK,pacs.008,FAST,626.61,EUR,**************2335,US,89
3eb13b90-4668-5257-bdd6-40fb06671ad1,2026-07-02T12:14:34.549,validation,OK,pacs.008,FAST,626.61,EUR,**************2335,US,45
3eb13b90-4668-5257-bdd6-40fb06671ad1,2026-07-02T12:14:34.591,aml,OK,pacs.008,FAST,626.61,EUR,**************2335,US,56
3eb13b90-4668-5257-bdd6-40fb06671ad1,2026-07-02T12:14:34.630,payment-hub,OK,pacs.008,FAST,626.61,EUR,**************2335,US,57
3eb13b90-4668-5257-bdd6-40fb06671ad1,2026-07-02T12:14:34.696,core-banking,OK,pacs.008,FAST,626.61,EUR,**************2335,US,100
3eb13b90-4668-5257-bdd6-40fb06671ad1,2026-07-02T12:14:34.864,settlement,SETTLED,pacs.008,FAST,626.61,EUR,**************2335,US,230
3eb13b90-4668-5257-bdd6-40fb06671ad1,2026-07-13T14:06:00.113,gateway,OK,0200,FAST,171.27,SGD,**************5147,SG,24
3eb13b90-4668-5257-bdd6-40fb06671ad1,2026-07-13T14:06:00.371,auth,OK,0200,FAST,171.27,SGD,**************5147,SG,30
3eb13b90-4668-5257-bdd6-40fb06671ad1,2026-07-13T14:06:00.605,validation,OK,0200,FAST,171.27,SGD,**************5147,SG,71
3eb13b90-4668-5257-bdd6-40fb06671ad1,2026-07-13T14:06:00.658,aml,OK,0200,FAST,171.27,SGD,**************5147,SG,287
3eb13b90-4668-5257-bdd6-40fb06671ad1,2026-07-13T14:06:00.793,payment-hub,OK,0200,FAST,171.27,SGD,**************5147,SG,61
3eb13b90-4668-5257-bdd6-40fb06671ad1,2026-07-13T14:06:00.879,core-banking,OK,0200,FAST,171.27,SGD,**************5147,SG,109
3eb13b90-4668-5257-bdd6-40fb06671ad1,2026-07-13T14:06:00.940,settlement,SETTLED,0200,FAST,171.27,SGD,**************5147,SG,381
3eb13b90-4668-5257-bdd6-40fb06671ad1,2026-07-06T19:58:46.499,gateway,OK,MT103,FAST,1829.22,USD,**************5617,SG,45
3eb13b90-4668-5257-bdd6-40fb06671ad1,2026-07-06T19:58:46.576,auth,OK,MT103,FAST,1829.22,USD,**************5617,SG,67
3eb13b90-4668-5257-bdd6-40fb06671ad1,2026-07-06T19:58:46.653,validation,OK,MT103,FAST,1829.22,USD,**************5617,SG,56
3eb13b90-4668-5257-bdd6-40fb06671ad1,2026-07-06T19:58:46.752,aml,OK,MT103,FAST,1829.22,USD,**************5617,SG,63
3eb13b90-4668-5257-bdd6-40fb06671ad1,2026-07-06T19:58:46.871,payment-hub,OK,MT103,FAST,1829.22,USD,**************5617,SG,139
3eb13b90-4668-5257-bdd6-40fb06671ad1,2026-07-06T19:58:46.932,core-banking,OK,MT103,FAST,1829.22,USD,**************5617,SG,165
3eb13b90-4668-5257-bdd6-40fb06671ad1,2026-07-06T19:58:47.007,settlement,SETTLED,MT103,FAST,1829.22,USD,**************5617,SG,190
3eb13b90-4668-5257-bdd6-40fb06671ad1,2026-07-03T11:59:42.797,gateway,OK,pacs.008,FAST,560.59,SGD,**************2664,US,43
3eb13b90-4668-5257-bdd6-40fb06671ad1,2026-07-03T11:59:42.909,auth,OK,pacs.008,FAST,560.59,SGD,**************2664,US,82
3eb13b90-4668-5257-bdd6-40fb06671ad1,2026-07-03T11:59:42.993,validation,REJECTED,pacs.008,FAST,560.59,SGD,**************2664,US,82
3eb13b90-4668-5257-bdd6-40fb06671ad1,2026-07-02T04:40:54.637,gateway,OK,pacs.008,SWIFT,533.34,GBP,**************8667,GB,31
3eb13b90-4668-5257-bdd6-40fb06671ad1,2026-07-02T04:40:54.702,auth,OK,pacs.008,SWIFT,533.34,GBP,**************8667,GB,80
3eb13b90-4668-5257-bdd6-40fb06671ad1,2026-07-02T04:40:54.781,validation,OK,pacs.008,SWIFT,533.34,GBP,**************8667,GB,80
3eb13b90-4668-5257-bdd6-40fb06671ad1,2026-07-02T04:40:54.852,aml,OK,pacs.008,SWIFT,533.34,GBP,**************8667,GB,56
3eb13b90-4668-5257-bdd6-40fb06671ad1,2026-07-02T04:40:54.895,payment-hub,OK,pacs.008,SWIFT,533.34,GBP,**************8667,GB,36
3eb13b90-4668-5257-bdd6-40fb06671ad1,2026-07-02T04:40:55.038,core-banking,OK,pacs.008,SWIFT,533.34,GBP,**************8667,GB,188
3eb13b90-4668-5257-bdd6-40fb06671ad1,2026-07-02T04:40:55.164,settlement,SETTLED,pacs.008,SWIFT,533.34,GBP,**************8667,GB,376
3eb13b90-4668-5257-bdd6-40fb06671ad1,2026-07-04T23:55:04.509,gateway,OK,pacs.008,FAST,804.43,SGD,**************8547,MY,16
3eb13b90-4668-5257-bdd6-40fb06671ad1,2026-07-04T23:55:04.633,auth,OK,pacs.008,FAST,804.43,SGD,**************8547,MY,31
3eb13b90-4668-5257-bdd6-40fb06671ad1,2026-07-04T23:55:04.735,validation,OK,pacs.008,FAST,804.43,SGD,**************8547,MY,29
3eb13b90-4668-5257-bdd6-40fb06671ad1,2026-07-04T23:55:04.827,aml,OK,pacs.008,FAST,804.43,SGD,**************8547,MY,149
3eb13b90-4668-5257-bdd6-40fb06671ad1,2026-07-04T23:55:04.894,payment-hub,OK,pacs.008,FAST,804.43,SGD,**************8547,MY,86
3eb13b90-4668-5257-bdd6-40fb06671ad1,2026-07-04T23:55:05.039,core-banking,OK,pacs.008,FAST,804.43,SGD,**************8547,MY,84
3eb13b90-4668-5257-bdd6-40fb06671ad1,2026-07-04T23:55:05.251,settlement,SETTLED,pacs.008,FAST,804.43,SGD,**************8547,MY,64
3eb13b90-4668-5257-bdd6-40fb06671ad1,2026-07-05T11:43:20.072,gateway,OK,pacs.008,FAST,162.71,SGD,**************0830,SG,24
3eb13b90-4668-5257-bdd6-40fb06671ad1,2026-07-05T11:43:20.156,auth,OK,pacs.008,FAST,162.71,SGD,**************0830,SG,61
3eb13b90-4668-5257-bdd6-40fb06671ad1,2026-07-05T11:43:20.265,validation,OK,pacs.008,FAST,162.71,SGD,**************0830,SG,82
3eb13b90-4668-5257-bdd6-40fb06671ad1,2026-07-05T11:43:20.438,aml,OK,pacs.008,FAST,162.71,SGD,**************0830,SG,179
3eb13b90-4668-5257-bdd6-40fb06671ad1,2026-07-05T11:43:20.589,payment-hub,OK,pacs.008,FAST,162.71,SGD,**************0830,SG,126
3eb13b90-4668-5257-bdd6-40fb06671ad1,2026-07-05T11:43:20.687,core-banking,OK,pacs.008,FAST,162.71,SGD,**************0830,SG,110
3eb13b90-4668-5257-bdd6-40fb06671ad1,2026-07-05T11:43:20.766,settlement,SETTLED,pacs.008,FAST,162.71,SGD,**************0830,SG,217
3eb13b90-4668-5257-bdd6-40fb06671ad1,2026-07-02T12:49:49.904,gateway,OK,pacs.008,FAST,1041.24,USD,**************8422,US,15
3eb13b90-4668-5257-bdd6-40fb06671ad1,2026-07-02T12:49:50.036,auth,OK,pacs.008,FAST,1041.24,USD,**************8422,US,34
3eb13b90-4668-5257-bdd6-40fb06671ad1,2026-07-02T12:49:50.125,validation,OK,pacs.008,FAST,1041.24,USD,**************8422,US,88
3eb13b90-4668-5257-bdd6-40fb06671ad1,2026-07-02T12:49:50.211,aml,OK,pacs.008,FAST,1041.24,USD,**************8422,US,112
3eb13b90-4668-5257-bdd6-40fb06671ad1,2026-07-02T12:49:50.258,payment-hub,OK,pacs.008,FAST,1041.24,USD,**************8422,US,118
3eb13b90-4668-5257-bdd6-40fb06671ad1,2026-07-02T12:49:50.324,core-banking,OK,pacs.008,FAST,1041.24,USD,**************8422,US,239
3eb13b90-4668-5257-bdd6-40fb06671ad1,2026-07-02T12:49:50.396,settlement,SETTLED,pacs.008,FAST,1041.24,USD,**************8422,US,283
3eb13b90-4668-5257-bdd6-40fb06671ad1,2026-07-13T20:16:53.587,gateway,OK,pacs.008,SWIFT,2595.85,SGD,**************3653,SG,24
3eb13b90-4668-5257-bdd6-40fb06671ad1,2026-07-13T20:16:53.693,auth,OK,pacs.008,SWIFT,2595.85,SGD,**************3653,SG,73
3eb13b90-4668-5257-bdd6-40fb06671ad1,2026-07-13T20:16:53.754,validation,OK,pacs.008,SWIFT,2595.85,SGD,**************3653,SG,58
3eb13b90-4668-5257-bdd6-40fb06671ad1,2026-07-13T20:16:53.832,aml,OK,pacs.008,SWIFT,2595.85,SGD,**************3653,SG,256
3eb13b90-4668-5257-bdd6-40fb06671ad1,2026-07-13T20:16:54.046,payment-hub,OK,pacs.008,SWIFT,2595.85,SGD,**************3653,SG,39
3eb13b90-4668-5257-bdd6-40fb06671ad1,2026-07-13T20:16:54.113,core-banking,OK,pacs.008,SWIFT,2595.85,SGD,**************3653,SG,84
3eb13b90-4668-5257-bdd6-40fb06671ad1,2026-07-13T20:16:54.184,settlement,SETTLED,pacs.008,SWIFT,2595.85,SGD,**************3653,SG,263
3eb13b90-4668-5257-bdd6-40fb06671ad1,2026-07-05T17:52:20.811,gateway,OK,pacs.008,FAST,540.56,SGD,**************9697,GB,43
3eb13b90-4668-5257-bdd6-40fb06671ad1,2026-07-05T17:52:20.899,auth,OK,pacs.008,FAST,540.56,SGD,**************9697,GB,49
3eb13b90-4668-5257-bdd6-40fb06671ad1,2026-07-05T17:52:20.966,validation,OK,pacs.008,FAST,540.56,SGD,**************9697,GB,95
3eb13b90-4668-5257-bdd6-40fb06671ad1,2026-07-05T17:52:21.091,aml,OK,pacs.008,FAST,540.56,SGD,**************9697,GB,262
3eb13b90-4668-5257-bdd6-40fb06671ad1,2026-07-05T17:52:21.143,payment-hub,OK,pacs.008,FAST,540.56,SGD,**************9697,GB,143
3eb13b90-4668-5257-bdd6-40fb06671ad1,2026-07-05T17:52:21.188,core-banking,OK,pacs.008,FAST,540.56,SGD,**************9697,GB,225
3eb13b90-4668-5257-bdd6-40fb06671ad1,2026-07-05T17:52:51.212,settlement,SETTLED,pacs.008,FAST,540.56,SGD,**************9697,GB,131
3eb13b90-4668-5257-bdd6-40fb06671ad1,2026-07-04T06:05:42.786,gateway,OK,MT103,FAST,336.03,USD,**************0621,MY,33
3eb13b90-4668-5257-bdd6-40fb06671ad1,2026-07-04T06:05:42.825,auth,OK,MT103,FAST,336.03,USD,**************0621,MY,23
3eb13b90-4668-5257-bdd6-40fb06671ad1,2026-07-04T06:05:42.931,validation,OK,MT103,FAST,336.03,USD,**************0621,MY,98
3eb13b90-4668-5257-bdd6-40fb06671ad1,2026-07-04T06:05:43.097,aml,TIMEOUT,MT103,FAST,336.03,USD,**************0621,MY,30000
3eb13b90-4668-5257-bdd6-40fb06671ad1,2026-07-04T06:05:43.257,payment-hub,FAILED,MT103,FAST,336.03,USD,**************0621,MY,32
3eb13b90-4668-5257-bdd6-40fb06671ad1,2026-07-13T07:55:39.769,gateway,OK,MT103,FAST,223.16,SGD,**************7173,MY,20
3eb13b90-4668-5257-bdd6-40fb06671ad1,2026-07-13T07:55:39.838,auth,OK,MT103,FAST,223.16,SGD,**************7173,MY,71
3eb13b90-4668-5257-bdd6-40fb06671ad1,2026-07-13T07:55:39.909,validation,OK,MT103,FAST,223.16,SGD,**************7173,MY,100
3eb13b90-4668-5257-bdd6-40fb06671ad1,2026-07-13T07:55:39.999,aml,OK,MT103,FAST,223.16,SGD,**************7173,MY,271
3eb13b90-4668-5257-bdd6-40fb06671ad1,2026-07-13T07:55:40.269,payment-hub,OK,MT103,FAST,223.16,SGD,**************7173,MY,117
3eb13b90-4668-5257-bdd6-40fb06671ad1,2026-07-13T07:55:40.348,core-banking,OK,MT103,FAST,223.16,SGD,**************7173,MY,229
3eb13b90-4668-5257-bdd6-40fb06671ad1,2026-07-13T07:55:40.427,settlement,SETTLED,MT103,FAST,223.16,SGD,**************7173,MY,256
3eb13b90-4668-5257-bdd6-40fb06671ad1,2026-07-02T18:37:25.968,gateway,OK,0200,CARDS,453.9,USD,**************6313,GB,54
3eb13b90-4668-5257-bdd6-40fb06671ad1,2026-07-02T18:37:26.047,auth,OK,0200,CARDS,453.9,USD,**************6313,GB,65
3eb13b90-4668-5257-bdd6-40fb06671ad1,2026-07-02T18:37:26.341,validation,OK,0200,CARDS,453.9,USD,**************6313,GB,104
3eb13b90-4668-5257-bdd6-40fb06671ad1,2026-07-02T18:37:26.591,aml,OK,0200,CARDS,453.9,USD,**************6313,GB,280
3eb13b90-4668-5257-bdd6-40fb06671ad1,2026-07-02T18:37:26.821,payment-hub,OK,0200,CARDS,453.9,USD,**************6313,GB,82
3eb13b90-4668-5257-bdd6-40fb06671ad1,2026-07-02T18:37:27.128,core-banking,OK,0200,CARDS,453.9,USD,**************6313,GB,158
3eb13b90-4668-5257-bdd6-40fb06671ad1,2026-07-02T18:37:27.240,settlement,SETTLED,0200,CARDS,453.9,USD,**************6313,GB,98
3eb13b90-4668-5257-bdd6-40fb06671ad1,2026-07-09T03:53:04.834,gateway,OK,pacs.008,SWIFT,1203.79,EUR,**************6251,MY,48
3eb13b90-4668-5257-bdd6-40fb06671ad1,2026-07-09T03:53:04.949,auth,OK,pacs.008,SWIFT,1203.79,EUR,**************6251,MY,84
3eb13b90-4668-5257-bdd6-40fb06671ad1,2026-07-09T03:53:05.072,validation,OK,pacs.008,SWIFT,1203.79,EUR,**************6251,MY,78
3eb13b90-4668-5257-bdd6-40fb06671ad1,2026-07-09T03:53:05.270,aml,OK,pacs.008,SWIFT,1203.79,EUR,**************6251,MY,244
3eb13b90-4668-5257-bdd6-40fb06671ad1,2026-07-09T03:53:05.349,payment-hub,OK,pacs.008,SWIFT,1203.79,EUR,**************6251,MY,120
3eb13b90-4668-5257-bdd6-40fb06671ad1,2026-07-09T03:53:05.501,core-banking,OK,pacs.008,SWIFT,1203.79,EUR,**************6251,MY,117
3eb13b90-4668-5257-bdd6-40fb06671ad1,2026-07-09T03:53:05.582,settlement,SETTLED,pacs.008,SWIFT,1203.79,EUR,**************6251,MY,253
3eb13b90-4668-5257-bdd6-40fb06671ad1,2026-07-03T07:25:34.309,gateway,OK,pacs.008,CARDS,182.99,GBP,**************4042,SG,15
3eb13b90-4668-5257-bdd6-40fb06671ad1,2026-07-03T07:25:34.411,auth,OK,pacs.008,CARDS,182.99,GBP,**************4042,SG,85
3eb13b90-4668-5257-bdd6-40fb06671ad1,2026-07-03T07:25:34.589,validation,OK,pacs.008,CARDS,182.99,GBP,**************4042,SG,43
3eb13b90-4668-5257-bdd6-40fb06671ad1,2026-07-03T07:25:34.727,aml,OK,pacs.008,CARDS,182.99,GBP,**************4042,SG,144
3eb13b90-4668-5257-bdd6-40fb06671ad1,2026-07-03T07:25:34.905,payment-hub,OK,pacs.008,CARDS,182.99,GBP,**************4042,SG,45
3eb13b90-4668-5257-bdd6-40fb06671ad1,2026-07-03T07:25:35.128,core-banking,OK,pacs.008,CARDS,182.99,GBP,**************4042,SG,190
3eb13b90-4668-5257-bdd6-40fb06671ad1,2026-07-03T07:25:35.238,settlement,SETTLED,pacs.008,CARDS,182.99,GBP,**************4042,SG,177
3eb13b90-4668-5257-bdd6-40fb06671ad1,2026-07-03T22:54:01.920,gateway,OK,pacs.008,CARDS,137.92,EUR,**************8311,SG,16
3eb13b90-4668-5257-bdd6-40fb06671ad1,2026-07-03T22:54:01.980,auth,OK,pacs.008,CARDS,137.92,EUR,**************8311,SG,71
3eb13b90-4668-5257-bdd6-40fb06671ad1,2026-07-03T22:54:02.136,validation,OK,pacs.008,CARDS,137.92,EUR,**************8311,SG,82
3eb13b90-4668-5257-bdd6-40fb06671ad1,2026-07-03T22:54:02.316,aml,OK,pacs.008,CARDS,137.92,EUR,**************8311,SG,261
3eb13b90-4668-5257-bdd6-40fb06671ad1,2026-07-03T22:54:02.430,payment-hub,OK,pacs.008,CARDS,137.92,EUR,**************8311,SG,46
3eb13b90-4668-5257-bdd6-40fb06671ad1,2026-07-03T22:54:02.553,core-banking,OK,pacs.008,CARDS,137.92,EUR,**************8311,SG,171
3eb13b90-4668-5257-bdd6-40fb06671ad1,2026-07-03T22:54:02.635,settlement,SETTLED,pacs.008,CARDS,137.92,EUR,**************8311,SG,193
3eb13b90-4668-5257-bdd6-40fb06671ad1,2026-07-10T04:54:34.206,gateway,OK,pacs.008,FAST,279.4,SGD,**************9098,IN,31
3eb13b90-4668-5257-bdd6-40fb06671ad1,2026-07-10T04:55:04.224,auth,OK,pacs.008,FAST,279.4,SGD,**************9098,IN,81
3eb13b90-4668-5257-bdd6-40fb06671ad1,2026-07-10T04:55:04.290,validation,OK,pacs.008,FAST,279.4,SGD,**************9098,IN,61
3eb13b90-4668-5257-bdd6-40fb06671ad1,2026-07-10T04:55:04.330,aml,OK,pacs.008,FAST,279.4,SGD,**************9098,IN,147
3eb13b90-4668-5257-bdd6-40fb06671ad1,2026-07-10T04:55:04.442,payment-hub,OK,pacs.008,FAST,279.4,SGD,**************9098,IN,113
3eb13b90-4668-5257-bdd6-40fb06671ad1,2026-07-10T04:55:04.562,core-banking,OK,pacs.008,FAST,279.4,SGD,**************9098,IN,78
3eb13b90-4668-5257-bdd6-40fb06671ad1,2026-07-10T04:55:04.851,settlement,SETTLED,pacs.008,FAST,279.4,SGD,**************9098,IN,73
3eb13b90-4668-5257-bdd6-40fb06671ad1,2026-07-06T10:23:15.005,gateway,OK,pacs.008,SWIFT,11449.14,GBP,**************8706,SG,39
3eb13b90-4668-5257-bdd6-40fb06671ad1,2026-07-06T10:23:45.024,auth,OK,pacs.008,SWIFT,11449.14,GBP,**************8706,SG,35
3eb13b90-4668-5257-bdd6-40fb06671ad1,2026-07-06T10:23:45.128,validation,OK,pacs.008,SWIFT,11449.14,GBP,**************8706,SG,84
3eb13b90-4668-5257-bdd6-40fb06671ad1,2026-07-06T10:23:45.182,aml,OK,pacs.008,SWIFT,11449.14,GBP,**************8706,SG,239
3eb13b90-4668-5257-bdd6-40fb06671ad1,2026-07-06T10:23:45.237,payment-hub,OK,pacs.008,SWIFT,11449.14,GBP,**************8706,SG,112
3eb13b90-4668-5257-bdd6-40fb06671ad1,2026-07-06T10:23:45.360,core-banking,OK,pacs.008,SWIFT,11449.14,GBP,**************8706,SG,214
3eb13b90-4668-5257-bdd6-40fb06671ad1,2026-07-06T10:23:45.552,settlement,SETTLED,pacs.008,SWIFT,11449.14,GBP,**************8706,SG,194
3eb13b90-4668-5257-bdd6-40fb06671ad1,2026-07-03T16:18:34.313,gateway,OK,pacs.008,FAST,289.18,SGD,**************9621,SG,45
3eb13b90-4668-5257-bdd6-40fb06671ad1,2026-07-03T16:18:34.491,auth,OK,pacs.008,FAST,289.18,SGD,**************9621,SG,65
3eb13b90-4668-5257-bdd6-40fb06671ad1,2026-07-03T16:18:34.576,validation,OK,pacs.008,FAST,289.18,SGD,**************9621,SG,43
3eb13b90-4668-5257-bdd6-40fb06671ad1,2026-07-03T16:18:34.628,aml,OK,pacs.008,FAST,289.18,SGD,**************9621,SG,173
3eb13b90-4668-5257-bdd6-40fb06671ad1,2026-07-03T16:18:34.697,payment-hub,OK,pacs.008,FAST,289.18,SGD,**************9621,SG,88
3eb13b90-4668-5257-bdd6-40fb06671ad1,2026-07-03T16:18:34.774,core-banking,OK,pacs.008,FAST,289.18,SGD,**************9621,SG,219
3eb13b90-4668-5257-bdd6-40fb06671ad1,2026-07-03T16:18:34.969,settlement,SETTLED,pacs.008,FAST,289.18,SGD,**************9621,SG,385
3eb13b90-4668-5257-bdd6-40fb06671ad1,2026-07-09T22:21:20.375,gateway,OK,pacs.008,FAST,383.08,USD,**************4846,US,41
3eb13b90-4668-5257-bdd6-40fb06671ad1,2026-07-09T22:21:20.551,auth,OK,pacs.008,FAST,383.08,USD,**************4846,US,86
3eb13b90-4668-5257-bdd6-40fb06671ad1,2026-07-09T22:21:20.613,validation,OK,pacs.008,FAST,383.08,USD,**************4846,US,44
3eb13b90-4668-5257-bdd6-40fb06671ad1,2026-07-09T22:21:20.852,aml,OK,pacs.008,FAST,383.08,USD,**************4846,US,181
3eb13b90-4668-5257-bdd6-40fb06671ad1,2026-07-09T22:21:20.894,payment-hub,OK,pacs.008,FAST,383.08,USD,**************4846,US,38
3eb13b90-4668-5257-bdd6-40fb06671ad1,2026-07-09T22:21:21.039,core-banking,OK,pacs.008,FAST,383.08,USD,**************4846,US,245
3eb13b90-4668-5257-bdd6-40fb06671ad1,2026-07-09T22:21:21.106,settlement,SETTLED,pacs.008,FAST,383.08,USD,**************4846,US,290
3eb13b90-4668-5257-bdd6-40fb06671ad1,2026-07-02T06:14:09.093,gateway,OK,MT103,FAST,1969.97,USD,**************2714,SG,57
3eb13b90-4668-5257-bdd6-40fb06671ad1,2026-07-02T06:14:09.277,auth,OK,MT103,FAST,1969.97,USD,**************2714,SG,87
3eb13b90-4668-5257-bdd6-40fb06671ad1,2026-07-02T06:14:09.370,validation,OK,MT103,FAST,1969.97,USD,**************2714,SG,104
3eb13b90-4668-5257-bdd6-40fb06671ad1,2026-07-02T06:14:09.431,aml,OK,MT103,FAST,1969.97,USD,**************2714,SG,123
3eb13b90-4668-5257-bdd6-40fb06671ad1,2026-07-02T06:14:09.596,payment-hub,OK,MT103,FAST,1969.97,USD,**************2714,SG,112
3eb13b90-4668-5257-bdd6-40fb06671ad1,2026-07-02T06:14:09.717,core-banking,OK,MT103,FAST,1969.97,USD,**************2714,SG,180
3eb13b90-4668-5257-bdd6-40fb06671ad1,2026-07-02T06:14:09.922,settlement,SETTLED,MT103,FAST,1969.97,USD,**************2714,SG,123
3eb13b90-4668-5257-bdd6-40fb06671ad1,2026-07-15T00:25:21.254,gateway,OK,MT103,FAST,405.39,SGD,**************0374,SG,35
3eb13b90-4668-5257-bdd6-40fb06671ad1,2026-07-15T00:25:21.426,auth,OK,MT103,FAST,405.39,SGD,**************0374,SG,83
3eb13b90-4668-5257-bdd6-40fb06671ad1,2026-07-15T00:25:21.600,validation,OK,MT103,FAST,405.39,SGD,**************0374,SG,77
3eb13b90-4668-5257-bdd6-40fb06671ad1,2026-07-15T00:25:21.735,aml,OK,MT103,FAST,405.39,SGD,**************0374,SG,241
3eb13b90-4668-5257-bdd6-40fb06671ad1,2026-07-15T00:25:21.969,payment-hub,OK,MT103,FAST,405.39,SGD,**************0374,SG,69
3eb13b90-4668-5257-bdd6-40fb06671ad1,2026-07-15T00:25:22.063,core-banking,OK,MT103,FAST,405.39,SGD,**************0374,SG,155
3eb13b90-4668-5257-bdd6-40fb06671ad1,2026-07-15T00:25:22.166,settlement,SETTLED,MT103,FAST,405.39,SGD,**************0374,SG,240
3eb13b90-4668-5257-bdd6-40fb06671ad1,2026-07-02T22:35:12.022,gateway,OK,pacs.008,FAST,580.34,USD,**************6116,SG,37
3eb13b90-4668-5257-bdd6-40fb06671ad1,2026-07-02T22:35:12.141,auth,OK,pacs.008,FAST,580.34,USD,**************6116,SG,38
3eb13b90-4668-5257-bdd6-40fb06671ad1,2026-07-02T22:35:12.360,validation,OK,pacs.008,FAST,580.34,USD,**************6116,SG,66
3eb13b90-4668-5257-bdd6-40fb06671ad1,2026-07-02T22:35:12.420,aml,OK,pacs.008,FAST,580.34,USD,**************6116,SG,54
3eb13b90-4668-5257-bdd6-40fb06671ad1,2026-07-02T22:35:12.458,payment-hub,OK,pacs.008,FAST,580.34,USD,**************6116,SG,94
3eb13b90-4668-5257-bdd6-40fb06671ad1,2026-07-02T22:35:12.555,core-banking,OK,pacs.008,FAST,580.34,USD,**************6116,SG,148
3eb13b90-4668-5257-bdd6-40fb06671ad1,2026-07-02T22:35:12.784,settlement,SETTLED,pacs.008,FAST,580.34,USD,**************6116,SG,292
3eb13b90-4668-5257-bdd6-40fb06671ad1,2026-07-10T03:54:33.947,gateway,OK,pacs.008,FAST,329.57,SGD,**************6406,MY,24
3eb13b90-4668-5257-bdd6-40fb06671ad1,2026-07-10T03:54:34.038,auth,OK,pacs.008,FAST,329.57,SGD,**************6406,MY,53
3eb13b90-4668-5257-bdd6-40fb06671ad1,2026-07-10T03:54:34.104,validation,OK,pacs.008,FAST,329.57,SGD,**************6406,MY,92
3eb13b90-4668-5257-bdd6-40fb06671ad1,2026-07-10T03:54:34.417,aml,OK,pacs.008,FAST,329.57,SGD,**************6406,MY,113
3eb13b90-4668-5257-bdd6-40fb06671ad1,2026-07-10T03:54:34.485,payment-hub,OK,pacs.008,FAST,329.57,SGD,**************6406,MY,83
3eb13b90-4668-5257-bdd6-40fb06671ad1,2026-07-10T03:54:34.591,core-banking,OK,pacs.008,FAST,329.57,SGD,**************6406,MY,127
3eb13b90-4668-5257-bdd6-40fb06671ad1,2026-07-10T03:54:34.797,settlement,SETTLED,pacs.008,FAST,329.57,SGD,**************6406,MY,98
3eb13b90-4668-5257-bdd6-40fb06671ad1,2026-07-02T09:09:32.418,gateway,OK,pacs.008,SWIFT,1111.5,USD,**************9671,US,35
3eb13b90-4668-5257-bdd6-40fb06671ad1,2026-07-02T09:09:32.461,auth,OK,pacs.008,SWIFT,1111.5,USD,**************9671,US,87
3eb13b90-4668-5257-bdd6-40fb06671ad1,2026-07-02T09:09:32.537,validation,OK,pacs.008,SWIFT,1111.5,USD,**************9671,US,84
3eb13b90-4668-5257-bdd6-40fb06671ad1,2026-07-02T09:09:32.805,aml,OK,pacs.008,SWIFT,1111.5,USD,**************9671,US,78
3eb13b90-4668-5257-bdd6-40fb06671ad1,2026-07-02T09:09:32.890,payment-hub,OK,pacs.008,SWIFT,1111.5,USD,**************9671,US,58
3eb13b90-4668-5257-bdd6-40fb06671ad1,2026-07-02T09:09:33.146,core-banking,OK,pacs.008,SWIFT,1111.5,USD,**************9671,US,158
3eb13b90-4668-5257-bdd6-40fb06671ad1,2026-07-02T09:09:33.222,settlement,SETTLED,pacs.008,SWIFT,1111.5,USD,**************9671,US,289
3eb13b90-4668-5257-bdd6-40fb06671ad1,2026-07-10T12:31:17.112,gateway,OK,pacs.008,FAST,730.08,USD,**************6473,IN,50
3eb13b90-4668-5257-bdd6-40fb06671ad1,2026-07-10T12:31:17.198,auth,OK,pacs.008,FAST,730.08,USD,**************6473,IN,39
3eb13b90-4668-5257-bdd6-40fb06671ad1,2026-07-10T12:31:17.267,validation,OK,pacs.008,FAST,730.08,USD,**************6473,IN,46
3eb13b90-4668-5257-bdd6-40fb06671ad1,2026-07-10T12:31:17.315,aml,OK,pacs.008,FAST,730.08,USD,**************6473,IN,243
3eb13b90-4668-5257-bdd6-40fb06671ad1,2026-07-10T12:31:17.398,payment-hub,OK,pacs.008,FAST,730.08,USD,**************6473,IN,140
3eb13b90-4668-5257-bdd6-40fb06671ad1,2026-07-10T12:31:17.506,core-banking,OK,pacs.008,FAST,730.08,USD,**************6473,IN,133
3eb13b90-4668-5257-bdd6-40fb06671ad1,2026-07-10T12:31:17.589,settlement,SETTLED,pacs.008,FAST,730.08,USD,**************6473,IN,98
3eb13b90-4668-5257-bdd6-40fb06671ad1,2026-07-07T21:02:20.668,gateway,OK,0200,FAST,846.64,MYR,**************4379,HK,27
3eb13b90-4668-5257-bdd6-40fb06671ad1,2026-07-07T21:02:20.894,auth,OK,0200,FAST,846.64,MYR,**************4379,HK,53
3eb13b90-4668-5257-bdd6-40fb06671ad1,2026-07-07T21:02:20.959,validation,OK,0200,FAST,846.64,MYR,**************4379,HK,72
3eb13b90-4668-5257-bdd6-40fb06671ad1,2026-07-07T21:02:21.038,aml,OK,0200,FAST,846.64,MYR,**************4379,HK,85
3eb13b90-4668-5257-bdd6-40fb06671ad1,2026-07-07T21:02:51.048,payment-hub,OK,0200,FAST,846.64,MYR,**************4379,HK,137
3eb13b90-4668-5257-bdd6-40fb06671ad1,2026-07-07T21:02:51.203,core-banking,OK,0200,FAST,846.64,MYR,**************4379,HK,126
3eb13b90-4668-5257-bdd6-40fb06671ad1,2026-07-07T21:02:51.345,settlement,SETTLED,0200,FAST,846.64,MYR,**************4379,HK,375
3eb13b90-4668-5257-bdd6-40fb06671ad1,2026-07-03T03:53:15.205,gateway,OK,pacs.008,FAST,1677.13,EUR,**************2029,IN,50
3eb13b90-4668-5257-bdd6-40fb06671ad1,2026-07-03T03:53:15.301,auth,OK,pacs.008,FAST,1677.13,EUR,**************2029,IN,42
3eb13b90-4668-5257-bdd6-40fb06671ad1,2026-07-03T03:53:15.335,validation,OK,pacs.008,FAST,1677.13,EUR,**************2029,IN,38
3eb13b90-4668-5257-bdd6-40fb06671ad1,2026-07-03T03:53:15.416,aml,OK,pacs.008,FAST,1677.13,EUR,**************2029,IN,273
3eb13b90-4668-5257-bdd6-40fb06671ad1,2026-07-03T03:53:15.625,payment-hub,OK,pacs.008,FAST,1677.13,EUR,**************2029,IN,102
3eb13b90-4668-5257-bdd6-40fb06671ad1,2026-07-03T03:53:15.701,core-banking,OK,pacs.008,FAST,1677.13,EUR,**************2029,IN,102
3eb13b90-4668-5257-bdd6-40fb06671ad1,2026-07-03T03:53:15.844,settlement,SETTLED,pacs.008,FAST,1677.13,EUR,**************2029,IN,230
3eb13b90-4668-5257-bdd6-40fb06671ad1,2026-07-04T06:07:58.112,gateway,OK,MT103,CARDS,286.32,MYR,**************0324,GB,49
3eb13b90-4668-5257-bdd6-40fb06671ad1,2026-07-04T06:07:58.330,auth,OK,MT103,CARDS,286.32,MYR,**************0324,GB,44
3eb13b90-4668-5257-bdd6-40fb06671ad1,2026-07-04T06:07:58.479,validation,OK,MT103,CARDS,286.32,MYR,**************0324,GB,74
3eb13b90-4668-5257-bdd6-40fb06671ad1,2026-07-04T06:07:58.564,aml,OK,MT103,CARDS,286.32,MYR,**************0324,GB,208
3eb13b90-4668-5257-bdd6-40fb06671ad1,2026-07-04T06:07:58.621,payment-hub,OK,MT103,CARDS,286.32,MYR,**************0324,GB,143
3eb13b90-4668-5257-bdd6-40fb06671ad1,2026-07-04T06:07:58.716,core-banking,OK,MT103,CARDS,286.32,MYR,**************0324,GB,51
3eb13b90-4668-5257-bdd6-40fb06671ad1,2026-07-04T06:07:58.885,settlement,SETTLED,MT103,CARDS,286.32,MYR,**************0324,GB,99
3eb13b90-4668-5257-bdd6-40fb06671ad1,2026-07-02T12:10:23.337,gateway,OK,pacs.008,FAST,348.76,MYR,**************9106,IN,17
3eb13b90-4668-5257-bdd6-40fb06671ad1,2026-07-02T12:10:23.388,auth,OK,pacs.008,FAST,348.76,MYR,**************9106,IN,62
3eb13b90-4668-5257-bdd6-40fb06671ad1,2026-07-02T12:10:23.502,validation,OK,pacs.008,FAST,348.76,MYR,**************9106,IN,53
3eb13b90-4668-5257-bdd6-40fb06671ad1,2026-07-02T12:10:23.581,aml,OK,pacs.008,FAST,348.76,MYR,**************9106,IN,77
3eb13b90-4668-5257-bdd6-40fb06671ad1,2026-07-02T12:10:23.740,payment-hub,OK,pacs.008,FAST,348.76,MYR,**************9106,IN,70
3eb13b90-4668-5257-bdd6-40fb06671ad1,2026-07-02T12:10:23.798,core-banking,OK,pacs.008,FAST,348.76,MYR,**************9106,IN,179
3eb13b90-4668-5257-bdd6-40fb06671ad1,2026-07-02T12:10:23.895,settlement,SETTLED,pacs.008,FAST,348.76,MYR,**************9106,IN,163
3eb13b90-4668-5257-bdd6-40fb06671ad1,2026-07-10T02:18:48.832,gateway,OK,MT103,FAST,50.64,SGD,**************4874,SG,53
3eb13b90-4668-5257-bdd6-40fb06671ad1,2026-07-10T02:18:48.946,auth,OK,MT103,FAST,50.64,SGD,**************4874,SG,77
3eb13b90-4668-5257-bdd6-40fb06671ad1,2026-07-10T02:18:49.006,validation,OK,MT103,FAST,50.64,SGD,**************4874,SG,34
3eb13b90-4668-5257-bdd6-40fb06671ad1,2026-07-10T02:18:49.231,aml,OK,MT103,FAST,50.64,SGD,**************4874,SG,240
3eb13b90-4668-5257-bdd6-40fb06671ad1,2026-07-10T02:18:49.323,payment-hub,OK,MT103,FAST,50.64,SGD,**************4874,SG,82
3eb13b90-4668-5257-bdd6-40fb06671ad1,2026-07-10T02:18:49.381,core-banking,OK,MT103,FAST,50.64,SGD,**************4874,SG,76
3eb13b90-4668-5257-bdd6-40fb06671ad1,2026-07-10T02:18:49.557,settlement,SETTLED,MT103,FAST,50.64,SGD,**************4874,SG,303
3eb13b90-4668-5257-bdd6-40fb06671ad1,2026-07-14T04:54:16.649,gateway,OK,pacs.008,FAST,522.76,SGD,**************7833,SG,41
3eb13b90-4668-5257-bdd6-40fb06671ad1,2026-07-14T04:54:16.786,auth,OK,pacs.008,FAST,522.76,SGD,**************7833,SG,71
3eb13b90-4668-5257-bdd6-40fb06671ad1,2026-07-14T04:54:17.045,validation,OK,pacs.008,FAST,522.76,SGD,**************7833,SG,45
3eb13b90-4668-5257-bdd6-40fb06671ad1,2026-07-14T04:54:17.156,aml,OK,pacs.008,FAST,522.76,SGD,**************7833,SG,299
3eb13b90-4668-5257-bdd6-40fb06671ad1,2026-07-14T04:54:17.235,payment-hub,OK,pacs.008,FAST,522.76,SGD,**************7833,SG,135
3eb13b90-4668-5257-bdd6-40fb06671ad1,2026-07-14T04:54:17.313,core-banking,OK,pacs.008,FAST,522.76,SGD,**************7833,SG,244
3eb13b90-4668-5257-bdd6-40fb06671ad1,2026-07-14T04:54:17.351,settlement,SETTLED,pacs.008,FAST,522.76,SGD,**************7833,SG,127
3eb13b90-4668-5257-bdd6-40fb06671ad1,2026-07-07T18:43:22.808,gateway,OK,pacs.008,FAST,411.63,USD,**************0571,US,52
3eb13b90-4668-5257-bdd6-40fb06671ad1,2026-07-07T18:43:22.865,auth,OK,pacs.008,FAST,411.63,USD,**************0571,US,51
3eb13b90-4668-5257-bdd6-40fb06671ad1,2026-07-07T18:43:23.028,validation,REJECTED,pacs.008,FAST,411.63,USD,**************0571,US,91
3eb13b90-4668-5257-bdd6-40fb06671ad1,2026-07-07T19:15:11.013,gateway,OK,MT103,FAST,12043.47,INR,**************5283,GB,55
3eb13b90-4668-5257-bdd6-40fb06671ad1,2026-07-07T19:15:11.081,auth,OK,MT103,FAST,12043.47,INR,**************5283,GB,59
3eb13b90-4668-5257-bdd6-40fb06671ad1,2026-07-07T19:15:11.207,validation,REJECTED,MT103,FAST,12043.47,INR,**************5283,GB,108
3eb13b90-4668-5257-bdd6-40fb06671ad1,2026-07-12T15:42:44.616,gateway,OK,pacs.008,FAST,3489.79,SGD,**************0820,SG,56
3eb13b90-4668-5257-bdd6-40fb06671ad1,2026-07-12T15:42:44.679,auth,OK,pacs.008,FAST,3489.79,SGD,**************0820,SG,27
3eb13b90-4668-5257-bdd6-40fb06671ad1,2026-07-12T15:42:44.731,validation,OK,pacs.008,FAST,3489.79,SGD,**************0820,SG,34
3eb13b90-4668-5257-bdd6-40fb06671ad1,2026-07-12T15:42:44.819,aml,OK,pacs.008,FAST,3489.79,SGD,**************0820,SG,260
3eb13b90-4668-5257-bdd6-40fb06671ad1,2026-07-12T15:42:44.896,payment-hub,OK,pacs.008,FAST,3489.79,SGD,**************0820,SG,117
3eb13b90-4668-5257-bdd6-40fb06671ad1,2026-07-12T15:42:44.955,core-banking,OK,pacs.008,FAST,3489.79,SGD,**************0820,SG,188
3eb13b90-4668-5257-bdd6-40fb06671ad1,2026-07-12T15:42:45.027,settlement,SETTLED,pacs.008,FAST,3489.79,SGD,**************0820,SG,129
3eb13b90-4668-5257-bdd6-40fb06671ad1,2026-07-01T14:02:57.989,gateway,OK,MT103,FAST,903.06,USD,**************9332,SG,30
3eb13b90-4668-5257-bdd6-40fb06671ad1,2026-07-01T14:02:58.100,auth,OK,MT103,FAST,903.06,USD,**************9332,SG,32
3eb13b90-4668-5257-bdd6-40fb06671ad1,2026-07-01T14:02:58.382,validation,OK,MT103,FAST,903.06,USD,**************9332,SG,58
3eb13b90-4668-5257-bdd6-40fb06671ad1,2026-07-01T14:02:58.437,aml,OK,MT103,FAST,903.06,USD,**************9332,SG,50
3eb13b90-4668-5257-bdd6-40fb06671ad1,2026-07-01T14:02:58.499,payment-hub,OK,MT103,FAST,903.06,USD,**************9332,SG,108
3eb13b90-4668-5257-bdd6-40fb06671ad1,2026-07-01T14:02:58.589,core-banking,OK,MT103,FAST,903.06,USD,**************9332,SG,113
3eb13b90-4668-5257-bdd6-40fb06671ad1,2026-07-01T14:02:58.685,settlement,SETTLED,MT103,FAST,903.06,USD,**************9332,SG,242
3eb13b90-4668-5257-bdd6-40fb06671ad1,2026-07-12T04:57:28.251,gateway,OK,MT103,SWIFT,1289.89,SGD,**************7034,SG,27
3eb13b90-4668-5257-bdd6-40fb06671ad1,2026-07-12T04:57:28.345,auth,OK,MT103,SWIFT,1289.89,SGD,**************7034,SG,28
3eb13b90-4668-5257-bdd6-40fb06671ad1,2026-07-12T04:57:28.432,validation,OK,MT103,SWIFT,1289.89,SGD,**************7034,SG,100
3eb13b90-4668-5257-bdd6-40fb06671ad1,2026-07-12T04:57:28.553,aml,OK,MT103,SWIFT,1289.89,SGD,**************7034,SG,104
3eb13b90-4668-5257-bdd6-40fb06671ad1,2026-07-12T04:57:28.719,payment-hub,OK,MT103,SWIFT,1289.89,SGD,**************7034,SG,150
3eb13b90-4668-5257-bdd6-40fb06671ad1,2026-07-12T04:57:28.822,core-banking,OK,MT103,SWIFT,1289.89,SGD,**************7034,SG,226
3eb13b90-4668-5257-bdd6-40fb06671ad1,2026-07-12T04:57:28.952,settlement,SETTLED,MT103,SWIFT,1289.89,SGD,**************7034,SG,294
3eb13b90-4668-5257-bdd6-40fb06671ad1,2026-07-02T02:20:01.328,gateway,OK,pacs.008,FAST,420.7,USD,**************7843,IN,39
3eb13b90-4668-5257-bdd6-40fb06671ad1,2026-07-02T02:20:01.410,auth,OK,pacs.008,FAST,420.7,USD,**************7843,IN,48
3eb13b90-4668-5257-bdd6-40fb06671ad1,2026-07-02T02:20:01.514,validation,OK,pacs.008,FAST,420.7,USD,**************7843,IN,62
3eb13b90-4668-5257-bdd6-40fb06671ad1,2026-07-02T02:20:01.664,aml,OK,pacs.008,FAST,420.7,USD,**************7843,IN,269
3eb13b90-4668-5257-bdd6-40fb06671ad1,2026-07-02T02:20:01.768,payment-hub,OK,pacs.008,FAST,420.7,USD,**************7843,IN,48
3eb13b90-4668-5257-bdd6-40fb06671ad1,2026-07-02T02:20:01.791,core-banking,OK,pacs.008,FAST,420.7,USD,**************7843,IN,192
3eb13b90-4668-5257-bdd6-40fb06671ad1,2026-07-02T02:20:02.036,settlement,SETTLED,pacs.008,FAST,420.7,USD,**************7843,IN,330
3eb13b90-4668-5257-bdd6-40fb06671ad1,2026-07-13T08:00:03.306,gateway,OK,MT103,FAST,269.02,SGD,**************6483,MY,38
3eb13b90-4668-5257-bdd6-40fb06671ad1,2026-07-13T08:00:03.348,auth,OK,MT103,FAST,269.02,SGD,**************6483,MY,38
3eb13b90-4668-5257-bdd6-40fb06671ad1,2026-07-13T08:00:03.449,validation,REJECTED,MT103,FAST,269.02,SGD,**************6483,MY,91
3eb13b90-4668-5257-bdd6-40fb06671ad1,2026-07-10T13:45:24.468,gateway,OK,MT103,FAST,1315.7,SGD,**************6568,SG,23
3eb13b90-4668-5257-bdd6-40fb06671ad1,2026-07-10T13:45:24.547,auth,OK,MT103,FAST,1315.7,SGD,**************6568,SG,48
3eb13b90-4668-5257-bdd6-40fb06671ad1,2026-07-10T13:45:24.639,validation,OK,MT103,FAST,1315.7,SGD,**************6568,SG,80
3eb13b90-4668-5257-bdd6-40fb06671ad1,2026-07-10T13:45:24.708,aml,OK,MT103,FAST,1315.7,SGD,**************6568,SG,248
3eb13b90-4668-5257-bdd6-40fb06671ad1,2026-07-10T13:45:24.814,payment-hub,OK,MT103,FAST,1315.7,SGD,**************6568,SG,40
3eb13b90-4668-5257-bdd6-40fb06671ad1,2026-07-10T13:45:24.877,core-banking,OK,MT103,FAST,1315.7,SGD,**************6568,SG,248
3eb13b90-4668-5257-bdd6-40fb06671ad1,2026-07-10T13:45:24.998,settlement,SETTLED,MT103,FAST,1315.7,SGD,**************6568,SG,336
3eb13b90-4668-5257-bdd6-40fb06671ad1,2026-07-07T18:52:07.266,gateway,OK,pacs.008,SWIFT,752.15,SGD,**************8048,SG,42
3eb13b90-4668-5257-bdd6-40fb06671ad1,2026-07-07T18:52:07.317,auth,OK,pacs.008,SWIFT,752.15,SGD,**************8048,SG,73
3eb13b90-4668-5257-bdd6-40fb06671ad1,2026-07-07T18:52:07.390,validation,OK,pacs.008,SWIFT,752.15,SGD,**************8048,SG,55
3eb13b90-4668-5257-bdd6-40fb06671ad1,2026-07-07T18:52:07.447,aml,OK,pacs.008,SWIFT,752.15,SGD,**************8048,SG,195
3eb13b90-4668-5257-bdd6-40fb06671ad1,2026-07-07T18:52:07.535,payment-hub,OK,pacs.008,SWIFT,752.15,SGD,**************8048,SG,91
3eb13b90-4668-5257-bdd6-40fb06671ad1,2026-07-07T18:52:07.597,core-banking,OK,pacs.008,SWIFT,752.15,SGD,**************8048,SG,202
3eb13b90-4668-5257-bdd6-40fb06671ad1,2026-07-07T18:52:07.680,settlement,SETTLED,pacs.008,SWIFT,752.15,SGD,**************8048,SG,206
3eb13b90-4668-5257-bdd6-40fb06671ad1,2026-07-08T17:02:18.859,gateway,OK,pacs.008,FAST,572.98,EUR,**************8515,SG,46
3eb13b90-4668-5257-bdd6-40fb06671ad1,2026-07-08T17:02:19.138,auth,OK,pacs.008,FAST,572.98,EUR,**************8515,SG,33
3eb13b90-4668-5257-bdd6-40fb06671ad1,2026-07-08T17:02:19.232,validation,OK,pacs.008,FAST,572.98,EUR,**************8515,SG,119
3eb13b90-4668-5257-bdd6-40fb06671ad1,2026-07-08T17:02:19.345,aml,OK,pacs.008,FAST,572.98,EUR,**************8515,SG,173
3eb13b90-4668-5257-bdd6-40fb06671ad1,2026-07-08T17:02:19.400,payment-hub,OK,pacs.008,FAST,572.98,EUR,**************8515,SG,39
3eb13b90-4668-5257-bdd6-40fb06671ad1,2026-07-08T17:02:19.454,core-banking,OK,pacs.008,FAST,572.98,EUR,**************8515,SG,135
3eb13b90-4668-5257-bdd6-40fb06671ad1,2026-07-08T17:02:19.529,settlement,SETTLED,pacs.008,FAST,572.98,EUR,**************8515,SG,158
3eb13b90-4668-5257-bdd6-40fb06671ad1,2026-07-08T09:30:55.630,gateway,OK,pacs.008,FAST,474.19,SGD,**************3142,SG,45
3eb13b90-4668-5257-bdd6-40fb06671ad1,2026-07-08T09:30:55.697,auth,OK,pacs.008,FAST,474.19,SGD,**************3142,SG,23
3eb13b90-4668-5257-bdd6-40fb06671ad1,2026-07-08T09:30:55.771,validation,REJECTED,pacs.008,FAST,474.19,SGD,**************3142,SG,69
3eb13b90-4668-5257-bdd6-40fb06671ad1,2026-07-11T14:56:19.768,gateway,OK,MT103,SWIFT,1136.68,GBP,**************1084,SG,41
3eb13b90-4668-5257-bdd6-40fb06671ad1,2026-07-11T14:56:19.851,auth,OK,MT103,SWIFT,1136.68,GBP,**************1084,SG,76
3eb13b90-4668-5257-bdd6-40fb06671ad1,2026-07-11T14:56:20.015,validation,OK,MT103,SWIFT,1136.68,GBP,**************1084,SG,42
3eb13b90-4668-5257-bdd6-40fb06671ad1,2026-07-11T14:56:20.072,aml,OK,MT103,SWIFT,1136.68,GBP,**************1084,SG,275
3eb13b90-4668-5257-bdd6-40fb06671ad1,2026-07-11T14:56:20.253,payment-hub,OK,MT103,SWIFT,1136.68,GBP,**************1084,SG,67
3eb13b90-4668-5257-bdd6-40fb06671ad1,2026-07-11T14:56:20.401,core-banking,OK,MT103,SWIFT,1136.68,GBP,**************1084,SG,138
3eb13b90-4668-5257-bdd6-40fb06671ad1,2026-07-11T14:56:20.484,settlement,SETTLED,MT103,SWIFT,1136.68,GBP,**************1084,SG,90
3eb13b90-4668-5257-bdd6-40fb06671ad1,2026-07-13T03:50:09.687,gateway,OK,pacs.008,SWIFT,423.15,EUR,**************9734,MY,40
3eb13b90-4668-5257-bdd6-40fb06671ad1,2026-07-13T03:50:09.737,auth,OK,pacs.008,SWIFT,423.15,EUR,**************9734,MY,51
3eb13b90-4668-5257-bdd6-40fb06671ad1,2026-07-13T03:50:09.788,validation,OK,pacs.008,SWIFT,423.15,EUR,**************9734,MY,70
3eb13b90-4668-5257-bdd6-40fb06671ad1,2026-07-13T03:50:09.958,aml,OK,pacs.008,SWIFT,423.15,EUR,**************9734,MY,46
3eb13b90-4668-5257-bdd6-40fb06671ad1,2026-07-13T03:50:39.996,payment-hub,OK,pacs.008,SWIFT,423.15,EUR,**************9734,MY,137
3eb13b90-4668-5257-bdd6-40fb06671ad1,2026-07-13T03:50:40.066,core-banking,OK,pacs.008,SWIFT,423.15,EUR,**************9734,MY,53
3eb13b90-4668-5257-bdd6-40fb06671ad1,2026-07-13T03:50:40.171,settlement,SETTLED,pacs.008,SWIFT,423.15,EUR,**************9734,MY,215
3eb13b90-4668-5257-bdd6-40fb06671ad1,2026-07-09T22:52:58.223,gateway,OK,pacs.008,SWIFT,1173.28,USD,**************3504,MY,59
3eb13b90-4668-5257-bdd6-40fb06671ad1,2026-07-09T22:52:58.311,auth,OK,pacs.008,SWIFT,1173.28,USD,**************3504,MY,89
3eb13b90-4668-5257-bdd6-40fb06671ad1,2026-07-09T22:52:58.408,validation,OK,pacs.008,SWIFT,1173.28,USD,**************3504,MY,44
3eb13b90-4668-5257-bdd6-40fb06671ad1,2026-07-09T22:52:58.490,aml,OK,pacs.008,SWIFT,1173.28,USD,**************3504,MY,211
3eb13b90-4668-5257-bdd6-40fb06671ad1,2026-07-09T22:52:58.574,payment-hub,OK,pacs.008,SWIFT,1173.28,USD,**************3504,MY,98
3eb13b90-4668-5257-bdd6-40fb06671ad1,2026-07-09T22:52:58.609,core-banking,OK,pacs.008,SWIFT,1173.28,USD,**************3504,MY,165
3eb13b90-4668-5257-bdd6-40fb06671ad1,2026-07-09T22:52:58.825,settlement,SETTLED,pacs.008,SWIFT,1173.28,USD,**************3504,MY,254
3eb13b90-4668-5257-bdd6-40fb06671ad1,2026-07-10T23:46:42.926,gateway,OK,0200,SWIFT,44.24,MYR,**************7359,MY,29
3eb13b90-4668-5257-bdd6-40fb06671ad1,2026-07-10T23:46:42.993,auth,OK,0200,SWIFT,44.24,MYR,**************7359,MY,80
3eb13b90-4668-5257-bdd6-40fb06671ad1,2026-07-10T23:46:43.092,validation,REJECTED,0200,SWIFT,44.24,MYR,**************7359,MY,78
3eb13b90-4668-5257-bdd6-40fb06671ad1,2026-07-14T21:41:33.765,gateway,OK,pacs.008,SWIFT,618.79,SGD,**************4171,SG,44
3eb13b90-4668-5257-bdd6-40fb06671ad1,2026-07-14T21:41:33.831,auth,OK,pacs.008,SWIFT,618.79,SGD,**************4171,SG,58
3eb13b90-4668-5257-bdd6-40fb06671ad1,2026-07-14T21:41:33.906,validation,OK,pacs.008,SWIFT,618.79,SGD,**************4171,SG,75
3eb13b90-4668-5257-bdd6-40fb06671ad1,2026-07-14T21:41:34.006,aml,OK,pacs.008,SWIFT,618.79,SGD,**************4171,SG,263
3eb13b90-4668-5257-bdd6-40fb06671ad1,2026-07-14T21:41:34.116,payment-hub,OK,pacs.008,SWIFT,618.79,SGD,**************4171,SG,144
3eb13b90-4668-5257-bdd6-40fb06671ad1,2026-07-14T21:41:34.208,core-banking,OK,pacs.008,SWIFT,618.79,SGD,**************4171,SG,225
3eb13b90-4668-5257-bdd6-40fb06671ad1,2026-07-14T21:41:34.314,settlement,SETTLED,pacs.008,SWIFT,618.79,SGD,**************4171,SG,185
3eb13b90-4668-5257-bdd6-40fb06671ad1,2026-07-10T15:46:46.178,gateway,OK,pacs.008,FAST,1781.54,INR,**************3239,SG,38
3eb13b90-4668-5257-bdd6-40fb06671ad1,2026-07-10T15:46:46.367,auth,OK,pacs.008,FAST,1781.54,INR,**************3239,SG,53
3eb13b90-4668-5257-bdd6-40fb06671ad1,2026-07-10T15:46:46.579,validation,OK,pacs.008,FAST,1781.54,INR,**************3239,SG,51
3eb13b90-4668-5257-bdd6-40fb06671ad1,2026-07-10T15:46:46.669,aml,OK,pacs.008,FAST,1781.54,INR,**************3239,SG,110
3eb13b90-4668-5257-bdd6-40fb06671ad1,2026-07-10T15:46:46.720,payment-hub,OK,pacs.008,FAST,1781.54,INR,**************3239,SG,146
3eb13b90-4668-5257-bdd6-40fb06671ad1,2026-07-10T15:46:46.980,core-banking,OK,pacs.008,FAST,1781.54,INR,**************3239,SG,161
3eb13b90-4668-5257-bdd6-40fb06671ad1,2026-07-10T15:46:47.103,settlement,SETTLED,pacs.008,FAST,1781.54,INR,**************3239,SG,348
3eb13b90-4668-5257-bdd6-40fb06671ad1,2026-07-05T21:11:35.210,gateway,OK,pacs.008,SWIFT,1400.47,MYR,**************8853,SG,21
3eb13b90-4668-5257-bdd6-40fb06671ad1,2026-07-05T21:11:35.267,auth,OK,pacs.008,SWIFT,1400.47,MYR,**************8853,SG,75
3eb13b90-4668-5257-bdd6-40fb06671ad1,2026-07-05T21:11:35.548,validation,OK,pacs.008,SWIFT,1400.47,MYR,**************8853,SG,56
3eb13b90-4668-5257-bdd6-40fb06671ad1,2026-07-05T21:11:35.662,aml,OK,pacs.008,SWIFT,1400.47,MYR,**************8853,SG,294
3eb13b90-4668-5257-bdd6-40fb06671ad1,2026-07-05T21:11:35.703,payment-hub,OK,pacs.008,SWIFT,1400.47,MYR,**************8853,SG,69
3eb13b90-4668-5257-bdd6-40fb06671ad1,2026-07-05T21:11:35.815,core-banking,OK,pacs.008,SWIFT,1400.47,MYR,**************8853,SG,211
3eb13b90-4668-5257-bdd6-40fb06671ad1,2026-07-05T21:11:35.947,settlement,SETTLED,pacs.008,SWIFT,1400.47,MYR,**************8853,SG,211
3eb13b90-4668-5257-bdd6-40fb06671ad1,2026-07-09T05:46:07.897,gateway,OK,MT103,SWIFT,231.94,USD,**************2090,US,37
3eb13b90-4668-5257-bdd6-40fb06671ad1,2026-07-09T05:46:08.146,auth,OK,MT103,SWIFT,231.94,USD,**************2090,US,29
3eb13b90-4668-5257-bdd6-40fb06671ad1,2026-07-09T05:46:08.198,validation,OK,MT103,SWIFT,231.94,USD,**************2090,US,87
3eb13b90-4668-5257-bdd6-40fb06671ad1,2026-07-09T05:46:08.388,aml,OK,MT103,SWIFT,231.94,USD,**************2090,US,63
3eb13b90-4668-5257-bdd6-40fb06671ad1,2026-07-09T05:46:08.508,payment-hub,OK,MT103,SWIFT,231.94,USD,**************2090,US,126
3eb13b90-4668-5257-bdd6-40fb06671ad1,2026-07-09T05:46:08.581,core-banking,OK,MT103,SWIFT,231.94,USD,**************2090,US,170
3eb13b90-4668-5257-bdd6-40fb06671ad1,2026-07-09T05:46:08.663,settlement,SETTLED,MT103,SWIFT,231.94,USD,**************2090,US,214
3eb13b90-4668-5257-bdd6-40fb06671ad1,2026-07-04T18:04:32.262,gateway,OK,MT103,SWIFT,1681.36,SGD,**************4680,SG,23
3eb13b90-4668-5257-bdd6-40fb06671ad1,2026-07-04T18:04:32.330,auth,OK,MT103,SWIFT,1681.36,SGD,**************4680,SG,45
3eb13b90-4668-5257-bdd6-40fb06671ad1,2026-07-04T18:04:32.430,validation,OK,MT103,SWIFT,1681.36,SGD,**************4680,SG,41
3eb13b90-4668-5257-bdd6-40fb06671ad1,2026-07-04T18:04:32.479,aml,TIMEOUT,MT103,SWIFT,1681.36,SGD,**************4680,SG,30000
3eb13b90-4668-5257-bdd6-40fb06671ad1,2026-07-04T18:04:32.576,payment-hub,FAILED,MT103,SWIFT,1681.36,SGD,**************4680,SG,60
3eb13b90-4668-5257-bdd6-40fb06671ad1,2026-07-01T19:20:49.818,gateway,OK,MT103,FAST,955.56,SGD,**************6936,HK,40
3eb13b90-4668-5257-bdd6-40fb06671ad1,2026-07-01T19:20:50.078,auth,OK,MT103,FAST,955.56,SGD,**************6936,HK,57
3eb13b90-4668-5257-bdd6-40fb06671ad1,2026-07-01T19:20:50.288,validation,OK,MT103,FAST,955.56,SGD,**************6936,HK,38
3eb13b90-4668-5257-bdd6-40fb06671ad1,2026-07-01T19:20:50.430,aml,OK,MT103,FAST,955.56,SGD,**************6936,HK,60
3eb13b90-4668-5257-bdd6-40fb06671ad1,2026-07-01T19:20:50.499,payment-hub,OK,MT103,FAST,955.56,SGD,**************6936,HK,80
3eb13b90-4668-5257-bdd6-40fb06671ad1,2026-07-01T19:20:50.681,core-banking,OK,MT103,FAST,955.56,SGD,**************6936,HK,208
3eb13b90-4668-5257-bdd6-40fb06671ad1,2026-07-01T19:20:50.868,settlement,SETTLED,MT103,FAST,955.56,SGD,**************6936,HK,365
3eb13b90-4668-5257-bdd6-40fb06671ad1,2026-07-04T11:19:52.539,gateway,OK,pacs.008,SWIFT,450.22,INR,**************4147,MY,34
3eb13b90-4668-5257-bdd6-40fb06671ad1,2026-07-04T11:19:52.637,auth,OK,pacs.008,SWIFT,450.22,INR,**************4147,MY,30
3eb13b90-4668-5257-bdd6-40fb06671ad1,2026-07-04T11:19:52.699,validation,OK,pacs.008,SWIFT,450.22,INR,**************4147,MY,92
3eb13b90-4668-5257-bdd6-40fb06671ad1,2026-07-04T11:19:52.834,aml,OK,pacs.008,SWIFT,450.22,INR,**************4147,MY,163
3eb13b90-4668-5257-bdd6-40fb06671ad1,2026-07-04T11:19:52.874,payment-hub,OK,pacs.008,SWIFT,450.22,INR,**************4147,MY,146
3eb13b90-4668-5257-bdd6-40fb06671ad1,2026-07-04T11:19:52.964,core-banking,OK,pacs.008,SWIFT,450.22,INR,**************4147,MY,247
3eb13b90-4668-5257-bdd6-40fb06671ad1,2026-07-04T11:19:53.056,settlement,SETTLED,pacs.008,SWIFT,450.22,INR,**************4147,MY,91
3eb13b90-4668-5257-bdd6-40fb06671ad1,2026-07-11T03:20:31.106,gateway,OK,pacs.008,FAST,1351.94,USD,**************7048,SG,25
3eb13b90-4668-5257-bdd6-40fb06671ad1,2026-07-11T03:20:31.177,auth,OK,pacs.008,FAST,1351.94,USD,**************7048,SG,31
3eb13b90-4668-5257-bdd6-40fb06671ad1,2026-07-11T03:20:31.354,validation,OK,pacs.008,FAST,1351.94,USD,**************7048,SG,117
3eb13b90-4668-5257-bdd6-40fb06671ad1,2026-07-11T03:20:31.433,aml,OK,pacs.008,FAST,1351.94,USD,**************7048,SG,94
3eb13b90-4668-5257-bdd6-40fb06671ad1,2026-07-11T03:20:31.496,payment-hub,OK,pacs.008,FAST,1351.94,USD,**************7048,SG,68
3eb13b90-4668-5257-bdd6-40fb06671ad1,2026-07-11T03:20:31.595,core-banking,OK,pacs.008,FAST,1351.94,USD,**************7048,SG,92
3eb13b90-4668-5257-bdd6-40fb06671ad1,2026-07-11T03:20:31.649,settlement,SETTLED,pacs.008,FAST,1351.94,USD,**************7048,SG,386
3eb13b90-4668-5257-bdd6-40fb06671ad1,2026-07-02T18:55:23.062,gateway,OK,pacs.008,CARDS,694.96,USD,**************7062,MY,52
3eb13b90-4668-5257-bdd6-40fb06671ad1,2026-07-02T18:55:23.198,auth,OK,pacs.008,CARDS,694.96,USD,**************7062,MY,31
3eb13b90-4668-5257-bdd6-40fb06671ad1,2026-07-02T18:55:23.269,validation,OK,pacs.008,CARDS,694.96,USD,**************7062,MY,67
3eb13b90-4668-5257-bdd6-40fb06671ad1,2026-07-02T18:55:23.435,aml,OK,pacs.008,CARDS,694.96,USD,**************7062,MY,44
3eb13b90-4668-5257-bdd6-40fb06671ad1,2026-07-02T18:55:23.574,payment-hub,OK,pacs.008,CARDS,694.96,USD,**************7062,MY,95
3eb13b90-4668-5257-bdd6-40fb06671ad1,2026-07-02T18:55:23.691,core-banking,OK,pacs.008,CARDS,694.96,USD,**************7062,MY,169
3eb13b90-4668-5257-bdd6-40fb06671ad1,2026-07-02T18:55:23.946,settlement,SETTLED,pacs.008,CARDS,694.96,USD,**************7062,MY,345
3eb13b90-4668-5257-bdd6-40fb06671ad1,2026-07-12T02:17:46.560,gateway,OK,0200,SWIFT,338.68,MYR,**************4907,HK,34
3eb13b90-4668-5257-bdd6-40fb06671ad1,2026-07-12T02:17:46.636,auth,OK,0200,SWIFT,338.68,MYR,**************4907,HK,42
3eb13b90-4668-5257-bdd6-40fb06671ad1,2026-07-12T02:17:46.892,validation,OK,0200,SWIFT,338.68,MYR,**************4907,HK,95
3eb13b90-4668-5257-bdd6-40fb06671ad1,2026-07-12T02:17:47.036,aml,OK,0200,SWIFT,338.68,MYR,**************4907,HK,139
3eb13b90-4668-5257-bdd6-40fb06671ad1,2026-07-12T02:17:47.079,payment-hub,OK,0200,SWIFT,338.68,MYR,**************4907,HK,40
3eb13b90-4668-5257-bdd6-40fb06671ad1,2026-07-12T02:17:47.308,core-banking,OK,0200,SWIFT,338.68,MYR,**************4907,HK,63
3eb13b90-4668-5257-bdd6-40fb06671ad1,2026-07-12T02:17:47.350,settlement,SETTLED,0200,SWIFT,338.68,MYR,**************4907,HK,144
3eb13b90-4668-5257-bdd6-40fb06671ad1,2026-07-03T05:46:51.936,gateway,OK,MT103,FAST,249.01,SGD,**************3162,SG,57
3eb13b90-4668-5257-bdd6-40fb06671ad1,2026-07-03T05:46:52.097,auth,OK,MT103,FAST,249.01,SGD,**************3162,SG,44
3eb13b90-4668-5257-bdd6-40fb06671ad1,2026-07-03T05:46:52.132,validation,OK,MT103,FAST,249.01,SGD,**************3162,SG,95
3eb13b90-4668-5257-bdd6-40fb06671ad1,2026-07-03T05:46:52.194,aml,TIMEOUT,MT103,FAST,249.01,SGD,**************3162,SG,30000
3eb13b90-4668-5257-bdd6-40fb06671ad1,2026-07-03T05:46:52.311,payment-hub,FAILED,MT103,FAST,249.01,SGD,**************3162,SG,142
3eb13b90-4668-5257-bdd6-40fb06671ad1,2026-07-07T19:43:25.023,gateway,OK,MT103,CARDS,913.52,EUR,**************7493,IN,16
3eb13b90-4668-5257-bdd6-40fb06671ad1,2026-07-07T19:43:25.171,auth,OK,MT103,CARDS,913.52,EUR,**************7493,IN,73
3eb13b90-4668-5257-bdd6-40fb06671ad1,2026-07-07T19:43:25.322,validation,OK,MT103,CARDS,913.52,EUR,**************7493,IN,88
3eb13b90-4668-5257-bdd6-40fb06671ad1,2026-07-07T19:43:25.410,aml,OK,MT103,CARDS,913.52,EUR,**************7493,IN,275
3eb13b90-4668-5257-bdd6-40fb06671ad1,2026-07-07T19:43:25.513,payment-hub,OK,MT103,CARDS,913.52,EUR,**************7493,IN,104
3eb13b90-4668-5257-bdd6-40fb06671ad1,2026-07-07T19:43:25.750,core-banking,OK,MT103,CARDS,913.52,EUR,**************7493,IN,83
3eb13b90-4668-5257-bdd6-40fb06671ad1,2026-07-07T19:43:25.924,settlement,SETTLED,MT103,CARDS,913.52,EUR,**************7493,IN,92
3eb13b90-4668-5257-bdd6-40fb06671ad1,2026-07-01T12:57:22.033,gateway,OK,pacs.008,FAST,372.54,SGD,**************8093,SG,48
3eb13b90-4668-5257-bdd6-40fb06671ad1,2026-07-01T12:57:22.179,auth,OK,pacs.008,FAST,372.54,SGD,**************8093,SG,80
3eb13b90-4668-5257-bdd6-40fb06671ad1,2026-07-01T12:57:22.305,validation,OK,pacs.008,FAST,372.54,SGD,**************8093,SG,106
3eb13b90-4668-5257-bdd6-40fb06671ad1,2026-07-01T12:57:22.339,aml,OK,pacs.008,FAST,372.54,SGD,**************8093,SG,176
3eb13b90-4668-5257-bdd6-40fb06671ad1,2026-07-01T12:57:22.413,payment-hub,OK,pacs.008,FAST,372.54,SGD,**************8093,SG,55
3eb13b90-4668-5257-bdd6-40fb06671ad1,2026-07-01T12:57:22.471,core-banking,OK,pacs.008,FAST,372.54,SGD,**************8093,SG,59
3eb13b90-4668-5257-bdd6-40fb06671ad1,2026-07-01T12:57:22.543,settlement,SETTLED,pacs.008,FAST,372.54,SGD,**************8093,SG,225
3eb13b90-4668-5257-bdd6-40fb06671ad1,2026-07-02T21:36:22.044,gateway,OK,MT103,SWIFT,485.54,MYR,**************1793,SG,37
3eb13b90-4668-5257-bdd6-40fb06671ad1,2026-07-02T21:36:22.144,auth,OK,MT103,SWIFT,485.54,MYR,**************1793,SG,64
3eb13b90-4668-5257-bdd6-40fb06671ad1,2026-07-02T21:36:22.224,validation,OK,MT103,SWIFT,485.54,MYR,**************1793,SG,96
3eb13b90-4668-5257-bdd6-40fb06671ad1,2026-07-02T21:36:22.317,aml,OK,MT103,SWIFT,485.54,MYR,**************1793,SG,247
3eb13b90-4668-5257-bdd6-40fb06671ad1,2026-07-02T21:36:22.402,payment-hub,OK,MT103,SWIFT,485.54,MYR,**************1793,SG,107
3eb13b90-4668-5257-bdd6-40fb06671ad1,2026-07-02T21:36:22.521,core-banking,OK,MT103,SWIFT,485.54,MYR,**************1793,SG,126
3eb13b90-4668-5257-bdd6-40fb06671ad1,2026-07-02T21:36:22.654,settlement,SETTLED,MT103,SWIFT,485.54,MYR,**************1793,SG,206
3eb13b90-4668-5257-bdd6-40fb06671ad1,2026-07-08T11:00:29.141,gateway,OK,MT103,FAST,1304.16,SGD,**************2492,IN,19
3eb13b90-4668-5257-bdd6-40fb06671ad1,2026-07-08T11:00:29.223,auth,OK,MT103,FAST,1304.16,SGD,**************2492,IN,75
3eb13b90-4668-5257-bdd6-40fb06671ad1,2026-07-08T11:00:29.293,validation,OK,MT103,FAST,1304.16,SGD,**************2492,IN,42
3eb13b90-4668-5257-bdd6-40fb06671ad1,2026-07-08T11:00:29.387,aml,OK,MT103,FAST,1304.16,SGD,**************2492,IN,168
3eb13b90-4668-5257-bdd6-40fb06671ad1,2026-07-08T11:00:29.534,payment-hub,OK,MT103,FAST,1304.16,SGD,**************2492,IN,63
3eb13b90-4668-5257-bdd6-40fb06671ad1,2026-07-08T11:00:29.729,core-banking,OK,MT103,FAST,1304.16,SGD,**************2492,IN,78
3eb13b90-4668-5257-bdd6-40fb06671ad1,2026-07-08T11:00:29.994,settlement,SETTLED,MT103,FAST,1304.16,SGD,**************2492,IN,397
3eb13b90-4668-5257-bdd6-40fb06671ad1,2026-07-11T08:41:39.881,gateway,OK,0200,SWIFT,2665.97,USD,**************2380,US,17
3eb13b90-4668-5257-bdd6-40fb06671ad1,2026-07-11T08:41:39.997,auth,OK,0200,SWIFT,2665.97,USD,**************2380,US,59
3eb13b90-4668-5257-bdd6-40fb06671ad1,2026-07-11T08:41:40.115,validation,OK,0200,SWIFT,2665.97,USD,**************2380,US,94
3eb13b90-4668-5257-bdd6-40fb06671ad1,2026-07-11T08:41:40.213,aml,TIMEOUT,0200,SWIFT,2665.97,USD,**************2380,US,30000
3eb13b90-4668-5257-bdd6-40fb06671ad1,2026-07-11T08:41:40.344,payment-hub,FAILED,0200,SWIFT,2665.97,USD,**************2380,US,63
3eb13b90-4668-5257-bdd6-40fb06671ad1,2026-07-01T14:44:18.395,gateway,OK,0200,FAST,103.44,SGD,**************2781,SG,34
3eb13b90-4668-5257-bdd6-40fb06671ad1,2026-07-01T14:44:18.491,auth,OK,0200,FAST,103.44,SGD,**************2781,SG,90
3eb13b90-4668-5257-bdd6-40fb06671ad1,2026-07-01T14:44:18.750,validation,OK,0200,FAST,103.44,SGD,**************2781,SG,52
3eb13b90-4668-5257-bdd6-40fb06671ad1,2026-07-01T14:44:18.842,aml,OK,0200,FAST,103.44,SGD,**************2781,SG,55
3eb13b90-4668-5257-bdd6-40fb06671ad1,2026-07-01T14:44:19.003,payment-hub,OK,0200,FAST,103.44,SGD,**************2781,SG,146
3eb13b90-4668-5257-bdd6-40fb06671ad1,2026-07-01T14:44:19.227,core-banking,OK,0200,FAST,103.44,SGD,**************2781,SG,92
3eb13b90-4668-5257-bdd6-40fb06671ad1,2026-07-01T14:44:19.281,settlement,SETTLED,0200,FAST,103.44,SGD,**************2781,SG,90
3eb13b90-4668-5257-bdd6-40fb06671ad1,2026-07-10T15:14:32.417,gateway,OK,pacs.008,FAST,2451.49,SGD,**************3917,HK,17
3eb13b90-4668-5257-bdd6-40fb06671ad1,2026-07-10T15:14:32.516,auth,OK,pacs.008,FAST,2451.49,SGD,**************3917,HK,22
3eb13b90-4668-5257-bdd6-40fb06671ad1,2026-07-10T15:14:32.563,validation,OK,pacs.008,FAST,2451.49,SGD,**************3917,HK,69
3eb13b90-4668-5257-bdd6-40fb06671ad1,2026-07-10T15:14:32.641,aml,OK,pacs.008,FAST,2451.49,SGD,**************3917,HK,170
3eb13b90-4668-5257-bdd6-40fb06671ad1,2026-07-10T15:14:32.754,payment-hub,OK,pacs.008,FAST,2451.49,SGD,**************3917,HK,126
3eb13b90-4668-5257-bdd6-40fb06671ad1,2026-07-10T15:15:02.766,core-banking,OK,pacs.008,FAST,2451.49,SGD,**************3917,HK,154
3eb13b90-4668-5257-bdd6-40fb06671ad1,2026-07-10T15:15:02.838,settlement,SETTLED,pacs.008,FAST,2451.49,SGD,**************3917,HK,218
3eb13b90-4668-5257-bdd6-40fb06671ad1,2026-07-11T04:01:25.556,gateway,OK,pacs.008,FAST,728.11,SGD,**************3655,SG,36
3eb13b90-4668-5257-bdd6-40fb06671ad1,2026-07-11T04:01:25.640,auth,OK,pacs.008,FAST,728.11,SGD,**************3655,SG,74
3eb13b90-4668-5257-bdd6-40fb06671ad1,2026-07-11T04:01:25.735,validation,OK,pacs.008,FAST,728.11,SGD,**************3655,SG,26
3eb13b90-4668-5257-bdd6-40fb06671ad1,2026-07-11T04:01:25.982,aml,TIMEOUT,pacs.008,FAST,728.11,SGD,**************3655,SG,30000
3eb13b90-4668-5257-bdd6-40fb06671ad1,2026-07-11T04:01:26.164,payment-hub,FAILED,pacs.008,FAST,728.11,SGD,**************3655,SG,70
3eb13b90-4668-5257-bdd6-40fb06671ad1,2026-07-08T07:57:11.770,gateway,OK,MT103,SWIFT,586.42,SGD,**************0470,SG,49
3eb13b90-4668-5257-bdd6-40fb06671ad1,2026-07-08T07:57:11.833,auth,OK,MT103,SWIFT,586.42,SGD,**************0470,SG,47
3eb13b90-4668-5257-bdd6-40fb06671ad1,2026-07-08T07:57:12.017,validation,OK,MT103,SWIFT,586.42,SGD,**************0470,SG,114
3eb13b90-4668-5257-bdd6-40fb06671ad1,2026-07-08T07:57:12.135,aml,OK,MT103,SWIFT,586.42,SGD,**************0470,SG,141
3eb13b90-4668-5257-bdd6-40fb06671ad1,2026-07-08T07:57:12.207,payment-hub,OK,MT103,SWIFT,586.42,SGD,**************0470,SG,113
3eb13b90-4668-5257-bdd6-40fb06671ad1,2026-07-08T07:57:12.329,core-banking,OK,MT103,SWIFT,586.42,SGD,**************0470,SG,89
3eb13b90-4668-5257-bdd6-40fb06671ad1,2026-07-08T07:57:12.537,settlement,SETTLED,MT103,SWIFT,586.42,SGD,**************0470,SG,237
3eb13b90-4668-5257-bdd6-40fb06671ad1,2026-07-10T06:07:39.091,gateway,OK,pacs.008,SWIFT,88.47,USD,**************4620,SG,27
3eb13b90-4668-5257-bdd6-40fb06671ad1,2026-07-10T06:07:39.141,auth,OK,pacs.008,SWIFT,88.47,USD,**************4620,SG,87
3eb13b90-4668-5257-bdd6-40fb06671ad1,2026-07-10T06:07:39.233,validation,OK,pacs.008,SWIFT,88.47,USD,**************4620,SG,112
3eb13b90-4668-5257-bdd6-40fb06671ad1,2026-07-10T06:07:39.313,aml,TIMEOUT,pacs.008,SWIFT,88.47,USD,**************4620,SG,30000
3eb13b90-4668-5257-bdd6-40fb06671ad1,2026-07-10T06:07:39.611,payment-hub,FAILED,pacs.008,SWIFT,88.47,USD,**************4620,SG,71
3eb13b90-4668-5257-bdd6-40fb06671ad1,2026-07-04T20:20:40.578,gateway,OK,pacs.008,SWIFT,473.17,USD,**************0896,HK,22
3eb13b90-4668-5257-bdd6-40fb06671ad1,2026-07-04T20:20:40.707,auth,OK,pacs.008,SWIFT,473.17,USD,**************0896,HK,46
3eb13b90-4668-5257-bdd6-40fb06671ad1,2026-07-04T20:21:10.740,validation,OK,pacs.008,SWIFT,473.17,USD,**************0896,HK,102
3eb13b90-4668-5257-bdd6-40fb06671ad1,2026-07-04T20:21:10.801,aml,OK,pacs.008,SWIFT,473.17,USD,**************0896,HK,88
3eb13b90-4668-5257-bdd6-40fb06671ad1,2026-07-04T20:21:10.899,payment-hub,OK,pacs.008,SWIFT,473.17,USD,**************0896,HK,146
3eb13b90-4668-5257-bdd6-40fb06671ad1,2026-07-04T20:21:11.037,core-banking,OK,pacs.008,SWIFT,473.17,USD,**************0896,HK,104
3eb13b90-4668-5257-bdd6-40fb06671ad1,2026-07-04T20:21:11.060,settlement,SETTLED,pacs.008,SWIFT,473.17,USD,**************0896,HK,388
3eb13b90-4668-5257-bdd6-40fb06671ad1,2026-07-01T14:44:32.729,gateway,OK,MT103,FAST,241.82,SGD,**************5581,US,25
3eb13b90-4668-5257-bdd6-40fb06671ad1,2026-07-01T14:44:32.891,auth,OK,MT103,FAST,241.82,SGD,**************5581,US,52
3eb13b90-4668-5257-bdd6-40fb06671ad1,2026-07-01T14:44:33.116,validation,OK,MT103,FAST,241.82,SGD,**************5581,US,34
3eb13b90-4668-5257-bdd6-40fb06671ad1,2026-07-01T14:44:33.223,aml,OK,MT103,FAST,241.82,SGD,**************5581,US,175
3eb13b90-4668-5257-bdd6-40fb06671ad1,2026-07-01T14:44:33.493,payment-hub,OK,MT103,FAST,241.82,SGD,**************5581,US,139
3eb13b90-4668-5257-bdd6-40fb06671ad1,2026-07-01T14:44:33.529,core-banking,OK,MT103,FAST,241.82,SGD,**************5581,US,156
3eb13b90-4668-5257-bdd6-40fb06671ad1,2026-07-01T14:44:33.618,settlement,SETTLED,MT103,FAST,241.82,SGD,**************5581,US,170
3eb13b90-4668-5257-bdd6-40fb06671ad1,2026-07-07T02:35:36.581,gateway,OK,pacs.008,FAST,740.31,INR,**************6774,US,25
3eb13b90-4668-5257-bdd6-40fb06671ad1,2026-07-07T02:35:36.649,auth,OK,pacs.008,FAST,740.31,INR,**************6774,US,64
3eb13b90-4668-5257-bdd6-40fb06671ad1,2026-07-07T02:35:36.724,validation,OK,pacs.008,FAST,740.31,INR,**************6774,US,80
3eb13b90-4668-5257-bdd6-40fb06671ad1,2026-07-07T02:35:36.803,aml,OK,pacs.008,FAST,740.31,INR,**************6774,US,92
3eb13b90-4668-5257-bdd6-40fb06671ad1,2026-07-07T02:35:37.036,payment-hub,OK,pacs.008,FAST,740.31,INR,**************6774,US,48
3eb13b90-4668-5257-bdd6-40fb06671ad1,2026-07-07T02:35:37.090,core-banking,OK,pacs.008,FAST,740.31,INR,**************6774,US,100
3eb13b90-4668-5257-bdd6-40fb06671ad1,2026-07-07T02:35:37.337,settlement,SETTLED,pacs.008,FAST,740.31,INR,**************6774,US,96
3eb13b90-4668-5257-bdd6-40fb06671ad1,2026-07-09T10:47:49.437,gateway,OK,pacs.008,FAST,50.34,EUR,**************5406,SG,32
3eb13b90-4668-5257-bdd6-40fb06671ad1,2026-07-09T10:47:49.557,auth,OK,pacs.008,FAST,50.34,EUR,**************5406,SG,29
3eb13b90-4668-5257-bdd6-40fb06671ad1,2026-07-09T10:47:49.649,validation,OK,pacs.008,FAST,50.34,EUR,**************5406,SG,25
3eb13b90-4668-5257-bdd6-40fb06671ad1,2026-07-09T10:47:49.860,aml,OK,pacs.008,FAST,50.34,EUR,**************5406,SG,255
3eb13b90-4668-5257-bdd6-40fb06671ad1,2026-07-09T10:47:49.926,payment-hub,OK,pacs.008,FAST,50.34,EUR,**************5406,SG,66
3eb13b90-4668-5257-bdd6-40fb06671ad1,2026-07-09T10:47:50.048,core-banking,OK,pacs.008,FAST,50.34,EUR,**************5406,SG,136
3eb13b90-4668-5257-bdd6-40fb06671ad1,2026-07-09T10:47:50.071,settlement,SETTLED,pacs.008,FAST,50.34,EUR,**************5406,SG,239
3eb13b90-4668-5257-bdd6-40fb06671ad1,2026-07-01T20:01:19.765,gateway,OK,MT103,SWIFT,392.73,SGD,**************5900,US,45
3eb13b90-4668-5257-bdd6-40fb06671ad1,2026-07-01T20:01:20.051,auth,OK,MT103,SWIFT,392.73,SGD,**************5900,US,47
3eb13b90-4668-5257-bdd6-40fb06671ad1,2026-07-01T20:01:20.231,validation,OK,MT103,SWIFT,392.73,SGD,**************5900,US,45
3eb13b90-4668-5257-bdd6-40fb06671ad1,2026-07-01T20:01:20.275,aml,OK,MT103,SWIFT,392.73,SGD,**************5900,US,57
3eb13b90-4668-5257-bdd6-40fb06671ad1,2026-07-01T20:01:20.361,payment-hub,OK,MT103,SWIFT,392.73,SGD,**************5900,US,86
3eb13b90-4668-5257-bdd6-40fb06671ad1,2026-07-01T20:01:20.474,core-banking,OK,MT103,SWIFT,392.73,SGD,**************5900,US,128
3eb13b90-4668-5257-bdd6-40fb06671ad1,2026-07-01T20:01:20.579,settlement,SETTLED,MT103,SWIFT,392.73,SGD,**************5900,US,256
3eb13b90-4668-5257-bdd6-40fb06671ad1,2026-07-06T15:57:46.089,gateway,OK,MT103,FAST,4718.35,USD,**************9867,SG,42
3eb13b90-4668-5257-bdd6-40fb06671ad1,2026-07-06T15:58:16.095,auth,OK,MT103,FAST,4718.35,USD,**************9867,SG,67
3eb13b90-4668-5257-bdd6-40fb06671ad1,2026-07-06T15:58:16.368,validation,REJECTED,MT103,FAST,4718.35,USD,**************9867,SG,120
3eb13b90-4668-5257-bdd6-40fb06671ad1,2026-07-10T12:06:46.654,gateway,OK,pacs.008,CARDS,982.59,USD,**************8953,SG,22
3eb13b90-4668-5257-bdd6-40fb06671ad1,2026-07-10T12:06:46.828,auth,OK,pacs.008,CARDS,982.59,USD,**************8953,SG,86
3eb13b90-4668-5257-bdd6-40fb06671ad1,2026-07-10T12:06:46.963,validation,OK,pacs.008,CARDS,982.59,USD,**************8953,SG,113
3eb13b90-4668-5257-bdd6-40fb06671ad1,2026-07-10T12:06:47.040,aml,OK,pacs.008,CARDS,982.59,USD,**************8953,SG,146
3eb13b90-4668-5257-bdd6-40fb06671ad1,2026-07-10T12:06:47.356,payment-hub,OK,pacs.008,CARDS,982.59,USD,**************8953,SG,51
3eb13b90-4668-5257-bdd6-40fb06671ad1,2026-07-10T12:06:47.376,core-banking,OK,pacs.008,CARDS,982.59,USD,**************8953,SG,195
3eb13b90-4668-5257-bdd6-40fb06671ad1,2026-07-10T12:06:47.424,settlement,SETTLED,pacs.008,CARDS,982.59,USD,**************8953,SG,111
3eb13b90-4668-5257-bdd6-40fb06671ad1,2026-07-14T18:14:21.666,gateway,OK,MT103,SWIFT,263.26,USD,**************4963,US,36
3eb13b90-4668-5257-bdd6-40fb06671ad1,2026-07-14T18:14:21.730,auth,OK,MT103,SWIFT,263.26,USD,**************4963,US,88
3eb13b90-4668-5257-bdd6-40fb06671ad1,2026-07-14T18:14:21.810,validation,OK,MT103,SWIFT,263.26,USD,**************4963,US,92
3eb13b90-4668-5257-bdd6-40fb06671ad1,2026-07-14T18:14:21.955,aml,OK,MT103,SWIFT,263.26,USD,**************4963,US,46
3eb13b90-4668-5257-bdd6-40fb06671ad1,2026-07-14T18:14:22.052,payment-hub,OK,MT103,SWIFT,263.26,USD,**************4963,US,69
3eb13b90-4668-5257-bdd6-40fb06671ad1,2026-07-14T18:14:22.230,core-banking,OK,MT103,SWIFT,263.26,USD,**************4963,US,200
3eb13b90-4668-5257-bdd6-40fb06671ad1,2026-07-14T18:14:22.291,settlement,SETTLED,MT103,SWIFT,263.26,USD,**************4963,US,278
3eb13b90-4668-5257-bdd6-40fb06671ad1,2026-07-14T21:56:36.725,gateway,OK,pacs.008,FAST,1078.95,EUR,**************5396,HK,41
3eb13b90-4668-5257-bdd6-40fb06671ad1,2026-07-14T21:56:36.830,auth,OK,pacs.008,FAST,1078.95,EUR,**************5396,HK,89
3eb13b90-4668-5257-bdd6-40fb06671ad1,2026-07-14T21:56:36.928,validation,OK,pacs.008,FAST,1078.95,EUR,**************5396,HK,65
3eb13b90-4668-5257-bdd6-40fb06671ad1,2026-07-14T21:56:37.049,aml,OK,pacs.008,FAST,1078.95,EUR,**************5396,HK,264
3eb13b90-4668-5257-bdd6-40fb06671ad1,2026-07-14T21:56:37.145,payment-hub,OK,pacs.008,FAST,1078.95,EUR,**************5396,HK,41
3eb13b90-4668-5257-bdd6-40fb06671ad1,2026-07-14T21:56:37.255,core-banking,OK,pacs.008,FAST,1078.95,EUR,**************5396,HK,73
3eb13b90-4668-5257-bdd6-40fb06671ad1,2026-07-14T21:56:37.403,settlement,SETTLED,pacs.008,FAST,1078.95,EUR,**************5396,HK,207
3eb13b90-4668-5257-bdd6-40fb06671ad1,2026-07-03T21:33:21.342,gateway,OK,MT103,SWIFT,217.44,SGD,**************3716,SG,25
3eb13b90-4668-5257-bdd6-40fb06671ad1,2026-07-03T21:33:21.394,auth,OK,MT103,SWIFT,217.44,SGD,**************3716,SG,90
3eb13b90-4668-5257-bdd6-40fb06671ad1,2026-07-03T21:33:21.702,validation,OK,MT103,SWIFT,217.44,SGD,**************3716,SG,94
3eb13b90-4668-5257-bdd6-40fb06671ad1,2026-07-03T21:33:21.801,aml,OK,MT103,SWIFT,217.44,SGD,**************3716,SG,63
3eb13b90-4668-5257-bdd6-40fb06671ad1,2026-07-03T21:33:22.108,payment-hub,OK,MT103,SWIFT,217.44,SGD,**************3716,SG,40
3eb13b90-4668-5257-bdd6-40fb06671ad1,2026-07-03T21:33:22.195,core-banking,OK,MT103,SWIFT,217.44,SGD,**************3716,SG,84
3eb13b90-4668-5257-bdd6-40fb06671ad1,2026-07-03T21:33:22.234,settlement,SETTLED,MT103,SWIFT,217.44,SGD,**************3716,SG,394
3eb13b90-4668-5257-bdd6-40fb06671ad1,2026-07-03T12:26:40.454,gateway,OK,0200,FAST,851.48,INR,**************2948,SG,15
3eb13b90-4668-5257-bdd6-40fb06671ad1,2026-07-03T12:26:40.513,auth,OK,0200,FAST,851.48,INR,**************2948,SG,90
3eb13b90-4668-5257-bdd6-40fb06671ad1,2026-07-03T12:26:40.651,validation,OK,0200,FAST,851.48,INR,**************2948,SG,67
3eb13b90-4668-5257-bdd6-40fb06671ad1,2026-07-03T12:26:40.729,aml,OK,0200,FAST,851.48,INR,**************2948,SG,163
3eb13b90-4668-5257-bdd6-40fb06671ad1,2026-07-03T12:26:40.797,payment-hub,OK,0200,FAST,851.48,INR,**************2948,SG,114
3eb13b90-4668-5257-bdd6-40fb06671ad1,2026-07-03T12:26:40.941,core-banking,OK,0200,FAST,851.48,INR,**************2948,SG,81
3eb13b90-4668-5257-bdd6-40fb06671ad1,2026-07-03T12:26:41.099,settlement,SETTLED,0200,FAST,851.48,INR,**************2948,SG,183
3eb13b90-4668-5257-bdd6-40fb06671ad1,2026-07-03T02:59:25.549,gateway,OK,MT103,FAST,374.46,SGD,**************4793,SG,60
3eb13b90-4668-5257-bdd6-40fb06671ad1,2026-07-03T02:59:25.606,auth,OK,MT103,FAST,374.46,SGD,**************4793,SG,23
3eb13b90-4668-5257-bdd6-40fb06671ad1,2026-07-03T02:59:25.885,validation,OK,MT103,FAST,374.46,SGD,**************4793,SG,61
3eb13b90-4668-5257-bdd6-40fb06671ad1,2026-07-03T02:59:26.113,aml,OK,MT103,FAST,374.46,SGD,**************4793,SG,209
3eb13b90-4668-5257-bdd6-40fb06671ad1,2026-07-03T02:59:26.413,payment-hub,OK,MT103,FAST,374.46,SGD,**************4793,SG,69
3eb13b90-4668-5257-bdd6-40fb06671ad1,2026-07-03T02:59:26.563,core-banking,OK,MT103,FAST,374.46,SGD,**************4793,SG,202
3eb13b90-4668-5257-bdd6-40fb06671ad1,2026-07-03T02:59:26.838,settlement,SETTLED,MT103,FAST,374.46,SGD,**************4793,SG,194
3eb13b90-4668-5257-bdd6-40fb06671ad1,2026-07-08T18:46:38.196,gateway,OK,pacs.008,FAST,110.76,USD,**************8468,SG,41
3eb13b90-4668-5257-bdd6-40fb06671ad1,2026-07-08T18:46:38.301,auth,OK,pacs.008,FAST,110.76,USD,**************8468,SG,64
3eb13b90-4668-5257-bdd6-40fb06671ad1,2026-07-08T18:46:38.370,validation,OK,pacs.008,FAST,110.76,USD,**************8468,SG,76
3eb13b90-4668-5257-bdd6-40fb06671ad1,2026-07-08T18:46:38.409,aml,OK,pacs.008,FAST,110.76,USD,**************8468,SG,154
3eb13b90-4668-5257-bdd6-40fb06671ad1,2026-07-08T18:46:38.523,payment-hub,OK,pacs.008,FAST,110.76,USD,**************8468,SG,42
3eb13b90-4668-5257-bdd6-40fb06671ad1,2026-07-08T18:46:38.590,core-banking,OK,pacs.008,FAST,110.76,USD,**************8468,SG,228
3eb13b90-4668-5257-bdd6-40fb06671ad1,2026-07-08T18:46:38.686,settlement,SETTLED,pacs.008,FAST,110.76,USD,**************8468,SG,287
3eb13b90-4668-5257-bdd6-40fb06671ad1,2026-07-03T19:20:58.618,gateway,OK,0200,SWIFT,262.0,USD,**************5309,MY,32
3eb13b90-4668-5257-bdd6-40fb06671ad1,2026-07-03T19:20:58.687,auth,OK,0200,SWIFT,262.0,USD,**************5309,MY,44
3eb13b90-4668-5257-bdd6-40fb06671ad1,2026-07-03T19:20:58.802,validation,OK,0200,SWIFT,262.0,USD,**************5309,MY,98
3eb13b90-4668-5257-bdd6-40fb06671ad1,2026-07-03T19:20:58.964,aml,TIMEOUT,0200,SWIFT,262.0,USD,**************5309,MY,30000
3eb13b90-4668-5257-bdd6-40fb06671ad1,2026-07-03T19:20:59.079,payment-hub,FAILED,0200,SWIFT,262.0,USD,**************5309,MY,116
3eb13b90-4668-5257-bdd6-40fb06671ad1,2026-07-06T12:06:33.752,gateway,OK,0200,CARDS,588.82,INR,**************3548,GB,39
3eb13b90-4668-5257-bdd6-40fb06671ad1,2026-07-06T12:06:33.836,auth,OK,0200,CARDS,588.82,INR,**************3548,GB,54
3eb13b90-4668-5257-bdd6-40fb06671ad1,2026-07-06T12:06:33.946,validation,OK,0200,CARDS,588.82,INR,**************3548,GB,94
3eb13b90-4668-5257-bdd6-40fb06671ad1,2026-07-06T12:06:34.030,aml,OK,0200,CARDS,588.82,INR,**************3548,GB,77
3eb13b90-4668-5257-bdd6-40fb06671ad1,2026-07-06T12:06:34.175,payment-hub,OK,0200,CARDS,588.82,INR,**************3548,GB,78
3eb13b90-4668-5257-bdd6-40fb06671ad1,2026-07-06T12:06:34.278,core-banking,OK,0200,CARDS,588.82,INR,**************3548,GB,197
3eb13b90-4668-5257-bdd6-40fb06671ad1,2026-07-06T12:06:34.405,settlement,SETTLED,0200,CARDS,588.82,INR,**************3548,GB,292
3eb13b90-4668-5257-bdd6-40fb06671ad1,2026-07-04T11:02:45.035,gateway,OK,MT103,FAST,1086.23,SGD,**************5502,SG,43
3eb13b90-4668-5257-bdd6-40fb06671ad1,2026-07-04T11:02:45.098,auth,OK,MT103,FAST,1086.23,SGD,**************5502,SG,57
3eb13b90-4668-5257-bdd6-40fb06671ad1,2026-07-04T11:02:45.223,validation,OK,MT103,FAST,1086.23,SGD,**************5502,SG,111
3eb13b90-4668-5257-bdd6-40fb06671ad1,2026-07-04T11:02:45.292,aml,OK,MT103,FAST,1086.23,SGD,**************5502,SG,78
3eb13b90-4668-5257-bdd6-40fb06671ad1,2026-07-04T11:02:45.355,payment-hub,OK,MT103,FAST,1086.23,SGD,**************5502,SG,76
3eb13b90-4668-5257-bdd6-40fb06671ad1,2026-07-04T11:02:45.482,core-banking,OK,MT103,FAST,1086.23,SGD,**************5502,SG,250
3eb13b90-4668-5257-bdd6-40fb06671ad1,2026-07-04T11:02:45.625,settlement,SETTLED,MT103,FAST,1086.23,SGD,**************5502,SG,247
3eb13b90-4668-5257-bdd6-40fb06671ad1,2026-07-06T21:51:03.745,gateway,OK,pacs.008,FAST,3117.35,EUR,**************3813,SG,47
3eb13b90-4668-5257-bdd6-40fb06671ad1,2026-07-06T21:51:03.791,auth,OK,pacs.008,FAST,3117.35,EUR,**************3813,SG,22
3eb13b90-4668-5257-bdd6-40fb06671ad1,2026-07-06T21:51:04.052,validation,OK,pacs.008,FAST,3117.35,EUR,**************3813,SG,88
3eb13b90-4668-5257-bdd6-40fb06671ad1,2026-07-06T21:51:04.159,aml,OK,pacs.008,FAST,3117.35,EUR,**************3813,SG,186
3eb13b90-4668-5257-bdd6-40fb06671ad1,2026-07-06T21:51:04.254,payment-hub,OK,pacs.008,FAST,3117.35,EUR,**************3813,SG,129
3eb13b90-4668-5257-bdd6-40fb06671ad1,2026-07-06T21:51:04.336,core-banking,OK,pacs.008,FAST,3117.35,EUR,**************3813,SG,160
3eb13b90-4668-5257-bdd6-40fb06671ad1,2026-07-06T21:51:04.661,settlement,SETTLED,pacs.008,FAST,3117.35,EUR,**************3813,SG,288
3eb13b90-4668-5257-bdd6-40fb06671ad1,2026-07-03T07:54:08.482,gateway,OK,pacs.008,FAST,1148.12,USD,**************4327,SG,34
3eb13b90-4668-5257-bdd6-40fb06671ad1,2026-07-03T07:54:08.595,auth,OK,pacs.008,FAST,1148.12,USD,**************4327,SG,83
3eb13b90-4668-5257-bdd6-40fb06671ad1,2026-07-03T07:54:08.918,validation,OK,pacs.008,FAST,1148.12,USD,**************4327,SG,65
3eb13b90-4668-5257-bdd6-40fb06671ad1,2026-07-03T07:54:08.991,aml,OK,pacs.008,FAST,1148.12,USD,**************4327,SG,219
3eb13b90-4668-5257-bdd6-40fb06671ad1,2026-07-03T07:54:09.068,payment-hub,OK,pacs.008,FAST,1148.12,USD,**************4327,SG,66
3eb13b90-4668-5257-bdd6-40fb06671ad1,2026-07-03T07:54:09.183,core-banking,OK,pacs.008,FAST,1148.12,USD,**************4327,SG,174
3eb13b90-4668-5257-bdd6-40fb06671ad1,2026-07-03T07:54:09.341,settlement,SETTLED,pacs.008,FAST,1148.12,USD,**************4327,SG,362
3eb13b90-4668-5257-bdd6-40fb06671ad1,2026-07-14T15:00:43.624,gateway,OK,0200,FAST,596.24,SGD,**************3109,MY,21
3eb13b90-4668-5257-bdd6-40fb06671ad1,2026-07-14T15:00:43.700,auth,OK,0200,FAST,596.24,SGD,**************3109,MY,58
3eb13b90-4668-5257-bdd6-40fb06671ad1,2026-07-14T15:00:43.817,validation,REJECTED,0200,FAST,596.24,SGD,**************3109,MY,43
3eb13b90-4668-5257-bdd6-40fb06671ad1,2026-07-13T09:35:05.059,gateway,OK,MT103,FAST,1343.14,SGD,**************6316,SG,42
3eb13b90-4668-5257-bdd6-40fb06671ad1,2026-07-13T09:35:05.124,auth,OK,MT103,FAST,1343.14,SGD,**************6316,SG,65
3eb13b90-4668-5257-bdd6-40fb06671ad1,2026-07-13T09:35:05.276,validation,OK,MT103,FAST,1343.14,SGD,**************6316,SG,59
3eb13b90-4668-5257-bdd6-40fb06671ad1,2026-07-13T09:35:05.390,aml,OK,MT103,FAST,1343.14,SGD,**************6316,SG,123
3eb13b90-4668-5257-bdd6-40fb06671ad1,2026-07-13T09:35:05.512,payment-hub,OK,MT103,FAST,1343.14,SGD,**************6316,SG,31
3eb13b90-4668-5257-bdd6-40fb06671ad1,2026-07-13T09:35:05.544,core-banking,OK,MT103,FAST,1343.14,SGD,**************6316,SG,56
3eb13b90-4668-5257-bdd6-40fb06671ad1,2026-07-13T09:35:05.596,settlement,SETTLED,MT103,FAST,1343.14,SGD,**************6316,SG,398
3eb13b90-4668-5257-bdd6-40fb06671ad1,2026-07-09T14:34:55.957,gateway,OK,pacs.008,FAST,320.86,EUR,**************6032,MY,18
3eb13b90-4668-5257-bdd6-40fb06671ad1,2026-07-09T14:34:56.108,auth,OK,pacs.008,FAST,320.86,EUR,**************6032,MY,26
3eb13b90-4668-5257-bdd6-40fb06671ad1,2026-07-09T14:34:56.220,validation,OK,pacs.008,FAST,320.86,EUR,**************6032,MY,25
3eb13b90-4668-5257-bdd6-40fb06671ad1,2026-07-09T14:34:56.297,aml,TIMEOUT,pacs.008,FAST,320.86,EUR,**************6032,MY,30000
3eb13b90-4668-5257-bdd6-40fb06671ad1,2026-07-09T14:34:56.369,payment-hub,FAILED,pacs.008,FAST,320.86,EUR,**************6032,MY,144
3eb13b90-4668-5257-bdd6-40fb06671ad1,2026-07-05T04:21:22.727,gateway,OK,MT103,FAST,369.28,INR,**************0295,SG,49
3eb13b90-4668-5257-bdd6-40fb06671ad1,2026-07-05T04:21:22.799,auth,OK,MT103,FAST,369.28,INR,**************0295,SG,86
3eb13b90-4668-5257-bdd6-40fb06671ad1,2026-07-05T04:21:22.909,validation,OK,MT103,FAST,369.28,INR,**************0295,SG,102
3eb13b90-4668-5257-bdd6-40fb06671ad1,2026-07-05T04:21:22.990,aml,OK,MT103,FAST,369.28,INR,**************0295,SG,43
3eb13b90-4668-5257-bdd6-40fb06671ad1,2026-07-05T04:21:23.075,payment-hub,OK,MT103,FAST,369.28,INR,**************0295,SG,50
3eb13b90-4668-5257-bdd6-40fb06671ad1,2026-07-05T04:21:23.180,core-banking,OK,MT103,FAST,369.28,INR,**************0295,SG,177
3eb13b90-4668-5257-bdd6-40fb06671ad1,2026-07-05T04:21:23.287,settlement,SETTLED,MT103,FAST,369.28,INR,**************0295,SG,379
3eb13b90-4668-5257-bdd6-40fb06671ad1,2026-07-13T13:30:09.770,gateway,OK,pacs.008,CARDS,197.03,USD,**************9005,US,31
3eb13b90-4668-5257-bdd6-40fb06671ad1,2026-07-13T13:30:09.914,auth,OK,pacs.008,CARDS,197.03,USD,**************9005,US,33
3eb13b90-4668-5257-bdd6-40fb06671ad1,2026-07-13T13:30:09.949,validation,OK,pacs.008,CARDS,197.03,USD,**************9005,US,96
3eb13b90-4668-5257-bdd6-40fb06671ad1,2026-07-13T13:30:10.025,aml,TIMEOUT,pacs.008,CARDS,197.03,USD,**************9005,US,30000
3eb13b90-4668-5257-bdd6-40fb06671ad1,2026-07-13T13:30:10.142,payment-hub,FAILED,pacs.008,CARDS,197.03,USD,**************9005,US,57
3eb13b90-4668-5257-bdd6-40fb06671ad1,2026-07-04T20:55:00.064,gateway,OK,pacs.008,FAST,4384.14,SGD,**************9719,MY,46
3eb13b90-4668-5257-bdd6-40fb06671ad1,2026-07-04T20:55:00.103,auth,OK,pacs.008,FAST,4384.14,SGD,**************9719,MY,64
3eb13b90-4668-5257-bdd6-40fb06671ad1,2026-07-04T20:55:00.197,validation,OK,pacs.008,FAST,4384.14,SGD,**************9719,MY,101
3eb13b90-4668-5257-bdd6-40fb06671ad1,2026-07-04T20:55:00.263,aml,OK,pacs.008,FAST,4384.14,SGD,**************9719,MY,238
3eb13b90-4668-5257-bdd6-40fb06671ad1,2026-07-04T20:55:00.461,payment-hub,OK,pacs.008,FAST,4384.14,SGD,**************9719,MY,144
3eb13b90-4668-5257-bdd6-40fb06671ad1,2026-07-04T20:55:00.566,core-banking,OK,pacs.008,FAST,4384.14,SGD,**************9719,MY,228
3eb13b90-4668-5257-bdd6-40fb06671ad1,2026-07-04T20:55:00.731,settlement,SETTLED,pacs.008,FAST,4384.14,SGD,**************9719,MY,319
3eb13b90-4668-5257-bdd6-40fb06671ad1,2026-07-05T08:34:30.555,gateway,OK,pacs.008,FAST,754.94,USD,**************1740,SG,48
3eb13b90-4668-5257-bdd6-40fb06671ad1,2026-07-05T08:34:30.653,auth,OK,pacs.008,FAST,754.94,USD,**************1740,SG,64
3eb13b90-4668-5257-bdd6-40fb06671ad1,2026-07-05T08:34:30.717,validation,OK,pacs.008,FAST,754.94,USD,**************1740,SG,98
3eb13b90-4668-5257-bdd6-40fb06671ad1,2026-07-05T08:34:30.866,aml,OK,pacs.008,FAST,754.94,USD,**************1740,SG,58
3eb13b90-4668-5257-bdd6-40fb06671ad1,2026-07-05T08:34:31.084,payment-hub,OK,pacs.008,FAST,754.94,USD,**************1740,SG,147
3eb13b90-4668-5257-bdd6-40fb06671ad1,2026-07-05T08:34:31.123,core-banking,OK,pacs.008,FAST,754.94,USD,**************1740,SG,143
3eb13b90-4668-5257-bdd6-40fb06671ad1,2026-07-05T08:34:31.228,settlement,SETTLED,pacs.008,FAST,754.94,USD,**************1740,SG,110
3eb13b90-4668-5257-bdd6-40fb06671ad1,2026-07-13T07:00:32.524,gateway,OK,pacs.008,FAST,2596.09,EUR,**************8581,MY,57
3eb13b90-4668-5257-bdd6-40fb06671ad1,2026-07-13T07:00:32.776,auth,OK,pacs.008,FAST,2596.09,EUR,**************8581,MY,54
3eb13b90-4668-5257-bdd6-40fb06671ad1,2026-07-13T07:00:32.827,validation,OK,pacs.008,FAST,2596.09,EUR,**************8581,MY,50
3eb13b90-4668-5257-bdd6-40fb06671ad1,2026-07-13T07:00:32.883,aml,OK,pacs.008,FAST,2596.09,EUR,**************8581,MY,268
3eb13b90-4668-5257-bdd6-40fb06671ad1,2026-07-13T07:00:32.939,payment-hub,OK,pacs.008,FAST,2596.09,EUR,**************8581,MY,119
3eb13b90-4668-5257-bdd6-40fb06671ad1,2026-07-13T07:00:33.006,core-banking,OK,pacs.008,FAST,2596.09,EUR,**************8581,MY,202
3eb13b90-4668-5257-bdd6-40fb06671ad1,2026-07-13T07:00:33.084,settlement,SETTLED,pacs.008,FAST,2596.09,EUR,**************8581,MY,105
