uetr,ts,service,status,msg_type,rail,amount,currency,debtor_account,country,latency_ms
e302123b-000b-e425-0f72-221829fb876e,2026-07-05T17:35:26.999,gateway,OK,MT103,FAST,1179.66,EUR,**************6018,SG,47
e302123b-000b-e425-0f72-221829fb876e,2026-07-05T17:35:27.095,auth,OK,MT103,FAST,1179.66,EUR,**************6018,SG,63
e302123b-000b-e425-0f72-221829fb876e,2026-07-05T17:35:27.183,validation,OK,MT103,FAST,1179.66,EUR,**************6018,SG,111
e302123b-000b-e425-0f72-221829fb876e,2026-07-05T17:35:27.280,aml,OK,MT103,FAST,1179.66,EUR,**************6018,SG,188
e302123b-000b-e425-0f72-221829fb876e,2026-07-05T17:35:27.337,payment-hub,OK,MT103,FAST,1179.66,EUR,**************6018,SG,40
e302123b-000b-e425-0f72-221829fb876e,2026-07-05T17:35:27.434,core-banking,OK,MT103,FAST,1179.66,EUR,**************6018,SG,204
e302123b-000b-e425-0f72-221829fb876e,2026-07-05T17:35:27.482,settlement,SETTLED,MT103,FAST,1179.66,EUR,**************6018,SG,398
020a4fc5-2f52-40b3-9e1d-158494e1cbfa,2026-07-04T20:57:28.188,gateway,OK,pacs.008,SWIFT,622.34,EUR,**************9013,SG,31
020a4fc5-2f52-40b3-9e1d-158494e1cbfa,2026-07-04T20:57:28.270,auth,OK,pacs.008,SWIFT,622.34,EUR,**************9013,SG,29
020a4fc5-2f52-40b3-9e1d-158494e1cbfa,2026-07-04T20:57:28.355,validation,OK,pacs.008,SWIFT,622.34,EUR,**************9013,SG,74
020a4fc5-2f52-40b3-9e1d-158494e1cbfa,2026-07-04T20:57:58.378,aml,OK,pacs.008,SWIFT,622.34,EUR,**************9013,SG,64
020a4fc5-2f52-40b3-9e1d-158494e1cbfa,2026-07-04T20:57:58.498,payment-hub,OK,pacs.008,SWIFT,622.34,EUR,**************9013,SG,138
020a4fc5-2f52-40b3-9e1d-158494e1cbfa,2026-07-04T20:57:58.710,core-banking,OK,pacs.008,SWIFT,622.34,EUR,**************9013,SG,172
020a4fc5-2f52-40b3-9e1d-158494e1cbfa,2026-07-04T20:57:58.793,settlement,SETTLED,pacs.008,SWIFT,622.34,EUR,**************9013,SG,210
ef1f5ee9-35dd-3fc8-b358-ae22c619172a,2026-07-06T05:53:31.792,gateway,OK,MT103,CARDS,619.23,SGD,**************7299,US,40
ef1f5ee9-35dd-3fc8-b358-ae22c619172a,2026-07-06T05:53:31.842,auth,OK,MT103,CARDS,619.23,SGD,**************7299,US,20
ef1f5ee9-35dd-3fc8-b358-ae22c619172a,2026-07-06T05:53:31.930,validation,OK,MT103,CARDS,619.23,SGD,**************7299,US,35
ef1f5ee9-35dd-3fc8-b358-ae22c619172a,2026-07-06T05:53:32.065,aml,OK,MT103,CARDS,619.23,SGD,**************7299,US,175
ef1f5ee9-35dd-3fc8-b358-ae22c619172a,2026-07-06T05:53:32.152,payment-hub,OK,MT103,CARDS,619.23,SGD,**************7299,US,62
ef1f5ee9-35dd-3fc8-b358-ae22c619172a,2026-07-06T05:53:32.310,core-banking,OK,MT103,CARDS,619.23,SGD,**************7299,US,120
ef1f5ee9-35dd-3fc8-b358-ae22c619172a,2026-07-06T05:53:32.390,settlement,SETTLED,MT103,CARDS,619.23,SGD,**************7299,US,194
9e282d63-6e7b-d569-b4ff-441542a50124,2026-07-06T23:48:40.989,gateway,OK,0200,SWIFT,394.88,SGD,**************7232,SG,34
9e282d63-6e7b-d569-b4ff-441542a50124,2026-07-06T23:48:41.068,auth,OK,0200,SWIFT,394.88,SGD,**************7232,SG,26
9e282d63-6e7b-d569-b4ff-441542a50124,2026-07-06T23:48:41.257,validation,OK,0200,SWIFT,394.88,SGD,**************7232,SG,62
9e282d63-6e7b-d569-b4ff-441542a50124,2026-07-06T23:48:41.342,aml,TIMEOUT,0200,SWIFT,394.88,SGD,**************7232,SG,30000
9e282d63-6e7b-d569-b4ff-441542a50124,2026-07-06T23:48:41.641,payment-hub,FAILED,0200,SWIFT,394.88,SGD,**************7232,SG,104
61dca6c8-da42-8dc8-c869-1be7f5c902fc,2026-07-07T09:19:48.957,gateway,OK,MT103,FAST,952.7,USD,**************8737,SG,38
61dca6c8-da42-8dc8-c869-1be7f5c902fc,2026-07-07T09:19:49.109,auth,OK,MT103,FAST,952.7,USD,**************8737,SG,90
61dca6c8-da42-8dc8-c869-1be7f5c902fc,2026-07-07T09:19:49.443,validation,OK,MT103,FAST,952.7,USD,**************8737,SG,49
61dca6c8-da42-8dc8-c869-1be7f5c902fc,2026-07-07T09:19:49.712,aml,OK,MT103,FAST,952.7,USD,**************8737,SG,83
61dca6c8-da42-8dc8-c869-1be7f5c902fc,2026-07-07T09:19:49.807,payment-hub,OK,MT103,FAST,952.7,USD,**************8737,SG,39
61dca6c8-da42-8dc8-c869-1be7f5c902fc,2026-07-07T09:19:49.922,core-banking,OK,MT103,FAST,952.7,USD,**************8737,SG,67
61dca6c8-da42-8dc8-c869-1be7f5c902fc,2026-07-07T09:19:50.158,settlement,SETTLED,MT103,FAST,952.7,USD,**************8737,SG,238
9df5cf59-b65e-0e30-f24a-99a96826aaae,2026-07-10T06:05:56.528,gateway,OK,pacs.008,FAST,6561.65,USD,**************9093,MY,60
9df5cf59-b65e-0e30-f24a-99a96826aaae,2026-07-10T06:05:56.576,auth,OK,pacs.008,FAST,6561.65,USD,**************9093,MY,61
9df5cf59-b65e-0e30-f24a-99a96826aaae,2026-07-10T06:05:56.744,validation,OK,pacs.008,FAST,6561.65,USD,**************9093,MY,89
9df5cf59-b65e-0e30-f24a-99a96826aaae,2026-07-10T06:05:56.827,aml,TIMEOUT,pacs.008,FAST,6561.65,USD,**************9093,MY,30000
9df5cf59-b65e-0e30-f24a-99a96826aaae,2026-07-10T06:05:56.986,payment-hub,FAILED,pacs.008,FAST,6561.65,USD,**************9093,MY,146
82378b40-1164-bd29-f7b2-a75ff42475ca,2026-07-06T20:32:48.207,gateway,OK,MT103,FAST,9596.31,GBP,**************4153,SG,22
82378b40-1164-bd29-f7b2-a75ff42475ca,2026-07-06T20:32:48.311,auth,OK,MT103,FAST,9596.31,GBP,**************4153,SG,70
82378b40-1164-bd29-f7b2-a75ff42475ca,2026-07-06T20:32:48.570,validation,OK,MT103,FAST,9596.31,GBP,**************4153,SG,99
82378b40-1164-bd29-f7b2-a75ff42475ca,2026-07-06T20:32:48.670,aml,OK,MT103,FAST,9596.31,GBP,**************4153,SG,156
82378b40-1164-bd29-f7b2-a75ff42475ca,2026-07-06T20:32:48.750,payment-hub,OK,MT103,FAST,9596.31,GBP,**************4153,SG,30
82378b40-1164-bd29-f7b2-a75ff42475ca,2026-07-06T20:32:48.791,core-banking,OK,MT103,FAST,9596.31,GBP,**************4153,SG,144
82378b40-1164-bd29-f7b2-a75ff42475ca,2026-07-06T20:32:48.838,settlement,SETTLED,MT103,FAST,9596.31,GBP,**************4153,SG,352
4e1b2bd1-a76b-f10e-9da4-70bbd5206644,2026-07-13T18:01:52.164,gateway,OK,pacs.008,FAST,248.83,EUR,**************1535,MY,49
4e1b2bd1-a76b-f10e-9da4-70bbd5206644,2026-07-13T18:01:52.236,auth,OK,pacs.008,FAST,248.83,EUR,**************1535,MY,50
4e1b2bd1-a76b-f10e-9da4-70bbd5206644,2026-07-13T18:01:52.346,validation,OK,pacs.008,FAST,248.83,EUR,**************1535,MY,65
4e1b2bd1-a76b-f10e-9da4-70bbd5206644,2026-07-13T18:01:52.419,aml,OK,pacs.008,FAST,248.83,EUR,**************1535,MY,195
4e1b2bd1-a76b-f10e-9da4-70bbd5206644,2026-07-13T18:01:52.562,payment-hub,OK,pacs.008,FAST,248.83,EUR,**************1535,MY,49
4e1b2bd1-a76b-f10e-9da4-70bbd5206644,2026-07-13T18:01:52.713,core-banking,OK,pacs.008,FAST,248.83,EUR,**************1535,MY,199
4e1b2bd1-a76b-f10e-9da4-70bbd5206644,2026-07-13T18:01:52.785,settlement,SETTLED,pacs.008,FAST,248.83,EUR,**************1535,MY,97
81ebb9cd-790a-316b-a9b8-e50d76e85bdf,2026-07-11T09:20:59.988,gateway,OK,MT103,FAST,2203.77,SGD,**************3653,SG,32
81ebb9cd-790a-316b-a9b8-e50d76e85bdf,2026-07-11T09:21:00.097,auth,OK,MT103,FAST,2203.77,SGD,**************3653,SG,20
81ebb9cd-790a-316b-a9b8-e50d76e85bdf,2026-07-11T09:21:00.234,validation,OK,MT103,FAST,2203.77,SGD,**************3653,SG,32
81ebb9cd-790a-316b-a9b8-e50d76e85bdf,2026-07-11T09:21:00.357,aml,OK,MT103,FAST,2203.77,SGD,**************3653,SG,139
81ebb9cd-790a-316b-a9b8-e50d76e85bdf,2026-07-11T09:21:00.454,payment-hub,OK,MT103,FAST,2203.77,SGD,**************3653,SG,65
81ebb9cd-790a-316b-a9b8-e50d76e85bdf,2026-07-11T09:21:00.533,core-banking,OK,MT103,FAST,2203.77,SGD,**************3653,SG,233
81ebb9cd-790a-316b-a9b8-e50d76e85bdf,2026-07-11T09:21:00.720,settlement,SETTLED,MT103,FAST,2203.77,SGD,**************3653,SG,317
ffeb3c43-f348-2ac9-c6fe-e3e2265a5c86,2026-07-05T03:41:16.665,gateway,OK,pacs.008,SWIFT,462.04,SGD,**************0431,SG,60
ffeb3c43-f348-2ac9-c6fe-e3e2265a5c86,2026-07-05T03:41:16.731,auth,OK,pacs.008,SWIFT,462.04,SGD,**************0431,SG,39
ffeb3c43-f348-2ac9-c6fe-e3e2265a5c86,2026-07-05T03:41:16.939,validation,OK,pacs.008,SWIFT,462.04,SGD,**************0431,SG,120
ffeb3c43-f348-2ac9-c6fe-e3e2265a5c86,2026-07-05T03:41:17.183,aml,OK,pacs.008,SWIFT,462.04,SGD,**************0431,SG,268
ffeb3c43-f348-2ac9-c6fe-e3e2265a5c86,2026-07-05T03:41:17.437,payment-hub,OK,pacs.008,SWIFT,462.04,SGD,**************0431,SG,40
ffeb3c43-f348-2ac9-c6fe-e3e2265a5c86,2026-07-05T03:41:17.483,core-banking,OK,pacs.008,SWIFT,462.04,SGD,**************0431,SG,76
ffeb3c43-f348-2ac9-c6fe-e3e2265a5c86,2026-07-05T03:41:17.556,settlement,SETTLED,pacs.008,SWIFT,462.04,SGD,**************0431,SG,378
805a3118-aa9d-cc09-a746-eda8dc8fa795,2026-07-12T19:09:49.374,gateway,OK,pacs.008,FAST,332.58,SGD,**************3170,SG,54
805a3118-aa9d-cc09-a746-eda8dc8fa795,2026-07-12T19:09:49.644,auth,OK,pacs.008,FAST,332.58,SGD,**************3170,SG,22
805a3118-aa9d-cc09-a746-eda8dc8fa795,2026-07-12T19:09:49.673,validation,OK,pacs.008,FAST,332.58,SGD,**************3170,SG,38
805a3118-aa9d-cc09-a746-eda8dc8fa795,2026-07-12T19:09:49.805,aml,OK,pacs.008,FAST,332.58,SGD,**************3170,SG,224
805a3118-aa9d-cc09-a746-eda8dc8fa795,2026-07-12T19:09:49.830,payment-hub,OK,pacs.008,FAST,332.58,SGD,**************3170,SG,85
805a3118-aa9d-cc09-a746-eda8dc8fa795,2026-07-12T19:09:49.921,core-banking,OK,pacs.008,FAST,332.58,SGD,**************3170,SG,157
805a3118-aa9d-cc09-a746-eda8dc8fa795,2026-07-12T19:09:50.011,settlement,SETTLED,pacs.008,FAST,332.58,SGD,**************3170,SG,63
5d517b6d-0c22-7cfc-9ae2-0544cd5493fa,2026-07-14T06:51:55.640,gateway,OK,pacs.008,FAST,232.49,USD,**************8225,GB,20
5d517b6d-0c22-7cfc-9ae2-0544cd5493fa,2026-07-14T06:51:55.704,auth,OK,pacs.008,FAST,232.49,USD,**************8225,GB,42
5d517b6d-0c22-7cfc-9ae2-0544cd5493fa,2026-07-14T06:51:55.793,validation,OK,pacs.008,FAST,232.49,USD,**************8225,GB,119
5d517b6d-0c22-7cfc-9ae2-0544cd5493fa,2026-07-14T06:51:55.861,aml,OK,pacs.008,FAST,232.49,USD,**************8225,GB,233
5d517b6d-0c22-7cfc-9ae2-0544cd5493fa,2026-07-14T06:51:55.947,payment-hub,OK,pacs.008,FAST,232.49,USD,**************8225,GB,44
5d517b6d-0c22-7cfc-9ae2-0544cd5493fa,2026-07-14T06:51:56.204,core-banking,OK,pacs.008,FAST,232.49,USD,**************8225,GB,216
5d517b6d-0c22-7cfc-9ae2-0544cd5493fa,2026-07-14T06:51:56.275,settlement,SETTLED,pacs.008,FAST,232.49,USD,**************8225,GB,323
48df8a52-7e72-484c-646a-0b6700be70dd,2026-07-04T10:30:42.382,gateway,OK,MT103,SWIFT,673.86,EUR,**************2742,SG,53
48df8a52-7e72-484c-646a-0b6700be70dd,2026-07-04T10:30:42.478,auth,OK,MT103,SWIFT,673.86,EUR,**************2742,SG,32
48df8a52-7e72-484c-646a-0b6700be70dd,2026-07-04T10:30:42.574,validation,OK,MT103,SWIFT,673.86,EUR,**************2742,SG,55
48df8a52-7e72-484c-646a-0b6700be70dd,2026-07-04T10:30:42.686,aml,OK,MT103,SWIFT,673.86,EUR,**************2742,SG,84
48df8a52-7e72-484c-646a-0b6700be70dd,2026-07-04T10:30:42.768,payment-hub,OK,MT103,SWIFT,673.86,EUR,**************2742,SG,61
48df8a52-7e72-484c-646a-0b6700be70dd,2026-07-04T10:30:42.826,core-banking,OK,MT103,SWIFT,673.86,EUR,**************2742,SG,170
48df8a52-7e72-484c-646a-0b6700be70dd,2026-07-04T10:30:42.916,settlement,SETTLED,MT103,SWIFT,673.86,EUR,**************2742,SG,75
fda7f9f0-93e7-d61d-3d55-b572c1480b18,2026-07-12T06:45:58.404,gateway,OK,MT103,SWIFT,436.72,SGD,**************2711,SG,33
fda7f9f0-93e7-d61d-3d55-b572c1480b18,2026-07-12T06:45:58.457,auth,OK,MT103,SWIFT,436.72,SGD,**************2711,SG,24
fda7f9f0-93e7-d61d-3d55-b572c1480b18,2026-07-12T06:45:58.583,validation,OK,MT103,SWIFT,436.72,SGD,**************2711,SG,116
fda7f9f0-93e7-d61d-3d55-b572c1480b18,2026-07-12T06:45:58.839,aml,TIMEOUT,MT103,SWIFT,436.72,SGD,**************2711,SG,30000
fda7f9f0-93e7-d61d-3d55-b572c1480b18,2026-07-12T06:45:58.899,payment-hub,FAILED,MT103,SWIFT,436.72,SGD,**************2711,SG,135
01df0957-197e-585d-09a6-19f0d5da932d,2026-07-09T12:43:17.819,gateway,OK,pacs.008,SWIFT,282.62,USD,**************6394,IN,41
01df0957-197e-585d-09a6-19f0d5da932d,2026-07-09T12:43:17.889,auth,OK,pacs.008,SWIFT,282.62,USD,**************6394,IN,22
01df0957-197e-585d-09a6-19f0d5da932d,2026-07-09T12:43:18.063,validation,OK,pacs.008,SWIFT,282.62,USD,**************6394,IN,89
01df0957-197e-585d-09a6-19f0d5da932d,2026-07-09T12:43:18.188,aml,OK,pacs.008,SWIFT,282.62,USD,**************6394,IN,84
01df0957-197e-585d-09a6-19f0d5da932d,2026-07-09T12:43:18.267,payment-hub,OK,pacs.008,SWIFT,282.62,USD,**************6394,IN,37
01df0957-197e-585d-09a6-19f0d5da932d,2026-07-09T12:43:18.333,core-banking,OK,pacs.008,SWIFT,282.62,USD,**************6394,IN,201
01df0957-197e-585d-09a6-19f0d5da932d,2026-07-09T12:43:18.459,settlement,SETTLED,pacs.008,SWIFT,282.62,USD,**************6394,IN,362
a1de5c3a-3c2a-2af8-2e0b-63e518c91aa6,2026-07-09T10:15:49.430,gateway,OK,pacs.008,CARDS,787.84,USD,**************2795,SG,22
a1de5c3a-3c2a-2af8-2e0b-63e518c91aa6,2026-07-09T10:15:49.515,auth,OK,pacs.008,CARDS,787.84,USD,**************2795,SG,88
a1de5c3a-3c2a-2af8-2e0b-63e518c91aa6,2026-07-09T10:15:49.602,validation,REJECTED,pacs.008,CARDS,787.84,USD,**************2795,SG,42
27390220-bd0c-262b-bcb3-44eb431851af,2026-07-04T02:08:40.207,gateway,OK,pacs.008,SWIFT,2251.5,USD,**************6224,SG,45
27390220-bd0c-262b-bcb3-44eb431851af,2026-07-04T02:08:40.308,auth,OK,pacs.008,SWIFT,2251.5,USD,**************6224,SG,36
27390220-bd0c-262b-bcb3-44eb431851af,2026-07-04T02:08:40.411,validation,REJECTED,pacs.008,SWIFT,2251.5,USD,**************6224,SG,26
2db0da65-d5df-cfc9-84b4-97954e18db1b,2026-07-10T03:13:42.076,gateway,OK,0200,FAST,980.05,SGD,**************6600,US,46
2db0da65-d5df-cfc9-84b4-97954e18db1b,2026-07-10T03:13:42.145,auth,OK,0200,FAST,980.05,SGD,**************6600,US,28
2db0da65-d5df-cfc9-84b4-97954e18db1b,2026-07-10T03:13:42.320,validation,OK,0200,FAST,980.05,SGD,**************6600,US,80
2db0da65-d5df-cfc9-84b4-97954e18db1b,2026-07-10T03:13:42.619,aml,OK,0200,FAST,980.05,SGD,**************6600,US,184
2db0da65-d5df-cfc9-84b4-97954e18db1b,2026-07-10T03:13:42.675,payment-hub,OK,0200,FAST,980.05,SGD,**************6600,US,143
2db0da65-d5df-cfc9-84b4-97954e18db1b,2026-07-10T03:13:42.752,core-banking,OK,0200,FAST,980.05,SGD,**************6600,US,95
2db0da65-d5df-cfc9-84b4-97954e18db1b,2026-07-10T03:13:42.822,settlement,SETTLED,0200,FAST,980.05,SGD,**************6600,US,355
01696fc9-cd8e-a86a-cbbd-cd985eb651ce,2026-07-08T05:45:54.308,gateway,OK,pacs.008,FAST,571.44,SGD,**************8146,IN,17
01696fc9-cd8e-a86a-cbbd-cd985eb651ce,2026-07-08T05:45:54.372,auth,OK,pacs.008,FAST,571.44,SGD,**************8146,IN,71
01696fc9-cd8e-a86a-cbbd-cd985eb651ce,2026-07-08T05:45:54.431,validation,OK,pacs.008,FAST,571.44,SGD,**************8146,IN,42
01696fc9-cd8e-a86a-cbbd-cd985eb651ce,2026-07-08T05:45:54.545,aml,OK,pacs.008,FAST,571.44,SGD,**************8146,IN,91
01696fc9-cd8e-a86a-cbbd-cd985eb651ce,2026-07-08T05:45:54.739,payment-hub,OK,pacs.008,FAST,571.44,SGD,**************8146,IN,133
01696fc9-cd8e-a86a-cbbd-cd985eb651ce,2026-07-08T05:45:54.804,core-banking,OK,pacs.008,FAST,571.44,SGD,**************8146,IN,121
01696fc9-cd8e-a86a-cbbd-cd985eb651ce,2026-07-08T05:45:54.989,settlement,SETTLED,pacs.008,FAST,571.44,SGD,**************8146,IN,236
47c9bd87-ea35-5ce8-e25e-1196c4d2649b,2026-07-01T21:33:28.457,gateway,OK,pacs.008,SWIFT,1622.38,SGD,**************6929,MY,44
47c9bd87-ea35-5ce8-e25e-1196c4d2649b,2026-07-01T21:33:28.528,auth,OK,pacs.008,SWIFT,1622.38,SGD,**************6929,MY,27
47c9bd87-ea35-5ce8-e25e-1196c4d2649b,2026-07-01T21:33:28.633,validation,OK,pacs.008,SWIFT,1622.38,SGD,**************6929,MY,69
47c9bd87-ea35-5ce8-e25e-1196c4d2649b,2026-07-01T21:33:28.836,aml,OK,pacs.008,SWIFT,1622.38,SGD,**************6929,MY,44
47c9bd87-ea35-5ce8-e25e-1196c4d2649b,2026-07-01T21:33:28.925,payment-hub,OK,pacs.008,SWIFT,1622.38,SGD,**************6929,MY,145
47c9bd87-ea35-5ce8-e25e-1196c4d2649b,2026-07-01T21:33:29.214,core-banking,OK,pacs.008,SWIFT,1622.38,SGD,**************6929,MY,122
47c9bd87-ea35-5ce8-e25e-1196c4d2649b,2026-07-01T21:33:29.257,settlement,SETTLED,pacs.008,SWIFT,1622.38,SGD,**************6929,MY,192
95df17fc-5133-43fb-0264-c8d9be72a169,2026-07-10T03:36:41.556,gateway,OK,MT103,FAST,89.06,EUR,**************7221,IN,34
95df17fc-5133-43fb-0264-c8d9be72a169,2026-07-10T03:36:41.697,auth,OK,MT103,FAST,89.06,EUR,**************7221,IN,88
95df17fc-5133-43fb-0264-c8d9be72a169,2026-07-10T03:36:41.793,validation,OK,MT103,FAST,89.06,EUR,**************7221,IN,61
95df17fc-5133-43fb-0264-c8d9be72a169,2026-07-10T03:37:11.810,aml,OK,MT103,FAST,89.06,EUR,**************7221,IN,238
95df17fc-5133-43fb-0264-c8d9be72a169,2026-07-10T03:37:11.862,payment-hub,OK,MT103,FAST,89.06,EUR,**************7221,IN,78
95df17fc-5133-43fb-0264-c8d9be72a169,2026-07-10T03:37:11.948,core-banking,OK,MT103,FAST,89.06,EUR,**************7221,IN,86
95df17fc-5133-43fb-0264-c8d9be72a169,2026-07-10T03:37:12.041,settlement,SETTLED,MT103,FAST,89.06,EUR,**************7221,IN,300
cbf9855a-1aab-3d29-3a4c-f1c0d0722bbf,2026-07-01T19:34:47.240,gateway,OK,pacs.008,FAST,259.0,SGD,**************9054,SG,55
cbf9855a-1aab-3d29-3a4c-f1c0d0722bbf,2026-07-01T19:34:47.318,auth,OK,pacs.008,FAST,259.0,SGD,**************9054,SG,63
cbf9855a-1aab-3d29-3a4c-f1c0d0722bbf,2026-07-01T19:34:47.382,validation,OK,pacs.008,FAST,259.0,SGD,**************9054,SG,120
cbf9855a-1aab-3d29-3a4c-f1c0d0722bbf,2026-07-01T19:34:47.518,aml,TIMEOUT,pacs.008,FAST,259.0,SGD,**************9054,SG,30000
cbf9855a-1aab-3d29-3a4c-f1c0d0722bbf,2026-07-01T19:34:47.590,payment-hub,FAILED,pacs.008,FAST,259.0,SGD,**************9054,SG,150
110073c8-8922-aadf-eda6-680d0e08d01d,2026-07-06T02:19:32.780,gateway,OK,pacs.008,SWIFT,194.54,SGD,**************7160,SG,53
110073c8-8922-aadf-eda6-680d0e08d01d,2026-07-06T02:19:32.854,auth,OK,pacs.008,SWIFT,194.54,SGD,**************7160,SG,67
110073c8-8922-aadf-eda6-680d0e08d01d,2026-07-06T02:19:32.951,validation,OK,pacs.008,SWIFT,194.54,SGD,**************7160,SG,49
110073c8-8922-aadf-eda6-680d0e08d01d,2026-07-06T02:19:33.005,aml,OK,pacs.008,SWIFT,194.54,SGD,**************7160,SG,265
110073c8-8922-aadf-eda6-680d0e08d01d,2026-07-06T02:19:33.089,payment-hub,OK,pacs.008,SWIFT,194.54,SGD,**************7160,SG,95
110073c8-8922-aadf-eda6-680d0e08d01d,2026-07-06T02:19:33.167,core-banking,OK,pacs.008,SWIFT,194.54,SGD,**************7160,SG,149
110073c8-8922-aadf-eda6-680d0e08d01d,2026-07-06T02:19:33.245,settlement,SETTLED,pacs.008,SWIFT,194.54,SGD,**************7160,SG,70
d52e7173-06cc-643a-223e-6cc6aa11dde7,2026-07-14T13:37:27.728,gateway,OK,MT103,FAST,253.38,EUR,**************0855,HK,19
d52e7173-06cc-643a-223e-6cc6aa11dde7,2026-07-14T13:37:27.885,auth,OK,MT103,FAST,253.38,EUR,**************0855,HK,30
d52e7173-06cc-643a-223e-6cc6aa11dde7,2026-07-14T13:37:28.044,validation,OK,MT103,FAST,253.38,EUR,**************0855,HK,51
d52e7173-06cc-643a-223e-6cc6aa11dde7,2026-07-14T13:37:28.179,aml,OK,MT103,FAST,253.38,EUR,**************0855,HK,50
d52e7173-06cc-643a-223e-6cc6aa11dde7,2026-07-14T13:37:28.260,payment-hub,OK,MT103,FAST,253.38,EUR,**************0855,HK,114
d52e7173-06cc-643a-223e-6cc6aa11dde7,2026-07-14T13:37:28.319,core-banking,OK,MT103,FAST,253.38,EUR,**************0855,HK,136
d52e7173-06cc-643a-223e-6cc6aa11dde7,2026-07-14T13:37:28.538,settlement,SETTLED,MT103,FAST,253.38,EUR,**************0855,HK,272
eeba9f38-bea3-538d-e882-fae3171623cc,2026-07-09T05:42:21.538,gateway,OK,MT103,SWIFT,851.79,SGD,**************5635,SG,57
eeba9f38-bea3-538d-e882-fae3171623cc,2026-07-09T05:42:21.597,auth,OK,MT103,SWIFT,851.79,SGD,**************5635,SG,81
eeba9f38-bea3-538d-e882-fae3171623cc,2026-07-09T05:42:21.693,validation,OK,MT103,SWIFT,851.79,SGD,**************5635,SG,79
eeba9f38-bea3-538d-e882-fae3171623cc,2026-07-09T05:42:21.770,aml,OK,MT103,SWIFT,851.79,SGD,**************5635,SG,150
eeba9f38-bea3-538d-e882-fae3171623cc,2026-07-09T05:42:21.817,payment-hub,OK,MT103,SWIFT,851.79,SGD,**************5635,SG,127
eeba9f38-bea3-538d-e882-fae3171623cc,2026-07-09T05:42:21.895,core-banking,OK,MT103,SWIFT,851.79,SGD,**************5635,SG,76
eeba9f38-bea3-538d-e882-fae3171623cc,2026-07-09T05:42:21.994,settlement,SETTLED,MT103,SWIFT,851.79,SGD,**************5635,SG,193
ba3864bb-f1e1-0639-8d59-226ae3e3ffc9,2026-07-05T07:53:02.925,gateway,OK,pacs.008,FAST,588.9,SGD,**************5235,SG,25
ba3864bb-f1e1-0639-8d59-226ae3e3ffc9,2026-07-05T07:53:03.078,auth,OK,pacs.008,FAST,588.9,SGD,**************5235,SG,32
ba3864bb-f1e1-0639-8d59-226ae3e3ffc9,2026-07-05T07:53:03.141,validation,OK,pacs.008,FAST,588.9,SGD,**************5235,SG,114
ba3864bb-f1e1-0639-8d59-226ae3e3ffc9,2026-07-05T07:53:03.189,aml,OK,pacs.008,FAST,588.9,SGD,**************5235,SG,58
ba3864bb-f1e1-0639-8d59-226ae3e3ffc9,2026-07-05T07:53:03.353,payment-hub,OK,pacs.008,FAST,588.9,SGD,**************5235,SG,82
ba3864bb-f1e1-0639-8d59-226ae3e3ffc9,2026-07-05T07:53:33.375,core-banking,OK,pacs.008,FAST,588.9,SGD,**************5235,SG,173
ba3864bb-f1e1-0639-8d59-226ae3e3ffc9,2026-07-05T07:53:33.402,settlement,SETTLED,pacs.008,FAST,588.9,SGD,**************5235,SG,363
92d7194f-fa77-3c32-1c97-566473098641,2026-07-09T15:52:18.664,gateway,OK,pacs.008,FAST,10634.29,USD,**************6886,IN,31
92d7194f-fa77-3c32-1c97-566473098641,2026-07-09T15:52:18.746,auth,OK,pacs.008,FAST,10634.29,USD,**************6886,IN,70
92d7194f-fa77-3c32-1c97-566473098641,2026-07-09T15:52:18.804,validation,OK,pacs.008,FAST,10634.29,USD,**************6886,IN,35
92d7194f-fa77-3c32-1c97-566473098641,2026-07-09T15:52:18.898,aml,OK,pacs.008,FAST,10634.29,USD,**************6886,IN,165
92d7194f-fa77-3c32-1c97-566473098641,2026-07-09T15:52:19.137,payment-hub,OK,pacs.008,FAST,10634.29,USD,**************6886,IN,53
92d7194f-fa77-3c32-1c97-566473098641,2026-07-09T15:52:19.322,core-banking,OK,pacs.008,FAST,10634.29,USD,**************6886,IN,165
92d7194f-fa77-3c32-1c97-566473098641,2026-07-09T15:52:19.420,settlement,SETTLED,pacs.008,FAST,10634.29,USD,**************6886,IN,301
9cae754d-4a54-eab5-638b-96c2bccc76b8,2026-07-04T10:08:59.133,gateway,OK,pacs.008,SWIFT,635.91,INR,**************1537,SG,33
9cae754d-4a54-eab5-638b-96c2bccc76b8,2026-07-04T10:08:59.218,auth,OK,pacs.008,SWIFT,635.91,INR,**************1537,SG,52
9cae754d-4a54-eab5-638b-96c2bccc76b8,2026-07-04T10:08:59.285,validation,OK,pacs.008,SWIFT,635.91,INR,**************1537,SG,51
9cae754d-4a54-eab5-638b-96c2bccc76b8,2026-07-04T10:09:29.294,aml,OK,pacs.008,SWIFT,635.91,INR,**************1537,SG,226
9cae754d-4a54-eab5-638b-96c2bccc76b8,2026-07-04T10:09:29.545,payment-hub,OK,pacs.008,SWIFT,635.91,INR,**************1537,SG,30
9cae754d-4a54-eab5-638b-96c2bccc76b8,2026-07-04T10:09:29.797,core-banking,OK,pacs.008,SWIFT,635.91,INR,**************1537,SG,122
9cae754d-4a54-eab5-638b-96c2bccc76b8,2026-07-04T10:09:29.950,settlement,SETTLED,pacs.008,SWIFT,635.91,INR,**************1537,SG,263
544d8e8d-cc22-9113-2f87-5323a0b94ee3,2026-07-15T04:29:58.257,gateway,OK,pacs.008,FAST,1643.38,SGD,**************3724,SG,40
544d8e8d-cc22-9113-2f87-5323a0b94ee3,2026-07-15T04:29:58.345,auth,OK,pacs.008,FAST,1643.38,SGD,**************3724,SG,58
544d8e8d-cc22-9113-2f87-5323a0b94ee3,2026-07-15T04:29:58.477,validation,OK,pacs.008,FAST,1643.38,SGD,**************3724,SG,94
544d8e8d-cc22-9113-2f87-5323a0b94ee3,2026-07-15T04:29:58.548,aml,OK,pacs.008,FAST,1643.38,SGD,**************3724,SG,126
544d8e8d-cc22-9113-2f87-5323a0b94ee3,2026-07-15T04:29:58.633,payment-hub,OK,pacs.008,FAST,1643.38,SGD,**************3724,SG,35
544d8e8d-cc22-9113-2f87-5323a0b94ee3,2026-07-15T04:29:58.666,core-banking,OK,pacs.008,FAST,1643.38,SGD,**************3724,SG,84
544d8e8d-cc22-9113-2f87-5323a0b94ee3,2026-07-15T04:29:58.825,settlement,SETTLED,pacs.008,FAST,1643.38,SGD,**************3724,SG,351
de3f5e4b-6704-b507-4629-cb288bc42177,2026-07-05T19:12:10.022,gateway,OK,pacs.008,SWIFT,470.59,SGD,**************9903,SG,50
de3f5e4b-6704-b507-4629-cb288bc42177,2026-07-05T19:12:10.247,auth,OK,pacs.008,SWIFT,470.59,SGD,**************9903,SG,51
de3f5e4b-6704-b507-4629-cb288bc42177,2026-07-05T19:12:10.355,validation,OK,pacs.008,SWIFT,470.59,SGD,**************9903,SG,101
de3f5e4b-6704-b507-4629-cb288bc42177,2026-07-05T19:12:10.409,aml,TIMEOUT,pacs.008,SWIFT,470.59,SGD,**************9903,SG,30000
de3f5e4b-6704-b507-4629-cb288bc42177,2026-07-05T19:12:10.497,payment-hub,FAILED,pacs.008,SWIFT,470.59,SGD,**************9903,SG,88
143debac-d9a5-be29-e736-e8839db38eb9,2026-07-05T09:27:23.263,gateway,OK,pacs.008,FAST,589.87,SGD,**************7125,MY,41
143debac-d9a5-be29-e736-e8839db38eb9,2026-07-05T09:27:23.347,auth,OK,pacs.008,FAST,589.87,SGD,**************7125,MY,54
143debac-d9a5-be29-e736-e8839db38eb9,2026-07-05T09:27:23.428,validation,OK,pacs.008,FAST,589.87,SGD,**************7125,MY,33
143debac-d9a5-be29-e736-e8839db38eb9,2026-07-05T09:27:23.484,aml,OK,pacs.008,FAST,589.87,SGD,**************7125,MY,273
143debac-d9a5-be29-e736-e8839db38eb9,2026-07-05T09:27:23.631,payment-hub,OK,pacs.008,FAST,589.87,SGD,**************7125,MY,124
143debac-d9a5-be29-e736-e8839db38eb9,2026-07-05T09:27:23.802,core-banking,OK,pacs.008,FAST,589.87,SGD,**************7125,MY,166
143debac-d9a5-be29-e736-e8839db38eb9,2026-07-05T09:27:53.840,settlement,SETTLED,pacs.008,FAST,589.87,SGD,**************7125,MY,193
3e39bf56-cba1-8e7e-1f3a-68bd6198bcea,2026-07-05T11:32:54.550,gateway,OK,pacs.008,CARDS,96.14,SGD,**************1702,MY,35
3e39bf56-cba1-8e7e-1f3a-68bd6198bcea,2026-07-05T11:32:54.769,auth,OK,pacs.008,CARDS,96.14,SGD,**************1702,MY,46
3e39bf56-cba1-8e7e-1f3a-68bd6198bcea,2026-07-05T11:32:54.819,validation,OK,pacs.008,CARDS,96.14,SGD,**************1702,MY,33
3e39bf56-cba1-8e7e-1f3a-68bd6198bcea,2026-07-05T11:32:54.904,aml,OK,pacs.008,CARDS,96.14,SGD,**************1702,MY,183
3e39bf56-cba1-8e7e-1f3a-68bd6198bcea,2026-07-05T11:32:54.958,payment-hub,OK,pacs.008,CARDS,96.14,SGD,**************1702,MY,121
3e39bf56-cba1-8e7e-1f3a-68bd6198bcea,2026-07-05T11:32:55.026,core-banking,OK,pacs.008,CARDS,96.14,SGD,**************1702,MY,195
3e39bf56-cba1-8e7e-1f3a-68bd6198bcea,2026-07-05T11:33:25.044,settlement,SETTLED,pacs.008,CARDS,96.14,SGD,**************1702,MY,357
75d08f99-8bc5-5340-aa03-fafd714dcd8a,2026-07-10T00:44:49.674,gateway,OK,MT103,FAST,250.76,SGD,**************7412,IN,55
75d08f99-8bc5-5340-aa03-fafd714dcd8a,2026-07-10T00:44:49.886,auth,OK,MT103,FAST,250.76,SGD,**************7412,IN,86
75d08f99-8bc5-5340-aa03-fafd714dcd8a,2026-07-10T00:44:49.982,validation,OK,MT103,FAST,250.76,SGD,**************7412,IN,43
75d08f99-8bc5-5340-aa03-fafd714dcd8a,2026-07-10T00:44:50.144,aml,OK,MT103,FAST,250.76,SGD,**************7412,IN,294
75d08f99-8bc5-5340-aa03-fafd714dcd8a,2026-07-10T00:44:50.217,payment-hub,OK,MT103,FAST,250.76,SGD,**************7412,IN,32
75d08f99-8bc5-5340-aa03-fafd714dcd8a,2026-07-10T00:44:50.352,core-banking,OK,MT103,FAST,250.76,SGD,**************7412,IN,106
75d08f99-8bc5-5340-aa03-fafd714dcd8a,2026-07-10T00:44:50.409,settlement,SETTLED,MT103,FAST,250.76,SGD,**************7412,IN,208
3d509c0f-85f8-1cc1-aa19-73c4d6df81ee,2026-07-15T03:17:59.521,gateway,OK,pacs.008,FAST,388.58,INR,**************9753,SG,17
3d509c0f-85f8-1cc1-aa19-73c4d6df81ee,2026-07-15T03:17:59.578,auth,OK,pacs.008,FAST,388.58,INR,**************9753,SG,31
3d509c0f-85f8-1cc1-aa19-73c4d6df81ee,2026-07-15T03:17:59.626,validation,OK,pacs.008,FAST,388.58,INR,**************9753,SG,31
3d509c0f-85f8-1cc1-aa19-73c4d6df81ee,2026-07-15T03:17:59.722,aml,OK,pacs.008,FAST,388.58,INR,**************9753,SG,151
3d509c0f-85f8-1cc1-aa19-73c4d6df81ee,2026-07-15T03:17:59.829,payment-hub,OK,pacs.008,FAST,388.58,INR,**************9753,SG,115
3d509c0f-85f8-1cc1-aa19-73c4d6df81ee,2026-07-15T03:17:59.964,core-banking,OK,pacs.008,FAST,388.58,INR,**************9753,SG,182
3d509c0f-85f8-1cc1-aa19-73c4d6df81ee,2026-07-15T03:18:00.027,settlement,SETTLED,pacs.008,FAST,388.58,INR,**************9753,SG,136
51c2e428-c7da-646a-bb75-1a384301b740,2026-07-04T02:19:08.369,gateway,OK,MT103,SWIFT,1542.26,USD,**************7394,GB,48
51c2e428-c7da-646a-bb75-1a384301b740,2026-07-04T02:19:08.439,auth,OK,MT103,SWIFT,1542.26,USD,**************7394,GB,64
51c2e428-c7da-646a-bb75-1a384301b740,2026-07-04T02:19:08.553,validation,OK,MT103,SWIFT,1542.26,USD,**************7394,GB,108
51c2e428-c7da-646a-bb75-1a384301b740,2026-07-04T02:19:08.615,aml,OK,MT103,SWIFT,1542.26,USD,**************7394,GB,147
51c2e428-c7da-646a-bb75-1a384301b740,2026-07-04T02:19:08.679,payment-hub,OK,MT103,SWIFT,1542.26,USD,**************7394,GB,58
51c2e428-c7da-646a-bb75-1a384301b740,2026-07-04T02:19:08.817,core-banking,OK,MT103,SWIFT,1542.26,USD,**************7394,GB,53
51c2e428-c7da-646a-bb75-1a384301b740,2026-07-04T02:19:08.898,settlement,SETTLED,MT103,SWIFT,1542.26,USD,**************7394,GB,143
0dfab4f4-8bbf-3e80-ee81-87fc8915123a,2026-07-13T07:26:19.484,gateway,OK,MT103,SWIFT,1038.64,GBP,**************4952,SG,50
0dfab4f4-8bbf-3e80-ee81-87fc8915123a,2026-07-13T07:26:19.638,auth,OK,MT103,SWIFT,1038.64,GBP,**************4952,SG,46
0dfab4f4-8bbf-3e80-ee81-87fc8915123a,2026-07-13T07:26:19.726,validation,OK,MT103,SWIFT,1038.64,GBP,**************4952,SG,71
0dfab4f4-8bbf-3e80-ee81-87fc8915123a,2026-07-13T07:26:19.809,aml,OK,MT103,SWIFT,1038.64,GBP,**************4952,SG,107
0dfab4f4-8bbf-3e80-ee81-87fc8915123a,2026-07-13T07:26:20.040,payment-hub,OK,MT103,SWIFT,1038.64,GBP,**************4952,SG,147
0dfab4f4-8bbf-3e80-ee81-87fc8915123a,2026-07-13T07:26:20.164,core-banking,OK,MT103,SWIFT,1038.64,GBP,**************4952,SG,127
0dfab4f4-8bbf-3e80-ee81-87fc8915123a,2026-07-13T07:26:20.311,settlement,SETTLED,MT103,SWIFT,1038.64,GBP,**************4952,SG,102
1cb8f86c-fb35-a422-ebf4-098754420fd7,2026-07-10T23:39:40.500,gateway,OK,MT103,FAST,4747.57,EUR,**************6509,SG,16
1cb8f86c-fb35-a422-ebf4-098754420fd7,2026-07-10T23:39:40.691,auth,OK,MT103,FAST,4747.57,EUR,**************6509,SG,38
1cb8f86c-fb35-a422-ebf4-098754420fd7,2026-07-10T23:39:40.812,validation,OK,MT103,FAST,4747.57,EUR,**************6509,SG,99
1cb8f86c-fb35-a422-ebf4-098754420fd7,2026-07-10T23:39:41.020,aml,OK,MT103,FAST,4747.57,EUR,**************6509,SG,59
1cb8f86c-fb35-a422-ebf4-098754420fd7,2026-07-10T23:39:41.312,payment-hub,OK,MT103,FAST,4747.57,EUR,**************6509,SG,102
1cb8f86c-fb35-a422-ebf4-098754420fd7,2026-07-10T23:39:41.368,core-banking,OK,MT103,FAST,4747.57,EUR,**************6509,SG,151
1cb8f86c-fb35-a422-ebf4-098754420fd7,2026-07-10T23:39:41.412,settlement,SETTLED,MT103,FAST,4747.57,EUR,**************6509,SG,341
58dd24ba-4bd1-204d-9c43-7f3d384348ca,2026-07-10T03:32:48.180,gateway,OK,pacs.008,CARDS,1061.96,USD,**************8598,GB,49
58dd24ba-4bd1-204d-9c43-7f3d384348ca,2026-07-10T03:32:48.402,auth,OK,pacs.008,CARDS,1061.96,USD,**************8598,GB,72
58dd24ba-4bd1-204d-9c43-7f3d384348ca,2026-07-10T03:32:48.450,validation,OK,pacs.008,CARDS,1061.96,USD,**************8598,GB,53
58dd24ba-4bd1-204d-9c43-7f3d384348ca,2026-07-10T03:32:48.503,aml,OK,pacs.008,CARDS,1061.96,USD,**************8598,GB,141
58dd24ba-4bd1-204d-9c43-7f3d384348ca,2026-07-10T03:33:18.541,payment-hub,OK,pacs.008,CARDS,1061.96,USD,**************8598,GB,127
58dd24ba-4bd1-204d-9c43-7f3d384348ca,2026-07-10T03:33:18.681,core-banking,OK,pacs.008,CARDS,1061.96,USD,**************8598,GB,234
58dd24ba-4bd1-204d-9c43-7f3d384348ca,2026-07-10T03:33:18.738,settlement,SETTLED,pacs.008,CARDS,1061.96,USD,**************8598,GB,355
6c1212ec-8d89-5996-a338-ac9d1a984511,2026-07-13T08:30:53.064,gateway,OK,MT103,FAST,459.46,USD,**************4347,HK,24
6c1212ec-8d89-5996-a338-ac9d1a984511,2026-07-13T08:30:53.149,auth,OK,MT103,FAST,459.46,USD,**************4347,HK,66
6c1212ec-8d89-5996-a338-ac9d1a984511,2026-07-13T08:30:53.234,validation,OK,MT103,FAST,459.46,USD,**************4347,HK,98
6c1212ec-8d89-5996-a338-ac9d1a984511,2026-07-13T08:30:53.536,aml,TIMEOUT,MT103,FAST,459.46,USD,**************4347,HK,30000
6c1212ec-8d89-5996-a338-ac9d1a984511,2026-07-13T08:30:53.651,payment-hub,FAILED,MT103,FAST,459.46,USD,**************4347,HK,87
108bf58b-331e-9d60-4d80-3ad7def1233a,2026-07-15T04:03:57.300,gateway,OK,pacs.008,FAST,54.86,EUR,**************2553,IN,27
108bf58b-331e-9d60-4d80-3ad7def1233a,2026-07-15T04:03:57.343,auth,OK,pacs.008,FAST,54.86,EUR,**************2553,IN,43
108bf58b-331e-9d60-4d80-3ad7def1233a,2026-07-15T04:03:57.411,validation,OK,pacs.008,FAST,54.86,EUR,**************2553,IN,113
108bf58b-331e-9d60-4d80-3ad7def1233a,2026-07-15T04:03:57.494,aml,OK,pacs.008,FAST,54.86,EUR,**************2553,IN,200
108bf58b-331e-9d60-4d80-3ad7def1233a,2026-07-15T04:03:57.561,payment-hub,OK,pacs.008,FAST,54.86,EUR,**************2553,IN,39
108bf58b-331e-9d60-4d80-3ad7def1233a,2026-07-15T04:03:57.639,core-banking,OK,pacs.008,FAST,54.86,EUR,**************2553,IN,140
108bf58b-331e-9d60-4d80-3ad7def1233a,2026-07-15T04:03:57.680,settlement,SETTLED,pacs.008,FAST,54.86,EUR,**************2553,IN,166
88e29284-0b21-e901-fb65-411f37389590,2026-07-11T05:31:40.534,gateway,OK,MT103,SWIFT,285.93,SGD,**************2743,SG,48
88e29284-0b21-e901-fb65-411f37389590,2026-07-11T05:31:40.823,auth,OK,MT103,SWIFT,285.93,SGD,**************2743,SG,44
88e29284-0b21-e901-fb65-411f37389590,2026-07-11T05:31:40.964,validation,OK,MT103,SWIFT,285.93,SGD,**************2743,SG,41
88e29284-0b21-e901-fb65-411f37389590,2026-07-11T05:31:41.225,aml,OK,MT103,SWIFT,285.93,SGD,**************2743,SG,113
88e29284-0b21-e901-fb65-411f37389590,2026-07-11T05:31:41.540,payment-hub,OK,MT103,SWIFT,285.93,SGD,**************2743,SG,78
88e29284-0b21-e901-fb65-411f37389590,2026-07-11T05:31:41.619,core-banking,OK,MT103,SWIFT,285.93,SGD,**************2743,SG,119
88e29284-0b21-e901-fb65-411f37389590,2026-07-11T05:31:41.681,settlement,SETTLED,MT103,SWIFT,285.93,SGD,**************2743,SG,345
0e2462f0-eda6-6a24-bfd9-c2499d67d68a,2026-07-06T08:55:19.480,gateway,OK,MT103,SWIFT,135.27,SGD,**************9515,US,46
0e2462f0-eda6-6a24-bfd9-c2499d67d68a,2026-07-06T08:55:19.628,auth,OK,MT103,SWIFT,135.27,SGD,**************9515,US,20
0e2462f0-eda6-6a24-bfd9-c2499d67d68a,2026-07-06T08:55:19.693,validation,OK,MT103,SWIFT,135.27,SGD,**************9515,US,58
0e2462f0-eda6-6a24-bfd9-c2499d67d68a,2026-07-06T08:55:19.795,aml,OK,MT103,SWIFT,135.27,SGD,**************9515,US,71
0e2462f0-eda6-6a24-bfd9-c2499d67d68a,2026-07-06T08:55:19.849,payment-hub,OK,MT103,SWIFT,135.27,SGD,**************9515,US,52
0e2462f0-eda6-6a24-bfd9-c2499d67d68a,2026-07-06T08:55:19.991,core-banking,OK,MT103,SWIFT,135.27,SGD,**************9515,US,177
0e2462f0-eda6-6a24-bfd9-c2499d67d68a,2026-07-06T08:55:20.108,settlement,SETTLED,MT103,SWIFT,135.27,SGD,**************9515,US,161
b74a8669-f027-0ab4-392b-49a467beabc7,2026-07-10T05:51:13.921,gateway,OK,MT103,CARDS,1640.78,EUR,**************0785,SG,24
b74a8669-f027-0ab4-392b-49a467beabc7,2026-07-10T05:51:14.017,auth,OK,MT103,CARDS,1640.78,EUR,**************0785,SG,81
b74a8669-f027-0ab4-392b-49a467beabc7,2026-07-10T05:51:14.117,validation,OK,MT103,CARDS,1640.78,EUR,**************0785,SG,34
b74a8669-f027-0ab4-392b-49a467beabc7,2026-07-10T05:51:14.161,aml,OK,MT103,CARDS,1640.78,EUR,**************0785,SG,224
b74a8669-f027-0ab4-392b-49a467beabc7,2026-07-10T05:51:14.225,payment-hub,OK,MT103,CARDS,1640.78,EUR,**************0785,SG,128
b74a8669-f027-0ab4-392b-49a467beabc7,2026-07-10T05:51:14.264,core-banking,OK,MT103,CARDS,1640.78,EUR,**************0785,SG,82
b74a8669-f027-0ab4-392b-49a467beabc7,2026-07-10T05:51:14.490,settlement,SETTLED,MT103,CARDS,1640.78,EUR,**************0785,SG,81
1c33e40e-8e89-6bb3-c17e-06c7d3213916,2026-07-13T16:15:21.137,gateway,OK,MT103,FAST,365.13,GBP,**************2523,IN,60
1c33e40e-8e89-6bb3-c17e-06c7d3213916,2026-07-13T16:15:21.251,auth,OK,MT103,FAST,365.13,GBP,**************2523,IN,43
1c33e40e-8e89-6bb3-c17e-06c7d3213916,2026-07-13T16:15:21.417,validation,OK,MT103,FAST,365.13,GBP,**************2523,IN,106
1c33e40e-8e89-6bb3-c17e-06c7d3213916,2026-07-13T16:15:21.517,aml,OK,MT103,FAST,365.13,GBP,**************2523,IN,91
1c33e40e-8e89-6bb3-c17e-06c7d3213916,2026-07-13T16:15:21.590,payment-hub,OK,MT103,FAST,365.13,GBP,**************2523,IN,30
1c33e40e-8e89-6bb3-c17e-06c7d3213916,2026-07-13T16:15:21.682,core-banking,OK,MT103,FAST,365.13,GBP,**************2523,IN,107
1c33e40e-8e89-6bb3-c17e-06c7d3213916,2026-07-13T16:15:21.817,settlement,SETTLED,MT103,FAST,365.13,GBP,**************2523,IN,163
ed543b7a-3847-0737-f5e9-78a02d8d928f,2026-07-09T13:22:22.571,gateway,OK,0200,SWIFT,156.71,MYR,**************2482,HK,60
ed543b7a-3847-0737-f5e9-78a02d8d928f,2026-07-09T13:22:22.714,auth,OK,0200,SWIFT,156.71,MYR,**************2482,HK,90
ed543b7a-3847-0737-f5e9-78a02d8d928f,2026-07-09T13:22:22.793,validation,OK,0200,SWIFT,156.71,MYR,**************2482,HK,59
ed543b7a-3847-0737-f5e9-78a02d8d928f,2026-07-09T13:22:22.836,aml,OK,0200,SWIFT,156.71,MYR,**************2482,HK,103
ed543b7a-3847-0737-f5e9-78a02d8d928f,2026-07-09T13:22:23.081,payment-hub,OK,0200,SWIFT,156.71,MYR,**************2482,HK,89
ed543b7a-3847-0737-f5e9-78a02d8d928f,2026-07-09T13:22:23.161,core-banking,OK,0200,SWIFT,156.71,MYR,**************2482,HK,137
ed543b7a-3847-0737-f5e9-78a02d8d928f,2026-07-09T13:22:23.233,settlement,SETTLED,0200,SWIFT,156.71,MYR,**************2482,HK,386
5e49aa9a-696e-0fcb-fa5e-c604be2d4c25,2026-07-13T06:31:54.794,gateway,OK,MT103,SWIFT,1310.95,MYR,**************6394,US,21
5e49aa9a-696e-0fcb-fa5e-c604be2d4c25,2026-07-13T06:31:54.854,auth,OK,MT103,SWIFT,1310.95,MYR,**************6394,US,82
5e49aa9a-696e-0fcb-fa5e-c604be2d4c25,2026-07-13T06:31:55.126,validation,OK,MT103,SWIFT,1310.95,MYR,**************6394,US,38
5e49aa9a-696e-0fcb-fa5e-c604be2d4c25,2026-07-13T06:31:55.194,aml,OK,MT103,SWIFT,1310.95,MYR,**************6394,US,274
5e49aa9a-696e-0fcb-fa5e-c604be2d4c25,2026-07-13T06:31:55.368,payment-hub,OK,MT103,SWIFT,1310.95,MYR,**************6394,US,86
5e49aa9a-696e-0fcb-fa5e-c604be2d4c25,2026-07-13T06:31:55.498,core-banking,OK,MT103,SWIFT,1310.95,MYR,**************6394,US,204
5e49aa9a-696e-0fcb-fa5e-c604be2d4c25,2026-07-13T06:31:55.544,settlement,SETTLED,MT103,SWIFT,1310.95,MYR,**************6394,US,313
6d51a1ed-5f72-b7c4-3f69-511335b7b5a2,2026-07-05T07:07:58.651,gateway,OK,pacs.008,FAST,495.78,USD,**************7359,US,24
6d51a1ed-5f72-b7c4-3f69-511335b7b5a2,2026-07-05T07:07:58.752,auth,OK,pacs.008,FAST,495.78,USD,**************7359,US,20
6d51a1ed-5f72-b7c4-3f69-511335b7b5a2,2026-07-05T07:07:58.831,validation,OK,pacs.008,FAST,495.78,USD,**************7359,US,106
6d51a1ed-5f72-b7c4-3f69-511335b7b5a2,2026-07-05T07:07:59.043,aml,OK,pacs.008,FAST,495.78,USD,**************7359,US,285
6d51a1ed-5f72-b7c4-3f69-511335b7b5a2,2026-07-05T07:07:59.084,payment-hub,OK,pacs.008,FAST,495.78,USD,**************7359,US,140
6d51a1ed-5f72-b7c4-3f69-511335b7b5a2,2026-07-05T07:08:29.104,core-banking,OK,pacs.008,FAST,495.78,USD,**************7359,US,231
6d51a1ed-5f72-b7c4-3f69-511335b7b5a2,2026-07-05T07:08:29.359,settlement,SETTLED,pacs.008,FAST,495.78,USD,**************7359,US,363
4a491eab-8d18-4f40-387d-36040d6916d4,2026-07-09T14:41:52.144,gateway,OK,pacs.008,FAST,295.4,SGD,**************0335,SG,20
4a491eab-8d18-4f40-387d-36040d6916d4,2026-07-09T14:41:52.348,auth,OK,pacs.008,FAST,295.4,SGD,**************0335,SG,53
4a491eab-8d18-4f40-387d-36040d6916d4,2026-07-09T14:41:52.520,validation,OK,pacs.008,FAST,295.4,SGD,**************0335,SG,95
4a491eab-8d18-4f40-387d-36040d6916d4,2026-07-09T14:41:52.602,aml,OK,pacs.008,FAST,295.4,SGD,**************0335,SG,281
4a491eab-8d18-4f40-387d-36040d6916d4,2026-07-09T14:41:52.705,payment-hub,OK,pacs.008,FAST,295.4,SGD,**************0335,SG,100
4a491eab-8d18-4f40-387d-36040d6916d4,2026-07-09T14:41:52.882,core-banking,OK,pacs.008,FAST,295.4,SGD,**************0335,SG,212
4a491eab-8d18-4f40-387d-36040d6916d4,2026-07-09T14:41:52.960,settlement,SETTLED,pacs.008,FAST,295.4,SGD,**************0335,SG,353
2241ccdd-de44-8930-14c8-898603721ec1,2026-07-05T11:32:29.450,gateway,OK,pacs.008,FAST,1348.33,SGD,**************3115,SG,38
2241ccdd-de44-8930-14c8-898603721ec1,2026-07-05T11:32:29.606,auth,OK,pacs.008,FAST,1348.33,SGD,**************3115,SG,76
2241ccdd-de44-8930-14c8-898603721ec1,2026-07-05T11:32:29.684,validation,OK,pacs.008,FAST,1348.33,SGD,**************3115,SG,32
2241ccdd-de44-8930-14c8-898603721ec1,2026-07-05T11:32:29.723,aml,OK,pacs.008,FAST,1348.33,SGD,**************3115,SG,107
2241ccdd-de44-8930-14c8-898603721ec1,2026-07-05T11:32:29.767,payment-hub,OK,pacs.008,FAST,1348.33,SGD,**************3115,SG,90
2241ccdd-de44-8930-14c8-898603721ec1,2026-07-05T11:32:29.828,core-banking,OK,pacs.008,FAST,1348.33,SGD,**************3115,SG,205
2241ccdd-de44-8930-14c8-898603721ec1,2026-07-05T11:32:29.949,settlement,SETTLED,pacs.008,FAST,1348.33,SGD,**************3115,SG,68
1a25a3c5-a603-6a10-4ffc-7bb83e92d7d5,2026-07-11T00:13:40.989,gateway,OK,pacs.008,FAST,1007.56,SGD,**************4635,SG,24
1a25a3c5-a603-6a10-4ffc-7bb83e92d7d5,2026-07-11T00:13:41.299,auth,OK,pacs.008,FAST,1007.56,SGD,**************4635,SG,90
1a25a3c5-a603-6a10-4ffc-7bb83e92d7d5,2026-07-11T00:13:41.482,validation,OK,pacs.008,FAST,1007.56,SGD,**************4635,SG,40
1a25a3c5-a603-6a10-4ffc-7bb83e92d7d5,2026-07-11T00:13:41.795,aml,OK,pacs.008,FAST,1007.56,SGD,**************4635,SG,60
1a25a3c5-a603-6a10-4ffc-7bb83e92d7d5,2026-07-11T00:13:41.861,payment-hub,OK,pacs.008,FAST,1007.56,SGD,**************4635,SG,42
1a25a3c5-a603-6a10-4ffc-7bb83e92d7d5,2026-07-11T00:13:41.893,core-banking,OK,pacs.008,FAST,1007.56,SGD,**************4635,SG,177
1a25a3c5-a603-6a10-4ffc-7bb83e92d7d5,2026-07-11T00:13:42.006,settlement,SETTLED,pacs.008,FAST,1007.56,SGD,**************4635,SG,91
9bfd73db-9d2c-1a58-723e-1e0e13ec7154,2026-07-13T06:35:02.363,gateway,OK,MT103,SWIFT,4401.13,GBP,**************6033,SG,26
9bfd73db-9d2c-1a58-723e-1e0e13ec7154,2026-07-13T06:35:32.374,auth,OK,MT103,SWIFT,4401.13,GBP,**************6033,SG,40
9bfd73db-9d2c-1a58-723e-1e0e13ec7154,2026-07-13T06:35:32.426,validation,OK,MT103,SWIFT,4401.13,GBP,**************6033,SG,35
9bfd73db-9d2c-1a58-723e-1e0e13ec7154,2026-07-13T06:36:02.460,aml,OK,MT103,SWIFT,4401.13,GBP,**************6033,SG,115
9bfd73db-9d2c-1a58-723e-1e0e13ec7154,2026-07-13T06:36:02.505,payment-hub,OK,MT103,SWIFT,4401.13,GBP,**************6033,SG,94
9bfd73db-9d2c-1a58-723e-1e0e13ec7154,2026-07-13T06:36:02.598,core-banking,OK,MT103,SWIFT,4401.13,GBP,**************6033,SG,159
9bfd73db-9d2c-1a58-723e-1e0e13ec7154,2026-07-13T06:36:02.916,settlement,SETTLED,MT103,SWIFT,4401.13,GBP,**************6033,SG,97
f3985cb8-ec4d-20e1-4359-ea73dc8ae17b,2026-07-05T08:00:07.434,gateway,OK,MT103,FAST,3177.35,SGD,**************0971,MY,60
f3985cb8-ec4d-20e1-4359-ea73dc8ae17b,2026-07-05T08:00:07.501,auth,OK,MT103,FAST,3177.35,SGD,**************0971,MY,42
f3985cb8-ec4d-20e1-4359-ea73dc8ae17b,2026-07-05T08:00:07.606,validation,OK,MT103,FAST,3177.35,SGD,**************0971,MY,46
f3985cb8-ec4d-20e1-4359-ea73dc8ae17b,2026-07-05T08:00:07.698,aml,OK,MT103,FAST,3177.35,SGD,**************0971,MY,47
f3985cb8-ec4d-20e1-4359-ea73dc8ae17b,2026-07-05T08:00:07.754,payment-hub,OK,MT103,FAST,3177.35,SGD,**************0971,MY,83
f3985cb8-ec4d-20e1-4359-ea73dc8ae17b,2026-07-05T08:00:07.832,core-banking,OK,MT103,FAST,3177.35,SGD,**************0971,MY,66
f3985cb8-ec4d-20e1-4359-ea73dc8ae17b,2026-07-05T08:00:07.890,settlement,SETTLED,MT103,FAST,3177.35,SGD,**************0971,MY,363
f1a51445-1cef-0314-542f-d53d63619d59,2026-07-08T18:17:40.354,gateway,OK,pacs.008,FAST,344.16,USD,**************4891,IN,46
f1a51445-1cef-0314-542f-d53d63619d59,2026-07-08T18:17:40.492,auth,OK,pacs.008,FAST,344.16,USD,**************4891,IN,90
f1a51445-1cef-0314-542f-d53d63619d59,2026-07-08T18:17:40.535,validation,OK,pacs.008,FAST,344.16,USD,**************4891,IN,33
f1a51445-1cef-0314-542f-d53d63619d59,2026-07-08T18:17:40.593,aml,OK,pacs.008,FAST,344.16,USD,**************4891,IN,221
f1a51445-1cef-0314-542f-d53d63619d59,2026-07-08T18:17:40.734,payment-hub,OK,pacs.008,FAST,344.16,USD,**************4891,IN,124
f1a51445-1cef-0314-542f-d53d63619d59,2026-07-08T18:17:40.780,core-banking,OK,pacs.008,FAST,344.16,USD,**************4891,IN,174
f1a51445-1cef-0314-542f-d53d63619d59,2026-07-08T18:17:40.864,settlement,SETTLED,pacs.008,FAST,344.16,USD,**************4891,IN,348
b51c866b-b482-7ae0-7eb6-f5d64e3a5b2d,2026-07-05T03:43:45.985,gateway,OK,MT103,FAST,484.81,GBP,**************0309,MY,18
b51c866b-b482-7ae0-7eb6-f5d64e3a5b2d,2026-07-05T03:43:46.247,auth,OK,MT103,FAST,484.81,GBP,**************0309,MY,26
b51c866b-b482-7ae0-7eb6-f5d64e3a5b2d,2026-07-05T03:43:46.288,validation,OK,MT103,FAST,484.81,GBP,**************0309,MY,44
b51c866b-b482-7ae0-7eb6-f5d64e3a5b2d,2026-07-05T03:43:46.456,aml,TIMEOUT,MT103,FAST,484.81,GBP,**************0309,MY,30000
b51c866b-b482-7ae0-7eb6-f5d64e3a5b2d,2026-07-05T03:43:46.537,payment-hub,FAILED,MT103,FAST,484.81,GBP,**************0309,MY,33
0591ed62-1d40-ff32-ae9b-0f12b32ccdab,2026-07-15T03:14:58.848,gateway,OK,pacs.008,FAST,270.9,SGD,**************4379,MY,46
0591ed62-1d40-ff32-ae9b-0f12b32ccdab,2026-07-15T03:14:58.978,auth,OK,pacs.008,FAST,270.9,SGD,**************4379,MY,32
0591ed62-1d40-ff32-ae9b-0f12b32ccdab,2026-07-15T03:14:59.037,validation,OK,pacs.008,FAST,270.9,SGD,**************4379,MY,104
0591ed62-1d40-ff32-ae9b-0f12b32ccdab,2026-07-15T03:14:59.116,aml,OK,pacs.008,FAST,270.9,SGD,**************4379,MY,262
0591ed62-1d40-ff32-ae9b-0f12b32ccdab,2026-07-15T03:14:59.253,payment-hub,OK,pacs.008,FAST,270.9,SGD,**************4379,MY,88
0591ed62-1d40-ff32-ae9b-0f12b32ccdab,2026-07-15T03:14:59.310,core-banking,OK,pacs.008,FAST,270.9,SGD,**************4379,MY,63
0591ed62-1d40-ff32-ae9b-0f12b32ccdab,2026-07-15T03:15:29.320,settlement,SETTLED,pacs.008,FAST,270.9,SGD,**************4379,MY,96
cdec5e23-196a-f985-72f2-47c929a7fc17,2026-07-11T16:50:25.491,gateway,OK,pacs.008,FAST,8120.91,EUR,**************1378,SG,56
cdec5e23-196a-f985-72f2-47c929a7fc17,2026-07-11T16:50:25.755,auth,OK,pacs.008,FAST,8120.91,EUR,**************1378,SG,55
cdec5e23-196a-f985-72f2-47c929a7fc17,2026-07-11T16:50:25.910,validation,OK,pacs.008,FAST,8120.91,EUR,**************1378,SG,87
cdec5e23-196a-f985-72f2-47c929a7fc17,2026-07-11T16:50:25.957,aml,OK,pacs.008,FAST,8120.91,EUR,**************1378,SG,162
cdec5e23-196a-f985-72f2-47c929a7fc17,2026-07-11T16:50:26.068,payment-hub,OK,pacs.008,FAST,8120.91,EUR,**************1378,SG,139
cdec5e23-196a-f985-72f2-47c929a7fc17,2026-07-11T16:50:26.324,core-banking,OK,pacs.008,FAST,8120.91,EUR,**************1378,SG,76
cdec5e23-196a-f985-72f2-47c929a7fc17,2026-07-11T16:50:26.645,settlement,SETTLED,pacs.008,FAST,8120.91,EUR,**************1378,SG,201
13443eca-88b8-a8ec-d4d9-c4f6d66a00bf,2026-07-13T23:19:45.427,gateway,OK,MT103,FAST,204.35,USD,**************5311,SG,16
13443eca-88b8-a8ec-d4d9-c4f6d66a00bf,2026-07-13T23:19:45.503,auth,OK,MT103,FAST,204.35,USD,**************5311,SG,66
13443eca-88b8-a8ec-d4d9-c4f6d66a00bf,2026-07-13T23:19:45.632,validation,REJECTED,MT103,FAST,204.35,USD,**************5311,SG,47
89bef735-f440-8d82-7306-34dd6bbde1d0,2026-07-01T16:10:18.612,gateway,OK,pacs.008,CARDS,377.45,SGD,**************1950,GB,38
89bef735-f440-8d82-7306-34dd6bbde1d0,2026-07-01T16:10:18.688,auth,OK,pacs.008,CARDS,377.45,SGD,**************1950,GB,58
89bef735-f440-8d82-7306-34dd6bbde1d0,2026-07-01T16:10:18.785,validation,REJECTED,pacs.008,CARDS,377.45,SGD,**************1950,GB,96
5b910a35-1e8a-e284-4d32-821ffe4a2094,2026-07-09T14:56:53.097,gateway,OK,pacs.008,FAST,547.66,SGD,**************9774,IN,21
5b910a35-1e8a-e284-4d32-821ffe4a2094,2026-07-09T14:56:53.153,auth,OK,pacs.008,FAST,547.66,SGD,**************9774,IN,25
5b910a35-1e8a-e284-4d32-821ffe4a2094,2026-07-09T14:56:53.258,validation,OK,pacs.008,FAST,547.66,SGD,**************9774,IN,32
5b910a35-1e8a-e284-4d32-821ffe4a2094,2026-07-09T14:56:53.430,aml,OK,pacs.008,FAST,547.66,SGD,**************9774,IN,271
5b910a35-1e8a-e284-4d32-821ffe4a2094,2026-07-09T14:56:53.550,payment-hub,OK,pacs.008,FAST,547.66,SGD,**************9774,IN,134
5b910a35-1e8a-e284-4d32-821ffe4a2094,2026-07-09T14:56:53.849,core-banking,OK,pacs.008,FAST,547.66,SGD,**************9774,IN,204
5b910a35-1e8a-e284-4d32-821ffe4a2094,2026-07-09T14:56:53.907,settlement,SETTLED,pacs.008,FAST,547.66,SGD,**************9774,IN,284
cb9d7272-5778-46f9-31ac-4b2859ebfa8b,2026-07-12T03:39:32.877,gateway,OK,0200,FAST,644.51,MYR,**************1128,IN,22
cb9d7272-5778-46f9-31ac-4b2859ebfa8b,2026-07-12T03:39:33.006,auth,OK,0200,FAST,644.51,MYR,**************1128,IN,22
cb9d7272-5778-46f9-31ac-4b2859ebfa8b,2026-07-12T03:39:33.089,validation,OK,0200,FAST,644.51,MYR,**************1128,IN,69
cb9d7272-5778-46f9-31ac-4b2859ebfa8b,2026-07-12T03:39:33.209,aml,OK,0200,FAST,644.51,MYR,**************1128,IN,229
cb9d7272-5778-46f9-31ac-4b2859ebfa8b,2026-07-12T03:39:33.381,payment-hub,OK,0200,FAST,644.51,MYR,**************1128,IN,36
cb9d7272-5778-46f9-31ac-4b2859ebfa8b,2026-07-12T03:39:33.490,core-banking,OK,0200,FAST,644.51,MYR,**************1128,IN,80
cb9d7272-5778-46f9-31ac-4b2859ebfa8b,2026-07-12T03:39:33.551,settlement,SETTLED,0200,FAST,644.51,MYR,**************1128,IN,351
fb0936e6-42b8-96b6-f4ce-7fcf0cd38153,2026-07-15T04:05:39.034,gateway,OK,MT103,CARDS,508.14,SGD,**************2987,MY,38
fb0936e6-42b8-96b6-f4ce-7fcf0cd38153,2026-07-15T04:05:39.150,auth,OK,MT103,CARDS,508.14,SGD,**************2987,MY,31
fb0936e6-42b8-96b6-f4ce-7fcf0cd38153,2026-07-15T04:05:39.361,validation,OK,MT103,CARDS,508.14,SGD,**************2987,MY,84
fb0936e6-42b8-96b6-f4ce-7fcf0cd38153,2026-07-15T04:05:39.504,aml,OK,MT103,CARDS,508.14,SGD,**************2987,MY,225
fb0936e6-42b8-96b6-f4ce-7fcf0cd38153,2026-07-15T04:05:39.766,payment-hub,OK,MT103,CARDS,508.14,SGD,**************2987,MY,44
fb0936e6-42b8-96b6-f4ce-7fcf0cd38153,2026-07-15T04:05:39.856,core-banking,OK,MT103,CARDS,508.14,SGD,**************2987,MY,74
fb0936e6-42b8-96b6-f4ce-7fcf0cd38153,2026-07-15T04:05:39.919,settlement,SETTLED,MT103,CARDS,508.14,SGD,**************2987,MY,310
daad0f6d-d4a8-9d0c-f05e-16bee97d174c,2026-07-07T21:54:15.846,gateway,OK,pacs.008,FAST,997.48,SGD,**************6897,MY,29
daad0f6d-d4a8-9d0c-f05e-16bee97d174c,2026-07-07T21:54:16.097,auth,OK,pacs.008,FAST,997.48,SGD,**************6897,MY,38
daad0f6d-d4a8-9d0c-f05e-16bee97d174c,2026-07-07T21:54:16.237,validation,OK,pacs.008,FAST,997.48,SGD,**************6897,MY,109
daad0f6d-d4a8-9d0c-f05e-16bee97d174c,2026-07-07T21:54:16.307,aml,OK,pacs.008,FAST,997.48,SGD,**************6897,MY,121
daad0f6d-d4a8-9d0c-f05e-16bee97d174c,2026-07-07T21:54:16.412,payment-hub,OK,pacs.008,FAST,997.48,SGD,**************6897,MY,111
daad0f6d-d4a8-9d0c-f05e-16bee97d174c,2026-07-07T21:54:16.484,core-banking,OK,pacs.008,FAST,997.48,SGD,**************6897,MY,83
daad0f6d-d4a8-9d0c-f05e-16bee97d174c,2026-07-07T21:54:16.550,settlement,SETTLED,pacs.008,FAST,997.48,SGD,**************6897,MY,263
a7aacc54-2ed2-82e7-a9fd-c014bc2aed37,2026-07-05T02:03:22.739,gateway,OK,0200,FAST,1231.85,SGD,**************9323,GB,56
a7aacc54-2ed2-82e7-a9fd-c014bc2aed37,2026-07-05T02:03:22.842,auth,OK,0200,FAST,1231.85,SGD,**************9323,GB,69
a7aacc54-2ed2-82e7-a9fd-c014bc2aed37,2026-07-05T02:03:22.951,validation,OK,0200,FAST,1231.85,SGD,**************9323,GB,97
a7aacc54-2ed2-82e7-a9fd-c014bc2aed37,2026-07-05T02:03:23.125,aml,OK,0200,FAST,1231.85,SGD,**************9323,GB,261
a7aacc54-2ed2-82e7-a9fd-c014bc2aed37,2026-07-05T02:03:23.163,payment-hub,OK,0200,FAST,1231.85,SGD,**************9323,GB,139
a7aacc54-2ed2-82e7-a9fd-c014bc2aed37,2026-07-05T02:03:23.259,core-banking,OK,0200,FAST,1231.85,SGD,**************9323,GB,85
a7aacc54-2ed2-82e7-a9fd-c014bc2aed37,2026-07-05T02:03:23.366,settlement,SETTLED,0200,FAST,1231.85,SGD,**************9323,GB,69
1f4bcd87-ab6c-9ff0-169c-7f3260d1ef99,2026-07-13T04:41:27.584,gateway,OK,pacs.008,FAST,135.11,USD,**************8629,MY,45
1f4bcd87-ab6c-9ff0-169c-7f3260d1ef99,2026-07-13T04:41:27.657,auth,OK,pacs.008,FAST,135.11,USD,**************8629,MY,77
1f4bcd87-ab6c-9ff0-169c-7f3260d1ef99,2026-07-13T04:41:27.735,validation,OK,pacs.008,FAST,135.11,USD,**************8629,MY,29
1f4bcd87-ab6c-9ff0-169c-7f3260d1ef99,2026-07-13T04:41:27.901,aml,OK,pacs.008,FAST,135.11,USD,**************8629,MY,204
1f4bcd87-ab6c-9ff0-169c-7f3260d1ef99,2026-07-13T04:41:27.995,payment-hub,OK,pacs.008,FAST,135.11,USD,**************8629,MY,106
1f4bcd87-ab6c-9ff0-169c-7f3260d1ef99,2026-07-13T04:41:28.092,core-banking,OK,pacs.008,FAST,135.11,USD,**************8629,MY,211
1f4bcd87-ab6c-9ff0-169c-7f3260d1ef99,2026-07-13T04:41:28.156,settlement,SETTLED,pacs.008,FAST,135.11,USD,**************8629,MY,332
31314a6f-4dfa-4406-b065-1d79ebbeb2dc,2026-07-03T12:26:57.165,gateway,OK,MT103,SWIFT,142.2,SGD,**************2186,US,55
31314a6f-4dfa-4406-b065-1d79ebbeb2dc,2026-07-03T12:26:57.275,auth,OK,MT103,SWIFT,142.2,SGD,**************2186,US,28
31314a6f-4dfa-4406-b065-1d79ebbeb2dc,2026-07-03T12:26:57.336,validation,OK,MT103,SWIFT,142.2,SGD,**************2186,US,94
31314a6f-4dfa-4406-b065-1d79ebbeb2dc,2026-07-03T12:26:57.418,aml,OK,MT103,SWIFT,142.2,SGD,**************2186,US,52
31314a6f-4dfa-4406-b065-1d79ebbeb2dc,2026-07-03T12:26:57.487,payment-hub,OK,MT103,SWIFT,142.2,SGD,**************2186,US,75
31314a6f-4dfa-4406-b065-1d79ebbeb2dc,2026-07-03T12:26:57.563,core-banking,OK,MT103,SWIFT,142.2,SGD,**************2186,US,231
31314a6f-4dfa-4406-b065-1d79ebbeb2dc,2026-07-03T12:26:57.664,settlement,SETTLED,MT103,SWIFT,142.2,SGD,**************2186,US,243
c4ecb3f4-229c-9471-44c5-f512a985f2e0,2026-07-07T11:42:13.737,gateway,OK,MT103,SWIFT,126.61,SGD,**************7025,MY,34
c4ecb3f4-229c-9471-44c5-f512a985f2e0,2026-07-07T11:42:13.830,auth,OK,MT103,SWIFT,126.61,SGD,**************7025,MY,90
c4ecb3f4-229c-9471-44c5-f512a985f2e0,2026-07-07T11:42:13.921,validation,OK,MT103,SWIFT,126.61,SGD,**************7025,MY,63
c4ecb3f4-229c-9471-44c5-f512a985f2e0,2026-07-07T11:42:14.015,aml,OK,MT103,SWIFT,126.61,SGD,**************7025,MY,118
c4ecb3f4-229c-9471-44c5-f512a985f2e0,2026-07-07T11:42:14.224,payment-hub,OK,MT103,SWIFT,126.61,SGD,**************7025,MY,39
c4ecb3f4-229c-9471-44c5-f512a985f2e0,2026-07-07T11:42:14.318,core-banking,OK,MT103,SWIFT,126.61,SGD,**************7025,MY,86
c4ecb3f4-229c-9471-44c5-f512a985f2e0,2026-07-07T11:42:14.369,settlement,SETTLED,MT103,SWIFT,126.61,SGD,**************7025,MY,270
62d62052-211c-d9c5-9ccf-088d5e9ca774,2026-07-15T00:47:30.965,gateway,OK,0200,FAST,467.49,SGD,**************9786,SG,50
62d62052-211c-d9c5-9ccf-088d5e9ca774,2026-07-15T00:47:31.188,auth,OK,0200,FAST,467.49,SGD,**************9786,SG,88
62d62052-211c-d9c5-9ccf-088d5e9ca774,2026-07-15T00:47:31.231,validation,OK,0200,FAST,467.49,SGD,**************9786,SG,59
62d62052-211c-d9c5-9ccf-088d5e9ca774,2026-07-15T00:47:31.357,aml,OK,0200,FAST,467.49,SGD,**************9786,SG,259
62d62052-211c-d9c5-9ccf-088d5e9ca774,2026-07-15T00:47:31.429,payment-hub,OK,0200,FAST,467.49,SGD,**************9786,SG,44
62d62052-211c-d9c5-9ccf-088d5e9ca774,2026-07-15T00:47:31.523,core-banking,OK,0200,FAST,467.49,SGD,**************9786,SG,152
62d62052-211c-d9c5-9ccf-088d5e9ca774,2026-07-15T00:47:31.610,settlement,SETTLED,0200,FAST,467.49,SGD,**************9786,SG,180
865375c0-4f2a-7bd0-7b0e-d8e58f0cab83,2026-07-11T14:10:31.488,gateway,OK,MT103,FAST,497.17,SGD,**************8548,IN,20
865375c0-4f2a-7bd0-7b0e-d8e58f0cab83,2026-07-11T14:10:31.522,auth,OK,MT103,FAST,497.17,SGD,**************8548,IN,42
865375c0-4f2a-7bd0-7b0e-d8e58f0cab83,2026-07-11T14:10:31.645,validation,OK,MT103,FAST,497.17,SGD,**************8548,IN,88
865375c0-4f2a-7bd0-7b0e-d8e58f0cab83,2026-07-11T14:10:31.686,aml,OK,MT103,FAST,497.17,SGD,**************8548,IN,110
865375c0-4f2a-7bd0-7b0e-d8e58f0cab83,2026-07-11T14:10:31.733,payment-hub,OK,MT103,FAST,497.17,SGD,**************8548,IN,113
865375c0-4f2a-7bd0-7b0e-d8e58f0cab83,2026-07-11T14:10:31.826,core-banking,OK,MT103,FAST,497.17,SGD,**************8548,IN,167
865375c0-4f2a-7bd0-7b0e-d8e58f0cab83,2026-07-11T14:10:31.944,settlement,SETTLED,MT103,FAST,497.17,SGD,**************8548,IN,398
5b892fbd-95bd-5021-2d80-475e4880065a,2026-07-10T01:45:36.491,gateway,OK,pacs.008,FAST,466.83,SGD,**************7578,SG,50
5b892fbd-95bd-5021-2d80-475e4880065a,2026-07-10T01:45:36.558,auth,OK,pacs.008,FAST,466.83,SGD,**************7578,SG,49
5b892fbd-95bd-5021-2d80-475e4880065a,2026-07-10T01:45:36.617,validation,OK,pacs.008,FAST,466.83,SGD,**************7578,SG,76
5b892fbd-95bd-5021-2d80-475e4880065a,2026-07-10T01:45:36.750,aml,OK,pacs.008,FAST,466.83,SGD,**************7578,SG,166
5b892fbd-95bd-5021-2d80-475e4880065a,2026-07-10T01:45:36.871,payment-hub,OK,pacs.008,FAST,466.83,SGD,**************7578,SG,92
5b892fbd-95bd-5021-2d80-475e4880065a,2026-07-10T01:45:36.899,core-banking,OK,pacs.008,FAST,466.83,SGD,**************7578,SG,170
5b892fbd-95bd-5021-2d80-475e4880065a,2026-07-10T01:45:37.099,settlement,SETTLED,pacs.008,FAST,466.83,SGD,**************7578,SG,328
b4f00ab6-94f9-5e3d-08f9-f0d026d6b934,2026-07-02T18:14:15.661,gateway,OK,MT103,FAST,559.7,USD,**************2424,GB,54
b4f00ab6-94f9-5e3d-08f9-f0d026d6b934,2026-07-02T18:14:15.835,auth,OK,MT103,FAST,559.7,USD,**************2424,GB,35
b4f00ab6-94f9-5e3d-08f9-f0d026d6b934,2026-07-02T18:14:15.921,validation,OK,MT103,FAST,559.7,USD,**************2424,GB,52
b4f00ab6-94f9-5e3d-08f9-f0d026d6b934,2026-07-02T18:14:16.023,aml,OK,MT103,FAST,559.7,USD,**************2424,GB,123
b4f00ab6-94f9-5e3d-08f9-f0d026d6b934,2026-07-02T18:14:16.088,payment-hub,OK,MT103,FAST,559.7,USD,**************2424,GB,30
b4f00ab6-94f9-5e3d-08f9-f0d026d6b934,2026-07-02T18:14:16.270,core-banking,OK,MT103,FAST,559.7,USD,**************2424,GB,102
b4f00ab6-94f9-5e3d-08f9-f0d026d6b934,2026-07-02T18:14:16.385,settlement,SETTLED,MT103,FAST,559.7,USD,**************2424,GB,105
f1e46599-ba16-4bab-3a93-2900a223e21d,2026-07-11T04:48:40.802,gateway,OK,0200,SWIFT,70.95,USD,**************1140,MY,43
f1e46599-ba16-4bab-3a93-2900a223e21d,2026-07-11T04:48:40.940,auth,OK,0200,SWIFT,70.95,USD,**************1140,MY,74
f1e46599-ba16-4bab-3a93-2900a223e21d,2026-07-11T04:48:41.026,validation,OK,0200,SWIFT,70.95,USD,**************1140,MY,37
f1e46599-ba16-4bab-3a93-2900a223e21d,2026-07-11T04:48:41.112,aml,OK,0200,SWIFT,70.95,USD,**************1140,MY,191
f1e46599-ba16-4bab-3a93-2900a223e21d,2026-07-11T04:48:41.222,payment-hub,OK,0200,SWIFT,70.95,USD,**************1140,MY,46
f1e46599-ba16-4bab-3a93-2900a223e21d,2026-07-11T04:48:41.323,core-banking,OK,0200,SWIFT,70.95,USD,**************1140,MY,140
f1e46599-ba16-4bab-3a93-2900a223e21d,2026-07-11T04:48:41.640,settlement,SETTLED,0200,SWIFT,70.95,USD,**************1140,MY,259
bbf5d0f3-3be9-446d-0cd6-eb4e5f533a95,2026-07-05T05:32:02.013,gateway,OK,MT103,FAST,360.25,SGD,**************6193,MY,38
bbf5d0f3-3be9-446d-0cd6-eb4e5f533a95,2026-07-05T05:32:02.248,auth,OK,MT103,FAST,360.25,SGD,**************6193,MY,52
bbf5d0f3-3be9-446d-0cd6-eb4e5f533a95,2026-07-05T05:32:02.360,validation,OK,MT103,FAST,360.25,SGD,**************6193,MY,85
bbf5d0f3-3be9-446d-0cd6-eb4e5f533a95,2026-07-05T05:32:02.475,aml,OK,MT103,FAST,360.25,SGD,**************6193,MY,127
bbf5d0f3-3be9-446d-0cd6-eb4e5f533a95,2026-07-05T05:32:02.720,payment-hub,OK,MT103,FAST,360.25,SGD,**************6193,MY,43
bbf5d0f3-3be9-446d-0cd6-eb4e5f533a95,2026-07-05T05:32:02.803,core-banking,OK,MT103,FAST,360.25,SGD,**************6193,MY,167
bbf5d0f3-3be9-446d-0cd6-eb4e5f533a95,2026-07-05T05:32:03.048,settlement,SETTLED,MT103,FAST,360.25,SGD,**************6193,MY,105
157e5a9c-ab9c-4bfe-b851-31fec9efd8e7,2026-07-09T06:54:11.381,gateway,OK,pacs.008,FAST,1551.81,SGD,**************5282,GB,24
157e5a9c-ab9c-4bfe-b851-31fec9efd8e7,2026-07-09T06:54:11.547,auth,OK,pacs.008,FAST,1551.81,SGD,**************5282,GB,59
157e5a9c-ab9c-4bfe-b851-31fec9efd8e7,2026-07-09T06:54:11.809,validation,OK,pacs.008,FAST,1551.81,SGD,**************5282,GB,49
157e5a9c-ab9c-4bfe-b851-31fec9efd8e7,2026-07-09T06:54:11.897,aml,TIMEOUT,pacs.008,FAST,1551.81,SGD,**************5282,GB,30000
157e5a9c-ab9c-4bfe-b851-31fec9efd8e7,2026-07-09T06:54:12.008,payment-hub,FAILED,pacs.008,FAST,1551.81,SGD,**************5282,GB,61
0a240239-4314-60c5-a268-93b8c1f512a7,2026-07-14T14:53:27.391,gateway,OK,pacs.008,FAST,1346.15,MYR,**************2323,SG,48
0a240239-4314-60c5-a268-93b8c1f512a7,2026-07-14T14:53:27.547,auth,OK,pacs.008,FAST,1346.15,MYR,**************2323,SG,67
0a240239-4314-60c5-a268-93b8c1f512a7,2026-07-14T14:53:27.604,validation,OK,pacs.008,FAST,1346.15,MYR,**************2323,SG,44
0a240239-4314-60c5-a268-93b8c1f512a7,2026-07-14T14:53:27.645,aml,OK,pacs.008,FAST,1346.15,MYR,**************2323,SG,181
0a240239-4314-60c5-a268-93b8c1f512a7,2026-07-14T14:53:27.727,payment-hub,OK,pacs.008,FAST,1346.15,MYR,**************2323,SG,139
0a240239-4314-60c5-a268-93b8c1f512a7,2026-07-14T14:53:27.952,core-banking,OK,pacs.008,FAST,1346.15,MYR,**************2323,SG,148
0a240239-4314-60c5-a268-93b8c1f512a7,2026-07-14T14:53:57.963,settlement,SETTLED,pacs.008,FAST,1346.15,MYR,**************2323,SG,380
af146851-8ee4-62aa-93ff-73f8a4b15ce0,2026-07-03T09:23:19.369,gateway,OK,pacs.008,SWIFT,615.15,SGD,**************0678,MY,48
af146851-8ee4-62aa-93ff-73f8a4b15ce0,2026-07-03T09:23:19.459,auth,OK,pacs.008,SWIFT,615.15,SGD,**************0678,MY,86
af146851-8ee4-62aa-93ff-73f8a4b15ce0,2026-07-03T09:23:19.571,validation,OK,pacs.008,SWIFT,615.15,SGD,**************0678,MY,93
af146851-8ee4-62aa-93ff-73f8a4b15ce0,2026-07-03T09:23:19.691,aml,OK,pacs.008,SWIFT,615.15,SGD,**************0678,MY,264
af146851-8ee4-62aa-93ff-73f8a4b15ce0,2026-07-03T09:23:19.982,payment-hub,OK,pacs.008,SWIFT,615.15,SGD,**************0678,MY,141
af146851-8ee4-62aa-93ff-73f8a4b15ce0,2026-07-03T09:23:20.031,core-banking,OK,pacs.008,SWIFT,615.15,SGD,**************0678,MY,204
af146851-8ee4-62aa-93ff-73f8a4b15ce0,2026-07-03T09:23:20.257,settlement,SETTLED,pacs.008,SWIFT,615.15,SGD,**************0678,MY,156
18e3b0e7-e562-0559-d92c-7a5bc1611c5d,2026-07-03T11:19:12.355,gateway,OK,pacs.008,SWIFT,2576.29,SGD,**************9822,SG,47
18e3b0e7-e562-0559-d92c-7a5bc1611c5d,2026-07-03T11:19:12.424,auth,OK,pacs.008,SWIFT,2576.29,SGD,**************9822,SG,83
18e3b0e7-e562-0559-d92c-7a5bc1611c5d,2026-07-03T11:19:12.642,validation,REJECTED,pacs.008,SWIFT,2576.29,SGD,**************9822,SG,117
3ece2ee7-d480-a360-5d9b-45ee3055ef6d,2026-07-06T16:37:16.663,gateway,OK,pacs.008,CARDS,978.25,SGD,**************2863,SG,54
3ece2ee7-d480-a360-5d9b-45ee3055ef6d,2026-07-06T16:37:16.844,auth,OK,pacs.008,CARDS,978.25,SGD,**************2863,SG,48
3ece2ee7-d480-a360-5d9b-45ee3055ef6d,2026-07-06T16:37:16.914,validation,OK,pacs.008,CARDS,978.25,SGD,**************2863,SG,90
3ece2ee7-d480-a360-5d9b-45ee3055ef6d,2026-07-06T16:37:16.957,aml,OK,pacs.008,CARDS,978.25,SGD,**************2863,SG,162
3ece2ee7-d480-a360-5d9b-45ee3055ef6d,2026-07-06T16:37:17.212,payment-hub,OK,pacs.008,CARDS,978.25,SGD,**************2863,SG,90
3ece2ee7-d480-a360-5d9b-45ee3055ef6d,2026-07-06T16:37:17.336,core-banking,OK,pacs.008,CARDS,978.25,SGD,**************2863,SG,127
3ece2ee7-d480-a360-5d9b-45ee3055ef6d,2026-07-06T16:37:17.438,settlement,SETTLED,pacs.008,CARDS,978.25,SGD,**************2863,SG,180
56375ce8-5c24-4499-7d91-43336b5ec41d,2026-07-04T05:48:46.246,gateway,OK,pacs.008,SWIFT,641.82,EUR,**************6810,SG,19
56375ce8-5c24-4499-7d91-43336b5ec41d,2026-07-04T05:48:46.311,auth,OK,pacs.008,SWIFT,641.82,EUR,**************6810,SG,80
56375ce8-5c24-4499-7d91-43336b5ec41d,2026-07-04T05:48:46.424,validation,OK,pacs.008,SWIFT,641.82,EUR,**************6810,SG,32
56375ce8-5c24-4499-7d91-43336b5ec41d,2026-07-04T05:48:46.743,aml,TIMEOUT,pacs.008,SWIFT,641.82,EUR,**************6810,SG,30000
56375ce8-5c24-4499-7d91-43336b5ec41d,2026-07-04T05:48:46.798,payment-hub,FAILED,pacs.008,SWIFT,641.82,EUR,**************6810,SG,41
f00143d2-130e-0074-1b15-beb83e2bb344,2026-07-01T15:50:28.669,gateway,OK,pacs.008,CARDS,755.18,SGD,**************7923,SG,28
f00143d2-130e-0074-1b15-beb83e2bb344,2026-07-01T15:50:28.774,auth,OK,pacs.008,CARDS,755.18,SGD,**************7923,SG,63
f00143d2-130e-0074-1b15-beb83e2bb344,2026-07-01T15:50:28.865,validation,OK,pacs.008,CARDS,755.18,SGD,**************7923,SG,99
f00143d2-130e-0074-1b15-beb83e2bb344,2026-07-01T15:50:28.935,aml,OK,pacs.008,CARDS,755.18,SGD,**************7923,SG,278
f00143d2-130e-0074-1b15-beb83e2bb344,2026-07-01T15:50:29.003,payment-hub,OK,pacs.008,CARDS,755.18,SGD,**************7923,SG,74
f00143d2-130e-0074-1b15-beb83e2bb344,2026-07-01T15:50:29.204,core-banking,OK,pacs.008,CARDS,755.18,SGD,**************7923,SG,148
f00143d2-130e-0074-1b15-beb83e2bb344,2026-07-01T15:50:29.333,settlement,SETTLED,pacs.008,CARDS,755.18,SGD,**************7923,SG,178
4b5bb6d4-114c-0324-7b07-24f4781880d7,2026-07-05T04:18:12.353,gateway,OK,pacs.008,SWIFT,1142.37,USD,**************8730,SG,20
4b5bb6d4-114c-0324-7b07-24f4781880d7,2026-07-05T04:18:12.544,auth,OK,pacs.008,SWIFT,1142.37,USD,**************8730,SG,59
4b5bb6d4-114c-0324-7b07-24f4781880d7,2026-07-05T04:18:12.615,validation,OK,pacs.008,SWIFT,1142.37,USD,**************8730,SG,35
4b5bb6d4-114c-0324-7b07-24f4781880d7,2026-07-05T04:18:12.712,aml,TIMEOUT,pacs.008,SWIFT,1142.37,USD,**************8730,SG,30000
4b5bb6d4-114c-0324-7b07-24f4781880d7,2026-07-05T04:18:12.843,payment-hub,FAILED,pacs.008,SWIFT,1142.37,USD,**************8730,SG,116
75899da0-42cf-d6bd-8b63-fdee26fa45ab,2026-07-13T21:37:44.391,gateway,OK,pacs.008,FAST,5072.29,USD,**************0942,HK,35
75899da0-42cf-d6bd-8b63-fdee26fa45ab,2026-07-13T21:37:44.506,auth,OK,pacs.008,FAST,5072.29,USD,**************0942,HK,58
75899da0-42cf-d6bd-8b63-fdee26fa45ab,2026-07-13T21:37:44.592,validation,OK,pacs.008,FAST,5072.29,USD,**************0942,HK,77
75899da0-42cf-d6bd-8b63-fdee26fa45ab,2026-07-13T21:37:44.637,aml,OK,pacs.008,FAST,5072.29,USD,**************0942,HK,166
75899da0-42cf-d6bd-8b63-fdee26fa45ab,2026-07-13T21:37:44.784,payment-hub,OK,pacs.008,FAST,5072.29,USD,**************0942,HK,142
75899da0-42cf-d6bd-8b63-fdee26fa45ab,2026-07-13T21:37:44.858,core-banking,OK,pacs.008,FAST,5072.29,USD,**************0942,HK,238
75899da0-42cf-d6bd-8b63-fdee26fa45ab,2026-07-13T21:37:45.095,settlement,SETTLED,pacs.008,FAST,5072.29,USD,**************0942,HK,269
9cfb4089-1248-a5b2-87ef-c8e60c9f978e,2026-07-02T14:37:27.654,gateway,OK,0200,FAST,1039.07,EUR,**************6264,IN,15
9cfb4089-1248-a5b2-87ef-c8e60c9f978e,2026-07-02T14:37:27.682,auth,OK,0200,FAST,1039.07,EUR,**************6264,IN,49
9cfb4089-1248-a5b2-87ef-c8e60c9f978e,2026-07-02T14:37:27.870,validation,OK,0200,FAST,1039.07,EUR,**************6264,IN,86
9cfb4089-1248-a5b2-87ef-c8e60c9f978e,2026-07-02T14:37:27.996,aml,TIMEOUT,0200,FAST,1039.07,EUR,**************6264,IN,30000
9cfb4089-1248-a5b2-87ef-c8e60c9f978e,2026-07-02T14:37:28.071,payment-hub,FAILED,0200,FAST,1039.07,EUR,**************6264,IN,44
722c9073-488a-6215-7b9f-6a577479d203,2026-07-05T00:13:36.284,gateway,OK,pacs.008,SWIFT,181.68,USD,**************4947,SG,35
722c9073-488a-6215-7b9f-6a577479d203,2026-07-05T00:13:36.365,auth,OK,pacs.008,SWIFT,181.68,USD,**************4947,SG,33
722c9073-488a-6215-7b9f-6a577479d203,2026-07-05T00:13:36.488,validation,OK,pacs.008,SWIFT,181.68,USD,**************4947,SG,38
722c9073-488a-6215-7b9f-6a577479d203,2026-07-05T00:13:36.597,aml,TIMEOUT,pacs.008,SWIFT,181.68,USD,**************4947,SG,30000
722c9073-488a-6215-7b9f-6a577479d203,2026-07-05T00:13:36.716,payment-hub,FAILED,pacs.008,SWIFT,181.68,USD,**************4947,SG,87
5f24e3ba-033e-f534-3587-5a884227aa33,2026-07-09T21:48:06.224,gateway,OK,pacs.008,CARDS,1386.27,SGD,**************4913,SG,31
5f24e3ba-033e-f534-3587-5a884227aa33,2026-07-09T21:48:06.532,auth,OK,pacs.008,CARDS,1386.27,SGD,**************4913,SG,52
5f24e3ba-033e-f534-3587-5a884227aa33,2026-07-09T21:48:06.757,validation,OK,pacs.008,CARDS,1386.27,SGD,**************4913,SG,51
5f24e3ba-033e-f534-3587-5a884227aa33,2026-07-09T21:48:06.839,aml,OK,pacs.008,CARDS,1386.27,SGD,**************4913,SG,250
5f24e3ba-033e-f534-3587-5a884227aa33,2026-07-09T21:48:06.954,payment-hub,OK,pacs.008,CARDS,1386.27,SGD,**************4913,SG,57
5f24e3ba-033e-f534-3587-5a884227aa33,2026-07-09T21:48:07.033,core-banking,OK,pacs.008,CARDS,1386.27,SGD,**************4913,SG,179
5f24e3ba-033e-f534-3587-5a884227aa33,2026-07-09T21:48:07.238,settlement,SETTLED,pacs.008,CARDS,1386.27,SGD,**************4913,SG,212
037e6117-3803-bb36-2862-3f7d120e4ee5,2026-07-11T18:29:45.788,gateway,OK,pacs.008,FAST,505.56,EUR,**************7054,IN,56
037e6117-3803-bb36-2862-3f7d120e4ee5,2026-07-11T18:29:45.885,auth,OK,pacs.008,FAST,505.56,EUR,**************7054,IN,50
037e6117-3803-bb36-2862-3f7d120e4ee5,2026-07-11T18:29:45.974,validation,OK,pacs.008,FAST,505.56,EUR,**************7054,IN,102
037e6117-3803-bb36-2862-3f7d120e4ee5,2026-07-11T18:29:46.076,aml,OK,pacs.008,FAST,505.56,EUR,**************7054,IN,153
037e6117-3803-bb36-2862-3f7d120e4ee5,2026-07-11T18:29:46.238,payment-hub,OK,pacs.008,FAST,505.56,EUR,**************7054,IN,41
037e6117-3803-bb36-2862-3f7d120e4ee5,2026-07-11T18:29:46.378,core-banking,OK,pacs.008,FAST,505.56,EUR,**************7054,IN,199
037e6117-3803-bb36-2862-3f7d120e4ee5,2026-07-11T18:29:46.442,settlement,SETTLED,pacs.008,FAST,505.56,EUR,**************7054,IN,330
2942b071-83ad-4c1d-d1b6-ad4d372b21a1,2026-07-08T03:32:00.011,gateway,OK,pacs.008,FAST,492.42,GBP,**************8794,SG,54
2942b071-83ad-4c1d-d1b6-ad4d372b21a1,2026-07-08T03:32:00.114,auth,OK,pacs.008,FAST,492.42,GBP,**************8794,SG,80
2942b071-83ad-4c1d-d1b6-ad4d372b21a1,2026-07-08T03:32:00.263,validation,OK,pacs.008,FAST,492.42,GBP,**************8794,SG,38
2942b071-83ad-4c1d-d1b6-ad4d372b21a1,2026-07-08T03:32:00.373,aml,TIMEOUT,pacs.008,FAST,492.42,GBP,**************8794,SG,30000
2942b071-83ad-4c1d-d1b6-ad4d372b21a1,2026-07-08T03:32:00.463,payment-hub,FAILED,pacs.008,FAST,492.42,GBP,**************8794,SG,64
5f9d7c92-c96e-8a8a-7513-e92df36cd3f2,2026-07-05T11:24:12.325,gateway,OK,pacs.008,FAST,175.82,SGD,**************6940,GB,15
5f9d7c92-c96e-8a8a-7513-e92df36cd3f2,2026-07-05T11:24:12.374,auth,OK,pacs.008,FAST,175.82,SGD,**************6940,GB,24
5f9d7c92-c96e-8a8a-7513-e92df36cd3f2,2026-07-05T11:24:12.505,validation,OK,pacs.008,FAST,175.82,SGD,**************6940,GB,92
5f9d7c92-c96e-8a8a-7513-e92df36cd3f2,2026-07-05T11:24:12.562,aml,OK,pacs.008,FAST,175.82,SGD,**************6940,GB,145
5f9d7c92-c96e-8a8a-7513-e92df36cd3f2,2026-07-05T11:24:12.709,payment-hub,OK,pacs.008,FAST,175.82,SGD,**************6940,GB,81
5f9d7c92-c96e-8a8a-7513-e92df36cd3f2,2026-07-05T11:24:12.945,core-banking,OK,pacs.008,FAST,175.82,SGD,**************6940,GB,229
5f9d7c92-c96e-8a8a-7513-e92df36cd3f2,2026-07-05T11:24:13.137,settlement,SETTLED,pacs.008,FAST,175.82,SGD,**************6940,GB,246
c79e0525-e1ec-5083-df81-0e795a7377a7,2026-07-12T11:21:44.369,gateway,OK,pacs.008,FAST,550.21,SGD,**************7871,SG,54
c79e0525-e1ec-5083-df81-0e795a7377a7,2026-07-12T11:21:44.408,auth,OK,pacs.008,FAST,550.21,SGD,**************7871,SG,70
c79e0525-e1ec-5083-df81-0e795a7377a7,2026-07-12T11:21:44.523,validation,OK,pacs.008,FAST,550.21,SGD,**************7871,SG,74
c79e0525-e1ec-5083-df81-0e795a7377a7,2026-07-12T11:21:44.787,aml,OK,pacs.008,FAST,550.21,SGD,**************7871,SG,234
c79e0525-e1ec-5083-df81-0e795a7377a7,2026-07-12T11:21:44.909,payment-hub,OK,pacs.008,FAST,550.21,SGD,**************7871,SG,57
c79e0525-e1ec-5083-df81-0e795a7377a7,2026-07-12T11:21:45.181,core-banking,OK,pacs.008,FAST,550.21,SGD,**************7871,SG,179
c79e0525-e1ec-5083-df81-0e795a7377a7,2026-07-12T11:21:45.226,settlement,SETTLED,pacs.008,FAST,550.21,SGD,**************7871,SG,290
0d18e427-a069-95b7-a91a-ac0f6f68271a,2026-07-01T14:21:48.883,gateway,OK,MT103,FAST,1210.84,SGD,**************4870,MY,50
0d18e427-a069-95b7-a91a-ac0f6f68271a,2026-07-01T14:21:48.924,auth,OK,MT103,FAST,1210.84,SGD,**************4870,MY,79
0d18e427-a069-95b7-a91a-ac0f6f68271a,2026-07-01T14:21:49.030,validation,OK,MT103,FAST,1210.84,SGD,**************4870,MY,69
0d18e427-a069-95b7-a91a-ac0f6f68271a,2026-07-01T14:21:49.094,aml,OK,MT103,FAST,1210.84,SGD,**************4870,MY,297
0d18e427-a069-95b7-a91a-ac0f6f68271a,2026-07-01T14:21:49.216,payment-hub,OK,MT103,FAST,1210.84,SGD,**************4870,MY,146
0d18e427-a069-95b7-a91a-ac0f6f68271a,2026-07-01T14:21:49.336,core-banking,OK,MT103,FAST,1210.84,SGD,**************4870,MY,52
0d18e427-a069-95b7-a91a-ac0f6f68271a,2026-07-01T14:21:49.457,settlement,SETTLED,MT103,FAST,1210.84,SGD,**************4870,MY,319
d9964a6e-640f-bf26-e98f-63b09d3821f2,2026-07-07T20:48:37.000,gateway,OK,0200,FAST,2509.57,USD,**************2572,HK,54
d9964a6e-640f-bf26-e98f-63b09d3821f2,2026-07-07T20:48:37.070,auth,OK,0200,FAST,2509.57,USD,**************2572,HK,37
d9964a6e-640f-bf26-e98f-63b09d3821f2,2026-07-07T20:48:37.155,validation,OK,0200,FAST,2509.57,USD,**************2572,HK,93
d9964a6e-640f-bf26-e98f-63b09d3821f2,2026-07-07T20:48:37.249,aml,OK,0200,FAST,2509.57,USD,**************2572,HK,290
d9964a6e-640f-bf26-e98f-63b09d3821f2,2026-07-07T20:48:37.381,payment-hub,OK,0200,FAST,2509.57,USD,**************2572,HK,126
d9964a6e-640f-bf26-e98f-63b09d3821f2,2026-07-07T20:48:37.467,core-banking,OK,0200,FAST,2509.57,USD,**************2572,HK,243
d9964a6e-640f-bf26-e98f-63b09d3821f2,2026-07-07T20:48:37.582,settlement,SETTLED,0200,FAST,2509.57,USD,**************2572,HK,103
ab31d606-7bf9-a117-ef06-05d4cc57452c,2026-07-10T07:08:51.162,gateway,OK,pacs.008,FAST,780.32,USD,**************6822,SG,44
ab31d606-7bf9-a117-ef06-05d4cc57452c,2026-07-10T07:08:51.246,auth,OK,pacs.008,FAST,780.32,USD,**************6822,SG,56
ab31d606-7bf9-a117-ef06-05d4cc57452c,2026-07-10T07:08:51.303,validation,OK,pacs.008,FAST,780.32,USD,**************6822,SG,47
ab31d606-7bf9-a117-ef06-05d4cc57452c,2026-07-10T07:08:51.333,aml,OK,pacs.008,FAST,780.32,USD,**************6822,SG,161
ab31d606-7bf9-a117-ef06-05d4cc57452c,2026-07-10T07:08:51.389,payment-hub,OK,pacs.008,FAST,780.32,USD,**************6822,SG,132
ab31d606-7bf9-a117-ef06-05d4cc57452c,2026-07-10T07:08:51.454,core-banking,OK,pacs.008,FAST,780.32,USD,**************6822,SG,208
ab31d606-7bf9-a117-ef06-05d4cc57452c,2026-07-10T07:08:51.578,settlement,SETTLED,pacs.008,FAST,780.32,USD,**************6822,SG,87
7070f0ef-0cd8-8123-098f-78988ad787ae,2026-07-07T02:35:48.593,gateway,OK,pacs.008,SWIFT,142.2,SGD,**************5425,SG,43
7070f0ef-0cd8-8123-098f-78988ad787ae,2026-07-07T02:35:48.835,auth,OK,pacs.008,SWIFT,142.2,SGD,**************5425,SG,31
7070f0ef-0cd8-8123-098f-78988ad787ae,2026-07-07T02:36:18.864,validation,OK,pacs.008,SWIFT,142.2,SGD,**************5425,SG,118
7070f0ef-0cd8-8123-098f-78988ad787ae,2026-07-07T02:36:18.986,aml,TIMEOUT,pacs.008,SWIFT,142.2,SGD,**************5425,SG,30000
7070f0ef-0cd8-8123-098f-78988ad787ae,2026-07-07T02:36:19.044,payment-hub,FAILED,pacs.008,SWIFT,142.2,SGD,**************5425,SG,91
a7201182-e859-fccd-92aa-29f35d3dad7b,2026-07-04T16:53:37.447,gateway,OK,pacs.008,SWIFT,2654.54,SGD,**************4904,SG,21
a7201182-e859-fccd-92aa-29f35d3dad7b,2026-07-04T16:53:37.544,auth,OK,pacs.008,SWIFT,2654.54,SGD,**************4904,SG,89
a7201182-e859-fccd-92aa-29f35d3dad7b,2026-07-04T16:53:37.597,validation,OK,pacs.008,SWIFT,2654.54,SGD,**************4904,SG,25
a7201182-e859-fccd-92aa-29f35d3dad7b,2026-07-04T16:53:37.682,aml,OK,pacs.008,SWIFT,2654.54,SGD,**************4904,SG,147
a7201182-e859-fccd-92aa-29f35d3dad7b,2026-07-04T16:53:37.806,payment-hub,OK,pacs.008,SWIFT,2654.54,SGD,**************4904,SG,76
a7201182-e859-fccd-92aa-29f35d3dad7b,2026-07-04T16:53:38.101,core-banking,OK,pacs.008,SWIFT,2654.54,SGD,**************4904,SG,104
a7201182-e859-fccd-92aa-29f35d3dad7b,2026-07-04T16:53:38.212,settlement,SETTLED,pacs.008,SWIFT,2654.54,SGD,**************4904,SG,121
b8a399b3-7878-74f2-6271-8633eddc545c,2026-07-12T02:06:08.352,gateway,OK,pacs.008,FAST,157.6,SGD,**************1332,SG,47
b8a399b3-7878-74f2-6271-8633eddc545c,2026-07-12T02:06:08.444,auth,OK,pacs.008,FAST,157.6,SGD,**************1332,SG,25
b8a399b3-7878-74f2-6271-8633eddc545c,2026-07-12T02:06:08.505,validation,REJECTED,pacs.008,FAST,157.6,SGD,**************1332,SG,96
d43f30a8-7da4-7d8a-557f-e549e5235474,2026-07-10T20:10:18.857,gateway,OK,MT103,FAST,953.57,SGD,**************4199,IN,30
d43f30a8-7da4-7d8a-557f-e549e5235474,2026-07-10T20:10:18.967,auth,OK,MT103,FAST,953.57,SGD,**************4199,IN,70
d43f30a8-7da4-7d8a-557f-e549e5235474,2026-07-10T20:10:19.163,validation,OK,MT103,FAST,953.57,SGD,**************4199,IN,65
d43f30a8-7da4-7d8a-557f-e549e5235474,2026-07-10T20:10:19.242,aml,TIMEOUT,MT103,FAST,953.57,SGD,**************4199,IN,30000
d43f30a8-7da4-7d8a-557f-e549e5235474,2026-07-10T20:10:19.407,payment-hub,FAILED,MT103,FAST,953.57,SGD,**************4199,IN,49
c7d53fae-af99-2469-8e44-11e626ddf312,2026-07-13T11:52:18.874,gateway,OK,pacs.008,SWIFT,516.24,SGD,**************7032,SG,40
c7d53fae-af99-2469-8e44-11e626ddf312,2026-07-13T11:52:19.017,auth,OK,pacs.008,SWIFT,516.24,SGD,**************7032,SG,56
c7d53fae-af99-2469-8e44-11e626ddf312,2026-07-13T11:52:19.099,validation,OK,pacs.008,SWIFT,516.24,SGD,**************7032,SG,97
c7d53fae-af99-2469-8e44-11e626ddf312,2026-07-13T11:52:19.269,aml,OK,pacs.008,SWIFT,516.24,SGD,**************7032,SG,270
c7d53fae-af99-2469-8e44-11e626ddf312,2026-07-13T11:52:19.333,payment-hub,OK,pacs.008,SWIFT,516.24,SGD,**************7032,SG,110
c7d53fae-af99-2469-8e44-11e626ddf312,2026-07-13T11:52:19.460,core-banking,OK,pacs.008,SWIFT,516.24,SGD,**************7032,SG,122
c7d53fae-af99-2469-8e44-11e626ddf312,2026-07-13T11:52:19.527,settlement,SETTLED,pacs.008,SWIFT,516.24,SGD,**************7032,SG,292
842db3e2-3aba-7cbf-26e0-03495fc89cdd,2026-07-08T19:43:20.950,gateway,OK,MT103,FAST,881.32,MYR,**************8710,IN,38
842db3e2-3aba-7cbf-26e0-03495fc89cdd,2026-07-08T19:43:21.038,auth,OK,MT103,FAST,881.32,MYR,**************8710,IN,78
842db3e2-3aba-7cbf-26e0-03495fc89cdd,2026-07-08T19:43:21.112,validation,OK,MT103,FAST,881.32,MYR,**************8710,IN,27
842db3e2-3aba-7cbf-26e0-03495fc89cdd,2026-07-08T19:43:21.256,aml,OK,MT103,FAST,881.32,MYR,**************8710,IN,128
842db3e2-3aba-7cbf-26e0-03495fc89cdd,2026-07-08T19:43:21.432,payment-hub,OK,MT103,FAST,881.32,MYR,**************8710,IN,46
842db3e2-3aba-7cbf-26e0-03495fc89cdd,2026-07-08T19:43:21.573,core-banking,OK,MT103,FAST,881.32,MYR,**************8710,IN,68
842db3e2-3aba-7cbf-26e0-03495fc89cdd,2026-07-08T19:43:21.629,settlement,SETTLED,MT103,FAST,881.32,MYR,**************8710,IN,252
9b33d69d-7fc2-685f-f262-2317ab4d1768,2026-07-01T22:46:20.318,gateway,OK,pacs.008,FAST,1289.92,USD,**************3288,SG,33
9b33d69d-7fc2-685f-f262-2317ab4d1768,2026-07-01T22:46:20.540,auth,OK,pacs.008,FAST,1289.92,USD,**************3288,SG,82
9b33d69d-7fc2-685f-f262-2317ab4d1768,2026-07-01T22:46:20.686,validation,OK,pacs.008,FAST,1289.92,USD,**************3288,SG,92
9b33d69d-7fc2-685f-f262-2317ab4d1768,2026-07-01T22:46:20.794,aml,OK,pacs.008,FAST,1289.92,USD,**************3288,SG,196
9b33d69d-7fc2-685f-f262-2317ab4d1768,2026-07-01T22:46:20.862,payment-hub,OK,pacs.008,FAST,1289.92,USD,**************3288,SG,94
9b33d69d-7fc2-685f-f262-2317ab4d1768,2026-07-01T22:46:20.991,core-banking,OK,pacs.008,FAST,1289.92,USD,**************3288,SG,145
9b33d69d-7fc2-685f-f262-2317ab4d1768,2026-07-01T22:46:21.067,settlement,SETTLED,pacs.008,FAST,1289.92,USD,**************3288,SG,86
45fce724-b422-a8f0-be0c-fd6cdd73d74d,2026-07-03T03:48:17.764,gateway,OK,pacs.008,SWIFT,616.1,SGD,**************3572,US,60
45fce724-b422-a8f0-be0c-fd6cdd73d74d,2026-07-03T03:48:17.874,auth,OK,pacs.008,SWIFT,616.1,SGD,**************3572,US,66
45fce724-b422-a8f0-be0c-fd6cdd73d74d,2026-07-03T03:48:17.922,validation,OK,pacs.008,SWIFT,616.1,SGD,**************3572,US,71
45fce724-b422-a8f0-be0c-fd6cdd73d74d,2026-07-03T03:48:18.000,aml,OK,pacs.008,SWIFT,616.1,SGD,**************3572,US,85
45fce724-b422-a8f0-be0c-fd6cdd73d74d,2026-07-03T03:48:18.175,payment-hub,OK,pacs.008,SWIFT,616.1,SGD,**************3572,US,71
45fce724-b422-a8f0-be0c-fd6cdd73d74d,2026-07-03T03:48:18.218,core-banking,OK,pacs.008,SWIFT,616.1,SGD,**************3572,US,152
45fce724-b422-a8f0-be0c-fd6cdd73d74d,2026-07-03T03:48:18.321,settlement,SETTLED,pacs.008,SWIFT,616.1,SGD,**************3572,US,297
4f293148-cf24-d638-2efb-16c66e3f3e4a,2026-07-02T12:04:55.395,gateway,OK,pacs.008,FAST,771.08,SGD,**************3072,MY,35
4f293148-cf24-d638-2efb-16c66e3f3e4a,2026-07-02T12:04:55.439,auth,OK,pacs.008,FAST,771.08,SGD,**************3072,MY,54
4f293148-cf24-d638-2efb-16c66e3f3e4a,2026-07-02T12:04:55.482,validation,OK,pacs.008,FAST,771.08,SGD,**************3072,MY,65
4f293148-cf24-d638-2efb-16c66e3f3e4a,2026-07-02T12:04:55.558,aml,OK,pacs.008,FAST,771.08,SGD,**************3072,MY,282
4f293148-cf24-d638-2efb-16c66e3f3e4a,2026-07-02T12:04:55.625,payment-hub,OK,pacs.008,FAST,771.08,SGD,**************3072,MY,69
4f293148-cf24-d638-2efb-16c66e3f3e4a,2026-07-02T12:04:55.770,core-banking,OK,pacs.008,FAST,771.08,SGD,**************3072,MY,78
4f293148-cf24-d638-2efb-16c66e3f3e4a,2026-07-02T12:04:55.905,settlement,SETTLED,pacs.008,FAST,771.08,SGD,**************3072,MY,278
12362f7d-a1f6-afef-40d7-0c88edaf685e,2026-07-14T18:03:39.205,gateway,OK,pacs.008,FAST,415.13,GBP,**************7035,IN,24
12362f7d-a1f6-afef-40d7-0c88edaf685e,2026-07-14T18:03:39.261,auth,OK,pacs.008,FAST,415.13,GBP,**************7035,IN,36
12362f7d-a1f6-afef-40d7-0c88edaf685e,2026-07-14T18:03:39.366,validation,OK,pacs.008,FAST,415.13,GBP,**************7035,IN,79
12362f7d-a1f6-afef-40d7-0c88edaf685e,2026-07-14T18:03:39.557,aml,TIMEOUT,pacs.008,FAST,415.13,GBP,**************7035,IN,30000
12362f7d-a1f6-afef-40d7-0c88edaf685e,2026-07-14T18:03:39.611,payment-hub,FAILED,pacs.008,FAST,415.13,GBP,**************7035,IN,58
0eee405f-0e69-34e8-4886-5b158e7af3c9,2026-07-09T22:22:27.150,gateway,OK,pacs.008,FAST,442.72,SGD,**************2351,SG,30
0eee405f-0e69-34e8-4886-5b158e7af3c9,2026-07-09T22:22:27.275,auth,OK,pacs.008,FAST,442.72,SGD,**************2351,SG,62
0eee405f-0e69-34e8-4886-5b158e7af3c9,2026-07-09T22:22:27.341,validation,OK,pacs.008,FAST,442.72,SGD,**************2351,SG,34
0eee405f-0e69-34e8-4886-5b158e7af3c9,2026-07-09T22:22:27.423,aml,OK,pacs.008,FAST,442.72,SGD,**************2351,SG,198
0eee405f-0e69-34e8-4886-5b158e7af3c9,2026-07-09T22:22:27.486,payment-hub,OK,pacs.008,FAST,442.72,SGD,**************2351,SG,133
0eee405f-0e69-34e8-4886-5b158e7af3c9,2026-07-09T22:22:27.741,core-banking,OK,pacs.008,FAST,442.72,SGD,**************2351,SG,224
0eee405f-0e69-34e8-4886-5b158e7af3c9,2026-07-09T22:22:27.862,settlement,SETTLED,pacs.008,FAST,442.72,SGD,**************2351,SG,115
886ca32c-380c-0b25-0a90-7cb6c067eeb6,2026-07-05T08:05:56.937,gateway,OK,pacs.008,FAST,496.05,SGD,**************7463,US,36
886ca32c-380c-0b25-0a90-7cb6c067eeb6,2026-07-05T08:05:56.982,auth,OK,pacs.008,FAST,496.05,SGD,**************7463,US,42
886ca32c-380c-0b25-0a90-7cb6c067eeb6,2026-07-05T08:05:57.057,validation,OK,pacs.008,FAST,496.05,SGD,**************7463,US,114
886ca32c-380c-0b25-0a90-7cb6c067eeb6,2026-07-05T08:05:57.176,aml,OK,pacs.008,FAST,496.05,SGD,**************7463,US,175
886ca32c-380c-0b25-0a90-7cb6c067eeb6,2026-07-05T08:05:57.297,payment-hub,OK,pacs.008,FAST,496.05,SGD,**************7463,US,127
886ca32c-380c-0b25-0a90-7cb6c067eeb6,2026-07-05T08:05:57.428,core-banking,OK,pacs.008,FAST,496.05,SGD,**************7463,US,133
886ca32c-380c-0b25-0a90-7cb6c067eeb6,2026-07-05T08:05:57.555,settlement,SETTLED,pacs.008,FAST,496.05,SGD,**************7463,US,96
825bc9df-e215-66ad-2ce8-facec477220e,2026-07-15T00:37:07.710,gateway,OK,MT103,CARDS,1086.09,SGD,**************3250,US,28
825bc9df-e215-66ad-2ce8-facec477220e,2026-07-15T00:37:07.802,auth,OK,MT103,CARDS,1086.09,SGD,**************3250,US,81
825bc9df-e215-66ad-2ce8-facec477220e,2026-07-15T00:37:07.991,validation,OK,MT103,CARDS,1086.09,SGD,**************3250,US,26
825bc9df-e215-66ad-2ce8-facec477220e,2026-07-15T00:37:08.049,aml,OK,MT103,CARDS,1086.09,SGD,**************3250,US,220
825bc9df-e215-66ad-2ce8-facec477220e,2026-07-15T00:37:08.116,payment-hub,OK,MT103,CARDS,1086.09,SGD,**************3250,US,150
825bc9df-e215-66ad-2ce8-facec477220e,2026-07-15T00:37:08.221,core-banking,OK,MT103,CARDS,1086.09,SGD,**************3250,US,72
825bc9df-e215-66ad-2ce8-facec477220e,2026-07-15T00:37:08.383,settlement,SETTLED,MT103,CARDS,1086.09,SGD,**************3250,US,389
0abdce6e-28b8-fbc3-d731-2a04ec692c24,2026-07-11T12:39:31.549,gateway,OK,pacs.008,FAST,359.12,SGD,**************7967,US,56
0abdce6e-28b8-fbc3-d731-2a04ec692c24,2026-07-11T12:39:31.676,auth,OK,pacs.008,FAST,359.12,SGD,**************7967,US,75
0abdce6e-28b8-fbc3-d731-2a04ec692c24,2026-07-11T12:39:31.751,validation,OK,pacs.008,FAST,359.12,SGD,**************7967,US,39
0abdce6e-28b8-fbc3-d731-2a04ec692c24,2026-07-11T12:39:31.815,aml,OK,pacs.008,FAST,359.12,SGD,**************7967,US,140
0abdce6e-28b8-fbc3-d731-2a04ec692c24,2026-07-11T12:39:31.943,payment-hub,OK,pacs.008,FAST,359.12,SGD,**************7967,US,127
0abdce6e-28b8-fbc3-d731-2a04ec692c24,2026-07-11T12:39:32.009,core-banking,OK,pacs.008,FAST,359.12,SGD,**************7967,US,222
0abdce6e-28b8-fbc3-d731-2a04ec692c24,2026-07-11T12:39:32.091,settlement,SETTLED,pacs.008,FAST,359.12,SGD,**************7967,US,149
ce148f7d-ed41-10c5-8554-4aa5b524c614,2026-07-11T01:22:56.136,gateway,OK,MT103,FAST,195.65,USD,**************8034,SG,15
ce148f7d-ed41-10c5-8554-4aa5b524c614,2026-07-11T01:22:56.287,auth,OK,MT103,FAST,195.65,USD,**************8034,SG,47
ce148f7d-ed41-10c5-8554-4aa5b524c614,2026-07-11T01:22:56.412,validation,OK,MT103,FAST,195.65,USD,**************8034,SG,92
ce148f7d-ed41-10c5-8554-4aa5b524c614,2026-07-11T01:22:56.633,aml,OK,MT103,FAST,195.65,USD,**************8034,SG,275
ce148f7d-ed41-10c5-8554-4aa5b524c614,2026-07-11T01:22:56.704,payment-hub,OK,MT103,FAST,195.65,USD,**************8034,SG,35
ce148f7d-ed41-10c5-8554-4aa5b524c614,2026-07-11T01:22:56.743,core-banking,OK,MT103,FAST,195.65,USD,**************8034,SG,148
ce148f7d-ed41-10c5-8554-4aa5b524c614,2026-07-11T01:22:56.806,settlement,SETTLED,MT103,FAST,195.65,USD,**************8034,SG,72
cedc0acb-b8df-847e-67cc-3ce68c78c4f1,2026-07-10T19:21:47.102,gateway,OK,pacs.008,FAST,215.18,USD,**************8583,SG,33
cedc0acb-b8df-847e-67cc-3ce68c78c4f1,2026-07-10T19:21:47.172,auth,OK,pacs.008,FAST,215.18,USD,**************8583,SG,55
cedc0acb-b8df-847e-67cc-3ce68c78c4f1,2026-07-10T19:21:47.282,validation,OK,pacs.008,FAST,215.18,USD,**************8583,SG,87
cedc0acb-b8df-847e-67cc-3ce68c78c4f1,2026-07-10T19:21:47.400,aml,OK,pacs.008,FAST,215.18,USD,**************8583,SG,227
cedc0acb-b8df-847e-67cc-3ce68c78c4f1,2026-07-10T19:21:47.565,payment-hub,OK,pacs.008,FAST,215.18,USD,**************8583,SG,143
cedc0acb-b8df-847e-67cc-3ce68c78c4f1,2026-07-10T19:21:47.630,core-banking,OK,pacs.008,FAST,215.18,USD,**************8583,SG,177
cedc0acb-b8df-847e-67cc-3ce68c78c4f1,2026-07-10T19:21:47.783,settlement,SETTLED,pacs.008,FAST,215.18,USD,**************8583,SG,350
5a7cfa57-0983-63af-0e42-ff0ab7e37cbe,2026-07-13T07:37:25.554,gateway,OK,pacs.008,SWIFT,1393.11,SGD,**************7309,SG,33
5a7cfa57-0983-63af-0e42-ff0ab7e37cbe,2026-07-13T07:37:25.636,auth,OK,pacs.008,SWIFT,1393.11,SGD,**************7309,SG,39
5a7cfa57-0983-63af-0e42-ff0ab7e37cbe,2026-07-13T07:37:25.798,validation,OK,pacs.008,SWIFT,1393.11,SGD,**************7309,SG,40
5a7cfa57-0983-63af-0e42-ff0ab7e37cbe,2026-07-13T07:37:25.861,aml,OK,pacs.008,SWIFT,1393.11,SGD,**************7309,SG,151
5a7cfa57-0983-63af-0e42-ff0ab7e37cbe,2026-07-13T07:37:25.910,payment-hub,OK,pacs.008,SWIFT,1393.11,SGD,**************7309,SG,52
5a7cfa57-0983-63af-0e42-ff0ab7e37cbe,2026-07-13T07:37:25.968,core-banking,OK,pacs.008,SWIFT,1393.11,SGD,**************7309,SG,136
5a7cfa57-0983-63af-0e42-ff0ab7e37cbe,2026-07-13T07:37:26.186,settlement,SETTLED,pacs.008,SWIFT,1393.11,SGD,**************7309,SG,199
14c9243a-ecb0-8900-8713-7205da58293a,2026-07-04T01:53:59.237,gateway,OK,pacs.008,SWIFT,1171.84,SGD,**************0314,MY,41
14c9243a-ecb0-8900-8713-7205da58293a,2026-07-04T01:53:59.317,auth,OK,pacs.008,SWIFT,1171.84,SGD,**************0314,MY,79
14c9243a-ecb0-8900-8713-7205da58293a,2026-07-04T01:53:59.449,validation,OK,pacs.008,SWIFT,1171.84,SGD,**************0314,MY,69
14c9243a-ecb0-8900-8713-7205da58293a,2026-07-04T01:53:59.762,aml,OK,pacs.008,SWIFT,1171.84,SGD,**************0314,MY,178
14c9243a-ecb0-8900-8713-7205da58293a,2026-07-04T01:54:29.788,payment-hub,OK,pacs.008,SWIFT,1171.84,SGD,**************0314,MY,115
14c9243a-ecb0-8900-8713-7205da58293a,2026-07-04T01:54:29.866,core-banking,OK,pacs.008,SWIFT,1171.84,SGD,**************0314,MY,82
14c9243a-ecb0-8900-8713-7205da58293a,2026-07-04T01:54:29.972,settlement,SETTLED,pacs.008,SWIFT,1171.84,SGD,**************0314,MY,70
8f8671cc-3c49-4814-4b83-c7ebc7381dbb,2026-07-11T23:23:34.840,gateway,OK,pacs.008,SWIFT,1362.22,SGD,**************2571,IN,54
8f8671cc-3c49-4814-4b83-c7ebc7381dbb,2026-07-11T23:23:34.912,auth,OK,pacs.008,SWIFT,1362.22,SGD,**************2571,IN,86
8f8671cc-3c49-4814-4b83-c7ebc7381dbb,2026-07-11T23:23:35.095,validation,OK,pacs.008,SWIFT,1362.22,SGD,**************2571,IN,92
8f8671cc-3c49-4814-4b83-c7ebc7381dbb,2026-07-11T23:23:35.306,aml,OK,pacs.008,SWIFT,1362.22,SGD,**************2571,IN,87
8f8671cc-3c49-4814-4b83-c7ebc7381dbb,2026-07-11T23:23:35.380,payment-hub,OK,pacs.008,SWIFT,1362.22,SGD,**************2571,IN,46
8f8671cc-3c49-4814-4b83-c7ebc7381dbb,2026-07-11T23:23:35.465,core-banking,OK,pacs.008,SWIFT,1362.22,SGD,**************2571,IN,182
8f8671cc-3c49-4814-4b83-c7ebc7381dbb,2026-07-11T23:24:05.477,settlement,SETTLED,pacs.008,SWIFT,1362.22,SGD,**************2571,IN,225
c1ed3dc3-d8ec-07fd-7500-a828a9cb1a40,2026-07-05T19:25:41.618,gateway,OK,pacs.008,CARDS,1299.49,USD,**************3724,GB,21
c1ed3dc3-d8ec-07fd-7500-a828a9cb1a40,2026-07-05T19:26:11.647,auth,OK,pacs.008,CARDS,1299.49,USD,**************3724,GB,69
c1ed3dc3-d8ec-07fd-7500-a828a9cb1a40,2026-07-05T19:26:11.712,validation,OK,pacs.008,CARDS,1299.49,USD,**************3724,GB,97
c1ed3dc3-d8ec-07fd-7500-a828a9cb1a40,2026-07-05T19:26:11.789,aml,OK,pacs.008,CARDS,1299.49,USD,**************3724,GB,160
c1ed3dc3-d8ec-07fd-7500-a828a9cb1a40,2026-07-05T19:26:12.073,payment-hub,OK,pacs.008,CARDS,1299.49,USD,**************3724,GB,65
c1ed3dc3-d8ec-07fd-7500-a828a9cb1a40,2026-07-05T19:26:42.106,core-banking,OK,pacs.008,CARDS,1299.49,USD,**************3724,GB,50
c1ed3dc3-d8ec-07fd-7500-a828a9cb1a40,2026-07-05T19:26:42.244,settlement,SETTLED,pacs.008,CARDS,1299.49,USD,**************3724,GB,245
033baa6b-134e-d67e-15f0-b4e82342fe4e,2026-07-09T14:56:53.852,gateway,OK,MT103,FAST,101.31,EUR,**************3653,SG,37
033baa6b-134e-d67e-15f0-b4e82342fe4e,2026-07-09T14:56:54.088,auth,OK,MT103,FAST,101.31,EUR,**************3653,SG,81
033baa6b-134e-d67e-15f0-b4e82342fe4e,2026-07-09T14:56:54.154,validation,OK,MT103,FAST,101.31,EUR,**************3653,SG,67
033baa6b-134e-d67e-15f0-b4e82342fe4e,2026-07-09T14:56:54.225,aml,OK,MT103,FAST,101.31,EUR,**************3653,SG,279
033baa6b-134e-d67e-15f0-b4e82342fe4e,2026-07-09T14:56:54.395,payment-hub,OK,MT103,FAST,101.31,EUR,**************3653,SG,136
033baa6b-134e-d67e-15f0-b4e82342fe4e,2026-07-09T14:56:54.431,core-banking,OK,MT103,FAST,101.31,EUR,**************3653,SG,92
033baa6b-134e-d67e-15f0-b4e82342fe4e,2026-07-09T14:56:54.544,settlement,SETTLED,MT103,FAST,101.31,EUR,**************3653,SG,189
2b115331-c3b9-f9ff-4624-ee62b98e4726,2026-07-10T09:07:12.453,gateway,OK,pacs.008,SWIFT,634.47,SGD,**************4304,HK,53
2b115331-c3b9-f9ff-4624-ee62b98e4726,2026-07-10T09:07:12.520,auth,OK,pacs.008,SWIFT,634.47,SGD,**************4304,HK,48
2b115331-c3b9-f9ff-4624-ee62b98e4726,2026-07-10T09:07:12.551,validation,OK,pacs.008,SWIFT,634.47,SGD,**************4304,HK,66
2b115331-c3b9-f9ff-4624-ee62b98e4726,2026-07-10T09:07:12.583,aml,OK,pacs.008,SWIFT,634.47,SGD,**************4304,HK,153
2b115331-c3b9-f9ff-4624-ee62b98e4726,2026-07-10T09:07:12.616,payment-hub,OK,pacs.008,SWIFT,634.47,SGD,**************4304,HK,84
2b115331-c3b9-f9ff-4624-ee62b98e4726,2026-07-10T09:07:12.829,core-banking,OK,pacs.008,SWIFT,634.47,SGD,**************4304,HK,148
2b115331-c3b9-f9ff-4624-ee62b98e4726,2026-07-10T09:07:12.874,settlement,SETTLED,pacs.008,SWIFT,634.47,SGD,**************4304,HK,86
e1a0fa89-2873-caa8-983c-dd1ebc158138,2026-07-05T04:18:56.225,gateway,OK,pacs.008,FAST,178.89,SGD,**************7120,SG,22
e1a0fa89-2873-caa8-983c-dd1ebc158138,2026-07-05T04:18:56.334,auth,OK,pacs.008,FAST,178.89,SGD,**************7120,SG,49
e1a0fa89-2873-caa8-983c-dd1ebc158138,2026-07-05T04:18:56.460,validation,OK,pacs.008,FAST,178.89,SGD,**************7120,SG,34
e1a0fa89-2873-caa8-983c-dd1ebc158138,2026-07-05T04:18:56.522,aml,OK,pacs.008,FAST,178.89,SGD,**************7120,SG,278
e1a0fa89-2873-caa8-983c-dd1ebc158138,2026-07-05T04:18:56.860,payment-hub,OK,pacs.008,FAST,178.89,SGD,**************7120,SG,115
e1a0fa89-2873-caa8-983c-dd1ebc158138,2026-07-05T04:18:56.997,core-banking,OK,pacs.008,FAST,178.89,SGD,**************7120,SG,206
e1a0fa89-2873-caa8-983c-dd1ebc158138,2026-07-05T04:18:57.086,settlement,SETTLED,pacs.008,FAST,178.89,SGD,**************7120,SG,385
60582310-50b3-70df-cf09-01fd6a3cf7a1,2026-07-10T17:18:31.414,gateway,OK,pacs.008,FAST,147.03,USD,**************1714,HK,54
60582310-50b3-70df-cf09-01fd6a3cf7a1,2026-07-10T17:18:31.530,auth,OK,pacs.008,FAST,147.03,USD,**************1714,HK,53
60582310-50b3-70df-cf09-01fd6a3cf7a1,2026-07-10T17:18:31.650,validation,OK,pacs.008,FAST,147.03,USD,**************1714,HK,113
60582310-50b3-70df-cf09-01fd6a3cf7a1,2026-07-10T17:18:31.685,aml,OK,pacs.008,FAST,147.03,USD,**************1714,HK,273
60582310-50b3-70df-cf09-01fd6a3cf7a1,2026-07-10T17:18:31.747,payment-hub,OK,pacs.008,FAST,147.03,USD,**************1714,HK,120
60582310-50b3-70df-cf09-01fd6a3cf7a1,2026-07-10T17:18:31.818,core-banking,OK,pacs.008,FAST,147.03,USD,**************1714,HK,63
60582310-50b3-70df-cf09-01fd6a3cf7a1,2026-07-10T17:18:31.876,settlement,SETTLED,pacs.008,FAST,147.03,USD,**************1714,HK,341
3d8aa7d3-6dac-d1ec-43d7-b262b147c061,2026-07-14T13:00:04.514,gateway,OK,pacs.008,CARDS,156.55,SGD,**************4561,MY,58
3d8aa7d3-6dac-d1ec-43d7-b262b147c061,2026-07-14T13:00:04.558,auth,OK,pacs.008,CARDS,156.55,SGD,**************4561,MY,70
3d8aa7d3-6dac-d1ec-43d7-b262b147c061,2026-07-14T13:00:04.596,validation,OK,pacs.008,CARDS,156.55,SGD,**************4561,MY,92
3d8aa7d3-6dac-d1ec-43d7-b262b147c061,2026-07-14T13:00:04.688,aml,TIMEOUT,pacs.008,CARDS,156.55,SGD,**************4561,MY,30000
3d8aa7d3-6dac-d1ec-43d7-b262b147c061,2026-07-14T13:00:04.766,payment-hub,FAILED,pacs.008,CARDS,156.55,SGD,**************4561,MY,86
0c8bffd1-ec30-b1ef-9fd9-89600ef96af7,2026-07-07T17:24:05.097,gateway,OK,pacs.008,FAST,1117.65,INR,**************8562,HK,21
0c8bffd1-ec30-b1ef-9fd9-89600ef96af7,2026-07-07T17:24:05.305,auth,OK,pacs.008,FAST,1117.65,INR,**************8562,HK,27
0c8bffd1-ec30-b1ef-9fd9-89600ef96af7,2026-07-07T17:24:05.370,validation,OK,pacs.008,FAST,1117.65,INR,**************8562,HK,48
0c8bffd1-ec30-b1ef-9fd9-89600ef96af7,2026-07-07T17:24:05.555,aml,OK,pacs.008,FAST,1117.65,INR,**************8562,HK,86
0c8bffd1-ec30-b1ef-9fd9-89600ef96af7,2026-07-07T17:24:05.605,payment-hub,OK,pacs.008,FAST,1117.65,INR,**************8562,HK,59
0c8bffd1-ec30-b1ef-9fd9-89600ef96af7,2026-07-07T17:24:05.902,core-banking,OK,pacs.008,FAST,1117.65,INR,**************8562,HK,173
0c8bffd1-ec30-b1ef-9fd9-89600ef96af7,2026-07-07T17:24:05.952,settlement,SETTLED,pacs.008,FAST,1117.65,INR,**************8562,HK,373
b2d67423-0bc5-a425-88ba-803644abf177,2026-07-03T11:19:48.253,gateway,OK,pacs.008,SWIFT,420.28,MYR,**************6569,SG,50
b2d67423-0bc5-a425-88ba-803644abf177,2026-07-03T11:19:48.364,auth,OK,pacs.008,SWIFT,420.28,MYR,**************6569,SG,62
b2d67423-0bc5-a425-88ba-803644abf177,2026-07-03T11:19:48.563,validation,OK,pacs.008,SWIFT,420.28,MYR,**************6569,SG,30
b2d67423-0bc5-a425-88ba-803644abf177,2026-07-03T11:19:48.691,aml,OK,pacs.008,SWIFT,420.28,MYR,**************6569,SG,295
b2d67423-0bc5-a425-88ba-803644abf177,2026-07-03T11:19:48.842,payment-hub,OK,pacs.008,SWIFT,420.28,MYR,**************6569,SG,129
b2d67423-0bc5-a425-88ba-803644abf177,2026-07-03T11:19:48.948,core-banking,OK,pacs.008,SWIFT,420.28,MYR,**************6569,SG,71
b2d67423-0bc5-a425-88ba-803644abf177,2026-07-03T11:19:49.122,settlement,SETTLED,pacs.008,SWIFT,420.28,MYR,**************6569,SG,381
0bafb98b-6b4d-878b-9b5b-2e0895d6c49f,2026-07-12T03:58:55.545,gateway,OK,MT103,FAST,2672.14,USD,**************2094,SG,37
0bafb98b-6b4d-878b-9b5b-2e0895d6c49f,2026-07-12T03:58:55.605,auth,OK,MT103,FAST,2672.14,USD,**************2094,SG,63
0bafb98b-6b4d-878b-9b5b-2e0895d6c49f,2026-07-12T03:58:55.701,validation,OK,MT103,FAST,2672.14,USD,**************2094,SG,91
0bafb98b-6b4d-878b-9b5b-2e0895d6c49f,2026-07-12T03:58:56.020,aml,OK,MT103,FAST,2672.14,USD,**************2094,SG,265
0bafb98b-6b4d-878b-9b5b-2e0895d6c49f,2026-07-12T03:58:56.124,payment-hub,OK,MT103,FAST,2672.14,USD,**************2094,SG,69
0bafb98b-6b4d-878b-9b5b-2e0895d6c49f,2026-07-12T03:58:56.320,core-banking,OK,MT103,FAST,2672.14,USD,**************2094,SG,92
0bafb98b-6b4d-878b-9b5b-2e0895d6c49f,2026-07-12T03:58:56.405,settlement,SETTLED,MT103,FAST,2672.14,USD,**************2094,SG,294
dfdc47a7-b33c-2b19-0850-8ac4934a7c2e,2026-07-11T18:47:33.664,gateway,OK,pacs.008,SWIFT,558.77,EUR,**************2219,MY,54
dfdc47a7-b33c-2b19-0850-8ac4934a7c2e,2026-07-11T18:47:33.873,auth,OK,pacs.008,SWIFT,558.77,EUR,**************2219,MY,52
dfdc47a7-b33c-2b19-0850-8ac4934a7c2e,2026-07-11T18:47:33.967,validation,OK,pacs.008,SWIFT,558.77,EUR,**************2219,MY,103
dfdc47a7-b33c-2b19-0850-8ac4934a7c2e,2026-07-11T18:47:34.056,aml,OK,pacs.008,SWIFT,558.77,EUR,**************2219,MY,71
dfdc47a7-b33c-2b19-0850-8ac4934a7c2e,2026-07-11T18:47:34.172,payment-hub,OK,pacs.008,SWIFT,558.77,EUR,**************2219,MY,72
dfdc47a7-b33c-2b19-0850-8ac4934a7c2e,2026-07-11T18:47:34.400,core-banking,OK,pacs.008,SWIFT,558.77,EUR,**************2219,MY,133
dfdc47a7-b33c-2b19-0850-8ac4934a7c2e,2026-07-11T18:47:34.479,settlement,SETTLED,pacs.008,SWIFT,558.77,EUR,**************2219,MY,97
4185ee21-d8ff-ded0-0d57-63ef959c6f55,2026-07-04T05:30:29.374,gateway,OK,pacs.008,FAST,916.67,EUR,**************6698,IN,31
4185ee21-d8ff-ded0-0d57-63ef959c6f55,2026-07-04T05:30:29.463,auth,OK,pacs.008,FAST,916.67,EUR,**************6698,IN,51
4185ee21-d8ff-ded0-0d57-63ef959c6f55,2026-07-04T05:30:29.665,validation,OK,pacs.008,FAST,916.67,EUR,**************6698,IN,74
4185ee21-d8ff-ded0-0d57-63ef959c6f55,2026-07-04T05:30:29.735,aml,OK,pacs.008,FAST,916.67,EUR,**************6698,IN,175
4185ee21-d8ff-ded0-0d57-63ef959c6f55,2026-07-04T05:30:29.801,payment-hub,OK,pacs.008,FAST,916.67,EUR,**************6698,IN,74
4185ee21-d8ff-ded0-0d57-63ef959c6f55,2026-07-04T05:30:29.888,core-banking,OK,pacs.008,FAST,916.67,EUR,**************6698,IN,148
4185ee21-d8ff-ded0-0d57-63ef959c6f55,2026-07-04T05:30:30.182,settlement,SETTLED,pacs.008,FAST,916.67,EUR,**************6698,IN,64
6d3296e5-925d-bc49-3f39-9ebf9ca2c4fd,2026-07-04T12:58:00.386,gateway,OK,pacs.008,FAST,2122.24,MYR,**************5286,SG,53
6d3296e5-925d-bc49-3f39-9ebf9ca2c4fd,2026-07-04T12:58:00.621,auth,OK,pacs.008,FAST,2122.24,MYR,**************5286,SG,28
6d3296e5-925d-bc49-3f39-9ebf9ca2c4fd,2026-07-04T12:58:00.731,validation,OK,pacs.008,FAST,2122.24,MYR,**************5286,SG,100
6d3296e5-925d-bc49-3f39-9ebf9ca2c4fd,2026-07-04T12:58:00.812,aml,OK,pacs.008,FAST,2122.24,MYR,**************5286,SG,267
6d3296e5-925d-bc49-3f39-9ebf9ca2c4fd,2026-07-04T12:58:01.105,payment-hub,OK,pacs.008,FAST,2122.24,MYR,**************5286,SG,70
6d3296e5-925d-bc49-3f39-9ebf9ca2c4fd,2026-07-04T12:58:01.207,core-banking,OK,pacs.008,FAST,2122.24,MYR,**************5286,SG,154
6d3296e5-925d-bc49-3f39-9ebf9ca2c4fd,2026-07-04T12:58:01.371,settlement,SETTLED,pacs.008,FAST,2122.24,MYR,**************5286,SG,102
8314ab18-6a55-64fd-8d3a-025b94abd22b,2026-07-08T13:58:59.764,gateway,OK,pacs.008,FAST,1336.65,USD,**************9643,SG,50
8314ab18-6a55-64fd-8d3a-025b94abd22b,2026-07-08T13:58:59.887,auth,OK,pacs.008,FAST,1336.65,USD,**************9643,SG,90
8314ab18-6a55-64fd-8d3a-025b94abd22b,2026-07-08T13:59:00.005,validation,OK,pacs.008,FAST,1336.65,USD,**************9643,SG,58
8314ab18-6a55-64fd-8d3a-025b94abd22b,2026-07-08T13:59:00.164,aml,OK,pacs.008,FAST,1336.65,USD,**************9643,SG,246
8314ab18-6a55-64fd-8d3a-025b94abd22b,2026-07-08T13:59:00.230,payment-hub,OK,pacs.008,FAST,1336.65,USD,**************9643,SG,122
8314ab18-6a55-64fd-8d3a-025b94abd22b,2026-07-08T13:59:00.498,core-banking,OK,pacs.008,FAST,1336.65,USD,**************9643,SG,224
8314ab18-6a55-64fd-8d3a-025b94abd22b,2026-07-08T13:59:00.652,settlement,SETTLED,pacs.008,FAST,1336.65,USD,**************9643,SG,297
07f5675a-e5bd-0c3f-1da8-a846413a2fe1,2026-07-09T22:31:23.921,gateway,OK,MT103,FAST,2206.05,SGD,**************8287,SG,32
07f5675a-e5bd-0c3f-1da8-a846413a2fe1,2026-07-09T22:31:23.973,auth,OK,MT103,FAST,2206.05,SGD,**************8287,SG,70
07f5675a-e5bd-0c3f-1da8-a846413a2fe1,2026-07-09T22:31:24.135,validation,OK,MT103,FAST,2206.05,SGD,**************8287,SG,70
07f5675a-e5bd-0c3f-1da8-a846413a2fe1,2026-07-09T22:31:24.236,aml,OK,MT103,FAST,2206.05,SGD,**************8287,SG,205
07f5675a-e5bd-0c3f-1da8-a846413a2fe1,2026-07-09T22:31:24.312,payment-hub,OK,MT103,FAST,2206.05,SGD,**************8287,SG,109
07f5675a-e5bd-0c3f-1da8-a846413a2fe1,2026-07-09T22:31:24.394,core-banking,OK,MT103,FAST,2206.05,SGD,**************8287,SG,155
07f5675a-e5bd-0c3f-1da8-a846413a2fe1,2026-07-09T22:31:24.441,settlement,SETTLED,MT103,FAST,2206.05,SGD,**************8287,SG,72
731cd358-1bd2-e3bd-3906-2a897fe46798,2026-07-07T21:07:00.665,gateway,OK,MT103,FAST,573.38,INR,**************0253,US,20
731cd358-1bd2-e3bd-3906-2a897fe46798,2026-07-07T21:07:00.968,auth,OK,MT103,FAST,573.38,INR,**************0253,US,80
731cd358-1bd2-e3bd-3906-2a897fe46798,2026-07-07T21:07:01.085,validation,REJECTED,MT103,FAST,573.38,INR,**************0253,US,65
7683f625-6138-72d0-8d32-188c5d690e73,2026-07-11T00:12:06.605,gateway,OK,pacs.008,CARDS,3415.88,USD,**************1698,US,41
7683f625-6138-72d0-8d32-188c5d690e73,2026-07-11T00:12:06.871,auth,OK,pacs.008,CARDS,3415.88,USD,**************1698,US,50
7683f625-6138-72d0-8d32-188c5d690e73,2026-07-11T00:12:06.926,validation,OK,pacs.008,CARDS,3415.88,USD,**************1698,US,77
7683f625-6138-72d0-8d32-188c5d690e73,2026-07-11T00:12:07.014,aml,OK,pacs.008,CARDS,3415.88,USD,**************1698,US,100
7683f625-6138-72d0-8d32-188c5d690e73,2026-07-11T00:12:07.075,payment-hub,OK,pacs.008,CARDS,3415.88,USD,**************1698,US,113
7683f625-6138-72d0-8d32-188c5d690e73,2026-07-11T00:12:07.151,core-banking,OK,pacs.008,CARDS,3415.88,USD,**************1698,US,173
7683f625-6138-72d0-8d32-188c5d690e73,2026-07-11T00:12:07.260,settlement,SETTLED,pacs.008,CARDS,3415.88,USD,**************1698,US,232
15968ffc-2a9f-9c80-e6e2-71b0598e0f3e,2026-07-08T21:04:50.013,gateway,OK,pacs.008,FAST,3198.54,SGD,**************4219,SG,42
15968ffc-2a9f-9c80-e6e2-71b0598e0f3e,2026-07-08T21:04:50.074,auth,OK,pacs.008,FAST,3198.54,SGD,**************4219,SG,90
15968ffc-2a9f-9c80-e6e2-71b0598e0f3e,2026-07-08T21:04:50.209,validation,OK,pacs.008,FAST,3198.54,SGD,**************4219,SG,115
15968ffc-2a9f-9c80-e6e2-71b0598e0f3e,2026-07-08T21:04:50.326,aml,OK,pacs.008,FAST,3198.54,SGD,**************4219,SG,256
15968ffc-2a9f-9c80-e6e2-71b0598e0f3e,2026-07-08T21:04:50.385,payment-hub,OK,pacs.008,FAST,3198.54,SGD,**************4219,SG,74
15968ffc-2a9f-9c80-e6e2-71b0598e0f3e,2026-07-08T21:04:50.460,core-banking,OK,pacs.008,FAST,3198.54,SGD,**************4219,SG,131
15968ffc-2a9f-9c80-e6e2-71b0598e0f3e,2026-07-08T21:04:50.568,settlement,SETTLED,pacs.008,FAST,3198.54,SGD,**************4219,SG,350
36d82a91-7b88-81c7-a9b5-a74d06e97b80,2026-07-08T16:55:54.797,gateway,OK,0200,FAST,444.74,MYR,**************4158,US,40
36d82a91-7b88-81c7-a9b5-a74d06e97b80,2026-07-08T16:55:54.887,auth,OK,0200,FAST,444.74,MYR,**************4158,US,61
36d82a91-7b88-81c7-a9b5-a74d06e97b80,2026-07-08T16:55:55.208,validation,OK,0200,FAST,444.74,MYR,**************4158,US,79
36d82a91-7b88-81c7-a9b5-a74d06e97b80,2026-07-08T16:55:55.476,aml,OK,0200,FAST,444.74,MYR,**************4158,US,149
36d82a91-7b88-81c7-a9b5-a74d06e97b80,2026-07-08T16:55:55.516,payment-hub,OK,0200,FAST,444.74,MYR,**************4158,US,50
36d82a91-7b88-81c7-a9b5-a74d06e97b80,2026-07-08T16:55:55.614,core-banking,OK,0200,FAST,444.74,MYR,**************4158,US,57
36d82a91-7b88-81c7-a9b5-a74d06e97b80,2026-07-08T16:55:55.880,settlement,SETTLED,0200,FAST,444.74,MYR,**************4158,US,96
d38c7f18-24e2-2186-0fcc-1cc7a69cde23,2026-07-08T02:10:45.925,gateway,OK,MT103,FAST,846.87,SGD,**************7881,US,38
d38c7f18-24e2-2186-0fcc-1cc7a69cde23,2026-07-08T02:10:46.057,auth,OK,MT103,FAST,846.87,SGD,**************7881,US,38
d38c7f18-24e2-2186-0fcc-1cc7a69cde23,2026-07-08T02:10:46.129,validation,OK,MT103,FAST,846.87,SGD,**************7881,US,64
d38c7f18-24e2-2186-0fcc-1cc7a69cde23,2026-07-08T02:10:46.250,aml,OK,MT103,FAST,846.87,SGD,**************7881,US,215
d38c7f18-24e2-2186-0fcc-1cc7a69cde23,2026-07-08T02:10:46.391,payment-hub,OK,MT103,FAST,846.87,SGD,**************7881,US,56
d38c7f18-24e2-2186-0fcc-1cc7a69cde23,2026-07-08T02:10:46.659,core-banking,OK,MT103,FAST,846.87,SGD,**************7881,US,90
d38c7f18-24e2-2186-0fcc-1cc7a69cde23,2026-07-08T02:10:46.782,settlement,SETTLED,MT103,FAST,846.87,SGD,**************7881,US,383
a1630dac-b5a6-7250-7014-250e58fd18a0,2026-07-13T23:55:27.367,gateway,OK,pacs.008,SWIFT,464.9,EUR,**************4720,SG,52
a1630dac-b5a6-7250-7014-250e58fd18a0,2026-07-13T23:55:27.482,auth,OK,pacs.008,SWIFT,464.9,EUR,**************4720,SG,48
a1630dac-b5a6-7250-7014-250e58fd18a0,2026-07-13T23:55:27.722,validation,OK,pacs.008,SWIFT,464.9,EUR,**************4720,SG,60
a1630dac-b5a6-7250-7014-250e58fd18a0,2026-07-13T23:55:27.817,aml,OK,pacs.008,SWIFT,464.9,EUR,**************4720,SG,200
a1630dac-b5a6-7250-7014-250e58fd18a0,2026-07-13T23:55:27.964,payment-hub,OK,pacs.008,SWIFT,464.9,EUR,**************4720,SG,105
a1630dac-b5a6-7250-7014-250e58fd18a0,2026-07-13T23:55:28.037,core-banking,OK,pacs.008,SWIFT,464.9,EUR,**************4720,SG,80
a1630dac-b5a6-7250-7014-250e58fd18a0,2026-07-13T23:55:28.110,settlement,SETTLED,pacs.008,SWIFT,464.9,EUR,**************4720,SG,271
fa41baba-2432-e8ed-5025-13bd9dc04d2f,2026-07-05T06:52:07.287,gateway,OK,pacs.008,FAST,1781.3,USD,**************6289,IN,36
fa41baba-2432-e8ed-5025-13bd9dc04d2f,2026-07-05T06:52:07.390,auth,OK,pacs.008,FAST,1781.3,USD,**************6289,IN,52
fa41baba-2432-e8ed-5025-13bd9dc04d2f,2026-07-05T06:52:07.482,validation,OK,pacs.008,FAST,1781.3,USD,**************6289,IN,113
fa41baba-2432-e8ed-5025-13bd9dc04d2f,2026-07-05T06:52:07.700,aml,OK,pacs.008,FAST,1781.3,USD,**************6289,IN,275
fa41baba-2432-e8ed-5025-13bd9dc04d2f,2026-07-05T06:52:07.766,payment-hub,OK,pacs.008,FAST,1781.3,USD,**************6289,IN,72
fa41baba-2432-e8ed-5025-13bd9dc04d2f,2026-07-05T06:52:07.843,core-banking,OK,pacs.008,FAST,1781.3,USD,**************6289,IN,144
fa41baba-2432-e8ed-5025-13bd9dc04d2f,2026-07-05T06:52:07.956,settlement,SETTLED,pacs.008,FAST,1781.3,USD,**************6289,IN,151
6fdf738e-a27f-1ccb-72e6-57590f8de4d1,2026-07-12T06:59:21.324,gateway,OK,MT103,FAST,881.79,GBP,**************2898,SG,33
6fdf738e-a27f-1ccb-72e6-57590f8de4d1,2026-07-12T06:59:21.518,auth,OK,MT103,FAST,881.79,GBP,**************2898,SG,25
6fdf738e-a27f-1ccb-72e6-57590f8de4d1,2026-07-12T06:59:21.622,validation,OK,MT103,FAST,881.79,GBP,**************2898,SG,62
6fdf738e-a27f-1ccb-72e6-57590f8de4d1,2026-07-12T06:59:21.734,aml,OK,MT103,FAST,881.79,GBP,**************2898,SG,228
6fdf738e-a27f-1ccb-72e6-57590f8de4d1,2026-07-12T06:59:21.898,payment-hub,OK,MT103,FAST,881.79,GBP,**************2898,SG,84
6fdf738e-a27f-1ccb-72e6-57590f8de4d1,2026-07-12T06:59:22.033,core-banking,OK,MT103,FAST,881.79,GBP,**************2898,SG,212
6fdf738e-a27f-1ccb-72e6-57590f8de4d1,2026-07-12T06:59:22.064,settlement,SETTLED,MT103,FAST,881.79,GBP,**************2898,SG,212
f1d93215-6310-612d-9cb2-fb435af63c5d,2026-07-03T12:51:01.602,gateway,OK,MT103,SWIFT,290.25,GBP,**************4680,SG,59
f1d93215-6310-612d-9cb2-fb435af63c5d,2026-07-03T12:51:01.654,auth,OK,MT103,SWIFT,290.25,GBP,**************4680,SG,81
f1d93215-6310-612d-9cb2-fb435af63c5d,2026-07-03T12:51:01.799,validation,OK,MT103,SWIFT,290.25,GBP,**************4680,SG,110
f1d93215-6310-612d-9cb2-fb435af63c5d,2026-07-03T12:51:02.055,aml,OK,MT103,SWIFT,290.25,GBP,**************4680,SG,42
f1d93215-6310-612d-9cb2-fb435af63c5d,2026-07-03T12:51:02.314,payment-hub,OK,MT103,SWIFT,290.25,GBP,**************4680,SG,111
f1d93215-6310-612d-9cb2-fb435af63c5d,2026-07-03T12:51:02.372,core-banking,OK,MT103,SWIFT,290.25,GBP,**************4680,SG,66
f1d93215-6310-612d-9cb2-fb435af63c5d,2026-07-03T12:51:02.418,settlement,SETTLED,MT103,SWIFT,290.25,GBP,**************4680,SG,200
ce839c4e-f1ab-22d4-27af-0aebc642b577,2026-07-14T22:51:21.646,gateway,OK,pacs.008,FAST,3119.87,EUR,**************8658,SG,17
ce839c4e-f1ab-22d4-27af-0aebc642b577,2026-07-14T22:51:21.736,auth,OK,pacs.008,FAST,3119.87,EUR,**************8658,SG,44
ce839c4e-f1ab-22d4-27af-0aebc642b577,2026-07-14T22:51:21.853,validation,OK,pacs.008,FAST,3119.87,EUR,**************8658,SG,53
ce839c4e-f1ab-22d4-27af-0aebc642b577,2026-07-14T22:51:21.888,aml,TIMEOUT,pacs.008,FAST,3119.87,EUR,**************8658,SG,30000
ce839c4e-f1ab-22d4-27af-0aebc642b577,2026-07-14T22:51:22.023,payment-hub,FAILED,pacs.008,FAST,3119.87,EUR,**************8658,SG,92
ebc0ed88-e79d-df9c-13dc-9cb77bf04e86,2026-07-04T18:06:00.716,gateway,OK,MT103,SWIFT,1766.04,EUR,**************6326,US,35
ebc0ed88-e79d-df9c-13dc-9cb77bf04e86,2026-07-04T18:06:00.840,auth,OK,MT103,SWIFT,1766.04,EUR,**************6326,US,47
ebc0ed88-e79d-df9c-13dc-9cb77bf04e86,2026-07-04T18:06:01.045,validation,OK,MT103,SWIFT,1766.04,EUR,**************6326,US,80
ebc0ed88-e79d-df9c-13dc-9cb77bf04e86,2026-07-04T18:06:01.101,aml,TIMEOUT,MT103,SWIFT,1766.04,EUR,**************6326,US,30000
ebc0ed88-e79d-df9c-13dc-9cb77bf04e86,2026-07-04T18:06:01.246,payment-hub,FAILED,MT103,SWIFT,1766.04,EUR,**************6326,US,100
cb6b2ca4-ce9c-386a-ef6c-9ab309eeac10,2026-07-08T09:55:26.322,gateway,OK,pacs.008,FAST,423.57,SGD,**************5784,SG,18
cb6b2ca4-ce9c-386a-ef6c-9ab309eeac10,2026-07-08T09:55:26.419,auth,OK,pacs.008,FAST,423.57,SGD,**************5784,SG,81
cb6b2ca4-ce9c-386a-ef6c-9ab309eeac10,2026-07-08T09:55:26.544,validation,OK,pacs.008,FAST,423.57,SGD,**************5784,SG,87
cb6b2ca4-ce9c-386a-ef6c-9ab309eeac10,2026-07-08T09:55:26.698,aml,OK,pacs.008,FAST,423.57,SGD,**************5784,SG,64
cb6b2ca4-ce9c-386a-ef6c-9ab309eeac10,2026-07-08T09:55:26.737,payment-hub,OK,pacs.008,FAST,423.57,SGD,**************5784,SG,75
cb6b2ca4-ce9c-386a-ef6c-9ab309eeac10,2026-07-08T09:55:26.994,core-banking,OK,pacs.008,FAST,423.57,SGD,**************5784,SG,135
cb6b2ca4-ce9c-386a-ef6c-9ab309eeac10,2026-07-08T09:55:27.087,settlement,SETTLED,pacs.008,FAST,423.57,SGD,**************5784,SG,133
93408fda-5d8b-0e14-0346-861bc51630c7,2026-07-09T14:54:27.721,gateway,OK,pacs.008,FAST,4499.29,SGD,**************5396,SG,41
93408fda-5d8b-0e14-0346-861bc51630c7,2026-07-09T14:54:27.819,auth,OK,pacs.008,FAST,4499.29,SGD,**************5396,SG,53
93408fda-5d8b-0e14-0346-861bc51630c7,2026-07-09T14:54:27.900,validation,OK,pacs.008,FAST,4499.29,SGD,**************5396,SG,85
93408fda-5d8b-0e14-0346-861bc51630c7,2026-07-09T14:54:27.989,aml,OK,pacs.008,FAST,4499.29,SGD,**************5396,SG,171
93408fda-5d8b-0e14-0346-861bc51630c7,2026-07-09T14:54:28.065,payment-hub,OK,pacs.008,FAST,4499.29,SGD,**************5396,SG,107
93408fda-5d8b-0e14-0346-861bc51630c7,2026-07-09T14:54:28.127,core-banking,OK,pacs.008,FAST,4499.29,SGD,**************5396,SG,230
93408fda-5d8b-0e14-0346-861bc51630c7,2026-07-09T14:54:28.206,settlement,SETTLED,pacs.008,FAST,4499.29,SGD,**************5396,SG,308
58437fc7-0435-a3cb-24d0-1e13d27ab117,2026-07-10T08:15:50.183,gateway,OK,MT103,SWIFT,1164.72,USD,**************2445,HK,43
58437fc7-0435-a3cb-24d0-1e13d27ab117,2026-07-10T08:15:50.311,auth,OK,MT103,SWIFT,1164.72,USD,**************2445,HK,87
58437fc7-0435-a3cb-24d0-1e13d27ab117,2026-07-10T08:15:50.355,validation,OK,MT103,SWIFT,1164.72,USD,**************2445,HK,45
58437fc7-0435-a3cb-24d0-1e13d27ab117,2026-07-10T08:15:50.398,aml,OK,MT103,SWIFT,1164.72,USD,**************2445,HK,121
58437fc7-0435-a3cb-24d0-1e13d27ab117,2026-07-10T08:15:50.490,payment-hub,OK,MT103,SWIFT,1164.72,USD,**************2445,HK,76
58437fc7-0435-a3cb-24d0-1e13d27ab117,2026-07-10T08:15:50.583,core-banking,OK,MT103,SWIFT,1164.72,USD,**************2445,HK,58
58437fc7-0435-a3cb-24d0-1e13d27ab117,2026-07-10T08:15:50.636,settlement,SETTLED,MT103,SWIFT,1164.72,USD,**************2445,HK,188
d4c373cf-e86c-edad-55c4-abff3ce192f4,2026-07-03T14:29:37.006,gateway,OK,pacs.008,FAST,3448.64,USD,**************1149,US,26
d4c373cf-e86c-edad-55c4-abff3ce192f4,2026-07-03T14:29:37.063,auth,OK,pacs.008,FAST,3448.64,USD,**************1149,US,28
d4c373cf-e86c-edad-55c4-abff3ce192f4,2026-07-03T14:29:37.175,validation,OK,pacs.008,FAST,3448.64,USD,**************1149,US,57
d4c373cf-e86c-edad-55c4-abff3ce192f4,2026-07-03T14:29:37.280,aml,OK,pacs.008,FAST,3448.64,USD,**************1149,US,137
d4c373cf-e86c-edad-55c4-abff3ce192f4,2026-07-03T14:29:37.346,payment-hub,OK,pacs.008,FAST,3448.64,USD,**************1149,US,72
d4c373cf-e86c-edad-55c4-abff3ce192f4,2026-07-03T14:29:37.461,core-banking,OK,pacs.008,FAST,3448.64,USD,**************1149,US,51
d4c373cf-e86c-edad-55c4-abff3ce192f4,2026-07-03T14:29:37.510,settlement,SETTLED,pacs.008,FAST,3448.64,USD,**************1149,US,174
433ce4e8-140f-b6fd-2894-a11bd881344c,2026-07-08T00:41:01.086,gateway,OK,pacs.008,FAST,4889.57,EUR,**************7698,SG,29
433ce4e8-140f-b6fd-2894-a11bd881344c,2026-07-08T00:41:01.331,auth,OK,pacs.008,FAST,4889.57,EUR,**************7698,SG,76
433ce4e8-140f-b6fd-2894-a11bd881344c,2026-07-08T00:41:01.444,validation,OK,pacs.008,FAST,4889.57,EUR,**************7698,SG,89
433ce4e8-140f-b6fd-2894-a11bd881344c,2026-07-08T00:41:01.546,aml,OK,pacs.008,FAST,4889.57,EUR,**************7698,SG,73
433ce4e8-140f-b6fd-2894-a11bd881344c,2026-07-08T00:41:01.789,payment-hub,OK,pacs.008,FAST,4889.57,EUR,**************7698,SG,143
433ce4e8-140f-b6fd-2894-a11bd881344c,2026-07-08T00:41:01.862,core-banking,OK,pacs.008,FAST,4889.57,EUR,**************7698,SG,195
433ce4e8-140f-b6fd-2894-a11bd881344c,2026-07-08T00:41:01.921,settlement,SETTLED,pacs.008,FAST,4889.57,EUR,**************7698,SG,267
09052033-1db8-7081-f62a-e260c94abbda,2026-07-06T21:19:11.787,gateway,OK,pacs.008,FAST,5458.23,MYR,**************9040,IN,45
09052033-1db8-7081-f62a-e260c94abbda,2026-07-06T21:19:11.836,auth,OK,pacs.008,FAST,5458.23,MYR,**************9040,IN,82
09052033-1db8-7081-f62a-e260c94abbda,2026-07-06T21:19:11.888,validation,OK,pacs.008,FAST,5458.23,MYR,**************9040,IN,113
09052033-1db8-7081-f62a-e260c94abbda,2026-07-06T21:19:11.971,aml,OK,pacs.008,FAST,5458.23,MYR,**************9040,IN,163
09052033-1db8-7081-f62a-e260c94abbda,2026-07-06T21:19:12.100,payment-hub,OK,pacs.008,FAST,5458.23,MYR,**************9040,IN,137
09052033-1db8-7081-f62a-e260c94abbda,2026-07-06T21:19:12.181,core-banking,OK,pacs.008,FAST,5458.23,MYR,**************9040,IN,71
09052033-1db8-7081-f62a-e260c94abbda,2026-07-06T21:19:12.393,settlement,SETTLED,pacs.008,FAST,5458.23,MYR,**************9040,IN,363
3343b671-6cc1-eca0-352e-b867e2041b49,2026-07-02T01:08:48.396,gateway,OK,pacs.008,SWIFT,2937.71,SGD,**************5805,IN,22
3343b671-6cc1-eca0-352e-b867e2041b49,2026-07-02T01:08:48.544,auth,OK,pacs.008,SWIFT,2937.71,SGD,**************5805,IN,69
3343b671-6cc1-eca0-352e-b867e2041b49,2026-07-02T01:08:48.589,validation,OK,pacs.008,SWIFT,2937.71,SGD,**************5805,IN,42
3343b671-6cc1-eca0-352e-b867e2041b49,2026-07-02T01:08:48.690,aml,OK,pacs.008,SWIFT,2937.71,SGD,**************5805,IN,287
3343b671-6cc1-eca0-352e-b867e2041b49,2026-07-02T01:08:48.823,payment-hub,OK,pacs.008,SWIFT,2937.71,SGD,**************5805,IN,62
3343b671-6cc1-eca0-352e-b867e2041b49,2026-07-02T01:08:48.977,core-banking,OK,pacs.008,SWIFT,2937.71,SGD,**************5805,IN,217
3343b671-6cc1-eca0-352e-b867e2041b49,2026-07-02T01:08:49.086,settlement,SETTLED,pacs.008,SWIFT,2937.71,SGD,**************5805,IN,156
46fe1ff2-7dc0-60d0-2797-dc915ac318e3,2026-07-13T09:54:19.759,gateway,OK,0200,FAST,447.56,SGD,**************0974,SG,58
46fe1ff2-7dc0-60d0-2797-dc915ac318e3,2026-07-13T09:54:19.887,auth,OK,0200,FAST,447.56,SGD,**************0974,SG,37
46fe1ff2-7dc0-60d0-2797-dc915ac318e3,2026-07-13T09:54:19.956,validation,OK,0200,FAST,447.56,SGD,**************0974,SG,27
46fe1ff2-7dc0-60d0-2797-dc915ac318e3,2026-07-13T09:54:49.964,aml,OK,0200,FAST,447.56,SGD,**************0974,SG,212
46fe1ff2-7dc0-60d0-2797-dc915ac318e3,2026-07-13T09:54:50.018,payment-hub,OK,0200,FAST,447.56,SGD,**************0974,SG,146
46fe1ff2-7dc0-60d0-2797-dc915ac318e3,2026-07-13T09:54:50.118,core-banking,OK,0200,FAST,447.56,SGD,**************0974,SG,114
46fe1ff2-7dc0-60d0-2797-dc915ac318e3,2026-07-13T09:54:50.195,settlement,SETTLED,0200,FAST,447.56,SGD,**************0974,SG,171
7b2c9ecd-623c-6394-2f1b-cedeaaa3ef3c,2026-07-14T11:02:21.363,gateway,OK,MT103,CARDS,1296.1,SGD,**************7992,IN,16
7b2c9ecd-623c-6394-2f1b-cedeaaa3ef3c,2026-07-14T11:02:21.536,auth,OK,MT103,CARDS,1296.1,SGD,**************7992,IN,33
7b2c9ecd-623c-6394-2f1b-cedeaaa3ef3c,2026-07-14T11:02:21.705,validation,OK,MT103,CARDS,1296.1,SGD,**************7992,IN,117
7b2c9ecd-623c-6394-2f1b-cedeaaa3ef3c,2026-07-14T11:02:21.802,aml,OK,MT103,CARDS,1296.1,SGD,**************7992,IN,157
7b2c9ecd-623c-6394-2f1b-cedeaaa3ef3c,2026-07-14T11:02:21.849,payment-hub,OK,MT103,CARDS,1296.1,SGD,**************7992,IN,46
7b2c9ecd-623c-6394-2f1b-cedeaaa3ef3c,2026-07-14T11:02:21.923,core-banking,OK,MT103,CARDS,1296.1,SGD,**************7992,IN,110
7b2c9ecd-623c-6394-2f1b-cedeaaa3ef3c,2026-07-14T11:02:22.010,settlement,SETTLED,MT103,CARDS,1296.1,SGD,**************7992,IN,147
52e1b085-d2f8-71da-3d44-0efa68a3dd14,2026-07-07T10:37:50.744,gateway,OK,pacs.008,SWIFT,5691.13,EUR,**************1829,GB,22
52e1b085-d2f8-71da-3d44-0efa68a3dd14,2026-07-07T10:37:50.790,auth,OK,pacs.008,SWIFT,5691.13,EUR,**************1829,GB,55
52e1b085-d2f8-71da-3d44-0efa68a3dd14,2026-07-07T10:37:50.915,validation,OK,pacs.008,SWIFT,5691.13,EUR,**************1829,GB,112
52e1b085-d2f8-71da-3d44-0efa68a3dd14,2026-07-07T10:37:51.014,aml,OK,pacs.008,SWIFT,5691.13,EUR,**************1829,GB,150
52e1b085-d2f8-71da-3d44-0efa68a3dd14,2026-07-07T10:37:51.096,payment-hub,OK,pacs.008,SWIFT,5691.13,EUR,**************1829,GB,111
52e1b085-d2f8-71da-3d44-0efa68a3dd14,2026-07-07T10:37:51.193,core-banking,OK,pacs.008,SWIFT,5691.13,EUR,**************1829,GB,157
52e1b085-d2f8-71da-3d44-0efa68a3dd14,2026-07-07T10:37:51.310,settlement,SETTLED,pacs.008,SWIFT,5691.13,EUR,**************1829,GB,335
9001a4ab-b9d6-a825-cc4c-6b1131bd9ee1,2026-07-05T10:56:39.777,gateway,OK,pacs.008,FAST,817.99,USD,**************8966,GB,34
9001a4ab-b9d6-a825-cc4c-6b1131bd9ee1,2026-07-05T10:56:39.877,auth,OK,pacs.008,FAST,817.99,USD,**************8966,GB,85
9001a4ab-b9d6-a825-cc4c-6b1131bd9ee1,2026-07-05T10:56:39.966,validation,REJECTED,pacs.008,FAST,817.99,USD,**************8966,GB,61
8877f412-2c96-687c-b7c8-e46266e3cbe8,2026-07-12T12:38:12.845,gateway,OK,pacs.008,FAST,2939.46,SGD,**************3703,SG,26
8877f412-2c96-687c-b7c8-e46266e3cbe8,2026-07-12T12:38:12.976,auth,OK,pacs.008,FAST,2939.46,SGD,**************3703,SG,63
8877f412-2c96-687c-b7c8-e46266e3cbe8,2026-07-12T12:38:13.120,validation,OK,pacs.008,FAST,2939.46,SGD,**************3703,SG,106
8877f412-2c96-687c-b7c8-e46266e3cbe8,2026-07-12T12:38:13.232,aml,OK,pacs.008,FAST,2939.46,SGD,**************3703,SG,149
8877f412-2c96-687c-b7c8-e46266e3cbe8,2026-07-12T12:38:13.537,payment-hub,OK,pacs.008,FAST,2939.46,SGD,**************3703,SG,145
8877f412-2c96-687c-b7c8-e46266e3cbe8,2026-07-12T12:38:13.616,core-banking,OK,pacs.008,FAST,2939.46,SGD,**************3703,SG,245
8877f412-2c96-687c-b7c8-e46266e3cbe8,2026-07-12T12:38:13.748,settlement,SETTLED,pacs.008,FAST,2939.46,SGD,**************3703,SG,270
0919d5d9-150a-95d4-1af1-cf4366618fdd,2026-07-07T17:35:50.920,gateway,OK,pacs.008,FAST,1548.53,SGD,**************6414,US,54
0919d5d9-150a-95d4-1af1-cf4366618fdd,2026-07-07T17:35:51.009,auth,OK,pacs.008,FAST,1548.53,SGD,**************6414,US,32
0919d5d9-150a-95d4-1af1-cf4366618fdd,2026-07-07T17:35:51.080,validation,OK,pacs.008,FAST,1548.53,SGD,**************6414,US,69
0919d5d9-150a-95d4-1af1-cf4366618fdd,2026-07-07T17:35:51.317,aml,OK,pacs.008,FAST,1548.53,SGD,**************6414,US,87
0919d5d9-150a-95d4-1af1-cf4366618fdd,2026-07-07T17:35:51.411,payment-hub,OK,pacs.008,FAST,1548.53,SGD,**************6414,US,136
0919d5d9-150a-95d4-1af1-cf4366618fdd,2026-07-07T17:35:51.478,core-banking,OK,pacs.008,FAST,1548.53,SGD,**************6414,US,52
0919d5d9-150a-95d4-1af1-cf4366618fdd,2026-07-07T17:35:51.517,settlement,SETTLED,pacs.008,FAST,1548.53,SGD,**************6414,US,134
efd6dd0e-da17-10c9-2a6d-56137fa1ff42,2026-07-12T22:18:44.841,gateway,OK,pacs.008,FAST,972.99,USD,**************9418,SG,35
efd6dd0e-da17-10c9-2a6d-56137fa1ff42,2026-07-12T22:18:44.913,auth,OK,pacs.008,FAST,972.99,USD,**************9418,SG,42
efd6dd0e-da17-10c9-2a6d-56137fa1ff42,2026-07-12T22:18:45.083,validation,OK,pacs.008,FAST,972.99,USD,**************9418,SG,65
efd6dd0e-da17-10c9-2a6d-56137fa1ff42,2026-07-12T22:18:45.201,aml,TIMEOUT,pacs.008,FAST,972.99,USD,**************9418,SG,30000
efd6dd0e-da17-10c9-2a6d-56137fa1ff42,2026-07-12T22:18:45.316,payment-hub,FAILED,pacs.008,FAST,972.99,USD,**************9418,SG,73
d2c4845e-320d-271a-ccc9-39b77ec7e59e,2026-07-15T06:24:37.690,gateway,OK,MT103,CARDS,3439.36,MYR,**************6810,IN,45
d2c4845e-320d-271a-ccc9-39b77ec7e59e,2026-07-15T06:24:37.771,auth,OK,MT103,CARDS,3439.36,MYR,**************6810,IN,29
d2c4845e-320d-271a-ccc9-39b77ec7e59e,2026-07-15T06:24:37.880,validation,OK,MT103,CARDS,3439.36,MYR,**************6810,IN,83
d2c4845e-320d-271a-ccc9-39b77ec7e59e,2026-07-15T06:24:37.950,aml,OK,MT103,CARDS,3439.36,MYR,**************6810,IN,182
d2c4845e-320d-271a-ccc9-39b77ec7e59e,2026-07-15T06:24:38.032,payment-hub,OK,MT103,CARDS,3439.36,MYR,**************6810,IN,32
d2c4845e-320d-271a-ccc9-39b77ec7e59e,2026-07-15T06:24:38.101,core-banking,OK,MT103,CARDS,3439.36,MYR,**************6810,IN,93
d2c4845e-320d-271a-ccc9-39b77ec7e59e,2026-07-15T06:24:38.280,settlement,SETTLED,MT103,CARDS,3439.36,MYR,**************6810,IN,66
9ab68880-fa9d-67cd-4866-fff3da3e1360,2026-07-06T13:52:21.379,gateway,OK,pacs.008,FAST,2973.96,USD,**************4433,MY,47
9ab68880-fa9d-67cd-4866-fff3da3e1360,2026-07-06T13:52:21.533,auth,OK,pacs.008,FAST,2973.96,USD,**************4433,MY,70
9ab68880-fa9d-67cd-4866-fff3da3e1360,2026-07-06T13:52:21.638,validation,OK,pacs.008,FAST,2973.96,USD,**************4433,MY,89
9ab68880-fa9d-67cd-4866-fff3da3e1360,2026-07-06T13:52:21.697,aml,OK,pacs.008,FAST,2973.96,USD,**************4433,MY,103
9ab68880-fa9d-67cd-4866-fff3da3e1360,2026-07-06T13:52:21.874,payment-hub,OK,pacs.008,FAST,2973.96,USD,**************4433,MY,63
9ab68880-fa9d-67cd-4866-fff3da3e1360,2026-07-06T13:52:21.986,core-banking,OK,pacs.008,FAST,2973.96,USD,**************4433,MY,58
9ab68880-fa9d-67cd-4866-fff3da3e1360,2026-07-06T13:52:22.079,settlement,SETTLED,pacs.008,FAST,2973.96,USD,**************4433,MY,268
e066c3b2-6bed-bcd8-5867-897cd6e66d8c,2026-07-15T07:40:20.504,gateway,OK,pacs.008,SWIFT,103.44,USD,**************2392,MY,47
e066c3b2-6bed-bcd8-5867-897cd6e66d8c,2026-07-15T07:40:20.792,auth,OK,pacs.008,SWIFT,103.44,USD,**************2392,MY,25
e066c3b2-6bed-bcd8-5867-897cd6e66d8c,2026-07-15T07:40:20.882,validation,OK,pacs.008,SWIFT,103.44,USD,**************2392,MY,114
e066c3b2-6bed-bcd8-5867-897cd6e66d8c,2026-07-15T07:40:20.942,aml,OK,pacs.008,SWIFT,103.44,USD,**************2392,MY,94
e066c3b2-6bed-bcd8-5867-897cd6e66d8c,2026-07-15T07:40:21.070,payment-hub,OK,pacs.008,SWIFT,103.44,USD,**************2392,MY,122
e066c3b2-6bed-bcd8-5867-897cd6e66d8c,2026-07-15T07:40:21.186,core-banking,OK,pacs.008,SWIFT,103.44,USD,**************2392,MY,160
e066c3b2-6bed-bcd8-5867-897cd6e66d8c,2026-07-15T07:40:21.497,settlement,SETTLED,pacs.008,SWIFT,103.44,USD,**************2392,MY,191
6c13dbba-4390-d2e1-5e3a-115300039c16,2026-07-13T04:24:31.336,gateway,OK,pacs.008,FAST,659.2,EUR,**************7489,SG,40
6c13dbba-4390-d2e1-5e3a-115300039c16,2026-07-13T04:24:31.482,auth,OK,pacs.008,FAST,659.2,EUR,**************7489,SG,29
6c13dbba-4390-d2e1-5e3a-115300039c16,2026-07-13T04:24:31.643,validation,OK,pacs.008,FAST,659.2,EUR,**************7489,SG,25
6c13dbba-4390-d2e1-5e3a-115300039c16,2026-07-13T04:24:31.705,aml,OK,pacs.008,FAST,659.2,EUR,**************7489,SG,101
6c13dbba-4390-d2e1-5e3a-115300039c16,2026-07-13T04:24:31.784,payment-hub,OK,pacs.008,FAST,659.2,EUR,**************7489,SG,102
6c13dbba-4390-d2e1-5e3a-115300039c16,2026-07-13T04:24:31.874,core-banking,OK,pacs.008,FAST,659.2,EUR,**************7489,SG,78
6c13dbba-4390-d2e1-5e3a-115300039c16,2026-07-13T04:24:31.983,settlement,SETTLED,pacs.008,FAST,659.2,EUR,**************7489,SG,168
fb4644b6-6c9b-a213-a569-a22fa6494ef3,2026-07-05T02:22:22.212,gateway,OK,MT103,FAST,2800.13,SGD,**************5893,MY,37
fb4644b6-6c9b-a213-a569-a22fa6494ef3,2026-07-05T02:22:22.297,auth,OK,MT103,FAST,2800.13,SGD,**************5893,MY,72
fb4644b6-6c9b-a213-a569-a22fa6494ef3,2026-07-05T02:22:22.582,validation,OK,MT103,FAST,2800.13,SGD,**************5893,MY,62
fb4644b6-6c9b-a213-a569-a22fa6494ef3,2026-07-05T02:22:22.638,aml,OK,MT103,FAST,2800.13,SGD,**************5893,MY,145
fb4644b6-6c9b-a213-a569-a22fa6494ef3,2026-07-05T02:22:22.696,payment-hub,OK,MT103,FAST,2800.13,SGD,**************5893,MY,139
fb4644b6-6c9b-a213-a569-a22fa6494ef3,2026-07-05T02:22:22.792,core-banking,OK,MT103,FAST,2800.13,SGD,**************5893,MY,74
fb4644b6-6c9b-a213-a569-a22fa6494ef3,2026-07-05T02:22:22.846,settlement,SETTLED,MT103,FAST,2800.13,SGD,**************5893,MY,282
57e6ca1e-ed83-53d8-ed54-f0c48b5211f3,2026-07-07T21:42:22.258,gateway,OK,pacs.008,FAST,633.4,MYR,**************8928,SG,31
57e6ca1e-ed83-53d8-ed54-f0c48b5211f3,2026-07-07T21:42:22.395,auth,OK,pacs.008,FAST,633.4,MYR,**************8928,SG,25
57e6ca1e-ed83-53d8-ed54-f0c48b5211f3,2026-07-07T21:42:22.581,validation,OK,pacs.008,FAST,633.4,MYR,**************8928,SG,92
57e6ca1e-ed83-53d8-ed54-f0c48b5211f3,2026-07-07T21:42:22.663,aml,OK,pacs.008,FAST,633.4,MYR,**************8928,SG,237
57e6ca1e-ed83-53d8-ed54-f0c48b5211f3,2026-07-07T21:42:22.782,payment-hub,OK,pacs.008,FAST,633.4,MYR,**************8928,SG,109
57e6ca1e-ed83-53d8-ed54-f0c48b5211f3,2026-07-07T21:42:22.813,core-banking,OK,pacs.008,FAST,633.4,MYR,**************8928,SG,110
57e6ca1e-ed83-53d8-ed54-f0c48b5211f3,2026-07-07T21:42:22.901,settlement,SETTLED,pacs.008,FAST,633.4,MYR,**************8928,SG,171
183eb7d2-fca9-c889-1ca5-e7114f848b6f,2026-07-03T23:50:11.244,gateway,OK,pacs.008,FAST,1058.32,USD,**************1388,SG,35
183eb7d2-fca9-c889-1ca5-e7114f848b6f,2026-07-03T23:50:11.300,auth,OK,pacs.008,FAST,1058.32,USD,**************1388,SG,74
183eb7d2-fca9-c889-1ca5-e7114f848b6f,2026-07-03T23:50:11.339,validation,OK,pacs.008,FAST,1058.32,USD,**************1388,SG,28
183eb7d2-fca9-c889-1ca5-e7114f848b6f,2026-07-03T23:50:11.428,aml,OK,pacs.008,FAST,1058.32,USD,**************1388,SG,109
183eb7d2-fca9-c889-1ca5-e7114f848b6f,2026-07-03T23:50:11.516,payment-hub,OK,pacs.008,FAST,1058.32,USD,**************1388,SG,58
183eb7d2-fca9-c889-1ca5-e7114f848b6f,2026-07-03T23:50:11.817,core-banking,OK,pacs.008,FAST,1058.32,USD,**************1388,SG,107
183eb7d2-fca9-c889-1ca5-e7114f848b6f,2026-07-03T23:50:11.916,settlement,SETTLED,pacs.008,FAST,1058.32,USD,**************1388,SG,80
6f80e8b0-63b5-39be-d98a-46a4b134cded,2026-07-14T03:29:56.185,gateway,OK,pacs.008,FAST,615.03,SGD,**************2689,MY,57
6f80e8b0-63b5-39be-d98a-46a4b134cded,2026-07-14T03:29:56.316,auth,OK,pacs.008,FAST,615.03,SGD,**************2689,MY,63
6f80e8b0-63b5-39be-d98a-46a4b134cded,2026-07-14T03:29:56.379,validation,OK,pacs.008,FAST,615.03,SGD,**************2689,MY,36
6f80e8b0-63b5-39be-d98a-46a4b134cded,2026-07-14T03:29:56.564,aml,OK,pacs.008,FAST,615.03,SGD,**************2689,MY,185
6f80e8b0-63b5-39be-d98a-46a4b134cded,2026-07-14T03:29:56.682,payment-hub,OK,pacs.008,FAST,615.03,SGD,**************2689,MY,61
6f80e8b0-63b5-39be-d98a-46a4b134cded,2026-07-14T03:29:56.773,core-banking,OK,pacs.008,FAST,615.03,SGD,**************2689,MY,168
6f80e8b0-63b5-39be-d98a-46a4b134cded,2026-07-14T03:29:56.910,settlement,SETTLED,pacs.008,FAST,615.03,SGD,**************2689,MY,253
1d873536-d874-87fd-b966-e1d28bdd91e6,2026-07-12T13:32:21.620,gateway,OK,0200,FAST,1258.73,USD,**************6341,IN,39
1d873536-d874-87fd-b966-e1d28bdd91e6,2026-07-12T13:32:21.828,auth,OK,0200,FAST,1258.73,USD,**************6341,IN,81
1d873536-d874-87fd-b966-e1d28bdd91e6,2026-07-12T13:32:21.865,validation,OK,0200,FAST,1258.73,USD,**************6341,IN,70
1d873536-d874-87fd-b966-e1d28bdd91e6,2026-07-12T13:32:22.001,aml,OK,0200,FAST,1258.73,USD,**************6341,IN,188
1d873536-d874-87fd-b966-e1d28bdd91e6,2026-07-12T13:32:22.082,payment-hub,OK,0200,FAST,1258.73,USD,**************6341,IN,124
1d873536-d874-87fd-b966-e1d28bdd91e6,2026-07-12T13:32:22.211,core-banking,OK,0200,FAST,1258.73,USD,**************6341,IN,103
1d873536-d874-87fd-b966-e1d28bdd91e6,2026-07-12T13:32:22.380,settlement,SETTLED,0200,FAST,1258.73,USD,**************6341,IN,237
44b2b871-d5d9-52e5-82d1-23344e8df187,2026-07-13T12:23:11.040,gateway,OK,pacs.008,FAST,277.5,INR,**************0311,IN,29
44b2b871-d5d9-52e5-82d1-23344e8df187,2026-07-13T12:23:11.156,auth,OK,pacs.008,FAST,277.5,INR,**************0311,IN,82
44b2b871-d5d9-52e5-82d1-23344e8df187,2026-07-13T12:23:11.298,validation,OK,pacs.008,FAST,277.5,INR,**************0311,IN,87
44b2b871-d5d9-52e5-82d1-23344e8df187,2026-07-13T12:23:41.303,aml,OK,pacs.008,FAST,277.5,INR,**************0311,IN,258
44b2b871-d5d9-52e5-82d1-23344e8df187,2026-07-13T12:23:41.466,payment-hub,OK,pacs.008,FAST,277.5,INR,**************0311,IN,63
44b2b871-d5d9-52e5-82d1-23344e8df187,2026-07-13T12:23:41.576,core-banking,OK,pacs.008,FAST,277.5,INR,**************0311,IN,110
44b2b871-d5d9-52e5-82d1-23344e8df187,2026-07-13T12:23:41.706,settlement,SETTLED,pacs.008,FAST,277.5,INR,**************0311,IN,95
221d837f-61fa-e2ab-045d-78e26da789d3,2026-07-04T10:26:39.356,gateway,OK,pacs.008,CARDS,272.29,USD,**************9392,MY,30
221d837f-61fa-e2ab-045d-78e26da789d3,2026-07-04T10:26:39.425,auth,OK,pacs.008,CARDS,272.29,USD,**************9392,MY,32
221d837f-61fa-e2ab-045d-78e26da789d3,2026-07-04T10:26:39.492,validation,OK,pacs.008,CARDS,272.29,USD,**************9392,MY,77
221d837f-61fa-e2ab-045d-78e26da789d3,2026-07-04T10:26:39.536,aml,OK,pacs.008,CARDS,272.29,USD,**************9392,MY,285
221d837f-61fa-e2ab-045d-78e26da789d3,2026-07-04T10:26:39.673,payment-hub,OK,pacs.008,CARDS,272.29,USD,**************9392,MY,141
221d837f-61fa-e2ab-045d-78e26da789d3,2026-07-04T10:26:39.706,core-banking,OK,pacs.008,CARDS,272.29,USD,**************9392,MY,206
221d837f-61fa-e2ab-045d-78e26da789d3,2026-07-04T10:26:39.795,settlement,SETTLED,pacs.008,CARDS,272.29,USD,**************9392,MY,165
119402b3-67ad-6d3d-743a-66199d9f2721,2026-07-11T00:55:30.726,gateway,OK,pacs.008,FAST,119.58,EUR,**************2110,SG,24
119402b3-67ad-6d3d-743a-66199d9f2721,2026-07-11T00:55:30.846,auth,OK,pacs.008,FAST,119.58,EUR,**************2110,SG,65
119402b3-67ad-6d3d-743a-66199d9f2721,2026-07-11T00:55:30.888,validation,OK,pacs.008,FAST,119.58,EUR,**************2110,SG,74
119402b3-67ad-6d3d-743a-66199d9f2721,2026-07-11T00:55:31.140,aml,OK,pacs.008,FAST,119.58,EUR,**************2110,SG,94
119402b3-67ad-6d3d-743a-66199d9f2721,2026-07-11T00:55:31.389,payment-hub,OK,pacs.008,FAST,119.58,EUR,**************2110,SG,77
119402b3-67ad-6d3d-743a-66199d9f2721,2026-07-11T00:55:31.583,core-banking,OK,pacs.008,FAST,119.58,EUR,**************2110,SG,192
119402b3-67ad-6d3d-743a-66199d9f2721,2026-07-11T00:55:31.666,settlement,SETTLED,pacs.008,FAST,119.58,EUR,**************2110,SG,376
bf0f544b-4eed-6a74-48ed-226e54c3fa4c,2026-07-02T19:24:31.225,gateway,OK,pacs.008,FAST,588.7,SGD,**************2436,SG,30
bf0f544b-4eed-6a74-48ed-226e54c3fa4c,2026-07-02T19:24:31.277,auth,OK,pacs.008,FAST,588.7,SGD,**************2436,SG,38
bf0f544b-4eed-6a74-48ed-226e54c3fa4c,2026-07-02T19:24:31.380,validation,OK,pacs.008,FAST,588.7,SGD,**************2436,SG,65
bf0f544b-4eed-6a74-48ed-226e54c3fa4c,2026-07-02T19:24:31.505,aml,OK,pacs.008,FAST,588.7,SGD,**************2436,SG,63
bf0f544b-4eed-6a74-48ed-226e54c3fa4c,2026-07-02T19:24:31.578,payment-hub,OK,pacs.008,FAST,588.7,SGD,**************2436,SG,128
bf0f544b-4eed-6a74-48ed-226e54c3fa4c,2026-07-02T19:25:01.611,core-banking,OK,pacs.008,FAST,588.7,SGD,**************2436,SG,126
bf0f544b-4eed-6a74-48ed-226e54c3fa4c,2026-07-02T19:25:01.722,settlement,SETTLED,pacs.008,FAST,588.7,SGD,**************2436,SG,149
32b6abba-c52b-d207-9c0f-e2cc10d0638c,2026-07-05T02:41:57.662,gateway,OK,pacs.008,FAST,149.39,USD,**************2743,MY,32
32b6abba-c52b-d207-9c0f-e2cc10d0638c,2026-07-05T02:41:57.723,auth,OK,pacs.008,FAST,149.39,USD,**************2743,MY,73
32b6abba-c52b-d207-9c0f-e2cc10d0638c,2026-07-05T02:41:57.774,validation,OK,pacs.008,FAST,149.39,USD,**************2743,MY,89
32b6abba-c52b-d207-9c0f-e2cc10d0638c,2026-07-05T02:41:57.964,aml,TIMEOUT,pacs.008,FAST,149.39,USD,**************2743,MY,30000
32b6abba-c52b-d207-9c0f-e2cc10d0638c,2026-07-05T02:41:58.151,payment-hub,FAILED,pacs.008,FAST,149.39,USD,**************2743,MY,31
5e46383d-c61b-e66d-0333-d72dd2c957d3,2026-07-10T00:44:04.864,gateway,OK,MT103,SWIFT,280.46,SGD,**************7445,HK,51
5e46383d-c61b-e66d-0333-d72dd2c957d3,2026-07-10T00:44:04.957,auth,OK,MT103,SWIFT,280.46,SGD,**************7445,HK,79
5e46383d-c61b-e66d-0333-d72dd2c957d3,2026-07-10T00:44:04.988,validation,OK,MT103,SWIFT,280.46,SGD,**************7445,HK,78
5e46383d-c61b-e66d-0333-d72dd2c957d3,2026-07-10T00:44:05.157,aml,OK,MT103,SWIFT,280.46,SGD,**************7445,HK,53
5e46383d-c61b-e66d-0333-d72dd2c957d3,2026-07-10T00:44:05.212,payment-hub,OK,MT103,SWIFT,280.46,SGD,**************7445,HK,109
5e46383d-c61b-e66d-0333-d72dd2c957d3,2026-07-10T00:44:05.393,core-banking,OK,MT103,SWIFT,280.46,SGD,**************7445,HK,187
5e46383d-c61b-e66d-0333-d72dd2c957d3,2026-07-10T00:44:05.487,settlement,SETTLED,MT103,SWIFT,280.46,SGD,**************7445,HK,110
d0325ca6-6b2c-7551-161e-f04889a6b838,2026-07-09T23:04:02.852,gateway,OK,MT103,FAST,112.32,USD,**************3762,SG,50
d0325ca6-6b2c-7551-161e-f04889a6b838,2026-07-09T23:04:02.941,auth,OK,MT103,FAST,112.32,USD,**************3762,SG,80
d0325ca6-6b2c-7551-161e-f04889a6b838,2026-07-09T23:04:03.047,validation,OK,MT103,FAST,112.32,USD,**************3762,SG,93
d0325ca6-6b2c-7551-161e-f04889a6b838,2026-07-09T23:04:03.195,aml,OK,MT103,FAST,112.32,USD,**************3762,SG,58
d0325ca6-6b2c-7551-161e-f04889a6b838,2026-07-09T23:04:03.268,payment-hub,OK,MT103,FAST,112.32,USD,**************3762,SG,104
d0325ca6-6b2c-7551-161e-f04889a6b838,2026-07-09T23:04:03.362,core-banking,OK,MT103,FAST,112.32,USD,**************3762,SG,197
d0325ca6-6b2c-7551-161e-f04889a6b838,2026-07-09T23:04:03.535,settlement,SETTLED,MT103,FAST,112.32,USD,**************3762,SG,72
75b79056-0ec3-91e1-bfe4-3662b44e0a30,2026-07-03T23:52:20.414,gateway,OK,pacs.008,FAST,338.4,USD,**************3461,GB,40
75b79056-0ec3-91e1-bfe4-3662b44e0a30,2026-07-03T23:52:20.536,auth,OK,pacs.008,FAST,338.4,USD,**************3461,GB,21
75b79056-0ec3-91e1-bfe4-3662b44e0a30,2026-07-03T23:52:20.644,validation,OK,pacs.008,FAST,338.4,USD,**************3461,GB,52
75b79056-0ec3-91e1-bfe4-3662b44e0a30,2026-07-03T23:52:20.715,aml,OK,pacs.008,FAST,338.4,USD,**************3461,GB,108
75b79056-0ec3-91e1-bfe4-3662b44e0a30,2026-07-03T23:52:20.750,payment-hub,OK,pacs.008,FAST,338.4,USD,**************3461,GB,90
75b79056-0ec3-91e1-bfe4-3662b44e0a30,2026-07-03T23:52:20.840,core-banking,OK,pacs.008,FAST,338.4,USD,**************3461,GB,146
75b79056-0ec3-91e1-bfe4-3662b44e0a30,2026-07-03T23:52:20.928,settlement,SETTLED,pacs.008,FAST,338.4,USD,**************3461,GB,96
e8ed1afc-b35f-2f16-a7d5-471e8cd5cc23,2026-07-08T12:25:46.729,gateway,OK,pacs.008,SWIFT,3938.48,MYR,**************4188,SG,16
e8ed1afc-b35f-2f16-a7d5-471e8cd5cc23,2026-07-08T12:25:46.796,auth,OK,pacs.008,SWIFT,3938.48,MYR,**************4188,SG,33
e8ed1afc-b35f-2f16-a7d5-471e8cd5cc23,2026-07-08T12:25:46.853,validation,OK,pacs.008,SWIFT,3938.48,MYR,**************4188,SG,59
e8ed1afc-b35f-2f16-a7d5-471e8cd5cc23,2026-07-08T12:25:46.939,aml,OK,pacs.008,SWIFT,3938.48,MYR,**************4188,SG,123
e8ed1afc-b35f-2f16-a7d5-471e8cd5cc23,2026-07-08T12:25:47.028,payment-hub,OK,pacs.008,SWIFT,3938.48,MYR,**************4188,SG,74
e8ed1afc-b35f-2f16-a7d5-471e8cd5cc23,2026-07-08T12:25:47.150,core-banking,OK,pacs.008,SWIFT,3938.48,MYR,**************4188,SG,139
e8ed1afc-b35f-2f16-a7d5-471e8cd5cc23,2026-07-08T12:25:47.227,settlement,SETTLED,pacs.008,SWIFT,3938.48,MYR,**************4188,SG,195
3302c8af-3284-27c9-0f00-824f379eefd4,2026-07-06T17:25:42.709,gateway,OK,pacs.008,SWIFT,1513.94,SGD,**************2512,SG,20
3302c8af-3284-27c9-0f00-824f379eefd4,2026-07-06T17:25:42.811,auth,OK,pacs.008,SWIFT,1513.94,SGD,**************2512,SG,66
3302c8af-3284-27c9-0f00-824f379eefd4,2026-07-06T17:25:42.891,validation,OK,pacs.008,SWIFT,1513.94,SGD,**************2512,SG,87
3302c8af-3284-27c9-0f00-824f379eefd4,2026-07-06T17:25:42.936,aml,OK,pacs.008,SWIFT,1513.94,SGD,**************2512,SG,63
3302c8af-3284-27c9-0f00-824f379eefd4,2026-07-06T17:25:43.031,payment-hub,OK,pacs.008,SWIFT,1513.94,SGD,**************2512,SG,148
3302c8af-3284-27c9-0f00-824f379eefd4,2026-07-06T17:25:43.322,core-banking,OK,pacs.008,SWIFT,1513.94,SGD,**************2512,SG,142
3302c8af-3284-27c9-0f00-824f379eefd4,2026-07-06T17:25:43.376,settlement,SETTLED,pacs.008,SWIFT,1513.94,SGD,**************2512,SG,74
0191825d-5af2-e1f7-af78-131ebdacbd84,2026-07-14T21:29:52.496,gateway,OK,pacs.008,FAST,5728.12,SGD,**************2709,MY,33
0191825d-5af2-e1f7-af78-131ebdacbd84,2026-07-14T21:29:52.603,auth,OK,pacs.008,FAST,5728.12,SGD,**************2709,MY,64
0191825d-5af2-e1f7-af78-131ebdacbd84,2026-07-14T21:29:52.708,validation,OK,pacs.008,FAST,5728.12,SGD,**************2709,MY,111
0191825d-5af2-e1f7-af78-131ebdacbd84,2026-07-14T21:29:52.780,aml,TIMEOUT,pacs.008,FAST,5728.12,SGD,**************2709,MY,30000
0191825d-5af2-e1f7-af78-131ebdacbd84,2026-07-14T21:29:52.819,payment-hub,FAILED,pacs.008,FAST,5728.12,SGD,**************2709,MY,76
9ef7164a-74bc-9bc1-3317-6a1ca920f27d,2026-07-07T04:51:01.789,gateway,OK,pacs.008,CARDS,308.97,SGD,**************9418,US,24
9ef7164a-74bc-9bc1-3317-6a1ca920f27d,2026-07-07T04:51:01.861,auth,OK,pacs.008,CARDS,308.97,SGD,**************9418,US,54
9ef7164a-74bc-9bc1-3317-6a1ca920f27d,2026-07-07T04:51:02.011,validation,OK,pacs.008,CARDS,308.97,SGD,**************9418,US,105
9ef7164a-74bc-9bc1-3317-6a1ca920f27d,2026-07-07T04:51:02.136,aml,TIMEOUT,pacs.008,CARDS,308.97,SGD,**************9418,US,30000
9ef7164a-74bc-9bc1-3317-6a1ca920f27d,2026-07-07T04:51:02.265,payment-hub,FAILED,pacs.008,CARDS,308.97,SGD,**************9418,US,93
61f5608d-38d5-8106-37dd-0253e7726990,2026-07-10T06:57:29.976,gateway,OK,pacs.008,FAST,1000.44,GBP,**************8317,GB,29
61f5608d-38d5-8106-37dd-0253e7726990,2026-07-10T06:57:30.011,auth,OK,pacs.008,FAST,1000.44,GBP,**************8317,GB,76
61f5608d-38d5-8106-37dd-0253e7726990,2026-07-10T06:57:30.160,validation,OK,pacs.008,FAST,1000.44,GBP,**************8317,GB,83
61f5608d-38d5-8106-37dd-0253e7726990,2026-07-10T06:57:30.223,aml,OK,pacs.008,FAST,1000.44,GBP,**************8317,GB,99
61f5608d-38d5-8106-37dd-0253e7726990,2026-07-10T06:57:30.353,payment-hub,OK,pacs.008,FAST,1000.44,GBP,**************8317,GB,91
61f5608d-38d5-8106-37dd-0253e7726990,2026-07-10T06:57:30.534,core-banking,OK,pacs.008,FAST,1000.44,GBP,**************8317,GB,192
61f5608d-38d5-8106-37dd-0253e7726990,2026-07-10T06:57:30.580,settlement,SETTLED,pacs.008,FAST,1000.44,GBP,**************8317,GB,315
90050108-991d-c181-68e4-24b8b685cc32,2026-07-08T13:43:24.805,gateway,OK,MT103,SWIFT,2182.25,SGD,**************9455,SG,43
90050108-991d-c181-68e4-24b8b685cc32,2026-07-08T13:43:25.026,auth,OK,MT103,SWIFT,2182.25,SGD,**************9455,SG,73
90050108-991d-c181-68e4-24b8b685cc32,2026-07-08T13:43:25.089,validation,OK,MT103,SWIFT,2182.25,SGD,**************9455,SG,89
90050108-991d-c181-68e4-24b8b685cc32,2026-07-08T13:43:25.165,aml,OK,MT103,SWIFT,2182.25,SGD,**************9455,SG,160
90050108-991d-c181-68e4-24b8b685cc32,2026-07-08T13:43:25.239,payment-hub,OK,MT103,SWIFT,2182.25,SGD,**************9455,SG,60
90050108-991d-c181-68e4-24b8b685cc32,2026-07-08T13:43:25.412,core-banking,OK,MT103,SWIFT,2182.25,SGD,**************9455,SG,147
90050108-991d-c181-68e4-24b8b685cc32,2026-07-08T13:43:25.512,settlement,SETTLED,MT103,SWIFT,2182.25,SGD,**************9455,SG,154
1590ad1b-5df4-70f4-c27a-44f8a77ca89c,2026-07-05T21:53:15.782,gateway,OK,pacs.008,SWIFT,4401.05,MYR,**************4100,IN,36
1590ad1b-5df4-70f4-c27a-44f8a77ca89c,2026-07-05T21:53:15.843,auth,OK,pacs.008,SWIFT,4401.05,MYR,**************4100,IN,27
1590ad1b-5df4-70f4-c27a-44f8a77ca89c,2026-07-05T21:53:16.004,validation,OK,pacs.008,SWIFT,4401.05,MYR,**************4100,IN,73
1590ad1b-5df4-70f4-c27a-44f8a77ca89c,2026-07-05T21:53:16.192,aml,OK,pacs.008,SWIFT,4401.05,MYR,**************4100,IN,170
1590ad1b-5df4-70f4-c27a-44f8a77ca89c,2026-07-05T21:53:16.446,payment-hub,OK,pacs.008,SWIFT,4401.05,MYR,**************4100,IN,68
1590ad1b-5df4-70f4-c27a-44f8a77ca89c,2026-07-05T21:53:16.485,core-banking,OK,pacs.008,SWIFT,4401.05,MYR,**************4100,IN,77
1590ad1b-5df4-70f4-c27a-44f8a77ca89c,2026-07-05T21:53:16.580,settlement,SETTLED,pacs.008,SWIFT,4401.05,MYR,**************4100,IN,113
91a41166-eb76-ddf4-7afa-5c38bce04a7c,2026-07-13T23:01:43.381,gateway,OK,MT103,SWIFT,1479.57,SGD,**************8682,IN,16
91a41166-eb76-ddf4-7afa-5c38bce04a7c,2026-07-13T23:01:43.404,auth,OK,MT103,SWIFT,1479.57,SGD,**************8682,IN,83
91a41166-eb76-ddf4-7afa-5c38bce04a7c,2026-07-13T23:01:43.520,validation,OK,MT103,SWIFT,1479.57,SGD,**************8682,IN,68
91a41166-eb76-ddf4-7afa-5c38bce04a7c,2026-07-13T23:01:43.584,aml,OK,MT103,SWIFT,1479.57,SGD,**************8682,IN,137
91a41166-eb76-ddf4-7afa-5c38bce04a7c,2026-07-13T23:01:43.687,payment-hub,OK,MT103,SWIFT,1479.57,SGD,**************8682,IN,108
91a41166-eb76-ddf4-7afa-5c38bce04a7c,2026-07-13T23:01:43.772,core-banking,OK,MT103,SWIFT,1479.57,SGD,**************8682,IN,136
91a41166-eb76-ddf4-7afa-5c38bce04a7c,2026-07-13T23:01:43.859,settlement,SETTLED,MT103,SWIFT,1479.57,SGD,**************8682,IN,269
2f2d91dd-3106-4317-d812-0beb4d64f8a3,2026-07-07T13:28:04.864,gateway,OK,pacs.008,FAST,970.37,USD,**************7024,IN,21
2f2d91dd-3106-4317-d812-0beb4d64f8a3,2026-07-07T13:28:04.981,auth,OK,pacs.008,FAST,970.37,USD,**************7024,IN,36
2f2d91dd-3106-4317-d812-0beb4d64f8a3,2026-07-07T13:28:05.046,validation,OK,pacs.008,FAST,970.37,USD,**************7024,IN,87
2f2d91dd-3106-4317-d812-0beb4d64f8a3,2026-07-07T13:28:05.120,aml,OK,pacs.008,FAST,970.37,USD,**************7024,IN,156
2f2d91dd-3106-4317-d812-0beb4d64f8a3,2026-07-07T13:28:05.331,payment-hub,OK,pacs.008,FAST,970.37,USD,**************7024,IN,66
2f2d91dd-3106-4317-d812-0beb4d64f8a3,2026-07-07T13:28:05.385,core-banking,OK,pacs.008,FAST,970.37,USD,**************7024,IN,230
2f2d91dd-3106-4317-d812-0beb4d64f8a3,2026-07-07T13:28:05.486,settlement,SETTLED,pacs.008,FAST,970.37,USD,**************7024,IN,346
d4723a2b-4d36-e62d-9bfb-7b6594610a91,2026-07-15T05:46:01.978,gateway,OK,MT103,FAST,416.81,SGD,**************9358,MY,48
d4723a2b-4d36-e62d-9bfb-7b6594610a91,2026-07-15T05:46:02.094,auth,OK,MT103,FAST,416.81,SGD,**************9358,MY,37
d4723a2b-4d36-e62d-9bfb-7b6594610a91,2026-07-15T05:46:02.125,validation,OK,MT103,FAST,416.81,SGD,**************9358,MY,43
d4723a2b-4d36-e62d-9bfb-7b6594610a91,2026-07-15T05:46:02.285,aml,TIMEOUT,MT103,FAST,416.81,SGD,**************9358,MY,30000
d4723a2b-4d36-e62d-9bfb-7b6594610a91,2026-07-15T05:46:02.429,payment-hub,FAILED,MT103,FAST,416.81,SGD,**************9358,MY,144
08650882-a6d3-0b84-b555-8531664fe4a1,2026-07-13T09:50:59.936,gateway,OK,pacs.008,FAST,971.08,SGD,**************4285,MY,16
08650882-a6d3-0b84-b555-8531664fe4a1,2026-07-13T09:51:00.144,auth,OK,pacs.008,FAST,971.08,SGD,**************4285,MY,82
08650882-a6d3-0b84-b555-8531664fe4a1,2026-07-13T09:51:00.204,validation,OK,pacs.008,FAST,971.08,SGD,**************4285,MY,50
08650882-a6d3-0b84-b555-8531664fe4a1,2026-07-13T09:51:00.377,aml,OK,pacs.008,FAST,971.08,SGD,**************4285,MY,174
08650882-a6d3-0b84-b555-8531664fe4a1,2026-07-13T09:51:00.614,payment-hub,OK,pacs.008,FAST,971.08,SGD,**************4285,MY,142
08650882-a6d3-0b84-b555-8531664fe4a1,2026-07-13T09:51:00.670,core-banking,OK,pacs.008,FAST,971.08,SGD,**************4285,MY,250
08650882-a6d3-0b84-b555-8531664fe4a1,2026-07-13T09:51:00.744,settlement,SETTLED,pacs.008,FAST,971.08,SGD,**************4285,MY,163
34560d2a-2ce0-b21c-e39b-f095e1b8266a,2026-07-10T09:44:32.710,gateway,OK,MT103,CARDS,930.93,SGD,**************3985,MY,58
34560d2a-2ce0-b21c-e39b-f095e1b8266a,2026-07-10T09:44:32.896,auth,OK,MT103,CARDS,930.93,SGD,**************3985,MY,27
34560d2a-2ce0-b21c-e39b-f095e1b8266a,2026-07-10T09:44:33.081,validation,OK,MT103,CARDS,930.93,SGD,**************3985,MY,99
34560d2a-2ce0-b21c-e39b-f095e1b8266a,2026-07-10T09:44:33.153,aml,TIMEOUT,MT103,CARDS,930.93,SGD,**************3985,MY,30000
34560d2a-2ce0-b21c-e39b-f095e1b8266a,2026-07-10T09:44:33.377,payment-hub,FAILED,MT103,CARDS,930.93,SGD,**************3985,MY,121
a000123e-f2d3-0cd1-cc27-e14e3885c824,2026-07-05T21:03:57.583,gateway,OK,pacs.008,FAST,887.36,USD,**************4159,SG,32
a000123e-f2d3-0cd1-cc27-e14e3885c824,2026-07-05T21:03:57.639,auth,OK,pacs.008,FAST,887.36,USD,**************4159,SG,43
a000123e-f2d3-0cd1-cc27-e14e3885c824,2026-07-05T21:03:57.727,validation,OK,pacs.008,FAST,887.36,USD,**************4159,SG,89
a000123e-f2d3-0cd1-cc27-e14e3885c824,2026-07-05T21:03:57.806,aml,OK,pacs.008,FAST,887.36,USD,**************4159,SG,256
a000123e-f2d3-0cd1-cc27-e14e3885c824,2026-07-05T21:03:57.964,payment-hub,OK,pacs.008,FAST,887.36,USD,**************4159,SG,34
a000123e-f2d3-0cd1-cc27-e14e3885c824,2026-07-05T21:03:58.174,core-banking,OK,pacs.008,FAST,887.36,USD,**************4159,SG,102
a000123e-f2d3-0cd1-cc27-e14e3885c824,2026-07-05T21:03:58.381,settlement,SETTLED,pacs.008,FAST,887.36,USD,**************4159,SG,227
93248a6f-fd7f-4c5d-1cb0-986247fe25f3,2026-07-05T20:31:08.727,gateway,OK,pacs.008,FAST,912.48,USD,**************5127,SG,45
93248a6f-fd7f-4c5d-1cb0-986247fe25f3,2026-07-05T20:31:08.806,auth,OK,pacs.008,FAST,912.48,USD,**************5127,SG,80
93248a6f-fd7f-4c5d-1cb0-986247fe25f3,2026-07-05T20:31:08.916,validation,OK,pacs.008,FAST,912.48,USD,**************5127,SG,44
93248a6f-fd7f-4c5d-1cb0-986247fe25f3,2026-07-05T20:31:09.008,aml,OK,pacs.008,FAST,912.48,USD,**************5127,SG,129
93248a6f-fd7f-4c5d-1cb0-986247fe25f3,2026-07-05T20:31:09.115,payment-hub,OK,pacs.008,FAST,912.48,USD,**************5127,SG,37
93248a6f-fd7f-4c5d-1cb0-986247fe25f3,2026-07-05T20:31:09.173,core-banking,OK,pacs.008,FAST,912.48,USD,**************5127,SG,56
93248a6f-fd7f-4c5d-1cb0-986247fe25f3,2026-07-05T20:31:09.396,settlement,SETTLED,pacs.008,FAST,912.48,USD,**************5127,SG,117
d28fb62c-a686-2904-42de-93c0a8004049,2026-07-01T17:03:14.944,gateway,OK,pacs.008,FAST,337.82,SGD,**************8821,US,16
d28fb62c-a686-2904-42de-93c0a8004049,2026-07-01T17:03:15.057,auth,OK,pacs.008,FAST,337.82,SGD,**************8821,US,72
d28fb62c-a686-2904-42de-93c0a8004049,2026-07-01T17:03:15.120,validation,OK,pacs.008,FAST,337.82,SGD,**************8821,US,112
d28fb62c-a686-2904-42de-93c0a8004049,2026-07-01T17:03:15.303,aml,OK,pacs.008,FAST,337.82,SGD,**************8821,US,154
d28fb62c-a686-2904-42de-93c0a8004049,2026-07-01T17:03:15.400,payment-hub,OK,pacs.008,FAST,337.82,SGD,**************8821,US,91
d28fb62c-a686-2904-42de-93c0a8004049,2026-07-01T17:03:15.694,core-banking,OK,pacs.008,FAST,337.82,SGD,**************8821,US,97
d28fb62c-a686-2904-42de-93c0a8004049,2026-07-01T17:03:15.929,settlement,SETTLED,pacs.008,FAST,337.82,SGD,**************8821,US,250
a913e3ca-a277-4ef4-5a4a-0366055f2b64,2026-07-15T06:08:21.140,gateway,OK,MT103,FAST,1158.91,USD,**************5912,SG,29
a913e3ca-a277-4ef4-5a4a-0366055f2b64,2026-07-15T06:08:21.363,auth,OK,MT103,FAST,1158.91,USD,**************5912,SG,37
a913e3ca-a277-4ef4-5a4a-0366055f2b64,2026-07-15T06:08:21.521,validation,OK,MT103,FAST,1158.91,USD,**************5912,SG,58
a913e3ca-a277-4ef4-5a4a-0366055f2b64,2026-07-15T06:08:21.604,aml,OK,MT103,FAST,1158.91,USD,**************5912,SG,260
a913e3ca-a277-4ef4-5a4a-0366055f2b64,2026-07-15T06:08:21.665,payment-hub,OK,MT103,FAST,1158.91,USD,**************5912,SG,135
a913e3ca-a277-4ef4-5a4a-0366055f2b64,2026-07-15T06:08:21.783,core-banking,OK,MT103,FAST,1158.91,USD,**************5912,SG,244
a913e3ca-a277-4ef4-5a4a-0366055f2b64,2026-07-15T06:08:21.907,settlement,SETTLED,MT103,FAST,1158.91,USD,**************5912,SG,226
780a449d-fc0f-6597-bd44-69a60158e99d,2026-07-06T21:37:03.347,gateway,OK,pacs.008,SWIFT,181.47,SGD,**************0952,GB,26
780a449d-fc0f-6597-bd44-69a60158e99d,2026-07-06T21:37:03.423,auth,OK,pacs.008,SWIFT,181.47,SGD,**************0952,GB,89
780a449d-fc0f-6597-bd44-69a60158e99d,2026-07-06T21:37:03.596,validation,OK,pacs.008,SWIFT,181.47,SGD,**************0952,GB,77
780a449d-fc0f-6597-bd44-69a60158e99d,2026-07-06T21:37:03.661,aml,OK,pacs.008,SWIFT,181.47,SGD,**************0952,GB,282
780a449d-fc0f-6597-bd44-69a60158e99d,2026-07-06T21:37:03.742,payment-hub,OK,pacs.008,SWIFT,181.47,SGD,**************0952,GB,70
780a449d-fc0f-6597-bd44-69a60158e99d,2026-07-06T21:37:03.791,core-banking,OK,pacs.008,SWIFT,181.47,SGD,**************0952,GB,124
780a449d-fc0f-6597-bd44-69a60158e99d,2026-07-06T21:37:03.890,settlement,SETTLED,pacs.008,SWIFT,181.47,SGD,**************0952,GB,289
77eb45e2-814d-47d1-4bf1-585b659464c6,2026-07-14T16:40:50.609,gateway,OK,pacs.008,CARDS,184.2,EUR,**************6551,SG,34
77eb45e2-814d-47d1-4bf1-585b659464c6,2026-07-14T16:40:50.653,auth,OK,pacs.008,CARDS,184.2,EUR,**************6551,SG,36
77eb45e2-814d-47d1-4bf1-585b659464c6,2026-07-14T16:40:50.920,validation,OK,pacs.008,CARDS,184.2,EUR,**************6551,SG,102
77eb45e2-814d-47d1-4bf1-585b659464c6,2026-07-14T16:40:50.995,aml,TIMEOUT,pacs.008,CARDS,184.2,EUR,**************6551,SG,30000
77eb45e2-814d-47d1-4bf1-585b659464c6,2026-07-14T16:40:51.214,payment-hub,FAILED,pacs.008,CARDS,184.2,EUR,**************6551,SG,44
e541342e-e653-386b-e9a0-25aaa73a7a51,2026-07-07T20:59:41.197,gateway,OK,pacs.008,FAST,842.86,USD,**************5073,GB,18
e541342e-e653-386b-e9a0-25aaa73a7a51,2026-07-07T20:59:41.298,auth,OK,pacs.008,FAST,842.86,USD,**************5073,GB,85
e541342e-e653-386b-e9a0-25aaa73a7a51,2026-07-07T20:59:41.453,validation,OK,pacs.008,FAST,842.86,USD,**************5073,GB,82
e541342e-e653-386b-e9a0-25aaa73a7a51,2026-07-07T20:59:41.553,aml,OK,pacs.008,FAST,842.86,USD,**************5073,GB,170
e541342e-e653-386b-e9a0-25aaa73a7a51,2026-07-07T20:59:41.620,payment-hub,OK,pacs.008,FAST,842.86,USD,**************5073,GB,109
e541342e-e653-386b-e9a0-25aaa73a7a51,2026-07-07T20:59:41.685,core-banking,OK,pacs.008,FAST,842.86,USD,**************5073,GB,86
e541342e-e653-386b-e9a0-25aaa73a7a51,2026-07-07T20:59:41.733,settlement,SETTLED,pacs.008,FAST,842.86,USD,**************5073,GB,83
820956af-1c7e-a118-db6d-f0db0eb00fff,2026-07-04T02:15:10.006,gateway,OK,pacs.008,FAST,567.52,MYR,**************8315,SG,16
820956af-1c7e-a118-db6d-f0db0eb00fff,2026-07-04T02:15:10.051,auth,OK,pacs.008,FAST,567.52,MYR,**************8315,SG,86
820956af-1c7e-a118-db6d-f0db0eb00fff,2026-07-04T02:15:10.237,validation,OK,pacs.008,FAST,567.52,MYR,**************8315,SG,42
820956af-1c7e-a118-db6d-f0db0eb00fff,2026-07-04T02:15:10.309,aml,OK,pacs.008,FAST,567.52,MYR,**************8315,SG,176
820956af-1c7e-a118-db6d-f0db0eb00fff,2026-07-04T02:15:10.350,payment-hub,OK,pacs.008,FAST,567.52,MYR,**************8315,SG,120
820956af-1c7e-a118-db6d-f0db0eb00fff,2026-07-04T02:15:10.503,core-banking,OK,pacs.008,FAST,567.52,MYR,**************8315,SG,110
820956af-1c7e-a118-db6d-f0db0eb00fff,2026-07-04T02:15:10.553,settlement,SETTLED,pacs.008,FAST,567.52,MYR,**************8315,SG,333
363326e3-c971-5bec-16d8-43162c5420ee,2026-07-07T00:22:16.520,gateway,OK,pacs.008,SWIFT,321.26,USD,**************8988,MY,55
363326e3-c971-5bec-16d8-43162c5420ee,2026-07-07T00:22:16.612,auth,OK,pacs.008,SWIFT,321.26,USD,**************8988,MY,38
363326e3-c971-5bec-16d8-43162c5420ee,2026-07-07T00:22:16.682,validation,OK,pacs.008,SWIFT,321.26,USD,**************8988,MY,66
363326e3-c971-5bec-16d8-43162c5420ee,2026-07-07T00:22:16.753,aml,OK,pacs.008,SWIFT,321.26,USD,**************8988,MY,58
363326e3-c971-5bec-16d8-43162c5420ee,2026-07-07T00:22:16.816,payment-hub,OK,pacs.008,SWIFT,321.26,USD,**************8988,MY,139
363326e3-c971-5bec-16d8-43162c5420ee,2026-07-07T00:22:16.889,core-banking,OK,pacs.008,SWIFT,321.26,USD,**************8988,MY,60
363326e3-c971-5bec-16d8-43162c5420ee,2026-07-07T00:22:17.007,settlement,SETTLED,pacs.008,SWIFT,321.26,USD,**************8988,MY,221
913fd86c-b87f-e94c-2a0b-a60b0958f58d,2026-07-02T22:41:54.956,gateway,OK,pacs.008,SWIFT,3278.32,SGD,**************5877,SG,23
913fd86c-b87f-e94c-2a0b-a60b0958f58d,2026-07-02T22:41:55.128,auth,OK,pacs.008,SWIFT,3278.32,SGD,**************5877,SG,48
913fd86c-b87f-e94c-2a0b-a60b0958f58d,2026-07-02T22:41:55.217,validation,OK,pacs.008,SWIFT,3278.32,SGD,**************5877,SG,99
913fd86c-b87f-e94c-2a0b-a60b0958f58d,2026-07-02T22:41:55.340,aml,OK,pacs.008,SWIFT,3278.32,SGD,**************5877,SG,239
913fd86c-b87f-e94c-2a0b-a60b0958f58d,2026-07-02T22:41:55.457,payment-hub,OK,pacs.008,SWIFT,3278.32,SGD,**************5877,SG,124
913fd86c-b87f-e94c-2a0b-a60b0958f58d,2026-07-02T22:41:55.630,core-banking,OK,pacs.008,SWIFT,3278.32,SGD,**************5877,SG,54
913fd86c-b87f-e94c-2a0b-a60b0958f58d,2026-07-02T22:41:55.712,settlement,SETTLED,pacs.008,SWIFT,3278.32,SGD,**************5877,SG,254
298df143-0aed-f5fc-7dd6-627b35423499,2026-07-13T03:51:12.001,gateway,OK,pacs.008,FAST,1383.8,USD,**************1211,SG,16
298df143-0aed-f5fc-7dd6-627b35423499,2026-07-13T03:51:12.107,auth,OK,pacs.008,FAST,1383.8,USD,**************1211,SG,30
298df143-0aed-f5fc-7dd6-627b35423499,2026-07-13T03:51:12.135,validation,OK,pacs.008,FAST,1383.8,USD,**************1211,SG,93
298df143-0aed-f5fc-7dd6-627b35423499,2026-07-13T03:51:42.140,aml,OK,pacs.008,FAST,1383.8,USD,**************1211,SG,285
298df143-0aed-f5fc-7dd6-627b35423499,2026-07-13T03:51:42.232,payment-hub,OK,pacs.008,FAST,1383.8,USD,**************1211,SG,109
298df143-0aed-f5fc-7dd6-627b35423499,2026-07-13T03:51:42.329,core-banking,OK,pacs.008,FAST,1383.8,USD,**************1211,SG,140
298df143-0aed-f5fc-7dd6-627b35423499,2026-07-13T03:51:42.464,settlement,SETTLED,pacs.008,FAST,1383.8,USD,**************1211,SG,364
7122e733-027d-b5f9-3b51-8bfe88091a03,2026-07-03T15:59:21.287,gateway,OK,pacs.008,FAST,687.2,SGD,**************2087,HK,21
7122e733-027d-b5f9-3b51-8bfe88091a03,2026-07-03T15:59:21.325,auth,OK,pacs.008,FAST,687.2,SGD,**************2087,HK,90
7122e733-027d-b5f9-3b51-8bfe88091a03,2026-07-03T15:59:21.436,validation,OK,pacs.008,FAST,687.2,SGD,**************2087,HK,52
7122e733-027d-b5f9-3b51-8bfe88091a03,2026-07-03T15:59:21.483,aml,OK,pacs.008,FAST,687.2,SGD,**************2087,HK,60
7122e733-027d-b5f9-3b51-8bfe88091a03,2026-07-03T15:59:21.511,payment-hub,OK,pacs.008,FAST,687.2,SGD,**************2087,HK,122
7122e733-027d-b5f9-3b51-8bfe88091a03,2026-07-03T15:59:21.577,core-banking,OK,pacs.008,FAST,687.2,SGD,**************2087,HK,229
7122e733-027d-b5f9-3b51-8bfe88091a03,2026-07-03T15:59:21.648,settlement,SETTLED,pacs.008,FAST,687.2,SGD,**************2087,HK,154
bd6fcd9b-dba3-f1c3-8625-a5c5ece314bf,2026-07-08T17:27:09.200,gateway,OK,pacs.008,FAST,1349.5,INR,**************6494,SG,20
bd6fcd9b-dba3-f1c3-8625-a5c5ece314bf,2026-07-08T17:27:09.372,auth,OK,pacs.008,FAST,1349.5,INR,**************6494,SG,69
bd6fcd9b-dba3-f1c3-8625-a5c5ece314bf,2026-07-08T17:27:09.553,validation,OK,pacs.008,FAST,1349.5,INR,**************6494,SG,77
bd6fcd9b-dba3-f1c3-8625-a5c5ece314bf,2026-07-08T17:27:09.617,aml,OK,pacs.008,FAST,1349.5,INR,**************6494,SG,66
bd6fcd9b-dba3-f1c3-8625-a5c5ece314bf,2026-07-08T17:27:09.764,payment-hub,OK,pacs.008,FAST,1349.5,INR,**************6494,SG,51
bd6fcd9b-dba3-f1c3-8625-a5c5ece314bf,2026-07-08T17:27:09.821,core-banking,OK,pacs.008,FAST,1349.5,INR,**************6494,SG,106
bd6fcd9b-dba3-f1c3-8625-a5c5ece314bf,2026-07-08T17:27:09.958,settlement,SETTLED,pacs.008,FAST,1349.5,INR,**************6494,SG,271
abaa99b7-7531-2ea9-79b5-eafa6d0561c6,2026-07-04T13:58:20.357,gateway,OK,pacs.008,SWIFT,443.45,SGD,**************3432,SG,44
abaa99b7-7531-2ea9-79b5-eafa6d0561c6,2026-07-04T13:58:20.433,auth,OK,pacs.008,SWIFT,443.45,SGD,**************3432,SG,73
abaa99b7-7531-2ea9-79b5-eafa6d0561c6,2026-07-04T13:58:20.569,validation,OK,pacs.008,SWIFT,443.45,SGD,**************3432,SG,88
abaa99b7-7531-2ea9-79b5-eafa6d0561c6,2026-07-04T13:58:20.698,aml,OK,pacs.008,SWIFT,443.45,SGD,**************3432,SG,50
abaa99b7-7531-2ea9-79b5-eafa6d0561c6,2026-07-04T13:58:20.901,payment-hub,OK,pacs.008,SWIFT,443.45,SGD,**************3432,SG,143
abaa99b7-7531-2ea9-79b5-eafa6d0561c6,2026-07-04T13:58:20.971,core-banking,OK,pacs.008,SWIFT,443.45,SGD,**************3432,SG,144
abaa99b7-7531-2ea9-79b5-eafa6d0561c6,2026-07-04T13:58:21.099,settlement,SETTLED,pacs.008,SWIFT,443.45,SGD,**************3432,SG,96
107fb858-034a-4a43-f5e7-620fb32a2615,2026-07-07T18:27:16.222,gateway,OK,pacs.008,CARDS,426.21,USD,**************0652,SG,45
107fb858-034a-4a43-f5e7-620fb32a2615,2026-07-07T18:27:16.278,auth,OK,pacs.008,CARDS,426.21,USD,**************0652,SG,59
107fb858-034a-4a43-f5e7-620fb32a2615,2026-07-07T18:27:16.346,validation,OK,pacs.008,CARDS,426.21,USD,**************0652,SG,68
107fb858-034a-4a43-f5e7-620fb32a2615,2026-07-07T18:27:16.390,aml,OK,pacs.008,CARDS,426.21,USD,**************0652,SG,163
107fb858-034a-4a43-f5e7-620fb32a2615,2026-07-07T18:27:16.489,payment-hub,OK,pacs.008,CARDS,426.21,USD,**************0652,SG,91
107fb858-034a-4a43-f5e7-620fb32a2615,2026-07-07T18:27:16.566,core-banking,OK,pacs.008,CARDS,426.21,USD,**************0652,SG,162
107fb858-034a-4a43-f5e7-620fb32a2615,2026-07-07T18:27:16.623,settlement,SETTLED,pacs.008,CARDS,426.21,USD,**************0652,SG,64
6fb44383-3965-191d-b85c-08a5221db8e3,2026-07-06T06:15:05.193,gateway,OK,pacs.008,FAST,1243.39,GBP,**************7839,SG,30
6fb44383-3965-191d-b85c-08a5221db8e3,2026-07-06T06:15:05.263,auth,OK,pacs.008,FAST,1243.39,GBP,**************7839,SG,25
6fb44383-3965-191d-b85c-08a5221db8e3,2026-07-06T06:15:05.351,validation,OK,pacs.008,FAST,1243.39,GBP,**************7839,SG,76
6fb44383-3965-191d-b85c-08a5221db8e3,2026-07-06T06:15:05.409,aml,OK,pacs.008,FAST,1243.39,GBP,**************7839,SG,142
6fb44383-3965-191d-b85c-08a5221db8e3,2026-07-06T06:15:05.530,payment-hub,OK,pacs.008,FAST,1243.39,GBP,**************7839,SG,143
6fb44383-3965-191d-b85c-08a5221db8e3,2026-07-06T06:15:05.683,core-banking,OK,pacs.008,FAST,1243.39,GBP,**************7839,SG,66
6fb44383-3965-191d-b85c-08a5221db8e3,2026-07-06T06:15:05.736,settlement,SETTLED,pacs.008,FAST,1243.39,GBP,**************7839,SG,390
93bd3528-8b22-5227-8b89-9718a3a87378,2026-07-10T07:34:20.430,gateway,OK,MT103,FAST,1480.97,SGD,**************1243,IN,31
93bd3528-8b22-5227-8b89-9718a3a87378,2026-07-10T07:34:20.621,auth,OK,MT103,FAST,1480.97,SGD,**************1243,IN,57
93bd3528-8b22-5227-8b89-9718a3a87378,2026-07-10T07:34:20.875,validation,OK,MT103,FAST,1480.97,SGD,**************1243,IN,41
93bd3528-8b22-5227-8b89-9718a3a87378,2026-07-10T07:34:20.959,aml,OK,MT103,FAST,1480.97,SGD,**************1243,IN,297
93bd3528-8b22-5227-8b89-9718a3a87378,2026-07-10T07:34:21.019,payment-hub,OK,MT103,FAST,1480.97,SGD,**************1243,IN,127
93bd3528-8b22-5227-8b89-9718a3a87378,2026-07-10T07:34:21.081,core-banking,OK,MT103,FAST,1480.97,SGD,**************1243,IN,236
93bd3528-8b22-5227-8b89-9718a3a87378,2026-07-10T07:34:21.216,settlement,SETTLED,MT103,FAST,1480.97,SGD,**************1243,IN,210
9d822a6f-68bb-e295-9e2a-f11272008a6d,2026-07-04T21:25:51.041,gateway,OK,MT103,CARDS,977.0,SGD,**************8045,MY,41
9d822a6f-68bb-e295-9e2a-f11272008a6d,2026-07-04T21:25:51.153,auth,OK,MT103,CARDS,977.0,SGD,**************8045,MY,88
9d822a6f-68bb-e295-9e2a-f11272008a6d,2026-07-04T21:25:51.244,validation,OK,MT103,CARDS,977.0,SGD,**************8045,MY,104
9d822a6f-68bb-e295-9e2a-f11272008a6d,2026-07-04T21:25:51.295,aml,OK,MT103,CARDS,977.0,SGD,**************8045,MY,300
9d822a6f-68bb-e295-9e2a-f11272008a6d,2026-07-04T21:25:51.383,payment-hub,OK,MT103,CARDS,977.0,SGD,**************8045,MY,62
9d822a6f-68bb-e295-9e2a-f11272008a6d,2026-07-04T21:25:51.439,core-banking,OK,MT103,CARDS,977.0,SGD,**************8045,MY,201
9d822a6f-68bb-e295-9e2a-f11272008a6d,2026-07-04T21:25:51.492,settlement,SETTLED,MT103,CARDS,977.0,SGD,**************8045,MY,238
ea4e0bea-3c6c-f93d-dd0a-8a9aa7d1735c,2026-07-05T00:08:54.898,gateway,OK,pacs.008,CARDS,182.82,MYR,**************5721,MY,55
ea4e0bea-3c6c-f93d-dd0a-8a9aa7d1735c,2026-07-05T00:08:54.993,auth,OK,pacs.008,CARDS,182.82,MYR,**************5721,MY,75
ea4e0bea-3c6c-f93d-dd0a-8a9aa7d1735c,2026-07-05T00:08:55.089,validation,OK,pacs.008,CARDS,182.82,MYR,**************5721,MY,96
ea4e0bea-3c6c-f93d-dd0a-8a9aa7d1735c,2026-07-05T00:08:55.152,aml,OK,pacs.008,CARDS,182.82,MYR,**************5721,MY,113
ea4e0bea-3c6c-f93d-dd0a-8a9aa7d1735c,2026-07-05T00:08:55.256,payment-hub,OK,pacs.008,CARDS,182.82,MYR,**************5721,MY,42
ea4e0bea-3c6c-f93d-dd0a-8a9aa7d1735c,2026-07-05T00:08:55.360,core-banking,OK,pacs.008,CARDS,182.82,MYR,**************5721,MY,122
ea4e0bea-3c6c-f93d-dd0a-8a9aa7d1735c,2026-07-05T00:08:55.446,settlement,SETTLED,pacs.008,CARDS,182.82,MYR,**************5721,MY,280
8b83599f-5152-7f55-ae2f-af51bc00f386,2026-07-12T10:24:27.076,gateway,OK,MT103,FAST,982.08,SGD,**************5469,MY,44
8b83599f-5152-7f55-ae2f-af51bc00f386,2026-07-12T10:24:27.167,auth,OK,MT103,FAST,982.08,SGD,**************5469,MY,26
8b83599f-5152-7f55-ae2f-af51bc00f386,2026-07-12T10:24:27.232,validation,REJECTED,MT103,FAST,982.08,SGD,**************5469,MY,100
979179c8-5445-72a8-4991-e56ba5073dd0,2026-07-06T09:38:29.841,gateway,OK,pacs.008,FAST,378.08,SGD,**************8838,SG,22
979179c8-5445-72a8-4991-e56ba5073dd0,2026-07-06T09:38:29.974,auth,OK,pacs.008,FAST,378.08,SGD,**************8838,SG,78
979179c8-5445-72a8-4991-e56ba5073dd0,2026-07-06T09:38:30.099,validation,OK,pacs.008,FAST,378.08,SGD,**************8838,SG,111
979179c8-5445-72a8-4991-e56ba5073dd0,2026-07-06T09:38:30.207,aml,OK,pacs.008,FAST,378.08,SGD,**************8838,SG,208
979179c8-5445-72a8-4991-e56ba5073dd0,2026-07-06T09:38:30.318,payment-hub,OK,pacs.008,FAST,378.08,SGD,**************8838,SG,65
979179c8-5445-72a8-4991-e56ba5073dd0,2026-07-06T09:38:30.354,core-banking,OK,pacs.008,FAST,378.08,SGD,**************8838,SG,57
979179c8-5445-72a8-4991-e56ba5073dd0,2026-07-06T09:38:30.426,settlement,SETTLED,pacs.008,FAST,378.08,SGD,**************8838,SG,188
41cd46c1-eb52-06e1-220c-6bf82a6b6966,2026-07-06T00:50:09.445,gateway,OK,pacs.008,CARDS,718.82,MYR,**************1424,HK,38
41cd46c1-eb52-06e1-220c-6bf82a6b6966,2026-07-06T00:50:09.638,auth,OK,pacs.008,CARDS,718.82,MYR,**************1424,HK,63
41cd46c1-eb52-06e1-220c-6bf82a6b6966,2026-07-06T00:50:09.677,validation,OK,pacs.008,CARDS,718.82,MYR,**************1424,HK,31
41cd46c1-eb52-06e1-220c-6bf82a6b6966,2026-07-06T00:50:09.724,aml,TIMEOUT,pacs.008,CARDS,718.82,MYR,**************1424,HK,30000
41cd46c1-eb52-06e1-220c-6bf82a6b6966,2026-07-06T00:50:09.772,payment-hub,FAILED,pacs.008,CARDS,718.82,MYR,**************1424,HK,125
0462a9a4-27e7-a8e6-38f5-29f72a335b16,2026-07-12T04:47:05.532,gateway,OK,pacs.008,FAST,755.12,GBP,**************3608,SG,33
0462a9a4-27e7-a8e6-38f5-29f72a335b16,2026-07-12T04:47:05.614,auth,OK,pacs.008,FAST,755.12,GBP,**************3608,SG,37
0462a9a4-27e7-a8e6-38f5-29f72a335b16,2026-07-12T04:47:05.820,validation,OK,pacs.008,FAST,755.12,GBP,**************3608,SG,75
0462a9a4-27e7-a8e6-38f5-29f72a335b16,2026-07-12T04:47:06.025,aml,OK,pacs.008,FAST,755.12,GBP,**************3608,SG,195
0462a9a4-27e7-a8e6-38f5-29f72a335b16,2026-07-12T04:47:06.136,payment-hub,OK,pacs.008,FAST,755.12,GBP,**************3608,SG,46
0462a9a4-27e7-a8e6-38f5-29f72a335b16,2026-07-12T04:47:06.214,core-banking,OK,pacs.008,FAST,755.12,GBP,**************3608,SG,158
0462a9a4-27e7-a8e6-38f5-29f72a335b16,2026-07-12T04:47:06.284,settlement,SETTLED,pacs.008,FAST,755.12,GBP,**************3608,SG,260
49dd23df-f606-62c7-8d34-c97ffebb5fd9,2026-07-01T12:21:16.624,gateway,OK,pacs.008,CARDS,559.69,USD,**************7105,IN,49
49dd23df-f606-62c7-8d34-c97ffebb5fd9,2026-07-01T12:21:16.677,auth,OK,pacs.008,CARDS,559.69,USD,**************7105,IN,66
49dd23df-f606-62c7-8d34-c97ffebb5fd9,2026-07-01T12:21:16.763,validation,OK,pacs.008,CARDS,559.69,USD,**************7105,IN,75
49dd23df-f606-62c7-8d34-c97ffebb5fd9,2026-07-01T12:21:16.860,aml,OK,pacs.008,CARDS,559.69,USD,**************7105,IN,256
49dd23df-f606-62c7-8d34-c97ffebb5fd9,2026-07-01T12:21:16.927,payment-hub,OK,pacs.008,CARDS,559.69,USD,**************7105,IN,77
49dd23df-f606-62c7-8d34-c97ffebb5fd9,2026-07-01T12:21:17.008,core-banking,OK,pacs.008,CARDS,559.69,USD,**************7105,IN,162
49dd23df-f606-62c7-8d34-c97ffebb5fd9,2026-07-01T12:21:17.052,settlement,SETTLED,pacs.008,CARDS,559.69,USD,**************7105,IN,300
73159539-81a6-e4e4-4fb4-92243c3b3de5,2026-07-04T04:20:22.386,gateway,OK,MT103,FAST,399.35,SGD,**************0120,SG,25
73159539-81a6-e4e4-4fb4-92243c3b3de5,2026-07-04T04:20:22.473,auth,OK,MT103,FAST,399.35,SGD,**************0120,SG,43
73159539-81a6-e4e4-4fb4-92243c3b3de5,2026-07-04T04:20:22.550,validation,OK,MT103,FAST,399.35,SGD,**************0120,SG,66
73159539-81a6-e4e4-4fb4-92243c3b3de5,2026-07-04T04:20:22.620,aml,TIMEOUT,MT103,FAST,399.35,SGD,**************0120,SG,30000
73159539-81a6-e4e4-4fb4-92243c3b3de5,2026-07-04T04:20:22.707,payment-hub,FAILED,MT103,FAST,399.35,SGD,**************0120,SG,137
cf6d4733-970e-60c4-f6e2-7589bb537790,2026-07-13T02:15:20.500,gateway,OK,pacs.008,FAST,2649.69,SGD,**************1187,SG,60
cf6d4733-970e-60c4-f6e2-7589bb537790,2026-07-13T02:15:20.685,auth,OK,pacs.008,FAST,2649.69,SGD,**************1187,SG,84
cf6d4733-970e-60c4-f6e2-7589bb537790,2026-07-13T02:15:20.767,validation,OK,pacs.008,FAST,2649.69,SGD,**************1187,SG,59
cf6d4733-970e-60c4-f6e2-7589bb537790,2026-07-13T02:15:20.859,aml,OK,pacs.008,FAST,2649.69,SGD,**************1187,SG,253
cf6d4733-970e-60c4-f6e2-7589bb537790,2026-07-13T02:15:20.939,payment-hub,OK,pacs.008,FAST,2649.69,SGD,**************1187,SG,39
cf6d4733-970e-60c4-f6e2-7589bb537790,2026-07-13T02:15:21.015,core-banking,OK,pacs.008,FAST,2649.69,SGD,**************1187,SG,113
cf6d4733-970e-60c4-f6e2-7589bb537790,2026-07-13T02:15:21.122,settlement,SETTLED,pacs.008,FAST,2649.69,SGD,**************1187,SG,129
ec8ae4b4-56a1-f827-f975-2eb6264532e1,2026-07-03T17:13:03.710,gateway,OK,MT103,CARDS,735.44,SGD,**************1316,SG,31
ec8ae4b4-56a1-f827-f975-2eb6264532e1,2026-07-03T17:13:03.887,auth,OK,MT103,CARDS,735.44,SGD,**************1316,SG,33
ec8ae4b4-56a1-f827-f975-2eb6264532e1,2026-07-03T17:13:04.003,validation,OK,MT103,CARDS,735.44,SGD,**************1316,SG,115
ec8ae4b4-56a1-f827-f975-2eb6264532e1,2026-07-03T17:13:04.070,aml,OK,MT103,CARDS,735.44,SGD,**************1316,SG,48
ec8ae4b4-56a1-f827-f975-2eb6264532e1,2026-07-03T17:13:04.191,payment-hub,OK,MT103,CARDS,735.44,SGD,**************1316,SG,43
ec8ae4b4-56a1-f827-f975-2eb6264532e1,2026-07-03T17:13:04.281,core-banking,OK,MT103,CARDS,735.44,SGD,**************1316,SG,204
ec8ae4b4-56a1-f827-f975-2eb6264532e1,2026-07-03T17:13:04.320,settlement,SETTLED,MT103,CARDS,735.44,SGD,**************1316,SG,359
9720ab27-e6b8-fb61-0c92-ff67858b42c6,2026-07-08T06:38:03.720,gateway,OK,pacs.008,FAST,1662.72,MYR,**************0139,US,16
9720ab27-e6b8-fb61-0c92-ff67858b42c6,2026-07-08T06:38:03.791,auth,OK,pacs.008,FAST,1662.72,MYR,**************0139,US,76
9720ab27-e6b8-fb61-0c92-ff67858b42c6,2026-07-08T06:38:03.903,validation,OK,pacs.008,FAST,1662.72,MYR,**************0139,US,68
9720ab27-e6b8-fb61-0c92-ff67858b42c6,2026-07-08T06:38:04.037,aml,OK,pacs.008,FAST,1662.72,MYR,**************0139,US,123
9720ab27-e6b8-fb61-0c92-ff67858b42c6,2026-07-08T06:38:04.143,payment-hub,OK,pacs.008,FAST,1662.72,MYR,**************0139,US,67
9720ab27-e6b8-fb61-0c92-ff67858b42c6,2026-07-08T06:38:04.243,core-banking,OK,pacs.008,FAST,1662.72,MYR,**************0139,US,52
9720ab27-e6b8-fb61-0c92-ff67858b42c6,2026-07-08T06:38:04.342,settlement,SETTLED,pacs.008,FAST,1662.72,MYR,**************0139,US,336
b79ebeb8-5e77-c7a6-9108-591b7fa2dd6e,2026-07-12T01:35:44.396,gateway,OK,0200,SWIFT,271.44,MYR,**************3223,GB,20
b79ebeb8-5e77-c7a6-9108-591b7fa2dd6e,2026-07-12T01:35:44.570,auth,OK,0200,SWIFT,271.44,MYR,**************3223,GB,44
b79ebeb8-5e77-c7a6-9108-591b7fa2dd6e,2026-07-12T01:35:44.618,validation,OK,0200,SWIFT,271.44,MYR,**************3223,GB,71
b79ebeb8-5e77-c7a6-9108-591b7fa2dd6e,2026-07-12T01:35:44.737,aml,OK,0200,SWIFT,271.44,MYR,**************3223,GB,53
b79ebeb8-5e77-c7a6-9108-591b7fa2dd6e,2026-07-12T01:35:44.910,payment-hub,OK,0200,SWIFT,271.44,MYR,**************3223,GB,141
b79ebeb8-5e77-c7a6-9108-591b7fa2dd6e,2026-07-12T01:35:45.016,core-banking,OK,0200,SWIFT,271.44,MYR,**************3223,GB,172
b79ebeb8-5e77-c7a6-9108-591b7fa2dd6e,2026-07-12T01:35:45.082,settlement,SETTLED,0200,SWIFT,271.44,MYR,**************3223,GB,333
47c1c37e-4b33-9550-f949-70d5e3914e22,2026-07-12T03:03:33.249,gateway,OK,pacs.008,CARDS,129.58,SGD,**************9663,IN,60
47c1c37e-4b33-9550-f949-70d5e3914e22,2026-07-12T03:03:33.345,auth,OK,pacs.008,CARDS,129.58,SGD,**************9663,IN,32
47c1c37e-4b33-9550-f949-70d5e3914e22,2026-07-12T03:03:33.424,validation,OK,pacs.008,CARDS,129.58,SGD,**************9663,IN,103
47c1c37e-4b33-9550-f949-70d5e3914e22,2026-07-12T03:03:33.504,aml,OK,pacs.008,CARDS,129.58,SGD,**************9663,IN,288
47c1c37e-4b33-9550-f949-70d5e3914e22,2026-07-12T03:03:33.627,payment-hub,OK,pacs.008,CARDS,129.58,SGD,**************9663,IN,143
47c1c37e-4b33-9550-f949-70d5e3914e22,2026-07-12T03:03:33.928,core-banking,OK,pacs.008,CARDS,129.58,SGD,**************9663,IN,143
47c1c37e-4b33-9550-f949-70d5e3914e22,2026-07-12T03:03:34.054,settlement,SETTLED,pacs.008,CARDS,129.58,SGD,**************9663,IN,188
a0471856-99f7-6773-4751-cd84ee503c0f,2026-07-02T15:23:08.989,gateway,OK,pacs.008,CARDS,142.16,USD,**************4957,GB,55
a0471856-99f7-6773-4751-cd84ee503c0f,2026-07-02T15:23:09.070,auth,OK,pacs.008,CARDS,142.16,USD,**************4957,GB,68
a0471856-99f7-6773-4751-cd84ee503c0f,2026-07-02T15:23:09.199,validation,OK,pacs.008,CARDS,142.16,USD,**************4957,GB,38
a0471856-99f7-6773-4751-cd84ee503c0f,2026-07-02T15:23:09.445,aml,OK,pacs.008,CARDS,142.16,USD,**************4957,GB,283
a0471856-99f7-6773-4751-cd84ee503c0f,2026-07-02T15:23:09.539,payment-hub,OK,pacs.008,CARDS,142.16,USD,**************4957,GB,127
a0471856-99f7-6773-4751-cd84ee503c0f,2026-07-02T15:23:09.642,core-banking,OK,pacs.008,CARDS,142.16,USD,**************4957,GB,185
a0471856-99f7-6773-4751-cd84ee503c0f,2026-07-02T15:23:09.967,settlement,SETTLED,pacs.008,CARDS,142.16,USD,**************4957,GB,134
bb881824-55c6-e576-0b60-d42151d47397,2026-07-04T06:56:58.620,gateway,OK,pacs.008,FAST,423.61,EUR,**************1447,US,50
bb881824-55c6-e576-0b60-d42151d47397,2026-07-04T06:56:58.809,auth,OK,pacs.008,FAST,423.61,EUR,**************1447,US,88
bb881824-55c6-e576-0b60-d42151d47397,2026-07-04T06:56:58.872,validation,OK,pacs.008,FAST,423.61,EUR,**************1447,US,88
bb881824-55c6-e576-0b60-d42151d47397,2026-07-04T06:56:58.936,aml,OK,pacs.008,FAST,423.61,EUR,**************1447,US,225
bb881824-55c6-e576-0b60-d42151d47397,2026-07-04T06:56:59.076,payment-hub,OK,pacs.008,FAST,423.61,EUR,**************1447,US,120
bb881824-55c6-e576-0b60-d42151d47397,2026-07-04T06:56:59.147,core-banking,OK,pacs.008,FAST,423.61,EUR,**************1447,US,217
bb881824-55c6-e576-0b60-d42151d47397,2026-07-04T06:56:59.226,settlement,SETTLED,pacs.008,FAST,423.61,EUR,**************1447,US,174
e627a471-d9f8-624e-9d54-2e4c43e288d7,2026-07-13T22:56:48.451,gateway,OK,MT103,FAST,706.72,MYR,**************4927,SG,18
e627a471-d9f8-624e-9d54-2e4c43e288d7,2026-07-13T22:56:48.551,auth,OK,MT103,FAST,706.72,MYR,**************4927,SG,33
e627a471-d9f8-624e-9d54-2e4c43e288d7,2026-07-13T22:56:48.659,validation,OK,MT103,FAST,706.72,MYR,**************4927,SG,27
e627a471-d9f8-624e-9d54-2e4c43e288d7,2026-07-13T22:56:48.907,aml,OK,MT103,FAST,706.72,MYR,**************4927,SG,273
e627a471-d9f8-624e-9d54-2e4c43e288d7,2026-07-13T22:56:49.001,payment-hub,OK,MT103,FAST,706.72,MYR,**************4927,SG,103
e627a471-d9f8-624e-9d54-2e4c43e288d7,2026-07-13T22:56:49.062,core-banking,OK,MT103,FAST,706.72,MYR,**************4927,SG,94
e627a471-d9f8-624e-9d54-2e4c43e288d7,2026-07-13T22:56:49.126,settlement,SETTLED,MT103,FAST,706.72,MYR,**************4927,SG,352
a1418ae1-8975-64af-485b-bbe4c3384470,2026-07-10T13:24:00.521,gateway,OK,pacs.008,FAST,20858.54,SGD,**************2287,MY,36
a1418ae1-8975-64af-485b-bbe4c3384470,2026-07-10T13:24:00.590,auth,OK,pacs.008,FAST,20858.54,SGD,**************2287,MY,20
a1418ae1-8975-64af-485b-bbe4c3384470,2026-07-10T13:24:00.694,validation,OK,pacs.008,FAST,20858.54,SGD,**************2287,MY,112
a1418ae1-8975-64af-485b-bbe4c3384470,2026-07-10T13:24:00.751,aml,OK,pacs.008,FAST,20858.54,SGD,**************2287,MY,236
a1418ae1-8975-64af-485b-bbe4c3384470,2026-07-10T13:24:00.826,payment-hub,OK,pacs.008,FAST,20858.54,SGD,**************2287,MY,106
a1418ae1-8975-64af-485b-bbe4c3384470,2026-07-10T13:24:01.118,core-banking,OK,pacs.008,FAST,20858.54,SGD,**************2287,MY,86
a1418ae1-8975-64af-485b-bbe4c3384470,2026-07-10T13:24:01.182,settlement,SETTLED,pacs.008,FAST,20858.54,SGD,**************2287,MY,152
a05293e8-c77c-9c8d-3738-790c30c07194,2026-07-06T23:00:41.985,gateway,OK,pacs.008,SWIFT,547.6,USD,**************2344,MY,48
a05293e8-c77c-9c8d-3738-790c30c07194,2026-07-06T23:00:42.154,auth,OK,pacs.008,SWIFT,547.6,USD,**************2344,MY,29
a05293e8-c77c-9c8d-3738-790c30c07194,2026-07-06T23:00:42.345,validation,OK,pacs.008,SWIFT,547.6,USD,**************2344,MY,67
a05293e8-c77c-9c8d-3738-790c30c07194,2026-07-06T23:00:42.628,aml,OK,pacs.008,SWIFT,547.6,USD,**************2344,MY,250
a05293e8-c77c-9c8d-3738-790c30c07194,2026-07-06T23:00:42.700,payment-hub,OK,pacs.008,SWIFT,547.6,USD,**************2344,MY,32
a05293e8-c77c-9c8d-3738-790c30c07194,2026-07-06T23:00:42.768,core-banking,OK,pacs.008,SWIFT,547.6,USD,**************2344,MY,101
a05293e8-c77c-9c8d-3738-790c30c07194,2026-07-06T23:00:42.839,settlement,SETTLED,pacs.008,SWIFT,547.6,USD,**************2344,MY,400
79d28f98-c48b-3ec4-5d7a-91f9eb2f3eab,2026-07-05T21:52:03.817,gateway,OK,0200,FAST,881.04,SGD,**************8812,SG,22
79d28f98-c48b-3ec4-5d7a-91f9eb2f3eab,2026-07-05T21:52:03.890,auth,OK,0200,FAST,881.04,SGD,**************8812,SG,39
79d28f98-c48b-3ec4-5d7a-91f9eb2f3eab,2026-07-05T21:52:03.943,validation,OK,0200,FAST,881.04,SGD,**************8812,SG,97
79d28f98-c48b-3ec4-5d7a-91f9eb2f3eab,2026-07-05T21:52:04.205,aml,OK,0200,FAST,881.04,SGD,**************8812,SG,177
79d28f98-c48b-3ec4-5d7a-91f9eb2f3eab,2026-07-05T21:52:04.392,payment-hub,OK,0200,FAST,881.04,SGD,**************8812,SG,106
79d28f98-c48b-3ec4-5d7a-91f9eb2f3eab,2026-07-05T21:52:04.523,core-banking,OK,0200,FAST,881.04,SGD,**************8812,SG,250
79d28f98-c48b-3ec4-5d7a-91f9eb2f3eab,2026-07-05T21:52:04.633,settlement,SETTLED,0200,FAST,881.04,SGD,**************8812,SG,160
b74b41bc-295c-8852-f033-2e3a39188561,2026-07-15T02:20:27.475,gateway,OK,MT103,FAST,502.8,SGD,**************9013,IN,27
b74b41bc-295c-8852-f033-2e3a39188561,2026-07-15T02:20:27.534,auth,OK,MT103,FAST,502.8,SGD,**************9013,IN,31
b74b41bc-295c-8852-f033-2e3a39188561,2026-07-15T02:20:27.578,validation,OK,MT103,FAST,502.8,SGD,**************9013,IN,75
b74b41bc-295c-8852-f033-2e3a39188561,2026-07-15T02:20:27.681,aml,OK,MT103,FAST,502.8,SGD,**************9013,IN,209
b74b41bc-295c-8852-f033-2e3a39188561,2026-07-15T02:20:27.846,payment-hub,OK,MT103,FAST,502.8,SGD,**************9013,IN,62
b74b41bc-295c-8852-f033-2e3a39188561,2026-07-15T02:20:28.074,core-banking,OK,MT103,FAST,502.8,SGD,**************9013,IN,184
b74b41bc-295c-8852-f033-2e3a39188561,2026-07-15T02:20:28.251,settlement,SETTLED,MT103,FAST,502.8,SGD,**************9013,IN,363
a390a2a2-c82b-8aff-37e5-9ba62547b581,2026-07-09T03:25:09.596,gateway,OK,0200,FAST,244.48,USD,**************1216,SG,26
a390a2a2-c82b-8aff-37e5-9ba62547b581,2026-07-09T03:25:09.861,auth,OK,0200,FAST,244.48,USD,**************1216,SG,70
a390a2a2-c82b-8aff-37e5-9ba62547b581,2026-07-09T03:25:09.950,validation,OK,0200,FAST,244.48,USD,**************1216,SG,98
a390a2a2-c82b-8aff-37e5-9ba62547b581,2026-07-09T03:25:09.999,aml,OK,0200,FAST,244.48,USD,**************1216,SG,75
a390a2a2-c82b-8aff-37e5-9ba62547b581,2026-07-09T03:25:10.048,payment-hub,OK,0200,FAST,244.48,USD,**************1216,SG,112
a390a2a2-c82b-8aff-37e5-9ba62547b581,2026-07-09T03:25:10.225,core-banking,OK,0200,FAST,244.48,USD,**************1216,SG,124
a390a2a2-c82b-8aff-37e5-9ba62547b581,2026-07-09T03:25:10.301,settlement,SETTLED,0200,FAST,244.48,USD,**************1216,SG,167
7bba57f2-cbef-cc18-d1cf-41f6b84733ac,2026-07-05T15:16:54.440,gateway,OK,MT103,FAST,436.5,SGD,**************3089,MY,45
7bba57f2-cbef-cc18-d1cf-41f6b84733ac,2026-07-05T15:16:54.508,auth,OK,MT103,FAST,436.5,SGD,**************3089,MY,53
7bba57f2-cbef-cc18-d1cf-41f6b84733ac,2026-07-05T15:16:54.674,validation,OK,MT103,FAST,436.5,SGD,**************3089,MY,28
7bba57f2-cbef-cc18-d1cf-41f6b84733ac,2026-07-05T15:16:54.899,aml,OK,MT103,FAST,436.5,SGD,**************3089,MY,262
7bba57f2-cbef-cc18-d1cf-41f6b84733ac,2026-07-05T15:17:24.913,payment-hub,OK,MT103,FAST,436.5,SGD,**************3089,MY,147
7bba57f2-cbef-cc18-d1cf-41f6b84733ac,2026-07-05T15:17:24.971,core-banking,OK,MT103,FAST,436.5,SGD,**************3089,MY,172
7bba57f2-cbef-cc18-d1cf-41f6b84733ac,2026-07-05T15:17:25.091,settlement,SETTLED,MT103,FAST,436.5,SGD,**************3089,MY,194
4e6d070f-909d-7380-a312-09b0e1abe0d2,2026-07-09T16:41:12.966,gateway,OK,pacs.008,FAST,565.15,SGD,**************2644,MY,15
4e6d070f-909d-7380-a312-09b0e1abe0d2,2026-07-09T16:41:13.084,auth,OK,pacs.008,FAST,565.15,SGD,**************2644,MY,68
4e6d070f-909d-7380-a312-09b0e1abe0d2,2026-07-09T16:41:13.360,validation,OK,pacs.008,FAST,565.15,SGD,**************2644,MY,98
4e6d070f-909d-7380-a312-09b0e1abe0d2,2026-07-09T16:41:13.448,aml,TIMEOUT,pacs.008,FAST,565.15,SGD,**************2644,MY,30000
4e6d070f-909d-7380-a312-09b0e1abe0d2,2026-07-09T16:41:13.522,payment-hub,FAILED,pacs.008,FAST,565.15,SGD,**************2644,MY,137
9e48ad64-b517-6a64-52f2-f5cbb166e5b1,2026-07-06T14:13:52.577,gateway,OK,MT103,FAST,2670.39,SGD,**************8194,IN,41
9e48ad64-b517-6a64-52f2-f5cbb166e5b1,2026-07-06T14:13:52.674,auth,OK,MT103,FAST,2670.39,SGD,**************8194,IN,52
9e48ad64-b517-6a64-52f2-f5cbb166e5b1,2026-07-06T14:13:52.757,validation,OK,MT103,FAST,2670.39,SGD,**************8194,IN,66
9e48ad64-b517-6a64-52f2-f5cbb166e5b1,2026-07-06T14:13:52.844,aml,OK,MT103,FAST,2670.39,SGD,**************8194,IN,120
9e48ad64-b517-6a64-52f2-f5cbb166e5b1,2026-07-06T14:13:52.952,payment-hub,OK,MT103,FAST,2670.39,SGD,**************8194,IN,72
9e48ad64-b517-6a64-52f2-f5cbb166e5b1,2026-07-06T14:13:52.990,core-banking,OK,MT103,FAST,2670.39,SGD,**************8194,IN,84
9e48ad64-b517-6a64-52f2-f5cbb166e5b1,2026-07-06T14:13:53.072,settlement,SETTLED,MT103,FAST,2670.39,SGD,**************8194,IN,335
f2fa17fb-d52e-8161-447f-79489ec70ede,2026-07-09T09:28:44.172,gateway,OK,pacs.008,FAST,1214.67,SGD,**************4542,IN,53
f2fa17fb-d52e-8161-447f-79489ec70ede,2026-07-09T09:28:44.382,auth,OK,pacs.008,FAST,1214.67,SGD,**************4542,IN,73
f2fa17fb-d52e-8161-447f-79489ec70ede,2026-07-09T09:28:44.539,validation,OK,pacs.008,FAST,1214.67,SGD,**************4542,IN,81
f2fa17fb-d52e-8161-447f-79489ec70ede,2026-07-09T09:28:44.583,aml,OK,pacs.008,FAST,1214.67,SGD,**************4542,IN,74
f2fa17fb-d52e-8161-447f-79489ec70ede,2026-07-09T09:28:44.671,payment-hub,OK,pacs.008,FAST,1214.67,SGD,**************4542,IN,113
f2fa17fb-d52e-8161-447f-79489ec70ede,2026-07-09T09:28:44.701,core-banking,OK,pacs.008,FAST,1214.67,SGD,**************4542,IN,240
f2fa17fb-d52e-8161-447f-79489ec70ede,2026-07-09T09:28:44.764,settlement,SETTLED,pacs.008,FAST,1214.67,SGD,**************4542,IN,247
1c75b4ec-3a2e-cf68-25cb-b747355344e6,2026-07-06T09:33:18.635,gateway,OK,MT103,FAST,1197.45,USD,**************2368,MY,41
1c75b4ec-3a2e-cf68-25cb-b747355344e6,2026-07-06T09:33:18.756,auth,OK,MT103,FAST,1197.45,USD,**************2368,MY,76
1c75b4ec-3a2e-cf68-25cb-b747355344e6,2026-07-06T09:33:18.931,validation,OK,MT103,FAST,1197.45,USD,**************2368,MY,49
1c75b4ec-3a2e-cf68-25cb-b747355344e6,2026-07-06T09:33:18.997,aml,OK,MT103,FAST,1197.45,USD,**************2368,MY,192
1c75b4ec-3a2e-cf68-25cb-b747355344e6,2026-07-06T09:33:19.146,payment-hub,OK,MT103,FAST,1197.45,USD,**************2368,MY,88
1c75b4ec-3a2e-cf68-25cb-b747355344e6,2026-07-06T09:33:19.209,core-banking,OK,MT103,FAST,1197.45,USD,**************2368,MY,136
1c75b4ec-3a2e-cf68-25cb-b747355344e6,2026-07-06T09:33:19.341,settlement,SETTLED,MT103,FAST,1197.45,USD,**************2368,MY,303
2011eaed-d44f-0001-3403-aa7d64dbe568,2026-07-02T16:24:35.742,gateway,OK,MT103,SWIFT,217.6,EUR,**************7175,SG,52
2011eaed-d44f-0001-3403-aa7d64dbe568,2026-07-02T16:24:35.918,auth,OK,MT103,SWIFT,217.6,EUR,**************7175,SG,74
2011eaed-d44f-0001-3403-aa7d64dbe568,2026-07-02T16:24:35.956,validation,OK,MT103,SWIFT,217.6,EUR,**************7175,SG,117
2011eaed-d44f-0001-3403-aa7d64dbe568,2026-07-02T16:24:35.992,aml,OK,MT103,SWIFT,217.6,EUR,**************7175,SG,139
2011eaed-d44f-0001-3403-aa7d64dbe568,2026-07-02T16:24:36.066,payment-hub,OK,MT103,SWIFT,217.6,EUR,**************7175,SG,143
2011eaed-d44f-0001-3403-aa7d64dbe568,2026-07-02T16:24:36.107,core-banking,OK,MT103,SWIFT,217.6,EUR,**************7175,SG,67
2011eaed-d44f-0001-3403-aa7d64dbe568,2026-07-02T16:24:36.185,settlement,SETTLED,MT103,SWIFT,217.6,EUR,**************7175,SG,333
8187b864-b4c6-97a4-bea3-8f025e1a744c,2026-07-14T01:52:21.314,gateway,OK,pacs.008,FAST,2354.59,EUR,**************2411,SG,45
8187b864-b4c6-97a4-bea3-8f025e1a744c,2026-07-14T01:52:21.442,auth,OK,pacs.008,FAST,2354.59,EUR,**************2411,SG,72
8187b864-b4c6-97a4-bea3-8f025e1a744c,2026-07-14T01:52:21.507,validation,OK,pacs.008,FAST,2354.59,EUR,**************2411,SG,70
8187b864-b4c6-97a4-bea3-8f025e1a744c,2026-07-14T01:52:21.695,aml,OK,pacs.008,FAST,2354.59,EUR,**************2411,SG,163
8187b864-b4c6-97a4-bea3-8f025e1a744c,2026-07-14T01:52:21.809,payment-hub,OK,pacs.008,FAST,2354.59,EUR,**************2411,SG,100
8187b864-b4c6-97a4-bea3-8f025e1a744c,2026-07-14T01:52:21.856,core-banking,OK,pacs.008,FAST,2354.59,EUR,**************2411,SG,138
8187b864-b4c6-97a4-bea3-8f025e1a744c,2026-07-14T01:52:21.984,settlement,SETTLED,pacs.008,FAST,2354.59,EUR,**************2411,SG,237
f3de7649-670c-c64e-44c6-ebcff1798e7b,2026-07-10T07:05:44.134,gateway,OK,pacs.008,SWIFT,231.44,SGD,**************0541,GB,28
f3de7649-670c-c64e-44c6-ebcff1798e7b,2026-07-10T07:05:44.200,auth,OK,pacs.008,SWIFT,231.44,SGD,**************0541,GB,84
f3de7649-670c-c64e-44c6-ebcff1798e7b,2026-07-10T07:05:44.490,validation,OK,pacs.008,SWIFT,231.44,SGD,**************0541,GB,65
f3de7649-670c-c64e-44c6-ebcff1798e7b,2026-07-10T07:05:44.566,aml,OK,pacs.008,SWIFT,231.44,SGD,**************0541,GB,144
f3de7649-670c-c64e-44c6-ebcff1798e7b,2026-07-10T07:05:44.724,payment-hub,OK,pacs.008,SWIFT,231.44,SGD,**************0541,GB,72
f3de7649-670c-c64e-44c6-ebcff1798e7b,2026-07-10T07:05:44.820,core-banking,OK,pacs.008,SWIFT,231.44,SGD,**************0541,GB,177
f3de7649-670c-c64e-44c6-ebcff1798e7b,2026-07-10T07:05:44.916,settlement,SETTLED,pacs.008,SWIFT,231.44,SGD,**************0541,GB,383
572a4ffc-fbf8-1155-c78c-1aa94d457a4e,2026-07-13T01:32:27.147,gateway,OK,MT103,FAST,715.22,EUR,**************0014,SG,58
572a4ffc-fbf8-1155-c78c-1aa94d457a4e,2026-07-13T01:32:27.213,auth,OK,MT103,FAST,715.22,EUR,**************0014,SG,83
572a4ffc-fbf8-1155-c78c-1aa94d457a4e,2026-07-13T01:32:27.285,validation,OK,MT103,FAST,715.22,EUR,**************0014,SG,60
572a4ffc-fbf8-1155-c78c-1aa94d457a4e,2026-07-13T01:32:27.366,aml,OK,MT103,FAST,715.22,EUR,**************0014,SG,187
572a4ffc-fbf8-1155-c78c-1aa94d457a4e,2026-07-13T01:32:27.623,payment-hub,OK,MT103,FAST,715.22,EUR,**************0014,SG,52
572a4ffc-fbf8-1155-c78c-1aa94d457a4e,2026-07-13T01:32:27.724,core-banking,OK,MT103,FAST,715.22,EUR,**************0014,SG,71
572a4ffc-fbf8-1155-c78c-1aa94d457a4e,2026-07-13T01:32:27.851,settlement,SETTLED,MT103,FAST,715.22,EUR,**************0014,SG,261
6b8ba07f-4687-0683-a0ab-434e44ac775f,2026-07-14T08:44:01.476,gateway,OK,pacs.008,SWIFT,414.88,SGD,**************2195,GB,38
6b8ba07f-4687-0683-a0ab-434e44ac775f,2026-07-14T08:44:01.566,auth,OK,pacs.008,SWIFT,414.88,SGD,**************2195,GB,90
6b8ba07f-4687-0683-a0ab-434e44ac775f,2026-07-14T08:44:01.667,validation,OK,pacs.008,SWIFT,414.88,SGD,**************2195,GB,110
6b8ba07f-4687-0683-a0ab-434e44ac775f,2026-07-14T08:44:01.728,aml,OK,pacs.008,SWIFT,414.88,SGD,**************2195,GB,50
6b8ba07f-4687-0683-a0ab-434e44ac775f,2026-07-14T08:44:01.779,payment-hub,OK,pacs.008,SWIFT,414.88,SGD,**************2195,GB,103
6b8ba07f-4687-0683-a0ab-434e44ac775f,2026-07-14T08:44:01.863,core-banking,OK,pacs.008,SWIFT,414.88,SGD,**************2195,GB,137
6b8ba07f-4687-0683-a0ab-434e44ac775f,2026-07-14T08:44:01.916,settlement,SETTLED,pacs.008,SWIFT,414.88,SGD,**************2195,GB,308
28b4e49d-d1dc-8c3a-bfa9-d410bc518987,2026-07-11T04:47:29.499,gateway,OK,pacs.008,FAST,505.38,INR,**************1160,MY,16
28b4e49d-d1dc-8c3a-bfa9-d410bc518987,2026-07-11T04:47:29.594,auth,OK,pacs.008,FAST,505.38,INR,**************1160,MY,54
28b4e49d-d1dc-8c3a-bfa9-d410bc518987,2026-07-11T04:47:29.695,validation,OK,pacs.008,FAST,505.38,INR,**************1160,MY,73
28b4e49d-d1dc-8c3a-bfa9-d410bc518987,2026-07-11T04:47:29.873,aml,OK,pacs.008,FAST,505.38,INR,**************1160,MY,213
28b4e49d-d1dc-8c3a-bfa9-d410bc518987,2026-07-11T04:47:29.938,payment-hub,OK,pacs.008,FAST,505.38,INR,**************1160,MY,58
28b4e49d-d1dc-8c3a-bfa9-d410bc518987,2026-07-11T04:47:30.017,core-banking,OK,pacs.008,FAST,505.38,INR,**************1160,MY,94
28b4e49d-d1dc-8c3a-bfa9-d410bc518987,2026-07-11T04:47:30.046,settlement,SETTLED,pacs.008,FAST,505.38,INR,**************1160,MY,255
69955fec-5939-160b-5a64-84ddcf685743,2026-07-13T06:36:45.455,gateway,OK,0200,FAST,682.59,USD,**************6331,SG,25
69955fec-5939-160b-5a64-84ddcf685743,2026-07-13T06:36:45.551,auth,OK,0200,FAST,682.59,USD,**************6331,SG,52
69955fec-5939-160b-5a64-84ddcf685743,2026-07-13T06:36:45.663,validation,OK,0200,FAST,682.59,USD,**************6331,SG,40
69955fec-5939-160b-5a64-84ddcf685743,2026-07-13T06:36:45.751,aml,OK,0200,FAST,682.59,USD,**************6331,SG,204
69955fec-5939-160b-5a64-84ddcf685743,2026-07-13T06:37:15.756,payment-hub,OK,0200,FAST,682.59,USD,**************6331,SG,72
69955fec-5939-160b-5a64-84ddcf685743,2026-07-13T06:37:15.830,core-banking,OK,0200,FAST,682.59,USD,**************6331,SG,216
69955fec-5939-160b-5a64-84ddcf685743,2026-07-13T06:37:15.974,settlement,SETTLED,0200,FAST,682.59,USD,**************6331,SG,174
26e117c8-0e9b-f757-b11c-d069907e3587,2026-07-11T23:11:00.235,gateway,OK,pacs.008,FAST,1076.77,USD,**************6472,IN,47
26e117c8-0e9b-f757-b11c-d069907e3587,2026-07-11T23:11:00.320,auth,OK,pacs.008,FAST,1076.77,USD,**************6472,IN,20
26e117c8-0e9b-f757-b11c-d069907e3587,2026-07-11T23:11:00.369,validation,OK,pacs.008,FAST,1076.77,USD,**************6472,IN,101
26e117c8-0e9b-f757-b11c-d069907e3587,2026-07-11T23:11:00.520,aml,OK,pacs.008,FAST,1076.77,USD,**************6472,IN,93
26e117c8-0e9b-f757-b11c-d069907e3587,2026-07-11T23:11:00.661,payment-hub,OK,pacs.008,FAST,1076.77,USD,**************6472,IN,51
26e117c8-0e9b-f757-b11c-d069907e3587,2026-07-11T23:11:00.726,core-banking,OK,pacs.008,FAST,1076.77,USD,**************6472,IN,91
26e117c8-0e9b-f757-b11c-d069907e3587,2026-07-11T23:11:00.775,settlement,SETTLED,pacs.008,FAST,1076.77,USD,**************6472,IN,181
6b5cc0b8-4bab-4f35-b4fb-ed399e315fa2,2026-07-14T13:58:31.651,gateway,OK,pacs.008,FAST,2415.43,SGD,**************9216,SG,48
6b5cc0b8-4bab-4f35-b4fb-ed399e315fa2,2026-07-14T13:58:31.707,auth,OK,pacs.008,FAST,2415.43,SGD,**************9216,SG,36
6b5cc0b8-4bab-4f35-b4fb-ed399e315fa2,2026-07-14T13:58:31.793,validation,OK,pacs.008,FAST,2415.43,SGD,**************9216,SG,102
6b5cc0b8-4bab-4f35-b4fb-ed399e315fa2,2026-07-14T13:58:31.905,aml,OK,pacs.008,FAST,2415.43,SGD,**************9216,SG,51
6b5cc0b8-4bab-4f35-b4fb-ed399e315fa2,2026-07-14T13:58:32.174,payment-hub,OK,pacs.008,FAST,2415.43,SGD,**************9216,SG,111
6b5cc0b8-4bab-4f35-b4fb-ed399e315fa2,2026-07-14T13:58:32.223,core-banking,OK,pacs.008,FAST,2415.43,SGD,**************9216,SG,235
6b5cc0b8-4bab-4f35-b4fb-ed399e315fa2,2026-07-14T13:58:32.284,settlement,SETTLED,pacs.008,FAST,2415.43,SGD,**************9216,SG,145
9005e5f8-5097-5498-ad29-dcceb89e86e5,2026-07-02T19:26:14.750,gateway,OK,pacs.008,SWIFT,144.82,GBP,**************3869,SG,38
9005e5f8-5097-5498-ad29-dcceb89e86e5,2026-07-02T19:26:14.843,auth,OK,pacs.008,SWIFT,144.82,GBP,**************3869,SG,20
9005e5f8-5097-5498-ad29-dcceb89e86e5,2026-07-02T19:26:14.944,validation,REJECTED,pacs.008,SWIFT,144.82,GBP,**************3869,SG,61
2ee55b24-bbc4-f257-2f4a-ffd8369d6064,2026-07-10T15:28:27.836,gateway,OK,0200,FAST,565.17,SGD,**************6801,GB,60
2ee55b24-bbc4-f257-2f4a-ffd8369d6064,2026-07-10T15:28:28.043,auth,OK,0200,FAST,565.17,SGD,**************6801,GB,61
2ee55b24-bbc4-f257-2f4a-ffd8369d6064,2026-07-10T15:28:28.113,validation,OK,0200,FAST,565.17,SGD,**************6801,GB,27
2ee55b24-bbc4-f257-2f4a-ffd8369d6064,2026-07-10T15:28:58.136,aml,OK,0200,FAST,565.17,SGD,**************6801,GB,185
2ee55b24-bbc4-f257-2f4a-ffd8369d6064,2026-07-10T15:28:58.383,payment-hub,OK,0200,FAST,565.17,SGD,**************6801,GB,71
2ee55b24-bbc4-f257-2f4a-ffd8369d6064,2026-07-10T15:28:58.430,core-banking,OK,0200,FAST,565.17,SGD,**************6801,GB,98
2ee55b24-bbc4-f257-2f4a-ffd8369d6064,2026-07-10T15:28:58.515,settlement,SETTLED,0200,FAST,565.17,SGD,**************6801,GB,91
22732177-d2fb-ea22-40b7-fa573cd90b07,2026-07-12T01:26:10.922,gateway,OK,pacs.008,SWIFT,2496.18,SGD,**************3572,SG,19
22732177-d2fb-ea22-40b7-fa573cd90b07,2026-07-12T01:26:11.009,auth,OK,pacs.008,SWIFT,2496.18,SGD,**************3572,SG,20
22732177-d2fb-ea22-40b7-fa573cd90b07,2026-07-12T01:26:11.065,validation,OK,pacs.008,SWIFT,2496.18,SGD,**************3572,SG,78
22732177-d2fb-ea22-40b7-fa573cd90b07,2026-07-12T01:26:11.113,aml,OK,pacs.008,SWIFT,2496.18,SGD,**************3572,SG,205
22732177-d2fb-ea22-40b7-fa573cd90b07,2026-07-12T01:26:11.173,payment-hub,OK,pacs.008,SWIFT,2496.18,SGD,**************3572,SG,70
22732177-d2fb-ea22-40b7-fa573cd90b07,2026-07-12T01:26:11.447,core-banking,OK,pacs.008,SWIFT,2496.18,SGD,**************3572,SG,214
22732177-d2fb-ea22-40b7-fa573cd90b07,2026-07-12T01:26:11.500,settlement,SETTLED,pacs.008,SWIFT,2496.18,SGD,**************3572,SG,302
6af78ff4-faf5-e457-f043-d41ff42e5462,2026-07-03T01:11:10.455,gateway,OK,pacs.008,CARDS,704.78,USD,**************8037,US,38
6af78ff4-faf5-e457-f043-d41ff42e5462,2026-07-03T01:11:10.513,auth,OK,pacs.008,CARDS,704.78,USD,**************8037,US,42
6af78ff4-faf5-e457-f043-d41ff42e5462,2026-07-03T01:11:10.567,validation,OK,pacs.008,CARDS,704.78,USD,**************8037,US,112
6af78ff4-faf5-e457-f043-d41ff42e5462,2026-07-03T01:11:10.638,aml,OK,pacs.008,CARDS,704.78,USD,**************8037,US,226
6af78ff4-faf5-e457-f043-d41ff42e5462,2026-07-03T01:11:10.702,payment-hub,OK,pacs.008,CARDS,704.78,USD,**************8037,US,140
6af78ff4-faf5-e457-f043-d41ff42e5462,2026-07-03T01:11:10.814,core-banking,OK,pacs.008,CARDS,704.78,USD,**************8037,US,165
6af78ff4-faf5-e457-f043-d41ff42e5462,2026-07-03T01:11:11.081,settlement,SETTLED,pacs.008,CARDS,704.78,USD,**************8037,US,397
a5f16d49-001a-dcde-959d-e8c37607b702,2026-07-08T00:10:11.466,gateway,OK,pacs.008,FAST,375.18,MYR,**************0726,US,46
a5f16d49-001a-dcde-959d-e8c37607b702,2026-07-08T00:10:11.560,auth,OK,pacs.008,FAST,375.18,MYR,**************0726,US,88
a5f16d49-001a-dcde-959d-e8c37607b702,2026-07-08T00:10:11.633,validation,OK,pacs.008,FAST,375.18,MYR,**************0726,US,82
a5f16d49-001a-dcde-959d-e8c37607b702,2026-07-08T00:10:11.739,aml,OK,pacs.008,FAST,375.18,MYR,**************0726,US,99
a5f16d49-001a-dcde-959d-e8c37607b702,2026-07-08T00:10:11.921,payment-hub,OK,pacs.008,FAST,375.18,MYR,**************0726,US,85
a5f16d49-001a-dcde-959d-e8c37607b702,2026-07-08T00:10:12.153,core-banking,OK,pacs.008,FAST,375.18,MYR,**************0726,US,231
a5f16d49-001a-dcde-959d-e8c37607b702,2026-07-08T00:10:12.277,settlement,SETTLED,pacs.008,FAST,375.18,MYR,**************0726,US,180
6e379f55-d432-7aed-a0da-dcf3a5c50b21,2026-07-09T07:00:09.348,gateway,OK,MT103,SWIFT,3423.76,SGD,**************0979,SG,52
6e379f55-d432-7aed-a0da-dcf3a5c50b21,2026-07-09T07:00:09.481,auth,OK,MT103,SWIFT,3423.76,SGD,**************0979,SG,42
6e379f55-d432-7aed-a0da-dcf3a5c50b21,2026-07-09T07:00:09.561,validation,OK,MT103,SWIFT,3423.76,SGD,**************0979,SG,49
6e379f55-d432-7aed-a0da-dcf3a5c50b21,2026-07-09T07:00:09.650,aml,OK,MT103,SWIFT,3423.76,SGD,**************0979,SG,45
6e379f55-d432-7aed-a0da-dcf3a5c50b21,2026-07-09T07:00:09.827,payment-hub,OK,MT103,SWIFT,3423.76,SGD,**************0979,SG,146
6e379f55-d432-7aed-a0da-dcf3a5c50b21,2026-07-09T07:00:10.055,core-banking,OK,MT103,SWIFT,3423.76,SGD,**************0979,SG,152
6e379f55-d432-7aed-a0da-dcf3a5c50b21,2026-07-09T07:00:10.224,settlement,SETTLED,MT103,SWIFT,3423.76,SGD,**************0979,SG,188
dcf027e9-c897-ab24-91c0-49bd5ffb953b,2026-07-09T15:44:56.744,gateway,OK,0200,FAST,1103.53,SGD,**************5023,MY,52
dcf027e9-c897-ab24-91c0-49bd5ffb953b,2026-07-09T15:44:56.877,auth,OK,0200,FAST,1103.53,SGD,**************5023,MY,28
dcf027e9-c897-ab24-91c0-49bd5ffb953b,2026-07-09T15:44:56.991,validation,OK,0200,FAST,1103.53,SGD,**************5023,MY,110
dcf027e9-c897-ab24-91c0-49bd5ffb953b,2026-07-09T15:44:57.293,aml,OK,0200,FAST,1103.53,SGD,**************5023,MY,139
dcf027e9-c897-ab24-91c0-49bd5ffb953b,2026-07-09T15:44:57.385,payment-hub,OK,0200,FAST,1103.53,SGD,**************5023,MY,132
dcf027e9-c897-ab24-91c0-49bd5ffb953b,2026-07-09T15:44:57.422,core-banking,OK,0200,FAST,1103.53,SGD,**************5023,MY,216
dcf027e9-c897-ab24-91c0-49bd5ffb953b,2026-07-09T15:44:57.484,settlement,SETTLED,0200,FAST,1103.53,SGD,**************5023,MY,103
ba6de355-685a-3bd8-01d0-c2062b8f22b7,2026-07-03T06:34:48.493,gateway,OK,pacs.008,FAST,200.65,USD,**************4420,SG,41
ba6de355-685a-3bd8-01d0-c2062b8f22b7,2026-07-03T06:34:48.665,auth,OK,pacs.008,FAST,200.65,USD,**************4420,SG,60
ba6de355-685a-3bd8-01d0-c2062b8f22b7,2026-07-03T06:34:48.741,validation,OK,pacs.008,FAST,200.65,USD,**************4420,SG,37
ba6de355-685a-3bd8-01d0-c2062b8f22b7,2026-07-03T06:34:48.863,aml,TIMEOUT,pacs.008,FAST,200.65,USD,**************4420,SG,30000
ba6de355-685a-3bd8-01d0-c2062b8f22b7,2026-07-03T06:34:49.044,payment-hub,FAILED,pacs.008,FAST,200.65,USD,**************4420,SG,49
72db7126-c1ff-ac51-d4f3-ace9c54c5f09,2026-07-08T18:30:49.571,gateway,OK,MT103,CARDS,164.87,SGD,**************9966,MY,30
72db7126-c1ff-ac51-d4f3-ace9c54c5f09,2026-07-08T18:30:49.752,auth,OK,MT103,CARDS,164.87,SGD,**************9966,MY,74
72db7126-c1ff-ac51-d4f3-ace9c54c5f09,2026-07-08T18:30:49.895,validation,OK,MT103,CARDS,164.87,SGD,**************9966,MY,55
72db7126-c1ff-ac51-d4f3-ace9c54c5f09,2026-07-08T18:30:49.931,aml,OK,MT103,CARDS,164.87,SGD,**************9966,MY,182
72db7126-c1ff-ac51-d4f3-ace9c54c5f09,2026-07-08T18:30:49.992,payment-hub,OK,MT103,CARDS,164.87,SGD,**************9966,MY,98
72db7126-c1ff-ac51-d4f3-ace9c54c5f09,2026-07-08T18:30:50.097,core-banking,OK,MT103,CARDS,164.87,SGD,**************9966,MY,225
72db7126-c1ff-ac51-d4f3-ace9c54c5f09,2026-07-08T18:30:50.156,settlement,SETTLED,MT103,CARDS,164.87,SGD,**************9966,MY,186
9dc93c80-a9fa-78c9-03b9-adb50d2b5ea3,2026-07-05T04:59:09.898,gateway,OK,pacs.008,FAST,1111.52,SGD,**************8248,US,28
9dc93c80-a9fa-78c9-03b9-adb50d2b5ea3,2026-07-05T04:59:09.960,auth,OK,pacs.008,FAST,1111.52,SGD,**************8248,US,90
9dc93c80-a9fa-78c9-03b9-adb50d2b5ea3,2026-07-05T04:59:10.053,validation,OK,pacs.008,FAST,1111.52,SGD,**************8248,US,79
9dc93c80-a9fa-78c9-03b9-adb50d2b5ea3,2026-07-05T04:59:10.124,aml,OK,pacs.008,FAST,1111.52,SGD,**************8248,US,220
9dc93c80-a9fa-78c9-03b9-adb50d2b5ea3,2026-07-05T04:59:10.175,payment-hub,OK,pacs.008,FAST,1111.52,SGD,**************8248,US,101
9dc93c80-a9fa-78c9-03b9-adb50d2b5ea3,2026-07-05T04:59:10.254,core-banking,OK,pacs.008,FAST,1111.52,SGD,**************8248,US,167
9dc93c80-a9fa-78c9-03b9-adb50d2b5ea3,2026-07-05T04:59:10.315,settlement,SETTLED,pacs.008,FAST,1111.52,SGD,**************8248,US,208
3d247975-60eb-9acc-527d-18252e32c693,2026-07-14T05:26:34.064,gateway,OK,pacs.008,FAST,148.84,USD,**************4855,SG,35
3d247975-60eb-9acc-527d-18252e32c693,2026-07-14T05:26:34.104,auth,OK,pacs.008,FAST,148.84,USD,**************4855,SG,78
3d247975-60eb-9acc-527d-18252e32c693,2026-07-14T05:26:34.192,validation,OK,pacs.008,FAST,148.84,USD,**************4855,SG,70
3d247975-60eb-9acc-527d-18252e32c693,2026-07-14T05:26:34.249,aml,OK,pacs.008,FAST,148.84,USD,**************4855,SG,111
3d247975-60eb-9acc-527d-18252e32c693,2026-07-14T05:26:34.335,payment-hub,OK,pacs.008,FAST,148.84,USD,**************4855,SG,59
3d247975-60eb-9acc-527d-18252e32c693,2026-07-14T05:26:34.441,core-banking,OK,pacs.008,FAST,148.84,USD,**************4855,SG,108
3d247975-60eb-9acc-527d-18252e32c693,2026-07-14T05:26:34.550,settlement,SETTLED,pacs.008,FAST,148.84,USD,**************4855,SG,252
0c574cdf-c760-70c1-782b-b6ce812595f6,2026-07-01T13:59:20.014,gateway,OK,pacs.008,FAST,1242.84,GBP,**************2056,SG,55
0c574cdf-c760-70c1-782b-b6ce812595f6,2026-07-01T13:59:20.080,auth,OK,pacs.008,FAST,1242.84,GBP,**************2056,SG,81
0c574cdf-c760-70c1-782b-b6ce812595f6,2026-07-01T13:59:20.140,validation,REJECTED,pacs.008,FAST,1242.84,GBP,**************2056,SG,52
8a4a79f5-243c-1056-1946-c92efbfd2ed7,2026-07-01T20:31:11.537,gateway,OK,MT103,FAST,3328.91,USD,**************0104,SG,43
8a4a79f5-243c-1056-1946-c92efbfd2ed7,2026-07-01T20:31:11.600,auth,OK,MT103,FAST,3328.91,USD,**************0104,SG,39
8a4a79f5-243c-1056-1946-c92efbfd2ed7,2026-07-01T20:31:11.736,validation,OK,MT103,FAST,3328.91,USD,**************0104,SG,88
8a4a79f5-243c-1056-1946-c92efbfd2ed7,2026-07-01T20:31:11.938,aml,OK,MT103,FAST,3328.91,USD,**************0104,SG,300
8a4a79f5-243c-1056-1946-c92efbfd2ed7,2026-07-01T20:31:12.022,payment-hub,OK,MT103,FAST,3328.91,USD,**************0104,SG,35
8a4a79f5-243c-1056-1946-c92efbfd2ed7,2026-07-01T20:31:12.078,core-banking,OK,MT103,FAST,3328.91,USD,**************0104,SG,72
8a4a79f5-243c-1056-1946-c92efbfd2ed7,2026-07-01T20:31:12.120,settlement,SETTLED,MT103,FAST,3328.91,USD,**************0104,SG,314
5d87966f-1c24-d1f3-8b98-019418642c8a,2026-07-04T21:32:57.410,gateway,OK,pacs.008,FAST,70.7,USD,**************8313,US,26
5d87966f-1c24-d1f3-8b98-019418642c8a,2026-07-04T21:32:57.503,auth,OK,pacs.008,FAST,70.7,USD,**************8313,US,75
5d87966f-1c24-d1f3-8b98-019418642c8a,2026-07-04T21:32:57.608,validation,OK,pacs.008,FAST,70.7,USD,**************8313,US,40
5d87966f-1c24-d1f3-8b98-019418642c8a,2026-07-04T21:32:57.720,aml,OK,pacs.008,FAST,70.7,USD,**************8313,US,118
5d87966f-1c24-d1f3-8b98-019418642c8a,2026-07-04T21:32:57.832,payment-hub,OK,pacs.008,FAST,70.7,USD,**************8313,US,91
5d87966f-1c24-d1f3-8b98-019418642c8a,2026-07-04T21:32:57.894,core-banking,OK,pacs.008,FAST,70.7,USD,**************8313,US,63
5d87966f-1c24-d1f3-8b98-019418642c8a,2026-07-04T21:32:57.958,settlement,SETTLED,pacs.008,FAST,70.7,USD,**************8313,US,129
b2cf1dc0-6b4d-1d98-fc1d-7062a32389dd,2026-07-01T18:05:00.330,gateway,OK,pacs.008,FAST,222.56,SGD,**************9310,US,55
b2cf1dc0-6b4d-1d98-fc1d-7062a32389dd,2026-07-01T18:05:00.387,auth,OK,pacs.008,FAST,222.56,SGD,**************9310,US,68
b2cf1dc0-6b4d-1d98-fc1d-7062a32389dd,2026-07-01T18:05:00.607,validation,OK,pacs.008,FAST,222.56,SGD,**************9310,US,106
b2cf1dc0-6b4d-1d98-fc1d-7062a32389dd,2026-07-01T18:05:00.720,aml,OK,pacs.008,FAST,222.56,SGD,**************9310,US,255
b2cf1dc0-6b4d-1d98-fc1d-7062a32389dd,2026-07-01T18:05:00.922,payment-hub,OK,pacs.008,FAST,222.56,SGD,**************9310,US,145
b2cf1dc0-6b4d-1d98-fc1d-7062a32389dd,2026-07-01T18:05:01.006,core-banking,OK,pacs.008,FAST,222.56,SGD,**************9310,US,171
b2cf1dc0-6b4d-1d98-fc1d-7062a32389dd,2026-07-01T18:05:01.079,settlement,SETTLED,pacs.008,FAST,222.56,SGD,**************9310,US,367
c3f295c1-a1a7-59d9-e274-a0a816aaa4e4,2026-07-02T09:02:38.609,gateway,OK,pacs.008,FAST,2825.18,MYR,**************7053,SG,45
c3f295c1-a1a7-59d9-e274-a0a816aaa4e4,2026-07-02T09:02:38.674,auth,OK,pacs.008,FAST,2825.18,MYR,**************7053,SG,37
c3f295c1-a1a7-59d9-e274-a0a816aaa4e4,2026-07-02T09:02:38.802,validation,OK,pacs.008,FAST,2825.18,MYR,**************7053,SG,88
c3f295c1-a1a7-59d9-e274-a0a816aaa4e4,2026-07-02T09:02:38.858,aml,OK,pacs.008,FAST,2825.18,MYR,**************7053,SG,186
c3f295c1-a1a7-59d9-e274-a0a816aaa4e4,2026-07-02T09:02:38.967,payment-hub,OK,pacs.008,FAST,2825.18,MYR,**************7053,SG,103
c3f295c1-a1a7-59d9-e274-a0a816aaa4e4,2026-07-02T09:02:39.142,core-banking,OK,pacs.008,FAST,2825.18,MYR,**************7053,SG,143
c3f295c1-a1a7-59d9-e274-a0a816aaa4e4,2026-07-02T09:02:39.209,settlement,SETTLED,pacs.008,FAST,2825.18,MYR,**************7053,SG,203
6385379a-0c35-af81-2027-ba7015322f17,2026-07-11T13:19:25.347,gateway,OK,pacs.008,SWIFT,318.01,EUR,**************7890,MY,56
6385379a-0c35-af81-2027-ba7015322f17,2026-07-11T13:19:25.570,auth,OK,pacs.008,SWIFT,318.01,EUR,**************7890,MY,20
6385379a-0c35-af81-2027-ba7015322f17,2026-07-11T13:19:25.707,validation,OK,pacs.008,SWIFT,318.01,EUR,**************7890,MY,46
6385379a-0c35-af81-2027-ba7015322f17,2026-07-11T13:19:25.783,aml,TIMEOUT,pacs.008,SWIFT,318.01,EUR,**************7890,MY,30000
6385379a-0c35-af81-2027-ba7015322f17,2026-07-11T13:19:25.844,payment-hub,FAILED,pacs.008,SWIFT,318.01,EUR,**************7890,MY,117
d19b4bad-549c-53a2-790e-d1e3f5df85a9,2026-07-10T01:46:41.920,gateway,OK,pacs.008,FAST,300.85,MYR,**************9177,SG,60
d19b4bad-549c-53a2-790e-d1e3f5df85a9,2026-07-10T01:46:42.121,auth,OK,pacs.008,FAST,300.85,MYR,**************9177,SG,46
d19b4bad-549c-53a2-790e-d1e3f5df85a9,2026-07-10T01:46:42.288,validation,OK,pacs.008,FAST,300.85,MYR,**************9177,SG,81
d19b4bad-549c-53a2-790e-d1e3f5df85a9,2026-07-10T01:46:42.557,aml,OK,pacs.008,FAST,300.85,MYR,**************9177,SG,166
d19b4bad-549c-53a2-790e-d1e3f5df85a9,2026-07-10T01:46:42.669,payment-hub,OK,pacs.008,FAST,300.85,MYR,**************9177,SG,141
d19b4bad-549c-53a2-790e-d1e3f5df85a9,2026-07-10T01:46:42.732,core-banking,OK,pacs.008,FAST,300.85,MYR,**************9177,SG,69
d19b4bad-549c-53a2-790e-d1e3f5df85a9,2026-07-10T01:46:42.809,settlement,SETTLED,pacs.008,FAST,300.85,MYR,**************9177,SG,163
b7643589-5b64-710d-31f1-76cfcad79b9c,2026-07-03T01:19:56.040,gateway,OK,pacs.008,FAST,2571.34,SGD,**************0637,SG,42
b7643589-5b64-710d-31f1-76cfcad79b9c,2026-07-03T01:19:56.237,auth,OK,pacs.008,FAST,2571.34,SGD,**************0637,SG,21
b7643589-5b64-710d-31f1-76cfcad79b9c,2026-07-03T01:19:56.298,validation,OK,pacs.008,FAST,2571.34,SGD,**************0637,SG,102
b7643589-5b64-710d-31f1-76cfcad79b9c,2026-07-03T01:19:56.385,aml,OK,pacs.008,FAST,2571.34,SGD,**************0637,SG,295
b7643589-5b64-710d-31f1-76cfcad79b9c,2026-07-03T01:19:56.421,payment-hub,OK,pacs.008,FAST,2571.34,SGD,**************0637,SG,99
b7643589-5b64-710d-31f1-76cfcad79b9c,2026-07-03T01:19:56.497,core-banking,OK,pacs.008,FAST,2571.34,SGD,**************0637,SG,78
b7643589-5b64-710d-31f1-76cfcad79b9c,2026-07-03T01:19:56.562,settlement,SETTLED,pacs.008,FAST,2571.34,SGD,**************0637,SG,119
5e833e8f-3c41-277f-8277-b580e9952dc3,2026-07-12T23:38:51.861,gateway,OK,MT103,FAST,2340.44,SGD,**************8046,MY,56
5e833e8f-3c41-277f-8277-b580e9952dc3,2026-07-12T23:38:51.960,auth,OK,MT103,FAST,2340.44,SGD,**************8046,MY,80
5e833e8f-3c41-277f-8277-b580e9952dc3,2026-07-12T23:38:52.029,validation,OK,MT103,FAST,2340.44,SGD,**************8046,MY,105
5e833e8f-3c41-277f-8277-b580e9952dc3,2026-07-12T23:38:52.074,aml,OK,MT103,FAST,2340.44,SGD,**************8046,MY,285
5e833e8f-3c41-277f-8277-b580e9952dc3,2026-07-12T23:38:52.106,payment-hub,OK,MT103,FAST,2340.44,SGD,**************8046,MY,128
5e833e8f-3c41-277f-8277-b580e9952dc3,2026-07-12T23:38:52.202,core-banking,OK,MT103,FAST,2340.44,SGD,**************8046,MY,182
5e833e8f-3c41-277f-8277-b580e9952dc3,2026-07-12T23:38:52.321,settlement,SETTLED,MT103,FAST,2340.44,SGD,**************8046,MY,133
f0cfa323-0563-607a-46a2-c6f646e0382f,2026-07-02T09:09:28.329,gateway,OK,pacs.008,FAST,1732.17,USD,**************5235,GB,48
f0cfa323-0563-607a-46a2-c6f646e0382f,2026-07-02T09:09:28.386,auth,OK,pacs.008,FAST,1732.17,USD,**************5235,GB,59
f0cfa323-0563-607a-46a2-c6f646e0382f,2026-07-02T09:09:28.591,validation,OK,pacs.008,FAST,1732.17,USD,**************5235,GB,82
f0cfa323-0563-607a-46a2-c6f646e0382f,2026-07-02T09:09:28.703,aml,OK,pacs.008,FAST,1732.17,USD,**************5235,GB,148
f0cfa323-0563-607a-46a2-c6f646e0382f,2026-07-02T09:09:28.756,payment-hub,OK,pacs.008,FAST,1732.17,USD,**************5235,GB,142
f0cfa323-0563-607a-46a2-c6f646e0382f,2026-07-02T09:09:28.881,core-banking,OK,pacs.008,FAST,1732.17,USD,**************5235,GB,161
f0cfa323-0563-607a-46a2-c6f646e0382f,2026-07-02T09:09:29.015,settlement,SETTLED,pacs.008,FAST,1732.17,USD,**************5235,GB,395
fd484bec-2062-6104-dc46-262570490575,2026-07-08T22:04:15.958,gateway,OK,MT103,FAST,185.37,MYR,**************7727,SG,55
fd484bec-2062-6104-dc46-262570490575,2026-07-08T22:04:16.066,auth,OK,MT103,FAST,185.37,MYR,**************7727,SG,46
fd484bec-2062-6104-dc46-262570490575,2026-07-08T22:04:16.195,validation,OK,MT103,FAST,185.37,MYR,**************7727,SG,109
fd484bec-2062-6104-dc46-262570490575,2026-07-08T22:04:16.357,aml,OK,MT103,FAST,185.37,MYR,**************7727,SG,274
fd484bec-2062-6104-dc46-262570490575,2026-07-08T22:04:16.426,payment-hub,OK,MT103,FAST,185.37,MYR,**************7727,SG,111
fd484bec-2062-6104-dc46-262570490575,2026-07-08T22:04:16.489,core-banking,OK,MT103,FAST,185.37,MYR,**************7727,SG,82
fd484bec-2062-6104-dc46-262570490575,2026-07-08T22:04:16.648,settlement,SETTLED,MT103,FAST,185.37,MYR,**************7727,SG,339
9552f899-0d2a-364d-17e3-07c43a241c92,2026-07-08T14:12:13.342,gateway,OK,pacs.008,SWIFT,936.53,SGD,**************1385,MY,58
9552f899-0d2a-364d-17e3-07c43a241c92,2026-07-08T14:12:13.408,auth,OK,pacs.008,SWIFT,936.53,SGD,**************1385,MY,23
9552f899-0d2a-364d-17e3-07c43a241c92,2026-07-08T14:12:13.523,validation,OK,pacs.008,SWIFT,936.53,SGD,**************1385,MY,34
9552f899-0d2a-364d-17e3-07c43a241c92,2026-07-08T14:12:13.573,aml,OK,pacs.008,SWIFT,936.53,SGD,**************1385,MY,118
9552f899-0d2a-364d-17e3-07c43a241c92,2026-07-08T14:12:13.607,payment-hub,OK,pacs.008,SWIFT,936.53,SGD,**************1385,MY,65
9552f899-0d2a-364d-17e3-07c43a241c92,2026-07-08T14:12:13.657,core-banking,OK,pacs.008,SWIFT,936.53,SGD,**************1385,MY,50
9552f899-0d2a-364d-17e3-07c43a241c92,2026-07-08T14:12:13.761,settlement,SETTLED,pacs.008,SWIFT,936.53,SGD,**************1385,MY,322
485e10ce-d409-83db-0e76-041fcb9bea40,2026-07-13T16:11:21.450,gateway,OK,pacs.008,FAST,388.82,SGD,**************6693,SG,23
485e10ce-d409-83db-0e76-041fcb9bea40,2026-07-13T16:11:21.732,auth,OK,pacs.008,FAST,388.82,SGD,**************6693,SG,20
485e10ce-d409-83db-0e76-041fcb9bea40,2026-07-13T16:11:21.850,validation,OK,pacs.008,FAST,388.82,SGD,**************6693,SG,65
485e10ce-d409-83db-0e76-041fcb9bea40,2026-07-13T16:11:21.918,aml,OK,pacs.008,FAST,388.82,SGD,**************6693,SG,161
485e10ce-d409-83db-0e76-041fcb9bea40,2026-07-13T16:11:21.977,payment-hub,OK,pacs.008,FAST,388.82,SGD,**************6693,SG,113
485e10ce-d409-83db-0e76-041fcb9bea40,2026-07-13T16:11:22.024,core-banking,OK,pacs.008,FAST,388.82,SGD,**************6693,SG,104
485e10ce-d409-83db-0e76-041fcb9bea40,2026-07-13T16:11:22.213,settlement,SETTLED,pacs.008,FAST,388.82,SGD,**************6693,SG,281
18db79a6-78e4-2e94-faf6-257578fd1ca6,2026-07-09T17:23:53.973,gateway,OK,pacs.008,FAST,131.44,USD,**************3516,GB,42
18db79a6-78e4-2e94-faf6-257578fd1ca6,2026-07-09T17:23:54.085,auth,OK,pacs.008,FAST,131.44,USD,**************3516,GB,74
18db79a6-78e4-2e94-faf6-257578fd1ca6,2026-07-09T17:23:54.353,validation,OK,pacs.008,FAST,131.44,USD,**************3516,GB,49
18db79a6-78e4-2e94-faf6-257578fd1ca6,2026-07-09T17:23:54.466,aml,OK,pacs.008,FAST,131.44,USD,**************3516,GB,150
18db79a6-78e4-2e94-faf6-257578fd1ca6,2026-07-09T17:23:54.534,payment-hub,OK,pacs.008,FAST,131.44,USD,**************3516,GB,148
18db79a6-78e4-2e94-faf6-257578fd1ca6,2026-07-09T17:23:54.633,core-banking,OK,pacs.008,FAST,131.44,USD,**************3516,GB,190
18db79a6-78e4-2e94-faf6-257578fd1ca6,2026-07-09T17:23:54.730,settlement,SETTLED,pacs.008,FAST,131.44,USD,**************3516,GB,352
206ddd3f-350f-cb3c-fa2c-30246d46f996,2026-07-06T13:45:36.136,gateway,OK,pacs.008,FAST,179.51,SGD,**************8403,MY,35
206ddd3f-350f-cb3c-fa2c-30246d46f996,2026-07-06T13:45:36.267,auth,OK,pacs.008,FAST,179.51,SGD,**************8403,MY,86
206ddd3f-350f-cb3c-fa2c-30246d46f996,2026-07-06T13:45:36.329,validation,OK,pacs.008,FAST,179.51,SGD,**************8403,MY,113
206ddd3f-350f-cb3c-fa2c-30246d46f996,2026-07-06T13:45:36.386,aml,OK,pacs.008,FAST,179.51,SGD,**************8403,MY,151
206ddd3f-350f-cb3c-fa2c-30246d46f996,2026-07-06T13:45:36.474,payment-hub,OK,pacs.008,FAST,179.51,SGD,**************8403,MY,74
206ddd3f-350f-cb3c-fa2c-30246d46f996,2026-07-06T13:45:36.678,core-banking,OK,pacs.008,FAST,179.51,SGD,**************8403,MY,53
206ddd3f-350f-cb3c-fa2c-30246d46f996,2026-07-06T13:45:36.731,settlement,SETTLED,pacs.008,FAST,179.51,SGD,**************8403,MY,74
642b4048-8342-7846-f609-4d7aa2473f05,2026-07-02T13:48:11.306,gateway,OK,MT103,SWIFT,1038.29,SGD,**************2020,SG,41
642b4048-8342-7846-f609-4d7aa2473f05,2026-07-02T13:48:11.364,auth,OK,MT103,SWIFT,1038.29,SGD,**************2020,SG,74
642b4048-8342-7846-f609-4d7aa2473f05,2026-07-02T13:48:11.588,validation,OK,MT103,SWIFT,1038.29,SGD,**************2020,SG,103
642b4048-8342-7846-f609-4d7aa2473f05,2026-07-02T13:48:11.705,aml,OK,MT103,SWIFT,1038.29,SGD,**************2020,SG,262
642b4048-8342-7846-f609-4d7aa2473f05,2026-07-02T13:48:11.762,payment-hub,OK,MT103,SWIFT,1038.29,SGD,**************2020,SG,37
642b4048-8342-7846-f609-4d7aa2473f05,2026-07-02T13:48:11.852,core-banking,OK,MT103,SWIFT,1038.29,SGD,**************2020,SG,202
642b4048-8342-7846-f609-4d7aa2473f05,2026-07-02T13:48:11.936,settlement,SETTLED,MT103,SWIFT,1038.29,SGD,**************2020,SG,186
02546484-f67a-c2e1-1158-fbb2c918587e,2026-07-04T15:23:35.150,gateway,OK,pacs.008,FAST,844.05,MYR,**************2178,SG,55
02546484-f67a-c2e1-1158-fbb2c918587e,2026-07-04T15:23:35.200,auth,OK,pacs.008,FAST,844.05,MYR,**************2178,SG,30
02546484-f67a-c2e1-1158-fbb2c918587e,2026-07-04T15:23:35.373,validation,OK,pacs.008,FAST,844.05,MYR,**************2178,SG,92
02546484-f67a-c2e1-1158-fbb2c918587e,2026-07-04T15:23:35.462,aml,OK,pacs.008,FAST,844.05,MYR,**************2178,SG,44
02546484-f67a-c2e1-1158-fbb2c918587e,2026-07-04T15:23:35.522,payment-hub,OK,pacs.008,FAST,844.05,MYR,**************2178,SG,139
02546484-f67a-c2e1-1158-fbb2c918587e,2026-07-04T15:23:35.647,core-banking,OK,pacs.008,FAST,844.05,MYR,**************2178,SG,101
02546484-f67a-c2e1-1158-fbb2c918587e,2026-07-04T15:23:35.736,settlement,SETTLED,pacs.008,FAST,844.05,MYR,**************2178,SG,300
e7287fd5-83c9-7ae2-92b5-1441bb2920bb,2026-07-02T22:23:26.205,gateway,OK,pacs.008,FAST,131.27,USD,**************3053,US,29
e7287fd5-83c9-7ae2-92b5-1441bb2920bb,2026-07-02T22:23:26.274,auth,OK,pacs.008,FAST,131.27,USD,**************3053,US,73
e7287fd5-83c9-7ae2-92b5-1441bb2920bb,2026-07-02T22:23:26.306,validation,OK,pacs.008,FAST,131.27,USD,**************3053,US,38
e7287fd5-83c9-7ae2-92b5-1441bb2920bb,2026-07-02T22:23:26.407,aml,OK,pacs.008,FAST,131.27,USD,**************3053,US,192
e7287fd5-83c9-7ae2-92b5-1441bb2920bb,2026-07-02T22:23:26.474,payment-hub,OK,pacs.008,FAST,131.27,USD,**************3053,US,45
e7287fd5-83c9-7ae2-92b5-1441bb2920bb,2026-07-02T22:23:26.579,core-banking,OK,pacs.008,FAST,131.27,USD,**************3053,US,225
e7287fd5-83c9-7ae2-92b5-1441bb2920bb,2026-07-02T22:23:26.729,settlement,SETTLED,pacs.008,FAST,131.27,USD,**************3053,US,200
00cb1a70-d67d-44c8-8242-89c6bb772051,2026-07-11T22:11:26.245,gateway,OK,pacs.008,FAST,834.58,USD,**************0213,HK,46
00cb1a70-d67d-44c8-8242-89c6bb772051,2026-07-11T22:11:26.325,auth,OK,pacs.008,FAST,834.58,USD,**************0213,HK,37
00cb1a70-d67d-44c8-8242-89c6bb772051,2026-07-11T22:11:26.449,validation,OK,pacs.008,FAST,834.58,USD,**************0213,HK,38
00cb1a70-d67d-44c8-8242-89c6bb772051,2026-07-11T22:11:26.724,aml,OK,pacs.008,FAST,834.58,USD,**************0213,HK,186
00cb1a70-d67d-44c8-8242-89c6bb772051,2026-07-11T22:11:26.866,payment-hub,OK,pacs.008,FAST,834.58,USD,**************0213,HK,144
00cb1a70-d67d-44c8-8242-89c6bb772051,2026-07-11T22:11:26.958,core-banking,OK,pacs.008,FAST,834.58,USD,**************0213,HK,157
00cb1a70-d67d-44c8-8242-89c6bb772051,2026-07-11T22:11:27.077,settlement,SETTLED,pacs.008,FAST,834.58,USD,**************0213,HK,288
debd3daa-cd11-9b20-f369-41241413b337,2026-07-14T20:22:28.988,gateway,OK,pacs.008,SWIFT,2325.74,SGD,**************6877,SG,36
debd3daa-cd11-9b20-f369-41241413b337,2026-07-14T20:22:29.158,auth,OK,pacs.008,SWIFT,2325.74,SGD,**************6877,SG,68
debd3daa-cd11-9b20-f369-41241413b337,2026-07-14T20:22:29.219,validation,OK,pacs.008,SWIFT,2325.74,SGD,**************6877,SG,95
debd3daa-cd11-9b20-f369-41241413b337,2026-07-14T20:22:29.281,aml,OK,pacs.008,SWIFT,2325.74,SGD,**************6877,SG,220
debd3daa-cd11-9b20-f369-41241413b337,2026-07-14T20:22:29.353,payment-hub,OK,pacs.008,SWIFT,2325.74,SGD,**************6877,SG,75
debd3daa-cd11-9b20-f369-41241413b337,2026-07-14T20:22:29.687,core-banking,OK,pacs.008,SWIFT,2325.74,SGD,**************6877,SG,140
debd3daa-cd11-9b20-f369-41241413b337,2026-07-14T20:22:29.754,settlement,SETTLED,pacs.008,SWIFT,2325.74,SGD,**************6877,SG,397
b49009dc-27ac-389c-960b-6a9d2363af8a,2026-07-04T08:09:16.129,gateway,OK,pacs.008,FAST,2630.2,INR,**************9891,IN,42
b49009dc-27ac-389c-960b-6a9d2363af8a,2026-07-04T08:09:16.383,auth,OK,pacs.008,FAST,2630.2,INR,**************9891,IN,38
b49009dc-27ac-389c-960b-6a9d2363af8a,2026-07-04T08:09:16.491,validation,REJECTED,pacs.008,FAST,2630.2,INR,**************9891,IN,68
e9513b49-3c1f-2506-f8e3-7fa202d61bca,2026-07-01T13:21:25.684,gateway,OK,pacs.008,FAST,188.88,SGD,**************6701,SG,41
e9513b49-3c1f-2506-f8e3-7fa202d61bca,2026-07-01T13:21:25.829,auth,OK,pacs.008,FAST,188.88,SGD,**************6701,SG,64
e9513b49-3c1f-2506-f8e3-7fa202d61bca,2026-07-01T13:21:25.940,validation,OK,pacs.008,FAST,188.88,SGD,**************6701,SG,118
e9513b49-3c1f-2506-f8e3-7fa202d61bca,2026-07-01T13:21:26.214,aml,OK,pacs.008,FAST,188.88,SGD,**************6701,SG,221
e9513b49-3c1f-2506-f8e3-7fa202d61bca,2026-07-01T13:21:26.303,payment-hub,OK,pacs.008,FAST,188.88,SGD,**************6701,SG,131
e9513b49-3c1f-2506-f8e3-7fa202d61bca,2026-07-01T13:21:26.365,core-banking,OK,pacs.008,FAST,188.88,SGD,**************6701,SG,87
e9513b49-3c1f-2506-f8e3-7fa202d61bca,2026-07-01T13:21:26.466,settlement,SETTLED,pacs.008,FAST,188.88,SGD,**************6701,SG,275
51c4a954-39d9-6be3-f58f-d71656b37391,2026-07-14T04:29:45.749,gateway,OK,pacs.008,FAST,804.54,SGD,**************3902,IN,50
51c4a954-39d9-6be3-f58f-d71656b37391,2026-07-14T04:29:45.892,auth,OK,pacs.008,FAST,804.54,SGD,**************3902,IN,86
51c4a954-39d9-6be3-f58f-d71656b37391,2026-07-14T04:29:46.097,validation,OK,pacs.008,FAST,804.54,SGD,**************3902,IN,54
51c4a954-39d9-6be3-f58f-d71656b37391,2026-07-14T04:29:46.170,aml,OK,pacs.008,FAST,804.54,SGD,**************3902,IN,76
51c4a954-39d9-6be3-f58f-d71656b37391,2026-07-14T04:29:46.202,payment-hub,OK,pacs.008,FAST,804.54,SGD,**************3902,IN,88
51c4a954-39d9-6be3-f58f-d71656b37391,2026-07-14T04:29:46.238,core-banking,OK,pacs.008,FAST,804.54,SGD,**************3902,IN,121
51c4a954-39d9-6be3-f58f-d71656b37391,2026-07-14T04:29:46.313,settlement,SETTLED,pacs.008,FAST,804.54,SGD,**************3902,IN,72
644c9b1e-249b-b415-b8fe-1da5278cfd06,2026-07-12T07:11:05.492,gateway,OK,pacs.008,FAST,2820.83,USD,**************4372,SG,45
644c9b1e-249b-b415-b8fe-1da5278cfd06,2026-07-12T07:11:05.731,auth,OK,pacs.008,FAST,2820.83,USD,**************4372,SG,28
644c9b1e-249b-b415-b8fe-1da5278cfd06,2026-07-12T07:11:05.863,validation,OK,pacs.008,FAST,2820.83,USD,**************4372,SG,29
644c9b1e-249b-b415-b8fe-1da5278cfd06,2026-07-12T07:11:05.998,aml,TIMEOUT,pacs.008,FAST,2820.83,USD,**************4372,SG,30000
644c9b1e-249b-b415-b8fe-1da5278cfd06,2026-07-12T07:11:06.183,payment-hub,FAILED,pacs.008,FAST,2820.83,USD,**************4372,SG,61
cb914895-1c24-0146-25b9-d6703298162e,2026-07-10T05:42:14.616,gateway,OK,MT103,FAST,2667.05,USD,**************3783,SG,24
cb914895-1c24-0146-25b9-d6703298162e,2026-07-10T05:42:14.709,auth,OK,MT103,FAST,2667.05,USD,**************3783,SG,48
cb914895-1c24-0146-25b9-d6703298162e,2026-07-10T05:42:14.847,validation,OK,MT103,FAST,2667.05,USD,**************3783,SG,59
cb914895-1c24-0146-25b9-d6703298162e,2026-07-10T05:42:14.944,aml,OK,MT103,FAST,2667.05,USD,**************3783,SG,131
cb914895-1c24-0146-25b9-d6703298162e,2026-07-10T05:42:15.066,payment-hub,OK,MT103,FAST,2667.05,USD,**************3783,SG,138
cb914895-1c24-0146-25b9-d6703298162e,2026-07-10T05:42:15.157,core-banking,OK,MT103,FAST,2667.05,USD,**************3783,SG,148
cb914895-1c24-0146-25b9-d6703298162e,2026-07-10T05:42:15.242,settlement,SETTLED,MT103,FAST,2667.05,USD,**************3783,SG,313
bb33c131-3903-8604-973e-71d89075f3e0,2026-07-07T17:17:41.220,gateway,OK,pacs.008,FAST,1702.9,MYR,**************0745,US,15
bb33c131-3903-8604-973e-71d89075f3e0,2026-07-07T17:17:41.400,auth,OK,pacs.008,FAST,1702.9,MYR,**************0745,US,43
bb33c131-3903-8604-973e-71d89075f3e0,2026-07-07T17:17:41.448,validation,OK,pacs.008,FAST,1702.9,MYR,**************0745,US,67
bb33c131-3903-8604-973e-71d89075f3e0,2026-07-07T17:17:41.578,aml,OK,pacs.008,FAST,1702.9,MYR,**************0745,US,200
bb33c131-3903-8604-973e-71d89075f3e0,2026-07-07T17:17:41.647,payment-hub,OK,pacs.008,FAST,1702.9,MYR,**************0745,US,139
bb33c131-3903-8604-973e-71d89075f3e0,2026-07-07T17:17:41.733,core-banking,OK,pacs.008,FAST,1702.9,MYR,**************0745,US,89
bb33c131-3903-8604-973e-71d89075f3e0,2026-07-07T17:17:41.799,settlement,SETTLED,pacs.008,FAST,1702.9,MYR,**************0745,US,344
342f3455-71e0-f861-4e5e-aec44e087f16,2026-07-06T05:31:42.482,gateway,OK,pacs.008,FAST,1131.56,USD,**************0439,HK,60
342f3455-71e0-f861-4e5e-aec44e087f16,2026-07-06T05:31:42.543,auth,OK,pacs.008,FAST,1131.56,USD,**************0439,HK,27
342f3455-71e0-f861-4e5e-aec44e087f16,2026-07-06T05:31:42.615,validation,OK,pacs.008,FAST,1131.56,USD,**************0439,HK,94
342f3455-71e0-f861-4e5e-aec44e087f16,2026-07-06T05:31:42.679,aml,OK,pacs.008,FAST,1131.56,USD,**************0439,HK,287
342f3455-71e0-f861-4e5e-aec44e087f16,2026-07-06T05:31:42.745,payment-hub,OK,pacs.008,FAST,1131.56,USD,**************0439,HK,93
342f3455-71e0-f861-4e5e-aec44e087f16,2026-07-06T05:31:42.867,core-banking,OK,pacs.008,FAST,1131.56,USD,**************0439,HK,57
342f3455-71e0-f861-4e5e-aec44e087f16,2026-07-06T05:31:42.988,settlement,SETTLED,pacs.008,FAST,1131.56,USD,**************0439,HK,184
cd99a154-ac94-d21d-cbb6-aaa3b7a60b4a,2026-07-07T10:54:37.601,gateway,OK,pacs.008,FAST,334.18,USD,**************4860,SG,22
cd99a154-ac94-d21d-cbb6-aaa3b7a60b4a,2026-07-07T10:54:37.665,auth,OK,pacs.008,FAST,334.18,USD,**************4860,SG,38
cd99a154-ac94-d21d-cbb6-aaa3b7a60b4a,2026-07-07T10:54:37.873,validation,OK,pacs.008,FAST,334.18,USD,**************4860,SG,38
cd99a154-ac94-d21d-cbb6-aaa3b7a60b4a,2026-07-07T10:54:37.976,aml,OK,pacs.008,FAST,334.18,USD,**************4860,SG,279
cd99a154-ac94-d21d-cbb6-aaa3b7a60b4a,2026-07-07T10:54:38.109,payment-hub,OK,pacs.008,FAST,334.18,USD,**************4860,SG,76
cd99a154-ac94-d21d-cbb6-aaa3b7a60b4a,2026-07-07T10:54:38.331,core-banking,OK,pacs.008,FAST,334.18,USD,**************4860,SG,112
cd99a154-ac94-d21d-cbb6-aaa3b7a60b4a,2026-07-07T10:54:38.421,settlement,SETTLED,pacs.008,FAST,334.18,USD,**************4860,SG,184
fcbfd3ed-736a-60bb-74e7-7d36683e6ca9,2026-07-01T21:03:24.744,gateway,OK,MT103,FAST,3272.24,SGD,**************9578,HK,43
fcbfd3ed-736a-60bb-74e7-7d36683e6ca9,2026-07-01T21:03:24.801,auth,OK,MT103,FAST,3272.24,SGD,**************9578,HK,39
fcbfd3ed-736a-60bb-74e7-7d36683e6ca9,2026-07-01T21:03:24.997,validation,OK,MT103,FAST,3272.24,SGD,**************9578,HK,78
fcbfd3ed-736a-60bb-74e7-7d36683e6ca9,2026-07-01T21:03:25.135,aml,OK,MT103,FAST,3272.24,SGD,**************9578,HK,98
fcbfd3ed-736a-60bb-74e7-7d36683e6ca9,2026-07-01T21:03:25.362,payment-hub,OK,MT103,FAST,3272.24,SGD,**************9578,HK,68
fcbfd3ed-736a-60bb-74e7-7d36683e6ca9,2026-07-01T21:03:25.440,core-banking,OK,MT103,FAST,3272.24,SGD,**************9578,HK,165
fcbfd3ed-736a-60bb-74e7-7d36683e6ca9,2026-07-01T21:03:25.629,settlement,SETTLED,MT103,FAST,3272.24,SGD,**************9578,HK,359
9eeca24b-49f8-32b7-4d00-32b9b3e42a78,2026-07-04T22:22:36.082,gateway,OK,MT103,FAST,708.64,USD,**************3480,SG,29
9eeca24b-49f8-32b7-4d00-32b9b3e42a78,2026-07-04T22:22:36.182,auth,OK,MT103,FAST,708.64,USD,**************3480,SG,80
9eeca24b-49f8-32b7-4d00-32b9b3e42a78,2026-07-04T22:22:36.278,validation,OK,MT103,FAST,708.64,USD,**************3480,SG,92
9eeca24b-49f8-32b7-4d00-32b9b3e42a78,2026-07-04T22:22:36.422,aml,OK,MT103,FAST,708.64,USD,**************3480,SG,219
9eeca24b-49f8-32b7-4d00-32b9b3e42a78,2026-07-04T22:22:36.494,payment-hub,OK,MT103,FAST,708.64,USD,**************3480,SG,135
9eeca24b-49f8-32b7-4d00-32b9b3e42a78,2026-07-04T22:22:36.575,core-banking,OK,MT103,FAST,708.64,USD,**************3480,SG,113
9eeca24b-49f8-32b7-4d00-32b9b3e42a78,2026-07-04T22:22:36.624,settlement,SETTLED,MT103,FAST,708.64,USD,**************3480,SG,171
bee32982-4f0d-f0d0-3d6a-8d78297a931f,2026-07-15T00:42:25.098,gateway,OK,pacs.008,FAST,516.44,USD,**************8136,SG,54
bee32982-4f0d-f0d0-3d6a-8d78297a931f,2026-07-15T00:42:25.245,auth,OK,pacs.008,FAST,516.44,USD,**************8136,SG,67
bee32982-4f0d-f0d0-3d6a-8d78297a931f,2026-07-15T00:42:25.320,validation,OK,pacs.008,FAST,516.44,USD,**************8136,SG,107
bee32982-4f0d-f0d0-3d6a-8d78297a931f,2026-07-15T00:42:25.633,aml,OK,pacs.008,FAST,516.44,USD,**************8136,SG,155
bee32982-4f0d-f0d0-3d6a-8d78297a931f,2026-07-15T00:42:25.698,payment-hub,OK,pacs.008,FAST,516.44,USD,**************8136,SG,46
bee32982-4f0d-f0d0-3d6a-8d78297a931f,2026-07-15T00:42:25.760,core-banking,OK,pacs.008,FAST,516.44,USD,**************8136,SG,70
bee32982-4f0d-f0d0-3d6a-8d78297a931f,2026-07-15T00:42:25.932,settlement,SETTLED,pacs.008,FAST,516.44,USD,**************8136,SG,282
a7b926fc-44d4-11de-b3c5-c0a425d3f905,2026-07-06T10:34:07.303,gateway,OK,pacs.008,FAST,453.59,USD,**************0624,MY,25
a7b926fc-44d4-11de-b3c5-c0a425d3f905,2026-07-06T10:34:07.550,auth,OK,pacs.008,FAST,453.59,USD,**************0624,MY,69
a7b926fc-44d4-11de-b3c5-c0a425d3f905,2026-07-06T10:34:07.623,validation,OK,pacs.008,FAST,453.59,USD,**************0624,MY,71
a7b926fc-44d4-11de-b3c5-c0a425d3f905,2026-07-06T10:34:07.673,aml,OK,pacs.008,FAST,453.59,USD,**************0624,MY,293
a7b926fc-44d4-11de-b3c5-c0a425d3f905,2026-07-06T10:34:07.757,payment-hub,OK,pacs.008,FAST,453.59,USD,**************0624,MY,45
a7b926fc-44d4-11de-b3c5-c0a425d3f905,2026-07-06T10:34:07.791,core-banking,OK,pacs.008,FAST,453.59,USD,**************0624,MY,58
a7b926fc-44d4-11de-b3c5-c0a425d3f905,2026-07-06T10:34:07.841,settlement,SETTLED,pacs.008,FAST,453.59,USD,**************0624,MY,101
c6c3acc4-015d-200c-1515-0af181287372,2026-07-15T04:15:52.896,gateway,OK,pacs.008,SWIFT,748.31,MYR,**************9979,IN,21
c6c3acc4-015d-200c-1515-0af181287372,2026-07-15T04:15:52.941,auth,OK,pacs.008,SWIFT,748.31,MYR,**************9979,IN,37
c6c3acc4-015d-200c-1515-0af181287372,2026-07-15T04:15:53.058,validation,OK,pacs.008,SWIFT,748.31,MYR,**************9979,IN,101
c6c3acc4-015d-200c-1515-0af181287372,2026-07-15T04:15:53.142,aml,TIMEOUT,pacs.008,SWIFT,748.31,MYR,**************9979,IN,30000
c6c3acc4-015d-200c-1515-0af181287372,2026-07-15T04:15:53.251,payment-hub,FAILED,pacs.008,SWIFT,748.31,MYR,**************9979,IN,134
ba75793d-b323-9864-0a79-b5ceec071540,2026-07-12T14:42:45.876,gateway,OK,pacs.008,FAST,800.53,INR,**************4890,SG,52
ba75793d-b323-9864-0a79-b5ceec071540,2026-07-12T14:42:45.963,auth,OK,pacs.008,FAST,800.53,INR,**************4890,SG,70
ba75793d-b323-9864-0a79-b5ceec071540,2026-07-12T14:42:46.003,validation,OK,pacs.008,FAST,800.53,INR,**************4890,SG,89
ba75793d-b323-9864-0a79-b5ceec071540,2026-07-12T14:42:46.067,aml,OK,pacs.008,FAST,800.53,INR,**************4890,SG,205
ba75793d-b323-9864-0a79-b5ceec071540,2026-07-12T14:42:46.130,payment-hub,OK,pacs.008,FAST,800.53,INR,**************4890,SG,63
ba75793d-b323-9864-0a79-b5ceec071540,2026-07-12T14:42:46.213,core-banking,OK,pacs.008,FAST,800.53,INR,**************4890,SG,167
ba75793d-b323-9864-0a79-b5ceec071540,2026-07-12T14:42:46.321,settlement,SETTLED,pacs.008,FAST,800.53,INR,**************4890,SG,204
9d7a6c13-1128-9d5b-9621-854bca558594,2026-07-09T04:52:45.508,gateway,OK,MT103,SWIFT,36.12,SGD,**************5260,MY,52
9d7a6c13-1128-9d5b-9621-854bca558594,2026-07-09T04:52:45.565,auth,OK,MT103,SWIFT,36.12,SGD,**************5260,MY,33
9d7a6c13-1128-9d5b-9621-854bca558594,2026-07-09T04:52:45.619,validation,OK,MT103,SWIFT,36.12,SGD,**************5260,MY,71
9d7a6c13-1128-9d5b-9621-854bca558594,2026-07-09T04:52:45.723,aml,OK,MT103,SWIFT,36.12,SGD,**************5260,MY,56
9d7a6c13-1128-9d5b-9621-854bca558594,2026-07-09T04:52:45.929,payment-hub,OK,MT103,SWIFT,36.12,SGD,**************5260,MY,57
9d7a6c13-1128-9d5b-9621-854bca558594,2026-07-09T04:52:45.976,core-banking,OK,MT103,SWIFT,36.12,SGD,**************5260,MY,56
9d7a6c13-1128-9d5b-9621-854bca558594,2026-07-09T04:52:46.192,settlement,SETTLED,MT103,SWIFT,36.12,SGD,**************5260,MY,311
101fccd7-3539-3aab-a0f7-8e11f1eafda5,2026-07-12T08:25:26.835,gateway,OK,pacs.008,SWIFT,2372.36,USD,**************7984,MY,48
101fccd7-3539-3aab-a0f7-8e11f1eafda5,2026-07-12T08:25:26.980,auth,OK,pacs.008,SWIFT,2372.36,USD,**************7984,MY,44
101fccd7-3539-3aab-a0f7-8e11f1eafda5,2026-07-12T08:25:27.205,validation,REJECTED,pacs.008,SWIFT,2372.36,USD,**************7984,MY,34
dd863c58-579d-977b-c215-bb5e8375b197,2026-07-03T12:50:49.561,gateway,OK,pacs.008,SWIFT,4104.03,SGD,**************2893,SG,30
dd863c58-579d-977b-c215-bb5e8375b197,2026-07-03T12:50:49.630,auth,OK,pacs.008,SWIFT,4104.03,SGD,**************2893,SG,87
dd863c58-579d-977b-c215-bb5e8375b197,2026-07-03T12:50:49.704,validation,OK,pacs.008,SWIFT,4104.03,SGD,**************2893,SG,94
dd863c58-579d-977b-c215-bb5e8375b197,2026-07-03T12:50:49.830,aml,OK,pacs.008,SWIFT,4104.03,SGD,**************2893,SG,243
dd863c58-579d-977b-c215-bb5e8375b197,2026-07-03T12:50:49.933,payment-hub,OK,pacs.008,SWIFT,4104.03,SGD,**************2893,SG,104
dd863c58-579d-977b-c215-bb5e8375b197,2026-07-03T12:50:49.998,core-banking,OK,pacs.008,SWIFT,4104.03,SGD,**************2893,SG,138
dd863c58-579d-977b-c215-bb5e8375b197,2026-07-03T12:50:50.184,settlement,SETTLED,pacs.008,SWIFT,4104.03,SGD,**************2893,SG,310
23472300-96ef-ab73-0fad-2439b9b69d87,2026-07-07T17:36:24.591,gateway,OK,0200,FAST,572.15,EUR,**************5084,SG,52
23472300-96ef-ab73-0fad-2439b9b69d87,2026-07-07T17:36:24.656,auth,OK,0200,FAST,572.15,EUR,**************5084,SG,38
23472300-96ef-ab73-0fad-2439b9b69d87,2026-07-07T17:36:24.705,validation,OK,0200,FAST,572.15,EUR,**************5084,SG,36
23472300-96ef-ab73-0fad-2439b9b69d87,2026-07-07T17:36:24.862,aml,OK,0200,FAST,572.15,EUR,**************5084,SG,256
23472300-96ef-ab73-0fad-2439b9b69d87,2026-07-07T17:36:24.919,payment-hub,OK,0200,FAST,572.15,EUR,**************5084,SG,39
23472300-96ef-ab73-0fad-2439b9b69d87,2026-07-07T17:36:25.181,core-banking,OK,0200,FAST,572.15,EUR,**************5084,SG,176
23472300-96ef-ab73-0fad-2439b9b69d87,2026-07-07T17:36:25.357,settlement,SETTLED,0200,FAST,572.15,EUR,**************5084,SG,110
fe627e3a-9067-a717-6886-197e7048e67c,2026-07-09T18:52:09.378,gateway,OK,pacs.008,FAST,215.0,SGD,**************1258,IN,19
fe627e3a-9067-a717-6886-197e7048e67c,2026-07-09T18:52:09.494,auth,OK,pacs.008,FAST,215.0,SGD,**************1258,IN,79
fe627e3a-9067-a717-6886-197e7048e67c,2026-07-09T18:52:09.550,validation,OK,pacs.008,FAST,215.0,SGD,**************1258,IN,42
fe627e3a-9067-a717-6886-197e7048e67c,2026-07-09T18:52:09.617,aml,OK,pacs.008,FAST,215.0,SGD,**************1258,IN,176
fe627e3a-9067-a717-6886-197e7048e67c,2026-07-09T18:52:09.674,payment-hub,OK,pacs.008,FAST,215.0,SGD,**************1258,IN,72
fe627e3a-9067-a717-6886-197e7048e67c,2026-07-09T18:52:09.793,core-banking,OK,pacs.008,FAST,215.0,SGD,**************1258,IN,207
fe627e3a-9067-a717-6886-197e7048e67c,2026-07-09T18:52:10.116,settlement,SETTLED,pacs.008,FAST,215.0,SGD,**************1258,IN,366
19714607-7605-4a44-977e-afb7c9031af1,2026-07-09T01:29:39.174,gateway,OK,MT103,FAST,1594.76,EUR,**************2055,SG,19
19714607-7605-4a44-977e-afb7c9031af1,2026-07-09T01:29:39.259,auth,OK,MT103,FAST,1594.76,EUR,**************2055,SG,60
19714607-7605-4a44-977e-afb7c9031af1,2026-07-09T01:29:39.299,validation,OK,MT103,FAST,1594.76,EUR,**************2055,SG,103
19714607-7605-4a44-977e-afb7c9031af1,2026-07-09T01:29:39.385,aml,OK,MT103,FAST,1594.76,EUR,**************2055,SG,139
19714607-7605-4a44-977e-afb7c9031af1,2026-07-09T01:29:39.517,payment-hub,OK,MT103,FAST,1594.76,EUR,**************2055,SG,139
19714607-7605-4a44-977e-afb7c9031af1,2026-07-09T01:29:39.789,core-banking,OK,MT103,FAST,1594.76,EUR,**************2055,SG,228
19714607-7605-4a44-977e-afb7c9031af1,2026-07-09T01:29:39.991,settlement,SETTLED,MT103,FAST,1594.76,EUR,**************2055,SG,297
d4156cc8-9e1a-d26b-304a-3c46a57c8d6d,2026-07-06T19:34:36.504,gateway,OK,MT103,FAST,2705.62,SGD,**************3914,SG,36
d4156cc8-9e1a-d26b-304a-3c46a57c8d6d,2026-07-06T19:34:36.633,auth,OK,MT103,FAST,2705.62,SGD,**************3914,SG,83
d4156cc8-9e1a-d26b-304a-3c46a57c8d6d,2026-07-06T19:35:06.670,validation,OK,MT103,FAST,2705.62,SGD,**************3914,SG,50
d4156cc8-9e1a-d26b-304a-3c46a57c8d6d,2026-07-06T19:35:06.750,aml,OK,MT103,FAST,2705.62,SGD,**************3914,SG,154
d4156cc8-9e1a-d26b-304a-3c46a57c8d6d,2026-07-06T19:35:06.863,payment-hub,OK,MT103,FAST,2705.62,SGD,**************3914,SG,31
d4156cc8-9e1a-d26b-304a-3c46a57c8d6d,2026-07-06T19:35:06.942,core-banking,OK,MT103,FAST,2705.62,SGD,**************3914,SG,92
d4156cc8-9e1a-d26b-304a-3c46a57c8d6d,2026-07-06T19:35:07.007,settlement,SETTLED,MT103,FAST,2705.62,SGD,**************3914,SG,70
2e750514-d8c4-52b8-3a09-3849090f1d12,2026-07-06T07:52:17.502,gateway,OK,pacs.008,SWIFT,231.55,EUR,**************5827,SG,42
2e750514-d8c4-52b8-3a09-3849090f1d12,2026-07-06T07:52:17.714,auth,OK,pacs.008,SWIFT,231.55,EUR,**************5827,SG,46
2e750514-d8c4-52b8-3a09-3849090f1d12,2026-07-06T07:52:17.787,validation,OK,pacs.008,SWIFT,231.55,EUR,**************5827,SG,81
2e750514-d8c4-52b8-3a09-3849090f1d12,2026-07-06T07:52:17.874,aml,OK,pacs.008,SWIFT,231.55,EUR,**************5827,SG,267
2e750514-d8c4-52b8-3a09-3849090f1d12,2026-07-06T07:52:17.961,payment-hub,OK,pacs.008,SWIFT,231.55,EUR,**************5827,SG,69
2e750514-d8c4-52b8-3a09-3849090f1d12,2026-07-06T07:52:18.027,core-banking,OK,pacs.008,SWIFT,231.55,EUR,**************5827,SG,138
2e750514-d8c4-52b8-3a09-3849090f1d12,2026-07-06T07:52:18.114,settlement,SETTLED,pacs.008,SWIFT,231.55,EUR,**************5827,SG,290
378f379c-2fba-7854-5b40-322de94868b1,2026-07-04T11:25:02.635,gateway,OK,pacs.008,FAST,2536.77,SGD,**************5209,US,33
378f379c-2fba-7854-5b40-322de94868b1,2026-07-04T11:25:02.791,auth,OK,pacs.008,FAST,2536.77,SGD,**************5209,US,40
378f379c-2fba-7854-5b40-322de94868b1,2026-07-04T11:25:02.895,validation,REJECTED,pacs.008,FAST,2536.77,SGD,**************5209,US,32
c9ba60ab-e261-c146-87f6-27b083f6d57c,2026-07-04T22:32:20.960,gateway,OK,MT103,SWIFT,816.75,SGD,**************8222,SG,53
c9ba60ab-e261-c146-87f6-27b083f6d57c,2026-07-04T22:32:21.027,auth,OK,MT103,SWIFT,816.75,SGD,**************8222,SG,54
c9ba60ab-e261-c146-87f6-27b083f6d57c,2026-07-04T22:32:21.107,validation,OK,MT103,SWIFT,816.75,SGD,**************8222,SG,50
c9ba60ab-e261-c146-87f6-27b083f6d57c,2026-07-04T22:32:51.119,aml,OK,MT103,SWIFT,816.75,SGD,**************8222,SG,164
c9ba60ab-e261-c146-87f6-27b083f6d57c,2026-07-04T22:32:51.197,payment-hub,OK,MT103,SWIFT,816.75,SGD,**************8222,SG,88
c9ba60ab-e261-c146-87f6-27b083f6d57c,2026-07-04T22:32:51.276,core-banking,OK,MT103,SWIFT,816.75,SGD,**************8222,SG,127
c9ba60ab-e261-c146-87f6-27b083f6d57c,2026-07-04T22:32:51.378,settlement,SETTLED,MT103,SWIFT,816.75,SGD,**************8222,SG,326
ebdff143-9033-0d48-de6a-8ae0ce1884d3,2026-07-13T19:44:48.277,gateway,OK,MT103,FAST,347.98,MYR,**************1923,SG,48
ebdff143-9033-0d48-de6a-8ae0ce1884d3,2026-07-13T19:44:48.502,auth,OK,MT103,FAST,347.98,MYR,**************1923,SG,70
ebdff143-9033-0d48-de6a-8ae0ce1884d3,2026-07-13T19:44:48.573,validation,OK,MT103,FAST,347.98,MYR,**************1923,SG,95
ebdff143-9033-0d48-de6a-8ae0ce1884d3,2026-07-13T19:44:48.708,aml,OK,MT103,FAST,347.98,MYR,**************1923,SG,56
ebdff143-9033-0d48-de6a-8ae0ce1884d3,2026-07-13T19:44:48.879,payment-hub,OK,MT103,FAST,347.98,MYR,**************1923,SG,37
ebdff143-9033-0d48-de6a-8ae0ce1884d3,2026-07-13T19:44:49.075,core-banking,OK,MT103,FAST,347.98,MYR,**************1923,SG,202
ebdff143-9033-0d48-de6a-8ae0ce1884d3,2026-07-13T19:44:49.209,settlement,SETTLED,MT103,FAST,347.98,MYR,**************1923,SG,182
97e8c277-b05d-2734-a27c-ad173636e2a7,2026-07-05T06:17:40.685,gateway,OK,pacs.008,FAST,763.99,INR,**************3377,GB,21
97e8c277-b05d-2734-a27c-ad173636e2a7,2026-07-05T06:17:40.817,auth,OK,pacs.008,FAST,763.99,INR,**************3377,GB,74
97e8c277-b05d-2734-a27c-ad173636e2a7,2026-07-05T06:17:40.846,validation,OK,pacs.008,FAST,763.99,INR,**************3377,GB,55
97e8c277-b05d-2734-a27c-ad173636e2a7,2026-07-05T06:17:40.910,aml,OK,pacs.008,FAST,763.99,INR,**************3377,GB,181
97e8c277-b05d-2734-a27c-ad173636e2a7,2026-07-05T06:17:40.990,payment-hub,OK,pacs.008,FAST,763.99,INR,**************3377,GB,51
97e8c277-b05d-2734-a27c-ad173636e2a7,2026-07-05T06:17:41.048,core-banking,OK,pacs.008,FAST,763.99,INR,**************3377,GB,124
97e8c277-b05d-2734-a27c-ad173636e2a7,2026-07-05T06:17:41.207,settlement,SETTLED,pacs.008,FAST,763.99,INR,**************3377,GB,270
93bb51b6-da73-84a2-0af4-bd6b4417f758,2026-07-06T21:33:26.818,gateway,OK,pacs.008,FAST,932.99,MYR,**************3593,SG,42
93bb51b6-da73-84a2-0af4-bd6b4417f758,2026-07-06T21:33:26.912,auth,OK,pacs.008,FAST,932.99,MYR,**************3593,SG,48
93bb51b6-da73-84a2-0af4-bd6b4417f758,2026-07-06T21:33:27.115,validation,OK,pacs.008,FAST,932.99,MYR,**************3593,SG,90
93bb51b6-da73-84a2-0af4-bd6b4417f758,2026-07-06T21:33:27.317,aml,OK,pacs.008,FAST,932.99,MYR,**************3593,SG,231
93bb51b6-da73-84a2-0af4-bd6b4417f758,2026-07-06T21:33:27.448,payment-hub,OK,pacs.008,FAST,932.99,MYR,**************3593,SG,132
93bb51b6-da73-84a2-0af4-bd6b4417f758,2026-07-06T21:33:27.538,core-banking,OK,pacs.008,FAST,932.99,MYR,**************3593,SG,62
93bb51b6-da73-84a2-0af4-bd6b4417f758,2026-07-06T21:33:27.642,settlement,SETTLED,pacs.008,FAST,932.99,MYR,**************3593,SG,92
c54b5bc5-99f2-12a9-9fbd-0932bb59fba9,2026-07-02T10:18:01.090,gateway,OK,pacs.008,FAST,278.72,USD,**************4981,SG,20
c54b5bc5-99f2-12a9-9fbd-0932bb59fba9,2026-07-02T10:18:01.244,auth,OK,pacs.008,FAST,278.72,USD,**************4981,SG,73
c54b5bc5-99f2-12a9-9fbd-0932bb59fba9,2026-07-02T10:18:01.293,validation,OK,pacs.008,FAST,278.72,USD,**************4981,SG,28
c54b5bc5-99f2-12a9-9fbd-0932bb59fba9,2026-07-02T10:18:01.351,aml,OK,pacs.008,FAST,278.72,USD,**************4981,SG,249
c54b5bc5-99f2-12a9-9fbd-0932bb59fba9,2026-07-02T10:18:01.444,payment-hub,OK,pacs.008,FAST,278.72,USD,**************4981,SG,105
c54b5bc5-99f2-12a9-9fbd-0932bb59fba9,2026-07-02T10:18:01.551,core-banking,OK,pacs.008,FAST,278.72,USD,**************4981,SG,87
c54b5bc5-99f2-12a9-9fbd-0932bb59fba9,2026-07-02T10:18:01.733,settlement,SETTLED,pacs.008,FAST,278.72,USD,**************4981,SG,153
786657d9-32ee-ee42-8d8f-914fb9c99b7b,2026-07-11T02:47:54.958,gateway,OK,pacs.008,SWIFT,791.75,USD,**************6946,SG,37
786657d9-32ee-ee42-8d8f-914fb9c99b7b,2026-07-11T02:47:55.285,auth,OK,pacs.008,SWIFT,791.75,USD,**************6946,SG,50
786657d9-32ee-ee42-8d8f-914fb9c99b7b,2026-07-11T02:47:55.487,validation,OK,pacs.008,SWIFT,791.75,USD,**************6946,SG,115
786657d9-32ee-ee42-8d8f-914fb9c99b7b,2026-07-11T02:47:55.565,aml,OK,pacs.008,SWIFT,791.75,USD,**************6946,SG,268
786657d9-32ee-ee42-8d8f-914fb9c99b7b,2026-07-11T02:47:55.682,payment-hub,OK,pacs.008,SWIFT,791.75,USD,**************6946,SG,47
786657d9-32ee-ee42-8d8f-914fb9c99b7b,2026-07-11T02:47:55.803,core-banking,OK,pacs.008,SWIFT,791.75,USD,**************6946,SG,216
786657d9-32ee-ee42-8d8f-914fb9c99b7b,2026-07-11T02:47:55.842,settlement,SETTLED,pacs.008,SWIFT,791.75,USD,**************6946,SG,381
b0e0df3b-b8de-fb5e-c11a-1ecfe8482a40,2026-07-06T18:14:22.753,gateway,OK,0200,FAST,746.23,USD,**************0381,SG,47
b0e0df3b-b8de-fb5e-c11a-1ecfe8482a40,2026-07-06T18:14:22.801,auth,OK,0200,FAST,746.23,USD,**************0381,SG,29
b0e0df3b-b8de-fb5e-c11a-1ecfe8482a40,2026-07-06T18:14:22.926,validation,OK,0200,FAST,746.23,USD,**************0381,SG,83
b0e0df3b-b8de-fb5e-c11a-1ecfe8482a40,2026-07-06T18:14:23.003,aml,OK,0200,FAST,746.23,USD,**************0381,SG,261
b0e0df3b-b8de-fb5e-c11a-1ecfe8482a40,2026-07-06T18:14:23.096,payment-hub,OK,0200,FAST,746.23,USD,**************0381,SG,140
b0e0df3b-b8de-fb5e-c11a-1ecfe8482a40,2026-07-06T18:14:23.221,core-banking,OK,0200,FAST,746.23,USD,**************0381,SG,250
b0e0df3b-b8de-fb5e-c11a-1ecfe8482a40,2026-07-06T18:14:23.359,settlement,SETTLED,0200,FAST,746.23,USD,**************0381,SG,211
37799647-9f35-7487-d12d-08907ff41a7c,2026-07-11T11:00:54.757,gateway,OK,0200,SWIFT,596.79,SGD,**************1211,HK,20
37799647-9f35-7487-d12d-08907ff41a7c,2026-07-11T11:00:54.792,auth,OK,0200,SWIFT,596.79,SGD,**************1211,HK,65
37799647-9f35-7487-d12d-08907ff41a7c,2026-07-11T11:00:54.873,validation,OK,0200,SWIFT,596.79,SGD,**************1211,HK,102
37799647-9f35-7487-d12d-08907ff41a7c,2026-07-11T11:00:54.956,aml,OK,0200,SWIFT,596.79,SGD,**************1211,HK,51
37799647-9f35-7487-d12d-08907ff41a7c,2026-07-11T11:00:55.032,payment-hub,OK,0200,SWIFT,596.79,SGD,**************1211,HK,150
37799647-9f35-7487-d12d-08907ff41a7c,2026-07-11T11:00:55.136,core-banking,OK,0200,SWIFT,596.79,SGD,**************1211,HK,82
37799647-9f35-7487-d12d-08907ff41a7c,2026-07-11T11:00:55.452,settlement,SETTLED,0200,SWIFT,596.79,SGD,**************1211,HK,351
407814d8-2fff-6dd5-de87-d15b6bbd30a3,2026-07-12T22:57:34.115,gateway,OK,MT103,SWIFT,718.69,MYR,**************2318,HK,20
407814d8-2fff-6dd5-de87-d15b6bbd30a3,2026-07-12T22:57:34.292,auth,OK,MT103,SWIFT,718.69,MYR,**************2318,HK,43
407814d8-2fff-6dd5-de87-d15b6bbd30a3,2026-07-12T22:57:34.397,validation,OK,MT103,SWIFT,718.69,MYR,**************2318,HK,81
407814d8-2fff-6dd5-de87-d15b6bbd30a3,2026-07-12T22:57:34.588,aml,OK,MT103,SWIFT,718.69,MYR,**************2318,HK,178
407814d8-2fff-6dd5-de87-d15b6bbd30a3,2026-07-12T22:57:34.685,payment-hub,OK,MT103,SWIFT,718.69,MYR,**************2318,HK,80
407814d8-2fff-6dd5-de87-d15b6bbd30a3,2026-07-12T22:57:34.888,core-banking,OK,MT103,SWIFT,718.69,MYR,**************2318,HK,174
407814d8-2fff-6dd5-de87-d15b6bbd30a3,2026-07-12T22:57:34.924,settlement,SETTLED,MT103,SWIFT,718.69,MYR,**************2318,HK,183
88e06bb2-e1f2-3cfe-59f6-4113e6adb80f,2026-07-10T20:14:48.117,gateway,OK,MT103,FAST,279.88,SGD,**************8575,HK,29
88e06bb2-e1f2-3cfe-59f6-4113e6adb80f,2026-07-10T20:14:48.237,auth,OK,MT103,FAST,279.88,SGD,**************8575,HK,62
88e06bb2-e1f2-3cfe-59f6-4113e6adb80f,2026-07-10T20:14:48.491,validation,OK,MT103,FAST,279.88,SGD,**************8575,HK,33
88e06bb2-e1f2-3cfe-59f6-4113e6adb80f,2026-07-10T20:14:48.604,aml,OK,MT103,FAST,279.88,SGD,**************8575,HK,221
88e06bb2-e1f2-3cfe-59f6-4113e6adb80f,2026-07-10T20:14:48.675,payment-hub,OK,MT103,FAST,279.88,SGD,**************8575,HK,148
88e06bb2-e1f2-3cfe-59f6-4113e6adb80f,2026-07-10T20:14:48.721,core-banking,OK,MT103,FAST,279.88,SGD,**************8575,HK,220
88e06bb2-e1f2-3cfe-59f6-4113e6adb80f,2026-07-10T20:14:48.758,settlement,SETTLED,MT103,FAST,279.88,SGD,**************8575,HK,132
6c408fcb-854e-9571-44b8-2e66f4df4b1d,2026-07-03T18:25:44.201,gateway,OK,pacs.008,SWIFT,1111.49,USD,**************3184,SG,50
6c408fcb-854e-9571-44b8-2e66f4df4b1d,2026-07-03T18:25:44.308,auth,OK,pacs.008,SWIFT,1111.49,USD,**************3184,SG,46
6c408fcb-854e-9571-44b8-2e66f4df4b1d,2026-07-03T18:25:44.376,validation,OK,pacs.008,SWIFT,1111.49,USD,**************3184,SG,64
6c408fcb-854e-9571-44b8-2e66f4df4b1d,2026-07-03T18:25:44.422,aml,OK,pacs.008,SWIFT,1111.49,USD,**************3184,SG,106
6c408fcb-854e-9571-44b8-2e66f4df4b1d,2026-07-03T18:25:44.482,payment-hub,OK,pacs.008,SWIFT,1111.49,USD,**************3184,SG,105
6c408fcb-854e-9571-44b8-2e66f4df4b1d,2026-07-03T18:25:44.546,core-banking,OK,pacs.008,SWIFT,1111.49,USD,**************3184,SG,192
6c408fcb-854e-9571-44b8-2e66f4df4b1d,2026-07-03T18:25:44.612,settlement,SETTLED,pacs.008,SWIFT,1111.49,USD,**************3184,SG,81
5f9a176f-cc0e-0716-d906-0909ab9d734c,2026-07-01T12:42:03.095,gateway,OK,0200,FAST,405.88,MYR,**************9818,MY,34
5f9a176f-cc0e-0716-d906-0909ab9d734c,2026-07-01T12:42:03.165,auth,OK,0200,FAST,405.88,MYR,**************9818,MY,30
5f9a176f-cc0e-0716-d906-0909ab9d734c,2026-07-01T12:42:03.236,validation,OK,0200,FAST,405.88,MYR,**************9818,MY,25
5f9a176f-cc0e-0716-d906-0909ab9d734c,2026-07-01T12:42:03.492,aml,OK,0200,FAST,405.88,MYR,**************9818,MY,206
5f9a176f-cc0e-0716-d906-0909ab9d734c,2026-07-01T12:42:03.559,payment-hub,OK,0200,FAST,405.88,MYR,**************9818,MY,119
5f9a176f-cc0e-0716-d906-0909ab9d734c,2026-07-01T12:42:03.774,core-banking,OK,0200,FAST,405.88,MYR,**************9818,MY,158
5f9a176f-cc0e-0716-d906-0909ab9d734c,2026-07-01T12:42:03.856,settlement,SETTLED,0200,FAST,405.88,MYR,**************9818,MY,308
e6a8ad57-367c-bba8-f520-8eead8ebd07b,2026-07-13T12:38:20.369,gateway,OK,0200,FAST,295.68,EUR,**************7366,SG,30
e6a8ad57-367c-bba8-f520-8eead8ebd07b,2026-07-13T12:38:20.464,auth,OK,0200,FAST,295.68,EUR,**************7366,SG,58
e6a8ad57-367c-bba8-f520-8eead8ebd07b,2026-07-13T12:38:20.572,validation,OK,0200,FAST,295.68,EUR,**************7366,SG,119
e6a8ad57-367c-bba8-f520-8eead8ebd07b,2026-07-13T12:38:20.653,aml,OK,0200,FAST,295.68,EUR,**************7366,SG,63
e6a8ad57-367c-bba8-f520-8eead8ebd07b,2026-07-13T12:38:20.689,payment-hub,OK,0200,FAST,295.68,EUR,**************7366,SG,53
e6a8ad57-367c-bba8-f520-8eead8ebd07b,2026-07-13T12:38:20.736,core-banking,OK,0200,FAST,295.68,EUR,**************7366,SG,124
e6a8ad57-367c-bba8-f520-8eead8ebd07b,2026-07-13T12:38:20.797,settlement,SETTLED,0200,FAST,295.68,EUR,**************7366,SG,397
706a3a70-a5d3-ef78-4c74-5db9e6742238,2026-07-05T14:13:13.929,gateway,OK,pacs.008,FAST,496.84,SGD,**************6417,US,55
706a3a70-a5d3-ef78-4c74-5db9e6742238,2026-07-05T14:13:14.084,auth,OK,pacs.008,FAST,496.84,SGD,**************6417,US,80
706a3a70-a5d3-ef78-4c74-5db9e6742238,2026-07-05T14:13:14.218,validation,OK,pacs.008,FAST,496.84,SGD,**************6417,US,85
706a3a70-a5d3-ef78-4c74-5db9e6742238,2026-07-05T14:13:14.294,aml,OK,pacs.008,FAST,496.84,SGD,**************6417,US,79
706a3a70-a5d3-ef78-4c74-5db9e6742238,2026-07-05T14:13:44.330,payment-hub,OK,pacs.008,FAST,496.84,SGD,**************6417,US,35
706a3a70-a5d3-ef78-4c74-5db9e6742238,2026-07-05T14:13:44.560,core-banking,OK,pacs.008,FAST,496.84,SGD,**************6417,US,122
706a3a70-a5d3-ef78-4c74-5db9e6742238,2026-07-05T14:13:44.692,settlement,SETTLED,pacs.008,FAST,496.84,SGD,**************6417,US,111
f26169a8-f0f8-6a06-9b87-88d7d60da15d,2026-07-09T07:36:03.084,gateway,OK,pacs.008,FAST,467.26,SGD,**************1873,SG,49
f26169a8-f0f8-6a06-9b87-88d7d60da15d,2026-07-09T07:36:03.209,auth,OK,pacs.008,FAST,467.26,SGD,**************1873,SG,23
f26169a8-f0f8-6a06-9b87-88d7d60da15d,2026-07-09T07:36:03.314,validation,OK,pacs.008,FAST,467.26,SGD,**************1873,SG,32
f26169a8-f0f8-6a06-9b87-88d7d60da15d,2026-07-09T07:36:03.379,aml,OK,pacs.008,FAST,467.26,SGD,**************1873,SG,166
f26169a8-f0f8-6a06-9b87-88d7d60da15d,2026-07-09T07:36:03.475,payment-hub,OK,pacs.008,FAST,467.26,SGD,**************1873,SG,70
f26169a8-f0f8-6a06-9b87-88d7d60da15d,2026-07-09T07:36:03.513,core-banking,OK,pacs.008,FAST,467.26,SGD,**************1873,SG,171
f26169a8-f0f8-6a06-9b87-88d7d60da15d,2026-07-09T07:36:03.592,settlement,SETTLED,pacs.008,FAST,467.26,SGD,**************1873,SG,91
a5b71787-45a7-2a02-752a-a038b8edc6a8,2026-07-09T10:25:26.677,gateway,OK,MT103,CARDS,1829.51,SGD,**************9859,SG,17
a5b71787-45a7-2a02-752a-a038b8edc6a8,2026-07-09T10:25:26.761,auth,OK,MT103,CARDS,1829.51,SGD,**************9859,SG,67
a5b71787-45a7-2a02-752a-a038b8edc6a8,2026-07-09T10:25:26.910,validation,OK,MT103,CARDS,1829.51,SGD,**************9859,SG,113
a5b71787-45a7-2a02-752a-a038b8edc6a8,2026-07-09T10:25:26.974,aml,TIMEOUT,MT103,CARDS,1829.51,SGD,**************9859,SG,30000
a5b71787-45a7-2a02-752a-a038b8edc6a8,2026-07-09T10:25:27.071,payment-hub,FAILED,MT103,CARDS,1829.51,SGD,**************9859,SG,104
87a077da-744b-372e-6e05-983225cb901f,2026-07-10T21:44:50.838,gateway,OK,pacs.008,FAST,809.61,USD,**************7872,SG,15
87a077da-744b-372e-6e05-983225cb901f,2026-07-10T21:44:50.925,auth,OK,pacs.008,FAST,809.61,USD,**************7872,SG,26
87a077da-744b-372e-6e05-983225cb901f,2026-07-10T21:44:51.082,validation,OK,pacs.008,FAST,809.61,USD,**************7872,SG,65
87a077da-744b-372e-6e05-983225cb901f,2026-07-10T21:44:51.191,aml,OK,pacs.008,FAST,809.61,USD,**************7872,SG,134
87a077da-744b-372e-6e05-983225cb901f,2026-07-10T21:44:51.248,payment-hub,OK,pacs.008,FAST,809.61,USD,**************7872,SG,108
87a077da-744b-372e-6e05-983225cb901f,2026-07-10T21:44:51.381,core-banking,OK,pacs.008,FAST,809.61,USD,**************7872,SG,61
87a077da-744b-372e-6e05-983225cb901f,2026-07-10T21:44:51.440,settlement,SETTLED,pacs.008,FAST,809.61,USD,**************7872,SG,262
959ec740-d082-c190-aa3e-e0293ceb4b40,2026-07-06T10:49:23.133,gateway,OK,pacs.008,FAST,370.53,SGD,**************1647,US,35
959ec740-d082-c190-aa3e-e0293ceb4b40,2026-07-06T10:49:23.179,auth,OK,pacs.008,FAST,370.53,SGD,**************1647,US,83
959ec740-d082-c190-aa3e-e0293ceb4b40,2026-07-06T10:49:23.296,validation,OK,pacs.008,FAST,370.53,SGD,**************1647,US,57
959ec740-d082-c190-aa3e-e0293ceb4b40,2026-07-06T10:49:23.355,aml,TIMEOUT,pacs.008,FAST,370.53,SGD,**************1647,US,30000
959ec740-d082-c190-aa3e-e0293ceb4b40,2026-07-06T10:49:23.494,payment-hub,FAILED,pacs.008,FAST,370.53,SGD,**************1647,US,87
7329aedd-14ce-f7ac-fa04-952ad26b6c03,2026-07-05T06:25:43.530,gateway,OK,0200,FAST,1269.26,MYR,**************3354,SG,40
7329aedd-14ce-f7ac-fa04-952ad26b6c03,2026-07-05T06:25:43.568,auth,OK,0200,FAST,1269.26,MYR,**************3354,SG,52
7329aedd-14ce-f7ac-fa04-952ad26b6c03,2026-07-05T06:25:43.742,validation,OK,0200,FAST,1269.26,MYR,**************3354,SG,98
7329aedd-14ce-f7ac-fa04-952ad26b6c03,2026-07-05T06:25:43.786,aml,OK,0200,FAST,1269.26,MYR,**************3354,SG,224
7329aedd-14ce-f7ac-fa04-952ad26b6c03,2026-07-05T06:25:43.876,payment-hub,OK,0200,FAST,1269.26,MYR,**************3354,SG,95
7329aedd-14ce-f7ac-fa04-952ad26b6c03,2026-07-05T06:26:13.891,core-banking,OK,0200,FAST,1269.26,MYR,**************3354,SG,211
7329aedd-14ce-f7ac-fa04-952ad26b6c03,2026-07-05T06:26:14.026,settlement,SETTLED,0200,FAST,1269.26,MYR,**************3354,SG,153
65307f91-bcd3-67ac-dd77-7d7cf069ffb1,2026-07-06T17:02:50.763,gateway,OK,pacs.008,FAST,261.24,USD,**************3418,US,56
65307f91-bcd3-67ac-dd77-7d7cf069ffb1,2026-07-06T17:02:50.844,auth,OK,pacs.008,FAST,261.24,USD,**************3418,US,72
65307f91-bcd3-67ac-dd77-7d7cf069ffb1,2026-07-06T17:03:20.853,validation,OK,pacs.008,FAST,261.24,USD,**************3418,US,46
65307f91-bcd3-67ac-dd77-7d7cf069ffb1,2026-07-06T17:03:20.984,aml,OK,pacs.008,FAST,261.24,USD,**************3418,US,242
65307f91-bcd3-67ac-dd77-7d7cf069ffb1,2026-07-06T17:03:21.072,payment-hub,OK,pacs.008,FAST,261.24,USD,**************3418,US,88
65307f91-bcd3-67ac-dd77-7d7cf069ffb1,2026-07-06T17:03:21.278,core-banking,OK,pacs.008,FAST,261.24,USD,**************3418,US,177
65307f91-bcd3-67ac-dd77-7d7cf069ffb1,2026-07-06T17:03:21.385,settlement,SETTLED,pacs.008,FAST,261.24,USD,**************3418,US,98
589177f9-7ee8-88fe-616e-95911ebc53f4,2026-07-03T15:44:40.367,gateway,OK,pacs.008,SWIFT,89.66,SGD,**************4067,MY,34
589177f9-7ee8-88fe-616e-95911ebc53f4,2026-07-03T15:44:40.619,auth,OK,pacs.008,SWIFT,89.66,SGD,**************4067,MY,79
589177f9-7ee8-88fe-616e-95911ebc53f4,2026-07-03T15:44:40.791,validation,OK,pacs.008,SWIFT,89.66,SGD,**************4067,MY,101
589177f9-7ee8-88fe-616e-95911ebc53f4,2026-07-03T15:44:40.923,aml,OK,pacs.008,SWIFT,89.66,SGD,**************4067,MY,85
589177f9-7ee8-88fe-616e-95911ebc53f4,2026-07-03T15:44:41.029,payment-hub,OK,pacs.008,SWIFT,89.66,SGD,**************4067,MY,57
589177f9-7ee8-88fe-616e-95911ebc53f4,2026-07-03T15:44:41.124,core-banking,OK,pacs.008,SWIFT,89.66,SGD,**************4067,MY,80
589177f9-7ee8-88fe-616e-95911ebc53f4,2026-07-03T15:44:41.181,settlement,SETTLED,pacs.008,SWIFT,89.66,SGD,**************4067,MY,314
2fa84d4b-3499-b8e3-8fe1-43d664a788df,2026-07-08T21:49:56.715,gateway,OK,pacs.008,FAST,399.68,SGD,**************7694,SG,33
2fa84d4b-3499-b8e3-8fe1-43d664a788df,2026-07-08T21:49:56.833,auth,OK,pacs.008,FAST,399.68,SGD,**************7694,SG,36
2fa84d4b-3499-b8e3-8fe1-43d664a788df,2026-07-08T21:49:56.949,validation,OK,pacs.008,FAST,399.68,SGD,**************7694,SG,106
2fa84d4b-3499-b8e3-8fe1-43d664a788df,2026-07-08T21:49:57.058,aml,OK,pacs.008,FAST,399.68,SGD,**************7694,SG,119
2fa84d4b-3499-b8e3-8fe1-43d664a788df,2026-07-08T21:49:57.220,payment-hub,OK,pacs.008,FAST,399.68,SGD,**************7694,SG,137
2fa84d4b-3499-b8e3-8fe1-43d664a788df,2026-07-08T21:49:57.312,core-banking,OK,pacs.008,FAST,399.68,SGD,**************7694,SG,196
2fa84d4b-3499-b8e3-8fe1-43d664a788df,2026-07-08T21:49:57.388,settlement,SETTLED,pacs.008,FAST,399.68,SGD,**************7694,SG,83
608f6ba6-46db-2484-d92e-c3b953611655,2026-07-07T02:28:33.582,gateway,OK,pacs.008,FAST,1549.18,SGD,**************2262,MY,55
608f6ba6-46db-2484-d92e-c3b953611655,2026-07-07T02:28:33.667,auth,OK,pacs.008,FAST,1549.18,SGD,**************2262,MY,58
608f6ba6-46db-2484-d92e-c3b953611655,2026-07-07T02:28:33.866,validation,OK,pacs.008,FAST,1549.18,SGD,**************2262,MY,56
608f6ba6-46db-2484-d92e-c3b953611655,2026-07-07T02:28:33.972,aml,OK,pacs.008,FAST,1549.18,SGD,**************2262,MY,279
608f6ba6-46db-2484-d92e-c3b953611655,2026-07-07T02:28:34.030,payment-hub,OK,pacs.008,FAST,1549.18,SGD,**************2262,MY,40
608f6ba6-46db-2484-d92e-c3b953611655,2026-07-07T02:28:34.142,core-banking,OK,pacs.008,FAST,1549.18,SGD,**************2262,MY,172
608f6ba6-46db-2484-d92e-c3b953611655,2026-07-07T02:28:34.228,settlement,SETTLED,pacs.008,FAST,1549.18,SGD,**************2262,MY,389
9417cfae-10e3-4f0c-0531-c45672f472ee,2026-07-05T09:54:54.219,gateway,OK,pacs.008,SWIFT,530.61,GBP,**************9275,US,33
9417cfae-10e3-4f0c-0531-c45672f472ee,2026-07-05T09:54:54.310,auth,OK,pacs.008,SWIFT,530.61,GBP,**************9275,US,89
9417cfae-10e3-4f0c-0531-c45672f472ee,2026-07-05T09:54:54.368,validation,OK,pacs.008,SWIFT,530.61,GBP,**************9275,US,38
9417cfae-10e3-4f0c-0531-c45672f472ee,2026-07-05T09:54:54.425,aml,OK,pacs.008,SWIFT,530.61,GBP,**************9275,US,135
9417cfae-10e3-4f0c-0531-c45672f472ee,2026-07-05T09:54:54.484,payment-hub,OK,pacs.008,SWIFT,530.61,GBP,**************9275,US,123
9417cfae-10e3-4f0c-0531-c45672f472ee,2026-07-05T09:54:54.570,core-banking,OK,pacs.008,SWIFT,530.61,GBP,**************9275,US,169
9417cfae-10e3-4f0c-0531-c45672f472ee,2026-07-05T09:54:54.627,settlement,SETTLED,pacs.008,SWIFT,530.61,GBP,**************9275,US,132
f46f0069-442e-65f7-9fa8-b1ce074adc62,2026-07-12T16:18:20.965,gateway,OK,0200,FAST,1537.32,MYR,**************5834,SG,48
f46f0069-442e-65f7-9fa8-b1ce074adc62,2026-07-12T16:18:21.133,auth,OK,0200,FAST,1537.32,MYR,**************5834,SG,20
f46f0069-442e-65f7-9fa8-b1ce074adc62,2026-07-12T16:18:21.206,validation,OK,0200,FAST,1537.32,MYR,**************5834,SG,39
f46f0069-442e-65f7-9fa8-b1ce074adc62,2026-07-12T16:18:21.249,aml,OK,0200,FAST,1537.32,MYR,**************5834,SG,282
f46f0069-442e-65f7-9fa8-b1ce074adc62,2026-07-12T16:18:21.365,payment-hub,OK,0200,FAST,1537.32,MYR,**************5834,SG,101
f46f0069-442e-65f7-9fa8-b1ce074adc62,2026-07-12T16:18:21.533,core-banking,OK,0200,FAST,1537.32,MYR,**************5834,SG,137
f46f0069-442e-65f7-9fa8-b1ce074adc62,2026-07-12T16:18:21.590,settlement,SETTLED,0200,FAST,1537.32,MYR,**************5834,SG,143
a5cdd3d1-35c0-ef82-3912-9b6573cdf56e,2026-07-04T07:03:21.572,gateway,OK,MT103,FAST,2473.5,MYR,**************7870,US,52
a5cdd3d1-35c0-ef82-3912-9b6573cdf56e,2026-07-04T07:03:21.690,auth,OK,MT103,FAST,2473.5,MYR,**************7870,US,30
a5cdd3d1-35c0-ef82-3912-9b6573cdf56e,2026-07-04T07:03:21.722,validation,OK,MT103,FAST,2473.5,MYR,**************7870,US,73
a5cdd3d1-35c0-ef82-3912-9b6573cdf56e,2026-07-04T07:03:21.779,aml,OK,MT103,FAST,2473.5,MYR,**************7870,US,138
a5cdd3d1-35c0-ef82-3912-9b6573cdf56e,2026-07-04T07:03:21.852,payment-hub,OK,MT103,FAST,2473.5,MYR,**************7870,US,84
a5cdd3d1-35c0-ef82-3912-9b6573cdf56e,2026-07-04T07:03:21.920,core-banking,OK,MT103,FAST,2473.5,MYR,**************7870,US,110
a5cdd3d1-35c0-ef82-3912-9b6573cdf56e,2026-07-04T07:03:22.012,settlement,SETTLED,MT103,FAST,2473.5,MYR,**************7870,US,185
86e64eeb-8c07-c4e6-922b-1f4231a1e155,2026-07-13T06:53:40.441,gateway,OK,MT103,SWIFT,767.1,SGD,**************1653,IN,25
86e64eeb-8c07-c4e6-922b-1f4231a1e155,2026-07-13T06:53:40.495,auth,OK,MT103,SWIFT,767.1,SGD,**************1653,IN,76
86e64eeb-8c07-c4e6-922b-1f4231a1e155,2026-07-13T06:53:40.579,validation,OK,MT103,SWIFT,767.1,SGD,**************1653,IN,108
86e64eeb-8c07-c4e6-922b-1f4231a1e155,2026-07-13T06:53:40.686,aml,OK,MT103,SWIFT,767.1,SGD,**************1653,IN,118
86e64eeb-8c07-c4e6-922b-1f4231a1e155,2026-07-13T06:53:40.833,payment-hub,OK,MT103,SWIFT,767.1,SGD,**************1653,IN,138
86e64eeb-8c07-c4e6-922b-1f4231a1e155,2026-07-13T06:53:40.874,core-banking,OK,MT103,SWIFT,767.1,SGD,**************1653,IN,110
86e64eeb-8c07-c4e6-922b-1f4231a1e155,2026-07-13T06:53:40.933,settlement,SETTLED,MT103,SWIFT,767.1,SGD,**************1653,IN,248
a66aed52-8580-a349-2aa3-3be4c03b74c5,2026-07-13T10:12:03.580,gateway,OK,pacs.008,CARDS,915.2,SGD,**************8493,SG,27
a66aed52-8580-a349-2aa3-3be4c03b74c5,2026-07-13T10:12:03.622,auth,OK,pacs.008,CARDS,915.2,SGD,**************8493,SG,82
a66aed52-8580-a349-2aa3-3be4c03b74c5,2026-07-13T10:12:03.781,validation,OK,pacs.008,CARDS,915.2,SGD,**************8493,SG,43
a66aed52-8580-a349-2aa3-3be4c03b74c5,2026-07-13T10:12:03.983,aml,OK,pacs.008,CARDS,915.2,SGD,**************8493,SG,265
a66aed52-8580-a349-2aa3-3be4c03b74c5,2026-07-13T10:12:04.015,payment-hub,OK,pacs.008,CARDS,915.2,SGD,**************8493,SG,85
a66aed52-8580-a349-2aa3-3be4c03b74c5,2026-07-13T10:12:04.102,core-banking,OK,pacs.008,CARDS,915.2,SGD,**************8493,SG,203
a66aed52-8580-a349-2aa3-3be4c03b74c5,2026-07-13T10:12:04.224,settlement,SETTLED,pacs.008,CARDS,915.2,SGD,**************8493,SG,286
6b860439-e248-e202-88ec-249fb28ff398,2026-07-08T15:56:43.588,gateway,OK,pacs.008,SWIFT,1306.78,SGD,**************8102,SG,48
6b860439-e248-e202-88ec-249fb28ff398,2026-07-08T15:56:43.729,auth,OK,pacs.008,SWIFT,1306.78,SGD,**************8102,SG,89
6b860439-e248-e202-88ec-249fb28ff398,2026-07-08T15:56:43.811,validation,OK,pacs.008,SWIFT,1306.78,SGD,**************8102,SG,100
6b860439-e248-e202-88ec-249fb28ff398,2026-07-08T15:56:43.877,aml,OK,pacs.008,SWIFT,1306.78,SGD,**************8102,SG,248
6b860439-e248-e202-88ec-249fb28ff398,2026-07-08T15:56:44.118,payment-hub,OK,pacs.008,SWIFT,1306.78,SGD,**************8102,SG,111
6b860439-e248-e202-88ec-249fb28ff398,2026-07-08T15:56:44.203,core-banking,OK,pacs.008,SWIFT,1306.78,SGD,**************8102,SG,50
6b860439-e248-e202-88ec-249fb28ff398,2026-07-08T15:56:44.360,settlement,SETTLED,pacs.008,SWIFT,1306.78,SGD,**************8102,SG,96
24ac5290-a97e-fd18-681e-8be075a8e842,2026-07-04T18:01:51.496,gateway,OK,MT103,FAST,2526.15,SGD,**************4672,SG,24
24ac5290-a97e-fd18-681e-8be075a8e842,2026-07-04T18:01:51.755,auth,OK,MT103,FAST,2526.15,SGD,**************4672,SG,56
24ac5290-a97e-fd18-681e-8be075a8e842,2026-07-04T18:01:51.827,validation,OK,MT103,FAST,2526.15,SGD,**************4672,SG,37
24ac5290-a97e-fd18-681e-8be075a8e842,2026-07-04T18:01:51.957,aml,OK,MT103,FAST,2526.15,SGD,**************4672,SG,175
24ac5290-a97e-fd18-681e-8be075a8e842,2026-07-04T18:01:52.102,payment-hub,OK,MT103,FAST,2526.15,SGD,**************4672,SG,71
24ac5290-a97e-fd18-681e-8be075a8e842,2026-07-04T18:01:52.188,core-banking,OK,MT103,FAST,2526.15,SGD,**************4672,SG,133
24ac5290-a97e-fd18-681e-8be075a8e842,2026-07-04T18:01:52.261,settlement,SETTLED,MT103,FAST,2526.15,SGD,**************4672,SG,276
170cd6f9-91ca-2061-5edb-c7c52f6fefad,2026-07-01T09:10:09.605,gateway,OK,MT103,SWIFT,196.77,INR,**************1110,IN,29
170cd6f9-91ca-2061-5edb-c7c52f6fefad,2026-07-01T09:10:39.619,auth,OK,MT103,SWIFT,196.77,INR,**************1110,IN,73
170cd6f9-91ca-2061-5edb-c7c52f6fefad,2026-07-01T09:10:39.766,validation,OK,MT103,SWIFT,196.77,INR,**************1110,IN,36
170cd6f9-91ca-2061-5edb-c7c52f6fefad,2026-07-01T09:11:09.806,aml,OK,MT103,SWIFT,196.77,INR,**************1110,IN,76
170cd6f9-91ca-2061-5edb-c7c52f6fefad,2026-07-01T09:11:10.096,payment-hub,OK,MT103,SWIFT,196.77,INR,**************1110,IN,132
170cd6f9-91ca-2061-5edb-c7c52f6fefad,2026-07-01T09:11:10.192,core-banking,OK,MT103,SWIFT,196.77,INR,**************1110,IN,219
170cd6f9-91ca-2061-5edb-c7c52f6fefad,2026-07-01T09:11:10.256,settlement,SETTLED,MT103,SWIFT,196.77,INR,**************1110,IN,303
d7d15d7a-c1a8-5a90-addf-52609f8be576,2026-07-10T14:41:57.926,gateway,OK,MT103,SWIFT,1082.13,USD,**************7156,SG,52
d7d15d7a-c1a8-5a90-addf-52609f8be576,2026-07-10T14:41:57.961,auth,OK,MT103,SWIFT,1082.13,USD,**************7156,SG,47
d7d15d7a-c1a8-5a90-addf-52609f8be576,2026-07-10T14:42:27.986,validation,OK,MT103,SWIFT,1082.13,USD,**************7156,SG,43
d7d15d7a-c1a8-5a90-addf-52609f8be576,2026-07-10T14:42:28.096,aml,OK,MT103,SWIFT,1082.13,USD,**************7156,SG,72
d7d15d7a-c1a8-5a90-addf-52609f8be576,2026-07-10T14:42:28.198,payment-hub,OK,MT103,SWIFT,1082.13,USD,**************7156,SG,136
d7d15d7a-c1a8-5a90-addf-52609f8be576,2026-07-10T14:42:28.284,core-banking,OK,MT103,SWIFT,1082.13,USD,**************7156,SG,154
d7d15d7a-c1a8-5a90-addf-52609f8be576,2026-07-10T14:42:28.473,settlement,SETTLED,MT103,SWIFT,1082.13,USD,**************7156,SG,66
cd8a4d1f-d5a5-f918-252e-50a305eec68d,2026-07-05T17:09:07.656,gateway,OK,MT103,FAST,508.77,SGD,**************2918,MY,16
cd8a4d1f-d5a5-f918-252e-50a305eec68d,2026-07-05T17:09:07.699,auth,OK,MT103,FAST,508.77,SGD,**************2918,MY,43
cd8a4d1f-d5a5-f918-252e-50a305eec68d,2026-07-05T17:09:07.772,validation,OK,MT103,FAST,508.77,SGD,**************2918,MY,45
cd8a4d1f-d5a5-f918-252e-50a305eec68d,2026-07-05T17:09:07.848,aml,OK,MT103,FAST,508.77,SGD,**************2918,MY,235
cd8a4d1f-d5a5-f918-252e-50a305eec68d,2026-07-05T17:09:08.029,payment-hub,OK,MT103,FAST,508.77,SGD,**************2918,MY,39
cd8a4d1f-d5a5-f918-252e-50a305eec68d,2026-07-05T17:09:08.127,core-banking,OK,MT103,FAST,508.77,SGD,**************2918,MY,195
cd8a4d1f-d5a5-f918-252e-50a305eec68d,2026-07-05T17:09:08.223,settlement,SETTLED,MT103,FAST,508.77,SGD,**************2918,MY,281
e44eb1e8-ddbd-5c08-ffd8-0b6883a14a32,2026-07-02T10:57:55.933,gateway,OK,MT103,FAST,615.74,USD,**************7835,SG,54
e44eb1e8-ddbd-5c08-ffd8-0b6883a14a32,2026-07-02T10:57:56.000,auth,OK,MT103,FAST,615.74,USD,**************7835,SG,83
e44eb1e8-ddbd-5c08-ffd8-0b6883a14a32,2026-07-02T10:57:56.235,validation,OK,MT103,FAST,615.74,USD,**************7835,SG,112
e44eb1e8-ddbd-5c08-ffd8-0b6883a14a32,2026-07-02T10:57:56.279,aml,OK,MT103,FAST,615.74,USD,**************7835,SG,55
e44eb1e8-ddbd-5c08-ffd8-0b6883a14a32,2026-07-02T10:57:56.366,payment-hub,OK,MT103,FAST,615.74,USD,**************7835,SG,66
e44eb1e8-ddbd-5c08-ffd8-0b6883a14a32,2026-07-02T10:57:56.432,core-banking,OK,MT103,FAST,615.74,USD,**************7835,SG,241
e44eb1e8-ddbd-5c08-ffd8-0b6883a14a32,2026-07-02T10:57:56.505,settlement,SETTLED,MT103,FAST,615.74,USD,**************7835,SG,75
f47104ec-c220-faa1-b582-040bf0db1e23,2026-07-04T05:58:56.161,gateway,OK,0200,SWIFT,2701.73,USD,**************8981,GB,18
f47104ec-c220-faa1-b582-040bf0db1e23,2026-07-04T05:58:56.212,auth,OK,0200,SWIFT,2701.73,USD,**************8981,GB,38
f47104ec-c220-faa1-b582-040bf0db1e23,2026-07-04T05:58:56.471,validation,OK,0200,SWIFT,2701.73,USD,**************8981,GB,98
f47104ec-c220-faa1-b582-040bf0db1e23,2026-07-04T05:58:56.674,aml,OK,0200,SWIFT,2701.73,USD,**************8981,GB,207
f47104ec-c220-faa1-b582-040bf0db1e23,2026-07-04T05:58:56.763,payment-hub,OK,0200,SWIFT,2701.73,USD,**************8981,GB,145
f47104ec-c220-faa1-b582-040bf0db1e23,2026-07-04T05:58:57.015,core-banking,OK,0200,SWIFT,2701.73,USD,**************8981,GB,130
f47104ec-c220-faa1-b582-040bf0db1e23,2026-07-04T05:58:57.280,settlement,SETTLED,0200,SWIFT,2701.73,USD,**************8981,GB,226
8ed7ee5c-fa5e-0acb-7f4a-cb38d65f0ba8,2026-07-11T00:13:06.577,gateway,OK,0200,FAST,148.42,SGD,**************8442,SG,42
8ed7ee5c-fa5e-0acb-7f4a-cb38d65f0ba8,2026-07-11T00:13:06.663,auth,OK,0200,FAST,148.42,SGD,**************8442,SG,64
8ed7ee5c-fa5e-0acb-7f4a-cb38d65f0ba8,2026-07-11T00:13:06.848,validation,OK,0200,FAST,148.42,SGD,**************8442,SG,59
8ed7ee5c-fa5e-0acb-7f4a-cb38d65f0ba8,2026-07-11T00:13:06.977,aml,TIMEOUT,0200,FAST,148.42,SGD,**************8442,SG,30000
8ed7ee5c-fa5e-0acb-7f4a-cb38d65f0ba8,2026-07-11T00:13:07.168,payment-hub,FAILED,0200,FAST,148.42,SGD,**************8442,SG,72
0c5eae17-e906-14de-e5d3-e47a3fdbb801,2026-07-09T19:51:44.296,gateway,OK,pacs.008,FAST,453.69,SGD,**************8135,MY,47
0c5eae17-e906-14de-e5d3-e47a3fdbb801,2026-07-09T19:52:14.314,auth,OK,pacs.008,FAST,453.69,SGD,**************8135,MY,23
0c5eae17-e906-14de-e5d3-e47a3fdbb801,2026-07-09T19:52:14.446,validation,OK,pacs.008,FAST,453.69,SGD,**************8135,MY,25
0c5eae17-e906-14de-e5d3-e47a3fdbb801,2026-07-09T19:52:14.510,aml,OK,pacs.008,FAST,453.69,SGD,**************8135,MY,80
0c5eae17-e906-14de-e5d3-e47a3fdbb801,2026-07-09T19:52:14.545,payment-hub,OK,pacs.008,FAST,453.69,SGD,**************8135,MY,74
0c5eae17-e906-14de-e5d3-e47a3fdbb801,2026-07-09T19:52:14.626,core-banking,OK,pacs.008,FAST,453.69,SGD,**************8135,MY,144
0c5eae17-e906-14de-e5d3-e47a3fdbb801,2026-07-09T19:52:14.831,settlement,SETTLED,pacs.008,FAST,453.69,SGD,**************8135,MY,86
028dd593-3776-8b4a-bd09-c2d7b6835a70,2026-07-03T09:08:47.066,gateway,OK,pacs.008,FAST,75.72,SGD,**************5027,SG,16
028dd593-3776-8b4a-bd09-c2d7b6835a70,2026-07-03T09:08:47.328,auth,OK,pacs.008,FAST,75.72,SGD,**************5027,SG,82
028dd593-3776-8b4a-bd09-c2d7b6835a70,2026-07-03T09:08:47.501,validation,OK,pacs.008,FAST,75.72,SGD,**************5027,SG,63
028dd593-3776-8b4a-bd09-c2d7b6835a70,2026-07-03T09:08:47.593,aml,OK,pacs.008,FAST,75.72,SGD,**************5027,SG,200
028dd593-3776-8b4a-bd09-c2d7b6835a70,2026-07-03T09:08:47.728,payment-hub,OK,pacs.008,FAST,75.72,SGD,**************5027,SG,139
028dd593-3776-8b4a-bd09-c2d7b6835a70,2026-07-03T09:08:47.770,core-banking,OK,pacs.008,FAST,75.72,SGD,**************5027,SG,130
028dd593-3776-8b4a-bd09-c2d7b6835a70,2026-07-03T09:08:47.878,settlement,SETTLED,pacs.008,FAST,75.72,SGD,**************5027,SG,80
15012745-a4a7-13e3-ad9c-44905c62573c,2026-07-12T16:24:27.111,gateway,OK,pacs.008,FAST,210.75,SGD,**************3232,SG,59
15012745-a4a7-13e3-ad9c-44905c62573c,2026-07-12T16:24:27.200,auth,OK,pacs.008,FAST,210.75,SGD,**************3232,SG,50
15012745-a4a7-13e3-ad9c-44905c62573c,2026-07-12T16:24:27.304,validation,REJECTED,pacs.008,FAST,210.75,SGD,**************3232,SG,26
97956f30-2de3-066d-d22d-b1a1ea5331e8,2026-07-05T07:11:13.610,gateway,OK,pacs.008,FAST,268.21,USD,**************2357,SG,44
97956f30-2de3-066d-d22d-b1a1ea5331e8,2026-07-05T07:11:13.652,auth,OK,pacs.008,FAST,268.21,USD,**************2357,SG,31
97956f30-2de3-066d-d22d-b1a1ea5331e8,2026-07-05T07:11:13.731,validation,OK,pacs.008,FAST,268.21,USD,**************2357,SG,31
97956f30-2de3-066d-d22d-b1a1ea5331e8,2026-07-05T07:11:13.801,aml,OK,pacs.008,FAST,268.21,USD,**************2357,SG,140
97956f30-2de3-066d-d22d-b1a1ea5331e8,2026-07-05T07:11:13.889,payment-hub,OK,pacs.008,FAST,268.21,USD,**************2357,SG,32
97956f30-2de3-066d-d22d-b1a1ea5331e8,2026-07-05T07:11:13.957,core-banking,OK,pacs.008,FAST,268.21,USD,**************2357,SG,86
97956f30-2de3-066d-d22d-b1a1ea5331e8,2026-07-05T07:11:14.067,settlement,SETTLED,pacs.008,FAST,268.21,USD,**************2357,SG,191
24e279a9-8f8b-72a0-d2b3-14c811821f35,2026-07-09T12:37:40.719,gateway,OK,0200,FAST,5996.34,SGD,**************5970,SG,19
24e279a9-8f8b-72a0-d2b3-14c811821f35,2026-07-09T12:37:40.747,auth,OK,0200,FAST,5996.34,SGD,**************5970,SG,46
24e279a9-8f8b-72a0-d2b3-14c811821f35,2026-07-09T12:37:40.807,validation,OK,0200,FAST,5996.34,SGD,**************5970,SG,79
24e279a9-8f8b-72a0-d2b3-14c811821f35,2026-07-09T12:37:40.863,aml,OK,0200,FAST,5996.34,SGD,**************5970,SG,136
24e279a9-8f8b-72a0-d2b3-14c811821f35,2026-07-09T12:37:41.032,payment-hub,OK,0200,FAST,5996.34,SGD,**************5970,SG,119
24e279a9-8f8b-72a0-d2b3-14c811821f35,2026-07-09T12:37:41.098,core-banking,OK,0200,FAST,5996.34,SGD,**************5970,SG,140
24e279a9-8f8b-72a0-d2b3-14c811821f35,2026-07-09T12:37:41.150,settlement,SETTLED,0200,FAST,5996.34,SGD,**************5970,SG,217
886f550b-b710-f2d6-e609-07187d6ee7a5,2026-07-11T21:29:54.407,gateway,OK,MT103,FAST,32427.38,SGD,**************2980,MY,50
886f550b-b710-f2d6-e609-07187d6ee7a5,2026-07-11T21:29:54.498,auth,OK,MT103,FAST,32427.38,SGD,**************2980,MY,22
886f550b-b710-f2d6-e609-07187d6ee7a5,2026-07-11T21:29:54.631,validation,OK,MT103,FAST,32427.38,SGD,**************2980,MY,47
886f550b-b710-f2d6-e609-07187d6ee7a5,2026-07-11T21:29:54.735,aml,OK,MT103,FAST,32427.38,SGD,**************2980,MY,298
886f550b-b710-f2d6-e609-07187d6ee7a5,2026-07-11T21:29:55.010,payment-hub,OK,MT103,FAST,32427.38,SGD,**************2980,MY,37
886f550b-b710-f2d6-e609-07187d6ee7a5,2026-07-11T21:29:55.094,core-banking,OK,MT103,FAST,32427.38,SGD,**************2980,MY,91
886f550b-b710-f2d6-e609-07187d6ee7a5,2026-07-11T21:29:55.249,settlement,SETTLED,MT103,FAST,32427.38,SGD,**************2980,MY,196
b726c04d-cdc8-ad9c-1478-ffa10b924ff2,2026-07-12T15:52:18.281,gateway,OK,pacs.008,FAST,1165.43,USD,**************1002,SG,57
b726c04d-cdc8-ad9c-1478-ffa10b924ff2,2026-07-12T15:52:18.340,auth,OK,pacs.008,FAST,1165.43,USD,**************1002,SG,87
b726c04d-cdc8-ad9c-1478-ffa10b924ff2,2026-07-12T15:52:18.418,validation,OK,pacs.008,FAST,1165.43,USD,**************1002,SG,96
b726c04d-cdc8-ad9c-1478-ffa10b924ff2,2026-07-12T15:52:18.477,aml,OK,pacs.008,FAST,1165.43,USD,**************1002,SG,80
b726c04d-cdc8-ad9c-1478-ffa10b924ff2,2026-07-12T15:52:18.740,payment-hub,OK,pacs.008,FAST,1165.43,USD,**************1002,SG,77
b726c04d-cdc8-ad9c-1478-ffa10b924ff2,2026-07-12T15:52:18.901,core-banking,OK,pacs.008,FAST,1165.43,USD,**************1002,SG,185
b726c04d-cdc8-ad9c-1478-ffa10b924ff2,2026-07-12T15:52:18.940,settlement,SETTLED,pacs.008,FAST,1165.43,USD,**************1002,SG,179
cdf87996-f117-113b-eba1-d302a5e491ca,2026-07-03T19:36:36.895,gateway,OK,pacs.008,FAST,160.07,SGD,**************3359,HK,44
cdf87996-f117-113b-eba1-d302a5e491ca,2026-07-03T19:36:36.931,auth,OK,pacs.008,FAST,160.07,SGD,**************3359,HK,40
cdf87996-f117-113b-eba1-d302a5e491ca,2026-07-03T19:36:37.226,validation,OK,pacs.008,FAST,160.07,SGD,**************3359,HK,89
cdf87996-f117-113b-eba1-d302a5e491ca,2026-07-03T19:36:37.332,aml,OK,pacs.008,FAST,160.07,SGD,**************3359,HK,205
cdf87996-f117-113b-eba1-d302a5e491ca,2026-07-03T19:36:37.587,payment-hub,OK,pacs.008,FAST,160.07,SGD,**************3359,HK,133
cdf87996-f117-113b-eba1-d302a5e491ca,2026-07-03T19:36:37.706,core-banking,OK,pacs.008,FAST,160.07,SGD,**************3359,HK,160
cdf87996-f117-113b-eba1-d302a5e491ca,2026-07-03T19:36:37.753,settlement,SETTLED,pacs.008,FAST,160.07,SGD,**************3359,HK,139
28fc8fbe-8436-5618-e792-d578b43af6ec,2026-07-08T06:14:50.662,gateway,OK,pacs.008,FAST,1351.79,EUR,**************5993,SG,17
28fc8fbe-8436-5618-e792-d578b43af6ec,2026-07-08T06:14:50.773,auth,OK,pacs.008,FAST,1351.79,EUR,**************5993,SG,44
28fc8fbe-8436-5618-e792-d578b43af6ec,2026-07-08T06:14:50.847,validation,OK,pacs.008,FAST,1351.79,EUR,**************5993,SG,65
28fc8fbe-8436-5618-e792-d578b43af6ec,2026-07-08T06:14:50.953,aml,OK,pacs.008,FAST,1351.79,EUR,**************5993,SG,177
28fc8fbe-8436-5618-e792-d578b43af6ec,2026-07-08T06:14:51.168,payment-hub,OK,pacs.008,FAST,1351.79,EUR,**************5993,SG,86
28fc8fbe-8436-5618-e792-d578b43af6ec,2026-07-08T06:14:51.272,core-banking,OK,pacs.008,FAST,1351.79,EUR,**************5993,SG,93
28fc8fbe-8436-5618-e792-d578b43af6ec,2026-07-08T06:14:51.364,settlement,SETTLED,pacs.008,FAST,1351.79,EUR,**************5993,SG,177
52fc4755-d97b-0dcc-0ac1-485b6fbcf910,2026-07-06T05:34:28.998,gateway,OK,pacs.008,FAST,835.68,GBP,**************7594,GB,16
52fc4755-d97b-0dcc-0ac1-485b6fbcf910,2026-07-06T05:34:29.097,auth,OK,pacs.008,FAST,835.68,GBP,**************7594,GB,27
52fc4755-d97b-0dcc-0ac1-485b6fbcf910,2026-07-06T05:34:29.190,validation,OK,pacs.008,FAST,835.68,GBP,**************7594,GB,91
52fc4755-d97b-0dcc-0ac1-485b6fbcf910,2026-07-06T05:34:29.284,aml,OK,pacs.008,FAST,835.68,GBP,**************7594,GB,206
52fc4755-d97b-0dcc-0ac1-485b6fbcf910,2026-07-06T05:34:29.407,payment-hub,OK,pacs.008,FAST,835.68,GBP,**************7594,GB,79
52fc4755-d97b-0dcc-0ac1-485b6fbcf910,2026-07-06T05:34:29.669,core-banking,OK,pacs.008,FAST,835.68,GBP,**************7594,GB,224
52fc4755-d97b-0dcc-0ac1-485b6fbcf910,2026-07-06T05:34:29.747,settlement,SETTLED,pacs.008,FAST,835.68,GBP,**************7594,GB,68
ab65eeed-a2cb-6393-8f09-f14d46d14c3e,2026-07-03T00:41:49.305,gateway,OK,pacs.008,SWIFT,92.78,EUR,**************9515,SG,38
ab65eeed-a2cb-6393-8f09-f14d46d14c3e,2026-07-03T00:41:49.490,auth,OK,pacs.008,SWIFT,92.78,EUR,**************9515,SG,65
ab65eeed-a2cb-6393-8f09-f14d46d14c3e,2026-07-03T00:41:49.557,validation,OK,pacs.008,SWIFT,92.78,EUR,**************9515,SG,109
ab65eeed-a2cb-6393-8f09-f14d46d14c3e,2026-07-03T00:41:49.721,aml,OK,pacs.008,SWIFT,92.78,EUR,**************9515,SG,243
ab65eeed-a2cb-6393-8f09-f14d46d14c3e,2026-07-03T00:41:49.877,payment-hub,OK,pacs.008,SWIFT,92.78,EUR,**************9515,SG,131
ab65eeed-a2cb-6393-8f09-f14d46d14c3e,2026-07-03T00:41:49.970,core-banking,OK,pacs.008,SWIFT,92.78,EUR,**************9515,SG,214
ab65eeed-a2cb-6393-8f09-f14d46d14c3e,2026-07-03T00:41:50.071,settlement,SETTLED,pacs.008,SWIFT,92.78,EUR,**************9515,SG,253
bf227b04-685e-510b-138e-9fac0c83c353,2026-07-03T15:18:40.255,gateway,OK,MT103,FAST,508.77,USD,**************3082,MY,41
bf227b04-685e-510b-138e-9fac0c83c353,2026-07-03T15:18:40.460,auth,OK,MT103,FAST,508.77,USD,**************3082,MY,90
bf227b04-685e-510b-138e-9fac0c83c353,2026-07-03T15:18:40.579,validation,OK,MT103,FAST,508.77,USD,**************3082,MY,92
bf227b04-685e-510b-138e-9fac0c83c353,2026-07-03T15:18:40.654,aml,OK,MT103,FAST,508.77,USD,**************3082,MY,57
bf227b04-685e-510b-138e-9fac0c83c353,2026-07-03T15:18:40.736,payment-hub,OK,MT103,FAST,508.77,USD,**************3082,MY,59
bf227b04-685e-510b-138e-9fac0c83c353,2026-07-03T15:18:40.833,core-banking,OK,MT103,FAST,508.77,USD,**************3082,MY,103
bf227b04-685e-510b-138e-9fac0c83c353,2026-07-03T15:18:40.878,settlement,SETTLED,MT103,FAST,508.77,USD,**************3082,MY,248
45f3b5d7-544d-7758-6fcb-fffbe61f34ed,2026-07-10T21:02:52.671,gateway,OK,pacs.008,FAST,168.01,SGD,**************8225,US,22
45f3b5d7-544d-7758-6fcb-fffbe61f34ed,2026-07-10T21:02:52.803,auth,OK,pacs.008,FAST,168.01,SGD,**************8225,US,28
45f3b5d7-544d-7758-6fcb-fffbe61f34ed,2026-07-10T21:02:52.846,validation,OK,pacs.008,FAST,168.01,SGD,**************8225,US,113
45f3b5d7-544d-7758-6fcb-fffbe61f34ed,2026-07-10T21:02:52.947,aml,OK,pacs.008,FAST,168.01,SGD,**************8225,US,285
45f3b5d7-544d-7758-6fcb-fffbe61f34ed,2026-07-10T21:02:53.025,payment-hub,OK,pacs.008,FAST,168.01,SGD,**************8225,US,91
45f3b5d7-544d-7758-6fcb-fffbe61f34ed,2026-07-10T21:02:53.169,core-banking,OK,pacs.008,FAST,168.01,SGD,**************8225,US,234
45f3b5d7-544d-7758-6fcb-fffbe61f34ed,2026-07-10T21:02:53.239,settlement,SETTLED,pacs.008,FAST,168.01,SGD,**************8225,US,180
94ef7643-567c-4560-1442-0e9176a1521d,2026-07-06T13:56:59.917,gateway,OK,pacs.008,SWIFT,394.74,SGD,**************2598,SG,18
94ef7643-567c-4560-1442-0e9176a1521d,2026-07-06T13:56:59.971,auth,OK,pacs.008,SWIFT,394.74,SGD,**************2598,SG,42
94ef7643-567c-4560-1442-0e9176a1521d,2026-07-06T13:57:00.187,validation,OK,pacs.008,SWIFT,394.74,SGD,**************2598,SG,98
94ef7643-567c-4560-1442-0e9176a1521d,2026-07-06T13:57:00.235,aml,OK,pacs.008,SWIFT,394.74,SGD,**************2598,SG,175
94ef7643-567c-4560-1442-0e9176a1521d,2026-07-06T13:57:00.339,payment-hub,OK,pacs.008,SWIFT,394.74,SGD,**************2598,SG,145
94ef7643-567c-4560-1442-0e9176a1521d,2026-07-06T13:57:00.432,core-banking,OK,pacs.008,SWIFT,394.74,SGD,**************2598,SG,111
94ef7643-567c-4560-1442-0e9176a1521d,2026-07-06T13:57:00.487,settlement,SETTLED,pacs.008,SWIFT,394.74,SGD,**************2598,SG,208
d3e3565e-1b7e-3d9b-fa91-714564e5c36d,2026-07-08T12:48:36.345,gateway,OK,pacs.008,FAST,874.52,MYR,**************5868,SG,52
d3e3565e-1b7e-3d9b-fa91-714564e5c36d,2026-07-08T12:48:36.419,auth,OK,pacs.008,FAST,874.52,MYR,**************5868,SG,48
d3e3565e-1b7e-3d9b-fa91-714564e5c36d,2026-07-08T12:48:36.466,validation,OK,pacs.008,FAST,874.52,MYR,**************5868,SG,59
d3e3565e-1b7e-3d9b-fa91-714564e5c36d,2026-07-08T12:48:36.549,aml,OK,pacs.008,FAST,874.52,MYR,**************5868,SG,220
d3e3565e-1b7e-3d9b-fa91-714564e5c36d,2026-07-08T12:48:36.789,payment-hub,OK,pacs.008,FAST,874.52,MYR,**************5868,SG,126
d3e3565e-1b7e-3d9b-fa91-714564e5c36d,2026-07-08T12:48:36.908,core-banking,OK,pacs.008,FAST,874.52,MYR,**************5868,SG,71
d3e3565e-1b7e-3d9b-fa91-714564e5c36d,2026-07-08T12:48:36.977,settlement,SETTLED,pacs.008,FAST,874.52,MYR,**************5868,SG,151
679cd327-6c52-ff5e-7390-3bcca43882a3,2026-07-05T13:40:39.453,gateway,OK,MT103,FAST,227.96,SGD,**************3873,SG,43
679cd327-6c52-ff5e-7390-3bcca43882a3,2026-07-05T13:40:39.537,auth,OK,MT103,FAST,227.96,SGD,**************3873,SG,62
679cd327-6c52-ff5e-7390-3bcca43882a3,2026-07-05T13:40:39.605,validation,OK,MT103,FAST,227.96,SGD,**************3873,SG,57
679cd327-6c52-ff5e-7390-3bcca43882a3,2026-07-05T13:40:39.696,aml,OK,MT103,FAST,227.96,SGD,**************3873,SG,235
679cd327-6c52-ff5e-7390-3bcca43882a3,2026-07-05T13:40:39.753,payment-hub,OK,MT103,FAST,227.96,SGD,**************3873,SG,93
679cd327-6c52-ff5e-7390-3bcca43882a3,2026-07-05T13:40:39.821,core-banking,OK,MT103,FAST,227.96,SGD,**************3873,SG,68
679cd327-6c52-ff5e-7390-3bcca43882a3,2026-07-05T13:40:40.077,settlement,SETTLED,MT103,FAST,227.96,SGD,**************3873,SG,306
282059d0-d50f-52aa-fdf8-773efb423e63,2026-07-09T23:24:26.690,gateway,OK,pacs.008,FAST,335.04,MYR,**************6053,SG,41
282059d0-d50f-52aa-fdf8-773efb423e63,2026-07-09T23:24:26.799,auth,OK,pacs.008,FAST,335.04,MYR,**************6053,SG,47
282059d0-d50f-52aa-fdf8-773efb423e63,2026-07-09T23:24:26.928,validation,OK,pacs.008,FAST,335.04,MYR,**************6053,SG,45
282059d0-d50f-52aa-fdf8-773efb423e63,2026-07-09T23:24:27.104,aml,TIMEOUT,pacs.008,FAST,335.04,MYR,**************6053,SG,30000
282059d0-d50f-52aa-fdf8-773efb423e63,2026-07-09T23:24:27.176,payment-hub,FAILED,pacs.008,FAST,335.04,MYR,**************6053,SG,116
9ee9c45b-4cdb-2f46-475c-2d3a172a526a,2026-07-08T10:58:25.846,gateway,OK,pacs.008,FAST,411.38,USD,**************9170,HK,15
9ee9c45b-4cdb-2f46-475c-2d3a172a526a,2026-07-08T10:58:25.881,auth,OK,pacs.008,FAST,411.38,USD,**************9170,HK,41
9ee9c45b-4cdb-2f46-475c-2d3a172a526a,2026-07-08T10:58:26.074,validation,OK,pacs.008,FAST,411.38,USD,**************9170,HK,70
9ee9c45b-4cdb-2f46-475c-2d3a172a526a,2026-07-08T10:58:26.131,aml,OK,pacs.008,FAST,411.38,USD,**************9170,HK,150
9ee9c45b-4cdb-2f46-475c-2d3a172a526a,2026-07-08T10:58:26.193,payment-hub,OK,pacs.008,FAST,411.38,USD,**************9170,HK,79
9ee9c45b-4cdb-2f46-475c-2d3a172a526a,2026-07-08T10:58:26.273,core-banking,OK,pacs.008,FAST,411.38,USD,**************9170,HK,239
9ee9c45b-4cdb-2f46-475c-2d3a172a526a,2026-07-08T10:58:26.338,settlement,SETTLED,pacs.008,FAST,411.38,USD,**************9170,HK,188
4288439d-7942-4f98-860e-7a593ad4622f,2026-07-04T16:07:52.363,gateway,OK,MT103,FAST,1670.85,EUR,**************7658,SG,22
4288439d-7942-4f98-860e-7a593ad4622f,2026-07-04T16:07:52.629,auth,OK,MT103,FAST,1670.85,EUR,**************7658,SG,38
4288439d-7942-4f98-860e-7a593ad4622f,2026-07-04T16:07:52.840,validation,OK,MT103,FAST,1670.85,EUR,**************7658,SG,108
4288439d-7942-4f98-860e-7a593ad4622f,2026-07-04T16:07:52.980,aml,OK,MT103,FAST,1670.85,EUR,**************7658,SG,262
4288439d-7942-4f98-860e-7a593ad4622f,2026-07-04T16:07:53.106,payment-hub,OK,MT103,FAST,1670.85,EUR,**************7658,SG,72
4288439d-7942-4f98-860e-7a593ad4622f,2026-07-04T16:07:53.159,core-banking,OK,MT103,FAST,1670.85,EUR,**************7658,SG,93
4288439d-7942-4f98-860e-7a593ad4622f,2026-07-04T16:07:53.382,settlement,SETTLED,MT103,FAST,1670.85,EUR,**************7658,SG,263
ddfcd150-750a-65ee-0a26-33b0b4933499,2026-07-10T17:11:26.187,gateway,OK,pacs.008,SWIFT,845.95,SGD,**************7287,IN,59
ddfcd150-750a-65ee-0a26-33b0b4933499,2026-07-10T17:11:26.420,auth,OK,pacs.008,SWIFT,845.95,SGD,**************7287,IN,26
ddfcd150-750a-65ee-0a26-33b0b4933499,2026-07-10T17:11:26.496,validation,OK,pacs.008,SWIFT,845.95,SGD,**************7287,IN,105
ddfcd150-750a-65ee-0a26-33b0b4933499,2026-07-10T17:11:26.563,aml,OK,pacs.008,SWIFT,845.95,SGD,**************7287,IN,71
ddfcd150-750a-65ee-0a26-33b0b4933499,2026-07-10T17:11:26.664,payment-hub,OK,pacs.008,SWIFT,845.95,SGD,**************7287,IN,122
ddfcd150-750a-65ee-0a26-33b0b4933499,2026-07-10T17:11:26.709,core-banking,OK,pacs.008,SWIFT,845.95,SGD,**************7287,IN,200
ddfcd150-750a-65ee-0a26-33b0b4933499,2026-07-10T17:11:26.789,settlement,SETTLED,pacs.008,SWIFT,845.95,SGD,**************7287,IN,343
b236ad4a-d3f9-8d4d-30a5-ce0a32203d96,2026-07-11T06:22:27.602,gateway,OK,pacs.008,SWIFT,354.34,GBP,**************0424,SG,22
b236ad4a-d3f9-8d4d-30a5-ce0a32203d96,2026-07-11T06:22:27.778,auth,OK,pacs.008,SWIFT,354.34,GBP,**************0424,SG,46
b236ad4a-d3f9-8d4d-30a5-ce0a32203d96,2026-07-11T06:22:27.834,validation,OK,pacs.008,SWIFT,354.34,GBP,**************0424,SG,32
b236ad4a-d3f9-8d4d-30a5-ce0a32203d96,2026-07-11T06:22:27.967,aml,OK,pacs.008,SWIFT,354.34,GBP,**************0424,SG,193
b236ad4a-d3f9-8d4d-30a5-ce0a32203d96,2026-07-11T06:22:28.066,payment-hub,OK,pacs.008,SWIFT,354.34,GBP,**************0424,SG,132
b236ad4a-d3f9-8d4d-30a5-ce0a32203d96,2026-07-11T06:22:28.128,core-banking,OK,pacs.008,SWIFT,354.34,GBP,**************0424,SG,72
b236ad4a-d3f9-8d4d-30a5-ce0a32203d96,2026-07-11T06:22:58.151,settlement,SETTLED,pacs.008,SWIFT,354.34,GBP,**************0424,SG,308
3b1d8eff-62c1-0b3d-180a-7cb3efcae76e,2026-07-04T19:21:54.740,gateway,OK,pacs.008,FAST,2175.36,SGD,**************1940,MY,46
3b1d8eff-62c1-0b3d-180a-7cb3efcae76e,2026-07-04T19:21:54.806,auth,OK,pacs.008,FAST,2175.36,SGD,**************1940,MY,65
3b1d8eff-62c1-0b3d-180a-7cb3efcae76e,2026-07-04T19:21:54.884,validation,OK,pacs.008,FAST,2175.36,SGD,**************1940,MY,103
3b1d8eff-62c1-0b3d-180a-7cb3efcae76e,2026-07-04T19:21:55.104,aml,OK,pacs.008,FAST,2175.36,SGD,**************1940,MY,98
3b1d8eff-62c1-0b3d-180a-7cb3efcae76e,2026-07-04T19:21:55.175,payment-hub,OK,pacs.008,FAST,2175.36,SGD,**************1940,MY,94
3b1d8eff-62c1-0b3d-180a-7cb3efcae76e,2026-07-04T19:21:55.274,core-banking,OK,pacs.008,FAST,2175.36,SGD,**************1940,MY,250
3b1d8eff-62c1-0b3d-180a-7cb3efcae76e,2026-07-04T19:21:55.323,settlement,SETTLED,pacs.008,FAST,2175.36,SGD,**************1940,MY,134
6b2a59a6-f4c9-1403-387a-da89454767ec,2026-07-13T01:19:13.520,gateway,OK,pacs.008,FAST,1081.63,SGD,**************8043,HK,19
6b2a59a6-f4c9-1403-387a-da89454767ec,2026-07-13T01:19:13.723,auth,OK,pacs.008,FAST,1081.63,SGD,**************8043,HK,51
6b2a59a6-f4c9-1403-387a-da89454767ec,2026-07-13T01:19:13.793,validation,OK,pacs.008,FAST,1081.63,SGD,**************8043,HK,50
6b2a59a6-f4c9-1403-387a-da89454767ec,2026-07-13T01:19:14.101,aml,OK,pacs.008,FAST,1081.63,SGD,**************8043,HK,214
6b2a59a6-f4c9-1403-387a-da89454767ec,2026-07-13T01:19:14.371,payment-hub,OK,pacs.008,FAST,1081.63,SGD,**************8043,HK,95
6b2a59a6-f4c9-1403-387a-da89454767ec,2026-07-13T01:19:14.647,core-banking,OK,pacs.008,FAST,1081.63,SGD,**************8043,HK,244
6b2a59a6-f4c9-1403-387a-da89454767ec,2026-07-13T01:19:14.713,settlement,SETTLED,pacs.008,FAST,1081.63,SGD,**************8043,HK,292
b6f62392-c387-13db-2a01-c537aca69761,2026-07-09T01:05:38.722,gateway,OK,pacs.008,FAST,768.29,USD,**************6230,IN,23
b6f62392-c387-13db-2a01-c537aca69761,2026-07-09T01:05:38.933,auth,OK,pacs.008,FAST,768.29,USD,**************6230,IN,71
b6f62392-c387-13db-2a01-c537aca69761,2026-07-09T01:05:39.048,validation,OK,pacs.008,FAST,768.29,USD,**************6230,IN,112
b6f62392-c387-13db-2a01-c537aca69761,2026-07-09T01:05:39.096,aml,OK,pacs.008,FAST,768.29,USD,**************6230,IN,46
b6f62392-c387-13db-2a01-c537aca69761,2026-07-09T01:05:39.175,payment-hub,OK,pacs.008,FAST,768.29,USD,**************6230,IN,89
b6f62392-c387-13db-2a01-c537aca69761,2026-07-09T01:05:39.291,core-banking,OK,pacs.008,FAST,768.29,USD,**************6230,IN,215
b6f62392-c387-13db-2a01-c537aca69761,2026-07-09T01:05:39.372,settlement,SETTLED,pacs.008,FAST,768.29,USD,**************6230,IN,96
977a78bb-0ec0-4bbd-bc8c-c26c44282ac9,2026-07-15T02:54:02.657,gateway,OK,pacs.008,FAST,1131.35,USD,**************0372,IN,33
977a78bb-0ec0-4bbd-bc8c-c26c44282ac9,2026-07-15T02:54:02.713,auth,OK,pacs.008,FAST,1131.35,USD,**************0372,IN,51
977a78bb-0ec0-4bbd-bc8c-c26c44282ac9,2026-07-15T02:54:02.813,validation,OK,pacs.008,FAST,1131.35,USD,**************0372,IN,89
977a78bb-0ec0-4bbd-bc8c-c26c44282ac9,2026-07-15T02:54:02.859,aml,OK,pacs.008,FAST,1131.35,USD,**************0372,IN,129
977a78bb-0ec0-4bbd-bc8c-c26c44282ac9,2026-07-15T02:54:02.952,payment-hub,OK,pacs.008,FAST,1131.35,USD,**************0372,IN,76
977a78bb-0ec0-4bbd-bc8c-c26c44282ac9,2026-07-15T02:54:03.124,core-banking,OK,pacs.008,FAST,1131.35,USD,**************0372,IN,220
977a78bb-0ec0-4bbd-bc8c-c26c44282ac9,2026-07-15T02:54:03.180,settlement,SETTLED,pacs.008,FAST,1131.35,USD,**************0372,IN,273
c17fc7f4-675a-0178-3100-f83c4b473349,2026-07-13T21:19:03.414,gateway,OK,pacs.008,FAST,761.79,GBP,**************9622,SG,58
c17fc7f4-675a-0178-3100-f83c4b473349,2026-07-13T21:19:03.522,auth,OK,pacs.008,FAST,761.79,GBP,**************9622,SG,48
c17fc7f4-675a-0178-3100-f83c4b473349,2026-07-13T21:19:03.653,validation,OK,pacs.008,FAST,761.79,GBP,**************9622,SG,82
c17fc7f4-675a-0178-3100-f83c4b473349,2026-07-13T21:19:03.807,aml,OK,pacs.008,FAST,761.79,GBP,**************9622,SG,300
c17fc7f4-675a-0178-3100-f83c4b473349,2026-07-13T21:19:03.857,payment-hub,OK,pacs.008,FAST,761.79,GBP,**************9622,SG,134
c17fc7f4-675a-0178-3100-f83c4b473349,2026-07-13T21:19:03.918,core-banking,OK,pacs.008,FAST,761.79,GBP,**************9622,SG,210
c17fc7f4-675a-0178-3100-f83c4b473349,2026-07-13T21:19:03.987,settlement,SETTLED,pacs.008,FAST,761.79,GBP,**************9622,SG,369
339bc267-6df7-c131-93d4-01f2ed05a80e,2026-07-03T20:29:50.469,gateway,OK,pacs.008,FAST,1047.36,USD,**************2170,SG,60
339bc267-6df7-c131-93d4-01f2ed05a80e,2026-07-03T20:29:50.525,auth,OK,pacs.008,FAST,1047.36,USD,**************2170,SG,35
339bc267-6df7-c131-93d4-01f2ed05a80e,2026-07-03T20:29:50.644,validation,OK,pacs.008,FAST,1047.36,USD,**************2170,SG,86
339bc267-6df7-c131-93d4-01f2ed05a80e,2026-07-03T20:29:50.940,aml,OK,pacs.008,FAST,1047.36,USD,**************2170,SG,110
339bc267-6df7-c131-93d4-01f2ed05a80e,2026-07-03T20:29:51.001,payment-hub,OK,pacs.008,FAST,1047.36,USD,**************2170,SG,102
339bc267-6df7-c131-93d4-01f2ed05a80e,2026-07-03T20:29:51.134,core-banking,OK,pacs.008,FAST,1047.36,USD,**************2170,SG,229
339bc267-6df7-c131-93d4-01f2ed05a80e,2026-07-03T20:29:51.371,settlement,SETTLED,pacs.008,FAST,1047.36,USD,**************2170,SG,375
89362230-8ed0-0c11-7b9d-f008319e7171,2026-07-14T08:13:19.234,gateway,OK,pacs.008,CARDS,212.0,SGD,**************3968,SG,21
89362230-8ed0-0c11-7b9d-f008319e7171,2026-07-14T08:13:19.438,auth,OK,pacs.008,CARDS,212.0,SGD,**************3968,SG,26
89362230-8ed0-0c11-7b9d-f008319e7171,2026-07-14T08:13:19.594,validation,OK,pacs.008,CARDS,212.0,SGD,**************3968,SG,114
89362230-8ed0-0c11-7b9d-f008319e7171,2026-07-14T08:13:19.660,aml,OK,pacs.008,CARDS,212.0,SGD,**************3968,SG,293
89362230-8ed0-0c11-7b9d-f008319e7171,2026-07-14T08:13:19.757,payment-hub,OK,pacs.008,CARDS,212.0,SGD,**************3968,SG,139
89362230-8ed0-0c11-7b9d-f008319e7171,2026-07-14T08:13:19.831,core-banking,OK,pacs.008,CARDS,212.0,SGD,**************3968,SG,119
89362230-8ed0-0c11-7b9d-f008319e7171,2026-07-14T08:13:20.139,settlement,SETTLED,pacs.008,CARDS,212.0,SGD,**************3968,SG,193
939f4d07-b081-a21d-625d-fbb616f47578,2026-07-03T15:25:52.613,gateway,OK,pacs.008,SWIFT,388.9,SGD,**************1597,IN,50
939f4d07-b081-a21d-625d-fbb616f47578,2026-07-03T15:25:52.763,auth,OK,pacs.008,SWIFT,388.9,SGD,**************1597,IN,39
939f4d07-b081-a21d-625d-fbb616f47578,2026-07-03T15:25:52.803,validation,OK,pacs.008,SWIFT,388.9,SGD,**************1597,IN,84
939f4d07-b081-a21d-625d-fbb616f47578,2026-07-03T15:25:52.901,aml,OK,pacs.008,SWIFT,388.9,SGD,**************1597,IN,104
939f4d07-b081-a21d-625d-fbb616f47578,2026-07-03T15:25:53.069,payment-hub,OK,pacs.008,SWIFT,388.9,SGD,**************1597,IN,78
939f4d07-b081-a21d-625d-fbb616f47578,2026-07-03T15:25:53.142,core-banking,OK,pacs.008,SWIFT,388.9,SGD,**************1597,IN,241
939f4d07-b081-a21d-625d-fbb616f47578,2026-07-03T15:25:53.204,settlement,SETTLED,pacs.008,SWIFT,388.9,SGD,**************1597,IN,144
95fc50a1-1689-8a6f-9bdf-d00fe9d52a8a,2026-07-04T11:32:00.693,gateway,OK,MT103,FAST,864.02,USD,**************3455,SG,28
95fc50a1-1689-8a6f-9bdf-d00fe9d52a8a,2026-07-04T11:32:00.755,auth,OK,MT103,FAST,864.02,USD,**************3455,SG,89
95fc50a1-1689-8a6f-9bdf-d00fe9d52a8a,2026-07-04T11:32:00.975,validation,OK,MT103,FAST,864.02,USD,**************3455,SG,32
95fc50a1-1689-8a6f-9bdf-d00fe9d52a8a,2026-07-04T11:32:01.102,aml,OK,MT103,FAST,864.02,USD,**************3455,SG,117
95fc50a1-1689-8a6f-9bdf-d00fe9d52a8a,2026-07-04T11:32:01.211,payment-hub,OK,MT103,FAST,864.02,USD,**************3455,SG,75
95fc50a1-1689-8a6f-9bdf-d00fe9d52a8a,2026-07-04T11:32:01.290,core-banking,OK,MT103,FAST,864.02,USD,**************3455,SG,88
95fc50a1-1689-8a6f-9bdf-d00fe9d52a8a,2026-07-04T11:32:01.380,settlement,SETTLED,MT103,FAST,864.02,USD,**************3455,SG,147
315ee92c-8fc2-531a-b0a4-5e1c79cafbaf,2026-07-07T06:49:46.452,gateway,OK,0200,CARDS,1165.2,MYR,**************4040,MY,48
315ee92c-8fc2-531a-b0a4-5e1c79cafbaf,2026-07-07T06:49:46.580,auth,OK,0200,CARDS,1165.2,MYR,**************4040,MY,38
315ee92c-8fc2-531a-b0a4-5e1c79cafbaf,2026-07-07T06:49:46.754,validation,OK,0200,CARDS,1165.2,MYR,**************4040,MY,40
315ee92c-8fc2-531a-b0a4-5e1c79cafbaf,2026-07-07T06:49:46.876,aml,OK,0200,CARDS,1165.2,MYR,**************4040,MY,130
315ee92c-8fc2-531a-b0a4-5e1c79cafbaf,2026-07-07T06:49:46.933,payment-hub,OK,0200,CARDS,1165.2,MYR,**************4040,MY,72
315ee92c-8fc2-531a-b0a4-5e1c79cafbaf,2026-07-07T06:49:46.987,core-banking,OK,0200,CARDS,1165.2,MYR,**************4040,MY,62
315ee92c-8fc2-531a-b0a4-5e1c79cafbaf,2026-07-07T06:49:47.028,settlement,SETTLED,0200,CARDS,1165.2,MYR,**************4040,MY,68
af1af555-3a4b-03c8-b5e5-f86c9df48a96,2026-07-14T17:25:09.775,gateway,OK,pacs.008,SWIFT,1233.04,USD,**************6507,HK,18
af1af555-3a4b-03c8-b5e5-f86c9df48a96,2026-07-14T17:25:09.902,auth,OK,pacs.008,SWIFT,1233.04,USD,**************6507,HK,32
af1af555-3a4b-03c8-b5e5-f86c9df48a96,2026-07-14T17:25:10.028,validation,OK,pacs.008,SWIFT,1233.04,USD,**************6507,HK,87
af1af555-3a4b-03c8-b5e5-f86c9df48a96,2026-07-14T17:25:10.072,aml,OK,pacs.008,SWIFT,1233.04,USD,**************6507,HK,154
af1af555-3a4b-03c8-b5e5-f86c9df48a96,2026-07-14T17:25:10.169,payment-hub,OK,pacs.008,SWIFT,1233.04,USD,**************6507,HK,85
af1af555-3a4b-03c8-b5e5-f86c9df48a96,2026-07-14T17:25:10.233,core-banking,OK,pacs.008,SWIFT,1233.04,USD,**************6507,HK,133
af1af555-3a4b-03c8-b5e5-f86c9df48a96,2026-07-14T17:25:10.282,settlement,SETTLED,pacs.008,SWIFT,1233.04,USD,**************6507,HK,195
7eef60a9-8195-fec2-8b9e-428852ed99bb,2026-07-13T22:51:48.491,gateway,OK,pacs.008,FAST,270.9,USD,**************2305,MY,52
7eef60a9-8195-fec2-8b9e-428852ed99bb,2026-07-13T22:51:48.548,auth,OK,pacs.008,FAST,270.9,USD,**************2305,MY,66
7eef60a9-8195-fec2-8b9e-428852ed99bb,2026-07-13T22:51:48.645,validation,OK,pacs.008,FAST,270.9,USD,**************2305,MY,47
7eef60a9-8195-fec2-8b9e-428852ed99bb,2026-07-13T22:51:48.699,aml,TIMEOUT,pacs.008,FAST,270.9,USD,**************2305,MY,30000
7eef60a9-8195-fec2-8b9e-428852ed99bb,2026-07-13T22:51:48.800,payment-hub,FAILED,pacs.008,FAST,270.9,USD,**************2305,MY,140
49d3bfaf-0266-7682-4656-3b680c1a07e9,2026-07-02T10:12:26.072,gateway,OK,pacs.008,FAST,1701.03,SGD,**************7120,IN,46
49d3bfaf-0266-7682-4656-3b680c1a07e9,2026-07-02T10:12:26.152,auth,OK,pacs.008,FAST,1701.03,SGD,**************7120,IN,45
49d3bfaf-0266-7682-4656-3b680c1a07e9,2026-07-02T10:12:26.280,validation,OK,pacs.008,FAST,1701.03,SGD,**************7120,IN,50
49d3bfaf-0266-7682-4656-3b680c1a07e9,2026-07-02T10:12:26.422,aml,OK,pacs.008,FAST,1701.03,SGD,**************7120,IN,155
49d3bfaf-0266-7682-4656-3b680c1a07e9,2026-07-02T10:12:26.458,payment-hub,OK,pacs.008,FAST,1701.03,SGD,**************7120,IN,146
49d3bfaf-0266-7682-4656-3b680c1a07e9,2026-07-02T10:12:26.554,core-banking,OK,pacs.008,FAST,1701.03,SGD,**************7120,IN,240
49d3bfaf-0266-7682-4656-3b680c1a07e9,2026-07-02T10:12:26.638,settlement,SETTLED,pacs.008,FAST,1701.03,SGD,**************7120,IN,333
1f4481b9-51bc-3710-d6e8-f6403d198a87,2026-07-09T08:14:53.897,gateway,OK,pacs.008,SWIFT,89.46,SGD,**************3908,MY,52
1f4481b9-51bc-3710-d6e8-f6403d198a87,2026-07-09T08:14:53.990,auth,OK,pacs.008,SWIFT,89.46,SGD,**************3908,MY,60
1f4481b9-51bc-3710-d6e8-f6403d198a87,2026-07-09T08:14:54.064,validation,OK,pacs.008,SWIFT,89.46,SGD,**************3908,MY,62
1f4481b9-51bc-3710-d6e8-f6403d198a87,2026-07-09T08:14:54.236,aml,TIMEOUT,pacs.008,SWIFT,89.46,SGD,**************3908,MY,30000
1f4481b9-51bc-3710-d6e8-f6403d198a87,2026-07-09T08:14:54.271,payment-hub,FAILED,pacs.008,SWIFT,89.46,SGD,**************3908,MY,82
e8d2b352-c512-0cdd-ecc3-ebefffc4d951,2026-07-01T18:13:59.808,gateway,OK,MT103,SWIFT,156.7,MYR,**************7196,SG,54
e8d2b352-c512-0cdd-ecc3-ebefffc4d951,2026-07-01T18:13:59.835,auth,OK,MT103,SWIFT,156.7,MYR,**************7196,SG,89
e8d2b352-c512-0cdd-ecc3-ebefffc4d951,2026-07-01T18:14:00.057,validation,OK,MT103,SWIFT,156.7,MYR,**************7196,SG,62
e8d2b352-c512-0cdd-ecc3-ebefffc4d951,2026-07-01T18:14:00.123,aml,OK,MT103,SWIFT,156.7,MYR,**************7196,SG,67
e8d2b352-c512-0cdd-ecc3-ebefffc4d951,2026-07-01T18:14:00.252,payment-hub,OK,MT103,SWIFT,156.7,MYR,**************7196,SG,131
e8d2b352-c512-0cdd-ecc3-ebefffc4d951,2026-07-01T18:14:00.327,core-banking,OK,MT103,SWIFT,156.7,MYR,**************7196,SG,204
e8d2b352-c512-0cdd-ecc3-ebefffc4d951,2026-07-01T18:14:00.405,settlement,SETTLED,MT103,SWIFT,156.7,MYR,**************7196,SG,250
522e07da-9343-e378-dbd0-7d61eedb9829,2026-07-02T22:52:41.219,gateway,OK,pacs.008,SWIFT,1443.33,SGD,**************9333,SG,59
522e07da-9343-e378-dbd0-7d61eedb9829,2026-07-02T22:52:41.447,auth,OK,pacs.008,SWIFT,1443.33,SGD,**************9333,SG,40
522e07da-9343-e378-dbd0-7d61eedb9829,2026-07-02T22:52:41.531,validation,OK,pacs.008,SWIFT,1443.33,SGD,**************9333,SG,113
522e07da-9343-e378-dbd0-7d61eedb9829,2026-07-02T22:52:41.627,aml,OK,pacs.008,SWIFT,1443.33,SGD,**************9333,SG,241
522e07da-9343-e378-dbd0-7d61eedb9829,2026-07-02T22:52:41.710,payment-hub,OK,pacs.008,SWIFT,1443.33,SGD,**************9333,SG,142
522e07da-9343-e378-dbd0-7d61eedb9829,2026-07-02T22:52:41.982,core-banking,OK,pacs.008,SWIFT,1443.33,SGD,**************9333,SG,75
522e07da-9343-e378-dbd0-7d61eedb9829,2026-07-02T22:52:42.096,settlement,SETTLED,pacs.008,SWIFT,1443.33,SGD,**************9333,SG,273
32fea2cf-04a5-29d0-26a5-3ca23ec0fd51,2026-07-04T16:15:14.614,gateway,OK,pacs.008,SWIFT,2592.51,SGD,**************0711,IN,30
32fea2cf-04a5-29d0-26a5-3ca23ec0fd51,2026-07-04T16:15:14.768,auth,OK,pacs.008,SWIFT,2592.51,SGD,**************0711,IN,83
32fea2cf-04a5-29d0-26a5-3ca23ec0fd51,2026-07-04T16:15:14.803,validation,OK,pacs.008,SWIFT,2592.51,SGD,**************0711,IN,56
32fea2cf-04a5-29d0-26a5-3ca23ec0fd51,2026-07-04T16:15:14.843,aml,OK,pacs.008,SWIFT,2592.51,SGD,**************0711,IN,131
32fea2cf-04a5-29d0-26a5-3ca23ec0fd51,2026-07-04T16:15:14.915,payment-hub,OK,pacs.008,SWIFT,2592.51,SGD,**************0711,IN,69
32fea2cf-04a5-29d0-26a5-3ca23ec0fd51,2026-07-04T16:15:15.030,core-banking,OK,pacs.008,SWIFT,2592.51,SGD,**************0711,IN,185
32fea2cf-04a5-29d0-26a5-3ca23ec0fd51,2026-07-04T16:15:15.105,settlement,SETTLED,pacs.008,SWIFT,2592.51,SGD,**************0711,IN,224
4da7ab9d-4299-005c-bf82-855013bc5a4b,2026-07-15T04:39:58.990,gateway,OK,pacs.008,SWIFT,2674.97,SGD,**************8779,MY,55
4da7ab9d-4299-005c-bf82-855013bc5a4b,2026-07-15T04:39:59.085,auth,OK,pacs.008,SWIFT,2674.97,SGD,**************8779,MY,89
4da7ab9d-4299-005c-bf82-855013bc5a4b,2026-07-15T04:39:59.151,validation,OK,pacs.008,SWIFT,2674.97,SGD,**************8779,MY,47
4da7ab9d-4299-005c-bf82-855013bc5a4b,2026-07-15T04:39:59.318,aml,TIMEOUT,pacs.008,SWIFT,2674.97,SGD,**************8779,MY,30000
4da7ab9d-4299-005c-bf82-855013bc5a4b,2026-07-15T04:39:59.403,payment-hub,FAILED,pacs.008,SWIFT,2674.97,SGD,**************8779,MY,130
7faa9e59-7a1f-1ce9-2944-244a75a5d46b,2026-07-01T14:22:30.546,gateway,OK,pacs.008,SWIFT,4521.78,SGD,**************0807,HK,18
7faa9e59-7a1f-1ce9-2944-244a75a5d46b,2026-07-01T14:22:30.653,auth,OK,pacs.008,SWIFT,4521.78,SGD,**************0807,HK,40
7faa9e59-7a1f-1ce9-2944-244a75a5d46b,2026-07-01T14:22:30.753,validation,OK,pacs.008,SWIFT,4521.78,SGD,**************0807,HK,74
7faa9e59-7a1f-1ce9-2944-244a75a5d46b,2026-07-01T14:22:30.825,aml,OK,pacs.008,SWIFT,4521.78,SGD,**************0807,HK,289
7faa9e59-7a1f-1ce9-2944-244a75a5d46b,2026-07-01T14:22:30.872,payment-hub,OK,pacs.008,SWIFT,4521.78,SGD,**************0807,HK,68
7faa9e59-7a1f-1ce9-2944-244a75a5d46b,2026-07-01T14:22:30.978,core-banking,OK,pacs.008,SWIFT,4521.78,SGD,**************0807,HK,158
7faa9e59-7a1f-1ce9-2944-244a75a5d46b,2026-07-01T14:22:31.048,settlement,SETTLED,pacs.008,SWIFT,4521.78,SGD,**************0807,HK,170
a2720f1c-cfde-5cc0-d5a9-9fa1022aa32b,2026-07-12T20:45:00.342,gateway,OK,pacs.008,FAST,1755.35,USD,**************6527,GB,48
a2720f1c-cfde-5cc0-d5a9-9fa1022aa32b,2026-07-12T20:45:00.404,auth,OK,pacs.008,FAST,1755.35,USD,**************6527,GB,82
a2720f1c-cfde-5cc0-d5a9-9fa1022aa32b,2026-07-12T20:45:00.484,validation,OK,pacs.008,FAST,1755.35,USD,**************6527,GB,75
a2720f1c-cfde-5cc0-d5a9-9fa1022aa32b,2026-07-12T20:45:00.802,aml,TIMEOUT,pacs.008,FAST,1755.35,USD,**************6527,GB,30000
a2720f1c-cfde-5cc0-d5a9-9fa1022aa32b,2026-07-12T20:45:00.893,payment-hub,FAILED,pacs.008,FAST,1755.35,USD,**************6527,GB,116
bc9d627e-d63e-65e4-56d8-0306e2cda7dd,2026-07-11T07:14:30.957,gateway,OK,pacs.008,FAST,835.74,SGD,**************2502,SG,58
bc9d627e-d63e-65e4-56d8-0306e2cda7dd,2026-07-11T07:14:31.060,auth,OK,pacs.008,FAST,835.74,SGD,**************2502,SG,28
bc9d627e-d63e-65e4-56d8-0306e2cda7dd,2026-07-11T07:14:31.097,validation,OK,pacs.008,FAST,835.74,SGD,**************2502,SG,82
bc9d627e-d63e-65e4-56d8-0306e2cda7dd,2026-07-11T07:14:31.270,aml,TIMEOUT,pacs.008,FAST,835.74,SGD,**************2502,SG,30000
bc9d627e-d63e-65e4-56d8-0306e2cda7dd,2026-07-11T07:14:31.447,payment-hub,FAILED,pacs.008,FAST,835.74,SGD,**************2502,SG,66
4ad0a832-c6e3-7db6-19a5-9b9b86758741,2026-07-12T19:14:32.355,gateway,OK,MT103,FAST,459.61,MYR,**************8973,SG,49
4ad0a832-c6e3-7db6-19a5-9b9b86758741,2026-07-12T19:14:32.656,auth,OK,MT103,FAST,459.61,MYR,**************8973,SG,59
4ad0a832-c6e3-7db6-19a5-9b9b86758741,2026-07-12T19:14:32.738,validation,OK,MT103,FAST,459.61,MYR,**************8973,SG,97
4ad0a832-c6e3-7db6-19a5-9b9b86758741,2026-07-12T19:14:32.817,aml,OK,MT103,FAST,459.61,MYR,**************8973,SG,254
4ad0a832-c6e3-7db6-19a5-9b9b86758741,2026-07-12T19:14:32.866,payment-hub,OK,MT103,FAST,459.61,MYR,**************8973,SG,143
4ad0a832-c6e3-7db6-19a5-9b9b86758741,2026-07-12T19:14:32.931,core-banking,OK,MT103,FAST,459.61,MYR,**************8973,SG,133
4ad0a832-c6e3-7db6-19a5-9b9b86758741,2026-07-12T19:14:32.969,settlement,SETTLED,MT103,FAST,459.61,MYR,**************8973,SG,331
74a80821-8427-07c4-9376-0369f1c552a5,2026-07-02T05:40:22.008,gateway,OK,pacs.008,FAST,95.52,EUR,**************3308,IN,43
74a80821-8427-07c4-9376-0369f1c552a5,2026-07-02T05:40:22.130,auth,OK,pacs.008,FAST,95.52,EUR,**************3308,IN,63
74a80821-8427-07c4-9376-0369f1c552a5,2026-07-02T05:40:22.216,validation,OK,pacs.008,FAST,95.52,EUR,**************3308,IN,107
74a80821-8427-07c4-9376-0369f1c552a5,2026-07-02T05:40:22.383,aml,TIMEOUT,pacs.008,FAST,95.52,EUR,**************3308,IN,30000
74a80821-8427-07c4-9376-0369f1c552a5,2026-07-02T05:40:22.589,payment-hub,FAILED,pacs.008,FAST,95.52,EUR,**************3308,IN,135
d2c9a4eb-d668-4de1-b2b3-bdc0fb834316,2026-07-06T19:58:09.410,gateway,OK,MT103,FAST,702.74,SGD,**************4997,US,47
d2c9a4eb-d668-4de1-b2b3-bdc0fb834316,2026-07-06T19:58:09.621,auth,OK,MT103,FAST,702.74,SGD,**************4997,US,55
d2c9a4eb-d668-4de1-b2b3-bdc0fb834316,2026-07-06T19:58:09.741,validation,OK,MT103,FAST,702.74,SGD,**************4997,US,75
d2c9a4eb-d668-4de1-b2b3-bdc0fb834316,2026-07-06T19:58:09.866,aml,OK,MT103,FAST,702.74,SGD,**************4997,US,75
d2c9a4eb-d668-4de1-b2b3-bdc0fb834316,2026-07-06T19:58:10.072,payment-hub,OK,MT103,FAST,702.74,SGD,**************4997,US,34
d2c9a4eb-d668-4de1-b2b3-bdc0fb834316,2026-07-06T19:58:10.158,core-banking,OK,MT103,FAST,702.74,SGD,**************4997,US,171
d2c9a4eb-d668-4de1-b2b3-bdc0fb834316,2026-07-06T19:58:10.216,settlement,SETTLED,MT103,FAST,702.74,SGD,**************4997,US,269
505eb24c-e737-543e-d0b5-f6bc20400ad2,2026-07-12T08:50:48.537,gateway,OK,pacs.008,FAST,616.22,MYR,**************8631,IN,33
505eb24c-e737-543e-d0b5-f6bc20400ad2,2026-07-12T08:50:48.611,auth,OK,pacs.008,FAST,616.22,MYR,**************8631,IN,86
505eb24c-e737-543e-d0b5-f6bc20400ad2,2026-07-12T08:50:48.702,validation,OK,pacs.008,FAST,616.22,MYR,**************8631,IN,27
505eb24c-e737-543e-d0b5-f6bc20400ad2,2026-07-12T08:50:48.812,aml,OK,pacs.008,FAST,616.22,MYR,**************8631,IN,182
505eb24c-e737-543e-d0b5-f6bc20400ad2,2026-07-12T08:50:48.899,payment-hub,OK,pacs.008,FAST,616.22,MYR,**************8631,IN,114
505eb24c-e737-543e-d0b5-f6bc20400ad2,2026-07-12T08:50:48.958,core-banking,OK,pacs.008,FAST,616.22,MYR,**************8631,IN,179
505eb24c-e737-543e-d0b5-f6bc20400ad2,2026-07-12T08:50:49.057,settlement,SETTLED,pacs.008,FAST,616.22,MYR,**************8631,IN,323
db1e5ec8-1ceb-a50b-69f4-269e47ef6f96,2026-07-08T04:17:35.550,gateway,OK,MT103,SWIFT,889.4,USD,**************1253,MY,20
db1e5ec8-1ceb-a50b-69f4-269e47ef6f96,2026-07-08T04:17:35.612,auth,OK,MT103,SWIFT,889.4,USD,**************1253,MY,73
db1e5ec8-1ceb-a50b-69f4-269e47ef6f96,2026-07-08T04:17:35.895,validation,OK,MT103,SWIFT,889.4,USD,**************1253,MY,55
db1e5ec8-1ceb-a50b-69f4-269e47ef6f96,2026-07-08T04:17:35.968,aml,OK,MT103,SWIFT,889.4,USD,**************1253,MY,97
db1e5ec8-1ceb-a50b-69f4-269e47ef6f96,2026-07-08T04:17:36.081,payment-hub,OK,MT103,SWIFT,889.4,USD,**************1253,MY,108
db1e5ec8-1ceb-a50b-69f4-269e47ef6f96,2026-07-08T04:17:36.176,core-banking,OK,MT103,SWIFT,889.4,USD,**************1253,MY,108
db1e5ec8-1ceb-a50b-69f4-269e47ef6f96,2026-07-08T04:17:36.272,settlement,SETTLED,MT103,SWIFT,889.4,USD,**************1253,MY,328
2a63071f-4b51-8de7-9760-2982ed35890a,2026-07-06T03:12:48.418,gateway,OK,0200,SWIFT,1212.82,MYR,**************9088,SG,24
2a63071f-4b51-8de7-9760-2982ed35890a,2026-07-06T03:12:48.570,auth,OK,0200,SWIFT,1212.82,MYR,**************9088,SG,36
2a63071f-4b51-8de7-9760-2982ed35890a,2026-07-06T03:12:48.616,validation,REJECTED,0200,SWIFT,1212.82,MYR,**************9088,SG,90
85983c15-e891-0781-bf1c-2289fd321572,2026-07-06T05:57:44.854,gateway,OK,pacs.008,FAST,741.12,EUR,**************3417,GB,28
85983c15-e891-0781-bf1c-2289fd321572,2026-07-06T05:57:44.971,auth,OK,pacs.008,FAST,741.12,EUR,**************3417,GB,29
85983c15-e891-0781-bf1c-2289fd321572,2026-07-06T05:57:45.132,validation,OK,pacs.008,FAST,741.12,EUR,**************3417,GB,50
85983c15-e891-0781-bf1c-2289fd321572,2026-07-06T05:57:45.199,aml,OK,pacs.008,FAST,741.12,EUR,**************3417,GB,138
85983c15-e891-0781-bf1c-2289fd321572,2026-07-06T05:57:45.286,payment-hub,OK,pacs.008,FAST,741.12,EUR,**************3417,GB,34
85983c15-e891-0781-bf1c-2289fd321572,2026-07-06T05:57:45.353,core-banking,OK,pacs.008,FAST,741.12,EUR,**************3417,GB,203
85983c15-e891-0781-bf1c-2289fd321572,2026-07-06T05:57:45.427,settlement,SETTLED,pacs.008,FAST,741.12,EUR,**************3417,GB,294
e8297f59-6741-34ce-b5f5-99ff944a7857,2026-07-02T06:39:06.020,gateway,OK,pacs.008,SWIFT,28.65,GBP,**************4093,SG,35
e8297f59-6741-34ce-b5f5-99ff944a7857,2026-07-02T06:39:36.032,auth,OK,pacs.008,SWIFT,28.65,GBP,**************4093,SG,42
e8297f59-6741-34ce-b5f5-99ff944a7857,2026-07-02T06:39:36.085,validation,OK,pacs.008,SWIFT,28.65,GBP,**************4093,SG,88
e8297f59-6741-34ce-b5f5-99ff944a7857,2026-07-02T06:39:36.128,aml,OK,pacs.008,SWIFT,28.65,GBP,**************4093,SG,124
e8297f59-6741-34ce-b5f5-99ff944a7857,2026-07-02T06:39:36.363,payment-hub,OK,pacs.008,SWIFT,28.65,GBP,**************4093,SG,137
e8297f59-6741-34ce-b5f5-99ff944a7857,2026-07-02T06:39:36.408,core-banking,OK,pacs.008,SWIFT,28.65,GBP,**************4093,SG,139
e8297f59-6741-34ce-b5f5-99ff944a7857,2026-07-02T06:39:36.497,settlement,SETTLED,pacs.008,SWIFT,28.65,GBP,**************4093,SG,349
628ac415-cbdd-40d9-4f80-bc004779028a,2026-07-09T02:44:39.915,gateway,OK,MT103,FAST,1132.27,SGD,**************6269,MY,18
628ac415-cbdd-40d9-4f80-bc004779028a,2026-07-09T02:44:40.035,auth,OK,MT103,FAST,1132.27,SGD,**************6269,MY,45
628ac415-cbdd-40d9-4f80-bc004779028a,2026-07-09T02:44:40.107,validation,OK,MT103,FAST,1132.27,SGD,**************6269,MY,53
628ac415-cbdd-40d9-4f80-bc004779028a,2026-07-09T02:44:40.212,aml,OK,MT103,FAST,1132.27,SGD,**************6269,MY,174
628ac415-cbdd-40d9-4f80-bc004779028a,2026-07-09T02:44:40.258,payment-hub,OK,MT103,FAST,1132.27,SGD,**************6269,MY,134
628ac415-cbdd-40d9-4f80-bc004779028a,2026-07-09T02:44:40.324,core-banking,OK,MT103,FAST,1132.27,SGD,**************6269,MY,174
628ac415-cbdd-40d9-4f80-bc004779028a,2026-07-09T02:44:40.390,settlement,SETTLED,MT103,FAST,1132.27,SGD,**************6269,MY,192
4f5c5418-4ab9-9f0f-f7a3-611b0857789a,2026-07-10T22:38:02.290,gateway,OK,MT103,CARDS,3677.34,EUR,**************7005,SG,24
4f5c5418-4ab9-9f0f-f7a3-611b0857789a,2026-07-10T22:38:02.345,auth,OK,MT103,CARDS,3677.34,EUR,**************7005,SG,75
4f5c5418-4ab9-9f0f-f7a3-611b0857789a,2026-07-10T22:38:02.456,validation,OK,MT103,CARDS,3677.34,EUR,**************7005,SG,72
4f5c5418-4ab9-9f0f-f7a3-611b0857789a,2026-07-10T22:38:02.571,aml,TIMEOUT,MT103,CARDS,3677.34,EUR,**************7005,SG,30000
4f5c5418-4ab9-9f0f-f7a3-611b0857789a,2026-07-10T22:38:02.699,payment-hub,FAILED,MT103,CARDS,3677.34,EUR,**************7005,SG,107
6d65af3b-f7b8-a05a-a676-e1fefdb7b73d,2026-07-08T08:57:49.039,gateway,OK,MT103,SWIFT,195.12,SGD,**************2871,SG,24
6d65af3b-f7b8-a05a-a676-e1fefdb7b73d,2026-07-08T08:57:49.185,auth,OK,MT103,SWIFT,195.12,SGD,**************2871,SG,36
6d65af3b-f7b8-a05a-a676-e1fefdb7b73d,2026-07-08T08:57:49.325,validation,OK,MT103,SWIFT,195.12,SGD,**************2871,SG,82
6d65af3b-f7b8-a05a-a676-e1fefdb7b73d,2026-07-08T08:57:49.464,aml,OK,MT103,SWIFT,195.12,SGD,**************2871,SG,223
6d65af3b-f7b8-a05a-a676-e1fefdb7b73d,2026-07-08T08:57:49.526,payment-hub,OK,MT103,SWIFT,195.12,SGD,**************2871,SG,78
6d65af3b-f7b8-a05a-a676-e1fefdb7b73d,2026-07-08T08:57:49.760,core-banking,OK,MT103,SWIFT,195.12,SGD,**************2871,SG,246
6d65af3b-f7b8-a05a-a676-e1fefdb7b73d,2026-07-08T08:57:49.889,settlement,SETTLED,MT103,SWIFT,195.12,SGD,**************2871,SG,244
ace9baa1-b91c-1f50-708e-5a61defb7ed8,2026-07-08T11:47:59.575,gateway,OK,MT103,FAST,42.68,USD,**************1377,IN,29
ace9baa1-b91c-1f50-708e-5a61defb7ed8,2026-07-08T11:47:59.700,auth,OK,MT103,FAST,42.68,USD,**************1377,IN,44
ace9baa1-b91c-1f50-708e-5a61defb7ed8,2026-07-08T11:47:59.750,validation,OK,MT103,FAST,42.68,USD,**************1377,IN,83
ace9baa1-b91c-1f50-708e-5a61defb7ed8,2026-07-08T11:48:00.044,aml,OK,MT103,FAST,42.68,USD,**************1377,IN,285
ace9baa1-b91c-1f50-708e-5a61defb7ed8,2026-07-08T11:48:00.116,payment-hub,OK,MT103,FAST,42.68,USD,**************1377,IN,46
ace9baa1-b91c-1f50-708e-5a61defb7ed8,2026-07-08T11:48:00.252,core-banking,OK,MT103,FAST,42.68,USD,**************1377,IN,97
ace9baa1-b91c-1f50-708e-5a61defb7ed8,2026-07-08T11:48:00.393,settlement,SETTLED,MT103,FAST,42.68,USD,**************1377,IN,371
76f6cbf5-44c2-799c-c120-aa8394399fdb,2026-07-02T17:31:07.026,gateway,OK,pacs.008,CARDS,965.09,SGD,**************0881,IN,36
76f6cbf5-44c2-799c-c120-aa8394399fdb,2026-07-02T17:31:07.084,auth,OK,pacs.008,CARDS,965.09,SGD,**************0881,IN,79
76f6cbf5-44c2-799c-c120-aa8394399fdb,2026-07-02T17:31:07.157,validation,OK,pacs.008,CARDS,965.09,SGD,**************0881,IN,57
76f6cbf5-44c2-799c-c120-aa8394399fdb,2026-07-02T17:31:07.246,aml,OK,pacs.008,CARDS,965.09,SGD,**************0881,IN,176
76f6cbf5-44c2-799c-c120-aa8394399fdb,2026-07-02T17:31:07.299,payment-hub,OK,pacs.008,CARDS,965.09,SGD,**************0881,IN,39
76f6cbf5-44c2-799c-c120-aa8394399fdb,2026-07-02T17:31:07.375,core-banking,OK,pacs.008,CARDS,965.09,SGD,**************0881,IN,225
76f6cbf5-44c2-799c-c120-aa8394399fdb,2026-07-02T17:31:07.495,settlement,SETTLED,pacs.008,CARDS,965.09,SGD,**************0881,IN,111
9e7449f5-50e5-e9e4-8737-d2a8f01f55c4,2026-07-05T03:22:38.488,gateway,OK,pacs.008,FAST,687.66,SGD,**************6826,SG,60
9e7449f5-50e5-e9e4-8737-d2a8f01f55c4,2026-07-05T03:22:38.639,auth,OK,pacs.008,FAST,687.66,SGD,**************6826,SG,37
9e7449f5-50e5-e9e4-8737-d2a8f01f55c4,2026-07-05T03:22:38.772,validation,OK,pacs.008,FAST,687.66,SGD,**************6826,SG,82
9e7449f5-50e5-e9e4-8737-d2a8f01f55c4,2026-07-05T03:22:38.872,aml,OK,pacs.008,FAST,687.66,SGD,**************6826,SG,171
9e7449f5-50e5-e9e4-8737-d2a8f01f55c4,2026-07-05T03:22:38.985,payment-hub,OK,pacs.008,FAST,687.66,SGD,**************6826,SG,119
9e7449f5-50e5-e9e4-8737-d2a8f01f55c4,2026-07-05T03:22:39.069,core-banking,OK,pacs.008,FAST,687.66,SGD,**************6826,SG,190
9e7449f5-50e5-e9e4-8737-d2a8f01f55c4,2026-07-05T03:22:39.209,settlement,SETTLED,pacs.008,FAST,687.66,SGD,**************6826,SG,296
1937b5bd-d00e-4004-275e-1e5a9445ceba,2026-07-08T20:46:58.290,gateway,OK,MT103,FAST,1005.1,USD,**************6777,IN,16
1937b5bd-d00e-4004-275e-1e5a9445ceba,2026-07-08T20:46:58.427,auth,OK,MT103,FAST,1005.1,USD,**************6777,IN,24
1937b5bd-d00e-4004-275e-1e5a9445ceba,2026-07-08T20:46:58.499,validation,OK,MT103,FAST,1005.1,USD,**************6777,IN,70
1937b5bd-d00e-4004-275e-1e5a9445ceba,2026-07-08T20:46:58.659,aml,OK,MT103,FAST,1005.1,USD,**************6777,IN,232
1937b5bd-d00e-4004-275e-1e5a9445ceba,2026-07-08T20:46:58.796,payment-hub,OK,MT103,FAST,1005.1,USD,**************6777,IN,107
1937b5bd-d00e-4004-275e-1e5a9445ceba,2026-07-08T20:46:58.970,core-banking,OK,MT103,FAST,1005.1,USD,**************6777,IN,66
1937b5bd-d00e-4004-275e-1e5a9445ceba,2026-07-08T20:46:59.200,settlement,SETTLED,MT103,FAST,1005.1,USD,**************6777,IN,310
3488d45a-2931-95dc-9067-151e9d604121,2026-07-14T12:38:57.217,gateway,OK,0200,FAST,2675.5,SGD,**************8561,SG,37
3488d45a-2931-95dc-9067-151e9d604121,2026-07-14T12:38:57.461,auth,OK,0200,FAST,2675.5,SGD,**************8561,SG,84
3488d45a-2931-95dc-9067-151e9d604121,2026-07-14T12:38:57.550,validation,OK,0200,FAST,2675.5,SGD,**************8561,SG,110
3488d45a-2931-95dc-9067-151e9d604121,2026-07-14T12:38:57.593,aml,OK,0200,FAST,2675.5,SGD,**************8561,SG,274
3488d45a-2931-95dc-9067-151e9d604121,2026-07-14T12:38:57.666,payment-hub,OK,0200,FAST,2675.5,SGD,**************8561,SG,89
3488d45a-2931-95dc-9067-151e9d604121,2026-07-14T12:38:57.746,core-banking,OK,0200,FAST,2675.5,SGD,**************8561,SG,130
3488d45a-2931-95dc-9067-151e9d604121,2026-07-14T12:38:57.817,settlement,SETTLED,0200,FAST,2675.5,SGD,**************8561,SG,127
57dd3233-b9a2-b9dc-d0b5-52e848040dbc,2026-07-11T03:21:48.508,gateway,OK,0200,FAST,603.4,EUR,**************3912,IN,36
57dd3233-b9a2-b9dc-d0b5-52e848040dbc,2026-07-11T03:21:48.600,auth,OK,0200,FAST,603.4,EUR,**************3912,IN,40
57dd3233-b9a2-b9dc-d0b5-52e848040dbc,2026-07-11T03:21:48.684,validation,OK,0200,FAST,603.4,EUR,**************3912,IN,82
57dd3233-b9a2-b9dc-d0b5-52e848040dbc,2026-07-11T03:21:48.749,aml,OK,0200,FAST,603.4,EUR,**************3912,IN,278
57dd3233-b9a2-b9dc-d0b5-52e848040dbc,2026-07-11T03:21:48.801,payment-hub,OK,0200,FAST,603.4,EUR,**************3912,IN,78
57dd3233-b9a2-b9dc-d0b5-52e848040dbc,2026-07-11T03:21:48.941,core-banking,OK,0200,FAST,603.4,EUR,**************3912,IN,211
57dd3233-b9a2-b9dc-d0b5-52e848040dbc,2026-07-11T03:21:48.998,settlement,SETTLED,0200,FAST,603.4,EUR,**************3912,IN,282
30ea5f4e-4d6d-481f-f071-c03547615a6e,2026-07-07T07:31:49.646,gateway,OK,pacs.008,SWIFT,594.62,SGD,**************9755,SG,17
30ea5f4e-4d6d-481f-f071-c03547615a6e,2026-07-07T07:31:49.684,auth,OK,pacs.008,SWIFT,594.62,SGD,**************9755,SG,73
30ea5f4e-4d6d-481f-f071-c03547615a6e,2026-07-07T07:31:49.818,validation,OK,pacs.008,SWIFT,594.62,SGD,**************9755,SG,45
30ea5f4e-4d6d-481f-f071-c03547615a6e,2026-07-07T07:31:49.872,aml,OK,pacs.008,SWIFT,594.62,SGD,**************9755,SG,268
30ea5f4e-4d6d-481f-f071-c03547615a6e,2026-07-07T07:31:49.952,payment-hub,OK,pacs.008,SWIFT,594.62,SGD,**************9755,SG,41
30ea5f4e-4d6d-481f-f071-c03547615a6e,2026-07-07T07:31:50.163,core-banking,OK,pacs.008,SWIFT,594.62,SGD,**************9755,SG,220
30ea5f4e-4d6d-481f-f071-c03547615a6e,2026-07-07T07:31:50.219,settlement,SETTLED,pacs.008,SWIFT,594.62,SGD,**************9755,SG,75
8cb163f5-aa69-728b-847a-0067b37c5823,2026-07-14T07:00:56.217,gateway,OK,pacs.008,FAST,246.42,MYR,**************1256,SG,32
8cb163f5-aa69-728b-847a-0067b37c5823,2026-07-14T07:00:56.352,auth,OK,pacs.008,FAST,246.42,MYR,**************1256,SG,49
8cb163f5-aa69-728b-847a-0067b37c5823,2026-07-14T07:00:56.396,validation,OK,pacs.008,FAST,246.42,MYR,**************1256,SG,46
8cb163f5-aa69-728b-847a-0067b37c5823,2026-07-14T07:01:26.434,aml,OK,pacs.008,FAST,246.42,MYR,**************1256,SG,57
8cb163f5-aa69-728b-847a-0067b37c5823,2026-07-14T07:01:26.532,payment-hub,OK,pacs.008,FAST,246.42,MYR,**************1256,SG,75
8cb163f5-aa69-728b-847a-0067b37c5823,2026-07-14T07:01:26.677,core-banking,OK,pacs.008,FAST,246.42,MYR,**************1256,SG,52
8cb163f5-aa69-728b-847a-0067b37c5823,2026-07-14T07:01:26.728,settlement,SETTLED,pacs.008,FAST,246.42,MYR,**************1256,SG,99
cc0b0199-0622-c7bb-0fd2-803e641d5be1,2026-07-02T14:33:36.414,gateway,OK,pacs.008,FAST,2510.45,SGD,**************2265,SG,47
cc0b0199-0622-c7bb-0fd2-803e641d5be1,2026-07-02T14:33:36.478,auth,OK,pacs.008,FAST,2510.45,SGD,**************2265,SG,41
cc0b0199-0622-c7bb-0fd2-803e641d5be1,2026-07-02T14:33:36.562,validation,OK,pacs.008,FAST,2510.45,SGD,**************2265,SG,105
cc0b0199-0622-c7bb-0fd2-803e641d5be1,2026-07-02T14:33:36.676,aml,OK,pacs.008,FAST,2510.45,SGD,**************2265,SG,154
cc0b0199-0622-c7bb-0fd2-803e641d5be1,2026-07-02T14:33:36.841,payment-hub,OK,pacs.008,FAST,2510.45,SGD,**************2265,SG,149
cc0b0199-0622-c7bb-0fd2-803e641d5be1,2026-07-02T14:33:36.924,core-banking,OK,pacs.008,FAST,2510.45,SGD,**************2265,SG,145
cc0b0199-0622-c7bb-0fd2-803e641d5be1,2026-07-02T14:33:37.022,settlement,SETTLED,pacs.008,FAST,2510.45,SGD,**************2265,SG,232
3484d7b1-b991-494b-f730-61f648f5b6c7,2026-07-06T10:17:35.821,gateway,OK,pacs.008,FAST,699.32,USD,**************7541,SG,18
3484d7b1-b991-494b-f730-61f648f5b6c7,2026-07-06T10:17:35.893,auth,OK,pacs.008,FAST,699.32,USD,**************7541,SG,72
3484d7b1-b991-494b-f730-61f648f5b6c7,2026-07-06T10:17:36.060,validation,OK,pacs.008,FAST,699.32,USD,**************7541,SG,47
3484d7b1-b991-494b-f730-61f648f5b6c7,2026-07-06T10:17:36.173,aml,OK,pacs.008,FAST,699.32,USD,**************7541,SG,94
3484d7b1-b991-494b-f730-61f648f5b6c7,2026-07-06T10:17:36.232,payment-hub,OK,pacs.008,FAST,699.32,USD,**************7541,SG,76
3484d7b1-b991-494b-f730-61f648f5b6c7,2026-07-06T10:17:36.303,core-banking,OK,pacs.008,FAST,699.32,USD,**************7541,SG,162
3484d7b1-b991-494b-f730-61f648f5b6c7,2026-07-06T10:17:36.382,settlement,SETTLED,pacs.008,FAST,699.32,USD,**************7541,SG,190
90e168cb-a332-9937-b057-e984390c5c0f,2026-07-01T08:26:50.735,gateway,OK,MT103,FAST,1309.16,USD,**************3337,SG,36
90e168cb-a332-9937-b057-e984390c5c0f,2026-07-01T08:26:50.948,auth,OK,MT103,FAST,1309.16,USD,**************3337,SG,52
90e168cb-a332-9937-b057-e984390c5c0f,2026-07-01T08:26:51.062,validation,OK,MT103,FAST,1309.16,USD,**************3337,SG,112
90e168cb-a332-9937-b057-e984390c5c0f,2026-07-01T08:26:51.119,aml,OK,MT103,FAST,1309.16,USD,**************3337,SG,259
90e168cb-a332-9937-b057-e984390c5c0f,2026-07-01T08:26:51.337,payment-hub,OK,MT103,FAST,1309.16,USD,**************3337,SG,52
90e168cb-a332-9937-b057-e984390c5c0f,2026-07-01T08:26:51.604,core-banking,OK,MT103,FAST,1309.16,USD,**************3337,SG,142
90e168cb-a332-9937-b057-e984390c5c0f,2026-07-01T08:26:51.662,settlement,SETTLED,MT103,FAST,1309.16,USD,**************3337,SG,197
57ad71df-f497-d124-6d48-8b66cd2dd783,2026-07-06T21:28:09.090,gateway,OK,pacs.008,SWIFT,5487.37,EUR,**************4649,US,17
57ad71df-f497-d124-6d48-8b66cd2dd783,2026-07-06T21:28:09.159,auth,OK,pacs.008,SWIFT,5487.37,EUR,**************4649,US,81
57ad71df-f497-d124-6d48-8b66cd2dd783,2026-07-06T21:28:09.226,validation,OK,pacs.008,SWIFT,5487.37,EUR,**************4649,US,104
57ad71df-f497-d124-6d48-8b66cd2dd783,2026-07-06T21:28:09.436,aml,OK,pacs.008,SWIFT,5487.37,EUR,**************4649,US,72
57ad71df-f497-d124-6d48-8b66cd2dd783,2026-07-06T21:28:09.540,payment-hub,OK,pacs.008,SWIFT,5487.37,EUR,**************4649,US,102
57ad71df-f497-d124-6d48-8b66cd2dd783,2026-07-06T21:28:09.732,core-banking,OK,pacs.008,SWIFT,5487.37,EUR,**************4649,US,188
57ad71df-f497-d124-6d48-8b66cd2dd783,2026-07-06T21:28:09.797,settlement,SETTLED,pacs.008,SWIFT,5487.37,EUR,**************4649,US,229
b0d1f8bd-f2d0-0433-7069-2a586d75bf12,2026-07-07T21:52:09.687,gateway,OK,MT103,FAST,1944.01,USD,**************4370,SG,49
b0d1f8bd-f2d0-0433-7069-2a586d75bf12,2026-07-07T21:52:09.750,auth,OK,MT103,FAST,1944.01,USD,**************4370,SG,58
b0d1f8bd-f2d0-0433-7069-2a586d75bf12,2026-07-07T21:52:09.814,validation,OK,MT103,FAST,1944.01,USD,**************4370,SG,70
b0d1f8bd-f2d0-0433-7069-2a586d75bf12,2026-07-07T21:52:09.991,aml,OK,MT103,FAST,1944.01,USD,**************4370,SG,195
b0d1f8bd-f2d0-0433-7069-2a586d75bf12,2026-07-07T21:52:10.045,payment-hub,OK,MT103,FAST,1944.01,USD,**************4370,SG,87
b0d1f8bd-f2d0-0433-7069-2a586d75bf12,2026-07-07T21:52:10.127,core-banking,OK,MT103,FAST,1944.01,USD,**************4370,SG,150
b0d1f8bd-f2d0-0433-7069-2a586d75bf12,2026-07-07T21:52:10.221,settlement,SETTLED,MT103,FAST,1944.01,USD,**************4370,SG,303
e5e863ea-e03f-feb3-5033-5a29e516ec00,2026-07-10T05:32:50.527,gateway,OK,pacs.008,FAST,224.58,SGD,**************3125,GB,28
e5e863ea-e03f-feb3-5033-5a29e516ec00,2026-07-10T05:32:50.684,auth,OK,pacs.008,FAST,224.58,SGD,**************3125,GB,34
e5e863ea-e03f-feb3-5033-5a29e516ec00,2026-07-10T05:32:50.904,validation,OK,pacs.008,FAST,224.58,SGD,**************3125,GB,85
e5e863ea-e03f-feb3-5033-5a29e516ec00,2026-07-10T05:32:51.006,aml,OK,pacs.008,FAST,224.58,SGD,**************3125,GB,202
e5e863ea-e03f-feb3-5033-5a29e516ec00,2026-07-10T05:32:51.206,payment-hub,OK,pacs.008,FAST,224.58,SGD,**************3125,GB,92
e5e863ea-e03f-feb3-5033-5a29e516ec00,2026-07-10T05:32:51.279,core-banking,OK,pacs.008,FAST,224.58,SGD,**************3125,GB,210
e5e863ea-e03f-feb3-5033-5a29e516ec00,2026-07-10T05:32:51.380,settlement,SETTLED,pacs.008,FAST,224.58,SGD,**************3125,GB,191
a3dfff2c-698f-31e2-b703-0b2412ea5b28,2026-07-08T20:10:41.162,gateway,OK,MT103,FAST,324.69,GBP,**************4891,SG,39
a3dfff2c-698f-31e2-b703-0b2412ea5b28,2026-07-08T20:10:41.226,auth,OK,MT103,FAST,324.69,GBP,**************4891,SG,38
a3dfff2c-698f-31e2-b703-0b2412ea5b28,2026-07-08T20:10:41.301,validation,OK,MT103,FAST,324.69,GBP,**************4891,SG,31
a3dfff2c-698f-31e2-b703-0b2412ea5b28,2026-07-08T20:10:41.377,aml,OK,MT103,FAST,324.69,GBP,**************4891,SG,65
a3dfff2c-698f-31e2-b703-0b2412ea5b28,2026-07-08T20:10:41.442,payment-hub,OK,MT103,FAST,324.69,GBP,**************4891,SG,86
a3dfff2c-698f-31e2-b703-0b2412ea5b28,2026-07-08T20:10:41.500,core-banking,OK,MT103,FAST,324.69,GBP,**************4891,SG,51
a3dfff2c-698f-31e2-b703-0b2412ea5b28,2026-07-08T20:10:41.564,settlement,SETTLED,MT103,FAST,324.69,GBP,**************4891,SG,129
8a894849-4142-6a40-99c1-1faf17aa83e1,2026-07-10T05:04:30.249,gateway,OK,MT103,SWIFT,131.45,INR,**************8114,IN,53
8a894849-4142-6a40-99c1-1faf17aa83e1,2026-07-10T05:04:30.356,auth,OK,MT103,SWIFT,131.45,INR,**************8114,IN,41
8a894849-4142-6a40-99c1-1faf17aa83e1,2026-07-10T05:04:30.442,validation,OK,MT103,SWIFT,131.45,INR,**************8114,IN,86
8a894849-4142-6a40-99c1-1faf17aa83e1,2026-07-10T05:04:30.511,aml,OK,MT103,SWIFT,131.45,INR,**************8114,IN,189
8a894849-4142-6a40-99c1-1faf17aa83e1,2026-07-10T05:04:30.695,payment-hub,OK,MT103,SWIFT,131.45,INR,**************8114,IN,62
8a894849-4142-6a40-99c1-1faf17aa83e1,2026-07-10T05:05:00.711,core-banking,OK,MT103,SWIFT,131.45,INR,**************8114,IN,173
8a894849-4142-6a40-99c1-1faf17aa83e1,2026-07-10T05:05:30.751,settlement,SETTLED,MT103,SWIFT,131.45,INR,**************8114,IN,366
b85ae3fa-9b3a-c4d5-fe24-3c4fd9409673,2026-07-04T11:16:54.506,gateway,OK,pacs.008,CARDS,2599.04,SGD,**************2315,IN,24
b85ae3fa-9b3a-c4d5-fe24-3c4fd9409673,2026-07-04T11:16:54.561,auth,OK,pacs.008,CARDS,2599.04,SGD,**************2315,IN,33
b85ae3fa-9b3a-c4d5-fe24-3c4fd9409673,2026-07-04T11:16:54.675,validation,OK,pacs.008,CARDS,2599.04,SGD,**************2315,IN,105
b85ae3fa-9b3a-c4d5-fe24-3c4fd9409673,2026-07-04T11:16:54.753,aml,OK,pacs.008,CARDS,2599.04,SGD,**************2315,IN,291
b85ae3fa-9b3a-c4d5-fe24-3c4fd9409673,2026-07-04T11:16:54.849,payment-hub,OK,pacs.008,CARDS,2599.04,SGD,**************2315,IN,148
b85ae3fa-9b3a-c4d5-fe24-3c4fd9409673,2026-07-04T11:16:54.913,core-banking,OK,pacs.008,CARDS,2599.04,SGD,**************2315,IN,188
b85ae3fa-9b3a-c4d5-fe24-3c4fd9409673,2026-07-04T11:16:55.014,settlement,SETTLED,pacs.008,CARDS,2599.04,SGD,**************2315,IN,294
f63bea7f-3222-cfc4-c84a-e97809991dd1,2026-07-09T15:55:46.942,gateway,OK,MT103,FAST,567.09,USD,**************5908,SG,50
f63bea7f-3222-cfc4-c84a-e97809991dd1,2026-07-09T15:55:47.044,auth,OK,MT103,FAST,567.09,USD,**************5908,SG,35
f63bea7f-3222-cfc4-c84a-e97809991dd1,2026-07-09T15:55:47.333,validation,OK,MT103,FAST,567.09,USD,**************5908,SG,116
f63bea7f-3222-cfc4-c84a-e97809991dd1,2026-07-09T15:55:47.487,aml,OK,MT103,FAST,567.09,USD,**************5908,SG,138
f63bea7f-3222-cfc4-c84a-e97809991dd1,2026-07-09T15:55:47.685,payment-hub,OK,MT103,FAST,567.09,USD,**************5908,SG,99
f63bea7f-3222-cfc4-c84a-e97809991dd1,2026-07-09T15:55:47.909,core-banking,OK,MT103,FAST,567.09,USD,**************5908,SG,182
f63bea7f-3222-cfc4-c84a-e97809991dd1,2026-07-09T15:55:48.054,settlement,SETTLED,MT103,FAST,567.09,USD,**************5908,SG,109
588256e3-cc7f-6b79-141e-4c50bd763824,2026-07-07T05:19:55.498,gateway,OK,0200,FAST,458.87,SGD,**************8692,SG,43
588256e3-cc7f-6b79-141e-4c50bd763824,2026-07-07T05:19:55.622,auth,OK,0200,FAST,458.87,SGD,**************8692,SG,67
588256e3-cc7f-6b79-141e-4c50bd763824,2026-07-07T05:19:55.661,validation,OK,0200,FAST,458.87,SGD,**************8692,SG,59
588256e3-cc7f-6b79-141e-4c50bd763824,2026-07-07T05:19:55.739,aml,OK,0200,FAST,458.87,SGD,**************8692,SG,100
588256e3-cc7f-6b79-141e-4c50bd763824,2026-07-07T05:19:55.917,payment-hub,OK,0200,FAST,458.87,SGD,**************8692,SG,135
588256e3-cc7f-6b79-141e-4c50bd763824,2026-07-07T05:19:55.967,core-banking,OK,0200,FAST,458.87,SGD,**************8692,SG,73
588256e3-cc7f-6b79-141e-4c50bd763824,2026-07-07T05:19:56.046,settlement,SETTLED,0200,FAST,458.87,SGD,**************8692,SG,352
030b6545-7b2b-4647-f1c6-1558db13fa54,2026-07-05T10:17:35.503,gateway,OK,MT103,FAST,549.21,USD,**************1895,IN,41
030b6545-7b2b-4647-f1c6-1558db13fa54,2026-07-05T10:17:35.617,auth,OK,MT103,FAST,549.21,USD,**************1895,IN,39
030b6545-7b2b-4647-f1c6-1558db13fa54,2026-07-05T10:17:35.731,validation,OK,MT103,FAST,549.21,USD,**************1895,IN,32
030b6545-7b2b-4647-f1c6-1558db13fa54,2026-07-05T10:17:35.798,aml,TIMEOUT,MT103,FAST,549.21,USD,**************1895,IN,30000
030b6545-7b2b-4647-f1c6-1558db13fa54,2026-07-05T10:17:35.848,payment-hub,FAILED,MT103,FAST,549.21,USD,**************1895,IN,111
30f5e6c1-8757-cf9f-c47f-d81e4529617c,2026-07-10T13:28:01.806,gateway,OK,pacs.008,SWIFT,1039.13,GBP,**************0127,GB,33
30f5e6c1-8757-cf9f-c47f-d81e4529617c,2026-07-10T13:28:01.946,auth,OK,pacs.008,SWIFT,1039.13,GBP,**************0127,GB,58
30f5e6c1-8757-cf9f-c47f-d81e4529617c,2026-07-10T13:28:02.060,validation,REJECTED,pacs.008,SWIFT,1039.13,GBP,**************0127,GB,100
e7323f1b-1fb8-2f58-98f3-1cfe46cf64e6,2026-07-08T20:43:06.475,gateway,OK,0200,SWIFT,433.47,SGD,**************8163,IN,36
e7323f1b-1fb8-2f58-98f3-1cfe46cf64e6,2026-07-08T20:43:06.550,auth,OK,0200,SWIFT,433.47,SGD,**************8163,IN,47
e7323f1b-1fb8-2f58-98f3-1cfe46cf64e6,2026-07-08T20:43:06.643,validation,OK,0200,SWIFT,433.47,SGD,**************8163,IN,32
e7323f1b-1fb8-2f58-98f3-1cfe46cf64e6,2026-07-08T20:43:06.701,aml,OK,0200,SWIFT,433.47,SGD,**************8163,IN,43
e7323f1b-1fb8-2f58-98f3-1cfe46cf64e6,2026-07-08T20:43:06.830,payment-hub,OK,0200,SWIFT,433.47,SGD,**************8163,IN,148
e7323f1b-1fb8-2f58-98f3-1cfe46cf64e6,2026-07-08T20:43:06.921,core-banking,OK,0200,SWIFT,433.47,SGD,**************8163,IN,211
e7323f1b-1fb8-2f58-98f3-1cfe46cf64e6,2026-07-08T20:43:06.950,settlement,SETTLED,0200,SWIFT,433.47,SGD,**************8163,IN,114
65ee4196-a2bd-bff2-ff1a-0ef475151a4b,2026-07-05T22:58:23.400,gateway,OK,pacs.008,SWIFT,4554.29,SGD,**************1128,SG,60
65ee4196-a2bd-bff2-ff1a-0ef475151a4b,2026-07-05T22:58:53.419,auth,OK,pacs.008,SWIFT,4554.29,SGD,**************1128,SG,42
65ee4196-a2bd-bff2-ff1a-0ef475151a4b,2026-07-05T22:58:53.599,validation,OK,pacs.008,SWIFT,4554.29,SGD,**************1128,SG,93
65ee4196-a2bd-bff2-ff1a-0ef475151a4b,2026-07-05T22:58:53.689,aml,OK,pacs.008,SWIFT,4554.29,SGD,**************1128,SG,78
65ee4196-a2bd-bff2-ff1a-0ef475151a4b,2026-07-05T22:58:53.764,payment-hub,OK,pacs.008,SWIFT,4554.29,SGD,**************1128,SG,69
65ee4196-a2bd-bff2-ff1a-0ef475151a4b,2026-07-05T22:58:53.864,core-banking,OK,pacs.008,SWIFT,4554.29,SGD,**************1128,SG,168
65ee4196-a2bd-bff2-ff1a-0ef475151a4b,2026-07-05T22:58:54.049,settlement,SETTLED,pacs.008,SWIFT,4554.29,SGD,**************1128,SG,194
afc47f27-e2cf-e034-6ab8-c087809bcf8d,2026-07-04T16:00:41.029,gateway,OK,pacs.008,FAST,213.4,SGD,**************6329,MY,23
afc47f27-e2cf-e034-6ab8-c087809bcf8d,2026-07-04T16:00:41.077,auth,OK,pacs.008,FAST,213.4,SGD,**************6329,MY,73
afc47f27-e2cf-e034-6ab8-c087809bcf8d,2026-07-04T16:00:41.160,validation,OK,pacs.008,FAST,213.4,SGD,**************6329,MY,110
afc47f27-e2cf-e034-6ab8-c087809bcf8d,2026-07-04T16:00:41.214,aml,OK,pacs.008,FAST,213.4,SGD,**************6329,MY,196
afc47f27-e2cf-e034-6ab8-c087809bcf8d,2026-07-04T16:00:41.466,payment-hub,OK,pacs.008,FAST,213.4,SGD,**************6329,MY,147
afc47f27-e2cf-e034-6ab8-c087809bcf8d,2026-07-04T16:00:41.549,core-banking,OK,pacs.008,FAST,213.4,SGD,**************6329,MY,105
afc47f27-e2cf-e034-6ab8-c087809bcf8d,2026-07-04T16:00:41.624,settlement,SETTLED,pacs.008,FAST,213.4,SGD,**************6329,MY,339
0405b5c8-b382-3380-2056-90e1c06511ad,2026-07-03T20:49:20.557,gateway,OK,0200,SWIFT,253.41,SGD,**************8377,HK,24
0405b5c8-b382-3380-2056-90e1c06511ad,2026-07-03T20:49:20.632,auth,OK,0200,SWIFT,253.41,SGD,**************8377,HK,75
0405b5c8-b382-3380-2056-90e1c06511ad,2026-07-03T20:49:20.913,validation,OK,0200,SWIFT,253.41,SGD,**************8377,HK,55
0405b5c8-b382-3380-2056-90e1c06511ad,2026-07-03T20:49:20.969,aml,OK,0200,SWIFT,253.41,SGD,**************8377,HK,223
0405b5c8-b382-3380-2056-90e1c06511ad,2026-07-03T20:49:21.037,payment-hub,OK,0200,SWIFT,253.41,SGD,**************8377,HK,38
0405b5c8-b382-3380-2056-90e1c06511ad,2026-07-03T20:49:21.102,core-banking,OK,0200,SWIFT,253.41,SGD,**************8377,HK,190
0405b5c8-b382-3380-2056-90e1c06511ad,2026-07-03T20:49:21.207,settlement,SETTLED,0200,SWIFT,253.41,SGD,**************8377,HK,64
585a0dd3-1c7a-9a4d-cace-4005a0487b7c,2026-07-06T13:12:32.050,gateway,OK,0200,CARDS,4279.36,SGD,**************4004,SG,24
585a0dd3-1c7a-9a4d-cace-4005a0487b7c,2026-07-06T13:12:32.114,auth,OK,0200,CARDS,4279.36,SGD,**************4004,SG,60
585a0dd3-1c7a-9a4d-cace-4005a0487b7c,2026-07-06T13:12:32.226,validation,OK,0200,CARDS,4279.36,SGD,**************4004,SG,85
585a0dd3-1c7a-9a4d-cace-4005a0487b7c,2026-07-06T13:12:32.403,aml,TIMEOUT,0200,CARDS,4279.36,SGD,**************4004,SG,30000
585a0dd3-1c7a-9a4d-cace-4005a0487b7c,2026-07-06T13:12:32.515,payment-hub,FAILED,0200,CARDS,4279.36,SGD,**************4004,SG,47
325be9ba-80bc-896f-da98-c14ebd8dedea,2026-07-04T15:10:14.024,gateway,OK,pacs.008,SWIFT,421.51,USD,**************2365,IN,33
325be9ba-80bc-896f-da98-c14ebd8dedea,2026-07-04T15:10:14.154,auth,OK,pacs.008,SWIFT,421.51,USD,**************2365,IN,69
325be9ba-80bc-896f-da98-c14ebd8dedea,2026-07-04T15:10:14.256,validation,OK,pacs.008,SWIFT,421.51,USD,**************2365,IN,71
325be9ba-80bc-896f-da98-c14ebd8dedea,2026-07-04T15:10:14.532,aml,OK,pacs.008,SWIFT,421.51,USD,**************2365,IN,95
325be9ba-80bc-896f-da98-c14ebd8dedea,2026-07-04T15:10:14.681,payment-hub,OK,pacs.008,SWIFT,421.51,USD,**************2365,IN,122
325be9ba-80bc-896f-da98-c14ebd8dedea,2026-07-04T15:10:14.945,core-banking,OK,pacs.008,SWIFT,421.51,USD,**************2365,IN,245
325be9ba-80bc-896f-da98-c14ebd8dedea,2026-07-04T15:10:15.073,settlement,SETTLED,pacs.008,SWIFT,421.51,USD,**************2365,IN,120
95d6c502-7800-dd98-890d-04aa5f6c675b,2026-07-13T12:48:10.652,gateway,OK,pacs.008,CARDS,309.54,SGD,**************3782,SG,34
95d6c502-7800-dd98-890d-04aa5f6c675b,2026-07-13T12:48:10.960,auth,OK,pacs.008,CARDS,309.54,SGD,**************3782,SG,73
95d6c502-7800-dd98-890d-04aa5f6c675b,2026-07-13T12:48:11.070,validation,OK,pacs.008,CARDS,309.54,SGD,**************3782,SG,113
95d6c502-7800-dd98-890d-04aa5f6c675b,2026-07-13T12:48:11.125,aml,OK,pacs.008,CARDS,309.54,SGD,**************3782,SG,195
95d6c502-7800-dd98-890d-04aa5f6c675b,2026-07-13T12:48:11.170,payment-hub,OK,pacs.008,CARDS,309.54,SGD,**************3782,SG,126
95d6c502-7800-dd98-890d-04aa5f6c675b,2026-07-13T12:48:11.384,core-banking,OK,pacs.008,CARDS,309.54,SGD,**************3782,SG,172
95d6c502-7800-dd98-890d-04aa5f6c675b,2026-07-13T12:48:11.477,settlement,SETTLED,pacs.008,CARDS,309.54,SGD,**************3782,SG,317
347bf94f-2c81-ad31-61ed-cb31c7cc2321,2026-07-03T00:25:53.316,gateway,OK,pacs.008,FAST,217.35,SGD,**************3282,IN,57
347bf94f-2c81-ad31-61ed-cb31c7cc2321,2026-07-03T00:25:53.370,auth,OK,pacs.008,FAST,217.35,SGD,**************3282,IN,84
347bf94f-2c81-ad31-61ed-cb31c7cc2321,2026-07-03T00:25:53.519,validation,OK,pacs.008,FAST,217.35,SGD,**************3282,IN,98
347bf94f-2c81-ad31-61ed-cb31c7cc2321,2026-07-03T00:25:53.619,aml,OK,pacs.008,FAST,217.35,SGD,**************3282,IN,44
347bf94f-2c81-ad31-61ed-cb31c7cc2321,2026-07-03T00:25:53.773,payment-hub,OK,pacs.008,FAST,217.35,SGD,**************3282,IN,52
347bf94f-2c81-ad31-61ed-cb31c7cc2321,2026-07-03T00:25:54.002,core-banking,OK,pacs.008,FAST,217.35,SGD,**************3282,IN,134
347bf94f-2c81-ad31-61ed-cb31c7cc2321,2026-07-03T00:25:54.073,settlement,SETTLED,pacs.008,FAST,217.35,SGD,**************3282,IN,133
b29275e1-4dbc-34d1-769f-bc85d86d836b,2026-07-04T01:57:16.135,gateway,OK,pacs.008,FAST,1090.48,SGD,**************8151,SG,45
b29275e1-4dbc-34d1-769f-bc85d86d836b,2026-07-04T01:57:16.178,auth,OK,pacs.008,FAST,1090.48,SGD,**************8151,SG,31
b29275e1-4dbc-34d1-769f-bc85d86d836b,2026-07-04T01:57:16.249,validation,OK,pacs.008,FAST,1090.48,SGD,**************8151,SG,50
b29275e1-4dbc-34d1-769f-bc85d86d836b,2026-07-04T01:57:16.323,aml,OK,pacs.008,FAST,1090.48,SGD,**************8151,SG,89
b29275e1-4dbc-34d1-769f-bc85d86d836b,2026-07-04T01:57:16.510,payment-hub,OK,pacs.008,FAST,1090.48,SGD,**************8151,SG,70
b29275e1-4dbc-34d1-769f-bc85d86d836b,2026-07-04T01:57:16.566,core-banking,OK,pacs.008,FAST,1090.48,SGD,**************8151,SG,75
b29275e1-4dbc-34d1-769f-bc85d86d836b,2026-07-04T01:57:16.705,settlement,SETTLED,pacs.008,FAST,1090.48,SGD,**************8151,SG,190
f67d0a3a-fafe-d457-41e0-26631fdc38a3,2026-07-05T00:47:09.331,gateway,OK,pacs.008,FAST,1112.12,SGD,**************7753,MY,53
f67d0a3a-fafe-d457-41e0-26631fdc38a3,2026-07-05T00:47:09.487,auth,OK,pacs.008,FAST,1112.12,SGD,**************7753,MY,85
f67d0a3a-fafe-d457-41e0-26631fdc38a3,2026-07-05T00:47:09.604,validation,OK,pacs.008,FAST,1112.12,SGD,**************7753,MY,114
f67d0a3a-fafe-d457-41e0-26631fdc38a3,2026-07-05T00:47:09.736,aml,OK,pacs.008,FAST,1112.12,SGD,**************7753,MY,265
f67d0a3a-fafe-d457-41e0-26631fdc38a3,2026-07-05T00:47:39.756,payment-hub,OK,pacs.008,FAST,1112.12,SGD,**************7753,MY,58
f67d0a3a-fafe-d457-41e0-26631fdc38a3,2026-07-05T00:47:39.832,core-banking,OK,pacs.008,FAST,1112.12,SGD,**************7753,MY,149
f67d0a3a-fafe-d457-41e0-26631fdc38a3,2026-07-05T00:47:39.901,settlement,SETTLED,pacs.008,FAST,1112.12,SGD,**************7753,MY,276
c6b22141-f464-7c9b-7005-6a754a6efc3d,2026-07-11T10:40:29.534,gateway,OK,pacs.008,FAST,432.59,EUR,**************9413,SG,46
c6b22141-f464-7c9b-7005-6a754a6efc3d,2026-07-11T10:40:29.822,auth,OK,pacs.008,FAST,432.59,EUR,**************9413,SG,51
c6b22141-f464-7c9b-7005-6a754a6efc3d,2026-07-11T10:40:29.969,validation,OK,pacs.008,FAST,432.59,EUR,**************9413,SG,110
c6b22141-f464-7c9b-7005-6a754a6efc3d,2026-07-11T10:40:30.033,aml,OK,pacs.008,FAST,432.59,EUR,**************9413,SG,250
c6b22141-f464-7c9b-7005-6a754a6efc3d,2026-07-11T10:40:30.093,payment-hub,OK,pacs.008,FAST,432.59,EUR,**************9413,SG,102
c6b22141-f464-7c9b-7005-6a754a6efc3d,2026-07-11T10:40:30.235,core-banking,OK,pacs.008,FAST,432.59,EUR,**************9413,SG,171
c6b22141-f464-7c9b-7005-6a754a6efc3d,2026-07-11T10:40:30.348,settlement,SETTLED,pacs.008,FAST,432.59,EUR,**************9413,SG,211
aa675a85-db75-c67f-37ad-f9e90d13174d,2026-07-09T10:26:31.383,gateway,OK,pacs.008,FAST,1639.95,SGD,**************3391,GB,60
aa675a85-db75-c67f-37ad-f9e90d13174d,2026-07-09T10:26:31.651,auth,OK,pacs.008,FAST,1639.95,SGD,**************3391,GB,20
aa675a85-db75-c67f-37ad-f9e90d13174d,2026-07-09T10:26:31.763,validation,OK,pacs.008,FAST,1639.95,SGD,**************3391,GB,115
aa675a85-db75-c67f-37ad-f9e90d13174d,2026-07-09T10:26:31.875,aml,OK,pacs.008,FAST,1639.95,SGD,**************3391,GB,143
aa675a85-db75-c67f-37ad-f9e90d13174d,2026-07-09T10:26:31.949,payment-hub,OK,pacs.008,FAST,1639.95,SGD,**************3391,GB,45
aa675a85-db75-c67f-37ad-f9e90d13174d,2026-07-09T10:26:32.017,core-banking,OK,pacs.008,FAST,1639.95,SGD,**************3391,GB,159
aa675a85-db75-c67f-37ad-f9e90d13174d,2026-07-09T10:26:32.087,settlement,SETTLED,pacs.008,FAST,1639.95,SGD,**************3391,GB,62
1e4fa6dc-e214-8827-e5dc-13967e9b7d6b,2026-07-06T02:42:01.541,gateway,OK,MT103,FAST,921.69,EUR,**************4515,IN,42
1e4fa6dc-e214-8827-e5dc-13967e9b7d6b,2026-07-06T02:42:01.584,auth,OK,MT103,FAST,921.69,EUR,**************4515,IN,30
1e4fa6dc-e214-8827-e5dc-13967e9b7d6b,2026-07-06T02:42:01.646,validation,OK,MT103,FAST,921.69,EUR,**************4515,IN,75
1e4fa6dc-e214-8827-e5dc-13967e9b7d6b,2026-07-06T02:42:01.693,aml,OK,MT103,FAST,921.69,EUR,**************4515,IN,100
1e4fa6dc-e214-8827-e5dc-13967e9b7d6b,2026-07-06T02:42:01.926,payment-hub,OK,MT103,FAST,921.69,EUR,**************4515,IN,68
1e4fa6dc-e214-8827-e5dc-13967e9b7d6b,2026-07-06T02:42:02.043,core-banking,OK,MT103,FAST,921.69,EUR,**************4515,IN,213
1e4fa6dc-e214-8827-e5dc-13967e9b7d6b,2026-07-06T02:42:02.112,settlement,SETTLED,MT103,FAST,921.69,EUR,**************4515,IN,397
56e52e60-15d4-65be-39d6-a132d92a2823,2026-07-04T04:35:27.805,gateway,OK,MT103,FAST,773.35,SGD,**************8255,MY,25
56e52e60-15d4-65be-39d6-a132d92a2823,2026-07-04T04:35:27.898,auth,OK,MT103,FAST,773.35,SGD,**************8255,MY,47
56e52e60-15d4-65be-39d6-a132d92a2823,2026-07-04T04:35:28.049,validation,OK,MT103,FAST,773.35,SGD,**************8255,MY,79
56e52e60-15d4-65be-39d6-a132d92a2823,2026-07-04T04:35:28.153,aml,OK,MT103,FAST,773.35,SGD,**************8255,MY,40
56e52e60-15d4-65be-39d6-a132d92a2823,2026-07-04T04:35:28.241,payment-hub,OK,MT103,FAST,773.35,SGD,**************8255,MY,100
56e52e60-15d4-65be-39d6-a132d92a2823,2026-07-04T04:35:28.286,core-banking,OK,MT103,FAST,773.35,SGD,**************8255,MY,174
56e52e60-15d4-65be-39d6-a132d92a2823,2026-07-04T04:35:28.545,settlement,SETTLED,MT103,FAST,773.35,SGD,**************8255,MY,125
ca25a7a8-983b-6ef7-8f49-d527e136b9f0,2026-07-03T03:28:01.371,gateway,OK,MT103,FAST,665.9,SGD,**************8573,SG,56
ca25a7a8-983b-6ef7-8f49-d527e136b9f0,2026-07-03T03:28:01.485,auth,OK,MT103,FAST,665.9,SGD,**************8573,SG,73
ca25a7a8-983b-6ef7-8f49-d527e136b9f0,2026-07-03T03:28:01.636,validation,OK,MT103,FAST,665.9,SGD,**************8573,SG,72
ca25a7a8-983b-6ef7-8f49-d527e136b9f0,2026-07-03T03:28:01.704,aml,TIMEOUT,MT103,FAST,665.9,SGD,**************8573,SG,30000
ca25a7a8-983b-6ef7-8f49-d527e136b9f0,2026-07-03T03:28:01.788,payment-hub,FAILED,MT103,FAST,665.9,SGD,**************8573,SG,41
75977938-e9a4-4f84-fe10-4019a41f188c,2026-07-07T10:08:08.130,gateway,OK,pacs.008,FAST,1076.61,MYR,**************3184,MY,33
75977938-e9a4-4f84-fe10-4019a41f188c,2026-07-07T10:08:08.196,auth,OK,pacs.008,FAST,1076.61,MYR,**************3184,MY,20
75977938-e9a4-4f84-fe10-4019a41f188c,2026-07-07T10:08:08.260,validation,OK,pacs.008,FAST,1076.61,MYR,**************3184,MY,75
75977938-e9a4-4f84-fe10-4019a41f188c,2026-07-07T10:08:08.387,aml,OK,pacs.008,FAST,1076.61,MYR,**************3184,MY,105
75977938-e9a4-4f84-fe10-4019a41f188c,2026-07-07T10:08:08.443,payment-hub,OK,pacs.008,FAST,1076.61,MYR,**************3184,MY,46
75977938-e9a4-4f84-fe10-4019a41f188c,2026-07-07T10:08:08.572,core-banking,OK,pacs.008,FAST,1076.61,MYR,**************3184,MY,219
75977938-e9a4-4f84-fe10-4019a41f188c,2026-07-07T10:08:08.610,settlement,SETTLED,pacs.008,FAST,1076.61,MYR,**************3184,MY,269
bfaad048-7fe0-c57e-331f-d156e2910dc1,2026-07-09T15:31:06.347,gateway,OK,MT103,FAST,398.46,SGD,**************1143,HK,15
bfaad048-7fe0-c57e-331f-d156e2910dc1,2026-07-09T15:31:06.447,auth,OK,MT103,FAST,398.46,SGD,**************1143,HK,74
bfaad048-7fe0-c57e-331f-d156e2910dc1,2026-07-09T15:31:06.499,validation,OK,MT103,FAST,398.46,SGD,**************1143,HK,61
bfaad048-7fe0-c57e-331f-d156e2910dc1,2026-07-09T15:31:06.572,aml,OK,MT103,FAST,398.46,SGD,**************1143,HK,298
bfaad048-7fe0-c57e-331f-d156e2910dc1,2026-07-09T15:31:06.692,payment-hub,OK,MT103,FAST,398.46,SGD,**************1143,HK,70
bfaad048-7fe0-c57e-331f-d156e2910dc1,2026-07-09T15:31:06.775,core-banking,OK,MT103,FAST,398.46,SGD,**************1143,HK,144
bfaad048-7fe0-c57e-331f-d156e2910dc1,2026-07-09T15:31:07.103,settlement,SETTLED,MT103,FAST,398.46,SGD,**************1143,HK,350
783797d0-715c-88c5-eedc-2cda3fe6755c,2026-07-08T06:45:39.107,gateway,OK,pacs.008,FAST,315.69,INR,**************8491,SG,21
783797d0-715c-88c5-eedc-2cda3fe6755c,2026-07-08T06:45:39.164,auth,OK,pacs.008,FAST,315.69,INR,**************8491,SG,26
783797d0-715c-88c5-eedc-2cda3fe6755c,2026-07-08T06:45:39.324,validation,OK,pacs.008,FAST,315.69,INR,**************8491,SG,102
783797d0-715c-88c5-eedc-2cda3fe6755c,2026-07-08T06:45:39.612,aml,OK,pacs.008,FAST,315.69,INR,**************8491,SG,175
783797d0-715c-88c5-eedc-2cda3fe6755c,2026-07-08T06:45:39.678,payment-hub,OK,pacs.008,FAST,315.69,INR,**************8491,SG,126
783797d0-715c-88c5-eedc-2cda3fe6755c,2026-07-08T06:45:39.841,core-banking,OK,pacs.008,FAST,315.69,INR,**************8491,SG,152
783797d0-715c-88c5-eedc-2cda3fe6755c,2026-07-08T06:45:39.983,settlement,SETTLED,pacs.008,FAST,315.69,INR,**************8491,SG,189
6f4ff77a-9b93-a7c7-93d4-a30efe72fd05,2026-07-05T02:05:59.849,gateway,OK,pacs.008,FAST,760.0,USD,**************9933,SG,27
6f4ff77a-9b93-a7c7-93d4-a30efe72fd05,2026-07-05T02:06:00.132,auth,OK,pacs.008,FAST,760.0,USD,**************9933,SG,35
6f4ff77a-9b93-a7c7-93d4-a30efe72fd05,2026-07-05T02:06:00.196,validation,OK,pacs.008,FAST,760.0,USD,**************9933,SG,86
6f4ff77a-9b93-a7c7-93d4-a30efe72fd05,2026-07-05T02:06:00.307,aml,OK,pacs.008,FAST,760.0,USD,**************9933,SG,207
6f4ff77a-9b93-a7c7-93d4-a30efe72fd05,2026-07-05T02:06:00.376,payment-hub,OK,pacs.008,FAST,760.0,USD,**************9933,SG,107
6f4ff77a-9b93-a7c7-93d4-a30efe72fd05,2026-07-05T02:06:00.427,core-banking,OK,pacs.008,FAST,760.0,USD,**************9933,SG,139
6f4ff77a-9b93-a7c7-93d4-a30efe72fd05,2026-07-05T02:06:00.518,settlement,SETTLED,pacs.008,FAST,760.0,USD,**************9933,SG,297
7fe9c2b3-d47d-2ade-25e1-83884a8e5348,2026-07-11T06:08:33.094,gateway,OK,pacs.008,FAST,290.77,SGD,**************0834,SG,23
7fe9c2b3-d47d-2ade-25e1-83884a8e5348,2026-07-11T06:08:33.197,auth,OK,pacs.008,FAST,290.77,SGD,**************0834,SG,69
7fe9c2b3-d47d-2ade-25e1-83884a8e5348,2026-07-11T06:08:33.268,validation,OK,pacs.008,FAST,290.77,SGD,**************0834,SG,68
7fe9c2b3-d47d-2ade-25e1-83884a8e5348,2026-07-11T06:08:33.361,aml,OK,pacs.008,FAST,290.77,SGD,**************0834,SG,257
7fe9c2b3-d47d-2ade-25e1-83884a8e5348,2026-07-11T06:08:33.415,payment-hub,OK,pacs.008,FAST,290.77,SGD,**************0834,SG,122
7fe9c2b3-d47d-2ade-25e1-83884a8e5348,2026-07-11T06:08:33.487,core-banking,OK,pacs.008,FAST,290.77,SGD,**************0834,SG,173
7fe9c2b3-d47d-2ade-25e1-83884a8e5348,2026-07-11T06:08:33.557,settlement,SETTLED,pacs.008,FAST,290.77,SGD,**************0834,SG,374
dd26ea19-77b5-c654-8b8d-72c4543eff34,2026-07-09T13:27:48.265,gateway,OK,pacs.008,FAST,3431.35,USD,**************7535,SG,19
dd26ea19-77b5-c654-8b8d-72c4543eff34,2026-07-09T13:27:48.351,auth,OK,pacs.008,FAST,3431.35,USD,**************7535,SG,34
dd26ea19-77b5-c654-8b8d-72c4543eff34,2026-07-09T13:27:48.475,validation,OK,pacs.008,FAST,3431.35,USD,**************7535,SG,50
dd26ea19-77b5-c654-8b8d-72c4543eff34,2026-07-09T13:27:48.545,aml,OK,pacs.008,FAST,3431.35,USD,**************7535,SG,274
dd26ea19-77b5-c654-8b8d-72c4543eff34,2026-07-09T13:27:48.633,payment-hub,OK,pacs.008,FAST,3431.35,USD,**************7535,SG,94
dd26ea19-77b5-c654-8b8d-72c4543eff34,2026-07-09T13:27:48.905,core-banking,OK,pacs.008,FAST,3431.35,USD,**************7535,SG,89
dd26ea19-77b5-c654-8b8d-72c4543eff34,2026-07-09T13:27:49.008,settlement,SETTLED,pacs.008,FAST,3431.35,USD,**************7535,SG,174
ee1d4fee-366a-4a96-78dd-53bc2ac8a722,2026-07-09T11:59:56.912,gateway,OK,MT103,FAST,399.73,SGD,**************3091,GB,49
ee1d4fee-366a-4a96-78dd-53bc2ac8a722,2026-07-09T11:59:57.002,auth,OK,MT103,FAST,399.73,SGD,**************3091,GB,62
ee1d4fee-366a-4a96-78dd-53bc2ac8a722,2026-07-09T11:59:57.155,validation,OK,MT103,FAST,399.73,SGD,**************3091,GB,63
ee1d4fee-366a-4a96-78dd-53bc2ac8a722,2026-07-09T11:59:57.298,aml,OK,MT103,FAST,399.73,SGD,**************3091,GB,123
ee1d4fee-366a-4a96-78dd-53bc2ac8a722,2026-07-09T11:59:57.395,payment-hub,OK,MT103,FAST,399.73,SGD,**************3091,GB,42
ee1d4fee-366a-4a96-78dd-53bc2ac8a722,2026-07-09T11:59:57.601,core-banking,OK,MT103,FAST,399.73,SGD,**************3091,GB,162
ee1d4fee-366a-4a96-78dd-53bc2ac8a722,2026-07-09T11:59:57.684,settlement,SETTLED,MT103,FAST,399.73,SGD,**************3091,GB,275
65f57013-c7e0-842b-b8d2-cca3129f6838,2026-07-04T11:55:15.420,gateway,OK,MT103,CARDS,423.76,SGD,**************2462,SG,54
65f57013-c7e0-842b-b8d2-cca3129f6838,2026-07-04T11:55:15.527,auth,OK,MT103,CARDS,423.76,SGD,**************2462,SG,81
65f57013-c7e0-842b-b8d2-cca3129f6838,2026-07-04T11:55:15.579,validation,OK,MT103,CARDS,423.76,SGD,**************2462,SG,114
65f57013-c7e0-842b-b8d2-cca3129f6838,2026-07-04T11:55:15.805,aml,OK,MT103,CARDS,423.76,SGD,**************2462,SG,248
65f57013-c7e0-842b-b8d2-cca3129f6838,2026-07-04T11:55:15.895,payment-hub,OK,MT103,CARDS,423.76,SGD,**************2462,SG,52
65f57013-c7e0-842b-b8d2-cca3129f6838,2026-07-04T11:55:15.973,core-banking,OK,MT103,CARDS,423.76,SGD,**************2462,SG,194
65f57013-c7e0-842b-b8d2-cca3129f6838,2026-07-04T11:55:16.025,settlement,SETTLED,MT103,CARDS,423.76,SGD,**************2462,SG,79
a22dfa1c-dfb9-08c5-cde4-c155536f5081,2026-07-11T00:46:51.231,gateway,OK,pacs.008,FAST,1676.7,USD,**************6995,SG,49
a22dfa1c-dfb9-08c5-cde4-c155536f5081,2026-07-11T00:46:51.316,auth,OK,pacs.008,FAST,1676.7,USD,**************6995,SG,33
a22dfa1c-dfb9-08c5-cde4-c155536f5081,2026-07-11T00:46:51.369,validation,OK,pacs.008,FAST,1676.7,USD,**************6995,SG,94
a22dfa1c-dfb9-08c5-cde4-c155536f5081,2026-07-11T00:46:51.528,aml,OK,pacs.008,FAST,1676.7,USD,**************6995,SG,128
a22dfa1c-dfb9-08c5-cde4-c155536f5081,2026-07-11T00:46:51.641,payment-hub,OK,pacs.008,FAST,1676.7,USD,**************6995,SG,75
a22dfa1c-dfb9-08c5-cde4-c155536f5081,2026-07-11T00:46:51.704,core-banking,OK,pacs.008,FAST,1676.7,USD,**************6995,SG,167
a22dfa1c-dfb9-08c5-cde4-c155536f5081,2026-07-11T00:46:51.769,settlement,SETTLED,pacs.008,FAST,1676.7,USD,**************6995,SG,102
08b00447-01aa-a1c6-4c4a-c1ad0f1b6158,2026-07-03T12:21:22.541,gateway,OK,MT103,FAST,405.96,USD,**************0560,SG,52
08b00447-01aa-a1c6-4c4a-c1ad0f1b6158,2026-07-03T12:21:22.617,auth,OK,MT103,FAST,405.96,USD,**************0560,SG,77
08b00447-01aa-a1c6-4c4a-c1ad0f1b6158,2026-07-03T12:21:22.688,validation,OK,MT103,FAST,405.96,USD,**************0560,SG,59
08b00447-01aa-a1c6-4c4a-c1ad0f1b6158,2026-07-03T12:21:22.726,aml,OK,MT103,FAST,405.96,USD,**************0560,SG,51
08b00447-01aa-a1c6-4c4a-c1ad0f1b6158,2026-07-03T12:21:22.833,payment-hub,OK,MT103,FAST,405.96,USD,**************0560,SG,113
08b00447-01aa-a1c6-4c4a-c1ad0f1b6158,2026-07-03T12:21:22.926,core-banking,OK,MT103,FAST,405.96,USD,**************0560,SG,132
08b00447-01aa-a1c6-4c4a-c1ad0f1b6158,2026-07-03T12:21:23.007,settlement,SETTLED,MT103,FAST,405.96,USD,**************0560,SG,281
9af32b91-0fce-096b-e396-75b71594abf4,2026-07-12T23:39:14.218,gateway,OK,pacs.008,FAST,346.15,SGD,**************1949,SG,18
9af32b91-0fce-096b-e396-75b71594abf4,2026-07-12T23:39:14.317,auth,OK,pacs.008,FAST,346.15,SGD,**************1949,SG,90
9af32b91-0fce-096b-e396-75b71594abf4,2026-07-12T23:39:14.392,validation,OK,pacs.008,FAST,346.15,SGD,**************1949,SG,113
9af32b91-0fce-096b-e396-75b71594abf4,2026-07-12T23:39:14.529,aml,OK,pacs.008,FAST,346.15,SGD,**************1949,SG,221
9af32b91-0fce-096b-e396-75b71594abf4,2026-07-12T23:39:14.602,payment-hub,OK,pacs.008,FAST,346.15,SGD,**************1949,SG,37
9af32b91-0fce-096b-e396-75b71594abf4,2026-07-12T23:39:14.851,core-banking,OK,pacs.008,FAST,346.15,SGD,**************1949,SG,182
9af32b91-0fce-096b-e396-75b71594abf4,2026-07-12T23:39:14.924,settlement,SETTLED,pacs.008,FAST,346.15,SGD,**************1949,SG,325
a34184f0-4495-6216-5ff2-42dba3d6c122,2026-07-06T14:43:03.653,gateway,OK,pacs.008,FAST,956.82,INR,**************0065,SG,32
a34184f0-4495-6216-5ff2-42dba3d6c122,2026-07-06T14:43:03.685,auth,OK,pacs.008,FAST,956.82,INR,**************0065,SG,71
a34184f0-4495-6216-5ff2-42dba3d6c122,2026-07-06T14:43:03.862,validation,OK,pacs.008,FAST,956.82,INR,**************0065,SG,106
a34184f0-4495-6216-5ff2-42dba3d6c122,2026-07-06T14:43:03.930,aml,OK,pacs.008,FAST,956.82,INR,**************0065,SG,259
a34184f0-4495-6216-5ff2-42dba3d6c122,2026-07-06T14:43:04.167,payment-hub,OK,pacs.008,FAST,956.82,INR,**************0065,SG,76
a34184f0-4495-6216-5ff2-42dba3d6c122,2026-07-06T14:43:04.343,core-banking,OK,pacs.008,FAST,956.82,INR,**************0065,SG,184
a34184f0-4495-6216-5ff2-42dba3d6c122,2026-07-06T14:43:04.452,settlement,SETTLED,pacs.008,FAST,956.82,INR,**************0065,SG,219
fdc65891-8d10-3271-d20c-f89ee6002784,2026-07-03T04:01:55.382,gateway,OK,pacs.008,FAST,213.3,SGD,**************9913,US,18
fdc65891-8d10-3271-d20c-f89ee6002784,2026-07-03T04:01:55.475,auth,OK,pacs.008,FAST,213.3,SGD,**************9913,US,60
fdc65891-8d10-3271-d20c-f89ee6002784,2026-07-03T04:01:55.558,validation,OK,pacs.008,FAST,213.3,SGD,**************9913,US,25
fdc65891-8d10-3271-d20c-f89ee6002784,2026-07-03T04:01:55.641,aml,OK,pacs.008,FAST,213.3,SGD,**************9913,US,298
fdc65891-8d10-3271-d20c-f89ee6002784,2026-07-03T04:01:55.715,payment-hub,OK,pacs.008,FAST,213.3,SGD,**************9913,US,76
fdc65891-8d10-3271-d20c-f89ee6002784,2026-07-03T04:01:55.790,core-banking,OK,pacs.008,FAST,213.3,SGD,**************9913,US,107
fdc65891-8d10-3271-d20c-f89ee6002784,2026-07-03T04:01:55.860,settlement,SETTLED,pacs.008,FAST,213.3,SGD,**************9913,US,294
bb52d6cd-7cee-bce2-ae86-642e49336731,2026-07-09T01:03:22.088,gateway,OK,pacs.008,FAST,87.93,SGD,**************3358,SG,47
bb52d6cd-7cee-bce2-ae86-642e49336731,2026-07-09T01:03:52.117,auth,OK,pacs.008,FAST,87.93,SGD,**************3358,SG,44
bb52d6cd-7cee-bce2-ae86-642e49336731,2026-07-09T01:04:22.122,validation,OK,pacs.008,FAST,87.93,SGD,**************3358,SG,38
bb52d6cd-7cee-bce2-ae86-642e49336731,2026-07-09T01:04:22.201,aml,OK,pacs.008,FAST,87.93,SGD,**************3358,SG,145
bb52d6cd-7cee-bce2-ae86-642e49336731,2026-07-09T01:04:22.304,payment-hub,OK,pacs.008,FAST,87.93,SGD,**************3358,SG,51
bb52d6cd-7cee-bce2-ae86-642e49336731,2026-07-09T01:04:22.497,core-banking,OK,pacs.008,FAST,87.93,SGD,**************3358,SG,221
bb52d6cd-7cee-bce2-ae86-642e49336731,2026-07-09T01:04:22.573,settlement,SETTLED,pacs.008,FAST,87.93,SGD,**************3358,SG,146
f4b1c600-be72-1776-9647-4f839904cc94,2026-07-05T15:50:00.664,gateway,OK,MT103,FAST,1937.05,EUR,**************9472,SG,54
f4b1c600-be72-1776-9647-4f839904cc94,2026-07-05T15:50:00.710,auth,OK,MT103,FAST,1937.05,EUR,**************9472,SG,73
f4b1c600-be72-1776-9647-4f839904cc94,2026-07-05T15:50:00.796,validation,OK,MT103,FAST,1937.05,EUR,**************9472,SG,51
f4b1c600-be72-1776-9647-4f839904cc94,2026-07-05T15:50:00.939,aml,OK,MT103,FAST,1937.05,EUR,**************9472,SG,175
f4b1c600-be72-1776-9647-4f839904cc94,2026-07-05T15:50:01.059,payment-hub,OK,MT103,FAST,1937.05,EUR,**************9472,SG,102
f4b1c600-be72-1776-9647-4f839904cc94,2026-07-05T15:50:01.172,core-banking,OK,MT103,FAST,1937.05,EUR,**************9472,SG,222
f4b1c600-be72-1776-9647-4f839904cc94,2026-07-05T15:50:01.350,settlement,SETTLED,MT103,FAST,1937.05,EUR,**************9472,SG,335
1525ad24-37cd-2d8e-d49a-cb53c5e83815,2026-07-13T13:19:15.516,gateway,OK,pacs.008,SWIFT,834.17,MYR,**************1034,SG,44
1525ad24-37cd-2d8e-d49a-cb53c5e83815,2026-07-13T13:19:15.566,auth,OK,pacs.008,SWIFT,834.17,MYR,**************1034,SG,75
1525ad24-37cd-2d8e-d49a-cb53c5e83815,2026-07-13T13:19:15.672,validation,OK,pacs.008,SWIFT,834.17,MYR,**************1034,SG,89
1525ad24-37cd-2d8e-d49a-cb53c5e83815,2026-07-13T13:19:15.854,aml,OK,pacs.008,SWIFT,834.17,MYR,**************1034,SG,144
1525ad24-37cd-2d8e-d49a-cb53c5e83815,2026-07-13T13:19:15.915,payment-hub,OK,pacs.008,SWIFT,834.17,MYR,**************1034,SG,59
1525ad24-37cd-2d8e-d49a-cb53c5e83815,2026-07-13T13:19:16.038,core-banking,OK,pacs.008,SWIFT,834.17,MYR,**************1034,SG,246
1525ad24-37cd-2d8e-d49a-cb53c5e83815,2026-07-13T13:19:16.150,settlement,SETTLED,pacs.008,SWIFT,834.17,MYR,**************1034,SG,234
9f55a511-a82d-50cd-fb2a-a2a9060feb1e,2026-07-03T09:35:54.622,gateway,OK,MT103,FAST,1101.0,SGD,**************3590,MY,59
9f55a511-a82d-50cd-fb2a-a2a9060feb1e,2026-07-03T09:35:54.751,auth,OK,MT103,FAST,1101.0,SGD,**************3590,MY,27
9f55a511-a82d-50cd-fb2a-a2a9060feb1e,2026-07-03T09:35:54.834,validation,OK,MT103,FAST,1101.0,SGD,**************3590,MY,116
9f55a511-a82d-50cd-fb2a-a2a9060feb1e,2026-07-03T09:35:54.931,aml,OK,MT103,FAST,1101.0,SGD,**************3590,MY,95
9f55a511-a82d-50cd-fb2a-a2a9060feb1e,2026-07-03T09:35:55.036,payment-hub,OK,MT103,FAST,1101.0,SGD,**************3590,MY,95
9f55a511-a82d-50cd-fb2a-a2a9060feb1e,2026-07-03T09:35:55.074,core-banking,OK,MT103,FAST,1101.0,SGD,**************3590,MY,240
9f55a511-a82d-50cd-fb2a-a2a9060feb1e,2026-07-03T09:35:55.144,settlement,SETTLED,MT103,FAST,1101.0,SGD,**************3590,MY,251
369cea38-4e92-dfe3-031a-51a8e20cd322,2026-07-12T16:22:10.273,gateway,OK,pacs.008,FAST,101.22,SGD,**************3646,HK,38
369cea38-4e92-dfe3-031a-51a8e20cd322,2026-07-12T16:22:10.432,auth,OK,pacs.008,FAST,101.22,SGD,**************3646,HK,64
369cea38-4e92-dfe3-031a-51a8e20cd322,2026-07-12T16:22:10.476,validation,OK,pacs.008,FAST,101.22,SGD,**************3646,HK,106
369cea38-4e92-dfe3-031a-51a8e20cd322,2026-07-12T16:22:10.609,aml,OK,pacs.008,FAST,101.22,SGD,**************3646,HK,189
369cea38-4e92-dfe3-031a-51a8e20cd322,2026-07-12T16:22:10.681,payment-hub,OK,pacs.008,FAST,101.22,SGD,**************3646,HK,95
369cea38-4e92-dfe3-031a-51a8e20cd322,2026-07-12T16:22:10.710,core-banking,OK,pacs.008,FAST,101.22,SGD,**************3646,HK,244
369cea38-4e92-dfe3-031a-51a8e20cd322,2026-07-12T16:22:10.883,settlement,SETTLED,pacs.008,FAST,101.22,SGD,**************3646,HK,207
ada8c3be-227f-d400-f883-24ce97d5f209,2026-07-15T04:14:06.462,gateway,OK,pacs.008,FAST,828.86,INR,**************3881,SG,37
ada8c3be-227f-d400-f883-24ce97d5f209,2026-07-15T04:14:06.495,auth,OK,pacs.008,FAST,828.86,INR,**************3881,SG,29
ada8c3be-227f-d400-f883-24ce97d5f209,2026-07-15T04:14:06.560,validation,OK,pacs.008,FAST,828.86,INR,**************3881,SG,106
ada8c3be-227f-d400-f883-24ce97d5f209,2026-07-15T04:14:06.644,aml,OK,pacs.008,FAST,828.86,INR,**************3881,SG,74
ada8c3be-227f-d400-f883-24ce97d5f209,2026-07-15T04:14:06.670,payment-hub,OK,pacs.008,FAST,828.86,INR,**************3881,SG,104
ada8c3be-227f-d400-f883-24ce97d5f209,2026-07-15T04:14:06.770,core-banking,OK,pacs.008,FAST,828.86,INR,**************3881,SG,95
ada8c3be-227f-d400-f883-24ce97d5f209,2026-07-15T04:14:06.895,settlement,SETTLED,pacs.008,FAST,828.86,INR,**************3881,SG,218
b9807172-601f-0cff-53bd-6265aac64d93,2026-07-15T07:02:15.547,gateway,OK,0200,FAST,343.92,EUR,**************8246,SG,59
b9807172-601f-0cff-53bd-6265aac64d93,2026-07-15T07:02:15.615,auth,OK,0200,FAST,343.92,EUR,**************8246,SG,48
b9807172-601f-0cff-53bd-6265aac64d93,2026-07-15T07:02:15.699,validation,OK,0200,FAST,343.92,EUR,**************8246,SG,66
b9807172-601f-0cff-53bd-6265aac64d93,2026-07-15T07:02:15.820,aml,OK,0200,FAST,343.92,EUR,**************8246,SG,228
b9807172-601f-0cff-53bd-6265aac64d93,2026-07-15T07:02:15.925,payment-hub,OK,0200,FAST,343.92,EUR,**************8246,SG,129
b9807172-601f-0cff-53bd-6265aac64d93,2026-07-15T07:02:45.936,core-banking,OK,0200,FAST,343.92,EUR,**************8246,SG,159
b9807172-601f-0cff-53bd-6265aac64d93,2026-07-15T07:02:46.190,settlement,SETTLED,0200,FAST,343.92,EUR,**************8246,SG,117
f91396c1-5fbf-3881-2a66-a43fe41df815,2026-07-03T23:10:59.848,gateway,OK,pacs.008,FAST,560.29,MYR,**************9347,SG,50
f91396c1-5fbf-3881-2a66-a43fe41df815,2026-07-03T23:11:00.064,auth,OK,pacs.008,FAST,560.29,MYR,**************9347,SG,38
f91396c1-5fbf-3881-2a66-a43fe41df815,2026-07-03T23:11:00.199,validation,OK,pacs.008,FAST,560.29,MYR,**************9347,SG,82
f91396c1-5fbf-3881-2a66-a43fe41df815,2026-07-03T23:11:00.491,aml,OK,pacs.008,FAST,560.29,MYR,**************9347,SG,181
f91396c1-5fbf-3881-2a66-a43fe41df815,2026-07-03T23:11:00.611,payment-hub,OK,pacs.008,FAST,560.29,MYR,**************9347,SG,146
f91396c1-5fbf-3881-2a66-a43fe41df815,2026-07-03T23:11:00.647,core-banking,OK,pacs.008,FAST,560.29,MYR,**************9347,SG,115
f91396c1-5fbf-3881-2a66-a43fe41df815,2026-07-03T23:11:00.733,settlement,SETTLED,pacs.008,FAST,560.29,MYR,**************9347,SG,185
911ef5c8-752e-8c8e-0950-dced06999b51,2026-07-13T16:40:42.638,gateway,OK,MT103,FAST,348.07,SGD,**************4340,US,15
911ef5c8-752e-8c8e-0950-dced06999b51,2026-07-13T16:40:42.690,auth,OK,MT103,FAST,348.07,SGD,**************4340,US,30
911ef5c8-752e-8c8e-0950-dced06999b51,2026-07-13T16:40:42.737,validation,OK,MT103,FAST,348.07,SGD,**************4340,US,36
911ef5c8-752e-8c8e-0950-dced06999b51,2026-07-13T16:40:42.781,aml,OK,MT103,FAST,348.07,SGD,**************4340,US,113
911ef5c8-752e-8c8e-0950-dced06999b51,2026-07-13T16:40:43.006,payment-hub,OK,MT103,FAST,348.07,SGD,**************4340,US,110
911ef5c8-752e-8c8e-0950-dced06999b51,2026-07-13T16:40:43.095,core-banking,OK,MT103,FAST,348.07,SGD,**************4340,US,230
911ef5c8-752e-8c8e-0950-dced06999b51,2026-07-13T16:40:43.285,settlement,SETTLED,MT103,FAST,348.07,SGD,**************4340,US,369
3cd195cc-128e-c1fe-12a8-4a25edfd8fdb,2026-07-02T22:53:07.214,gateway,OK,MT103,FAST,2019.6,SGD,**************6599,HK,47
3cd195cc-128e-c1fe-12a8-4a25edfd8fdb,2026-07-02T22:53:07.392,auth,OK,MT103,FAST,2019.6,SGD,**************6599,HK,53
3cd195cc-128e-c1fe-12a8-4a25edfd8fdb,2026-07-02T22:53:07.503,validation,OK,MT103,FAST,2019.6,SGD,**************6599,HK,40
3cd195cc-128e-c1fe-12a8-4a25edfd8fdb,2026-07-02T22:53:07.807,aml,TIMEOUT,MT103,FAST,2019.6,SGD,**************6599,HK,30000
3cd195cc-128e-c1fe-12a8-4a25edfd8fdb,2026-07-02T22:53:07.927,payment-hub,FAILED,MT103,FAST,2019.6,SGD,**************6599,HK,77
bb759aa3-3840-3e6c-a0fd-664a09f4da42,2026-07-02T05:36:53.396,gateway,OK,MT103,SWIFT,4151.27,EUR,**************2396,SG,48
bb759aa3-3840-3e6c-a0fd-664a09f4da42,2026-07-02T05:36:53.544,auth,OK,MT103,SWIFT,4151.27,EUR,**************2396,SG,66
bb759aa3-3840-3e6c-a0fd-664a09f4da42,2026-07-02T05:36:53.656,validation,OK,MT103,SWIFT,4151.27,EUR,**************2396,SG,88
bb759aa3-3840-3e6c-a0fd-664a09f4da42,2026-07-02T05:36:53.749,aml,OK,MT103,SWIFT,4151.27,EUR,**************2396,SG,289
bb759aa3-3840-3e6c-a0fd-664a09f4da42,2026-07-02T05:36:53.834,payment-hub,OK,MT103,SWIFT,4151.27,EUR,**************2396,SG,82
bb759aa3-3840-3e6c-a0fd-664a09f4da42,2026-07-02T05:36:53.960,core-banking,OK,MT103,SWIFT,4151.27,EUR,**************2396,SG,86
bb759aa3-3840-3e6c-a0fd-664a09f4da42,2026-07-02T05:36:54.072,settlement,SETTLED,MT103,SWIFT,4151.27,EUR,**************2396,SG,377
7ad29554-c796-b54c-e328-87ba27444beb,2026-07-10T15:38:48.862,gateway,OK,pacs.008,FAST,170.96,SGD,**************9672,SG,22
7ad29554-c796-b54c-e328-87ba27444beb,2026-07-10T15:38:48.887,auth,OK,pacs.008,FAST,170.96,SGD,**************9672,SG,39
7ad29554-c796-b54c-e328-87ba27444beb,2026-07-10T15:38:48.977,validation,OK,pacs.008,FAST,170.96,SGD,**************9672,SG,120
7ad29554-c796-b54c-e328-87ba27444beb,2026-07-10T15:38:49.062,aml,OK,pacs.008,FAST,170.96,SGD,**************9672,SG,264
7ad29554-c796-b54c-e328-87ba27444beb,2026-07-10T15:38:49.154,payment-hub,OK,pacs.008,FAST,170.96,SGD,**************9672,SG,42
7ad29554-c796-b54c-e328-87ba27444beb,2026-07-10T15:38:49.273,core-banking,OK,pacs.008,FAST,170.96,SGD,**************9672,SG,167
7ad29554-c796-b54c-e328-87ba27444beb,2026-07-10T15:38:49.456,settlement,SETTLED,pacs.008,FAST,170.96,SGD,**************9672,SG,361
68360151-77e4-29fd-20f3-9ebe34398f8c,2026-07-12T11:11:57.045,gateway,OK,MT103,FAST,1308.18,USD,**************4970,SG,51
68360151-77e4-29fd-20f3-9ebe34398f8c,2026-07-12T11:11:57.283,auth,OK,MT103,FAST,1308.18,USD,**************4970,SG,44
68360151-77e4-29fd-20f3-9ebe34398f8c,2026-07-12T11:11:57.367,validation,OK,MT103,FAST,1308.18,USD,**************4970,SG,93
68360151-77e4-29fd-20f3-9ebe34398f8c,2026-07-12T11:11:57.540,aml,OK,MT103,FAST,1308.18,USD,**************4970,SG,108
68360151-77e4-29fd-20f3-9ebe34398f8c,2026-07-12T11:11:57.688,payment-hub,OK,MT103,FAST,1308.18,USD,**************4970,SG,70
68360151-77e4-29fd-20f3-9ebe34398f8c,2026-07-12T11:11:57.742,core-banking,OK,MT103,FAST,1308.18,USD,**************4970,SG,147
68360151-77e4-29fd-20f3-9ebe34398f8c,2026-07-12T11:11:57.826,settlement,SETTLED,MT103,FAST,1308.18,USD,**************4970,SG,308
7f5ba215-60c3-8dad-005c-b25c5deadfe7,2026-07-13T14:09:25.604,gateway,OK,pacs.008,FAST,1465.81,SGD,**************1571,SG,41
7f5ba215-60c3-8dad-005c-b25c5deadfe7,2026-07-13T14:09:25.908,auth,OK,pacs.008,FAST,1465.81,SGD,**************1571,SG,82
7f5ba215-60c3-8dad-005c-b25c5deadfe7,2026-07-13T14:09:25.996,validation,REJECTED,pacs.008,FAST,1465.81,SGD,**************1571,SG,78
a40e2378-a411-5b7b-e21e-7dd9d70ac6d6,2026-07-04T18:25:42.559,gateway,OK,0200,FAST,628.24,MYR,**************9890,SG,24
a40e2378-a411-5b7b-e21e-7dd9d70ac6d6,2026-07-04T18:25:42.643,auth,OK,0200,FAST,628.24,MYR,**************9890,SG,74
a40e2378-a411-5b7b-e21e-7dd9d70ac6d6,2026-07-04T18:25:42.777,validation,OK,0200,FAST,628.24,MYR,**************9890,SG,79
a40e2378-a411-5b7b-e21e-7dd9d70ac6d6,2026-07-04T18:25:42.909,aml,OK,0200,FAST,628.24,MYR,**************9890,SG,241
a40e2378-a411-5b7b-e21e-7dd9d70ac6d6,2026-07-04T18:25:42.982,payment-hub,OK,0200,FAST,628.24,MYR,**************9890,SG,42
a40e2378-a411-5b7b-e21e-7dd9d70ac6d6,2026-07-04T18:25:43.109,core-banking,OK,0200,FAST,628.24,MYR,**************9890,SG,224
a40e2378-a411-5b7b-e21e-7dd9d70ac6d6,2026-07-04T18:25:43.214,settlement,SETTLED,0200,FAST,628.24,MYR,**************9890,SG,135
5d91b6d6-54eb-6aec-e092-a6fa5c34fac4,2026-07-07T16:11:14.433,gateway,OK,pacs.008,FAST,299.26,EUR,**************2761,SG,50
5d91b6d6-54eb-6aec-e092-a6fa5c34fac4,2026-07-07T16:11:14.569,auth,OK,pacs.008,FAST,299.26,EUR,**************2761,SG,33
5d91b6d6-54eb-6aec-e092-a6fa5c34fac4,2026-07-07T16:11:14.625,validation,OK,pacs.008,FAST,299.26,EUR,**************2761,SG,88
5d91b6d6-54eb-6aec-e092-a6fa5c34fac4,2026-07-07T16:11:14.693,aml,OK,pacs.008,FAST,299.26,EUR,**************2761,SG,248
5d91b6d6-54eb-6aec-e092-a6fa5c34fac4,2026-07-07T16:11:14.757,payment-hub,OK,pacs.008,FAST,299.26,EUR,**************2761,SG,86
5d91b6d6-54eb-6aec-e092-a6fa5c34fac4,2026-07-07T16:11:14.896,core-banking,OK,pacs.008,FAST,299.26,EUR,**************2761,SG,233
5d91b6d6-54eb-6aec-e092-a6fa5c34fac4,2026-07-07T16:11:14.988,settlement,SETTLED,pacs.008,FAST,299.26,EUR,**************2761,SG,185
23f2cb65-d3f1-4c58-914c-12672e609fd7,2026-07-07T10:49:47.994,gateway,OK,0200,SWIFT,221.51,USD,**************4792,MY,29
23f2cb65-d3f1-4c58-914c-12672e609fd7,2026-07-07T10:49:48.238,auth,OK,0200,SWIFT,221.51,USD,**************4792,MY,88
23f2cb65-d3f1-4c58-914c-12672e609fd7,2026-07-07T10:49:48.294,validation,OK,0200,SWIFT,221.51,USD,**************4792,MY,53
23f2cb65-d3f1-4c58-914c-12672e609fd7,2026-07-07T10:49:48.375,aml,OK,0200,SWIFT,221.51,USD,**************4792,MY,119
23f2cb65-d3f1-4c58-914c-12672e609fd7,2026-07-07T10:49:48.483,payment-hub,OK,0200,SWIFT,221.51,USD,**************4792,MY,100
23f2cb65-d3f1-4c58-914c-12672e609fd7,2026-07-07T10:49:48.631,core-banking,OK,0200,SWIFT,221.51,USD,**************4792,MY,98
23f2cb65-d3f1-4c58-914c-12672e609fd7,2026-07-07T10:49:48.748,settlement,SETTLED,0200,SWIFT,221.51,USD,**************4792,MY,133
a2e28136-44ec-6634-01f0-8cd644a743b5,2026-07-04T10:22:15.673,gateway,OK,pacs.008,SWIFT,2627.63,INR,**************4845,IN,60
a2e28136-44ec-6634-01f0-8cd644a743b5,2026-07-04T10:22:15.705,auth,OK,pacs.008,SWIFT,2627.63,INR,**************4845,IN,67
a2e28136-44ec-6634-01f0-8cd644a743b5,2026-07-04T10:22:15.755,validation,OK,pacs.008,SWIFT,2627.63,INR,**************4845,IN,46
a2e28136-44ec-6634-01f0-8cd644a743b5,2026-07-04T10:22:15.843,aml,OK,pacs.008,SWIFT,2627.63,INR,**************4845,IN,196
a2e28136-44ec-6634-01f0-8cd644a743b5,2026-07-04T10:22:15.961,payment-hub,OK,pacs.008,SWIFT,2627.63,INR,**************4845,IN,67
a2e28136-44ec-6634-01f0-8cd644a743b5,2026-07-04T10:22:16.105,core-banking,OK,pacs.008,SWIFT,2627.63,INR,**************4845,IN,185
a2e28136-44ec-6634-01f0-8cd644a743b5,2026-07-04T10:22:16.171,settlement,SETTLED,pacs.008,SWIFT,2627.63,INR,**************4845,IN,231
b18ea07c-800f-752d-e483-49b9052341d0,2026-07-02T19:35:44.728,gateway,OK,0200,FAST,92.73,INR,**************1832,US,60
b18ea07c-800f-752d-e483-49b9052341d0,2026-07-02T19:35:45.000,auth,OK,0200,FAST,92.73,INR,**************1832,US,47
b18ea07c-800f-752d-e483-49b9052341d0,2026-07-02T19:35:45.069,validation,OK,0200,FAST,92.73,INR,**************1832,US,43
b18ea07c-800f-752d-e483-49b9052341d0,2026-07-02T19:35:45.170,aml,OK,0200,FAST,92.73,INR,**************1832,US,290
b18ea07c-800f-752d-e483-49b9052341d0,2026-07-02T19:36:15.209,payment-hub,OK,0200,FAST,92.73,INR,**************1832,US,72
b18ea07c-800f-752d-e483-49b9052341d0,2026-07-02T19:36:15.453,core-banking,OK,0200,FAST,92.73,INR,**************1832,US,89
b18ea07c-800f-752d-e483-49b9052341d0,2026-07-02T19:36:15.716,settlement,SETTLED,0200,FAST,92.73,INR,**************1832,US,351
d6abb058-419a-919e-3eae-4c63e316dbae,2026-07-12T05:31:59.930,gateway,OK,pacs.008,SWIFT,2186.76,USD,**************7500,IN,31
d6abb058-419a-919e-3eae-4c63e316dbae,2026-07-12T05:32:00.015,auth,OK,pacs.008,SWIFT,2186.76,USD,**************7500,IN,76
d6abb058-419a-919e-3eae-4c63e316dbae,2026-07-12T05:32:00.132,validation,OK,pacs.008,SWIFT,2186.76,USD,**************7500,IN,48
d6abb058-419a-919e-3eae-4c63e316dbae,2026-07-12T05:32:00.194,aml,OK,pacs.008,SWIFT,2186.76,USD,**************7500,IN,289
d6abb058-419a-919e-3eae-4c63e316dbae,2026-07-12T05:32:00.291,payment-hub,OK,pacs.008,SWIFT,2186.76,USD,**************7500,IN,102
d6abb058-419a-919e-3eae-4c63e316dbae,2026-07-12T05:32:00.391,core-banking,OK,pacs.008,SWIFT,2186.76,USD,**************7500,IN,216
d6abb058-419a-919e-3eae-4c63e316dbae,2026-07-12T05:32:00.520,settlement,SETTLED,pacs.008,SWIFT,2186.76,USD,**************7500,IN,98
59a30250-0faa-0ff0-3427-b56990969cf0,2026-07-13T09:52:49.887,gateway,OK,pacs.008,FAST,724.33,SGD,**************3631,US,59
59a30250-0faa-0ff0-3427-b56990969cf0,2026-07-13T09:52:49.993,auth,OK,pacs.008,FAST,724.33,SGD,**************3631,US,65
59a30250-0faa-0ff0-3427-b56990969cf0,2026-07-13T09:52:50.102,validation,OK,pacs.008,FAST,724.33,SGD,**************3631,US,29
59a30250-0faa-0ff0-3427-b56990969cf0,2026-07-13T09:52:50.163,aml,OK,pacs.008,FAST,724.33,SGD,**************3631,US,295
59a30250-0faa-0ff0-3427-b56990969cf0,2026-07-13T09:52:50.226,payment-hub,OK,pacs.008,FAST,724.33,SGD,**************3631,US,140
59a30250-0faa-0ff0-3427-b56990969cf0,2026-07-13T09:52:50.397,core-banking,OK,pacs.008,FAST,724.33,SGD,**************3631,US,77
59a30250-0faa-0ff0-3427-b56990969cf0,2026-07-13T09:52:50.479,settlement,SETTLED,pacs.008,FAST,724.33,SGD,**************3631,US,289
0ab081d2-ef34-86a9-0e50-5ba66e2bd25c,2026-07-08T04:07:01.801,gateway,OK,pacs.008,FAST,71.18,SGD,**************3554,SG,28
0ab081d2-ef34-86a9-0e50-5ba66e2bd25c,2026-07-08T04:07:01.878,auth,OK,pacs.008,FAST,71.18,SGD,**************3554,SG,59
0ab081d2-ef34-86a9-0e50-5ba66e2bd25c,2026-07-08T04:07:01.913,validation,OK,pacs.008,FAST,71.18,SGD,**************3554,SG,61
0ab081d2-ef34-86a9-0e50-5ba66e2bd25c,2026-07-08T04:07:01.999,aml,OK,pacs.008,FAST,71.18,SGD,**************3554,SG,268
0ab081d2-ef34-86a9-0e50-5ba66e2bd25c,2026-07-08T04:07:02.097,payment-hub,OK,pacs.008,FAST,71.18,SGD,**************3554,SG,97
0ab081d2-ef34-86a9-0e50-5ba66e2bd25c,2026-07-08T04:07:02.253,core-banking,OK,pacs.008,FAST,71.18,SGD,**************3554,SG,130
0ab081d2-ef34-86a9-0e50-5ba66e2bd25c,2026-07-08T04:07:02.351,settlement,SETTLED,pacs.008,FAST,71.18,SGD,**************3554,SG,243
36498bed-7c24-e4c6-6b94-95b3c1202691,2026-07-07T19:07:21.660,gateway,OK,pacs.008,SWIFT,775.71,INR,**************1659,SG,19
36498bed-7c24-e4c6-6b94-95b3c1202691,2026-07-07T19:07:21.782,auth,OK,pacs.008,SWIFT,775.71,INR,**************1659,SG,22
36498bed-7c24-e4c6-6b94-95b3c1202691,2026-07-07T19:07:21.859,validation,OK,pacs.008,SWIFT,775.71,INR,**************1659,SG,95
36498bed-7c24-e4c6-6b94-95b3c1202691,2026-07-07T19:07:21.982,aml,OK,pacs.008,SWIFT,775.71,INR,**************1659,SG,204
36498bed-7c24-e4c6-6b94-95b3c1202691,2026-07-07T19:07:22.041,payment-hub,OK,pacs.008,SWIFT,775.71,INR,**************1659,SG,62
36498bed-7c24-e4c6-6b94-95b3c1202691,2026-07-07T19:07:22.120,core-banking,OK,pacs.008,SWIFT,775.71,INR,**************1659,SG,208
36498bed-7c24-e4c6-6b94-95b3c1202691,2026-07-07T19:07:22.164,settlement,SETTLED,pacs.008,SWIFT,775.71,INR,**************1659,SG,300
b2540189-af95-a374-ea77-92eb50305e92,2026-07-06T14:06:24.336,gateway,OK,pacs.008,FAST,433.24,USD,**************0104,US,49
b2540189-af95-a374-ea77-92eb50305e92,2026-07-06T14:06:24.387,auth,OK,pacs.008,FAST,433.24,USD,**************0104,US,29
b2540189-af95-a374-ea77-92eb50305e92,2026-07-06T14:06:24.663,validation,OK,pacs.008,FAST,433.24,USD,**************0104,US,46
b2540189-af95-a374-ea77-92eb50305e92,2026-07-06T14:06:24.782,aml,OK,pacs.008,FAST,433.24,USD,**************0104,US,268
b2540189-af95-a374-ea77-92eb50305e92,2026-07-06T14:06:24.827,payment-hub,OK,pacs.008,FAST,433.24,USD,**************0104,US,111
b2540189-af95-a374-ea77-92eb50305e92,2026-07-06T14:06:24.952,core-banking,OK,pacs.008,FAST,433.24,USD,**************0104,US,118
b2540189-af95-a374-ea77-92eb50305e92,2026-07-06T14:06:25.077,settlement,SETTLED,pacs.008,FAST,433.24,USD,**************0104,US,217
96b1b3a3-20a9-984c-d0e2-aa076c5a8a41,2026-07-09T07:09:08.927,gateway,OK,pacs.008,CARDS,1661.54,USD,**************8220,SG,42
96b1b3a3-20a9-984c-d0e2-aa076c5a8a41,2026-07-09T07:09:09.005,auth,OK,pacs.008,CARDS,1661.54,USD,**************8220,SG,60
96b1b3a3-20a9-984c-d0e2-aa076c5a8a41,2026-07-09T07:09:09.063,validation,OK,pacs.008,CARDS,1661.54,USD,**************8220,SG,87
96b1b3a3-20a9-984c-d0e2-aa076c5a8a41,2026-07-09T07:09:39.098,aml,OK,pacs.008,CARDS,1661.54,USD,**************8220,SG,70
96b1b3a3-20a9-984c-d0e2-aa076c5a8a41,2026-07-09T07:09:39.357,payment-hub,OK,pacs.008,CARDS,1661.54,USD,**************8220,SG,50
96b1b3a3-20a9-984c-d0e2-aa076c5a8a41,2026-07-09T07:09:39.415,core-banking,OK,pacs.008,CARDS,1661.54,USD,**************8220,SG,142
96b1b3a3-20a9-984c-d0e2-aa076c5a8a41,2026-07-09T07:09:39.488,settlement,SETTLED,pacs.008,CARDS,1661.54,USD,**************8220,SG,252
0ade0999-38b1-1a5e-7ab7-3e168480fd89,2026-07-10T23:04:15.899,gateway,OK,MT103,FAST,483.92,SGD,**************4258,US,35
0ade0999-38b1-1a5e-7ab7-3e168480fd89,2026-07-10T23:04:16.004,auth,OK,MT103,FAST,483.92,SGD,**************4258,US,28
0ade0999-38b1-1a5e-7ab7-3e168480fd89,2026-07-10T23:04:16.092,validation,OK,MT103,FAST,483.92,SGD,**************4258,US,56
0ade0999-38b1-1a5e-7ab7-3e168480fd89,2026-07-10T23:04:16.203,aml,OK,MT103,FAST,483.92,SGD,**************4258,US,103
0ade0999-38b1-1a5e-7ab7-3e168480fd89,2026-07-10T23:04:16.338,payment-hub,OK,MT103,FAST,483.92,SGD,**************4258,US,30
0ade0999-38b1-1a5e-7ab7-3e168480fd89,2026-07-10T23:04:16.482,core-banking,OK,MT103,FAST,483.92,SGD,**************4258,US,143
0ade0999-38b1-1a5e-7ab7-3e168480fd89,2026-07-10T23:04:16.550,settlement,SETTLED,MT103,FAST,483.92,SGD,**************4258,US,75
aa264deb-3894-213f-6a97-023a4fa8891f,2026-07-10T22:45:02.401,gateway,OK,pacs.008,SWIFT,95.37,INR,**************2510,MY,28
aa264deb-3894-213f-6a97-023a4fa8891f,2026-07-10T22:45:02.463,auth,OK,pacs.008,SWIFT,95.37,INR,**************2510,MY,23
aa264deb-3894-213f-6a97-023a4fa8891f,2026-07-10T22:45:02.534,validation,OK,pacs.008,SWIFT,95.37,INR,**************2510,MY,62
aa264deb-3894-213f-6a97-023a4fa8891f,2026-07-10T22:45:02.608,aml,OK,pacs.008,SWIFT,95.37,INR,**************2510,MY,272
aa264deb-3894-213f-6a97-023a4fa8891f,2026-07-10T22:45:02.714,payment-hub,OK,pacs.008,SWIFT,95.37,INR,**************2510,MY,105
aa264deb-3894-213f-6a97-023a4fa8891f,2026-07-10T22:45:02.875,core-banking,OK,pacs.008,SWIFT,95.37,INR,**************2510,MY,226
aa264deb-3894-213f-6a97-023a4fa8891f,2026-07-10T22:45:02.975,settlement,SETTLED,pacs.008,SWIFT,95.37,INR,**************2510,MY,336
f7461813-b07f-8a06-1ee5-09064af97a88,2026-07-05T11:20:01.851,gateway,OK,pacs.008,FAST,79.13,USD,**************4833,GB,58
f7461813-b07f-8a06-1ee5-09064af97a88,2026-07-05T11:20:01.925,auth,OK,pacs.008,FAST,79.13,USD,**************4833,GB,52
f7461813-b07f-8a06-1ee5-09064af97a88,2026-07-05T11:20:02.006,validation,OK,pacs.008,FAST,79.13,USD,**************4833,GB,52
f7461813-b07f-8a06-1ee5-09064af97a88,2026-07-05T11:20:02.100,aml,OK,pacs.008,FAST,79.13,USD,**************4833,GB,63
f7461813-b07f-8a06-1ee5-09064af97a88,2026-07-05T11:20:02.139,payment-hub,OK,pacs.008,FAST,79.13,USD,**************4833,GB,110
f7461813-b07f-8a06-1ee5-09064af97a88,2026-07-05T11:20:02.241,core-banking,OK,pacs.008,FAST,79.13,USD,**************4833,GB,245
f7461813-b07f-8a06-1ee5-09064af97a88,2026-07-05T11:20:02.352,settlement,SETTLED,pacs.008,FAST,79.13,USD,**************4833,GB,193
efd4feab-4e00-25b7-4b4c-2ba169379388,2026-07-13T17:17:10.221,gateway,OK,0200,FAST,1100.23,INR,**************0186,MY,22
efd4feab-4e00-25b7-4b4c-2ba169379388,2026-07-13T17:17:10.249,auth,OK,0200,FAST,1100.23,INR,**************0186,MY,82
efd4feab-4e00-25b7-4b4c-2ba169379388,2026-07-13T17:17:10.321,validation,OK,0200,FAST,1100.23,INR,**************0186,MY,57
efd4feab-4e00-25b7-4b4c-2ba169379388,2026-07-13T17:17:10.383,aml,OK,0200,FAST,1100.23,INR,**************0186,MY,204
efd4feab-4e00-25b7-4b4c-2ba169379388,2026-07-13T17:17:10.465,payment-hub,OK,0200,FAST,1100.23,INR,**************0186,MY,102
efd4feab-4e00-25b7-4b4c-2ba169379388,2026-07-13T17:17:10.655,core-banking,OK,0200,FAST,1100.23,INR,**************0186,MY,168
efd4feab-4e00-25b7-4b4c-2ba169379388,2026-07-13T17:17:10.795,settlement,SETTLED,0200,FAST,1100.23,INR,**************0186,MY,110
a858b4cf-91f9-6f60-a934-44ce3f419a2c,2026-07-05T06:35:09.435,gateway,OK,MT103,CARDS,567.59,MYR,**************1626,SG,21
a858b4cf-91f9-6f60-a934-44ce3f419a2c,2026-07-05T06:35:09.576,auth,OK,MT103,CARDS,567.59,MYR,**************1626,SG,29
a858b4cf-91f9-6f60-a934-44ce3f419a2c,2026-07-05T06:35:09.839,validation,OK,MT103,CARDS,567.59,MYR,**************1626,SG,60
a858b4cf-91f9-6f60-a934-44ce3f419a2c,2026-07-05T06:35:09.962,aml,OK,MT103,CARDS,567.59,MYR,**************1626,SG,108
a858b4cf-91f9-6f60-a934-44ce3f419a2c,2026-07-05T06:35:10.061,payment-hub,OK,MT103,CARDS,567.59,MYR,**************1626,SG,136
a858b4cf-91f9-6f60-a934-44ce3f419a2c,2026-07-05T06:35:10.168,core-banking,OK,MT103,CARDS,567.59,MYR,**************1626,SG,113
a858b4cf-91f9-6f60-a934-44ce3f419a2c,2026-07-05T06:35:10.251,settlement,SETTLED,MT103,CARDS,567.59,MYR,**************1626,SG,339
cefad7df-511b-a1ea-bb54-aefc681def1f,2026-07-12T23:12:21.494,gateway,OK,MT103,FAST,444.13,GBP,**************9224,IN,28
cefad7df-511b-a1ea-bb54-aefc681def1f,2026-07-12T23:12:21.565,auth,OK,MT103,FAST,444.13,GBP,**************9224,IN,21
cefad7df-511b-a1ea-bb54-aefc681def1f,2026-07-12T23:12:21.637,validation,OK,MT103,FAST,444.13,GBP,**************9224,IN,58
cefad7df-511b-a1ea-bb54-aefc681def1f,2026-07-12T23:12:21.933,aml,OK,MT103,FAST,444.13,GBP,**************9224,IN,258
cefad7df-511b-a1ea-bb54-aefc681def1f,2026-07-12T23:12:22.016,payment-hub,OK,MT103,FAST,444.13,GBP,**************9224,IN,63
cefad7df-511b-a1ea-bb54-aefc681def1f,2026-07-12T23:12:22.079,core-banking,OK,MT103,FAST,444.13,GBP,**************9224,IN,203
cefad7df-511b-a1ea-bb54-aefc681def1f,2026-07-12T23:12:22.146,settlement,SETTLED,MT103,FAST,444.13,GBP,**************9224,IN,383
59374e0f-8a42-2467-86c0-051ff6bc8c24,2026-07-13T08:45:52.867,gateway,OK,pacs.008,FAST,2411.98,SGD,**************6072,SG,45
59374e0f-8a42-2467-86c0-051ff6bc8c24,2026-07-13T08:45:53.090,auth,OK,pacs.008,FAST,2411.98,SGD,**************6072,SG,89
59374e0f-8a42-2467-86c0-051ff6bc8c24,2026-07-13T08:45:53.371,validation,OK,pacs.008,FAST,2411.98,SGD,**************6072,SG,57
59374e0f-8a42-2467-86c0-051ff6bc8c24,2026-07-13T08:45:53.423,aml,TIMEOUT,pacs.008,FAST,2411.98,SGD,**************6072,SG,30000
59374e0f-8a42-2467-86c0-051ff6bc8c24,2026-07-13T08:45:53.546,payment-hub,FAILED,pacs.008,FAST,2411.98,SGD,**************6072,SG,44
ae442635-99eb-f6c9-8dc9-07d07225d3f6,2026-07-14T15:37:35.043,gateway,OK,pacs.008,SWIFT,891.31,SGD,**************9674,MY,27
ae442635-99eb-f6c9-8dc9-07d07225d3f6,2026-07-14T15:37:35.146,auth,OK,pacs.008,SWIFT,891.31,SGD,**************9674,MY,90
ae442635-99eb-f6c9-8dc9-07d07225d3f6,2026-07-14T15:37:35.262,validation,OK,pacs.008,SWIFT,891.31,SGD,**************9674,MY,80
ae442635-99eb-f6c9-8dc9-07d07225d3f6,2026-07-14T15:37:35.411,aml,OK,pacs.008,SWIFT,891.31,SGD,**************9674,MY,198
ae442635-99eb-f6c9-8dc9-07d07225d3f6,2026-07-14T15:37:35.548,payment-hub,OK,pacs.008,SWIFT,891.31,SGD,**************9674,MY,111
ae442635-99eb-f6c9-8dc9-07d07225d3f6,2026-07-14T15:37:35.636,core-banking,OK,pacs.008,SWIFT,891.31,SGD,**************9674,MY,130
ae442635-99eb-f6c9-8dc9-07d07225d3f6,2026-07-14T15:37:35.706,settlement,SETTLED,pacs.008,SWIFT,891.31,SGD,**************9674,MY,192
0fccc64f-cb13-98e4-cc5f-454beff5a3d8,2026-07-02T21:52:30.893,gateway,OK,pacs.008,SWIFT,157.19,USD,**************4797,SG,46
0fccc64f-cb13-98e4-cc5f-454beff5a3d8,2026-07-02T21:52:30.965,auth,OK,pacs.008,SWIFT,157.19,USD,**************4797,SG,53
0fccc64f-cb13-98e4-cc5f-454beff5a3d8,2026-07-02T21:52:31.019,validation,OK,pacs.008,SWIFT,157.19,USD,**************4797,SG,82
0fccc64f-cb13-98e4-cc5f-454beff5a3d8,2026-07-02T21:52:31.313,aml,OK,pacs.008,SWIFT,157.19,USD,**************4797,SG,245
0fccc64f-cb13-98e4-cc5f-454beff5a3d8,2026-07-02T21:52:31.435,payment-hub,OK,pacs.008,SWIFT,157.19,USD,**************4797,SG,77
0fccc64f-cb13-98e4-cc5f-454beff5a3d8,2026-07-02T21:52:31.688,core-banking,OK,pacs.008,SWIFT,157.19,USD,**************4797,SG,204
0fccc64f-cb13-98e4-cc5f-454beff5a3d8,2026-07-02T21:52:31.794,settlement,SETTLED,pacs.008,SWIFT,157.19,USD,**************4797,SG,394
52d2b447-5549-9b95-37db-894b901fce55,2026-07-12T13:29:48.968,gateway,OK,pacs.008,FAST,394.08,SGD,**************4333,SG,55
52d2b447-5549-9b95-37db-894b901fce55,2026-07-12T13:29:49.056,auth,OK,pacs.008,FAST,394.08,SGD,**************4333,SG,90
52d2b447-5549-9b95-37db-894b901fce55,2026-07-12T13:29:49.093,validation,REJECTED,pacs.008,FAST,394.08,SGD,**************4333,SG,53
366deae2-5d4f-95a2-7f8e-093e191ae5ae,2026-07-14T22:39:29.957,gateway,OK,MT103,FAST,196.28,USD,**************1092,IN,56
366deae2-5d4f-95a2-7f8e-093e191ae5ae,2026-07-14T22:39:30.029,auth,OK,MT103,FAST,196.28,USD,**************1092,IN,40
366deae2-5d4f-95a2-7f8e-093e191ae5ae,2026-07-14T22:39:30.067,validation,OK,MT103,FAST,196.28,USD,**************1092,IN,105
366deae2-5d4f-95a2-7f8e-093e191ae5ae,2026-07-14T22:39:30.343,aml,OK,MT103,FAST,196.28,USD,**************1092,IN,259
366deae2-5d4f-95a2-7f8e-093e191ae5ae,2026-07-14T22:39:30.404,payment-hub,OK,MT103,FAST,196.28,USD,**************1092,IN,130
366deae2-5d4f-95a2-7f8e-093e191ae5ae,2026-07-14T22:39:30.507,core-banking,OK,MT103,FAST,196.28,USD,**************1092,IN,97
366deae2-5d4f-95a2-7f8e-093e191ae5ae,2026-07-14T22:39:30.663,settlement,SETTLED,MT103,FAST,196.28,USD,**************1092,IN,80
09029ef8-f728-6ecc-93e1-4350201f7eb5,2026-07-06T04:22:02.760,gateway,OK,MT103,FAST,1917.58,SGD,**************1797,MY,45
09029ef8-f728-6ecc-93e1-4350201f7eb5,2026-07-06T04:22:02.815,auth,OK,MT103,FAST,1917.58,SGD,**************1797,MY,40
09029ef8-f728-6ecc-93e1-4350201f7eb5,2026-07-06T04:22:02.893,validation,OK,MT103,FAST,1917.58,SGD,**************1797,MY,33
09029ef8-f728-6ecc-93e1-4350201f7eb5,2026-07-06T04:22:02.963,aml,OK,MT103,FAST,1917.58,SGD,**************1797,MY,254
09029ef8-f728-6ecc-93e1-4350201f7eb5,2026-07-06T04:22:03.136,payment-hub,OK,MT103,FAST,1917.58,SGD,**************1797,MY,57
09029ef8-f728-6ecc-93e1-4350201f7eb5,2026-07-06T04:22:03.198,core-banking,OK,MT103,FAST,1917.58,SGD,**************1797,MY,232
09029ef8-f728-6ecc-93e1-4350201f7eb5,2026-07-06T04:22:03.278,settlement,SETTLED,MT103,FAST,1917.58,SGD,**************1797,MY,220
3804a4b5-f853-49c0-218f-1bb4f95cd5e4,2026-07-08T19:30:16.715,gateway,OK,pacs.008,SWIFT,714.61,SGD,**************2031,GB,20
3804a4b5-f853-49c0-218f-1bb4f95cd5e4,2026-07-08T19:30:16.880,auth,OK,pacs.008,SWIFT,714.61,SGD,**************2031,GB,46
3804a4b5-f853-49c0-218f-1bb4f95cd5e4,2026-07-08T19:30:16.934,validation,OK,pacs.008,SWIFT,714.61,SGD,**************2031,GB,41
3804a4b5-f853-49c0-218f-1bb4f95cd5e4,2026-07-08T19:30:17.013,aml,TIMEOUT,pacs.008,SWIFT,714.61,SGD,**************2031,GB,30000
3804a4b5-f853-49c0-218f-1bb4f95cd5e4,2026-07-08T19:30:17.059,payment-hub,FAILED,pacs.008,SWIFT,714.61,SGD,**************2031,GB,60
cdb15862-ea5f-966d-26d2-2e7d24f5b689,2026-07-10T08:36:02.034,gateway,OK,pacs.008,SWIFT,492.3,SGD,**************2431,SG,40
cdb15862-ea5f-966d-26d2-2e7d24f5b689,2026-07-10T08:36:02.302,auth,OK,pacs.008,SWIFT,492.3,SGD,**************2431,SG,62
cdb15862-ea5f-966d-26d2-2e7d24f5b689,2026-07-10T08:36:02.380,validation,OK,pacs.008,SWIFT,492.3,SGD,**************2431,SG,26
cdb15862-ea5f-966d-26d2-2e7d24f5b689,2026-07-10T08:36:02.408,aml,OK,pacs.008,SWIFT,492.3,SGD,**************2431,SG,229
cdb15862-ea5f-966d-26d2-2e7d24f5b689,2026-07-10T08:36:02.445,payment-hub,OK,pacs.008,SWIFT,492.3,SGD,**************2431,SG,104
cdb15862-ea5f-966d-26d2-2e7d24f5b689,2026-07-10T08:36:02.525,core-banking,OK,pacs.008,SWIFT,492.3,SGD,**************2431,SG,180
cdb15862-ea5f-966d-26d2-2e7d24f5b689,2026-07-10T08:36:02.626,settlement,SETTLED,pacs.008,SWIFT,492.3,SGD,**************2431,SG,206
bb15c9dd-d727-a92a-447c-f3f0932137d0,2026-07-03T18:33:08.641,gateway,OK,0200,SWIFT,2014.79,MYR,**************0391,SG,46
bb15c9dd-d727-a92a-447c-f3f0932137d0,2026-07-03T18:33:08.708,auth,OK,0200,SWIFT,2014.79,MYR,**************0391,SG,48
bb15c9dd-d727-a92a-447c-f3f0932137d0,2026-07-03T18:33:08.790,validation,OK,0200,SWIFT,2014.79,MYR,**************0391,SG,100
bb15c9dd-d727-a92a-447c-f3f0932137d0,2026-07-03T18:33:08.878,aml,OK,0200,SWIFT,2014.79,MYR,**************0391,SG,119
bb15c9dd-d727-a92a-447c-f3f0932137d0,2026-07-03T18:33:09.026,payment-hub,OK,0200,SWIFT,2014.79,MYR,**************0391,SG,39
bb15c9dd-d727-a92a-447c-f3f0932137d0,2026-07-03T18:33:09.235,core-banking,OK,0200,SWIFT,2014.79,MYR,**************0391,SG,95
bb15c9dd-d727-a92a-447c-f3f0932137d0,2026-07-03T18:33:09.439,settlement,SETTLED,0200,SWIFT,2014.79,MYR,**************0391,SG,231
89d742bd-c841-dd80-fb01-20f69325fe20,2026-07-03T15:43:56.559,gateway,OK,MT103,SWIFT,2537.58,USD,**************5832,HK,17
89d742bd-c841-dd80-fb01-20f69325fe20,2026-07-03T15:43:56.662,auth,OK,MT103,SWIFT,2537.58,USD,**************5832,HK,52
89d742bd-c841-dd80-fb01-20f69325fe20,2026-07-03T15:43:56.702,validation,OK,MT103,SWIFT,2537.58,USD,**************5832,HK,63
89d742bd-c841-dd80-fb01-20f69325fe20,2026-07-03T15:43:56.844,aml,OK,MT103,SWIFT,2537.58,USD,**************5832,HK,117
89d742bd-c841-dd80-fb01-20f69325fe20,2026-07-03T15:43:56.893,payment-hub,OK,MT103,SWIFT,2537.58,USD,**************5832,HK,66
89d742bd-c841-dd80-fb01-20f69325fe20,2026-07-03T15:43:56.966,core-banking,OK,MT103,SWIFT,2537.58,USD,**************5832,HK,74
89d742bd-c841-dd80-fb01-20f69325fe20,2026-07-03T15:43:57.049,settlement,SETTLED,MT103,SWIFT,2537.58,USD,**************5832,HK,110
5285d5ca-5ced-aca0-b976-082edfdf3795,2026-07-13T13:01:59.051,gateway,OK,pacs.008,FAST,247.3,SGD,**************9012,GB,30
5285d5ca-5ced-aca0-b976-082edfdf3795,2026-07-13T13:01:59.302,auth,OK,pacs.008,FAST,247.3,SGD,**************9012,GB,72
5285d5ca-5ced-aca0-b976-082edfdf3795,2026-07-13T13:01:59.470,validation,OK,pacs.008,FAST,247.3,SGD,**************9012,GB,98
5285d5ca-5ced-aca0-b976-082edfdf3795,2026-07-13T13:01:59.566,aml,OK,pacs.008,FAST,247.3,SGD,**************9012,GB,121
5285d5ca-5ced-aca0-b976-082edfdf3795,2026-07-13T13:01:59.868,payment-hub,OK,pacs.008,FAST,247.3,SGD,**************9012,GB,93
5285d5ca-5ced-aca0-b976-082edfdf3795,2026-07-13T13:01:59.975,core-banking,OK,pacs.008,FAST,247.3,SGD,**************9012,GB,243
5285d5ca-5ced-aca0-b976-082edfdf3795,2026-07-13T13:02:00.030,settlement,SETTLED,pacs.008,FAST,247.3,SGD,**************9012,GB,201
7b7a2e5b-fbbd-c0ad-9c15-2ea65f0cfeaf,2026-07-04T09:10:59.309,gateway,OK,pacs.008,SWIFT,784.7,MYR,**************1060,SG,55
7b7a2e5b-fbbd-c0ad-9c15-2ea65f0cfeaf,2026-07-04T09:10:59.508,auth,OK,pacs.008,SWIFT,784.7,MYR,**************1060,SG,36
7b7a2e5b-fbbd-c0ad-9c15-2ea65f0cfeaf,2026-07-04T09:10:59.610,validation,OK,pacs.008,SWIFT,784.7,MYR,**************1060,SG,35
7b7a2e5b-fbbd-c0ad-9c15-2ea65f0cfeaf,2026-07-04T09:10:59.739,aml,TIMEOUT,pacs.008,SWIFT,784.7,MYR,**************1060,SG,30000
7b7a2e5b-fbbd-c0ad-9c15-2ea65f0cfeaf,2026-07-04T09:10:59.799,payment-hub,FAILED,pacs.008,SWIFT,784.7,MYR,**************1060,SG,49
dcf3f273-711e-6ba3-cad2-3bc712930e5e,2026-07-01T22:07:41.491,gateway,OK,MT103,FAST,667.28,USD,**************9487,SG,45
dcf3f273-711e-6ba3-cad2-3bc712930e5e,2026-07-01T22:07:41.618,auth,OK,MT103,FAST,667.28,USD,**************9487,SG,67
dcf3f273-711e-6ba3-cad2-3bc712930e5e,2026-07-01T22:07:41.735,validation,OK,MT103,FAST,667.28,USD,**************9487,SG,80
dcf3f273-711e-6ba3-cad2-3bc712930e5e,2026-07-01T22:07:41.806,aml,OK,MT103,FAST,667.28,USD,**************9487,SG,256
dcf3f273-711e-6ba3-cad2-3bc712930e5e,2026-07-01T22:07:41.910,payment-hub,OK,MT103,FAST,667.28,USD,**************9487,SG,135
dcf3f273-711e-6ba3-cad2-3bc712930e5e,2026-07-01T22:07:42.032,core-banking,OK,MT103,FAST,667.28,USD,**************9487,SG,160
dcf3f273-711e-6ba3-cad2-3bc712930e5e,2026-07-01T22:07:42.175,settlement,SETTLED,MT103,FAST,667.28,USD,**************9487,SG,338
efc1fc45-8b2b-6bc7-c91d-913709cdc509,2026-07-06T13:41:03.817,gateway,OK,MT103,SWIFT,231.82,USD,**************0128,SG,21
efc1fc45-8b2b-6bc7-c91d-913709cdc509,2026-07-06T13:41:03.860,auth,OK,MT103,SWIFT,231.82,USD,**************0128,SG,74
efc1fc45-8b2b-6bc7-c91d-913709cdc509,2026-07-06T13:41:03.993,validation,REJECTED,MT103,SWIFT,231.82,USD,**************0128,SG,69
bb929430-ce5a-9c7b-b37e-ce723ae568e0,2026-07-09T21:11:12.220,gateway,OK,pacs.008,CARDS,125.8,EUR,**************8635,MY,44
bb929430-ce5a-9c7b-b37e-ce723ae568e0,2026-07-09T21:11:12.382,auth,OK,pacs.008,CARDS,125.8,EUR,**************8635,MY,51
bb929430-ce5a-9c7b-b37e-ce723ae568e0,2026-07-09T21:11:12.626,validation,OK,pacs.008,CARDS,125.8,EUR,**************8635,MY,86
bb929430-ce5a-9c7b-b37e-ce723ae568e0,2026-07-09T21:11:12.718,aml,TIMEOUT,pacs.008,CARDS,125.8,EUR,**************8635,MY,30000
bb929430-ce5a-9c7b-b37e-ce723ae568e0,2026-07-09T21:11:12.846,payment-hub,FAILED,pacs.008,CARDS,125.8,EUR,**************8635,MY,72
2b802240-a239-d912-08a6-baaae671ca3f,2026-07-08T12:14:46.387,gateway,OK,pacs.008,FAST,890.05,SGD,**************2684,IN,35
2b802240-a239-d912-08a6-baaae671ca3f,2026-07-08T12:14:46.499,auth,OK,pacs.008,FAST,890.05,SGD,**************2684,IN,28
2b802240-a239-d912-08a6-baaae671ca3f,2026-07-08T12:14:46.592,validation,OK,pacs.008,FAST,890.05,SGD,**************2684,IN,79
2b802240-a239-d912-08a6-baaae671ca3f,2026-07-08T12:14:46.631,aml,OK,pacs.008,FAST,890.05,SGD,**************2684,IN,295
2b802240-a239-d912-08a6-baaae671ca3f,2026-07-08T12:14:46.765,payment-hub,OK,pacs.008,FAST,890.05,SGD,**************2684,IN,68
2b802240-a239-d912-08a6-baaae671ca3f,2026-07-08T12:14:46.949,core-banking,OK,pacs.008,FAST,890.05,SGD,**************2684,IN,84
2b802240-a239-d912-08a6-baaae671ca3f,2026-07-08T12:14:47.133,settlement,SETTLED,pacs.008,FAST,890.05,SGD,**************2684,IN,135
eb2a8aff-8c3a-7590-7dae-6b3b930a604f,2026-07-05T03:57:44.258,gateway,OK,pacs.008,FAST,38.24,EUR,**************4747,IN,26
eb2a8aff-8c3a-7590-7dae-6b3b930a604f,2026-07-05T03:57:44.472,auth,OK,pacs.008,FAST,38.24,EUR,**************4747,IN,29
eb2a8aff-8c3a-7590-7dae-6b3b930a604f,2026-07-05T03:57:44.597,validation,OK,pacs.008,FAST,38.24,EUR,**************4747,IN,30
eb2a8aff-8c3a-7590-7dae-6b3b930a604f,2026-07-05T03:57:44.699,aml,TIMEOUT,pacs.008,FAST,38.24,EUR,**************4747,IN,30000
eb2a8aff-8c3a-7590-7dae-6b3b930a604f,2026-07-05T03:57:44.866,payment-hub,FAILED,pacs.008,FAST,38.24,EUR,**************4747,IN,144
269e055f-6c04-ad8b-2d1b-06f714a4fd77,2026-07-03T01:55:07.016,gateway,OK,pacs.008,FAST,979.02,SGD,**************3818,IN,56
269e055f-6c04-ad8b-2d1b-06f714a4fd77,2026-07-03T01:55:07.123,auth,OK,pacs.008,FAST,979.02,SGD,**************3818,IN,71
269e055f-6c04-ad8b-2d1b-06f714a4fd77,2026-07-03T01:55:07.204,validation,OK,pacs.008,FAST,979.02,SGD,**************3818,IN,72
269e055f-6c04-ad8b-2d1b-06f714a4fd77,2026-07-03T01:55:07.258,aml,OK,pacs.008,FAST,979.02,SGD,**************3818,IN,112
269e055f-6c04-ad8b-2d1b-06f714a4fd77,2026-07-03T01:55:07.387,payment-hub,OK,pacs.008,FAST,979.02,SGD,**************3818,IN,33
269e055f-6c04-ad8b-2d1b-06f714a4fd77,2026-07-03T01:55:07.446,core-banking,OK,pacs.008,FAST,979.02,SGD,**************3818,IN,228
269e055f-6c04-ad8b-2d1b-06f714a4fd77,2026-07-03T01:55:07.509,settlement,SETTLED,pacs.008,FAST,979.02,SGD,**************3818,IN,298
877e97f7-eb40-b136-9fdd-addf11d09cd5,2026-07-15T01:59:14.895,gateway,OK,MT103,FAST,2581.04,EUR,**************3796,SG,27
877e97f7-eb40-b136-9fdd-addf11d09cd5,2026-07-15T01:59:14.992,auth,OK,MT103,FAST,2581.04,EUR,**************3796,SG,41
877e97f7-eb40-b136-9fdd-addf11d09cd5,2026-07-15T01:59:15.056,validation,OK,MT103,FAST,2581.04,EUR,**************3796,SG,92
877e97f7-eb40-b136-9fdd-addf11d09cd5,2026-07-15T01:59:15.157,aml,OK,MT103,FAST,2581.04,EUR,**************3796,SG,293
877e97f7-eb40-b136-9fdd-addf11d09cd5,2026-07-15T01:59:15.252,payment-hub,OK,MT103,FAST,2581.04,EUR,**************3796,SG,71
877e97f7-eb40-b136-9fdd-addf11d09cd5,2026-07-15T01:59:15.325,core-banking,OK,MT103,FAST,2581.04,EUR,**************3796,SG,80
877e97f7-eb40-b136-9fdd-addf11d09cd5,2026-07-15T01:59:15.373,settlement,SETTLED,MT103,FAST,2581.04,EUR,**************3796,SG,171
8db0cce3-ba09-b4e5-a08f-24bb99dae2ed,2026-07-09T20:15:13.097,gateway,OK,pacs.008,FAST,1544.65,SGD,**************5148,IN,17
8db0cce3-ba09-b4e5-a08f-24bb99dae2ed,2026-07-09T20:15:13.157,auth,OK,pacs.008,FAST,1544.65,SGD,**************5148,IN,68
8db0cce3-ba09-b4e5-a08f-24bb99dae2ed,2026-07-09T20:15:13.238,validation,OK,pacs.008,FAST,1544.65,SGD,**************5148,IN,78
8db0cce3-ba09-b4e5-a08f-24bb99dae2ed,2026-07-09T20:15:13.303,aml,OK,pacs.008,FAST,1544.65,SGD,**************5148,IN,210
8db0cce3-ba09-b4e5-a08f-24bb99dae2ed,2026-07-09T20:15:13.422,payment-hub,OK,pacs.008,FAST,1544.65,SGD,**************5148,IN,144
8db0cce3-ba09-b4e5-a08f-24bb99dae2ed,2026-07-09T20:15:13.581,core-banking,OK,pacs.008,FAST,1544.65,SGD,**************5148,IN,228
8db0cce3-ba09-b4e5-a08f-24bb99dae2ed,2026-07-09T20:15:13.684,settlement,SETTLED,pacs.008,FAST,1544.65,SGD,**************5148,IN,167
3fef48bb-d5ab-8893-bc9a-4fc17ce12472,2026-07-11T12:06:27.591,gateway,OK,pacs.008,FAST,203.05,MYR,**************5389,SG,56
3fef48bb-d5ab-8893-bc9a-4fc17ce12472,2026-07-11T12:06:27.684,auth,OK,pacs.008,FAST,203.05,MYR,**************5389,SG,36
3fef48bb-d5ab-8893-bc9a-4fc17ce12472,2026-07-11T12:06:27.876,validation,OK,pacs.008,FAST,203.05,MYR,**************5389,SG,53
3fef48bb-d5ab-8893-bc9a-4fc17ce12472,2026-07-11T12:06:27.947,aml,OK,pacs.008,FAST,203.05,MYR,**************5389,SG,100
3fef48bb-d5ab-8893-bc9a-4fc17ce12472,2026-07-11T12:06:28.082,payment-hub,OK,pacs.008,FAST,203.05,MYR,**************5389,SG,82
3fef48bb-d5ab-8893-bc9a-4fc17ce12472,2026-07-11T12:06:28.137,core-banking,OK,pacs.008,FAST,203.05,MYR,**************5389,SG,86
3fef48bb-d5ab-8893-bc9a-4fc17ce12472,2026-07-11T12:06:28.232,settlement,SETTLED,pacs.008,FAST,203.05,MYR,**************5389,SG,285
ed0a9954-87e4-dad3-bf33-2d898d52d3cc,2026-07-09T00:56:51.950,gateway,OK,MT103,SWIFT,181.96,SGD,**************4329,IN,52
ed0a9954-87e4-dad3-bf33-2d898d52d3cc,2026-07-09T00:56:52.175,auth,OK,MT103,SWIFT,181.96,SGD,**************4329,IN,45
ed0a9954-87e4-dad3-bf33-2d898d52d3cc,2026-07-09T00:56:52.239,validation,OK,MT103,SWIFT,181.96,SGD,**************4329,IN,60
ed0a9954-87e4-dad3-bf33-2d898d52d3cc,2026-07-09T00:56:52.381,aml,OK,MT103,SWIFT,181.96,SGD,**************4329,IN,70
ed0a9954-87e4-dad3-bf33-2d898d52d3cc,2026-07-09T00:56:52.495,payment-hub,OK,MT103,SWIFT,181.96,SGD,**************4329,IN,39
ed0a9954-87e4-dad3-bf33-2d898d52d3cc,2026-07-09T00:56:52.674,core-banking,OK,MT103,SWIFT,181.96,SGD,**************4329,IN,92
ed0a9954-87e4-dad3-bf33-2d898d52d3cc,2026-07-09T00:56:52.745,settlement,SETTLED,MT103,SWIFT,181.96,SGD,**************4329,IN,147
d18c405e-6a63-f855-d6f2-30141a528810,2026-07-12T03:20:32.069,gateway,OK,pacs.008,FAST,3011.76,SGD,**************0743,SG,41
d18c405e-6a63-f855-d6f2-30141a528810,2026-07-12T03:20:32.184,auth,OK,pacs.008,FAST,3011.76,SGD,**************0743,SG,89
d18c405e-6a63-f855-d6f2-30141a528810,2026-07-12T03:20:32.325,validation,OK,pacs.008,FAST,3011.76,SGD,**************0743,SG,35
d18c405e-6a63-f855-d6f2-30141a528810,2026-07-12T03:20:32.421,aml,TIMEOUT,pacs.008,FAST,3011.76,SGD,**************0743,SG,30000
d18c405e-6a63-f855-d6f2-30141a528810,2026-07-12T03:21:02.431,payment-hub,FAILED,pacs.008,FAST,3011.76,SGD,**************0743,SG,130
920801a0-e18e-b8f8-e943-6070c424de24,2026-07-08T18:34:38.284,gateway,OK,pacs.008,FAST,119.13,SGD,**************0017,SG,33
920801a0-e18e-b8f8-e943-6070c424de24,2026-07-08T18:34:38.347,auth,OK,pacs.008,FAST,119.13,SGD,**************0017,SG,63
920801a0-e18e-b8f8-e943-6070c424de24,2026-07-08T18:34:38.433,validation,OK,pacs.008,FAST,119.13,SGD,**************0017,SG,111
920801a0-e18e-b8f8-e943-6070c424de24,2026-07-08T18:34:38.518,aml,OK,pacs.008,FAST,119.13,SGD,**************0017,SG,253
920801a0-e18e-b8f8-e943-6070c424de24,2026-07-08T18:34:38.809,payment-hub,OK,pacs.008,FAST,119.13,SGD,**************0017,SG,133
920801a0-e18e-b8f8-e943-6070c424de24,2026-07-08T18:34:38.909,core-banking,OK,pacs.008,FAST,119.13,SGD,**************0017,SG,178
920801a0-e18e-b8f8-e943-6070c424de24,2026-07-08T18:34:39.026,settlement,SETTLED,pacs.008,FAST,119.13,SGD,**************0017,SG,256
383b250c-0c88-e7a2-f393-77db939a7068,2026-07-15T06:41:11.370,gateway,OK,pacs.008,FAST,710.05,USD,**************5328,IN,21
383b250c-0c88-e7a2-f393-77db939a7068,2026-07-15T06:41:11.535,auth,OK,pacs.008,FAST,710.05,USD,**************5328,IN,59
383b250c-0c88-e7a2-f393-77db939a7068,2026-07-15T06:41:11.685,validation,OK,pacs.008,FAST,710.05,USD,**************5328,IN,43
383b250c-0c88-e7a2-f393-77db939a7068,2026-07-15T06:41:11.822,aml,OK,pacs.008,FAST,710.05,USD,**************5328,IN,115
383b250c-0c88-e7a2-f393-77db939a7068,2026-07-15T06:41:11.977,payment-hub,OK,pacs.008,FAST,710.05,USD,**************5328,IN,79
383b250c-0c88-e7a2-f393-77db939a7068,2026-07-15T06:41:12.061,core-banking,OK,pacs.008,FAST,710.05,USD,**************5328,IN,191
383b250c-0c88-e7a2-f393-77db939a7068,2026-07-15T06:41:12.142,settlement,SETTLED,pacs.008,FAST,710.05,USD,**************5328,IN,193
0649360c-11ac-f11c-c727-6523f54561f0,2026-07-13T16:58:57.666,gateway,OK,pacs.008,SWIFT,213.42,GBP,**************3749,SG,17
0649360c-11ac-f11c-c727-6523f54561f0,2026-07-13T16:58:57.730,auth,OK,pacs.008,SWIFT,213.42,GBP,**************3749,SG,75
0649360c-11ac-f11c-c727-6523f54561f0,2026-07-13T16:58:57.805,validation,OK,pacs.008,SWIFT,213.42,GBP,**************3749,SG,95
0649360c-11ac-f11c-c727-6523f54561f0,2026-07-13T16:58:57.898,aml,OK,pacs.008,SWIFT,213.42,GBP,**************3749,SG,202
0649360c-11ac-f11c-c727-6523f54561f0,2026-07-13T16:58:57.965,payment-hub,OK,pacs.008,SWIFT,213.42,GBP,**************3749,SG,122
0649360c-11ac-f11c-c727-6523f54561f0,2026-07-13T16:58:58.133,core-banking,OK,pacs.008,SWIFT,213.42,GBP,**************3749,SG,51
0649360c-11ac-f11c-c727-6523f54561f0,2026-07-13T16:58:58.253,settlement,SETTLED,pacs.008,SWIFT,213.42,GBP,**************3749,SG,287
bd985872-3e74-32b5-9979-dc4dcd49a8fa,2026-07-09T00:41:27.295,gateway,OK,MT103,FAST,597.0,SGD,**************2317,SG,32
bd985872-3e74-32b5-9979-dc4dcd49a8fa,2026-07-09T00:41:27.448,auth,OK,MT103,FAST,597.0,SGD,**************2317,SG,49
bd985872-3e74-32b5-9979-dc4dcd49a8fa,2026-07-09T00:41:27.509,validation,OK,MT103,FAST,597.0,SGD,**************2317,SG,57
bd985872-3e74-32b5-9979-dc4dcd49a8fa,2026-07-09T00:41:27.615,aml,OK,MT103,FAST,597.0,SGD,**************2317,SG,253
bd985872-3e74-32b5-9979-dc4dcd49a8fa,2026-07-09T00:41:27.725,payment-hub,OK,MT103,FAST,597.0,SGD,**************2317,SG,89
bd985872-3e74-32b5-9979-dc4dcd49a8fa,2026-07-09T00:41:27.925,core-banking,OK,MT103,FAST,597.0,SGD,**************2317,SG,230
bd985872-3e74-32b5-9979-dc4dcd49a8fa,2026-07-09T00:41:28.136,settlement,SETTLED,MT103,FAST,597.0,SGD,**************2317,SG,129
f719ab7a-8bfa-74b4-4bbc-be4bde47cec9,2026-07-08T19:45:21.878,gateway,OK,pacs.008,SWIFT,666.37,USD,**************3682,SG,40
f719ab7a-8bfa-74b4-4bbc-be4bde47cec9,2026-07-08T19:45:21.920,auth,OK,pacs.008,SWIFT,666.37,USD,**************3682,SG,70
f719ab7a-8bfa-74b4-4bbc-be4bde47cec9,2026-07-08T19:45:22.002,validation,OK,pacs.008,SWIFT,666.37,USD,**************3682,SG,71
f719ab7a-8bfa-74b4-4bbc-be4bde47cec9,2026-07-08T19:45:22.065,aml,OK,pacs.008,SWIFT,666.37,USD,**************3682,SG,267
f719ab7a-8bfa-74b4-4bbc-be4bde47cec9,2026-07-08T19:45:22.174,payment-hub,OK,pacs.008,SWIFT,666.37,USD,**************3682,SG,42
f719ab7a-8bfa-74b4-4bbc-be4bde47cec9,2026-07-08T19:45:22.211,core-banking,OK,pacs.008,SWIFT,666.37,USD,**************3682,SG,217
f719ab7a-8bfa-74b4-4bbc-be4bde47cec9,2026-07-08T19:45:22.318,settlement,SETTLED,pacs.008,SWIFT,666.37,USD,**************3682,SG,394
0f13b84c-ecb7-8a1d-aa14-c2afb96c6cf3,2026-07-14T21:46:03.593,gateway,OK,pacs.008,FAST,169.61,GBP,**************6090,MY,26
0f13b84c-ecb7-8a1d-aa14-c2afb96c6cf3,2026-07-14T21:46:03.698,auth,OK,pacs.008,FAST,169.61,GBP,**************6090,MY,27
0f13b84c-ecb7-8a1d-aa14-c2afb96c6cf3,2026-07-14T21:46:03.884,validation,OK,pacs.008,FAST,169.61,GBP,**************6090,MY,87
0f13b84c-ecb7-8a1d-aa14-c2afb96c6cf3,2026-07-14T21:46:03.949,aml,OK,pacs.008,FAST,169.61,GBP,**************6090,MY,195
0f13b84c-ecb7-8a1d-aa14-c2afb96c6cf3,2026-07-14T21:46:04.033,payment-hub,OK,pacs.008,FAST,169.61,GBP,**************6090,MY,119
0f13b84c-ecb7-8a1d-aa14-c2afb96c6cf3,2026-07-14T21:46:04.144,core-banking,OK,pacs.008,FAST,169.61,GBP,**************6090,MY,245
0f13b84c-ecb7-8a1d-aa14-c2afb96c6cf3,2026-07-14T21:46:04.241,settlement,SETTLED,pacs.008,FAST,169.61,GBP,**************6090,MY,344
88f20103-dd7a-8b04-4cf9-97cd7e691aa6,2026-07-09T18:56:17.221,gateway,OK,pacs.008,SWIFT,913.46,SGD,**************6229,SG,35
88f20103-dd7a-8b04-4cf9-97cd7e691aa6,2026-07-09T18:56:17.374,auth,OK,pacs.008,SWIFT,913.46,SGD,**************6229,SG,33
88f20103-dd7a-8b04-4cf9-97cd7e691aa6,2026-07-09T18:56:17.418,validation,OK,pacs.008,SWIFT,913.46,SGD,**************6229,SG,36
88f20103-dd7a-8b04-4cf9-97cd7e691aa6,2026-07-09T18:56:17.462,aml,OK,pacs.008,SWIFT,913.46,SGD,**************6229,SG,134
88f20103-dd7a-8b04-4cf9-97cd7e691aa6,2026-07-09T18:56:17.539,payment-hub,OK,pacs.008,SWIFT,913.46,SGD,**************6229,SG,56
88f20103-dd7a-8b04-4cf9-97cd7e691aa6,2026-07-09T18:56:17.674,core-banking,OK,pacs.008,SWIFT,913.46,SGD,**************6229,SG,249
88f20103-dd7a-8b04-4cf9-97cd7e691aa6,2026-07-09T18:56:17.743,settlement,SETTLED,pacs.008,SWIFT,913.46,SGD,**************6229,SG,252
8fa38c5d-9de1-654b-559b-723776a4dcd5,2026-07-05T02:44:03.154,gateway,OK,MT103,SWIFT,443.52,SGD,**************9178,MY,58
8fa38c5d-9de1-654b-559b-723776a4dcd5,2026-07-05T02:44:03.231,auth,OK,MT103,SWIFT,443.52,SGD,**************9178,MY,72
8fa38c5d-9de1-654b-559b-723776a4dcd5,2026-07-05T02:44:03.279,validation,OK,MT103,SWIFT,443.52,SGD,**************9178,MY,100
8fa38c5d-9de1-654b-559b-723776a4dcd5,2026-07-05T02:44:03.476,aml,OK,MT103,SWIFT,443.52,SGD,**************9178,MY,234
8fa38c5d-9de1-654b-559b-723776a4dcd5,2026-07-05T02:44:03.538,payment-hub,OK,MT103,SWIFT,443.52,SGD,**************9178,MY,31
8fa38c5d-9de1-654b-559b-723776a4dcd5,2026-07-05T02:44:03.606,core-banking,OK,MT103,SWIFT,443.52,SGD,**************9178,MY,196
8fa38c5d-9de1-654b-559b-723776a4dcd5,2026-07-05T02:44:03.642,settlement,SETTLED,MT103,SWIFT,443.52,SGD,**************9178,MY,344
10b6b3f4-05f5-5cfe-eb67-ec003b1143b5,2026-07-07T04:53:48.216,gateway,OK,MT103,FAST,5895.31,MYR,**************7677,SG,43
10b6b3f4-05f5-5cfe-eb67-ec003b1143b5,2026-07-07T04:53:48.313,auth,OK,MT103,FAST,5895.31,MYR,**************7677,SG,65
10b6b3f4-05f5-5cfe-eb67-ec003b1143b5,2026-07-07T04:53:48.376,validation,OK,MT103,FAST,5895.31,MYR,**************7677,SG,87
10b6b3f4-05f5-5cfe-eb67-ec003b1143b5,2026-07-07T04:53:48.639,aml,OK,MT103,FAST,5895.31,MYR,**************7677,SG,131
10b6b3f4-05f5-5cfe-eb67-ec003b1143b5,2026-07-07T04:53:48.857,payment-hub,OK,MT103,FAST,5895.31,MYR,**************7677,SG,54
10b6b3f4-05f5-5cfe-eb67-ec003b1143b5,2026-07-07T04:53:48.885,core-banking,OK,MT103,FAST,5895.31,MYR,**************7677,SG,144
10b6b3f4-05f5-5cfe-eb67-ec003b1143b5,2026-07-07T04:53:49.133,settlement,SETTLED,MT103,FAST,5895.31,MYR,**************7677,SG,137
65412b68-132e-6511-5e49-bc725b935341,2026-07-09T11:41:17.373,gateway,OK,pacs.008,CARDS,390.98,INR,**************8293,IN,33
65412b68-132e-6511-5e49-bc725b935341,2026-07-09T11:41:17.440,auth,OK,pacs.008,CARDS,390.98,INR,**************8293,IN,74
65412b68-132e-6511-5e49-bc725b935341,2026-07-09T11:41:17.522,validation,OK,pacs.008,CARDS,390.98,INR,**************8293,IN,62
65412b68-132e-6511-5e49-bc725b935341,2026-07-09T11:41:17.620,aml,OK,pacs.008,CARDS,390.98,INR,**************8293,IN,110
65412b68-132e-6511-5e49-bc725b935341,2026-07-09T11:41:17.907,payment-hub,OK,pacs.008,CARDS,390.98,INR,**************8293,IN,40
65412b68-132e-6511-5e49-bc725b935341,2026-07-09T11:41:17.992,core-banking,OK,pacs.008,CARDS,390.98,INR,**************8293,IN,66
65412b68-132e-6511-5e49-bc725b935341,2026-07-09T11:41:18.053,settlement,SETTLED,pacs.008,CARDS,390.98,INR,**************8293,IN,343
fd28346c-5a05-cf3f-93cf-99bc704c3902,2026-07-13T01:34:28.430,gateway,OK,0200,SWIFT,1804.88,INR,**************0559,IN,19
fd28346c-5a05-cf3f-93cf-99bc704c3902,2026-07-13T01:34:28.531,auth,OK,0200,SWIFT,1804.88,INR,**************0559,IN,69
fd28346c-5a05-cf3f-93cf-99bc704c3902,2026-07-13T01:34:28.604,validation,OK,0200,SWIFT,1804.88,INR,**************0559,IN,79
fd28346c-5a05-cf3f-93cf-99bc704c3902,2026-07-13T01:34:28.754,aml,OK,0200,SWIFT,1804.88,INR,**************0559,IN,47
fd28346c-5a05-cf3f-93cf-99bc704c3902,2026-07-13T01:34:28.859,payment-hub,OK,0200,SWIFT,1804.88,INR,**************0559,IN,119
fd28346c-5a05-cf3f-93cf-99bc704c3902,2026-07-13T01:34:28.935,core-banking,OK,0200,SWIFT,1804.88,INR,**************0559,IN,146
fd28346c-5a05-cf3f-93cf-99bc704c3902,2026-07-13T01:34:29.001,settlement,SETTLED,0200,SWIFT,1804.88,INR,**************0559,IN,131
d320a007-c3de-3f43-e75e-13f3452f9c27,2026-07-12T01:59:10.810,gateway,OK,MT103,FAST,1385.47,SGD,**************8369,US,49
d320a007-c3de-3f43-e75e-13f3452f9c27,2026-07-12T01:59:10.874,auth,OK,MT103,FAST,1385.47,SGD,**************8369,US,53
d320a007-c3de-3f43-e75e-13f3452f9c27,2026-07-12T01:59:10.905,validation,OK,MT103,FAST,1385.47,SGD,**************8369,US,42
d320a007-c3de-3f43-e75e-13f3452f9c27,2026-07-12T01:59:11.136,aml,OK,MT103,FAST,1385.47,SGD,**************8369,US,299
d320a007-c3de-3f43-e75e-13f3452f9c27,2026-07-12T01:59:11.301,payment-hub,OK,MT103,FAST,1385.47,SGD,**************8369,US,95
d320a007-c3de-3f43-e75e-13f3452f9c27,2026-07-12T01:59:11.415,core-banking,OK,MT103,FAST,1385.47,SGD,**************8369,US,143
d320a007-c3de-3f43-e75e-13f3452f9c27,2026-07-12T01:59:11.594,settlement,SETTLED,MT103,FAST,1385.47,SGD,**************8369,US,398
6c12dabf-d714-d273-512d-d2ee143313a9,2026-07-04T21:32:43.175,gateway,OK,pacs.008,SWIFT,1821.18,MYR,**************1646,SG,39
6c12dabf-d714-d273-512d-d2ee143313a9,2026-07-04T21:32:43.319,auth,OK,pacs.008,SWIFT,1821.18,MYR,**************1646,SG,75
6c12dabf-d714-d273-512d-d2ee143313a9,2026-07-04T21:32:43.391,validation,OK,pacs.008,SWIFT,1821.18,MYR,**************1646,SG,42
6c12dabf-d714-d273-512d-d2ee143313a9,2026-07-04T21:32:43.533,aml,OK,pacs.008,SWIFT,1821.18,MYR,**************1646,SG,91
6c12dabf-d714-d273-512d-d2ee143313a9,2026-07-04T21:32:43.585,payment-hub,OK,pacs.008,SWIFT,1821.18,MYR,**************1646,SG,102
6c12dabf-d714-d273-512d-d2ee143313a9,2026-07-04T21:32:43.701,core-banking,OK,pacs.008,SWIFT,1821.18,MYR,**************1646,SG,147
6c12dabf-d714-d273-512d-d2ee143313a9,2026-07-04T21:32:43.788,settlement,SETTLED,pacs.008,SWIFT,1821.18,MYR,**************1646,SG,211
abdeae17-d90c-0f95-7c19-e4243462196e,2026-07-05T17:16:05.898,gateway,OK,pacs.008,FAST,1496.68,USD,**************3982,SG,51
abdeae17-d90c-0f95-7c19-e4243462196e,2026-07-05T17:16:05.973,auth,OK,pacs.008,FAST,1496.68,USD,**************3982,SG,26
abdeae17-d90c-0f95-7c19-e4243462196e,2026-07-05T17:16:06.050,validation,OK,pacs.008,FAST,1496.68,USD,**************3982,SG,55
abdeae17-d90c-0f95-7c19-e4243462196e,2026-07-05T17:16:06.241,aml,TIMEOUT,pacs.008,FAST,1496.68,USD,**************3982,SG,30000
abdeae17-d90c-0f95-7c19-e4243462196e,2026-07-05T17:16:06.330,payment-hub,FAILED,pacs.008,FAST,1496.68,USD,**************3982,SG,98
591caf0d-6f59-56fc-71e6-fab0008cd978,2026-07-08T09:31:41.264,gateway,OK,MT103,FAST,1712.39,SGD,**************8201,SG,46
591caf0d-6f59-56fc-71e6-fab0008cd978,2026-07-08T09:31:41.355,auth,OK,MT103,FAST,1712.39,SGD,**************8201,SG,90
591caf0d-6f59-56fc-71e6-fab0008cd978,2026-07-08T09:31:41.595,validation,OK,MT103,FAST,1712.39,SGD,**************8201,SG,40
591caf0d-6f59-56fc-71e6-fab0008cd978,2026-07-08T09:31:41.666,aml,OK,MT103,FAST,1712.39,SGD,**************8201,SG,126
591caf0d-6f59-56fc-71e6-fab0008cd978,2026-07-08T09:31:41.861,payment-hub,OK,MT103,FAST,1712.39,SGD,**************8201,SG,68
591caf0d-6f59-56fc-71e6-fab0008cd978,2026-07-08T09:31:41.936,core-banking,OK,MT103,FAST,1712.39,SGD,**************8201,SG,58
591caf0d-6f59-56fc-71e6-fab0008cd978,2026-07-08T09:31:42.035,settlement,SETTLED,MT103,FAST,1712.39,SGD,**************8201,SG,120
7fb1b7f3-bb84-f662-1e9c-2a3a43d5fe41,2026-07-11T15:24:03.836,gateway,OK,pacs.008,FAST,1786.82,USD,**************7997,MY,55
7fb1b7f3-bb84-f662-1e9c-2a3a43d5fe41,2026-07-11T15:24:03.922,auth,OK,pacs.008,FAST,1786.82,USD,**************7997,MY,63
7fb1b7f3-bb84-f662-1e9c-2a3a43d5fe41,2026-07-11T15:24:04.197,validation,OK,pacs.008,FAST,1786.82,USD,**************7997,MY,25
7fb1b7f3-bb84-f662-1e9c-2a3a43d5fe41,2026-07-11T15:24:04.345,aml,OK,pacs.008,FAST,1786.82,USD,**************7997,MY,78
7fb1b7f3-bb84-f662-1e9c-2a3a43d5fe41,2026-07-11T15:24:04.382,payment-hub,OK,pacs.008,FAST,1786.82,USD,**************7997,MY,55
7fb1b7f3-bb84-f662-1e9c-2a3a43d5fe41,2026-07-11T15:24:04.454,core-banking,OK,pacs.008,FAST,1786.82,USD,**************7997,MY,209
7fb1b7f3-bb84-f662-1e9c-2a3a43d5fe41,2026-07-11T15:24:04.562,settlement,SETTLED,pacs.008,FAST,1786.82,USD,**************7997,MY,111
d5ee1a67-0242-d686-f039-ab16fd87545f,2026-07-04T14:52:09.800,gateway,OK,0200,FAST,548.67,INR,**************8076,SG,42
d5ee1a67-0242-d686-f039-ab16fd87545f,2026-07-04T14:52:09.903,auth,OK,0200,FAST,548.67,INR,**************8076,SG,46
d5ee1a67-0242-d686-f039-ab16fd87545f,2026-07-04T14:52:09.951,validation,OK,0200,FAST,548.67,INR,**************8076,SG,98
d5ee1a67-0242-d686-f039-ab16fd87545f,2026-07-04T14:52:10.009,aml,OK,0200,FAST,548.67,INR,**************8076,SG,240
d5ee1a67-0242-d686-f039-ab16fd87545f,2026-07-04T14:52:10.053,payment-hub,OK,0200,FAST,548.67,INR,**************8076,SG,53
d5ee1a67-0242-d686-f039-ab16fd87545f,2026-07-04T14:52:10.090,core-banking,OK,0200,FAST,548.67,INR,**************8076,SG,101
d5ee1a67-0242-d686-f039-ab16fd87545f,2026-07-04T14:52:10.170,settlement,SETTLED,0200,FAST,548.67,INR,**************8076,SG,77
8c848cc7-99dd-35cb-85ba-072286d2981b,2026-07-05T05:37:19.035,gateway,OK,0200,SWIFT,168.52,SGD,**************7931,IN,39
8c848cc7-99dd-35cb-85ba-072286d2981b,2026-07-05T05:37:19.154,auth,OK,0200,SWIFT,168.52,SGD,**************7931,IN,22
8c848cc7-99dd-35cb-85ba-072286d2981b,2026-07-05T05:37:19.310,validation,OK,0200,SWIFT,168.52,SGD,**************7931,IN,30
8c848cc7-99dd-35cb-85ba-072286d2981b,2026-07-05T05:37:19.496,aml,OK,0200,SWIFT,168.52,SGD,**************7931,IN,140
8c848cc7-99dd-35cb-85ba-072286d2981b,2026-07-05T05:37:19.533,payment-hub,OK,0200,SWIFT,168.52,SGD,**************7931,IN,72
8c848cc7-99dd-35cb-85ba-072286d2981b,2026-07-05T05:37:19.690,core-banking,OK,0200,SWIFT,168.52,SGD,**************7931,IN,57
8c848cc7-99dd-35cb-85ba-072286d2981b,2026-07-05T05:37:19.916,settlement,SETTLED,0200,SWIFT,168.52,SGD,**************7931,IN,364
516a6af9-d9f5-1af3-9b19-ee5af7b26ef4,2026-07-04T20:59:21.109,gateway,OK,MT103,SWIFT,558.87,SGD,**************0931,SG,34
516a6af9-d9f5-1af3-9b19-ee5af7b26ef4,2026-07-04T20:59:21.215,auth,OK,MT103,SWIFT,558.87,SGD,**************0931,SG,74
516a6af9-d9f5-1af3-9b19-ee5af7b26ef4,2026-07-04T20:59:21.325,validation,OK,MT103,SWIFT,558.87,SGD,**************0931,SG,111
516a6af9-d9f5-1af3-9b19-ee5af7b26ef4,2026-07-04T20:59:21.391,aml,OK,MT103,SWIFT,558.87,SGD,**************0931,SG,131
516a6af9-d9f5-1af3-9b19-ee5af7b26ef4,2026-07-04T20:59:21.506,payment-hub,OK,MT103,SWIFT,558.87,SGD,**************0931,SG,109
516a6af9-d9f5-1af3-9b19-ee5af7b26ef4,2026-07-04T20:59:21.584,core-banking,OK,MT103,SWIFT,558.87,SGD,**************0931,SG,249
516a6af9-d9f5-1af3-9b19-ee5af7b26ef4,2026-07-04T20:59:21.633,settlement,SETTLED,MT103,SWIFT,558.87,SGD,**************0931,SG,235
901302d2-8c43-7cad-e3ea-6b702514dcbe,2026-07-04T10:55:07.884,gateway,OK,pacs.008,FAST,4855.55,USD,**************3915,SG,56
901302d2-8c43-7cad-e3ea-6b702514dcbe,2026-07-04T10:55:07.949,auth,OK,pacs.008,FAST,4855.55,USD,**************3915,SG,33
901302d2-8c43-7cad-e3ea-6b702514dcbe,2026-07-04T10:55:08.177,validation,OK,pacs.008,FAST,4855.55,USD,**************3915,SG,33
901302d2-8c43-7cad-e3ea-6b702514dcbe,2026-07-04T10:55:08.275,aml,OK,pacs.008,FAST,4855.55,USD,**************3915,SG,121
901302d2-8c43-7cad-e3ea-6b702514dcbe,2026-07-04T10:55:08.331,payment-hub,OK,pacs.008,FAST,4855.55,USD,**************3915,SG,145
901302d2-8c43-7cad-e3ea-6b702514dcbe,2026-07-04T10:55:08.460,core-banking,OK,pacs.008,FAST,4855.55,USD,**************3915,SG,103
901302d2-8c43-7cad-e3ea-6b702514dcbe,2026-07-04T10:55:08.602,settlement,SETTLED,pacs.008,FAST,4855.55,USD,**************3915,SG,276
e5ee9e3a-11fb-a1cb-050b-14c5ab55ccd2,2026-07-02T23:30:48.734,gateway,OK,0200,FAST,900.75,USD,**************4468,SG,30
e5ee9e3a-11fb-a1cb-050b-14c5ab55ccd2,2026-07-02T23:30:48.770,auth,OK,0200,FAST,900.75,USD,**************4468,SG,43
e5ee9e3a-11fb-a1cb-050b-14c5ab55ccd2,2026-07-02T23:30:48.941,validation,OK,0200,FAST,900.75,USD,**************4468,SG,103
e5ee9e3a-11fb-a1cb-050b-14c5ab55ccd2,2026-07-02T23:30:49.222,aml,OK,0200,FAST,900.75,USD,**************4468,SG,86
e5ee9e3a-11fb-a1cb-050b-14c5ab55ccd2,2026-07-02T23:30:49.270,payment-hub,OK,0200,FAST,900.75,USD,**************4468,SG,72
e5ee9e3a-11fb-a1cb-050b-14c5ab55ccd2,2026-07-02T23:30:49.476,core-banking,OK,0200,FAST,900.75,USD,**************4468,SG,59
e5ee9e3a-11fb-a1cb-050b-14c5ab55ccd2,2026-07-02T23:30:49.638,settlement,SETTLED,0200,FAST,900.75,USD,**************4468,SG,156
97b99715-766b-f519-eea7-ecf25a7480a6,2026-07-05T22:11:35.173,gateway,OK,pacs.008,FAST,1336.27,USD,**************8470,SG,28
97b99715-766b-f519-eea7-ecf25a7480a6,2026-07-05T22:11:35.241,auth,OK,pacs.008,FAST,1336.27,USD,**************8470,SG,27
97b99715-766b-f519-eea7-ecf25a7480a6,2026-07-05T22:12:05.259,validation,OK,pacs.008,FAST,1336.27,USD,**************8470,SG,68
97b99715-766b-f519-eea7-ecf25a7480a6,2026-07-05T22:12:05.394,aml,OK,pacs.008,FAST,1336.27,USD,**************8470,SG,270
97b99715-766b-f519-eea7-ecf25a7480a6,2026-07-05T22:12:05.495,payment-hub,OK,pacs.008,FAST,1336.27,USD,**************8470,SG,114
97b99715-766b-f519-eea7-ecf25a7480a6,2026-07-05T22:12:05.638,core-banking,OK,pacs.008,FAST,1336.27,USD,**************8470,SG,168
97b99715-766b-f519-eea7-ecf25a7480a6,2026-07-05T22:12:05.777,settlement,SETTLED,pacs.008,FAST,1336.27,USD,**************8470,SG,290
2bcb2116-8d5d-c6b9-cb0d-b7cb892fb1d0,2026-07-05T01:04:53.014,gateway,OK,pacs.008,SWIFT,837.19,SGD,**************9190,SG,48
2bcb2116-8d5d-c6b9-cb0d-b7cb892fb1d0,2026-07-05T01:04:53.137,auth,OK,pacs.008,SWIFT,837.19,SGD,**************9190,SG,71
2bcb2116-8d5d-c6b9-cb0d-b7cb892fb1d0,2026-07-05T01:04:53.207,validation,OK,pacs.008,SWIFT,837.19,SGD,**************9190,SG,72
2bcb2116-8d5d-c6b9-cb0d-b7cb892fb1d0,2026-07-05T01:04:53.277,aml,OK,pacs.008,SWIFT,837.19,SGD,**************9190,SG,91
2bcb2116-8d5d-c6b9-cb0d-b7cb892fb1d0,2026-07-05T01:04:53.330,payment-hub,OK,pacs.008,SWIFT,837.19,SGD,**************9190,SG,118
2bcb2116-8d5d-c6b9-cb0d-b7cb892fb1d0,2026-07-05T01:04:53.458,core-banking,OK,pacs.008,SWIFT,837.19,SGD,**************9190,SG,169
2bcb2116-8d5d-c6b9-cb0d-b7cb892fb1d0,2026-07-05T01:04:53.499,settlement,SETTLED,pacs.008,SWIFT,837.19,SGD,**************9190,SG,302
f0d93f83-0edb-d016-02f3-1f4d22ac8934,2026-07-03T01:12:59.744,gateway,OK,MT103,SWIFT,63.87,SGD,**************9751,US,52
f0d93f83-0edb-d016-02f3-1f4d22ac8934,2026-07-03T01:12:59.969,auth,OK,MT103,SWIFT,63.87,SGD,**************9751,US,40
f0d93f83-0edb-d016-02f3-1f4d22ac8934,2026-07-03T01:13:00.218,validation,OK,MT103,SWIFT,63.87,SGD,**************9751,US,68
f0d93f83-0edb-d016-02f3-1f4d22ac8934,2026-07-03T01:13:00.309,aml,OK,MT103,SWIFT,63.87,SGD,**************9751,US,258
f0d93f83-0edb-d016-02f3-1f4d22ac8934,2026-07-03T01:13:00.444,payment-hub,OK,MT103,SWIFT,63.87,SGD,**************9751,US,73
f0d93f83-0edb-d016-02f3-1f4d22ac8934,2026-07-03T01:13:00.535,core-banking,OK,MT103,SWIFT,63.87,SGD,**************9751,US,206
f0d93f83-0edb-d016-02f3-1f4d22ac8934,2026-07-03T01:13:00.589,settlement,SETTLED,MT103,SWIFT,63.87,SGD,**************9751,US,143
4933c915-cf81-f432-e29c-8d3dea92a3ae,2026-07-04T17:38:04.986,gateway,OK,MT103,FAST,116.85,USD,**************1755,MY,39
4933c915-cf81-f432-e29c-8d3dea92a3ae,2026-07-04T17:38:05.287,auth,OK,MT103,FAST,116.85,USD,**************1755,MY,49
4933c915-cf81-f432-e29c-8d3dea92a3ae,2026-07-04T17:38:05.335,validation,OK,MT103,FAST,116.85,USD,**************1755,MY,117
4933c915-cf81-f432-e29c-8d3dea92a3ae,2026-07-04T17:38:05.495,aml,OK,MT103,FAST,116.85,USD,**************1755,MY,170
4933c915-cf81-f432-e29c-8d3dea92a3ae,2026-07-04T17:38:05.564,payment-hub,OK,MT103,FAST,116.85,USD,**************1755,MY,62
4933c915-cf81-f432-e29c-8d3dea92a3ae,2026-07-04T17:38:05.653,core-banking,OK,MT103,FAST,116.85,USD,**************1755,MY,132
4933c915-cf81-f432-e29c-8d3dea92a3ae,2026-07-04T17:38:05.681,settlement,SETTLED,MT103,FAST,116.85,USD,**************1755,MY,339
862b49fe-b4c1-8c30-3824-100e1316a81c,2026-07-12T11:32:54.317,gateway,OK,pacs.008,FAST,2349.18,MYR,**************3785,SG,42
862b49fe-b4c1-8c30-3824-100e1316a81c,2026-07-12T11:32:54.411,auth,OK,pacs.008,FAST,2349.18,MYR,**************3785,SG,86
862b49fe-b4c1-8c30-3824-100e1316a81c,2026-07-12T11:32:54.663,validation,OK,pacs.008,FAST,2349.18,MYR,**************3785,SG,59
862b49fe-b4c1-8c30-3824-100e1316a81c,2026-07-12T11:32:54.831,aml,TIMEOUT,pacs.008,FAST,2349.18,MYR,**************3785,SG,30000
862b49fe-b4c1-8c30-3824-100e1316a81c,2026-07-12T11:32:54.898,payment-hub,FAILED,pacs.008,FAST,2349.18,MYR,**************3785,SG,122
3a6635a7-33b2-def1-548b-96fbde06fad7,2026-07-13T09:26:43.199,gateway,OK,pacs.008,CARDS,391.77,SGD,**************8707,SG,51
3a6635a7-33b2-def1-548b-96fbde06fad7,2026-07-13T09:26:43.313,auth,OK,pacs.008,CARDS,391.77,SGD,**************8707,SG,71
3a6635a7-33b2-def1-548b-96fbde06fad7,2026-07-13T09:26:43.458,validation,OK,pacs.008,CARDS,391.77,SGD,**************8707,SG,82
3a6635a7-33b2-def1-548b-96fbde06fad7,2026-07-13T09:26:43.567,aml,OK,pacs.008,CARDS,391.77,SGD,**************8707,SG,117
3a6635a7-33b2-def1-548b-96fbde06fad7,2026-07-13T09:26:43.808,payment-hub,OK,pacs.008,CARDS,391.77,SGD,**************8707,SG,80
3a6635a7-33b2-def1-548b-96fbde06fad7,2026-07-13T09:26:43.925,core-banking,OK,pacs.008,CARDS,391.77,SGD,**************8707,SG,83
3a6635a7-33b2-def1-548b-96fbde06fad7,2026-07-13T09:26:44.020,settlement,SETTLED,pacs.008,CARDS,391.77,SGD,**************8707,SG,98
f46a43db-0ce5-8fcf-08ea-574d9b50875a,2026-07-12T05:06:27.001,gateway,OK,MT103,SWIFT,1792.64,SGD,**************9493,SG,25
f46a43db-0ce5-8fcf-08ea-574d9b50875a,2026-07-12T05:06:27.136,auth,OK,MT103,SWIFT,1792.64,SGD,**************9493,SG,72
f46a43db-0ce5-8fcf-08ea-574d9b50875a,2026-07-12T05:06:27.195,validation,OK,MT103,SWIFT,1792.64,SGD,**************9493,SG,55
f46a43db-0ce5-8fcf-08ea-574d9b50875a,2026-07-12T05:06:27.274,aml,OK,MT103,SWIFT,1792.64,SGD,**************9493,SG,272
f46a43db-0ce5-8fcf-08ea-574d9b50875a,2026-07-12T05:06:27.490,payment-hub,OK,MT103,SWIFT,1792.64,SGD,**************9493,SG,120
f46a43db-0ce5-8fcf-08ea-574d9b50875a,2026-07-12T05:06:27.582,core-banking,OK,MT103,SWIFT,1792.64,SGD,**************9493,SG,174
f46a43db-0ce5-8fcf-08ea-574d9b50875a,2026-07-12T05:06:27.647,settlement,SETTLED,MT103,SWIFT,1792.64,SGD,**************9493,SG,325
3a3ca3d2-82c3-e445-21d3-6db93b36ab86,2026-07-11T05:47:27.348,gateway,OK,MT103,FAST,936.47,MYR,**************8323,MY,59
3a3ca3d2-82c3-e445-21d3-6db93b36ab86,2026-07-11T05:47:27.424,auth,OK,MT103,FAST,936.47,MYR,**************8323,MY,62
3a3ca3d2-82c3-e445-21d3-6db93b36ab86,2026-07-11T05:47:27.490,validation,OK,MT103,FAST,936.47,MYR,**************8323,MY,109
3a3ca3d2-82c3-e445-21d3-6db93b36ab86,2026-07-11T05:47:27.648,aml,OK,MT103,FAST,936.47,MYR,**************8323,MY,46
3a3ca3d2-82c3-e445-21d3-6db93b36ab86,2026-07-11T05:47:27.690,payment-hub,OK,MT103,FAST,936.47,MYR,**************8323,MY,55
3a3ca3d2-82c3-e445-21d3-6db93b36ab86,2026-07-11T05:47:27.780,core-banking,OK,MT103,FAST,936.47,MYR,**************8323,MY,242
3a3ca3d2-82c3-e445-21d3-6db93b36ab86,2026-07-11T05:47:27.868,settlement,SETTLED,MT103,FAST,936.47,MYR,**************8323,MY,110
6be36654-490b-e18a-4ccc-949d0fc5daf7,2026-07-04T08:36:54.662,gateway,OK,pacs.008,SWIFT,5364.69,EUR,**************5696,IN,34
6be36654-490b-e18a-4ccc-949d0fc5daf7,2026-07-04T08:36:54.792,auth,OK,pacs.008,SWIFT,5364.69,EUR,**************5696,IN,34
6be36654-490b-e18a-4ccc-949d0fc5daf7,2026-07-04T08:36:54.857,validation,OK,pacs.008,SWIFT,5364.69,EUR,**************5696,IN,46
6be36654-490b-e18a-4ccc-949d0fc5daf7,2026-07-04T08:36:54.948,aml,OK,pacs.008,SWIFT,5364.69,EUR,**************5696,IN,297
6be36654-490b-e18a-4ccc-949d0fc5daf7,2026-07-04T08:36:54.996,payment-hub,OK,pacs.008,SWIFT,5364.69,EUR,**************5696,IN,77
6be36654-490b-e18a-4ccc-949d0fc5daf7,2026-07-04T08:36:55.033,core-banking,OK,pacs.008,SWIFT,5364.69,EUR,**************5696,IN,247
6be36654-490b-e18a-4ccc-949d0fc5daf7,2026-07-04T08:36:55.085,settlement,SETTLED,pacs.008,SWIFT,5364.69,EUR,**************5696,IN,91
3c2d43d5-fbd0-748b-441a-498bd0e25edc,2026-07-05T23:30:22.657,gateway,OK,pacs.008,SWIFT,144.94,MYR,**************6439,MY,26
3c2d43d5-fbd0-748b-441a-498bd0e25edc,2026-07-05T23:30:22.838,auth,OK,pacs.008,SWIFT,144.94,MYR,**************6439,MY,79
3c2d43d5-fbd0-748b-441a-498bd0e25edc,2026-07-05T23:30:22.871,validation,OK,pacs.008,SWIFT,144.94,MYR,**************6439,MY,43
3c2d43d5-fbd0-748b-441a-498bd0e25edc,2026-07-05T23:30:23.018,aml,OK,pacs.008,SWIFT,144.94,MYR,**************6439,MY,134
3c2d43d5-fbd0-748b-441a-498bd0e25edc,2026-07-05T23:30:23.131,payment-hub,OK,pacs.008,SWIFT,144.94,MYR,**************6439,MY,90
3c2d43d5-fbd0-748b-441a-498bd0e25edc,2026-07-05T23:30:23.377,core-banking,OK,pacs.008,SWIFT,144.94,MYR,**************6439,MY,151
3c2d43d5-fbd0-748b-441a-498bd0e25edc,2026-07-05T23:30:23.594,settlement,SETTLED,pacs.008,SWIFT,144.94,MYR,**************6439,MY,280
1f4285a6-e6a8-6a64-7a69-cede8a5606d8,2026-07-10T04:52:07.016,gateway,OK,0200,FAST,156.68,MYR,**************8164,IN,44
1f4285a6-e6a8-6a64-7a69-cede8a5606d8,2026-07-10T04:52:07.133,auth,OK,0200,FAST,156.68,MYR,**************8164,IN,64
1f4285a6-e6a8-6a64-7a69-cede8a5606d8,2026-07-10T04:52:07.346,validation,OK,0200,FAST,156.68,MYR,**************8164,IN,86
1f4285a6-e6a8-6a64-7a69-cede8a5606d8,2026-07-10T04:52:07.442,aml,OK,0200,FAST,156.68,MYR,**************8164,IN,47
1f4285a6-e6a8-6a64-7a69-cede8a5606d8,2026-07-10T04:52:07.588,payment-hub,OK,0200,FAST,156.68,MYR,**************8164,IN,35
1f4285a6-e6a8-6a64-7a69-cede8a5606d8,2026-07-10T04:52:07.666,core-banking,OK,0200,FAST,156.68,MYR,**************8164,IN,181
1f4285a6-e6a8-6a64-7a69-cede8a5606d8,2026-07-10T04:52:07.740,settlement,SETTLED,0200,FAST,156.68,MYR,**************8164,IN,323
c85ef0b1-bd0a-a750-7995-835b6326d64d,2026-07-09T07:20:02.439,gateway,OK,pacs.008,FAST,462.75,SGD,**************2979,SG,52
c85ef0b1-bd0a-a750-7995-835b6326d64d,2026-07-09T07:20:02.500,auth,OK,pacs.008,FAST,462.75,SGD,**************2979,SG,59
c85ef0b1-bd0a-a750-7995-835b6326d64d,2026-07-09T07:20:02.710,validation,OK,pacs.008,FAST,462.75,SGD,**************2979,SG,66
c85ef0b1-bd0a-a750-7995-835b6326d64d,2026-07-09T07:20:02.776,aml,OK,pacs.008,FAST,462.75,SGD,**************2979,SG,159
c85ef0b1-bd0a-a750-7995-835b6326d64d,2026-07-09T07:20:02.909,payment-hub,OK,pacs.008,FAST,462.75,SGD,**************2979,SG,55
c85ef0b1-bd0a-a750-7995-835b6326d64d,2026-07-09T07:20:02.992,core-banking,OK,pacs.008,FAST,462.75,SGD,**************2979,SG,87
c85ef0b1-bd0a-a750-7995-835b6326d64d,2026-07-09T07:20:03.033,settlement,SETTLED,pacs.008,FAST,462.75,SGD,**************2979,SG,397
12d9bc2c-f09c-576a-c588-c335193fc035,2026-07-04T17:10:39.489,gateway,OK,MT103,CARDS,3474.98,SGD,**************5479,SG,60
12d9bc2c-f09c-576a-c588-c335193fc035,2026-07-04T17:10:39.573,auth,OK,MT103,CARDS,3474.98,SGD,**************5479,SG,77
12d9bc2c-f09c-576a-c588-c335193fc035,2026-07-04T17:10:39.687,validation,OK,MT103,CARDS,3474.98,SGD,**************5479,SG,82
12d9bc2c-f09c-576a-c588-c335193fc035,2026-07-04T17:10:39.918,aml,OK,MT103,CARDS,3474.98,SGD,**************5479,SG,260
12d9bc2c-f09c-576a-c588-c335193fc035,2026-07-04T17:10:39.987,payment-hub,OK,MT103,CARDS,3474.98,SGD,**************5479,SG,42
12d9bc2c-f09c-576a-c588-c335193fc035,2026-07-04T17:10:40.138,core-banking,OK,MT103,CARDS,3474.98,SGD,**************5479,SG,76
12d9bc2c-f09c-576a-c588-c335193fc035,2026-07-04T17:10:40.192,settlement,SETTLED,MT103,CARDS,3474.98,SGD,**************5479,SG,127
1b818798-a21c-f33f-1f45-9b73abd61a07,2026-07-13T13:12:20.103,gateway,OK,MT103,FAST,284.7,USD,**************6610,IN,59
1b818798-a21c-f33f-1f45-9b73abd61a07,2026-07-13T13:12:20.199,auth,OK,MT103,FAST,284.7,USD,**************6610,IN,37
1b818798-a21c-f33f-1f45-9b73abd61a07,2026-07-13T13:12:20.241,validation,OK,MT103,FAST,284.7,USD,**************6610,IN,71
1b818798-a21c-f33f-1f45-9b73abd61a07,2026-07-13T13:12:20.319,aml,OK,MT103,FAST,284.7,USD,**************6610,IN,243
1b818798-a21c-f33f-1f45-9b73abd61a07,2026-07-13T13:12:20.410,payment-hub,OK,MT103,FAST,284.7,USD,**************6610,IN,116
1b818798-a21c-f33f-1f45-9b73abd61a07,2026-07-13T13:12:20.538,core-banking,OK,MT103,FAST,284.7,USD,**************6610,IN,246
1b818798-a21c-f33f-1f45-9b73abd61a07,2026-07-13T13:12:20.672,settlement,SETTLED,MT103,FAST,284.7,USD,**************6610,IN,192
3f0106da-9093-87e6-524f-6fb1febf1bb6,2026-07-07T19:23:33.083,gateway,OK,MT103,FAST,1167.42,SGD,**************5830,SG,21
3f0106da-9093-87e6-524f-6fb1febf1bb6,2026-07-07T19:23:33.219,auth,OK,MT103,FAST,1167.42,SGD,**************5830,SG,33
3f0106da-9093-87e6-524f-6fb1febf1bb6,2026-07-07T19:24:03.229,validation,OK,MT103,FAST,1167.42,SGD,**************5830,SG,49
3f0106da-9093-87e6-524f-6fb1febf1bb6,2026-07-07T19:24:03.334,aml,OK,MT103,FAST,1167.42,SGD,**************5830,SG,67
3f0106da-9093-87e6-524f-6fb1febf1bb6,2026-07-07T19:24:33.342,payment-hub,OK,MT103,FAST,1167.42,SGD,**************5830,SG,116
3f0106da-9093-87e6-524f-6fb1febf1bb6,2026-07-07T19:24:33.387,core-banking,OK,MT103,FAST,1167.42,SGD,**************5830,SG,165
3f0106da-9093-87e6-524f-6fb1febf1bb6,2026-07-07T19:24:33.446,settlement,SETTLED,MT103,FAST,1167.42,SGD,**************5830,SG,306
0e694654-f70f-a6fd-b3e1-e27943955d34,2026-07-15T05:21:16.612,gateway,OK,pacs.008,FAST,43.12,SGD,**************3282,SG,20
0e694654-f70f-a6fd-b3e1-e27943955d34,2026-07-15T05:21:16.682,auth,OK,pacs.008,FAST,43.12,SGD,**************3282,SG,68
0e694654-f70f-a6fd-b3e1-e27943955d34,2026-07-15T05:21:16.754,validation,OK,pacs.008,FAST,43.12,SGD,**************3282,SG,118
0e694654-f70f-a6fd-b3e1-e27943955d34,2026-07-15T05:21:16.850,aml,OK,pacs.008,FAST,43.12,SGD,**************3282,SG,89
0e694654-f70f-a6fd-b3e1-e27943955d34,2026-07-15T05:21:46.863,payment-hub,OK,pacs.008,FAST,43.12,SGD,**************3282,SG,76
0e694654-f70f-a6fd-b3e1-e27943955d34,2026-07-15T05:21:46.913,core-banking,OK,pacs.008,FAST,43.12,SGD,**************3282,SG,144
0e694654-f70f-a6fd-b3e1-e27943955d34,2026-07-15T05:21:47.027,settlement,SETTLED,pacs.008,FAST,43.12,SGD,**************3282,SG,214
bb3a3dfd-190c-b10a-f7b1-506bcffde326,2026-07-04T17:21:57.611,gateway,OK,MT103,FAST,79.64,INR,**************7192,IN,33
bb3a3dfd-190c-b10a-f7b1-506bcffde326,2026-07-04T17:21:57.720,auth,OK,MT103,FAST,79.64,INR,**************7192,IN,55
bb3a3dfd-190c-b10a-f7b1-506bcffde326,2026-07-04T17:21:57.809,validation,OK,MT103,FAST,79.64,INR,**************7192,IN,50
bb3a3dfd-190c-b10a-f7b1-506bcffde326,2026-07-04T17:21:57.872,aml,OK,MT103,FAST,79.64,INR,**************7192,IN,176
bb3a3dfd-190c-b10a-f7b1-506bcffde326,2026-07-04T17:21:57.933,payment-hub,OK,MT103,FAST,79.64,INR,**************7192,IN,109
bb3a3dfd-190c-b10a-f7b1-506bcffde326,2026-07-04T17:21:58.035,core-banking,OK,MT103,FAST,79.64,INR,**************7192,IN,102
bb3a3dfd-190c-b10a-f7b1-506bcffde326,2026-07-04T17:21:58.119,settlement,SETTLED,MT103,FAST,79.64,INR,**************7192,IN,64
a1ac44ad-3599-3533-3f53-5020582b127e,2026-07-14T20:01:05.372,gateway,OK,0200,FAST,147.17,MYR,**************5967,MY,15
a1ac44ad-3599-3533-3f53-5020582b127e,2026-07-14T20:01:05.530,auth,OK,0200,FAST,147.17,MYR,**************5967,MY,40
a1ac44ad-3599-3533-3f53-5020582b127e,2026-07-14T20:01:05.571,validation,OK,0200,FAST,147.17,MYR,**************5967,MY,96
a1ac44ad-3599-3533-3f53-5020582b127e,2026-07-14T20:01:05.635,aml,OK,0200,FAST,147.17,MYR,**************5967,MY,213
a1ac44ad-3599-3533-3f53-5020582b127e,2026-07-14T20:01:05.703,payment-hub,OK,0200,FAST,147.17,MYR,**************5967,MY,138
a1ac44ad-3599-3533-3f53-5020582b127e,2026-07-14T20:01:05.935,core-banking,OK,0200,FAST,147.17,MYR,**************5967,MY,126
a1ac44ad-3599-3533-3f53-5020582b127e,2026-07-14T20:01:06.233,settlement,SETTLED,0200,FAST,147.17,MYR,**************5967,MY,371
50044db1-09ba-3320-d75a-2150b1f26984,2026-07-15T02:47:58.750,gateway,OK,pacs.008,SWIFT,2309.55,USD,**************6962,MY,47
50044db1-09ba-3320-d75a-2150b1f26984,2026-07-15T02:47:58.824,auth,OK,pacs.008,SWIFT,2309.55,USD,**************6962,MY,67
50044db1-09ba-3320-d75a-2150b1f26984,2026-07-15T02:47:58.887,validation,OK,pacs.008,SWIFT,2309.55,USD,**************6962,MY,118
50044db1-09ba-3320-d75a-2150b1f26984,2026-07-15T02:47:59.148,aml,OK,pacs.008,SWIFT,2309.55,USD,**************6962,MY,72
50044db1-09ba-3320-d75a-2150b1f26984,2026-07-15T02:47:59.252,payment-hub,OK,pacs.008,SWIFT,2309.55,USD,**************6962,MY,38
50044db1-09ba-3320-d75a-2150b1f26984,2026-07-15T02:47:59.314,core-banking,OK,pacs.008,SWIFT,2309.55,USD,**************6962,MY,139
50044db1-09ba-3320-d75a-2150b1f26984,2026-07-15T02:47:59.412,settlement,SETTLED,pacs.008,SWIFT,2309.55,USD,**************6962,MY,286
d55be63d-bd61-1e10-ad55-beff9554d590,2026-07-07T16:02:12.856,gateway,OK,MT103,FAST,182.02,USD,**************6849,SG,57
d55be63d-bd61-1e10-ad55-beff9554d590,2026-07-07T16:02:12.940,auth,OK,MT103,FAST,182.02,USD,**************6849,SG,76
d55be63d-bd61-1e10-ad55-beff9554d590,2026-07-07T16:02:13.005,validation,OK,MT103,FAST,182.02,USD,**************6849,SG,80
d55be63d-bd61-1e10-ad55-beff9554d590,2026-07-07T16:02:13.234,aml,OK,MT103,FAST,182.02,USD,**************6849,SG,229
d55be63d-bd61-1e10-ad55-beff9554d590,2026-07-07T16:02:13.463,payment-hub,OK,MT103,FAST,182.02,USD,**************6849,SG,51
d55be63d-bd61-1e10-ad55-beff9554d590,2026-07-07T16:02:13.752,core-banking,OK,MT103,FAST,182.02,USD,**************6849,SG,111
d55be63d-bd61-1e10-ad55-beff9554d590,2026-07-07T16:02:13.826,settlement,SETTLED,MT103,FAST,182.02,USD,**************6849,SG,375
6c4b951d-0ae9-eae9-817e-6e4d05e6573d,2026-07-04T20:59:25.257,gateway,OK,pacs.008,SWIFT,167.62,SGD,**************2572,SG,40
6c4b951d-0ae9-eae9-817e-6e4d05e6573d,2026-07-04T20:59:25.319,auth,OK,pacs.008,SWIFT,167.62,SGD,**************2572,SG,84
6c4b951d-0ae9-eae9-817e-6e4d05e6573d,2026-07-04T20:59:25.399,validation,OK,pacs.008,SWIFT,167.62,SGD,**************2572,SG,27
6c4b951d-0ae9-eae9-817e-6e4d05e6573d,2026-07-04T20:59:25.480,aml,OK,pacs.008,SWIFT,167.62,SGD,**************2572,SG,154
6c4b951d-0ae9-eae9-817e-6e4d05e6573d,2026-07-04T20:59:25.600,payment-hub,OK,pacs.008,SWIFT,167.62,SGD,**************2572,SG,83
6c4b951d-0ae9-eae9-817e-6e4d05e6573d,2026-07-04T20:59:25.726,core-banking,OK,pacs.008,SWIFT,167.62,SGD,**************2572,SG,191
6c4b951d-0ae9-eae9-817e-6e4d05e6573d,2026-07-04T20:59:25.806,settlement,SETTLED,pacs.008,SWIFT,167.62,SGD,**************2572,SG,298
ff791b92-0957-ddb3-ba80-4161b406ede2,2026-07-08T13:08:30.796,gateway,OK,pacs.008,FAST,293.42,USD,**************0645,SG,22
ff791b92-0957-ddb3-ba80-4161b406ede2,2026-07-08T13:08:31.007,auth,OK,pacs.008,FAST,293.42,USD,**************0645,SG,38
ff791b92-0957-ddb3-ba80-4161b406ede2,2026-07-08T13:08:31.277,validation,OK,pacs.008,FAST,293.42,USD,**************0645,SG,28
ff791b92-0957-ddb3-ba80-4161b406ede2,2026-07-08T13:08:31.336,aml,OK,pacs.008,FAST,293.42,USD,**************0645,SG,219
ff791b92-0957-ddb3-ba80-4161b406ede2,2026-07-08T13:08:31.377,payment-hub,OK,pacs.008,FAST,293.42,USD,**************0645,SG,51
ff791b92-0957-ddb3-ba80-4161b406ede2,2026-07-08T13:08:31.428,core-banking,OK,pacs.008,FAST,293.42,USD,**************0645,SG,93
ff791b92-0957-ddb3-ba80-4161b406ede2,2026-07-08T13:08:31.508,settlement,SETTLED,pacs.008,FAST,293.42,USD,**************0645,SG,88
c7591d79-a4e6-aed5-ec22-45bf530cd2f8,2026-07-06T19:57:58.640,gateway,OK,MT103,FAST,197.91,SGD,**************1889,MY,21
c7591d79-a4e6-aed5-ec22-45bf530cd2f8,2026-07-06T19:57:58.778,auth,OK,MT103,FAST,197.91,SGD,**************1889,MY,64
c7591d79-a4e6-aed5-ec22-45bf530cd2f8,2026-07-06T19:57:58.826,validation,OK,MT103,FAST,197.91,SGD,**************1889,MY,115
c7591d79-a4e6-aed5-ec22-45bf530cd2f8,2026-07-06T19:57:58.899,aml,OK,MT103,FAST,197.91,SGD,**************1889,MY,290
c7591d79-a4e6-aed5-ec22-45bf530cd2f8,2026-07-06T19:57:59.104,payment-hub,OK,MT103,FAST,197.91,SGD,**************1889,MY,57
c7591d79-a4e6-aed5-ec22-45bf530cd2f8,2026-07-06T19:57:59.257,core-banking,OK,MT103,FAST,197.91,SGD,**************1889,MY,130
c7591d79-a4e6-aed5-ec22-45bf530cd2f8,2026-07-06T19:57:59.443,settlement,SETTLED,MT103,FAST,197.91,SGD,**************1889,MY,369
6dc83ddb-c3d1-9ce6-a46e-5e413edb3551,2026-07-04T07:55:51.067,gateway,OK,MT103,CARDS,824.26,MYR,**************9376,SG,47
6dc83ddb-c3d1-9ce6-a46e-5e413edb3551,2026-07-04T07:55:51.162,auth,OK,MT103,CARDS,824.26,MYR,**************9376,SG,67
6dc83ddb-c3d1-9ce6-a46e-5e413edb3551,2026-07-04T07:55:51.251,validation,OK,MT103,CARDS,824.26,MYR,**************9376,SG,83
6dc83ddb-c3d1-9ce6-a46e-5e413edb3551,2026-07-04T07:55:51.364,aml,OK,MT103,CARDS,824.26,MYR,**************9376,SG,262
6dc83ddb-c3d1-9ce6-a46e-5e413edb3551,2026-07-04T07:55:51.472,payment-hub,OK,MT103,CARDS,824.26,MYR,**************9376,SG,84
6dc83ddb-c3d1-9ce6-a46e-5e413edb3551,2026-07-04T07:55:51.554,core-banking,OK,MT103,CARDS,824.26,MYR,**************9376,SG,103
6dc83ddb-c3d1-9ce6-a46e-5e413edb3551,2026-07-04T07:55:51.622,settlement,SETTLED,MT103,CARDS,824.26,MYR,**************9376,SG,94
342b0983-828c-b4d4-90ee-6cd96e880ab9,2026-07-03T07:33:20.634,gateway,OK,pacs.008,FAST,1360.51,MYR,**************9406,MY,38
342b0983-828c-b4d4-90ee-6cd96e880ab9,2026-07-03T07:33:20.765,auth,OK,pacs.008,FAST,1360.51,MYR,**************9406,MY,47
342b0983-828c-b4d4-90ee-6cd96e880ab9,2026-07-03T07:33:21.064,validation,OK,pacs.008,FAST,1360.51,MYR,**************9406,MY,96
342b0983-828c-b4d4-90ee-6cd96e880ab9,2026-07-03T07:33:21.175,aml,OK,pacs.008,FAST,1360.51,MYR,**************9406,MY,231
342b0983-828c-b4d4-90ee-6cd96e880ab9,2026-07-03T07:33:21.259,payment-hub,OK,pacs.008,FAST,1360.51,MYR,**************9406,MY,102
342b0983-828c-b4d4-90ee-6cd96e880ab9,2026-07-03T07:33:21.363,core-banking,OK,pacs.008,FAST,1360.51,MYR,**************9406,MY,61
342b0983-828c-b4d4-90ee-6cd96e880ab9,2026-07-03T07:33:21.486,settlement,SETTLED,pacs.008,FAST,1360.51,MYR,**************9406,MY,117
b1fcc32b-0d8c-e1f5-df0f-1e63775d338c,2026-07-11T18:16:04.076,gateway,OK,MT103,CARDS,265.17,SGD,**************7921,US,54
b1fcc32b-0d8c-e1f5-df0f-1e63775d338c,2026-07-11T18:16:04.142,auth,OK,MT103,CARDS,265.17,SGD,**************7921,US,48
b1fcc32b-0d8c-e1f5-df0f-1e63775d338c,2026-07-11T18:16:04.326,validation,OK,MT103,CARDS,265.17,SGD,**************7921,US,119
b1fcc32b-0d8c-e1f5-df0f-1e63775d338c,2026-07-11T18:16:04.480,aml,OK,MT103,CARDS,265.17,SGD,**************7921,US,203
b1fcc32b-0d8c-e1f5-df0f-1e63775d338c,2026-07-11T18:16:04.512,payment-hub,OK,MT103,CARDS,265.17,SGD,**************7921,US,103
b1fcc32b-0d8c-e1f5-df0f-1e63775d338c,2026-07-11T18:16:04.684,core-banking,OK,MT103,CARDS,265.17,SGD,**************7921,US,177
b1fcc32b-0d8c-e1f5-df0f-1e63775d338c,2026-07-11T18:16:04.751,settlement,SETTLED,MT103,CARDS,265.17,SGD,**************7921,US,300
89094f01-b0fd-699a-bf47-f1c5f7c760c4,2026-07-01T10:00:43.787,gateway,OK,pacs.008,CARDS,2252.48,EUR,**************6528,SG,15
89094f01-b0fd-699a-bf47-f1c5f7c760c4,2026-07-01T10:00:44.091,auth,OK,pacs.008,CARDS,2252.48,EUR,**************6528,SG,79
89094f01-b0fd-699a-bf47-f1c5f7c760c4,2026-07-01T10:01:14.110,validation,OK,pacs.008,CARDS,2252.48,EUR,**************6528,SG,39
89094f01-b0fd-699a-bf47-f1c5f7c760c4,2026-07-01T10:01:14.309,aml,OK,pacs.008,CARDS,2252.48,EUR,**************6528,SG,263
89094f01-b0fd-699a-bf47-f1c5f7c760c4,2026-07-01T10:01:14.365,payment-hub,OK,pacs.008,CARDS,2252.48,EUR,**************6528,SG,109
89094f01-b0fd-699a-bf47-f1c5f7c760c4,2026-07-01T10:01:14.444,core-banking,OK,pacs.008,CARDS,2252.48,EUR,**************6528,SG,241
89094f01-b0fd-699a-bf47-f1c5f7c760c4,2026-07-01T10:01:14.495,settlement,SETTLED,pacs.008,CARDS,2252.48,EUR,**************6528,SG,322
7281174b-221d-4f5c-55e7-4638482f0f0e,2026-07-02T02:52:36.744,gateway,OK,pacs.008,FAST,2976.36,EUR,**************7819,US,47
7281174b-221d-4f5c-55e7-4638482f0f0e,2026-07-02T02:52:37.070,auth,OK,pacs.008,FAST,2976.36,EUR,**************7819,US,20
7281174b-221d-4f5c-55e7-4638482f0f0e,2026-07-02T02:52:37.134,validation,OK,pacs.008,FAST,2976.36,EUR,**************7819,US,105
7281174b-221d-4f5c-55e7-4638482f0f0e,2026-07-02T02:52:37.246,aml,OK,pacs.008,FAST,2976.36,EUR,**************7819,US,82
7281174b-221d-4f5c-55e7-4638482f0f0e,2026-07-02T02:52:37.313,payment-hub,OK,pacs.008,FAST,2976.36,EUR,**************7819,US,48
7281174b-221d-4f5c-55e7-4638482f0f0e,2026-07-02T02:52:37.453,core-banking,OK,pacs.008,FAST,2976.36,EUR,**************7819,US,214
7281174b-221d-4f5c-55e7-4638482f0f0e,2026-07-02T02:52:37.563,settlement,SETTLED,pacs.008,FAST,2976.36,EUR,**************7819,US,118
ce3ce69f-e697-5d1f-3852-a00114ecaaea,2026-07-01T19:48:12.198,gateway,OK,MT103,CARDS,1662.64,EUR,**************5804,SG,26
ce3ce69f-e697-5d1f-3852-a00114ecaaea,2026-07-01T19:48:12.260,auth,OK,MT103,CARDS,1662.64,EUR,**************5804,SG,40
ce3ce69f-e697-5d1f-3852-a00114ecaaea,2026-07-01T19:48:12.316,validation,OK,MT103,CARDS,1662.64,EUR,**************5804,SG,86
ce3ce69f-e697-5d1f-3852-a00114ecaaea,2026-07-01T19:48:12.582,aml,TIMEOUT,MT103,CARDS,1662.64,EUR,**************5804,SG,30000
ce3ce69f-e697-5d1f-3852-a00114ecaaea,2026-07-01T19:48:12.822,payment-hub,FAILED,MT103,CARDS,1662.64,EUR,**************5804,SG,141
258635b7-4df9-47a4-3115-b969d23b7260,2026-07-14T07:16:14.493,gateway,OK,MT103,SWIFT,2906.89,SGD,**************5157,SG,24
258635b7-4df9-47a4-3115-b969d23b7260,2026-07-14T07:16:14.597,auth,OK,MT103,SWIFT,2906.89,SGD,**************5157,SG,52
258635b7-4df9-47a4-3115-b969d23b7260,2026-07-14T07:16:14.724,validation,OK,MT103,SWIFT,2906.89,SGD,**************5157,SG,114
258635b7-4df9-47a4-3115-b969d23b7260,2026-07-14T07:16:14.779,aml,OK,MT103,SWIFT,2906.89,SGD,**************5157,SG,244
258635b7-4df9-47a4-3115-b969d23b7260,2026-07-14T07:16:14.937,payment-hub,OK,MT103,SWIFT,2906.89,SGD,**************5157,SG,98
258635b7-4df9-47a4-3115-b969d23b7260,2026-07-14T07:16:15.044,core-banking,OK,MT103,SWIFT,2906.89,SGD,**************5157,SG,250
258635b7-4df9-47a4-3115-b969d23b7260,2026-07-14T07:16:15.099,settlement,SETTLED,MT103,SWIFT,2906.89,SGD,**************5157,SG,164
f6164a5a-14e6-5dd8-8aff-b5164fd195c9,2026-07-13T09:19:30.967,gateway,OK,pacs.008,SWIFT,50.23,SGD,**************1725,SG,29
f6164a5a-14e6-5dd8-8aff-b5164fd195c9,2026-07-13T09:19:31.196,auth,OK,pacs.008,SWIFT,50.23,SGD,**************1725,SG,53
f6164a5a-14e6-5dd8-8aff-b5164fd195c9,2026-07-13T09:19:31.253,validation,OK,pacs.008,SWIFT,50.23,SGD,**************1725,SG,28
f6164a5a-14e6-5dd8-8aff-b5164fd195c9,2026-07-13T09:19:31.286,aml,OK,pacs.008,SWIFT,50.23,SGD,**************1725,SG,109
f6164a5a-14e6-5dd8-8aff-b5164fd195c9,2026-07-13T09:19:31.357,payment-hub,OK,pacs.008,SWIFT,50.23,SGD,**************1725,SG,52
f6164a5a-14e6-5dd8-8aff-b5164fd195c9,2026-07-13T09:19:31.492,core-banking,OK,pacs.008,SWIFT,50.23,SGD,**************1725,SG,245
f6164a5a-14e6-5dd8-8aff-b5164fd195c9,2026-07-13T09:19:31.545,settlement,SETTLED,pacs.008,SWIFT,50.23,SGD,**************1725,SG,274
f7d3ed9f-cf39-9ce4-6a82-b082576c0fc7,2026-07-05T19:02:15.272,gateway,OK,MT103,SWIFT,520.2,USD,**************1498,SG,18
f7d3ed9f-cf39-9ce4-6a82-b082576c0fc7,2026-07-05T19:02:15.322,auth,OK,MT103,SWIFT,520.2,USD,**************1498,SG,56
f7d3ed9f-cf39-9ce4-6a82-b082576c0fc7,2026-07-05T19:02:15.580,validation,OK,MT103,SWIFT,520.2,USD,**************1498,SG,80
f7d3ed9f-cf39-9ce4-6a82-b082576c0fc7,2026-07-05T19:02:15.712,aml,OK,MT103,SWIFT,520.2,USD,**************1498,SG,89
f7d3ed9f-cf39-9ce4-6a82-b082576c0fc7,2026-07-05T19:02:15.803,payment-hub,OK,MT103,SWIFT,520.2,USD,**************1498,SG,109
f7d3ed9f-cf39-9ce4-6a82-b082576c0fc7,2026-07-05T19:02:15.863,core-banking,OK,MT103,SWIFT,520.2,USD,**************1498,SG,96
f7d3ed9f-cf39-9ce4-6a82-b082576c0fc7,2026-07-05T19:02:16.023,settlement,SETTLED,MT103,SWIFT,520.2,USD,**************1498,SG,119
2003e1fc-bbeb-ca34-18bf-e81fc54849fa,2026-07-04T16:06:44.224,gateway,OK,0200,FAST,281.51,MYR,**************2122,SG,35
2003e1fc-bbeb-ca34-18bf-e81fc54849fa,2026-07-04T16:06:44.319,auth,OK,0200,FAST,281.51,MYR,**************2122,SG,26
2003e1fc-bbeb-ca34-18bf-e81fc54849fa,2026-07-04T16:06:44.388,validation,OK,0200,FAST,281.51,MYR,**************2122,SG,111
2003e1fc-bbeb-ca34-18bf-e81fc54849fa,2026-07-04T16:06:44.451,aml,OK,0200,FAST,281.51,MYR,**************2122,SG,234
2003e1fc-bbeb-ca34-18bf-e81fc54849fa,2026-07-04T16:06:44.654,payment-hub,OK,0200,FAST,281.51,MYR,**************2122,SG,136
2003e1fc-bbeb-ca34-18bf-e81fc54849fa,2026-07-04T16:06:44.744,core-banking,OK,0200,FAST,281.51,MYR,**************2122,SG,110
2003e1fc-bbeb-ca34-18bf-e81fc54849fa,2026-07-04T16:06:44.970,settlement,SETTLED,0200,FAST,281.51,MYR,**************2122,SG,369
1746c70a-f943-501b-6203-667bea98f0d5,2026-07-03T12:00:57.320,gateway,OK,MT103,SWIFT,113.98,USD,**************9557,US,24
1746c70a-f943-501b-6203-667bea98f0d5,2026-07-03T12:00:57.413,auth,OK,MT103,SWIFT,113.98,USD,**************9557,US,60
1746c70a-f943-501b-6203-667bea98f0d5,2026-07-03T12:00:57.493,validation,OK,MT103,SWIFT,113.98,USD,**************9557,US,45
1746c70a-f943-501b-6203-667bea98f0d5,2026-07-03T12:00:57.663,aml,OK,MT103,SWIFT,113.98,USD,**************9557,US,89
1746c70a-f943-501b-6203-667bea98f0d5,2026-07-03T12:00:57.773,payment-hub,OK,MT103,SWIFT,113.98,USD,**************9557,US,51
1746c70a-f943-501b-6203-667bea98f0d5,2026-07-03T12:00:57.843,core-banking,OK,MT103,SWIFT,113.98,USD,**************9557,US,90
1746c70a-f943-501b-6203-667bea98f0d5,2026-07-03T12:00:57.907,settlement,SETTLED,MT103,SWIFT,113.98,USD,**************9557,US,390
6d940007-359b-d3c6-7982-e72afce8e66b,2026-07-10T00:51:54.783,gateway,OK,pacs.008,SWIFT,406.33,EUR,**************4084,IN,24
6d940007-359b-d3c6-7982-e72afce8e66b,2026-07-10T00:51:55.005,auth,OK,pacs.008,SWIFT,406.33,EUR,**************4084,IN,55
6d940007-359b-d3c6-7982-e72afce8e66b,2026-07-10T00:51:55.067,validation,OK,pacs.008,SWIFT,406.33,EUR,**************4084,IN,87
6d940007-359b-d3c6-7982-e72afce8e66b,2026-07-10T00:51:55.125,aml,OK,pacs.008,SWIFT,406.33,EUR,**************4084,IN,282
6d940007-359b-d3c6-7982-e72afce8e66b,2026-07-10T00:51:55.189,payment-hub,OK,pacs.008,SWIFT,406.33,EUR,**************4084,IN,111
6d940007-359b-d3c6-7982-e72afce8e66b,2026-07-10T00:51:55.252,core-banking,OK,pacs.008,SWIFT,406.33,EUR,**************4084,IN,250
6d940007-359b-d3c6-7982-e72afce8e66b,2026-07-10T00:51:55.323,settlement,SETTLED,pacs.008,SWIFT,406.33,EUR,**************4084,IN,292
4190f73b-4ac0-f3c7-c4ef-9574c0a7b301,2026-07-09T07:34:08.553,gateway,OK,MT103,FAST,540.23,SGD,**************0948,IN,51
4190f73b-4ac0-f3c7-c4ef-9574c0a7b301,2026-07-09T07:34:08.584,auth,OK,MT103,FAST,540.23,SGD,**************0948,IN,75
4190f73b-4ac0-f3c7-c4ef-9574c0a7b301,2026-07-09T07:34:08.700,validation,OK,MT103,FAST,540.23,SGD,**************0948,IN,76
4190f73b-4ac0-f3c7-c4ef-9574c0a7b301,2026-07-09T07:34:08.880,aml,OK,MT103,FAST,540.23,SGD,**************0948,IN,242
4190f73b-4ac0-f3c7-c4ef-9574c0a7b301,2026-07-09T07:34:08.947,payment-hub,OK,MT103,FAST,540.23,SGD,**************0948,IN,125
4190f73b-4ac0-f3c7-c4ef-9574c0a7b301,2026-07-09T07:34:09.089,core-banking,OK,MT103,FAST,540.23,SGD,**************0948,IN,148
4190f73b-4ac0-f3c7-c4ef-9574c0a7b301,2026-07-09T07:34:09.228,settlement,SETTLED,MT103,FAST,540.23,SGD,**************0948,IN,116
fbd7c468-4798-54c5-d00c-a9707d8bca58,2026-07-08T07:50:24.057,gateway,OK,MT103,FAST,1055.97,USD,**************6800,SG,30
fbd7c468-4798-54c5-d00c-a9707d8bca58,2026-07-08T07:50:24.133,auth,OK,MT103,FAST,1055.97,USD,**************6800,SG,59
fbd7c468-4798-54c5-d00c-a9707d8bca58,2026-07-08T07:50:24.200,validation,OK,MT103,FAST,1055.97,USD,**************6800,SG,40
fbd7c468-4798-54c5-d00c-a9707d8bca58,2026-07-08T07:50:24.287,aml,OK,MT103,FAST,1055.97,USD,**************6800,SG,91
fbd7c468-4798-54c5-d00c-a9707d8bca58,2026-07-08T07:50:24.363,payment-hub,OK,MT103,FAST,1055.97,USD,**************6800,SG,126
fbd7c468-4798-54c5-d00c-a9707d8bca58,2026-07-08T07:50:24.433,core-banking,OK,MT103,FAST,1055.97,USD,**************6800,SG,62
fbd7c468-4798-54c5-d00c-a9707d8bca58,2026-07-08T07:50:24.482,settlement,SETTLED,MT103,FAST,1055.97,USD,**************6800,SG,64
28ea30e5-397a-bc79-3785-da9f843cc86d,2026-07-03T10:18:53.038,gateway,OK,MT103,FAST,1252.18,SGD,**************1369,SG,20
28ea30e5-397a-bc79-3785-da9f843cc86d,2026-07-03T10:18:53.080,auth,OK,MT103,FAST,1252.18,SGD,**************1369,SG,76
28ea30e5-397a-bc79-3785-da9f843cc86d,2026-07-03T10:18:53.190,validation,OK,MT103,FAST,1252.18,SGD,**************1369,SG,61
28ea30e5-397a-bc79-3785-da9f843cc86d,2026-07-03T10:18:53.229,aml,OK,MT103,FAST,1252.18,SGD,**************1369,SG,46
28ea30e5-397a-bc79-3785-da9f843cc86d,2026-07-03T10:18:53.291,payment-hub,OK,MT103,FAST,1252.18,SGD,**************1369,SG,146
28ea30e5-397a-bc79-3785-da9f843cc86d,2026-07-03T10:18:53.407,core-banking,OK,MT103,FAST,1252.18,SGD,**************1369,SG,236
28ea30e5-397a-bc79-3785-da9f843cc86d,2026-07-03T10:18:53.548,settlement,SETTLED,MT103,FAST,1252.18,SGD,**************1369,SG,76
1d99bb27-2b58-8500-831c-c9db03ad0ba1,2026-07-08T07:28:53.076,gateway,OK,pacs.008,SWIFT,400.15,EUR,**************0873,SG,47
1d99bb27-2b58-8500-831c-c9db03ad0ba1,2026-07-08T07:28:53.140,auth,OK,pacs.008,SWIFT,400.15,EUR,**************0873,SG,79
1d99bb27-2b58-8500-831c-c9db03ad0ba1,2026-07-08T07:28:53.218,validation,OK,pacs.008,SWIFT,400.15,EUR,**************0873,SG,42
1d99bb27-2b58-8500-831c-c9db03ad0ba1,2026-07-08T07:28:53.264,aml,OK,pacs.008,SWIFT,400.15,EUR,**************0873,SG,278
1d99bb27-2b58-8500-831c-c9db03ad0ba1,2026-07-08T07:28:53.315,payment-hub,OK,pacs.008,SWIFT,400.15,EUR,**************0873,SG,123
1d99bb27-2b58-8500-831c-c9db03ad0ba1,2026-07-08T07:28:53.354,core-banking,OK,pacs.008,SWIFT,400.15,EUR,**************0873,SG,178
1d99bb27-2b58-8500-831c-c9db03ad0ba1,2026-07-08T07:28:53.492,settlement,SETTLED,pacs.008,SWIFT,400.15,EUR,**************0873,SG,82
cfaaefeb-bd78-f6cf-2db6-3caafabdd667,2026-07-07T07:29:01.717,gateway,OK,pacs.008,SWIFT,621.15,SGD,**************8253,IN,45
cfaaefeb-bd78-f6cf-2db6-3caafabdd667,2026-07-07T07:29:01.873,auth,OK,pacs.008,SWIFT,621.15,SGD,**************8253,IN,45
cfaaefeb-bd78-f6cf-2db6-3caafabdd667,2026-07-07T07:29:01.927,validation,OK,pacs.008,SWIFT,621.15,SGD,**************8253,IN,120
cfaaefeb-bd78-f6cf-2db6-3caafabdd667,2026-07-07T07:29:01.986,aml,OK,pacs.008,SWIFT,621.15,SGD,**************8253,IN,223
cfaaefeb-bd78-f6cf-2db6-3caafabdd667,2026-07-07T07:29:02.144,payment-hub,OK,pacs.008,SWIFT,621.15,SGD,**************8253,IN,98
cfaaefeb-bd78-f6cf-2db6-3caafabdd667,2026-07-07T07:29:02.252,core-banking,OK,pacs.008,SWIFT,621.15,SGD,**************8253,IN,92
cfaaefeb-bd78-f6cf-2db6-3caafabdd667,2026-07-07T07:29:32.266,settlement,SETTLED,pacs.008,SWIFT,621.15,SGD,**************8253,IN,186
e303f223-9cab-3c16-3370-23e286da4730,2026-07-01T23:23:53.645,gateway,OK,pacs.008,FAST,794.58,SGD,**************1483,SG,21
e303f223-9cab-3c16-3370-23e286da4730,2026-07-01T23:23:53.734,auth,OK,pacs.008,FAST,794.58,SGD,**************1483,SG,25
e303f223-9cab-3c16-3370-23e286da4730,2026-07-01T23:23:53.771,validation,OK,pacs.008,FAST,794.58,SGD,**************1483,SG,70
e303f223-9cab-3c16-3370-23e286da4730,2026-07-01T23:23:53.874,aml,OK,pacs.008,FAST,794.58,SGD,**************1483,SG,268
e303f223-9cab-3c16-3370-23e286da4730,2026-07-01T23:23:54.013,payment-hub,OK,pacs.008,FAST,794.58,SGD,**************1483,SG,129
e303f223-9cab-3c16-3370-23e286da4730,2026-07-01T23:23:54.247,core-banking,OK,pacs.008,FAST,794.58,SGD,**************1483,SG,51
e303f223-9cab-3c16-3370-23e286da4730,2026-07-01T23:23:54.330,settlement,SETTLED,pacs.008,FAST,794.58,SGD,**************1483,SG,261
5927bd43-0336-6bac-b877-8f84f35ff94d,2026-07-10T18:03:17.125,gateway,OK,MT103,FAST,1262.13,SGD,**************0476,SG,24
5927bd43-0336-6bac-b877-8f84f35ff94d,2026-07-10T18:03:17.186,auth,OK,MT103,FAST,1262.13,SGD,**************0476,SG,64
5927bd43-0336-6bac-b877-8f84f35ff94d,2026-07-10T18:03:17.245,validation,OK,MT103,FAST,1262.13,SGD,**************0476,SG,85
5927bd43-0336-6bac-b877-8f84f35ff94d,2026-07-10T18:03:17.314,aml,OK,MT103,FAST,1262.13,SGD,**************0476,SG,173
5927bd43-0336-6bac-b877-8f84f35ff94d,2026-07-10T18:03:17.361,payment-hub,OK,MT103,FAST,1262.13,SGD,**************0476,SG,100
5927bd43-0336-6bac-b877-8f84f35ff94d,2026-07-10T18:03:17.514,core-banking,OK,MT103,FAST,1262.13,SGD,**************0476,SG,240
5927bd43-0336-6bac-b877-8f84f35ff94d,2026-07-10T18:03:17.549,settlement,SETTLED,MT103,FAST,1262.13,SGD,**************0476,SG,398
798b9d8e-58bf-2234-bfb5-6e2111c0df19,2026-07-07T05:22:46.342,gateway,OK,pacs.008,FAST,2951.78,EUR,**************9274,SG,43
798b9d8e-58bf-2234-bfb5-6e2111c0df19,2026-07-07T05:22:46.571,auth,OK,pacs.008,FAST,2951.78,EUR,**************9274,SG,87
798b9d8e-58bf-2234-bfb5-6e2111c0df19,2026-07-07T05:22:46.689,validation,OK,pacs.008,FAST,2951.78,EUR,**************9274,SG,113
798b9d8e-58bf-2234-bfb5-6e2111c0df19,2026-07-07T05:22:46.738,aml,OK,pacs.008,FAST,2951.78,EUR,**************9274,SG,63
798b9d8e-58bf-2234-bfb5-6e2111c0df19,2026-07-07T05:22:46.792,payment-hub,OK,pacs.008,FAST,2951.78,EUR,**************9274,SG,134
798b9d8e-58bf-2234-bfb5-6e2111c0df19,2026-07-07T05:22:46.867,core-banking,OK,pacs.008,FAST,2951.78,EUR,**************9274,SG,194
798b9d8e-58bf-2234-bfb5-6e2111c0df19,2026-07-07T05:22:46.952,settlement,SETTLED,pacs.008,FAST,2951.78,EUR,**************9274,SG,313
9bcfbb29-57e1-9934-ebd5-7c1da23ef9d3,2026-07-04T12:08:27.520,gateway,OK,pacs.008,SWIFT,791.39,SGD,**************3762,MY,43
9bcfbb29-57e1-9934-ebd5-7c1da23ef9d3,2026-07-04T12:08:27.693,auth,OK,pacs.008,SWIFT,791.39,SGD,**************3762,MY,49
9bcfbb29-57e1-9934-ebd5-7c1da23ef9d3,2026-07-04T12:08:27.841,validation,OK,pacs.008,SWIFT,791.39,SGD,**************3762,MY,75
9bcfbb29-57e1-9934-ebd5-7c1da23ef9d3,2026-07-04T12:08:27.916,aml,OK,pacs.008,SWIFT,791.39,SGD,**************3762,MY,125
9bcfbb29-57e1-9934-ebd5-7c1da23ef9d3,2026-07-04T12:08:27.951,payment-hub,OK,pacs.008,SWIFT,791.39,SGD,**************3762,MY,53
9bcfbb29-57e1-9934-ebd5-7c1da23ef9d3,2026-07-04T12:08:28.105,core-banking,OK,pacs.008,SWIFT,791.39,SGD,**************3762,MY,106
9bcfbb29-57e1-9934-ebd5-7c1da23ef9d3,2026-07-04T12:08:28.239,settlement,SETTLED,pacs.008,SWIFT,791.39,SGD,**************3762,MY,374
cc5c4e41-acff-f5a1-689c-d506b6a297b8,2026-07-09T01:12:50.456,gateway,OK,0200,CARDS,343.31,SGD,**************0403,SG,57
cc5c4e41-acff-f5a1-689c-d506b6a297b8,2026-07-09T01:12:50.661,auth,OK,0200,CARDS,343.31,SGD,**************0403,SG,81
cc5c4e41-acff-f5a1-689c-d506b6a297b8,2026-07-09T01:12:50.698,validation,OK,0200,CARDS,343.31,SGD,**************0403,SG,58
cc5c4e41-acff-f5a1-689c-d506b6a297b8,2026-07-09T01:12:50.741,aml,OK,0200,CARDS,343.31,SGD,**************0403,SG,93
cc5c4e41-acff-f5a1-689c-d506b6a297b8,2026-07-09T01:12:50.837,payment-hub,OK,0200,CARDS,343.31,SGD,**************0403,SG,110
cc5c4e41-acff-f5a1-689c-d506b6a297b8,2026-07-09T01:12:51.160,core-banking,OK,0200,CARDS,343.31,SGD,**************0403,SG,82
cc5c4e41-acff-f5a1-689c-d506b6a297b8,2026-07-09T01:12:51.280,settlement,SETTLED,0200,CARDS,343.31,SGD,**************0403,SG,269
1730886c-ec86-42e9-67d1-ec5ef566364b,2026-07-14T18:14:54.071,gateway,OK,pacs.008,SWIFT,532.82,MYR,**************2931,SG,37
1730886c-ec86-42e9-67d1-ec5ef566364b,2026-07-14T18:14:54.130,auth,OK,pacs.008,SWIFT,532.82,MYR,**************2931,SG,47
1730886c-ec86-42e9-67d1-ec5ef566364b,2026-07-14T18:14:54.224,validation,OK,pacs.008,SWIFT,532.82,MYR,**************2931,SG,50
1730886c-ec86-42e9-67d1-ec5ef566364b,2026-07-14T18:14:54.488,aml,TIMEOUT,pacs.008,SWIFT,532.82,MYR,**************2931,SG,30000
1730886c-ec86-42e9-67d1-ec5ef566364b,2026-07-14T18:14:54.547,payment-hub,FAILED,pacs.008,SWIFT,532.82,MYR,**************2931,SG,129
efd6fd9c-2c29-a37e-98bf-8b51e6df4d9c,2026-07-11T14:32:44.327,gateway,OK,pacs.008,FAST,1599.86,SGD,**************3197,SG,46
efd6fd9c-2c29-a37e-98bf-8b51e6df4d9c,2026-07-11T14:32:44.569,auth,OK,pacs.008,FAST,1599.86,SGD,**************3197,SG,44
efd6fd9c-2c29-a37e-98bf-8b51e6df4d9c,2026-07-11T14:32:44.685,validation,OK,pacs.008,FAST,1599.86,SGD,**************3197,SG,64
efd6fd9c-2c29-a37e-98bf-8b51e6df4d9c,2026-07-11T14:32:44.721,aml,OK,pacs.008,FAST,1599.86,SGD,**************3197,SG,245
efd6fd9c-2c29-a37e-98bf-8b51e6df4d9c,2026-07-11T14:32:44.825,payment-hub,OK,pacs.008,FAST,1599.86,SGD,**************3197,SG,116
efd6fd9c-2c29-a37e-98bf-8b51e6df4d9c,2026-07-11T14:32:44.907,core-banking,OK,pacs.008,FAST,1599.86,SGD,**************3197,SG,192
efd6fd9c-2c29-a37e-98bf-8b51e6df4d9c,2026-07-11T14:32:45.063,settlement,SETTLED,pacs.008,FAST,1599.86,SGD,**************3197,SG,267
1f672068-79b3-9fdf-2a98-defdcb805b19,2026-07-05T12:46:01.582,gateway,OK,0200,FAST,1619.09,SGD,**************5310,SG,22
1f672068-79b3-9fdf-2a98-defdcb805b19,2026-07-05T12:46:01.731,auth,OK,0200,FAST,1619.09,SGD,**************5310,SG,74
1f672068-79b3-9fdf-2a98-defdcb805b19,2026-07-05T12:46:01.820,validation,OK,0200,FAST,1619.09,SGD,**************5310,SG,117
1f672068-79b3-9fdf-2a98-defdcb805b19,2026-07-05T12:46:01.936,aml,OK,0200,FAST,1619.09,SGD,**************5310,SG,271
1f672068-79b3-9fdf-2a98-defdcb805b19,2026-07-05T12:46:02.026,payment-hub,OK,0200,FAST,1619.09,SGD,**************5310,SG,134
1f672068-79b3-9fdf-2a98-defdcb805b19,2026-07-05T12:46:02.065,core-banking,OK,0200,FAST,1619.09,SGD,**************5310,SG,91
1f672068-79b3-9fdf-2a98-defdcb805b19,2026-07-05T12:46:02.184,settlement,SETTLED,0200,FAST,1619.09,SGD,**************5310,SG,131
21013202-ab7a-072c-f9b4-3bcd852853aa,2026-07-09T01:04:10.434,gateway,OK,pacs.008,CARDS,5014.43,MYR,**************8619,MY,48
21013202-ab7a-072c-f9b4-3bcd852853aa,2026-07-09T01:04:10.500,auth,OK,pacs.008,CARDS,5014.43,MYR,**************8619,MY,30
21013202-ab7a-072c-f9b4-3bcd852853aa,2026-07-09T01:04:10.563,validation,OK,pacs.008,CARDS,5014.43,MYR,**************8619,MY,55
21013202-ab7a-072c-f9b4-3bcd852853aa,2026-07-09T01:04:10.675,aml,OK,pacs.008,CARDS,5014.43,MYR,**************8619,MY,234
21013202-ab7a-072c-f9b4-3bcd852853aa,2026-07-09T01:04:10.789,payment-hub,OK,pacs.008,CARDS,5014.43,MYR,**************8619,MY,114
21013202-ab7a-072c-f9b4-3bcd852853aa,2026-07-09T01:04:10.868,core-banking,OK,pacs.008,CARDS,5014.43,MYR,**************8619,MY,91
21013202-ab7a-072c-f9b4-3bcd852853aa,2026-07-09T01:04:11.014,settlement,SETTLED,pacs.008,CARDS,5014.43,MYR,**************8619,MY,281
0872fa30-3bbe-1aaf-4a5b-d49e10d9de88,2026-07-09T01:15:04.656,gateway,OK,MT103,SWIFT,72.94,SGD,**************3281,US,24
0872fa30-3bbe-1aaf-4a5b-d49e10d9de88,2026-07-09T01:15:04.742,auth,OK,MT103,SWIFT,72.94,SGD,**************3281,US,24
0872fa30-3bbe-1aaf-4a5b-d49e10d9de88,2026-07-09T01:15:04.873,validation,OK,MT103,SWIFT,72.94,SGD,**************3281,US,97
0872fa30-3bbe-1aaf-4a5b-d49e10d9de88,2026-07-09T01:15:05.064,aml,OK,MT103,SWIFT,72.94,SGD,**************3281,US,298
0872fa30-3bbe-1aaf-4a5b-d49e10d9de88,2026-07-09T01:15:05.111,payment-hub,OK,MT103,SWIFT,72.94,SGD,**************3281,US,99
0872fa30-3bbe-1aaf-4a5b-d49e10d9de88,2026-07-09T01:15:05.213,core-banking,OK,MT103,SWIFT,72.94,SGD,**************3281,US,98
0872fa30-3bbe-1aaf-4a5b-d49e10d9de88,2026-07-09T01:15:05.376,settlement,SETTLED,MT103,SWIFT,72.94,SGD,**************3281,US,101
0f266631-5b61-8132-6bc9-46888b344604,2026-07-07T05:14:29.668,gateway,OK,pacs.008,FAST,2649.21,SGD,**************9056,SG,17
0f266631-5b61-8132-6bc9-46888b344604,2026-07-07T05:14:29.807,auth,OK,pacs.008,FAST,2649.21,SGD,**************9056,SG,58
0f266631-5b61-8132-6bc9-46888b344604,2026-07-07T05:14:29.841,validation,OK,pacs.008,FAST,2649.21,SGD,**************9056,SG,104
0f266631-5b61-8132-6bc9-46888b344604,2026-07-07T05:14:29.925,aml,OK,pacs.008,FAST,2649.21,SGD,**************9056,SG,209
0f266631-5b61-8132-6bc9-46888b344604,2026-07-07T05:14:29.968,payment-hub,OK,pacs.008,FAST,2649.21,SGD,**************9056,SG,41
0f266631-5b61-8132-6bc9-46888b344604,2026-07-07T05:14:30.212,core-banking,OK,pacs.008,FAST,2649.21,SGD,**************9056,SG,219
0f266631-5b61-8132-6bc9-46888b344604,2026-07-07T05:14:30.297,settlement,SETTLED,pacs.008,FAST,2649.21,SGD,**************9056,SG,80
ea8c4c60-34d1-3eec-9b4a-2475d39bb823,2026-07-04T03:59:39.390,gateway,OK,pacs.008,FAST,884.8,SGD,**************4890,SG,40
ea8c4c60-34d1-3eec-9b4a-2475d39bb823,2026-07-04T03:59:39.479,auth,OK,pacs.008,FAST,884.8,SGD,**************4890,SG,41
ea8c4c60-34d1-3eec-9b4a-2475d39bb823,2026-07-04T03:59:39.550,validation,OK,pacs.008,FAST,884.8,SGD,**************4890,SG,112
ea8c4c60-34d1-3eec-9b4a-2475d39bb823,2026-07-04T03:59:39.640,aml,OK,pacs.008,FAST,884.8,SGD,**************4890,SG,119
ea8c4c60-34d1-3eec-9b4a-2475d39bb823,2026-07-04T03:59:39.946,payment-hub,OK,pacs.008,FAST,884.8,SGD,**************4890,SG,78
ea8c4c60-34d1-3eec-9b4a-2475d39bb823,2026-07-04T03:59:40.070,core-banking,OK,pacs.008,FAST,884.8,SGD,**************4890,SG,77
ea8c4c60-34d1-3eec-9b4a-2475d39bb823,2026-07-04T03:59:40.104,settlement,SETTLED,pacs.008,FAST,884.8,SGD,**************4890,SG,226
0a636f98-ac8d-8bd8-ad5e-cfccad89c03b,2026-07-08T11:02:13.619,gateway,OK,pacs.008,FAST,4996.07,EUR,**************7274,IN,33
0a636f98-ac8d-8bd8-ad5e-cfccad89c03b,2026-07-08T11:02:13.692,auth,OK,pacs.008,FAST,4996.07,EUR,**************7274,IN,73
0a636f98-ac8d-8bd8-ad5e-cfccad89c03b,2026-07-08T11:02:13.896,validation,OK,pacs.008,FAST,4996.07,EUR,**************7274,IN,34
0a636f98-ac8d-8bd8-ad5e-cfccad89c03b,2026-07-08T11:02:13.992,aml,OK,pacs.008,FAST,4996.07,EUR,**************7274,IN,115
0a636f98-ac8d-8bd8-ad5e-cfccad89c03b,2026-07-08T11:02:14.238,payment-hub,OK,pacs.008,FAST,4996.07,EUR,**************7274,IN,57
0a636f98-ac8d-8bd8-ad5e-cfccad89c03b,2026-07-08T11:02:14.302,core-banking,OK,pacs.008,FAST,4996.07,EUR,**************7274,IN,132
0a636f98-ac8d-8bd8-ad5e-cfccad89c03b,2026-07-08T11:02:14.371,settlement,SETTLED,pacs.008,FAST,4996.07,EUR,**************7274,IN,373
06a015b1-11a8-c7f3-908c-d612fe8c5ed5,2026-07-05T15:02:17.716,gateway,OK,pacs.008,FAST,595.52,MYR,**************4732,SG,22
06a015b1-11a8-c7f3-908c-d612fe8c5ed5,2026-07-05T15:02:17.866,auth,OK,pacs.008,FAST,595.52,MYR,**************4732,SG,25
06a015b1-11a8-c7f3-908c-d612fe8c5ed5,2026-07-05T15:02:17.917,validation,OK,pacs.008,FAST,595.52,MYR,**************4732,SG,65
06a015b1-11a8-c7f3-908c-d612fe8c5ed5,2026-07-05T15:02:18.035,aml,OK,pacs.008,FAST,595.52,MYR,**************4732,SG,181
06a015b1-11a8-c7f3-908c-d612fe8c5ed5,2026-07-05T15:02:18.145,payment-hub,OK,pacs.008,FAST,595.52,MYR,**************4732,SG,92
06a015b1-11a8-c7f3-908c-d612fe8c5ed5,2026-07-05T15:02:18.172,core-banking,OK,pacs.008,FAST,595.52,MYR,**************4732,SG,162
06a015b1-11a8-c7f3-908c-d612fe8c5ed5,2026-07-05T15:02:18.428,settlement,SETTLED,pacs.008,FAST,595.52,MYR,**************4732,SG,143
71899f29-938e-27ee-744c-1df8a7d44704,2026-07-11T14:24:51.733,gateway,OK,pacs.008,SWIFT,128.81,SGD,**************4256,GB,42
71899f29-938e-27ee-744c-1df8a7d44704,2026-07-11T14:24:51.813,auth,OK,pacs.008,SWIFT,128.81,SGD,**************4256,GB,60
71899f29-938e-27ee-744c-1df8a7d44704,2026-07-11T14:24:52.013,validation,OK,pacs.008,SWIFT,128.81,SGD,**************4256,GB,118
71899f29-938e-27ee-744c-1df8a7d44704,2026-07-11T14:24:52.069,aml,OK,pacs.008,SWIFT,128.81,SGD,**************4256,GB,218
71899f29-938e-27ee-744c-1df8a7d44704,2026-07-11T14:24:52.317,payment-hub,OK,pacs.008,SWIFT,128.81,SGD,**************4256,GB,134
71899f29-938e-27ee-744c-1df8a7d44704,2026-07-11T14:24:52.419,core-banking,OK,pacs.008,SWIFT,128.81,SGD,**************4256,GB,92
71899f29-938e-27ee-744c-1df8a7d44704,2026-07-11T14:24:52.513,settlement,SETTLED,pacs.008,SWIFT,128.81,SGD,**************4256,GB,375
ee2d13b0-b669-6325-4d49-a7eb35aaf7ae,2026-07-09T15:02:37.489,gateway,OK,pacs.008,FAST,841.74,USD,**************2205,IN,46
ee2d13b0-b669-6325-4d49-a7eb35aaf7ae,2026-07-09T15:02:37.607,auth,OK,pacs.008,FAST,841.74,USD,**************2205,IN,72
ee2d13b0-b669-6325-4d49-a7eb35aaf7ae,2026-07-09T15:02:37.685,validation,OK,pacs.008,FAST,841.74,USD,**************2205,IN,27
ee2d13b0-b669-6325-4d49-a7eb35aaf7ae,2026-07-09T15:02:37.826,aml,OK,pacs.008,FAST,841.74,USD,**************2205,IN,179
ee2d13b0-b669-6325-4d49-a7eb35aaf7ae,2026-07-09T15:02:37.910,payment-hub,OK,pacs.008,FAST,841.74,USD,**************2205,IN,58
ee2d13b0-b669-6325-4d49-a7eb35aaf7ae,2026-07-09T15:02:37.985,core-banking,OK,pacs.008,FAST,841.74,USD,**************2205,IN,171
ee2d13b0-b669-6325-4d49-a7eb35aaf7ae,2026-07-09T15:02:38.095,settlement,SETTLED,pacs.008,FAST,841.74,USD,**************2205,IN,354
02de8336-77d0-abeb-cfa2-464837f22359,2026-07-02T15:55:21.716,gateway,OK,pacs.008,CARDS,2859.25,EUR,**************1828,SG,47
02de8336-77d0-abeb-cfa2-464837f22359,2026-07-02T15:55:21.758,auth,OK,pacs.008,CARDS,2859.25,EUR,**************1828,SG,49
02de8336-77d0-abeb-cfa2-464837f22359,2026-07-02T15:55:21.801,validation,OK,pacs.008,CARDS,2859.25,EUR,**************1828,SG,33
02de8336-77d0-abeb-cfa2-464837f22359,2026-07-02T15:55:21.854,aml,OK,pacs.008,CARDS,2859.25,EUR,**************1828,SG,111
02de8336-77d0-abeb-cfa2-464837f22359,2026-07-02T15:55:22.113,payment-hub,OK,pacs.008,CARDS,2859.25,EUR,**************1828,SG,61
02de8336-77d0-abeb-cfa2-464837f22359,2026-07-02T15:55:22.186,core-banking,OK,pacs.008,CARDS,2859.25,EUR,**************1828,SG,67
02de8336-77d0-abeb-cfa2-464837f22359,2026-07-02T15:55:22.304,settlement,SETTLED,pacs.008,CARDS,2859.25,EUR,**************1828,SG,135
99a65746-a0a5-78d9-5ed3-b0fd970b16eb,2026-07-08T19:27:17.905,gateway,OK,pacs.008,FAST,429.96,SGD,**************0232,GB,32
99a65746-a0a5-78d9-5ed3-b0fd970b16eb,2026-07-08T19:27:17.970,auth,OK,pacs.008,FAST,429.96,SGD,**************0232,GB,27
99a65746-a0a5-78d9-5ed3-b0fd970b16eb,2026-07-08T19:27:18.051,validation,OK,pacs.008,FAST,429.96,SGD,**************0232,GB,111
99a65746-a0a5-78d9-5ed3-b0fd970b16eb,2026-07-08T19:27:18.115,aml,OK,pacs.008,FAST,429.96,SGD,**************0232,GB,63
99a65746-a0a5-78d9-5ed3-b0fd970b16eb,2026-07-08T19:27:18.192,payment-hub,OK,pacs.008,FAST,429.96,SGD,**************0232,GB,42
99a65746-a0a5-78d9-5ed3-b0fd970b16eb,2026-07-08T19:27:18.283,core-banking,OK,pacs.008,FAST,429.96,SGD,**************0232,GB,144
99a65746-a0a5-78d9-5ed3-b0fd970b16eb,2026-07-08T19:27:18.364,settlement,SETTLED,pacs.008,FAST,429.96,SGD,**************0232,GB,104
bd0f78cc-1319-32d7-93bc-8ec8e4dc26e1,2026-07-11T21:22:53.112,gateway,OK,pacs.008,FAST,577.61,GBP,**************6832,SG,43
bd0f78cc-1319-32d7-93bc-8ec8e4dc26e1,2026-07-11T21:22:53.175,auth,OK,pacs.008,FAST,577.61,GBP,**************6832,SG,48
bd0f78cc-1319-32d7-93bc-8ec8e4dc26e1,2026-07-11T21:22:53.412,validation,OK,pacs.008,FAST,577.61,GBP,**************6832,SG,84
bd0f78cc-1319-32d7-93bc-8ec8e4dc26e1,2026-07-11T21:22:53.521,aml,OK,pacs.008,FAST,577.61,GBP,**************6832,SG,50
bd0f78cc-1319-32d7-93bc-8ec8e4dc26e1,2026-07-11T21:22:53.727,payment-hub,OK,pacs.008,FAST,577.61,GBP,**************6832,SG,119
bd0f78cc-1319-32d7-93bc-8ec8e4dc26e1,2026-07-11T21:22:53.813,core-banking,OK,pacs.008,FAST,577.61,GBP,**************6832,SG,121
bd0f78cc-1319-32d7-93bc-8ec8e4dc26e1,2026-07-11T21:22:53.879,settlement,SETTLED,pacs.008,FAST,577.61,GBP,**************6832,SG,162
f9437d70-b688-bb46-df10-2a51a73e4cb1,2026-07-05T16:26:12.658,gateway,OK,MT103,FAST,1922.07,SGD,**************0946,SG,28
f9437d70-b688-bb46-df10-2a51a73e4cb1,2026-07-05T16:26:12.704,auth,OK,MT103,FAST,1922.07,SGD,**************0946,SG,37
f9437d70-b688-bb46-df10-2a51a73e4cb1,2026-07-05T16:26:12.832,validation,OK,MT103,FAST,1922.07,SGD,**************0946,SG,41
f9437d70-b688-bb46-df10-2a51a73e4cb1,2026-07-05T16:26:12.910,aml,TIMEOUT,MT103,FAST,1922.07,SGD,**************0946,SG,30000
f9437d70-b688-bb46-df10-2a51a73e4cb1,2026-07-05T16:26:13.004,payment-hub,FAILED,MT103,FAST,1922.07,SGD,**************0946,SG,70
a4fd3d2d-1f3c-1a4b-e7f1-475a6cfb9730,2026-07-11T21:51:35.284,gateway,OK,pacs.008,SWIFT,1060.17,SGD,**************7060,MY,38
a4fd3d2d-1f3c-1a4b-e7f1-475a6cfb9730,2026-07-11T21:51:35.333,auth,OK,pacs.008,SWIFT,1060.17,SGD,**************7060,MY,76
a4fd3d2d-1f3c-1a4b-e7f1-475a6cfb9730,2026-07-11T21:51:35.452,validation,OK,pacs.008,SWIFT,1060.17,SGD,**************7060,MY,90
a4fd3d2d-1f3c-1a4b-e7f1-475a6cfb9730,2026-07-11T21:51:35.532,aml,OK,pacs.008,SWIFT,1060.17,SGD,**************7060,MY,285
a4fd3d2d-1f3c-1a4b-e7f1-475a6cfb9730,2026-07-11T21:51:35.609,payment-hub,OK,pacs.008,SWIFT,1060.17,SGD,**************7060,MY,136
a4fd3d2d-1f3c-1a4b-e7f1-475a6cfb9730,2026-07-11T21:51:35.673,core-banking,OK,pacs.008,SWIFT,1060.17,SGD,**************7060,MY,156
a4fd3d2d-1f3c-1a4b-e7f1-475a6cfb9730,2026-07-11T21:51:35.733,settlement,SETTLED,pacs.008,SWIFT,1060.17,SGD,**************7060,MY,245
c77ad7ca-421c-6498-bc20-1d67a5a7af79,2026-07-15T00:22:05.838,gateway,OK,pacs.008,SWIFT,2056.39,SGD,**************4305,SG,32
c77ad7ca-421c-6498-bc20-1d67a5a7af79,2026-07-15T00:22:06.064,auth,OK,pacs.008,SWIFT,2056.39,SGD,**************4305,SG,39
c77ad7ca-421c-6498-bc20-1d67a5a7af79,2026-07-15T00:22:06.165,validation,OK,pacs.008,SWIFT,2056.39,SGD,**************4305,SG,56
c77ad7ca-421c-6498-bc20-1d67a5a7af79,2026-07-15T00:22:06.242,aml,OK,pacs.008,SWIFT,2056.39,SGD,**************4305,SG,148
c77ad7ca-421c-6498-bc20-1d67a5a7af79,2026-07-15T00:22:06.338,payment-hub,OK,pacs.008,SWIFT,2056.39,SGD,**************4305,SG,133
c77ad7ca-421c-6498-bc20-1d67a5a7af79,2026-07-15T00:22:06.433,core-banking,OK,pacs.008,SWIFT,2056.39,SGD,**************4305,SG,226
c77ad7ca-421c-6498-bc20-1d67a5a7af79,2026-07-15T00:22:06.609,settlement,SETTLED,pacs.008,SWIFT,2056.39,SGD,**************4305,SG,250
3eb45742-3f9b-b5d9-8200-5e8e0125e666,2026-07-03T05:29:06.655,gateway,OK,pacs.008,SWIFT,311.22,SGD,**************7487,SG,20
3eb45742-3f9b-b5d9-8200-5e8e0125e666,2026-07-03T05:29:06.705,auth,OK,pacs.008,SWIFT,311.22,SGD,**************7487,SG,31
3eb45742-3f9b-b5d9-8200-5e8e0125e666,2026-07-03T05:29:06.755,validation,OK,pacs.008,SWIFT,311.22,SGD,**************7487,SG,65
3eb45742-3f9b-b5d9-8200-5e8e0125e666,2026-07-03T05:29:06.838,aml,OK,pacs.008,SWIFT,311.22,SGD,**************7487,SG,277
3eb45742-3f9b-b5d9-8200-5e8e0125e666,2026-07-03T05:29:06.922,payment-hub,OK,pacs.008,SWIFT,311.22,SGD,**************7487,SG,109
3eb45742-3f9b-b5d9-8200-5e8e0125e666,2026-07-03T05:29:07.092,core-banking,OK,pacs.008,SWIFT,311.22,SGD,**************7487,SG,131
3eb45742-3f9b-b5d9-8200-5e8e0125e666,2026-07-03T05:29:07.182,settlement,SETTLED,pacs.008,SWIFT,311.22,SGD,**************7487,SG,165
224f8caf-ca17-cb52-2684-ca36c433fafe,2026-07-03T12:13:52.399,gateway,OK,pacs.008,SWIFT,449.14,MYR,**************0967,SG,19
224f8caf-ca17-cb52-2684-ca36c433fafe,2026-07-03T12:13:52.553,auth,OK,pacs.008,SWIFT,449.14,MYR,**************0967,SG,43
224f8caf-ca17-cb52-2684-ca36c433fafe,2026-07-03T12:13:52.682,validation,OK,pacs.008,SWIFT,449.14,MYR,**************0967,SG,40
224f8caf-ca17-cb52-2684-ca36c433fafe,2026-07-03T12:13:52.764,aml,OK,pacs.008,SWIFT,449.14,MYR,**************0967,SG,63
224f8caf-ca17-cb52-2684-ca36c433fafe,2026-07-03T12:13:52.839,payment-hub,OK,pacs.008,SWIFT,449.14,MYR,**************0967,SG,63
224f8caf-ca17-cb52-2684-ca36c433fafe,2026-07-03T12:13:52.946,core-banking,OK,pacs.008,SWIFT,449.14,MYR,**************0967,SG,186
224f8caf-ca17-cb52-2684-ca36c433fafe,2026-07-03T12:13:53.153,settlement,SETTLED,pacs.008,SWIFT,449.14,MYR,**************0967,SG,347
32b25183-5d2a-f7f3-0651-671cb66e0342,2026-07-03T17:25:10.482,gateway,OK,MT103,SWIFT,295.76,MYR,**************0964,MY,43
32b25183-5d2a-f7f3-0651-671cb66e0342,2026-07-03T17:25:10.537,auth,OK,MT103,SWIFT,295.76,MYR,**************0964,MY,32
32b25183-5d2a-f7f3-0651-671cb66e0342,2026-07-03T17:25:10.654,validation,OK,MT103,SWIFT,295.76,MYR,**************0964,MY,63
32b25183-5d2a-f7f3-0651-671cb66e0342,2026-07-03T17:25:10.859,aml,OK,MT103,SWIFT,295.76,MYR,**************0964,MY,109
32b25183-5d2a-f7f3-0651-671cb66e0342,2026-07-03T17:25:10.916,payment-hub,OK,MT103,SWIFT,295.76,MYR,**************0964,MY,54
32b25183-5d2a-f7f3-0651-671cb66e0342,2026-07-03T17:25:10.985,core-banking,OK,MT103,SWIFT,295.76,MYR,**************0964,MY,165
32b25183-5d2a-f7f3-0651-671cb66e0342,2026-07-03T17:25:11.070,settlement,SETTLED,MT103,SWIFT,295.76,MYR,**************0964,MY,223
d02ed9a7-46b2-7a55-eeb9-7705716e4771,2026-07-11T21:58:22.445,gateway,OK,pacs.008,CARDS,180.96,EUR,**************6202,SG,21
d02ed9a7-46b2-7a55-eeb9-7705716e4771,2026-07-11T21:58:22.510,auth,OK,pacs.008,CARDS,180.96,EUR,**************6202,SG,21
d02ed9a7-46b2-7a55-eeb9-7705716e4771,2026-07-11T21:58:22.641,validation,OK,pacs.008,CARDS,180.96,EUR,**************6202,SG,35
d02ed9a7-46b2-7a55-eeb9-7705716e4771,2026-07-11T21:58:22.687,aml,OK,pacs.008,CARDS,180.96,EUR,**************6202,SG,186
d02ed9a7-46b2-7a55-eeb9-7705716e4771,2026-07-11T21:58:23.012,payment-hub,OK,pacs.008,CARDS,180.96,EUR,**************6202,SG,31
d02ed9a7-46b2-7a55-eeb9-7705716e4771,2026-07-11T21:58:23.063,core-banking,OK,pacs.008,CARDS,180.96,EUR,**************6202,SG,91
d02ed9a7-46b2-7a55-eeb9-7705716e4771,2026-07-11T21:58:23.366,settlement,SETTLED,pacs.008,CARDS,180.96,EUR,**************6202,SG,233
1d1d89e2-30f0-4fc9-eb99-1101654f47ae,2026-07-09T05:02:10.163,gateway,OK,MT103,SWIFT,38.09,SGD,**************3654,SG,33
1d1d89e2-30f0-4fc9-eb99-1101654f47ae,2026-07-09T05:02:10.418,auth,OK,MT103,SWIFT,38.09,SGD,**************3654,SG,82
1d1d89e2-30f0-4fc9-eb99-1101654f47ae,2026-07-09T05:02:10.560,validation,OK,MT103,SWIFT,38.09,SGD,**************3654,SG,99
1d1d89e2-30f0-4fc9-eb99-1101654f47ae,2026-07-09T05:02:10.699,aml,OK,MT103,SWIFT,38.09,SGD,**************3654,SG,130
1d1d89e2-30f0-4fc9-eb99-1101654f47ae,2026-07-09T05:02:10.828,payment-hub,OK,MT103,SWIFT,38.09,SGD,**************3654,SG,128
1d1d89e2-30f0-4fc9-eb99-1101654f47ae,2026-07-09T05:02:11.035,core-banking,OK,MT103,SWIFT,38.09,SGD,**************3654,SG,139
1d1d89e2-30f0-4fc9-eb99-1101654f47ae,2026-07-09T05:02:11.146,settlement,SETTLED,MT103,SWIFT,38.09,SGD,**************3654,SG,102
d73ef587-ebe1-c953-d7ea-5fe5279a08fe,2026-07-14T15:55:05.303,gateway,OK,pacs.008,FAST,241.79,USD,**************6887,SG,33
d73ef587-ebe1-c953-d7ea-5fe5279a08fe,2026-07-14T15:55:05.473,auth,OK,pacs.008,FAST,241.79,USD,**************6887,SG,28
d73ef587-ebe1-c953-d7ea-5fe5279a08fe,2026-07-14T15:55:05.539,validation,OK,pacs.008,FAST,241.79,USD,**************6887,SG,84
d73ef587-ebe1-c953-d7ea-5fe5279a08fe,2026-07-14T15:55:05.570,aml,OK,pacs.008,FAST,241.79,USD,**************6887,SG,106
d73ef587-ebe1-c953-d7ea-5fe5279a08fe,2026-07-14T15:55:05.677,payment-hub,OK,pacs.008,FAST,241.79,USD,**************6887,SG,108
d73ef587-ebe1-c953-d7ea-5fe5279a08fe,2026-07-14T15:55:05.941,core-banking,OK,pacs.008,FAST,241.79,USD,**************6887,SG,133
d73ef587-ebe1-c953-d7ea-5fe5279a08fe,2026-07-14T15:55:05.963,settlement,SETTLED,pacs.008,FAST,241.79,USD,**************6887,SG,272
90a824f3-21d0-46cf-3b3b-4b4040c8fe55,2026-07-08T19:34:06.855,gateway,OK,pacs.008,FAST,607.68,USD,**************5073,IN,19
90a824f3-21d0-46cf-3b3b-4b4040c8fe55,2026-07-08T19:34:06.971,auth,OK,pacs.008,FAST,607.68,USD,**************5073,IN,83
90a824f3-21d0-46cf-3b3b-4b4040c8fe55,2026-07-08T19:34:07.093,validation,OK,pacs.008,FAST,607.68,USD,**************5073,IN,59
90a824f3-21d0-46cf-3b3b-4b4040c8fe55,2026-07-08T19:34:07.216,aml,OK,pacs.008,FAST,607.68,USD,**************5073,IN,126
90a824f3-21d0-46cf-3b3b-4b4040c8fe55,2026-07-08T19:34:07.313,payment-hub,OK,pacs.008,FAST,607.68,USD,**************5073,IN,119
90a824f3-21d0-46cf-3b3b-4b4040c8fe55,2026-07-08T19:34:07.372,core-banking,OK,pacs.008,FAST,607.68,USD,**************5073,IN,157
90a824f3-21d0-46cf-3b3b-4b4040c8fe55,2026-07-08T19:34:07.437,settlement,SETTLED,pacs.008,FAST,607.68,USD,**************5073,IN,194
7c2a13d3-58b9-728a-1c1f-35cdefd58834,2026-07-03T13:01:59.294,gateway,OK,pacs.008,FAST,1051.1,SGD,**************8833,IN,32
7c2a13d3-58b9-728a-1c1f-35cdefd58834,2026-07-03T13:01:59.419,auth,OK,pacs.008,FAST,1051.1,SGD,**************8833,IN,55
7c2a13d3-58b9-728a-1c1f-35cdefd58834,2026-07-03T13:01:59.481,validation,OK,pacs.008,FAST,1051.1,SGD,**************8833,IN,44
7c2a13d3-58b9-728a-1c1f-35cdefd58834,2026-07-03T13:01:59.550,aml,OK,pacs.008,FAST,1051.1,SGD,**************8833,IN,156
7c2a13d3-58b9-728a-1c1f-35cdefd58834,2026-07-03T13:01:59.662,payment-hub,OK,pacs.008,FAST,1051.1,SGD,**************8833,IN,51
7c2a13d3-58b9-728a-1c1f-35cdefd58834,2026-07-03T13:01:59.780,core-banking,OK,pacs.008,FAST,1051.1,SGD,**************8833,IN,144
7c2a13d3-58b9-728a-1c1f-35cdefd58834,2026-07-03T13:01:59.889,settlement,SETTLED,pacs.008,FAST,1051.1,SGD,**************8833,IN,350
ac12d939-1532-8a18-516a-f77b03ca5731,2026-07-07T15:09:25.594,gateway,OK,pacs.008,CARDS,477.54,EUR,**************0383,MY,38
ac12d939-1532-8a18-516a-f77b03ca5731,2026-07-07T15:09:25.633,auth,OK,pacs.008,CARDS,477.54,EUR,**************0383,MY,75
ac12d939-1532-8a18-516a-f77b03ca5731,2026-07-07T15:09:25.762,validation,OK,pacs.008,CARDS,477.54,EUR,**************0383,MY,29
ac12d939-1532-8a18-516a-f77b03ca5731,2026-07-07T15:09:25.822,aml,OK,pacs.008,CARDS,477.54,EUR,**************0383,MY,231
ac12d939-1532-8a18-516a-f77b03ca5731,2026-07-07T15:09:25.991,payment-hub,OK,pacs.008,CARDS,477.54,EUR,**************0383,MY,69
ac12d939-1532-8a18-516a-f77b03ca5731,2026-07-07T15:09:26.112,core-banking,OK,pacs.008,CARDS,477.54,EUR,**************0383,MY,165
ac12d939-1532-8a18-516a-f77b03ca5731,2026-07-07T15:09:26.218,settlement,SETTLED,pacs.008,CARDS,477.54,EUR,**************0383,MY,398
d449cf5f-fd94-e83c-0f40-8cfb80ee1eb2,2026-07-05T12:28:56.774,gateway,OK,pacs.008,CARDS,64.03,SGD,**************5769,HK,19
d449cf5f-fd94-e83c-0f40-8cfb80ee1eb2,2026-07-05T12:28:56.919,auth,OK,pacs.008,CARDS,64.03,SGD,**************5769,HK,45
d449cf5f-fd94-e83c-0f40-8cfb80ee1eb2,2026-07-05T12:28:57.034,validation,OK,pacs.008,CARDS,64.03,SGD,**************5769,HK,84
d449cf5f-fd94-e83c-0f40-8cfb80ee1eb2,2026-07-05T12:28:57.169,aml,OK,pacs.008,CARDS,64.03,SGD,**************5769,HK,123
d449cf5f-fd94-e83c-0f40-8cfb80ee1eb2,2026-07-05T12:28:57.239,payment-hub,OK,pacs.008,CARDS,64.03,SGD,**************5769,HK,52
d449cf5f-fd94-e83c-0f40-8cfb80ee1eb2,2026-07-05T12:28:57.556,core-banking,OK,pacs.008,CARDS,64.03,SGD,**************5769,HK,102
d449cf5f-fd94-e83c-0f40-8cfb80ee1eb2,2026-07-05T12:28:57.604,settlement,SETTLED,pacs.008,CARDS,64.03,SGD,**************5769,HK,81
f00a9b26-f11d-2dd4-5836-e832b2161d11,2026-07-10T02:12:18.597,gateway,OK,MT103,FAST,161.83,USD,**************3977,SG,60
f00a9b26-f11d-2dd4-5836-e832b2161d11,2026-07-10T02:12:18.767,auth,OK,MT103,FAST,161.83,USD,**************3977,SG,53
f00a9b26-f11d-2dd4-5836-e832b2161d11,2026-07-10T02:12:18.848,validation,OK,MT103,FAST,161.83,USD,**************3977,SG,41
f00a9b26-f11d-2dd4-5836-e832b2161d11,2026-07-10T02:12:18.904,aml,OK,MT103,FAST,161.83,USD,**************3977,SG,254
f00a9b26-f11d-2dd4-5836-e832b2161d11,2026-07-10T02:12:19.055,payment-hub,OK,MT103,FAST,161.83,USD,**************3977,SG,72
f00a9b26-f11d-2dd4-5836-e832b2161d11,2026-07-10T02:12:19.140,core-banking,OK,MT103,FAST,161.83,USD,**************3977,SG,206
f00a9b26-f11d-2dd4-5836-e832b2161d11,2026-07-10T02:12:19.261,settlement,SETTLED,MT103,FAST,161.83,USD,**************3977,SG,315
1e15c14b-b7f1-e286-f7f9-49dd321e4b4e,2026-07-06T18:24:12.635,gateway,OK,pacs.008,FAST,120.8,SGD,**************9033,GB,40
1e15c14b-b7f1-e286-f7f9-49dd321e4b4e,2026-07-06T18:24:12.695,auth,OK,pacs.008,FAST,120.8,SGD,**************9033,GB,65
1e15c14b-b7f1-e286-f7f9-49dd321e4b4e,2026-07-06T18:24:12.830,validation,OK,pacs.008,FAST,120.8,SGD,**************9033,GB,56
1e15c14b-b7f1-e286-f7f9-49dd321e4b4e,2026-07-06T18:24:13.063,aml,OK,pacs.008,FAST,120.8,SGD,**************9033,GB,294
1e15c14b-b7f1-e286-f7f9-49dd321e4b4e,2026-07-06T18:24:13.225,payment-hub,OK,pacs.008,FAST,120.8,SGD,**************9033,GB,38
1e15c14b-b7f1-e286-f7f9-49dd321e4b4e,2026-07-06T18:24:13.314,core-banking,OK,pacs.008,FAST,120.8,SGD,**************9033,GB,75
1e15c14b-b7f1-e286-f7f9-49dd321e4b4e,2026-07-06T18:24:13.534,settlement,SETTLED,pacs.008,FAST,120.8,SGD,**************9033,GB,121
d697042f-1739-2b79-564f-8b9d52d1f73d,2026-07-05T07:04:11.623,gateway,OK,0200,FAST,869.05,SGD,**************3942,IN,32
d697042f-1739-2b79-564f-8b9d52d1f73d,2026-07-05T07:04:11.871,auth,OK,0200,FAST,869.05,SGD,**************3942,IN,38
d697042f-1739-2b79-564f-8b9d52d1f73d,2026-07-05T07:04:11.968,validation,OK,0200,FAST,869.05,SGD,**************3942,IN,86
d697042f-1739-2b79-564f-8b9d52d1f73d,2026-07-05T07:04:12.295,aml,OK,0200,FAST,869.05,SGD,**************3942,IN,137
d697042f-1739-2b79-564f-8b9d52d1f73d,2026-07-05T07:04:12.567,payment-hub,OK,0200,FAST,869.05,SGD,**************3942,IN,94
d697042f-1739-2b79-564f-8b9d52d1f73d,2026-07-05T07:04:12.616,core-banking,OK,0200,FAST,869.05,SGD,**************3942,IN,84
d697042f-1739-2b79-564f-8b9d52d1f73d,2026-07-05T07:04:12.899,settlement,SETTLED,0200,FAST,869.05,SGD,**************3942,IN,391
480247e3-ece7-53ed-b6e2-94b3afec686a,2026-07-10T23:25:05.507,gateway,OK,0200,FAST,958.96,SGD,**************5638,SG,21
480247e3-ece7-53ed-b6e2-94b3afec686a,2026-07-10T23:25:05.577,auth,OK,0200,FAST,958.96,SGD,**************5638,SG,32
480247e3-ece7-53ed-b6e2-94b3afec686a,2026-07-10T23:25:05.836,validation,OK,0200,FAST,958.96,SGD,**************5638,SG,116
480247e3-ece7-53ed-b6e2-94b3afec686a,2026-07-10T23:25:06.032,aml,OK,0200,FAST,958.96,SGD,**************5638,SG,116
480247e3-ece7-53ed-b6e2-94b3afec686a,2026-07-10T23:25:06.099,payment-hub,OK,0200,FAST,958.96,SGD,**************5638,SG,72
480247e3-ece7-53ed-b6e2-94b3afec686a,2026-07-10T23:25:06.157,core-banking,OK,0200,FAST,958.96,SGD,**************5638,SG,135
480247e3-ece7-53ed-b6e2-94b3afec686a,2026-07-10T23:25:06.256,settlement,SETTLED,0200,FAST,958.96,SGD,**************5638,SG,167
3f1a3f16-83b7-8889-2fa8-e5210f85f016,2026-07-04T19:56:54.069,gateway,OK,pacs.008,FAST,596.09,MYR,**************3805,IN,30
3f1a3f16-83b7-8889-2fa8-e5210f85f016,2026-07-04T19:56:54.159,auth,OK,pacs.008,FAST,596.09,MYR,**************3805,IN,70
3f1a3f16-83b7-8889-2fa8-e5210f85f016,2026-07-04T19:56:54.214,validation,OK,pacs.008,FAST,596.09,MYR,**************3805,IN,82
3f1a3f16-83b7-8889-2fa8-e5210f85f016,2026-07-04T19:56:54.306,aml,OK,pacs.008,FAST,596.09,MYR,**************3805,IN,185
3f1a3f16-83b7-8889-2fa8-e5210f85f016,2026-07-04T19:56:54.383,payment-hub,OK,pacs.008,FAST,596.09,MYR,**************3805,IN,98
3f1a3f16-83b7-8889-2fa8-e5210f85f016,2026-07-04T19:56:54.446,core-banking,OK,pacs.008,FAST,596.09,MYR,**************3805,IN,140
3f1a3f16-83b7-8889-2fa8-e5210f85f016,2026-07-04T19:56:54.509,settlement,SETTLED,pacs.008,FAST,596.09,MYR,**************3805,IN,192
849ed423-0b1c-ac8e-ffbf-641f092c42be,2026-07-03T12:39:46.494,gateway,OK,pacs.008,FAST,2224.8,SGD,**************1899,SG,26
849ed423-0b1c-ac8e-ffbf-641f092c42be,2026-07-03T12:39:46.702,auth,OK,pacs.008,FAST,2224.8,SGD,**************1899,SG,85
849ed423-0b1c-ac8e-ffbf-641f092c42be,2026-07-03T12:39:46.761,validation,OK,pacs.008,FAST,2224.8,SGD,**************1899,SG,87
849ed423-0b1c-ac8e-ffbf-641f092c42be,2026-07-03T12:39:46.901,aml,OK,pacs.008,FAST,2224.8,SGD,**************1899,SG,178
849ed423-0b1c-ac8e-ffbf-641f092c42be,2026-07-03T12:39:47.100,payment-hub,OK,pacs.008,FAST,2224.8,SGD,**************1899,SG,140
849ed423-0b1c-ac8e-ffbf-641f092c42be,2026-07-03T12:39:47.161,core-banking,OK,pacs.008,FAST,2224.8,SGD,**************1899,SG,141
849ed423-0b1c-ac8e-ffbf-641f092c42be,2026-07-03T12:39:47.247,settlement,SETTLED,pacs.008,FAST,2224.8,SGD,**************1899,SG,121
0973601a-d8bc-3ef3-2bce-631077d06ddd,2026-07-13T23:02:40.852,gateway,OK,pacs.008,FAST,317.1,INR,**************4841,SG,43
0973601a-d8bc-3ef3-2bce-631077d06ddd,2026-07-13T23:02:40.913,auth,OK,pacs.008,FAST,317.1,INR,**************4841,SG,86
0973601a-d8bc-3ef3-2bce-631077d06ddd,2026-07-13T23:02:40.964,validation,OK,pacs.008,FAST,317.1,INR,**************4841,SG,94
0973601a-d8bc-3ef3-2bce-631077d06ddd,2026-07-13T23:02:41.088,aml,OK,pacs.008,FAST,317.1,INR,**************4841,SG,44
0973601a-d8bc-3ef3-2bce-631077d06ddd,2026-07-13T23:02:41.317,payment-hub,OK,pacs.008,FAST,317.1,INR,**************4841,SG,104
0973601a-d8bc-3ef3-2bce-631077d06ddd,2026-07-13T23:02:41.489,core-banking,OK,pacs.008,FAST,317.1,INR,**************4841,SG,237
0973601a-d8bc-3ef3-2bce-631077d06ddd,2026-07-13T23:02:41.563,settlement,SETTLED,pacs.008,FAST,317.1,INR,**************4841,SG,104
62637923-ccd8-48ad-8bce-f0711bb51e04,2026-07-05T21:20:18.567,gateway,OK,0200,SWIFT,182.59,MYR,**************3704,SG,29
62637923-ccd8-48ad-8bce-f0711bb51e04,2026-07-05T21:20:18.729,auth,OK,0200,SWIFT,182.59,MYR,**************3704,SG,37
62637923-ccd8-48ad-8bce-f0711bb51e04,2026-07-05T21:20:18.870,validation,OK,0200,SWIFT,182.59,MYR,**************3704,SG,58
62637923-ccd8-48ad-8bce-f0711bb51e04,2026-07-05T21:20:19.040,aml,OK,0200,SWIFT,182.59,MYR,**************3704,SG,279
62637923-ccd8-48ad-8bce-f0711bb51e04,2026-07-05T21:20:19.133,payment-hub,OK,0200,SWIFT,182.59,MYR,**************3704,SG,91
62637923-ccd8-48ad-8bce-f0711bb51e04,2026-07-05T21:20:19.217,core-banking,OK,0200,SWIFT,182.59,MYR,**************3704,SG,140
62637923-ccd8-48ad-8bce-f0711bb51e04,2026-07-05T21:20:19.348,settlement,SETTLED,0200,SWIFT,182.59,MYR,**************3704,SG,143
a7209177-3510-a493-e6a1-ad0358be47a6,2026-07-12T01:25:56.581,gateway,OK,MT103,SWIFT,1484.92,EUR,**************0087,SG,37
a7209177-3510-a493-e6a1-ad0358be47a6,2026-07-12T01:25:56.791,auth,OK,MT103,SWIFT,1484.92,EUR,**************0087,SG,64
a7209177-3510-a493-e6a1-ad0358be47a6,2026-07-12T01:25:56.876,validation,OK,MT103,SWIFT,1484.92,EUR,**************0087,SG,53
a7209177-3510-a493-e6a1-ad0358be47a6,2026-07-12T01:25:56.983,aml,OK,MT103,SWIFT,1484.92,EUR,**************0087,SG,262
a7209177-3510-a493-e6a1-ad0358be47a6,2026-07-12T01:25:57.115,payment-hub,OK,MT103,SWIFT,1484.92,EUR,**************0087,SG,59
a7209177-3510-a493-e6a1-ad0358be47a6,2026-07-12T01:25:57.177,core-banking,OK,MT103,SWIFT,1484.92,EUR,**************0087,SG,144
a7209177-3510-a493-e6a1-ad0358be47a6,2026-07-12T01:25:57.213,settlement,SETTLED,MT103,SWIFT,1484.92,EUR,**************0087,SG,307
babaad13-2b11-080f-8b96-15092eb3da4a,2026-07-03T23:46:59.032,gateway,OK,MT103,SWIFT,4812.84,SGD,**************3817,SG,17
babaad13-2b11-080f-8b96-15092eb3da4a,2026-07-03T23:46:59.194,auth,OK,MT103,SWIFT,4812.84,SGD,**************3817,SG,54
babaad13-2b11-080f-8b96-15092eb3da4a,2026-07-03T23:46:59.236,validation,OK,MT103,SWIFT,4812.84,SGD,**************3817,SG,89
babaad13-2b11-080f-8b96-15092eb3da4a,2026-07-03T23:46:59.484,aml,OK,MT103,SWIFT,4812.84,SGD,**************3817,SG,283
babaad13-2b11-080f-8b96-15092eb3da4a,2026-07-03T23:46:59.589,payment-hub,OK,MT103,SWIFT,4812.84,SGD,**************3817,SG,58
babaad13-2b11-080f-8b96-15092eb3da4a,2026-07-03T23:47:29.596,core-banking,OK,MT103,SWIFT,4812.84,SGD,**************3817,SG,93
babaad13-2b11-080f-8b96-15092eb3da4a,2026-07-03T23:47:29.656,settlement,SETTLED,MT103,SWIFT,4812.84,SGD,**************3817,SG,274
00b871a8-28bc-c621-89f4-58569e91674a,2026-07-13T10:30:10.612,gateway,OK,MT103,CARDS,395.43,SGD,**************0579,SG,60
00b871a8-28bc-c621-89f4-58569e91674a,2026-07-13T10:30:10.695,auth,OK,MT103,CARDS,395.43,SGD,**************0579,SG,28
00b871a8-28bc-c621-89f4-58569e91674a,2026-07-13T10:30:10.812,validation,OK,MT103,CARDS,395.43,SGD,**************0579,SG,25
00b871a8-28bc-c621-89f4-58569e91674a,2026-07-13T10:30:11.014,aml,OK,MT103,CARDS,395.43,SGD,**************0579,SG,293
00b871a8-28bc-c621-89f4-58569e91674a,2026-07-13T10:30:11.069,payment-hub,OK,MT103,CARDS,395.43,SGD,**************0579,SG,116
00b871a8-28bc-c621-89f4-58569e91674a,2026-07-13T10:30:11.152,core-banking,OK,MT103,CARDS,395.43,SGD,**************0579,SG,92
00b871a8-28bc-c621-89f4-58569e91674a,2026-07-13T10:30:11.230,settlement,SETTLED,MT103,CARDS,395.43,SGD,**************0579,SG,186
2a727f73-d479-f931-4080-990f45738c5e,2026-07-03T09:32:24.313,gateway,OK,pacs.008,FAST,36.9,USD,**************3230,IN,52
2a727f73-d479-f931-4080-990f45738c5e,2026-07-03T09:32:24.398,auth,OK,pacs.008,FAST,36.9,USD,**************3230,IN,73
2a727f73-d479-f931-4080-990f45738c5e,2026-07-03T09:32:24.532,validation,OK,pacs.008,FAST,36.9,USD,**************3230,IN,84
2a727f73-d479-f931-4080-990f45738c5e,2026-07-03T09:32:24.644,aml,OK,pacs.008,FAST,36.9,USD,**************3230,IN,55
2a727f73-d479-f931-4080-990f45738c5e,2026-07-03T09:32:24.706,payment-hub,OK,pacs.008,FAST,36.9,USD,**************3230,IN,108
2a727f73-d479-f931-4080-990f45738c5e,2026-07-03T09:32:24.930,core-banking,OK,pacs.008,FAST,36.9,USD,**************3230,IN,233
2a727f73-d479-f931-4080-990f45738c5e,2026-07-03T09:32:25.077,settlement,SETTLED,pacs.008,FAST,36.9,USD,**************3230,IN,88
deef179a-54ff-37e4-3445-247b54f28a45,2026-07-14T23:27:11.093,gateway,OK,pacs.008,FAST,365.2,SGD,**************4782,SG,37
deef179a-54ff-37e4-3445-247b54f28a45,2026-07-14T23:27:11.205,auth,OK,pacs.008,FAST,365.2,SGD,**************4782,SG,23
deef179a-54ff-37e4-3445-247b54f28a45,2026-07-14T23:27:11.283,validation,OK,pacs.008,FAST,365.2,SGD,**************4782,SG,70
deef179a-54ff-37e4-3445-247b54f28a45,2026-07-14T23:27:11.356,aml,OK,pacs.008,FAST,365.2,SGD,**************4782,SG,60
deef179a-54ff-37e4-3445-247b54f28a45,2026-07-14T23:27:11.460,payment-hub,OK,pacs.008,FAST,365.2,SGD,**************4782,SG,111
deef179a-54ff-37e4-3445-247b54f28a45,2026-07-14T23:27:41.483,core-banking,OK,pacs.008,FAST,365.2,SGD,**************4782,SG,161
deef179a-54ff-37e4-3445-247b54f28a45,2026-07-14T23:27:41.587,settlement,SETTLED,pacs.008,FAST,365.2,SGD,**************4782,SG,113
a5e77db8-5042-6bae-e011-3b00a060b638,2026-07-07T06:15:01.605,gateway,OK,pacs.008,SWIFT,1467.66,USD,**************6700,IN,45
a5e77db8-5042-6bae-e011-3b00a060b638,2026-07-07T06:15:01.795,auth,OK,pacs.008,SWIFT,1467.66,USD,**************6700,IN,36
a5e77db8-5042-6bae-e011-3b00a060b638,2026-07-07T06:15:01.856,validation,OK,pacs.008,SWIFT,1467.66,USD,**************6700,IN,112
a5e77db8-5042-6bae-e011-3b00a060b638,2026-07-07T06:15:02.138,aml,OK,pacs.008,SWIFT,1467.66,USD,**************6700,IN,230
a5e77db8-5042-6bae-e011-3b00a060b638,2026-07-07T06:15:02.277,payment-hub,OK,pacs.008,SWIFT,1467.66,USD,**************6700,IN,93
a5e77db8-5042-6bae-e011-3b00a060b638,2026-07-07T06:15:02.496,core-banking,OK,pacs.008,SWIFT,1467.66,USD,**************6700,IN,105
a5e77db8-5042-6bae-e011-3b00a060b638,2026-07-07T06:15:02.556,settlement,SETTLED,pacs.008,SWIFT,1467.66,USD,**************6700,IN,99
508aac14-c921-71ef-7171-1aaef4827d80,2026-07-02T06:30:51.760,gateway,OK,pacs.008,SWIFT,549.38,USD,**************7012,MY,24
508aac14-c921-71ef-7171-1aaef4827d80,2026-07-02T06:30:51.829,auth,OK,pacs.008,SWIFT,549.38,USD,**************7012,MY,83
508aac14-c921-71ef-7171-1aaef4827d80,2026-07-02T06:30:51.889,validation,OK,pacs.008,SWIFT,549.38,USD,**************7012,MY,82
508aac14-c921-71ef-7171-1aaef4827d80,2026-07-02T06:30:51.979,aml,OK,pacs.008,SWIFT,549.38,USD,**************7012,MY,289
508aac14-c921-71ef-7171-1aaef4827d80,2026-07-02T06:30:52.097,payment-hub,OK,pacs.008,SWIFT,549.38,USD,**************7012,MY,98
508aac14-c921-71ef-7171-1aaef4827d80,2026-07-02T06:30:52.205,core-banking,OK,pacs.008,SWIFT,549.38,USD,**************7012,MY,108
508aac14-c921-71ef-7171-1aaef4827d80,2026-07-02T06:30:52.278,settlement,SETTLED,pacs.008,SWIFT,549.38,USD,**************7012,MY,196
7aa7b796-1480-7b5d-a127-faa9b042dba8,2026-07-11T02:36:56.051,gateway,OK,pacs.008,SWIFT,2321.04,SGD,**************4298,MY,56
7aa7b796-1480-7b5d-a127-faa9b042dba8,2026-07-11T02:36:56.118,auth,OK,pacs.008,SWIFT,2321.04,SGD,**************4298,MY,47
7aa7b796-1480-7b5d-a127-faa9b042dba8,2026-07-11T02:36:56.270,validation,OK,pacs.008,SWIFT,2321.04,SGD,**************4298,MY,46
7aa7b796-1480-7b5d-a127-faa9b042dba8,2026-07-11T02:36:56.331,aml,OK,pacs.008,SWIFT,2321.04,SGD,**************4298,MY,252
7aa7b796-1480-7b5d-a127-faa9b042dba8,2026-07-11T02:36:56.388,payment-hub,OK,pacs.008,SWIFT,2321.04,SGD,**************4298,MY,146
7aa7b796-1480-7b5d-a127-faa9b042dba8,2026-07-11T02:36:56.659,core-banking,OK,pacs.008,SWIFT,2321.04,SGD,**************4298,MY,203
7aa7b796-1480-7b5d-a127-faa9b042dba8,2026-07-11T02:36:56.748,settlement,SETTLED,pacs.008,SWIFT,2321.04,SGD,**************4298,MY,253
1d95820a-dc9b-94ec-c76c-549658446b0a,2026-07-03T23:48:23.431,gateway,OK,MT103,FAST,318.37,GBP,**************8624,SG,33
1d95820a-dc9b-94ec-c76c-549658446b0a,2026-07-03T23:48:23.475,auth,OK,MT103,FAST,318.37,GBP,**************8624,SG,38
1d95820a-dc9b-94ec-c76c-549658446b0a,2026-07-03T23:48:23.608,validation,OK,MT103,FAST,318.37,GBP,**************8624,SG,98
1d95820a-dc9b-94ec-c76c-549658446b0a,2026-07-03T23:48:23.717,aml,OK,MT103,FAST,318.37,GBP,**************8624,SG,256
1d95820a-dc9b-94ec-c76c-549658446b0a,2026-07-03T23:48:23.834,payment-hub,OK,MT103,FAST,318.37,GBP,**************8624,SG,82
1d95820a-dc9b-94ec-c76c-549658446b0a,2026-07-03T23:48:24.025,core-banking,OK,MT103,FAST,318.37,GBP,**************8624,SG,75
1d95820a-dc9b-94ec-c76c-549658446b0a,2026-07-03T23:48:24.156,settlement,SETTLED,MT103,FAST,318.37,GBP,**************8624,SG,315
175f541f-7b60-e597-4ae2-0c4f8774fddf,2026-07-02T04:25:53.265,gateway,OK,pacs.008,FAST,731.78,USD,**************3296,GB,38
175f541f-7b60-e597-4ae2-0c4f8774fddf,2026-07-02T04:25:53.336,auth,OK,pacs.008,FAST,731.78,USD,**************3296,GB,72
175f541f-7b60-e597-4ae2-0c4f8774fddf,2026-07-02T04:25:53.404,validation,OK,pacs.008,FAST,731.78,USD,**************3296,GB,36
175f541f-7b60-e597-4ae2-0c4f8774fddf,2026-07-02T04:25:53.611,aml,OK,pacs.008,FAST,731.78,USD,**************3296,GB,55
175f541f-7b60-e597-4ae2-0c4f8774fddf,2026-07-02T04:25:53.665,payment-hub,OK,pacs.008,FAST,731.78,USD,**************3296,GB,48
175f541f-7b60-e597-4ae2-0c4f8774fddf,2026-07-02T04:25:53.757,core-banking,OK,pacs.008,FAST,731.78,USD,**************3296,GB,248
175f541f-7b60-e597-4ae2-0c4f8774fddf,2026-07-02T04:25:53.844,settlement,SETTLED,pacs.008,FAST,731.78,USD,**************3296,GB,311
0c5daee8-9a34-62cd-a2b6-4e13c8e54ded,2026-07-14T16:09:14.559,gateway,OK,pacs.008,FAST,549.04,SGD,**************8548,SG,32
0c5daee8-9a34-62cd-a2b6-4e13c8e54ded,2026-07-14T16:09:14.760,auth,OK,pacs.008,FAST,549.04,SGD,**************8548,SG,24
0c5daee8-9a34-62cd-a2b6-4e13c8e54ded,2026-07-14T16:09:14.843,validation,OK,pacs.008,FAST,549.04,SGD,**************8548,SG,105
0c5daee8-9a34-62cd-a2b6-4e13c8e54ded,2026-07-14T16:09:44.860,aml,TIMEOUT,pacs.008,FAST,549.04,SGD,**************8548,SG,30000
0c5daee8-9a34-62cd-a2b6-4e13c8e54ded,2026-07-14T16:09:45.071,payment-hub,FAILED,pacs.008,FAST,549.04,SGD,**************8548,SG,145
700366df-059b-aa94-6e8c-fee1a4002d83,2026-07-08T02:28:34.466,gateway,OK,pacs.008,SWIFT,1076.69,SGD,**************0457,SG,58
700366df-059b-aa94-6e8c-fee1a4002d83,2026-07-08T02:28:34.558,auth,OK,pacs.008,SWIFT,1076.69,SGD,**************0457,SG,40
700366df-059b-aa94-6e8c-fee1a4002d83,2026-07-08T02:28:34.811,validation,OK,pacs.008,SWIFT,1076.69,SGD,**************0457,SG,95
700366df-059b-aa94-6e8c-fee1a4002d83,2026-07-08T02:28:34.990,aml,OK,pacs.008,SWIFT,1076.69,SGD,**************0457,SG,133
700366df-059b-aa94-6e8c-fee1a4002d83,2026-07-08T02:28:35.287,payment-hub,OK,pacs.008,SWIFT,1076.69,SGD,**************0457,SG,60
700366df-059b-aa94-6e8c-fee1a4002d83,2026-07-08T02:28:35.362,core-banking,OK,pacs.008,SWIFT,1076.69,SGD,**************0457,SG,237
700366df-059b-aa94-6e8c-fee1a4002d83,2026-07-08T02:28:35.436,settlement,SETTLED,pacs.008,SWIFT,1076.69,SGD,**************0457,SG,212
a04559fa-8725-dad7-6d37-8e9098c5cc78,2026-07-13T15:01:28.867,gateway,OK,pacs.008,FAST,1499.22,SGD,**************3373,IN,51
a04559fa-8725-dad7-6d37-8e9098c5cc78,2026-07-13T15:01:28.955,auth,OK,pacs.008,FAST,1499.22,SGD,**************3373,IN,81
a04559fa-8725-dad7-6d37-8e9098c5cc78,2026-07-13T15:01:29.054,validation,OK,pacs.008,FAST,1499.22,SGD,**************3373,IN,75
a04559fa-8725-dad7-6d37-8e9098c5cc78,2026-07-13T15:01:29.121,aml,OK,pacs.008,FAST,1499.22,SGD,**************3373,IN,285
a04559fa-8725-dad7-6d37-8e9098c5cc78,2026-07-13T15:01:29.246,payment-hub,OK,pacs.008,FAST,1499.22,SGD,**************3373,IN,53
a04559fa-8725-dad7-6d37-8e9098c5cc78,2026-07-13T15:01:29.324,core-banking,OK,pacs.008,FAST,1499.22,SGD,**************3373,IN,211
a04559fa-8725-dad7-6d37-8e9098c5cc78,2026-07-13T15:01:29.425,settlement,SETTLED,pacs.008,FAST,1499.22,SGD,**************3373,IN,131
a44bc0d0-b421-b7dd-b9eb-7573d2bf84d2,2026-07-03T02:46:22.424,gateway,OK,MT103,FAST,1254.16,SGD,**************3532,SG,51
a44bc0d0-b421-b7dd-b9eb-7573d2bf84d2,2026-07-03T02:46:22.562,auth,OK,MT103,FAST,1254.16,SGD,**************3532,SG,73
a44bc0d0-b421-b7dd-b9eb-7573d2bf84d2,2026-07-03T02:46:22.712,validation,OK,MT103,FAST,1254.16,SGD,**************3532,SG,82
a44bc0d0-b421-b7dd-b9eb-7573d2bf84d2,2026-07-03T02:46:22.930,aml,OK,MT103,FAST,1254.16,SGD,**************3532,SG,125
a44bc0d0-b421-b7dd-b9eb-7573d2bf84d2,2026-07-03T02:46:23.011,payment-hub,OK,MT103,FAST,1254.16,SGD,**************3532,SG,111
a44bc0d0-b421-b7dd-b9eb-7573d2bf84d2,2026-07-03T02:46:23.129,core-banking,OK,MT103,FAST,1254.16,SGD,**************3532,SG,236
a44bc0d0-b421-b7dd-b9eb-7573d2bf84d2,2026-07-03T02:46:23.440,settlement,SETTLED,MT103,FAST,1254.16,SGD,**************3532,SG,282
2b260949-7521-e339-e11d-ed01857dcc10,2026-07-12T03:55:31.214,gateway,OK,MT103,FAST,323.67,SGD,**************0715,SG,44
2b260949-7521-e339-e11d-ed01857dcc10,2026-07-12T03:55:31.315,auth,OK,MT103,FAST,323.67,SGD,**************0715,SG,20
2b260949-7521-e339-e11d-ed01857dcc10,2026-07-12T03:55:31.401,validation,OK,MT103,FAST,323.67,SGD,**************0715,SG,74
2b260949-7521-e339-e11d-ed01857dcc10,2026-07-12T03:55:31.524,aml,OK,MT103,FAST,323.67,SGD,**************0715,SG,201
2b260949-7521-e339-e11d-ed01857dcc10,2026-07-12T03:55:31.786,payment-hub,OK,MT103,FAST,323.67,SGD,**************0715,SG,114
2b260949-7521-e339-e11d-ed01857dcc10,2026-07-12T03:55:31.867,core-banking,OK,MT103,FAST,323.67,SGD,**************0715,SG,160
2b260949-7521-e339-e11d-ed01857dcc10,2026-07-12T03:55:31.950,settlement,SETTLED,MT103,FAST,323.67,SGD,**************0715,SG,269
f52223a0-9231-2ea0-807b-3ffd5c895d5d,2026-07-02T12:44:52.411,gateway,OK,MT103,FAST,937.13,EUR,**************3831,SG,17
f52223a0-9231-2ea0-807b-3ffd5c895d5d,2026-07-02T12:44:52.727,auth,OK,MT103,FAST,937.13,EUR,**************3831,SG,81
f52223a0-9231-2ea0-807b-3ffd5c895d5d,2026-07-02T12:44:52.806,validation,REJECTED,MT103,FAST,937.13,EUR,**************3831,SG,84
a35bb005-4786-a389-9740-a1f88d375af4,2026-07-14T18:12:30.327,gateway,OK,pacs.008,FAST,127.16,SGD,**************1872,SG,40
a35bb005-4786-a389-9740-a1f88d375af4,2026-07-14T18:12:30.381,auth,OK,pacs.008,FAST,127.16,SGD,**************1872,SG,54
a35bb005-4786-a389-9740-a1f88d375af4,2026-07-14T18:12:30.499,validation,OK,pacs.008,FAST,127.16,SGD,**************1872,SG,65
a35bb005-4786-a389-9740-a1f88d375af4,2026-07-14T18:12:30.542,aml,OK,pacs.008,FAST,127.16,SGD,**************1872,SG,110
a35bb005-4786-a389-9740-a1f88d375af4,2026-07-14T18:12:30.698,payment-hub,OK,pacs.008,FAST,127.16,SGD,**************1872,SG,107
a35bb005-4786-a389-9740-a1f88d375af4,2026-07-14T18:12:30.736,core-banking,OK,pacs.008,FAST,127.16,SGD,**************1872,SG,246
a35bb005-4786-a389-9740-a1f88d375af4,2026-07-14T18:12:30.961,settlement,SETTLED,pacs.008,FAST,127.16,SGD,**************1872,SG,281
b38faae3-cc80-f44c-c5be-0efbae439674,2026-07-06T17:25:01.593,gateway,OK,pacs.008,CARDS,1678.73,SGD,**************1506,GB,42
b38faae3-cc80-f44c-c5be-0efbae439674,2026-07-06T17:25:01.708,auth,OK,pacs.008,CARDS,1678.73,SGD,**************1506,GB,88
b38faae3-cc80-f44c-c5be-0efbae439674,2026-07-06T17:25:01.775,validation,OK,pacs.008,CARDS,1678.73,SGD,**************1506,GB,112
b38faae3-cc80-f44c-c5be-0efbae439674,2026-07-06T17:25:01.841,aml,OK,pacs.008,CARDS,1678.73,SGD,**************1506,GB,172
b38faae3-cc80-f44c-c5be-0efbae439674,2026-07-06T17:25:01.937,payment-hub,OK,pacs.008,CARDS,1678.73,SGD,**************1506,GB,113
b38faae3-cc80-f44c-c5be-0efbae439674,2026-07-06T17:25:02.072,core-banking,OK,pacs.008,CARDS,1678.73,SGD,**************1506,GB,243
b38faae3-cc80-f44c-c5be-0efbae439674,2026-07-06T17:25:02.243,settlement,SETTLED,pacs.008,CARDS,1678.73,SGD,**************1506,GB,151
b44f8d22-7711-7bac-acd8-af1dd5ec792d,2026-07-10T20:05:01.815,gateway,OK,pacs.008,FAST,627.18,SGD,**************7556,MY,28
b44f8d22-7711-7bac-acd8-af1dd5ec792d,2026-07-10T20:05:02.062,auth,OK,pacs.008,FAST,627.18,SGD,**************7556,MY,64
b44f8d22-7711-7bac-acd8-af1dd5ec792d,2026-07-10T20:05:02.293,validation,OK,pacs.008,FAST,627.18,SGD,**************7556,MY,44
b44f8d22-7711-7bac-acd8-af1dd5ec792d,2026-07-10T20:05:02.481,aml,OK,pacs.008,FAST,627.18,SGD,**************7556,MY,52
b44f8d22-7711-7bac-acd8-af1dd5ec792d,2026-07-10T20:05:02.666,payment-hub,OK,pacs.008,FAST,627.18,SGD,**************7556,MY,58
b44f8d22-7711-7bac-acd8-af1dd5ec792d,2026-07-10T20:05:02.877,core-banking,OK,pacs.008,FAST,627.18,SGD,**************7556,MY,87
b44f8d22-7711-7bac-acd8-af1dd5ec792d,2026-07-10T20:05:02.989,settlement,SETTLED,pacs.008,FAST,627.18,SGD,**************7556,MY,319
12e607dc-c0d4-9a32-056d-659b07fd8972,2026-07-07T09:44:20.593,gateway,OK,0200,FAST,216.5,USD,**************7095,SG,20
12e607dc-c0d4-9a32-056d-659b07fd8972,2026-07-07T09:44:20.639,auth,OK,0200,FAST,216.5,USD,**************7095,SG,74
12e607dc-c0d4-9a32-056d-659b07fd8972,2026-07-07T09:44:20.718,validation,OK,0200,FAST,216.5,USD,**************7095,SG,89
12e607dc-c0d4-9a32-056d-659b07fd8972,2026-07-07T09:44:50.757,aml,OK,0200,FAST,216.5,USD,**************7095,SG,91
12e607dc-c0d4-9a32-056d-659b07fd8972,2026-07-07T09:44:50.990,payment-hub,OK,0200,FAST,216.5,USD,**************7095,SG,89
12e607dc-c0d4-9a32-056d-659b07fd8972,2026-07-07T09:44:51.065,core-banking,OK,0200,FAST,216.5,USD,**************7095,SG,214
12e607dc-c0d4-9a32-056d-659b07fd8972,2026-07-07T09:44:51.117,settlement,SETTLED,0200,FAST,216.5,USD,**************7095,SG,143
3775df7e-a814-ad27-23d4-c51b55d6810b,2026-07-11T02:39:16.811,gateway,OK,pacs.008,FAST,745.45,SGD,**************3596,MY,21
3775df7e-a814-ad27-23d4-c51b55d6810b,2026-07-11T02:39:16.959,auth,OK,pacs.008,FAST,745.45,SGD,**************3596,MY,36
3775df7e-a814-ad27-23d4-c51b55d6810b,2026-07-11T02:39:46.970,validation,OK,pacs.008,FAST,745.45,SGD,**************3596,MY,49
3775df7e-a814-ad27-23d4-c51b55d6810b,2026-07-11T02:39:47.035,aml,OK,pacs.008,FAST,745.45,SGD,**************3596,MY,106
3775df7e-a814-ad27-23d4-c51b55d6810b,2026-07-11T02:39:47.088,payment-hub,OK,pacs.008,FAST,745.45,SGD,**************3596,MY,78
3775df7e-a814-ad27-23d4-c51b55d6810b,2026-07-11T02:39:47.167,core-banking,OK,pacs.008,FAST,745.45,SGD,**************3596,MY,236
3775df7e-a814-ad27-23d4-c51b55d6810b,2026-07-11T02:39:47.232,settlement,SETTLED,pacs.008,FAST,745.45,SGD,**************3596,MY,221
6336bdd5-2175-ee9b-a837-af16bce6e4ac,2026-07-13T10:21:52.979,gateway,OK,MT103,FAST,399.32,USD,**************7309,SG,25
6336bdd5-2175-ee9b-a837-af16bce6e4ac,2026-07-13T10:21:53.111,auth,OK,MT103,FAST,399.32,USD,**************7309,SG,39
6336bdd5-2175-ee9b-a837-af16bce6e4ac,2026-07-13T10:21:53.201,validation,OK,MT103,FAST,399.32,USD,**************7309,SG,98
6336bdd5-2175-ee9b-a837-af16bce6e4ac,2026-07-13T10:21:53.289,aml,OK,MT103,FAST,399.32,USD,**************7309,SG,43
6336bdd5-2175-ee9b-a837-af16bce6e4ac,2026-07-13T10:21:53.440,payment-hub,OK,MT103,FAST,399.32,USD,**************7309,SG,46
6336bdd5-2175-ee9b-a837-af16bce6e4ac,2026-07-13T10:21:53.533,core-banking,OK,MT103,FAST,399.32,USD,**************7309,SG,144
6336bdd5-2175-ee9b-a837-af16bce6e4ac,2026-07-13T10:21:53.627,settlement,SETTLED,MT103,FAST,399.32,USD,**************7309,SG,166
6a9cef2b-af02-2d0b-d8f5-776b5b926e38,2026-07-05T07:58:39.652,gateway,OK,pacs.008,FAST,610.33,INR,**************7391,US,55
6a9cef2b-af02-2d0b-d8f5-776b5b926e38,2026-07-05T07:58:39.705,auth,OK,pacs.008,FAST,610.33,INR,**************7391,US,34
6a9cef2b-af02-2d0b-d8f5-776b5b926e38,2026-07-05T07:58:39.925,validation,OK,pacs.008,FAST,610.33,INR,**************7391,US,90
6a9cef2b-af02-2d0b-d8f5-776b5b926e38,2026-07-05T07:58:40.075,aml,OK,pacs.008,FAST,610.33,INR,**************7391,US,105
6a9cef2b-af02-2d0b-d8f5-776b5b926e38,2026-07-05T07:58:40.133,payment-hub,OK,pacs.008,FAST,610.33,INR,**************7391,US,108
6a9cef2b-af02-2d0b-d8f5-776b5b926e38,2026-07-05T07:58:40.186,core-banking,OK,pacs.008,FAST,610.33,INR,**************7391,US,229
6a9cef2b-af02-2d0b-d8f5-776b5b926e38,2026-07-05T07:58:40.368,settlement,SETTLED,pacs.008,FAST,610.33,INR,**************7391,US,267
e0348fe3-711f-e9ac-333f-643c54e3d46a,2026-07-08T22:54:53.464,gateway,OK,MT103,SWIFT,432.93,SGD,**************4991,SG,56
e0348fe3-711f-e9ac-333f-643c54e3d46a,2026-07-08T22:54:53.526,auth,OK,MT103,SWIFT,432.93,SGD,**************4991,SG,32
e0348fe3-711f-e9ac-333f-643c54e3d46a,2026-07-08T22:54:53.598,validation,REJECTED,MT103,SWIFT,432.93,SGD,**************4991,SG,96
cd142799-320e-6842-2d57-a7c4b7ffd861,2026-07-14T06:43:47.717,gateway,OK,pacs.008,SWIFT,1397.12,MYR,**************0235,IN,58
cd142799-320e-6842-2d57-a7c4b7ffd861,2026-07-14T06:43:47.795,auth,OK,pacs.008,SWIFT,1397.12,MYR,**************0235,IN,56
cd142799-320e-6842-2d57-a7c4b7ffd861,2026-07-14T06:43:47.993,validation,OK,pacs.008,SWIFT,1397.12,MYR,**************0235,IN,94
cd142799-320e-6842-2d57-a7c4b7ffd861,2026-07-14T06:43:48.060,aml,OK,pacs.008,SWIFT,1397.12,MYR,**************0235,IN,162
cd142799-320e-6842-2d57-a7c4b7ffd861,2026-07-14T06:43:48.125,payment-hub,OK,pacs.008,SWIFT,1397.12,MYR,**************0235,IN,134
cd142799-320e-6842-2d57-a7c4b7ffd861,2026-07-14T06:43:48.252,core-banking,OK,pacs.008,SWIFT,1397.12,MYR,**************0235,IN,202
cd142799-320e-6842-2d57-a7c4b7ffd861,2026-07-14T06:43:48.430,settlement,SETTLED,pacs.008,SWIFT,1397.12,MYR,**************0235,IN,192
27590c2e-1dad-48d3-b0b5-07e7c0de9c6b,2026-07-01T09:24:34.306,gateway,OK,MT103,CARDS,863.82,SGD,**************4735,HK,15
27590c2e-1dad-48d3-b0b5-07e7c0de9c6b,2026-07-01T09:24:34.385,auth,OK,MT103,CARDS,863.82,SGD,**************4735,HK,30
27590c2e-1dad-48d3-b0b5-07e7c0de9c6b,2026-07-01T09:24:34.626,validation,OK,MT103,CARDS,863.82,SGD,**************4735,HK,65
27590c2e-1dad-48d3-b0b5-07e7c0de9c6b,2026-07-01T09:24:34.746,aml,OK,MT103,CARDS,863.82,SGD,**************4735,HK,167
27590c2e-1dad-48d3-b0b5-07e7c0de9c6b,2026-07-01T09:24:34.818,payment-hub,OK,MT103,CARDS,863.82,SGD,**************4735,HK,58
27590c2e-1dad-48d3-b0b5-07e7c0de9c6b,2026-07-01T09:24:34.907,core-banking,OK,MT103,CARDS,863.82,SGD,**************4735,HK,78
27590c2e-1dad-48d3-b0b5-07e7c0de9c6b,2026-07-01T09:24:35.065,settlement,SETTLED,MT103,CARDS,863.82,SGD,**************4735,HK,243
ecf8b526-9aed-ec9e-9457-be8df555d370,2026-07-04T11:26:20.543,gateway,OK,MT103,FAST,68.77,EUR,**************2696,SG,46
ecf8b526-9aed-ec9e-9457-be8df555d370,2026-07-04T11:26:20.711,auth,OK,MT103,FAST,68.77,EUR,**************2696,SG,31
ecf8b526-9aed-ec9e-9457-be8df555d370,2026-07-04T11:26:20.775,validation,OK,MT103,FAST,68.77,EUR,**************2696,SG,87
ecf8b526-9aed-ec9e-9457-be8df555d370,2026-07-04T11:26:20.845,aml,OK,MT103,FAST,68.77,EUR,**************2696,SG,62
ecf8b526-9aed-ec9e-9457-be8df555d370,2026-07-04T11:26:20.983,payment-hub,OK,MT103,FAST,68.77,EUR,**************2696,SG,119
ecf8b526-9aed-ec9e-9457-be8df555d370,2026-07-04T11:26:21.052,core-banking,OK,MT103,FAST,68.77,EUR,**************2696,SG,224
ecf8b526-9aed-ec9e-9457-be8df555d370,2026-07-04T11:26:21.144,settlement,SETTLED,MT103,FAST,68.77,EUR,**************2696,SG,120
e62ffb18-e366-2024-8aee-de00fbc6e85b,2026-07-07T15:19:43.189,gateway,OK,MT103,FAST,304.04,SGD,**************6431,MY,23
e62ffb18-e366-2024-8aee-de00fbc6e85b,2026-07-07T15:19:43.488,auth,OK,MT103,FAST,304.04,SGD,**************6431,MY,89
e62ffb18-e366-2024-8aee-de00fbc6e85b,2026-07-07T15:19:43.635,validation,OK,MT103,FAST,304.04,SGD,**************6431,MY,65
e62ffb18-e366-2024-8aee-de00fbc6e85b,2026-07-07T15:19:43.786,aml,OK,MT103,FAST,304.04,SGD,**************6431,MY,227
e62ffb18-e366-2024-8aee-de00fbc6e85b,2026-07-07T15:19:43.939,payment-hub,OK,MT103,FAST,304.04,SGD,**************6431,MY,108
e62ffb18-e366-2024-8aee-de00fbc6e85b,2026-07-07T15:19:44.055,core-banking,OK,MT103,FAST,304.04,SGD,**************6431,MY,195
e62ffb18-e366-2024-8aee-de00fbc6e85b,2026-07-07T15:19:44.108,settlement,SETTLED,MT103,FAST,304.04,SGD,**************6431,MY,95
9bcc1f61-44a5-7618-e78c-201b7053c9ca,2026-07-12T18:19:33.043,gateway,OK,pacs.008,SWIFT,189.36,USD,**************0003,SG,51
9bcc1f61-44a5-7618-e78c-201b7053c9ca,2026-07-12T18:19:33.084,auth,OK,pacs.008,SWIFT,189.36,USD,**************0003,SG,78
9bcc1f61-44a5-7618-e78c-201b7053c9ca,2026-07-12T18:19:33.185,validation,OK,pacs.008,SWIFT,189.36,USD,**************0003,SG,76
9bcc1f61-44a5-7618-e78c-201b7053c9ca,2026-07-12T18:19:33.225,aml,OK,pacs.008,SWIFT,189.36,USD,**************0003,SG,66
9bcc1f61-44a5-7618-e78c-201b7053c9ca,2026-07-12T18:19:33.337,payment-hub,OK,pacs.008,SWIFT,189.36,USD,**************0003,SG,30
9bcc1f61-44a5-7618-e78c-201b7053c9ca,2026-07-12T18:19:33.458,core-banking,OK,pacs.008,SWIFT,189.36,USD,**************0003,SG,160
9bcc1f61-44a5-7618-e78c-201b7053c9ca,2026-07-12T18:19:33.513,settlement,SETTLED,pacs.008,SWIFT,189.36,USD,**************0003,SG,226
d7f8f43c-4f18-edb6-11e7-7e6592b5902d,2026-07-07T19:01:13.651,gateway,OK,MT103,FAST,2905.79,SGD,**************9857,IN,43
d7f8f43c-4f18-edb6-11e7-7e6592b5902d,2026-07-07T19:01:13.708,auth,OK,MT103,FAST,2905.79,SGD,**************9857,IN,24
d7f8f43c-4f18-edb6-11e7-7e6592b5902d,2026-07-07T19:01:13.814,validation,OK,MT103,FAST,2905.79,SGD,**************9857,IN,89
d7f8f43c-4f18-edb6-11e7-7e6592b5902d,2026-07-07T19:01:13.921,aml,OK,MT103,FAST,2905.79,SGD,**************9857,IN,138
d7f8f43c-4f18-edb6-11e7-7e6592b5902d,2026-07-07T19:01:13.975,payment-hub,OK,MT103,FAST,2905.79,SGD,**************9857,IN,133
d7f8f43c-4f18-edb6-11e7-7e6592b5902d,2026-07-07T19:01:14.090,core-banking,OK,MT103,FAST,2905.79,SGD,**************9857,IN,159
d7f8f43c-4f18-edb6-11e7-7e6592b5902d,2026-07-07T19:01:14.142,settlement,SETTLED,MT103,FAST,2905.79,SGD,**************9857,IN,127
1e075b1a-85ca-0f45-b15d-9d7f3e401e32,2026-07-14T07:09:38.039,gateway,OK,MT103,FAST,7111.01,EUR,**************9094,SG,28
1e075b1a-85ca-0f45-b15d-9d7f3e401e32,2026-07-14T07:09:38.159,auth,OK,MT103,FAST,7111.01,EUR,**************9094,SG,41
1e075b1a-85ca-0f45-b15d-9d7f3e401e32,2026-07-14T07:09:38.218,validation,OK,MT103,FAST,7111.01,EUR,**************9094,SG,111
1e075b1a-85ca-0f45-b15d-9d7f3e401e32,2026-07-14T07:09:38.313,aml,OK,MT103,FAST,7111.01,EUR,**************9094,SG,179
1e075b1a-85ca-0f45-b15d-9d7f3e401e32,2026-07-14T07:09:38.572,payment-hub,OK,MT103,FAST,7111.01,EUR,**************9094,SG,79
1e075b1a-85ca-0f45-b15d-9d7f3e401e32,2026-07-14T07:09:38.646,core-banking,OK,MT103,FAST,7111.01,EUR,**************9094,SG,87
1e075b1a-85ca-0f45-b15d-9d7f3e401e32,2026-07-14T07:09:38.686,settlement,SETTLED,MT103,FAST,7111.01,EUR,**************9094,SG,99
91b8cc4c-d628-506e-5ffa-67be1175aebd,2026-07-15T05:59:05.432,gateway,OK,0200,FAST,4747.42,SGD,**************0936,MY,27
91b8cc4c-d628-506e-5ffa-67be1175aebd,2026-07-15T05:59:05.509,auth,OK,0200,FAST,4747.42,SGD,**************0936,MY,82
91b8cc4c-d628-506e-5ffa-67be1175aebd,2026-07-15T05:59:05.596,validation,OK,0200,FAST,4747.42,SGD,**************0936,MY,66
91b8cc4c-d628-506e-5ffa-67be1175aebd,2026-07-15T05:59:05.657,aml,OK,0200,FAST,4747.42,SGD,**************0936,MY,123
91b8cc4c-d628-506e-5ffa-67be1175aebd,2026-07-15T05:59:05.784,payment-hub,OK,0200,FAST,4747.42,SGD,**************0936,MY,131
91b8cc4c-d628-506e-5ffa-67be1175aebd,2026-07-15T05:59:05.846,core-banking,OK,0200,FAST,4747.42,SGD,**************0936,MY,92
91b8cc4c-d628-506e-5ffa-67be1175aebd,2026-07-15T05:59:05.933,settlement,SETTLED,0200,FAST,4747.42,SGD,**************0936,MY,201
df3325e3-f4cd-9d1d-0660-792a0d1bf120,2026-07-02T20:09:01.087,gateway,OK,pacs.008,SWIFT,1976.79,USD,**************8688,SG,29
df3325e3-f4cd-9d1d-0660-792a0d1bf120,2026-07-02T20:09:01.217,auth,OK,pacs.008,SWIFT,1976.79,USD,**************8688,SG,69
df3325e3-f4cd-9d1d-0660-792a0d1bf120,2026-07-02T20:09:01.267,validation,OK,pacs.008,SWIFT,1976.79,USD,**************8688,SG,30
df3325e3-f4cd-9d1d-0660-792a0d1bf120,2026-07-02T20:09:01.445,aml,OK,pacs.008,SWIFT,1976.79,USD,**************8688,SG,49
df3325e3-f4cd-9d1d-0660-792a0d1bf120,2026-07-02T20:09:01.497,payment-hub,OK,pacs.008,SWIFT,1976.79,USD,**************8688,SG,135
df3325e3-f4cd-9d1d-0660-792a0d1bf120,2026-07-02T20:09:01.598,core-banking,OK,pacs.008,SWIFT,1976.79,USD,**************8688,SG,193
df3325e3-f4cd-9d1d-0660-792a0d1bf120,2026-07-02T20:09:01.769,settlement,SETTLED,pacs.008,SWIFT,1976.79,USD,**************8688,SG,217
b2e1288f-9a52-9464-01ee-0bd99b9cc04f,2026-07-10T13:55:07.842,gateway,OK,pacs.008,FAST,188.16,SGD,**************1200,MY,43
b2e1288f-9a52-9464-01ee-0bd99b9cc04f,2026-07-10T13:55:37.879,auth,OK,pacs.008,FAST,188.16,SGD,**************1200,MY,25
b2e1288f-9a52-9464-01ee-0bd99b9cc04f,2026-07-10T13:55:37.973,validation,OK,pacs.008,FAST,188.16,SGD,**************1200,MY,78
b2e1288f-9a52-9464-01ee-0bd99b9cc04f,2026-07-10T13:55:38.037,aml,OK,pacs.008,FAST,188.16,SGD,**************1200,MY,63
b2e1288f-9a52-9464-01ee-0bd99b9cc04f,2026-07-10T13:55:38.104,payment-hub,OK,pacs.008,FAST,188.16,SGD,**************1200,MY,110
b2e1288f-9a52-9464-01ee-0bd99b9cc04f,2026-07-10T13:55:38.222,core-banking,OK,pacs.008,FAST,188.16,SGD,**************1200,MY,115
b2e1288f-9a52-9464-01ee-0bd99b9cc04f,2026-07-10T13:55:38.258,settlement,SETTLED,pacs.008,FAST,188.16,SGD,**************1200,MY,251
3d049803-da17-15cb-e497-f6c766f26152,2026-07-10T21:58:38.042,gateway,OK,pacs.008,FAST,1260.18,SGD,**************5112,SG,38
3d049803-da17-15cb-e497-f6c766f26152,2026-07-10T21:58:38.132,auth,OK,pacs.008,FAST,1260.18,SGD,**************5112,SG,29
3d049803-da17-15cb-e497-f6c766f26152,2026-07-10T21:58:38.214,validation,OK,pacs.008,FAST,1260.18,SGD,**************5112,SG,37
3d049803-da17-15cb-e497-f6c766f26152,2026-07-10T21:58:38.430,aml,OK,pacs.008,FAST,1260.18,SGD,**************5112,SG,100
3d049803-da17-15cb-e497-f6c766f26152,2026-07-10T21:58:38.494,payment-hub,OK,pacs.008,FAST,1260.18,SGD,**************5112,SG,111
3d049803-da17-15cb-e497-f6c766f26152,2026-07-10T21:58:38.586,core-banking,OK,pacs.008,FAST,1260.18,SGD,**************5112,SG,60
3d049803-da17-15cb-e497-f6c766f26152,2026-07-10T21:58:38.812,settlement,SETTLED,pacs.008,FAST,1260.18,SGD,**************5112,SG,332
98dd6a0d-a7d4-ae15-ce6a-3ab9ad118e7e,2026-07-01T10:14:48.430,gateway,OK,MT103,FAST,836.44,USD,**************2620,IN,47
98dd6a0d-a7d4-ae15-ce6a-3ab9ad118e7e,2026-07-01T10:14:48.532,auth,OK,MT103,FAST,836.44,USD,**************2620,IN,78
98dd6a0d-a7d4-ae15-ce6a-3ab9ad118e7e,2026-07-01T10:14:48.616,validation,OK,MT103,FAST,836.44,USD,**************2620,IN,106
98dd6a0d-a7d4-ae15-ce6a-3ab9ad118e7e,2026-07-01T10:14:48.810,aml,OK,MT103,FAST,836.44,USD,**************2620,IN,89
98dd6a0d-a7d4-ae15-ce6a-3ab9ad118e7e,2026-07-01T10:14:48.929,payment-hub,OK,MT103,FAST,836.44,USD,**************2620,IN,30
98dd6a0d-a7d4-ae15-ce6a-3ab9ad118e7e,2026-07-01T10:14:49.095,core-banking,OK,MT103,FAST,836.44,USD,**************2620,IN,191
98dd6a0d-a7d4-ae15-ce6a-3ab9ad118e7e,2026-07-01T10:14:49.278,settlement,SETTLED,MT103,FAST,836.44,USD,**************2620,IN,276
40528941-e026-385d-f558-28fa9285555a,2026-07-12T18:28:46.678,gateway,OK,pacs.008,SWIFT,455.93,USD,**************1260,SG,53
40528941-e026-385d-f558-28fa9285555a,2026-07-12T18:28:46.748,auth,OK,pacs.008,SWIFT,455.93,USD,**************1260,SG,84
40528941-e026-385d-f558-28fa9285555a,2026-07-12T18:28:46.890,validation,OK,pacs.008,SWIFT,455.93,USD,**************1260,SG,104
40528941-e026-385d-f558-28fa9285555a,2026-07-12T18:28:47.025,aml,OK,pacs.008,SWIFT,455.93,USD,**************1260,SG,254
40528941-e026-385d-f558-28fa9285555a,2026-07-12T18:28:47.160,payment-hub,OK,pacs.008,SWIFT,455.93,USD,**************1260,SG,75
40528941-e026-385d-f558-28fa9285555a,2026-07-12T18:28:47.348,core-banking,OK,pacs.008,SWIFT,455.93,USD,**************1260,SG,180
40528941-e026-385d-f558-28fa9285555a,2026-07-12T18:28:47.460,settlement,SETTLED,pacs.008,SWIFT,455.93,USD,**************1260,SG,383
ea89e13b-3911-2a31-bc7b-b2876705fefc,2026-07-07T14:12:34.858,gateway,OK,pacs.008,SWIFT,469.8,USD,**************3580,HK,39
ea89e13b-3911-2a31-bc7b-b2876705fefc,2026-07-07T14:12:34.930,auth,OK,pacs.008,SWIFT,469.8,USD,**************3580,HK,61
ea89e13b-3911-2a31-bc7b-b2876705fefc,2026-07-07T14:12:35.027,validation,OK,pacs.008,SWIFT,469.8,USD,**************3580,HK,78
ea89e13b-3911-2a31-bc7b-b2876705fefc,2026-07-07T14:12:35.169,aml,OK,pacs.008,SWIFT,469.8,USD,**************3580,HK,255
ea89e13b-3911-2a31-bc7b-b2876705fefc,2026-07-07T14:12:35.216,payment-hub,OK,pacs.008,SWIFT,469.8,USD,**************3580,HK,115
ea89e13b-3911-2a31-bc7b-b2876705fefc,2026-07-07T14:12:35.341,core-banking,OK,pacs.008,SWIFT,469.8,USD,**************3580,HK,137
ea89e13b-3911-2a31-bc7b-b2876705fefc,2026-07-07T14:12:35.433,settlement,SETTLED,pacs.008,SWIFT,469.8,USD,**************3580,HK,370
550b1e8d-2ac8-f244-18ca-071d9a79e699,2026-07-02T21:38:43.123,gateway,OK,pacs.008,FAST,982.98,USD,**************9392,IN,52
550b1e8d-2ac8-f244-18ca-071d9a79e699,2026-07-02T21:38:43.282,auth,OK,pacs.008,FAST,982.98,USD,**************9392,IN,69
550b1e8d-2ac8-f244-18ca-071d9a79e699,2026-07-02T21:38:43.405,validation,OK,pacs.008,FAST,982.98,USD,**************9392,IN,95
550b1e8d-2ac8-f244-18ca-071d9a79e699,2026-07-02T21:38:43.545,aml,OK,pacs.008,FAST,982.98,USD,**************9392,IN,70
550b1e8d-2ac8-f244-18ca-071d9a79e699,2026-07-02T21:38:43.654,payment-hub,OK,pacs.008,FAST,982.98,USD,**************9392,IN,138
550b1e8d-2ac8-f244-18ca-071d9a79e699,2026-07-02T21:38:43.754,core-banking,OK,pacs.008,FAST,982.98,USD,**************9392,IN,199
550b1e8d-2ac8-f244-18ca-071d9a79e699,2026-07-02T21:38:43.839,settlement,SETTLED,pacs.008,FAST,982.98,USD,**************9392,IN,363
7e8dc212-4b79-97d7-5999-af9c48b7581a,2026-07-04T02:32:15.185,gateway,OK,MT103,FAST,227.64,USD,**************6454,SG,58
7e8dc212-4b79-97d7-5999-af9c48b7581a,2026-07-04T02:32:15.350,auth,OK,MT103,FAST,227.64,USD,**************6454,SG,74
7e8dc212-4b79-97d7-5999-af9c48b7581a,2026-07-04T02:32:15.448,validation,OK,MT103,FAST,227.64,USD,**************6454,SG,94
7e8dc212-4b79-97d7-5999-af9c48b7581a,2026-07-04T02:32:15.666,aml,OK,MT103,FAST,227.64,USD,**************6454,SG,247
7e8dc212-4b79-97d7-5999-af9c48b7581a,2026-07-04T02:32:15.898,payment-hub,OK,MT103,FAST,227.64,USD,**************6454,SG,34
7e8dc212-4b79-97d7-5999-af9c48b7581a,2026-07-04T02:32:16.024,core-banking,OK,MT103,FAST,227.64,USD,**************6454,SG,154
7e8dc212-4b79-97d7-5999-af9c48b7581a,2026-07-04T02:32:16.071,settlement,SETTLED,MT103,FAST,227.64,USD,**************6454,SG,61
867ccf5a-8050-caa7-d60a-b207cc8fa323,2026-07-08T20:48:06.110,gateway,OK,MT103,SWIFT,620.0,USD,**************1324,SG,44
867ccf5a-8050-caa7-d60a-b207cc8fa323,2026-07-08T20:48:06.388,auth,OK,MT103,SWIFT,620.0,USD,**************1324,SG,86
867ccf5a-8050-caa7-d60a-b207cc8fa323,2026-07-08T20:48:06.502,validation,OK,MT103,SWIFT,620.0,USD,**************1324,SG,66
867ccf5a-8050-caa7-d60a-b207cc8fa323,2026-07-08T20:48:06.560,aml,OK,MT103,SWIFT,620.0,USD,**************1324,SG,241
867ccf5a-8050-caa7-d60a-b207cc8fa323,2026-07-08T20:48:06.613,payment-hub,OK,MT103,SWIFT,620.0,USD,**************1324,SG,36
867ccf5a-8050-caa7-d60a-b207cc8fa323,2026-07-08T20:48:06.728,core-banking,OK,MT103,SWIFT,620.0,USD,**************1324,SG,130
867ccf5a-8050-caa7-d60a-b207cc8fa323,2026-07-08T20:48:06.809,settlement,SETTLED,MT103,SWIFT,620.0,USD,**************1324,SG,302
3a9741d4-fdd7-991f-b2f6-6772cb87114d,2026-07-02T01:30:52.988,gateway,OK,MT103,FAST,747.74,MYR,**************7094,SG,27
3a9741d4-fdd7-991f-b2f6-6772cb87114d,2026-07-02T01:30:53.082,auth,OK,MT103,FAST,747.74,MYR,**************7094,SG,57
3a9741d4-fdd7-991f-b2f6-6772cb87114d,2026-07-02T01:30:53.167,validation,OK,MT103,FAST,747.74,MYR,**************7094,SG,110
3a9741d4-fdd7-991f-b2f6-6772cb87114d,2026-07-02T01:30:53.241,aml,OK,MT103,FAST,747.74,MYR,**************7094,SG,264
3a9741d4-fdd7-991f-b2f6-6772cb87114d,2026-07-02T01:30:53.425,payment-hub,OK,MT103,FAST,747.74,MYR,**************7094,SG,39
3a9741d4-fdd7-991f-b2f6-6772cb87114d,2026-07-02T01:31:23.430,core-banking,OK,MT103,FAST,747.74,MYR,**************7094,SG,222
3a9741d4-fdd7-991f-b2f6-6772cb87114d,2026-07-02T01:31:23.550,settlement,SETTLED,MT103,FAST,747.74,MYR,**************7094,SG,202
932216f2-5b9e-f306-7087-faf54552cf7a,2026-07-14T22:57:31.057,gateway,OK,MT103,FAST,271.67,GBP,**************6107,MY,50
932216f2-5b9e-f306-7087-faf54552cf7a,2026-07-14T22:57:31.227,auth,OK,MT103,FAST,271.67,GBP,**************6107,MY,40
932216f2-5b9e-f306-7087-faf54552cf7a,2026-07-14T22:57:31.448,validation,OK,MT103,FAST,271.67,GBP,**************6107,MY,25
932216f2-5b9e-f306-7087-faf54552cf7a,2026-07-14T22:57:31.542,aml,OK,MT103,FAST,271.67,GBP,**************6107,MY,224
932216f2-5b9e-f306-7087-faf54552cf7a,2026-07-14T22:57:31.669,payment-hub,OK,MT103,FAST,271.67,GBP,**************6107,MY,51
932216f2-5b9e-f306-7087-faf54552cf7a,2026-07-14T22:57:31.964,core-banking,OK,MT103,FAST,271.67,GBP,**************6107,MY,171
932216f2-5b9e-f306-7087-faf54552cf7a,2026-07-14T22:57:32.117,settlement,SETTLED,MT103,FAST,271.67,GBP,**************6107,MY,109
15a6110d-fe62-06a8-227a-2ec6c5da4da1,2026-07-02T04:05:11.081,gateway,OK,MT103,SWIFT,729.59,USD,**************5423,MY,19
15a6110d-fe62-06a8-227a-2ec6c5da4da1,2026-07-02T04:05:11.150,auth,OK,MT103,SWIFT,729.59,USD,**************5423,MY,67
15a6110d-fe62-06a8-227a-2ec6c5da4da1,2026-07-02T04:05:11.198,validation,OK,MT103,SWIFT,729.59,USD,**************5423,MY,113
15a6110d-fe62-06a8-227a-2ec6c5da4da1,2026-07-02T04:05:11.306,aml,OK,MT103,SWIFT,729.59,USD,**************5423,MY,267
15a6110d-fe62-06a8-227a-2ec6c5da4da1,2026-07-02T04:05:11.404,payment-hub,OK,MT103,SWIFT,729.59,USD,**************5423,MY,49
15a6110d-fe62-06a8-227a-2ec6c5da4da1,2026-07-02T04:05:11.481,core-banking,OK,MT103,SWIFT,729.59,USD,**************5423,MY,202
15a6110d-fe62-06a8-227a-2ec6c5da4da1,2026-07-02T04:05:11.677,settlement,SETTLED,MT103,SWIFT,729.59,USD,**************5423,MY,315
9bf0773f-6d06-4033-e01e-a73bd4a87aa3,2026-07-14T21:01:56.313,gateway,OK,MT103,FAST,442.69,USD,**************8110,HK,54
9bf0773f-6d06-4033-e01e-a73bd4a87aa3,2026-07-14T21:01:56.409,auth,OK,MT103,FAST,442.69,USD,**************8110,HK,59
9bf0773f-6d06-4033-e01e-a73bd4a87aa3,2026-07-14T21:01:56.498,validation,OK,MT103,FAST,442.69,USD,**************8110,HK,101
9bf0773f-6d06-4033-e01e-a73bd4a87aa3,2026-07-14T21:01:56.560,aml,TIMEOUT,MT103,FAST,442.69,USD,**************8110,HK,30000
9bf0773f-6d06-4033-e01e-a73bd4a87aa3,2026-07-14T21:01:56.773,payment-hub,FAILED,MT103,FAST,442.69,USD,**************8110,HK,129
abb89a0d-6ae4-0851-461c-2d3cfc045f05,2026-07-03T19:43:23.864,gateway,OK,pacs.008,SWIFT,368.87,SGD,**************5601,SG,44
abb89a0d-6ae4-0851-461c-2d3cfc045f05,2026-07-03T19:43:23.931,auth,OK,pacs.008,SWIFT,368.87,SGD,**************5601,SG,84
abb89a0d-6ae4-0851-461c-2d3cfc045f05,2026-07-03T19:43:24.153,validation,OK,pacs.008,SWIFT,368.87,SGD,**************5601,SG,63
abb89a0d-6ae4-0851-461c-2d3cfc045f05,2026-07-03T19:43:24.308,aml,OK,pacs.008,SWIFT,368.87,SGD,**************5601,SG,123
abb89a0d-6ae4-0851-461c-2d3cfc045f05,2026-07-03T19:43:24.350,payment-hub,OK,pacs.008,SWIFT,368.87,SGD,**************5601,SG,142
abb89a0d-6ae4-0851-461c-2d3cfc045f05,2026-07-03T19:43:24.485,core-banking,OK,pacs.008,SWIFT,368.87,SGD,**************5601,SG,86
abb89a0d-6ae4-0851-461c-2d3cfc045f05,2026-07-03T19:43:24.583,settlement,SETTLED,pacs.008,SWIFT,368.87,SGD,**************5601,SG,237
3b2db81f-d945-0c2c-ae79-a5f66eed4a4f,2026-07-14T13:00:44.876,gateway,OK,pacs.008,FAST,264.74,SGD,**************1193,GB,20
3b2db81f-d945-0c2c-ae79-a5f66eed4a4f,2026-07-14T13:00:44.948,auth,OK,pacs.008,FAST,264.74,SGD,**************1193,GB,24
3b2db81f-d945-0c2c-ae79-a5f66eed4a4f,2026-07-14T13:00:45.009,validation,OK,pacs.008,FAST,264.74,SGD,**************1193,GB,112
3b2db81f-d945-0c2c-ae79-a5f66eed4a4f,2026-07-14T13:00:45.070,aml,OK,pacs.008,FAST,264.74,SGD,**************1193,GB,289
3b2db81f-d945-0c2c-ae79-a5f66eed4a4f,2026-07-14T13:00:45.143,payment-hub,OK,pacs.008,FAST,264.74,SGD,**************1193,GB,107
3b2db81f-d945-0c2c-ae79-a5f66eed4a4f,2026-07-14T13:00:45.221,core-banking,OK,pacs.008,FAST,264.74,SGD,**************1193,GB,98
3b2db81f-d945-0c2c-ae79-a5f66eed4a4f,2026-07-14T13:00:45.279,settlement,SETTLED,pacs.008,FAST,264.74,SGD,**************1193,GB,298
24333bbb-1534-8950-a235-217c024ec00c,2026-07-06T18:09:02.140,gateway,OK,pacs.008,FAST,2324.44,SGD,**************3476,SG,37
24333bbb-1534-8950-a235-217c024ec00c,2026-07-06T18:09:02.262,auth,OK,pacs.008,FAST,2324.44,SGD,**************3476,SG,54
24333bbb-1534-8950-a235-217c024ec00c,2026-07-06T18:09:02.322,validation,OK,pacs.008,FAST,2324.44,SGD,**************3476,SG,65
24333bbb-1534-8950-a235-217c024ec00c,2026-07-06T18:09:02.406,aml,OK,pacs.008,FAST,2324.44,SGD,**************3476,SG,220
24333bbb-1534-8950-a235-217c024ec00c,2026-07-06T18:09:02.576,payment-hub,OK,pacs.008,FAST,2324.44,SGD,**************3476,SG,50
24333bbb-1534-8950-a235-217c024ec00c,2026-07-06T18:09:02.838,core-banking,OK,pacs.008,FAST,2324.44,SGD,**************3476,SG,121
24333bbb-1534-8950-a235-217c024ec00c,2026-07-06T18:09:02.943,settlement,SETTLED,pacs.008,FAST,2324.44,SGD,**************3476,SG,350
a038c830-a915-1b78-0707-9219970f83fd,2026-07-06T12:13:15.771,gateway,OK,pacs.008,FAST,628.7,SGD,**************4220,SG,40
a038c830-a915-1b78-0707-9219970f83fd,2026-07-06T12:13:15.829,auth,OK,pacs.008,FAST,628.7,SGD,**************4220,SG,60
a038c830-a915-1b78-0707-9219970f83fd,2026-07-06T12:13:16.001,validation,OK,pacs.008,FAST,628.7,SGD,**************4220,SG,79
a038c830-a915-1b78-0707-9219970f83fd,2026-07-06T12:13:16.085,aml,OK,pacs.008,FAST,628.7,SGD,**************4220,SG,122
a038c830-a915-1b78-0707-9219970f83fd,2026-07-06T12:13:16.136,payment-hub,OK,pacs.008,FAST,628.7,SGD,**************4220,SG,128
a038c830-a915-1b78-0707-9219970f83fd,2026-07-06T12:13:16.174,core-banking,OK,pacs.008,FAST,628.7,SGD,**************4220,SG,226
a038c830-a915-1b78-0707-9219970f83fd,2026-07-06T12:13:16.261,settlement,SETTLED,pacs.008,FAST,628.7,SGD,**************4220,SG,216
f96b8170-adc9-8812-9898-efcdf5207d87,2026-07-13T09:26:41.031,gateway,OK,pacs.008,CARDS,284.75,INR,**************1690,SG,18
f96b8170-adc9-8812-9898-efcdf5207d87,2026-07-13T09:26:41.097,auth,OK,pacs.008,CARDS,284.75,INR,**************1690,SG,89
f96b8170-adc9-8812-9898-efcdf5207d87,2026-07-13T09:26:41.168,validation,OK,pacs.008,CARDS,284.75,INR,**************1690,SG,81
f96b8170-adc9-8812-9898-efcdf5207d87,2026-07-13T09:26:41.332,aml,OK,pacs.008,CARDS,284.75,INR,**************1690,SG,226
f96b8170-adc9-8812-9898-efcdf5207d87,2026-07-13T09:26:41.528,payment-hub,OK,pacs.008,CARDS,284.75,INR,**************1690,SG,55
f96b8170-adc9-8812-9898-efcdf5207d87,2026-07-13T09:26:41.600,core-banking,OK,pacs.008,CARDS,284.75,INR,**************1690,SG,134
f96b8170-adc9-8812-9898-efcdf5207d87,2026-07-13T09:26:41.788,settlement,SETTLED,pacs.008,CARDS,284.75,INR,**************1690,SG,213
386d0968-4eb9-e584-b977-d198d1b5e2b7,2026-07-01T14:18:16.429,gateway,OK,MT103,FAST,4540.82,GBP,**************8501,SG,52
386d0968-4eb9-e584-b977-d198d1b5e2b7,2026-07-01T14:18:16.524,auth,OK,MT103,FAST,4540.82,GBP,**************8501,SG,43
386d0968-4eb9-e584-b977-d198d1b5e2b7,2026-07-01T14:18:16.581,validation,OK,MT103,FAST,4540.82,GBP,**************8501,SG,38
386d0968-4eb9-e584-b977-d198d1b5e2b7,2026-07-01T14:18:16.678,aml,OK,MT103,FAST,4540.82,GBP,**************8501,SG,263
386d0968-4eb9-e584-b977-d198d1b5e2b7,2026-07-01T14:18:16.776,payment-hub,OK,MT103,FAST,4540.82,GBP,**************8501,SG,77
386d0968-4eb9-e584-b977-d198d1b5e2b7,2026-07-01T14:18:16.812,core-banking,OK,MT103,FAST,4540.82,GBP,**************8501,SG,244
386d0968-4eb9-e584-b977-d198d1b5e2b7,2026-07-01T14:18:16.961,settlement,SETTLED,MT103,FAST,4540.82,GBP,**************8501,SG,86
7ebecbfa-eff7-53b1-7bd5-8d796c32604a,2026-07-07T12:29:58.429,gateway,OK,pacs.008,SWIFT,256.51,SGD,**************1885,HK,32
7ebecbfa-eff7-53b1-7bd5-8d796c32604a,2026-07-07T12:29:58.494,auth,OK,pacs.008,SWIFT,256.51,SGD,**************1885,HK,58
7ebecbfa-eff7-53b1-7bd5-8d796c32604a,2026-07-07T12:29:58.580,validation,OK,pacs.008,SWIFT,256.51,SGD,**************1885,HK,88
7ebecbfa-eff7-53b1-7bd5-8d796c32604a,2026-07-07T12:29:58.716,aml,OK,pacs.008,SWIFT,256.51,SGD,**************1885,HK,269
7ebecbfa-eff7-53b1-7bd5-8d796c32604a,2026-07-07T12:29:58.769,payment-hub,OK,pacs.008,SWIFT,256.51,SGD,**************1885,HK,76
7ebecbfa-eff7-53b1-7bd5-8d796c32604a,2026-07-07T12:29:58.863,core-banking,OK,pacs.008,SWIFT,256.51,SGD,**************1885,HK,84
7ebecbfa-eff7-53b1-7bd5-8d796c32604a,2026-07-07T12:29:58.929,settlement,SETTLED,pacs.008,SWIFT,256.51,SGD,**************1885,HK,253
826f6ddd-bf8d-a9ba-db6c-fe371334c5fe,2026-07-11T20:23:18.312,gateway,OK,MT103,SWIFT,862.38,SGD,**************6629,SG,48
826f6ddd-bf8d-a9ba-db6c-fe371334c5fe,2026-07-11T20:23:18.557,auth,OK,MT103,SWIFT,862.38,SGD,**************6629,SG,74
826f6ddd-bf8d-a9ba-db6c-fe371334c5fe,2026-07-11T20:23:18.680,validation,OK,MT103,SWIFT,862.38,SGD,**************6629,SG,110
826f6ddd-bf8d-a9ba-db6c-fe371334c5fe,2026-07-11T20:23:18.856,aml,OK,MT103,SWIFT,862.38,SGD,**************6629,SG,143
826f6ddd-bf8d-a9ba-db6c-fe371334c5fe,2026-07-11T20:23:18.953,payment-hub,OK,MT103,SWIFT,862.38,SGD,**************6629,SG,111
826f6ddd-bf8d-a9ba-db6c-fe371334c5fe,2026-07-11T20:23:18.979,core-banking,OK,MT103,SWIFT,862.38,SGD,**************6629,SG,86
826f6ddd-bf8d-a9ba-db6c-fe371334c5fe,2026-07-11T20:23:19.095,settlement,SETTLED,MT103,SWIFT,862.38,SGD,**************6629,SG,377
54f4ea35-63d7-5963-391e-f9124601c06c,2026-07-10T18:14:41.261,gateway,OK,0200,SWIFT,1084.04,SGD,**************0298,MY,31
54f4ea35-63d7-5963-391e-f9124601c06c,2026-07-10T18:14:41.326,auth,OK,0200,SWIFT,1084.04,SGD,**************0298,MY,37
54f4ea35-63d7-5963-391e-f9124601c06c,2026-07-10T18:14:41.447,validation,OK,0200,SWIFT,1084.04,SGD,**************0298,MY,94
54f4ea35-63d7-5963-391e-f9124601c06c,2026-07-10T18:14:41.508,aml,TIMEOUT,0200,SWIFT,1084.04,SGD,**************0298,MY,30000
54f4ea35-63d7-5963-391e-f9124601c06c,2026-07-10T18:14:41.545,payment-hub,FAILED,0200,SWIFT,1084.04,SGD,**************0298,MY,142
23891b38-1f21-602c-0c5b-249f2155493c,2026-07-04T02:21:38.267,gateway,OK,pacs.008,SWIFT,340.99,MYR,**************2105,MY,53
23891b38-1f21-602c-0c5b-249f2155493c,2026-07-04T02:21:38.329,auth,OK,pacs.008,SWIFT,340.99,MYR,**************2105,MY,54
23891b38-1f21-602c-0c5b-249f2155493c,2026-07-04T02:21:38.469,validation,OK,pacs.008,SWIFT,340.99,MYR,**************2105,MY,32
23891b38-1f21-602c-0c5b-249f2155493c,2026-07-04T02:21:38.608,aml,OK,pacs.008,SWIFT,340.99,MYR,**************2105,MY,260
23891b38-1f21-602c-0c5b-249f2155493c,2026-07-04T02:21:38.701,payment-hub,OK,pacs.008,SWIFT,340.99,MYR,**************2105,MY,91
23891b38-1f21-602c-0c5b-249f2155493c,2026-07-04T02:21:38.758,core-banking,OK,pacs.008,SWIFT,340.99,MYR,**************2105,MY,177
23891b38-1f21-602c-0c5b-249f2155493c,2026-07-04T02:21:38.937,settlement,SETTLED,pacs.008,SWIFT,340.99,MYR,**************2105,MY,276
346e59cf-0aba-91c4-1b2f-628c92984df4,2026-07-08T12:16:11.077,gateway,OK,pacs.008,FAST,443.36,SGD,**************4330,SG,27
346e59cf-0aba-91c4-1b2f-628c92984df4,2026-07-08T12:16:11.166,auth,OK,pacs.008,FAST,443.36,SGD,**************4330,SG,42
346e59cf-0aba-91c4-1b2f-628c92984df4,2026-07-08T12:16:11.261,validation,OK,pacs.008,FAST,443.36,SGD,**************4330,SG,100
346e59cf-0aba-91c4-1b2f-628c92984df4,2026-07-08T12:16:11.341,aml,TIMEOUT,pacs.008,FAST,443.36,SGD,**************4330,SG,30000
346e59cf-0aba-91c4-1b2f-628c92984df4,2026-07-08T12:16:11.430,payment-hub,FAILED,pacs.008,FAST,443.36,SGD,**************4330,SG,44
f46efa1a-3f6f-51f5-1a4e-8bb995e9804f,2026-07-10T11:36:10.889,gateway,OK,pacs.008,SWIFT,887.23,SGD,**************7737,SG,28
f46efa1a-3f6f-51f5-1a4e-8bb995e9804f,2026-07-10T11:36:10.985,auth,OK,pacs.008,SWIFT,887.23,SGD,**************7737,SG,72
f46efa1a-3f6f-51f5-1a4e-8bb995e9804f,2026-07-10T11:36:11.105,validation,REJECTED,pacs.008,SWIFT,887.23,SGD,**************7737,SG,37
e720f25c-16d0-1bb3-7e14-648931a5d87a,2026-07-11T06:45:25.631,gateway,OK,0200,SWIFT,2099.98,GBP,**************0106,GB,31
e720f25c-16d0-1bb3-7e14-648931a5d87a,2026-07-11T06:45:25.678,auth,OK,0200,SWIFT,2099.98,GBP,**************0106,GB,69
e720f25c-16d0-1bb3-7e14-648931a5d87a,2026-07-11T06:45:25.719,validation,OK,0200,SWIFT,2099.98,GBP,**************0106,GB,99
e720f25c-16d0-1bb3-7e14-648931a5d87a,2026-07-11T06:45:25.767,aml,OK,0200,SWIFT,2099.98,GBP,**************0106,GB,209
e720f25c-16d0-1bb3-7e14-648931a5d87a,2026-07-11T06:45:25.837,payment-hub,OK,0200,SWIFT,2099.98,GBP,**************0106,GB,42
e720f25c-16d0-1bb3-7e14-648931a5d87a,2026-07-11T06:45:25.893,core-banking,OK,0200,SWIFT,2099.98,GBP,**************0106,GB,187
e720f25c-16d0-1bb3-7e14-648931a5d87a,2026-07-11T06:45:25.959,settlement,SETTLED,0200,SWIFT,2099.98,GBP,**************0106,GB,249
70979152-7b0d-d18a-8371-fd92f98cec93,2026-07-09T01:17:00.371,gateway,OK,pacs.008,FAST,739.54,SGD,**************9378,US,17
70979152-7b0d-d18a-8371-fd92f98cec93,2026-07-09T01:17:00.423,auth,OK,pacs.008,FAST,739.54,SGD,**************9378,US,50
70979152-7b0d-d18a-8371-fd92f98cec93,2026-07-09T01:17:00.504,validation,OK,pacs.008,FAST,739.54,SGD,**************9378,US,120
70979152-7b0d-d18a-8371-fd92f98cec93,2026-07-09T01:17:30.535,aml,TIMEOUT,pacs.008,FAST,739.54,SGD,**************9378,US,30000
70979152-7b0d-d18a-8371-fd92f98cec93,2026-07-09T01:17:30.670,payment-hub,FAILED,pacs.008,FAST,739.54,SGD,**************9378,US,105
bd875ff6-9ba8-ef26-0b52-cfe15227869f,2026-07-12T14:33:05.150,gateway,OK,pacs.008,FAST,433.29,SGD,**************9941,SG,38
bd875ff6-9ba8-ef26-0b52-cfe15227869f,2026-07-12T14:33:05.206,auth,OK,pacs.008,FAST,433.29,SGD,**************9941,SG,57
bd875ff6-9ba8-ef26-0b52-cfe15227869f,2026-07-12T14:33:05.417,validation,OK,pacs.008,FAST,433.29,SGD,**************9941,SG,61
bd875ff6-9ba8-ef26-0b52-cfe15227869f,2026-07-12T14:33:05.522,aml,OK,pacs.008,FAST,433.29,SGD,**************9941,SG,274
bd875ff6-9ba8-ef26-0b52-cfe15227869f,2026-07-12T14:33:05.550,payment-hub,OK,pacs.008,FAST,433.29,SGD,**************9941,SG,134
bd875ff6-9ba8-ef26-0b52-cfe15227869f,2026-07-12T14:33:05.830,core-banking,OK,pacs.008,FAST,433.29,SGD,**************9941,SG,174
bd875ff6-9ba8-ef26-0b52-cfe15227869f,2026-07-12T14:33:05.960,settlement,SETTLED,pacs.008,FAST,433.29,SGD,**************9941,SG,318
7aec3cc4-6ca2-2707-403f-867f40ff2bf7,2026-07-13T00:17:10.191,gateway,OK,pacs.008,SWIFT,195.26,USD,**************7582,SG,26
7aec3cc4-6ca2-2707-403f-867f40ff2bf7,2026-07-13T00:17:10.314,auth,OK,pacs.008,SWIFT,195.26,USD,**************7582,SG,60
7aec3cc4-6ca2-2707-403f-867f40ff2bf7,2026-07-13T00:17:10.498,validation,OK,pacs.008,SWIFT,195.26,USD,**************7582,SG,115
7aec3cc4-6ca2-2707-403f-867f40ff2bf7,2026-07-13T00:17:10.580,aml,OK,pacs.008,SWIFT,195.26,USD,**************7582,SG,216
7aec3cc4-6ca2-2707-403f-867f40ff2bf7,2026-07-13T00:17:10.657,payment-hub,OK,pacs.008,SWIFT,195.26,USD,**************7582,SG,101
7aec3cc4-6ca2-2707-403f-867f40ff2bf7,2026-07-13T00:17:10.736,core-banking,OK,pacs.008,SWIFT,195.26,USD,**************7582,SG,198
7aec3cc4-6ca2-2707-403f-867f40ff2bf7,2026-07-13T00:17:10.847,settlement,SETTLED,pacs.008,SWIFT,195.26,USD,**************7582,SG,79
50d0442d-228a-d0c6-dcaf-2af25612f522,2026-07-12T13:25:03.375,gateway,OK,pacs.008,FAST,1023.32,USD,**************6477,SG,28
50d0442d-228a-d0c6-dcaf-2af25612f522,2026-07-12T13:25:03.485,auth,OK,pacs.008,FAST,1023.32,USD,**************6477,SG,28
50d0442d-228a-d0c6-dcaf-2af25612f522,2026-07-12T13:25:03.567,validation,OK,pacs.008,FAST,1023.32,USD,**************6477,SG,43
50d0442d-228a-d0c6-dcaf-2af25612f522,2026-07-12T13:25:03.639,aml,OK,pacs.008,FAST,1023.32,USD,**************6477,SG,184
50d0442d-228a-d0c6-dcaf-2af25612f522,2026-07-12T13:25:03.719,payment-hub,OK,pacs.008,FAST,1023.32,USD,**************6477,SG,122
50d0442d-228a-d0c6-dcaf-2af25612f522,2026-07-12T13:25:03.779,core-banking,OK,pacs.008,FAST,1023.32,USD,**************6477,SG,224
50d0442d-228a-d0c6-dcaf-2af25612f522,2026-07-12T13:25:03.896,settlement,SETTLED,pacs.008,FAST,1023.32,USD,**************6477,SG,153
074f1971-3ff0-65f6-4d00-f8ca36ac112d,2026-07-12T02:28:44.262,gateway,OK,MT103,FAST,701.89,USD,**************9995,US,23
074f1971-3ff0-65f6-4d00-f8ca36ac112d,2026-07-12T02:28:44.408,auth,OK,MT103,FAST,701.89,USD,**************9995,US,53
074f1971-3ff0-65f6-4d00-f8ca36ac112d,2026-07-12T02:28:44.554,validation,OK,MT103,FAST,701.89,USD,**************9995,US,29
074f1971-3ff0-65f6-4d00-f8ca36ac112d,2026-07-12T02:28:44.594,aml,OK,MT103,FAST,701.89,USD,**************9995,US,175
074f1971-3ff0-65f6-4d00-f8ca36ac112d,2026-07-12T02:28:44.664,payment-hub,OK,MT103,FAST,701.89,USD,**************9995,US,118
074f1971-3ff0-65f6-4d00-f8ca36ac112d,2026-07-12T02:28:44.829,core-banking,OK,MT103,FAST,701.89,USD,**************9995,US,194
074f1971-3ff0-65f6-4d00-f8ca36ac112d,2026-07-12T02:28:45.014,settlement,SETTLED,MT103,FAST,701.89,USD,**************9995,US,80
672cedbc-67ca-47da-e7f9-2e9706974be2,2026-07-01T10:02:32.925,gateway,OK,0200,FAST,237.51,SGD,**************3669,IN,56
672cedbc-67ca-47da-e7f9-2e9706974be2,2026-07-01T10:02:33.013,auth,OK,0200,FAST,237.51,SGD,**************3669,IN,65
672cedbc-67ca-47da-e7f9-2e9706974be2,2026-07-01T10:02:33.081,validation,REJECTED,0200,FAST,237.51,SGD,**************3669,IN,31
83d31b38-2fb2-3eb1-aa50-44ce92fb0738,2026-07-07T14:44:03.538,gateway,OK,MT103,SWIFT,753.88,INR,**************4127,GB,42
83d31b38-2fb2-3eb1-aa50-44ce92fb0738,2026-07-07T14:44:03.596,auth,OK,MT103,SWIFT,753.88,INR,**************4127,GB,82
83d31b38-2fb2-3eb1-aa50-44ce92fb0738,2026-07-07T14:44:03.666,validation,OK,MT103,SWIFT,753.88,INR,**************4127,GB,89
83d31b38-2fb2-3eb1-aa50-44ce92fb0738,2026-07-07T14:44:03.842,aml,OK,MT103,SWIFT,753.88,INR,**************4127,GB,298
83d31b38-2fb2-3eb1-aa50-44ce92fb0738,2026-07-07T14:44:03.971,payment-hub,OK,MT103,SWIFT,753.88,INR,**************4127,GB,67
83d31b38-2fb2-3eb1-aa50-44ce92fb0738,2026-07-07T14:44:04.039,core-banking,OK,MT103,SWIFT,753.88,INR,**************4127,GB,71
83d31b38-2fb2-3eb1-aa50-44ce92fb0738,2026-07-07T14:44:04.121,settlement,SETTLED,MT103,SWIFT,753.88,INR,**************4127,GB,271
4b588834-52b7-54cb-7c2d-bcf2290a5337,2026-07-04T19:07:10.180,gateway,OK,MT103,FAST,1575.37,EUR,**************7981,MY,16
4b588834-52b7-54cb-7c2d-bcf2290a5337,2026-07-04T19:07:10.241,auth,OK,MT103,FAST,1575.37,EUR,**************7981,MY,90
4b588834-52b7-54cb-7c2d-bcf2290a5337,2026-07-04T19:07:10.292,validation,OK,MT103,FAST,1575.37,EUR,**************7981,MY,61
4b588834-52b7-54cb-7c2d-bcf2290a5337,2026-07-04T19:07:10.359,aml,OK,MT103,FAST,1575.37,EUR,**************7981,MY,210
4b588834-52b7-54cb-7c2d-bcf2290a5337,2026-07-04T19:07:10.470,payment-hub,OK,MT103,FAST,1575.37,EUR,**************7981,MY,110
4b588834-52b7-54cb-7c2d-bcf2290a5337,2026-07-04T19:07:10.513,core-banking,OK,MT103,FAST,1575.37,EUR,**************7981,MY,235
4b588834-52b7-54cb-7c2d-bcf2290a5337,2026-07-04T19:07:10.638,settlement,SETTLED,MT103,FAST,1575.37,EUR,**************7981,MY,160
379220f6-e106-62d5-4cea-473355636557,2026-07-06T08:56:16.941,gateway,OK,pacs.008,FAST,360.16,SGD,**************3670,MY,57
379220f6-e106-62d5-4cea-473355636557,2026-07-06T08:56:17.135,auth,OK,pacs.008,FAST,360.16,SGD,**************3670,MY,24
379220f6-e106-62d5-4cea-473355636557,2026-07-06T08:56:17.209,validation,OK,pacs.008,FAST,360.16,SGD,**************3670,MY,116
379220f6-e106-62d5-4cea-473355636557,2026-07-06T08:56:17.285,aml,OK,pacs.008,FAST,360.16,SGD,**************3670,MY,281
379220f6-e106-62d5-4cea-473355636557,2026-07-06T08:56:17.435,payment-hub,OK,pacs.008,FAST,360.16,SGD,**************3670,MY,138
379220f6-e106-62d5-4cea-473355636557,2026-07-06T08:56:17.499,core-banking,OK,pacs.008,FAST,360.16,SGD,**************3670,MY,155
379220f6-e106-62d5-4cea-473355636557,2026-07-06T08:56:17.613,settlement,SETTLED,pacs.008,FAST,360.16,SGD,**************3670,MY,77
d2e55e87-cda5-cdaa-222a-e4b02aa01d7e,2026-07-09T13:21:37.507,gateway,OK,MT103,FAST,8668.0,USD,**************4298,GB,21
d2e55e87-cda5-cdaa-222a-e4b02aa01d7e,2026-07-09T13:21:37.782,auth,OK,MT103,FAST,8668.0,USD,**************4298,GB,44
d2e55e87-cda5-cdaa-222a-e4b02aa01d7e,2026-07-09T13:21:37.861,validation,OK,MT103,FAST,8668.0,USD,**************4298,GB,98
d2e55e87-cda5-cdaa-222a-e4b02aa01d7e,2026-07-09T13:21:38.019,aml,TIMEOUT,MT103,FAST,8668.0,USD,**************4298,GB,30000
d2e55e87-cda5-cdaa-222a-e4b02aa01d7e,2026-07-09T13:21:38.334,payment-hub,FAILED,MT103,FAST,8668.0,USD,**************4298,GB,114
a64d37f3-0c08-dca0-190d-223246f4b928,2026-07-02T21:16:13.863,gateway,OK,pacs.008,SWIFT,457.57,SGD,**************7766,SG,58
a64d37f3-0c08-dca0-190d-223246f4b928,2026-07-02T21:16:13.925,auth,OK,pacs.008,SWIFT,457.57,SGD,**************7766,SG,72
a64d37f3-0c08-dca0-190d-223246f4b928,2026-07-02T21:16:13.965,validation,OK,pacs.008,SWIFT,457.57,SGD,**************7766,SG,33
a64d37f3-0c08-dca0-190d-223246f4b928,2026-07-02T21:16:14.012,aml,OK,pacs.008,SWIFT,457.57,SGD,**************7766,SG,295
a64d37f3-0c08-dca0-190d-223246f4b928,2026-07-02T21:16:14.088,payment-hub,OK,pacs.008,SWIFT,457.57,SGD,**************7766,SG,144
a64d37f3-0c08-dca0-190d-223246f4b928,2026-07-02T21:16:14.212,core-banking,OK,pacs.008,SWIFT,457.57,SGD,**************7766,SG,52
a64d37f3-0c08-dca0-190d-223246f4b928,2026-07-02T21:16:14.325,settlement,SETTLED,pacs.008,SWIFT,457.57,SGD,**************7766,SG,276
40346fb8-441c-fd3a-78b9-2d3887fc11fd,2026-07-08T08:08:33.287,gateway,OK,MT103,FAST,8120.87,MYR,**************8620,SG,42
40346fb8-441c-fd3a-78b9-2d3887fc11fd,2026-07-08T08:08:33.330,auth,OK,MT103,FAST,8120.87,MYR,**************8620,SG,66
40346fb8-441c-fd3a-78b9-2d3887fc11fd,2026-07-08T08:08:33.452,validation,OK,MT103,FAST,8120.87,MYR,**************8620,SG,81
40346fb8-441c-fd3a-78b9-2d3887fc11fd,2026-07-08T08:08:33.508,aml,OK,MT103,FAST,8120.87,MYR,**************8620,SG,130
40346fb8-441c-fd3a-78b9-2d3887fc11fd,2026-07-08T08:08:33.619,payment-hub,OK,MT103,FAST,8120.87,MYR,**************8620,SG,94
40346fb8-441c-fd3a-78b9-2d3887fc11fd,2026-07-08T08:08:33.935,core-banking,OK,MT103,FAST,8120.87,MYR,**************8620,SG,234
40346fb8-441c-fd3a-78b9-2d3887fc11fd,2026-07-08T08:08:34.124,settlement,SETTLED,MT103,FAST,8120.87,MYR,**************8620,SG,268
fa5dd22a-120b-8e7f-d631-895e22ec3a8f,2026-07-07T20:59:50.331,gateway,OK,pacs.008,SWIFT,765.65,SGD,**************6478,SG,39
fa5dd22a-120b-8e7f-d631-895e22ec3a8f,2026-07-07T20:59:50.396,auth,OK,pacs.008,SWIFT,765.65,SGD,**************6478,SG,39
fa5dd22a-120b-8e7f-d631-895e22ec3a8f,2026-07-07T20:59:50.494,validation,OK,pacs.008,SWIFT,765.65,SGD,**************6478,SG,44
fa5dd22a-120b-8e7f-d631-895e22ec3a8f,2026-07-07T20:59:50.612,aml,OK,pacs.008,SWIFT,765.65,SGD,**************6478,SG,58
fa5dd22a-120b-8e7f-d631-895e22ec3a8f,2026-07-07T20:59:50.749,payment-hub,OK,pacs.008,SWIFT,765.65,SGD,**************6478,SG,70
fa5dd22a-120b-8e7f-d631-895e22ec3a8f,2026-07-07T20:59:50.921,core-banking,OK,pacs.008,SWIFT,765.65,SGD,**************6478,SG,203
fa5dd22a-120b-8e7f-d631-895e22ec3a8f,2026-07-07T20:59:50.983,settlement,SETTLED,pacs.008,SWIFT,765.65,SGD,**************6478,SG,144
c7736def-4fc1-2b0b-388e-738330e14d75,2026-07-01T11:49:48.896,gateway,OK,pacs.008,SWIFT,1712.04,MYR,**************3869,GB,48
c7736def-4fc1-2b0b-388e-738330e14d75,2026-07-01T11:49:48.997,auth,OK,pacs.008,SWIFT,1712.04,MYR,**************3869,GB,56
c7736def-4fc1-2b0b-388e-738330e14d75,2026-07-01T11:49:49.042,validation,OK,pacs.008,SWIFT,1712.04,MYR,**************3869,GB,46
c7736def-4fc1-2b0b-388e-738330e14d75,2026-07-01T11:49:49.192,aml,OK,pacs.008,SWIFT,1712.04,MYR,**************3869,GB,295
c7736def-4fc1-2b0b-388e-738330e14d75,2026-07-01T11:49:49.359,payment-hub,OK,pacs.008,SWIFT,1712.04,MYR,**************3869,GB,86
c7736def-4fc1-2b0b-388e-738330e14d75,2026-07-01T11:49:49.422,core-banking,OK,pacs.008,SWIFT,1712.04,MYR,**************3869,GB,177
c7736def-4fc1-2b0b-388e-738330e14d75,2026-07-01T11:49:49.471,settlement,SETTLED,pacs.008,SWIFT,1712.04,MYR,**************3869,GB,349
5e19d40a-9e3e-ff6f-ea8f-91ccd5c8ccb5,2026-07-01T11:06:41.522,gateway,OK,pacs.008,FAST,1258.58,SGD,**************3287,SG,38
5e19d40a-9e3e-ff6f-ea8f-91ccd5c8ccb5,2026-07-01T11:06:41.566,auth,OK,pacs.008,FAST,1258.58,SGD,**************3287,SG,66
5e19d40a-9e3e-ff6f-ea8f-91ccd5c8ccb5,2026-07-01T11:06:41.677,validation,OK,pacs.008,FAST,1258.58,SGD,**************3287,SG,78
5e19d40a-9e3e-ff6f-ea8f-91ccd5c8ccb5,2026-07-01T11:06:41.802,aml,OK,pacs.008,FAST,1258.58,SGD,**************3287,SG,95
5e19d40a-9e3e-ff6f-ea8f-91ccd5c8ccb5,2026-07-01T11:06:41.831,payment-hub,OK,pacs.008,FAST,1258.58,SGD,**************3287,SG,140
5e19d40a-9e3e-ff6f-ea8f-91ccd5c8ccb5,2026-07-01T11:06:41.989,core-banking,OK,pacs.008,FAST,1258.58,SGD,**************3287,SG,154
5e19d40a-9e3e-ff6f-ea8f-91ccd5c8ccb5,2026-07-01T11:06:42.055,settlement,SETTLED,pacs.008,FAST,1258.58,SGD,**************3287,SG,297
ad6819ab-c0b7-f9a1-bb40-0ae4ae6f152f,2026-07-07T21:31:22.785,gateway,OK,pacs.008,FAST,1593.2,USD,**************9567,SG,52
ad6819ab-c0b7-f9a1-bb40-0ae4ae6f152f,2026-07-07T21:31:22.901,auth,OK,pacs.008,FAST,1593.2,USD,**************9567,SG,36
ad6819ab-c0b7-f9a1-bb40-0ae4ae6f152f,2026-07-07T21:31:23.110,validation,OK,pacs.008,FAST,1593.2,USD,**************9567,SG,35
ad6819ab-c0b7-f9a1-bb40-0ae4ae6f152f,2026-07-07T21:31:23.176,aml,OK,pacs.008,FAST,1593.2,USD,**************9567,SG,103
ad6819ab-c0b7-f9a1-bb40-0ae4ae6f152f,2026-07-07T21:31:23.211,payment-hub,OK,pacs.008,FAST,1593.2,USD,**************9567,SG,112
ad6819ab-c0b7-f9a1-bb40-0ae4ae6f152f,2026-07-07T21:31:23.345,core-banking,OK,pacs.008,FAST,1593.2,USD,**************9567,SG,168
ad6819ab-c0b7-f9a1-bb40-0ae4ae6f152f,2026-07-07T21:31:23.655,settlement,SETTLED,pacs.008,FAST,1593.2,USD,**************9567,SG,156
a0e31c7c-731a-4da7-0edf-532bd7e7fc7a,2026-07-10T18:25:24.021,gateway,OK,MT103,FAST,91.61,SGD,**************7997,SG,23
a0e31c7c-731a-4da7-0edf-532bd7e7fc7a,2026-07-10T18:25:24.156,auth,OK,MT103,FAST,91.61,SGD,**************7997,SG,26
a0e31c7c-731a-4da7-0edf-532bd7e7fc7a,2026-07-10T18:25:24.271,validation,OK,MT103,FAST,91.61,SGD,**************7997,SG,102
a0e31c7c-731a-4da7-0edf-532bd7e7fc7a,2026-07-10T18:25:24.375,aml,OK,MT103,FAST,91.61,SGD,**************7997,SG,55
a0e31c7c-731a-4da7-0edf-532bd7e7fc7a,2026-07-10T18:25:24.415,payment-hub,OK,MT103,FAST,91.61,SGD,**************7997,SG,71
a0e31c7c-731a-4da7-0edf-532bd7e7fc7a,2026-07-10T18:25:24.494,core-banking,OK,MT103,FAST,91.61,SGD,**************7997,SG,63
a0e31c7c-731a-4da7-0edf-532bd7e7fc7a,2026-07-10T18:25:24.728,settlement,SETTLED,MT103,FAST,91.61,SGD,**************7997,SG,155
4c0784b5-0a6c-6cb3-4b06-0e1de04c5df2,2026-07-08T15:57:00.405,gateway,OK,MT103,FAST,177.03,USD,**************9131,SG,17
4c0784b5-0a6c-6cb3-4b06-0e1de04c5df2,2026-07-08T15:57:00.484,auth,OK,MT103,FAST,177.03,USD,**************9131,SG,58
4c0784b5-0a6c-6cb3-4b06-0e1de04c5df2,2026-07-08T15:57:00.643,validation,REJECTED,MT103,FAST,177.03,USD,**************9131,SG,105
00daeb5b-0b1e-f9c8-7d00-1d2cea3f74b5,2026-07-05T01:32:42.421,gateway,OK,MT103,FAST,336.17,SGD,**************7234,SG,58
00daeb5b-0b1e-f9c8-7d00-1d2cea3f74b5,2026-07-05T01:32:42.512,auth,OK,MT103,FAST,336.17,SGD,**************7234,SG,21
00daeb5b-0b1e-f9c8-7d00-1d2cea3f74b5,2026-07-05T01:32:42.582,validation,OK,MT103,FAST,336.17,SGD,**************7234,SG,106
00daeb5b-0b1e-f9c8-7d00-1d2cea3f74b5,2026-07-05T01:32:42.633,aml,OK,MT103,FAST,336.17,SGD,**************7234,SG,172
00daeb5b-0b1e-f9c8-7d00-1d2cea3f74b5,2026-07-05T01:32:42.710,payment-hub,OK,MT103,FAST,336.17,SGD,**************7234,SG,120
00daeb5b-0b1e-f9c8-7d00-1d2cea3f74b5,2026-07-05T01:32:42.964,core-banking,OK,MT103,FAST,336.17,SGD,**************7234,SG,124
00daeb5b-0b1e-f9c8-7d00-1d2cea3f74b5,2026-07-05T01:32:43.021,settlement,SETTLED,MT103,FAST,336.17,SGD,**************7234,SG,101
8faf0550-92c1-7327-c0f8-247bdd886998,2026-07-09T12:03:49.089,gateway,OK,MT103,FAST,971.8,USD,**************8082,IN,51
8faf0550-92c1-7327-c0f8-247bdd886998,2026-07-09T12:03:49.165,auth,OK,MT103,FAST,971.8,USD,**************8082,IN,46
8faf0550-92c1-7327-c0f8-247bdd886998,2026-07-09T12:03:49.287,validation,OK,MT103,FAST,971.8,USD,**************8082,IN,104
8faf0550-92c1-7327-c0f8-247bdd886998,2026-07-09T12:03:49.361,aml,OK,MT103,FAST,971.8,USD,**************8082,IN,47
8faf0550-92c1-7327-c0f8-247bdd886998,2026-07-09T12:03:49.426,payment-hub,OK,MT103,FAST,971.8,USD,**************8082,IN,47
8faf0550-92c1-7327-c0f8-247bdd886998,2026-07-09T12:03:49.583,core-banking,OK,MT103,FAST,971.8,USD,**************8082,IN,128
8faf0550-92c1-7327-c0f8-247bdd886998,2026-07-09T12:03:49.637,settlement,SETTLED,MT103,FAST,971.8,USD,**************8082,IN,199
b3b08b21-b351-034c-f35c-26e60126bc4a,2026-07-11T09:23:16.884,gateway,OK,pacs.008,CARDS,722.38,SGD,**************6682,SG,53
b3b08b21-b351-034c-f35c-26e60126bc4a,2026-07-11T09:23:17.038,auth,OK,pacs.008,CARDS,722.38,SGD,**************6682,SG,90
b3b08b21-b351-034c-f35c-26e60126bc4a,2026-07-11T09:23:17.122,validation,REJECTED,pacs.008,CARDS,722.38,SGD,**************6682,SG,109
7f10e96d-55c1-a9c4-8423-e1d6d5af0ec4,2026-07-07T11:15:13.648,gateway,OK,MT103,FAST,916.87,EUR,**************9090,MY,23
7f10e96d-55c1-a9c4-8423-e1d6d5af0ec4,2026-07-07T11:15:13.923,auth,OK,MT103,FAST,916.87,EUR,**************9090,MY,26
7f10e96d-55c1-a9c4-8423-e1d6d5af0ec4,2026-07-07T11:15:14.013,validation,OK,MT103,FAST,916.87,EUR,**************9090,MY,97
7f10e96d-55c1-a9c4-8423-e1d6d5af0ec4,2026-07-07T11:15:14.132,aml,OK,MT103,FAST,916.87,EUR,**************9090,MY,138
7f10e96d-55c1-a9c4-8423-e1d6d5af0ec4,2026-07-07T11:15:14.218,payment-hub,OK,MT103,FAST,916.87,EUR,**************9090,MY,52
7f10e96d-55c1-a9c4-8423-e1d6d5af0ec4,2026-07-07T11:15:14.330,core-banking,OK,MT103,FAST,916.87,EUR,**************9090,MY,164
7f10e96d-55c1-a9c4-8423-e1d6d5af0ec4,2026-07-07T11:15:14.399,settlement,SETTLED,MT103,FAST,916.87,EUR,**************9090,MY,298
2b3fcbf0-3375-a853-b200-b577ed7534c2,2026-07-10T15:13:44.743,gateway,OK,pacs.008,FAST,215.19,SGD,**************4763,SG,22
2b3fcbf0-3375-a853-b200-b577ed7534c2,2026-07-10T15:13:44.914,auth,OK,pacs.008,FAST,215.19,SGD,**************4763,SG,85
2b3fcbf0-3375-a853-b200-b577ed7534c2,2026-07-10T15:13:44.979,validation,OK,pacs.008,FAST,215.19,SGD,**************4763,SG,67
2b3fcbf0-3375-a853-b200-b577ed7534c2,2026-07-10T15:13:45.060,aml,OK,pacs.008,FAST,215.19,SGD,**************4763,SG,195
2b3fcbf0-3375-a853-b200-b577ed7534c2,2026-07-10T15:13:45.135,payment-hub,OK,pacs.008,FAST,215.19,SGD,**************4763,SG,62
2b3fcbf0-3375-a853-b200-b577ed7534c2,2026-07-10T15:13:45.344,core-banking,OK,pacs.008,FAST,215.19,SGD,**************4763,SG,130
2b3fcbf0-3375-a853-b200-b577ed7534c2,2026-07-10T15:13:45.428,settlement,SETTLED,pacs.008,FAST,215.19,SGD,**************4763,SG,122
405ecf15-9cda-11e3-b159-ffaace60d6a7,2026-07-09T05:24:37.396,gateway,OK,pacs.008,SWIFT,168.38,INR,**************6712,SG,51
405ecf15-9cda-11e3-b159-ffaace60d6a7,2026-07-09T05:24:37.483,auth,OK,pacs.008,SWIFT,168.38,INR,**************6712,SG,90
405ecf15-9cda-11e3-b159-ffaace60d6a7,2026-07-09T05:24:37.767,validation,OK,pacs.008,SWIFT,168.38,INR,**************6712,SG,52
405ecf15-9cda-11e3-b159-ffaace60d6a7,2026-07-09T05:24:37.814,aml,TIMEOUT,pacs.008,SWIFT,168.38,INR,**************6712,SG,30000
405ecf15-9cda-11e3-b159-ffaace60d6a7,2026-07-09T05:24:37.872,payment-hub,FAILED,pacs.008,SWIFT,168.38,INR,**************6712,SG,88
92539737-6a60-0fd5-d1b2-0e97acadd642,2026-07-02T00:54:55.767,gateway,OK,pacs.008,FAST,5990.32,EUR,**************5061,HK,19
92539737-6a60-0fd5-d1b2-0e97acadd642,2026-07-02T00:54:55.799,auth,OK,pacs.008,FAST,5990.32,EUR,**************5061,HK,71
92539737-6a60-0fd5-d1b2-0e97acadd642,2026-07-02T00:54:55.997,validation,OK,pacs.008,FAST,5990.32,EUR,**************5061,HK,33
92539737-6a60-0fd5-d1b2-0e97acadd642,2026-07-02T00:54:56.055,aml,TIMEOUT,pacs.008,FAST,5990.32,EUR,**************5061,HK,30000
92539737-6a60-0fd5-d1b2-0e97acadd642,2026-07-02T00:54:56.122,payment-hub,FAILED,pacs.008,FAST,5990.32,EUR,**************5061,HK,77
8682eaaf-c3e7-9d7e-1560-06808c61191b,2026-07-13T21:31:35.472,gateway,OK,pacs.008,FAST,1235.15,INR,**************1402,SG,48
8682eaaf-c3e7-9d7e-1560-06808c61191b,2026-07-13T21:31:35.558,auth,OK,pacs.008,FAST,1235.15,INR,**************1402,SG,82
8682eaaf-c3e7-9d7e-1560-06808c61191b,2026-07-13T21:31:35.635,validation,OK,pacs.008,FAST,1235.15,INR,**************1402,SG,30
8682eaaf-c3e7-9d7e-1560-06808c61191b,2026-07-13T21:31:35.855,aml,OK,pacs.008,FAST,1235.15,INR,**************1402,SG,98
8682eaaf-c3e7-9d7e-1560-06808c61191b,2026-07-13T21:31:35.910,payment-hub,OK,pacs.008,FAST,1235.15,INR,**************1402,SG,92
8682eaaf-c3e7-9d7e-1560-06808c61191b,2026-07-13T21:31:36.189,core-banking,OK,pacs.008,FAST,1235.15,INR,**************1402,SG,134
8682eaaf-c3e7-9d7e-1560-06808c61191b,2026-07-13T21:31:36.283,settlement,SETTLED,pacs.008,FAST,1235.15,INR,**************1402,SG,281
2332dbf2-fdb2-6bf7-a576-6518c174ca9c,2026-07-08T02:33:30.934,gateway,OK,0200,SWIFT,79.19,SGD,**************6997,SG,53
2332dbf2-fdb2-6bf7-a576-6518c174ca9c,2026-07-08T02:33:31.069,auth,OK,0200,SWIFT,79.19,SGD,**************6997,SG,88
2332dbf2-fdb2-6bf7-a576-6518c174ca9c,2026-07-08T02:33:31.160,validation,OK,0200,SWIFT,79.19,SGD,**************6997,SG,64
2332dbf2-fdb2-6bf7-a576-6518c174ca9c,2026-07-08T02:33:31.186,aml,OK,0200,SWIFT,79.19,SGD,**************6997,SG,244
2332dbf2-fdb2-6bf7-a576-6518c174ca9c,2026-07-08T02:33:31.325,payment-hub,OK,0200,SWIFT,79.19,SGD,**************6997,SG,146
2332dbf2-fdb2-6bf7-a576-6518c174ca9c,2026-07-08T02:33:31.384,core-banking,OK,0200,SWIFT,79.19,SGD,**************6997,SG,123
2332dbf2-fdb2-6bf7-a576-6518c174ca9c,2026-07-08T02:33:31.407,settlement,SETTLED,0200,SWIFT,79.19,SGD,**************6997,SG,299
9e56edc7-140c-8c70-6fff-76f4df2a04d2,2026-07-05T01:40:36.314,gateway,OK,pacs.008,SWIFT,1639.62,SGD,**************1280,SG,39
9e56edc7-140c-8c70-6fff-76f4df2a04d2,2026-07-05T01:40:36.417,auth,OK,pacs.008,SWIFT,1639.62,SGD,**************1280,SG,81
9e56edc7-140c-8c70-6fff-76f4df2a04d2,2026-07-05T01:40:36.567,validation,OK,pacs.008,SWIFT,1639.62,SGD,**************1280,SG,91
9e56edc7-140c-8c70-6fff-76f4df2a04d2,2026-07-05T01:40:36.678,aml,OK,pacs.008,SWIFT,1639.62,SGD,**************1280,SG,164
9e56edc7-140c-8c70-6fff-76f4df2a04d2,2026-07-05T01:40:36.914,payment-hub,OK,pacs.008,SWIFT,1639.62,SGD,**************1280,SG,69
9e56edc7-140c-8c70-6fff-76f4df2a04d2,2026-07-05T01:40:37.017,core-banking,OK,pacs.008,SWIFT,1639.62,SGD,**************1280,SG,159
9e56edc7-140c-8c70-6fff-76f4df2a04d2,2026-07-05T01:40:37.076,settlement,SETTLED,pacs.008,SWIFT,1639.62,SGD,**************1280,SG,302
695faa0f-e7ea-9b75-5dab-f40120aadfca,2026-07-04T18:03:55.625,gateway,OK,pacs.008,CARDS,915.9,EUR,**************3302,GB,41
695faa0f-e7ea-9b75-5dab-f40120aadfca,2026-07-04T18:03:55.735,auth,OK,pacs.008,CARDS,915.9,EUR,**************3302,GB,56
695faa0f-e7ea-9b75-5dab-f40120aadfca,2026-07-04T18:03:55.978,validation,OK,pacs.008,CARDS,915.9,EUR,**************3302,GB,75
695faa0f-e7ea-9b75-5dab-f40120aadfca,2026-07-04T18:03:56.072,aml,OK,pacs.008,CARDS,915.9,EUR,**************3302,GB,64
695faa0f-e7ea-9b75-5dab-f40120aadfca,2026-07-04T18:03:56.181,payment-hub,OK,pacs.008,CARDS,915.9,EUR,**************3302,GB,111
695faa0f-e7ea-9b75-5dab-f40120aadfca,2026-07-04T18:03:56.279,core-banking,OK,pacs.008,CARDS,915.9,EUR,**************3302,GB,213
695faa0f-e7ea-9b75-5dab-f40120aadfca,2026-07-04T18:03:56.372,settlement,SETTLED,pacs.008,CARDS,915.9,EUR,**************3302,GB,330
04b08aa9-c8d0-1d85-b682-1f87f1009c5e,2026-07-02T10:59:34.315,gateway,OK,MT103,FAST,1260.89,SGD,**************2308,SG,33
04b08aa9-c8d0-1d85-b682-1f87f1009c5e,2026-07-02T10:59:34.384,auth,OK,MT103,FAST,1260.89,SGD,**************2308,SG,43
04b08aa9-c8d0-1d85-b682-1f87f1009c5e,2026-07-02T10:59:34.633,validation,OK,MT103,FAST,1260.89,SGD,**************2308,SG,33
04b08aa9-c8d0-1d85-b682-1f87f1009c5e,2026-07-02T10:59:34.782,aml,OK,MT103,FAST,1260.89,SGD,**************2308,SG,61
04b08aa9-c8d0-1d85-b682-1f87f1009c5e,2026-07-02T10:59:34.931,payment-hub,OK,MT103,FAST,1260.89,SGD,**************2308,SG,131
04b08aa9-c8d0-1d85-b682-1f87f1009c5e,2026-07-02T10:59:34.985,core-banking,OK,MT103,FAST,1260.89,SGD,**************2308,SG,97
04b08aa9-c8d0-1d85-b682-1f87f1009c5e,2026-07-02T10:59:35.074,settlement,SETTLED,MT103,FAST,1260.89,SGD,**************2308,SG,346
a20ae37f-5555-188c-0269-397d3a56b7c1,2026-07-09T21:52:56.318,gateway,OK,pacs.008,SWIFT,101.1,INR,**************5148,HK,50
a20ae37f-5555-188c-0269-397d3a56b7c1,2026-07-09T21:52:56.391,auth,OK,pacs.008,SWIFT,101.1,INR,**************5148,HK,52
a20ae37f-5555-188c-0269-397d3a56b7c1,2026-07-09T21:52:56.446,validation,OK,pacs.008,SWIFT,101.1,INR,**************5148,HK,58
a20ae37f-5555-188c-0269-397d3a56b7c1,2026-07-09T21:52:56.507,aml,OK,pacs.008,SWIFT,101.1,INR,**************5148,HK,120
a20ae37f-5555-188c-0269-397d3a56b7c1,2026-07-09T21:52:56.615,payment-hub,OK,pacs.008,SWIFT,101.1,INR,**************5148,HK,33
a20ae37f-5555-188c-0269-397d3a56b7c1,2026-07-09T21:52:56.679,core-banking,OK,pacs.008,SWIFT,101.1,INR,**************5148,HK,71
a20ae37f-5555-188c-0269-397d3a56b7c1,2026-07-09T21:52:56.737,settlement,SETTLED,pacs.008,SWIFT,101.1,INR,**************5148,HK,247
39a59c72-874b-1e8f-1be9-4f1ce17d9e30,2026-07-08T06:27:13.700,gateway,OK,pacs.008,FAST,492.6,USD,**************2833,SG,20
39a59c72-874b-1e8f-1be9-4f1ce17d9e30,2026-07-08T06:27:13.840,auth,OK,pacs.008,FAST,492.6,USD,**************2833,SG,43
39a59c72-874b-1e8f-1be9-4f1ce17d9e30,2026-07-08T06:27:14.141,validation,OK,pacs.008,FAST,492.6,USD,**************2833,SG,111
39a59c72-874b-1e8f-1be9-4f1ce17d9e30,2026-07-08T06:27:14.232,aml,TIMEOUT,pacs.008,FAST,492.6,USD,**************2833,SG,30000
39a59c72-874b-1e8f-1be9-4f1ce17d9e30,2026-07-08T06:27:14.287,payment-hub,FAILED,pacs.008,FAST,492.6,USD,**************2833,SG,104
119ffd55-e6c0-eafa-86bd-a9b50e01d551,2026-07-13T00:30:26.682,gateway,OK,pacs.008,SWIFT,698.52,SGD,**************2691,MY,28
119ffd55-e6c0-eafa-86bd-a9b50e01d551,2026-07-13T00:30:26.751,auth,OK,pacs.008,SWIFT,698.52,SGD,**************2691,MY,73
119ffd55-e6c0-eafa-86bd-a9b50e01d551,2026-07-13T00:30:26.825,validation,OK,pacs.008,SWIFT,698.52,SGD,**************2691,MY,108
119ffd55-e6c0-eafa-86bd-a9b50e01d551,2026-07-13T00:30:26.946,aml,OK,pacs.008,SWIFT,698.52,SGD,**************2691,MY,289
119ffd55-e6c0-eafa-86bd-a9b50e01d551,2026-07-13T00:30:27.104,payment-hub,OK,pacs.008,SWIFT,698.52,SGD,**************2691,MY,96
119ffd55-e6c0-eafa-86bd-a9b50e01d551,2026-07-13T00:30:27.312,core-banking,OK,pacs.008,SWIFT,698.52,SGD,**************2691,MY,168
119ffd55-e6c0-eafa-86bd-a9b50e01d551,2026-07-13T00:30:27.447,settlement,SETTLED,pacs.008,SWIFT,698.52,SGD,**************2691,MY,324
32205eec-f8c9-d3fa-7069-be70ab47d9c5,2026-07-08T12:07:41.407,gateway,OK,MT103,SWIFT,1481.56,GBP,**************3379,SG,45
32205eec-f8c9-d3fa-7069-be70ab47d9c5,2026-07-08T12:07:41.632,auth,OK,MT103,SWIFT,1481.56,GBP,**************3379,SG,85
32205eec-f8c9-d3fa-7069-be70ab47d9c5,2026-07-08T12:07:41.694,validation,OK,MT103,SWIFT,1481.56,GBP,**************3379,SG,106
32205eec-f8c9-d3fa-7069-be70ab47d9c5,2026-07-08T12:07:41.776,aml,OK,MT103,SWIFT,1481.56,GBP,**************3379,SG,88
32205eec-f8c9-d3fa-7069-be70ab47d9c5,2026-07-08T12:07:41.840,payment-hub,OK,MT103,SWIFT,1481.56,GBP,**************3379,SG,72
32205eec-f8c9-d3fa-7069-be70ab47d9c5,2026-07-08T12:07:41.888,core-banking,OK,MT103,SWIFT,1481.56,GBP,**************3379,SG,148
32205eec-f8c9-d3fa-7069-be70ab47d9c5,2026-07-08T12:07:41.986,settlement,SETTLED,MT103,SWIFT,1481.56,GBP,**************3379,SG,106
683f9838-ed0b-54df-f2b9-c717a0e46a97,2026-07-08T23:45:42.300,gateway,OK,pacs.008,FAST,1367.81,SGD,**************0439,MY,28
683f9838-ed0b-54df-f2b9-c717a0e46a97,2026-07-08T23:45:42.438,auth,OK,pacs.008,FAST,1367.81,SGD,**************0439,MY,87
683f9838-ed0b-54df-f2b9-c717a0e46a97,2026-07-08T23:45:42.540,validation,OK,pacs.008,FAST,1367.81,SGD,**************0439,MY,28
683f9838-ed0b-54df-f2b9-c717a0e46a97,2026-07-08T23:45:42.588,aml,TIMEOUT,pacs.008,FAST,1367.81,SGD,**************0439,MY,30000
683f9838-ed0b-54df-f2b9-c717a0e46a97,2026-07-08T23:45:42.670,payment-hub,FAILED,pacs.008,FAST,1367.81,SGD,**************0439,MY,98
66d1e0cf-99bd-e4e0-9170-6232f8616d9d,2026-07-08T09:06:50.433,gateway,OK,0200,SWIFT,1128.2,SGD,**************3175,SG,18
66d1e0cf-99bd-e4e0-9170-6232f8616d9d,2026-07-08T09:06:50.467,auth,OK,0200,SWIFT,1128.2,SGD,**************3175,SG,61
66d1e0cf-99bd-e4e0-9170-6232f8616d9d,2026-07-08T09:06:50.539,validation,OK,0200,SWIFT,1128.2,SGD,**************3175,SG,27
66d1e0cf-99bd-e4e0-9170-6232f8616d9d,2026-07-08T09:06:50.814,aml,OK,0200,SWIFT,1128.2,SGD,**************3175,SG,139
66d1e0cf-99bd-e4e0-9170-6232f8616d9d,2026-07-08T09:06:51.113,payment-hub,OK,0200,SWIFT,1128.2,SGD,**************3175,SG,37
66d1e0cf-99bd-e4e0-9170-6232f8616d9d,2026-07-08T09:06:51.196,core-banking,OK,0200,SWIFT,1128.2,SGD,**************3175,SG,233
66d1e0cf-99bd-e4e0-9170-6232f8616d9d,2026-07-08T09:06:51.328,settlement,SETTLED,0200,SWIFT,1128.2,SGD,**************3175,SG,149
608827a7-6630-1b91-dc47-9e7717802011,2026-07-10T22:56:54.034,gateway,OK,MT103,FAST,597.46,SGD,**************8021,SG,49
608827a7-6630-1b91-dc47-9e7717802011,2026-07-10T22:56:54.297,auth,OK,MT103,FAST,597.46,SGD,**************8021,SG,37
608827a7-6630-1b91-dc47-9e7717802011,2026-07-10T22:56:54.401,validation,OK,MT103,FAST,597.46,SGD,**************8021,SG,111
608827a7-6630-1b91-dc47-9e7717802011,2026-07-10T22:56:54.439,aml,OK,MT103,FAST,597.46,SGD,**************8021,SG,211
608827a7-6630-1b91-dc47-9e7717802011,2026-07-10T22:56:54.483,payment-hub,OK,MT103,FAST,597.46,SGD,**************8021,SG,92
608827a7-6630-1b91-dc47-9e7717802011,2026-07-10T22:56:54.544,core-banking,OK,MT103,FAST,597.46,SGD,**************8021,SG,136
608827a7-6630-1b91-dc47-9e7717802011,2026-07-10T22:56:54.665,settlement,SETTLED,MT103,FAST,597.46,SGD,**************8021,SG,154
efe549c3-2538-cd94-633f-918e595f01b3,2026-07-11T11:17:00.886,gateway,OK,pacs.008,SWIFT,692.0,SGD,**************0785,HK,16
efe549c3-2538-cd94-633f-918e595f01b3,2026-07-11T11:17:00.957,auth,OK,pacs.008,SWIFT,692.0,SGD,**************0785,HK,78
efe549c3-2538-cd94-633f-918e595f01b3,2026-07-11T11:17:00.999,validation,OK,pacs.008,SWIFT,692.0,SGD,**************0785,HK,61
efe549c3-2538-cd94-633f-918e595f01b3,2026-07-11T11:17:01.089,aml,OK,pacs.008,SWIFT,692.0,SGD,**************0785,HK,128
efe549c3-2538-cd94-633f-918e595f01b3,2026-07-11T11:17:01.168,payment-hub,OK,pacs.008,SWIFT,692.0,SGD,**************0785,HK,57
efe549c3-2538-cd94-633f-918e595f01b3,2026-07-11T11:17:01.219,core-banking,OK,pacs.008,SWIFT,692.0,SGD,**************0785,HK,186
efe549c3-2538-cd94-633f-918e595f01b3,2026-07-11T11:17:01.311,settlement,SETTLED,pacs.008,SWIFT,692.0,SGD,**************0785,HK,354
306bbb04-4c89-c081-6406-09f7a106515f,2026-07-10T10:31:22.217,gateway,OK,pacs.008,FAST,533.83,MYR,**************8080,US,32
306bbb04-4c89-c081-6406-09f7a106515f,2026-07-10T10:31:22.355,auth,OK,pacs.008,FAST,533.83,MYR,**************8080,US,49
306bbb04-4c89-c081-6406-09f7a106515f,2026-07-10T10:31:22.656,validation,OK,pacs.008,FAST,533.83,MYR,**************8080,US,53
306bbb04-4c89-c081-6406-09f7a106515f,2026-07-10T10:31:22.963,aml,OK,pacs.008,FAST,533.83,MYR,**************8080,US,105
306bbb04-4c89-c081-6406-09f7a106515f,2026-07-10T10:31:23.131,payment-hub,OK,pacs.008,FAST,533.83,MYR,**************8080,US,144
306bbb04-4c89-c081-6406-09f7a106515f,2026-07-10T10:31:23.198,core-banking,OK,pacs.008,FAST,533.83,MYR,**************8080,US,52
306bbb04-4c89-c081-6406-09f7a106515f,2026-07-10T10:31:23.263,settlement,SETTLED,pacs.008,FAST,533.83,MYR,**************8080,US,139
6f338282-fb5c-4f25-fabb-695e049ea6e1,2026-07-01T12:46:50.858,gateway,OK,pacs.008,FAST,397.86,SGD,**************1954,HK,45
6f338282-fb5c-4f25-fabb-695e049ea6e1,2026-07-01T12:46:50.919,auth,OK,pacs.008,FAST,397.86,SGD,**************1954,HK,89
6f338282-fb5c-4f25-fabb-695e049ea6e1,2026-07-01T12:46:51.201,validation,OK,pacs.008,FAST,397.86,SGD,**************1954,HK,61
6f338282-fb5c-4f25-fabb-695e049ea6e1,2026-07-01T12:46:51.287,aml,OK,pacs.008,FAST,397.86,SGD,**************1954,HK,223
6f338282-fb5c-4f25-fabb-695e049ea6e1,2026-07-01T12:47:21.296,payment-hub,OK,pacs.008,FAST,397.86,SGD,**************1954,HK,108
6f338282-fb5c-4f25-fabb-695e049ea6e1,2026-07-01T12:47:21.341,core-banking,OK,pacs.008,FAST,397.86,SGD,**************1954,HK,76
6f338282-fb5c-4f25-fabb-695e049ea6e1,2026-07-01T12:47:21.480,settlement,SETTLED,pacs.008,FAST,397.86,SGD,**************1954,HK,61
ecfc5198-f681-0ff1-8748-0344f97649ac,2026-07-08T22:00:54.979,gateway,OK,pacs.008,CARDS,985.17,MYR,**************4401,SG,33
ecfc5198-f681-0ff1-8748-0344f97649ac,2026-07-08T22:00:55.068,auth,OK,pacs.008,CARDS,985.17,MYR,**************4401,SG,62
ecfc5198-f681-0ff1-8748-0344f97649ac,2026-07-08T22:00:55.218,validation,OK,pacs.008,CARDS,985.17,MYR,**************4401,SG,47
ecfc5198-f681-0ff1-8748-0344f97649ac,2026-07-08T22:00:55.335,aml,OK,pacs.008,CARDS,985.17,MYR,**************4401,SG,197
ecfc5198-f681-0ff1-8748-0344f97649ac,2026-07-08T22:00:55.405,payment-hub,OK,pacs.008,CARDS,985.17,MYR,**************4401,SG,110
ecfc5198-f681-0ff1-8748-0344f97649ac,2026-07-08T22:00:55.540,core-banking,OK,pacs.008,CARDS,985.17,MYR,**************4401,SG,190
ecfc5198-f681-0ff1-8748-0344f97649ac,2026-07-08T22:00:55.662,settlement,SETTLED,pacs.008,CARDS,985.17,MYR,**************4401,SG,284
5afe8f6a-85b0-b53d-bf29-3f2ea16d8af4,2026-07-13T00:54:23.652,gateway,OK,pacs.008,FAST,633.59,SGD,**************9747,MY,22
5afe8f6a-85b0-b53d-bf29-3f2ea16d8af4,2026-07-13T00:54:23.843,auth,OK,pacs.008,FAST,633.59,SGD,**************9747,MY,41
5afe8f6a-85b0-b53d-bf29-3f2ea16d8af4,2026-07-13T00:54:23.913,validation,OK,pacs.008,FAST,633.59,SGD,**************9747,MY,84
5afe8f6a-85b0-b53d-bf29-3f2ea16d8af4,2026-07-13T00:54:24.164,aml,OK,pacs.008,FAST,633.59,SGD,**************9747,MY,265
5afe8f6a-85b0-b53d-bf29-3f2ea16d8af4,2026-07-13T00:54:24.261,payment-hub,OK,pacs.008,FAST,633.59,SGD,**************9747,MY,68
5afe8f6a-85b0-b53d-bf29-3f2ea16d8af4,2026-07-13T00:54:24.316,core-banking,OK,pacs.008,FAST,633.59,SGD,**************9747,MY,105
5afe8f6a-85b0-b53d-bf29-3f2ea16d8af4,2026-07-13T00:54:24.408,settlement,SETTLED,pacs.008,FAST,633.59,SGD,**************9747,MY,345
c78379e0-7ff5-ccf4-f971-9758da7bda0c,2026-07-01T15:49:13.618,gateway,OK,pacs.008,FAST,1072.62,SGD,**************9894,SG,20
c78379e0-7ff5-ccf4-f971-9758da7bda0c,2026-07-01T15:49:13.679,auth,OK,pacs.008,FAST,1072.62,SGD,**************9894,SG,51
c78379e0-7ff5-ccf4-f971-9758da7bda0c,2026-07-01T15:49:13.929,validation,OK,pacs.008,FAST,1072.62,SGD,**************9894,SG,120
c78379e0-7ff5-ccf4-f971-9758da7bda0c,2026-07-01T15:49:14.001,aml,OK,pacs.008,FAST,1072.62,SGD,**************9894,SG,46
c78379e0-7ff5-ccf4-f971-9758da7bda0c,2026-07-01T15:49:14.235,payment-hub,OK,pacs.008,FAST,1072.62,SGD,**************9894,SG,116
c78379e0-7ff5-ccf4-f971-9758da7bda0c,2026-07-01T15:49:14.558,core-banking,OK,pacs.008,FAST,1072.62,SGD,**************9894,SG,70
c78379e0-7ff5-ccf4-f971-9758da7bda0c,2026-07-01T15:49:14.725,settlement,SETTLED,pacs.008,FAST,1072.62,SGD,**************9894,SG,231
1f356f4d-97ab-e659-be2e-f500142cc773,2026-07-04T16:43:30.051,gateway,OK,pacs.008,FAST,2859.74,SGD,**************6121,SG,49
1f356f4d-97ab-e659-be2e-f500142cc773,2026-07-04T16:43:30.093,auth,OK,pacs.008,FAST,2859.74,SGD,**************6121,SG,41
1f356f4d-97ab-e659-be2e-f500142cc773,2026-07-04T16:43:30.186,validation,OK,pacs.008,FAST,2859.74,SGD,**************6121,SG,43
1f356f4d-97ab-e659-be2e-f500142cc773,2026-07-04T16:43:30.306,aml,TIMEOUT,pacs.008,FAST,2859.74,SGD,**************6121,SG,30000
1f356f4d-97ab-e659-be2e-f500142cc773,2026-07-04T16:43:30.395,payment-hub,FAILED,pacs.008,FAST,2859.74,SGD,**************6121,SG,122
11c57a8f-0e84-cf9f-cbbd-d3517e8f87ee,2026-07-03T07:29:03.315,gateway,OK,pacs.008,FAST,477.98,SGD,**************5762,SG,23
11c57a8f-0e84-cf9f-cbbd-d3517e8f87ee,2026-07-03T07:29:03.430,auth,OK,pacs.008,FAST,477.98,SGD,**************5762,SG,67
11c57a8f-0e84-cf9f-cbbd-d3517e8f87ee,2026-07-03T07:29:03.746,validation,OK,pacs.008,FAST,477.98,SGD,**************5762,SG,76
11c57a8f-0e84-cf9f-cbbd-d3517e8f87ee,2026-07-03T07:29:33.753,aml,OK,pacs.008,FAST,477.98,SGD,**************5762,SG,46
11c57a8f-0e84-cf9f-cbbd-d3517e8f87ee,2026-07-03T07:29:33.971,payment-hub,OK,pacs.008,FAST,477.98,SGD,**************5762,SG,140
11c57a8f-0e84-cf9f-cbbd-d3517e8f87ee,2026-07-03T07:29:34.036,core-banking,OK,pacs.008,FAST,477.98,SGD,**************5762,SG,212
11c57a8f-0e84-cf9f-cbbd-d3517e8f87ee,2026-07-03T07:29:34.216,settlement,SETTLED,pacs.008,FAST,477.98,SGD,**************5762,SG,393
2f4564e8-3dac-f988-c401-af8848825a88,2026-07-07T13:29:34.891,gateway,OK,0200,FAST,359.52,EUR,**************0241,SG,50
2f4564e8-3dac-f988-c401-af8848825a88,2026-07-07T13:29:34.958,auth,OK,0200,FAST,359.52,EUR,**************0241,SG,49
2f4564e8-3dac-f988-c401-af8848825a88,2026-07-07T13:29:35.050,validation,OK,0200,FAST,359.52,EUR,**************0241,SG,42
2f4564e8-3dac-f988-c401-af8848825a88,2026-07-07T13:29:35.190,aml,OK,0200,FAST,359.52,EUR,**************0241,SG,78
2f4564e8-3dac-f988-c401-af8848825a88,2026-07-07T13:30:05.212,payment-hub,OK,0200,FAST,359.52,EUR,**************0241,SG,101
2f4564e8-3dac-f988-c401-af8848825a88,2026-07-07T13:30:05.267,core-banking,OK,0200,FAST,359.52,EUR,**************0241,SG,84
2f4564e8-3dac-f988-c401-af8848825a88,2026-07-07T13:30:05.416,settlement,SETTLED,0200,FAST,359.52,EUR,**************0241,SG,98
e50aee56-20fe-3a3e-c248-416ee98739d2,2026-07-01T09:36:13.186,gateway,OK,pacs.008,CARDS,531.47,EUR,**************8562,MY,20
e50aee56-20fe-3a3e-c248-416ee98739d2,2026-07-01T09:36:13.269,auth,OK,pacs.008,CARDS,531.47,EUR,**************8562,MY,63
e50aee56-20fe-3a3e-c248-416ee98739d2,2026-07-01T09:36:13.431,validation,OK,pacs.008,CARDS,531.47,EUR,**************8562,MY,92
e50aee56-20fe-3a3e-c248-416ee98739d2,2026-07-01T09:36:13.516,aml,OK,pacs.008,CARDS,531.47,EUR,**************8562,MY,137
e50aee56-20fe-3a3e-c248-416ee98739d2,2026-07-01T09:36:13.671,payment-hub,OK,pacs.008,CARDS,531.47,EUR,**************8562,MY,34
e50aee56-20fe-3a3e-c248-416ee98739d2,2026-07-01T09:36:13.791,core-banking,OK,pacs.008,CARDS,531.47,EUR,**************8562,MY,217
e50aee56-20fe-3a3e-c248-416ee98739d2,2026-07-01T09:36:13.881,settlement,SETTLED,pacs.008,CARDS,531.47,EUR,**************8562,MY,319
f4f9139a-a225-2e2b-7137-0c2312fb56f9,2026-07-08T02:11:02.127,gateway,OK,pacs.008,FAST,32427.38,SGD,**************5261,IN,19
f4f9139a-a225-2e2b-7137-0c2312fb56f9,2026-07-08T02:11:02.197,auth,OK,pacs.008,FAST,32427.38,SGD,**************5261,IN,63
f4f9139a-a225-2e2b-7137-0c2312fb56f9,2026-07-08T02:11:02.255,validation,OK,pacs.008,FAST,32427.38,SGD,**************5261,IN,75
f4f9139a-a225-2e2b-7137-0c2312fb56f9,2026-07-08T02:11:02.322,aml,OK,pacs.008,FAST,32427.38,SGD,**************5261,IN,145
f4f9139a-a225-2e2b-7137-0c2312fb56f9,2026-07-08T02:11:02.385,payment-hub,OK,pacs.008,FAST,32427.38,SGD,**************5261,IN,35
f4f9139a-a225-2e2b-7137-0c2312fb56f9,2026-07-08T02:11:02.490,core-banking,OK,pacs.008,FAST,32427.38,SGD,**************5261,IN,191
f4f9139a-a225-2e2b-7137-0c2312fb56f9,2026-07-08T02:11:02.518,settlement,SETTLED,pacs.008,FAST,32427.38,SGD,**************5261,IN,194
d10b97b8-f518-b627-efb8-5cde3a07e86b,2026-07-13T15:14:43.199,gateway,OK,pacs.008,FAST,3120.23,USD,**************5774,SG,34
d10b97b8-f518-b627-efb8-5cde3a07e86b,2026-07-13T15:14:43.245,auth,OK,pacs.008,FAST,3120.23,USD,**************5774,SG,27
d10b97b8-f518-b627-efb8-5cde3a07e86b,2026-07-13T15:14:43.328,validation,OK,pacs.008,FAST,3120.23,USD,**************5774,SG,57
d10b97b8-f518-b627-efb8-5cde3a07e86b,2026-07-13T15:14:43.376,aml,OK,pacs.008,FAST,3120.23,USD,**************5774,SG,218
d10b97b8-f518-b627-efb8-5cde3a07e86b,2026-07-13T15:14:43.446,payment-hub,OK,pacs.008,FAST,3120.23,USD,**************5774,SG,144
d10b97b8-f518-b627-efb8-5cde3a07e86b,2026-07-13T15:14:43.611,core-banking,OK,pacs.008,FAST,3120.23,USD,**************5774,SG,101
d10b97b8-f518-b627-efb8-5cde3a07e86b,2026-07-13T15:14:43.682,settlement,SETTLED,pacs.008,FAST,3120.23,USD,**************5774,SG,145
c484b944-59ab-cdf6-2629-0e9f66d33762,2026-07-10T09:18:40.721,gateway,OK,pacs.008,SWIFT,1309.63,SGD,**************1616,MY,19
c484b944-59ab-cdf6-2629-0e9f66d33762,2026-07-10T09:18:40.816,auth,OK,pacs.008,SWIFT,1309.63,SGD,**************1616,MY,50
c484b944-59ab-cdf6-2629-0e9f66d33762,2026-07-10T09:18:40.916,validation,OK,pacs.008,SWIFT,1309.63,SGD,**************1616,MY,35
c484b944-59ab-cdf6-2629-0e9f66d33762,2026-07-10T09:18:40.989,aml,OK,pacs.008,SWIFT,1309.63,SGD,**************1616,MY,75
c484b944-59ab-cdf6-2629-0e9f66d33762,2026-07-10T09:18:41.057,payment-hub,OK,pacs.008,SWIFT,1309.63,SGD,**************1616,MY,82
c484b944-59ab-cdf6-2629-0e9f66d33762,2026-07-10T09:18:41.172,core-banking,OK,pacs.008,SWIFT,1309.63,SGD,**************1616,MY,76
c484b944-59ab-cdf6-2629-0e9f66d33762,2026-07-10T09:19:11.201,settlement,SETTLED,pacs.008,SWIFT,1309.63,SGD,**************1616,MY,398
4acee41b-ba00-d4b0-6f9c-72d28ecb1cd2,2026-07-03T16:50:18.326,gateway,OK,MT103,CARDS,522.58,USD,**************4426,IN,18
4acee41b-ba00-d4b0-6f9c-72d28ecb1cd2,2026-07-03T16:50:18.482,auth,OK,MT103,CARDS,522.58,USD,**************4426,IN,83
4acee41b-ba00-d4b0-6f9c-72d28ecb1cd2,2026-07-03T16:50:18.765,validation,REJECTED,MT103,CARDS,522.58,USD,**************4426,IN,35
a568dc67-e2a4-6e9d-81a0-a5044106cfe5,2026-07-09T07:23:09.491,gateway,OK,pacs.008,FAST,620.86,MYR,**************4028,SG,15
a568dc67-e2a4-6e9d-81a0-a5044106cfe5,2026-07-09T07:23:09.566,auth,OK,pacs.008,FAST,620.86,MYR,**************4028,SG,84
a568dc67-e2a4-6e9d-81a0-a5044106cfe5,2026-07-09T07:23:09.767,validation,OK,pacs.008,FAST,620.86,MYR,**************4028,SG,85
a568dc67-e2a4-6e9d-81a0-a5044106cfe5,2026-07-09T07:23:09.803,aml,OK,pacs.008,FAST,620.86,MYR,**************4028,SG,139
a568dc67-e2a4-6e9d-81a0-a5044106cfe5,2026-07-09T07:23:09.871,payment-hub,OK,pacs.008,FAST,620.86,MYR,**************4028,SG,83
a568dc67-e2a4-6e9d-81a0-a5044106cfe5,2026-07-09T07:23:09.949,core-banking,OK,pacs.008,FAST,620.86,MYR,**************4028,SG,110
a568dc67-e2a4-6e9d-81a0-a5044106cfe5,2026-07-09T07:23:10.034,settlement,SETTLED,pacs.008,FAST,620.86,MYR,**************4028,SG,188
26ad5738-3a23-dfba-c7aa-34207df1d199,2026-07-05T11:43:00.882,gateway,OK,MT103,CARDS,28046.28,GBP,**************7676,SG,29
26ad5738-3a23-dfba-c7aa-34207df1d199,2026-07-05T11:43:00.989,auth,OK,MT103,CARDS,28046.28,GBP,**************7676,SG,52
26ad5738-3a23-dfba-c7aa-34207df1d199,2026-07-05T11:43:01.133,validation,OK,MT103,CARDS,28046.28,GBP,**************7676,SG,112
26ad5738-3a23-dfba-c7aa-34207df1d199,2026-07-05T11:43:01.225,aml,OK,MT103,CARDS,28046.28,GBP,**************7676,SG,290
26ad5738-3a23-dfba-c7aa-34207df1d199,2026-07-05T11:43:01.390,payment-hub,OK,MT103,CARDS,28046.28,GBP,**************7676,SG,144
26ad5738-3a23-dfba-c7aa-34207df1d199,2026-07-05T11:43:01.579,core-banking,OK,MT103,CARDS,28046.28,GBP,**************7676,SG,184
26ad5738-3a23-dfba-c7aa-34207df1d199,2026-07-05T11:43:01.649,settlement,SETTLED,MT103,CARDS,28046.28,GBP,**************7676,SG,322
25ea2ef4-1c39-9d20-a4e2-8de8c106994f,2026-07-06T08:23:56.504,gateway,OK,pacs.008,SWIFT,394.25,SGD,**************8605,GB,45
25ea2ef4-1c39-9d20-a4e2-8de8c106994f,2026-07-06T08:23:56.648,auth,OK,pacs.008,SWIFT,394.25,SGD,**************8605,GB,73
25ea2ef4-1c39-9d20-a4e2-8de8c106994f,2026-07-06T08:23:56.754,validation,OK,pacs.008,SWIFT,394.25,SGD,**************8605,GB,113
25ea2ef4-1c39-9d20-a4e2-8de8c106994f,2026-07-06T08:23:56.895,aml,OK,pacs.008,SWIFT,394.25,SGD,**************8605,GB,269
25ea2ef4-1c39-9d20-a4e2-8de8c106994f,2026-07-06T08:23:57.191,payment-hub,OK,pacs.008,SWIFT,394.25,SGD,**************8605,GB,143
25ea2ef4-1c39-9d20-a4e2-8de8c106994f,2026-07-06T08:23:57.310,core-banking,OK,pacs.008,SWIFT,394.25,SGD,**************8605,GB,89
25ea2ef4-1c39-9d20-a4e2-8de8c106994f,2026-07-06T08:23:57.390,settlement,SETTLED,pacs.008,SWIFT,394.25,SGD,**************8605,GB,229
6386b636-1c95-fca9-78b6-345d8946f878,2026-07-13T14:23:27.852,gateway,OK,pacs.008,FAST,1849.79,EUR,**************3994,SG,40
6386b636-1c95-fca9-78b6-345d8946f878,2026-07-13T14:23:27.909,auth,OK,pacs.008,FAST,1849.79,EUR,**************3994,SG,51
6386b636-1c95-fca9-78b6-345d8946f878,2026-07-13T14:23:28.037,validation,OK,pacs.008,FAST,1849.79,EUR,**************3994,SG,120
6386b636-1c95-fca9-78b6-345d8946f878,2026-07-13T14:23:28.143,aml,OK,pacs.008,FAST,1849.79,EUR,**************3994,SG,51
6386b636-1c95-fca9-78b6-345d8946f878,2026-07-13T14:23:28.236,payment-hub,OK,pacs.008,FAST,1849.79,EUR,**************3994,SG,102
6386b636-1c95-fca9-78b6-345d8946f878,2026-07-13T14:23:28.332,core-banking,OK,pacs.008,FAST,1849.79,EUR,**************3994,SG,171
6386b636-1c95-fca9-78b6-345d8946f878,2026-07-13T14:23:28.385,settlement,SETTLED,pacs.008,FAST,1849.79,EUR,**************3994,SG,342
5c9f66a1-69d2-518e-8d96-80f42de9e2fe,2026-07-13T09:46:03.267,gateway,OK,pacs.008,SWIFT,4710.35,USD,**************9189,SG,45
5c9f66a1-69d2-518e-8d96-80f42de9e2fe,2026-07-13T09:46:03.373,auth,OK,pacs.008,SWIFT,4710.35,USD,**************9189,SG,86
5c9f66a1-69d2-518e-8d96-80f42de9e2fe,2026-07-13T09:46:03.511,validation,OK,pacs.008,SWIFT,4710.35,USD,**************9189,SG,64
5c9f66a1-69d2-518e-8d96-80f42de9e2fe,2026-07-13T09:46:03.574,aml,OK,pacs.008,SWIFT,4710.35,USD,**************9189,SG,191
5c9f66a1-69d2-518e-8d96-80f42de9e2fe,2026-07-13T09:46:03.709,payment-hub,OK,pacs.008,SWIFT,4710.35,USD,**************9189,SG,128
5c9f66a1-69d2-518e-8d96-80f42de9e2fe,2026-07-13T09:46:03.779,core-banking,OK,pacs.008,SWIFT,4710.35,USD,**************9189,SG,223
5c9f66a1-69d2-518e-8d96-80f42de9e2fe,2026-07-13T09:46:03.852,settlement,SETTLED,pacs.008,SWIFT,4710.35,USD,**************9189,SG,176
9fdabcf8-d92a-5922-a2e5-a605b5a7c956,2026-07-12T08:40:15.704,gateway,OK,MT103,SWIFT,155.41,USD,**************6844,MY,56
9fdabcf8-d92a-5922-a2e5-a605b5a7c956,2026-07-12T08:40:15.833,auth,OK,MT103,SWIFT,155.41,USD,**************6844,MY,42
9fdabcf8-d92a-5922-a2e5-a605b5a7c956,2026-07-12T08:40:15.910,validation,OK,MT103,SWIFT,155.41,USD,**************6844,MY,95
9fdabcf8-d92a-5922-a2e5-a605b5a7c956,2026-07-12T08:40:15.962,aml,OK,MT103,SWIFT,155.41,USD,**************6844,MY,192
9fdabcf8-d92a-5922-a2e5-a605b5a7c956,2026-07-12T08:40:16.185,payment-hub,OK,MT103,SWIFT,155.41,USD,**************6844,MY,117
9fdabcf8-d92a-5922-a2e5-a605b5a7c956,2026-07-12T08:40:16.304,core-banking,OK,MT103,SWIFT,155.41,USD,**************6844,MY,176
9fdabcf8-d92a-5922-a2e5-a605b5a7c956,2026-07-12T08:40:16.528,settlement,SETTLED,MT103,SWIFT,155.41,USD,**************6844,MY,269
f46aac2a-0bca-eafb-85cd-5924cc78556d,2026-07-11T20:29:00.149,gateway,OK,MT103,FAST,4403.87,SGD,**************5394,US,48
f46aac2a-0bca-eafb-85cd-5924cc78556d,2026-07-11T20:29:00.280,auth,OK,MT103,FAST,4403.87,SGD,**************5394,US,53
f46aac2a-0bca-eafb-85cd-5924cc78556d,2026-07-11T20:29:00.336,validation,OK,MT103,FAST,4403.87,SGD,**************5394,US,25
f46aac2a-0bca-eafb-85cd-5924cc78556d,2026-07-11T20:29:00.397,aml,OK,MT103,FAST,4403.87,SGD,**************5394,US,123
f46aac2a-0bca-eafb-85cd-5924cc78556d,2026-07-11T20:29:00.446,payment-hub,OK,MT103,FAST,4403.87,SGD,**************5394,US,99
f46aac2a-0bca-eafb-85cd-5924cc78556d,2026-07-11T20:29:00.702,core-banking,OK,MT103,FAST,4403.87,SGD,**************5394,US,109
f46aac2a-0bca-eafb-85cd-5924cc78556d,2026-07-11T20:29:00.860,settlement,SETTLED,MT103,FAST,4403.87,SGD,**************5394,US,253
7bd01e9d-95b3-2b6e-e71d-b09df27c7276,2026-07-04T11:22:06.622,gateway,OK,pacs.008,FAST,1533.92,MYR,**************5617,SG,43
7bd01e9d-95b3-2b6e-e71d-b09df27c7276,2026-07-04T11:22:06.716,auth,OK,pacs.008,FAST,1533.92,MYR,**************5617,SG,61
7bd01e9d-95b3-2b6e-e71d-b09df27c7276,2026-07-04T11:22:06.893,validation,OK,pacs.008,FAST,1533.92,MYR,**************5617,SG,96
7bd01e9d-95b3-2b6e-e71d-b09df27c7276,2026-07-04T11:22:07.139,aml,OK,pacs.008,FAST,1533.92,MYR,**************5617,SG,159
7bd01e9d-95b3-2b6e-e71d-b09df27c7276,2026-07-04T11:22:07.279,payment-hub,OK,pacs.008,FAST,1533.92,MYR,**************5617,SG,46
7bd01e9d-95b3-2b6e-e71d-b09df27c7276,2026-07-04T11:22:07.349,core-banking,OK,pacs.008,FAST,1533.92,MYR,**************5617,SG,202
7bd01e9d-95b3-2b6e-e71d-b09df27c7276,2026-07-04T11:22:07.461,settlement,SETTLED,pacs.008,FAST,1533.92,MYR,**************5617,SG,118
2c1215f5-68ea-a560-e0d1-eacbc5bf0e04,2026-07-06T08:37:21.305,gateway,OK,0200,SWIFT,282.67,USD,**************1186,IN,35
2c1215f5-68ea-a560-e0d1-eacbc5bf0e04,2026-07-06T08:37:21.383,auth,OK,0200,SWIFT,282.67,USD,**************1186,IN,38
2c1215f5-68ea-a560-e0d1-eacbc5bf0e04,2026-07-06T08:37:21.448,validation,OK,0200,SWIFT,282.67,USD,**************1186,IN,31
2c1215f5-68ea-a560-e0d1-eacbc5bf0e04,2026-07-06T08:37:21.507,aml,OK,0200,SWIFT,282.67,USD,**************1186,IN,298
2c1215f5-68ea-a560-e0d1-eacbc5bf0e04,2026-07-06T08:37:21.609,payment-hub,OK,0200,SWIFT,282.67,USD,**************1186,IN,113
2c1215f5-68ea-a560-e0d1-eacbc5bf0e04,2026-07-06T08:37:21.672,core-banking,OK,0200,SWIFT,282.67,USD,**************1186,IN,128
2c1215f5-68ea-a560-e0d1-eacbc5bf0e04,2026-07-06T08:37:21.737,settlement,SETTLED,0200,SWIFT,282.67,USD,**************1186,IN,124
a41a5fb3-7e4d-a9a9-0a02-97f63a202cec,2026-07-08T14:10:52.406,gateway,OK,pacs.008,CARDS,1660.48,SGD,**************2381,SG,33
a41a5fb3-7e4d-a9a9-0a02-97f63a202cec,2026-07-08T14:10:52.468,auth,OK,pacs.008,CARDS,1660.48,SGD,**************2381,SG,89
a41a5fb3-7e4d-a9a9-0a02-97f63a202cec,2026-07-08T14:10:52.710,validation,OK,pacs.008,CARDS,1660.48,SGD,**************2381,SG,112
a41a5fb3-7e4d-a9a9-0a02-97f63a202cec,2026-07-08T14:10:52.817,aml,OK,pacs.008,CARDS,1660.48,SGD,**************2381,SG,214
a41a5fb3-7e4d-a9a9-0a02-97f63a202cec,2026-07-08T14:10:52.879,payment-hub,OK,pacs.008,CARDS,1660.48,SGD,**************2381,SG,133
a41a5fb3-7e4d-a9a9-0a02-97f63a202cec,2026-07-08T14:10:52.906,core-banking,OK,pacs.008,CARDS,1660.48,SGD,**************2381,SG,52
a41a5fb3-7e4d-a9a9-0a02-97f63a202cec,2026-07-08T14:10:53.099,settlement,SETTLED,pacs.008,CARDS,1660.48,SGD,**************2381,SG,115
ceaafcb3-c141-6e1d-20f3-345d8fdcf9d6,2026-07-06T21:04:45.626,gateway,OK,pacs.008,SWIFT,1234.43,SGD,**************7935,MY,25
ceaafcb3-c141-6e1d-20f3-345d8fdcf9d6,2026-07-06T21:04:45.717,auth,OK,pacs.008,SWIFT,1234.43,SGD,**************7935,MY,81
ceaafcb3-c141-6e1d-20f3-345d8fdcf9d6,2026-07-06T21:04:45.768,validation,OK,pacs.008,SWIFT,1234.43,SGD,**************7935,MY,113
ceaafcb3-c141-6e1d-20f3-345d8fdcf9d6,2026-07-06T21:04:45.967,aml,OK,pacs.008,SWIFT,1234.43,SGD,**************7935,MY,265
ceaafcb3-c141-6e1d-20f3-345d8fdcf9d6,2026-07-06T21:04:46.043,payment-hub,OK,pacs.008,SWIFT,1234.43,SGD,**************7935,MY,80
ceaafcb3-c141-6e1d-20f3-345d8fdcf9d6,2026-07-06T21:04:46.148,core-banking,OK,pacs.008,SWIFT,1234.43,SGD,**************7935,MY,169
ceaafcb3-c141-6e1d-20f3-345d8fdcf9d6,2026-07-06T21:04:46.218,settlement,SETTLED,pacs.008,SWIFT,1234.43,SGD,**************7935,MY,181
55808279-3a3b-bc41-4e04-eea41becf673,2026-07-14T08:17:19.767,gateway,OK,MT103,FAST,2902.4,INR,**************3605,GB,30
55808279-3a3b-bc41-4e04-eea41becf673,2026-07-14T08:17:19.881,auth,OK,MT103,FAST,2902.4,INR,**************3605,GB,41
55808279-3a3b-bc41-4e04-eea41becf673,2026-07-14T08:17:19.938,validation,OK,MT103,FAST,2902.4,INR,**************3605,GB,87
55808279-3a3b-bc41-4e04-eea41becf673,2026-07-14T08:17:20.024,aml,OK,MT103,FAST,2902.4,INR,**************3605,GB,287
55808279-3a3b-bc41-4e04-eea41becf673,2026-07-14T08:17:20.089,payment-hub,OK,MT103,FAST,2902.4,INR,**************3605,GB,108
55808279-3a3b-bc41-4e04-eea41becf673,2026-07-14T08:17:20.162,core-banking,OK,MT103,FAST,2902.4,INR,**************3605,GB,113
55808279-3a3b-bc41-4e04-eea41becf673,2026-07-14T08:17:20.193,settlement,SETTLED,MT103,FAST,2902.4,INR,**************3605,GB,93
d8babc3e-1652-1a14-992b-7aca0c858cfa,2026-07-05T13:38:43.122,gateway,OK,pacs.008,SWIFT,1127.7,INR,**************5963,SG,20
d8babc3e-1652-1a14-992b-7aca0c858cfa,2026-07-05T13:38:43.357,auth,OK,pacs.008,SWIFT,1127.7,INR,**************5963,SG,76
d8babc3e-1652-1a14-992b-7aca0c858cfa,2026-07-05T13:38:43.452,validation,OK,pacs.008,SWIFT,1127.7,INR,**************5963,SG,40
d8babc3e-1652-1a14-992b-7aca0c858cfa,2026-07-05T13:38:43.613,aml,OK,pacs.008,SWIFT,1127.7,INR,**************5963,SG,271
d8babc3e-1652-1a14-992b-7aca0c858cfa,2026-07-05T13:38:43.728,payment-hub,OK,pacs.008,SWIFT,1127.7,INR,**************5963,SG,44
d8babc3e-1652-1a14-992b-7aca0c858cfa,2026-07-05T13:38:43.812,core-banking,OK,pacs.008,SWIFT,1127.7,INR,**************5963,SG,135
d8babc3e-1652-1a14-992b-7aca0c858cfa,2026-07-05T13:38:43.958,settlement,SETTLED,pacs.008,SWIFT,1127.7,INR,**************5963,SG,347
5837ced2-59d7-5dc6-0d6b-c7c013e723c6,2026-07-07T03:05:25.259,gateway,OK,pacs.008,FAST,1249.12,SGD,**************8881,SG,15
5837ced2-59d7-5dc6-0d6b-c7c013e723c6,2026-07-07T03:05:25.478,auth,OK,pacs.008,FAST,1249.12,SGD,**************8881,SG,73
5837ced2-59d7-5dc6-0d6b-c7c013e723c6,2026-07-07T03:05:25.633,validation,OK,pacs.008,FAST,1249.12,SGD,**************8881,SG,84
5837ced2-59d7-5dc6-0d6b-c7c013e723c6,2026-07-07T03:05:25.733,aml,OK,pacs.008,FAST,1249.12,SGD,**************8881,SG,170
5837ced2-59d7-5dc6-0d6b-c7c013e723c6,2026-07-07T03:05:25.810,payment-hub,OK,pacs.008,FAST,1249.12,SGD,**************8881,SG,109
5837ced2-59d7-5dc6-0d6b-c7c013e723c6,2026-07-07T03:05:25.899,core-banking,OK,pacs.008,FAST,1249.12,SGD,**************8881,SG,231
5837ced2-59d7-5dc6-0d6b-c7c013e723c6,2026-07-07T03:05:25.946,settlement,SETTLED,pacs.008,FAST,1249.12,SGD,**************8881,SG,335
155f2c61-1fa4-74dc-3b60-cffa5725db44,2026-07-01T16:38:58.640,gateway,OK,pacs.008,SWIFT,3120.79,SGD,**************6255,SG,35
155f2c61-1fa4-74dc-3b60-cffa5725db44,2026-07-01T16:38:58.744,auth,OK,pacs.008,SWIFT,3120.79,SGD,**************6255,SG,54
155f2c61-1fa4-74dc-3b60-cffa5725db44,2026-07-01T16:38:58.857,validation,OK,pacs.008,SWIFT,3120.79,SGD,**************6255,SG,61
155f2c61-1fa4-74dc-3b60-cffa5725db44,2026-07-01T16:38:58.889,aml,OK,pacs.008,SWIFT,3120.79,SGD,**************6255,SG,73
155f2c61-1fa4-74dc-3b60-cffa5725db44,2026-07-01T16:38:59.117,payment-hub,OK,pacs.008,SWIFT,3120.79,SGD,**************6255,SG,112
155f2c61-1fa4-74dc-3b60-cffa5725db44,2026-07-01T16:38:59.230,core-banking,OK,pacs.008,SWIFT,3120.79,SGD,**************6255,SG,205
155f2c61-1fa4-74dc-3b60-cffa5725db44,2026-07-01T16:38:59.367,settlement,SETTLED,pacs.008,SWIFT,3120.79,SGD,**************6255,SG,309
9718c117-eecc-3b11-6688-0b4ef7ebb710,2026-07-13T06:57:26.917,gateway,OK,pacs.008,SWIFT,491.78,USD,**************4270,SG,34
9718c117-eecc-3b11-6688-0b4ef7ebb710,2026-07-13T06:57:27.041,auth,OK,pacs.008,SWIFT,491.78,USD,**************4270,SG,47
9718c117-eecc-3b11-6688-0b4ef7ebb710,2026-07-13T06:57:27.239,validation,OK,pacs.008,SWIFT,491.78,USD,**************4270,SG,117
9718c117-eecc-3b11-6688-0b4ef7ebb710,2026-07-13T06:57:27.337,aml,OK,pacs.008,SWIFT,491.78,USD,**************4270,SG,113
9718c117-eecc-3b11-6688-0b4ef7ebb710,2026-07-13T06:57:27.515,payment-hub,OK,pacs.008,SWIFT,491.78,USD,**************4270,SG,40
9718c117-eecc-3b11-6688-0b4ef7ebb710,2026-07-13T06:57:27.592,core-banking,OK,pacs.008,SWIFT,491.78,USD,**************4270,SG,53
9718c117-eecc-3b11-6688-0b4ef7ebb710,2026-07-13T06:57:27.644,settlement,SETTLED,pacs.008,SWIFT,491.78,USD,**************4270,SG,377
93a434bb-a240-7841-7ed3-e4a89d052ea6,2026-07-03T04:01:43.609,gateway,OK,pacs.008,SWIFT,94.0,SGD,**************8390,SG,54
93a434bb-a240-7841-7ed3-e4a89d052ea6,2026-07-03T04:02:13.617,auth,OK,pacs.008,SWIFT,94.0,SGD,**************8390,SG,87
93a434bb-a240-7841-7ed3-e4a89d052ea6,2026-07-03T04:02:13.660,validation,OK,pacs.008,SWIFT,94.0,SGD,**************8390,SG,39
93a434bb-a240-7841-7ed3-e4a89d052ea6,2026-07-03T04:02:43.677,aml,OK,pacs.008,SWIFT,94.0,SGD,**************8390,SG,151
93a434bb-a240-7841-7ed3-e4a89d052ea6,2026-07-03T04:02:43.769,payment-hub,OK,pacs.008,SWIFT,94.0,SGD,**************8390,SG,112
93a434bb-a240-7841-7ed3-e4a89d052ea6,2026-07-03T04:02:43.845,core-banking,OK,pacs.008,SWIFT,94.0,SGD,**************8390,SG,175
93a434bb-a240-7841-7ed3-e4a89d052ea6,2026-07-03T04:02:43.907,settlement,SETTLED,pacs.008,SWIFT,94.0,SGD,**************8390,SG,171
aef7a701-b39d-3e46-67a4-6281fbb3be6f,2026-07-01T23:51:04.790,gateway,OK,pacs.008,FAST,451.9,SGD,**************4689,SG,41
aef7a701-b39d-3e46-67a4-6281fbb3be6f,2026-07-01T23:51:04.828,auth,OK,pacs.008,FAST,451.9,SGD,**************4689,SG,31
aef7a701-b39d-3e46-67a4-6281fbb3be6f,2026-07-01T23:51:04.911,validation,OK,pacs.008,FAST,451.9,SGD,**************4689,SG,120
aef7a701-b39d-3e46-67a4-6281fbb3be6f,2026-07-01T23:51:05.016,aml,OK,pacs.008,FAST,451.9,SGD,**************4689,SG,49
aef7a701-b39d-3e46-67a4-6281fbb3be6f,2026-07-01T23:51:05.250,payment-hub,OK,pacs.008,FAST,451.9,SGD,**************4689,SG,55
aef7a701-b39d-3e46-67a4-6281fbb3be6f,2026-07-01T23:51:05.288,core-banking,OK,pacs.008,FAST,451.9,SGD,**************4689,SG,220
aef7a701-b39d-3e46-67a4-6281fbb3be6f,2026-07-01T23:51:05.413,settlement,SETTLED,pacs.008,FAST,451.9,SGD,**************4689,SG,144
30c6a4f6-e144-ddf4-c29e-3247d0cca7b8,2026-07-10T03:10:11.297,gateway,OK,pacs.008,SWIFT,2194.82,GBP,**************8397,SG,52
30c6a4f6-e144-ddf4-c29e-3247d0cca7b8,2026-07-10T03:10:11.378,auth,OK,pacs.008,SWIFT,2194.82,GBP,**************8397,SG,22
30c6a4f6-e144-ddf4-c29e-3247d0cca7b8,2026-07-10T03:10:11.590,validation,OK,pacs.008,SWIFT,2194.82,GBP,**************8397,SG,114
30c6a4f6-e144-ddf4-c29e-3247d0cca7b8,2026-07-10T03:10:11.672,aml,OK,pacs.008,SWIFT,2194.82,GBP,**************8397,SG,234
30c6a4f6-e144-ddf4-c29e-3247d0cca7b8,2026-07-10T03:10:11.753,payment-hub,OK,pacs.008,SWIFT,2194.82,GBP,**************8397,SG,90
30c6a4f6-e144-ddf4-c29e-3247d0cca7b8,2026-07-10T03:10:11.875,core-banking,OK,pacs.008,SWIFT,2194.82,GBP,**************8397,SG,145
30c6a4f6-e144-ddf4-c29e-3247d0cca7b8,2026-07-10T03:10:11.991,settlement,SETTLED,pacs.008,SWIFT,2194.82,GBP,**************8397,SG,295
2cb08cdc-bb25-eb7e-b6ef-c1f6f5470eaf,2026-07-10T21:59:27.993,gateway,OK,pacs.008,FAST,263.27,SGD,**************7392,SG,39
2cb08cdc-bb25-eb7e-b6ef-c1f6f5470eaf,2026-07-10T21:59:28.085,auth,OK,pacs.008,FAST,263.27,SGD,**************7392,SG,33
2cb08cdc-bb25-eb7e-b6ef-c1f6f5470eaf,2026-07-10T21:59:28.129,validation,OK,pacs.008,FAST,263.27,SGD,**************7392,SG,98
2cb08cdc-bb25-eb7e-b6ef-c1f6f5470eaf,2026-07-10T21:59:28.207,aml,OK,pacs.008,FAST,263.27,SGD,**************7392,SG,176
2cb08cdc-bb25-eb7e-b6ef-c1f6f5470eaf,2026-07-10T21:59:28.456,payment-hub,OK,pacs.008,FAST,263.27,SGD,**************7392,SG,144
2cb08cdc-bb25-eb7e-b6ef-c1f6f5470eaf,2026-07-10T21:59:28.518,core-banking,OK,pacs.008,FAST,263.27,SGD,**************7392,SG,91
2cb08cdc-bb25-eb7e-b6ef-c1f6f5470eaf,2026-07-10T21:59:28.595,settlement,SETTLED,pacs.008,FAST,263.27,SGD,**************7392,SG,292
166237ad-ff04-09f7-5dca-af799148f5bc,2026-07-13T17:41:02.723,gateway,OK,pacs.008,CARDS,226.61,USD,**************1308,MY,18
166237ad-ff04-09f7-5dca-af799148f5bc,2026-07-13T17:41:32.749,auth,OK,pacs.008,CARDS,226.61,USD,**************1308,MY,56
166237ad-ff04-09f7-5dca-af799148f5bc,2026-07-13T17:41:32.807,validation,OK,pacs.008,CARDS,226.61,USD,**************1308,MY,83
166237ad-ff04-09f7-5dca-af799148f5bc,2026-07-13T17:41:32.893,aml,OK,pacs.008,CARDS,226.61,USD,**************1308,MY,84
166237ad-ff04-09f7-5dca-af799148f5bc,2026-07-13T17:41:33.028,payment-hub,OK,pacs.008,CARDS,226.61,USD,**************1308,MY,106
166237ad-ff04-09f7-5dca-af799148f5bc,2026-07-13T17:41:33.156,core-banking,OK,pacs.008,CARDS,226.61,USD,**************1308,MY,91
166237ad-ff04-09f7-5dca-af799148f5bc,2026-07-13T17:41:33.246,settlement,SETTLED,pacs.008,CARDS,226.61,USD,**************1308,MY,375
13d9e7f6-c202-165a-76c2-7de91814a1e2,2026-07-13T12:38:51.813,gateway,OK,pacs.008,SWIFT,2923.6,SGD,**************1120,SG,45
13d9e7f6-c202-165a-76c2-7de91814a1e2,2026-07-13T12:38:51.918,auth,OK,pacs.008,SWIFT,2923.6,SGD,**************1120,SG,21
13d9e7f6-c202-165a-76c2-7de91814a1e2,2026-07-13T12:38:52.008,validation,OK,pacs.008,SWIFT,2923.6,SGD,**************1120,SG,62
13d9e7f6-c202-165a-76c2-7de91814a1e2,2026-07-13T12:38:52.120,aml,OK,pacs.008,SWIFT,2923.6,SGD,**************1120,SG,241
13d9e7f6-c202-165a-76c2-7de91814a1e2,2026-07-13T12:38:52.198,payment-hub,OK,pacs.008,SWIFT,2923.6,SGD,**************1120,SG,142
13d9e7f6-c202-165a-76c2-7de91814a1e2,2026-07-13T12:38:52.332,core-banking,OK,pacs.008,SWIFT,2923.6,SGD,**************1120,SG,154
13d9e7f6-c202-165a-76c2-7de91814a1e2,2026-07-13T12:38:52.415,settlement,SETTLED,pacs.008,SWIFT,2923.6,SGD,**************1120,SG,290
d3883c9f-6bdf-c51d-c082-bc96df923e2f,2026-07-13T07:30:28.245,gateway,OK,0200,SWIFT,235.89,USD,**************8443,SG,25
d3883c9f-6bdf-c51d-c082-bc96df923e2f,2026-07-13T07:30:28.403,auth,OK,0200,SWIFT,235.89,USD,**************8443,SG,70
d3883c9f-6bdf-c51d-c082-bc96df923e2f,2026-07-13T07:30:28.585,validation,OK,0200,SWIFT,235.89,USD,**************8443,SG,120
d3883c9f-6bdf-c51d-c082-bc96df923e2f,2026-07-13T07:30:28.797,aml,OK,0200,SWIFT,235.89,USD,**************8443,SG,102
d3883c9f-6bdf-c51d-c082-bc96df923e2f,2026-07-13T07:30:28.909,payment-hub,OK,0200,SWIFT,235.89,USD,**************8443,SG,114
d3883c9f-6bdf-c51d-c082-bc96df923e2f,2026-07-13T07:30:28.966,core-banking,OK,0200,SWIFT,235.89,USD,**************8443,SG,222
d3883c9f-6bdf-c51d-c082-bc96df923e2f,2026-07-13T07:30:29.120,settlement,SETTLED,0200,SWIFT,235.89,USD,**************8443,SG,117
e6fdc206-d1ed-1609-5ec3-2a375abcd7a4,2026-07-13T00:09:15.462,gateway,OK,pacs.008,FAST,137.69,SGD,**************2086,SG,49
e6fdc206-d1ed-1609-5ec3-2a375abcd7a4,2026-07-13T00:09:15.525,auth,OK,pacs.008,FAST,137.69,SGD,**************2086,SG,89
e6fdc206-d1ed-1609-5ec3-2a375abcd7a4,2026-07-13T00:09:15.611,validation,OK,pacs.008,FAST,137.69,SGD,**************2086,SG,38
e6fdc206-d1ed-1609-5ec3-2a375abcd7a4,2026-07-13T00:09:15.791,aml,TIMEOUT,pacs.008,FAST,137.69,SGD,**************2086,SG,30000
e6fdc206-d1ed-1609-5ec3-2a375abcd7a4,2026-07-13T00:09:15.820,payment-hub,FAILED,pacs.008,FAST,137.69,SGD,**************2086,SG,84
a4dad77b-c349-cb06-2abf-58bb0ed539fd,2026-07-10T10:26:46.656,gateway,OK,pacs.008,SWIFT,1601.33,MYR,**************2685,SG,60
a4dad77b-c349-cb06-2abf-58bb0ed539fd,2026-07-10T10:26:46.716,auth,OK,pacs.008,SWIFT,1601.33,MYR,**************2685,SG,82
a4dad77b-c349-cb06-2abf-58bb0ed539fd,2026-07-10T10:26:47.006,validation,OK,pacs.008,SWIFT,1601.33,MYR,**************2685,SG,52
a4dad77b-c349-cb06-2abf-58bb0ed539fd,2026-07-10T10:26:47.165,aml,OK,pacs.008,SWIFT,1601.33,MYR,**************2685,SG,156
a4dad77b-c349-cb06-2abf-58bb0ed539fd,2026-07-10T10:26:47.226,payment-hub,OK,pacs.008,SWIFT,1601.33,MYR,**************2685,SG,41
a4dad77b-c349-cb06-2abf-58bb0ed539fd,2026-07-10T10:26:47.497,core-banking,OK,pacs.008,SWIFT,1601.33,MYR,**************2685,SG,183
a4dad77b-c349-cb06-2abf-58bb0ed539fd,2026-07-10T10:26:47.598,settlement,SETTLED,pacs.008,SWIFT,1601.33,MYR,**************2685,SG,323
650471cd-82a4-846b-531e-20f0024208ee,2026-07-06T17:01:41.526,gateway,OK,pacs.008,SWIFT,136.09,USD,**************9769,SG,21
650471cd-82a4-846b-531e-20f0024208ee,2026-07-06T17:01:41.664,auth,OK,pacs.008,SWIFT,136.09,USD,**************9769,SG,32
650471cd-82a4-846b-531e-20f0024208ee,2026-07-06T17:01:41.969,validation,OK,pacs.008,SWIFT,136.09,USD,**************9769,SG,87
650471cd-82a4-846b-531e-20f0024208ee,2026-07-06T17:01:42.072,aml,OK,pacs.008,SWIFT,136.09,USD,**************9769,SG,205
650471cd-82a4-846b-531e-20f0024208ee,2026-07-06T17:01:42.162,payment-hub,OK,pacs.008,SWIFT,136.09,USD,**************9769,SG,141
650471cd-82a4-846b-531e-20f0024208ee,2026-07-06T17:01:42.252,core-banking,OK,pacs.008,SWIFT,136.09,USD,**************9769,SG,201
650471cd-82a4-846b-531e-20f0024208ee,2026-07-06T17:01:42.328,settlement,SETTLED,pacs.008,SWIFT,136.09,USD,**************9769,SG,238
0c917716-93f9-e0cd-f758-fdd2b1c4b0e2,2026-07-06T19:22:55.018,gateway,OK,MT103,FAST,761.36,EUR,**************2301,MY,24
0c917716-93f9-e0cd-f758-fdd2b1c4b0e2,2026-07-06T19:22:55.114,auth,OK,MT103,FAST,761.36,EUR,**************2301,MY,33
0c917716-93f9-e0cd-f758-fdd2b1c4b0e2,2026-07-06T19:22:55.222,validation,OK,MT103,FAST,761.36,EUR,**************2301,MY,70
0c917716-93f9-e0cd-f758-fdd2b1c4b0e2,2026-07-06T19:22:55.295,aml,OK,MT103,FAST,761.36,EUR,**************2301,MY,102
0c917716-93f9-e0cd-f758-fdd2b1c4b0e2,2026-07-06T19:22:55.353,payment-hub,OK,MT103,FAST,761.36,EUR,**************2301,MY,104
0c917716-93f9-e0cd-f758-fdd2b1c4b0e2,2026-07-06T19:22:55.420,core-banking,OK,MT103,FAST,761.36,EUR,**************2301,MY,77
0c917716-93f9-e0cd-f758-fdd2b1c4b0e2,2026-07-06T19:22:55.489,settlement,SETTLED,MT103,FAST,761.36,EUR,**************2301,MY,294
c59c732c-0502-a201-4dfd-0c0bf722a7c0,2026-07-12T20:23:50.702,gateway,OK,MT103,FAST,1112.12,SGD,**************2886,SG,30
c59c732c-0502-a201-4dfd-0c0bf722a7c0,2026-07-12T20:23:50.760,auth,OK,MT103,FAST,1112.12,SGD,**************2886,SG,56
c59c732c-0502-a201-4dfd-0c0bf722a7c0,2026-07-12T20:23:50.963,validation,OK,MT103,FAST,1112.12,SGD,**************2886,SG,100
c59c732c-0502-a201-4dfd-0c0bf722a7c0,2026-07-12T20:23:51.047,aml,OK,MT103,FAST,1112.12,SGD,**************2886,SG,195
c59c732c-0502-a201-4dfd-0c0bf722a7c0,2026-07-12T20:23:51.224,payment-hub,OK,MT103,FAST,1112.12,SGD,**************2886,SG,134
c59c732c-0502-a201-4dfd-0c0bf722a7c0,2026-07-12T20:23:51.281,core-banking,OK,MT103,FAST,1112.12,SGD,**************2886,SG,80
c59c732c-0502-a201-4dfd-0c0bf722a7c0,2026-07-12T20:23:51.363,settlement,SETTLED,MT103,FAST,1112.12,SGD,**************2886,SG,151
e189a4ae-2678-99b8-d783-339e7026335e,2026-07-07T15:10:49.828,gateway,OK,pacs.008,SWIFT,2699.29,SGD,**************7925,MY,35
e189a4ae-2678-99b8-d783-339e7026335e,2026-07-07T15:10:49.914,auth,OK,pacs.008,SWIFT,2699.29,SGD,**************7925,MY,68
e189a4ae-2678-99b8-d783-339e7026335e,2026-07-07T15:10:50.012,validation,OK,pacs.008,SWIFT,2699.29,SGD,**************7925,MY,53
e189a4ae-2678-99b8-d783-339e7026335e,2026-07-07T15:10:50.072,aml,OK,pacs.008,SWIFT,2699.29,SGD,**************7925,MY,209
e189a4ae-2678-99b8-d783-339e7026335e,2026-07-07T15:10:50.121,payment-hub,OK,pacs.008,SWIFT,2699.29,SGD,**************7925,MY,40
e189a4ae-2678-99b8-d783-339e7026335e,2026-07-07T15:10:50.177,core-banking,OK,pacs.008,SWIFT,2699.29,SGD,**************7925,MY,222
e189a4ae-2678-99b8-d783-339e7026335e,2026-07-07T15:10:50.236,settlement,SETTLED,pacs.008,SWIFT,2699.29,SGD,**************7925,MY,385
61584a83-f800-2c67-89e2-41a81846b1c8,2026-07-10T14:04:26.427,gateway,OK,pacs.008,FAST,52.31,MYR,**************8033,IN,48
61584a83-f800-2c67-89e2-41a81846b1c8,2026-07-10T14:04:26.474,auth,OK,pacs.008,FAST,52.31,MYR,**************8033,IN,90
61584a83-f800-2c67-89e2-41a81846b1c8,2026-07-10T14:04:26.572,validation,OK,pacs.008,FAST,52.31,MYR,**************8033,IN,109
61584a83-f800-2c67-89e2-41a81846b1c8,2026-07-10T14:04:26.674,aml,OK,pacs.008,FAST,52.31,MYR,**************8033,IN,62
61584a83-f800-2c67-89e2-41a81846b1c8,2026-07-10T14:04:26.718,payment-hub,OK,pacs.008,FAST,52.31,MYR,**************8033,IN,39
61584a83-f800-2c67-89e2-41a81846b1c8,2026-07-10T14:04:26.978,core-banking,OK,pacs.008,FAST,52.31,MYR,**************8033,IN,190
61584a83-f800-2c67-89e2-41a81846b1c8,2026-07-10T14:04:27.132,settlement,SETTLED,pacs.008,FAST,52.31,MYR,**************8033,IN,279
0462d1f6-4afd-a21f-c266-2de1a0993f90,2026-07-11T01:10:16.440,gateway,OK,MT103,FAST,119.2,SGD,**************5211,GB,37
0462d1f6-4afd-a21f-c266-2de1a0993f90,2026-07-11T01:10:16.562,auth,OK,MT103,FAST,119.2,SGD,**************5211,GB,38
0462d1f6-4afd-a21f-c266-2de1a0993f90,2026-07-11T01:10:16.662,validation,OK,MT103,FAST,119.2,SGD,**************5211,GB,103
0462d1f6-4afd-a21f-c266-2de1a0993f90,2026-07-11T01:10:16.735,aml,OK,MT103,FAST,119.2,SGD,**************5211,GB,176
0462d1f6-4afd-a21f-c266-2de1a0993f90,2026-07-11T01:10:16.819,payment-hub,OK,MT103,FAST,119.2,SGD,**************5211,GB,142
0462d1f6-4afd-a21f-c266-2de1a0993f90,2026-07-11T01:10:16.863,core-banking,OK,MT103,FAST,119.2,SGD,**************5211,GB,50
0462d1f6-4afd-a21f-c266-2de1a0993f90,2026-07-11T01:10:16.965,settlement,SETTLED,MT103,FAST,119.2,SGD,**************5211,GB,117
474ef1bc-265f-0d2c-75e5-7716d812c096,2026-07-12T04:41:16.901,gateway,OK,pacs.008,FAST,526.85,EUR,**************4813,SG,30
474ef1bc-265f-0d2c-75e5-7716d812c096,2026-07-12T04:41:46.907,auth,OK,pacs.008,FAST,526.85,EUR,**************4813,SG,22
474ef1bc-265f-0d2c-75e5-7716d812c096,2026-07-12T04:41:47.005,validation,OK,pacs.008,FAST,526.85,EUR,**************4813,SG,74
474ef1bc-265f-0d2c-75e5-7716d812c096,2026-07-12T04:41:47.045,aml,OK,pacs.008,FAST,526.85,EUR,**************4813,SG,223
474ef1bc-265f-0d2c-75e5-7716d812c096,2026-07-12T04:41:47.114,payment-hub,OK,pacs.008,FAST,526.85,EUR,**************4813,SG,79
474ef1bc-265f-0d2c-75e5-7716d812c096,2026-07-12T04:41:47.288,core-banking,OK,pacs.008,FAST,526.85,EUR,**************4813,SG,248
474ef1bc-265f-0d2c-75e5-7716d812c096,2026-07-12T04:41:47.411,settlement,SETTLED,pacs.008,FAST,526.85,EUR,**************4813,SG,193
480e95f4-17fb-8816-6da5-592c2396ff9e,2026-07-12T05:23:25.275,gateway,OK,pacs.008,FAST,878.61,SGD,**************4165,SG,38
480e95f4-17fb-8816-6da5-592c2396ff9e,2026-07-12T05:23:25.437,auth,OK,pacs.008,FAST,878.61,SGD,**************4165,SG,87
480e95f4-17fb-8816-6da5-592c2396ff9e,2026-07-12T05:23:55.456,validation,OK,pacs.008,FAST,878.61,SGD,**************4165,SG,48
480e95f4-17fb-8816-6da5-592c2396ff9e,2026-07-12T05:23:55.558,aml,OK,pacs.008,FAST,878.61,SGD,**************4165,SG,43
480e95f4-17fb-8816-6da5-592c2396ff9e,2026-07-12T05:23:55.733,payment-hub,OK,pacs.008,FAST,878.61,SGD,**************4165,SG,140
480e95f4-17fb-8816-6da5-592c2396ff9e,2026-07-12T05:23:55.795,core-banking,OK,pacs.008,FAST,878.61,SGD,**************4165,SG,166
480e95f4-17fb-8816-6da5-592c2396ff9e,2026-07-12T05:23:55.904,settlement,SETTLED,pacs.008,FAST,878.61,SGD,**************4165,SG,396
31c87f2f-bc97-ce64-0877-5bd9ac250e1d,2026-07-05T19:25:52.201,gateway,OK,pacs.008,CARDS,31019.24,SGD,**************3380,SG,22
31c87f2f-bc97-ce64-0877-5bd9ac250e1d,2026-07-05T19:25:52.419,auth,OK,pacs.008,CARDS,31019.24,SGD,**************3380,SG,81
31c87f2f-bc97-ce64-0877-5bd9ac250e1d,2026-07-05T19:25:52.505,validation,OK,pacs.008,CARDS,31019.24,SGD,**************3380,SG,59
31c87f2f-bc97-ce64-0877-5bd9ac250e1d,2026-07-05T19:25:52.594,aml,OK,pacs.008,CARDS,31019.24,SGD,**************3380,SG,89
31c87f2f-bc97-ce64-0877-5bd9ac250e1d,2026-07-05T19:25:52.718,payment-hub,OK,pacs.008,CARDS,31019.24,SGD,**************3380,SG,39
31c87f2f-bc97-ce64-0877-5bd9ac250e1d,2026-07-05T19:25:52.799,core-banking,OK,pacs.008,CARDS,31019.24,SGD,**************3380,SG,71
31c87f2f-bc97-ce64-0877-5bd9ac250e1d,2026-07-05T19:25:52.837,settlement,SETTLED,pacs.008,CARDS,31019.24,SGD,**************3380,SG,371
fb5d9438-4912-490a-f2f3-8ddaac98af3b,2026-07-05T12:04:16.943,gateway,OK,pacs.008,FAST,1377.1,MYR,**************4244,SG,27
fb5d9438-4912-490a-f2f3-8ddaac98af3b,2026-07-05T12:04:17.119,auth,OK,pacs.008,FAST,1377.1,MYR,**************4244,SG,77
fb5d9438-4912-490a-f2f3-8ddaac98af3b,2026-07-05T12:04:17.234,validation,OK,pacs.008,FAST,1377.1,MYR,**************4244,SG,63
fb5d9438-4912-490a-f2f3-8ddaac98af3b,2026-07-05T12:04:17.285,aml,OK,pacs.008,FAST,1377.1,MYR,**************4244,SG,238
fb5d9438-4912-490a-f2f3-8ddaac98af3b,2026-07-05T12:04:17.391,payment-hub,OK,pacs.008,FAST,1377.1,MYR,**************4244,SG,44
fb5d9438-4912-490a-f2f3-8ddaac98af3b,2026-07-05T12:04:17.456,core-banking,OK,pacs.008,FAST,1377.1,MYR,**************4244,SG,213
fb5d9438-4912-490a-f2f3-8ddaac98af3b,2026-07-05T12:04:17.538,settlement,SETTLED,pacs.008,FAST,1377.1,MYR,**************4244,SG,79
1bc0484e-261e-9071-e263-abc9df0b535c,2026-07-02T03:08:13.379,gateway,OK,pacs.008,SWIFT,1299.56,SGD,**************8435,MY,47
1bc0484e-261e-9071-e263-abc9df0b535c,2026-07-02T03:08:13.446,auth,OK,pacs.008,SWIFT,1299.56,SGD,**************8435,MY,60
1bc0484e-261e-9071-e263-abc9df0b535c,2026-07-02T03:08:13.589,validation,OK,pacs.008,SWIFT,1299.56,SGD,**************8435,MY,82
1bc0484e-261e-9071-e263-abc9df0b535c,2026-07-02T03:08:13.685,aml,OK,pacs.008,SWIFT,1299.56,SGD,**************8435,MY,219
1bc0484e-261e-9071-e263-abc9df0b535c,2026-07-02T03:08:13.820,payment-hub,OK,pacs.008,SWIFT,1299.56,SGD,**************8435,MY,46
1bc0484e-261e-9071-e263-abc9df0b535c,2026-07-02T03:08:13.924,core-banking,OK,pacs.008,SWIFT,1299.56,SGD,**************8435,MY,96
1bc0484e-261e-9071-e263-abc9df0b535c,2026-07-02T03:08:14.225,settlement,SETTLED,pacs.008,SWIFT,1299.56,SGD,**************8435,MY,111
02378fb8-11fc-a8ef-fe3d-ca943e95970b,2026-07-14T12:56:16.797,gateway,OK,pacs.008,CARDS,498.68,EUR,**************9005,MY,16
02378fb8-11fc-a8ef-fe3d-ca943e95970b,2026-07-14T12:56:16.845,auth,OK,pacs.008,CARDS,498.68,EUR,**************9005,MY,55
02378fb8-11fc-a8ef-fe3d-ca943e95970b,2026-07-14T12:56:16.944,validation,REJECTED,pacs.008,CARDS,498.68,EUR,**************9005,MY,53
26b01891-05d3-d0b4-0644-a525f81c0458,2026-07-03T20:18:23.202,gateway,OK,MT103,CARDS,1214.51,SGD,**************9455,US,30
26b01891-05d3-d0b4-0644-a525f81c0458,2026-07-03T20:18:23.259,auth,OK,MT103,CARDS,1214.51,SGD,**************9455,US,28
26b01891-05d3-d0b4-0644-a525f81c0458,2026-07-03T20:18:23.431,validation,OK,MT103,CARDS,1214.51,SGD,**************9455,US,115
26b01891-05d3-d0b4-0644-a525f81c0458,2026-07-03T20:18:23.475,aml,OK,MT103,CARDS,1214.51,SGD,**************9455,US,283
26b01891-05d3-d0b4-0644-a525f81c0458,2026-07-03T20:18:23.529,payment-hub,OK,MT103,CARDS,1214.51,SGD,**************9455,US,41
26b01891-05d3-d0b4-0644-a525f81c0458,2026-07-03T20:18:23.617,core-banking,OK,MT103,CARDS,1214.51,SGD,**************9455,US,217
26b01891-05d3-d0b4-0644-a525f81c0458,2026-07-03T20:18:23.688,settlement,SETTLED,MT103,CARDS,1214.51,SGD,**************9455,US,308
daccb516-0179-92de-b658-67f9980c3f64,2026-07-07T18:41:58.129,gateway,OK,0200,FAST,835.58,SGD,**************0346,IN,46
daccb516-0179-92de-b658-67f9980c3f64,2026-07-07T18:41:58.336,auth,OK,0200,FAST,835.58,SGD,**************0346,IN,88
daccb516-0179-92de-b658-67f9980c3f64,2026-07-07T18:41:58.397,validation,OK,0200,FAST,835.58,SGD,**************0346,IN,28
daccb516-0179-92de-b658-67f9980c3f64,2026-07-07T18:41:58.575,aml,OK,0200,FAST,835.58,SGD,**************0346,IN,258
daccb516-0179-92de-b658-67f9980c3f64,2026-07-07T18:41:58.672,payment-hub,OK,0200,FAST,835.58,SGD,**************0346,IN,128
daccb516-0179-92de-b658-67f9980c3f64,2026-07-07T18:41:58.748,core-banking,OK,0200,FAST,835.58,SGD,**************0346,IN,84
daccb516-0179-92de-b658-67f9980c3f64,2026-07-07T18:41:58.812,settlement,SETTLED,0200,FAST,835.58,SGD,**************0346,IN,350
aabaab75-04b6-e735-971b-ba40f1e01eaa,2026-07-12T08:53:34.815,gateway,OK,MT103,FAST,1385.64,SGD,**************0995,US,38
aabaab75-04b6-e735-971b-ba40f1e01eaa,2026-07-12T08:53:35.136,auth,OK,MT103,FAST,1385.64,SGD,**************0995,US,69
aabaab75-04b6-e735-971b-ba40f1e01eaa,2026-07-12T08:53:35.304,validation,OK,MT103,FAST,1385.64,SGD,**************0995,US,120
aabaab75-04b6-e735-971b-ba40f1e01eaa,2026-07-12T08:53:35.444,aml,OK,MT103,FAST,1385.64,SGD,**************0995,US,229
aabaab75-04b6-e735-971b-ba40f1e01eaa,2026-07-12T08:53:35.607,payment-hub,OK,MT103,FAST,1385.64,SGD,**************0995,US,97
aabaab75-04b6-e735-971b-ba40f1e01eaa,2026-07-12T08:53:35.739,core-banking,OK,MT103,FAST,1385.64,SGD,**************0995,US,63
aabaab75-04b6-e735-971b-ba40f1e01eaa,2026-07-12T08:53:35.996,settlement,SETTLED,MT103,FAST,1385.64,SGD,**************0995,US,317
ecc186a0-26c6-18b6-6250-c8f501e5fa82,2026-07-10T20:07:37.219,gateway,OK,0200,FAST,2424.96,SGD,**************6333,SG,39
ecc186a0-26c6-18b6-6250-c8f501e5fa82,2026-07-10T20:07:37.289,auth,OK,0200,FAST,2424.96,SGD,**************6333,SG,24
ecc186a0-26c6-18b6-6250-c8f501e5fa82,2026-07-10T20:07:37.341,validation,OK,0200,FAST,2424.96,SGD,**************6333,SG,113
ecc186a0-26c6-18b6-6250-c8f501e5fa82,2026-07-10T20:07:37.542,aml,OK,0200,FAST,2424.96,SGD,**************6333,SG,47
ecc186a0-26c6-18b6-6250-c8f501e5fa82,2026-07-10T20:07:37.732,payment-hub,OK,0200,FAST,2424.96,SGD,**************6333,SG,84
ecc186a0-26c6-18b6-6250-c8f501e5fa82,2026-07-10T20:07:38.047,core-banking,OK,0200,FAST,2424.96,SGD,**************6333,SG,209
ecc186a0-26c6-18b6-6250-c8f501e5fa82,2026-07-10T20:07:38.164,settlement,SETTLED,0200,FAST,2424.96,SGD,**************6333,SG,123
6f103fe3-ff43-2c5e-0863-318db2a19e33,2026-07-03T19:03:48.112,gateway,OK,pacs.008,FAST,3687.62,SGD,**************2109,SG,16
6f103fe3-ff43-2c5e-0863-318db2a19e33,2026-07-03T19:03:48.216,auth,OK,pacs.008,FAST,3687.62,SGD,**************2109,SG,36
6f103fe3-ff43-2c5e-0863-318db2a19e33,2026-07-03T19:03:48.320,validation,OK,pacs.008,FAST,3687.62,SGD,**************2109,SG,57
6f103fe3-ff43-2c5e-0863-318db2a19e33,2026-07-03T19:03:48.386,aml,TIMEOUT,pacs.008,FAST,3687.62,SGD,**************2109,SG,30000
6f103fe3-ff43-2c5e-0863-318db2a19e33,2026-07-03T19:03:48.467,payment-hub,FAILED,pacs.008,FAST,3687.62,SGD,**************2109,SG,42
ea0d6b62-aa68-6dfc-3199-be7ea9be77cb,2026-07-11T11:20:51.753,gateway,OK,0200,CARDS,112.14,SGD,**************4139,SG,40
ea0d6b62-aa68-6dfc-3199-be7ea9be77cb,2026-07-11T11:20:51.816,auth,OK,0200,CARDS,112.14,SGD,**************4139,SG,89
ea0d6b62-aa68-6dfc-3199-be7ea9be77cb,2026-07-11T11:20:51.943,validation,OK,0200,CARDS,112.14,SGD,**************4139,SG,97
ea0d6b62-aa68-6dfc-3199-be7ea9be77cb,2026-07-11T11:20:52.051,aml,OK,0200,CARDS,112.14,SGD,**************4139,SG,300
ea0d6b62-aa68-6dfc-3199-be7ea9be77cb,2026-07-11T11:20:52.135,payment-hub,OK,0200,CARDS,112.14,SGD,**************4139,SG,41
ea0d6b62-aa68-6dfc-3199-be7ea9be77cb,2026-07-11T11:20:52.202,core-banking,OK,0200,CARDS,112.14,SGD,**************4139,SG,187
ea0d6b62-aa68-6dfc-3199-be7ea9be77cb,2026-07-11T11:20:52.300,settlement,SETTLED,0200,CARDS,112.14,SGD,**************4139,SG,193
db147645-bdc0-d153-dc74-6d5bff8a8e3f,2026-07-12T22:56:37.027,gateway,OK,MT103,FAST,331.31,USD,**************8712,US,44
db147645-bdc0-d153-dc74-6d5bff8a8e3f,2026-07-12T22:56:37.166,auth,OK,MT103,FAST,331.31,USD,**************8712,US,61
db147645-bdc0-d153-dc74-6d5bff8a8e3f,2026-07-12T22:56:37.267,validation,OK,MT103,FAST,331.31,USD,**************8712,US,55
db147645-bdc0-d153-dc74-6d5bff8a8e3f,2026-07-12T22:56:37.334,aml,OK,MT103,FAST,331.31,USD,**************8712,US,79
db147645-bdc0-d153-dc74-6d5bff8a8e3f,2026-07-12T22:56:37.408,payment-hub,OK,MT103,FAST,331.31,USD,**************8712,US,106
db147645-bdc0-d153-dc74-6d5bff8a8e3f,2026-07-12T22:56:37.531,core-banking,OK,MT103,FAST,331.31,USD,**************8712,US,104
db147645-bdc0-d153-dc74-6d5bff8a8e3f,2026-07-12T22:56:37.614,settlement,SETTLED,MT103,FAST,331.31,USD,**************8712,US,341
3c29376f-70ea-928a-74c8-fafbacdf6d91,2026-07-13T03:46:03.189,gateway,OK,MT103,FAST,231.93,GBP,**************3103,SG,20
3c29376f-70ea-928a-74c8-fafbacdf6d91,2026-07-13T03:46:03.224,auth,OK,MT103,FAST,231.93,GBP,**************3103,SG,54
3c29376f-70ea-928a-74c8-fafbacdf6d91,2026-07-13T03:46:03.379,validation,OK,MT103,FAST,231.93,GBP,**************3103,SG,115
3c29376f-70ea-928a-74c8-fafbacdf6d91,2026-07-13T03:46:03.491,aml,OK,MT103,FAST,231.93,GBP,**************3103,SG,78
3c29376f-70ea-928a-74c8-fafbacdf6d91,2026-07-13T03:46:03.587,payment-hub,OK,MT103,FAST,231.93,GBP,**************3103,SG,145
3c29376f-70ea-928a-74c8-fafbacdf6d91,2026-07-13T03:46:03.694,core-banking,OK,MT103,FAST,231.93,GBP,**************3103,SG,124
3c29376f-70ea-928a-74c8-fafbacdf6d91,2026-07-13T03:46:03.735,settlement,SETTLED,MT103,FAST,231.93,GBP,**************3103,SG,245
1e3ecb92-72fc-a77c-4d5d-ee74a6e3c4bb,2026-07-01T19:04:55.651,gateway,OK,pacs.008,CARDS,158.11,USD,**************9389,SG,56
1e3ecb92-72fc-a77c-4d5d-ee74a6e3c4bb,2026-07-01T19:04:55.724,auth,OK,pacs.008,CARDS,158.11,USD,**************9389,SG,84
1e3ecb92-72fc-a77c-4d5d-ee74a6e3c4bb,2026-07-01T19:04:55.841,validation,OK,pacs.008,CARDS,158.11,USD,**************9389,SG,99
1e3ecb92-72fc-a77c-4d5d-ee74a6e3c4bb,2026-07-01T19:05:25.877,aml,OK,pacs.008,CARDS,158.11,USD,**************9389,SG,67
1e3ecb92-72fc-a77c-4d5d-ee74a6e3c4bb,2026-07-01T19:05:26.005,payment-hub,OK,pacs.008,CARDS,158.11,USD,**************9389,SG,143
1e3ecb92-72fc-a77c-4d5d-ee74a6e3c4bb,2026-07-01T19:05:26.228,core-banking,OK,pacs.008,CARDS,158.11,USD,**************9389,SG,67
1e3ecb92-72fc-a77c-4d5d-ee74a6e3c4bb,2026-07-01T19:05:26.305,settlement,SETTLED,pacs.008,CARDS,158.11,USD,**************9389,SG,302
c91f7cd9-5e6c-5724-8fc4-f9d21d667f24,2026-07-08T14:24:57.739,gateway,OK,pacs.008,FAST,1335.7,SGD,**************0406,GB,22
c91f7cd9-5e6c-5724-8fc4-f9d21d667f24,2026-07-08T14:25:27.769,auth,OK,pacs.008,FAST,1335.7,SGD,**************0406,GB,38
c91f7cd9-5e6c-5724-8fc4-f9d21d667f24,2026-07-08T14:25:27.835,validation,OK,pacs.008,FAST,1335.7,SGD,**************0406,GB,54
c91f7cd9-5e6c-5724-8fc4-f9d21d667f24,2026-07-08T14:25:27.930,aml,OK,pacs.008,FAST,1335.7,SGD,**************0406,GB,112
c91f7cd9-5e6c-5724-8fc4-f9d21d667f24,2026-07-08T14:25:28.032,payment-hub,OK,pacs.008,FAST,1335.7,SGD,**************0406,GB,82
c91f7cd9-5e6c-5724-8fc4-f9d21d667f24,2026-07-08T14:25:28.152,core-banking,OK,pacs.008,FAST,1335.7,SGD,**************0406,GB,153
c91f7cd9-5e6c-5724-8fc4-f9d21d667f24,2026-07-08T14:25:28.308,settlement,SETTLED,pacs.008,FAST,1335.7,SGD,**************0406,GB,277
2958349e-ac00-a31f-01b7-816362fe7f60,2026-07-08T17:30:44.884,gateway,OK,pacs.008,FAST,394.06,SGD,**************6050,SG,30
2958349e-ac00-a31f-01b7-816362fe7f60,2026-07-08T17:30:45.001,auth,OK,pacs.008,FAST,394.06,SGD,**************6050,SG,29
2958349e-ac00-a31f-01b7-816362fe7f60,2026-07-08T17:30:45.073,validation,OK,pacs.008,FAST,394.06,SGD,**************6050,SG,35
2958349e-ac00-a31f-01b7-816362fe7f60,2026-07-08T17:30:45.256,aml,OK,pacs.008,FAST,394.06,SGD,**************6050,SG,174
2958349e-ac00-a31f-01b7-816362fe7f60,2026-07-08T17:30:45.339,payment-hub,OK,pacs.008,FAST,394.06,SGD,**************6050,SG,59
2958349e-ac00-a31f-01b7-816362fe7f60,2026-07-08T17:30:45.389,core-banking,OK,pacs.008,FAST,394.06,SGD,**************6050,SG,125
2958349e-ac00-a31f-01b7-816362fe7f60,2026-07-08T17:30:45.648,settlement,SETTLED,pacs.008,FAST,394.06,SGD,**************6050,SG,128
f117bfbb-8231-b3db-ab00-c92f404d4a21,2026-07-06T01:33:44.880,gateway,OK,pacs.008,CARDS,94.28,SGD,**************1849,US,56
f117bfbb-8231-b3db-ab00-c92f404d4a21,2026-07-06T01:33:44.999,auth,OK,pacs.008,CARDS,94.28,SGD,**************1849,US,88
f117bfbb-8231-b3db-ab00-c92f404d4a21,2026-07-06T01:33:45.134,validation,OK,pacs.008,CARDS,94.28,SGD,**************1849,US,109
f117bfbb-8231-b3db-ab00-c92f404d4a21,2026-07-06T01:33:45.204,aml,OK,pacs.008,CARDS,94.28,SGD,**************1849,US,167
f117bfbb-8231-b3db-ab00-c92f404d4a21,2026-07-06T01:33:45.372,payment-hub,OK,pacs.008,CARDS,94.28,SGD,**************1849,US,43
f117bfbb-8231-b3db-ab00-c92f404d4a21,2026-07-06T01:33:45.492,core-banking,OK,pacs.008,CARDS,94.28,SGD,**************1849,US,148
f117bfbb-8231-b3db-ab00-c92f404d4a21,2026-07-06T01:33:45.549,settlement,SETTLED,pacs.008,CARDS,94.28,SGD,**************1849,US,311
010d967e-f7af-7f61-7584-03207a043fe8,2026-07-12T03:44:09.255,gateway,OK,pacs.008,SWIFT,572.01,SGD,**************4988,SG,29
010d967e-f7af-7f61-7584-03207a043fe8,2026-07-12T03:44:09.526,auth,OK,pacs.008,SWIFT,572.01,SGD,**************4988,SG,30
010d967e-f7af-7f61-7584-03207a043fe8,2026-07-12T03:44:09.613,validation,OK,pacs.008,SWIFT,572.01,SGD,**************4988,SG,30
010d967e-f7af-7f61-7584-03207a043fe8,2026-07-12T03:44:09.673,aml,OK,pacs.008,SWIFT,572.01,SGD,**************4988,SG,189
010d967e-f7af-7f61-7584-03207a043fe8,2026-07-12T03:44:09.770,payment-hub,OK,pacs.008,SWIFT,572.01,SGD,**************4988,SG,74
010d967e-f7af-7f61-7584-03207a043fe8,2026-07-12T03:44:09.830,core-banking,OK,pacs.008,SWIFT,572.01,SGD,**************4988,SG,78
010d967e-f7af-7f61-7584-03207a043fe8,2026-07-12T03:44:09.897,settlement,SETTLED,pacs.008,SWIFT,572.01,SGD,**************4988,SG,129
126043c5-7f39-871e-9924-afeec70e9c8c,2026-07-02T18:27:22.719,gateway,OK,0200,FAST,464.14,SGD,**************8955,MY,56
126043c5-7f39-871e-9924-afeec70e9c8c,2026-07-02T18:27:23.016,auth,OK,0200,FAST,464.14,SGD,**************8955,MY,86
126043c5-7f39-871e-9924-afeec70e9c8c,2026-07-02T18:27:23.107,validation,OK,0200,FAST,464.14,SGD,**************8955,MY,85
126043c5-7f39-871e-9924-afeec70e9c8c,2026-07-02T18:27:23.198,aml,OK,0200,FAST,464.14,SGD,**************8955,MY,195
126043c5-7f39-871e-9924-afeec70e9c8c,2026-07-02T18:27:23.306,payment-hub,OK,0200,FAST,464.14,SGD,**************8955,MY,122
126043c5-7f39-871e-9924-afeec70e9c8c,2026-07-02T18:27:23.368,core-banking,OK,0200,FAST,464.14,SGD,**************8955,MY,64
126043c5-7f39-871e-9924-afeec70e9c8c,2026-07-02T18:27:23.598,settlement,SETTLED,0200,FAST,464.14,SGD,**************8955,MY,110
3ff38ef1-9183-106d-e7f7-936c844cc51c,2026-07-13T05:20:26.277,gateway,OK,pacs.008,FAST,299.83,EUR,**************3703,US,50
3ff38ef1-9183-106d-e7f7-936c844cc51c,2026-07-13T05:20:26.430,auth,OK,pacs.008,FAST,299.83,EUR,**************3703,US,83
3ff38ef1-9183-106d-e7f7-936c844cc51c,2026-07-13T05:20:26.547,validation,OK,pacs.008,FAST,299.83,EUR,**************3703,US,93
3ff38ef1-9183-106d-e7f7-936c844cc51c,2026-07-13T05:20:26.616,aml,OK,pacs.008,FAST,299.83,EUR,**************3703,US,223
3ff38ef1-9183-106d-e7f7-936c844cc51c,2026-07-13T05:20:26.806,payment-hub,OK,pacs.008,FAST,299.83,EUR,**************3703,US,70
3ff38ef1-9183-106d-e7f7-936c844cc51c,2026-07-13T05:20:26.892,core-banking,OK,pacs.008,FAST,299.83,EUR,**************3703,US,162
3ff38ef1-9183-106d-e7f7-936c844cc51c,2026-07-13T05:20:26.934,settlement,SETTLED,pacs.008,FAST,299.83,EUR,**************3703,US,121
a1ff6f9a-33c1-9464-bdcc-b7e77c1781bd,2026-07-05T23:44:07.663,gateway,OK,MT103,FAST,173.77,MYR,**************1902,SG,51
a1ff6f9a-33c1-9464-bdcc-b7e77c1781bd,2026-07-05T23:44:07.960,auth,OK,MT103,FAST,173.77,MYR,**************1902,SG,28
a1ff6f9a-33c1-9464-bdcc-b7e77c1781bd,2026-07-05T23:44:08.166,validation,OK,MT103,FAST,173.77,MYR,**************1902,SG,93
a1ff6f9a-33c1-9464-bdcc-b7e77c1781bd,2026-07-05T23:44:08.274,aml,OK,MT103,FAST,173.77,MYR,**************1902,SG,62
a1ff6f9a-33c1-9464-bdcc-b7e77c1781bd,2026-07-05T23:44:08.331,payment-hub,OK,MT103,FAST,173.77,MYR,**************1902,SG,109
a1ff6f9a-33c1-9464-bdcc-b7e77c1781bd,2026-07-05T23:44:08.400,core-banking,OK,MT103,FAST,173.77,MYR,**************1902,SG,246
a1ff6f9a-33c1-9464-bdcc-b7e77c1781bd,2026-07-05T23:44:08.504,settlement,SETTLED,MT103,FAST,173.77,MYR,**************1902,SG,71
8d8be375-baf4-f3b8-4773-fe8ac1136219,2026-07-06T10:33:31.379,gateway,OK,0200,CARDS,7659.97,USD,**************8425,US,19
8d8be375-baf4-f3b8-4773-fe8ac1136219,2026-07-06T10:33:31.506,auth,OK,0200,CARDS,7659.97,USD,**************8425,US,39
8d8be375-baf4-f3b8-4773-fe8ac1136219,2026-07-06T10:33:31.570,validation,OK,0200,CARDS,7659.97,USD,**************8425,US,49
8d8be375-baf4-f3b8-4773-fe8ac1136219,2026-07-06T10:33:31.674,aml,OK,0200,CARDS,7659.97,USD,**************8425,US,82
8d8be375-baf4-f3b8-4773-fe8ac1136219,2026-07-06T10:33:31.709,payment-hub,OK,0200,CARDS,7659.97,USD,**************8425,US,116
8d8be375-baf4-f3b8-4773-fe8ac1136219,2026-07-06T10:33:31.762,core-banking,OK,0200,CARDS,7659.97,USD,**************8425,US,83
8d8be375-baf4-f3b8-4773-fe8ac1136219,2026-07-06T10:33:31.895,settlement,SETTLED,0200,CARDS,7659.97,USD,**************8425,US,318
7160f185-67be-4ded-41a5-8a8836615552,2026-07-08T08:09:12.697,gateway,OK,pacs.008,FAST,719.08,USD,**************4031,SG,54
7160f185-67be-4ded-41a5-8a8836615552,2026-07-08T08:09:12.786,auth,OK,pacs.008,FAST,719.08,USD,**************4031,SG,63
7160f185-67be-4ded-41a5-8a8836615552,2026-07-08T08:09:12.888,validation,OK,pacs.008,FAST,719.08,USD,**************4031,SG,115
7160f185-67be-4ded-41a5-8a8836615552,2026-07-08T08:09:12.999,aml,OK,pacs.008,FAST,719.08,USD,**************4031,SG,257
7160f185-67be-4ded-41a5-8a8836615552,2026-07-08T08:09:13.066,payment-hub,OK,pacs.008,FAST,719.08,USD,**************4031,SG,95
7160f185-67be-4ded-41a5-8a8836615552,2026-07-08T08:09:13.161,core-banking,OK,pacs.008,FAST,719.08,USD,**************4031,SG,156
7160f185-67be-4ded-41a5-8a8836615552,2026-07-08T08:09:13.266,settlement,SETTLED,pacs.008,FAST,719.08,USD,**************4031,SG,229
9d5e3198-24d6-9f92-9ea9-9a8482baedb5,2026-07-03T09:38:31.962,gateway,OK,pacs.008,FAST,132.16,SGD,**************1958,GB,44
9d5e3198-24d6-9f92-9ea9-9a8482baedb5,2026-07-03T09:38:32.020,auth,OK,pacs.008,FAST,132.16,SGD,**************1958,GB,26
9d5e3198-24d6-9f92-9ea9-9a8482baedb5,2026-07-03T09:38:32.085,validation,OK,pacs.008,FAST,132.16,SGD,**************1958,GB,30
9d5e3198-24d6-9f92-9ea9-9a8482baedb5,2026-07-03T09:38:32.141,aml,OK,pacs.008,FAST,132.16,SGD,**************1958,GB,266
9d5e3198-24d6-9f92-9ea9-9a8482baedb5,2026-07-03T09:38:32.289,payment-hub,OK,pacs.008,FAST,132.16,SGD,**************1958,GB,128
9d5e3198-24d6-9f92-9ea9-9a8482baedb5,2026-07-03T09:38:32.374,core-banking,OK,pacs.008,FAST,132.16,SGD,**************1958,GB,87
9d5e3198-24d6-9f92-9ea9-9a8482baedb5,2026-07-03T09:38:32.428,settlement,SETTLED,pacs.008,FAST,132.16,SGD,**************1958,GB,341
1b492abe-059b-41c6-58e3-b6c6f374eff8,2026-07-02T15:23:34.196,gateway,OK,MT103,FAST,2085.63,USD,**************1864,SG,33
1b492abe-059b-41c6-58e3-b6c6f374eff8,2026-07-02T15:23:34.257,auth,OK,MT103,FAST,2085.63,USD,**************1864,SG,78
1b492abe-059b-41c6-58e3-b6c6f374eff8,2026-07-02T15:23:34.390,validation,OK,MT103,FAST,2085.63,USD,**************1864,SG,43
1b492abe-059b-41c6-58e3-b6c6f374eff8,2026-07-02T15:23:34.418,aml,OK,MT103,FAST,2085.63,USD,**************1864,SG,279
1b492abe-059b-41c6-58e3-b6c6f374eff8,2026-07-02T15:23:34.447,payment-hub,OK,MT103,FAST,2085.63,USD,**************1864,SG,35
1b492abe-059b-41c6-58e3-b6c6f374eff8,2026-07-02T15:23:34.555,core-banking,OK,MT103,FAST,2085.63,USD,**************1864,SG,220
1b492abe-059b-41c6-58e3-b6c6f374eff8,2026-07-02T15:23:34.641,settlement,SETTLED,MT103,FAST,2085.63,USD,**************1864,SG,235
d960f625-ca35-ede3-1e7f-9df718920495,2026-07-10T02:12:52.430,gateway,OK,MT103,SWIFT,56.39,GBP,**************8398,IN,28
d960f625-ca35-ede3-1e7f-9df718920495,2026-07-10T02:12:52.604,auth,OK,MT103,SWIFT,56.39,GBP,**************8398,IN,25
d960f625-ca35-ede3-1e7f-9df718920495,2026-07-10T02:12:52.682,validation,OK,MT103,SWIFT,56.39,GBP,**************8398,IN,78
d960f625-ca35-ede3-1e7f-9df718920495,2026-07-10T02:12:52.775,aml,OK,MT103,SWIFT,56.39,GBP,**************8398,IN,113
d960f625-ca35-ede3-1e7f-9df718920495,2026-07-10T02:12:52.822,payment-hub,OK,MT103,SWIFT,56.39,GBP,**************8398,IN,148
d960f625-ca35-ede3-1e7f-9df718920495,2026-07-10T02:12:52.913,core-banking,OK,MT103,SWIFT,56.39,GBP,**************8398,IN,182
d960f625-ca35-ede3-1e7f-9df718920495,2026-07-10T02:12:53.099,settlement,SETTLED,MT103,SWIFT,56.39,GBP,**************8398,IN,392
3db0ca11-9e5b-389a-9909-3bf4a42cb0a0,2026-07-05T05:33:25.009,gateway,OK,MT103,FAST,373.46,SGD,**************0944,SG,31
3db0ca11-9e5b-389a-9909-3bf4a42cb0a0,2026-07-05T05:33:25.222,auth,OK,MT103,FAST,373.46,SGD,**************0944,SG,36
3db0ca11-9e5b-389a-9909-3bf4a42cb0a0,2026-07-05T05:33:25.303,validation,OK,MT103,FAST,373.46,SGD,**************0944,SG,119
3db0ca11-9e5b-389a-9909-3bf4a42cb0a0,2026-07-05T05:33:25.371,aml,OK,MT103,FAST,373.46,SGD,**************0944,SG,73
3db0ca11-9e5b-389a-9909-3bf4a42cb0a0,2026-07-05T05:33:25.424,payment-hub,OK,MT103,FAST,373.46,SGD,**************0944,SG,65
3db0ca11-9e5b-389a-9909-3bf4a42cb0a0,2026-07-05T05:33:25.516,core-banking,OK,MT103,FAST,373.46,SGD,**************0944,SG,122
3db0ca11-9e5b-389a-9909-3bf4a42cb0a0,2026-07-05T05:33:25.694,settlement,SETTLED,MT103,FAST,373.46,SGD,**************0944,SG,363
d8f7ca87-fc9e-8fc2-6ea4-cb92fc350ee7,2026-07-11T04:30:58.820,gateway,OK,0200,FAST,360.02,MYR,**************0962,MY,27
d8f7ca87-fc9e-8fc2-6ea4-cb92fc350ee7,2026-07-11T04:30:59.092,auth,OK,0200,FAST,360.02,MYR,**************0962,MY,46
d8f7ca87-fc9e-8fc2-6ea4-cb92fc350ee7,2026-07-11T04:30:59.175,validation,OK,0200,FAST,360.02,MYR,**************0962,MY,80
d8f7ca87-fc9e-8fc2-6ea4-cb92fc350ee7,2026-07-11T04:30:59.315,aml,TIMEOUT,0200,FAST,360.02,MYR,**************0962,MY,30000
d8f7ca87-fc9e-8fc2-6ea4-cb92fc350ee7,2026-07-11T04:30:59.459,payment-hub,FAILED,0200,FAST,360.02,MYR,**************0962,MY,55
c784de7e-444e-bc16-fe3b-02c6ac06f995,2026-07-13T15:39:28.782,gateway,OK,0200,SWIFT,1231.32,MYR,**************0092,MY,28
c784de7e-444e-bc16-fe3b-02c6ac06f995,2026-07-13T15:39:28.943,auth,OK,0200,SWIFT,1231.32,MYR,**************0092,MY,47
c784de7e-444e-bc16-fe3b-02c6ac06f995,2026-07-13T15:39:29.011,validation,OK,0200,SWIFT,1231.32,MYR,**************0092,MY,36
c784de7e-444e-bc16-fe3b-02c6ac06f995,2026-07-13T15:39:29.084,aml,OK,0200,SWIFT,1231.32,MYR,**************0092,MY,91
c784de7e-444e-bc16-fe3b-02c6ac06f995,2026-07-13T15:39:29.160,payment-hub,OK,0200,SWIFT,1231.32,MYR,**************0092,MY,115
c784de7e-444e-bc16-fe3b-02c6ac06f995,2026-07-13T15:39:29.229,core-banking,OK,0200,SWIFT,1231.32,MYR,**************0092,MY,198
c784de7e-444e-bc16-fe3b-02c6ac06f995,2026-07-13T15:39:29.442,settlement,SETTLED,0200,SWIFT,1231.32,MYR,**************0092,MY,388
55b68ec5-16c5-736e-19b2-424660ca6f93,2026-07-08T08:25:19.718,gateway,OK,pacs.008,FAST,1650.27,USD,**************9132,US,46
55b68ec5-16c5-736e-19b2-424660ca6f93,2026-07-08T08:25:19.788,auth,OK,pacs.008,FAST,1650.27,USD,**************9132,US,30
55b68ec5-16c5-736e-19b2-424660ca6f93,2026-07-08T08:25:19.850,validation,OK,pacs.008,FAST,1650.27,USD,**************9132,US,49
55b68ec5-16c5-736e-19b2-424660ca6f93,2026-07-08T08:25:19.924,aml,OK,pacs.008,FAST,1650.27,USD,**************9132,US,131
55b68ec5-16c5-736e-19b2-424660ca6f93,2026-07-08T08:25:20.074,payment-hub,OK,pacs.008,FAST,1650.27,USD,**************9132,US,46
55b68ec5-16c5-736e-19b2-424660ca6f93,2026-07-08T08:25:20.116,core-banking,OK,pacs.008,FAST,1650.27,USD,**************9132,US,172
55b68ec5-16c5-736e-19b2-424660ca6f93,2026-07-08T08:25:20.157,settlement,SETTLED,pacs.008,FAST,1650.27,USD,**************9132,US,167
dd166b2a-d4de-f428-ed84-347dce374526,2026-07-04T05:09:44.560,gateway,OK,0200,SWIFT,953.0,EUR,**************0069,SG,38
dd166b2a-d4de-f428-ed84-347dce374526,2026-07-04T05:09:44.794,auth,OK,0200,SWIFT,953.0,EUR,**************0069,SG,45
dd166b2a-d4de-f428-ed84-347dce374526,2026-07-04T05:09:44.848,validation,OK,0200,SWIFT,953.0,EUR,**************0069,SG,72
dd166b2a-d4de-f428-ed84-347dce374526,2026-07-04T05:09:44.916,aml,OK,0200,SWIFT,953.0,EUR,**************0069,SG,199
dd166b2a-d4de-f428-ed84-347dce374526,2026-07-04T05:09:45.103,payment-hub,OK,0200,SWIFT,953.0,EUR,**************0069,SG,85
dd166b2a-d4de-f428-ed84-347dce374526,2026-07-04T05:09:45.385,core-banking,OK,0200,SWIFT,953.0,EUR,**************0069,SG,123
dd166b2a-d4de-f428-ed84-347dce374526,2026-07-04T05:09:45.460,settlement,SETTLED,0200,SWIFT,953.0,EUR,**************0069,SG,254
902ea4b9-4523-6e5f-523a-884944d789ab,2026-07-06T12:18:20.158,gateway,OK,pacs.008,SWIFT,1544.64,USD,**************6135,SG,52
902ea4b9-4523-6e5f-523a-884944d789ab,2026-07-06T12:18:20.222,auth,OK,pacs.008,SWIFT,1544.64,USD,**************6135,SG,58
902ea4b9-4523-6e5f-523a-884944d789ab,2026-07-06T12:18:20.316,validation,OK,pacs.008,SWIFT,1544.64,USD,**************6135,SG,35
902ea4b9-4523-6e5f-523a-884944d789ab,2026-07-06T12:18:20.392,aml,OK,pacs.008,SWIFT,1544.64,USD,**************6135,SG,55
902ea4b9-4523-6e5f-523a-884944d789ab,2026-07-06T12:18:20.486,payment-hub,OK,pacs.008,SWIFT,1544.64,USD,**************6135,SG,123
902ea4b9-4523-6e5f-523a-884944d789ab,2026-07-06T12:18:20.735,core-banking,OK,pacs.008,SWIFT,1544.64,USD,**************6135,SG,107
902ea4b9-4523-6e5f-523a-884944d789ab,2026-07-06T12:18:20.809,settlement,SETTLED,pacs.008,SWIFT,1544.64,USD,**************6135,SG,381
40a1c5e6-a8d6-ce53-a795-81e225ef5c32,2026-07-13T17:11:05.468,gateway,OK,pacs.008,FAST,1664.82,SGD,**************1797,SG,33
40a1c5e6-a8d6-ce53-a795-81e225ef5c32,2026-07-13T17:11:05.542,auth,OK,pacs.008,FAST,1664.82,SGD,**************1797,SG,24
40a1c5e6-a8d6-ce53-a795-81e225ef5c32,2026-07-13T17:11:05.621,validation,OK,pacs.008,FAST,1664.82,SGD,**************1797,SG,102
40a1c5e6-a8d6-ce53-a795-81e225ef5c32,2026-07-13T17:11:05.705,aml,OK,pacs.008,FAST,1664.82,SGD,**************1797,SG,256
40a1c5e6-a8d6-ce53-a795-81e225ef5c32,2026-07-13T17:11:05.739,payment-hub,OK,pacs.008,FAST,1664.82,SGD,**************1797,SG,41
40a1c5e6-a8d6-ce53-a795-81e225ef5c32,2026-07-13T17:11:05.897,core-banking,OK,pacs.008,FAST,1664.82,SGD,**************1797,SG,133
40a1c5e6-a8d6-ce53-a795-81e225ef5c32,2026-07-13T17:11:05.974,settlement,SETTLED,pacs.008,FAST,1664.82,SGD,**************1797,SG,320
14a6cc0e-7331-3770-91a9-5cf3c3b3e582,2026-07-06T23:23:15.796,gateway,OK,pacs.008,SWIFT,681.6,EUR,**************7798,US,18
14a6cc0e-7331-3770-91a9-5cf3c3b3e582,2026-07-06T23:23:15.883,auth,OK,pacs.008,SWIFT,681.6,EUR,**************7798,US,46
14a6cc0e-7331-3770-91a9-5cf3c3b3e582,2026-07-06T23:23:15.955,validation,OK,pacs.008,SWIFT,681.6,EUR,**************7798,US,114
14a6cc0e-7331-3770-91a9-5cf3c3b3e582,2026-07-06T23:23:16.035,aml,OK,pacs.008,SWIFT,681.6,EUR,**************7798,US,57
14a6cc0e-7331-3770-91a9-5cf3c3b3e582,2026-07-06T23:23:16.090,payment-hub,OK,pacs.008,SWIFT,681.6,EUR,**************7798,US,79
14a6cc0e-7331-3770-91a9-5cf3c3b3e582,2026-07-06T23:23:16.189,core-banking,OK,pacs.008,SWIFT,681.6,EUR,**************7798,US,107
14a6cc0e-7331-3770-91a9-5cf3c3b3e582,2026-07-06T23:23:16.326,settlement,SETTLED,pacs.008,SWIFT,681.6,EUR,**************7798,US,151
d5756fe3-05d8-2980-42f4-a70aef9be093,2026-07-13T17:05:30.040,gateway,OK,0200,SWIFT,601.48,SGD,**************0210,SG,45
d5756fe3-05d8-2980-42f4-a70aef9be093,2026-07-13T17:05:30.191,auth,OK,0200,SWIFT,601.48,SGD,**************0210,SG,74
d5756fe3-05d8-2980-42f4-a70aef9be093,2026-07-13T17:05:30.268,validation,OK,0200,SWIFT,601.48,SGD,**************0210,SG,32
d5756fe3-05d8-2980-42f4-a70aef9be093,2026-07-13T17:05:30.348,aml,OK,0200,SWIFT,601.48,SGD,**************0210,SG,188
d5756fe3-05d8-2980-42f4-a70aef9be093,2026-07-13T17:05:30.583,payment-hub,OK,0200,SWIFT,601.48,SGD,**************0210,SG,97
d5756fe3-05d8-2980-42f4-a70aef9be093,2026-07-13T17:05:30.739,core-banking,OK,0200,SWIFT,601.48,SGD,**************0210,SG,149
d5756fe3-05d8-2980-42f4-a70aef9be093,2026-07-13T17:05:30.784,settlement,SETTLED,0200,SWIFT,601.48,SGD,**************0210,SG,97
3d8e07cf-7928-4c52-61e0-1d82bf768867,2026-07-04T14:58:19.678,gateway,OK,pacs.008,SWIFT,177.38,SGD,**************5544,SG,53
3d8e07cf-7928-4c52-61e0-1d82bf768867,2026-07-04T14:58:19.739,auth,OK,pacs.008,SWIFT,177.38,SGD,**************5544,SG,33
3d8e07cf-7928-4c52-61e0-1d82bf768867,2026-07-04T14:58:19.802,validation,OK,pacs.008,SWIFT,177.38,SGD,**************5544,SG,109
3d8e07cf-7928-4c52-61e0-1d82bf768867,2026-07-04T14:58:20.075,aml,OK,pacs.008,SWIFT,177.38,SGD,**************5544,SG,155
3d8e07cf-7928-4c52-61e0-1d82bf768867,2026-07-04T14:58:20.251,payment-hub,OK,pacs.008,SWIFT,177.38,SGD,**************5544,SG,141
3d8e07cf-7928-4c52-61e0-1d82bf768867,2026-07-04T14:58:20.345,core-banking,OK,pacs.008,SWIFT,177.38,SGD,**************5544,SG,225
3d8e07cf-7928-4c52-61e0-1d82bf768867,2026-07-04T14:58:20.400,settlement,SETTLED,pacs.008,SWIFT,177.38,SGD,**************5544,SG,294
391220b4-8056-1f6b-9629-a92a07866ffd,2026-07-02T23:04:49.147,gateway,OK,MT103,SWIFT,1230.45,SGD,**************7028,GB,25
391220b4-8056-1f6b-9629-a92a07866ffd,2026-07-02T23:04:49.184,auth,OK,MT103,SWIFT,1230.45,SGD,**************7028,GB,89
391220b4-8056-1f6b-9629-a92a07866ffd,2026-07-02T23:05:19.216,validation,OK,MT103,SWIFT,1230.45,SGD,**************7028,GB,99
391220b4-8056-1f6b-9629-a92a07866ffd,2026-07-02T23:05:19.340,aml,OK,MT103,SWIFT,1230.45,SGD,**************7028,GB,70
391220b4-8056-1f6b-9629-a92a07866ffd,2026-07-02T23:05:19.436,payment-hub,OK,MT103,SWIFT,1230.45,SGD,**************7028,GB,46
391220b4-8056-1f6b-9629-a92a07866ffd,2026-07-02T23:05:19.662,core-banking,OK,MT103,SWIFT,1230.45,SGD,**************7028,GB,247
391220b4-8056-1f6b-9629-a92a07866ffd,2026-07-02T23:05:19.726,settlement,SETTLED,MT103,SWIFT,1230.45,SGD,**************7028,GB,378
b3fe9c76-2c79-927d-9cf9-b9eaec990198,2026-07-05T14:22:37.216,gateway,OK,0200,FAST,416.28,SGD,**************3589,SG,31
b3fe9c76-2c79-927d-9cf9-b9eaec990198,2026-07-05T14:22:37.304,auth,OK,0200,FAST,416.28,SGD,**************3589,SG,37
b3fe9c76-2c79-927d-9cf9-b9eaec990198,2026-07-05T14:22:37.404,validation,OK,0200,FAST,416.28,SGD,**************3589,SG,72
b3fe9c76-2c79-927d-9cf9-b9eaec990198,2026-07-05T14:22:37.532,aml,OK,0200,FAST,416.28,SGD,**************3589,SG,190
b3fe9c76-2c79-927d-9cf9-b9eaec990198,2026-07-05T14:22:37.664,payment-hub,OK,0200,FAST,416.28,SGD,**************3589,SG,73
b3fe9c76-2c79-927d-9cf9-b9eaec990198,2026-07-05T14:22:37.932,core-banking,OK,0200,FAST,416.28,SGD,**************3589,SG,89
b3fe9c76-2c79-927d-9cf9-b9eaec990198,2026-07-05T14:22:38.016,settlement,SETTLED,0200,FAST,416.28,SGD,**************3589,SG,319
24a68af7-0e27-43f3-3845-49a31b316619,2026-07-12T06:56:52.549,gateway,OK,pacs.008,FAST,1173.01,SGD,**************2577,SG,29
24a68af7-0e27-43f3-3845-49a31b316619,2026-07-12T06:56:52.661,auth,OK,pacs.008,FAST,1173.01,SGD,**************2577,SG,82
24a68af7-0e27-43f3-3845-49a31b316619,2026-07-12T06:57:22.675,validation,OK,pacs.008,FAST,1173.01,SGD,**************2577,SG,91
24a68af7-0e27-43f3-3845-49a31b316619,2026-07-12T06:57:22.739,aml,OK,pacs.008,FAST,1173.01,SGD,**************2577,SG,184
24a68af7-0e27-43f3-3845-49a31b316619,2026-07-12T06:57:22.878,payment-hub,OK,pacs.008,FAST,1173.01,SGD,**************2577,SG,62
24a68af7-0e27-43f3-3845-49a31b316619,2026-07-12T06:57:23.125,core-banking,OK,pacs.008,FAST,1173.01,SGD,**************2577,SG,73
24a68af7-0e27-43f3-3845-49a31b316619,2026-07-12T06:57:23.245,settlement,SETTLED,pacs.008,FAST,1173.01,SGD,**************2577,SG,105
d7c02069-82b8-dcee-a1c7-d14398d11772,2026-07-05T01:51:44.354,gateway,OK,pacs.008,CARDS,1118.73,SGD,**************3211,IN,50
d7c02069-82b8-dcee-a1c7-d14398d11772,2026-07-05T01:52:14.379,auth,OK,pacs.008,CARDS,1118.73,SGD,**************3211,IN,63
d7c02069-82b8-dcee-a1c7-d14398d11772,2026-07-05T01:52:14.473,validation,OK,pacs.008,CARDS,1118.73,SGD,**************3211,IN,72
d7c02069-82b8-dcee-a1c7-d14398d11772,2026-07-05T01:52:14.638,aml,TIMEOUT,pacs.008,CARDS,1118.73,SGD,**************3211,IN,30000
d7c02069-82b8-dcee-a1c7-d14398d11772,2026-07-05T01:52:14.739,payment-hub,FAILED,pacs.008,CARDS,1118.73,SGD,**************3211,IN,148
bdc54ef9-28ce-ed11-3e18-fb15e610a5be,2026-07-13T18:11:36.382,gateway,OK,MT103,FAST,1849.62,USD,**************9797,SG,29
bdc54ef9-28ce-ed11-3e18-fb15e610a5be,2026-07-13T18:11:36.458,auth,OK,MT103,FAST,1849.62,USD,**************9797,SG,31
bdc54ef9-28ce-ed11-3e18-fb15e610a5be,2026-07-13T18:11:36.589,validation,OK,MT103,FAST,1849.62,USD,**************9797,SG,88
bdc54ef9-28ce-ed11-3e18-fb15e610a5be,2026-07-13T18:11:36.637,aml,OK,MT103,FAST,1849.62,USD,**************9797,SG,268
bdc54ef9-28ce-ed11-3e18-fb15e610a5be,2026-07-13T18:11:36.738,payment-hub,OK,MT103,FAST,1849.62,USD,**************9797,SG,104
bdc54ef9-28ce-ed11-3e18-fb15e610a5be,2026-07-13T18:11:36.828,core-banking,OK,MT103,FAST,1849.62,USD,**************9797,SG,178
bdc54ef9-28ce-ed11-3e18-fb15e610a5be,2026-07-13T18:11:37.073,settlement,SETTLED,MT103,FAST,1849.62,USD,**************9797,SG,129
c21d9d74-e661-61af-be35-288c060c006e,2026-07-12T18:59:14.895,gateway,OK,pacs.008,FAST,1035.59,GBP,**************9340,SG,23
c21d9d74-e661-61af-be35-288c060c006e,2026-07-12T18:59:14.998,auth,OK,pacs.008,FAST,1035.59,GBP,**************9340,SG,84
c21d9d74-e661-61af-be35-288c060c006e,2026-07-12T18:59:15.120,validation,OK,pacs.008,FAST,1035.59,GBP,**************9340,SG,109
c21d9d74-e661-61af-be35-288c060c006e,2026-07-12T18:59:15.212,aml,OK,pacs.008,FAST,1035.59,GBP,**************9340,SG,211
c21d9d74-e661-61af-be35-288c060c006e,2026-07-12T18:59:15.341,payment-hub,OK,pacs.008,FAST,1035.59,GBP,**************9340,SG,103
c21d9d74-e661-61af-be35-288c060c006e,2026-07-12T18:59:15.404,core-banking,OK,pacs.008,FAST,1035.59,GBP,**************9340,SG,245
c21d9d74-e661-61af-be35-288c060c006e,2026-07-12T18:59:15.462,settlement,SETTLED,pacs.008,FAST,1035.59,GBP,**************9340,SG,269
961eadbc-84af-3db1-2dc1-df376099b00c,2026-07-10T17:57:42.710,gateway,OK,pacs.008,FAST,355.2,SGD,**************8069,SG,51
961eadbc-84af-3db1-2dc1-df376099b00c,2026-07-10T17:57:42.763,auth,OK,pacs.008,FAST,355.2,SGD,**************8069,SG,84
961eadbc-84af-3db1-2dc1-df376099b00c,2026-07-10T17:57:42.809,validation,OK,pacs.008,FAST,355.2,SGD,**************8069,SG,102
961eadbc-84af-3db1-2dc1-df376099b00c,2026-07-10T17:57:42.876,aml,OK,pacs.008,FAST,355.2,SGD,**************8069,SG,88
961eadbc-84af-3db1-2dc1-df376099b00c,2026-07-10T17:57:42.945,payment-hub,OK,pacs.008,FAST,355.2,SGD,**************8069,SG,98
961eadbc-84af-3db1-2dc1-df376099b00c,2026-07-10T17:57:43.221,core-banking,OK,pacs.008,FAST,355.2,SGD,**************8069,SG,75
961eadbc-84af-3db1-2dc1-df376099b00c,2026-07-10T17:57:43.259,settlement,SETTLED,pacs.008,FAST,355.2,SGD,**************8069,SG,174
73e3b4e0-6a45-29ad-1788-0d47cccd1193,2026-07-08T17:10:10.037,gateway,OK,0200,FAST,91.96,EUR,**************3094,SG,21
73e3b4e0-6a45-29ad-1788-0d47cccd1193,2026-07-08T17:10:10.133,auth,OK,0200,FAST,91.96,EUR,**************3094,SG,23
73e3b4e0-6a45-29ad-1788-0d47cccd1193,2026-07-08T17:10:10.189,validation,OK,0200,FAST,91.96,EUR,**************3094,SG,64
73e3b4e0-6a45-29ad-1788-0d47cccd1193,2026-07-08T17:10:10.259,aml,OK,0200,FAST,91.96,EUR,**************3094,SG,271
73e3b4e0-6a45-29ad-1788-0d47cccd1193,2026-07-08T17:10:10.361,payment-hub,OK,0200,FAST,91.96,EUR,**************3094,SG,72
73e3b4e0-6a45-29ad-1788-0d47cccd1193,2026-07-08T17:10:10.409,core-banking,OK,0200,FAST,91.96,EUR,**************3094,SG,149
73e3b4e0-6a45-29ad-1788-0d47cccd1193,2026-07-08T17:10:10.488,settlement,SETTLED,0200,FAST,91.96,EUR,**************3094,SG,361
92f993fb-ad91-6f68-282f-ab2b090be361,2026-07-05T13:53:46.039,gateway,OK,pacs.008,FAST,146.64,SGD,**************6915,SG,40
92f993fb-ad91-6f68-282f-ab2b090be361,2026-07-05T13:53:46.112,auth,OK,pacs.008,FAST,146.64,SGD,**************6915,SG,83
92f993fb-ad91-6f68-282f-ab2b090be361,2026-07-05T13:53:46.168,validation,OK,pacs.008,FAST,146.64,SGD,**************6915,SG,119
92f993fb-ad91-6f68-282f-ab2b090be361,2026-07-05T13:53:46.221,aml,TIMEOUT,pacs.008,FAST,146.64,SGD,**************6915,SG,30000
92f993fb-ad91-6f68-282f-ab2b090be361,2026-07-05T13:53:46.424,payment-hub,FAILED,pacs.008,FAST,146.64,SGD,**************6915,SG,66
36469f81-42dd-2fc5-fc63-cd83d0d7f1a1,2026-07-13T12:55:31.257,gateway,OK,MT103,SWIFT,110.72,SGD,**************5659,MY,45
36469f81-42dd-2fc5-fc63-cd83d0d7f1a1,2026-07-13T12:55:31.493,auth,OK,MT103,SWIFT,110.72,SGD,**************5659,MY,49
36469f81-42dd-2fc5-fc63-cd83d0d7f1a1,2026-07-13T12:55:31.571,validation,OK,MT103,SWIFT,110.72,SGD,**************5659,MY,55
36469f81-42dd-2fc5-fc63-cd83d0d7f1a1,2026-07-13T12:55:31.799,aml,OK,MT103,SWIFT,110.72,SGD,**************5659,MY,225
36469f81-42dd-2fc5-fc63-cd83d0d7f1a1,2026-07-13T12:55:31.855,payment-hub,OK,MT103,SWIFT,110.72,SGD,**************5659,MY,147
36469f81-42dd-2fc5-fc63-cd83d0d7f1a1,2026-07-13T12:55:31.927,core-banking,OK,MT103,SWIFT,110.72,SGD,**************5659,MY,81
36469f81-42dd-2fc5-fc63-cd83d0d7f1a1,2026-07-13T12:55:32.163,settlement,SETTLED,MT103,SWIFT,110.72,SGD,**************5659,MY,160
a16047b0-5f3f-4e60-3cb4-ad797037330c,2026-07-05T23:13:37.052,gateway,OK,MT103,SWIFT,540.24,USD,**************9284,SG,43
a16047b0-5f3f-4e60-3cb4-ad797037330c,2026-07-05T23:14:07.087,auth,OK,MT103,SWIFT,540.24,USD,**************9284,SG,87
a16047b0-5f3f-4e60-3cb4-ad797037330c,2026-07-05T23:14:07.221,validation,OK,MT103,SWIFT,540.24,USD,**************9284,SG,118
a16047b0-5f3f-4e60-3cb4-ad797037330c,2026-07-05T23:14:07.490,aml,OK,MT103,SWIFT,540.24,USD,**************9284,SG,64
a16047b0-5f3f-4e60-3cb4-ad797037330c,2026-07-05T23:14:07.636,payment-hub,OK,MT103,SWIFT,540.24,USD,**************9284,SG,122
a16047b0-5f3f-4e60-3cb4-ad797037330c,2026-07-05T23:14:07.774,core-banking,OK,MT103,SWIFT,540.24,USD,**************9284,SG,86
a16047b0-5f3f-4e60-3cb4-ad797037330c,2026-07-05T23:14:07.840,settlement,SETTLED,MT103,SWIFT,540.24,USD,**************9284,SG,182
99d5e195-d80f-b9ee-169f-7617714bde7e,2026-07-01T10:20:22.409,gateway,OK,pacs.008,SWIFT,2537.94,USD,**************0335,MY,41
99d5e195-d80f-b9ee-169f-7617714bde7e,2026-07-01T10:20:22.594,auth,OK,pacs.008,SWIFT,2537.94,USD,**************0335,MY,31
99d5e195-d80f-b9ee-169f-7617714bde7e,2026-07-01T10:20:22.735,validation,OK,pacs.008,SWIFT,2537.94,USD,**************0335,MY,77
99d5e195-d80f-b9ee-169f-7617714bde7e,2026-07-01T10:20:23.012,aml,OK,pacs.008,SWIFT,2537.94,USD,**************0335,MY,288
99d5e195-d80f-b9ee-169f-7617714bde7e,2026-07-01T10:20:23.078,payment-hub,OK,pacs.008,SWIFT,2537.94,USD,**************0335,MY,93
99d5e195-d80f-b9ee-169f-7617714bde7e,2026-07-01T10:20:23.170,core-banking,OK,pacs.008,SWIFT,2537.94,USD,**************0335,MY,110
99d5e195-d80f-b9ee-169f-7617714bde7e,2026-07-01T10:20:23.339,settlement,SETTLED,pacs.008,SWIFT,2537.94,USD,**************0335,MY,111
4be68f9f-cb56-aca7-1c5f-87b66210a2aa,2026-07-09T10:50:23.304,gateway,OK,pacs.008,FAST,602.43,USD,**************2366,SG,20
4be68f9f-cb56-aca7-1c5f-87b66210a2aa,2026-07-09T10:50:23.411,auth,OK,pacs.008,FAST,602.43,USD,**************2366,SG,21
4be68f9f-cb56-aca7-1c5f-87b66210a2aa,2026-07-09T10:50:23.445,validation,OK,pacs.008,FAST,602.43,USD,**************2366,SG,92
4be68f9f-cb56-aca7-1c5f-87b66210a2aa,2026-07-09T10:50:23.520,aml,OK,pacs.008,FAST,602.43,USD,**************2366,SG,176
4be68f9f-cb56-aca7-1c5f-87b66210a2aa,2026-07-09T10:50:23.613,payment-hub,OK,pacs.008,FAST,602.43,USD,**************2366,SG,113
4be68f9f-cb56-aca7-1c5f-87b66210a2aa,2026-07-09T10:50:23.725,core-banking,OK,pacs.008,FAST,602.43,USD,**************2366,SG,52
4be68f9f-cb56-aca7-1c5f-87b66210a2aa,2026-07-09T10:50:23.804,settlement,SETTLED,pacs.008,FAST,602.43,USD,**************2366,SG,254
f131571a-dc51-4637-768b-116f53185d60,2026-07-07T23:27:41.792,gateway,OK,MT103,SWIFT,1200.04,USD,**************7641,SG,24
f131571a-dc51-4637-768b-116f53185d60,2026-07-07T23:27:41.874,auth,OK,MT103,SWIFT,1200.04,USD,**************7641,SG,89
f131571a-dc51-4637-768b-116f53185d60,2026-07-07T23:27:41.951,validation,OK,MT103,SWIFT,1200.04,USD,**************7641,SG,109
f131571a-dc51-4637-768b-116f53185d60,2026-07-07T23:27:42.024,aml,TIMEOUT,MT103,SWIFT,1200.04,USD,**************7641,SG,30000
f131571a-dc51-4637-768b-116f53185d60,2026-07-07T23:27:42.117,payment-hub,FAILED,MT103,SWIFT,1200.04,USD,**************7641,SG,56
82c5903d-751d-5cc6-20b2-caa757f0efa9,2026-07-12T08:37:25.719,gateway,OK,MT103,CARDS,315.52,EUR,**************6954,US,59
82c5903d-751d-5cc6-20b2-caa757f0efa9,2026-07-12T08:37:25.809,auth,OK,MT103,CARDS,315.52,EUR,**************6954,US,49
82c5903d-751d-5cc6-20b2-caa757f0efa9,2026-07-12T08:37:25.883,validation,OK,MT103,CARDS,315.52,EUR,**************6954,US,33
82c5903d-751d-5cc6-20b2-caa757f0efa9,2026-07-12T08:37:25.994,aml,OK,MT103,CARDS,315.52,EUR,**************6954,US,193
82c5903d-751d-5cc6-20b2-caa757f0efa9,2026-07-12T08:37:26.253,payment-hub,OK,MT103,CARDS,315.52,EUR,**************6954,US,47
82c5903d-751d-5cc6-20b2-caa757f0efa9,2026-07-12T08:37:26.344,core-banking,OK,MT103,CARDS,315.52,EUR,**************6954,US,206
82c5903d-751d-5cc6-20b2-caa757f0efa9,2026-07-12T08:37:26.418,settlement,SETTLED,MT103,CARDS,315.52,EUR,**************6954,US,293
2286e207-720c-5f4a-e5bb-6d8e42377609,2026-07-11T07:32:57.735,gateway,OK,MT103,SWIFT,748.14,USD,**************8793,SG,15
2286e207-720c-5f4a-e5bb-6d8e42377609,2026-07-11T07:32:57.913,auth,OK,MT103,SWIFT,748.14,USD,**************8793,SG,75
2286e207-720c-5f4a-e5bb-6d8e42377609,2026-07-11T07:32:58.059,validation,OK,MT103,SWIFT,748.14,USD,**************8793,SG,81
2286e207-720c-5f4a-e5bb-6d8e42377609,2026-07-11T07:32:58.104,aml,OK,MT103,SWIFT,748.14,USD,**************8793,SG,141
2286e207-720c-5f4a-e5bb-6d8e42377609,2026-07-11T07:32:58.169,payment-hub,OK,MT103,SWIFT,748.14,USD,**************8793,SG,110
2286e207-720c-5f4a-e5bb-6d8e42377609,2026-07-11T07:32:58.213,core-banking,OK,MT103,SWIFT,748.14,USD,**************8793,SG,90
2286e207-720c-5f4a-e5bb-6d8e42377609,2026-07-11T07:32:58.240,settlement,SETTLED,MT103,SWIFT,748.14,USD,**************8793,SG,184
a4bc4d3c-008f-0948-a088-52059424c059,2026-07-08T02:32:06.933,gateway,OK,pacs.008,FAST,1568.19,SGD,**************5091,SG,51
a4bc4d3c-008f-0948-a088-52059424c059,2026-07-08T02:32:06.982,auth,OK,pacs.008,FAST,1568.19,SGD,**************5091,SG,54
a4bc4d3c-008f-0948-a088-52059424c059,2026-07-08T02:32:07.066,validation,OK,pacs.008,FAST,1568.19,SGD,**************5091,SG,36
a4bc4d3c-008f-0948-a088-52059424c059,2026-07-08T02:32:07.203,aml,OK,pacs.008,FAST,1568.19,SGD,**************5091,SG,217
a4bc4d3c-008f-0948-a088-52059424c059,2026-07-08T02:32:07.444,payment-hub,OK,pacs.008,FAST,1568.19,SGD,**************5091,SG,128
a4bc4d3c-008f-0948-a088-52059424c059,2026-07-08T02:32:07.514,core-banking,OK,pacs.008,FAST,1568.19,SGD,**************5091,SG,159
a4bc4d3c-008f-0948-a088-52059424c059,2026-07-08T02:32:07.708,settlement,SETTLED,pacs.008,FAST,1568.19,SGD,**************5091,SG,225
7be840f6-e428-3e71-d95d-03d0558bfb28,2026-07-06T11:55:05.278,gateway,OK,MT103,SWIFT,168.2,EUR,**************5879,US,26
7be840f6-e428-3e71-d95d-03d0558bfb28,2026-07-06T11:55:05.443,auth,OK,MT103,SWIFT,168.2,EUR,**************5879,US,81
7be840f6-e428-3e71-d95d-03d0558bfb28,2026-07-06T11:55:05.545,validation,OK,MT103,SWIFT,168.2,EUR,**************5879,US,62
7be840f6-e428-3e71-d95d-03d0558bfb28,2026-07-06T11:55:05.664,aml,TIMEOUT,MT103,SWIFT,168.2,EUR,**************5879,US,30000
7be840f6-e428-3e71-d95d-03d0558bfb28,2026-07-06T11:55:05.744,payment-hub,FAILED,MT103,SWIFT,168.2,EUR,**************5879,US,60
cc4cb090-6456-eb36-619d-b26dc1dcfaa4,2026-07-10T14:46:19.039,gateway,OK,pacs.008,SWIFT,719.8,MYR,**************3959,SG,17
cc4cb090-6456-eb36-619d-b26dc1dcfaa4,2026-07-10T14:46:19.156,auth,OK,pacs.008,SWIFT,719.8,MYR,**************3959,SG,49
cc4cb090-6456-eb36-619d-b26dc1dcfaa4,2026-07-10T14:46:19.237,validation,OK,pacs.008,SWIFT,719.8,MYR,**************3959,SG,36
cc4cb090-6456-eb36-619d-b26dc1dcfaa4,2026-07-10T14:46:19.312,aml,OK,pacs.008,SWIFT,719.8,MYR,**************3959,SG,293
cc4cb090-6456-eb36-619d-b26dc1dcfaa4,2026-07-10T14:46:19.341,payment-hub,OK,pacs.008,SWIFT,719.8,MYR,**************3959,SG,132
cc4cb090-6456-eb36-619d-b26dc1dcfaa4,2026-07-10T14:46:19.392,core-banking,OK,pacs.008,SWIFT,719.8,MYR,**************3959,SG,177
cc4cb090-6456-eb36-619d-b26dc1dcfaa4,2026-07-10T14:46:19.495,settlement,SETTLED,pacs.008,SWIFT,719.8,MYR,**************3959,SG,75
a24d8a92-14f0-0c0f-b2dc-6eb7ce0d6fa6,2026-07-14T19:56:05.711,gateway,OK,pacs.008,SWIFT,1307.59,USD,**************9762,US,43
a24d8a92-14f0-0c0f-b2dc-6eb7ce0d6fa6,2026-07-14T19:56:05.979,auth,OK,pacs.008,SWIFT,1307.59,USD,**************9762,US,72
a24d8a92-14f0-0c0f-b2dc-6eb7ce0d6fa6,2026-07-14T19:56:06.223,validation,OK,pacs.008,SWIFT,1307.59,USD,**************9762,US,93
a24d8a92-14f0-0c0f-b2dc-6eb7ce0d6fa6,2026-07-14T19:56:06.481,aml,OK,pacs.008,SWIFT,1307.59,USD,**************9762,US,58
a24d8a92-14f0-0c0f-b2dc-6eb7ce0d6fa6,2026-07-14T19:56:06.551,payment-hub,OK,pacs.008,SWIFT,1307.59,USD,**************9762,US,101
a24d8a92-14f0-0c0f-b2dc-6eb7ce0d6fa6,2026-07-14T19:56:06.660,core-banking,OK,pacs.008,SWIFT,1307.59,USD,**************9762,US,205
a24d8a92-14f0-0c0f-b2dc-6eb7ce0d6fa6,2026-07-14T19:56:06.812,settlement,SETTLED,pacs.008,SWIFT,1307.59,USD,**************9762,US,383
e0fa4e2c-eff5-c77d-319f-a07105bc620e,2026-07-15T03:59:16.890,gateway,OK,pacs.008,FAST,303.35,USD,**************6246,SG,30
e0fa4e2c-eff5-c77d-319f-a07105bc620e,2026-07-15T03:59:16.937,auth,OK,pacs.008,FAST,303.35,USD,**************6246,SG,83
e0fa4e2c-eff5-c77d-319f-a07105bc620e,2026-07-15T03:59:17.021,validation,OK,pacs.008,FAST,303.35,USD,**************6246,SG,109
e0fa4e2c-eff5-c77d-319f-a07105bc620e,2026-07-15T03:59:17.100,aml,OK,pacs.008,FAST,303.35,USD,**************6246,SG,213
e0fa4e2c-eff5-c77d-319f-a07105bc620e,2026-07-15T03:59:17.200,payment-hub,OK,pacs.008,FAST,303.35,USD,**************6246,SG,95
e0fa4e2c-eff5-c77d-319f-a07105bc620e,2026-07-15T03:59:17.272,core-banking,OK,pacs.008,FAST,303.35,USD,**************6246,SG,174
e0fa4e2c-eff5-c77d-319f-a07105bc620e,2026-07-15T03:59:17.323,settlement,SETTLED,pacs.008,FAST,303.35,USD,**************6246,SG,144
a3a0fe56-b0ba-c717-a358-1a447299acb1,2026-07-02T05:29:55.014,gateway,OK,MT103,FAST,621.98,USD,**************0901,SG,15
a3a0fe56-b0ba-c717-a358-1a447299acb1,2026-07-02T05:29:55.138,auth,OK,MT103,FAST,621.98,USD,**************0901,SG,83
a3a0fe56-b0ba-c717-a358-1a447299acb1,2026-07-02T05:29:55.205,validation,OK,MT103,FAST,621.98,USD,**************0901,SG,51
a3a0fe56-b0ba-c717-a358-1a447299acb1,2026-07-02T05:29:55.335,aml,OK,MT103,FAST,621.98,USD,**************0901,SG,273
a3a0fe56-b0ba-c717-a358-1a447299acb1,2026-07-02T05:29:55.378,payment-hub,OK,MT103,FAST,621.98,USD,**************0901,SG,133
a3a0fe56-b0ba-c717-a358-1a447299acb1,2026-07-02T05:29:55.452,core-banking,OK,MT103,FAST,621.98,USD,**************0901,SG,197
a3a0fe56-b0ba-c717-a358-1a447299acb1,2026-07-02T05:29:55.527,settlement,SETTLED,MT103,FAST,621.98,USD,**************0901,SG,311
68cfa3e9-f21d-b41f-ad01-a826f5e4fa7f,2026-07-10T04:10:21.786,gateway,OK,MT103,FAST,567.52,USD,**************2270,SG,47
68cfa3e9-f21d-b41f-ad01-a826f5e4fa7f,2026-07-10T04:10:21.839,auth,OK,MT103,FAST,567.52,USD,**************2270,SG,52
68cfa3e9-f21d-b41f-ad01-a826f5e4fa7f,2026-07-10T04:10:21.902,validation,OK,MT103,FAST,567.52,USD,**************2270,SG,59
68cfa3e9-f21d-b41f-ad01-a826f5e4fa7f,2026-07-10T04:10:21.922,aml,TIMEOUT,MT103,FAST,567.52,USD,**************2270,SG,30000
68cfa3e9-f21d-b41f-ad01-a826f5e4fa7f,2026-07-10T04:10:22.223,payment-hub,FAILED,MT103,FAST,567.52,USD,**************2270,SG,120
02e64b5c-5d4b-3692-4fd4-b6c47b3ade48,2026-07-03T20:46:21.394,gateway,OK,pacs.008,SWIFT,1472.46,EUR,**************1814,SG,37
02e64b5c-5d4b-3692-4fd4-b6c47b3ade48,2026-07-03T20:46:21.466,auth,OK,pacs.008,SWIFT,1472.46,EUR,**************1814,SG,59
02e64b5c-5d4b-3692-4fd4-b6c47b3ade48,2026-07-03T20:46:21.527,validation,OK,pacs.008,SWIFT,1472.46,EUR,**************1814,SG,35
02e64b5c-5d4b-3692-4fd4-b6c47b3ade48,2026-07-03T20:46:21.613,aml,OK,pacs.008,SWIFT,1472.46,EUR,**************1814,SG,73
02e64b5c-5d4b-3692-4fd4-b6c47b3ade48,2026-07-03T20:46:21.669,payment-hub,OK,pacs.008,SWIFT,1472.46,EUR,**************1814,SG,100
02e64b5c-5d4b-3692-4fd4-b6c47b3ade48,2026-07-03T20:46:21.881,core-banking,OK,pacs.008,SWIFT,1472.46,EUR,**************1814,SG,75
02e64b5c-5d4b-3692-4fd4-b6c47b3ade48,2026-07-03T20:46:22.079,settlement,SETTLED,pacs.008,SWIFT,1472.46,EUR,**************1814,SG,388
f8b32e45-5df0-e13b-dd28-2a62a2635eaa,2026-07-09T21:52:56.492,gateway,OK,pacs.008,FAST,1225.92,EUR,**************4003,GB,49
f8b32e45-5df0-e13b-dd28-2a62a2635eaa,2026-07-09T21:52:56.550,auth,OK,pacs.008,FAST,1225.92,EUR,**************4003,GB,88
f8b32e45-5df0-e13b-dd28-2a62a2635eaa,2026-07-09T21:52:56.834,validation,OK,pacs.008,FAST,1225.92,EUR,**************4003,GB,91
f8b32e45-5df0-e13b-dd28-2a62a2635eaa,2026-07-09T21:52:56.898,aml,OK,pacs.008,FAST,1225.92,EUR,**************4003,GB,209
f8b32e45-5df0-e13b-dd28-2a62a2635eaa,2026-07-09T21:52:56.953,payment-hub,OK,pacs.008,FAST,1225.92,EUR,**************4003,GB,78
f8b32e45-5df0-e13b-dd28-2a62a2635eaa,2026-07-09T21:52:57.147,core-banking,OK,pacs.008,FAST,1225.92,EUR,**************4003,GB,130
f8b32e45-5df0-e13b-dd28-2a62a2635eaa,2026-07-09T21:52:57.265,settlement,SETTLED,pacs.008,FAST,1225.92,EUR,**************4003,GB,205
59426e69-23f4-50b6-3122-479f1ad9fdb5,2026-07-08T17:36:36.704,gateway,OK,pacs.008,FAST,310.49,SGD,**************0050,IN,20
59426e69-23f4-50b6-3122-479f1ad9fdb5,2026-07-08T17:36:36.820,auth,OK,pacs.008,FAST,310.49,SGD,**************0050,IN,84
59426e69-23f4-50b6-3122-479f1ad9fdb5,2026-07-08T17:36:36.876,validation,OK,pacs.008,FAST,310.49,SGD,**************0050,IN,108
59426e69-23f4-50b6-3122-479f1ad9fdb5,2026-07-08T17:36:36.970,aml,TIMEOUT,pacs.008,FAST,310.49,SGD,**************0050,IN,30000
59426e69-23f4-50b6-3122-479f1ad9fdb5,2026-07-08T17:36:37.106,payment-hub,FAILED,pacs.008,FAST,310.49,SGD,**************0050,IN,132
adb37f7e-9b54-e938-3cee-0b81cd60af2c,2026-07-12T14:20:05.959,gateway,OK,pacs.008,FAST,404.43,EUR,**************0339,SG,31
adb37f7e-9b54-e938-3cee-0b81cd60af2c,2026-07-12T14:20:06.036,auth,OK,pacs.008,FAST,404.43,EUR,**************0339,SG,53
adb37f7e-9b54-e938-3cee-0b81cd60af2c,2026-07-12T14:20:06.193,validation,OK,pacs.008,FAST,404.43,EUR,**************0339,SG,98
adb37f7e-9b54-e938-3cee-0b81cd60af2c,2026-07-12T14:20:06.262,aml,OK,pacs.008,FAST,404.43,EUR,**************0339,SG,80
adb37f7e-9b54-e938-3cee-0b81cd60af2c,2026-07-12T14:20:06.330,payment-hub,OK,pacs.008,FAST,404.43,EUR,**************0339,SG,80
adb37f7e-9b54-e938-3cee-0b81cd60af2c,2026-07-12T14:20:06.498,core-banking,OK,pacs.008,FAST,404.43,EUR,**************0339,SG,108
adb37f7e-9b54-e938-3cee-0b81cd60af2c,2026-07-12T14:20:06.549,settlement,SETTLED,pacs.008,FAST,404.43,EUR,**************0339,SG,272
086bd836-7393-2846-4fdb-3b7617a16cdb,2026-07-12T22:58:51.218,gateway,OK,pacs.008,SWIFT,218.33,USD,**************5095,SG,42
086bd836-7393-2846-4fdb-3b7617a16cdb,2026-07-12T22:58:51.276,auth,OK,pacs.008,SWIFT,218.33,USD,**************5095,SG,55
086bd836-7393-2846-4fdb-3b7617a16cdb,2026-07-12T22:58:51.356,validation,OK,pacs.008,SWIFT,218.33,USD,**************5095,SG,43
086bd836-7393-2846-4fdb-3b7617a16cdb,2026-07-12T22:58:51.640,aml,OK,pacs.008,SWIFT,218.33,USD,**************5095,SG,270
086bd836-7393-2846-4fdb-3b7617a16cdb,2026-07-12T22:58:51.720,payment-hub,OK,pacs.008,SWIFT,218.33,USD,**************5095,SG,99
086bd836-7393-2846-4fdb-3b7617a16cdb,2026-07-12T22:58:51.760,core-banking,OK,pacs.008,SWIFT,218.33,USD,**************5095,SG,201
086bd836-7393-2846-4fdb-3b7617a16cdb,2026-07-12T22:58:51.812,settlement,SETTLED,pacs.008,SWIFT,218.33,USD,**************5095,SG,397
37b68bb4-9e7d-be11-42ea-ba89cf4b7b65,2026-07-08T09:22:44.137,gateway,OK,MT103,SWIFT,2673.13,EUR,**************7488,MY,42
37b68bb4-9e7d-be11-42ea-ba89cf4b7b65,2026-07-08T09:22:44.334,auth,OK,MT103,SWIFT,2673.13,EUR,**************7488,MY,36
37b68bb4-9e7d-be11-42ea-ba89cf4b7b65,2026-07-08T09:22:44.397,validation,OK,MT103,SWIFT,2673.13,EUR,**************7488,MY,48
37b68bb4-9e7d-be11-42ea-ba89cf4b7b65,2026-07-08T09:22:44.523,aml,OK,MT103,SWIFT,2673.13,EUR,**************7488,MY,179
37b68bb4-9e7d-be11-42ea-ba89cf4b7b65,2026-07-08T09:22:44.616,payment-hub,OK,MT103,SWIFT,2673.13,EUR,**************7488,MY,126
37b68bb4-9e7d-be11-42ea-ba89cf4b7b65,2026-07-08T09:22:44.742,core-banking,OK,MT103,SWIFT,2673.13,EUR,**************7488,MY,205
37b68bb4-9e7d-be11-42ea-ba89cf4b7b65,2026-07-08T09:22:44.981,settlement,SETTLED,MT103,SWIFT,2673.13,EUR,**************7488,MY,90
72ce13e5-d6bf-093c-69ca-8ae3bfbf2f63,2026-07-12T13:04:11.946,gateway,OK,0200,FAST,1845.61,SGD,**************1357,SG,27
72ce13e5-d6bf-093c-69ca-8ae3bfbf2f63,2026-07-12T13:04:12.071,auth,OK,0200,FAST,1845.61,SGD,**************1357,SG,20
72ce13e5-d6bf-093c-69ca-8ae3bfbf2f63,2026-07-12T13:04:12.232,validation,OK,0200,FAST,1845.61,SGD,**************1357,SG,25
72ce13e5-d6bf-093c-69ca-8ae3bfbf2f63,2026-07-12T13:04:12.303,aml,OK,0200,FAST,1845.61,SGD,**************1357,SG,289
72ce13e5-d6bf-093c-69ca-8ae3bfbf2f63,2026-07-12T13:04:12.387,payment-hub,OK,0200,FAST,1845.61,SGD,**************1357,SG,67
72ce13e5-d6bf-093c-69ca-8ae3bfbf2f63,2026-07-12T13:04:12.670,core-banking,OK,0200,FAST,1845.61,SGD,**************1357,SG,137
72ce13e5-d6bf-093c-69ca-8ae3bfbf2f63,2026-07-12T13:04:12.856,settlement,SETTLED,0200,FAST,1845.61,SGD,**************1357,SG,201
fff45769-75d3-a2bc-7c4a-38632d4ccbfc,2026-07-04T04:49:24.277,gateway,OK,pacs.008,FAST,700.14,SGD,**************0166,SG,49
fff45769-75d3-a2bc-7c4a-38632d4ccbfc,2026-07-04T04:49:24.448,auth,OK,pacs.008,FAST,700.14,SGD,**************0166,SG,75
fff45769-75d3-a2bc-7c4a-38632d4ccbfc,2026-07-04T04:49:24.679,validation,OK,pacs.008,FAST,700.14,SGD,**************0166,SG,106
fff45769-75d3-a2bc-7c4a-38632d4ccbfc,2026-07-04T04:49:24.787,aml,OK,pacs.008,FAST,700.14,SGD,**************0166,SG,80
fff45769-75d3-a2bc-7c4a-38632d4ccbfc,2026-07-04T04:49:24.916,payment-hub,OK,pacs.008,FAST,700.14,SGD,**************0166,SG,73
fff45769-75d3-a2bc-7c4a-38632d4ccbfc,2026-07-04T04:49:25.175,core-banking,OK,pacs.008,FAST,700.14,SGD,**************0166,SG,215
fff45769-75d3-a2bc-7c4a-38632d4ccbfc,2026-07-04T04:49:25.261,settlement,SETTLED,pacs.008,FAST,700.14,SGD,**************0166,SG,65
8a6bdad5-3b41-aee6-2e75-fdcfa3ae8c6c,2026-07-11T19:55:25.681,gateway,OK,pacs.008,FAST,211.53,MYR,**************9568,MY,36
8a6bdad5-3b41-aee6-2e75-fdcfa3ae8c6c,2026-07-11T19:55:25.769,auth,OK,pacs.008,FAST,211.53,MYR,**************9568,MY,31
8a6bdad5-3b41-aee6-2e75-fdcfa3ae8c6c,2026-07-11T19:55:26.086,validation,OK,pacs.008,FAST,211.53,MYR,**************9568,MY,90
8a6bdad5-3b41-aee6-2e75-fdcfa3ae8c6c,2026-07-11T19:55:26.167,aml,OK,pacs.008,FAST,211.53,MYR,**************9568,MY,205
8a6bdad5-3b41-aee6-2e75-fdcfa3ae8c6c,2026-07-11T19:55:26.475,payment-hub,OK,pacs.008,FAST,211.53,MYR,**************9568,MY,125
8a6bdad5-3b41-aee6-2e75-fdcfa3ae8c6c,2026-07-11T19:55:26.615,core-banking,OK,pacs.008,FAST,211.53,MYR,**************9568,MY,82
8a6bdad5-3b41-aee6-2e75-fdcfa3ae8c6c,2026-07-11T19:55:26.732,settlement,SETTLED,pacs.008,FAST,211.53,MYR,**************9568,MY,373
ff308fe5-af27-034f-7ab7-b4af70581fec,2026-07-03T14:55:28.326,gateway,OK,pacs.008,FAST,742.36,MYR,**************4697,SG,39
ff308fe5-af27-034f-7ab7-b4af70581fec,2026-07-03T14:55:28.411,auth,OK,pacs.008,FAST,742.36,MYR,**************4697,SG,73
ff308fe5-af27-034f-7ab7-b4af70581fec,2026-07-03T14:55:28.482,validation,OK,pacs.008,FAST,742.36,MYR,**************4697,SG,77
ff308fe5-af27-034f-7ab7-b4af70581fec,2026-07-03T14:55:28.572,aml,OK,pacs.008,FAST,742.36,MYR,**************4697,SG,247
ff308fe5-af27-034f-7ab7-b4af70581fec,2026-07-03T14:55:28.705,payment-hub,OK,pacs.008,FAST,742.36,MYR,**************4697,SG,70
ff308fe5-af27-034f-7ab7-b4af70581fec,2026-07-03T14:55:28.749,core-banking,OK,pacs.008,FAST,742.36,MYR,**************4697,SG,177
ff308fe5-af27-034f-7ab7-b4af70581fec,2026-07-03T14:55:28.905,settlement,SETTLED,pacs.008,FAST,742.36,MYR,**************4697,SG,260
731620aa-7e8b-7def-39d8-d37696398120,2026-07-04T01:21:41.189,gateway,OK,pacs.008,FAST,958.94,USD,**************0983,SG,30
731620aa-7e8b-7def-39d8-d37696398120,2026-07-04T01:21:41.258,auth,OK,pacs.008,FAST,958.94,USD,**************0983,SG,71
731620aa-7e8b-7def-39d8-d37696398120,2026-07-04T01:21:41.414,validation,OK,pacs.008,FAST,958.94,USD,**************0983,SG,108
731620aa-7e8b-7def-39d8-d37696398120,2026-07-04T01:21:41.510,aml,OK,pacs.008,FAST,958.94,USD,**************0983,SG,128
731620aa-7e8b-7def-39d8-d37696398120,2026-07-04T01:21:41.658,payment-hub,OK,pacs.008,FAST,958.94,USD,**************0983,SG,128
731620aa-7e8b-7def-39d8-d37696398120,2026-07-04T01:21:41.760,core-banking,OK,pacs.008,FAST,958.94,USD,**************0983,SG,220
731620aa-7e8b-7def-39d8-d37696398120,2026-07-04T01:21:41.875,settlement,SETTLED,pacs.008,FAST,958.94,USD,**************0983,SG,350
ea12c887-b262-1ff6-76fa-9c834c27e370,2026-07-05T03:23:40.122,gateway,OK,MT103,FAST,6299.77,MYR,**************5834,SG,25
ea12c887-b262-1ff6-76fa-9c834c27e370,2026-07-05T03:23:40.441,auth,OK,MT103,FAST,6299.77,MYR,**************5834,SG,74
ea12c887-b262-1ff6-76fa-9c834c27e370,2026-07-05T03:23:40.707,validation,OK,MT103,FAST,6299.77,MYR,**************5834,SG,32
ea12c887-b262-1ff6-76fa-9c834c27e370,2026-07-05T03:23:40.771,aml,OK,MT103,FAST,6299.77,MYR,**************5834,SG,269
ea12c887-b262-1ff6-76fa-9c834c27e370,2026-07-05T03:23:40.824,payment-hub,OK,MT103,FAST,6299.77,MYR,**************5834,SG,143
ea12c887-b262-1ff6-76fa-9c834c27e370,2026-07-05T03:23:40.912,core-banking,OK,MT103,FAST,6299.77,MYR,**************5834,SG,222
ea12c887-b262-1ff6-76fa-9c834c27e370,2026-07-05T03:23:41.115,settlement,SETTLED,MT103,FAST,6299.77,MYR,**************5834,SG,238
fa162d04-e07a-76a4-cabd-870704a90955,2026-07-15T06:45:19.255,gateway,OK,pacs.008,FAST,5001.28,SGD,**************5913,US,37
fa162d04-e07a-76a4-cabd-870704a90955,2026-07-15T06:45:19.331,auth,OK,pacs.008,FAST,5001.28,SGD,**************5913,US,86
fa162d04-e07a-76a4-cabd-870704a90955,2026-07-15T06:45:19.454,validation,OK,pacs.008,FAST,5001.28,SGD,**************5913,US,37
fa162d04-e07a-76a4-cabd-870704a90955,2026-07-15T06:45:19.517,aml,OK,pacs.008,FAST,5001.28,SGD,**************5913,US,235
fa162d04-e07a-76a4-cabd-870704a90955,2026-07-15T06:45:19.603,payment-hub,OK,pacs.008,FAST,5001.28,SGD,**************5913,US,136
fa162d04-e07a-76a4-cabd-870704a90955,2026-07-15T06:45:19.686,core-banking,OK,pacs.008,FAST,5001.28,SGD,**************5913,US,167
fa162d04-e07a-76a4-cabd-870704a90955,2026-07-15T06:45:19.975,settlement,SETTLED,pacs.008,FAST,5001.28,SGD,**************5913,US,88
18c3906e-489c-90c5-56ed-9069ab549532,2026-07-08T09:50:50.545,gateway,OK,MT103,FAST,480.19,SGD,**************9346,SG,24
18c3906e-489c-90c5-56ed-9069ab549532,2026-07-08T09:50:50.702,auth,OK,MT103,FAST,480.19,SGD,**************9346,SG,33
18c3906e-489c-90c5-56ed-9069ab549532,2026-07-08T09:50:50.756,validation,OK,MT103,FAST,480.19,SGD,**************9346,SG,46
18c3906e-489c-90c5-56ed-9069ab549532,2026-07-08T09:50:50.842,aml,OK,MT103,FAST,480.19,SGD,**************9346,SG,136
18c3906e-489c-90c5-56ed-9069ab549532,2026-07-08T09:50:51.086,payment-hub,OK,MT103,FAST,480.19,SGD,**************9346,SG,77
18c3906e-489c-90c5-56ed-9069ab549532,2026-07-08T09:50:51.143,core-banking,OK,MT103,FAST,480.19,SGD,**************9346,SG,195
18c3906e-489c-90c5-56ed-9069ab549532,2026-07-08T09:50:51.284,settlement,SETTLED,MT103,FAST,480.19,SGD,**************9346,SG,290
50fb8c05-2a85-69f2-8d2f-687968f9a3be,2026-07-07T08:33:04.113,gateway,OK,pacs.008,FAST,579.65,EUR,**************5808,IN,39
50fb8c05-2a85-69f2-8d2f-687968f9a3be,2026-07-07T08:33:04.179,auth,OK,pacs.008,FAST,579.65,EUR,**************5808,IN,48
50fb8c05-2a85-69f2-8d2f-687968f9a3be,2026-07-07T08:33:04.487,validation,OK,pacs.008,FAST,579.65,EUR,**************5808,IN,53
50fb8c05-2a85-69f2-8d2f-687968f9a3be,2026-07-07T08:33:04.576,aml,OK,pacs.008,FAST,579.65,EUR,**************5808,IN,147
50fb8c05-2a85-69f2-8d2f-687968f9a3be,2026-07-07T08:33:04.712,payment-hub,OK,pacs.008,FAST,579.65,EUR,**************5808,IN,92
50fb8c05-2a85-69f2-8d2f-687968f9a3be,2026-07-07T08:33:04.832,core-banking,OK,pacs.008,FAST,579.65,EUR,**************5808,IN,166
50fb8c05-2a85-69f2-8d2f-687968f9a3be,2026-07-07T08:33:05.017,settlement,SETTLED,pacs.008,FAST,579.65,EUR,**************5808,IN,193
c937502c-b451-74b9-8c05-6266367eac79,2026-07-06T03:49:36.393,gateway,OK,MT103,FAST,445.45,USD,**************2807,SG,26
c937502c-b451-74b9-8c05-6266367eac79,2026-07-06T03:49:36.475,auth,OK,MT103,FAST,445.45,USD,**************2807,SG,76
c937502c-b451-74b9-8c05-6266367eac79,2026-07-06T03:49:36.719,validation,OK,MT103,FAST,445.45,USD,**************2807,SG,62
c937502c-b451-74b9-8c05-6266367eac79,2026-07-06T03:49:36.960,aml,OK,MT103,FAST,445.45,USD,**************2807,SG,281
c937502c-b451-74b9-8c05-6266367eac79,2026-07-06T03:49:37.125,payment-hub,OK,MT103,FAST,445.45,USD,**************2807,SG,73
c937502c-b451-74b9-8c05-6266367eac79,2026-07-06T03:49:37.215,core-banking,OK,MT103,FAST,445.45,USD,**************2807,SG,187
c937502c-b451-74b9-8c05-6266367eac79,2026-07-06T03:49:37.262,settlement,SETTLED,MT103,FAST,445.45,USD,**************2807,SG,334
ddf22cbd-4e50-a3ba-f727-c3c929fb1e75,2026-07-11T09:19:43.206,gateway,OK,pacs.008,FAST,141.86,EUR,**************1736,GB,49
ddf22cbd-4e50-a3ba-f727-c3c929fb1e75,2026-07-11T09:19:43.314,auth,OK,pacs.008,FAST,141.86,EUR,**************1736,GB,69
ddf22cbd-4e50-a3ba-f727-c3c929fb1e75,2026-07-11T09:19:43.452,validation,OK,pacs.008,FAST,141.86,EUR,**************1736,GB,42
ddf22cbd-4e50-a3ba-f727-c3c929fb1e75,2026-07-11T09:19:43.755,aml,OK,pacs.008,FAST,141.86,EUR,**************1736,GB,187
ddf22cbd-4e50-a3ba-f727-c3c929fb1e75,2026-07-11T09:19:43.853,payment-hub,OK,pacs.008,FAST,141.86,EUR,**************1736,GB,79
ddf22cbd-4e50-a3ba-f727-c3c929fb1e75,2026-07-11T09:19:43.906,core-banking,OK,pacs.008,FAST,141.86,EUR,**************1736,GB,167
ddf22cbd-4e50-a3ba-f727-c3c929fb1e75,2026-07-11T09:19:44.109,settlement,SETTLED,pacs.008,FAST,141.86,EUR,**************1736,GB,191
0566888d-00ac-e1a8-7911-b8dc2927b488,2026-07-07T14:34:30.312,gateway,OK,pacs.008,FAST,130.31,SGD,**************8961,SG,34
0566888d-00ac-e1a8-7911-b8dc2927b488,2026-07-07T14:34:30.392,auth,OK,pacs.008,FAST,130.31,SGD,**************8961,SG,21
0566888d-00ac-e1a8-7911-b8dc2927b488,2026-07-07T14:34:30.506,validation,OK,pacs.008,FAST,130.31,SGD,**************8961,SG,94
0566888d-00ac-e1a8-7911-b8dc2927b488,2026-07-07T14:34:30.615,aml,OK,pacs.008,FAST,130.31,SGD,**************8961,SG,153
0566888d-00ac-e1a8-7911-b8dc2927b488,2026-07-07T14:34:30.682,payment-hub,OK,pacs.008,FAST,130.31,SGD,**************8961,SG,89
0566888d-00ac-e1a8-7911-b8dc2927b488,2026-07-07T14:34:30.772,core-banking,OK,pacs.008,FAST,130.31,SGD,**************8961,SG,67
0566888d-00ac-e1a8-7911-b8dc2927b488,2026-07-07T14:34:31.023,settlement,SETTLED,pacs.008,FAST,130.31,SGD,**************8961,SG,307
01bbbcad-de62-0bfb-23ae-ac3b24f2877e,2026-07-10T16:03:49.154,gateway,OK,pacs.008,FAST,388.78,SGD,**************1984,US,19
01bbbcad-de62-0bfb-23ae-ac3b24f2877e,2026-07-10T16:03:49.228,auth,OK,pacs.008,FAST,388.78,SGD,**************1984,US,47
01bbbcad-de62-0bfb-23ae-ac3b24f2877e,2026-07-10T16:03:49.344,validation,OK,pacs.008,FAST,388.78,SGD,**************1984,US,75
01bbbcad-de62-0bfb-23ae-ac3b24f2877e,2026-07-10T16:03:49.457,aml,OK,pacs.008,FAST,388.78,SGD,**************1984,US,90
01bbbcad-de62-0bfb-23ae-ac3b24f2877e,2026-07-10T16:03:49.519,payment-hub,OK,pacs.008,FAST,388.78,SGD,**************1984,US,62
01bbbcad-de62-0bfb-23ae-ac3b24f2877e,2026-07-10T16:03:49.667,core-banking,OK,pacs.008,FAST,388.78,SGD,**************1984,US,177
01bbbcad-de62-0bfb-23ae-ac3b24f2877e,2026-07-10T16:03:49.720,settlement,SETTLED,pacs.008,FAST,388.78,SGD,**************1984,US,341
df6de00e-df03-8588-d042-3d035c24533a,2026-07-07T00:53:42.825,gateway,OK,pacs.008,FAST,1107.55,SGD,**************1629,GB,23
df6de00e-df03-8588-d042-3d035c24533a,2026-07-07T00:53:42.948,auth,OK,pacs.008,FAST,1107.55,SGD,**************1629,GB,46
df6de00e-df03-8588-d042-3d035c24533a,2026-07-07T00:53:43.172,validation,REJECTED,pacs.008,FAST,1107.55,SGD,**************1629,GB,69
f6d71d6c-e9cf-cfb8-79a4-09734011c06c,2026-07-14T22:37:36.329,gateway,OK,pacs.008,FAST,369.92,USD,**************1711,MY,47
f6d71d6c-e9cf-cfb8-79a4-09734011c06c,2026-07-14T22:37:36.362,auth,OK,pacs.008,FAST,369.92,USD,**************1711,MY,45
f6d71d6c-e9cf-cfb8-79a4-09734011c06c,2026-07-14T22:37:36.458,validation,OK,pacs.008,FAST,369.92,USD,**************1711,MY,115
f6d71d6c-e9cf-cfb8-79a4-09734011c06c,2026-07-14T22:37:36.664,aml,OK,pacs.008,FAST,369.92,USD,**************1711,MY,191
f6d71d6c-e9cf-cfb8-79a4-09734011c06c,2026-07-14T22:37:36.769,payment-hub,OK,pacs.008,FAST,369.92,USD,**************1711,MY,80
f6d71d6c-e9cf-cfb8-79a4-09734011c06c,2026-07-14T22:37:36.824,core-banking,OK,pacs.008,FAST,369.92,USD,**************1711,MY,71
f6d71d6c-e9cf-cfb8-79a4-09734011c06c,2026-07-14T22:37:36.861,settlement,SETTLED,pacs.008,FAST,369.92,USD,**************1711,MY,290
5cc08441-46d5-2138-361f-3c049ca9114c,2026-07-10T13:49:52.178,gateway,OK,MT103,CARDS,453.39,SGD,**************0646,US,20
5cc08441-46d5-2138-361f-3c049ca9114c,2026-07-10T13:49:52.288,auth,OK,MT103,CARDS,453.39,SGD,**************0646,US,24
5cc08441-46d5-2138-361f-3c049ca9114c,2026-07-10T13:49:52.412,validation,OK,MT103,CARDS,453.39,SGD,**************0646,US,100
5cc08441-46d5-2138-361f-3c049ca9114c,2026-07-10T13:49:52.577,aml,OK,MT103,CARDS,453.39,SGD,**************0646,US,150
5cc08441-46d5-2138-361f-3c049ca9114c,2026-07-10T13:49:52.670,payment-hub,OK,MT103,CARDS,453.39,SGD,**************0646,US,55
5cc08441-46d5-2138-361f-3c049ca9114c,2026-07-10T13:49:52.717,core-banking,OK,MT103,CARDS,453.39,SGD,**************0646,US,183
5cc08441-46d5-2138-361f-3c049ca9114c,2026-07-10T13:49:52.837,settlement,SETTLED,MT103,CARDS,453.39,SGD,**************0646,US,252
c80be714-b121-5f33-ea3e-66c61b60978d,2026-07-13T13:24:37.125,gateway,OK,pacs.008,FAST,408.38,MYR,**************1814,GB,33
c80be714-b121-5f33-ea3e-66c61b60978d,2026-07-13T13:24:37.171,auth,OK,pacs.008,FAST,408.38,MYR,**************1814,GB,80
c80be714-b121-5f33-ea3e-66c61b60978d,2026-07-13T13:24:37.257,validation,REJECTED,pacs.008,FAST,408.38,MYR,**************1814,GB,43
880732cb-5b80-e6ab-21e2-8c46d2fa6cfb,2026-07-08T00:33:45.029,gateway,OK,MT103,CARDS,177.68,USD,**************7205,SG,27
880732cb-5b80-e6ab-21e2-8c46d2fa6cfb,2026-07-08T00:33:45.151,auth,OK,MT103,CARDS,177.68,USD,**************7205,SG,47
880732cb-5b80-e6ab-21e2-8c46d2fa6cfb,2026-07-08T00:33:45.241,validation,REJECTED,MT103,CARDS,177.68,USD,**************7205,SG,107
ab0b2594-457b-dc79-3f38-80cee1421aec,2026-07-02T20:53:37.448,gateway,OK,pacs.008,FAST,2172.39,SGD,**************5841,SG,35
ab0b2594-457b-dc79-3f38-80cee1421aec,2026-07-02T20:53:37.572,auth,OK,pacs.008,FAST,2172.39,SGD,**************5841,SG,88
ab0b2594-457b-dc79-3f38-80cee1421aec,2026-07-02T20:53:37.765,validation,OK,pacs.008,FAST,2172.39,SGD,**************5841,SG,110
ab0b2594-457b-dc79-3f38-80cee1421aec,2026-07-02T20:53:37.828,aml,OK,pacs.008,FAST,2172.39,SGD,**************5841,SG,170
ab0b2594-457b-dc79-3f38-80cee1421aec,2026-07-02T20:53:37.967,payment-hub,OK,pacs.008,FAST,2172.39,SGD,**************5841,SG,119
ab0b2594-457b-dc79-3f38-80cee1421aec,2026-07-02T20:53:38.286,core-banking,OK,pacs.008,FAST,2172.39,SGD,**************5841,SG,196
ab0b2594-457b-dc79-3f38-80cee1421aec,2026-07-02T20:53:38.470,settlement,SETTLED,pacs.008,FAST,2172.39,SGD,**************5841,SG,144
4f08f42c-2690-3f0b-ff06-10a7dd2527b0,2026-07-05T01:34:41.663,gateway,OK,MT103,FAST,731.75,SGD,**************8231,IN,20
4f08f42c-2690-3f0b-ff06-10a7dd2527b0,2026-07-05T01:34:41.730,auth,OK,MT103,FAST,731.75,SGD,**************8231,IN,40
4f08f42c-2690-3f0b-ff06-10a7dd2527b0,2026-07-05T01:34:41.886,validation,OK,MT103,FAST,731.75,SGD,**************8231,IN,61
4f08f42c-2690-3f0b-ff06-10a7dd2527b0,2026-07-05T01:34:42.011,aml,OK,MT103,FAST,731.75,SGD,**************8231,IN,256
4f08f42c-2690-3f0b-ff06-10a7dd2527b0,2026-07-05T01:34:42.078,payment-hub,OK,MT103,FAST,731.75,SGD,**************8231,IN,53
4f08f42c-2690-3f0b-ff06-10a7dd2527b0,2026-07-05T01:34:42.145,core-banking,OK,MT103,FAST,731.75,SGD,**************8231,IN,181
4f08f42c-2690-3f0b-ff06-10a7dd2527b0,2026-07-05T01:34:42.282,settlement,SETTLED,MT103,FAST,731.75,SGD,**************8231,IN,225
ed814a22-47f4-fe91-08d9-e6eb7900d377,2026-07-07T05:48:46.343,gateway,OK,MT103,FAST,2122.87,SGD,**************4591,SG,24
ed814a22-47f4-fe91-08d9-e6eb7900d377,2026-07-07T05:48:46.445,auth,OK,MT103,FAST,2122.87,SGD,**************4591,SG,25
ed814a22-47f4-fe91-08d9-e6eb7900d377,2026-07-07T05:48:46.513,validation,OK,MT103,FAST,2122.87,SGD,**************4591,SG,89
ed814a22-47f4-fe91-08d9-e6eb7900d377,2026-07-07T05:48:46.701,aml,OK,MT103,FAST,2122.87,SGD,**************4591,SG,41
ed814a22-47f4-fe91-08d9-e6eb7900d377,2026-07-07T05:48:46.767,payment-hub,OK,MT103,FAST,2122.87,SGD,**************4591,SG,112
ed814a22-47f4-fe91-08d9-e6eb7900d377,2026-07-07T05:48:46.925,core-banking,OK,MT103,FAST,2122.87,SGD,**************4591,SG,243
ed814a22-47f4-fe91-08d9-e6eb7900d377,2026-07-07T05:48:47.128,settlement,SETTLED,MT103,FAST,2122.87,SGD,**************4591,SG,187
1d9f5301-a09e-7c49-55f0-54eb3259987d,2026-07-12T16:49:28.998,gateway,OK,pacs.008,FAST,2354.86,SGD,**************9892,IN,58
1d9f5301-a09e-7c49-55f0-54eb3259987d,2026-07-12T16:49:29.125,auth,OK,pacs.008,FAST,2354.86,SGD,**************9892,IN,83
1d9f5301-a09e-7c49-55f0-54eb3259987d,2026-07-12T16:49:29.263,validation,OK,pacs.008,FAST,2354.86,SGD,**************9892,IN,47
1d9f5301-a09e-7c49-55f0-54eb3259987d,2026-07-12T16:49:29.351,aml,OK,pacs.008,FAST,2354.86,SGD,**************9892,IN,283
1d9f5301-a09e-7c49-55f0-54eb3259987d,2026-07-12T16:49:29.461,payment-hub,OK,pacs.008,FAST,2354.86,SGD,**************9892,IN,107
1d9f5301-a09e-7c49-55f0-54eb3259987d,2026-07-12T16:49:29.546,core-banking,OK,pacs.008,FAST,2354.86,SGD,**************9892,IN,124
1d9f5301-a09e-7c49-55f0-54eb3259987d,2026-07-12T16:49:29.611,settlement,SETTLED,pacs.008,FAST,2354.86,SGD,**************9892,IN,314
24e09297-f2c1-a074-f380-8ddf0ea61d4a,2026-07-13T18:47:38.787,gateway,OK,MT103,FAST,79.11,USD,**************3997,SG,30
24e09297-f2c1-a074-f380-8ddf0ea61d4a,2026-07-13T18:47:38.905,auth,OK,MT103,FAST,79.11,USD,**************3997,SG,79
24e09297-f2c1-a074-f380-8ddf0ea61d4a,2026-07-13T18:47:38.981,validation,OK,MT103,FAST,79.11,USD,**************3997,SG,120
24e09297-f2c1-a074-f380-8ddf0ea61d4a,2026-07-13T18:47:39.056,aml,OK,MT103,FAST,79.11,USD,**************3997,SG,179
24e09297-f2c1-a074-f380-8ddf0ea61d4a,2026-07-13T18:47:39.123,payment-hub,OK,MT103,FAST,79.11,USD,**************3997,SG,76
24e09297-f2c1-a074-f380-8ddf0ea61d4a,2026-07-13T18:47:39.229,core-banking,OK,MT103,FAST,79.11,USD,**************3997,SG,152
24e09297-f2c1-a074-f380-8ddf0ea61d4a,2026-07-13T18:47:39.293,settlement,SETTLED,MT103,FAST,79.11,USD,**************3997,SG,376
18953604-aa8e-bc3c-2db3-070cf42f7314,2026-07-14T11:44:27.684,gateway,OK,MT103,SWIFT,814.64,EUR,**************1504,SG,38
18953604-aa8e-bc3c-2db3-070cf42f7314,2026-07-14T11:44:27.770,auth,OK,MT103,SWIFT,814.64,EUR,**************1504,SG,57
18953604-aa8e-bc3c-2db3-070cf42f7314,2026-07-14T11:44:27.859,validation,OK,MT103,SWIFT,814.64,EUR,**************1504,SG,81
18953604-aa8e-bc3c-2db3-070cf42f7314,2026-07-14T11:44:27.908,aml,OK,MT103,SWIFT,814.64,EUR,**************1504,SG,113
18953604-aa8e-bc3c-2db3-070cf42f7314,2026-07-14T11:44:28.026,payment-hub,OK,MT103,SWIFT,814.64,EUR,**************1504,SG,55
18953604-aa8e-bc3c-2db3-070cf42f7314,2026-07-14T11:44:28.206,core-banking,OK,MT103,SWIFT,814.64,EUR,**************1504,SG,220
18953604-aa8e-bc3c-2db3-070cf42f7314,2026-07-14T11:44:28.282,settlement,SETTLED,MT103,SWIFT,814.64,EUR,**************1504,SG,151
be65f7c0-1900-7d2d-c618-2035e8068ac0,2026-07-03T19:07:40.494,gateway,OK,pacs.008,SWIFT,213.98,SGD,**************0847,GB,45
be65f7c0-1900-7d2d-c618-2035e8068ac0,2026-07-03T19:07:40.551,auth,OK,pacs.008,SWIFT,213.98,SGD,**************0847,GB,68
be65f7c0-1900-7d2d-c618-2035e8068ac0,2026-07-03T19:07:40.619,validation,OK,pacs.008,SWIFT,213.98,SGD,**************0847,GB,117
be65f7c0-1900-7d2d-c618-2035e8068ac0,2026-07-03T19:07:40.929,aml,OK,pacs.008,SWIFT,213.98,SGD,**************0847,GB,265
be65f7c0-1900-7d2d-c618-2035e8068ac0,2026-07-03T19:07:40.995,payment-hub,OK,pacs.008,SWIFT,213.98,SGD,**************0847,GB,111
be65f7c0-1900-7d2d-c618-2035e8068ac0,2026-07-03T19:07:41.079,core-banking,OK,pacs.008,SWIFT,213.98,SGD,**************0847,GB,149
be65f7c0-1900-7d2d-c618-2035e8068ac0,2026-07-03T19:07:41.146,settlement,SETTLED,pacs.008,SWIFT,213.98,SGD,**************0847,GB,382
7e5148d5-3691-f7bf-8811-e1ad17d96bf4,2026-07-08T16:46:52.790,gateway,OK,0200,FAST,1846.4,USD,**************6081,SG,36
7e5148d5-3691-f7bf-8811-e1ad17d96bf4,2026-07-08T16:46:52.844,auth,OK,0200,FAST,1846.4,USD,**************6081,SG,51
7e5148d5-3691-f7bf-8811-e1ad17d96bf4,2026-07-08T16:46:52.934,validation,REJECTED,0200,FAST,1846.4,USD,**************6081,SG,31
6dd96de9-7aa8-15f1-b896-42f263d81b99,2026-07-01T08:51:08.830,gateway,OK,pacs.008,FAST,29.79,USD,**************4919,MY,29
6dd96de9-7aa8-15f1-b896-42f263d81b99,2026-07-01T08:51:08.938,auth,OK,pacs.008,FAST,29.79,USD,**************4919,MY,72
6dd96de9-7aa8-15f1-b896-42f263d81b99,2026-07-01T08:51:09.110,validation,OK,pacs.008,FAST,29.79,USD,**************4919,MY,72
6dd96de9-7aa8-15f1-b896-42f263d81b99,2026-07-01T08:51:09.149,aml,OK,pacs.008,FAST,29.79,USD,**************4919,MY,271
6dd96de9-7aa8-15f1-b896-42f263d81b99,2026-07-01T08:51:09.227,payment-hub,OK,pacs.008,FAST,29.79,USD,**************4919,MY,97
6dd96de9-7aa8-15f1-b896-42f263d81b99,2026-07-01T08:51:09.377,core-banking,OK,pacs.008,FAST,29.79,USD,**************4919,MY,72
6dd96de9-7aa8-15f1-b896-42f263d81b99,2026-07-01T08:51:09.479,settlement,SETTLED,pacs.008,FAST,29.79,USD,**************4919,MY,292
512d94a8-cf3f-e070-d332-3ff74e5d816f,2026-07-03T03:53:23.124,gateway,OK,pacs.008,FAST,641.07,SGD,**************8437,IN,28
512d94a8-cf3f-e070-d332-3ff74e5d816f,2026-07-03T03:53:23.251,auth,OK,pacs.008,FAST,641.07,SGD,**************8437,IN,66
512d94a8-cf3f-e070-d332-3ff74e5d816f,2026-07-03T03:53:23.332,validation,OK,pacs.008,FAST,641.07,SGD,**************8437,IN,41
512d94a8-cf3f-e070-d332-3ff74e5d816f,2026-07-03T03:53:23.414,aml,OK,pacs.008,FAST,641.07,SGD,**************8437,IN,89
512d94a8-cf3f-e070-d332-3ff74e5d816f,2026-07-03T03:53:23.500,payment-hub,OK,pacs.008,FAST,641.07,SGD,**************8437,IN,33
512d94a8-cf3f-e070-d332-3ff74e5d816f,2026-07-03T03:53:23.662,core-banking,OK,pacs.008,FAST,641.07,SGD,**************8437,IN,178
512d94a8-cf3f-e070-d332-3ff74e5d816f,2026-07-03T03:53:23.764,settlement,SETTLED,pacs.008,FAST,641.07,SGD,**************8437,IN,320
c80b3404-44b5-4427-70b3-91f2b109d3f6,2026-07-08T06:16:25.183,gateway,OK,pacs.008,SWIFT,154.74,GBP,**************5287,SG,44
c80b3404-44b5-4427-70b3-91f2b109d3f6,2026-07-08T06:16:25.332,auth,OK,pacs.008,SWIFT,154.74,GBP,**************5287,SG,75
c80b3404-44b5-4427-70b3-91f2b109d3f6,2026-07-08T06:16:25.442,validation,OK,pacs.008,SWIFT,154.74,GBP,**************5287,SG,44
c80b3404-44b5-4427-70b3-91f2b109d3f6,2026-07-08T06:16:25.582,aml,OK,pacs.008,SWIFT,154.74,GBP,**************5287,SG,88
c80b3404-44b5-4427-70b3-91f2b109d3f6,2026-07-08T06:16:25.835,payment-hub,OK,pacs.008,SWIFT,154.74,GBP,**************5287,SG,113
c80b3404-44b5-4427-70b3-91f2b109d3f6,2026-07-08T06:16:25.915,core-banking,OK,pacs.008,SWIFT,154.74,GBP,**************5287,SG,69
c80b3404-44b5-4427-70b3-91f2b109d3f6,2026-07-08T06:16:26.001,settlement,SETTLED,pacs.008,SWIFT,154.74,GBP,**************5287,SG,256
8cee7d4a-d7fd-3a83-a0ba-6fff86ab15e4,2026-07-04T02:01:39.659,gateway,OK,pacs.008,CARDS,247.12,USD,**************5557,SG,60
8cee7d4a-d7fd-3a83-a0ba-6fff86ab15e4,2026-07-04T02:01:39.738,auth,OK,pacs.008,CARDS,247.12,USD,**************5557,SG,49
8cee7d4a-d7fd-3a83-a0ba-6fff86ab15e4,2026-07-04T02:01:39.830,validation,REJECTED,pacs.008,CARDS,247.12,USD,**************5557,SG,96
734fb902-a5d9-770c-c602-504192b82957,2026-07-14T11:32:45.992,gateway,OK,0200,SWIFT,681.96,SGD,**************7954,SG,27
734fb902-a5d9-770c-c602-504192b82957,2026-07-14T11:32:46.111,auth,OK,0200,SWIFT,681.96,SGD,**************7954,SG,20
734fb902-a5d9-770c-c602-504192b82957,2026-07-14T11:32:46.274,validation,OK,0200,SWIFT,681.96,SGD,**************7954,SG,71
734fb902-a5d9-770c-c602-504192b82957,2026-07-14T11:32:46.328,aml,TIMEOUT,0200,SWIFT,681.96,SGD,**************7954,SG,30000
734fb902-a5d9-770c-c602-504192b82957,2026-07-14T11:32:46.426,payment-hub,FAILED,0200,SWIFT,681.96,SGD,**************7954,SG,141
2f08bb99-7319-fc71-bb3f-a0ea060cf61c,2026-07-01T12:58:15.122,gateway,OK,pacs.008,SWIFT,165.89,SGD,**************2980,SG,44
2f08bb99-7319-fc71-bb3f-a0ea060cf61c,2026-07-01T12:58:15.208,auth,OK,pacs.008,SWIFT,165.89,SGD,**************2980,SG,47
2f08bb99-7319-fc71-bb3f-a0ea060cf61c,2026-07-01T12:58:15.299,validation,OK,pacs.008,SWIFT,165.89,SGD,**************2980,SG,111
2f08bb99-7319-fc71-bb3f-a0ea060cf61c,2026-07-01T12:58:15.372,aml,OK,pacs.008,SWIFT,165.89,SGD,**************2980,SG,156
2f08bb99-7319-fc71-bb3f-a0ea060cf61c,2026-07-01T12:58:15.451,payment-hub,OK,pacs.008,SWIFT,165.89,SGD,**************2980,SG,66
2f08bb99-7319-fc71-bb3f-a0ea060cf61c,2026-07-01T12:58:15.696,core-banking,OK,pacs.008,SWIFT,165.89,SGD,**************2980,SG,173
2f08bb99-7319-fc71-bb3f-a0ea060cf61c,2026-07-01T12:58:15.790,settlement,SETTLED,pacs.008,SWIFT,165.89,SGD,**************2980,SG,75
cdda2d1b-0425-e85d-927f-43877247864f,2026-07-13T17:56:48.359,gateway,OK,pacs.008,SWIFT,377.81,USD,**************6353,MY,56
cdda2d1b-0425-e85d-927f-43877247864f,2026-07-13T17:56:48.579,auth,OK,pacs.008,SWIFT,377.81,USD,**************6353,MY,46
cdda2d1b-0425-e85d-927f-43877247864f,2026-07-13T17:56:48.743,validation,OK,pacs.008,SWIFT,377.81,USD,**************6353,MY,66
cdda2d1b-0425-e85d-927f-43877247864f,2026-07-13T17:56:48.791,aml,OK,pacs.008,SWIFT,377.81,USD,**************6353,MY,178
cdda2d1b-0425-e85d-927f-43877247864f,2026-07-13T17:56:48.888,payment-hub,OK,pacs.008,SWIFT,377.81,USD,**************6353,MY,43
cdda2d1b-0425-e85d-927f-43877247864f,2026-07-13T17:56:48.950,core-banking,OK,pacs.008,SWIFT,377.81,USD,**************6353,MY,71
cdda2d1b-0425-e85d-927f-43877247864f,2026-07-13T17:56:49.002,settlement,SETTLED,pacs.008,SWIFT,377.81,USD,**************6353,MY,227
dc955a16-d795-b925-2ec9-b35684370be7,2026-07-07T13:19:20.425,gateway,OK,pacs.008,SWIFT,1594.56,SGD,**************9819,SG,28
dc955a16-d795-b925-2ec9-b35684370be7,2026-07-07T13:19:20.546,auth,OK,pacs.008,SWIFT,1594.56,SGD,**************9819,SG,89
dc955a16-d795-b925-2ec9-b35684370be7,2026-07-07T13:19:20.720,validation,OK,pacs.008,SWIFT,1594.56,SGD,**************9819,SG,67
dc955a16-d795-b925-2ec9-b35684370be7,2026-07-07T13:19:20.979,aml,TIMEOUT,pacs.008,SWIFT,1594.56,SGD,**************9819,SG,30000
dc955a16-d795-b925-2ec9-b35684370be7,2026-07-07T13:19:21.093,payment-hub,FAILED,pacs.008,SWIFT,1594.56,SGD,**************9819,SG,83
be6cb58a-30f9-2b97-1094-e03345a0755b,2026-07-12T06:40:43.313,gateway,OK,pacs.008,FAST,102.6,USD,**************7034,US,23
be6cb58a-30f9-2b97-1094-e03345a0755b,2026-07-12T06:40:43.394,auth,OK,pacs.008,FAST,102.6,USD,**************7034,US,52
be6cb58a-30f9-2b97-1094-e03345a0755b,2026-07-12T06:40:43.574,validation,OK,pacs.008,FAST,102.6,USD,**************7034,US,35
be6cb58a-30f9-2b97-1094-e03345a0755b,2026-07-12T06:40:43.709,aml,OK,pacs.008,FAST,102.6,USD,**************7034,US,239
be6cb58a-30f9-2b97-1094-e03345a0755b,2026-07-12T06:40:43.814,payment-hub,OK,pacs.008,FAST,102.6,USD,**************7034,US,147
be6cb58a-30f9-2b97-1094-e03345a0755b,2026-07-12T06:40:44.017,core-banking,OK,pacs.008,FAST,102.6,USD,**************7034,US,55
be6cb58a-30f9-2b97-1094-e03345a0755b,2026-07-12T06:40:44.139,settlement,SETTLED,pacs.008,FAST,102.6,USD,**************7034,US,256
acfa1575-ae7a-8425-67a5-5b28745e775c,2026-07-05T08:54:24.469,gateway,OK,MT103,FAST,722.07,SGD,**************1982,SG,59
acfa1575-ae7a-8425-67a5-5b28745e775c,2026-07-05T08:54:24.570,auth,OK,MT103,FAST,722.07,SGD,**************1982,SG,86
acfa1575-ae7a-8425-67a5-5b28745e775c,2026-07-05T08:54:24.645,validation,OK,MT103,FAST,722.07,SGD,**************1982,SG,93
acfa1575-ae7a-8425-67a5-5b28745e775c,2026-07-05T08:54:24.728,aml,OK,MT103,FAST,722.07,SGD,**************1982,SG,149
acfa1575-ae7a-8425-67a5-5b28745e775c,2026-07-05T08:54:24.821,payment-hub,OK,MT103,FAST,722.07,SGD,**************1982,SG,131
acfa1575-ae7a-8425-67a5-5b28745e775c,2026-07-05T08:54:24.868,core-banking,OK,MT103,FAST,722.07,SGD,**************1982,SG,107
acfa1575-ae7a-8425-67a5-5b28745e775c,2026-07-05T08:54:24.937,settlement,SETTLED,MT103,FAST,722.07,SGD,**************1982,SG,213
812709bb-fa85-4bb0-9c49-de91bded3ab4,2026-07-11T23:11:55.427,gateway,OK,pacs.008,SWIFT,189.11,SGD,**************1177,SG,34
812709bb-fa85-4bb0-9c49-de91bded3ab4,2026-07-11T23:11:55.534,auth,OK,pacs.008,SWIFT,189.11,SGD,**************1177,SG,30
812709bb-fa85-4bb0-9c49-de91bded3ab4,2026-07-11T23:11:55.598,validation,OK,pacs.008,SWIFT,189.11,SGD,**************1177,SG,49
812709bb-fa85-4bb0-9c49-de91bded3ab4,2026-07-11T23:11:55.701,aml,OK,pacs.008,SWIFT,189.11,SGD,**************1177,SG,195
812709bb-fa85-4bb0-9c49-de91bded3ab4,2026-07-11T23:11:55.787,payment-hub,OK,pacs.008,SWIFT,189.11,SGD,**************1177,SG,90
812709bb-fa85-4bb0-9c49-de91bded3ab4,2026-07-11T23:11:55.952,core-banking,OK,pacs.008,SWIFT,189.11,SGD,**************1177,SG,199
812709bb-fa85-4bb0-9c49-de91bded3ab4,2026-07-11T23:11:56.056,settlement,SETTLED,pacs.008,SWIFT,189.11,SGD,**************1177,SG,99
6b71a2e3-1a0d-132e-1e6b-6e461814ed5c,2026-07-05T12:11:25.219,gateway,OK,pacs.008,FAST,157.18,USD,**************3395,US,49
6b71a2e3-1a0d-132e-1e6b-6e461814ed5c,2026-07-05T12:11:25.299,auth,OK,pacs.008,FAST,157.18,USD,**************3395,US,52
6b71a2e3-1a0d-132e-1e6b-6e461814ed5c,2026-07-05T12:11:25.355,validation,OK,pacs.008,FAST,157.18,USD,**************3395,US,113
6b71a2e3-1a0d-132e-1e6b-6e461814ed5c,2026-07-05T12:11:25.424,aml,OK,pacs.008,FAST,157.18,USD,**************3395,US,182
6b71a2e3-1a0d-132e-1e6b-6e461814ed5c,2026-07-05T12:11:25.479,payment-hub,OK,pacs.008,FAST,157.18,USD,**************3395,US,144
6b71a2e3-1a0d-132e-1e6b-6e461814ed5c,2026-07-05T12:11:25.587,core-banking,OK,pacs.008,FAST,157.18,USD,**************3395,US,165
6b71a2e3-1a0d-132e-1e6b-6e461814ed5c,2026-07-05T12:11:25.866,settlement,SETTLED,pacs.008,FAST,157.18,USD,**************3395,US,93
f12e6d2a-9b9d-c009-3963-2c7687a7e17d,2026-07-08T09:19:29.083,gateway,OK,MT103,FAST,334.81,USD,**************1308,SG,21
f12e6d2a-9b9d-c009-3963-2c7687a7e17d,2026-07-08T09:19:29.116,auth,OK,MT103,FAST,334.81,USD,**************1308,SG,52
f12e6d2a-9b9d-c009-3963-2c7687a7e17d,2026-07-08T09:19:29.327,validation,OK,MT103,FAST,334.81,USD,**************1308,SG,99
f12e6d2a-9b9d-c009-3963-2c7687a7e17d,2026-07-08T09:19:29.453,aml,OK,MT103,FAST,334.81,USD,**************1308,SG,300
f12e6d2a-9b9d-c009-3963-2c7687a7e17d,2026-07-08T09:19:29.521,payment-hub,OK,MT103,FAST,334.81,USD,**************1308,SG,114
f12e6d2a-9b9d-c009-3963-2c7687a7e17d,2026-07-08T09:19:29.748,core-banking,OK,MT103,FAST,334.81,USD,**************1308,SG,78
f12e6d2a-9b9d-c009-3963-2c7687a7e17d,2026-07-08T09:19:30.001,settlement,SETTLED,MT103,FAST,334.81,USD,**************1308,SG,311
809f3d3a-17af-39f9-68a3-fad2d7df2b53,2026-07-05T17:47:04.998,gateway,OK,MT103,FAST,891.41,MYR,**************0032,SG,18
809f3d3a-17af-39f9-68a3-fad2d7df2b53,2026-07-05T17:47:05.076,auth,OK,MT103,FAST,891.41,MYR,**************0032,SG,38
809f3d3a-17af-39f9-68a3-fad2d7df2b53,2026-07-05T17:47:05.128,validation,OK,MT103,FAST,891.41,MYR,**************0032,SG,46
809f3d3a-17af-39f9-68a3-fad2d7df2b53,2026-07-05T17:47:05.214,aml,OK,MT103,FAST,891.41,MYR,**************0032,SG,119
809f3d3a-17af-39f9-68a3-fad2d7df2b53,2026-07-05T17:47:05.333,payment-hub,OK,MT103,FAST,891.41,MYR,**************0032,SG,87
809f3d3a-17af-39f9-68a3-fad2d7df2b53,2026-07-05T17:47:05.389,core-banking,OK,MT103,FAST,891.41,MYR,**************0032,SG,174
809f3d3a-17af-39f9-68a3-fad2d7df2b53,2026-07-05T17:47:05.456,settlement,SETTLED,MT103,FAST,891.41,MYR,**************0032,SG,108
d5d7dbce-9dba-17cd-e6c2-47d24e872ab1,2026-07-09T00:47:17.976,gateway,OK,pacs.008,FAST,40.51,EUR,**************8706,US,58
d5d7dbce-9dba-17cd-e6c2-47d24e872ab1,2026-07-09T00:47:18.099,auth,OK,pacs.008,FAST,40.51,EUR,**************8706,US,69
d5d7dbce-9dba-17cd-e6c2-47d24e872ab1,2026-07-09T00:47:18.347,validation,OK,pacs.008,FAST,40.51,EUR,**************8706,US,94
d5d7dbce-9dba-17cd-e6c2-47d24e872ab1,2026-07-09T00:47:18.666,aml,OK,pacs.008,FAST,40.51,EUR,**************8706,US,173
d5d7dbce-9dba-17cd-e6c2-47d24e872ab1,2026-07-09T00:47:18.801,payment-hub,OK,pacs.008,FAST,40.51,EUR,**************8706,US,87
d5d7dbce-9dba-17cd-e6c2-47d24e872ab1,2026-07-09T00:47:18.979,core-banking,OK,pacs.008,FAST,40.51,EUR,**************8706,US,117
d5d7dbce-9dba-17cd-e6c2-47d24e872ab1,2026-07-09T00:47:19.072,settlement,SETTLED,pacs.008,FAST,40.51,EUR,**************8706,US,187
85690e44-9cd1-5ba6-5b22-61c498070f66,2026-07-12T19:48:31.783,gateway,OK,MT103,FAST,6746.45,MYR,**************9497,IN,16
85690e44-9cd1-5ba6-5b22-61c498070f66,2026-07-12T19:48:31.842,auth,OK,MT103,FAST,6746.45,MYR,**************9497,IN,63
85690e44-9cd1-5ba6-5b22-61c498070f66,2026-07-12T19:48:31.913,validation,OK,MT103,FAST,6746.45,MYR,**************9497,IN,76
85690e44-9cd1-5ba6-5b22-61c498070f66,2026-07-12T19:48:32.060,aml,OK,MT103,FAST,6746.45,MYR,**************9497,IN,84
85690e44-9cd1-5ba6-5b22-61c498070f66,2026-07-12T19:48:32.238,payment-hub,OK,MT103,FAST,6746.45,MYR,**************9497,IN,72
85690e44-9cd1-5ba6-5b22-61c498070f66,2026-07-12T19:48:32.367,core-banking,OK,MT103,FAST,6746.45,MYR,**************9497,IN,200
85690e44-9cd1-5ba6-5b22-61c498070f66,2026-07-12T19:48:32.456,settlement,SETTLED,MT103,FAST,6746.45,MYR,**************9497,IN,399
09d862a6-95c7-16cf-8bdb-017bd81cd73f,2026-07-05T14:16:57.997,gateway,OK,pacs.008,FAST,108.83,MYR,**************3210,IN,46
09d862a6-95c7-16cf-8bdb-017bd81cd73f,2026-07-05T14:16:58.134,auth,OK,pacs.008,FAST,108.83,MYR,**************3210,IN,68
09d862a6-95c7-16cf-8bdb-017bd81cd73f,2026-07-05T14:16:58.210,validation,OK,pacs.008,FAST,108.83,MYR,**************3210,IN,42
09d862a6-95c7-16cf-8bdb-017bd81cd73f,2026-07-05T14:16:58.283,aml,OK,pacs.008,FAST,108.83,MYR,**************3210,IN,190
09d862a6-95c7-16cf-8bdb-017bd81cd73f,2026-07-05T14:16:58.415,payment-hub,OK,pacs.008,FAST,108.83,MYR,**************3210,IN,91
09d862a6-95c7-16cf-8bdb-017bd81cd73f,2026-07-05T14:16:58.495,core-banking,OK,pacs.008,FAST,108.83,MYR,**************3210,IN,136
09d862a6-95c7-16cf-8bdb-017bd81cd73f,2026-07-05T14:16:58.716,settlement,SETTLED,pacs.008,FAST,108.83,MYR,**************3210,IN,231
e992a199-4bf1-ba86-5757-c5db4be749ff,2026-07-13T12:16:32.747,gateway,OK,pacs.008,CARDS,2626.54,SGD,**************6395,SG,41
e992a199-4bf1-ba86-5757-c5db4be749ff,2026-07-13T12:16:32.808,auth,OK,pacs.008,CARDS,2626.54,SGD,**************6395,SG,83
e992a199-4bf1-ba86-5757-c5db4be749ff,2026-07-13T12:16:32.931,validation,OK,pacs.008,CARDS,2626.54,SGD,**************6395,SG,38
e992a199-4bf1-ba86-5757-c5db4be749ff,2026-07-13T12:16:33.203,aml,OK,pacs.008,CARDS,2626.54,SGD,**************6395,SG,225
e992a199-4bf1-ba86-5757-c5db4be749ff,2026-07-13T12:16:33.421,payment-hub,OK,pacs.008,CARDS,2626.54,SGD,**************6395,SG,102
e992a199-4bf1-ba86-5757-c5db4be749ff,2026-07-13T12:16:33.627,core-banking,OK,pacs.008,CARDS,2626.54,SGD,**************6395,SG,196
e992a199-4bf1-ba86-5757-c5db4be749ff,2026-07-13T12:16:33.665,settlement,SETTLED,pacs.008,CARDS,2626.54,SGD,**************6395,SG,88
30d50a9c-edbb-aeee-7ae7-e7de90b59ea6,2026-07-04T00:10:05.974,gateway,OK,pacs.008,FAST,215.17,SGD,**************3254,US,34
30d50a9c-edbb-aeee-7ae7-e7de90b59ea6,2026-07-04T00:10:06.054,auth,OK,pacs.008,FAST,215.17,SGD,**************3254,US,56
30d50a9c-edbb-aeee-7ae7-e7de90b59ea6,2026-07-04T00:10:06.123,validation,OK,pacs.008,FAST,215.17,SGD,**************3254,US,66
30d50a9c-edbb-aeee-7ae7-e7de90b59ea6,2026-07-04T00:10:06.211,aml,OK,pacs.008,FAST,215.17,SGD,**************3254,US,91
30d50a9c-edbb-aeee-7ae7-e7de90b59ea6,2026-07-04T00:10:06.350,payment-hub,OK,pacs.008,FAST,215.17,SGD,**************3254,US,60
30d50a9c-edbb-aeee-7ae7-e7de90b59ea6,2026-07-04T00:10:06.399,core-banking,OK,pacs.008,FAST,215.17,SGD,**************3254,US,178
30d50a9c-edbb-aeee-7ae7-e7de90b59ea6,2026-07-04T00:10:06.474,settlement,SETTLED,pacs.008,FAST,215.17,SGD,**************3254,US,296
94f9b212-b84a-ba5f-be14-36b2cea566af,2026-07-03T01:31:38.650,gateway,OK,0200,SWIFT,446.18,MYR,**************7946,SG,16
94f9b212-b84a-ba5f-be14-36b2cea566af,2026-07-03T01:31:38.685,auth,OK,0200,SWIFT,446.18,MYR,**************7946,SG,20
94f9b212-b84a-ba5f-be14-36b2cea566af,2026-07-03T01:32:08.692,validation,OK,0200,SWIFT,446.18,MYR,**************7946,SG,67
94f9b212-b84a-ba5f-be14-36b2cea566af,2026-07-03T01:32:08.779,aml,OK,0200,SWIFT,446.18,MYR,**************7946,SG,76
94f9b212-b84a-ba5f-be14-36b2cea566af,2026-07-03T01:32:08.823,payment-hub,OK,0200,SWIFT,446.18,MYR,**************7946,SG,101
94f9b212-b84a-ba5f-be14-36b2cea566af,2026-07-03T01:32:08.873,core-banking,OK,0200,SWIFT,446.18,MYR,**************7946,SG,205
94f9b212-b84a-ba5f-be14-36b2cea566af,2026-07-03T01:32:09.134,settlement,SETTLED,0200,SWIFT,446.18,MYR,**************7946,SG,377
f74da553-47b2-543a-b026-be1fb618c8fb,2026-07-06T00:21:30.615,gateway,OK,pacs.008,FAST,288.75,SGD,**************4498,IN,50
f74da553-47b2-543a-b026-be1fb618c8fb,2026-07-06T00:21:30.715,auth,OK,pacs.008,FAST,288.75,SGD,**************4498,IN,35
f74da553-47b2-543a-b026-be1fb618c8fb,2026-07-06T00:21:30.988,validation,OK,pacs.008,FAST,288.75,SGD,**************4498,IN,118
f74da553-47b2-543a-b026-be1fb618c8fb,2026-07-06T00:21:31.065,aml,OK,pacs.008,FAST,288.75,SGD,**************4498,IN,263
f74da553-47b2-543a-b026-be1fb618c8fb,2026-07-06T00:21:31.134,payment-hub,OK,pacs.008,FAST,288.75,SGD,**************4498,IN,84
f74da553-47b2-543a-b026-be1fb618c8fb,2026-07-06T00:21:31.192,core-banking,OK,pacs.008,FAST,288.75,SGD,**************4498,IN,106
f74da553-47b2-543a-b026-be1fb618c8fb,2026-07-06T00:21:31.344,settlement,SETTLED,pacs.008,FAST,288.75,SGD,**************4498,IN,110
9c045ad3-04fa-6543-85ee-3f906b9f0611,2026-07-02T21:31:19.948,gateway,OK,MT103,SWIFT,2354.83,SGD,**************7105,SG,46
9c045ad3-04fa-6543-85ee-3f906b9f0611,2026-07-02T21:31:20.031,auth,OK,MT103,SWIFT,2354.83,SGD,**************7105,SG,78
9c045ad3-04fa-6543-85ee-3f906b9f0611,2026-07-02T21:31:20.102,validation,OK,MT103,SWIFT,2354.83,SGD,**************7105,SG,51
9c045ad3-04fa-6543-85ee-3f906b9f0611,2026-07-02T21:31:20.155,aml,OK,MT103,SWIFT,2354.83,SGD,**************7105,SG,264
9c045ad3-04fa-6543-85ee-3f906b9f0611,2026-07-02T21:31:20.331,payment-hub,OK,MT103,SWIFT,2354.83,SGD,**************7105,SG,103
9c045ad3-04fa-6543-85ee-3f906b9f0611,2026-07-02T21:31:20.402,core-banking,OK,MT103,SWIFT,2354.83,SGD,**************7105,SG,75
9c045ad3-04fa-6543-85ee-3f906b9f0611,2026-07-02T21:31:20.500,settlement,SETTLED,MT103,SWIFT,2354.83,SGD,**************7105,SG,105
022b074b-5902-4c29-863b-0394ab647ae9,2026-07-10T09:43:25.713,gateway,OK,MT103,FAST,1234.99,SGD,**************4326,MY,45
022b074b-5902-4c29-863b-0394ab647ae9,2026-07-10T09:43:26.022,auth,OK,MT103,FAST,1234.99,SGD,**************4326,MY,44
022b074b-5902-4c29-863b-0394ab647ae9,2026-07-10T09:43:26.167,validation,OK,MT103,FAST,1234.99,SGD,**************4326,MY,81
022b074b-5902-4c29-863b-0394ab647ae9,2026-07-10T09:43:26.432,aml,OK,MT103,FAST,1234.99,SGD,**************4326,MY,233
022b074b-5902-4c29-863b-0394ab647ae9,2026-07-10T09:43:26.551,payment-hub,OK,MT103,FAST,1234.99,SGD,**************4326,MY,137
022b074b-5902-4c29-863b-0394ab647ae9,2026-07-10T09:43:26.618,core-banking,OK,MT103,FAST,1234.99,SGD,**************4326,MY,110
022b074b-5902-4c29-863b-0394ab647ae9,2026-07-10T09:43:26.696,settlement,SETTLED,MT103,FAST,1234.99,SGD,**************4326,MY,177
cdde85f6-f46c-650d-3523-10c60bb68f52,2026-07-09T11:13:36.139,gateway,OK,pacs.008,FAST,6071.06,USD,**************7377,US,49
cdde85f6-f46c-650d-3523-10c60bb68f52,2026-07-09T11:13:36.186,auth,OK,pacs.008,FAST,6071.06,USD,**************7377,US,90
cdde85f6-f46c-650d-3523-10c60bb68f52,2026-07-09T11:13:36.266,validation,OK,pacs.008,FAST,6071.06,USD,**************7377,US,55
cdde85f6-f46c-650d-3523-10c60bb68f52,2026-07-09T11:13:36.359,aml,OK,pacs.008,FAST,6071.06,USD,**************7377,US,89
cdde85f6-f46c-650d-3523-10c60bb68f52,2026-07-09T11:13:36.453,payment-hub,OK,pacs.008,FAST,6071.06,USD,**************7377,US,148
cdde85f6-f46c-650d-3523-10c60bb68f52,2026-07-09T11:13:36.540,core-banking,OK,pacs.008,FAST,6071.06,USD,**************7377,US,177
cdde85f6-f46c-650d-3523-10c60bb68f52,2026-07-09T11:13:36.654,settlement,SETTLED,pacs.008,FAST,6071.06,USD,**************7377,US,374
9b28fb59-0b1d-b5f4-49ab-8dd889479bec,2026-07-02T17:39:18.939,gateway,OK,MT103,SWIFT,871.57,SGD,**************1951,SG,29
9b28fb59-0b1d-b5f4-49ab-8dd889479bec,2026-07-02T17:39:19.081,auth,OK,MT103,SWIFT,871.57,SGD,**************1951,SG,71
9b28fb59-0b1d-b5f4-49ab-8dd889479bec,2026-07-02T17:39:19.232,validation,OK,MT103,SWIFT,871.57,SGD,**************1951,SG,30
9b28fb59-0b1d-b5f4-49ab-8dd889479bec,2026-07-02T17:39:19.495,aml,OK,MT103,SWIFT,871.57,SGD,**************1951,SG,167
9b28fb59-0b1d-b5f4-49ab-8dd889479bec,2026-07-02T17:39:19.681,payment-hub,OK,MT103,SWIFT,871.57,SGD,**************1951,SG,116
9b28fb59-0b1d-b5f4-49ab-8dd889479bec,2026-07-02T17:39:19.789,core-banking,OK,MT103,SWIFT,871.57,SGD,**************1951,SG,206
9b28fb59-0b1d-b5f4-49ab-8dd889479bec,2026-07-02T17:39:19.912,settlement,SETTLED,MT103,SWIFT,871.57,SGD,**************1951,SG,160
b01bee0c-84d7-b572-cfd7-7fceb692f2ab,2026-07-04T02:14:07.519,gateway,OK,pacs.008,CARDS,825.65,SGD,**************2002,SG,24
b01bee0c-84d7-b572-cfd7-7fceb692f2ab,2026-07-04T02:14:07.579,auth,OK,pacs.008,CARDS,825.65,SGD,**************2002,SG,53
b01bee0c-84d7-b572-cfd7-7fceb692f2ab,2026-07-04T02:14:07.675,validation,OK,pacs.008,CARDS,825.65,SGD,**************2002,SG,105
b01bee0c-84d7-b572-cfd7-7fceb692f2ab,2026-07-04T02:14:07.878,aml,OK,pacs.008,CARDS,825.65,SGD,**************2002,SG,53
b01bee0c-84d7-b572-cfd7-7fceb692f2ab,2026-07-04T02:14:08.084,payment-hub,OK,pacs.008,CARDS,825.65,SGD,**************2002,SG,140
b01bee0c-84d7-b572-cfd7-7fceb692f2ab,2026-07-04T02:14:08.180,core-banking,OK,pacs.008,CARDS,825.65,SGD,**************2002,SG,68
b01bee0c-84d7-b572-cfd7-7fceb692f2ab,2026-07-04T02:14:08.238,settlement,SETTLED,pacs.008,CARDS,825.65,SGD,**************2002,SG,219
51c8764a-0095-3517-ad14-80105c02278b,2026-07-06T06:31:28.952,gateway,OK,MT103,CARDS,398.92,MYR,**************7833,US,53
51c8764a-0095-3517-ad14-80105c02278b,2026-07-06T06:31:29.022,auth,OK,MT103,CARDS,398.92,MYR,**************7833,US,68
51c8764a-0095-3517-ad14-80105c02278b,2026-07-06T06:31:29.114,validation,OK,MT103,CARDS,398.92,MYR,**************7833,US,33
51c8764a-0095-3517-ad14-80105c02278b,2026-07-06T06:31:29.182,aml,OK,MT103,CARDS,398.92,MYR,**************7833,US,149
51c8764a-0095-3517-ad14-80105c02278b,2026-07-06T06:31:29.342,payment-hub,OK,MT103,CARDS,398.92,MYR,**************7833,US,62
51c8764a-0095-3517-ad14-80105c02278b,2026-07-06T06:31:29.397,core-banking,OK,MT103,CARDS,398.92,MYR,**************7833,US,207
51c8764a-0095-3517-ad14-80105c02278b,2026-07-06T06:31:29.476,settlement,SETTLED,MT103,CARDS,398.92,MYR,**************7833,US,388
71106ba9-47fd-f270-4b26-251803c90328,2026-07-06T09:05:17.967,gateway,OK,MT103,FAST,2142.42,USD,**************9985,IN,50
71106ba9-47fd-f270-4b26-251803c90328,2026-07-06T09:05:18.058,auth,OK,MT103,FAST,2142.42,USD,**************9985,IN,26
71106ba9-47fd-f270-4b26-251803c90328,2026-07-06T09:05:18.225,validation,REJECTED,MT103,FAST,2142.42,USD,**************9985,IN,35
1b257419-42d1-1af8-28ea-0b5800862f99,2026-07-08T03:22:56.497,gateway,OK,MT103,FAST,422.7,SGD,**************5373,US,34
1b257419-42d1-1af8-28ea-0b5800862f99,2026-07-08T03:22:56.560,auth,OK,MT103,FAST,422.7,SGD,**************5373,US,46
1b257419-42d1-1af8-28ea-0b5800862f99,2026-07-08T03:22:56.778,validation,OK,MT103,FAST,422.7,SGD,**************5373,US,33
1b257419-42d1-1af8-28ea-0b5800862f99,2026-07-08T03:22:56.892,aml,TIMEOUT,MT103,FAST,422.7,SGD,**************5373,US,30000
1b257419-42d1-1af8-28ea-0b5800862f99,2026-07-08T03:22:56.974,payment-hub,FAILED,MT103,FAST,422.7,SGD,**************5373,US,149
b7413b65-f4dd-cad5-88bf-69998778b4b2,2026-07-04T07:25:40.174,gateway,OK,MT103,FAST,312.94,SGD,**************4615,SG,38
b7413b65-f4dd-cad5-88bf-69998778b4b2,2026-07-04T07:25:40.458,auth,OK,MT103,FAST,312.94,SGD,**************4615,SG,37
b7413b65-f4dd-cad5-88bf-69998778b4b2,2026-07-04T07:25:40.713,validation,OK,MT103,FAST,312.94,SGD,**************4615,SG,72
b7413b65-f4dd-cad5-88bf-69998778b4b2,2026-07-04T07:25:40.916,aml,OK,MT103,FAST,312.94,SGD,**************4615,SG,46
b7413b65-f4dd-cad5-88bf-69998778b4b2,2026-07-04T07:25:41.040,payment-hub,OK,MT103,FAST,312.94,SGD,**************4615,SG,116
b7413b65-f4dd-cad5-88bf-69998778b4b2,2026-07-04T07:26:11.059,core-banking,OK,MT103,FAST,312.94,SGD,**************4615,SG,169
b7413b65-f4dd-cad5-88bf-69998778b4b2,2026-07-04T07:26:11.307,settlement,SETTLED,MT103,FAST,312.94,SGD,**************4615,SG,363
8fa16079-98b3-6c9d-e7a5-3ff8f3cb4991,2026-07-08T05:12:43.200,gateway,OK,pacs.008,SWIFT,1271.15,EUR,**************9101,MY,52
8fa16079-98b3-6c9d-e7a5-3ff8f3cb4991,2026-07-08T05:12:43.295,auth,OK,pacs.008,SWIFT,1271.15,EUR,**************9101,MY,34
8fa16079-98b3-6c9d-e7a5-3ff8f3cb4991,2026-07-08T05:12:43.386,validation,OK,pacs.008,SWIFT,1271.15,EUR,**************9101,MY,94
8fa16079-98b3-6c9d-e7a5-3ff8f3cb4991,2026-07-08T05:12:43.425,aml,OK,pacs.008,SWIFT,1271.15,EUR,**************9101,MY,131
8fa16079-98b3-6c9d-e7a5-3ff8f3cb4991,2026-07-08T05:12:43.612,payment-hub,OK,pacs.008,SWIFT,1271.15,EUR,**************9101,MY,114
8fa16079-98b3-6c9d-e7a5-3ff8f3cb4991,2026-07-08T05:12:43.766,core-banking,OK,pacs.008,SWIFT,1271.15,EUR,**************9101,MY,133
8fa16079-98b3-6c9d-e7a5-3ff8f3cb4991,2026-07-08T05:12:43.856,settlement,SETTLED,pacs.008,SWIFT,1271.15,EUR,**************9101,MY,66
3dbfb7c0-f6de-a488-f946-a64b454052a1,2026-07-05T05:07:12.547,gateway,OK,MT103,FAST,350.84,EUR,**************5136,US,42
3dbfb7c0-f6de-a488-f946-a64b454052a1,2026-07-05T05:07:12.646,auth,OK,MT103,FAST,350.84,EUR,**************5136,US,21
3dbfb7c0-f6de-a488-f946-a64b454052a1,2026-07-05T05:07:12.831,validation,OK,MT103,FAST,350.84,EUR,**************5136,US,49
3dbfb7c0-f6de-a488-f946-a64b454052a1,2026-07-05T05:07:13.081,aml,OK,MT103,FAST,350.84,EUR,**************5136,US,258
3dbfb7c0-f6de-a488-f946-a64b454052a1,2026-07-05T05:07:13.160,payment-hub,OK,MT103,FAST,350.84,EUR,**************5136,US,71
3dbfb7c0-f6de-a488-f946-a64b454052a1,2026-07-05T05:07:13.244,core-banking,OK,MT103,FAST,350.84,EUR,**************5136,US,80
3dbfb7c0-f6de-a488-f946-a64b454052a1,2026-07-05T05:07:13.348,settlement,SETTLED,MT103,FAST,350.84,EUR,**************5136,US,205
7a97b922-fcf3-69ad-aa4a-4669455d0d99,2026-07-09T01:54:26.217,gateway,OK,MT103,SWIFT,433.14,SGD,**************7645,SG,47
7a97b922-fcf3-69ad-aa4a-4669455d0d99,2026-07-09T01:54:26.358,auth,OK,MT103,SWIFT,433.14,SGD,**************7645,SG,24
7a97b922-fcf3-69ad-aa4a-4669455d0d99,2026-07-09T01:54:26.410,validation,OK,MT103,SWIFT,433.14,SGD,**************7645,SG,98
7a97b922-fcf3-69ad-aa4a-4669455d0d99,2026-07-09T01:54:26.506,aml,OK,MT103,SWIFT,433.14,SGD,**************7645,SG,67
7a97b922-fcf3-69ad-aa4a-4669455d0d99,2026-07-09T01:54:26.686,payment-hub,OK,MT103,SWIFT,433.14,SGD,**************7645,SG,66
7a97b922-fcf3-69ad-aa4a-4669455d0d99,2026-07-09T01:54:26.771,core-banking,OK,MT103,SWIFT,433.14,SGD,**************7645,SG,77
7a97b922-fcf3-69ad-aa4a-4669455d0d99,2026-07-09T01:54:26.864,settlement,SETTLED,MT103,SWIFT,433.14,SGD,**************7645,SG,94
5f9e0c17-57ab-baf9-a4da-25d1ab0041fc,2026-07-14T02:44:24.547,gateway,OK,pacs.008,FAST,2273.2,SGD,**************6083,SG,48
5f9e0c17-57ab-baf9-a4da-25d1ab0041fc,2026-07-14T02:44:24.616,auth,OK,pacs.008,FAST,2273.2,SGD,**************6083,SG,60
5f9e0c17-57ab-baf9-a4da-25d1ab0041fc,2026-07-14T02:44:24.673,validation,OK,pacs.008,FAST,2273.2,SGD,**************6083,SG,67
5f9e0c17-57ab-baf9-a4da-25d1ab0041fc,2026-07-14T02:44:24.784,aml,OK,pacs.008,FAST,2273.2,SGD,**************6083,SG,175
5f9e0c17-57ab-baf9-a4da-25d1ab0041fc,2026-07-14T02:44:24.882,payment-hub,OK,pacs.008,FAST,2273.2,SGD,**************6083,SG,56
5f9e0c17-57ab-baf9-a4da-25d1ab0041fc,2026-07-14T02:44:25.070,core-banking,OK,pacs.008,FAST,2273.2,SGD,**************6083,SG,230
5f9e0c17-57ab-baf9-a4da-25d1ab0041fc,2026-07-14T02:44:55.109,settlement,SETTLED,pacs.008,FAST,2273.2,SGD,**************6083,SG,248
ba0467bf-642a-e86c-437e-892716abdb6b,2026-07-04T01:17:32.025,gateway,OK,pacs.008,SWIFT,169.62,USD,**************6050,IN,17
ba0467bf-642a-e86c-437e-892716abdb6b,2026-07-04T01:17:32.314,auth,OK,pacs.008,SWIFT,169.62,USD,**************6050,IN,33
ba0467bf-642a-e86c-437e-892716abdb6b,2026-07-04T01:17:32.418,validation,OK,pacs.008,SWIFT,169.62,USD,**************6050,IN,52
ba0467bf-642a-e86c-437e-892716abdb6b,2026-07-04T01:17:32.553,aml,OK,pacs.008,SWIFT,169.62,USD,**************6050,IN,70
ba0467bf-642a-e86c-437e-892716abdb6b,2026-07-04T01:17:32.651,payment-hub,OK,pacs.008,SWIFT,169.62,USD,**************6050,IN,131
ba0467bf-642a-e86c-437e-892716abdb6b,2026-07-04T01:17:32.714,core-banking,OK,pacs.008,SWIFT,169.62,USD,**************6050,IN,73
ba0467bf-642a-e86c-437e-892716abdb6b,2026-07-04T01:17:32.770,settlement,SETTLED,pacs.008,SWIFT,169.62,USD,**************6050,IN,351
a80da2b9-ccaa-7e81-9bf9-c3ce9b6d3e63,2026-07-04T21:30:00.580,gateway,OK,pacs.008,FAST,1009.79,SGD,**************2564,SG,18
a80da2b9-ccaa-7e81-9bf9-c3ce9b6d3e63,2026-07-04T21:30:00.618,auth,OK,pacs.008,FAST,1009.79,SGD,**************2564,SG,60
a80da2b9-ccaa-7e81-9bf9-c3ce9b6d3e63,2026-07-04T21:30:00.709,validation,OK,pacs.008,FAST,1009.79,SGD,**************2564,SG,101
a80da2b9-ccaa-7e81-9bf9-c3ce9b6d3e63,2026-07-04T21:30:00.783,aml,TIMEOUT,pacs.008,FAST,1009.79,SGD,**************2564,SG,30000
a80da2b9-ccaa-7e81-9bf9-c3ce9b6d3e63,2026-07-04T21:30:00.891,payment-hub,FAILED,pacs.008,FAST,1009.79,SGD,**************2564,SG,30
8289552f-875c-a9da-f2d8-d630972bed48,2026-07-14T00:45:09.446,gateway,OK,pacs.008,FAST,433.17,USD,**************2066,SG,42
8289552f-875c-a9da-f2d8-d630972bed48,2026-07-14T00:45:09.685,auth,OK,pacs.008,FAST,433.17,USD,**************2066,SG,20
8289552f-875c-a9da-f2d8-d630972bed48,2026-07-14T00:45:09.840,validation,OK,pacs.008,FAST,433.17,USD,**************2066,SG,96
8289552f-875c-a9da-f2d8-d630972bed48,2026-07-14T00:45:09.937,aml,OK,pacs.008,FAST,433.17,USD,**************2066,SG,99
8289552f-875c-a9da-f2d8-d630972bed48,2026-07-14T00:45:10.083,payment-hub,OK,pacs.008,FAST,433.17,USD,**************2066,SG,64
8289552f-875c-a9da-f2d8-d630972bed48,2026-07-14T00:45:10.184,core-banking,OK,pacs.008,FAST,433.17,USD,**************2066,SG,146
8289552f-875c-a9da-f2d8-d630972bed48,2026-07-14T00:45:10.460,settlement,SETTLED,pacs.008,FAST,433.17,USD,**************2066,SG,191
851c04bd-c26a-616b-384c-871b136d9b00,2026-07-09T23:56:55.871,gateway,OK,pacs.008,SWIFT,5458.06,SGD,**************3700,SG,19
851c04bd-c26a-616b-384c-871b136d9b00,2026-07-09T23:56:56.042,auth,OK,pacs.008,SWIFT,5458.06,SGD,**************3700,SG,60
851c04bd-c26a-616b-384c-871b136d9b00,2026-07-09T23:56:56.133,validation,OK,pacs.008,SWIFT,5458.06,SGD,**************3700,SG,49
851c04bd-c26a-616b-384c-871b136d9b00,2026-07-09T23:56:56.272,aml,TIMEOUT,pacs.008,SWIFT,5458.06,SGD,**************3700,SG,30000
851c04bd-c26a-616b-384c-871b136d9b00,2026-07-09T23:56:56.370,payment-hub,FAILED,pacs.008,SWIFT,5458.06,SGD,**************3700,SG,60
fd5b52ec-d777-f43f-54f8-288a45d7ee5e,2026-07-13T06:54:23.292,gateway,OK,pacs.008,FAST,32.29,USD,**************7484,SG,25
fd5b52ec-d777-f43f-54f8-288a45d7ee5e,2026-07-13T06:54:23.405,auth,OK,pacs.008,FAST,32.29,USD,**************7484,SG,69
fd5b52ec-d777-f43f-54f8-288a45d7ee5e,2026-07-13T06:54:23.506,validation,OK,pacs.008,FAST,32.29,USD,**************7484,SG,81
fd5b52ec-d777-f43f-54f8-288a45d7ee5e,2026-07-13T06:54:23.597,aml,OK,pacs.008,FAST,32.29,USD,**************7484,SG,165
fd5b52ec-d777-f43f-54f8-288a45d7ee5e,2026-07-13T06:54:23.653,payment-hub,OK,pacs.008,FAST,32.29,USD,**************7484,SG,135
fd5b52ec-d777-f43f-54f8-288a45d7ee5e,2026-07-13T06:54:23.739,core-banking,OK,pacs.008,FAST,32.29,USD,**************7484,SG,200
fd5b52ec-d777-f43f-54f8-288a45d7ee5e,2026-07-13T06:54:24.009,settlement,SETTLED,pacs.008,FAST,32.29,USD,**************7484,SG,331
c7fa73cc-7d0b-3f54-f42b-90a9b2e5a4ad,2026-07-05T00:13:34.936,gateway,OK,pacs.008,FAST,570.75,SGD,**************0428,SG,55
c7fa73cc-7d0b-3f54-f42b-90a9b2e5a4ad,2026-07-05T00:13:35.035,auth,OK,pacs.008,FAST,570.75,SGD,**************0428,SG,63
c7fa73cc-7d0b-3f54-f42b-90a9b2e5a4ad,2026-07-05T00:13:35.066,validation,OK,pacs.008,FAST,570.75,SGD,**************0428,SG,89
c7fa73cc-7d0b-3f54-f42b-90a9b2e5a4ad,2026-07-05T00:13:35.240,aml,OK,pacs.008,FAST,570.75,SGD,**************0428,SG,269
c7fa73cc-7d0b-3f54-f42b-90a9b2e5a4ad,2026-07-05T00:13:35.336,payment-hub,OK,pacs.008,FAST,570.75,SGD,**************0428,SG,107
c7fa73cc-7d0b-3f54-f42b-90a9b2e5a4ad,2026-07-05T00:13:35.415,core-banking,OK,pacs.008,FAST,570.75,SGD,**************0428,SG,139
c7fa73cc-7d0b-3f54-f42b-90a9b2e5a4ad,2026-07-05T00:13:35.454,settlement,SETTLED,pacs.008,FAST,570.75,SGD,**************0428,SG,280
46f84ed9-8120-f3d9-87dc-b903b1a78057,2026-07-04T08:08:21.163,gateway,OK,MT103,FAST,847.05,MYR,**************2700,SG,38
46f84ed9-8120-f3d9-87dc-b903b1a78057,2026-07-04T08:08:21.224,auth,OK,MT103,FAST,847.05,MYR,**************2700,SG,35
46f84ed9-8120-f3d9-87dc-b903b1a78057,2026-07-04T08:08:21.387,validation,OK,MT103,FAST,847.05,MYR,**************2700,SG,100
46f84ed9-8120-f3d9-87dc-b903b1a78057,2026-07-04T08:08:21.445,aml,TIMEOUT,MT103,FAST,847.05,MYR,**************2700,SG,30000
46f84ed9-8120-f3d9-87dc-b903b1a78057,2026-07-04T08:08:21.573,payment-hub,FAILED,MT103,FAST,847.05,MYR,**************2700,SG,74
a02b5bd6-f530-bdf3-03a4-c796b9605ec8,2026-07-12T15:21:24.836,gateway,OK,pacs.008,FAST,92.71,USD,**************7048,SG,48
a02b5bd6-f530-bdf3-03a4-c796b9605ec8,2026-07-12T15:21:24.943,auth,OK,pacs.008,FAST,92.71,USD,**************7048,SG,33
a02b5bd6-f530-bdf3-03a4-c796b9605ec8,2026-07-12T15:21:24.998,validation,OK,pacs.008,FAST,92.71,USD,**************7048,SG,101
a02b5bd6-f530-bdf3-03a4-c796b9605ec8,2026-07-12T15:21:25.074,aml,OK,pacs.008,FAST,92.71,USD,**************7048,SG,155
a02b5bd6-f530-bdf3-03a4-c796b9605ec8,2026-07-12T15:21:25.183,payment-hub,OK,pacs.008,FAST,92.71,USD,**************7048,SG,68
a02b5bd6-f530-bdf3-03a4-c796b9605ec8,2026-07-12T15:21:25.284,core-banking,OK,pacs.008,FAST,92.71,USD,**************7048,SG,140
a02b5bd6-f530-bdf3-03a4-c796b9605ec8,2026-07-12T15:21:25.487,settlement,SETTLED,pacs.008,FAST,92.71,USD,**************7048,SG,221
fd5d3b8b-b3af-3047-6bc6-2d59d6d909c3,2026-07-09T19:32:05.747,gateway,OK,pacs.008,FAST,997.11,SGD,**************8456,SG,53
fd5d3b8b-b3af-3047-6bc6-2d59d6d909c3,2026-07-09T19:32:05.865,auth,OK,pacs.008,FAST,997.11,SGD,**************8456,SG,48
fd5d3b8b-b3af-3047-6bc6-2d59d6d909c3,2026-07-09T19:32:05.919,validation,OK,pacs.008,FAST,997.11,SGD,**************8456,SG,61
fd5d3b8b-b3af-3047-6bc6-2d59d6d909c3,2026-07-09T19:32:05.972,aml,OK,pacs.008,FAST,997.11,SGD,**************8456,SG,57
fd5d3b8b-b3af-3047-6bc6-2d59d6d909c3,2026-07-09T19:32:06.036,payment-hub,OK,pacs.008,FAST,997.11,SGD,**************8456,SG,63
fd5d3b8b-b3af-3047-6bc6-2d59d6d909c3,2026-07-09T19:32:06.075,core-banking,OK,pacs.008,FAST,997.11,SGD,**************8456,SG,225
fd5d3b8b-b3af-3047-6bc6-2d59d6d909c3,2026-07-09T19:32:06.203,settlement,SETTLED,pacs.008,FAST,997.11,SGD,**************8456,SG,79
8a3953cb-f8e0-6cbb-40de-2437587bf051,2026-07-05T21:46:36.622,gateway,OK,MT103,FAST,547.72,USD,**************4693,MY,24
8a3953cb-f8e0-6cbb-40de-2437587bf051,2026-07-05T21:46:36.691,auth,OK,MT103,FAST,547.72,USD,**************4693,MY,69
8a3953cb-f8e0-6cbb-40de-2437587bf051,2026-07-05T21:46:36.803,validation,OK,MT103,FAST,547.72,USD,**************4693,MY,90
8a3953cb-f8e0-6cbb-40de-2437587bf051,2026-07-05T21:46:36.884,aml,OK,MT103,FAST,547.72,USD,**************4693,MY,290
8a3953cb-f8e0-6cbb-40de-2437587bf051,2026-07-05T21:46:37.128,payment-hub,OK,MT103,FAST,547.72,USD,**************4693,MY,123
8a3953cb-f8e0-6cbb-40de-2437587bf051,2026-07-05T21:46:37.262,core-banking,OK,MT103,FAST,547.72,USD,**************4693,MY,144
8a3953cb-f8e0-6cbb-40de-2437587bf051,2026-07-05T21:46:37.521,settlement,SETTLED,MT103,FAST,547.72,USD,**************4693,MY,199
09f7f559-8bd8-7628-70aa-29981200da3e,2026-07-07T10:00:26.723,gateway,OK,MT103,SWIFT,7212.33,SGD,**************7054,IN,60
09f7f559-8bd8-7628-70aa-29981200da3e,2026-07-07T10:00:26.775,auth,OK,MT103,SWIFT,7212.33,SGD,**************7054,IN,74
09f7f559-8bd8-7628-70aa-29981200da3e,2026-07-07T10:00:26.923,validation,OK,MT103,SWIFT,7212.33,SGD,**************7054,IN,86
09f7f559-8bd8-7628-70aa-29981200da3e,2026-07-07T10:00:27.020,aml,OK,MT103,SWIFT,7212.33,SGD,**************7054,IN,94
09f7f559-8bd8-7628-70aa-29981200da3e,2026-07-07T10:00:27.070,payment-hub,OK,MT103,SWIFT,7212.33,SGD,**************7054,IN,78
09f7f559-8bd8-7628-70aa-29981200da3e,2026-07-07T10:00:27.121,core-banking,OK,MT103,SWIFT,7212.33,SGD,**************7054,IN,60
09f7f559-8bd8-7628-70aa-29981200da3e,2026-07-07T10:00:27.231,settlement,SETTLED,MT103,SWIFT,7212.33,SGD,**************7054,IN,359
87bee2a2-7614-88fc-0d9f-13ebb9d18a35,2026-07-04T22:11:44.897,gateway,OK,pacs.008,FAST,2019.59,SGD,**************7023,MY,39
87bee2a2-7614-88fc-0d9f-13ebb9d18a35,2026-07-04T22:11:44.957,auth,OK,pacs.008,FAST,2019.59,SGD,**************7023,MY,89
87bee2a2-7614-88fc-0d9f-13ebb9d18a35,2026-07-04T22:11:45.066,validation,OK,pacs.008,FAST,2019.59,SGD,**************7023,MY,27
87bee2a2-7614-88fc-0d9f-13ebb9d18a35,2026-07-04T22:11:45.191,aml,OK,pacs.008,FAST,2019.59,SGD,**************7023,MY,78
87bee2a2-7614-88fc-0d9f-13ebb9d18a35,2026-07-04T22:11:45.296,payment-hub,OK,pacs.008,FAST,2019.59,SGD,**************7023,MY,74
87bee2a2-7614-88fc-0d9f-13ebb9d18a35,2026-07-04T22:11:45.377,core-banking,OK,pacs.008,FAST,2019.59,SGD,**************7023,MY,185
87bee2a2-7614-88fc-0d9f-13ebb9d18a35,2026-07-04T22:11:45.469,settlement,SETTLED,pacs.008,FAST,2019.59,SGD,**************7023,MY,220
da1bc90b-463e-3381-a0d5-572c6977ce7a,2026-07-03T21:29:06.974,gateway,OK,pacs.008,FAST,522.77,USD,**************5375,US,21
da1bc90b-463e-3381-a0d5-572c6977ce7a,2026-07-03T21:29:07.079,auth,OK,pacs.008,FAST,522.77,USD,**************5375,US,58
da1bc90b-463e-3381-a0d5-572c6977ce7a,2026-07-03T21:29:07.234,validation,OK,pacs.008,FAST,522.77,USD,**************5375,US,94
da1bc90b-463e-3381-a0d5-572c6977ce7a,2026-07-03T21:29:07.310,aml,OK,pacs.008,FAST,522.77,USD,**************5375,US,199
da1bc90b-463e-3381-a0d5-572c6977ce7a,2026-07-03T21:29:07.385,payment-hub,OK,pacs.008,FAST,522.77,USD,**************5375,US,45
da1bc90b-463e-3381-a0d5-572c6977ce7a,2026-07-03T21:29:07.481,core-banking,OK,pacs.008,FAST,522.77,USD,**************5375,US,219
da1bc90b-463e-3381-a0d5-572c6977ce7a,2026-07-03T21:29:07.586,settlement,SETTLED,pacs.008,FAST,522.77,USD,**************5375,US,341
e3bb7be2-3983-d4bf-c6bb-51daf375405e,2026-07-09T06:16:54.625,gateway,OK,MT103,SWIFT,286.12,SGD,**************8781,SG,37
e3bb7be2-3983-d4bf-c6bb-51daf375405e,2026-07-09T06:16:54.675,auth,OK,MT103,SWIFT,286.12,SGD,**************8781,SG,26
e3bb7be2-3983-d4bf-c6bb-51daf375405e,2026-07-09T06:16:54.751,validation,OK,MT103,SWIFT,286.12,SGD,**************8781,SG,99
e3bb7be2-3983-d4bf-c6bb-51daf375405e,2026-07-09T06:16:54.946,aml,OK,MT103,SWIFT,286.12,SGD,**************8781,SG,47
e3bb7be2-3983-d4bf-c6bb-51daf375405e,2026-07-09T06:16:55.047,payment-hub,OK,MT103,SWIFT,286.12,SGD,**************8781,SG,39
e3bb7be2-3983-d4bf-c6bb-51daf375405e,2026-07-09T06:16:55.139,core-banking,OK,MT103,SWIFT,286.12,SGD,**************8781,SG,59
e3bb7be2-3983-d4bf-c6bb-51daf375405e,2026-07-09T06:16:55.213,settlement,SETTLED,MT103,SWIFT,286.12,SGD,**************8781,SG,337
de880a61-d3e7-ce13-8550-bc7737c169c0,2026-07-02T11:47:19.001,gateway,OK,pacs.008,FAST,445.43,SGD,**************5625,HK,22
de880a61-d3e7-ce13-8550-bc7737c169c0,2026-07-02T11:47:19.053,auth,OK,pacs.008,FAST,445.43,SGD,**************5625,HK,70
de880a61-d3e7-ce13-8550-bc7737c169c0,2026-07-02T11:47:19.131,validation,OK,pacs.008,FAST,445.43,SGD,**************5625,HK,39
de880a61-d3e7-ce13-8550-bc7737c169c0,2026-07-02T11:47:19.154,aml,OK,pacs.008,FAST,445.43,SGD,**************5625,HK,63
de880a61-d3e7-ce13-8550-bc7737c169c0,2026-07-02T11:47:19.400,payment-hub,OK,pacs.008,FAST,445.43,SGD,**************5625,HK,102
de880a61-d3e7-ce13-8550-bc7737c169c0,2026-07-02T11:47:19.473,core-banking,OK,pacs.008,FAST,445.43,SGD,**************5625,HK,165
de880a61-d3e7-ce13-8550-bc7737c169c0,2026-07-02T11:47:19.537,settlement,SETTLED,pacs.008,FAST,445.43,SGD,**************5625,HK,133
b5372c8a-1e1e-e74e-3c29-ea63a1eaa84b,2026-07-11T19:18:12.207,gateway,OK,pacs.008,SWIFT,236.61,SGD,**************1650,IN,56
b5372c8a-1e1e-e74e-3c29-ea63a1eaa84b,2026-07-11T19:18:12.250,auth,OK,pacs.008,SWIFT,236.61,SGD,**************1650,IN,67
b5372c8a-1e1e-e74e-3c29-ea63a1eaa84b,2026-07-11T19:18:12.335,validation,OK,pacs.008,SWIFT,236.61,SGD,**************1650,IN,72
b5372c8a-1e1e-e74e-3c29-ea63a1eaa84b,2026-07-11T19:18:12.453,aml,OK,pacs.008,SWIFT,236.61,SGD,**************1650,IN,85
b5372c8a-1e1e-e74e-3c29-ea63a1eaa84b,2026-07-11T19:18:12.547,payment-hub,OK,pacs.008,SWIFT,236.61,SGD,**************1650,IN,121
b5372c8a-1e1e-e74e-3c29-ea63a1eaa84b,2026-07-11T19:18:12.616,core-banking,OK,pacs.008,SWIFT,236.61,SGD,**************1650,IN,243
b5372c8a-1e1e-e74e-3c29-ea63a1eaa84b,2026-07-11T19:18:12.861,settlement,SETTLED,pacs.008,SWIFT,236.61,SGD,**************1650,IN,175
277462c8-79d2-5900-8421-a8469cb3d288,2026-07-12T15:03:48.560,gateway,OK,MT103,SWIFT,544.22,SGD,**************3664,SG,49
277462c8-79d2-5900-8421-a8469cb3d288,2026-07-12T15:03:48.739,auth,OK,MT103,SWIFT,544.22,SGD,**************3664,SG,79
277462c8-79d2-5900-8421-a8469cb3d288,2026-07-12T15:03:49.019,validation,OK,MT103,SWIFT,544.22,SGD,**************3664,SG,69
277462c8-79d2-5900-8421-a8469cb3d288,2026-07-12T15:03:49.075,aml,OK,MT103,SWIFT,544.22,SGD,**************3664,SG,50
277462c8-79d2-5900-8421-a8469cb3d288,2026-07-12T15:03:49.161,payment-hub,OK,MT103,SWIFT,544.22,SGD,**************3664,SG,91
277462c8-79d2-5900-8421-a8469cb3d288,2026-07-12T15:03:49.232,core-banking,OK,MT103,SWIFT,544.22,SGD,**************3664,SG,250
277462c8-79d2-5900-8421-a8469cb3d288,2026-07-12T15:03:49.507,settlement,SETTLED,MT103,SWIFT,544.22,SGD,**************3664,SG,198
f6e90982-537a-da26-06e1-d35914ed7889,2026-07-06T12:34:37.897,gateway,OK,pacs.008,SWIFT,343.34,INR,**************2224,US,29
f6e90982-537a-da26-06e1-d35914ed7889,2026-07-06T12:34:37.979,auth,OK,pacs.008,SWIFT,343.34,INR,**************2224,US,65
f6e90982-537a-da26-06e1-d35914ed7889,2026-07-06T12:34:38.130,validation,OK,pacs.008,SWIFT,343.34,INR,**************2224,US,108
f6e90982-537a-da26-06e1-d35914ed7889,2026-07-06T12:34:38.260,aml,OK,pacs.008,SWIFT,343.34,INR,**************2224,US,279
f6e90982-537a-da26-06e1-d35914ed7889,2026-07-06T12:34:38.322,payment-hub,OK,pacs.008,SWIFT,343.34,INR,**************2224,US,144
f6e90982-537a-da26-06e1-d35914ed7889,2026-07-06T12:34:38.401,core-banking,OK,pacs.008,SWIFT,343.34,INR,**************2224,US,240
f6e90982-537a-da26-06e1-d35914ed7889,2026-07-06T12:34:38.448,settlement,SETTLED,pacs.008,SWIFT,343.34,INR,**************2224,US,337
506f26ee-71a7-2f07-5329-cbefe5230cb0,2026-07-09T08:28:55.712,gateway,OK,pacs.008,FAST,611.06,SGD,**************6271,SG,55
506f26ee-71a7-2f07-5329-cbefe5230cb0,2026-07-09T08:28:55.778,auth,OK,pacs.008,FAST,611.06,SGD,**************6271,SG,40
506f26ee-71a7-2f07-5329-cbefe5230cb0,2026-07-09T08:28:55.919,validation,OK,pacs.008,FAST,611.06,SGD,**************6271,SG,35
506f26ee-71a7-2f07-5329-cbefe5230cb0,2026-07-09T08:28:56.002,aml,TIMEOUT,pacs.008,FAST,611.06,SGD,**************6271,SG,30000
506f26ee-71a7-2f07-5329-cbefe5230cb0,2026-07-09T08:28:56.103,payment-hub,FAILED,pacs.008,FAST,611.06,SGD,**************6271,SG,36
3a4667b3-4e84-3087-a3b5-3f7ab8dd1290,2026-07-12T15:13:12.308,gateway,OK,MT103,SWIFT,14276.14,MYR,**************1996,MY,41
3a4667b3-4e84-3087-a3b5-3f7ab8dd1290,2026-07-12T15:13:12.394,auth,OK,MT103,SWIFT,14276.14,MYR,**************1996,MY,56
3a4667b3-4e84-3087-a3b5-3f7ab8dd1290,2026-07-12T15:13:12.438,validation,OK,MT103,SWIFT,14276.14,MYR,**************1996,MY,81
3a4667b3-4e84-3087-a3b5-3f7ab8dd1290,2026-07-12T15:13:12.502,aml,OK,MT103,SWIFT,14276.14,MYR,**************1996,MY,176
3a4667b3-4e84-3087-a3b5-3f7ab8dd1290,2026-07-12T15:13:12.544,payment-hub,OK,MT103,SWIFT,14276.14,MYR,**************1996,MY,55
3a4667b3-4e84-3087-a3b5-3f7ab8dd1290,2026-07-12T15:13:12.617,core-banking,OK,MT103,SWIFT,14276.14,MYR,**************1996,MY,138
3a4667b3-4e84-3087-a3b5-3f7ab8dd1290,2026-07-12T15:13:12.711,settlement,SETTLED,MT103,SWIFT,14276.14,MYR,**************1996,MY,269
45f05fde-fa14-7f23-2c70-1e1dd776ee75,2026-07-02T09:11:39.240,gateway,OK,pacs.008,FAST,235.76,MYR,**************8558,SG,35
45f05fde-fa14-7f23-2c70-1e1dd776ee75,2026-07-02T09:11:39.431,auth,OK,pacs.008,FAST,235.76,MYR,**************8558,SG,28
45f05fde-fa14-7f23-2c70-1e1dd776ee75,2026-07-02T09:11:39.454,validation,OK,pacs.008,FAST,235.76,MYR,**************8558,SG,36
45f05fde-fa14-7f23-2c70-1e1dd776ee75,2026-07-02T09:11:39.505,aml,OK,pacs.008,FAST,235.76,MYR,**************8558,SG,250
45f05fde-fa14-7f23-2c70-1e1dd776ee75,2026-07-02T09:11:39.561,payment-hub,OK,pacs.008,FAST,235.76,MYR,**************8558,SG,140
45f05fde-fa14-7f23-2c70-1e1dd776ee75,2026-07-02T09:11:39.715,core-banking,OK,pacs.008,FAST,235.76,MYR,**************8558,SG,178
45f05fde-fa14-7f23-2c70-1e1dd776ee75,2026-07-02T09:11:39.800,settlement,SETTLED,pacs.008,FAST,235.76,MYR,**************8558,SG,381
27cffb02-a6ba-bf13-d815-d8b52907b3ff,2026-07-13T23:09:53.999,gateway,OK,pacs.008,FAST,787.26,SGD,**************3389,SG,23
27cffb02-a6ba-bf13-d815-d8b52907b3ff,2026-07-13T23:09:54.072,auth,OK,pacs.008,FAST,787.26,SGD,**************3389,SG,42
27cffb02-a6ba-bf13-d815-d8b52907b3ff,2026-07-13T23:09:54.305,validation,OK,pacs.008,FAST,787.26,SGD,**************3389,SG,119
27cffb02-a6ba-bf13-d815-d8b52907b3ff,2026-07-13T23:09:54.413,aml,OK,pacs.008,FAST,787.26,SGD,**************3389,SG,249
27cffb02-a6ba-bf13-d815-d8b52907b3ff,2026-07-13T23:09:54.538,payment-hub,OK,pacs.008,FAST,787.26,SGD,**************3389,SG,62
27cffb02-a6ba-bf13-d815-d8b52907b3ff,2026-07-13T23:09:54.618,core-banking,OK,pacs.008,FAST,787.26,SGD,**************3389,SG,235
27cffb02-a6ba-bf13-d815-d8b52907b3ff,2026-07-13T23:09:54.828,settlement,SETTLED,pacs.008,FAST,787.26,SGD,**************3389,SG,334
8ed22aa9-18c3-76d7-6b67-f37a60ce2ce9,2026-07-11T14:51:37.402,gateway,OK,pacs.008,FAST,743.05,SGD,**************4392,SG,25
8ed22aa9-18c3-76d7-6b67-f37a60ce2ce9,2026-07-11T14:51:37.676,auth,OK,pacs.008,FAST,743.05,SGD,**************4392,SG,65
8ed22aa9-18c3-76d7-6b67-f37a60ce2ce9,2026-07-11T14:51:37.760,validation,OK,pacs.008,FAST,743.05,SGD,**************4392,SG,87
8ed22aa9-18c3-76d7-6b67-f37a60ce2ce9,2026-07-11T14:51:37.973,aml,OK,pacs.008,FAST,743.05,SGD,**************4392,SG,262
8ed22aa9-18c3-76d7-6b67-f37a60ce2ce9,2026-07-11T14:51:38.203,payment-hub,OK,pacs.008,FAST,743.05,SGD,**************4392,SG,139
8ed22aa9-18c3-76d7-6b67-f37a60ce2ce9,2026-07-11T14:51:38.280,core-banking,OK,pacs.008,FAST,743.05,SGD,**************4392,SG,185
8ed22aa9-18c3-76d7-6b67-f37a60ce2ce9,2026-07-11T14:51:38.347,settlement,SETTLED,pacs.008,FAST,743.05,SGD,**************4392,SG,95
ae863eea-620b-2805-b62e-93c2b8818d33,2026-07-01T21:34:18.551,gateway,OK,pacs.008,FAST,248.91,MYR,**************5084,MY,48
ae863eea-620b-2805-b62e-93c2b8818d33,2026-07-01T21:34:18.684,auth,OK,pacs.008,FAST,248.91,MYR,**************5084,MY,33
ae863eea-620b-2805-b62e-93c2b8818d33,2026-07-01T21:34:18.775,validation,REJECTED,pacs.008,FAST,248.91,MYR,**************5084,MY,55
cd2de7b8-4072-dca9-b9f7-642e00e42657,2026-07-11T04:19:52.968,gateway,OK,MT103,CARDS,522.76,USD,**************9467,IN,32
cd2de7b8-4072-dca9-b9f7-642e00e42657,2026-07-11T04:19:53.156,auth,OK,MT103,CARDS,522.76,USD,**************9467,IN,69
cd2de7b8-4072-dca9-b9f7-642e00e42657,2026-07-11T04:19:53.223,validation,OK,MT103,CARDS,522.76,USD,**************9467,IN,106
cd2de7b8-4072-dca9-b9f7-642e00e42657,2026-07-11T04:19:53.281,aml,OK,MT103,CARDS,522.76,USD,**************9467,IN,279
cd2de7b8-4072-dca9-b9f7-642e00e42657,2026-07-11T04:19:53.448,payment-hub,OK,MT103,CARDS,522.76,USD,**************9467,IN,147
cd2de7b8-4072-dca9-b9f7-642e00e42657,2026-07-11T04:19:53.512,core-banking,OK,MT103,CARDS,522.76,USD,**************9467,IN,243
cd2de7b8-4072-dca9-b9f7-642e00e42657,2026-07-11T04:19:53.581,settlement,SETTLED,MT103,CARDS,522.76,USD,**************9467,IN,237
8571edb9-8d41-abec-a229-aaee4cd21fa8,2026-07-01T14:02:00.934,gateway,OK,pacs.008,FAST,377.62,USD,**************3867,US,52
8571edb9-8d41-abec-a229-aaee4cd21fa8,2026-07-01T14:02:01.191,auth,OK,pacs.008,FAST,377.62,USD,**************3867,US,65
8571edb9-8d41-abec-a229-aaee4cd21fa8,2026-07-01T14:02:01.244,validation,OK,pacs.008,FAST,377.62,USD,**************3867,US,36
8571edb9-8d41-abec-a229-aaee4cd21fa8,2026-07-01T14:02:01.344,aml,OK,pacs.008,FAST,377.62,USD,**************3867,US,207
8571edb9-8d41-abec-a229-aaee4cd21fa8,2026-07-01T14:02:01.633,payment-hub,OK,pacs.008,FAST,377.62,USD,**************3867,US,108
8571edb9-8d41-abec-a229-aaee4cd21fa8,2026-07-01T14:02:01.743,core-banking,OK,pacs.008,FAST,377.62,USD,**************3867,US,104
8571edb9-8d41-abec-a229-aaee4cd21fa8,2026-07-01T14:02:01.859,settlement,SETTLED,pacs.008,FAST,377.62,USD,**************3867,US,220
f96c73c8-2d53-4d74-d6bb-23f16a5d6bd3,2026-07-03T22:27:24.212,gateway,OK,MT103,FAST,373.81,MYR,**************4065,SG,52
f96c73c8-2d53-4d74-d6bb-23f16a5d6bd3,2026-07-03T22:27:24.262,auth,OK,MT103,FAST,373.81,MYR,**************4065,SG,57
f96c73c8-2d53-4d74-d6bb-23f16a5d6bd3,2026-07-03T22:27:24.434,validation,OK,MT103,FAST,373.81,MYR,**************4065,SG,61
f96c73c8-2d53-4d74-d6bb-23f16a5d6bd3,2026-07-03T22:27:24.527,aml,TIMEOUT,MT103,FAST,373.81,MYR,**************4065,SG,30000
f96c73c8-2d53-4d74-d6bb-23f16a5d6bd3,2026-07-03T22:27:24.625,payment-hub,FAILED,MT103,FAST,373.81,MYR,**************4065,SG,127
874ef2bb-edab-7551-96e3-c41d5ef29cf6,2026-07-11T12:18:58.937,gateway,OK,pacs.008,FAST,5153.51,SGD,**************4564,SG,24
874ef2bb-edab-7551-96e3-c41d5ef29cf6,2026-07-11T12:18:59.024,auth,OK,pacs.008,FAST,5153.51,SGD,**************4564,SG,88
874ef2bb-edab-7551-96e3-c41d5ef29cf6,2026-07-11T12:18:59.074,validation,OK,pacs.008,FAST,5153.51,SGD,**************4564,SG,115
874ef2bb-edab-7551-96e3-c41d5ef29cf6,2026-07-11T12:18:59.269,aml,TIMEOUT,pacs.008,FAST,5153.51,SGD,**************4564,SG,30000
874ef2bb-edab-7551-96e3-c41d5ef29cf6,2026-07-11T12:18:59.313,payment-hub,FAILED,pacs.008,FAST,5153.51,SGD,**************4564,SG,49
e4e1cfde-c043-b5a8-f563-9fe4a225e386,2026-07-04T20:25:16.901,gateway,OK,MT103,FAST,677.03,USD,**************9739,SG,42
e4e1cfde-c043-b5a8-f563-9fe4a225e386,2026-07-04T20:25:17.033,auth,OK,MT103,FAST,677.03,USD,**************9739,SG,64
e4e1cfde-c043-b5a8-f563-9fe4a225e386,2026-07-04T20:25:17.125,validation,OK,MT103,FAST,677.03,USD,**************9739,SG,27
e4e1cfde-c043-b5a8-f563-9fe4a225e386,2026-07-04T20:25:17.193,aml,OK,MT103,FAST,677.03,USD,**************9739,SG,265
e4e1cfde-c043-b5a8-f563-9fe4a225e386,2026-07-04T20:25:17.329,payment-hub,OK,MT103,FAST,677.03,USD,**************9739,SG,135
e4e1cfde-c043-b5a8-f563-9fe4a225e386,2026-07-04T20:25:17.441,core-banking,OK,MT103,FAST,677.03,USD,**************9739,SG,87
e4e1cfde-c043-b5a8-f563-9fe4a225e386,2026-07-04T20:25:17.536,settlement,SETTLED,MT103,FAST,677.03,USD,**************9739,SG,274
e7a6445c-b155-9c82-083c-d8ee744b2b5a,2026-07-06T19:06:12.138,gateway,OK,pacs.008,FAST,755.0,INR,**************3805,SG,30
e7a6445c-b155-9c82-083c-d8ee744b2b5a,2026-07-06T19:06:12.195,auth,OK,pacs.008,FAST,755.0,INR,**************3805,SG,73
e7a6445c-b155-9c82-083c-d8ee744b2b5a,2026-07-06T19:06:12.330,validation,OK,pacs.008,FAST,755.0,INR,**************3805,SG,84
e7a6445c-b155-9c82-083c-d8ee744b2b5a,2026-07-06T19:06:12.445,aml,OK,pacs.008,FAST,755.0,INR,**************3805,SG,134
e7a6445c-b155-9c82-083c-d8ee744b2b5a,2026-07-06T19:06:12.571,payment-hub,OK,pacs.008,FAST,755.0,INR,**************3805,SG,65
e7a6445c-b155-9c82-083c-d8ee744b2b5a,2026-07-06T19:06:12.641,core-banking,OK,pacs.008,FAST,755.0,INR,**************3805,SG,52
e7a6445c-b155-9c82-083c-d8ee744b2b5a,2026-07-06T19:06:12.699,settlement,SETTLED,pacs.008,FAST,755.0,INR,**************3805,SG,395
148acb5e-597c-fb8b-978b-8d39e0a9b8ca,2026-07-07T02:26:26.442,gateway,OK,pacs.008,SWIFT,762.2,USD,**************0387,SG,55
148acb5e-597c-fb8b-978b-8d39e0a9b8ca,2026-07-07T02:26:26.571,auth,OK,pacs.008,SWIFT,762.2,USD,**************0387,SG,38
148acb5e-597c-fb8b-978b-8d39e0a9b8ca,2026-07-07T02:26:26.627,validation,OK,pacs.008,SWIFT,762.2,USD,**************0387,SG,71
148acb5e-597c-fb8b-978b-8d39e0a9b8ca,2026-07-07T02:26:26.920,aml,OK,pacs.008,SWIFT,762.2,USD,**************0387,SG,83
148acb5e-597c-fb8b-978b-8d39e0a9b8ca,2026-07-07T02:26:27.033,payment-hub,OK,pacs.008,SWIFT,762.2,USD,**************0387,SG,143
148acb5e-597c-fb8b-978b-8d39e0a9b8ca,2026-07-07T02:26:27.155,core-banking,OK,pacs.008,SWIFT,762.2,USD,**************0387,SG,218
148acb5e-597c-fb8b-978b-8d39e0a9b8ca,2026-07-07T02:26:27.441,settlement,SETTLED,pacs.008,SWIFT,762.2,USD,**************0387,SG,240
8cfbce6a-4295-b945-29f7-eb2538f9e6bf,2026-07-09T09:28:36.182,gateway,OK,pacs.008,FAST,1207.81,SGD,**************0159,SG,38
8cfbce6a-4295-b945-29f7-eb2538f9e6bf,2026-07-09T09:28:36.388,auth,OK,pacs.008,FAST,1207.81,SGD,**************0159,SG,36
8cfbce6a-4295-b945-29f7-eb2538f9e6bf,2026-07-09T09:28:36.628,validation,OK,pacs.008,FAST,1207.81,SGD,**************0159,SG,46
8cfbce6a-4295-b945-29f7-eb2538f9e6bf,2026-07-09T09:28:36.747,aml,OK,pacs.008,FAST,1207.81,SGD,**************0159,SG,262
8cfbce6a-4295-b945-29f7-eb2538f9e6bf,2026-07-09T09:28:36.920,payment-hub,OK,pacs.008,FAST,1207.81,SGD,**************0159,SG,82
8cfbce6a-4295-b945-29f7-eb2538f9e6bf,2026-07-09T09:28:37.059,core-banking,OK,pacs.008,FAST,1207.81,SGD,**************0159,SG,154
8cfbce6a-4295-b945-29f7-eb2538f9e6bf,2026-07-09T09:28:37.097,settlement,SETTLED,pacs.008,FAST,1207.81,SGD,**************0159,SG,262
d94dc2b6-20aa-5d7f-47b8-f934e197d828,2026-07-05T04:19:20.647,gateway,OK,0200,FAST,1644.44,USD,**************3614,SG,44
d94dc2b6-20aa-5d7f-47b8-f934e197d828,2026-07-05T04:19:20.740,auth,OK,0200,FAST,1644.44,USD,**************3614,SG,65
d94dc2b6-20aa-5d7f-47b8-f934e197d828,2026-07-05T04:19:20.819,validation,REJECTED,0200,FAST,1644.44,USD,**************3614,SG,41
0297f36f-041f-fac0-21b8-3810a03374fa,2026-07-04T20:23:24.494,gateway,OK,pacs.008,SWIFT,261.97,USD,**************9291,IN,33
0297f36f-041f-fac0-21b8-3810a03374fa,2026-07-04T20:23:24.602,auth,OK,pacs.008,SWIFT,261.97,USD,**************9291,IN,35
0297f36f-041f-fac0-21b8-3810a03374fa,2026-07-04T20:23:24.829,validation,OK,pacs.008,SWIFT,261.97,USD,**************9291,IN,71
0297f36f-041f-fac0-21b8-3810a03374fa,2026-07-04T20:23:25.022,aml,OK,pacs.008,SWIFT,261.97,USD,**************9291,IN,49
0297f36f-041f-fac0-21b8-3810a03374fa,2026-07-04T20:23:25.095,payment-hub,OK,pacs.008,SWIFT,261.97,USD,**************9291,IN,125
0297f36f-041f-fac0-21b8-3810a03374fa,2026-07-04T20:23:25.209,core-banking,OK,pacs.008,SWIFT,261.97,USD,**************9291,IN,66
0297f36f-041f-fac0-21b8-3810a03374fa,2026-07-04T20:23:25.328,settlement,SETTLED,pacs.008,SWIFT,261.97,USD,**************9291,IN,167
f5338733-5064-e4dc-e9a0-6c41f057e61f,2026-07-06T07:31:42.270,gateway,OK,pacs.008,FAST,180.76,SGD,**************2570,SG,29
f5338733-5064-e4dc-e9a0-6c41f057e61f,2026-07-06T07:31:42.344,auth,OK,pacs.008,FAST,180.76,SGD,**************2570,SG,38
f5338733-5064-e4dc-e9a0-6c41f057e61f,2026-07-06T07:31:42.627,validation,OK,pacs.008,FAST,180.76,SGD,**************2570,SG,92
f5338733-5064-e4dc-e9a0-6c41f057e61f,2026-07-06T07:31:42.700,aml,OK,pacs.008,FAST,180.76,SGD,**************2570,SG,107
f5338733-5064-e4dc-e9a0-6c41f057e61f,2026-07-06T07:31:42.844,payment-hub,OK,pacs.008,FAST,180.76,SGD,**************2570,SG,85
f5338733-5064-e4dc-e9a0-6c41f057e61f,2026-07-06T07:31:43.138,core-banking,OK,pacs.008,FAST,180.76,SGD,**************2570,SG,178
f5338733-5064-e4dc-e9a0-6c41f057e61f,2026-07-06T07:31:43.278,settlement,SETTLED,pacs.008,FAST,180.76,SGD,**************2570,SG,65
0b15ea49-770e-3ae6-2675-df6c8d52ff81,2026-07-03T05:13:30.311,gateway,OK,pacs.008,CARDS,426.24,GBP,**************1556,SG,33
0b15ea49-770e-3ae6-2675-df6c8d52ff81,2026-07-03T05:13:30.375,auth,OK,pacs.008,CARDS,426.24,GBP,**************1556,SG,63
0b15ea49-770e-3ae6-2675-df6c8d52ff81,2026-07-03T05:13:30.438,validation,OK,pacs.008,CARDS,426.24,GBP,**************1556,SG,77
0b15ea49-770e-3ae6-2675-df6c8d52ff81,2026-07-03T05:13:30.507,aml,OK,pacs.008,CARDS,426.24,GBP,**************1556,SG,98
0b15ea49-770e-3ae6-2675-df6c8d52ff81,2026-07-03T05:13:30.565,payment-hub,OK,pacs.008,CARDS,426.24,GBP,**************1556,SG,72
0b15ea49-770e-3ae6-2675-df6c8d52ff81,2026-07-03T05:13:30.648,core-banking,OK,pacs.008,CARDS,426.24,GBP,**************1556,SG,52
0b15ea49-770e-3ae6-2675-df6c8d52ff81,2026-07-03T05:13:30.764,settlement,SETTLED,pacs.008,CARDS,426.24,GBP,**************1556,SG,204
6547e31e-77b3-f556-438a-08b4eb933f74,2026-07-11T10:29:36.224,gateway,OK,pacs.008,SWIFT,791.34,SGD,**************2544,SG,54
6547e31e-77b3-f556-438a-08b4eb933f74,2026-07-11T10:29:36.302,auth,OK,pacs.008,SWIFT,791.34,SGD,**************2544,SG,26
6547e31e-77b3-f556-438a-08b4eb933f74,2026-07-11T10:29:36.412,validation,OK,pacs.008,SWIFT,791.34,SGD,**************2544,SG,79
6547e31e-77b3-f556-438a-08b4eb933f74,2026-07-11T10:29:36.522,aml,OK,pacs.008,SWIFT,791.34,SGD,**************2544,SG,271
6547e31e-77b3-f556-438a-08b4eb933f74,2026-07-11T10:29:36.615,payment-hub,OK,pacs.008,SWIFT,791.34,SGD,**************2544,SG,122
6547e31e-77b3-f556-438a-08b4eb933f74,2026-07-11T10:29:36.671,core-banking,OK,pacs.008,SWIFT,791.34,SGD,**************2544,SG,199
6547e31e-77b3-f556-438a-08b4eb933f74,2026-07-11T10:29:36.822,settlement,SETTLED,pacs.008,SWIFT,791.34,SGD,**************2544,SG,278
6f547198-4911-f6c8-cdaa-9a0dc5bac642,2026-07-03T17:35:27.789,gateway,OK,pacs.008,FAST,1708.73,SGD,**************9566,GB,20
6f547198-4911-f6c8-cdaa-9a0dc5bac642,2026-07-03T17:35:27.883,auth,OK,pacs.008,FAST,1708.73,SGD,**************9566,GB,84
6f547198-4911-f6c8-cdaa-9a0dc5bac642,2026-07-03T17:35:27.950,validation,OK,pacs.008,FAST,1708.73,SGD,**************9566,GB,50
6f547198-4911-f6c8-cdaa-9a0dc5bac642,2026-07-03T17:35:28.009,aml,OK,pacs.008,FAST,1708.73,SGD,**************9566,GB,227
6f547198-4911-f6c8-cdaa-9a0dc5bac642,2026-07-03T17:35:28.175,payment-hub,OK,pacs.008,FAST,1708.73,SGD,**************9566,GB,106
6f547198-4911-f6c8-cdaa-9a0dc5bac642,2026-07-03T17:35:28.238,core-banking,OK,pacs.008,FAST,1708.73,SGD,**************9566,GB,219
6f547198-4911-f6c8-cdaa-9a0dc5bac642,2026-07-03T17:35:28.298,settlement,SETTLED,pacs.008,FAST,1708.73,SGD,**************9566,GB,233
b3152db8-cfd1-d8fb-6277-051015ea96e3,2026-07-05T21:28:19.286,gateway,OK,pacs.008,CARDS,642.31,SGD,**************9096,GB,16
b3152db8-cfd1-d8fb-6277-051015ea96e3,2026-07-05T21:28:19.371,auth,OK,pacs.008,CARDS,642.31,SGD,**************9096,GB,26
b3152db8-cfd1-d8fb-6277-051015ea96e3,2026-07-05T21:28:19.522,validation,OK,pacs.008,CARDS,642.31,SGD,**************9096,GB,81
b3152db8-cfd1-d8fb-6277-051015ea96e3,2026-07-05T21:28:19.585,aml,TIMEOUT,pacs.008,CARDS,642.31,SGD,**************9096,GB,30000
b3152db8-cfd1-d8fb-6277-051015ea96e3,2026-07-05T21:28:19.868,payment-hub,FAILED,pacs.008,CARDS,642.31,SGD,**************9096,GB,136
b26c5d2a-01ea-3a3b-fa8c-b9fd740aed81,2026-07-07T16:09:16.234,gateway,OK,pacs.008,FAST,254.24,SGD,**************6712,GB,37
b26c5d2a-01ea-3a3b-fa8c-b9fd740aed81,2026-07-07T16:09:16.319,auth,OK,pacs.008,FAST,254.24,SGD,**************6712,GB,62
b26c5d2a-01ea-3a3b-fa8c-b9fd740aed81,2026-07-07T16:09:16.393,validation,OK,pacs.008,FAST,254.24,SGD,**************6712,GB,36
b26c5d2a-01ea-3a3b-fa8c-b9fd740aed81,2026-07-07T16:09:16.470,aml,OK,pacs.008,FAST,254.24,SGD,**************6712,GB,255
b26c5d2a-01ea-3a3b-fa8c-b9fd740aed81,2026-07-07T16:09:16.672,payment-hub,OK,pacs.008,FAST,254.24,SGD,**************6712,GB,37
b26c5d2a-01ea-3a3b-fa8c-b9fd740aed81,2026-07-07T16:09:16.888,core-banking,OK,pacs.008,FAST,254.24,SGD,**************6712,GB,71
b26c5d2a-01ea-3a3b-fa8c-b9fd740aed81,2026-07-07T16:09:16.965,settlement,SETTLED,pacs.008,FAST,254.24,SGD,**************6712,GB,110
e6b5b55b-1d2b-dd88-c99c-f418496d81dc,2026-07-09T07:34:45.950,gateway,OK,MT103,FAST,831.44,INR,**************9134,MY,42
e6b5b55b-1d2b-dd88-c99c-f418496d81dc,2026-07-09T07:34:46.123,auth,OK,MT103,FAST,831.44,INR,**************9134,MY,62
e6b5b55b-1d2b-dd88-c99c-f418496d81dc,2026-07-09T07:34:46.413,validation,OK,MT103,FAST,831.44,INR,**************9134,MY,93
e6b5b55b-1d2b-dd88-c99c-f418496d81dc,2026-07-09T07:34:46.507,aml,OK,MT103,FAST,831.44,INR,**************9134,MY,133
e6b5b55b-1d2b-dd88-c99c-f418496d81dc,2026-07-09T07:34:46.581,payment-hub,OK,MT103,FAST,831.44,INR,**************9134,MY,39
e6b5b55b-1d2b-dd88-c99c-f418496d81dc,2026-07-09T07:34:46.693,core-banking,OK,MT103,FAST,831.44,INR,**************9134,MY,108
e6b5b55b-1d2b-dd88-c99c-f418496d81dc,2026-07-09T07:34:46.839,settlement,SETTLED,MT103,FAST,831.44,INR,**************9134,MY,178
884b536e-2812-49c6-5681-be088a92d96e,2026-07-05T04:08:11.233,gateway,OK,pacs.008,SWIFT,4406.21,EUR,**************8593,SG,27
884b536e-2812-49c6-5681-be088a92d96e,2026-07-05T04:08:11.286,auth,OK,pacs.008,SWIFT,4406.21,EUR,**************8593,SG,39
884b536e-2812-49c6-5681-be088a92d96e,2026-07-05T04:08:11.347,validation,OK,pacs.008,SWIFT,4406.21,EUR,**************8593,SG,31
884b536e-2812-49c6-5681-be088a92d96e,2026-07-05T04:08:11.443,aml,OK,pacs.008,SWIFT,4406.21,EUR,**************8593,SG,274
884b536e-2812-49c6-5681-be088a92d96e,2026-07-05T04:08:11.744,payment-hub,OK,pacs.008,SWIFT,4406.21,EUR,**************8593,SG,118
884b536e-2812-49c6-5681-be088a92d96e,2026-07-05T04:08:11.801,core-banking,OK,pacs.008,SWIFT,4406.21,EUR,**************8593,SG,196
884b536e-2812-49c6-5681-be088a92d96e,2026-07-05T04:08:11.877,settlement,SETTLED,pacs.008,SWIFT,4406.21,EUR,**************8593,SG,150
17121de2-7cf3-27c5-331e-71422739e834,2026-07-07T22:00:13.870,gateway,OK,MT103,FAST,616.02,EUR,**************8567,SG,44
17121de2-7cf3-27c5-331e-71422739e834,2026-07-07T22:00:14.155,auth,OK,MT103,FAST,616.02,EUR,**************8567,SG,27
17121de2-7cf3-27c5-331e-71422739e834,2026-07-07T22:00:14.222,validation,OK,MT103,FAST,616.02,EUR,**************8567,SG,79
17121de2-7cf3-27c5-331e-71422739e834,2026-07-07T22:00:14.287,aml,OK,MT103,FAST,616.02,EUR,**************8567,SG,58
17121de2-7cf3-27c5-331e-71422739e834,2026-07-07T22:00:14.394,payment-hub,OK,MT103,FAST,616.02,EUR,**************8567,SG,46
17121de2-7cf3-27c5-331e-71422739e834,2026-07-07T22:00:14.630,core-banking,OK,MT103,FAST,616.02,EUR,**************8567,SG,58
17121de2-7cf3-27c5-331e-71422739e834,2026-07-07T22:00:14.691,settlement,SETTLED,MT103,FAST,616.02,EUR,**************8567,SG,261
5f823e28-9e7d-b2e6-f8d0-2c9da6a16cb5,2026-07-02T12:19:36.512,gateway,OK,pacs.008,SWIFT,300.94,MYR,**************6346,US,33
5f823e28-9e7d-b2e6-f8d0-2c9da6a16cb5,2026-07-02T12:19:36.594,auth,OK,pacs.008,SWIFT,300.94,MYR,**************6346,US,74
5f823e28-9e7d-b2e6-f8d0-2c9da6a16cb5,2026-07-02T12:19:36.725,validation,OK,pacs.008,SWIFT,300.94,MYR,**************6346,US,111
5f823e28-9e7d-b2e6-f8d0-2c9da6a16cb5,2026-07-02T12:19:36.850,aml,OK,pacs.008,SWIFT,300.94,MYR,**************6346,US,58
5f823e28-9e7d-b2e6-f8d0-2c9da6a16cb5,2026-07-02T12:19:36.923,payment-hub,OK,pacs.008,SWIFT,300.94,MYR,**************6346,US,70
5f823e28-9e7d-b2e6-f8d0-2c9da6a16cb5,2026-07-02T12:19:37.037,core-banking,OK,pacs.008,SWIFT,300.94,MYR,**************6346,US,77
5f823e28-9e7d-b2e6-f8d0-2c9da6a16cb5,2026-07-02T12:19:37.115,settlement,SETTLED,pacs.008,SWIFT,300.94,MYR,**************6346,US,391
4a6ecf3a-c3e9-66ad-8041-d0b2de200f68,2026-07-12T01:07:11.155,gateway,OK,MT103,SWIFT,215.27,SGD,**************1261,SG,20
4a6ecf3a-c3e9-66ad-8041-d0b2de200f68,2026-07-12T01:07:11.348,auth,OK,MT103,SWIFT,215.27,SGD,**************1261,SG,26
4a6ecf3a-c3e9-66ad-8041-d0b2de200f68,2026-07-12T01:07:11.426,validation,OK,MT103,SWIFT,215.27,SGD,**************1261,SG,113
4a6ecf3a-c3e9-66ad-8041-d0b2de200f68,2026-07-12T01:07:11.631,aml,OK,MT103,SWIFT,215.27,SGD,**************1261,SG,127
4a6ecf3a-c3e9-66ad-8041-d0b2de200f68,2026-07-12T01:07:11.761,payment-hub,OK,MT103,SWIFT,215.27,SGD,**************1261,SG,92
4a6ecf3a-c3e9-66ad-8041-d0b2de200f68,2026-07-12T01:07:11.911,core-banking,OK,MT103,SWIFT,215.27,SGD,**************1261,SG,164
4a6ecf3a-c3e9-66ad-8041-d0b2de200f68,2026-07-12T01:07:11.980,settlement,SETTLED,MT103,SWIFT,215.27,SGD,**************1261,SG,397
8ad1ced8-d5c8-3c3e-ba66-8ece8a53ff88,2026-07-06T09:33:20.924,gateway,OK,MT103,FAST,187.41,SGD,**************8395,GB,33
8ad1ced8-d5c8-3c3e-ba66-8ece8a53ff88,2026-07-06T09:33:20.972,auth,OK,MT103,FAST,187.41,SGD,**************8395,GB,89
8ad1ced8-d5c8-3c3e-ba66-8ece8a53ff88,2026-07-06T09:33:21.143,validation,OK,MT103,FAST,187.41,SGD,**************8395,GB,49
8ad1ced8-d5c8-3c3e-ba66-8ece8a53ff88,2026-07-06T09:33:21.229,aml,OK,MT103,FAST,187.41,SGD,**************8395,GB,288
8ad1ced8-d5c8-3c3e-ba66-8ece8a53ff88,2026-07-06T09:33:21.294,payment-hub,OK,MT103,FAST,187.41,SGD,**************8395,GB,82
8ad1ced8-d5c8-3c3e-ba66-8ece8a53ff88,2026-07-06T09:33:21.625,core-banking,OK,MT103,FAST,187.41,SGD,**************8395,GB,185
8ad1ced8-d5c8-3c3e-ba66-8ece8a53ff88,2026-07-06T09:33:21.681,settlement,SETTLED,MT103,FAST,187.41,SGD,**************8395,GB,249
fb8895df-2d70-1c75-5869-42e549448e91,2026-07-11T00:31:49.829,gateway,OK,0200,SWIFT,717.16,USD,**************7651,SG,18
fb8895df-2d70-1c75-5869-42e549448e91,2026-07-11T00:31:49.938,auth,OK,0200,SWIFT,717.16,USD,**************7651,SG,48
fb8895df-2d70-1c75-5869-42e549448e91,2026-07-11T00:31:50.089,validation,OK,0200,SWIFT,717.16,USD,**************7651,SG,83
fb8895df-2d70-1c75-5869-42e549448e91,2026-07-11T00:31:50.183,aml,OK,0200,SWIFT,717.16,USD,**************7651,SG,47
fb8895df-2d70-1c75-5869-42e549448e91,2026-07-11T00:31:50.288,payment-hub,OK,0200,SWIFT,717.16,USD,**************7651,SG,140
fb8895df-2d70-1c75-5869-42e549448e91,2026-07-11T00:31:50.422,core-banking,OK,0200,SWIFT,717.16,USD,**************7651,SG,129
fb8895df-2d70-1c75-5869-42e549448e91,2026-07-11T00:31:50.463,settlement,SETTLED,0200,SWIFT,717.16,USD,**************7651,SG,381
8d8226b9-97b5-2980-842d-6e3fe8c4400e,2026-07-11T06:39:36.305,gateway,OK,pacs.008,SWIFT,956.37,SGD,**************4756,SG,58
8d8226b9-97b5-2980-842d-6e3fe8c4400e,2026-07-11T06:39:36.370,auth,OK,pacs.008,SWIFT,956.37,SGD,**************4756,SG,62
8d8226b9-97b5-2980-842d-6e3fe8c4400e,2026-07-11T06:40:06.391,validation,OK,pacs.008,SWIFT,956.37,SGD,**************4756,SG,116
8d8226b9-97b5-2980-842d-6e3fe8c4400e,2026-07-11T06:40:06.655,aml,OK,pacs.008,SWIFT,956.37,SGD,**************4756,SG,58
8d8226b9-97b5-2980-842d-6e3fe8c4400e,2026-07-11T06:40:06.762,payment-hub,OK,pacs.008,SWIFT,956.37,SGD,**************4756,SG,70
8d8226b9-97b5-2980-842d-6e3fe8c4400e,2026-07-11T06:40:06.973,core-banking,OK,pacs.008,SWIFT,956.37,SGD,**************4756,SG,190
8d8226b9-97b5-2980-842d-6e3fe8c4400e,2026-07-11T06:40:07.110,settlement,SETTLED,pacs.008,SWIFT,956.37,SGD,**************4756,SG,108
c161dcbe-4663-d392-9ef1-2ea4dc37b4f4,2026-07-15T01:23:57.212,gateway,OK,pacs.008,FAST,6003.77,SGD,**************0080,GB,22
c161dcbe-4663-d392-9ef1-2ea4dc37b4f4,2026-07-15T01:23:57.287,auth,OK,pacs.008,FAST,6003.77,SGD,**************0080,GB,63
c161dcbe-4663-d392-9ef1-2ea4dc37b4f4,2026-07-15T01:23:57.375,validation,OK,pacs.008,FAST,6003.77,SGD,**************0080,GB,65
c161dcbe-4663-d392-9ef1-2ea4dc37b4f4,2026-07-15T01:23:57.426,aml,OK,pacs.008,FAST,6003.77,SGD,**************0080,GB,288
c161dcbe-4663-d392-9ef1-2ea4dc37b4f4,2026-07-15T01:23:57.541,payment-hub,OK,pacs.008,FAST,6003.77,SGD,**************0080,GB,126
c161dcbe-4663-d392-9ef1-2ea4dc37b4f4,2026-07-15T01:23:57.700,core-banking,OK,pacs.008,FAST,6003.77,SGD,**************0080,GB,154
c161dcbe-4663-d392-9ef1-2ea4dc37b4f4,2026-07-15T01:23:57.782,settlement,SETTLED,pacs.008,FAST,6003.77,SGD,**************0080,GB,379
128e79be-55b2-abe3-cd92-ccca5dd6fa20,2026-07-02T11:48:56.873,gateway,OK,0200,FAST,161.69,SGD,**************0679,MY,47
128e79be-55b2-abe3-cd92-ccca5dd6fa20,2026-07-02T11:48:57.025,auth,OK,0200,FAST,161.69,SGD,**************0679,MY,55
128e79be-55b2-abe3-cd92-ccca5dd6fa20,2026-07-02T11:48:57.116,validation,OK,0200,FAST,161.69,SGD,**************0679,MY,52
128e79be-55b2-abe3-cd92-ccca5dd6fa20,2026-07-02T11:48:57.189,aml,OK,0200,FAST,161.69,SGD,**************0679,MY,298
128e79be-55b2-abe3-cd92-ccca5dd6fa20,2026-07-02T11:48:57.474,payment-hub,OK,0200,FAST,161.69,SGD,**************0679,MY,98
128e79be-55b2-abe3-cd92-ccca5dd6fa20,2026-07-02T11:48:57.699,core-banking,OK,0200,FAST,161.69,SGD,**************0679,MY,50
128e79be-55b2-abe3-cd92-ccca5dd6fa20,2026-07-02T11:48:57.779,settlement,SETTLED,0200,FAST,161.69,SGD,**************0679,MY,369
4963aed6-8497-6982-a448-38733868d64c,2026-07-11T20:09:22.378,gateway,OK,pacs.008,FAST,723.58,MYR,**************5503,SG,22
4963aed6-8497-6982-a448-38733868d64c,2026-07-11T20:09:22.628,auth,OK,pacs.008,FAST,723.58,MYR,**************5503,SG,72
4963aed6-8497-6982-a448-38733868d64c,2026-07-11T20:09:22.794,validation,OK,pacs.008,FAST,723.58,MYR,**************5503,SG,102
4963aed6-8497-6982-a448-38733868d64c,2026-07-11T20:09:22.894,aml,OK,pacs.008,FAST,723.58,MYR,**************5503,SG,87
4963aed6-8497-6982-a448-38733868d64c,2026-07-11T20:09:22.993,payment-hub,OK,pacs.008,FAST,723.58,MYR,**************5503,SG,103
4963aed6-8497-6982-a448-38733868d64c,2026-07-11T20:09:23.057,core-banking,OK,pacs.008,FAST,723.58,MYR,**************5503,SG,222
4963aed6-8497-6982-a448-38733868d64c,2026-07-11T20:09:23.180,settlement,SETTLED,pacs.008,FAST,723.58,MYR,**************5503,SG,77
2b84a660-022a-7f43-0005-3daf073139bd,2026-07-08T04:55:21.299,gateway,OK,MT103,CARDS,1287.97,MYR,**************9306,IN,48
2b84a660-022a-7f43-0005-3daf073139bd,2026-07-08T04:55:21.373,auth,OK,MT103,CARDS,1287.97,MYR,**************9306,IN,53
2b84a660-022a-7f43-0005-3daf073139bd,2026-07-08T04:55:21.515,validation,OK,MT103,CARDS,1287.97,MYR,**************9306,IN,93
2b84a660-022a-7f43-0005-3daf073139bd,2026-07-08T04:55:21.587,aml,OK,MT103,CARDS,1287.97,MYR,**************9306,IN,141
2b84a660-022a-7f43-0005-3daf073139bd,2026-07-08T04:55:21.669,payment-hub,OK,MT103,CARDS,1287.97,MYR,**************9306,IN,45
2b84a660-022a-7f43-0005-3daf073139bd,2026-07-08T04:55:21.726,core-banking,OK,MT103,CARDS,1287.97,MYR,**************9306,IN,158
2b84a660-022a-7f43-0005-3daf073139bd,2026-07-08T04:55:21.799,settlement,SETTLED,MT103,CARDS,1287.97,MYR,**************9306,IN,156
4d7f0cd7-6ab2-fc85-151b-b4ca6d7b02fb,2026-07-15T04:45:44.887,gateway,OK,pacs.008,FAST,567.86,EUR,**************3914,SG,43
4d7f0cd7-6ab2-fc85-151b-b4ca6d7b02fb,2026-07-15T04:45:45.096,auth,OK,pacs.008,FAST,567.86,EUR,**************3914,SG,27
4d7f0cd7-6ab2-fc85-151b-b4ca6d7b02fb,2026-07-15T04:45:45.200,validation,OK,pacs.008,FAST,567.86,EUR,**************3914,SG,83
4d7f0cd7-6ab2-fc85-151b-b4ca6d7b02fb,2026-07-15T04:45:45.294,aml,OK,pacs.008,FAST,567.86,EUR,**************3914,SG,147
4d7f0cd7-6ab2-fc85-151b-b4ca6d7b02fb,2026-07-15T04:45:45.562,payment-hub,OK,pacs.008,FAST,567.86,EUR,**************3914,SG,83
4d7f0cd7-6ab2-fc85-151b-b4ca6d7b02fb,2026-07-15T04:45:45.787,core-banking,OK,pacs.008,FAST,567.86,EUR,**************3914,SG,237
4d7f0cd7-6ab2-fc85-151b-b4ca6d7b02fb,2026-07-15T04:45:45.947,settlement,SETTLED,pacs.008,FAST,567.86,EUR,**************3914,SG,205
76dbbfa7-8f26-d8e6-e3c0-2038fc2dbeba,2026-07-15T07:49:19.723,gateway,OK,pacs.008,SWIFT,415.68,SGD,**************0843,SG,47
76dbbfa7-8f26-d8e6-e3c0-2038fc2dbeba,2026-07-15T07:49:19.841,auth,OK,pacs.008,SWIFT,415.68,SGD,**************0843,SG,42
76dbbfa7-8f26-d8e6-e3c0-2038fc2dbeba,2026-07-15T07:49:19.991,validation,OK,pacs.008,SWIFT,415.68,SGD,**************0843,SG,85
76dbbfa7-8f26-d8e6-e3c0-2038fc2dbeba,2026-07-15T07:49:20.194,aml,OK,pacs.008,SWIFT,415.68,SGD,**************0843,SG,205
76dbbfa7-8f26-d8e6-e3c0-2038fc2dbeba,2026-07-15T07:49:20.237,payment-hub,OK,pacs.008,SWIFT,415.68,SGD,**************0843,SG,48
76dbbfa7-8f26-d8e6-e3c0-2038fc2dbeba,2026-07-15T07:49:20.367,core-banking,OK,pacs.008,SWIFT,415.68,SGD,**************0843,SG,151
76dbbfa7-8f26-d8e6-e3c0-2038fc2dbeba,2026-07-15T07:49:20.565,settlement,SETTLED,pacs.008,SWIFT,415.68,SGD,**************0843,SG,351
baa3e427-b326-3a55-a036-6bb37b7e6e24,2026-07-04T04:27:35.746,gateway,OK,pacs.008,FAST,1565.49,SGD,**************8703,MY,37
baa3e427-b326-3a55-a036-6bb37b7e6e24,2026-07-04T04:27:35.877,auth,OK,pacs.008,FAST,1565.49,SGD,**************8703,MY,49
baa3e427-b326-3a55-a036-6bb37b7e6e24,2026-07-04T04:27:35.980,validation,OK,pacs.008,FAST,1565.49,SGD,**************8703,MY,71
baa3e427-b326-3a55-a036-6bb37b7e6e24,2026-07-04T04:27:36.029,aml,OK,pacs.008,FAST,1565.49,SGD,**************8703,MY,89
baa3e427-b326-3a55-a036-6bb37b7e6e24,2026-07-04T04:27:36.197,payment-hub,OK,pacs.008,FAST,1565.49,SGD,**************8703,MY,148
baa3e427-b326-3a55-a036-6bb37b7e6e24,2026-07-04T04:27:36.270,core-banking,OK,pacs.008,FAST,1565.49,SGD,**************8703,MY,198
baa3e427-b326-3a55-a036-6bb37b7e6e24,2026-07-04T04:27:36.317,settlement,SETTLED,pacs.008,FAST,1565.49,SGD,**************8703,MY,174
69e481d0-b806-9030-6390-b9ff455e8113,2026-07-02T09:39:46.627,gateway,OK,MT103,FAST,897.67,SGD,**************0123,SG,22
69e481d0-b806-9030-6390-b9ff455e8113,2026-07-02T09:39:46.807,auth,OK,MT103,FAST,897.67,SGD,**************0123,SG,38
69e481d0-b806-9030-6390-b9ff455e8113,2026-07-02T09:39:46.908,validation,OK,MT103,FAST,897.67,SGD,**************0123,SG,36
69e481d0-b806-9030-6390-b9ff455e8113,2026-07-02T09:39:47.031,aml,OK,MT103,FAST,897.67,SGD,**************0123,SG,187
69e481d0-b806-9030-6390-b9ff455e8113,2026-07-02T09:39:47.068,payment-hub,OK,MT103,FAST,897.67,SGD,**************0123,SG,68
69e481d0-b806-9030-6390-b9ff455e8113,2026-07-02T09:39:47.184,core-banking,OK,MT103,FAST,897.67,SGD,**************0123,SG,247
69e481d0-b806-9030-6390-b9ff455e8113,2026-07-02T09:39:47.247,settlement,SETTLED,MT103,FAST,897.67,SGD,**************0123,SG,267
cae2e7ea-d512-8020-695c-033c05240a2a,2026-07-14T00:50:26.308,gateway,OK,pacs.008,SWIFT,729.83,USD,**************0796,HK,50
cae2e7ea-d512-8020-695c-033c05240a2a,2026-07-14T00:50:26.443,auth,OK,pacs.008,SWIFT,729.83,USD,**************0796,HK,89
cae2e7ea-d512-8020-695c-033c05240a2a,2026-07-14T00:50:26.575,validation,OK,pacs.008,SWIFT,729.83,USD,**************0796,HK,70
cae2e7ea-d512-8020-695c-033c05240a2a,2026-07-14T00:50:26.819,aml,OK,pacs.008,SWIFT,729.83,USD,**************0796,HK,209
cae2e7ea-d512-8020-695c-033c05240a2a,2026-07-14T00:50:26.875,payment-hub,OK,pacs.008,SWIFT,729.83,USD,**************0796,HK,103
cae2e7ea-d512-8020-695c-033c05240a2a,2026-07-14T00:50:26.982,core-banking,OK,pacs.008,SWIFT,729.83,USD,**************0796,HK,75
cae2e7ea-d512-8020-695c-033c05240a2a,2026-07-14T00:50:27.043,settlement,SETTLED,pacs.008,SWIFT,729.83,USD,**************0796,HK,252
f8ac6701-b8c3-c2f3-b38e-00844a996d63,2026-07-15T05:40:08.480,gateway,OK,MT103,FAST,11835.23,USD,**************5171,SG,52
f8ac6701-b8c3-c2f3-b38e-00844a996d63,2026-07-15T05:40:08.521,auth,OK,MT103,FAST,11835.23,USD,**************5171,SG,56
f8ac6701-b8c3-c2f3-b38e-00844a996d63,2026-07-15T05:40:08.624,validation,OK,MT103,FAST,11835.23,USD,**************5171,SG,47
f8ac6701-b8c3-c2f3-b38e-00844a996d63,2026-07-15T05:40:08.805,aml,OK,MT103,FAST,11835.23,USD,**************5171,SG,118
f8ac6701-b8c3-c2f3-b38e-00844a996d63,2026-07-15T05:40:08.931,payment-hub,OK,MT103,FAST,11835.23,USD,**************5171,SG,93
f8ac6701-b8c3-c2f3-b38e-00844a996d63,2026-07-15T05:40:09.099,core-banking,OK,MT103,FAST,11835.23,USD,**************5171,SG,200
f8ac6701-b8c3-c2f3-b38e-00844a996d63,2026-07-15T05:40:09.147,settlement,SETTLED,MT103,FAST,11835.23,USD,**************5171,SG,121
29a59aa5-d30a-7a8b-2b6d-3840fff299fa,2026-07-06T09:28:03.571,gateway,OK,MT103,FAST,824.55,SGD,**************9572,SG,15
29a59aa5-d30a-7a8b-2b6d-3840fff299fa,2026-07-06T09:28:03.717,auth,OK,MT103,FAST,824.55,SGD,**************9572,SG,23
29a59aa5-d30a-7a8b-2b6d-3840fff299fa,2026-07-06T09:28:03.795,validation,OK,MT103,FAST,824.55,SGD,**************9572,SG,119
29a59aa5-d30a-7a8b-2b6d-3840fff299fa,2026-07-06T09:28:03.924,aml,OK,MT103,FAST,824.55,SGD,**************9572,SG,269
29a59aa5-d30a-7a8b-2b6d-3840fff299fa,2026-07-06T09:28:04.048,payment-hub,OK,MT103,FAST,824.55,SGD,**************9572,SG,133
29a59aa5-d30a-7a8b-2b6d-3840fff299fa,2026-07-06T09:28:04.127,core-banking,OK,MT103,FAST,824.55,SGD,**************9572,SG,216
29a59aa5-d30a-7a8b-2b6d-3840fff299fa,2026-07-06T09:28:04.177,settlement,SETTLED,MT103,FAST,824.55,SGD,**************9572,SG,174
5b0e7b96-95d5-b8b2-124f-9db6bf268f09,2026-07-10T20:46:29.749,gateway,OK,pacs.008,SWIFT,505.85,INR,**************6496,US,25
5b0e7b96-95d5-b8b2-124f-9db6bf268f09,2026-07-10T20:46:29.801,auth,OK,pacs.008,SWIFT,505.85,INR,**************6496,US,57
5b0e7b96-95d5-b8b2-124f-9db6bf268f09,2026-07-10T20:46:29.869,validation,OK,pacs.008,SWIFT,505.85,INR,**************6496,US,25
5b0e7b96-95d5-b8b2-124f-9db6bf268f09,2026-07-10T20:46:29.940,aml,OK,pacs.008,SWIFT,505.85,INR,**************6496,US,193
5b0e7b96-95d5-b8b2-124f-9db6bf268f09,2026-07-10T20:46:30.195,payment-hub,OK,pacs.008,SWIFT,505.85,INR,**************6496,US,83
5b0e7b96-95d5-b8b2-124f-9db6bf268f09,2026-07-10T20:46:30.236,core-banking,OK,pacs.008,SWIFT,505.85,INR,**************6496,US,121
5b0e7b96-95d5-b8b2-124f-9db6bf268f09,2026-07-10T20:46:30.309,settlement,SETTLED,pacs.008,SWIFT,505.85,INR,**************6496,US,150
0b7cda80-66d5-bb98-1705-14a10b666217,2026-07-06T01:47:20.598,gateway,OK,MT103,FAST,1690.58,INR,**************8002,SG,47
0b7cda80-66d5-bb98-1705-14a10b666217,2026-07-06T01:47:20.658,auth,OK,MT103,FAST,1690.58,INR,**************8002,SG,33
0b7cda80-66d5-bb98-1705-14a10b666217,2026-07-06T01:47:20.901,validation,OK,MT103,FAST,1690.58,INR,**************8002,SG,31
0b7cda80-66d5-bb98-1705-14a10b666217,2026-07-06T01:47:21.025,aml,OK,MT103,FAST,1690.58,INR,**************8002,SG,230
0b7cda80-66d5-bb98-1705-14a10b666217,2026-07-06T01:47:21.083,payment-hub,OK,MT103,FAST,1690.58,INR,**************8002,SG,64
0b7cda80-66d5-bb98-1705-14a10b666217,2026-07-06T01:47:21.304,core-banking,OK,MT103,FAST,1690.58,INR,**************8002,SG,242
0b7cda80-66d5-bb98-1705-14a10b666217,2026-07-06T01:47:21.362,settlement,SETTLED,MT103,FAST,1690.58,INR,**************8002,SG,327
e0486588-63f7-4d23-6371-607fca200b20,2026-07-07T19:41:24.521,gateway,OK,pacs.008,FAST,966.11,USD,**************4437,MY,58
e0486588-63f7-4d23-6371-607fca200b20,2026-07-07T19:41:24.711,auth,OK,pacs.008,FAST,966.11,USD,**************4437,MY,48
e0486588-63f7-4d23-6371-607fca200b20,2026-07-07T19:41:24.780,validation,OK,pacs.008,FAST,966.11,USD,**************4437,MY,73
e0486588-63f7-4d23-6371-607fca200b20,2026-07-07T19:41:24.899,aml,OK,pacs.008,FAST,966.11,USD,**************4437,MY,153
e0486588-63f7-4d23-6371-607fca200b20,2026-07-07T19:41:54.925,payment-hub,OK,pacs.008,FAST,966.11,USD,**************4437,MY,30
e0486588-63f7-4d23-6371-607fca200b20,2026-07-07T19:41:55.076,core-banking,OK,pacs.008,FAST,966.11,USD,**************4437,MY,172
e0486588-63f7-4d23-6371-607fca200b20,2026-07-07T19:41:55.231,settlement,SETTLED,pacs.008,FAST,966.11,USD,**************4437,MY,181
588b6832-cce7-93a6-deeb-7113d7b39d57,2026-07-02T12:14:34.387,gateway,OK,pacs.008,FAST,1711.33,MYR,**************2335,SG,16
588b6832-cce7-93a6-deeb-7113d7b39d57,2026-07-02T12:14:34.467,auth,OK,pacs.008,FAST,1711.33,MYR,**************2335,SG,89
588b6832-cce7-93a6-deeb-7113d7b39d57,2026-07-02T12:14:34.549,validation,OK,pacs.008,FAST,1711.33,MYR,**************2335,SG,45
588b6832-cce7-93a6-deeb-7113d7b39d57,2026-07-02T12:14:34.591,aml,OK,pacs.008,FAST,1711.33,MYR,**************2335,SG,56
588b6832-cce7-93a6-deeb-7113d7b39d57,2026-07-02T12:14:34.630,payment-hub,OK,pacs.008,FAST,1711.33,MYR,**************2335,SG,57
588b6832-cce7-93a6-deeb-7113d7b39d57,2026-07-02T12:14:34.696,core-banking,OK,pacs.008,FAST,1711.33,MYR,**************2335,SG,100
588b6832-cce7-93a6-deeb-7113d7b39d57,2026-07-02T12:14:34.864,settlement,SETTLED,pacs.008,FAST,1711.33,MYR,**************2335,SG,230
b67a9354-705c-ec76-c21b-b1b6bbbdd098,2026-07-13T14:06:00.113,gateway,OK,0200,FAST,79.18,SGD,**************5147,SG,24
b67a9354-705c-ec76-c21b-b1b6bbbdd098,2026-07-13T14:06:00.371,auth,OK,0200,FAST,79.18,SGD,**************5147,SG,30
b67a9354-705c-ec76-c21b-b1b6bbbdd098,2026-07-13T14:06:00.605,validation,OK,0200,FAST,79.18,SGD,**************5147,SG,71
b67a9354-705c-ec76-c21b-b1b6bbbdd098,2026-07-13T14:06:00.658,aml,OK,0200,FAST,79.18,SGD,**************5147,SG,287
b67a9354-705c-ec76-c21b-b1b6bbbdd098,2026-07-13T14:06:00.793,payment-hub,OK,0200,FAST,79.18,SGD,**************5147,SG,61
b67a9354-705c-ec76-c21b-b1b6bbbdd098,2026-07-13T14:06:00.879,core-banking,OK,0200,FAST,79.18,SGD,**************5147,SG,109
b67a9354-705c-ec76-c21b-b1b6bbbdd098,2026-07-13T14:06:00.940,settlement,SETTLED,0200,FAST,79.18,SGD,**************5147,SG,381
a670a87b-d9ff-fc89-4acb-f0de50a31bb3,2026-07-06T19:58:46.499,gateway,OK,MT103,SWIFT,284.46,MYR,**************5617,IN,45
a670a87b-d9ff-fc89-4acb-f0de50a31bb3,2026-07-06T19:58:46.576,auth,OK,MT103,SWIFT,284.46,MYR,**************5617,IN,67
a670a87b-d9ff-fc89-4acb-f0de50a31bb3,2026-07-06T19:58:46.653,validation,OK,MT103,SWIFT,284.46,MYR,**************5617,IN,56
a670a87b-d9ff-fc89-4acb-f0de50a31bb3,2026-07-06T19:58:46.752,aml,OK,MT103,SWIFT,284.46,MYR,**************5617,IN,63
a670a87b-d9ff-fc89-4acb-f0de50a31bb3,2026-07-06T19:58:46.871,payment-hub,OK,MT103,SWIFT,284.46,MYR,**************5617,IN,139
a670a87b-d9ff-fc89-4acb-f0de50a31bb3,2026-07-06T19:58:46.932,core-banking,OK,MT103,SWIFT,284.46,MYR,**************5617,IN,165
a670a87b-d9ff-fc89-4acb-f0de50a31bb3,2026-07-06T19:58:47.007,settlement,SETTLED,MT103,SWIFT,284.46,MYR,**************5617,IN,190
e92544fe-13a2-e033-1cb8-00ced66db74f,2026-07-03T11:59:42.797,gateway,OK,pacs.008,FAST,1375.74,USD,**************2664,MY,43
e92544fe-13a2-e033-1cb8-00ced66db74f,2026-07-03T11:59:42.909,auth,OK,pacs.008,FAST,1375.74,USD,**************2664,MY,82
e92544fe-13a2-e033-1cb8-00ced66db74f,2026-07-03T11:59:42.993,validation,REJECTED,pacs.008,FAST,1375.74,USD,**************2664,MY,82
6f0fd2d3-1b7e-002d-5449-6db0b615c05f,2026-07-02T04:40:54.637,gateway,OK,pacs.008,CARDS,996.72,EUR,**************8667,IN,31
6f0fd2d3-1b7e-002d-5449-6db0b615c05f,2026-07-02T04:40:54.702,auth,OK,pacs.008,CARDS,996.72,EUR,**************8667,IN,80
6f0fd2d3-1b7e-002d-5449-6db0b615c05f,2026-07-02T04:40:54.781,validation,OK,pacs.008,CARDS,996.72,EUR,**************8667,IN,80
6f0fd2d3-1b7e-002d-5449-6db0b615c05f,2026-07-02T04:40:54.852,aml,OK,pacs.008,CARDS,996.72,EUR,**************8667,IN,56
6f0fd2d3-1b7e-002d-5449-6db0b615c05f,2026-07-02T04:40:54.895,payment-hub,OK,pacs.008,CARDS,996.72,EUR,**************8667,IN,36
6f0fd2d3-1b7e-002d-5449-6db0b615c05f,2026-07-02T04:40:55.038,core-banking,OK,pacs.008,CARDS,996.72,EUR,**************8667,IN,188
6f0fd2d3-1b7e-002d-5449-6db0b615c05f,2026-07-02T04:40:55.164,settlement,SETTLED,pacs.008,CARDS,996.72,EUR,**************8667,IN,376
e3709da0-1b9e-b1cc-0a69-14ad7a444360,2026-07-04T23:55:04.509,gateway,OK,pacs.008,FAST,1203.16,MYR,**************8547,SG,16
e3709da0-1b9e-b1cc-0a69-14ad7a444360,2026-07-04T23:55:04.633,auth,OK,pacs.008,FAST,1203.16,MYR,**************8547,SG,31
e3709da0-1b9e-b1cc-0a69-14ad7a444360,2026-07-04T23:55:04.735,validation,OK,pacs.008,FAST,1203.16,MYR,**************8547,SG,29
e3709da0-1b9e-b1cc-0a69-14ad7a444360,2026-07-04T23:55:04.827,aml,OK,pacs.008,FAST,1203.16,MYR,**************8547,SG,149
e3709da0-1b9e-b1cc-0a69-14ad7a444360,2026-07-04T23:55:04.894,payment-hub,OK,pacs.008,FAST,1203.16,MYR,**************8547,SG,86
e3709da0-1b9e-b1cc-0a69-14ad7a444360,2026-07-04T23:55:05.039,core-banking,OK,pacs.008,FAST,1203.16,MYR,**************8547,SG,84
e3709da0-1b9e-b1cc-0a69-14ad7a444360,2026-07-04T23:55:05.251,settlement,SETTLED,pacs.008,FAST,1203.16,MYR,**************8547,SG,64
1286da01-764b-390b-8f79-9401db2265ad,2026-07-05T11:43:20.072,gateway,OK,pacs.008,FAST,130.54,USD,**************0830,SG,24
1286da01-764b-390b-8f79-9401db2265ad,2026-07-05T11:43:20.156,auth,OK,pacs.008,FAST,130.54,USD,**************0830,SG,61
1286da01-764b-390b-8f79-9401db2265ad,2026-07-05T11:43:20.265,validation,OK,pacs.008,FAST,130.54,USD,**************0830,SG,82
1286da01-764b-390b-8f79-9401db2265ad,2026-07-05T11:43:20.438,aml,OK,pacs.008,FAST,130.54,USD,**************0830,SG,179
1286da01-764b-390b-8f79-9401db2265ad,2026-07-05T11:43:20.589,payment-hub,OK,pacs.008,FAST,130.54,USD,**************0830,SG,126
1286da01-764b-390b-8f79-9401db2265ad,2026-07-05T11:43:20.687,core-banking,OK,pacs.008,FAST,130.54,USD,**************0830,SG,110
1286da01-764b-390b-8f79-9401db2265ad,2026-07-05T11:43:20.766,settlement,SETTLED,pacs.008,FAST,130.54,USD,**************0830,SG,217
95b45ae8-582f-2e88-a452-acda0b90561f,2026-07-02T12:49:49.904,gateway,OK,pacs.008,SWIFT,1703.05,USD,**************8422,US,15
95b45ae8-582f-2e88-a452-acda0b90561f,2026-07-02T12:49:50.036,auth,OK,pacs.008,SWIFT,1703.05,USD,**************8422,US,34
95b45ae8-582f-2e88-a452-acda0b90561f,2026-07-02T12:49:50.125,validation,OK,pacs.008,SWIFT,1703.05,USD,**************8422,US,88
95b45ae8-582f-2e88-a452-acda0b90561f,2026-07-02T12:49:50.211,aml,OK,pacs.008,SWIFT,1703.05,USD,**************8422,US,112
95b45ae8-582f-2e88-a452-acda0b90561f,2026-07-02T12:49:50.258,payment-hub,OK,pacs.008,SWIFT,1703.05,USD,**************8422,US,118
95b45ae8-582f-2e88-a452-acda0b90561f,2026-07-02T12:49:50.324,core-banking,OK,pacs.008,SWIFT,1703.05,USD,**************8422,US,239
95b45ae8-582f-2e88-a452-acda0b90561f,2026-07-02T12:49:50.396,settlement,SETTLED,pacs.008,SWIFT,1703.05,USD,**************8422,US,283
dc87fb36-a75e-75fd-41e4-f7f51c85716f,2026-07-13T20:16:53.587,gateway,OK,pacs.008,FAST,269.39,USD,**************3653,MY,24
dc87fb36-a75e-75fd-41e4-f7f51c85716f,2026-07-13T20:16:53.693,auth,OK,pacs.008,FAST,269.39,USD,**************3653,MY,73
dc87fb36-a75e-75fd-41e4-f7f51c85716f,2026-07-13T20:16:53.754,validation,OK,pacs.008,FAST,269.39,USD,**************3653,MY,58
dc87fb36-a75e-75fd-41e4-f7f51c85716f,2026-07-13T20:16:53.832,aml,OK,pacs.008,FAST,269.39,USD,**************3653,MY,256
dc87fb36-a75e-75fd-41e4-f7f51c85716f,2026-07-13T20:16:54.046,payment-hub,OK,pacs.008,FAST,269.39,USD,**************3653,MY,39
dc87fb36-a75e-75fd-41e4-f7f51c85716f,2026-07-13T20:16:54.113,core-banking,OK,pacs.008,FAST,269.39,USD,**************3653,MY,84
dc87fb36-a75e-75fd-41e4-f7f51c85716f,2026-07-13T20:16:54.184,settlement,SETTLED,pacs.008,FAST,269.39,USD,**************3653,MY,263
4d926b88-576d-ea88-81c3-503351a4ae95,2026-07-05T17:52:20.811,gateway,OK,pacs.008,FAST,5730.54,SGD,**************9697,MY,43
4d926b88-576d-ea88-81c3-503351a4ae95,2026-07-05T17:52:20.899,auth,OK,pacs.008,FAST,5730.54,SGD,**************9697,MY,49
4d926b88-576d-ea88-81c3-503351a4ae95,2026-07-05T17:52:20.966,validation,OK,pacs.008,FAST,5730.54,SGD,**************9697,MY,95
4d926b88-576d-ea88-81c3-503351a4ae95,2026-07-05T17:52:21.091,aml,OK,pacs.008,FAST,5730.54,SGD,**************9697,MY,262
4d926b88-576d-ea88-81c3-503351a4ae95,2026-07-05T17:52:21.143,payment-hub,OK,pacs.008,FAST,5730.54,SGD,**************9697,MY,143
4d926b88-576d-ea88-81c3-503351a4ae95,2026-07-05T17:52:21.188,core-banking,OK,pacs.008,FAST,5730.54,SGD,**************9697,MY,225
4d926b88-576d-ea88-81c3-503351a4ae95,2026-07-05T17:52:51.212,settlement,SETTLED,pacs.008,FAST,5730.54,SGD,**************9697,MY,131
d09bc0ec-40fd-e980-0119-cc01beea53cc,2026-07-04T06:05:42.786,gateway,OK,MT103,SWIFT,775.62,USD,**************0621,SG,33
d09bc0ec-40fd-e980-0119-cc01beea53cc,2026-07-04T06:05:42.825,auth,OK,MT103,SWIFT,775.62,USD,**************0621,SG,23
d09bc0ec-40fd-e980-0119-cc01beea53cc,2026-07-04T06:05:42.931,validation,OK,MT103,SWIFT,775.62,USD,**************0621,SG,98
d09bc0ec-40fd-e980-0119-cc01beea53cc,2026-07-04T06:05:43.097,aml,TIMEOUT,MT103,SWIFT,775.62,USD,**************0621,SG,30000
d09bc0ec-40fd-e980-0119-cc01beea53cc,2026-07-04T06:05:43.257,payment-hub,FAILED,MT103,SWIFT,775.62,USD,**************0621,SG,32
a7b5611e-7d35-f98a-602b-ffb844df842f,2026-07-13T07:55:39.769,gateway,OK,MT103,FAST,754.9,SGD,**************7173,SG,20
a7b5611e-7d35-f98a-602b-ffb844df842f,2026-07-13T07:55:39.838,auth,OK,MT103,FAST,754.9,SGD,**************7173,SG,71
a7b5611e-7d35-f98a-602b-ffb844df842f,2026-07-13T07:55:39.909,validation,OK,MT103,FAST,754.9,SGD,**************7173,SG,100
a7b5611e-7d35-f98a-602b-ffb844df842f,2026-07-13T07:55:39.999,aml,OK,MT103,FAST,754.9,SGD,**************7173,SG,271
a7b5611e-7d35-f98a-602b-ffb844df842f,2026-07-13T07:55:40.269,payment-hub,OK,MT103,FAST,754.9,SGD,**************7173,SG,117
a7b5611e-7d35-f98a-602b-ffb844df842f,2026-07-13T07:55:40.348,core-banking,OK,MT103,FAST,754.9,SGD,**************7173,SG,229
a7b5611e-7d35-f98a-602b-ffb844df842f,2026-07-13T07:55:40.427,settlement,SETTLED,MT103,FAST,754.9,SGD,**************7173,SG,256
34bf788a-44c1-7883-248e-6f8ba19c2625,2026-07-02T18:37:25.968,gateway,OK,0200,SWIFT,5189.89,EUR,**************6313,SG,54
34bf788a-44c1-7883-248e-6f8ba19c2625,2026-07-02T18:37:26.047,auth,OK,0200,SWIFT,5189.89,EUR,**************6313,SG,65
34bf788a-44c1-7883-248e-6f8ba19c2625,2026-07-02T18:37:26.341,validation,OK,0200,SWIFT,5189.89,EUR,**************6313,SG,104
34bf788a-44c1-7883-248e-6f8ba19c2625,2026-07-02T18:37:26.591,aml,OK,0200,SWIFT,5189.89,EUR,**************6313,SG,280
34bf788a-44c1-7883-248e-6f8ba19c2625,2026-07-02T18:37:26.821,payment-hub,OK,0200,SWIFT,5189.89,EUR,**************6313,SG,82
34bf788a-44c1-7883-248e-6f8ba19c2625,2026-07-02T18:37:27.128,core-banking,OK,0200,SWIFT,5189.89,EUR,**************6313,SG,158
34bf788a-44c1-7883-248e-6f8ba19c2625,2026-07-02T18:37:27.240,settlement,SETTLED,0200,SWIFT,5189.89,EUR,**************6313,SG,98
2d40a359-4a1c-33af-cc3f-b1ef17cbee2d,2026-07-09T03:53:04.834,gateway,OK,pacs.008,FAST,977.87,USD,**************6251,SG,48
2d40a359-4a1c-33af-cc3f-b1ef17cbee2d,2026-07-09T03:53:04.949,auth,OK,pacs.008,FAST,977.87,USD,**************6251,SG,84
2d40a359-4a1c-33af-cc3f-b1ef17cbee2d,2026-07-09T03:53:05.072,validation,OK,pacs.008,FAST,977.87,USD,**************6251,SG,78
2d40a359-4a1c-33af-cc3f-b1ef17cbee2d,2026-07-09T03:53:05.270,aml,OK,pacs.008,FAST,977.87,USD,**************6251,SG,244
2d40a359-4a1c-33af-cc3f-b1ef17cbee2d,2026-07-09T03:53:05.349,payment-hub,OK,pacs.008,FAST,977.87,USD,**************6251,SG,120
2d40a359-4a1c-33af-cc3f-b1ef17cbee2d,2026-07-09T03:53:05.501,core-banking,OK,pacs.008,FAST,977.87,USD,**************6251,SG,117
2d40a359-4a1c-33af-cc3f-b1ef17cbee2d,2026-07-09T03:53:05.582,settlement,SETTLED,pacs.008,FAST,977.87,USD,**************6251,SG,253
52aaed6f-4f6c-da88-3215-cf874ac95829,2026-07-03T07:25:34.309,gateway,OK,pacs.008,CARDS,322.83,SGD,**************4042,IN,15
52aaed6f-4f6c-da88-3215-cf874ac95829,2026-07-03T07:25:34.411,auth,OK,pacs.008,CARDS,322.83,SGD,**************4042,IN,85
52aaed6f-4f6c-da88-3215-cf874ac95829,2026-07-03T07:25:34.589,validation,OK,pacs.008,CARDS,322.83,SGD,**************4042,IN,43
52aaed6f-4f6c-da88-3215-cf874ac95829,2026-07-03T07:25:34.727,aml,OK,pacs.008,CARDS,322.83,SGD,**************4042,IN,144
52aaed6f-4f6c-da88-3215-cf874ac95829,2026-07-03T07:25:34.905,payment-hub,OK,pacs.008,CARDS,322.83,SGD,**************4042,IN,45
52aaed6f-4f6c-da88-3215-cf874ac95829,2026-07-03T07:25:35.128,core-banking,OK,pacs.008,CARDS,322.83,SGD,**************4042,IN,190
52aaed6f-4f6c-da88-3215-cf874ac95829,2026-07-03T07:25:35.238,settlement,SETTLED,pacs.008,CARDS,322.83,SGD,**************4042,IN,177
83edeedb-9f92-7766-44ed-8f5a72e168d4,2026-07-03T22:54:01.920,gateway,OK,pacs.008,FAST,497.32,EUR,**************8311,IN,16
83edeedb-9f92-7766-44ed-8f5a72e168d4,2026-07-03T22:54:01.980,auth,OK,pacs.008,FAST,497.32,EUR,**************8311,IN,71
83edeedb-9f92-7766-44ed-8f5a72e168d4,2026-07-03T22:54:02.136,validation,OK,pacs.008,FAST,497.32,EUR,**************8311,IN,82
83edeedb-9f92-7766-44ed-8f5a72e168d4,2026-07-03T22:54:02.316,aml,OK,pacs.008,FAST,497.32,EUR,**************8311,IN,261
83edeedb-9f92-7766-44ed-8f5a72e168d4,2026-07-03T22:54:02.430,payment-hub,OK,pacs.008,FAST,497.32,EUR,**************8311,IN,46
83edeedb-9f92-7766-44ed-8f5a72e168d4,2026-07-03T22:54:02.553,core-banking,OK,pacs.008,FAST,497.32,EUR,**************8311,IN,171
83edeedb-9f92-7766-44ed-8f5a72e168d4,2026-07-03T22:54:02.635,settlement,SETTLED,pacs.008,FAST,497.32,EUR,**************8311,IN,193
3832f465-8a4f-9b3e-bec9-b71b94416869,2026-07-10T04:54:34.206,gateway,OK,pacs.008,FAST,2895.81,SGD,**************9098,SG,31
3832f465-8a4f-9b3e-bec9-b71b94416869,2026-07-10T04:55:04.224,auth,OK,pacs.008,FAST,2895.81,SGD,**************9098,SG,81
3832f465-8a4f-9b3e-bec9-b71b94416869,2026-07-10T04:55:04.290,validation,OK,pacs.008,FAST,2895.81,SGD,**************9098,SG,61
3832f465-8a4f-9b3e-bec9-b71b94416869,2026-07-10T04:55:04.330,aml,OK,pacs.008,FAST,2895.81,SGD,**************9098,SG,147
3832f465-8a4f-9b3e-bec9-b71b94416869,2026-07-10T04:55:04.442,payment-hub,OK,pacs.008,FAST,2895.81,SGD,**************9098,SG,113
3832f465-8a4f-9b3e-bec9-b71b94416869,2026-07-10T04:55:04.562,core-banking,OK,pacs.008,FAST,2895.81,SGD,**************9098,SG,78
3832f465-8a4f-9b3e-bec9-b71b94416869,2026-07-10T04:55:04.851,settlement,SETTLED,pacs.008,FAST,2895.81,SGD,**************9098,SG,73
4d999c98-bb75-ed2c-e2d4-ccc5dfb4189b,2026-07-06T10:23:15.005,gateway,OK,pacs.008,CARDS,213.14,EUR,**************8706,GB,39
4d999c98-bb75-ed2c-e2d4-ccc5dfb4189b,2026-07-06T10:23:45.024,auth,OK,pacs.008,CARDS,213.14,EUR,**************8706,GB,35
4d999c98-bb75-ed2c-e2d4-ccc5dfb4189b,2026-07-06T10:23:45.128,validation,OK,pacs.008,CARDS,213.14,EUR,**************8706,GB,84
4d999c98-bb75-ed2c-e2d4-ccc5dfb4189b,2026-07-06T10:23:45.182,aml,OK,pacs.008,CARDS,213.14,EUR,**************8706,GB,239
4d999c98-bb75-ed2c-e2d4-ccc5dfb4189b,2026-07-06T10:23:45.237,payment-hub,OK,pacs.008,CARDS,213.14,EUR,**************8706,GB,112
4d999c98-bb75-ed2c-e2d4-ccc5dfb4189b,2026-07-06T10:23:45.360,core-banking,OK,pacs.008,CARDS,213.14,EUR,**************8706,GB,214
4d999c98-bb75-ed2c-e2d4-ccc5dfb4189b,2026-07-06T10:23:45.552,settlement,SETTLED,pacs.008,CARDS,213.14,EUR,**************8706,GB,194
d945c94d-12a2-9516-3d53-4b05f0f2fe17,2026-07-03T16:18:34.313,gateway,OK,pacs.008,FAST,368.31,INR,**************9621,IN,45
d945c94d-12a2-9516-3d53-4b05f0f2fe17,2026-07-03T16:18:34.491,auth,OK,pacs.008,FAST,368.31,INR,**************9621,IN,65
d945c94d-12a2-9516-3d53-4b05f0f2fe17,2026-07-03T16:18:34.576,validation,OK,pacs.008,FAST,368.31,INR,**************9621,IN,43
d945c94d-12a2-9516-3d53-4b05f0f2fe17,2026-07-03T16:18:34.628,aml,OK,pacs.008,FAST,368.31,INR,**************9621,IN,173
d945c94d-12a2-9516-3d53-4b05f0f2fe17,2026-07-03T16:18:34.697,payment-hub,OK,pacs.008,FAST,368.31,INR,**************9621,IN,88
d945c94d-12a2-9516-3d53-4b05f0f2fe17,2026-07-03T16:18:34.774,core-banking,OK,pacs.008,FAST,368.31,INR,**************9621,IN,219
d945c94d-12a2-9516-3d53-4b05f0f2fe17,2026-07-03T16:18:34.969,settlement,SETTLED,pacs.008,FAST,368.31,INR,**************9621,IN,385
2913c7a8-c2fc-c3eb-795c-764b4eb35d81,2026-07-09T22:21:20.375,gateway,OK,pacs.008,CARDS,1638.51,USD,**************4846,SG,41
2913c7a8-c2fc-c3eb-795c-764b4eb35d81,2026-07-09T22:21:20.551,auth,OK,pacs.008,CARDS,1638.51,USD,**************4846,SG,86
2913c7a8-c2fc-c3eb-795c-764b4eb35d81,2026-07-09T22:21:20.613,validation,OK,pacs.008,CARDS,1638.51,USD,**************4846,SG,44
2913c7a8-c2fc-c3eb-795c-764b4eb35d81,2026-07-09T22:21:20.852,aml,OK,pacs.008,CARDS,1638.51,USD,**************4846,SG,181
2913c7a8-c2fc-c3eb-795c-764b4eb35d81,2026-07-09T22:21:20.894,payment-hub,OK,pacs.008,CARDS,1638.51,USD,**************4846,SG,38
2913c7a8-c2fc-c3eb-795c-764b4eb35d81,2026-07-09T22:21:21.039,core-banking,OK,pacs.008,CARDS,1638.51,USD,**************4846,SG,245
2913c7a8-c2fc-c3eb-795c-764b4eb35d81,2026-07-09T22:21:21.106,settlement,SETTLED,pacs.008,CARDS,1638.51,USD,**************4846,SG,290
403488f5-dca4-7e2a-ecba-6b2868e7f9b7,2026-07-02T06:14:09.093,gateway,OK,MT103,CARDS,250.06,USD,**************2714,IN,57
403488f5-dca4-7e2a-ecba-6b2868e7f9b7,2026-07-02T06:14:09.277,auth,OK,MT103,CARDS,250.06,USD,**************2714,IN,87
403488f5-dca4-7e2a-ecba-6b2868e7f9b7,2026-07-02T06:14:09.370,validation,OK,MT103,CARDS,250.06,USD,**************2714,IN,104
403488f5-dca4-7e2a-ecba-6b2868e7f9b7,2026-07-02T06:14:09.431,aml,OK,MT103,CARDS,250.06,USD,**************2714,IN,123
403488f5-dca4-7e2a-ecba-6b2868e7f9b7,2026-07-02T06:14:09.596,payment-hub,OK,MT103,CARDS,250.06,USD,**************2714,IN,112
403488f5-dca4-7e2a-ecba-6b2868e7f9b7,2026-07-02T06:14:09.717,core-banking,OK,MT103,CARDS,250.06,USD,**************2714,IN,180
403488f5-dca4-7e2a-ecba-6b2868e7f9b7,2026-07-02T06:14:09.922,settlement,SETTLED,MT103,CARDS,250.06,USD,**************2714,IN,123
6ae758f1-10a0-b0f4-c22c-3210c285ee00,2026-07-15T00:25:21.254,gateway,OK,MT103,FAST,116.13,SGD,**************0374,SG,35
6ae758f1-10a0-b0f4-c22c-3210c285ee00,2026-07-15T00:25:21.426,auth,OK,MT103,FAST,116.13,SGD,**************0374,SG,83
6ae758f1-10a0-b0f4-c22c-3210c285ee00,2026-07-15T00:25:21.600,validation,OK,MT103,FAST,116.13,SGD,**************0374,SG,77
6ae758f1-10a0-b0f4-c22c-3210c285ee00,2026-07-15T00:25:21.735,aml,OK,MT103,FAST,116.13,SGD,**************0374,SG,241
6ae758f1-10a0-b0f4-c22c-3210c285ee00,2026-07-15T00:25:21.969,payment-hub,OK,MT103,FAST,116.13,SGD,**************0374,SG,69
6ae758f1-10a0-b0f4-c22c-3210c285ee00,2026-07-15T00:25:22.063,core-banking,OK,MT103,FAST,116.13,SGD,**************0374,SG,155
6ae758f1-10a0-b0f4-c22c-3210c285ee00,2026-07-15T00:25:22.166,settlement,SETTLED,MT103,FAST,116.13,SGD,**************0374,SG,240
e2103096-e74d-468f-825c-6de79cf1ebf6,2026-07-02T22:35:12.022,gateway,OK,pacs.008,SWIFT,165.88,USD,**************6116,SG,37
e2103096-e74d-468f-825c-6de79cf1ebf6,2026-07-02T22:35:12.141,auth,OK,pacs.008,SWIFT,165.88,USD,**************6116,SG,38
e2103096-e74d-468f-825c-6de79cf1ebf6,2026-07-02T22:35:12.360,validation,OK,pacs.008,SWIFT,165.88,USD,**************6116,SG,66
e2103096-e74d-468f-825c-6de79cf1ebf6,2026-07-02T22:35:12.420,aml,OK,pacs.008,SWIFT,165.88,USD,**************6116,SG,54
e2103096-e74d-468f-825c-6de79cf1ebf6,2026-07-02T22:35:12.458,payment-hub,OK,pacs.008,SWIFT,165.88,USD,**************6116,SG,94
e2103096-e74d-468f-825c-6de79cf1ebf6,2026-07-02T22:35:12.555,core-banking,OK,pacs.008,SWIFT,165.88,USD,**************6116,SG,148
e2103096-e74d-468f-825c-6de79cf1ebf6,2026-07-02T22:35:12.784,settlement,SETTLED,pacs.008,SWIFT,165.88,USD,**************6116,SG,292
b97d43f5-a14c-873c-0dcc-c2f22593202b,2026-07-10T03:54:33.947,gateway,OK,pacs.008,FAST,839.86,USD,**************6406,SG,24
b97d43f5-a14c-873c-0dcc-c2f22593202b,2026-07-10T03:54:34.038,auth,OK,pacs.008,FAST,839.86,USD,**************6406,SG,53
b97d43f5-a14c-873c-0dcc-c2f22593202b,2026-07-10T03:54:34.104,validation,OK,pacs.008,FAST,839.86,USD,**************6406,SG,92
b97d43f5-a14c-873c-0dcc-c2f22593202b,2026-07-10T03:54:34.417,aml,OK,pacs.008,FAST,839.86,USD,**************6406,SG,113
b97d43f5-a14c-873c-0dcc-c2f22593202b,2026-07-10T03:54:34.485,payment-hub,OK,pacs.008,FAST,839.86,USD,**************6406,SG,83
b97d43f5-a14c-873c-0dcc-c2f22593202b,2026-07-10T03:54:34.591,core-banking,OK,pacs.008,FAST,839.86,USD,**************6406,SG,127
b97d43f5-a14c-873c-0dcc-c2f22593202b,2026-07-10T03:54:34.797,settlement,SETTLED,pacs.008,FAST,839.86,USD,**************6406,SG,98
49efab80-f9ab-b221-f55c-54b5d7d2c07b,2026-07-02T09:09:32.418,gateway,OK,pacs.008,CARDS,1322.92,GBP,**************9671,SG,35
49efab80-f9ab-b221-f55c-54b5d7d2c07b,2026-07-02T09:09:32.461,auth,OK,pacs.008,CARDS,1322.92,GBP,**************9671,SG,87
49efab80-f9ab-b221-f55c-54b5d7d2c07b,2026-07-02T09:09:32.537,validation,OK,pacs.008,CARDS,1322.92,GBP,**************9671,SG,84
49efab80-f9ab-b221-f55c-54b5d7d2c07b,2026-07-02T09:09:32.805,aml,OK,pacs.008,CARDS,1322.92,GBP,**************9671,SG,78
49efab80-f9ab-b221-f55c-54b5d7d2c07b,2026-07-02T09:09:32.890,payment-hub,OK,pacs.008,CARDS,1322.92,GBP,**************9671,SG,58
49efab80-f9ab-b221-f55c-54b5d7d2c07b,2026-07-02T09:09:33.146,core-banking,OK,pacs.008,CARDS,1322.92,GBP,**************9671,SG,158
49efab80-f9ab-b221-f55c-54b5d7d2c07b,2026-07-02T09:09:33.222,settlement,SETTLED,pacs.008,CARDS,1322.92,GBP,**************9671,SG,289
1727e845-20dc-eda7-8b01-e3ac870bafd3,2026-07-10T12:31:17.112,gateway,OK,pacs.008,CARDS,2249.76,SGD,**************6473,US,50
1727e845-20dc-eda7-8b01-e3ac870bafd3,2026-07-10T12:31:17.198,auth,OK,pacs.008,CARDS,2249.76,SGD,**************6473,US,39
1727e845-20dc-eda7-8b01-e3ac870bafd3,2026-07-10T12:31:17.267,validation,OK,pacs.008,CARDS,2249.76,SGD,**************6473,US,46
1727e845-20dc-eda7-8b01-e3ac870bafd3,2026-07-10T12:31:17.315,aml,OK,pacs.008,CARDS,2249.76,SGD,**************6473,US,243
1727e845-20dc-eda7-8b01-e3ac870bafd3,2026-07-10T12:31:17.398,payment-hub,OK,pacs.008,CARDS,2249.76,SGD,**************6473,US,140
1727e845-20dc-eda7-8b01-e3ac870bafd3,2026-07-10T12:31:17.506,core-banking,OK,pacs.008,CARDS,2249.76,SGD,**************6473,US,133
1727e845-20dc-eda7-8b01-e3ac870bafd3,2026-07-10T12:31:17.589,settlement,SETTLED,pacs.008,CARDS,2249.76,SGD,**************6473,US,98
d8f47aa9-8a94-e610-288d-c6d7b6788e1b,2026-07-07T21:02:20.668,gateway,OK,0200,SWIFT,700.06,USD,**************4379,US,27
d8f47aa9-8a94-e610-288d-c6d7b6788e1b,2026-07-07T21:02:20.894,auth,OK,0200,SWIFT,700.06,USD,**************4379,US,53
d8f47aa9-8a94-e610-288d-c6d7b6788e1b,2026-07-07T21:02:20.959,validation,OK,0200,SWIFT,700.06,USD,**************4379,US,72
d8f47aa9-8a94-e610-288d-c6d7b6788e1b,2026-07-07T21:02:21.038,aml,OK,0200,SWIFT,700.06,USD,**************4379,US,85
d8f47aa9-8a94-e610-288d-c6d7b6788e1b,2026-07-07T21:02:51.048,payment-hub,OK,0200,SWIFT,700.06,USD,**************4379,US,137
d8f47aa9-8a94-e610-288d-c6d7b6788e1b,2026-07-07T21:02:51.203,core-banking,OK,0200,SWIFT,700.06,USD,**************4379,US,126
d8f47aa9-8a94-e610-288d-c6d7b6788e1b,2026-07-07T21:02:51.345,settlement,SETTLED,0200,SWIFT,700.06,USD,**************4379,US,375
df8879c1-3fc8-bd11-b65b-9126d248f560,2026-07-03T03:53:15.205,gateway,OK,pacs.008,FAST,2501.83,EUR,**************2029,IN,50
df8879c1-3fc8-bd11-b65b-9126d248f560,2026-07-03T03:53:15.301,auth,OK,pacs.008,FAST,2501.83,EUR,**************2029,IN,42
df8879c1-3fc8-bd11-b65b-9126d248f560,2026-07-03T03:53:15.335,validation,OK,pacs.008,FAST,2501.83,EUR,**************2029,IN,38
df8879c1-3fc8-bd11-b65b-9126d248f560,2026-07-03T03:53:15.416,aml,OK,pacs.008,FAST,2501.83,EUR,**************2029,IN,273
df8879c1-3fc8-bd11-b65b-9126d248f560,2026-07-03T03:53:15.625,payment-hub,OK,pacs.008,FAST,2501.83,EUR,**************2029,IN,102
df8879c1-3fc8-bd11-b65b-9126d248f560,2026-07-03T03:53:15.701,core-banking,OK,pacs.008,FAST,2501.83,EUR,**************2029,IN,102
df8879c1-3fc8-bd11-b65b-9126d248f560,2026-07-03T03:53:15.844,settlement,SETTLED,pacs.008,FAST,2501.83,EUR,**************2029,IN,230
8dd051fa-4924-b3fb-10b4-8dc52834fdb5,2026-07-04T06:07:58.112,gateway,OK,MT103,SWIFT,4251.74,SGD,**************0324,SG,49
8dd051fa-4924-b3fb-10b4-8dc52834fdb5,2026-07-04T06:07:58.330,auth,OK,MT103,SWIFT,4251.74,SGD,**************0324,SG,44
8dd051fa-4924-b3fb-10b4-8dc52834fdb5,2026-07-04T06:07:58.479,validation,OK,MT103,SWIFT,4251.74,SGD,**************0324,SG,74
8dd051fa-4924-b3fb-10b4-8dc52834fdb5,2026-07-04T06:07:58.564,aml,OK,MT103,SWIFT,4251.74,SGD,**************0324,SG,208
8dd051fa-4924-b3fb-10b4-8dc52834fdb5,2026-07-04T06:07:58.621,payment-hub,OK,MT103,SWIFT,4251.74,SGD,**************0324,SG,143
8dd051fa-4924-b3fb-10b4-8dc52834fdb5,2026-07-04T06:07:58.716,core-banking,OK,MT103,SWIFT,4251.74,SGD,**************0324,SG,51
8dd051fa-4924-b3fb-10b4-8dc52834fdb5,2026-07-04T06:07:58.885,settlement,SETTLED,MT103,SWIFT,4251.74,SGD,**************0324,SG,99
83c2d859-ae49-eb76-9040-6b7823ad4aa5,2026-07-02T12:10:23.337,gateway,OK,pacs.008,SWIFT,1875.5,MYR,**************9106,HK,17
83c2d859-ae49-eb76-9040-6b7823ad4aa5,2026-07-02T12:10:23.388,auth,OK,pacs.008,SWIFT,1875.5,MYR,**************9106,HK,62
83c2d859-ae49-eb76-9040-6b7823ad4aa5,2026-07-02T12:10:23.502,validation,OK,pacs.008,SWIFT,1875.5,MYR,**************9106,HK,53
83c2d859-ae49-eb76-9040-6b7823ad4aa5,2026-07-02T12:10:23.581,aml,OK,pacs.008,SWIFT,1875.5,MYR,**************9106,HK,77
83c2d859-ae49-eb76-9040-6b7823ad4aa5,2026-07-02T12:10:23.740,payment-hub,OK,pacs.008,SWIFT,1875.5,MYR,**************9106,HK,70
83c2d859-ae49-eb76-9040-6b7823ad4aa5,2026-07-02T12:10:23.798,core-banking,OK,pacs.008,SWIFT,1875.5,MYR,**************9106,HK,179
83c2d859-ae49-eb76-9040-6b7823ad4aa5,2026-07-02T12:10:23.895,settlement,SETTLED,pacs.008,SWIFT,1875.5,MYR,**************9106,HK,163
85b537bd-b264-c482-5ab9-810b80b890bc,2026-07-10T02:18:48.832,gateway,OK,MT103,FAST,594.55,GBP,**************4874,MY,53
85b537bd-b264-c482-5ab9-810b80b890bc,2026-07-10T02:18:48.946,auth,OK,MT103,FAST,594.55,GBP,**************4874,MY,77
85b537bd-b264-c482-5ab9-810b80b890bc,2026-07-10T02:18:49.006,validation,OK,MT103,FAST,594.55,GBP,**************4874,MY,34
85b537bd-b264-c482-5ab9-810b80b890bc,2026-07-10T02:18:49.231,aml,OK,MT103,FAST,594.55,GBP,**************4874,MY,240
85b537bd-b264-c482-5ab9-810b80b890bc,2026-07-10T02:18:49.323,payment-hub,OK,MT103,FAST,594.55,GBP,**************4874,MY,82
85b537bd-b264-c482-5ab9-810b80b890bc,2026-07-10T02:18:49.381,core-banking,OK,MT103,FAST,594.55,GBP,**************4874,MY,76
85b537bd-b264-c482-5ab9-810b80b890bc,2026-07-10T02:18:49.557,settlement,SETTLED,MT103,FAST,594.55,GBP,**************4874,MY,303
ba50c8aa-f810-45c9-3e29-5168d642044f,2026-07-14T04:54:16.649,gateway,OK,pacs.008,FAST,173.37,EUR,**************7833,SG,41
ba50c8aa-f810-45c9-3e29-5168d642044f,2026-07-14T04:54:16.786,auth,OK,pacs.008,FAST,173.37,EUR,**************7833,SG,71
ba50c8aa-f810-45c9-3e29-5168d642044f,2026-07-14T04:54:17.045,validation,OK,pacs.008,FAST,173.37,EUR,**************7833,SG,45
ba50c8aa-f810-45c9-3e29-5168d642044f,2026-07-14T04:54:17.156,aml,OK,pacs.008,FAST,173.37,EUR,**************7833,SG,299
ba50c8aa-f810-45c9-3e29-5168d642044f,2026-07-14T04:54:17.235,payment-hub,OK,pacs.008,FAST,173.37,EUR,**************7833,SG,135
ba50c8aa-f810-45c9-3e29-5168d642044f,2026-07-14T04:54:17.313,core-banking,OK,pacs.008,FAST,173.37,EUR,**************7833,SG,244
ba50c8aa-f810-45c9-3e29-5168d642044f,2026-07-14T04:54:17.351,settlement,SETTLED,pacs.008,FAST,173.37,EUR,**************7833,SG,127
9a949e84-bc44-ebc2-104b-6f5b9e4d1557,2026-07-07T18:43:22.808,gateway,OK,pacs.008,SWIFT,1494.36,MYR,**************0571,US,52
9a949e84-bc44-ebc2-104b-6f5b9e4d1557,2026-07-07T18:43:22.865,auth,OK,pacs.008,SWIFT,1494.36,MYR,**************0571,US,51
9a949e84-bc44-ebc2-104b-6f5b9e4d1557,2026-07-07T18:43:23.028,validation,REJECTED,pacs.008,SWIFT,1494.36,MYR,**************0571,US,91
bfccaa31-7231-6f31-ed3f-c6a964ae8898,2026-07-07T19:15:11.013,gateway,OK,MT103,FAST,9644.73,GBP,**************5283,GB,55
bfccaa31-7231-6f31-ed3f-c6a964ae8898,2026-07-07T19:15:11.081,auth,OK,MT103,FAST,9644.73,GBP,**************5283,GB,59
bfccaa31-7231-6f31-ed3f-c6a964ae8898,2026-07-07T19:15:11.207,validation,REJECTED,MT103,FAST,9644.73,GBP,**************5283,GB,108
6a6d659b-cb95-cfcc-87e0-6c4d5fc0ca87,2026-07-12T15:42:44.616,gateway,OK,pacs.008,FAST,589.18,SGD,**************0820,IN,56
6a6d659b-cb95-cfcc-87e0-6c4d5fc0ca87,2026-07-12T15:42:44.679,auth,OK,pacs.008,FAST,589.18,SGD,**************0820,IN,27
6a6d659b-cb95-cfcc-87e0-6c4d5fc0ca87,2026-07-12T15:42:44.731,validation,OK,pacs.008,FAST,589.18,SGD,**************0820,IN,34
6a6d659b-cb95-cfcc-87e0-6c4d5fc0ca87,2026-07-12T15:42:44.819,aml,OK,pacs.008,FAST,589.18,SGD,**************0820,IN,260
6a6d659b-cb95-cfcc-87e0-6c4d5fc0ca87,2026-07-12T15:42:44.896,payment-hub,OK,pacs.008,FAST,589.18,SGD,**************0820,IN,117
6a6d659b-cb95-cfcc-87e0-6c4d5fc0ca87,2026-07-12T15:42:44.955,core-banking,OK,pacs.008,FAST,589.18,SGD,**************0820,IN,188
6a6d659b-cb95-cfcc-87e0-6c4d5fc0ca87,2026-07-12T15:42:45.027,settlement,SETTLED,pacs.008,FAST,589.18,SGD,**************0820,IN,129
2357983f-4599-fc2e-1f17-4064d370504e,2026-07-01T14:02:57.989,gateway,OK,MT103,SWIFT,182.31,SGD,**************9332,SG,30
2357983f-4599-fc2e-1f17-4064d370504e,2026-07-01T14:02:58.100,auth,OK,MT103,SWIFT,182.31,SGD,**************9332,SG,32
2357983f-4599-fc2e-1f17-4064d370504e,2026-07-01T14:02:58.382,validation,OK,MT103,SWIFT,182.31,SGD,**************9332,SG,58
2357983f-4599-fc2e-1f17-4064d370504e,2026-07-01T14:02:58.437,aml,OK,MT103,SWIFT,182.31,SGD,**************9332,SG,50
2357983f-4599-fc2e-1f17-4064d370504e,2026-07-01T14:02:58.499,payment-hub,OK,MT103,SWIFT,182.31,SGD,**************9332,SG,108
2357983f-4599-fc2e-1f17-4064d370504e,2026-07-01T14:02:58.589,core-banking,OK,MT103,SWIFT,182.31,SGD,**************9332,SG,113
2357983f-4599-fc2e-1f17-4064d370504e,2026-07-01T14:02:58.685,settlement,SETTLED,MT103,SWIFT,182.31,SGD,**************9332,SG,242
2d8d156b-cf5b-19de-effc-7e98aa6b3da7,2026-07-12T04:57:28.251,gateway,OK,MT103,FAST,308.52,EUR,**************7034,SG,27
2d8d156b-cf5b-19de-effc-7e98aa6b3da7,2026-07-12T04:57:28.345,auth,OK,MT103,FAST,308.52,EUR,**************7034,SG,28
2d8d156b-cf5b-19de-effc-7e98aa6b3da7,2026-07-12T04:57:28.432,validation,OK,MT103,FAST,308.52,EUR,**************7034,SG,100
2d8d156b-cf5b-19de-effc-7e98aa6b3da7,2026-07-12T04:57:28.553,aml,OK,MT103,FAST,308.52,EUR,**************7034,SG,104
2d8d156b-cf5b-19de-effc-7e98aa6b3da7,2026-07-12T04:57:28.719,payment-hub,OK,MT103,FAST,308.52,EUR,**************7034,SG,150
2d8d156b-cf5b-19de-effc-7e98aa6b3da7,2026-07-12T04:57:28.822,core-banking,OK,MT103,FAST,308.52,EUR,**************7034,SG,226
2d8d156b-cf5b-19de-effc-7e98aa6b3da7,2026-07-12T04:57:28.952,settlement,SETTLED,MT103,FAST,308.52,EUR,**************7034,SG,294
2c31d2d3-4b14-5bf2-5c92-82a6c298389b,2026-07-02T02:20:01.328,gateway,OK,pacs.008,SWIFT,1784.21,SGD,**************7843,SG,39
2c31d2d3-4b14-5bf2-5c92-82a6c298389b,2026-07-02T02:20:01.410,auth,OK,pacs.008,SWIFT,1784.21,SGD,**************7843,SG,48
2c31d2d3-4b14-5bf2-5c92-82a6c298389b,2026-07-02T02:20:01.514,validation,OK,pacs.008,SWIFT,1784.21,SGD,**************7843,SG,62
2c31d2d3-4b14-5bf2-5c92-82a6c298389b,2026-07-02T02:20:01.664,aml,OK,pacs.008,SWIFT,1784.21,SGD,**************7843,SG,269
2c31d2d3-4b14-5bf2-5c92-82a6c298389b,2026-07-02T02:20:01.768,payment-hub,OK,pacs.008,SWIFT,1784.21,SGD,**************7843,SG,48
2c31d2d3-4b14-5bf2-5c92-82a6c298389b,2026-07-02T02:20:01.791,core-banking,OK,pacs.008,SWIFT,1784.21,SGD,**************7843,SG,192
2c31d2d3-4b14-5bf2-5c92-82a6c298389b,2026-07-02T02:20:02.036,settlement,SETTLED,pacs.008,SWIFT,1784.21,SGD,**************7843,SG,330
27f5f3a2-8544-68bf-71b5-427737721814,2026-07-13T08:00:03.306,gateway,OK,MT103,FAST,955.55,MYR,**************6483,SG,38
27f5f3a2-8544-68bf-71b5-427737721814,2026-07-13T08:00:03.348,auth,OK,MT103,FAST,955.55,MYR,**************6483,SG,38
27f5f3a2-8544-68bf-71b5-427737721814,2026-07-13T08:00:03.449,validation,REJECTED,MT103,FAST,955.55,MYR,**************6483,SG,91
5e454b90-fb50-061a-27c3-316d697827de,2026-07-10T13:45:24.468,gateway,OK,MT103,FAST,400.03,INR,**************6568,GB,23
5e454b90-fb50-061a-27c3-316d697827de,2026-07-10T13:45:24.547,auth,OK,MT103,FAST,400.03,INR,**************6568,GB,48
5e454b90-fb50-061a-27c3-316d697827de,2026-07-10T13:45:24.639,validation,OK,MT103,FAST,400.03,INR,**************6568,GB,80
5e454b90-fb50-061a-27c3-316d697827de,2026-07-10T13:45:24.708,aml,OK,MT103,FAST,400.03,INR,**************6568,GB,248
5e454b90-fb50-061a-27c3-316d697827de,2026-07-10T13:45:24.814,payment-hub,OK,MT103,FAST,400.03,INR,**************6568,GB,40
5e454b90-fb50-061a-27c3-316d697827de,2026-07-10T13:45:24.877,core-banking,OK,MT103,FAST,400.03,INR,**************6568,GB,248
5e454b90-fb50-061a-27c3-316d697827de,2026-07-10T13:45:24.998,settlement,SETTLED,MT103,FAST,400.03,INR,**************6568,GB,336
e30d9019-8ae4-73ec-c1d8-a57e87413500,2026-07-07T18:52:07.266,gateway,OK,pacs.008,FAST,492.12,MYR,**************8048,SG,42
e30d9019-8ae4-73ec-c1d8-a57e87413500,2026-07-07T18:52:07.317,auth,OK,pacs.008,FAST,492.12,MYR,**************8048,SG,73
e30d9019-8ae4-73ec-c1d8-a57e87413500,2026-07-07T18:52:07.390,validation,OK,pacs.008,FAST,492.12,MYR,**************8048,SG,55
e30d9019-8ae4-73ec-c1d8-a57e87413500,2026-07-07T18:52:07.447,aml,OK,pacs.008,FAST,492.12,MYR,**************8048,SG,195
e30d9019-8ae4-73ec-c1d8-a57e87413500,2026-07-07T18:52:07.535,payment-hub,OK,pacs.008,FAST,492.12,MYR,**************8048,SG,91
e30d9019-8ae4-73ec-c1d8-a57e87413500,2026-07-07T18:52:07.597,core-banking,OK,pacs.008,FAST,492.12,MYR,**************8048,SG,202
e30d9019-8ae4-73ec-c1d8-a57e87413500,2026-07-07T18:52:07.680,settlement,SETTLED,pacs.008,FAST,492.12,MYR,**************8048,SG,206
b63091aa-d58b-e482-88c2-43115128179b,2026-07-08T17:02:18.859,gateway,OK,pacs.008,FAST,173.16,INR,**************8515,GB,46
b63091aa-d58b-e482-88c2-43115128179b,2026-07-08T17:02:19.138,auth,OK,pacs.008,FAST,173.16,INR,**************8515,GB,33
b63091aa-d58b-e482-88c2-43115128179b,2026-07-08T17:02:19.232,validation,OK,pacs.008,FAST,173.16,INR,**************8515,GB,119
b63091aa-d58b-e482-88c2-43115128179b,2026-07-08T17:02:19.345,aml,OK,pacs.008,FAST,173.16,INR,**************8515,GB,173
b63091aa-d58b-e482-88c2-43115128179b,2026-07-08T17:02:19.400,payment-hub,OK,pacs.008,FAST,173.16,INR,**************8515,GB,39
b63091aa-d58b-e482-88c2-43115128179b,2026-07-08T17:02:19.454,core-banking,OK,pacs.008,FAST,173.16,INR,**************8515,GB,135
b63091aa-d58b-e482-88c2-43115128179b,2026-07-08T17:02:19.529,settlement,SETTLED,pacs.008,FAST,173.16,INR,**************8515,GB,158
9c5a5162-4ac5-4041-e1ff-40558445456e,2026-07-08T09:30:55.630,gateway,OK,pacs.008,FAST,81.54,SGD,**************3142,SG,45
9c5a5162-4ac5-4041-e1ff-40558445456e,2026-07-08T09:30:55.697,auth,OK,pacs.008,FAST,81.54,SGD,**************3142,SG,23
9c5a5162-4ac5-4041-e1ff-40558445456e,2026-07-08T09:30:55.771,validation,REJECTED,pacs.008,FAST,81.54,SGD,**************3142,SG,69
e7842728-69a3-d8ea-ac4d-24351ff01f0c,2026-07-11T14:56:19.768,gateway,OK,MT103,CARDS,162.69,EUR,**************1084,IN,41
e7842728-69a3-d8ea-ac4d-24351ff01f0c,2026-07-11T14:56:19.851,auth,OK,MT103,CARDS,162.69,EUR,**************1084,IN,76
e7842728-69a3-d8ea-ac4d-24351ff01f0c,2026-07-11T14:56:20.015,validation,OK,MT103,CARDS,162.69,EUR,**************1084,IN,42
e7842728-69a3-d8ea-ac4d-24351ff01f0c,2026-07-11T14:56:20.072,aml,OK,MT103,CARDS,162.69,EUR,**************1084,IN,275
e7842728-69a3-d8ea-ac4d-24351ff01f0c,2026-07-11T14:56:20.253,payment-hub,OK,MT103,CARDS,162.69,EUR,**************1084,IN,67
e7842728-69a3-d8ea-ac4d-24351ff01f0c,2026-07-11T14:56:20.401,core-banking,OK,MT103,CARDS,162.69,EUR,**************1084,IN,138
e7842728-69a3-d8ea-ac4d-24351ff01f0c,2026-07-11T14:56:20.484,settlement,SETTLED,MT103,CARDS,162.69,EUR,**************1084,IN,90
fb3d61d4-4483-36be-8ae5-c47d56f0a0a0,2026-07-13T03:50:09.687,gateway,OK,pacs.008,FAST,765.17,USD,**************9734,SG,40
fb3d61d4-4483-36be-8ae5-c47d56f0a0a0,2026-07-13T03:50:09.737,auth,OK,pacs.008,FAST,765.17,USD,**************9734,SG,51
fb3d61d4-4483-36be-8ae5-c47d56f0a0a0,2026-07-13T03:50:09.788,validation,OK,pacs.008,FAST,765.17,USD,**************9734,SG,70
fb3d61d4-4483-36be-8ae5-c47d56f0a0a0,2026-07-13T03:50:09.958,aml,OK,pacs.008,FAST,765.17,USD,**************9734,SG,46
fb3d61d4-4483-36be-8ae5-c47d56f0a0a0,2026-07-13T03:50:39.996,payment-hub,OK,pacs.008,FAST,765.17,USD,**************9734,SG,137
fb3d61d4-4483-36be-8ae5-c47d56f0a0a0,2026-07-13T03:50:40.066,core-banking,OK,pacs.008,FAST,765.17,USD,**************9734,SG,53
fb3d61d4-4483-36be-8ae5-c47d56f0a0a0,2026-07-13T03:50:40.171,settlement,SETTLED,pacs.008,FAST,765.17,USD,**************9734,SG,215
53f09e2e-0e93-0cfa-9a9b-0d174554e9bd,2026-07-09T22:52:58.223,gateway,OK,pacs.008,SWIFT,1007.63,GBP,**************3504,SG,59
53f09e2e-0e93-0cfa-9a9b-0d174554e9bd,2026-07-09T22:52:58.311,auth,OK,pacs.008,SWIFT,1007.63,GBP,**************3504,SG,89
53f09e2e-0e93-0cfa-9a9b-0d174554e9bd,2026-07-09T22:52:58.408,validation,OK,pacs.008,SWIFT,1007.63,GBP,**************3504,SG,44
53f09e2e-0e93-0cfa-9a9b-0d174554e9bd,2026-07-09T22:52:58.490,aml,OK,pacs.008,SWIFT,1007.63,GBP,**************3504,SG,211
53f09e2e-0e93-0cfa-9a9b-0d174554e9bd,2026-07-09T22:52:58.574,payment-hub,OK,pacs.008,SWIFT,1007.63,GBP,**************3504,SG,98
53f09e2e-0e93-0cfa-9a9b-0d174554e9bd,2026-07-09T22:52:58.609,core-banking,OK,pacs.008,SWIFT,1007.63,GBP,**************3504,SG,165
53f09e2e-0e93-0cfa-9a9b-0d174554e9bd,2026-07-09T22:52:58.825,settlement,SETTLED,pacs.008,SWIFT,1007.63,GBP,**************3504,SG,254
e1eaee4d-3fd2-a764-8a64-3cc0f6a5cbab,2026-07-10T23:46:42.926,gateway,OK,0200,SWIFT,881.24,MYR,**************7359,SG,29
e1eaee4d-3fd2-a764-8a64-3cc0f6a5cbab,2026-07-10T23:46:42.993,auth,OK,0200,SWIFT,881.24,MYR,**************7359,SG,80
e1eaee4d-3fd2-a764-8a64-3cc0f6a5cbab,2026-07-10T23:46:43.092,validation,REJECTED,0200,SWIFT,881.24,MYR,**************7359,SG,78
7b348ccc-b152-617b-bb82-0f475eab9b8d,2026-07-14T21:41:33.765,gateway,OK,pacs.008,FAST,101.05,USD,**************4171,SG,44
7b348ccc-b152-617b-bb82-0f475eab9b8d,2026-07-14T21:41:33.831,auth,OK,pacs.008,FAST,101.05,USD,**************4171,SG,58
7b348ccc-b152-617b-bb82-0f475eab9b8d,2026-07-14T21:41:33.906,validation,OK,pacs.008,FAST,101.05,USD,**************4171,SG,75
7b348ccc-b152-617b-bb82-0f475eab9b8d,2026-07-14T21:41:34.006,aml,OK,pacs.008,FAST,101.05,USD,**************4171,SG,263
7b348ccc-b152-617b-bb82-0f475eab9b8d,2026-07-14T21:41:34.116,payment-hub,OK,pacs.008,FAST,101.05,USD,**************4171,SG,144
7b348ccc-b152-617b-bb82-0f475eab9b8d,2026-07-14T21:41:34.208,core-banking,OK,pacs.008,FAST,101.05,USD,**************4171,SG,225
7b348ccc-b152-617b-bb82-0f475eab9b8d,2026-07-14T21:41:34.314,settlement,SETTLED,pacs.008,FAST,101.05,USD,**************4171,SG,185
ee10caee-25d2-bdd0-946e-e96ec5a1f9d4,2026-07-10T15:46:46.178,gateway,OK,pacs.008,FAST,133.71,USD,**************3239,SG,38
ee10caee-25d2-bdd0-946e-e96ec5a1f9d4,2026-07-10T15:46:46.367,auth,OK,pacs.008,FAST,133.71,USD,**************3239,SG,53
ee10caee-25d2-bdd0-946e-e96ec5a1f9d4,2026-07-10T15:46:46.579,validation,OK,pacs.008,FAST,133.71,USD,**************3239,SG,51
ee10caee-25d2-bdd0-946e-e96ec5a1f9d4,2026-07-10T15:46:46.669,aml,OK,pacs.008,FAST,133.71,USD,**************3239,SG,110
ee10caee-25d2-bdd0-946e-e96ec5a1f9d4,2026-07-10T15:46:46.720,payment-hub,OK,pacs.008,FAST,133.71,USD,**************3239,SG,146
ee10caee-25d2-bdd0-946e-e96ec5a1f9d4,2026-07-10T15:46:46.980,core-banking,OK,pacs.008,FAST,133.71,USD,**************3239,SG,161
ee10caee-25d2-bdd0-946e-e96ec5a1f9d4,2026-07-10T15:46:47.103,settlement,SETTLED,pacs.008,FAST,133.71,USD,**************3239,SG,348
8b00f85d-1808-fa2f-59bc-58993f301571,2026-07-05T21:11:35.210,gateway,OK,pacs.008,SWIFT,190.53,GBP,**************8853,MY,21
8b00f85d-1808-fa2f-59bc-58993f301571,2026-07-05T21:11:35.267,auth,OK,pacs.008,SWIFT,190.53,GBP,**************8853,MY,75
8b00f85d-1808-fa2f-59bc-58993f301571,2026-07-05T21:11:35.548,validation,OK,pacs.008,SWIFT,190.53,GBP,**************8853,MY,56
8b00f85d-1808-fa2f-59bc-58993f301571,2026-07-05T21:11:35.662,aml,OK,pacs.008,SWIFT,190.53,GBP,**************8853,MY,294
8b00f85d-1808-fa2f-59bc-58993f301571,2026-07-05T21:11:35.703,payment-hub,OK,pacs.008,SWIFT,190.53,GBP,**************8853,MY,69
8b00f85d-1808-fa2f-59bc-58993f301571,2026-07-05T21:11:35.815,core-banking,OK,pacs.008,SWIFT,190.53,GBP,**************8853,MY,211
8b00f85d-1808-fa2f-59bc-58993f301571,2026-07-05T21:11:35.947,settlement,SETTLED,pacs.008,SWIFT,190.53,GBP,**************8853,MY,211
9d4470ee-cd4f-a68f-0163-a7b73e7bc3d3,2026-07-09T05:46:07.897,gateway,OK,MT103,SWIFT,1288.06,SGD,**************2090,SG,37
9d4470ee-cd4f-a68f-0163-a7b73e7bc3d3,2026-07-09T05:46:08.146,auth,OK,MT103,SWIFT,1288.06,SGD,**************2090,SG,29
9d4470ee-cd4f-a68f-0163-a7b73e7bc3d3,2026-07-09T05:46:08.198,validation,OK,MT103,SWIFT,1288.06,SGD,**************2090,SG,87
9d4470ee-cd4f-a68f-0163-a7b73e7bc3d3,2026-07-09T05:46:08.388,aml,OK,MT103,SWIFT,1288.06,SGD,**************2090,SG,63
9d4470ee-cd4f-a68f-0163-a7b73e7bc3d3,2026-07-09T05:46:08.508,payment-hub,OK,MT103,SWIFT,1288.06,SGD,**************2090,SG,126
9d4470ee-cd4f-a68f-0163-a7b73e7bc3d3,2026-07-09T05:46:08.581,core-banking,OK,MT103,SWIFT,1288.06,SGD,**************2090,SG,170
9d4470ee-cd4f-a68f-0163-a7b73e7bc3d3,2026-07-09T05:46:08.663,settlement,SETTLED,MT103,SWIFT,1288.06,SGD,**************2090,SG,214
d9c65d84-b70a-7b36-b292-11185b3560aa,2026-07-04T18:04:32.262,gateway,OK,MT103,FAST,577.75,SGD,**************4680,SG,23
d9c65d84-b70a-7b36-b292-11185b3560aa,2026-07-04T18:04:32.330,auth,OK,MT103,FAST,577.75,SGD,**************4680,SG,45
d9c65d84-b70a-7b36-b292-11185b3560aa,2026-07-04T18:04:32.430,validation,OK,MT103,FAST,577.75,SGD,**************4680,SG,41
d9c65d84-b70a-7b36-b292-11185b3560aa,2026-07-04T18:04:32.479,aml,TIMEOUT,MT103,FAST,577.75,SGD,**************4680,SG,30000
d9c65d84-b70a-7b36-b292-11185b3560aa,2026-07-04T18:04:32.576,payment-hub,FAILED,MT103,FAST,577.75,SGD,**************4680,SG,60
14418e71-0bb6-9eb3-6c3d-c25f2257bb95,2026-07-01T19:20:49.818,gateway,OK,MT103,FAST,674.54,SGD,**************6936,SG,40
14418e71-0bb6-9eb3-6c3d-c25f2257bb95,2026-07-01T19:20:50.078,auth,OK,MT103,FAST,674.54,SGD,**************6936,SG,57
14418e71-0bb6-9eb3-6c3d-c25f2257bb95,2026-07-01T19:20:50.288,validation,OK,MT103,FAST,674.54,SGD,**************6936,SG,38
14418e71-0bb6-9eb3-6c3d-c25f2257bb95,2026-07-01T19:20:50.430,aml,OK,MT103,FAST,674.54,SGD,**************6936,SG,60
14418e71-0bb6-9eb3-6c3d-c25f2257bb95,2026-07-01T19:20:50.499,payment-hub,OK,MT103,FAST,674.54,SGD,**************6936,SG,80
14418e71-0bb6-9eb3-6c3d-c25f2257bb95,2026-07-01T19:20:50.681,core-banking,OK,MT103,FAST,674.54,SGD,**************6936,SG,208
14418e71-0bb6-9eb3-6c3d-c25f2257bb95,2026-07-01T19:20:50.868,settlement,SETTLED,MT103,FAST,674.54,SGD,**************6936,SG,365
bf134464-a21e-44c2-f2c7-cc05f2f33562,2026-07-04T11:19:52.539,gateway,OK,pacs.008,FAST,1040.08,SGD,**************4147,SG,34
bf134464-a21e-44c2-f2c7-cc05f2f33562,2026-07-04T11:19:52.637,auth,OK,pacs.008,FAST,1040.08,SGD,**************4147,SG,30
bf134464-a21e-44c2-f2c7-cc05f2f33562,2026-07-04T11:19:52.699,validation,OK,pacs.008,FAST,1040.08,SGD,**************4147,SG,92
bf134464-a21e-44c2-f2c7-cc05f2f33562,2026-07-04T11:19:52.834,aml,OK,pacs.008,FAST,1040.08,SGD,**************4147,SG,163
bf134464-a21e-44c2-f2c7-cc05f2f33562,2026-07-04T11:19:52.874,payment-hub,OK,pacs.008,FAST,1040.08,SGD,**************4147,SG,146
bf134464-a21e-44c2-f2c7-cc05f2f33562,2026-07-04T11:19:52.964,core-banking,OK,pacs.008,FAST,1040.08,SGD,**************4147,SG,247
bf134464-a21e-44c2-f2c7-cc05f2f33562,2026-07-04T11:19:53.056,settlement,SETTLED,pacs.008,FAST,1040.08,SGD,**************4147,SG,91
82462a1f-482f-bc97-3791-84b9790066ba,2026-07-11T03:20:31.106,gateway,OK,pacs.008,SWIFT,170.01,SGD,**************7048,MY,25
82462a1f-482f-bc97-3791-84b9790066ba,2026-07-11T03:20:31.177,auth,OK,pacs.008,SWIFT,170.01,SGD,**************7048,MY,31
82462a1f-482f-bc97-3791-84b9790066ba,2026-07-11T03:20:31.354,validation,OK,pacs.008,SWIFT,170.01,SGD,**************7048,MY,117
82462a1f-482f-bc97-3791-84b9790066ba,2026-07-11T03:20:31.433,aml,OK,pacs.008,SWIFT,170.01,SGD,**************7048,MY,94
82462a1f-482f-bc97-3791-84b9790066ba,2026-07-11T03:20:31.496,payment-hub,OK,pacs.008,SWIFT,170.01,SGD,**************7048,MY,68
82462a1f-482f-bc97-3791-84b9790066ba,2026-07-11T03:20:31.595,core-banking,OK,pacs.008,SWIFT,170.01,SGD,**************7048,MY,92
82462a1f-482f-bc97-3791-84b9790066ba,2026-07-11T03:20:31.649,settlement,SETTLED,pacs.008,SWIFT,170.01,SGD,**************7048,MY,386
d8f1d4a8-8563-6d22-82b2-3eb7e1ad40e0,2026-07-02T18:55:23.062,gateway,OK,pacs.008,SWIFT,1000.01,MYR,**************7062,SG,52
d8f1d4a8-8563-6d22-82b2-3eb7e1ad40e0,2026-07-02T18:55:23.198,auth,OK,pacs.008,SWIFT,1000.01,MYR,**************7062,SG,31
d8f1d4a8-8563-6d22-82b2-3eb7e1ad40e0,2026-07-02T18:55:23.269,validation,OK,pacs.008,SWIFT,1000.01,MYR,**************7062,SG,67
d8f1d4a8-8563-6d22-82b2-3eb7e1ad40e0,2026-07-02T18:55:23.435,aml,OK,pacs.008,SWIFT,1000.01,MYR,**************7062,SG,44
d8f1d4a8-8563-6d22-82b2-3eb7e1ad40e0,2026-07-02T18:55:23.574,payment-hub,OK,pacs.008,SWIFT,1000.01,MYR,**************7062,SG,95
d8f1d4a8-8563-6d22-82b2-3eb7e1ad40e0,2026-07-02T18:55:23.691,core-banking,OK,pacs.008,SWIFT,1000.01,MYR,**************7062,SG,169
d8f1d4a8-8563-6d22-82b2-3eb7e1ad40e0,2026-07-02T18:55:23.946,settlement,SETTLED,pacs.008,SWIFT,1000.01,MYR,**************7062,SG,345
15008b9c-e1f6-dab9-1ba9-768d5219155c,2026-07-12T02:17:46.560,gateway,OK,0200,SWIFT,701.41,SGD,**************4907,SG,34
15008b9c-e1f6-dab9-1ba9-768d5219155c,2026-07-12T02:17:46.636,auth,OK,0200,SWIFT,701.41,SGD,**************4907,SG,42
15008b9c-e1f6-dab9-1ba9-768d5219155c,2026-07-12T02:17:46.892,validation,OK,0200,SWIFT,701.41,SGD,**************4907,SG,95
15008b9c-e1f6-dab9-1ba9-768d5219155c,2026-07-12T02:17:47.036,aml,OK,0200,SWIFT,701.41,SGD,**************4907,SG,139
15008b9c-e1f6-dab9-1ba9-768d5219155c,2026-07-12T02:17:47.079,payment-hub,OK,0200,SWIFT,701.41,SGD,**************4907,SG,40
15008b9c-e1f6-dab9-1ba9-768d5219155c,2026-07-12T02:17:47.308,core-banking,OK,0200,SWIFT,701.41,SGD,**************4907,SG,63
15008b9c-e1f6-dab9-1ba9-768d5219155c,2026-07-12T02:17:47.350,settlement,SETTLED,0200,SWIFT,701.41,SGD,**************4907,SG,144
d2ed11e6-f6b3-418f-aeb1-ae25c93e7964,2026-07-03T05:46:51.936,gateway,OK,MT103,FAST,308.45,SGD,**************3162,IN,57
d2ed11e6-f6b3-418f-aeb1-ae25c93e7964,2026-07-03T05:46:52.097,auth,OK,MT103,FAST,308.45,SGD,**************3162,IN,44
d2ed11e6-f6b3-418f-aeb1-ae25c93e7964,2026-07-03T05:46:52.132,validation,OK,MT103,FAST,308.45,SGD,**************3162,IN,95
d2ed11e6-f6b3-418f-aeb1-ae25c93e7964,2026-07-03T05:46:52.194,aml,TIMEOUT,MT103,FAST,308.45,SGD,**************3162,IN,30000
d2ed11e6-f6b3-418f-aeb1-ae25c93e7964,2026-07-03T05:46:52.311,payment-hub,FAILED,MT103,FAST,308.45,SGD,**************3162,IN,142
bc9495da-e7f2-fc56-f0b7-01ff53c97d74,2026-07-07T19:43:25.023,gateway,OK,MT103,FAST,2184.91,USD,**************7493,US,16
bc9495da-e7f2-fc56-f0b7-01ff53c97d74,2026-07-07T19:43:25.171,auth,OK,MT103,FAST,2184.91,USD,**************7493,US,73
bc9495da-e7f2-fc56-f0b7-01ff53c97d74,2026-07-07T19:43:25.322,validation,OK,MT103,FAST,2184.91,USD,**************7493,US,88
bc9495da-e7f2-fc56-f0b7-01ff53c97d74,2026-07-07T19:43:25.410,aml,OK,MT103,FAST,2184.91,USD,**************7493,US,275
bc9495da-e7f2-fc56-f0b7-01ff53c97d74,2026-07-07T19:43:25.513,payment-hub,OK,MT103,FAST,2184.91,USD,**************7493,US,104
bc9495da-e7f2-fc56-f0b7-01ff53c97d74,2026-07-07T19:43:25.750,core-banking,OK,MT103,FAST,2184.91,USD,**************7493,US,83
bc9495da-e7f2-fc56-f0b7-01ff53c97d74,2026-07-07T19:43:25.924,settlement,SETTLED,MT103,FAST,2184.91,USD,**************7493,US,92
e661258c-1cd3-4dbf-72f4-5e27dbdd836e,2026-07-01T12:57:22.033,gateway,OK,pacs.008,FAST,445.91,SGD,**************8093,SG,48
e661258c-1cd3-4dbf-72f4-5e27dbdd836e,2026-07-01T12:57:22.179,auth,OK,pacs.008,FAST,445.91,SGD,**************8093,SG,80
e661258c-1cd3-4dbf-72f4-5e27dbdd836e,2026-07-01T12:57:22.305,validation,OK,pacs.008,FAST,445.91,SGD,**************8093,SG,106
e661258c-1cd3-4dbf-72f4-5e27dbdd836e,2026-07-01T12:57:22.339,aml,OK,pacs.008,FAST,445.91,SGD,**************8093,SG,176
e661258c-1cd3-4dbf-72f4-5e27dbdd836e,2026-07-01T12:57:22.413,payment-hub,OK,pacs.008,FAST,445.91,SGD,**************8093,SG,55
e661258c-1cd3-4dbf-72f4-5e27dbdd836e,2026-07-01T12:57:22.471,core-banking,OK,pacs.008,FAST,445.91,SGD,**************8093,SG,59
e661258c-1cd3-4dbf-72f4-5e27dbdd836e,2026-07-01T12:57:22.543,settlement,SETTLED,pacs.008,FAST,445.91,SGD,**************8093,SG,225
556c5d95-f5d1-dc5b-4210-d2706ef5066e,2026-07-02T21:36:22.044,gateway,OK,MT103,SWIFT,101.58,MYR,**************1793,IN,37
556c5d95-f5d1-dc5b-4210-d2706ef5066e,2026-07-02T21:36:22.144,auth,OK,MT103,SWIFT,101.58,MYR,**************1793,IN,64
556c5d95-f5d1-dc5b-4210-d2706ef5066e,2026-07-02T21:36:22.224,validation,OK,MT103,SWIFT,101.58,MYR,**************1793,IN,96
556c5d95-f5d1-dc5b-4210-d2706ef5066e,2026-07-02T21:36:22.317,aml,OK,MT103,SWIFT,101.58,MYR,**************1793,IN,247
556c5d95-f5d1-dc5b-4210-d2706ef5066e,2026-07-02T21:36:22.402,payment-hub,OK,MT103,SWIFT,101.58,MYR,**************1793,IN,107
556c5d95-f5d1-dc5b-4210-d2706ef5066e,2026-07-02T21:36:22.521,core-banking,OK,MT103,SWIFT,101.58,MYR,**************1793,IN,126
556c5d95-f5d1-dc5b-4210-d2706ef5066e,2026-07-02T21:36:22.654,settlement,SETTLED,MT103,SWIFT,101.58,MYR,**************1793,IN,206
ae9eeaa4-6094-dc33-c217-02f1b697149d,2026-07-08T11:00:29.141,gateway,OK,MT103,FAST,2899.15,SGD,**************2492,HK,19
ae9eeaa4-6094-dc33-c217-02f1b697149d,2026-07-08T11:00:29.223,auth,OK,MT103,FAST,2899.15,SGD,**************2492,HK,75
ae9eeaa4-6094-dc33-c217-02f1b697149d,2026-07-08T11:00:29.293,validation,OK,MT103,FAST,2899.15,SGD,**************2492,HK,42
ae9eeaa4-6094-dc33-c217-02f1b697149d,2026-07-08T11:00:29.387,aml,OK,MT103,FAST,2899.15,SGD,**************2492,HK,168
ae9eeaa4-6094-dc33-c217-02f1b697149d,2026-07-08T11:00:29.534,payment-hub,OK,MT103,FAST,2899.15,SGD,**************2492,HK,63
ae9eeaa4-6094-dc33-c217-02f1b697149d,2026-07-08T11:00:29.729,core-banking,OK,MT103,FAST,2899.15,SGD,**************2492,HK,78
ae9eeaa4-6094-dc33-c217-02f1b697149d,2026-07-08T11:00:29.994,settlement,SETTLED,MT103,FAST,2899.15,SGD,**************2492,HK,397
27b14a32-5293-1ff7-aa71-64c99fb10456,2026-07-11T08:41:39.881,gateway,OK,0200,SWIFT,1238.3,USD,**************2380,MY,17
27b14a32-5293-1ff7-aa71-64c99fb10456,2026-07-11T08:41:39.997,auth,OK,0200,SWIFT,1238.3,USD,**************2380,MY,59
27b14a32-5293-1ff7-aa71-64c99fb10456,2026-07-11T08:41:40.115,validation,OK,0200,SWIFT,1238.3,USD,**************2380,MY,94
27b14a32-5293-1ff7-aa71-64c99fb10456,2026-07-11T08:41:40.213,aml,TIMEOUT,0200,SWIFT,1238.3,USD,**************2380,MY,30000
27b14a32-5293-1ff7-aa71-64c99fb10456,2026-07-11T08:41:40.344,payment-hub,FAILED,0200,SWIFT,1238.3,USD,**************2380,MY,63
09182ab2-afd8-cf72-60a7-00f08f791029,2026-07-01T14:44:18.395,gateway,OK,0200,FAST,355.42,SGD,**************2781,SG,34
09182ab2-afd8-cf72-60a7-00f08f791029,2026-07-01T14:44:18.491,auth,OK,0200,FAST,355.42,SGD,**************2781,SG,90
09182ab2-afd8-cf72-60a7-00f08f791029,2026-07-01T14:44:18.750,validation,OK,0200,FAST,355.42,SGD,**************2781,SG,52
09182ab2-afd8-cf72-60a7-00f08f791029,2026-07-01T14:44:18.842,aml,OK,0200,FAST,355.42,SGD,**************2781,SG,55
09182ab2-afd8-cf72-60a7-00f08f791029,2026-07-01T14:44:19.003,payment-hub,OK,0200,FAST,355.42,SGD,**************2781,SG,146
09182ab2-afd8-cf72-60a7-00f08f791029,2026-07-01T14:44:19.227,core-banking,OK,0200,FAST,355.42,SGD,**************2781,SG,92
09182ab2-afd8-cf72-60a7-00f08f791029,2026-07-01T14:44:19.281,settlement,SETTLED,0200,FAST,355.42,SGD,**************2781,SG,90
4b762530-6100-7001-c441-6f38e3ae7889,2026-07-10T15:14:32.417,gateway,OK,pacs.008,FAST,728.79,SGD,**************3917,MY,17
4b762530-6100-7001-c441-6f38e3ae7889,2026-07-10T15:14:32.516,auth,OK,pacs.008,FAST,728.79,SGD,**************3917,MY,22
4b762530-6100-7001-c441-6f38e3ae7889,2026-07-10T15:14:32.563,validation,OK,pacs.008,FAST,728.79,SGD,**************3917,MY,69
4b762530-6100-7001-c441-6f38e3ae7889,2026-07-10T15:14:32.641,aml,OK,pacs.008,FAST,728.79,SGD,**************3917,MY,170
4b762530-6100-7001-c441-6f38e3ae7889,2026-07-10T15:14:32.754,payment-hub,OK,pacs.008,FAST,728.79,SGD,**************3917,MY,126
4b762530-6100-7001-c441-6f38e3ae7889,2026-07-10T15:15:02.766,core-banking,OK,pacs.008,FAST,728.79,SGD,**************3917,MY,154
4b762530-6100-7001-c441-6f38e3ae7889,2026-07-10T15:15:02.838,settlement,SETTLED,pacs.008,FAST,728.79,SGD,**************3917,MY,218
fedae3b0-cb49-0591-6123-bf3db6ae9917,2026-07-11T04:01:25.556,gateway,OK,pacs.008,FAST,62.27,SGD,**************3655,MY,36
fedae3b0-cb49-0591-6123-bf3db6ae9917,2026-07-11T04:01:25.640,auth,OK,pacs.008,FAST,62.27,SGD,**************3655,MY,74
fedae3b0-cb49-0591-6123-bf3db6ae9917,2026-07-11T04:01:25.735,validation,OK,pacs.008,FAST,62.27,SGD,**************3655,MY,26
fedae3b0-cb49-0591-6123-bf3db6ae9917,2026-07-11T04:01:25.982,aml,TIMEOUT,pacs.008,FAST,62.27,SGD,**************3655,MY,30000
fedae3b0-cb49-0591-6123-bf3db6ae9917,2026-07-11T04:01:26.164,payment-hub,FAILED,pacs.008,FAST,62.27,SGD,**************3655,MY,70
8439aace-f911-ccdb-7ec8-52a0d08fbd2a,2026-07-08T07:57:11.770,gateway,OK,MT103,FAST,525.35,INR,**************0470,SG,49
8439aace-f911-ccdb-7ec8-52a0d08fbd2a,2026-07-08T07:57:11.833,auth,OK,MT103,FAST,525.35,INR,**************0470,SG,47
8439aace-f911-ccdb-7ec8-52a0d08fbd2a,2026-07-08T07:57:12.017,validation,OK,MT103,FAST,525.35,INR,**************0470,SG,114
8439aace-f911-ccdb-7ec8-52a0d08fbd2a,2026-07-08T07:57:12.135,aml,OK,MT103,FAST,525.35,INR,**************0470,SG,141
8439aace-f911-ccdb-7ec8-52a0d08fbd2a,2026-07-08T07:57:12.207,payment-hub,OK,MT103,FAST,525.35,INR,**************0470,SG,113
8439aace-f911-ccdb-7ec8-52a0d08fbd2a,2026-07-08T07:57:12.329,core-banking,OK,MT103,FAST,525.35,INR,**************0470,SG,89
8439aace-f911-ccdb-7ec8-52a0d08fbd2a,2026-07-08T07:57:12.537,settlement,SETTLED,MT103,FAST,525.35,INR,**************0470,SG,237
f3625ed3-9daf-cc29-f96d-00fe1fce0a62,2026-07-10T06:07:39.091,gateway,OK,pacs.008,SWIFT,293.77,SGD,**************4620,SG,27
f3625ed3-9daf-cc29-f96d-00fe1fce0a62,2026-07-10T06:07:39.141,auth,OK,pacs.008,SWIFT,293.77,SGD,**************4620,SG,87
f3625ed3-9daf-cc29-f96d-00fe1fce0a62,2026-07-10T06:07:39.233,validation,OK,pacs.008,SWIFT,293.77,SGD,**************4620,SG,112
f3625ed3-9daf-cc29-f96d-00fe1fce0a62,2026-07-10T06:07:39.313,aml,TIMEOUT,pacs.008,SWIFT,293.77,SGD,**************4620,SG,30000
f3625ed3-9daf-cc29-f96d-00fe1fce0a62,2026-07-10T06:07:39.611,payment-hub,FAILED,pacs.008,SWIFT,293.77,SGD,**************4620,SG,71
fda4252e-c298-a9bb-98c1-ff271608e355,2026-07-04T20:20:40.578,gateway,OK,pacs.008,SWIFT,706.03,SGD,**************0896,IN,22
fda4252e-c298-a9bb-98c1-ff271608e355,2026-07-04T20:20:40.707,auth,OK,pacs.008,SWIFT,706.03,SGD,**************0896,IN,46
fda4252e-c298-a9bb-98c1-ff271608e355,2026-07-04T20:21:10.740,validation,OK,pacs.008,SWIFT,706.03,SGD,**************0896,IN,102
fda4252e-c298-a9bb-98c1-ff271608e355,2026-07-04T20:21:10.801,aml,OK,pacs.008,SWIFT,706.03,SGD,**************0896,IN,88
fda4252e-c298-a9bb-98c1-ff271608e355,2026-07-04T20:21:10.899,payment-hub,OK,pacs.008,SWIFT,706.03,SGD,**************0896,IN,146
fda4252e-c298-a9bb-98c1-ff271608e355,2026-07-04T20:21:11.037,core-banking,OK,pacs.008,SWIFT,706.03,SGD,**************0896,IN,104
fda4252e-c298-a9bb-98c1-ff271608e355,2026-07-04T20:21:11.060,settlement,SETTLED,pacs.008,SWIFT,706.03,SGD,**************0896,IN,388
3c7c192e-750e-d0b8-657a-a68aa71c0b66,2026-07-01T14:44:32.729,gateway,OK,MT103,FAST,1324.38,SGD,**************5581,SG,25
3c7c192e-750e-d0b8-657a-a68aa71c0b66,2026-07-01T14:44:32.891,auth,OK,MT103,FAST,1324.38,SGD,**************5581,SG,52
3c7c192e-750e-d0b8-657a-a68aa71c0b66,2026-07-01T14:44:33.116,validation,OK,MT103,FAST,1324.38,SGD,**************5581,SG,34
3c7c192e-750e-d0b8-657a-a68aa71c0b66,2026-07-01T14:44:33.223,aml,OK,MT103,FAST,1324.38,SGD,**************5581,SG,175
3c7c192e-750e-d0b8-657a-a68aa71c0b66,2026-07-01T14:44:33.493,payment-hub,OK,MT103,FAST,1324.38,SGD,**************5581,SG,139
3c7c192e-750e-d0b8-657a-a68aa71c0b66,2026-07-01T14:44:33.529,core-banking,OK,MT103,FAST,1324.38,SGD,**************5581,SG,156
3c7c192e-750e-d0b8-657a-a68aa71c0b66,2026-07-01T14:44:33.618,settlement,SETTLED,MT103,FAST,1324.38,SGD,**************5581,SG,170
9ffaf746-36f3-ab1a-4192-906d95bfdae7,2026-07-07T02:35:36.581,gateway,OK,pacs.008,FAST,1649.92,SGD,**************6774,HK,25
9ffaf746-36f3-ab1a-4192-906d95bfdae7,2026-07-07T02:35:36.649,auth,OK,pacs.008,FAST,1649.92,SGD,**************6774,HK,64
9ffaf746-36f3-ab1a-4192-906d95bfdae7,2026-07-07T02:35:36.724,validation,OK,pacs.008,FAST,1649.92,SGD,**************6774,HK,80
9ffaf746-36f3-ab1a-4192-906d95bfdae7,2026-07-07T02:35:36.803,aml,OK,pacs.008,FAST,1649.92,SGD,**************6774,HK,92
9ffaf746-36f3-ab1a-4192-906d95bfdae7,2026-07-07T02:35:37.036,payment-hub,OK,pacs.008,FAST,1649.92,SGD,**************6774,HK,48
9ffaf746-36f3-ab1a-4192-906d95bfdae7,2026-07-07T02:35:37.090,core-banking,OK,pacs.008,FAST,1649.92,SGD,**************6774,HK,100
9ffaf746-36f3-ab1a-4192-906d95bfdae7,2026-07-07T02:35:37.337,settlement,SETTLED,pacs.008,FAST,1649.92,SGD,**************6774,HK,96
a7a027fb-196a-a017-977b-dec0e2f22f48,2026-07-01T09:54:54.094,gateway,OK,MT103,CARDS,380.72,EUR,**************0654,US,15
a7a027fb-196a-a017-977b-dec0e2f22f48,2026-07-01T09:54:54.258,auth,OK,MT103,CARDS,380.72,EUR,**************0654,US,47
a7a027fb-196a-a017-977b-dec0e2f22f48,2026-07-01T09:54:54.378,validation,OK,MT103,CARDS,380.72,EUR,**************0654,US,38
a7a027fb-196a-a017-977b-dec0e2f22f48,2026-07-01T09:54:54.470,aml,OK,MT103,CARDS,380.72,EUR,**************0654,US,43
a7a027fb-196a-a017-977b-dec0e2f22f48,2026-07-01T09:54:54.681,payment-hub,OK,MT103,CARDS,380.72,EUR,**************0654,US,129
a7a027fb-196a-a017-977b-dec0e2f22f48,2026-07-01T09:54:54.747,core-banking,OK,MT103,CARDS,380.72,EUR,**************0654,US,106
a7a027fb-196a-a017-977b-dec0e2f22f48,2026-07-01T09:54:54.869,settlement,SETTLED,MT103,CARDS,380.72,EUR,**************0654,US,210
2162b068-6ef7-1fdd-f664-065441fc060b,2026-07-09T11:50:49.996,gateway,OK,pacs.008,FAST,267.44,USD,**************3366,IN,17
2162b068-6ef7-1fdd-f664-065441fc060b,2026-07-09T11:50:50.062,auth,OK,pacs.008,FAST,267.44,USD,**************3366,IN,39
2162b068-6ef7-1fdd-f664-065441fc060b,2026-07-09T11:50:50.315,validation,OK,pacs.008,FAST,267.44,USD,**************3366,IN,67
2162b068-6ef7-1fdd-f664-065441fc060b,2026-07-09T11:50:50.384,aml,OK,pacs.008,FAST,267.44,USD,**************3366,IN,78
2162b068-6ef7-1fdd-f664-065441fc060b,2026-07-09T11:50:50.466,payment-hub,OK,pacs.008,FAST,267.44,USD,**************3366,IN,101
2162b068-6ef7-1fdd-f664-065441fc060b,2026-07-09T11:50:50.582,core-banking,OK,pacs.008,FAST,267.44,USD,**************3366,IN,181
2162b068-6ef7-1fdd-f664-065441fc060b,2026-07-09T11:50:50.863,settlement,SETTLED,pacs.008,FAST,267.44,USD,**************3366,IN,68
19bbadf3-5ffa-9e08-ba07-d5654d4834e8,2026-07-12T19:01:38.138,gateway,OK,pacs.008,SWIFT,37.35,USD,**************8986,SG,15
19bbadf3-5ffa-9e08-ba07-d5654d4834e8,2026-07-12T19:01:38.262,auth,OK,pacs.008,SWIFT,37.35,USD,**************8986,SG,22
19bbadf3-5ffa-9e08-ba07-d5654d4834e8,2026-07-12T19:02:08.268,validation,OK,pacs.008,SWIFT,37.35,USD,**************8986,SG,90
19bbadf3-5ffa-9e08-ba07-d5654d4834e8,2026-07-12T19:02:08.541,aml,OK,pacs.008,SWIFT,37.35,USD,**************8986,SG,289
19bbadf3-5ffa-9e08-ba07-d5654d4834e8,2026-07-12T19:02:08.622,payment-hub,OK,pacs.008,SWIFT,37.35,USD,**************8986,SG,139
19bbadf3-5ffa-9e08-ba07-d5654d4834e8,2026-07-12T19:02:08.749,core-banking,OK,pacs.008,SWIFT,37.35,USD,**************8986,SG,176
19bbadf3-5ffa-9e08-ba07-d5654d4834e8,2026-07-12T19:02:08.859,settlement,SETTLED,pacs.008,SWIFT,37.35,USD,**************8986,SG,317
c7adbb1f-ac35-0cc0-7c1e-5044b8a328bb,2026-07-02T13:39:21.919,gateway,OK,pacs.008,SWIFT,161.74,SGD,**************8851,GB,29
c7adbb1f-ac35-0cc0-7c1e-5044b8a328bb,2026-07-02T13:39:22.026,auth,OK,pacs.008,SWIFT,161.74,SGD,**************8851,GB,87
c7adbb1f-ac35-0cc0-7c1e-5044b8a328bb,2026-07-02T13:39:22.106,validation,OK,pacs.008,SWIFT,161.74,SGD,**************8851,GB,58
c7adbb1f-ac35-0cc0-7c1e-5044b8a328bb,2026-07-02T13:39:22.182,aml,OK,pacs.008,SWIFT,161.74,SGD,**************8851,GB,289
c7adbb1f-ac35-0cc0-7c1e-5044b8a328bb,2026-07-02T13:39:22.272,payment-hub,OK,pacs.008,SWIFT,161.74,SGD,**************8851,GB,42
c7adbb1f-ac35-0cc0-7c1e-5044b8a328bb,2026-07-02T13:39:22.408,core-banking,OK,pacs.008,SWIFT,161.74,SGD,**************8851,GB,158
c7adbb1f-ac35-0cc0-7c1e-5044b8a328bb,2026-07-02T13:39:22.464,settlement,SETTLED,pacs.008,SWIFT,161.74,SGD,**************8851,GB,374
b4d07de9-7427-9e0c-9889-f9f5e0751fdb,2026-07-14T22:50:39.796,gateway,OK,pacs.008,CARDS,636.4,EUR,**************7528,GB,45
b4d07de9-7427-9e0c-9889-f9f5e0751fdb,2026-07-14T22:50:39.941,auth,OK,pacs.008,CARDS,636.4,EUR,**************7528,GB,21
b4d07de9-7427-9e0c-9889-f9f5e0751fdb,2026-07-14T22:50:40.038,validation,OK,pacs.008,CARDS,636.4,EUR,**************7528,GB,52
b4d07de9-7427-9e0c-9889-f9f5e0751fdb,2026-07-14T22:50:40.216,aml,OK,pacs.008,CARDS,636.4,EUR,**************7528,GB,241
b4d07de9-7427-9e0c-9889-f9f5e0751fdb,2026-07-14T22:50:40.277,payment-hub,OK,pacs.008,CARDS,636.4,EUR,**************7528,GB,109
b4d07de9-7427-9e0c-9889-f9f5e0751fdb,2026-07-14T22:50:40.352,core-banking,OK,pacs.008,CARDS,636.4,EUR,**************7528,GB,206
b4d07de9-7427-9e0c-9889-f9f5e0751fdb,2026-07-14T22:50:40.599,settlement,SETTLED,pacs.008,CARDS,636.4,EUR,**************7528,GB,136
4ea5bbb1-5c0a-41ba-6aea-ac2a5c4221e5,2026-07-06T14:37:30.932,gateway,OK,MT103,SWIFT,233.81,SGD,**************8649,US,38
4ea5bbb1-5c0a-41ba-6aea-ac2a5c4221e5,2026-07-06T14:37:31.004,auth,OK,MT103,SWIFT,233.81,SGD,**************8649,US,46
4ea5bbb1-5c0a-41ba-6aea-ac2a5c4221e5,2026-07-06T14:37:31.114,validation,OK,MT103,SWIFT,233.81,SGD,**************8649,US,116
4ea5bbb1-5c0a-41ba-6aea-ac2a5c4221e5,2026-07-06T14:37:31.182,aml,OK,MT103,SWIFT,233.81,SGD,**************8649,US,118
4ea5bbb1-5c0a-41ba-6aea-ac2a5c4221e5,2026-07-06T14:37:31.253,payment-hub,OK,MT103,SWIFT,233.81,SGD,**************8649,US,121
4ea5bbb1-5c0a-41ba-6aea-ac2a5c4221e5,2026-07-06T14:37:31.426,core-banking,OK,MT103,SWIFT,233.81,SGD,**************8649,US,162
4ea5bbb1-5c0a-41ba-6aea-ac2a5c4221e5,2026-07-06T14:37:31.543,settlement,SETTLED,MT103,SWIFT,233.81,SGD,**************8649,US,210
6f3b8d22-f82b-d5fd-50dd-545a79a26bf6,2026-07-03T21:33:21.342,gateway,OK,MT103,FAST,3545.8,USD,**************3716,IN,25
6f3b8d22-f82b-d5fd-50dd-545a79a26bf6,2026-07-03T21:33:21.394,auth,OK,MT103,FAST,3545.8,USD,**************3716,IN,90
6f3b8d22-f82b-d5fd-50dd-545a79a26bf6,2026-07-03T21:33:21.702,validation,REJECTED,MT103,FAST,3545.8,USD,**************3716,IN,108
839d6e6e-4d93-811d-8999-7852b7c9f880,2026-07-13T03:06:33.165,gateway,OK,MT103,FAST,881.14,SGD,**************8340,SG,43
839d6e6e-4d93-811d-8999-7852b7c9f880,2026-07-13T03:06:33.259,auth,OK,MT103,FAST,881.14,SGD,**************8340,SG,62
839d6e6e-4d93-811d-8999-7852b7c9f880,2026-07-13T03:06:33.299,validation,OK,MT103,FAST,881.14,SGD,**************8340,SG,73
839d6e6e-4d93-811d-8999-7852b7c9f880,2026-07-13T03:06:33.383,aml,OK,MT103,FAST,881.14,SGD,**************8340,SG,285
839d6e6e-4d93-811d-8999-7852b7c9f880,2026-07-13T03:06:33.424,payment-hub,OK,MT103,FAST,881.14,SGD,**************8340,SG,140
839d6e6e-4d93-811d-8999-7852b7c9f880,2026-07-13T03:06:33.543,core-banking,OK,MT103,FAST,881.14,SGD,**************8340,SG,140
839d6e6e-4d93-811d-8999-7852b7c9f880,2026-07-13T03:06:33.689,settlement,SETTLED,MT103,FAST,881.14,SGD,**************8340,SG,61
a34c8f4a-b4f4-f0bf-cad3-27976705542e,2026-07-07T08:47:00.435,gateway,OK,pacs.008,FAST,915.96,SGD,**************2882,SG,54
a34c8f4a-b4f4-f0bf-cad3-27976705542e,2026-07-07T08:47:00.479,auth,OK,pacs.008,FAST,915.96,SGD,**************2882,SG,83
a34c8f4a-b4f4-f0bf-cad3-27976705542e,2026-07-07T08:47:00.581,validation,OK,pacs.008,FAST,915.96,SGD,**************2882,SG,49
a34c8f4a-b4f4-f0bf-cad3-27976705542e,2026-07-07T08:47:00.660,aml,OK,pacs.008,FAST,915.96,SGD,**************2882,SG,188
a34c8f4a-b4f4-f0bf-cad3-27976705542e,2026-07-07T08:47:00.716,payment-hub,OK,pacs.008,FAST,915.96,SGD,**************2882,SG,32
a34c8f4a-b4f4-f0bf-cad3-27976705542e,2026-07-07T08:47:00.810,core-banking,OK,pacs.008,FAST,915.96,SGD,**************2882,SG,87
a34c8f4a-b4f4-f0bf-cad3-27976705542e,2026-07-07T08:47:00.995,settlement,SETTLED,pacs.008,FAST,915.96,SGD,**************2882,SG,309
aa7fac1b-5312-5b5d-998b-808a26649802,2026-07-13T08:39:37.814,gateway,OK,pacs.008,FAST,877.99,SGD,**************7264,SG,56
aa7fac1b-5312-5b5d-998b-808a26649802,2026-07-13T08:39:37.938,auth,OK,pacs.008,FAST,877.99,SGD,**************7264,SG,80
aa7fac1b-5312-5b5d-998b-808a26649802,2026-07-13T08:39:38.006,validation,OK,pacs.008,FAST,877.99,SGD,**************7264,SG,66
aa7fac1b-5312-5b5d-998b-808a26649802,2026-07-13T08:39:38.059,aml,TIMEOUT,pacs.008,FAST,877.99,SGD,**************7264,SG,30000
aa7fac1b-5312-5b5d-998b-808a26649802,2026-07-13T08:39:38.133,payment-hub,FAILED,pacs.008,FAST,877.99,SGD,**************7264,SG,44
06f10bd8-7093-e1b4-ef13-140beb59c18b,2026-07-08T10:17:20.504,gateway,OK,pacs.008,FAST,343.61,SGD,**************0281,SG,52
06f10bd8-7093-e1b4-ef13-140beb59c18b,2026-07-08T10:17:20.758,auth,OK,pacs.008,FAST,343.61,SGD,**************0281,SG,76
06f10bd8-7093-e1b4-ef13-140beb59c18b,2026-07-08T10:17:20.799,validation,OK,pacs.008,FAST,343.61,SGD,**************0281,SG,119
06f10bd8-7093-e1b4-ef13-140beb59c18b,2026-07-08T10:17:20.911,aml,OK,pacs.008,FAST,343.61,SGD,**************0281,SG,155
06f10bd8-7093-e1b4-ef13-140beb59c18b,2026-07-08T10:17:20.996,payment-hub,OK,pacs.008,FAST,343.61,SGD,**************0281,SG,123
06f10bd8-7093-e1b4-ef13-140beb59c18b,2026-07-08T10:17:21.107,core-banking,OK,pacs.008,FAST,343.61,SGD,**************0281,SG,107
06f10bd8-7093-e1b4-ef13-140beb59c18b,2026-07-08T10:17:21.223,settlement,SETTLED,pacs.008,FAST,343.61,SGD,**************0281,SG,374
1b55d2e4-440a-52b9-6018-80c845f39232,2026-07-15T07:42:59.243,gateway,OK,MT103,SWIFT,473.1,USD,**************8975,MY,58
1b55d2e4-440a-52b9-6018-80c845f39232,2026-07-15T07:42:59.410,auth,OK,MT103,SWIFT,473.1,USD,**************8975,MY,72
1b55d2e4-440a-52b9-6018-80c845f39232,2026-07-15T07:42:59.604,validation,REJECTED,MT103,SWIFT,473.1,USD,**************8975,MY,26
45925c3c-18f4-c4b6-1c13-e010e4bb48cb,2026-07-09T11:39:04.198,gateway,OK,0200,FAST,411.72,USD,**************0967,SG,50
45925c3c-18f4-c4b6-1c13-e010e4bb48cb,2026-07-09T11:39:04.315,auth,OK,0200,FAST,411.72,USD,**************0967,SG,46
45925c3c-18f4-c4b6-1c13-e010e4bb48cb,2026-07-09T11:39:04.472,validation,OK,0200,FAST,411.72,USD,**************0967,SG,30
45925c3c-18f4-c4b6-1c13-e010e4bb48cb,2026-07-09T11:39:04.514,aml,OK,0200,FAST,411.72,USD,**************0967,SG,173
45925c3c-18f4-c4b6-1c13-e010e4bb48cb,2026-07-09T11:39:04.603,payment-hub,OK,0200,FAST,411.72,USD,**************0967,SG,85
45925c3c-18f4-c4b6-1c13-e010e4bb48cb,2026-07-09T11:39:04.812,core-banking,OK,0200,FAST,411.72,USD,**************0967,SG,225
45925c3c-18f4-c4b6-1c13-e010e4bb48cb,2026-07-09T11:39:04.898,settlement,SETTLED,0200,FAST,411.72,USD,**************0967,SG,233
3652c154-7a8e-9acf-7a44-100afaeeb14c,2026-07-13T16:32:43.819,gateway,OK,pacs.008,CARDS,443.67,EUR,**************9122,GB,43
3652c154-7a8e-9acf-7a44-100afaeeb14c,2026-07-13T16:32:44.068,auth,OK,pacs.008,CARDS,443.67,EUR,**************9122,GB,57
3652c154-7a8e-9acf-7a44-100afaeeb14c,2026-07-13T16:32:44.161,validation,REJECTED,pacs.008,CARDS,443.67,EUR,**************9122,GB,26
0c7d88d9-53f3-f92e-ae7b-b4c6619f439f,2026-07-10T16:13:50.500,gateway,OK,pacs.008,FAST,142.24,USD,**************3885,GB,58
0c7d88d9-53f3-f92e-ae7b-b4c6619f439f,2026-07-10T16:13:50.635,auth,OK,pacs.008,FAST,142.24,USD,**************3885,GB,88
0c7d88d9-53f3-f92e-ae7b-b4c6619f439f,2026-07-10T16:13:50.741,validation,OK,pacs.008,FAST,142.24,USD,**************3885,GB,69
0c7d88d9-53f3-f92e-ae7b-b4c6619f439f,2026-07-10T16:13:50.779,aml,OK,pacs.008,FAST,142.24,USD,**************3885,GB,216
0c7d88d9-53f3-f92e-ae7b-b4c6619f439f,2026-07-10T16:13:50.900,payment-hub,OK,pacs.008,FAST,142.24,USD,**************3885,GB,60
0c7d88d9-53f3-f92e-ae7b-b4c6619f439f,2026-07-10T16:13:51.010,core-banking,OK,pacs.008,FAST,142.24,USD,**************3885,GB,108
0c7d88d9-53f3-f92e-ae7b-b4c6619f439f,2026-07-10T16:13:51.060,settlement,SETTLED,pacs.008,FAST,142.24,USD,**************3885,GB,331
4a5e90eb-b558-7ff4-55ae-41c5ee13a966,2026-07-14T18:12:38.164,gateway,OK,pacs.008,FAST,865.33,EUR,**************1063,SG,57
4a5e90eb-b558-7ff4-55ae-41c5ee13a966,2026-07-14T18:12:38.330,auth,OK,pacs.008,FAST,865.33,EUR,**************1063,SG,39
4a5e90eb-b558-7ff4-55ae-41c5ee13a966,2026-07-14T18:12:38.445,validation,OK,pacs.008,FAST,865.33,EUR,**************1063,SG,34
4a5e90eb-b558-7ff4-55ae-41c5ee13a966,2026-07-14T18:12:38.535,aml,OK,pacs.008,FAST,865.33,EUR,**************1063,SG,47
4a5e90eb-b558-7ff4-55ae-41c5ee13a966,2026-07-14T18:12:38.654,payment-hub,OK,pacs.008,FAST,865.33,EUR,**************1063,SG,115
4a5e90eb-b558-7ff4-55ae-41c5ee13a966,2026-07-14T18:12:38.830,core-banking,OK,pacs.008,FAST,865.33,EUR,**************1063,SG,229
4a5e90eb-b558-7ff4-55ae-41c5ee13a966,2026-07-14T18:12:39.007,settlement,SETTLED,pacs.008,FAST,865.33,EUR,**************1063,SG,181
ab052125-3fc5-bb50-c11b-cfef62ecbc3f,2026-07-07T06:54:02.699,gateway,OK,pacs.008,FAST,1305.64,GBP,**************9849,SG,50
ab052125-3fc5-bb50-c11b-cfef62ecbc3f,2026-07-07T06:54:02.780,auth,OK,pacs.008,FAST,1305.64,GBP,**************9849,SG,78
ab052125-3fc5-bb50-c11b-cfef62ecbc3f,2026-07-07T06:54:02.849,validation,OK,pacs.008,FAST,1305.64,GBP,**************9849,SG,77
ab052125-3fc5-bb50-c11b-cfef62ecbc3f,2026-07-07T06:54:02.948,aml,OK,pacs.008,FAST,1305.64,GBP,**************9849,SG,123
ab052125-3fc5-bb50-c11b-cfef62ecbc3f,2026-07-07T06:54:03.122,payment-hub,OK,pacs.008,FAST,1305.64,GBP,**************9849,SG,107
ab052125-3fc5-bb50-c11b-cfef62ecbc3f,2026-07-07T06:54:03.179,core-banking,OK,pacs.008,FAST,1305.64,GBP,**************9849,SG,108
ab052125-3fc5-bb50-c11b-cfef62ecbc3f,2026-07-07T06:54:03.201,settlement,SETTLED,pacs.008,FAST,1305.64,GBP,**************9849,SG,393
a7954cc0-1e71-a655-02ed-945ec80b8644,2026-07-07T15:28:23.967,gateway,OK,pacs.008,SWIFT,1470.68,MYR,**************7931,SG,17
a7954cc0-1e71-a655-02ed-945ec80b8644,2026-07-07T15:28:24.055,auth,OK,pacs.008,SWIFT,1470.68,MYR,**************7931,SG,39
a7954cc0-1e71-a655-02ed-945ec80b8644,2026-07-07T15:28:24.162,validation,REJECTED,pacs.008,SWIFT,1470.68,MYR,**************7931,SG,26
ca14d5b8-481e-43b8-0fc2-fd206128c886,2026-07-12T10:55:08.964,gateway,OK,pacs.008,CARDS,42.08,SGD,**************8411,SG,44
ca14d5b8-481e-43b8-0fc2-fd206128c886,2026-07-12T10:55:09.100,auth,OK,pacs.008,CARDS,42.08,SGD,**************8411,SG,22
ca14d5b8-481e-43b8-0fc2-fd206128c886,2026-07-12T10:55:09.193,validation,OK,pacs.008,CARDS,42.08,SGD,**************8411,SG,73
ca14d5b8-481e-43b8-0fc2-fd206128c886,2026-07-12T10:55:09.461,aml,TIMEOUT,pacs.008,CARDS,42.08,SGD,**************8411,SG,30000
ca14d5b8-481e-43b8-0fc2-fd206128c886,2026-07-12T10:55:09.548,payment-hub,FAILED,pacs.008,CARDS,42.08,SGD,**************8411,SG,72
27930c39-28dd-9692-6b66-bde588a633d6,2026-07-10T09:28:25.314,gateway,OK,MT103,SWIFT,426.16,USD,**************7898,MY,36
27930c39-28dd-9692-6b66-bde588a633d6,2026-07-10T09:28:25.357,auth,OK,MT103,SWIFT,426.16,USD,**************7898,MY,29
27930c39-28dd-9692-6b66-bde588a633d6,2026-07-10T09:28:25.479,validation,OK,MT103,SWIFT,426.16,USD,**************7898,MY,115
27930c39-28dd-9692-6b66-bde588a633d6,2026-07-10T09:28:25.560,aml,OK,MT103,SWIFT,426.16,USD,**************7898,MY,60
27930c39-28dd-9692-6b66-bde588a633d6,2026-07-10T09:28:25.681,payment-hub,OK,MT103,SWIFT,426.16,USD,**************7898,MY,69
27930c39-28dd-9692-6b66-bde588a633d6,2026-07-10T09:28:25.765,core-banking,OK,MT103,SWIFT,426.16,USD,**************7898,MY,236
27930c39-28dd-9692-6b66-bde588a633d6,2026-07-10T09:28:25.820,settlement,SETTLED,MT103,SWIFT,426.16,USD,**************7898,MY,68
c4f4cd4a-b3f6-b58d-9160-f97a35b098ce,2026-07-15T00:36:40.796,gateway,OK,MT103,SWIFT,93.0,GBP,**************2209,SG,24
c4f4cd4a-b3f6-b58d-9160-f97a35b098ce,2026-07-15T00:36:40.863,auth,OK,MT103,SWIFT,93.0,GBP,**************2209,SG,49
c4f4cd4a-b3f6-b58d-9160-f97a35b098ce,2026-07-15T00:36:41.076,validation,OK,MT103,SWIFT,93.0,GBP,**************2209,SG,47
c4f4cd4a-b3f6-b58d-9160-f97a35b098ce,2026-07-15T00:36:41.202,aml,OK,MT103,SWIFT,93.0,GBP,**************2209,SG,113
c4f4cd4a-b3f6-b58d-9160-f97a35b098ce,2026-07-15T00:36:41.458,payment-hub,OK,MT103,SWIFT,93.0,GBP,**************2209,SG,109
c4f4cd4a-b3f6-b58d-9160-f97a35b098ce,2026-07-15T00:36:41.529,core-banking,OK,MT103,SWIFT,93.0,GBP,**************2209,SG,129
c4f4cd4a-b3f6-b58d-9160-f97a35b098ce,2026-07-15T00:36:41.713,settlement,SETTLED,MT103,SWIFT,93.0,GBP,**************2209,SG,218
967ff577-73cd-1652-8c53-029430143da6,2026-07-03T23:09:10.995,gateway,OK,pacs.008,FAST,941.29,SGD,**************0486,MY,29
967ff577-73cd-1652-8c53-029430143da6,2026-07-03T23:09:11.120,auth,OK,pacs.008,FAST,941.29,SGD,**************0486,MY,65
967ff577-73cd-1652-8c53-029430143da6,2026-07-03T23:09:11.258,validation,REJECTED,pacs.008,FAST,941.29,SGD,**************0486,MY,114
6eba5cc4-d8f9-a039-e553-4666dfbea628,2026-07-07T15:11:31.649,gateway,OK,pacs.008,SWIFT,603.06,SGD,**************5661,SG,37
6eba5cc4-d8f9-a039-e553-4666dfbea628,2026-07-07T15:11:31.819,auth,OK,pacs.008,SWIFT,603.06,SGD,**************5661,SG,49
6eba5cc4-d8f9-a039-e553-4666dfbea628,2026-07-07T15:11:31.937,validation,OK,pacs.008,SWIFT,603.06,SGD,**************5661,SG,71
6eba5cc4-d8f9-a039-e553-4666dfbea628,2026-07-07T15:11:32.063,aml,OK,pacs.008,SWIFT,603.06,SGD,**************5661,SG,249
6eba5cc4-d8f9-a039-e553-4666dfbea628,2026-07-07T15:11:32.126,payment-hub,OK,pacs.008,SWIFT,603.06,SGD,**************5661,SG,110
6eba5cc4-d8f9-a039-e553-4666dfbea628,2026-07-07T15:11:32.231,core-banking,OK,pacs.008,SWIFT,603.06,SGD,**************5661,SG,84
6eba5cc4-d8f9-a039-e553-4666dfbea628,2026-07-07T15:11:32.392,settlement,SETTLED,pacs.008,SWIFT,603.06,SGD,**************5661,SG,85
2910c21b-964a-af83-2fdf-8d2996273fe2,2026-07-13T05:15:10.117,gateway,OK,pacs.008,CARDS,3051.7,SGD,**************4928,IN,20
2910c21b-964a-af83-2fdf-8d2996273fe2,2026-07-13T05:15:10.216,auth,OK,pacs.008,CARDS,3051.7,SGD,**************4928,IN,78
2910c21b-964a-af83-2fdf-8d2996273fe2,2026-07-13T05:15:10.281,validation,OK,pacs.008,CARDS,3051.7,SGD,**************4928,IN,104
2910c21b-964a-af83-2fdf-8d2996273fe2,2026-07-13T05:15:10.429,aml,OK,pacs.008,CARDS,3051.7,SGD,**************4928,IN,61
2910c21b-964a-af83-2fdf-8d2996273fe2,2026-07-13T05:15:10.510,payment-hub,OK,pacs.008,CARDS,3051.7,SGD,**************4928,IN,36
2910c21b-964a-af83-2fdf-8d2996273fe2,2026-07-13T05:15:10.644,core-banking,OK,pacs.008,CARDS,3051.7,SGD,**************4928,IN,125
2910c21b-964a-af83-2fdf-8d2996273fe2,2026-07-13T05:15:10.698,settlement,SETTLED,pacs.008,CARDS,3051.7,SGD,**************4928,IN,302
