uetr,ts,service,status,msg_type,rail,amount,currency,debtor_account,country,latency_ms
e302123b-000b-e425-0f72-221829fb876e,2026-07-12T18:54:44.152,gateway,OK,MT103,FAST,1179.66,SGD,**************0189,SG,30
e302123b-000b-e425-0f72-221829fb876e,2026-07-12T18:54:44.223,auth,OK,MT103,FAST,1179.66,SGD,**************0189,SG,57
e302123b-000b-e425-0f72-221829fb876e,2026-07-12T18:54:44.254,validation,OK,MT103,FAST,1179.66,SGD,**************0189,SG,32
e302123b-000b-e425-0f72-221829fb876e,2026-07-12T18:54:44.351,aml,OK,MT103,FAST,1179.66,SGD,**************0189,SG,188
e302123b-000b-e425-0f72-221829fb876e,2026-07-12T18:54:44.408,payment-hub,OK,MT103,FAST,1179.66,SGD,**************0189,SG,40
e302123b-000b-e425-0f72-221829fb876e,2026-07-12T18:54:44.505,core-banking,OK,MT103,FAST,1179.66,SGD,**************0189,SG,204
e302123b-000b-e425-0f72-221829fb876e,2026-07-12T18:54:44.553,settlement,SETTLED,MT103,FAST,1179.66,SGD,**************0189,SG,398
020a4fc5-2f52-40b3-9e1d-158494e1cbfa,2026-07-03T10:09:31.180,gateway,OK,pacs.008,FAST,622.34,SGD,**************9013,SG,26
020a4fc5-2f52-40b3-9e1d-158494e1cbfa,2026-07-03T10:09:31.444,auth,OK,pacs.008,FAST,622.34,SGD,**************9013,SG,47
020a4fc5-2f52-40b3-9e1d-158494e1cbfa,2026-07-03T10:09:31.702,validation,OK,pacs.008,FAST,622.34,SGD,**************9013,SG,113
020a4fc5-2f52-40b3-9e1d-158494e1cbfa,2026-07-03T10:09:31.791,aml,OK,pacs.008,FAST,622.34,SGD,**************9013,SG,189
020a4fc5-2f52-40b3-9e1d-158494e1cbfa,2026-07-03T10:09:31.877,payment-hub,OK,pacs.008,FAST,622.34,SGD,**************9013,SG,51
020a4fc5-2f52-40b3-9e1d-158494e1cbfa,2026-07-03T10:09:31.997,core-banking,OK,pacs.008,FAST,622.34,SGD,**************9013,SG,228
020a4fc5-2f52-40b3-9e1d-158494e1cbfa,2026-07-03T10:09:32.209,settlement,SETTLED,pacs.008,FAST,622.34,SGD,**************9013,SG,272
ef1f5ee9-35dd-3fc8-b358-ae22c619172a,2026-07-15T01:15:20.747,gateway,OK,pacs.008,FAST,480.37,USD,**************9729,US,45
ef1f5ee9-35dd-3fc8-b358-ae22c619172a,2026-07-15T01:15:20.796,auth,OK,pacs.008,FAST,480.37,USD,**************9729,US,61
ef1f5ee9-35dd-3fc8-b358-ae22c619172a,2026-07-15T01:15:20.846,validation,OK,pacs.008,FAST,480.37,USD,**************9729,US,26
ef1f5ee9-35dd-3fc8-b358-ae22c619172a,2026-07-15T01:15:20.934,aml,OK,pacs.008,FAST,480.37,USD,**************9729,US,70
ef1f5ee9-35dd-3fc8-b358-ae22c619172a,2026-07-15T01:15:21.069,payment-hub,OK,pacs.008,FAST,480.37,USD,**************9729,US,93
ef1f5ee9-35dd-3fc8-b358-ae22c619172a,2026-07-15T01:15:21.156,core-banking,OK,pacs.008,FAST,480.37,USD,**************9729,US,98
ef1f5ee9-35dd-3fc8-b358-ae22c619172a,2026-07-15T01:15:21.314,settlement,SETTLED,pacs.008,FAST,480.37,USD,**************9729,US,182
9e282d63-6e7b-d569-b4ff-441542a50124,2026-07-04T01:59:41.124,gateway,OK,pacs.008,FAST,394.88,SGD,**************2686,SG,30
9e282d63-6e7b-d569-b4ff-441542a50124,2026-07-04T01:59:41.208,auth,OK,pacs.008,FAST,394.88,SGD,**************2686,SG,21
9e282d63-6e7b-d569-b4ff-441542a50124,2026-07-04T01:59:41.330,validation,OK,pacs.008,FAST,394.88,SGD,**************2686,SG,71
9e282d63-6e7b-d569-b4ff-441542a50124,2026-07-04T01:59:41.439,aml,OK,pacs.008,FAST,394.88,SGD,**************2686,SG,144
9e282d63-6e7b-d569-b4ff-441542a50124,2026-07-04T01:59:41.523,payment-hub,OK,pacs.008,FAST,394.88,SGD,**************2686,SG,106
9e282d63-6e7b-d569-b4ff-441542a50124,2026-07-04T01:59:41.626,core-banking,OK,pacs.008,FAST,394.88,SGD,**************2686,SG,242
9e282d63-6e7b-d569-b4ff-441542a50124,2026-07-04T01:59:41.691,settlement,SETTLED,pacs.008,FAST,394.88,SGD,**************2686,SG,94
61dca6c8-da42-8dc8-c869-1be7f5c902fc,2026-07-11T05:27:19.079,gateway,OK,pacs.008,FAST,428.13,SGD,**************3353,GB,44
61dca6c8-da42-8dc8-c869-1be7f5c902fc,2026-07-11T05:27:19.174,auth,OK,pacs.008,FAST,428.13,SGD,**************3353,GB,23
61dca6c8-da42-8dc8-c869-1be7f5c902fc,2026-07-11T05:27:19.289,validation,OK,pacs.008,FAST,428.13,SGD,**************3353,GB,32
61dca6c8-da42-8dc8-c869-1be7f5c902fc,2026-07-11T05:27:19.525,aml,OK,pacs.008,FAST,428.13,SGD,**************3353,GB,174
61dca6c8-da42-8dc8-c869-1be7f5c902fc,2026-07-11T05:27:19.610,payment-hub,OK,pacs.008,FAST,428.13,SGD,**************3353,GB,127
61dca6c8-da42-8dc8-c869-1be7f5c902fc,2026-07-11T05:27:19.832,core-banking,OK,pacs.008,FAST,428.13,SGD,**************3353,GB,211
61dca6c8-da42-8dc8-c869-1be7f5c902fc,2026-07-11T05:27:19.871,settlement,SETTLED,pacs.008,FAST,428.13,SGD,**************3353,GB,160
9df5cf59-b65e-0e30-f24a-99a96826aaae,2026-07-11T19:23:38.811,gateway,OK,pacs.008,SWIFT,3006.09,USD,**************7407,GB,38
9df5cf59-b65e-0e30-f24a-99a96826aaae,2026-07-11T19:23:38.872,auth,OK,pacs.008,SWIFT,3006.09,USD,**************7407,GB,69
9df5cf59-b65e-0e30-f24a-99a96826aaae,2026-07-11T19:23:39.059,validation,OK,pacs.008,SWIFT,3006.09,USD,**************7407,GB,52
9df5cf59-b65e-0e30-f24a-99a96826aaae,2026-07-11T19:23:39.121,aml,OK,pacs.008,SWIFT,3006.09,USD,**************7407,GB,115
9df5cf59-b65e-0e30-f24a-99a96826aaae,2026-07-11T19:23:39.161,payment-hub,OK,pacs.008,SWIFT,3006.09,USD,**************7407,GB,65
9df5cf59-b65e-0e30-f24a-99a96826aaae,2026-07-11T19:23:39.292,core-banking,OK,pacs.008,SWIFT,3006.09,USD,**************7407,GB,167
9df5cf59-b65e-0e30-f24a-99a96826aaae,2026-07-11T19:23:39.599,settlement,SETTLED,pacs.008,SWIFT,3006.09,USD,**************7407,GB,258
82378b40-1164-bd29-f7b2-a75ff42475ca,2026-07-13T22:50:04.620,gateway,OK,pacs.008,FAST,3116.62,MYR,**************5613,SG,28
82378b40-1164-bd29-f7b2-a75ff42475ca,2026-07-13T22:50:04.677,auth,OK,pacs.008,FAST,3116.62,MYR,**************5613,SG,49
82378b40-1164-bd29-f7b2-a75ff42475ca,2026-07-13T22:50:04.781,validation,OK,pacs.008,FAST,3116.62,MYR,**************5613,SG,33
82378b40-1164-bd29-f7b2-a75ff42475ca,2026-07-13T22:50:04.837,aml,OK,pacs.008,FAST,3116.62,MYR,**************5613,SG,279
82378b40-1164-bd29-f7b2-a75ff42475ca,2026-07-13T22:50:04.970,payment-hub,OK,pacs.008,FAST,3116.62,MYR,**************5613,SG,72
82378b40-1164-bd29-f7b2-a75ff42475ca,2026-07-13T22:50:05.142,core-banking,OK,pacs.008,FAST,3116.62,MYR,**************5613,SG,117
82378b40-1164-bd29-f7b2-a75ff42475ca,2026-07-13T22:50:05.231,settlement,SETTLED,pacs.008,FAST,3116.62,MYR,**************5613,SG,163
4e1b2bd1-a76b-f10e-9da4-70bbd5206644,2026-07-13T09:50:49.234,gateway,OK,pacs.008,FAST,252.91,SGD,**************5288,SG,25
4e1b2bd1-a76b-f10e-9da4-70bbd5206644,2026-07-13T09:50:49.300,auth,OK,pacs.008,FAST,252.91,SGD,**************5288,SG,48
4e1b2bd1-a76b-f10e-9da4-70bbd5206644,2026-07-13T09:50:49.364,validation,OK,pacs.008,FAST,252.91,SGD,**************5288,SG,70
4e1b2bd1-a76b-f10e-9da4-70bbd5206644,2026-07-13T09:50:49.612,aml,TIMEOUT,pacs.008,FAST,252.91,SGD,**************5288,SG,30000
4e1b2bd1-a76b-f10e-9da4-70bbd5206644,2026-07-13T09:50:49.669,payment-hub,FAILED,pacs.008,FAST,252.91,SGD,**************5288,SG,116
81ebb9cd-790a-316b-a9b8-e50d76e85bdf,2026-07-04T01:23:12.976,gateway,OK,MT103,FAST,526.66,SGD,**************3734,SG,37
81ebb9cd-790a-316b-a9b8-e50d76e85bdf,2026-07-04T01:23:13.008,auth,OK,MT103,FAST,526.66,SGD,**************3734,SG,28
81ebb9cd-790a-316b-a9b8-e50d76e85bdf,2026-07-04T01:23:13.127,validation,OK,MT103,FAST,526.66,SGD,**************3734,SG,87
81ebb9cd-790a-316b-a9b8-e50d76e85bdf,2026-07-04T01:23:13.183,aml,OK,MT103,FAST,526.66,SGD,**************3734,SG,190
81ebb9cd-790a-316b-a9b8-e50d76e85bdf,2026-07-04T01:23:13.248,payment-hub,OK,MT103,FAST,526.66,SGD,**************3734,SG,39
81ebb9cd-790a-316b-a9b8-e50d76e85bdf,2026-07-04T01:23:13.376,core-banking,OK,MT103,FAST,526.66,SGD,**************3734,SG,143
81ebb9cd-790a-316b-a9b8-e50d76e85bdf,2026-07-04T01:23:13.613,settlement,SETTLED,MT103,FAST,526.66,SGD,**************3734,SG,305
ffeb3c43-f348-2ac9-c6fe-e3e2265a5c86,2026-07-04T14:47:11.505,gateway,OK,MT103,SWIFT,99.29,USD,**************4091,SG,37
ffeb3c43-f348-2ac9-c6fe-e3e2265a5c86,2026-07-04T14:47:11.578,auth,OK,MT103,SWIFT,99.29,USD,**************4091,SG,89
ffeb3c43-f348-2ac9-c6fe-e3e2265a5c86,2026-07-04T14:47:11.638,validation,OK,MT103,SWIFT,99.29,USD,**************4091,SG,119
ffeb3c43-f348-2ac9-c6fe-e3e2265a5c86,2026-07-04T14:47:11.689,aml,OK,MT103,SWIFT,99.29,USD,**************4091,SG,80
ffeb3c43-f348-2ac9-c6fe-e3e2265a5c86,2026-07-04T14:47:11.741,payment-hub,OK,MT103,SWIFT,99.29,USD,**************4091,SG,31
ffeb3c43-f348-2ac9-c6fe-e3e2265a5c86,2026-07-04T14:47:11.817,core-banking,OK,MT103,SWIFT,99.29,USD,**************4091,SG,250
ffeb3c43-f348-2ac9-c6fe-e3e2265a5c86,2026-07-04T14:47:11.892,settlement,SETTLED,MT103,SWIFT,99.29,USD,**************4091,SG,310
805a3118-aa9d-cc09-a746-eda8dc8fa795,2026-07-13T10:56:34.494,gateway,OK,pacs.008,SWIFT,325.49,SGD,**************9931,SG,36
805a3118-aa9d-cc09-a746-eda8dc8fa795,2026-07-13T10:56:34.584,auth,OK,pacs.008,SWIFT,325.49,SGD,**************9931,SG,88
805a3118-aa9d-cc09-a746-eda8dc8fa795,2026-07-13T10:56:34.689,validation,OK,pacs.008,SWIFT,325.49,SGD,**************9931,SG,86
805a3118-aa9d-cc09-a746-eda8dc8fa795,2026-07-13T10:56:34.919,aml,OK,pacs.008,SWIFT,325.49,SGD,**************9931,SG,108
805a3118-aa9d-cc09-a746-eda8dc8fa795,2026-07-13T10:56:35.043,payment-hub,OK,pacs.008,SWIFT,325.49,SGD,**************9931,SG,51
805a3118-aa9d-cc09-a746-eda8dc8fa795,2026-07-13T10:56:35.115,core-banking,OK,pacs.008,SWIFT,325.49,SGD,**************9931,SG,58
805a3118-aa9d-cc09-a746-eda8dc8fa795,2026-07-13T10:56:35.174,settlement,SETTLED,pacs.008,SWIFT,325.49,SGD,**************9931,SG,139
5d517b6d-0c22-7cfc-9ae2-0544cd5493fa,2026-07-13T07:44:30.563,gateway,OK,MT103,FAST,459.56,EUR,**************6192,SG,44
5d517b6d-0c22-7cfc-9ae2-0544cd5493fa,2026-07-13T07:44:30.609,auth,OK,MT103,FAST,459.56,EUR,**************6192,SG,80
5d517b6d-0c22-7cfc-9ae2-0544cd5493fa,2026-07-13T07:44:30.707,validation,OK,MT103,FAST,459.56,EUR,**************6192,SG,48
5d517b6d-0c22-7cfc-9ae2-0544cd5493fa,2026-07-13T07:44:30.790,aml,OK,MT103,FAST,459.56,EUR,**************6192,SG,89
5d517b6d-0c22-7cfc-9ae2-0544cd5493fa,2026-07-13T07:44:30.911,payment-hub,OK,MT103,FAST,459.56,EUR,**************6192,SG,52
5d517b6d-0c22-7cfc-9ae2-0544cd5493fa,2026-07-13T07:44:31.003,core-banking,OK,MT103,FAST,459.56,EUR,**************6192,SG,59
5d517b6d-0c22-7cfc-9ae2-0544cd5493fa,2026-07-13T07:44:31.175,settlement,SETTLED,MT103,FAST,459.56,EUR,**************6192,SG,75
48df8a52-7e72-484c-646a-0b6700be70dd,2026-07-05T19:22:45.573,gateway,OK,pacs.008,SWIFT,6319.92,GBP,**************3949,US,16
48df8a52-7e72-484c-646a-0b6700be70dd,2026-07-05T19:22:45.619,auth,OK,pacs.008,SWIFT,6319.92,GBP,**************3949,US,32
48df8a52-7e72-484c-646a-0b6700be70dd,2026-07-05T19:22:45.724,validation,OK,pacs.008,SWIFT,6319.92,GBP,**************3949,US,94
48df8a52-7e72-484c-646a-0b6700be70dd,2026-07-05T19:22:45.828,aml,OK,pacs.008,SWIFT,6319.92,GBP,**************3949,US,93
48df8a52-7e72-484c-646a-0b6700be70dd,2026-07-05T19:22:45.917,payment-hub,OK,pacs.008,SWIFT,6319.92,GBP,**************3949,US,47
48df8a52-7e72-484c-646a-0b6700be70dd,2026-07-05T19:22:46.123,core-banking,OK,pacs.008,SWIFT,6319.92,GBP,**************3949,US,202
48df8a52-7e72-484c-646a-0b6700be70dd,2026-07-05T19:22:46.235,settlement,SETTLED,pacs.008,SWIFT,6319.92,GBP,**************3949,US,289
fda7f9f0-93e7-d61d-3d55-b572c1480b18,2026-07-13T23:29:04.378,gateway,OK,pacs.008,SWIFT,205.36,MYR,**************7987,US,17
fda7f9f0-93e7-d61d-3d55-b572c1480b18,2026-07-13T23:29:04.475,auth,OK,pacs.008,SWIFT,205.36,MYR,**************7987,US,50
fda7f9f0-93e7-d61d-3d55-b572c1480b18,2026-07-13T23:29:04.543,validation,OK,pacs.008,SWIFT,205.36,MYR,**************7987,US,31
fda7f9f0-93e7-d61d-3d55-b572c1480b18,2026-07-13T23:29:04.664,aml,OK,pacs.008,SWIFT,205.36,MYR,**************7987,US,44
fda7f9f0-93e7-d61d-3d55-b572c1480b18,2026-07-13T23:29:04.771,payment-hub,OK,pacs.008,SWIFT,205.36,MYR,**************7987,US,59
fda7f9f0-93e7-d61d-3d55-b572c1480b18,2026-07-13T23:29:04.837,core-banking,OK,pacs.008,SWIFT,205.36,MYR,**************7987,US,173
fda7f9f0-93e7-d61d-3d55-b572c1480b18,2026-07-13T23:29:04.904,settlement,SETTLED,pacs.008,SWIFT,205.36,MYR,**************7987,US,326
01df0957-197e-585d-09a6-19f0d5da932d,2026-07-09T14:26:47.478,gateway,OK,MT103,FAST,795.89,SGD,**************2010,US,32
01df0957-197e-585d-09a6-19f0d5da932d,2026-07-09T14:26:47.652,auth,OK,MT103,FAST,795.89,SGD,**************2010,US,85
01df0957-197e-585d-09a6-19f0d5da932d,2026-07-09T14:26:47.813,validation,OK,MT103,FAST,795.89,SGD,**************2010,US,36
01df0957-197e-585d-09a6-19f0d5da932d,2026-07-09T14:26:47.850,aml,OK,MT103,FAST,795.89,SGD,**************2010,US,72
01df0957-197e-585d-09a6-19f0d5da932d,2026-07-09T14:26:47.939,payment-hub,OK,MT103,FAST,795.89,SGD,**************2010,US,44
01df0957-197e-585d-09a6-19f0d5da932d,2026-07-09T14:26:48.112,core-banking,OK,MT103,FAST,795.89,SGD,**************2010,US,200
01df0957-197e-585d-09a6-19f0d5da932d,2026-07-09T14:26:48.164,settlement,SETTLED,MT103,FAST,795.89,SGD,**************2010,US,111
a1de5c3a-3c2a-2af8-2e0b-63e518c91aa6,2026-07-10T03:57:34.586,gateway,OK,MT103,SWIFT,635.87,USD,**************8826,MY,59
a1de5c3a-3c2a-2af8-2e0b-63e518c91aa6,2026-07-10T03:57:34.684,auth,OK,MT103,SWIFT,635.87,USD,**************8826,MY,64
a1de5c3a-3c2a-2af8-2e0b-63e518c91aa6,2026-07-10T03:57:34.789,validation,OK,MT103,SWIFT,635.87,USD,**************8826,MY,91
a1de5c3a-3c2a-2af8-2e0b-63e518c91aa6,2026-07-10T03:57:34.886,aml,OK,MT103,SWIFT,635.87,USD,**************8826,MY,143
a1de5c3a-3c2a-2af8-2e0b-63e518c91aa6,2026-07-10T03:57:34.992,payment-hub,OK,MT103,SWIFT,635.87,USD,**************8826,MY,127
a1de5c3a-3c2a-2af8-2e0b-63e518c91aa6,2026-07-10T03:57:35.196,core-banking,OK,MT103,SWIFT,635.87,USD,**************8826,MY,89
a1de5c3a-3c2a-2af8-2e0b-63e518c91aa6,2026-07-10T03:57:35.277,settlement,SETTLED,MT103,SWIFT,635.87,USD,**************8826,MY,298
27390220-bd0c-262b-bcb3-44eb431851af,2026-07-01T14:54:29.934,gateway,OK,MT103,FAST,37.36,SGD,**************6246,IN,54
27390220-bd0c-262b-bcb3-44eb431851af,2026-07-01T14:54:30.153,auth,OK,MT103,FAST,37.36,SGD,**************6246,IN,69
27390220-bd0c-262b-bcb3-44eb431851af,2026-07-01T14:54:30.449,validation,OK,MT103,FAST,37.36,SGD,**************6246,IN,117
27390220-bd0c-262b-bcb3-44eb431851af,2026-07-01T14:54:30.526,aml,OK,MT103,FAST,37.36,SGD,**************6246,IN,160
27390220-bd0c-262b-bcb3-44eb431851af,2026-07-01T14:54:30.617,payment-hub,OK,MT103,FAST,37.36,SGD,**************6246,IN,36
27390220-bd0c-262b-bcb3-44eb431851af,2026-07-01T14:54:30.758,core-banking,OK,MT103,FAST,37.36,SGD,**************6246,IN,87
27390220-bd0c-262b-bcb3-44eb431851af,2026-07-01T14:54:30.807,settlement,SETTLED,MT103,FAST,37.36,SGD,**************6246,IN,274
2db0da65-d5df-cfc9-84b4-97954e18db1b,2026-07-10T13:31:46.854,gateway,OK,MT103,FAST,1004.71,GBP,**************7769,IN,32
2db0da65-d5df-cfc9-84b4-97954e18db1b,2026-07-10T13:31:46.912,auth,OK,MT103,FAST,1004.71,GBP,**************7769,IN,82
2db0da65-d5df-cfc9-84b4-97954e18db1b,2026-07-10T13:31:47.072,validation,OK,MT103,FAST,1004.71,GBP,**************7769,IN,110
2db0da65-d5df-cfc9-84b4-97954e18db1b,2026-07-10T13:31:47.391,aml,OK,MT103,FAST,1004.71,GBP,**************7769,IN,289
2db0da65-d5df-cfc9-84b4-97954e18db1b,2026-07-10T13:31:47.503,payment-hub,OK,MT103,FAST,1004.71,GBP,**************7769,IN,80
2db0da65-d5df-cfc9-84b4-97954e18db1b,2026-07-10T13:31:47.581,core-banking,OK,MT103,FAST,1004.71,GBP,**************7769,IN,207
2db0da65-d5df-cfc9-84b4-97954e18db1b,2026-07-10T13:31:47.655,settlement,SETTLED,MT103,FAST,1004.71,GBP,**************7769,IN,329
01696fc9-cd8e-a86a-cbbd-cd985eb651ce,2026-07-06T03:03:21.677,gateway,OK,MT103,SWIFT,84.08,MYR,**************7883,SG,26
01696fc9-cd8e-a86a-cbbd-cd985eb651ce,2026-07-06T03:03:21.714,auth,OK,MT103,SWIFT,84.08,MYR,**************7883,SG,42
01696fc9-cd8e-a86a-cbbd-cd985eb651ce,2026-07-06T03:03:21.847,validation,OK,MT103,SWIFT,84.08,MYR,**************7883,SG,68
01696fc9-cd8e-a86a-cbbd-cd985eb651ce,2026-07-06T03:03:21.990,aml,OK,MT103,SWIFT,84.08,MYR,**************7883,SG,198
01696fc9-cd8e-a86a-cbbd-cd985eb651ce,2026-07-06T03:03:22.026,payment-hub,OK,MT103,SWIFT,84.08,MYR,**************7883,SG,126
01696fc9-cd8e-a86a-cbbd-cd985eb651ce,2026-07-06T03:03:22.143,core-banking,OK,MT103,SWIFT,84.08,MYR,**************7883,SG,129
01696fc9-cd8e-a86a-cbbd-cd985eb651ce,2026-07-06T03:03:22.232,settlement,SETTLED,MT103,SWIFT,84.08,MYR,**************7883,SG,110
47c9bd87-ea35-5ce8-e25e-1196c4d2649b,2026-07-04T17:36:23.574,gateway,OK,pacs.008,FAST,851.94,EUR,**************2704,MY,48
47c9bd87-ea35-5ce8-e25e-1196c4d2649b,2026-07-04T17:36:23.793,auth,OK,pacs.008,FAST,851.94,EUR,**************2704,MY,47
47c9bd87-ea35-5ce8-e25e-1196c4d2649b,2026-07-04T17:36:23.822,validation,OK,pacs.008,FAST,851.94,EUR,**************2704,MY,99
47c9bd87-ea35-5ce8-e25e-1196c4d2649b,2026-07-04T17:36:23.883,aml,OK,pacs.008,FAST,851.94,EUR,**************2704,MY,240
47c9bd87-ea35-5ce8-e25e-1196c4d2649b,2026-07-04T17:36:23.966,payment-hub,OK,pacs.008,FAST,851.94,EUR,**************2704,MY,98
47c9bd87-ea35-5ce8-e25e-1196c4d2649b,2026-07-04T17:36:24.086,core-banking,OK,pacs.008,FAST,851.94,EUR,**************2704,MY,62
47c9bd87-ea35-5ce8-e25e-1196c4d2649b,2026-07-04T17:36:24.143,settlement,SETTLED,pacs.008,FAST,851.94,EUR,**************2704,MY,86
95df17fc-5133-43fb-0264-c8d9be72a169,2026-07-14T07:01:58.674,gateway,OK,MT103,FAST,2937.54,INR,**************9067,SG,42
95df17fc-5133-43fb-0264-c8d9be72a169,2026-07-14T07:01:58.873,auth,OK,MT103,FAST,2937.54,INR,**************9067,SG,54
95df17fc-5133-43fb-0264-c8d9be72a169,2026-07-14T07:01:58.949,validation,OK,MT103,FAST,2937.54,INR,**************9067,SG,108
95df17fc-5133-43fb-0264-c8d9be72a169,2026-07-14T07:01:59.027,aml,OK,MT103,FAST,2937.54,INR,**************9067,SG,114
95df17fc-5133-43fb-0264-c8d9be72a169,2026-07-14T07:01:59.109,payment-hub,OK,MT103,FAST,2937.54,INR,**************9067,SG,69
95df17fc-5133-43fb-0264-c8d9be72a169,2026-07-14T07:01:59.247,core-banking,OK,MT103,FAST,2937.54,INR,**************9067,SG,126
95df17fc-5133-43fb-0264-c8d9be72a169,2026-07-14T07:01:59.317,settlement,SETTLED,MT103,FAST,2937.54,INR,**************9067,SG,138
cbf9855a-1aab-3d29-3a4c-f1c0d0722bbf,2026-07-14T12:07:21.908,gateway,OK,0200,CARDS,130.49,USD,**************3320,MY,17
cbf9855a-1aab-3d29-3a4c-f1c0d0722bbf,2026-07-14T12:07:22.032,auth,OK,0200,CARDS,130.49,USD,**************3320,MY,81
cbf9855a-1aab-3d29-3a4c-f1c0d0722bbf,2026-07-14T12:07:22.132,validation,OK,0200,CARDS,130.49,USD,**************3320,MY,106
cbf9855a-1aab-3d29-3a4c-f1c0d0722bbf,2026-07-14T12:07:22.280,aml,OK,0200,CARDS,130.49,USD,**************3320,MY,281
cbf9855a-1aab-3d29-3a4c-f1c0d0722bbf,2026-07-14T12:07:22.470,payment-hub,OK,0200,CARDS,130.49,USD,**************3320,MY,46
cbf9855a-1aab-3d29-3a4c-f1c0d0722bbf,2026-07-14T12:07:22.582,core-banking,OK,0200,CARDS,130.49,USD,**************3320,MY,95
cbf9855a-1aab-3d29-3a4c-f1c0d0722bbf,2026-07-14T12:07:22.713,settlement,SETTLED,0200,CARDS,130.49,USD,**************3320,MY,302
110073c8-8922-aadf-eda6-680d0e08d01d,2026-07-05T09:25:50.104,gateway,OK,MT103,FAST,414.26,SGD,**************6433,SG,56
110073c8-8922-aadf-eda6-680d0e08d01d,2026-07-05T09:25:50.201,auth,OK,MT103,FAST,414.26,SGD,**************6433,SG,31
110073c8-8922-aadf-eda6-680d0e08d01d,2026-07-05T09:25:50.331,validation,OK,MT103,FAST,414.26,SGD,**************6433,SG,71
110073c8-8922-aadf-eda6-680d0e08d01d,2026-07-05T09:25:50.384,aml,OK,MT103,FAST,414.26,SGD,**************6433,SG,200
110073c8-8922-aadf-eda6-680d0e08d01d,2026-07-05T09:25:50.504,payment-hub,OK,MT103,FAST,414.26,SGD,**************6433,SG,145
110073c8-8922-aadf-eda6-680d0e08d01d,2026-07-05T09:25:50.572,core-banking,OK,MT103,FAST,414.26,SGD,**************6433,SG,117
110073c8-8922-aadf-eda6-680d0e08d01d,2026-07-05T09:25:50.761,settlement,SETTLED,MT103,FAST,414.26,SGD,**************6433,SG,76
d52e7173-06cc-643a-223e-6cc6aa11dde7,2026-07-01T18:24:12.616,gateway,OK,MT103,SWIFT,810.7,USD,**************1448,SG,19
d52e7173-06cc-643a-223e-6cc6aa11dde7,2026-07-01T18:24:12.680,auth,OK,MT103,SWIFT,810.7,USD,**************1448,SG,39
d52e7173-06cc-643a-223e-6cc6aa11dde7,2026-07-01T18:24:12.821,validation,OK,MT103,SWIFT,810.7,USD,**************1448,SG,90
d52e7173-06cc-643a-223e-6cc6aa11dde7,2026-07-01T18:24:12.915,aml,OK,MT103,SWIFT,810.7,USD,**************1448,SG,115
d52e7173-06cc-643a-223e-6cc6aa11dde7,2026-07-01T18:24:13.144,payment-hub,OK,MT103,SWIFT,810.7,USD,**************1448,SG,81
d52e7173-06cc-643a-223e-6cc6aa11dde7,2026-07-01T18:24:13.238,core-banking,OK,MT103,SWIFT,810.7,USD,**************1448,SG,60
d52e7173-06cc-643a-223e-6cc6aa11dde7,2026-07-01T18:24:13.286,settlement,SETTLED,MT103,SWIFT,810.7,USD,**************1448,SG,263
eeba9f38-bea3-538d-e882-fae3171623cc,2026-07-09T15:43:37.591,gateway,OK,MT103,SWIFT,2863.91,MYR,**************1452,SG,60
eeba9f38-bea3-538d-e882-fae3171623cc,2026-07-09T15:43:37.672,auth,OK,MT103,SWIFT,2863.91,MYR,**************1452,SG,26
eeba9f38-bea3-538d-e882-fae3171623cc,2026-07-09T15:43:37.799,validation,OK,MT103,SWIFT,2863.91,MYR,**************1452,SG,40
eeba9f38-bea3-538d-e882-fae3171623cc,2026-07-09T15:43:37.857,aml,OK,MT103,SWIFT,2863.91,MYR,**************1452,SG,79
eeba9f38-bea3-538d-e882-fae3171623cc,2026-07-09T15:43:37.980,payment-hub,OK,MT103,SWIFT,2863.91,MYR,**************1452,SG,114
eeba9f38-bea3-538d-e882-fae3171623cc,2026-07-09T15:43:38.064,core-banking,OK,MT103,SWIFT,2863.91,MYR,**************1452,SG,227
eeba9f38-bea3-538d-e882-fae3171623cc,2026-07-09T15:43:38.172,settlement,SETTLED,MT103,SWIFT,2863.91,MYR,**************1452,SG,180
ba3864bb-f1e1-0639-8d59-226ae3e3ffc9,2026-07-13T06:05:48.738,gateway,OK,MT103,FAST,2317.5,MYR,**************6499,IN,47
ba3864bb-f1e1-0639-8d59-226ae3e3ffc9,2026-07-13T06:05:49.042,auth,OK,MT103,FAST,2317.5,MYR,**************6499,IN,42
ba3864bb-f1e1-0639-8d59-226ae3e3ffc9,2026-07-13T06:05:49.162,validation,OK,MT103,FAST,2317.5,MYR,**************6499,IN,82
ba3864bb-f1e1-0639-8d59-226ae3e3ffc9,2026-07-13T06:05:49.220,aml,OK,MT103,FAST,2317.5,MYR,**************6499,IN,141
ba3864bb-f1e1-0639-8d59-226ae3e3ffc9,2026-07-13T06:05:49.279,payment-hub,OK,MT103,FAST,2317.5,MYR,**************6499,IN,86
ba3864bb-f1e1-0639-8d59-226ae3e3ffc9,2026-07-13T06:05:49.343,core-banking,OK,MT103,FAST,2317.5,MYR,**************6499,IN,177
ba3864bb-f1e1-0639-8d59-226ae3e3ffc9,2026-07-13T06:05:49.636,settlement,SETTLED,MT103,FAST,2317.5,MYR,**************6499,IN,239
92d7194f-fa77-3c32-1c97-566473098641,2026-07-01T11:54:50.365,gateway,OK,pacs.008,SWIFT,387.92,SGD,**************1590,SG,15
92d7194f-fa77-3c32-1c97-566473098641,2026-07-01T11:54:50.586,auth,OK,pacs.008,SWIFT,387.92,SGD,**************1590,SG,20
92d7194f-fa77-3c32-1c97-566473098641,2026-07-01T11:54:50.717,validation,OK,pacs.008,SWIFT,387.92,SGD,**************1590,SG,112
92d7194f-fa77-3c32-1c97-566473098641,2026-07-01T11:54:50.758,aml,TIMEOUT,pacs.008,SWIFT,387.92,SGD,**************1590,SG,30000
92d7194f-fa77-3c32-1c97-566473098641,2026-07-01T11:54:50.877,payment-hub,FAILED,pacs.008,SWIFT,387.92,SGD,**************1590,SG,102
9cae754d-4a54-eab5-638b-96c2bccc76b8,2026-07-06T08:34:21.838,gateway,OK,pacs.008,SWIFT,838.97,SGD,**************7031,SG,23
9cae754d-4a54-eab5-638b-96c2bccc76b8,2026-07-06T08:34:21.874,auth,OK,pacs.008,SWIFT,838.97,SGD,**************7031,SG,49
9cae754d-4a54-eab5-638b-96c2bccc76b8,2026-07-06T08:34:21.993,validation,OK,pacs.008,SWIFT,838.97,SGD,**************7031,SG,61
9cae754d-4a54-eab5-638b-96c2bccc76b8,2026-07-06T08:34:22.069,aml,TIMEOUT,pacs.008,SWIFT,838.97,SGD,**************7031,SG,30000
9cae754d-4a54-eab5-638b-96c2bccc76b8,2026-07-06T08:34:22.130,payment-hub,FAILED,pacs.008,SWIFT,838.97,SGD,**************7031,SG,50
544d8e8d-cc22-9113-2f87-5323a0b94ee3,2026-07-13T16:31:21.726,gateway,OK,MT103,FAST,1163.35,EUR,**************4567,IN,55
544d8e8d-cc22-9113-2f87-5323a0b94ee3,2026-07-13T16:31:21.794,auth,OK,MT103,FAST,1163.35,EUR,**************4567,IN,34
544d8e8d-cc22-9113-2f87-5323a0b94ee3,2026-07-13T16:31:21.952,validation,OK,MT103,FAST,1163.35,EUR,**************4567,IN,107
544d8e8d-cc22-9113-2f87-5323a0b94ee3,2026-07-13T16:31:22.033,aml,OK,MT103,FAST,1163.35,EUR,**************4567,IN,168
544d8e8d-cc22-9113-2f87-5323a0b94ee3,2026-07-13T16:31:22.151,payment-hub,OK,MT103,FAST,1163.35,EUR,**************4567,IN,67
544d8e8d-cc22-9113-2f87-5323a0b94ee3,2026-07-13T16:31:22.213,core-banking,OK,MT103,FAST,1163.35,EUR,**************4567,IN,135
544d8e8d-cc22-9113-2f87-5323a0b94ee3,2026-07-13T16:31:22.267,settlement,SETTLED,MT103,FAST,1163.35,EUR,**************4567,IN,129
de3f5e4b-6704-b507-4629-cb288bc42177,2026-07-01T10:17:06.920,gateway,OK,pacs.008,FAST,1200.03,USD,**************2773,MY,47
de3f5e4b-6704-b507-4629-cb288bc42177,2026-07-01T10:17:06.981,auth,OK,pacs.008,FAST,1200.03,USD,**************2773,MY,46
de3f5e4b-6704-b507-4629-cb288bc42177,2026-07-01T10:17:36.986,validation,OK,pacs.008,FAST,1200.03,USD,**************2773,MY,116
de3f5e4b-6704-b507-4629-cb288bc42177,2026-07-01T10:17:37.014,aml,OK,pacs.008,FAST,1200.03,USD,**************2773,MY,219
de3f5e4b-6704-b507-4629-cb288bc42177,2026-07-01T10:17:37.096,payment-hub,OK,pacs.008,FAST,1200.03,USD,**************2773,MY,149
de3f5e4b-6704-b507-4629-cb288bc42177,2026-07-01T10:17:37.188,core-banking,OK,pacs.008,FAST,1200.03,USD,**************2773,MY,233
de3f5e4b-6704-b507-4629-cb288bc42177,2026-07-01T10:17:37.270,settlement,SETTLED,pacs.008,FAST,1200.03,USD,**************2773,MY,334
143debac-d9a5-be29-e736-e8839db38eb9,2026-07-09T06:31:34.963,gateway,OK,pacs.008,SWIFT,216.78,EUR,**************5430,SG,44
143debac-d9a5-be29-e736-e8839db38eb9,2026-07-09T06:31:35.008,auth,OK,pacs.008,SWIFT,216.78,EUR,**************5430,SG,86
143debac-d9a5-be29-e736-e8839db38eb9,2026-07-09T06:31:35.082,validation,OK,pacs.008,SWIFT,216.78,EUR,**************5430,SG,76
143debac-d9a5-be29-e736-e8839db38eb9,2026-07-09T06:31:35.205,aml,OK,pacs.008,SWIFT,216.78,EUR,**************5430,SG,136
143debac-d9a5-be29-e736-e8839db38eb9,2026-07-09T06:31:35.297,payment-hub,OK,pacs.008,SWIFT,216.78,EUR,**************5430,SG,42
143debac-d9a5-be29-e736-e8839db38eb9,2026-07-09T06:31:35.483,core-banking,OK,pacs.008,SWIFT,216.78,EUR,**************5430,SG,88
143debac-d9a5-be29-e736-e8839db38eb9,2026-07-09T06:31:35.566,settlement,SETTLED,pacs.008,SWIFT,216.78,EUR,**************5430,SG,227
3e39bf56-cba1-8e7e-1f3a-68bd6198bcea,2026-07-04T20:43:03.753,gateway,OK,MT103,FAST,1149.08,SGD,**************3413,MY,38
3e39bf56-cba1-8e7e-1f3a-68bd6198bcea,2026-07-04T20:43:03.809,auth,OK,MT103,FAST,1149.08,SGD,**************3413,MY,37
3e39bf56-cba1-8e7e-1f3a-68bd6198bcea,2026-07-04T20:43:03.970,validation,OK,MT103,FAST,1149.08,SGD,**************3413,MY,100
3e39bf56-cba1-8e7e-1f3a-68bd6198bcea,2026-07-04T20:43:04.169,aml,OK,MT103,FAST,1149.08,SGD,**************3413,MY,220
3e39bf56-cba1-8e7e-1f3a-68bd6198bcea,2026-07-04T20:43:04.394,payment-hub,OK,MT103,FAST,1149.08,SGD,**************3413,MY,129
3e39bf56-cba1-8e7e-1f3a-68bd6198bcea,2026-07-04T20:43:04.440,core-banking,OK,MT103,FAST,1149.08,SGD,**************3413,MY,82
3e39bf56-cba1-8e7e-1f3a-68bd6198bcea,2026-07-04T20:43:04.517,settlement,SETTLED,MT103,FAST,1149.08,SGD,**************3413,MY,269
75d08f99-8bc5-5340-aa03-fafd714dcd8a,2026-07-10T23:40:54.984,gateway,OK,pacs.008,FAST,4120.29,USD,**************6294,SG,52
75d08f99-8bc5-5340-aa03-fafd714dcd8a,2026-07-10T23:40:55.107,auth,OK,pacs.008,FAST,4120.29,USD,**************6294,SG,20
75d08f99-8bc5-5340-aa03-fafd714dcd8a,2026-07-10T23:40:55.195,validation,OK,pacs.008,FAST,4120.29,USD,**************6294,SG,76
75d08f99-8bc5-5340-aa03-fafd714dcd8a,2026-07-10T23:40:55.247,aml,OK,pacs.008,FAST,4120.29,USD,**************6294,SG,293
75d08f99-8bc5-5340-aa03-fafd714dcd8a,2026-07-10T23:40:55.388,payment-hub,OK,pacs.008,FAST,4120.29,USD,**************6294,SG,57
75d08f99-8bc5-5340-aa03-fafd714dcd8a,2026-07-10T23:40:55.481,core-banking,OK,pacs.008,FAST,4120.29,USD,**************6294,SG,213
75d08f99-8bc5-5340-aa03-fafd714dcd8a,2026-07-10T23:40:55.533,settlement,SETTLED,pacs.008,FAST,4120.29,USD,**************6294,SG,122
3d509c0f-85f8-1cc1-aa19-73c4d6df81ee,2026-07-13T18:32:20.968,gateway,OK,0200,FAST,1110.46,USD,**************3522,GB,46
3d509c0f-85f8-1cc1-aa19-73c4d6df81ee,2026-07-13T18:32:21.043,auth,OK,0200,FAST,1110.46,USD,**************3522,GB,49
3d509c0f-85f8-1cc1-aa19-73c4d6df81ee,2026-07-13T18:32:21.087,validation,OK,0200,FAST,1110.46,USD,**************3522,GB,43
3d509c0f-85f8-1cc1-aa19-73c4d6df81ee,2026-07-13T18:32:21.129,aml,OK,0200,FAST,1110.46,USD,**************3522,GB,136
3d509c0f-85f8-1cc1-aa19-73c4d6df81ee,2026-07-13T18:32:21.159,payment-hub,OK,0200,FAST,1110.46,USD,**************3522,GB,136
3d509c0f-85f8-1cc1-aa19-73c4d6df81ee,2026-07-13T18:32:21.233,core-banking,OK,0200,FAST,1110.46,USD,**************3522,GB,132
3d509c0f-85f8-1cc1-aa19-73c4d6df81ee,2026-07-13T18:32:21.310,settlement,SETTLED,0200,FAST,1110.46,USD,**************3522,GB,300
51c2e428-c7da-646a-bb75-1a384301b740,2026-07-11T06:36:08.606,gateway,OK,MT103,SWIFT,1004.3,SGD,**************5950,MY,53
51c2e428-c7da-646a-bb75-1a384301b740,2026-07-11T06:36:08.678,auth,OK,MT103,SWIFT,1004.3,SGD,**************5950,MY,20
51c2e428-c7da-646a-bb75-1a384301b740,2026-07-11T06:36:08.773,validation,REJECTED,MT103,SWIFT,1004.3,SGD,**************5950,MY,92
0dfab4f4-8bbf-3e80-ee81-87fc8915123a,2026-07-04T17:27:30.598,gateway,OK,pacs.008,SWIFT,1711.17,MYR,**************0404,SG,31
0dfab4f4-8bbf-3e80-ee81-87fc8915123a,2026-07-04T17:27:30.796,auth,OK,pacs.008,SWIFT,1711.17,MYR,**************0404,SG,68
0dfab4f4-8bbf-3e80-ee81-87fc8915123a,2026-07-04T17:27:31.007,validation,OK,pacs.008,SWIFT,1711.17,MYR,**************0404,SG,48
0dfab4f4-8bbf-3e80-ee81-87fc8915123a,2026-07-04T17:27:31.112,aml,OK,pacs.008,SWIFT,1711.17,MYR,**************0404,SG,188
0dfab4f4-8bbf-3e80-ee81-87fc8915123a,2026-07-04T17:27:31.381,payment-hub,OK,pacs.008,SWIFT,1711.17,MYR,**************0404,SG,140
0dfab4f4-8bbf-3e80-ee81-87fc8915123a,2026-07-04T17:27:31.467,core-banking,OK,pacs.008,SWIFT,1711.17,MYR,**************0404,SG,116
0dfab4f4-8bbf-3e80-ee81-87fc8915123a,2026-07-04T17:27:31.508,settlement,SETTLED,pacs.008,SWIFT,1711.17,MYR,**************0404,SG,261
1cb8f86c-fb35-a422-ebf4-098754420fd7,2026-07-02T07:26:19.600,gateway,OK,pacs.008,FAST,6422.85,EUR,**************1420,SG,17
1cb8f86c-fb35-a422-ebf4-098754420fd7,2026-07-02T07:26:19.736,auth,OK,pacs.008,FAST,6422.85,EUR,**************1420,SG,50
1cb8f86c-fb35-a422-ebf4-098754420fd7,2026-07-02T07:26:19.802,validation,OK,pacs.008,FAST,6422.85,EUR,**************1420,SG,53
1cb8f86c-fb35-a422-ebf4-098754420fd7,2026-07-02T07:26:19.863,aml,OK,pacs.008,FAST,6422.85,EUR,**************1420,SG,248
1cb8f86c-fb35-a422-ebf4-098754420fd7,2026-07-02T07:26:19.898,payment-hub,OK,pacs.008,FAST,6422.85,EUR,**************1420,SG,111
1cb8f86c-fb35-a422-ebf4-098754420fd7,2026-07-02T07:26:19.940,core-banking,OK,pacs.008,FAST,6422.85,EUR,**************1420,SG,230
1cb8f86c-fb35-a422-ebf4-098754420fd7,2026-07-02T07:26:20.003,settlement,SETTLED,pacs.008,FAST,6422.85,EUR,**************1420,SG,235
58dd24ba-4bd1-204d-9c43-7f3d384348ca,2026-07-02T13:50:27.322,gateway,OK,pacs.008,FAST,1833.74,SGD,**************5884,MY,33
58dd24ba-4bd1-204d-9c43-7f3d384348ca,2026-07-02T13:50:27.390,auth,OK,pacs.008,FAST,1833.74,SGD,**************5884,MY,71
58dd24ba-4bd1-204d-9c43-7f3d384348ca,2026-07-02T13:50:27.507,validation,OK,pacs.008,FAST,1833.74,SGD,**************5884,MY,75
58dd24ba-4bd1-204d-9c43-7f3d384348ca,2026-07-02T13:50:27.560,aml,OK,pacs.008,FAST,1833.74,SGD,**************5884,MY,281
58dd24ba-4bd1-204d-9c43-7f3d384348ca,2026-07-02T13:50:27.720,payment-hub,OK,pacs.008,FAST,1833.74,SGD,**************5884,MY,130
58dd24ba-4bd1-204d-9c43-7f3d384348ca,2026-07-02T13:50:27.782,core-banking,OK,pacs.008,FAST,1833.74,SGD,**************5884,MY,173
58dd24ba-4bd1-204d-9c43-7f3d384348ca,2026-07-02T13:50:57.811,settlement,SETTLED,pacs.008,FAST,1833.74,SGD,**************5884,MY,213
6c1212ec-8d89-5996-a338-ac9d1a984511,2026-07-12T02:25:41.893,gateway,OK,MT103,FAST,1420.82,SGD,**************6804,SG,50
6c1212ec-8d89-5996-a338-ac9d1a984511,2026-07-12T02:25:42.208,auth,OK,MT103,FAST,1420.82,SGD,**************6804,SG,37
6c1212ec-8d89-5996-a338-ac9d1a984511,2026-07-12T02:25:42.441,validation,OK,MT103,FAST,1420.82,SGD,**************6804,SG,109
6c1212ec-8d89-5996-a338-ac9d1a984511,2026-07-12T02:25:42.533,aml,OK,MT103,FAST,1420.82,SGD,**************6804,SG,65
6c1212ec-8d89-5996-a338-ac9d1a984511,2026-07-12T02:25:42.606,payment-hub,OK,MT103,FAST,1420.82,SGD,**************6804,SG,113
6c1212ec-8d89-5996-a338-ac9d1a984511,2026-07-12T02:25:42.675,core-banking,OK,MT103,FAST,1420.82,SGD,**************6804,SG,96
6c1212ec-8d89-5996-a338-ac9d1a984511,2026-07-12T02:25:42.742,settlement,SETTLED,MT103,FAST,1420.82,SGD,**************6804,SG,82
108bf58b-331e-9d60-4d80-3ad7def1233a,2026-07-10T18:25:28.223,gateway,OK,pacs.008,SWIFT,549.94,EUR,**************2082,US,46
108bf58b-331e-9d60-4d80-3ad7def1233a,2026-07-10T18:25:28.294,auth,OK,pacs.008,SWIFT,549.94,EUR,**************2082,US,59
108bf58b-331e-9d60-4d80-3ad7def1233a,2026-07-10T18:25:28.470,validation,OK,pacs.008,SWIFT,549.94,EUR,**************2082,US,105
108bf58b-331e-9d60-4d80-3ad7def1233a,2026-07-10T18:25:28.550,aml,OK,pacs.008,SWIFT,549.94,EUR,**************2082,US,202
108bf58b-331e-9d60-4d80-3ad7def1233a,2026-07-10T18:25:28.613,payment-hub,OK,pacs.008,SWIFT,549.94,EUR,**************2082,US,60
108bf58b-331e-9d60-4d80-3ad7def1233a,2026-07-10T18:25:28.709,core-banking,OK,pacs.008,SWIFT,549.94,EUR,**************2082,US,148
108bf58b-331e-9d60-4d80-3ad7def1233a,2026-07-10T18:25:28.773,settlement,SETTLED,pacs.008,SWIFT,549.94,EUR,**************2082,US,350
88e29284-0b21-e901-fb65-411f37389590,2026-07-11T17:24:35.723,gateway,OK,MT103,FAST,865.94,SGD,**************5577,US,23
88e29284-0b21-e901-fb65-411f37389590,2026-07-11T17:24:35.782,auth,OK,MT103,FAST,865.94,SGD,**************5577,US,79
88e29284-0b21-e901-fb65-411f37389590,2026-07-11T17:24:35.840,validation,OK,MT103,FAST,865.94,SGD,**************5577,US,73
88e29284-0b21-e901-fb65-411f37389590,2026-07-11T17:24:35.954,aml,OK,MT103,FAST,865.94,SGD,**************5577,US,73
88e29284-0b21-e901-fb65-411f37389590,2026-07-11T17:24:36.041,payment-hub,OK,MT103,FAST,865.94,SGD,**************5577,US,88
88e29284-0b21-e901-fb65-411f37389590,2026-07-11T17:24:36.164,core-banking,OK,MT103,FAST,865.94,SGD,**************5577,US,59
88e29284-0b21-e901-fb65-411f37389590,2026-07-11T17:24:36.273,settlement,SETTLED,MT103,FAST,865.94,SGD,**************5577,US,232
0e2462f0-eda6-6a24-bfd9-c2499d67d68a,2026-07-11T23:02:53.350,gateway,OK,pacs.008,FAST,87.97,SGD,**************9245,MY,42
0e2462f0-eda6-6a24-bfd9-c2499d67d68a,2026-07-11T23:02:53.465,auth,OK,pacs.008,FAST,87.97,SGD,**************9245,MY,43
0e2462f0-eda6-6a24-bfd9-c2499d67d68a,2026-07-11T23:02:53.627,validation,OK,pacs.008,FAST,87.97,SGD,**************9245,MY,106
0e2462f0-eda6-6a24-bfd9-c2499d67d68a,2026-07-11T23:02:53.695,aml,OK,pacs.008,FAST,87.97,SGD,**************9245,MY,289
0e2462f0-eda6-6a24-bfd9-c2499d67d68a,2026-07-11T23:02:53.776,payment-hub,OK,pacs.008,FAST,87.97,SGD,**************9245,MY,129
0e2462f0-eda6-6a24-bfd9-c2499d67d68a,2026-07-11T23:02:53.888,core-banking,OK,pacs.008,FAST,87.97,SGD,**************9245,MY,236
0e2462f0-eda6-6a24-bfd9-c2499d67d68a,2026-07-11T23:02:54.057,settlement,SETTLED,pacs.008,FAST,87.97,SGD,**************9245,MY,147
b74a8669-f027-0ab4-392b-49a467beabc7,2026-07-02T13:49:58.303,gateway,OK,0200,FAST,533.6,MYR,**************6790,SG,27
b74a8669-f027-0ab4-392b-49a467beabc7,2026-07-02T13:49:58.375,auth,OK,0200,FAST,533.6,MYR,**************6790,SG,50
b74a8669-f027-0ab4-392b-49a467beabc7,2026-07-02T13:49:58.424,validation,OK,0200,FAST,533.6,MYR,**************6790,SG,38
b74a8669-f027-0ab4-392b-49a467beabc7,2026-07-02T13:49:58.721,aml,OK,0200,FAST,533.6,MYR,**************6790,SG,52
b74a8669-f027-0ab4-392b-49a467beabc7,2026-07-02T13:49:58.831,payment-hub,OK,0200,FAST,533.6,MYR,**************6790,SG,87
b74a8669-f027-0ab4-392b-49a467beabc7,2026-07-02T13:49:58.919,core-banking,OK,0200,FAST,533.6,MYR,**************6790,SG,137
b74a8669-f027-0ab4-392b-49a467beabc7,2026-07-02T13:49:59.027,settlement,SETTLED,0200,FAST,533.6,MYR,**************6790,SG,397
1c33e40e-8e89-6bb3-c17e-06c7d3213916,2026-07-12T23:59:38.290,gateway,OK,0200,CARDS,2976.31,SGD,**************6754,SG,38
1c33e40e-8e89-6bb3-c17e-06c7d3213916,2026-07-12T23:59:38.386,auth,OK,0200,CARDS,2976.31,SGD,**************6754,SG,46
1c33e40e-8e89-6bb3-c17e-06c7d3213916,2026-07-12T23:59:38.537,validation,OK,0200,CARDS,2976.31,SGD,**************6754,SG,79
1c33e40e-8e89-6bb3-c17e-06c7d3213916,2026-07-12T23:59:38.695,aml,OK,0200,CARDS,2976.31,SGD,**************6754,SG,91
1c33e40e-8e89-6bb3-c17e-06c7d3213916,2026-07-12T23:59:38.787,payment-hub,OK,0200,CARDS,2976.31,SGD,**************6754,SG,55
1c33e40e-8e89-6bb3-c17e-06c7d3213916,2026-07-12T23:59:38.954,core-banking,OK,0200,CARDS,2976.31,SGD,**************6754,SG,189
1c33e40e-8e89-6bb3-c17e-06c7d3213916,2026-07-12T23:59:39.052,settlement,SETTLED,0200,CARDS,2976.31,SGD,**************6754,SG,379
ed543b7a-3847-0737-f5e9-78a02d8d928f,2026-07-01T09:21:18.380,gateway,OK,pacs.008,SWIFT,1259.14,SGD,**************3516,MY,41
ed543b7a-3847-0737-f5e9-78a02d8d928f,2026-07-01T09:21:18.594,auth,OK,pacs.008,SWIFT,1259.14,SGD,**************3516,MY,52
ed543b7a-3847-0737-f5e9-78a02d8d928f,2026-07-01T09:21:18.759,validation,OK,pacs.008,SWIFT,1259.14,SGD,**************3516,MY,99
ed543b7a-3847-0737-f5e9-78a02d8d928f,2026-07-01T09:21:19.026,aml,OK,pacs.008,SWIFT,1259.14,SGD,**************3516,MY,289
ed543b7a-3847-0737-f5e9-78a02d8d928f,2026-07-01T09:21:19.098,payment-hub,OK,pacs.008,SWIFT,1259.14,SGD,**************3516,MY,52
ed543b7a-3847-0737-f5e9-78a02d8d928f,2026-07-01T09:21:19.152,core-banking,OK,pacs.008,SWIFT,1259.14,SGD,**************3516,MY,168
ed543b7a-3847-0737-f5e9-78a02d8d928f,2026-07-01T09:21:19.276,settlement,SETTLED,pacs.008,SWIFT,1259.14,SGD,**************3516,MY,74
5e49aa9a-696e-0fcb-fa5e-c604be2d4c25,2026-07-10T21:22:58.381,gateway,OK,pacs.008,FAST,530.93,EUR,**************7926,GB,47
5e49aa9a-696e-0fcb-fa5e-c604be2d4c25,2026-07-10T21:22:58.597,auth,OK,pacs.008,FAST,530.93,EUR,**************7926,GB,45
5e49aa9a-696e-0fcb-fa5e-c604be2d4c25,2026-07-10T21:22:58.793,validation,OK,pacs.008,FAST,530.93,EUR,**************7926,GB,68
5e49aa9a-696e-0fcb-fa5e-c604be2d4c25,2026-07-10T21:22:58.891,aml,OK,pacs.008,FAST,530.93,EUR,**************7926,GB,63
5e49aa9a-696e-0fcb-fa5e-c604be2d4c25,2026-07-10T21:22:58.992,payment-hub,OK,pacs.008,FAST,530.93,EUR,**************7926,GB,33
5e49aa9a-696e-0fcb-fa5e-c604be2d4c25,2026-07-10T21:22:59.071,core-banking,OK,pacs.008,FAST,530.93,EUR,**************7926,GB,242
5e49aa9a-696e-0fcb-fa5e-c604be2d4c25,2026-07-10T21:22:59.283,settlement,SETTLED,pacs.008,FAST,530.93,EUR,**************7926,GB,377
6d51a1ed-5f72-b7c4-3f69-511335b7b5a2,2026-07-02T08:07:47.624,gateway,OK,pacs.008,FAST,352.36,USD,**************7039,GB,30
6d51a1ed-5f72-b7c4-3f69-511335b7b5a2,2026-07-02T08:07:47.710,auth,OK,pacs.008,FAST,352.36,USD,**************7039,GB,84
6d51a1ed-5f72-b7c4-3f69-511335b7b5a2,2026-07-02T08:07:47.756,validation,OK,pacs.008,FAST,352.36,USD,**************7039,GB,118
6d51a1ed-5f72-b7c4-3f69-511335b7b5a2,2026-07-02T08:07:47.822,aml,OK,pacs.008,FAST,352.36,USD,**************7039,GB,105
6d51a1ed-5f72-b7c4-3f69-511335b7b5a2,2026-07-02T08:07:47.951,payment-hub,OK,pacs.008,FAST,352.36,USD,**************7039,GB,46
6d51a1ed-5f72-b7c4-3f69-511335b7b5a2,2026-07-02T08:07:47.995,core-banking,OK,pacs.008,FAST,352.36,USD,**************7039,GB,96
6d51a1ed-5f72-b7c4-3f69-511335b7b5a2,2026-07-02T08:07:48.117,settlement,SETTLED,pacs.008,FAST,352.36,USD,**************7039,GB,300
4a491eab-8d18-4f40-387d-36040d6916d4,2026-07-08T10:26:23.789,gateway,OK,pacs.008,CARDS,686.12,MYR,**************0830,IN,53
4a491eab-8d18-4f40-387d-36040d6916d4,2026-07-08T10:26:23.845,auth,OK,pacs.008,CARDS,686.12,MYR,**************0830,IN,72
4a491eab-8d18-4f40-387d-36040d6916d4,2026-07-08T10:26:23.962,validation,OK,pacs.008,CARDS,686.12,MYR,**************0830,IN,94
4a491eab-8d18-4f40-387d-36040d6916d4,2026-07-08T10:26:24.089,aml,OK,pacs.008,CARDS,686.12,MYR,**************0830,IN,234
4a491eab-8d18-4f40-387d-36040d6916d4,2026-07-08T10:26:24.149,payment-hub,OK,pacs.008,CARDS,686.12,MYR,**************0830,IN,107
4a491eab-8d18-4f40-387d-36040d6916d4,2026-07-08T10:26:24.251,core-banking,OK,pacs.008,CARDS,686.12,MYR,**************0830,IN,71
4a491eab-8d18-4f40-387d-36040d6916d4,2026-07-08T10:26:24.410,settlement,SETTLED,pacs.008,CARDS,686.12,MYR,**************0830,IN,96
2241ccdd-de44-8930-14c8-898603721ec1,2026-07-08T20:58:32.276,gateway,OK,pacs.008,SWIFT,1861.98,SGD,**************2380,US,58
2241ccdd-de44-8930-14c8-898603721ec1,2026-07-08T20:58:32.427,auth,OK,pacs.008,SWIFT,1861.98,SGD,**************2380,US,70
2241ccdd-de44-8930-14c8-898603721ec1,2026-07-08T20:58:32.575,validation,OK,pacs.008,SWIFT,1861.98,SGD,**************2380,US,34
2241ccdd-de44-8930-14c8-898603721ec1,2026-07-08T20:58:32.710,aml,OK,pacs.008,SWIFT,1861.98,SGD,**************2380,US,132
2241ccdd-de44-8930-14c8-898603721ec1,2026-07-08T20:58:32.757,payment-hub,OK,pacs.008,SWIFT,1861.98,SGD,**************2380,US,135
2241ccdd-de44-8930-14c8-898603721ec1,2026-07-08T20:58:32.881,core-banking,OK,pacs.008,SWIFT,1861.98,SGD,**************2380,US,91
2241ccdd-de44-8930-14c8-898603721ec1,2026-07-08T20:58:32.946,settlement,SETTLED,pacs.008,SWIFT,1861.98,SGD,**************2380,US,341
1a25a3c5-a603-6a10-4ffc-7bb83e92d7d5,2026-07-14T08:37:20.245,gateway,OK,pacs.008,FAST,45.85,MYR,**************0140,SG,58
1a25a3c5-a603-6a10-4ffc-7bb83e92d7d5,2026-07-14T08:37:20.285,auth,OK,pacs.008,FAST,45.85,MYR,**************0140,SG,60
1a25a3c5-a603-6a10-4ffc-7bb83e92d7d5,2026-07-14T08:37:20.339,validation,OK,pacs.008,FAST,45.85,MYR,**************0140,SG,65
1a25a3c5-a603-6a10-4ffc-7bb83e92d7d5,2026-07-14T08:37:20.424,aml,OK,pacs.008,FAST,45.85,MYR,**************0140,SG,154
1a25a3c5-a603-6a10-4ffc-7bb83e92d7d5,2026-07-14T08:37:20.498,payment-hub,OK,pacs.008,FAST,45.85,MYR,**************0140,SG,127
1a25a3c5-a603-6a10-4ffc-7bb83e92d7d5,2026-07-14T08:37:20.536,core-banking,OK,pacs.008,FAST,45.85,MYR,**************0140,SG,244
1a25a3c5-a603-6a10-4ffc-7bb83e92d7d5,2026-07-14T08:37:20.569,settlement,SETTLED,pacs.008,FAST,45.85,MYR,**************0140,SG,374
9bfd73db-9d2c-1a58-723e-1e0e13ec7154,2026-07-05T06:28:40.183,gateway,OK,MT103,FAST,7914.19,INR,**************2175,SG,51
9bfd73db-9d2c-1a58-723e-1e0e13ec7154,2026-07-05T06:28:40.288,auth,OK,MT103,FAST,7914.19,INR,**************2175,SG,71
9bfd73db-9d2c-1a58-723e-1e0e13ec7154,2026-07-05T06:28:40.362,validation,OK,MT103,FAST,7914.19,INR,**************2175,SG,52
9bfd73db-9d2c-1a58-723e-1e0e13ec7154,2026-07-05T06:28:40.486,aml,OK,MT103,FAST,7914.19,INR,**************2175,SG,239
9bfd73db-9d2c-1a58-723e-1e0e13ec7154,2026-07-05T06:28:40.553,payment-hub,OK,MT103,FAST,7914.19,INR,**************2175,SG,34
9bfd73db-9d2c-1a58-723e-1e0e13ec7154,2026-07-05T06:28:40.741,core-banking,OK,MT103,FAST,7914.19,INR,**************2175,SG,177
9bfd73db-9d2c-1a58-723e-1e0e13ec7154,2026-07-05T06:28:40.937,settlement,SETTLED,MT103,FAST,7914.19,INR,**************2175,SG,334
f3985cb8-ec4d-20e1-4359-ea73dc8ae17b,2026-07-03T06:18:37.180,gateway,OK,pacs.008,FAST,517.23,EUR,**************8146,SG,39
f3985cb8-ec4d-20e1-4359-ea73dc8ae17b,2026-07-03T06:18:37.262,auth,OK,pacs.008,FAST,517.23,EUR,**************8146,SG,84
f3985cb8-ec4d-20e1-4359-ea73dc8ae17b,2026-07-03T06:18:37.334,validation,OK,pacs.008,FAST,517.23,EUR,**************8146,SG,50
f3985cb8-ec4d-20e1-4359-ea73dc8ae17b,2026-07-03T06:18:37.420,aml,OK,pacs.008,FAST,517.23,EUR,**************8146,SG,225
f3985cb8-ec4d-20e1-4359-ea73dc8ae17b,2026-07-03T06:18:37.515,payment-hub,OK,pacs.008,FAST,517.23,EUR,**************8146,SG,68
f3985cb8-ec4d-20e1-4359-ea73dc8ae17b,2026-07-03T06:18:37.774,core-banking,OK,pacs.008,FAST,517.23,EUR,**************8146,SG,102
f3985cb8-ec4d-20e1-4359-ea73dc8ae17b,2026-07-03T06:18:37.833,settlement,SETTLED,pacs.008,FAST,517.23,EUR,**************8146,SG,352
f1a51445-1cef-0314-542f-d53d63619d59,2026-07-09T23:00:22.846,gateway,OK,pacs.008,FAST,538.02,USD,**************1082,GB,45
f1a51445-1cef-0314-542f-d53d63619d59,2026-07-09T23:00:22.952,auth,OK,pacs.008,FAST,538.02,USD,**************1082,GB,53
f1a51445-1cef-0314-542f-d53d63619d59,2026-07-09T23:00:23.002,validation,REJECTED,pacs.008,FAST,538.02,USD,**************1082,GB,94
b51c866b-b482-7ae0-7eb6-f5d64e3a5b2d,2026-07-09T04:20:48.919,gateway,OK,pacs.008,FAST,363.54,EUR,**************7239,SG,17
b51c866b-b482-7ae0-7eb6-f5d64e3a5b2d,2026-07-09T04:20:49.003,auth,OK,pacs.008,FAST,363.54,EUR,**************7239,SG,48
b51c866b-b482-7ae0-7eb6-f5d64e3a5b2d,2026-07-09T04:20:49.126,validation,OK,pacs.008,FAST,363.54,EUR,**************7239,SG,49
b51c866b-b482-7ae0-7eb6-f5d64e3a5b2d,2026-07-09T04:20:49.243,aml,OK,pacs.008,FAST,363.54,EUR,**************7239,SG,294
b51c866b-b482-7ae0-7eb6-f5d64e3a5b2d,2026-07-09T04:20:49.417,payment-hub,OK,pacs.008,FAST,363.54,EUR,**************7239,SG,115
b51c866b-b482-7ae0-7eb6-f5d64e3a5b2d,2026-07-09T04:20:49.467,core-banking,OK,pacs.008,FAST,363.54,EUR,**************7239,SG,245
b51c866b-b482-7ae0-7eb6-f5d64e3a5b2d,2026-07-09T04:20:49.588,settlement,SETTLED,pacs.008,FAST,363.54,EUR,**************7239,SG,316
0591ed62-1d40-ff32-ae9b-0f12b32ccdab,2026-07-07T04:42:21.796,gateway,OK,MT103,FAST,325.27,SGD,**************3757,SG,47
0591ed62-1d40-ff32-ae9b-0f12b32ccdab,2026-07-07T04:42:21.885,auth,OK,MT103,FAST,325.27,SGD,**************3757,SG,76
0591ed62-1d40-ff32-ae9b-0f12b32ccdab,2026-07-07T04:42:22.086,validation,OK,MT103,FAST,325.27,SGD,**************3757,SG,88
0591ed62-1d40-ff32-ae9b-0f12b32ccdab,2026-07-07T04:42:22.221,aml,TIMEOUT,MT103,FAST,325.27,SGD,**************3757,SG,30000
0591ed62-1d40-ff32-ae9b-0f12b32ccdab,2026-07-07T04:42:22.304,payment-hub,FAILED,MT103,FAST,325.27,SGD,**************3757,SG,52
cdec5e23-196a-f985-72f2-47c929a7fc17,2026-07-13T22:06:26.022,gateway,OK,pacs.008,FAST,2572.39,USD,**************9504,SG,59
cdec5e23-196a-f985-72f2-47c929a7fc17,2026-07-13T22:06:26.082,auth,OK,pacs.008,FAST,2572.39,USD,**************9504,SG,81
cdec5e23-196a-f985-72f2-47c929a7fc17,2026-07-13T22:06:26.291,validation,OK,pacs.008,FAST,2572.39,USD,**************9504,SG,65
cdec5e23-196a-f985-72f2-47c929a7fc17,2026-07-13T22:06:26.325,aml,OK,pacs.008,FAST,2572.39,USD,**************9504,SG,150
cdec5e23-196a-f985-72f2-47c929a7fc17,2026-07-13T22:06:26.471,payment-hub,OK,pacs.008,FAST,2572.39,USD,**************9504,SG,47
cdec5e23-196a-f985-72f2-47c929a7fc17,2026-07-13T22:06:26.527,core-banking,OK,pacs.008,FAST,2572.39,USD,**************9504,SG,212
cdec5e23-196a-f985-72f2-47c929a7fc17,2026-07-13T22:06:26.569,settlement,SETTLED,pacs.008,FAST,2572.39,USD,**************9504,SG,376
13443eca-88b8-a8ec-d4d9-c4f6d66a00bf,2026-07-06T10:12:41.431,gateway,OK,MT103,FAST,388.54,USD,**************0333,GB,60
13443eca-88b8-a8ec-d4d9-c4f6d66a00bf,2026-07-06T10:12:41.489,auth,OK,MT103,FAST,388.54,USD,**************0333,GB,68
13443eca-88b8-a8ec-d4d9-c4f6d66a00bf,2026-07-06T10:12:41.742,validation,OK,MT103,FAST,388.54,USD,**************0333,GB,73
13443eca-88b8-a8ec-d4d9-c4f6d66a00bf,2026-07-06T10:12:41.803,aml,TIMEOUT,MT103,FAST,388.54,USD,**************0333,GB,30000
13443eca-88b8-a8ec-d4d9-c4f6d66a00bf,2026-07-06T10:12:41.879,payment-hub,FAILED,MT103,FAST,388.54,USD,**************0333,GB,47
89bef735-f440-8d82-7306-34dd6bbde1d0,2026-07-02T01:56:51.866,gateway,OK,pacs.008,SWIFT,601.28,SGD,**************9346,US,59
89bef735-f440-8d82-7306-34dd6bbde1d0,2026-07-02T01:56:51.978,auth,OK,pacs.008,SWIFT,601.28,SGD,**************9346,US,83
89bef735-f440-8d82-7306-34dd6bbde1d0,2026-07-02T01:56:52.062,validation,OK,pacs.008,SWIFT,601.28,SGD,**************9346,US,94
89bef735-f440-8d82-7306-34dd6bbde1d0,2026-07-02T01:56:52.140,aml,OK,pacs.008,SWIFT,601.28,SGD,**************9346,US,182
89bef735-f440-8d82-7306-34dd6bbde1d0,2026-07-02T01:56:52.214,payment-hub,OK,pacs.008,SWIFT,601.28,SGD,**************9346,US,111
89bef735-f440-8d82-7306-34dd6bbde1d0,2026-07-02T01:56:52.305,core-banking,OK,pacs.008,SWIFT,601.28,SGD,**************9346,US,95
89bef735-f440-8d82-7306-34dd6bbde1d0,2026-07-02T01:56:52.464,settlement,SETTLED,pacs.008,SWIFT,601.28,SGD,**************9346,US,208
5b910a35-1e8a-e284-4d32-821ffe4a2094,2026-07-08T00:20:30.030,gateway,OK,MT103,FAST,421.63,INR,**************5885,SG,30
5b910a35-1e8a-e284-4d32-821ffe4a2094,2026-07-08T00:20:30.118,auth,OK,MT103,FAST,421.63,INR,**************5885,SG,65
5b910a35-1e8a-e284-4d32-821ffe4a2094,2026-07-08T00:20:30.190,validation,OK,MT103,FAST,421.63,INR,**************5885,SG,26
5b910a35-1e8a-e284-4d32-821ffe4a2094,2026-07-08T00:20:30.226,aml,OK,MT103,FAST,421.63,INR,**************5885,SG,60
5b910a35-1e8a-e284-4d32-821ffe4a2094,2026-07-08T00:20:30.284,payment-hub,OK,MT103,FAST,421.63,INR,**************5885,SG,110
5b910a35-1e8a-e284-4d32-821ffe4a2094,2026-07-08T00:20:30.368,core-banking,OK,MT103,FAST,421.63,INR,**************5885,SG,118
5b910a35-1e8a-e284-4d32-821ffe4a2094,2026-07-08T00:20:30.439,settlement,SETTLED,MT103,FAST,421.63,INR,**************5885,SG,343
cb9d7272-5778-46f9-31ac-4b2859ebfa8b,2026-07-06T01:23:12.676,gateway,OK,pacs.008,SWIFT,625.92,SGD,**************0770,GB,33
cb9d7272-5778-46f9-31ac-4b2859ebfa8b,2026-07-06T01:23:12.763,auth,OK,pacs.008,SWIFT,625.92,SGD,**************0770,GB,82
cb9d7272-5778-46f9-31ac-4b2859ebfa8b,2026-07-06T01:23:12.909,validation,OK,pacs.008,SWIFT,625.92,SGD,**************0770,GB,79
cb9d7272-5778-46f9-31ac-4b2859ebfa8b,2026-07-06T01:23:13.097,aml,OK,pacs.008,SWIFT,625.92,SGD,**************0770,GB,258
cb9d7272-5778-46f9-31ac-4b2859ebfa8b,2026-07-06T01:23:13.144,payment-hub,OK,pacs.008,SWIFT,625.92,SGD,**************0770,GB,30
cb9d7272-5778-46f9-31ac-4b2859ebfa8b,2026-07-06T01:23:13.392,core-banking,OK,pacs.008,SWIFT,625.92,SGD,**************0770,GB,50
cb9d7272-5778-46f9-31ac-4b2859ebfa8b,2026-07-06T01:23:13.573,settlement,SETTLED,pacs.008,SWIFT,625.92,SGD,**************0770,GB,233
fb0936e6-42b8-96b6-f4ce-7fcf0cd38153,2026-07-14T10:55:04.987,gateway,OK,pacs.008,FAST,1258.15,EUR,**************4098,SG,31
fb0936e6-42b8-96b6-f4ce-7fcf0cd38153,2026-07-14T10:55:05.042,auth,OK,pacs.008,FAST,1258.15,EUR,**************4098,SG,82
fb0936e6-42b8-96b6-f4ce-7fcf0cd38153,2026-07-14T10:55:05.135,validation,OK,pacs.008,FAST,1258.15,EUR,**************4098,SG,28
fb0936e6-42b8-96b6-f4ce-7fcf0cd38153,2026-07-14T10:55:05.191,aml,TIMEOUT,pacs.008,FAST,1258.15,EUR,**************4098,SG,30000
fb0936e6-42b8-96b6-f4ce-7fcf0cd38153,2026-07-14T10:55:05.377,payment-hub,FAILED,pacs.008,FAST,1258.15,EUR,**************4098,SG,64
daad0f6d-d4a8-9d0c-f05e-16bee97d174c,2026-07-07T18:05:46.120,gateway,OK,0200,SWIFT,778.94,SGD,**************8250,MY,60
daad0f6d-d4a8-9d0c-f05e-16bee97d174c,2026-07-07T18:05:46.194,auth,OK,0200,SWIFT,778.94,SGD,**************8250,MY,47
daad0f6d-d4a8-9d0c-f05e-16bee97d174c,2026-07-07T18:05:46.292,validation,OK,0200,SWIFT,778.94,SGD,**************8250,MY,75
daad0f6d-d4a8-9d0c-f05e-16bee97d174c,2026-07-07T18:05:46.546,aml,OK,0200,SWIFT,778.94,SGD,**************8250,MY,103
daad0f6d-d4a8-9d0c-f05e-16bee97d174c,2026-07-07T18:05:46.808,payment-hub,OK,0200,SWIFT,778.94,SGD,**************8250,MY,128
daad0f6d-d4a8-9d0c-f05e-16bee97d174c,2026-07-07T18:05:46.924,core-banking,OK,0200,SWIFT,778.94,SGD,**************8250,MY,193
daad0f6d-d4a8-9d0c-f05e-16bee97d174c,2026-07-07T18:05:47.006,settlement,SETTLED,0200,SWIFT,778.94,SGD,**************8250,MY,351
a7aacc54-2ed2-82e7-a9fd-c014bc2aed37,2026-07-08T06:56:23.421,gateway,OK,MT103,FAST,1030.39,GBP,**************4899,SG,37
a7aacc54-2ed2-82e7-a9fd-c014bc2aed37,2026-07-08T06:56:23.505,auth,OK,MT103,FAST,1030.39,GBP,**************4899,SG,73
a7aacc54-2ed2-82e7-a9fd-c014bc2aed37,2026-07-08T06:56:23.609,validation,OK,MT103,FAST,1030.39,GBP,**************4899,SG,39
a7aacc54-2ed2-82e7-a9fd-c014bc2aed37,2026-07-08T06:56:23.721,aml,OK,MT103,FAST,1030.39,GBP,**************4899,SG,117
a7aacc54-2ed2-82e7-a9fd-c014bc2aed37,2026-07-08T06:56:23.801,payment-hub,OK,MT103,FAST,1030.39,GBP,**************4899,SG,66
a7aacc54-2ed2-82e7-a9fd-c014bc2aed37,2026-07-08T06:56:23.862,core-banking,OK,MT103,FAST,1030.39,GBP,**************4899,SG,190
a7aacc54-2ed2-82e7-a9fd-c014bc2aed37,2026-07-08T06:56:24.110,settlement,SETTLED,MT103,FAST,1030.39,GBP,**************4899,SG,256
1f4bcd87-ab6c-9ff0-169c-7f3260d1ef99,2026-07-02T07:57:14.525,gateway,OK,pacs.008,FAST,1056.7,MYR,**************6661,SG,40
1f4bcd87-ab6c-9ff0-169c-7f3260d1ef99,2026-07-02T07:57:14.635,auth,OK,pacs.008,FAST,1056.7,MYR,**************6661,SG,87
1f4bcd87-ab6c-9ff0-169c-7f3260d1ef99,2026-07-02T07:57:14.920,validation,OK,pacs.008,FAST,1056.7,MYR,**************6661,SG,77
1f4bcd87-ab6c-9ff0-169c-7f3260d1ef99,2026-07-02T07:57:44.957,aml,TIMEOUT,pacs.008,FAST,1056.7,MYR,**************6661,SG,30000
1f4bcd87-ab6c-9ff0-169c-7f3260d1ef99,2026-07-02T07:57:44.986,payment-hub,FAILED,pacs.008,FAST,1056.7,MYR,**************6661,SG,111
31314a6f-4dfa-4406-b065-1d79ebbeb2dc,2026-07-07T04:50:05.898,gateway,OK,pacs.008,CARDS,3402.91,GBP,**************9482,MY,46
31314a6f-4dfa-4406-b065-1d79ebbeb2dc,2026-07-07T04:50:05.964,auth,OK,pacs.008,CARDS,3402.91,GBP,**************9482,MY,59
31314a6f-4dfa-4406-b065-1d79ebbeb2dc,2026-07-07T04:50:06.010,validation,OK,pacs.008,CARDS,3402.91,GBP,**************9482,MY,104
31314a6f-4dfa-4406-b065-1d79ebbeb2dc,2026-07-07T04:50:06.095,aml,OK,pacs.008,CARDS,3402.91,GBP,**************9482,MY,287
31314a6f-4dfa-4406-b065-1d79ebbeb2dc,2026-07-07T04:50:06.275,payment-hub,OK,pacs.008,CARDS,3402.91,GBP,**************9482,MY,68
31314a6f-4dfa-4406-b065-1d79ebbeb2dc,2026-07-07T04:50:06.389,core-banking,OK,pacs.008,CARDS,3402.91,GBP,**************9482,MY,177
31314a6f-4dfa-4406-b065-1d79ebbeb2dc,2026-07-07T04:50:06.468,settlement,SETTLED,pacs.008,CARDS,3402.91,GBP,**************9482,MY,182
c4ecb3f4-229c-9471-44c5-f512a985f2e0,2026-07-15T03:26:06.994,gateway,OK,MT103,CARDS,1231.05,SGD,**************7869,SG,33
c4ecb3f4-229c-9471-44c5-f512a985f2e0,2026-07-15T03:26:07.076,auth,OK,MT103,CARDS,1231.05,SGD,**************7869,SG,77
c4ecb3f4-229c-9471-44c5-f512a985f2e0,2026-07-15T03:26:07.287,validation,OK,MT103,CARDS,1231.05,SGD,**************7869,SG,37
c4ecb3f4-229c-9471-44c5-f512a985f2e0,2026-07-15T03:26:07.384,aml,OK,MT103,CARDS,1231.05,SGD,**************7869,SG,77
c4ecb3f4-229c-9471-44c5-f512a985f2e0,2026-07-15T03:26:07.436,payment-hub,OK,MT103,CARDS,1231.05,SGD,**************7869,SG,135
c4ecb3f4-229c-9471-44c5-f512a985f2e0,2026-07-15T03:26:07.699,core-banking,OK,MT103,CARDS,1231.05,SGD,**************7869,SG,187
c4ecb3f4-229c-9471-44c5-f512a985f2e0,2026-07-15T03:26:07.850,settlement,SETTLED,MT103,CARDS,1231.05,SGD,**************7869,SG,152
62d62052-211c-d9c5-9ccf-088d5e9ca774,2026-07-08T17:26:41.886,gateway,OK,MT103,FAST,1360.77,GBP,**************5852,GB,20
62d62052-211c-d9c5-9ccf-088d5e9ca774,2026-07-08T17:26:41.955,auth,OK,MT103,FAST,1360.77,GBP,**************5852,GB,36
62d62052-211c-d9c5-9ccf-088d5e9ca774,2026-07-08T17:26:42.097,validation,OK,MT103,FAST,1360.77,GBP,**************5852,GB,64
62d62052-211c-d9c5-9ccf-088d5e9ca774,2026-07-08T17:26:42.140,aml,OK,MT103,FAST,1360.77,GBP,**************5852,GB,235
62d62052-211c-d9c5-9ccf-088d5e9ca774,2026-07-08T17:26:42.224,payment-hub,OK,MT103,FAST,1360.77,GBP,**************5852,GB,72
62d62052-211c-d9c5-9ccf-088d5e9ca774,2026-07-08T17:26:42.281,core-banking,OK,MT103,FAST,1360.77,GBP,**************5852,GB,223
62d62052-211c-d9c5-9ccf-088d5e9ca774,2026-07-08T17:26:42.310,settlement,SETTLED,MT103,FAST,1360.77,GBP,**************5852,GB,212
865375c0-4f2a-7bd0-7b0e-d8e58f0cab83,2026-07-05T02:05:50.030,gateway,OK,MT103,CARDS,748.54,SGD,**************9098,US,54
865375c0-4f2a-7bd0-7b0e-d8e58f0cab83,2026-07-05T02:05:50.246,auth,OK,MT103,CARDS,748.54,SGD,**************9098,US,21
865375c0-4f2a-7bd0-7b0e-d8e58f0cab83,2026-07-05T02:05:50.412,validation,OK,MT103,CARDS,748.54,SGD,**************9098,US,71
865375c0-4f2a-7bd0-7b0e-d8e58f0cab83,2026-07-05T02:05:50.655,aml,OK,MT103,CARDS,748.54,SGD,**************9098,US,209
865375c0-4f2a-7bd0-7b0e-d8e58f0cab83,2026-07-05T02:05:50.822,payment-hub,OK,MT103,CARDS,748.54,SGD,**************9098,US,60
865375c0-4f2a-7bd0-7b0e-d8e58f0cab83,2026-07-05T02:05:50.899,core-banking,OK,MT103,CARDS,748.54,SGD,**************9098,US,131
865375c0-4f2a-7bd0-7b0e-d8e58f0cab83,2026-07-05T02:05:50.996,settlement,SETTLED,MT103,CARDS,748.54,SGD,**************9098,US,200
5b892fbd-95bd-5021-2d80-475e4880065a,2026-07-09T10:28:41.395,gateway,OK,pacs.008,FAST,3462.54,SGD,**************5174,SG,25
5b892fbd-95bd-5021-2d80-475e4880065a,2026-07-09T10:28:41.515,auth,OK,pacs.008,FAST,3462.54,SGD,**************5174,SG,83
5b892fbd-95bd-5021-2d80-475e4880065a,2026-07-09T10:28:41.606,validation,OK,pacs.008,FAST,3462.54,SGD,**************5174,SG,106
5b892fbd-95bd-5021-2d80-475e4880065a,2026-07-09T10:28:41.651,aml,OK,pacs.008,FAST,3462.54,SGD,**************5174,SG,214
5b892fbd-95bd-5021-2d80-475e4880065a,2026-07-09T10:28:41.763,payment-hub,OK,pacs.008,FAST,3462.54,SGD,**************5174,SG,49
5b892fbd-95bd-5021-2d80-475e4880065a,2026-07-09T10:28:41.815,core-banking,OK,pacs.008,FAST,3462.54,SGD,**************5174,SG,120
5b892fbd-95bd-5021-2d80-475e4880065a,2026-07-09T10:28:41.862,settlement,SETTLED,pacs.008,FAST,3462.54,SGD,**************5174,SG,382
b4f00ab6-94f9-5e3d-08f9-f0d026d6b934,2026-07-11T10:49:17.138,gateway,OK,MT103,SWIFT,1712.74,SGD,**************7353,IN,20
b4f00ab6-94f9-5e3d-08f9-f0d026d6b934,2026-07-11T10:49:17.456,auth,OK,MT103,SWIFT,1712.74,SGD,**************7353,IN,28
b4f00ab6-94f9-5e3d-08f9-f0d026d6b934,2026-07-11T10:49:17.680,validation,OK,MT103,SWIFT,1712.74,SGD,**************7353,IN,72
b4f00ab6-94f9-5e3d-08f9-f0d026d6b934,2026-07-11T10:49:17.742,aml,TIMEOUT,MT103,SWIFT,1712.74,SGD,**************7353,IN,30000
b4f00ab6-94f9-5e3d-08f9-f0d026d6b934,2026-07-11T10:49:17.774,payment-hub,FAILED,MT103,SWIFT,1712.74,SGD,**************7353,IN,74
f1e46599-ba16-4bab-3a93-2900a223e21d,2026-07-07T13:16:27.620,gateway,OK,MT103,SWIFT,359.48,SGD,**************1874,SG,19
f1e46599-ba16-4bab-3a93-2900a223e21d,2026-07-07T13:16:27.721,auth,OK,MT103,SWIFT,359.48,SGD,**************1874,SG,48
f1e46599-ba16-4bab-3a93-2900a223e21d,2026-07-07T13:16:28.038,validation,OK,MT103,SWIFT,359.48,SGD,**************1874,SG,75
f1e46599-ba16-4bab-3a93-2900a223e21d,2026-07-07T13:16:28.149,aml,OK,MT103,SWIFT,359.48,SGD,**************1874,SG,162
f1e46599-ba16-4bab-3a93-2900a223e21d,2026-07-07T13:16:28.277,payment-hub,OK,MT103,SWIFT,359.48,SGD,**************1874,SG,72
f1e46599-ba16-4bab-3a93-2900a223e21d,2026-07-07T13:16:28.363,core-banking,OK,MT103,SWIFT,359.48,SGD,**************1874,SG,59
f1e46599-ba16-4bab-3a93-2900a223e21d,2026-07-07T13:16:28.589,settlement,SETTLED,MT103,SWIFT,359.48,SGD,**************1874,SG,139
bbf5d0f3-3be9-446d-0cd6-eb4e5f533a95,2026-07-04T13:06:40.777,gateway,OK,pacs.008,SWIFT,182.08,SGD,**************8118,SG,20
bbf5d0f3-3be9-446d-0cd6-eb4e5f533a95,2026-07-04T13:06:40.905,auth,OK,pacs.008,SWIFT,182.08,SGD,**************8118,SG,42
bbf5d0f3-3be9-446d-0cd6-eb4e5f533a95,2026-07-04T13:06:41.175,validation,OK,pacs.008,SWIFT,182.08,SGD,**************8118,SG,51
bbf5d0f3-3be9-446d-0cd6-eb4e5f533a95,2026-07-04T13:06:41.304,aml,OK,pacs.008,SWIFT,182.08,SGD,**************8118,SG,127
bbf5d0f3-3be9-446d-0cd6-eb4e5f533a95,2026-07-04T13:06:41.457,payment-hub,OK,pacs.008,SWIFT,182.08,SGD,**************8118,SG,66
bbf5d0f3-3be9-446d-0cd6-eb4e5f533a95,2026-07-04T13:06:41.538,core-banking,OK,pacs.008,SWIFT,182.08,SGD,**************8118,SG,110
bbf5d0f3-3be9-446d-0cd6-eb4e5f533a95,2026-07-04T13:06:41.631,settlement,SETTLED,pacs.008,SWIFT,182.08,SGD,**************8118,SG,389
157e5a9c-ab9c-4bfe-b851-31fec9efd8e7,2026-07-04T05:25:09.341,gateway,OK,pacs.008,FAST,1702.59,SGD,**************3544,SG,58
157e5a9c-ab9c-4bfe-b851-31fec9efd8e7,2026-07-04T05:25:39.364,auth,OK,pacs.008,FAST,1702.59,SGD,**************3544,SG,37
157e5a9c-ab9c-4bfe-b851-31fec9efd8e7,2026-07-04T05:25:39.443,validation,OK,pacs.008,FAST,1702.59,SGD,**************3544,SG,71
157e5a9c-ab9c-4bfe-b851-31fec9efd8e7,2026-07-04T05:25:39.480,aml,OK,pacs.008,FAST,1702.59,SGD,**************3544,SG,289
157e5a9c-ab9c-4bfe-b851-31fec9efd8e7,2026-07-04T05:25:39.536,payment-hub,OK,pacs.008,FAST,1702.59,SGD,**************3544,SG,89
157e5a9c-ab9c-4bfe-b851-31fec9efd8e7,2026-07-04T05:25:39.764,core-banking,OK,pacs.008,FAST,1702.59,SGD,**************3544,SG,191
157e5a9c-ab9c-4bfe-b851-31fec9efd8e7,2026-07-04T05:25:39.871,settlement,SETTLED,pacs.008,FAST,1702.59,SGD,**************3544,SG,299
0a240239-4314-60c5-a268-93b8c1f512a7,2026-07-07T03:06:35.837,gateway,OK,MT103,FAST,2998.85,SGD,**************0768,SG,54
0a240239-4314-60c5-a268-93b8c1f512a7,2026-07-07T03:06:35.950,auth,OK,MT103,FAST,2998.85,SGD,**************0768,SG,63
0a240239-4314-60c5-a268-93b8c1f512a7,2026-07-07T03:06:36.047,validation,REJECTED,MT103,FAST,2998.85,SGD,**************0768,SG,63
af146851-8ee4-62aa-93ff-73f8a4b15ce0,2026-07-01T12:59:01.114,gateway,OK,pacs.008,FAST,368.77,INR,**************4804,MY,30
af146851-8ee4-62aa-93ff-73f8a4b15ce0,2026-07-01T12:59:01.405,auth,OK,pacs.008,FAST,368.77,INR,**************4804,MY,75
af146851-8ee4-62aa-93ff-73f8a4b15ce0,2026-07-01T12:59:01.454,validation,OK,pacs.008,FAST,368.77,INR,**************4804,MY,119
af146851-8ee4-62aa-93ff-73f8a4b15ce0,2026-07-01T12:59:01.680,aml,OK,pacs.008,FAST,368.77,INR,**************4804,MY,115
af146851-8ee4-62aa-93ff-73f8a4b15ce0,2026-07-01T12:59:01.746,payment-hub,OK,pacs.008,FAST,368.77,INR,**************4804,MY,139
af146851-8ee4-62aa-93ff-73f8a4b15ce0,2026-07-01T12:59:01.843,core-banking,OK,pacs.008,FAST,368.77,INR,**************4804,MY,194
af146851-8ee4-62aa-93ff-73f8a4b15ce0,2026-07-01T12:59:01.977,settlement,SETTLED,pacs.008,FAST,368.77,INR,**************4804,MY,301
18e3b0e7-e562-0559-d92c-7a5bc1611c5d,2026-07-08T21:38:20.902,gateway,OK,MT103,FAST,1120.3,SGD,**************5147,MY,35
18e3b0e7-e562-0559-d92c-7a5bc1611c5d,2026-07-08T21:38:20.990,auth,OK,MT103,FAST,1120.3,SGD,**************5147,MY,49
18e3b0e7-e562-0559-d92c-7a5bc1611c5d,2026-07-08T21:38:21.298,validation,OK,MT103,FAST,1120.3,SGD,**************5147,MY,47
18e3b0e7-e562-0559-d92c-7a5bc1611c5d,2026-07-08T21:38:21.471,aml,OK,MT103,FAST,1120.3,SGD,**************5147,MY,66
18e3b0e7-e562-0559-d92c-7a5bc1611c5d,2026-07-08T21:38:21.587,payment-hub,OK,MT103,FAST,1120.3,SGD,**************5147,MY,43
18e3b0e7-e562-0559-d92c-7a5bc1611c5d,2026-07-08T21:38:51.608,core-banking,OK,MT103,FAST,1120.3,SGD,**************5147,MY,209
18e3b0e7-e562-0559-d92c-7a5bc1611c5d,2026-07-08T21:38:51.666,settlement,SETTLED,MT103,FAST,1120.3,SGD,**************5147,MY,317
3ece2ee7-d480-a360-5d9b-45ee3055ef6d,2026-07-15T04:48:28.364,gateway,OK,pacs.008,SWIFT,1260.29,MYR,**************2480,IN,16
3ece2ee7-d480-a360-5d9b-45ee3055ef6d,2026-07-15T04:48:28.483,auth,OK,pacs.008,SWIFT,1260.29,MYR,**************2480,IN,80
3ece2ee7-d480-a360-5d9b-45ee3055ef6d,2026-07-15T04:48:28.567,validation,OK,pacs.008,SWIFT,1260.29,MYR,**************2480,IN,70
3ece2ee7-d480-a360-5d9b-45ee3055ef6d,2026-07-15T04:48:28.622,aml,OK,pacs.008,SWIFT,1260.29,MYR,**************2480,IN,168
3ece2ee7-d480-a360-5d9b-45ee3055ef6d,2026-07-15T04:48:28.806,payment-hub,OK,pacs.008,SWIFT,1260.29,MYR,**************2480,IN,44
3ece2ee7-d480-a360-5d9b-45ee3055ef6d,2026-07-15T04:48:29.089,core-banking,OK,pacs.008,SWIFT,1260.29,MYR,**************2480,IN,124
3ece2ee7-d480-a360-5d9b-45ee3055ef6d,2026-07-15T04:48:29.129,settlement,SETTLED,pacs.008,SWIFT,1260.29,MYR,**************2480,IN,213
56375ce8-5c24-4499-7d91-43336b5ec41d,2026-07-10T11:46:38.621,gateway,OK,pacs.008,FAST,404.79,SGD,**************2752,SG,33
56375ce8-5c24-4499-7d91-43336b5ec41d,2026-07-10T11:46:38.700,auth,OK,pacs.008,FAST,404.79,SGD,**************2752,SG,34
56375ce8-5c24-4499-7d91-43336b5ec41d,2026-07-10T11:46:38.833,validation,OK,pacs.008,FAST,404.79,SGD,**************2752,SG,94
56375ce8-5c24-4499-7d91-43336b5ec41d,2026-07-10T11:46:39.093,aml,OK,pacs.008,FAST,404.79,SGD,**************2752,SG,243
56375ce8-5c24-4499-7d91-43336b5ec41d,2026-07-10T11:46:39.167,payment-hub,OK,pacs.008,FAST,404.79,SGD,**************2752,SG,79
56375ce8-5c24-4499-7d91-43336b5ec41d,2026-07-10T11:46:39.283,core-banking,OK,pacs.008,FAST,404.79,SGD,**************2752,SG,126
56375ce8-5c24-4499-7d91-43336b5ec41d,2026-07-10T11:46:39.324,settlement,SETTLED,pacs.008,FAST,404.79,SGD,**************2752,SG,344
f00143d2-130e-0074-1b15-beb83e2bb344,2026-07-06T03:08:25.448,gateway,OK,MT103,CARDS,184.24,SGD,**************3536,MY,48
f00143d2-130e-0074-1b15-beb83e2bb344,2026-07-06T03:08:25.649,auth,OK,MT103,CARDS,184.24,SGD,**************3536,MY,41
f00143d2-130e-0074-1b15-beb83e2bb344,2026-07-06T03:08:25.732,validation,OK,MT103,CARDS,184.24,SGD,**************3536,MY,39
f00143d2-130e-0074-1b15-beb83e2bb344,2026-07-06T03:08:55.757,aml,OK,MT103,CARDS,184.24,SGD,**************3536,MY,242
f00143d2-130e-0074-1b15-beb83e2bb344,2026-07-06T03:08:55.825,payment-hub,OK,MT103,CARDS,184.24,SGD,**************3536,MY,105
f00143d2-130e-0074-1b15-beb83e2bb344,2026-07-06T03:08:56.080,core-banking,OK,MT103,CARDS,184.24,SGD,**************3536,MY,71
f00143d2-130e-0074-1b15-beb83e2bb344,2026-07-06T03:08:56.148,settlement,SETTLED,MT103,CARDS,184.24,SGD,**************3536,MY,266
4b5bb6d4-114c-0324-7b07-24f4781880d7,2026-07-11T10:59:36.840,gateway,OK,MT103,SWIFT,604.24,SGD,**************5213,SG,30
4b5bb6d4-114c-0324-7b07-24f4781880d7,2026-07-11T10:59:36.979,auth,OK,MT103,SWIFT,604.24,SGD,**************5213,SG,50
4b5bb6d4-114c-0324-7b07-24f4781880d7,2026-07-11T10:59:37.043,validation,OK,MT103,SWIFT,604.24,SGD,**************5213,SG,29
4b5bb6d4-114c-0324-7b07-24f4781880d7,2026-07-11T10:59:37.139,aml,OK,MT103,SWIFT,604.24,SGD,**************5213,SG,160
4b5bb6d4-114c-0324-7b07-24f4781880d7,2026-07-11T11:00:07.149,payment-hub,OK,MT103,SWIFT,604.24,SGD,**************5213,SG,100
4b5bb6d4-114c-0324-7b07-24f4781880d7,2026-07-11T11:00:07.224,core-banking,OK,MT103,SWIFT,604.24,SGD,**************5213,SG,122
4b5bb6d4-114c-0324-7b07-24f4781880d7,2026-07-11T11:00:07.321,settlement,SETTLED,MT103,SWIFT,604.24,SGD,**************5213,SG,132
75899da0-42cf-d6bd-8b63-fdee26fa45ab,2026-07-05T17:23:52.470,gateway,OK,pacs.008,CARDS,1715.37,SGD,**************3201,HK,20
75899da0-42cf-d6bd-8b63-fdee26fa45ab,2026-07-05T17:23:52.504,auth,OK,pacs.008,CARDS,1715.37,SGD,**************3201,HK,22
75899da0-42cf-d6bd-8b63-fdee26fa45ab,2026-07-05T17:23:52.663,validation,OK,pacs.008,CARDS,1715.37,SGD,**************3201,HK,75
75899da0-42cf-d6bd-8b63-fdee26fa45ab,2026-07-05T17:23:52.862,aml,OK,pacs.008,CARDS,1715.37,SGD,**************3201,HK,261
75899da0-42cf-d6bd-8b63-fdee26fa45ab,2026-07-05T17:23:53.011,payment-hub,OK,pacs.008,CARDS,1715.37,SGD,**************3201,HK,141
75899da0-42cf-d6bd-8b63-fdee26fa45ab,2026-07-05T17:23:53.173,core-banking,OK,pacs.008,CARDS,1715.37,SGD,**************3201,HK,97
75899da0-42cf-d6bd-8b63-fdee26fa45ab,2026-07-05T17:23:53.281,settlement,SETTLED,pacs.008,CARDS,1715.37,SGD,**************3201,HK,305
9cfb4089-1248-a5b2-87ef-c8e60c9f978e,2026-07-07T06:47:47.163,gateway,OK,pacs.008,FAST,1214.49,SGD,**************5972,SG,25
9cfb4089-1248-a5b2-87ef-c8e60c9f978e,2026-07-07T06:47:47.245,auth,OK,pacs.008,FAST,1214.49,SGD,**************5972,SG,69
9cfb4089-1248-a5b2-87ef-c8e60c9f978e,2026-07-07T06:47:47.302,validation,OK,pacs.008,FAST,1214.49,SGD,**************5972,SG,38
9cfb4089-1248-a5b2-87ef-c8e60c9f978e,2026-07-07T06:47:47.375,aml,OK,pacs.008,FAST,1214.49,SGD,**************5972,SG,43
9cfb4089-1248-a5b2-87ef-c8e60c9f978e,2026-07-07T06:47:47.432,payment-hub,OK,pacs.008,FAST,1214.49,SGD,**************5972,SG,105
9cfb4089-1248-a5b2-87ef-c8e60c9f978e,2026-07-07T06:47:47.511,core-banking,OK,pacs.008,FAST,1214.49,SGD,**************5972,SG,190
9cfb4089-1248-a5b2-87ef-c8e60c9f978e,2026-07-07T06:47:47.631,settlement,SETTLED,pacs.008,FAST,1214.49,SGD,**************5972,SG,145
722c9073-488a-6215-7b9f-6a577479d203,2026-07-11T06:48:51.410,gateway,OK,0200,FAST,532.87,USD,**************2584,MY,35
722c9073-488a-6215-7b9f-6a577479d203,2026-07-11T06:48:51.463,auth,OK,0200,FAST,532.87,USD,**************2584,MY,26
722c9073-488a-6215-7b9f-6a577479d203,2026-07-11T06:48:51.656,validation,OK,0200,FAST,532.87,USD,**************2584,MY,82
722c9073-488a-6215-7b9f-6a577479d203,2026-07-11T06:48:51.852,aml,OK,0200,FAST,532.87,USD,**************2584,MY,119
722c9073-488a-6215-7b9f-6a577479d203,2026-07-11T06:48:52.109,payment-hub,OK,0200,FAST,532.87,USD,**************2584,MY,145
722c9073-488a-6215-7b9f-6a577479d203,2026-07-11T06:48:52.170,core-banking,OK,0200,FAST,532.87,USD,**************2584,MY,218
722c9073-488a-6215-7b9f-6a577479d203,2026-07-11T06:48:52.269,settlement,SETTLED,0200,FAST,532.87,USD,**************2584,MY,328
5f24e3ba-033e-f534-3587-5a884227aa33,2026-07-03T05:12:25.836,gateway,OK,MT103,FAST,3013.28,SGD,**************6284,SG,22
5f24e3ba-033e-f534-3587-5a884227aa33,2026-07-03T05:12:26.076,auth,OK,MT103,FAST,3013.28,SGD,**************6284,SG,29
5f24e3ba-033e-f534-3587-5a884227aa33,2026-07-03T05:12:26.120,validation,OK,MT103,FAST,3013.28,SGD,**************6284,SG,82
5f24e3ba-033e-f534-3587-5a884227aa33,2026-07-03T05:12:26.206,aml,OK,MT103,FAST,3013.28,SGD,**************6284,SG,165
5f24e3ba-033e-f534-3587-5a884227aa33,2026-07-03T05:12:26.329,payment-hub,OK,MT103,FAST,3013.28,SGD,**************6284,SG,108
5f24e3ba-033e-f534-3587-5a884227aa33,2026-07-03T05:12:26.485,core-banking,OK,MT103,FAST,3013.28,SGD,**************6284,SG,231
5f24e3ba-033e-f534-3587-5a884227aa33,2026-07-03T05:12:26.558,settlement,SETTLED,MT103,FAST,3013.28,SGD,**************6284,SG,287
037e6117-3803-bb36-2862-3f7d120e4ee5,2026-07-11T23:02:16.676,gateway,OK,pacs.008,FAST,509.95,SGD,**************8228,HK,42
037e6117-3803-bb36-2862-3f7d120e4ee5,2026-07-11T23:02:16.802,auth,OK,pacs.008,FAST,509.95,SGD,**************8228,HK,79
037e6117-3803-bb36-2862-3f7d120e4ee5,2026-07-11T23:02:16.902,validation,OK,pacs.008,FAST,509.95,SGD,**************8228,HK,95
037e6117-3803-bb36-2862-3f7d120e4ee5,2026-07-11T23:02:16.979,aml,OK,pacs.008,FAST,509.95,SGD,**************8228,HK,270
037e6117-3803-bb36-2862-3f7d120e4ee5,2026-07-11T23:02:17.117,payment-hub,OK,pacs.008,FAST,509.95,SGD,**************8228,HK,83
037e6117-3803-bb36-2862-3f7d120e4ee5,2026-07-11T23:02:17.210,core-banking,OK,pacs.008,FAST,509.95,SGD,**************8228,HK,215
037e6117-3803-bb36-2862-3f7d120e4ee5,2026-07-11T23:02:17.383,settlement,SETTLED,pacs.008,FAST,509.95,SGD,**************8228,HK,292
2942b071-83ad-4c1d-d1b6-ad4d372b21a1,2026-07-04T13:49:08.671,gateway,OK,pacs.008,FAST,347.34,SGD,**************2807,SG,32
2942b071-83ad-4c1d-d1b6-ad4d372b21a1,2026-07-04T13:49:08.935,auth,OK,pacs.008,FAST,347.34,SGD,**************2807,SG,28
2942b071-83ad-4c1d-d1b6-ad4d372b21a1,2026-07-04T13:49:09.150,validation,OK,pacs.008,FAST,347.34,SGD,**************2807,SG,64
2942b071-83ad-4c1d-d1b6-ad4d372b21a1,2026-07-04T13:49:09.282,aml,TIMEOUT,pacs.008,FAST,347.34,SGD,**************2807,SG,30000
2942b071-83ad-4c1d-d1b6-ad4d372b21a1,2026-07-04T13:49:09.343,payment-hub,FAILED,pacs.008,FAST,347.34,SGD,**************2807,SG,76
5f9d7c92-c96e-8a8a-7513-e92df36cd3f2,2026-07-14T05:41:25.804,gateway,OK,MT103,SWIFT,1620.07,USD,**************8890,SG,35
5f9d7c92-c96e-8a8a-7513-e92df36cd3f2,2026-07-14T05:41:26.046,auth,OK,MT103,SWIFT,1620.07,USD,**************8890,SG,50
5f9d7c92-c96e-8a8a-7513-e92df36cd3f2,2026-07-14T05:41:26.123,validation,OK,MT103,SWIFT,1620.07,USD,**************8890,SG,70
5f9d7c92-c96e-8a8a-7513-e92df36cd3f2,2026-07-14T05:41:26.376,aml,OK,MT103,SWIFT,1620.07,USD,**************8890,SG,300
5f9d7c92-c96e-8a8a-7513-e92df36cd3f2,2026-07-14T05:41:26.436,payment-hub,OK,MT103,SWIFT,1620.07,USD,**************8890,SG,49
5f9d7c92-c96e-8a8a-7513-e92df36cd3f2,2026-07-14T05:41:26.491,core-banking,OK,MT103,SWIFT,1620.07,USD,**************8890,SG,213
5f9d7c92-c96e-8a8a-7513-e92df36cd3f2,2026-07-14T05:41:26.537,settlement,SETTLED,MT103,SWIFT,1620.07,USD,**************8890,SG,352
c79e0525-e1ec-5083-df81-0e795a7377a7,2026-07-05T23:24:57.118,gateway,OK,0200,CARDS,359.53,SGD,**************2335,IN,18
c79e0525-e1ec-5083-df81-0e795a7377a7,2026-07-05T23:24:57.163,auth,OK,0200,CARDS,359.53,SGD,**************2335,IN,34
c79e0525-e1ec-5083-df81-0e795a7377a7,2026-07-05T23:24:57.220,validation,OK,0200,CARDS,359.53,SGD,**************2335,IN,115
c79e0525-e1ec-5083-df81-0e795a7377a7,2026-07-05T23:24:57.299,aml,OK,0200,CARDS,359.53,SGD,**************2335,IN,165
c79e0525-e1ec-5083-df81-0e795a7377a7,2026-07-05T23:25:27.331,payment-hub,OK,0200,CARDS,359.53,SGD,**************2335,IN,107
c79e0525-e1ec-5083-df81-0e795a7377a7,2026-07-05T23:25:27.395,core-banking,OK,0200,CARDS,359.53,SGD,**************2335,IN,174
c79e0525-e1ec-5083-df81-0e795a7377a7,2026-07-05T23:25:27.442,settlement,SETTLED,0200,CARDS,359.53,SGD,**************2335,IN,139
0d18e427-a069-95b7-a91a-ac0f6f68271a,2026-07-06T02:54:48.746,gateway,OK,pacs.008,CARDS,2233.56,EUR,**************2332,MY,55
0d18e427-a069-95b7-a91a-ac0f6f68271a,2026-07-06T02:55:18.774,auth,OK,pacs.008,CARDS,2233.56,EUR,**************2332,MY,69
0d18e427-a069-95b7-a91a-ac0f6f68271a,2026-07-06T02:55:18.896,validation,OK,pacs.008,CARDS,2233.56,EUR,**************2332,MY,46
0d18e427-a069-95b7-a91a-ac0f6f68271a,2026-07-06T02:55:18.958,aml,OK,pacs.008,CARDS,2233.56,EUR,**************2332,MY,43
0d18e427-a069-95b7-a91a-ac0f6f68271a,2026-07-06T02:55:19.020,payment-hub,OK,pacs.008,CARDS,2233.56,EUR,**************2332,MY,90
0d18e427-a069-95b7-a91a-ac0f6f68271a,2026-07-06T02:55:19.163,core-banking,OK,pacs.008,CARDS,2233.56,EUR,**************2332,MY,219
0d18e427-a069-95b7-a91a-ac0f6f68271a,2026-07-06T02:55:19.237,settlement,SETTLED,pacs.008,CARDS,2233.56,EUR,**************2332,MY,189
d9964a6e-640f-bf26-e98f-63b09d3821f2,2026-07-04T05:12:36.730,gateway,OK,pacs.008,SWIFT,473.21,EUR,**************0317,SG,52
d9964a6e-640f-bf26-e98f-63b09d3821f2,2026-07-04T05:12:36.755,auth,OK,pacs.008,SWIFT,473.21,EUR,**************0317,SG,29
d9964a6e-640f-bf26-e98f-63b09d3821f2,2026-07-04T05:12:36.836,validation,OK,pacs.008,SWIFT,473.21,EUR,**************0317,SG,83
d9964a6e-640f-bf26-e98f-63b09d3821f2,2026-07-04T05:12:37.078,aml,OK,pacs.008,SWIFT,473.21,EUR,**************0317,SG,140
d9964a6e-640f-bf26-e98f-63b09d3821f2,2026-07-04T05:12:37.283,payment-hub,OK,pacs.008,SWIFT,473.21,EUR,**************0317,SG,128
d9964a6e-640f-bf26-e98f-63b09d3821f2,2026-07-04T05:12:37.339,core-banking,OK,pacs.008,SWIFT,473.21,EUR,**************0317,SG,197
d9964a6e-640f-bf26-e98f-63b09d3821f2,2026-07-04T05:12:37.396,settlement,SETTLED,pacs.008,SWIFT,473.21,EUR,**************0317,SG,89
ab31d606-7bf9-a117-ef06-05d4cc57452c,2026-07-07T11:47:42.871,gateway,OK,pacs.008,SWIFT,6713.03,MYR,**************4332,SG,25
ab31d606-7bf9-a117-ef06-05d4cc57452c,2026-07-07T11:47:43.035,auth,OK,pacs.008,SWIFT,6713.03,MYR,**************4332,SG,37
ab31d606-7bf9-a117-ef06-05d4cc57452c,2026-07-07T11:47:43.101,validation,OK,pacs.008,SWIFT,6713.03,MYR,**************4332,SG,76
ab31d606-7bf9-a117-ef06-05d4cc57452c,2026-07-07T11:47:43.348,aml,OK,pacs.008,SWIFT,6713.03,MYR,**************4332,SG,263
ab31d606-7bf9-a117-ef06-05d4cc57452c,2026-07-07T11:47:43.516,payment-hub,OK,pacs.008,SWIFT,6713.03,MYR,**************4332,SG,94
ab31d606-7bf9-a117-ef06-05d4cc57452c,2026-07-07T11:47:43.578,core-banking,OK,pacs.008,SWIFT,6713.03,MYR,**************4332,SG,221
ab31d606-7bf9-a117-ef06-05d4cc57452c,2026-07-07T11:47:43.631,settlement,SETTLED,pacs.008,SWIFT,6713.03,MYR,**************4332,SG,346
7070f0ef-0cd8-8123-098f-78988ad787ae,2026-07-02T09:31:46.497,gateway,OK,pacs.008,FAST,132.54,SGD,**************8137,SG,34
7070f0ef-0cd8-8123-098f-78988ad787ae,2026-07-02T09:31:46.649,auth,OK,pacs.008,FAST,132.54,SGD,**************8137,SG,77
7070f0ef-0cd8-8123-098f-78988ad787ae,2026-07-02T09:31:46.722,validation,OK,pacs.008,FAST,132.54,SGD,**************8137,SG,64
7070f0ef-0cd8-8123-098f-78988ad787ae,2026-07-02T09:31:46.786,aml,OK,pacs.008,FAST,132.54,SGD,**************8137,SG,186
7070f0ef-0cd8-8123-098f-78988ad787ae,2026-07-02T09:31:46.939,payment-hub,OK,pacs.008,FAST,132.54,SGD,**************8137,SG,84
7070f0ef-0cd8-8123-098f-78988ad787ae,2026-07-02T09:31:47.082,core-banking,OK,pacs.008,FAST,132.54,SGD,**************8137,SG,167
7070f0ef-0cd8-8123-098f-78988ad787ae,2026-07-02T09:31:47.155,settlement,SETTLED,pacs.008,FAST,132.54,SGD,**************8137,SG,347
a7201182-e859-fccd-92aa-29f35d3dad7b,2026-07-08T15:05:46.879,gateway,OK,pacs.008,CARDS,1639.68,SGD,**************5116,SG,19
a7201182-e859-fccd-92aa-29f35d3dad7b,2026-07-08T15:05:46.922,auth,OK,pacs.008,CARDS,1639.68,SGD,**************5116,SG,80
a7201182-e859-fccd-92aa-29f35d3dad7b,2026-07-08T15:05:46.963,validation,OK,pacs.008,CARDS,1639.68,SGD,**************5116,SG,78
a7201182-e859-fccd-92aa-29f35d3dad7b,2026-07-08T15:05:47.030,aml,OK,pacs.008,CARDS,1639.68,SGD,**************5116,SG,275
a7201182-e859-fccd-92aa-29f35d3dad7b,2026-07-08T15:05:47.113,payment-hub,OK,pacs.008,CARDS,1639.68,SGD,**************5116,SG,45
a7201182-e859-fccd-92aa-29f35d3dad7b,2026-07-08T15:05:47.249,core-banking,OK,pacs.008,CARDS,1639.68,SGD,**************5116,SG,78
a7201182-e859-fccd-92aa-29f35d3dad7b,2026-07-08T15:05:47.328,settlement,SETTLED,pacs.008,CARDS,1639.68,SGD,**************5116,SG,80
b8a399b3-7878-74f2-6271-8633eddc545c,2026-07-04T23:54:46.548,gateway,OK,pacs.008,FAST,8120.47,SGD,**************7020,IN,40
b8a399b3-7878-74f2-6271-8633eddc545c,2026-07-04T23:54:46.736,auth,OK,pacs.008,FAST,8120.47,SGD,**************7020,IN,86
b8a399b3-7878-74f2-6271-8633eddc545c,2026-07-04T23:54:46.769,validation,REJECTED,pacs.008,FAST,8120.47,SGD,**************7020,IN,34
d43f30a8-7da4-7d8a-557f-e549e5235474,2026-07-06T04:00:42.038,gateway,OK,0200,FAST,157.85,SGD,**************7809,HK,46
d43f30a8-7da4-7d8a-557f-e549e5235474,2026-07-06T04:00:42.098,auth,OK,0200,FAST,157.85,SGD,**************7809,HK,76
d43f30a8-7da4-7d8a-557f-e549e5235474,2026-07-06T04:00:42.170,validation,OK,0200,FAST,157.85,SGD,**************7809,HK,108
d43f30a8-7da4-7d8a-557f-e549e5235474,2026-07-06T04:00:42.244,aml,OK,0200,FAST,157.85,SGD,**************7809,HK,184
d43f30a8-7da4-7d8a-557f-e549e5235474,2026-07-06T04:00:42.328,payment-hub,OK,0200,FAST,157.85,SGD,**************7809,HK,80
d43f30a8-7da4-7d8a-557f-e549e5235474,2026-07-06T04:00:42.482,core-banking,OK,0200,FAST,157.85,SGD,**************7809,HK,187
d43f30a8-7da4-7d8a-557f-e549e5235474,2026-07-06T04:00:42.596,settlement,SETTLED,0200,FAST,157.85,SGD,**************7809,HK,106
c7d53fae-af99-2469-8e44-11e626ddf312,2026-07-07T20:23:58.406,gateway,OK,MT103,SWIFT,178.48,USD,**************4198,SG,20
c7d53fae-af99-2469-8e44-11e626ddf312,2026-07-07T20:23:58.498,auth,OK,MT103,SWIFT,178.48,USD,**************4198,SG,68
c7d53fae-af99-2469-8e44-11e626ddf312,2026-07-07T20:23:58.606,validation,OK,MT103,SWIFT,178.48,USD,**************4198,SG,66
c7d53fae-af99-2469-8e44-11e626ddf312,2026-07-07T20:23:58.659,aml,TIMEOUT,MT103,SWIFT,178.48,USD,**************4198,SG,30000
c7d53fae-af99-2469-8e44-11e626ddf312,2026-07-07T20:23:58.785,payment-hub,FAILED,MT103,SWIFT,178.48,USD,**************4198,SG,102
842db3e2-3aba-7cbf-26e0-03495fc89cdd,2026-07-15T06:52:40.497,gateway,OK,MT103,FAST,1251.61,USD,**************7135,IN,15
842db3e2-3aba-7cbf-26e0-03495fc89cdd,2026-07-15T06:52:40.582,auth,OK,MT103,FAST,1251.61,USD,**************7135,IN,36
842db3e2-3aba-7cbf-26e0-03495fc89cdd,2026-07-15T06:52:40.712,validation,OK,MT103,FAST,1251.61,USD,**************7135,IN,78
842db3e2-3aba-7cbf-26e0-03495fc89cdd,2026-07-15T06:52:40.811,aml,TIMEOUT,MT103,FAST,1251.61,USD,**************7135,IN,30000
842db3e2-3aba-7cbf-26e0-03495fc89cdd,2026-07-15T06:52:40.862,payment-hub,FAILED,MT103,FAST,1251.61,USD,**************7135,IN,145
9b33d69d-7fc2-685f-f262-2317ab4d1768,2026-07-10T17:00:43.710,gateway,OK,pacs.008,SWIFT,524.76,USD,**************5881,US,34
9b33d69d-7fc2-685f-f262-2317ab4d1768,2026-07-10T17:00:43.772,auth,OK,pacs.008,SWIFT,524.76,USD,**************5881,US,42
9b33d69d-7fc2-685f-f262-2317ab4d1768,2026-07-10T17:00:43.867,validation,OK,pacs.008,SWIFT,524.76,USD,**************5881,US,83
9b33d69d-7fc2-685f-f262-2317ab4d1768,2026-07-10T17:00:44.028,aml,OK,pacs.008,SWIFT,524.76,USD,**************5881,US,248
9b33d69d-7fc2-685f-f262-2317ab4d1768,2026-07-10T17:00:44.112,payment-hub,OK,pacs.008,SWIFT,524.76,USD,**************5881,US,43
9b33d69d-7fc2-685f-f262-2317ab4d1768,2026-07-10T17:00:44.224,core-banking,OK,pacs.008,SWIFT,524.76,USD,**************5881,US,85
9b33d69d-7fc2-685f-f262-2317ab4d1768,2026-07-10T17:00:44.270,settlement,SETTLED,pacs.008,SWIFT,524.76,USD,**************5881,US,130
45fce724-b422-a8f0-be0c-fd6cdd73d74d,2026-07-05T14:49:05.089,gateway,OK,pacs.008,FAST,752.02,SGD,**************7836,SG,52
45fce724-b422-a8f0-be0c-fd6cdd73d74d,2026-07-05T14:49:05.160,auth,OK,pacs.008,FAST,752.02,SGD,**************7836,SG,67
45fce724-b422-a8f0-be0c-fd6cdd73d74d,2026-07-05T14:49:05.299,validation,OK,pacs.008,FAST,752.02,SGD,**************7836,SG,33
45fce724-b422-a8f0-be0c-fd6cdd73d74d,2026-07-05T14:49:35.311,aml,OK,pacs.008,FAST,752.02,SGD,**************7836,SG,195
45fce724-b422-a8f0-be0c-fd6cdd73d74d,2026-07-05T14:49:35.447,payment-hub,OK,pacs.008,FAST,752.02,SGD,**************7836,SG,100
45fce724-b422-a8f0-be0c-fd6cdd73d74d,2026-07-05T14:49:35.550,core-banking,OK,pacs.008,FAST,752.02,SGD,**************7836,SG,220
45fce724-b422-a8f0-be0c-fd6cdd73d74d,2026-07-05T14:49:35.695,settlement,SETTLED,pacs.008,FAST,752.02,SGD,**************7836,SG,344
4f293148-cf24-d638-2efb-16c66e3f3e4a,2026-07-01T12:48:22.371,gateway,OK,MT103,FAST,2005.17,SGD,**************6893,MY,37
4f293148-cf24-d638-2efb-16c66e3f3e4a,2026-07-01T12:48:22.445,auth,OK,MT103,FAST,2005.17,SGD,**************6893,MY,81
4f293148-cf24-d638-2efb-16c66e3f3e4a,2026-07-01T12:48:22.571,validation,OK,MT103,FAST,2005.17,SGD,**************6893,MY,115
4f293148-cf24-d638-2efb-16c66e3f3e4a,2026-07-01T12:48:22.824,aml,OK,MT103,FAST,2005.17,SGD,**************6893,MY,80
4f293148-cf24-d638-2efb-16c66e3f3e4a,2026-07-01T12:48:22.851,payment-hub,OK,MT103,FAST,2005.17,SGD,**************6893,MY,90
4f293148-cf24-d638-2efb-16c66e3f3e4a,2026-07-01T12:48:23.063,core-banking,OK,MT103,FAST,2005.17,SGD,**************6893,MY,179
4f293148-cf24-d638-2efb-16c66e3f3e4a,2026-07-01T12:48:23.320,settlement,SETTLED,MT103,FAST,2005.17,SGD,**************6893,MY,103
12362f7d-a1f6-afef-40d7-0c88edaf685e,2026-07-09T22:57:23.659,gateway,OK,pacs.008,FAST,4137.35,EUR,**************8748,HK,57
12362f7d-a1f6-afef-40d7-0c88edaf685e,2026-07-09T22:57:23.717,auth,OK,pacs.008,FAST,4137.35,EUR,**************8748,HK,34
12362f7d-a1f6-afef-40d7-0c88edaf685e,2026-07-09T22:57:23.840,validation,OK,pacs.008,FAST,4137.35,EUR,**************8748,HK,97
12362f7d-a1f6-afef-40d7-0c88edaf685e,2026-07-09T22:57:23.983,aml,OK,pacs.008,FAST,4137.35,EUR,**************8748,HK,58
12362f7d-a1f6-afef-40d7-0c88edaf685e,2026-07-09T22:57:24.057,payment-hub,OK,pacs.008,FAST,4137.35,EUR,**************8748,HK,72
12362f7d-a1f6-afef-40d7-0c88edaf685e,2026-07-09T22:57:24.178,core-banking,OK,pacs.008,FAST,4137.35,EUR,**************8748,HK,182
12362f7d-a1f6-afef-40d7-0c88edaf685e,2026-07-09T22:57:24.277,settlement,SETTLED,pacs.008,FAST,4137.35,EUR,**************8748,HK,375
0eee405f-0e69-34e8-4886-5b158e7af3c9,2026-07-08T00:21:41.855,gateway,OK,pacs.008,FAST,1480.12,INR,**************2841,GB,37
0eee405f-0e69-34e8-4886-5b158e7af3c9,2026-07-08T00:21:41.951,auth,OK,pacs.008,FAST,1480.12,INR,**************2841,GB,58
0eee405f-0e69-34e8-4886-5b158e7af3c9,2026-07-08T00:21:42.005,validation,OK,pacs.008,FAST,1480.12,INR,**************2841,GB,97
0eee405f-0e69-34e8-4886-5b158e7af3c9,2026-07-08T00:22:12.034,aml,OK,pacs.008,FAST,1480.12,INR,**************2841,GB,91
0eee405f-0e69-34e8-4886-5b158e7af3c9,2026-07-08T00:22:12.167,payment-hub,OK,pacs.008,FAST,1480.12,INR,**************2841,GB,83
0eee405f-0e69-34e8-4886-5b158e7af3c9,2026-07-08T00:22:12.311,core-banking,OK,pacs.008,FAST,1480.12,INR,**************2841,GB,227
0eee405f-0e69-34e8-4886-5b158e7af3c9,2026-07-08T00:22:12.338,settlement,SETTLED,pacs.008,FAST,1480.12,INR,**************2841,GB,287
886ca32c-380c-0b25-0a90-7cb6c067eeb6,2026-07-04T20:05:59.585,gateway,OK,pacs.008,FAST,333.33,SGD,**************4611,SG,60
886ca32c-380c-0b25-0a90-7cb6c067eeb6,2026-07-04T20:05:59.691,auth,OK,pacs.008,FAST,333.33,SGD,**************4611,SG,75
886ca32c-380c-0b25-0a90-7cb6c067eeb6,2026-07-04T20:05:59.794,validation,REJECTED,pacs.008,FAST,333.33,SGD,**************4611,SG,92
825bc9df-e215-66ad-2ce8-facec477220e,2026-07-03T12:11:11.552,gateway,OK,pacs.008,FAST,262.27,SGD,**************9479,HK,20
825bc9df-e215-66ad-2ce8-facec477220e,2026-07-03T12:11:11.624,auth,OK,pacs.008,FAST,262.27,SGD,**************9479,HK,30
825bc9df-e215-66ad-2ce8-facec477220e,2026-07-03T12:11:11.786,validation,OK,pacs.008,FAST,262.27,SGD,**************9479,HK,114
825bc9df-e215-66ad-2ce8-facec477220e,2026-07-03T12:11:41.803,aml,OK,pacs.008,FAST,262.27,SGD,**************9479,HK,53
825bc9df-e215-66ad-2ce8-facec477220e,2026-07-03T12:11:42.104,payment-hub,OK,pacs.008,FAST,262.27,SGD,**************9479,HK,66
825bc9df-e215-66ad-2ce8-facec477220e,2026-07-03T12:11:42.174,core-banking,OK,pacs.008,FAST,262.27,SGD,**************9479,HK,76
825bc9df-e215-66ad-2ce8-facec477220e,2026-07-03T12:11:42.482,settlement,SETTLED,pacs.008,FAST,262.27,SGD,**************9479,HK,254
0abdce6e-28b8-fbc3-d731-2a04ec692c24,2026-07-06T12:12:46.842,gateway,OK,pacs.008,CARDS,387.85,SGD,**************6685,MY,15
0abdce6e-28b8-fbc3-d731-2a04ec692c24,2026-07-06T12:12:47.082,auth,OK,pacs.008,CARDS,387.85,SGD,**************6685,MY,45
0abdce6e-28b8-fbc3-d731-2a04ec692c24,2026-07-06T12:12:47.147,validation,OK,pacs.008,CARDS,387.85,SGD,**************6685,MY,75
0abdce6e-28b8-fbc3-d731-2a04ec692c24,2026-07-06T12:12:47.324,aml,OK,pacs.008,CARDS,387.85,SGD,**************6685,MY,250
0abdce6e-28b8-fbc3-d731-2a04ec692c24,2026-07-06T12:12:47.410,payment-hub,OK,pacs.008,CARDS,387.85,SGD,**************6685,MY,76
0abdce6e-28b8-fbc3-d731-2a04ec692c24,2026-07-06T12:12:47.556,core-banking,OK,pacs.008,CARDS,387.85,SGD,**************6685,MY,115
0abdce6e-28b8-fbc3-d731-2a04ec692c24,2026-07-06T12:13:17.565,settlement,SETTLED,pacs.008,CARDS,387.85,SGD,**************6685,MY,370
ce148f7d-ed41-10c5-8554-4aa5b524c614,2026-07-07T04:18:13.944,gateway,OK,MT103,FAST,182.78,USD,**************2958,US,45
ce148f7d-ed41-10c5-8554-4aa5b524c614,2026-07-07T04:18:14.080,auth,OK,MT103,FAST,182.78,USD,**************2958,US,76
ce148f7d-ed41-10c5-8554-4aa5b524c614,2026-07-07T04:18:14.147,validation,OK,MT103,FAST,182.78,USD,**************2958,US,45
ce148f7d-ed41-10c5-8554-4aa5b524c614,2026-07-07T04:18:14.238,aml,OK,MT103,FAST,182.78,USD,**************2958,US,105
ce148f7d-ed41-10c5-8554-4aa5b524c614,2026-07-07T04:18:14.301,payment-hub,OK,MT103,FAST,182.78,USD,**************2958,US,35
ce148f7d-ed41-10c5-8554-4aa5b524c614,2026-07-07T04:18:14.380,core-banking,OK,MT103,FAST,182.78,USD,**************2958,US,245
ce148f7d-ed41-10c5-8554-4aa5b524c614,2026-07-07T04:18:14.473,settlement,SETTLED,MT103,FAST,182.78,USD,**************2958,US,249
cedc0acb-b8df-847e-67cc-3ce68c78c4f1,2026-07-04T01:14:21.012,gateway,OK,0200,SWIFT,767.04,MYR,**************3081,SG,16
cedc0acb-b8df-847e-67cc-3ce68c78c4f1,2026-07-04T01:14:21.318,auth,OK,0200,SWIFT,767.04,MYR,**************3081,SG,72
cedc0acb-b8df-847e-67cc-3ce68c78c4f1,2026-07-04T01:14:21.428,validation,OK,0200,SWIFT,767.04,MYR,**************3081,SG,87
cedc0acb-b8df-847e-67cc-3ce68c78c4f1,2026-07-04T01:14:21.546,aml,OK,0200,SWIFT,767.04,MYR,**************3081,SG,227
cedc0acb-b8df-847e-67cc-3ce68c78c4f1,2026-07-04T01:14:21.711,payment-hub,OK,0200,SWIFT,767.04,MYR,**************3081,SG,143
cedc0acb-b8df-847e-67cc-3ce68c78c4f1,2026-07-04T01:14:21.776,core-banking,OK,0200,SWIFT,767.04,MYR,**************3081,SG,177
cedc0acb-b8df-847e-67cc-3ce68c78c4f1,2026-07-04T01:14:21.929,settlement,SETTLED,0200,SWIFT,767.04,MYR,**************3081,SG,350
5a7cfa57-0983-63af-0e42-ff0ab7e37cbe,2026-07-13T07:37:25.554,gateway,OK,pacs.008,FAST,1393.11,SGD,**************3094,SG,33
5a7cfa57-0983-63af-0e42-ff0ab7e37cbe,2026-07-13T07:37:25.636,auth,OK,pacs.008,FAST,1393.11,SGD,**************3094,SG,39
5a7cfa57-0983-63af-0e42-ff0ab7e37cbe,2026-07-13T07:37:25.798,validation,OK,pacs.008,FAST,1393.11,SGD,**************3094,SG,40
5a7cfa57-0983-63af-0e42-ff0ab7e37cbe,2026-07-13T07:37:25.861,aml,OK,pacs.008,FAST,1393.11,SGD,**************3094,SG,151
5a7cfa57-0983-63af-0e42-ff0ab7e37cbe,2026-07-13T07:37:25.910,payment-hub,OK,pacs.008,FAST,1393.11,SGD,**************3094,SG,52
5a7cfa57-0983-63af-0e42-ff0ab7e37cbe,2026-07-13T07:37:25.968,core-banking,OK,pacs.008,FAST,1393.11,SGD,**************3094,SG,136
5a7cfa57-0983-63af-0e42-ff0ab7e37cbe,2026-07-13T07:37:26.186,settlement,SETTLED,pacs.008,FAST,1393.11,SGD,**************3094,SG,199
14c9243a-ecb0-8900-8713-7205da58293a,2026-07-10T18:26:41.187,gateway,OK,pacs.008,FAST,1171.84,SGD,**************3145,HK,56
14c9243a-ecb0-8900-8713-7205da58293a,2026-07-10T18:26:41.267,auth,OK,pacs.008,FAST,1171.84,SGD,**************3145,HK,79
14c9243a-ecb0-8900-8713-7205da58293a,2026-07-10T18:26:41.399,validation,OK,pacs.008,FAST,1171.84,SGD,**************3145,HK,69
14c9243a-ecb0-8900-8713-7205da58293a,2026-07-10T18:26:41.712,aml,OK,pacs.008,FAST,1171.84,SGD,**************3145,HK,178
14c9243a-ecb0-8900-8713-7205da58293a,2026-07-10T18:27:11.738,payment-hub,OK,pacs.008,FAST,1171.84,SGD,**************3145,HK,115
14c9243a-ecb0-8900-8713-7205da58293a,2026-07-10T18:27:11.816,core-banking,OK,pacs.008,FAST,1171.84,SGD,**************3145,HK,82
14c9243a-ecb0-8900-8713-7205da58293a,2026-07-10T18:27:11.922,settlement,SETTLED,pacs.008,FAST,1171.84,SGD,**************3145,HK,70
8f8671cc-3c49-4814-4b83-c7ebc7381dbb,2026-07-11T10:30:53.312,gateway,OK,MT103,FAST,1362.22,USD,**************5715,HK,59
8f8671cc-3c49-4814-4b83-c7ebc7381dbb,2026-07-11T10:30:53.380,auth,OK,MT103,FAST,1362.22,USD,**************5715,HK,52
8f8671cc-3c49-4814-4b83-c7ebc7381dbb,2026-07-11T10:30:53.480,validation,OK,MT103,FAST,1362.22,USD,**************5715,HK,65
8f8671cc-3c49-4814-4b83-c7ebc7381dbb,2026-07-11T10:30:53.641,aml,OK,MT103,FAST,1362.22,USD,**************5715,HK,207
8f8671cc-3c49-4814-4b83-c7ebc7381dbb,2026-07-11T10:30:53.862,payment-hub,OK,MT103,FAST,1362.22,USD,**************5715,HK,40
8f8671cc-3c49-4814-4b83-c7ebc7381dbb,2026-07-11T10:30:53.941,core-banking,OK,MT103,FAST,1362.22,USD,**************5715,HK,223
8f8671cc-3c49-4814-4b83-c7ebc7381dbb,2026-07-11T10:31:23.953,settlement,SETTLED,MT103,FAST,1362.22,USD,**************5715,HK,225
c1ed3dc3-d8ec-07fd-7500-a828a9cb1a40,2026-07-08T14:05:15.025,gateway,OK,pacs.008,FAST,1299.49,GBP,**************2495,GB,49
c1ed3dc3-d8ec-07fd-7500-a828a9cb1a40,2026-07-08T14:05:15.107,auth,OK,pacs.008,FAST,1299.49,GBP,**************2495,GB,26
c1ed3dc3-d8ec-07fd-7500-a828a9cb1a40,2026-07-08T14:05:15.244,validation,OK,pacs.008,FAST,1299.49,GBP,**************2495,GB,81
c1ed3dc3-d8ec-07fd-7500-a828a9cb1a40,2026-07-08T14:05:15.446,aml,OK,pacs.008,FAST,1299.49,GBP,**************2495,GB,149
c1ed3dc3-d8ec-07fd-7500-a828a9cb1a40,2026-07-08T14:05:15.730,payment-hub,OK,pacs.008,FAST,1299.49,GBP,**************2495,GB,65
c1ed3dc3-d8ec-07fd-7500-a828a9cb1a40,2026-07-08T14:05:45.763,core-banking,OK,pacs.008,FAST,1299.49,GBP,**************2495,GB,50
c1ed3dc3-d8ec-07fd-7500-a828a9cb1a40,2026-07-08T14:05:45.901,settlement,SETTLED,pacs.008,FAST,1299.49,GBP,**************2495,GB,245
033baa6b-134e-d67e-15f0-b4e82342fe4e,2026-07-11T08:36:32.715,gateway,OK,0200,SWIFT,101.31,SGD,**************3653,SG,42
033baa6b-134e-d67e-15f0-b4e82342fe4e,2026-07-11T08:36:32.754,auth,OK,0200,SWIFT,101.31,SGD,**************3653,SG,79
033baa6b-134e-d67e-15f0-b4e82342fe4e,2026-07-11T08:36:32.834,validation,OK,0200,SWIFT,101.31,SGD,**************3653,SG,49
033baa6b-134e-d67e-15f0-b4e82342fe4e,2026-07-11T08:36:33.009,aml,OK,0200,SWIFT,101.31,SGD,**************3653,SG,123
033baa6b-134e-d67e-15f0-b4e82342fe4e,2026-07-11T08:36:33.080,payment-hub,OK,0200,SWIFT,101.31,SGD,**************3653,SG,140
033baa6b-134e-d67e-15f0-b4e82342fe4e,2026-07-11T08:36:33.250,core-banking,OK,0200,SWIFT,101.31,SGD,**************3653,SG,226
033baa6b-134e-d67e-15f0-b4e82342fe4e,2026-07-11T08:36:33.286,settlement,SETTLED,0200,SWIFT,101.31,SGD,**************3653,SG,129
2b115331-c3b9-f9ff-4624-ee62b98e4726,2026-07-08T16:26:07.826,gateway,OK,0200,CARDS,1644.44,SGD,**************4304,SG,45
2b115331-c3b9-f9ff-4624-ee62b98e4726,2026-07-08T16:26:07.893,auth,OK,0200,CARDS,1644.44,SGD,**************4304,SG,48
2b115331-c3b9-f9ff-4624-ee62b98e4726,2026-07-08T16:26:07.924,validation,OK,0200,CARDS,1644.44,SGD,**************4304,SG,66
2b115331-c3b9-f9ff-4624-ee62b98e4726,2026-07-08T16:26:07.956,aml,OK,0200,CARDS,1644.44,SGD,**************4304,SG,153
2b115331-c3b9-f9ff-4624-ee62b98e4726,2026-07-08T16:26:07.989,payment-hub,OK,0200,CARDS,1644.44,SGD,**************4304,SG,84
2b115331-c3b9-f9ff-4624-ee62b98e4726,2026-07-08T16:26:08.202,core-banking,OK,0200,CARDS,1644.44,SGD,**************4304,SG,148
2b115331-c3b9-f9ff-4624-ee62b98e4726,2026-07-08T16:26:08.247,settlement,SETTLED,0200,CARDS,1644.44,SGD,**************4304,SG,86
e1a0fa89-2873-caa8-983c-dd1ebc158138,2026-07-06T00:54:03.877,gateway,OK,pacs.008,SWIFT,178.89,SGD,**************7120,SG,27
e1a0fa89-2873-caa8-983c-dd1ebc158138,2026-07-06T00:54:03.946,auth,OK,pacs.008,SWIFT,178.89,SGD,**************7120,SG,32
e1a0fa89-2873-caa8-983c-dd1ebc158138,2026-07-06T00:54:04.072,validation,OK,pacs.008,SWIFT,178.89,SGD,**************7120,SG,34
e1a0fa89-2873-caa8-983c-dd1ebc158138,2026-07-06T00:54:04.134,aml,OK,pacs.008,SWIFT,178.89,SGD,**************7120,SG,278
e1a0fa89-2873-caa8-983c-dd1ebc158138,2026-07-06T00:54:04.472,payment-hub,OK,pacs.008,SWIFT,178.89,SGD,**************7120,SG,115
e1a0fa89-2873-caa8-983c-dd1ebc158138,2026-07-06T00:54:04.609,core-banking,OK,pacs.008,SWIFT,178.89,SGD,**************7120,SG,206
e1a0fa89-2873-caa8-983c-dd1ebc158138,2026-07-06T00:54:04.698,settlement,SETTLED,pacs.008,SWIFT,178.89,SGD,**************7120,SG,385
60582310-50b3-70df-cf09-01fd6a3cf7a1,2026-07-13T06:05:27.817,gateway,OK,pacs.008,FAST,147.03,SGD,**************7808,IN,25
60582310-50b3-70df-cf09-01fd6a3cf7a1,2026-07-13T06:05:27.895,auth,OK,pacs.008,FAST,147.03,SGD,**************7808,IN,79
60582310-50b3-70df-cf09-01fd6a3cf7a1,2026-07-13T06:05:57.911,validation,OK,pacs.008,FAST,147.03,SGD,**************7808,IN,83
60582310-50b3-70df-cf09-01fd6a3cf7a1,2026-07-13T06:05:58.169,aml,OK,pacs.008,FAST,147.03,SGD,**************7808,IN,273
60582310-50b3-70df-cf09-01fd6a3cf7a1,2026-07-13T06:05:58.240,payment-hub,OK,pacs.008,FAST,147.03,SGD,**************7808,IN,39
60582310-50b3-70df-cf09-01fd6a3cf7a1,2026-07-13T06:05:58.298,core-banking,OK,pacs.008,FAST,147.03,SGD,**************7808,IN,216
60582310-50b3-70df-cf09-01fd6a3cf7a1,2026-07-13T06:05:58.433,settlement,SETTLED,pacs.008,FAST,147.03,SGD,**************7808,IN,370
3d8aa7d3-6dac-d1ec-43d7-b262b147c061,2026-07-10T12:07:46.066,gateway,OK,pacs.008,CARDS,1430.41,USD,**************1681,SG,16
3d8aa7d3-6dac-d1ec-43d7-b262b147c061,2026-07-10T12:07:46.158,auth,OK,pacs.008,CARDS,1430.41,USD,**************1681,SG,75
3d8aa7d3-6dac-d1ec-43d7-b262b147c061,2026-07-10T12:07:46.236,validation,OK,pacs.008,CARDS,1430.41,USD,**************1681,SG,67
3d8aa7d3-6dac-d1ec-43d7-b262b147c061,2026-07-10T12:07:46.413,aml,OK,pacs.008,CARDS,1430.41,USD,**************1681,SG,71
3d8aa7d3-6dac-d1ec-43d7-b262b147c061,2026-07-10T12:07:46.476,payment-hub,OK,pacs.008,CARDS,1430.41,USD,**************1681,SG,91
3d8aa7d3-6dac-d1ec-43d7-b262b147c061,2026-07-10T12:07:46.611,core-banking,OK,pacs.008,CARDS,1430.41,USD,**************1681,SG,54
3d8aa7d3-6dac-d1ec-43d7-b262b147c061,2026-07-10T12:07:46.695,settlement,SETTLED,pacs.008,CARDS,1430.41,USD,**************1681,SG,310
0c8bffd1-ec30-b1ef-9fd9-89600ef96af7,2026-07-06T00:16:53.453,gateway,OK,pacs.008,SWIFT,3388.4,MYR,**************7287,MY,16
0c8bffd1-ec30-b1ef-9fd9-89600ef96af7,2026-07-06T00:16:53.638,auth,OK,pacs.008,SWIFT,3388.4,MYR,**************7287,MY,31
0c8bffd1-ec30-b1ef-9fd9-89600ef96af7,2026-07-06T00:16:53.688,validation,OK,pacs.008,SWIFT,3388.4,MYR,**************7287,MY,46
0c8bffd1-ec30-b1ef-9fd9-89600ef96af7,2026-07-06T00:16:53.985,aml,OK,pacs.008,SWIFT,3388.4,MYR,**************7287,MY,204
0c8bffd1-ec30-b1ef-9fd9-89600ef96af7,2026-07-06T00:16:54.035,payment-hub,OK,pacs.008,SWIFT,3388.4,MYR,**************7287,MY,141
0c8bffd1-ec30-b1ef-9fd9-89600ef96af7,2026-07-06T00:16:54.081,core-banking,OK,pacs.008,SWIFT,3388.4,MYR,**************7287,MY,144
0c8bffd1-ec30-b1ef-9fd9-89600ef96af7,2026-07-06T00:16:54.138,settlement,SETTLED,pacs.008,SWIFT,3388.4,MYR,**************7287,MY,338
b2d67423-0bc5-a425-88ba-803644abf177,2026-07-07T03:49:54.858,gateway,OK,MT103,SWIFT,1163.22,USD,**************6569,IN,22
b2d67423-0bc5-a425-88ba-803644abf177,2026-07-07T03:49:54.969,auth,OK,MT103,SWIFT,1163.22,USD,**************6569,IN,62
b2d67423-0bc5-a425-88ba-803644abf177,2026-07-07T03:49:55.168,validation,OK,MT103,SWIFT,1163.22,USD,**************6569,IN,30
b2d67423-0bc5-a425-88ba-803644abf177,2026-07-07T03:49:55.296,aml,OK,MT103,SWIFT,1163.22,USD,**************6569,IN,295
b2d67423-0bc5-a425-88ba-803644abf177,2026-07-07T03:49:55.447,payment-hub,OK,MT103,SWIFT,1163.22,USD,**************6569,IN,129
b2d67423-0bc5-a425-88ba-803644abf177,2026-07-07T03:49:55.553,core-banking,OK,MT103,SWIFT,1163.22,USD,**************6569,IN,71
b2d67423-0bc5-a425-88ba-803644abf177,2026-07-07T03:49:55.727,settlement,SETTLED,MT103,SWIFT,1163.22,USD,**************6569,IN,381
0bafb98b-6b4d-878b-9b5b-2e0895d6c49f,2026-07-11T19:58:44.344,gateway,OK,MT103,FAST,2672.14,SGD,**************0943,GB,27
0bafb98b-6b4d-878b-9b5b-2e0895d6c49f,2026-07-11T19:58:44.423,auth,OK,MT103,FAST,2672.14,SGD,**************0943,GB,50
0bafb98b-6b4d-878b-9b5b-2e0895d6c49f,2026-07-11T19:58:44.509,validation,OK,MT103,FAST,2672.14,SGD,**************0943,GB,56
0bafb98b-6b4d-878b-9b5b-2e0895d6c49f,2026-07-11T19:58:44.614,aml,OK,MT103,FAST,2672.14,SGD,**************0943,GB,197
0bafb98b-6b4d-878b-9b5b-2e0895d6c49f,2026-07-11T19:58:44.718,payment-hub,OK,MT103,FAST,2672.14,SGD,**************0943,GB,69
0bafb98b-6b4d-878b-9b5b-2e0895d6c49f,2026-07-11T19:58:44.914,core-banking,OK,MT103,FAST,2672.14,SGD,**************0943,GB,92
0bafb98b-6b4d-878b-9b5b-2e0895d6c49f,2026-07-11T19:58:44.999,settlement,SETTLED,MT103,FAST,2672.14,SGD,**************0943,GB,294
dfdc47a7-b33c-2b19-0850-8ac4934a7c2e,2026-07-08T14:09:33.765,gateway,OK,pacs.008,FAST,558.77,MYR,**************2219,SG,49
dfdc47a7-b33c-2b19-0850-8ac4934a7c2e,2026-07-08T14:09:33.822,auth,OK,pacs.008,FAST,558.77,MYR,**************2219,SG,52
dfdc47a7-b33c-2b19-0850-8ac4934a7c2e,2026-07-08T14:09:33.928,validation,OK,pacs.008,FAST,558.77,MYR,**************2219,SG,110
dfdc47a7-b33c-2b19-0850-8ac4934a7c2e,2026-07-08T14:09:33.981,aml,OK,pacs.008,FAST,558.77,MYR,**************2219,SG,44
dfdc47a7-b33c-2b19-0850-8ac4934a7c2e,2026-07-08T14:09:34.072,payment-hub,OK,pacs.008,FAST,558.77,MYR,**************2219,SG,63
dfdc47a7-b33c-2b19-0850-8ac4934a7c2e,2026-07-08T14:09:34.175,core-banking,OK,pacs.008,FAST,558.77,MYR,**************2219,SG,137
dfdc47a7-b33c-2b19-0850-8ac4934a7c2e,2026-07-08T14:09:34.287,settlement,SETTLED,pacs.008,FAST,558.77,MYR,**************2219,SG,99
4185ee21-d8ff-ded0-0d57-63ef959c6f55,2026-07-05T12:32:08.218,gateway,OK,0200,FAST,1159.44,SGD,**************5066,SG,32
4185ee21-d8ff-ded0-0d57-63ef959c6f55,2026-07-05T12:32:08.248,auth,OK,0200,FAST,1159.44,SGD,**************5066,SG,64
4185ee21-d8ff-ded0-0d57-63ef959c6f55,2026-07-05T12:32:08.317,validation,OK,0200,FAST,1159.44,SGD,**************5066,SG,107
4185ee21-d8ff-ded0-0d57-63ef959c6f55,2026-07-05T12:32:08.396,aml,OK,0200,FAST,1159.44,SGD,**************5066,SG,165
4185ee21-d8ff-ded0-0d57-63ef959c6f55,2026-07-05T12:32:08.484,payment-hub,OK,0200,FAST,1159.44,SGD,**************5066,SG,118
4185ee21-d8ff-ded0-0d57-63ef959c6f55,2026-07-05T12:32:08.537,core-banking,OK,0200,FAST,1159.44,SGD,**************5066,SG,194
4185ee21-d8ff-ded0-0d57-63ef959c6f55,2026-07-05T12:32:08.624,settlement,SETTLED,0200,FAST,1159.44,SGD,**************5066,SG,231
6d3296e5-925d-bc49-3f39-9ebf9ca2c4fd,2026-07-02T15:53:56.967,gateway,OK,pacs.008,FAST,1476.45,EUR,**************5286,IN,25
6d3296e5-925d-bc49-3f39-9ebf9ca2c4fd,2026-07-02T15:53:57.202,auth,OK,pacs.008,FAST,1476.45,EUR,**************5286,IN,28
6d3296e5-925d-bc49-3f39-9ebf9ca2c4fd,2026-07-02T15:53:57.312,validation,OK,pacs.008,FAST,1476.45,EUR,**************5286,IN,100
6d3296e5-925d-bc49-3f39-9ebf9ca2c4fd,2026-07-02T15:53:57.393,aml,OK,pacs.008,FAST,1476.45,EUR,**************5286,IN,267
6d3296e5-925d-bc49-3f39-9ebf9ca2c4fd,2026-07-02T15:53:57.686,payment-hub,OK,pacs.008,FAST,1476.45,EUR,**************5286,IN,70
6d3296e5-925d-bc49-3f39-9ebf9ca2c4fd,2026-07-02T15:53:57.788,core-banking,OK,pacs.008,FAST,1476.45,EUR,**************5286,IN,154
6d3296e5-925d-bc49-3f39-9ebf9ca2c4fd,2026-07-02T15:53:57.952,settlement,SETTLED,pacs.008,FAST,1476.45,EUR,**************5286,IN,102
8314ab18-6a55-64fd-8d3a-025b94abd22b,2026-07-08T09:42:53.097,gateway,OK,pacs.008,FAST,1336.65,EUR,**************9643,IN,39
8314ab18-6a55-64fd-8d3a-025b94abd22b,2026-07-08T09:42:53.176,auth,OK,pacs.008,FAST,1336.65,EUR,**************9643,IN,42
8314ab18-6a55-64fd-8d3a-025b94abd22b,2026-07-08T09:42:53.294,validation,OK,pacs.008,FAST,1336.65,EUR,**************9643,IN,58
8314ab18-6a55-64fd-8d3a-025b94abd22b,2026-07-08T09:42:53.453,aml,OK,pacs.008,FAST,1336.65,EUR,**************9643,IN,246
8314ab18-6a55-64fd-8d3a-025b94abd22b,2026-07-08T09:42:53.519,payment-hub,OK,pacs.008,FAST,1336.65,EUR,**************9643,IN,122
8314ab18-6a55-64fd-8d3a-025b94abd22b,2026-07-08T09:42:53.787,core-banking,OK,pacs.008,FAST,1336.65,EUR,**************9643,IN,224
8314ab18-6a55-64fd-8d3a-025b94abd22b,2026-07-08T09:42:53.941,settlement,SETTLED,pacs.008,FAST,1336.65,EUR,**************9643,IN,297
07f5675a-e5bd-0c3f-1da8-a846413a2fe1,2026-07-09T22:31:23.921,gateway,OK,pacs.008,SWIFT,2206.05,SGD,**************8733,SG,32
07f5675a-e5bd-0c3f-1da8-a846413a2fe1,2026-07-09T22:31:23.973,auth,OK,pacs.008,SWIFT,2206.05,SGD,**************8733,SG,70
07f5675a-e5bd-0c3f-1da8-a846413a2fe1,2026-07-09T22:31:24.135,validation,OK,pacs.008,SWIFT,2206.05,SGD,**************8733,SG,70
07f5675a-e5bd-0c3f-1da8-a846413a2fe1,2026-07-09T22:31:24.236,aml,OK,pacs.008,SWIFT,2206.05,SGD,**************8733,SG,205
07f5675a-e5bd-0c3f-1da8-a846413a2fe1,2026-07-09T22:31:24.312,payment-hub,OK,pacs.008,SWIFT,2206.05,SGD,**************8733,SG,109
07f5675a-e5bd-0c3f-1da8-a846413a2fe1,2026-07-09T22:31:24.394,core-banking,OK,pacs.008,SWIFT,2206.05,SGD,**************8733,SG,155
07f5675a-e5bd-0c3f-1da8-a846413a2fe1,2026-07-09T22:31:24.441,settlement,SETTLED,pacs.008,SWIFT,2206.05,SGD,**************8733,SG,72
731cd358-1bd2-e3bd-3906-2a897fe46798,2026-07-09T04:05:15.514,gateway,OK,pacs.008,FAST,573.38,USD,**************2533,MY,50
731cd358-1bd2-e3bd-3906-2a897fe46798,2026-07-09T04:05:15.823,auth,OK,pacs.008,FAST,573.38,USD,**************2533,MY,87
731cd358-1bd2-e3bd-3906-2a897fe46798,2026-07-09T04:05:16.126,validation,REJECTED,pacs.008,FAST,573.38,USD,**************2533,MY,81
7683f625-6138-72d0-8d32-188c5d690e73,2026-07-06T05:27:59.474,gateway,OK,pacs.008,FAST,748.34,SGD,**************1698,IN,47
7683f625-6138-72d0-8d32-188c5d690e73,2026-07-06T05:27:59.540,auth,OK,pacs.008,FAST,748.34,SGD,**************1698,IN,66
7683f625-6138-72d0-8d32-188c5d690e73,2026-07-06T05:27:59.595,validation,OK,pacs.008,FAST,748.34,SGD,**************1698,IN,77
7683f625-6138-72d0-8d32-188c5d690e73,2026-07-06T05:27:59.683,aml,OK,pacs.008,FAST,748.34,SGD,**************1698,IN,100
7683f625-6138-72d0-8d32-188c5d690e73,2026-07-06T05:27:59.744,payment-hub,OK,pacs.008,FAST,748.34,SGD,**************1698,IN,113
7683f625-6138-72d0-8d32-188c5d690e73,2026-07-06T05:27:59.820,core-banking,OK,pacs.008,FAST,748.34,SGD,**************1698,IN,173
7683f625-6138-72d0-8d32-188c5d690e73,2026-07-06T05:27:59.929,settlement,SETTLED,pacs.008,FAST,748.34,SGD,**************1698,IN,232
15968ffc-2a9f-9c80-e6e2-71b0598e0f3e,2026-07-05T19:41:19.876,gateway,OK,0200,SWIFT,3198.54,SGD,**************4219,SG,40
15968ffc-2a9f-9c80-e6e2-71b0598e0f3e,2026-07-05T19:41:19.936,auth,OK,0200,SWIFT,3198.54,SGD,**************4219,SG,89
15968ffc-2a9f-9c80-e6e2-71b0598e0f3e,2026-07-05T19:41:20.041,validation,OK,0200,SWIFT,3198.54,SGD,**************4219,SG,55
15968ffc-2a9f-9c80-e6e2-71b0598e0f3e,2026-07-05T19:41:20.162,aml,OK,0200,SWIFT,3198.54,SGD,**************4219,SG,204
15968ffc-2a9f-9c80-e6e2-71b0598e0f3e,2026-07-05T19:41:20.310,payment-hub,OK,0200,SWIFT,3198.54,SGD,**************4219,SG,150
15968ffc-2a9f-9c80-e6e2-71b0598e0f3e,2026-07-05T19:41:20.365,core-banking,OK,0200,SWIFT,3198.54,SGD,**************4219,SG,117
15968ffc-2a9f-9c80-e6e2-71b0598e0f3e,2026-07-05T19:41:20.571,settlement,SETTLED,0200,SWIFT,3198.54,SGD,**************4219,SG,129
36d82a91-7b88-81c7-a9b5-a74d06e97b80,2026-07-06T13:06:10.567,gateway,OK,pacs.008,FAST,420.31,GBP,**************2544,SG,34
36d82a91-7b88-81c7-a9b5-a74d06e97b80,2026-07-06T13:06:10.612,auth,OK,pacs.008,FAST,420.31,GBP,**************2544,SG,59
36d82a91-7b88-81c7-a9b5-a74d06e97b80,2026-07-06T13:06:10.846,validation,OK,pacs.008,FAST,420.31,GBP,**************2544,SG,67
36d82a91-7b88-81c7-a9b5-a74d06e97b80,2026-07-06T13:06:10.958,aml,TIMEOUT,pacs.008,FAST,420.31,GBP,**************2544,SG,30000
36d82a91-7b88-81c7-a9b5-a74d06e97b80,2026-07-06T13:06:11.017,payment-hub,FAILED,pacs.008,FAST,420.31,GBP,**************2544,SG,103
d38c7f18-24e2-2186-0fcc-1cc7a69cde23,2026-07-07T18:33:58.387,gateway,OK,MT103,FAST,517.9,SGD,**************6351,SG,58
d38c7f18-24e2-2186-0fcc-1cc7a69cde23,2026-07-07T18:33:58.511,auth,OK,MT103,FAST,517.9,SGD,**************6351,SG,63
d38c7f18-24e2-2186-0fcc-1cc7a69cde23,2026-07-07T18:33:58.679,validation,OK,MT103,FAST,517.9,SGD,**************6351,SG,75
d38c7f18-24e2-2186-0fcc-1cc7a69cde23,2026-07-07T18:33:58.763,aml,OK,MT103,FAST,517.9,SGD,**************6351,SG,292
d38c7f18-24e2-2186-0fcc-1cc7a69cde23,2026-07-07T18:33:58.835,payment-hub,OK,MT103,FAST,517.9,SGD,**************6351,SG,83
d38c7f18-24e2-2186-0fcc-1cc7a69cde23,2026-07-07T18:33:58.956,core-banking,OK,MT103,FAST,517.9,SGD,**************6351,SG,180
d38c7f18-24e2-2186-0fcc-1cc7a69cde23,2026-07-07T18:33:59.097,settlement,SETTLED,MT103,FAST,517.9,SGD,**************6351,SG,129
a1630dac-b5a6-7250-7014-250e58fd18a0,2026-07-05T12:35:08.980,gateway,OK,MT103,CARDS,2974.67,SGD,**************5125,SG,37
a1630dac-b5a6-7250-7014-250e58fd18a0,2026-07-05T12:35:09.049,auth,OK,MT103,CARDS,2974.67,SGD,**************5125,SG,20
a1630dac-b5a6-7250-7014-250e58fd18a0,2026-07-05T12:35:09.212,validation,OK,MT103,CARDS,2974.67,SGD,**************5125,SG,98
a1630dac-b5a6-7250-7014-250e58fd18a0,2026-07-05T12:35:09.290,aml,OK,MT103,CARDS,2974.67,SGD,**************5125,SG,139
a1630dac-b5a6-7250-7014-250e58fd18a0,2026-07-05T12:35:09.547,payment-hub,OK,MT103,CARDS,2974.67,SGD,**************5125,SG,60
a1630dac-b5a6-7250-7014-250e58fd18a0,2026-07-05T12:35:09.691,core-banking,OK,MT103,CARDS,2974.67,SGD,**************5125,SG,154
a1630dac-b5a6-7250-7014-250e58fd18a0,2026-07-05T12:35:09.753,settlement,SETTLED,MT103,CARDS,2974.67,SGD,**************5125,SG,290
fa41baba-2432-e8ed-5025-13bd9dc04d2f,2026-07-11T16:59:26.789,gateway,OK,pacs.008,FAST,157.11,SGD,**************6645,SG,23
fa41baba-2432-e8ed-5025-13bd9dc04d2f,2026-07-11T16:59:26.879,auth,OK,pacs.008,FAST,157.11,SGD,**************6645,SG,65
fa41baba-2432-e8ed-5025-13bd9dc04d2f,2026-07-11T16:59:27.062,validation,OK,pacs.008,FAST,157.11,SGD,**************6645,SG,88
fa41baba-2432-e8ed-5025-13bd9dc04d2f,2026-07-11T16:59:27.115,aml,OK,pacs.008,FAST,157.11,SGD,**************6645,SG,260
fa41baba-2432-e8ed-5025-13bd9dc04d2f,2026-07-11T16:59:27.171,payment-hub,OK,pacs.008,FAST,157.11,SGD,**************6645,SG,116
fa41baba-2432-e8ed-5025-13bd9dc04d2f,2026-07-11T16:59:27.236,core-banking,OK,pacs.008,FAST,157.11,SGD,**************6645,SG,83
fa41baba-2432-e8ed-5025-13bd9dc04d2f,2026-07-11T16:59:27.300,settlement,SETTLED,pacs.008,FAST,157.11,SGD,**************6645,SG,397
6fdf738e-a27f-1ccb-72e6-57590f8de4d1,2026-07-08T00:10:45.359,gateway,OK,pacs.008,FAST,256.85,SGD,**************7738,SG,23
6fdf738e-a27f-1ccb-72e6-57590f8de4d1,2026-07-08T00:10:45.460,auth,OK,pacs.008,FAST,256.85,SGD,**************7738,SG,45
6fdf738e-a27f-1ccb-72e6-57590f8de4d1,2026-07-08T00:10:45.519,validation,OK,pacs.008,FAST,256.85,SGD,**************7738,SG,105
6fdf738e-a27f-1ccb-72e6-57590f8de4d1,2026-07-08T00:10:45.688,aml,OK,pacs.008,FAST,256.85,SGD,**************7738,SG,159
6fdf738e-a27f-1ccb-72e6-57590f8de4d1,2026-07-08T00:10:45.747,payment-hub,OK,pacs.008,FAST,256.85,SGD,**************7738,SG,62
6fdf738e-a27f-1ccb-72e6-57590f8de4d1,2026-07-08T00:10:45.913,core-banking,OK,pacs.008,FAST,256.85,SGD,**************7738,SG,246
6fdf738e-a27f-1ccb-72e6-57590f8de4d1,2026-07-08T00:10:45.984,settlement,SETTLED,pacs.008,FAST,256.85,SGD,**************7738,SG,231
f1d93215-6310-612d-9cb2-fb435af63c5d,2026-07-06T05:49:55.248,gateway,OK,pacs.008,SWIFT,1732.17,SGD,**************7853,SG,58
f1d93215-6310-612d-9cb2-fb435af63c5d,2026-07-06T05:49:55.416,auth,OK,pacs.008,SWIFT,1732.17,SGD,**************7853,SG,48
f1d93215-6310-612d-9cb2-fb435af63c5d,2026-07-06T05:49:55.536,validation,OK,pacs.008,SWIFT,1732.17,SGD,**************7853,SG,108
f1d93215-6310-612d-9cb2-fb435af63c5d,2026-07-06T05:49:55.591,aml,OK,pacs.008,SWIFT,1732.17,SGD,**************7853,SG,89
f1d93215-6310-612d-9cb2-fb435af63c5d,2026-07-06T05:49:55.617,payment-hub,OK,pacs.008,SWIFT,1732.17,SGD,**************7853,SG,120
f1d93215-6310-612d-9cb2-fb435af63c5d,2026-07-06T05:49:55.680,core-banking,OK,pacs.008,SWIFT,1732.17,SGD,**************7853,SG,196
f1d93215-6310-612d-9cb2-fb435af63c5d,2026-07-06T05:49:55.854,settlement,SETTLED,pacs.008,SWIFT,1732.17,SGD,**************7853,SG,359
ce839c4e-f1ab-22d4-27af-0aebc642b577,2026-07-14T23:11:21.069,gateway,OK,pacs.008,SWIFT,821.33,EUR,**************0431,SG,36
ce839c4e-f1ab-22d4-27af-0aebc642b577,2026-07-14T23:11:21.246,auth,OK,pacs.008,SWIFT,821.33,EUR,**************0431,SG,46
ce839c4e-f1ab-22d4-27af-0aebc642b577,2026-07-14T23:11:21.316,validation,OK,pacs.008,SWIFT,821.33,EUR,**************0431,SG,69
ce839c4e-f1ab-22d4-27af-0aebc642b577,2026-07-14T23:11:21.517,aml,OK,pacs.008,SWIFT,821.33,EUR,**************0431,SG,202
ce839c4e-f1ab-22d4-27af-0aebc642b577,2026-07-14T23:11:21.716,payment-hub,OK,pacs.008,SWIFT,821.33,EUR,**************0431,SG,49
ce839c4e-f1ab-22d4-27af-0aebc642b577,2026-07-14T23:11:21.778,core-banking,OK,pacs.008,SWIFT,821.33,EUR,**************0431,SG,222
ce839c4e-f1ab-22d4-27af-0aebc642b577,2026-07-14T23:11:51.783,settlement,SETTLED,pacs.008,SWIFT,821.33,EUR,**************0431,SG,189
ebc0ed88-e79d-df9c-13dc-9cb77bf04e86,2026-07-11T09:04:11.544,gateway,OK,pacs.008,FAST,1766.04,USD,**************6326,SG,26
ebc0ed88-e79d-df9c-13dc-9cb77bf04e86,2026-07-11T09:04:11.608,auth,OK,pacs.008,FAST,1766.04,USD,**************6326,SG,70
ebc0ed88-e79d-df9c-13dc-9cb77bf04e86,2026-07-11T09:04:11.720,validation,OK,pacs.008,FAST,1766.04,USD,**************6326,SG,52
ebc0ed88-e79d-df9c-13dc-9cb77bf04e86,2026-07-11T09:04:11.776,aml,OK,pacs.008,FAST,1766.04,USD,**************6326,SG,67
ebc0ed88-e79d-df9c-13dc-9cb77bf04e86,2026-07-11T09:04:11.921,payment-hub,OK,pacs.008,FAST,1766.04,USD,**************6326,SG,102
ebc0ed88-e79d-df9c-13dc-9cb77bf04e86,2026-07-11T09:04:12.052,core-banking,OK,pacs.008,FAST,1766.04,USD,**************6326,SG,78
ebc0ed88-e79d-df9c-13dc-9cb77bf04e86,2026-07-11T09:04:12.157,settlement,SETTLED,pacs.008,FAST,1766.04,USD,**************6326,SG,140
cb6b2ca4-ce9c-386a-ef6c-9ab309eeac10,2026-07-04T09:31:36.068,gateway,OK,pacs.008,FAST,423.57,GBP,**************4155,SG,15
cb6b2ca4-ce9c-386a-ef6c-9ab309eeac10,2026-07-04T09:31:36.179,auth,OK,pacs.008,FAST,423.57,GBP,**************4155,SG,64
cb6b2ca4-ce9c-386a-ef6c-9ab309eeac10,2026-07-04T09:31:36.297,validation,REJECTED,pacs.008,FAST,423.57,GBP,**************4155,SG,101
93408fda-5d8b-0e14-0346-861bc51630c7,2026-07-04T20:28:56.673,gateway,OK,pacs.008,FAST,3009.67,MYR,**************1337,SG,56
93408fda-5d8b-0e14-0346-861bc51630c7,2026-07-04T20:28:56.740,auth,OK,pacs.008,FAST,3009.67,MYR,**************1337,SG,35
93408fda-5d8b-0e14-0346-861bc51630c7,2026-07-04T20:28:56.837,validation,OK,pacs.008,FAST,3009.67,MYR,**************1337,SG,39
93408fda-5d8b-0e14-0346-861bc51630c7,2026-07-04T20:28:57.010,aml,OK,pacs.008,FAST,3009.67,MYR,**************1337,SG,47
93408fda-5d8b-0e14-0346-861bc51630c7,2026-07-04T20:28:57.077,payment-hub,OK,pacs.008,FAST,3009.67,MYR,**************1337,SG,86
93408fda-5d8b-0e14-0346-861bc51630c7,2026-07-04T20:28:57.158,core-banking,OK,pacs.008,FAST,3009.67,MYR,**************1337,SG,186
93408fda-5d8b-0e14-0346-861bc51630c7,2026-07-04T20:28:57.247,settlement,SETTLED,pacs.008,FAST,3009.67,MYR,**************1337,SG,234
58437fc7-0435-a3cb-24d0-1e13d27ab117,2026-07-05T07:29:05.279,gateway,OK,0200,SWIFT,4745.7,SGD,**************2160,SG,60
58437fc7-0435-a3cb-24d0-1e13d27ab117,2026-07-05T07:29:05.362,auth,OK,0200,SWIFT,4745.7,SGD,**************2160,SG,40
58437fc7-0435-a3cb-24d0-1e13d27ab117,2026-07-05T07:29:05.515,validation,OK,0200,SWIFT,4745.7,SGD,**************2160,SG,55
58437fc7-0435-a3cb-24d0-1e13d27ab117,2026-07-05T07:29:05.639,aml,OK,0200,SWIFT,4745.7,SGD,**************2160,SG,271
58437fc7-0435-a3cb-24d0-1e13d27ab117,2026-07-05T07:29:05.747,payment-hub,OK,0200,SWIFT,4745.7,SGD,**************2160,SG,118
58437fc7-0435-a3cb-24d0-1e13d27ab117,2026-07-05T07:29:05.875,core-banking,OK,0200,SWIFT,4745.7,SGD,**************2160,SG,184
58437fc7-0435-a3cb-24d0-1e13d27ab117,2026-07-05T07:29:06.070,settlement,SETTLED,0200,SWIFT,4745.7,SGD,**************2160,SG,164
d4c373cf-e86c-edad-55c4-abff3ce192f4,2026-07-01T09:41:05.888,gateway,OK,pacs.008,SWIFT,1613.95,EUR,**************5377,US,43
d4c373cf-e86c-edad-55c4-abff3ce192f4,2026-07-01T09:41:05.974,auth,OK,pacs.008,SWIFT,1613.95,EUR,**************5377,US,78
d4c373cf-e86c-edad-55c4-abff3ce192f4,2026-07-01T09:41:06.121,validation,OK,pacs.008,SWIFT,1613.95,EUR,**************5377,US,40
d4c373cf-e86c-edad-55c4-abff3ce192f4,2026-07-01T09:41:06.373,aml,TIMEOUT,pacs.008,SWIFT,1613.95,EUR,**************5377,US,30000
d4c373cf-e86c-edad-55c4-abff3ce192f4,2026-07-01T09:41:06.435,payment-hub,FAILED,pacs.008,SWIFT,1613.95,EUR,**************5377,US,127
433ce4e8-140f-b6fd-2894-a11bd881344c,2026-07-13T04:27:34.739,gateway,OK,pacs.008,FAST,110.38,MYR,**************7859,HK,25
433ce4e8-140f-b6fd-2894-a11bd881344c,2026-07-13T04:27:34.785,auth,OK,pacs.008,FAST,110.38,MYR,**************7859,HK,54
433ce4e8-140f-b6fd-2894-a11bd881344c,2026-07-13T04:27:34.907,validation,OK,pacs.008,FAST,110.38,MYR,**************7859,HK,51
433ce4e8-140f-b6fd-2894-a11bd881344c,2026-07-13T04:27:35.116,aml,OK,pacs.008,FAST,110.38,MYR,**************7859,HK,215
433ce4e8-140f-b6fd-2894-a11bd881344c,2026-07-13T04:27:35.222,payment-hub,OK,pacs.008,FAST,110.38,MYR,**************7859,HK,97
433ce4e8-140f-b6fd-2894-a11bd881344c,2026-07-13T04:27:35.289,core-banking,OK,pacs.008,FAST,110.38,MYR,**************7859,HK,103
433ce4e8-140f-b6fd-2894-a11bd881344c,2026-07-13T04:27:35.337,settlement,SETTLED,pacs.008,FAST,110.38,MYR,**************7859,HK,234
09052033-1db8-7081-f62a-e260c94abbda,2026-07-04T12:07:13.251,gateway,OK,pacs.008,FAST,166.57,MYR,**************4994,GB,21
09052033-1db8-7081-f62a-e260c94abbda,2026-07-04T12:07:13.300,auth,OK,pacs.008,FAST,166.57,MYR,**************4994,GB,87
09052033-1db8-7081-f62a-e260c94abbda,2026-07-04T12:07:13.406,validation,REJECTED,pacs.008,FAST,166.57,MYR,**************4994,GB,43
3343b671-6cc1-eca0-352e-b867e2041b49,2026-07-05T23:36:25.770,gateway,OK,MT103,FAST,215.15,USD,**************0095,SG,21
3343b671-6cc1-eca0-352e-b867e2041b49,2026-07-05T23:36:25.844,auth,OK,MT103,FAST,215.15,USD,**************0095,SG,60
3343b671-6cc1-eca0-352e-b867e2041b49,2026-07-05T23:36:25.905,validation,OK,MT103,FAST,215.15,USD,**************0095,SG,87
3343b671-6cc1-eca0-352e-b867e2041b49,2026-07-05T23:36:26.070,aml,OK,MT103,FAST,215.15,USD,**************0095,SG,247
3343b671-6cc1-eca0-352e-b867e2041b49,2026-07-05T23:36:26.213,payment-hub,OK,MT103,FAST,215.15,USD,**************0095,SG,42
3343b671-6cc1-eca0-352e-b867e2041b49,2026-07-05T23:36:26.246,core-banking,OK,MT103,FAST,215.15,USD,**************0095,SG,148
3343b671-6cc1-eca0-352e-b867e2041b49,2026-07-05T23:36:26.290,settlement,SETTLED,MT103,FAST,215.15,USD,**************0095,SG,242
46fe1ff2-7dc0-60d0-2797-dc915ac318e3,2026-07-09T22:55:05.758,gateway,OK,pacs.008,FAST,36.04,EUR,**************3656,SG,24
46fe1ff2-7dc0-60d0-2797-dc915ac318e3,2026-07-09T22:55:05.817,auth,OK,pacs.008,FAST,36.04,EUR,**************3656,SG,70
46fe1ff2-7dc0-60d0-2797-dc915ac318e3,2026-07-09T22:55:05.930,validation,OK,pacs.008,FAST,36.04,EUR,**************3656,SG,101
46fe1ff2-7dc0-60d0-2797-dc915ac318e3,2026-07-09T22:55:06.040,aml,OK,pacs.008,FAST,36.04,EUR,**************3656,SG,179
46fe1ff2-7dc0-60d0-2797-dc915ac318e3,2026-07-09T22:55:06.152,payment-hub,OK,pacs.008,FAST,36.04,EUR,**************3656,SG,37
46fe1ff2-7dc0-60d0-2797-dc915ac318e3,2026-07-09T22:55:06.207,core-banking,OK,pacs.008,FAST,36.04,EUR,**************3656,SG,138
46fe1ff2-7dc0-60d0-2797-dc915ac318e3,2026-07-09T22:55:06.423,settlement,SETTLED,pacs.008,FAST,36.04,EUR,**************3656,SG,94
7b2c9ecd-623c-6394-2f1b-cedeaaa3ef3c,2026-07-06T23:37:12.557,gateway,OK,pacs.008,FAST,1792.69,SGD,**************4531,SG,18
7b2c9ecd-623c-6394-2f1b-cedeaaa3ef3c,2026-07-06T23:37:12.588,auth,OK,pacs.008,FAST,1792.69,SGD,**************4531,SG,84
7b2c9ecd-623c-6394-2f1b-cedeaaa3ef3c,2026-07-06T23:37:12.712,validation,OK,pacs.008,FAST,1792.69,SGD,**************4531,SG,99
7b2c9ecd-623c-6394-2f1b-cedeaaa3ef3c,2026-07-06T23:37:12.779,aml,OK,pacs.008,FAST,1792.69,SGD,**************4531,SG,165
7b2c9ecd-623c-6394-2f1b-cedeaaa3ef3c,2026-07-06T23:37:12.806,payment-hub,OK,pacs.008,FAST,1792.69,SGD,**************4531,SG,65
7b2c9ecd-623c-6394-2f1b-cedeaaa3ef3c,2026-07-06T23:37:12.881,core-banking,OK,pacs.008,FAST,1792.69,SGD,**************4531,SG,51
7b2c9ecd-623c-6394-2f1b-cedeaaa3ef3c,2026-07-06T23:37:12.939,settlement,SETTLED,pacs.008,FAST,1792.69,SGD,**************4531,SG,120
52e1b085-d2f8-71da-3d44-0efa68a3dd14,2026-07-13T12:15:48.354,gateway,OK,pacs.008,SWIFT,170.73,USD,**************4017,SG,43
52e1b085-d2f8-71da-3d44-0efa68a3dd14,2026-07-13T12:15:48.446,auth,OK,pacs.008,SWIFT,170.73,USD,**************4017,SG,87
52e1b085-d2f8-71da-3d44-0efa68a3dd14,2026-07-13T12:15:48.567,validation,OK,pacs.008,SWIFT,170.73,USD,**************4017,SG,44
52e1b085-d2f8-71da-3d44-0efa68a3dd14,2026-07-13T12:15:48.863,aml,OK,pacs.008,SWIFT,170.73,USD,**************4017,SG,64
52e1b085-d2f8-71da-3d44-0efa68a3dd14,2026-07-13T12:15:48.929,payment-hub,OK,pacs.008,SWIFT,170.73,USD,**************4017,SG,135
52e1b085-d2f8-71da-3d44-0efa68a3dd14,2026-07-13T12:15:48.981,core-banking,OK,pacs.008,SWIFT,170.73,USD,**************4017,SG,122
52e1b085-d2f8-71da-3d44-0efa68a3dd14,2026-07-13T12:15:49.040,settlement,SETTLED,pacs.008,SWIFT,170.73,USD,**************4017,SG,128
9001a4ab-b9d6-a825-cc4c-6b1131bd9ee1,2026-07-04T19:20:28.694,gateway,OK,MT103,FAST,9496.16,MYR,**************9466,SG,33
9001a4ab-b9d6-a825-cc4c-6b1131bd9ee1,2026-07-04T19:20:28.787,auth,OK,MT103,FAST,9496.16,MYR,**************9466,SG,78
9001a4ab-b9d6-a825-cc4c-6b1131bd9ee1,2026-07-04T19:20:28.873,validation,OK,MT103,FAST,9496.16,MYR,**************9466,SG,71
9001a4ab-b9d6-a825-cc4c-6b1131bd9ee1,2026-07-04T19:20:28.958,aml,OK,MT103,FAST,9496.16,MYR,**************9466,SG,264
9001a4ab-b9d6-a825-cc4c-6b1131bd9ee1,2026-07-04T19:20:29.013,payment-hub,OK,MT103,FAST,9496.16,MYR,**************9466,SG,129
9001a4ab-b9d6-a825-cc4c-6b1131bd9ee1,2026-07-04T19:20:29.270,core-banking,OK,MT103,FAST,9496.16,MYR,**************9466,SG,93
9001a4ab-b9d6-a825-cc4c-6b1131bd9ee1,2026-07-04T19:20:29.327,settlement,SETTLED,MT103,FAST,9496.16,MYR,**************9466,SG,233
8877f412-2c96-687c-b7c8-e46266e3cbe8,2026-07-13T04:40:37.887,gateway,OK,MT103,FAST,161.83,EUR,**************9237,SG,26
8877f412-2c96-687c-b7c8-e46266e3cbe8,2026-07-13T04:40:38.139,auth,OK,MT103,FAST,161.83,EUR,**************9237,SG,53
8877f412-2c96-687c-b7c8-e46266e3cbe8,2026-07-13T04:40:38.208,validation,OK,MT103,FAST,161.83,EUR,**************9237,SG,91
8877f412-2c96-687c-b7c8-e46266e3cbe8,2026-07-13T04:40:38.305,aml,OK,MT103,FAST,161.83,EUR,**************9237,SG,195
8877f412-2c96-687c-b7c8-e46266e3cbe8,2026-07-13T04:40:38.449,payment-hub,OK,MT103,FAST,161.83,EUR,**************9237,SG,145
8877f412-2c96-687c-b7c8-e46266e3cbe8,2026-07-13T04:40:38.561,core-banking,OK,MT103,FAST,161.83,EUR,**************9237,SG,134
8877f412-2c96-687c-b7c8-e46266e3cbe8,2026-07-13T04:40:38.866,settlement,SETTLED,MT103,FAST,161.83,EUR,**************9237,SG,383
0919d5d9-150a-95d4-1af1-cf4366618fdd,2026-07-03T18:14:34.520,gateway,OK,pacs.008,SWIFT,1681.61,SGD,**************3329,GB,40
0919d5d9-150a-95d4-1af1-cf4366618fdd,2026-07-03T18:14:34.631,auth,OK,pacs.008,SWIFT,1681.61,SGD,**************3329,GB,75
0919d5d9-150a-95d4-1af1-cf4366618fdd,2026-07-03T18:14:34.714,validation,REJECTED,pacs.008,SWIFT,1681.61,SGD,**************3329,GB,117
efd6dd0e-da17-10c9-2a6d-56137fa1ff42,2026-07-08T10:36:18.188,gateway,OK,MT103,FAST,620.23,SGD,**************2562,IN,29
efd6dd0e-da17-10c9-2a6d-56137fa1ff42,2026-07-08T10:36:18.305,auth,OK,MT103,FAST,620.23,SGD,**************2562,IN,87
efd6dd0e-da17-10c9-2a6d-56137fa1ff42,2026-07-08T10:36:18.624,validation,OK,MT103,FAST,620.23,SGD,**************2562,IN,56
efd6dd0e-da17-10c9-2a6d-56137fa1ff42,2026-07-08T10:36:18.816,aml,OK,MT103,FAST,620.23,SGD,**************2562,IN,148
efd6dd0e-da17-10c9-2a6d-56137fa1ff42,2026-07-08T10:36:18.905,payment-hub,OK,MT103,FAST,620.23,SGD,**************2562,IN,118
efd6dd0e-da17-10c9-2a6d-56137fa1ff42,2026-07-08T10:36:18.963,core-banking,OK,MT103,FAST,620.23,SGD,**************2562,IN,211
efd6dd0e-da17-10c9-2a6d-56137fa1ff42,2026-07-08T10:36:19.226,settlement,SETTLED,MT103,FAST,620.23,SGD,**************2562,IN,308
d2c4845e-320d-271a-ccc9-39b77ec7e59e,2026-07-02T19:43:54.826,gateway,OK,0200,FAST,328.97,SGD,**************1000,HK,31
d2c4845e-320d-271a-ccc9-39b77ec7e59e,2026-07-02T19:43:54.956,auth,OK,0200,FAST,328.97,SGD,**************1000,HK,77
d2c4845e-320d-271a-ccc9-39b77ec7e59e,2026-07-02T19:43:55.045,validation,OK,0200,FAST,328.97,SGD,**************1000,HK,108
d2c4845e-320d-271a-ccc9-39b77ec7e59e,2026-07-02T19:43:55.136,aml,OK,0200,FAST,328.97,SGD,**************1000,HK,161
d2c4845e-320d-271a-ccc9-39b77ec7e59e,2026-07-02T19:43:55.233,payment-hub,OK,0200,FAST,328.97,SGD,**************1000,HK,149
d2c4845e-320d-271a-ccc9-39b77ec7e59e,2026-07-02T19:43:55.281,core-banking,OK,0200,FAST,328.97,SGD,**************1000,HK,202
d2c4845e-320d-271a-ccc9-39b77ec7e59e,2026-07-02T19:43:55.362,settlement,SETTLED,0200,FAST,328.97,SGD,**************1000,HK,110
9ab68880-fa9d-67cd-4866-fff3da3e1360,2026-07-07T13:57:01.511,gateway,OK,MT103,FAST,230.29,SGD,**************9652,MY,35
9ab68880-fa9d-67cd-4866-fff3da3e1360,2026-07-07T13:57:01.568,auth,OK,MT103,FAST,230.29,SGD,**************9652,MY,42
9ab68880-fa9d-67cd-4866-fff3da3e1360,2026-07-07T13:57:01.647,validation,OK,MT103,FAST,230.29,SGD,**************9652,MY,115
9ab68880-fa9d-67cd-4866-fff3da3e1360,2026-07-07T13:57:01.897,aml,OK,MT103,FAST,230.29,SGD,**************9652,MY,247
9ab68880-fa9d-67cd-4866-fff3da3e1360,2026-07-07T13:57:01.998,payment-hub,OK,MT103,FAST,230.29,SGD,**************9652,MY,123
9ab68880-fa9d-67cd-4866-fff3da3e1360,2026-07-07T13:57:02.212,core-banking,OK,MT103,FAST,230.29,SGD,**************9652,MY,145
9ab68880-fa9d-67cd-4866-fff3da3e1360,2026-07-07T13:57:02.397,settlement,SETTLED,MT103,FAST,230.29,SGD,**************9652,MY,211
e066c3b2-6bed-bcd8-5867-897cd6e66d8c,2026-07-05T21:40:48.319,gateway,OK,MT103,SWIFT,743.3,USD,**************0388,SG,46
e066c3b2-6bed-bcd8-5867-897cd6e66d8c,2026-07-05T21:40:48.480,auth,OK,MT103,SWIFT,743.3,USD,**************0388,SG,33
e066c3b2-6bed-bcd8-5867-897cd6e66d8c,2026-07-05T21:40:48.532,validation,OK,MT103,SWIFT,743.3,USD,**************0388,SG,59
e066c3b2-6bed-bcd8-5867-897cd6e66d8c,2026-07-05T21:40:48.613,aml,OK,MT103,SWIFT,743.3,USD,**************0388,SG,87
e066c3b2-6bed-bcd8-5867-897cd6e66d8c,2026-07-05T21:40:48.665,payment-hub,OK,MT103,SWIFT,743.3,USD,**************0388,SG,50
e066c3b2-6bed-bcd8-5867-897cd6e66d8c,2026-07-05T21:40:48.920,core-banking,OK,MT103,SWIFT,743.3,USD,**************0388,SG,139
e066c3b2-6bed-bcd8-5867-897cd6e66d8c,2026-07-05T21:40:49.003,settlement,SETTLED,MT103,SWIFT,743.3,USD,**************0388,SG,369
6c13dbba-4390-d2e1-5e3a-115300039c16,2026-07-02T02:51:17.338,gateway,OK,pacs.008,CARDS,3691.87,MYR,**************7186,IN,37
6c13dbba-4390-d2e1-5e3a-115300039c16,2026-07-02T02:51:17.449,auth,OK,pacs.008,CARDS,3691.87,MYR,**************7186,IN,86
6c13dbba-4390-d2e1-5e3a-115300039c16,2026-07-02T02:51:17.569,validation,OK,pacs.008,CARDS,3691.87,MYR,**************7186,IN,104
6c13dbba-4390-d2e1-5e3a-115300039c16,2026-07-02T02:51:17.609,aml,OK,pacs.008,CARDS,3691.87,MYR,**************7186,IN,204
6c13dbba-4390-d2e1-5e3a-115300039c16,2026-07-02T02:51:17.711,payment-hub,OK,pacs.008,CARDS,3691.87,MYR,**************7186,IN,108
6c13dbba-4390-d2e1-5e3a-115300039c16,2026-07-02T02:51:17.805,core-banking,OK,pacs.008,CARDS,3691.87,MYR,**************7186,IN,57
6c13dbba-4390-d2e1-5e3a-115300039c16,2026-07-02T02:51:17.869,settlement,SETTLED,pacs.008,CARDS,3691.87,MYR,**************7186,IN,376
fb4644b6-6c9b-a213-a569-a22fa6494ef3,2026-07-03T04:21:07.416,gateway,OK,pacs.008,SWIFT,2591.15,USD,**************0208,SG,34
fb4644b6-6c9b-a213-a569-a22fa6494ef3,2026-07-03T04:21:07.576,auth,OK,pacs.008,SWIFT,2591.15,USD,**************0208,SG,28
fb4644b6-6c9b-a213-a569-a22fa6494ef3,2026-07-03T04:21:07.838,validation,OK,pacs.008,SWIFT,2591.15,USD,**************0208,SG,57
fb4644b6-6c9b-a213-a569-a22fa6494ef3,2026-07-03T04:21:07.915,aml,OK,pacs.008,SWIFT,2591.15,USD,**************0208,SG,92
fb4644b6-6c9b-a213-a569-a22fa6494ef3,2026-07-03T04:21:07.980,payment-hub,OK,pacs.008,SWIFT,2591.15,USD,**************0208,SG,91
fb4644b6-6c9b-a213-a569-a22fa6494ef3,2026-07-03T04:21:08.083,core-banking,OK,pacs.008,SWIFT,2591.15,USD,**************0208,SG,52
fb4644b6-6c9b-a213-a569-a22fa6494ef3,2026-07-03T04:21:08.212,settlement,SETTLED,pacs.008,SWIFT,2591.15,USD,**************0208,SG,212
57e6ca1e-ed83-53d8-ed54-f0c48b5211f3,2026-07-05T13:36:02.642,gateway,OK,pacs.008,FAST,2538.76,USD,**************9508,SG,40
57e6ca1e-ed83-53d8-ed54-f0c48b5211f3,2026-07-05T13:36:02.713,auth,OK,pacs.008,FAST,2538.76,USD,**************9508,SG,28
57e6ca1e-ed83-53d8-ed54-f0c48b5211f3,2026-07-05T13:36:02.885,validation,OK,pacs.008,FAST,2538.76,USD,**************9508,SG,82
57e6ca1e-ed83-53d8-ed54-f0c48b5211f3,2026-07-05T13:36:03.103,aml,OK,pacs.008,FAST,2538.76,USD,**************9508,SG,185
57e6ca1e-ed83-53d8-ed54-f0c48b5211f3,2026-07-05T13:36:03.246,payment-hub,OK,pacs.008,FAST,2538.76,USD,**************9508,SG,103
57e6ca1e-ed83-53d8-ed54-f0c48b5211f3,2026-07-05T13:36:03.317,core-banking,OK,pacs.008,FAST,2538.76,USD,**************9508,SG,144
57e6ca1e-ed83-53d8-ed54-f0c48b5211f3,2026-07-05T13:36:03.382,settlement,SETTLED,pacs.008,FAST,2538.76,USD,**************9508,SG,151
183eb7d2-fca9-c889-1ca5-e7114f848b6f,2026-07-13T09:25:07.112,gateway,OK,pacs.008,CARDS,1373.54,SGD,**************9731,SG,27
183eb7d2-fca9-c889-1ca5-e7114f848b6f,2026-07-13T09:25:07.197,auth,OK,pacs.008,CARDS,1373.54,SGD,**************9731,SG,61
183eb7d2-fca9-c889-1ca5-e7114f848b6f,2026-07-13T09:25:07.283,validation,OK,pacs.008,CARDS,1373.54,SGD,**************9731,SG,33
183eb7d2-fca9-c889-1ca5-e7114f848b6f,2026-07-13T09:25:07.417,aml,TIMEOUT,pacs.008,CARDS,1373.54,SGD,**************9731,SG,30000
183eb7d2-fca9-c889-1ca5-e7114f848b6f,2026-07-13T09:25:07.550,payment-hub,FAILED,pacs.008,CARDS,1373.54,SGD,**************9731,SG,55
6f80e8b0-63b5-39be-d98a-46a4b134cded,2026-07-06T22:09:53.226,gateway,OK,MT103,SWIFT,113.42,EUR,**************8169,SG,57
6f80e8b0-63b5-39be-d98a-46a4b134cded,2026-07-06T22:09:53.443,auth,OK,MT103,SWIFT,113.42,EUR,**************8169,SG,82
6f80e8b0-63b5-39be-d98a-46a4b134cded,2026-07-06T22:09:53.525,validation,OK,MT103,SWIFT,113.42,EUR,**************8169,SG,27
6f80e8b0-63b5-39be-d98a-46a4b134cded,2026-07-06T22:09:53.592,aml,OK,MT103,SWIFT,113.42,EUR,**************8169,SG,193
6f80e8b0-63b5-39be-d98a-46a4b134cded,2026-07-06T22:09:53.758,payment-hub,OK,MT103,SWIFT,113.42,EUR,**************8169,SG,133
6f80e8b0-63b5-39be-d98a-46a4b134cded,2026-07-06T22:09:53.851,core-banking,OK,MT103,SWIFT,113.42,EUR,**************8169,SG,162
6f80e8b0-63b5-39be-d98a-46a4b134cded,2026-07-06T22:09:53.897,settlement,SETTLED,MT103,SWIFT,113.42,EUR,**************8169,SG,350
1d873536-d874-87fd-b966-e1d28bdd91e6,2026-07-11T14:32:15.219,gateway,OK,MT103,SWIFT,395.64,GBP,**************5609,IN,30
1d873536-d874-87fd-b966-e1d28bdd91e6,2026-07-11T14:32:15.334,auth,OK,MT103,SWIFT,395.64,GBP,**************5609,IN,52
1d873536-d874-87fd-b966-e1d28bdd91e6,2026-07-11T14:32:15.373,validation,OK,MT103,SWIFT,395.64,GBP,**************5609,IN,116
1d873536-d874-87fd-b966-e1d28bdd91e6,2026-07-11T14:32:15.453,aml,OK,MT103,SWIFT,395.64,GBP,**************5609,IN,188
1d873536-d874-87fd-b966-e1d28bdd91e6,2026-07-11T14:32:15.523,payment-hub,OK,MT103,SWIFT,395.64,GBP,**************5609,IN,55
1d873536-d874-87fd-b966-e1d28bdd91e6,2026-07-11T14:32:15.594,core-banking,OK,MT103,SWIFT,395.64,GBP,**************5609,IN,89
1d873536-d874-87fd-b966-e1d28bdd91e6,2026-07-11T14:32:15.738,settlement,SETTLED,MT103,SWIFT,395.64,GBP,**************5609,IN,390
44b2b871-d5d9-52e5-82d1-23344e8df187,2026-07-04T21:41:44.198,gateway,OK,MT103,CARDS,269.34,GBP,**************8836,SG,43
44b2b871-d5d9-52e5-82d1-23344e8df187,2026-07-04T21:41:44.265,auth,OK,MT103,CARDS,269.34,GBP,**************8836,SG,90
44b2b871-d5d9-52e5-82d1-23344e8df187,2026-07-04T21:41:44.336,validation,OK,MT103,CARDS,269.34,GBP,**************8836,SG,65
44b2b871-d5d9-52e5-82d1-23344e8df187,2026-07-04T21:41:44.404,aml,OK,MT103,CARDS,269.34,GBP,**************8836,SG,104
44b2b871-d5d9-52e5-82d1-23344e8df187,2026-07-04T21:41:44.469,payment-hub,OK,MT103,CARDS,269.34,GBP,**************8836,SG,39
44b2b871-d5d9-52e5-82d1-23344e8df187,2026-07-04T21:41:44.555,core-banking,OK,MT103,CARDS,269.34,GBP,**************8836,SG,60
44b2b871-d5d9-52e5-82d1-23344e8df187,2026-07-04T21:41:44.732,settlement,SETTLED,MT103,CARDS,269.34,GBP,**************8836,SG,270
221d837f-61fa-e2ab-045d-78e26da789d3,2026-07-14T08:24:00.178,gateway,OK,MT103,FAST,42.68,INR,**************6698,MY,15
221d837f-61fa-e2ab-045d-78e26da789d3,2026-07-14T08:24:00.278,auth,OK,MT103,FAST,42.68,INR,**************6698,MY,62
221d837f-61fa-e2ab-045d-78e26da789d3,2026-07-14T08:24:00.347,validation,OK,MT103,FAST,42.68,INR,**************6698,MY,30
221d837f-61fa-e2ab-045d-78e26da789d3,2026-07-14T08:24:00.519,aml,OK,MT103,FAST,42.68,INR,**************6698,MY,157
221d837f-61fa-e2ab-045d-78e26da789d3,2026-07-14T08:24:00.797,payment-hub,OK,MT103,FAST,42.68,INR,**************6698,MY,128
221d837f-61fa-e2ab-045d-78e26da789d3,2026-07-14T08:24:00.921,core-banking,OK,MT103,FAST,42.68,INR,**************6698,MY,154
221d837f-61fa-e2ab-045d-78e26da789d3,2026-07-14T08:24:00.964,settlement,SETTLED,MT103,FAST,42.68,INR,**************6698,MY,135
119402b3-67ad-6d3d-743a-66199d9f2721,2026-07-07T20:24:33.651,gateway,OK,pacs.008,SWIFT,368.48,SGD,**************4052,SG,47
119402b3-67ad-6d3d-743a-66199d9f2721,2026-07-07T20:24:33.719,auth,OK,pacs.008,SWIFT,368.48,SGD,**************4052,SG,38
119402b3-67ad-6d3d-743a-66199d9f2721,2026-07-07T20:24:33.781,validation,OK,pacs.008,SWIFT,368.48,SGD,**************4052,SG,95
119402b3-67ad-6d3d-743a-66199d9f2721,2026-07-07T20:24:33.915,aml,OK,pacs.008,SWIFT,368.48,SGD,**************4052,SG,220
119402b3-67ad-6d3d-743a-66199d9f2721,2026-07-07T20:24:33.986,payment-hub,OK,pacs.008,SWIFT,368.48,SGD,**************4052,SG,101
119402b3-67ad-6d3d-743a-66199d9f2721,2026-07-07T20:24:34.294,core-banking,OK,pacs.008,SWIFT,368.48,SGD,**************4052,SG,63
119402b3-67ad-6d3d-743a-66199d9f2721,2026-07-07T20:24:34.355,settlement,SETTLED,pacs.008,SWIFT,368.48,SGD,**************4052,SG,185
bf0f544b-4eed-6a74-48ed-226e54c3fa4c,2026-07-06T14:52:02.593,gateway,OK,MT103,FAST,1402.29,SGD,**************5706,US,28
bf0f544b-4eed-6a74-48ed-226e54c3fa4c,2026-07-06T14:52:02.660,auth,OK,MT103,FAST,1402.29,SGD,**************5706,US,56
bf0f544b-4eed-6a74-48ed-226e54c3fa4c,2026-07-06T14:52:02.767,validation,OK,MT103,FAST,1402.29,SGD,**************5706,US,60
bf0f544b-4eed-6a74-48ed-226e54c3fa4c,2026-07-06T14:52:02.863,aml,OK,MT103,FAST,1402.29,SGD,**************5706,US,99
bf0f544b-4eed-6a74-48ed-226e54c3fa4c,2026-07-06T14:52:02.934,payment-hub,OK,MT103,FAST,1402.29,SGD,**************5706,US,78
bf0f544b-4eed-6a74-48ed-226e54c3fa4c,2026-07-06T14:52:03.030,core-banking,OK,MT103,FAST,1402.29,SGD,**************5706,US,227
bf0f544b-4eed-6a74-48ed-226e54c3fa4c,2026-07-06T14:52:03.110,settlement,SETTLED,MT103,FAST,1402.29,SGD,**************5706,US,341
32b6abba-c52b-d207-9c0f-e2cc10d0638c,2026-07-14T14:59:21.276,gateway,OK,pacs.008,SWIFT,425.54,INR,**************2725,SG,44
32b6abba-c52b-d207-9c0f-e2cc10d0638c,2026-07-14T14:59:21.359,auth,OK,pacs.008,SWIFT,425.54,INR,**************2725,SG,34
32b6abba-c52b-d207-9c0f-e2cc10d0638c,2026-07-14T14:59:21.652,validation,OK,pacs.008,SWIFT,425.54,INR,**************2725,SG,113
32b6abba-c52b-d207-9c0f-e2cc10d0638c,2026-07-14T14:59:21.761,aml,OK,pacs.008,SWIFT,425.54,INR,**************2725,SG,163
32b6abba-c52b-d207-9c0f-e2cc10d0638c,2026-07-14T14:59:21.843,payment-hub,OK,pacs.008,SWIFT,425.54,INR,**************2725,SG,116
32b6abba-c52b-d207-9c0f-e2cc10d0638c,2026-07-14T14:59:22.077,core-banking,OK,pacs.008,SWIFT,425.54,INR,**************2725,SG,222
32b6abba-c52b-d207-9c0f-e2cc10d0638c,2026-07-14T14:59:22.208,settlement,SETTLED,pacs.008,SWIFT,425.54,INR,**************2725,SG,211
5e46383d-c61b-e66d-0333-d72dd2c957d3,2026-07-14T12:01:03.925,gateway,OK,MT103,FAST,304.54,GBP,**************5256,IN,46
5e46383d-c61b-e66d-0333-d72dd2c957d3,2026-07-14T12:01:04.054,auth,OK,MT103,FAST,304.54,GBP,**************5256,IN,49
5e46383d-c61b-e66d-0333-d72dd2c957d3,2026-07-14T12:01:04.209,validation,OK,MT103,FAST,304.54,GBP,**************5256,IN,77
5e46383d-c61b-e66d-0333-d72dd2c957d3,2026-07-14T12:01:04.293,aml,OK,MT103,FAST,304.54,GBP,**************5256,IN,72
5e46383d-c61b-e66d-0333-d72dd2c957d3,2026-07-14T12:01:04.321,payment-hub,OK,MT103,FAST,304.54,GBP,**************5256,IN,90
5e46383d-c61b-e66d-0333-d72dd2c957d3,2026-07-14T12:01:04.506,core-banking,OK,MT103,FAST,304.54,GBP,**************5256,IN,91
5e46383d-c61b-e66d-0333-d72dd2c957d3,2026-07-14T12:01:04.695,settlement,SETTLED,MT103,FAST,304.54,GBP,**************5256,IN,87
d0325ca6-6b2c-7551-161e-f04889a6b838,2026-07-02T12:16:33.258,gateway,OK,pacs.008,SWIFT,157.12,SGD,**************4924,US,19
d0325ca6-6b2c-7551-161e-f04889a6b838,2026-07-02T12:16:33.335,auth,OK,pacs.008,SWIFT,157.12,SGD,**************4924,US,23
d0325ca6-6b2c-7551-161e-f04889a6b838,2026-07-02T12:16:33.522,validation,OK,pacs.008,SWIFT,157.12,SGD,**************4924,US,65
d0325ca6-6b2c-7551-161e-f04889a6b838,2026-07-02T12:16:33.756,aml,OK,pacs.008,SWIFT,157.12,SGD,**************4924,US,78
d0325ca6-6b2c-7551-161e-f04889a6b838,2026-07-02T12:16:33.889,payment-hub,OK,pacs.008,SWIFT,157.12,SGD,**************4924,US,74
d0325ca6-6b2c-7551-161e-f04889a6b838,2026-07-02T12:16:34.014,core-banking,OK,pacs.008,SWIFT,157.12,SGD,**************4924,US,229
d0325ca6-6b2c-7551-161e-f04889a6b838,2026-07-02T12:16:34.106,settlement,SETTLED,pacs.008,SWIFT,157.12,SGD,**************4924,US,323
75b79056-0ec3-91e1-bfe4-3662b44e0a30,2026-07-07T00:16:34.391,gateway,OK,pacs.008,FAST,2903.34,SGD,**************1446,MY,27
75b79056-0ec3-91e1-bfe4-3662b44e0a30,2026-07-07T00:16:34.483,auth,OK,pacs.008,FAST,2903.34,SGD,**************1446,MY,47
75b79056-0ec3-91e1-bfe4-3662b44e0a30,2026-07-07T00:16:34.559,validation,OK,pacs.008,FAST,2903.34,SGD,**************1446,MY,61
75b79056-0ec3-91e1-bfe4-3662b44e0a30,2026-07-07T00:16:34.648,aml,OK,pacs.008,FAST,2903.34,SGD,**************1446,MY,69
75b79056-0ec3-91e1-bfe4-3662b44e0a30,2026-07-07T00:16:34.751,payment-hub,OK,pacs.008,FAST,2903.34,SGD,**************1446,MY,137
75b79056-0ec3-91e1-bfe4-3662b44e0a30,2026-07-07T00:16:34.849,core-banking,OK,pacs.008,FAST,2903.34,SGD,**************1446,MY,107
75b79056-0ec3-91e1-bfe4-3662b44e0a30,2026-07-07T00:16:34.882,settlement,SETTLED,pacs.008,FAST,2903.34,SGD,**************1446,MY,93
e8ed1afc-b35f-2f16-a7d5-471e8cd5cc23,2026-07-11T02:00:45.129,gateway,OK,pacs.008,FAST,398.53,SGD,**************2302,SG,21
e8ed1afc-b35f-2f16-a7d5-471e8cd5cc23,2026-07-11T02:00:45.201,auth,OK,pacs.008,FAST,398.53,SGD,**************2302,SG,60
e8ed1afc-b35f-2f16-a7d5-471e8cd5cc23,2026-07-11T02:00:45.249,validation,OK,pacs.008,FAST,398.53,SGD,**************2302,SG,63
e8ed1afc-b35f-2f16-a7d5-471e8cd5cc23,2026-07-11T02:00:45.325,aml,OK,pacs.008,FAST,398.53,SGD,**************2302,SG,145
e8ed1afc-b35f-2f16-a7d5-471e8cd5cc23,2026-07-11T02:00:45.402,payment-hub,OK,pacs.008,FAST,398.53,SGD,**************2302,SG,43
e8ed1afc-b35f-2f16-a7d5-471e8cd5cc23,2026-07-11T02:00:45.482,core-banking,OK,pacs.008,FAST,398.53,SGD,**************2302,SG,234
e8ed1afc-b35f-2f16-a7d5-471e8cd5cc23,2026-07-11T02:00:45.532,settlement,SETTLED,pacs.008,FAST,398.53,SGD,**************2302,SG,107
3302c8af-3284-27c9-0f00-824f379eefd4,2026-07-03T17:58:11.774,gateway,OK,0200,FAST,7031.85,MYR,**************7683,SG,55
3302c8af-3284-27c9-0f00-824f379eefd4,2026-07-03T17:58:12.064,auth,OK,0200,FAST,7031.85,MYR,**************7683,SG,36
3302c8af-3284-27c9-0f00-824f379eefd4,2026-07-03T17:58:12.207,validation,OK,0200,FAST,7031.85,MYR,**************7683,SG,86
3302c8af-3284-27c9-0f00-824f379eefd4,2026-07-03T17:58:12.285,aml,OK,0200,FAST,7031.85,MYR,**************7683,SG,70
3302c8af-3284-27c9-0f00-824f379eefd4,2026-07-03T17:58:12.399,payment-hub,OK,0200,FAST,7031.85,MYR,**************7683,SG,57
3302c8af-3284-27c9-0f00-824f379eefd4,2026-07-03T17:58:12.491,core-banking,OK,0200,FAST,7031.85,MYR,**************7683,SG,84
3302c8af-3284-27c9-0f00-824f379eefd4,2026-07-03T17:58:12.603,settlement,SETTLED,0200,FAST,7031.85,MYR,**************7683,SG,188
0191825d-5af2-e1f7-af78-131ebdacbd84,2026-07-11T02:39:59.552,gateway,OK,MT103,CARDS,602.36,USD,**************6937,SG,28
0191825d-5af2-e1f7-af78-131ebdacbd84,2026-07-11T02:39:59.609,auth,OK,MT103,CARDS,602.36,USD,**************6937,SG,25
0191825d-5af2-e1f7-af78-131ebdacbd84,2026-07-11T02:39:59.776,validation,OK,MT103,CARDS,602.36,USD,**************6937,SG,84
0191825d-5af2-e1f7-af78-131ebdacbd84,2026-07-11T02:39:59.885,aml,OK,MT103,CARDS,602.36,USD,**************6937,SG,77
0191825d-5af2-e1f7-af78-131ebdacbd84,2026-07-11T02:39:59.964,payment-hub,OK,MT103,CARDS,602.36,USD,**************6937,SG,123
0191825d-5af2-e1f7-af78-131ebdacbd84,2026-07-11T02:40:00.110,core-banking,OK,MT103,CARDS,602.36,USD,**************6937,SG,91
0191825d-5af2-e1f7-af78-131ebdacbd84,2026-07-11T02:40:00.303,settlement,SETTLED,MT103,CARDS,602.36,USD,**************6937,SG,231
9ef7164a-74bc-9bc1-3317-6a1ca920f27d,2026-07-14T16:57:19.966,gateway,OK,pacs.008,SWIFT,604.12,MYR,**************0397,SG,41
9ef7164a-74bc-9bc1-3317-6a1ca920f27d,2026-07-14T16:57:20.069,auth,OK,pacs.008,SWIFT,604.12,MYR,**************0397,SG,71
9ef7164a-74bc-9bc1-3317-6a1ca920f27d,2026-07-14T16:57:20.174,validation,OK,pacs.008,SWIFT,604.12,MYR,**************0397,SG,98
9ef7164a-74bc-9bc1-3317-6a1ca920f27d,2026-07-14T16:57:20.275,aml,OK,pacs.008,SWIFT,604.12,MYR,**************0397,SG,196
9ef7164a-74bc-9bc1-3317-6a1ca920f27d,2026-07-14T16:57:20.504,payment-hub,OK,pacs.008,SWIFT,604.12,MYR,**************0397,SG,80
9ef7164a-74bc-9bc1-3317-6a1ca920f27d,2026-07-14T16:57:20.581,core-banking,OK,pacs.008,SWIFT,604.12,MYR,**************0397,SG,71
9ef7164a-74bc-9bc1-3317-6a1ca920f27d,2026-07-14T16:57:20.687,settlement,SETTLED,pacs.008,SWIFT,604.12,MYR,**************0397,SG,206
61f5608d-38d5-8106-37dd-0253e7726990,2026-07-12T12:00:14.069,gateway,OK,MT103,FAST,386.51,USD,**************1801,SG,39
61f5608d-38d5-8106-37dd-0253e7726990,2026-07-12T12:00:14.191,auth,OK,MT103,FAST,386.51,USD,**************1801,SG,55
61f5608d-38d5-8106-37dd-0253e7726990,2026-07-12T12:00:14.233,validation,OK,MT103,FAST,386.51,USD,**************1801,SG,38
61f5608d-38d5-8106-37dd-0253e7726990,2026-07-12T12:00:14.296,aml,OK,MT103,FAST,386.51,USD,**************1801,SG,179
61f5608d-38d5-8106-37dd-0253e7726990,2026-07-12T12:00:14.373,payment-hub,OK,MT103,FAST,386.51,USD,**************1801,SG,136
61f5608d-38d5-8106-37dd-0253e7726990,2026-07-12T12:00:14.522,core-banking,OK,MT103,FAST,386.51,USD,**************1801,SG,182
61f5608d-38d5-8106-37dd-0253e7726990,2026-07-12T12:00:14.585,settlement,SETTLED,MT103,FAST,386.51,USD,**************1801,SG,133
90050108-991d-c181-68e4-24b8b685cc32,2026-07-07T15:27:27.318,gateway,OK,MT103,FAST,496.95,MYR,**************0254,MY,50
90050108-991d-c181-68e4-24b8b685cc32,2026-07-07T15:27:27.397,auth,OK,MT103,FAST,496.95,MYR,**************0254,MY,64
90050108-991d-c181-68e4-24b8b685cc32,2026-07-07T15:27:27.484,validation,OK,MT103,FAST,496.95,MYR,**************0254,MY,65
90050108-991d-c181-68e4-24b8b685cc32,2026-07-07T15:27:27.541,aml,OK,MT103,FAST,496.95,MYR,**************0254,MY,264
90050108-991d-c181-68e4-24b8b685cc32,2026-07-07T15:27:27.637,payment-hub,OK,MT103,FAST,496.95,MYR,**************0254,MY,119
90050108-991d-c181-68e4-24b8b685cc32,2026-07-07T15:27:27.858,core-banking,OK,MT103,FAST,496.95,MYR,**************0254,MY,225
90050108-991d-c181-68e4-24b8b685cc32,2026-07-07T15:27:27.921,settlement,SETTLED,MT103,FAST,496.95,MYR,**************0254,MY,317
1590ad1b-5df4-70f4-c27a-44f8a77ca89c,2026-07-07T21:47:43.020,gateway,OK,pacs.008,SWIFT,2373.67,INR,**************9046,MY,45
1590ad1b-5df4-70f4-c27a-44f8a77ca89c,2026-07-07T21:47:43.116,auth,OK,pacs.008,SWIFT,2373.67,INR,**************9046,MY,77
1590ad1b-5df4-70f4-c27a-44f8a77ca89c,2026-07-07T21:47:43.203,validation,OK,pacs.008,SWIFT,2373.67,INR,**************9046,MY,108
1590ad1b-5df4-70f4-c27a-44f8a77ca89c,2026-07-07T21:47:43.247,aml,OK,pacs.008,SWIFT,2373.67,INR,**************9046,MY,246
1590ad1b-5df4-70f4-c27a-44f8a77ca89c,2026-07-07T21:47:43.322,payment-hub,OK,pacs.008,SWIFT,2373.67,INR,**************9046,MY,50
1590ad1b-5df4-70f4-c27a-44f8a77ca89c,2026-07-07T21:47:43.416,core-banking,OK,pacs.008,SWIFT,2373.67,INR,**************9046,MY,159
1590ad1b-5df4-70f4-c27a-44f8a77ca89c,2026-07-07T21:47:43.477,settlement,SETTLED,pacs.008,SWIFT,2373.67,INR,**************9046,MY,102
91a41166-eb76-ddf4-7afa-5c38bce04a7c,2026-07-10T22:05:07.052,gateway,OK,MT103,FAST,757.19,SGD,**************5627,MY,31
91a41166-eb76-ddf4-7afa-5c38bce04a7c,2026-07-10T22:05:07.125,auth,OK,MT103,FAST,757.19,SGD,**************5627,MY,70
91a41166-eb76-ddf4-7afa-5c38bce04a7c,2026-07-10T22:05:07.378,validation,OK,MT103,FAST,757.19,SGD,**************5627,MY,96
91a41166-eb76-ddf4-7afa-5c38bce04a7c,2026-07-10T22:05:07.570,aml,OK,MT103,FAST,757.19,SGD,**************5627,MY,262
91a41166-eb76-ddf4-7afa-5c38bce04a7c,2026-07-10T22:05:07.622,payment-hub,OK,MT103,FAST,757.19,SGD,**************5627,MY,74
91a41166-eb76-ddf4-7afa-5c38bce04a7c,2026-07-10T22:05:07.687,core-banking,OK,MT103,FAST,757.19,SGD,**************5627,MY,73
91a41166-eb76-ddf4-7afa-5c38bce04a7c,2026-07-10T22:05:07.754,settlement,SETTLED,MT103,FAST,757.19,SGD,**************5627,MY,115
2f2d91dd-3106-4317-d812-0beb4d64f8a3,2026-07-08T09:38:29.734,gateway,OK,pacs.008,FAST,433.66,SGD,**************6588,SG,53
2f2d91dd-3106-4317-d812-0beb4d64f8a3,2026-07-08T09:38:29.882,auth,OK,pacs.008,FAST,433.66,SGD,**************6588,SG,64
2f2d91dd-3106-4317-d812-0beb4d64f8a3,2026-07-08T09:38:30.192,validation,OK,pacs.008,FAST,433.66,SGD,**************6588,SG,26
2f2d91dd-3106-4317-d812-0beb4d64f8a3,2026-07-08T09:38:30.384,aml,OK,pacs.008,FAST,433.66,SGD,**************6588,SG,65
2f2d91dd-3106-4317-d812-0beb4d64f8a3,2026-07-08T09:38:30.497,payment-hub,OK,pacs.008,FAST,433.66,SGD,**************6588,SG,62
2f2d91dd-3106-4317-d812-0beb4d64f8a3,2026-07-08T09:38:30.614,core-banking,OK,pacs.008,FAST,433.66,SGD,**************6588,SG,98
2f2d91dd-3106-4317-d812-0beb4d64f8a3,2026-07-08T09:38:30.679,settlement,SETTLED,pacs.008,FAST,433.66,SGD,**************6588,SG,309
d4723a2b-4d36-e62d-9bfb-7b6594610a91,2026-07-14T19:05:12.125,gateway,OK,pacs.008,FAST,767.12,USD,**************1992,IN,40
d4723a2b-4d36-e62d-9bfb-7b6594610a91,2026-07-14T19:05:12.203,auth,OK,pacs.008,FAST,767.12,USD,**************1992,IN,26
d4723a2b-4d36-e62d-9bfb-7b6594610a91,2026-07-14T19:05:12.279,validation,OK,pacs.008,FAST,767.12,USD,**************1992,IN,82
d4723a2b-4d36-e62d-9bfb-7b6594610a91,2026-07-14T19:05:12.383,aml,OK,pacs.008,FAST,767.12,USD,**************1992,IN,61
d4723a2b-4d36-e62d-9bfb-7b6594610a91,2026-07-14T19:05:12.477,payment-hub,OK,pacs.008,FAST,767.12,USD,**************1992,IN,45
d4723a2b-4d36-e62d-9bfb-7b6594610a91,2026-07-14T19:05:12.621,core-banking,OK,pacs.008,FAST,767.12,USD,**************1992,IN,239
d4723a2b-4d36-e62d-9bfb-7b6594610a91,2026-07-14T19:05:12.731,settlement,SETTLED,pacs.008,FAST,767.12,USD,**************1992,IN,176
08650882-a6d3-0b84-b555-8531664fe4a1,2026-07-12T03:55:31.218,gateway,OK,MT103,SWIFT,971.08,INR,**************2859,SG,60
08650882-a6d3-0b84-b555-8531664fe4a1,2026-07-12T03:55:31.426,auth,OK,MT103,SWIFT,971.08,INR,**************2859,SG,82
08650882-a6d3-0b84-b555-8531664fe4a1,2026-07-12T03:55:31.486,validation,OK,MT103,SWIFT,971.08,INR,**************2859,SG,50
08650882-a6d3-0b84-b555-8531664fe4a1,2026-07-12T03:55:31.659,aml,OK,MT103,SWIFT,971.08,INR,**************2859,SG,174
08650882-a6d3-0b84-b555-8531664fe4a1,2026-07-12T03:55:31.896,payment-hub,OK,MT103,SWIFT,971.08,INR,**************2859,SG,142
08650882-a6d3-0b84-b555-8531664fe4a1,2026-07-12T03:55:31.952,core-banking,OK,MT103,SWIFT,971.08,INR,**************2859,SG,250
08650882-a6d3-0b84-b555-8531664fe4a1,2026-07-12T03:55:32.026,settlement,SETTLED,MT103,SWIFT,971.08,INR,**************2859,SG,163
34560d2a-2ce0-b21c-e39b-f095e1b8266a,2026-07-10T17:23:12.912,gateway,OK,pacs.008,FAST,930.93,INR,**************3985,SG,45
34560d2a-2ce0-b21c-e39b-f095e1b8266a,2026-07-10T17:23:12.997,auth,OK,pacs.008,FAST,930.93,INR,**************3985,SG,53
34560d2a-2ce0-b21c-e39b-f095e1b8266a,2026-07-10T17:23:13.247,validation,OK,pacs.008,FAST,930.93,INR,**************3985,SG,25
34560d2a-2ce0-b21c-e39b-f095e1b8266a,2026-07-10T17:23:13.484,aml,TIMEOUT,pacs.008,FAST,930.93,INR,**************3985,SG,30000
34560d2a-2ce0-b21c-e39b-f095e1b8266a,2026-07-10T17:23:13.708,payment-hub,FAILED,pacs.008,FAST,930.93,INR,**************3985,SG,121
a000123e-f2d3-0cd1-cc27-e14e3885c824,2026-07-05T21:03:57.583,gateway,OK,pacs.008,FAST,887.36,SGD,**************5922,IN,32
a000123e-f2d3-0cd1-cc27-e14e3885c824,2026-07-05T21:03:57.639,auth,OK,pacs.008,FAST,887.36,SGD,**************5922,IN,43
a000123e-f2d3-0cd1-cc27-e14e3885c824,2026-07-05T21:03:57.727,validation,OK,pacs.008,FAST,887.36,SGD,**************5922,IN,89
a000123e-f2d3-0cd1-cc27-e14e3885c824,2026-07-05T21:03:57.806,aml,OK,pacs.008,FAST,887.36,SGD,**************5922,IN,256
a000123e-f2d3-0cd1-cc27-e14e3885c824,2026-07-05T21:03:57.964,payment-hub,OK,pacs.008,FAST,887.36,SGD,**************5922,IN,34
a000123e-f2d3-0cd1-cc27-e14e3885c824,2026-07-05T21:03:58.174,core-banking,OK,pacs.008,FAST,887.36,SGD,**************5922,IN,102
a000123e-f2d3-0cd1-cc27-e14e3885c824,2026-07-05T21:03:58.381,settlement,SETTLED,pacs.008,FAST,887.36,SGD,**************5922,IN,227
93248a6f-fd7f-4c5d-1cb0-986247fe25f3,2026-07-10T10:13:05.456,gateway,OK,pacs.008,FAST,912.48,SGD,**************3635,US,47
93248a6f-fd7f-4c5d-1cb0-986247fe25f3,2026-07-10T10:13:05.576,auth,OK,pacs.008,FAST,912.48,SGD,**************3635,US,28
93248a6f-fd7f-4c5d-1cb0-986247fe25f3,2026-07-10T10:13:05.679,validation,OK,pacs.008,FAST,912.48,SGD,**************3635,US,74
93248a6f-fd7f-4c5d-1cb0-986247fe25f3,2026-07-10T10:13:05.771,aml,OK,pacs.008,FAST,912.48,SGD,**************3635,US,78
93248a6f-fd7f-4c5d-1cb0-986247fe25f3,2026-07-10T10:13:05.803,payment-hub,OK,pacs.008,FAST,912.48,SGD,**************3635,US,37
93248a6f-fd7f-4c5d-1cb0-986247fe25f3,2026-07-10T10:13:05.861,core-banking,OK,pacs.008,FAST,912.48,SGD,**************3635,US,56
93248a6f-fd7f-4c5d-1cb0-986247fe25f3,2026-07-10T10:13:06.084,settlement,SETTLED,pacs.008,FAST,912.48,SGD,**************3635,US,117
d28fb62c-a686-2904-42de-93c0a8004049,2026-07-07T13:33:10.232,gateway,OK,MT103,SWIFT,337.82,USD,**************8821,SG,16
d28fb62c-a686-2904-42de-93c0a8004049,2026-07-07T13:33:10.350,auth,OK,MT103,SWIFT,337.82,USD,**************8821,SG,64
d28fb62c-a686-2904-42de-93c0a8004049,2026-07-07T13:33:10.528,validation,OK,MT103,SWIFT,337.82,USD,**************8821,SG,87
d28fb62c-a686-2904-42de-93c0a8004049,2026-07-07T13:33:10.630,aml,OK,MT103,SWIFT,337.82,USD,**************8821,SG,157
d28fb62c-a686-2904-42de-93c0a8004049,2026-07-07T13:33:10.742,payment-hub,OK,MT103,SWIFT,337.82,USD,**************8821,SG,33
d28fb62c-a686-2904-42de-93c0a8004049,2026-07-07T13:33:11.036,core-banking,OK,MT103,SWIFT,337.82,USD,**************8821,SG,97
d28fb62c-a686-2904-42de-93c0a8004049,2026-07-07T13:33:11.271,settlement,SETTLED,MT103,SWIFT,337.82,USD,**************8821,SG,250
a913e3ca-a277-4ef4-5a4a-0366055f2b64,2026-07-12T15:32:24.919,gateway,OK,MT103,SWIFT,1158.91,SGD,**************9127,IN,35
a913e3ca-a277-4ef4-5a4a-0366055f2b64,2026-07-12T15:32:25.142,auth,OK,MT103,SWIFT,1158.91,SGD,**************9127,IN,37
a913e3ca-a277-4ef4-5a4a-0366055f2b64,2026-07-12T15:32:25.300,validation,OK,MT103,SWIFT,1158.91,SGD,**************9127,IN,58
a913e3ca-a277-4ef4-5a4a-0366055f2b64,2026-07-12T15:32:25.383,aml,OK,MT103,SWIFT,1158.91,SGD,**************9127,IN,260
a913e3ca-a277-4ef4-5a4a-0366055f2b64,2026-07-12T15:32:25.444,payment-hub,OK,MT103,SWIFT,1158.91,SGD,**************9127,IN,135
a913e3ca-a277-4ef4-5a4a-0366055f2b64,2026-07-12T15:32:25.562,core-banking,OK,MT103,SWIFT,1158.91,SGD,**************9127,IN,244
a913e3ca-a277-4ef4-5a4a-0366055f2b64,2026-07-12T15:32:25.686,settlement,SETTLED,MT103,SWIFT,1158.91,SGD,**************9127,IN,226
780a449d-fc0f-6597-bd44-69a60158e99d,2026-07-05T03:56:41.075,gateway,OK,MT103,SWIFT,181.47,GBP,**************5292,SG,34
780a449d-fc0f-6597-bd44-69a60158e99d,2026-07-05T03:56:41.198,auth,OK,MT103,SWIFT,181.47,GBP,**************5292,SG,31
780a449d-fc0f-6597-bd44-69a60158e99d,2026-07-05T03:56:41.251,validation,OK,MT103,SWIFT,181.47,GBP,**************5292,SG,90
780a449d-fc0f-6597-bd44-69a60158e99d,2026-07-05T03:56:41.374,aml,OK,MT103,SWIFT,181.47,GBP,**************5292,SG,153
780a449d-fc0f-6597-bd44-69a60158e99d,2026-07-05T03:56:41.513,payment-hub,OK,MT103,SWIFT,181.47,GBP,**************5292,SG,126
780a449d-fc0f-6597-bd44-69a60158e99d,2026-07-05T03:56:41.626,core-banking,OK,MT103,SWIFT,181.47,GBP,**************5292,SG,199
780a449d-fc0f-6597-bd44-69a60158e99d,2026-07-05T03:56:41.722,settlement,SETTLED,MT103,SWIFT,181.47,GBP,**************5292,SG,193
77eb45e2-814d-47d1-4bf1-585b659464c6,2026-07-02T08:39:49.702,gateway,OK,pacs.008,SWIFT,370.73,SGD,**************0956,IN,39
77eb45e2-814d-47d1-4bf1-585b659464c6,2026-07-02T08:39:49.777,auth,OK,pacs.008,SWIFT,370.73,SGD,**************0956,IN,71
77eb45e2-814d-47d1-4bf1-585b659464c6,2026-07-02T08:39:49.996,validation,OK,pacs.008,SWIFT,370.73,SGD,**************0956,IN,30
77eb45e2-814d-47d1-4bf1-585b659464c6,2026-07-02T08:39:50.164,aml,OK,pacs.008,SWIFT,370.73,SGD,**************0956,IN,270
77eb45e2-814d-47d1-4bf1-585b659464c6,2026-07-02T08:39:50.198,payment-hub,OK,pacs.008,SWIFT,370.73,SGD,**************0956,IN,145
77eb45e2-814d-47d1-4bf1-585b659464c6,2026-07-02T08:39:50.308,core-banking,OK,pacs.008,SWIFT,370.73,SGD,**************0956,IN,108
77eb45e2-814d-47d1-4bf1-585b659464c6,2026-07-02T08:39:50.445,settlement,SETTLED,pacs.008,SWIFT,370.73,SGD,**************0956,IN,233
e541342e-e653-386b-e9a0-25aaa73a7a51,2026-07-07T07:25:47.935,gateway,OK,0200,FAST,55.04,SGD,**************8213,MY,60
e541342e-e653-386b-e9a0-25aaa73a7a51,2026-07-07T07:25:48.047,auth,OK,0200,FAST,55.04,SGD,**************8213,MY,21
e541342e-e653-386b-e9a0-25aaa73a7a51,2026-07-07T07:25:48.149,validation,OK,0200,FAST,55.04,SGD,**************8213,MY,117
e541342e-e653-386b-e9a0-25aaa73a7a51,2026-07-07T07:25:48.230,aml,OK,0200,FAST,55.04,SGD,**************8213,MY,148
e541342e-e653-386b-e9a0-25aaa73a7a51,2026-07-07T07:25:48.308,payment-hub,OK,0200,FAST,55.04,SGD,**************8213,MY,50
e541342e-e653-386b-e9a0-25aaa73a7a51,2026-07-07T07:25:48.437,core-banking,OK,0200,FAST,55.04,SGD,**************8213,MY,206
e541342e-e653-386b-e9a0-25aaa73a7a51,2026-07-07T07:25:48.607,settlement,SETTLED,0200,FAST,55.04,SGD,**************8213,MY,211
820956af-1c7e-a118-db6d-f0db0eb00fff,2026-07-05T14:52:29.363,gateway,OK,MT103,CARDS,577.63,SGD,**************7957,IN,26
820956af-1c7e-a118-db6d-f0db0eb00fff,2026-07-05T14:52:29.460,auth,OK,MT103,CARDS,577.63,SGD,**************7957,IN,68
820956af-1c7e-a118-db6d-f0db0eb00fff,2026-07-05T14:52:29.715,validation,OK,MT103,CARDS,577.63,SGD,**************7957,IN,69
820956af-1c7e-a118-db6d-f0db0eb00fff,2026-07-05T14:52:29.781,aml,OK,MT103,CARDS,577.63,SGD,**************7957,IN,130
820956af-1c7e-a118-db6d-f0db0eb00fff,2026-07-05T14:52:29.881,payment-hub,OK,MT103,CARDS,577.63,SGD,**************7957,IN,35
820956af-1c7e-a118-db6d-f0db0eb00fff,2026-07-05T14:52:30.068,core-banking,OK,MT103,CARDS,577.63,SGD,**************7957,IN,76
820956af-1c7e-a118-db6d-f0db0eb00fff,2026-07-05T14:52:30.141,settlement,SETTLED,MT103,CARDS,577.63,SGD,**************7957,IN,111
363326e3-c971-5bec-16d8-43162c5420ee,2026-07-12T09:27:15.791,gateway,OK,pacs.008,FAST,770.48,SGD,**************1369,SG,58
363326e3-c971-5bec-16d8-43162c5420ee,2026-07-12T09:27:15.835,auth,OK,pacs.008,FAST,770.48,SGD,**************1369,SG,52
363326e3-c971-5bec-16d8-43162c5420ee,2026-07-12T09:27:15.924,validation,OK,pacs.008,FAST,770.48,SGD,**************1369,SG,31
363326e3-c971-5bec-16d8-43162c5420ee,2026-07-12T09:27:15.981,aml,OK,pacs.008,FAST,770.48,SGD,**************1369,SG,197
363326e3-c971-5bec-16d8-43162c5420ee,2026-07-12T09:27:16.117,payment-hub,OK,pacs.008,FAST,770.48,SGD,**************1369,SG,49
363326e3-c971-5bec-16d8-43162c5420ee,2026-07-12T09:27:16.235,core-banking,OK,pacs.008,FAST,770.48,SGD,**************1369,SG,60
363326e3-c971-5bec-16d8-43162c5420ee,2026-07-12T09:27:16.360,settlement,SETTLED,pacs.008,FAST,770.48,SGD,**************1369,SG,400
913fd86c-b87f-e94c-2a0b-a60b0958f58d,2026-07-08T04:22:52.553,gateway,OK,MT103,FAST,103.3,GBP,**************5360,GB,41
913fd86c-b87f-e94c-2a0b-a60b0958f58d,2026-07-08T04:22:52.651,auth,OK,MT103,FAST,103.3,GBP,**************5360,GB,64
913fd86c-b87f-e94c-2a0b-a60b0958f58d,2026-07-08T04:22:52.777,validation,OK,MT103,FAST,103.3,GBP,**************5360,GB,77
913fd86c-b87f-e94c-2a0b-a60b0958f58d,2026-07-08T04:22:52.993,aml,OK,MT103,FAST,103.3,GBP,**************5360,GB,99
913fd86c-b87f-e94c-2a0b-a60b0958f58d,2026-07-08T04:22:53.036,payment-hub,OK,MT103,FAST,103.3,GBP,**************5360,GB,91
913fd86c-b87f-e94c-2a0b-a60b0958f58d,2026-07-08T04:22:53.122,core-banking,OK,MT103,FAST,103.3,GBP,**************5360,GB,202
913fd86c-b87f-e94c-2a0b-a60b0958f58d,2026-07-08T04:22:53.169,settlement,SETTLED,MT103,FAST,103.3,GBP,**************5360,GB,115
298df143-0aed-f5fc-7dd6-627b35423499,2026-07-08T07:12:45.260,gateway,OK,0200,SWIFT,212.21,USD,**************5961,IN,58
298df143-0aed-f5fc-7dd6-627b35423499,2026-07-08T07:12:45.432,auth,OK,0200,SWIFT,212.21,USD,**************5961,IN,70
298df143-0aed-f5fc-7dd6-627b35423499,2026-07-08T07:12:45.474,validation,OK,0200,SWIFT,212.21,USD,**************5961,IN,53
298df143-0aed-f5fc-7dd6-627b35423499,2026-07-08T07:12:45.762,aml,OK,0200,SWIFT,212.21,USD,**************5961,IN,213
298df143-0aed-f5fc-7dd6-627b35423499,2026-07-08T07:12:45.804,payment-hub,OK,0200,SWIFT,212.21,USD,**************5961,IN,64
298df143-0aed-f5fc-7dd6-627b35423499,2026-07-08T07:12:45.876,core-banking,OK,0200,SWIFT,212.21,USD,**************5961,IN,137
298df143-0aed-f5fc-7dd6-627b35423499,2026-07-08T07:12:45.938,settlement,SETTLED,0200,SWIFT,212.21,USD,**************5961,IN,116
7122e733-027d-b5f9-3b51-8bfe88091a03,2026-07-05T07:00:34.236,gateway,OK,MT103,CARDS,317.72,SGD,**************5309,MY,30
7122e733-027d-b5f9-3b51-8bfe88091a03,2026-07-05T07:00:34.338,auth,OK,MT103,CARDS,317.72,SGD,**************5309,MY,67
7122e733-027d-b5f9-3b51-8bfe88091a03,2026-07-05T07:00:34.502,validation,OK,MT103,CARDS,317.72,SGD,**************5309,MY,79
7122e733-027d-b5f9-3b51-8bfe88091a03,2026-07-05T07:00:34.572,aml,TIMEOUT,MT103,CARDS,317.72,SGD,**************5309,MY,30000
7122e733-027d-b5f9-3b51-8bfe88091a03,2026-07-05T07:00:34.675,payment-hub,FAILED,MT103,CARDS,317.72,SGD,**************5309,MY,131
bd6fcd9b-dba3-f1c3-8625-a5c5ece314bf,2026-07-04T06:11:21.767,gateway,OK,MT103,SWIFT,387.47,SGD,**************8109,MY,50
bd6fcd9b-dba3-f1c3-8625-a5c5ece314bf,2026-07-04T06:11:21.922,auth,OK,MT103,SWIFT,387.47,SGD,**************8109,MY,32
bd6fcd9b-dba3-f1c3-8625-a5c5ece314bf,2026-07-04T06:11:22.059,validation,OK,MT103,SWIFT,387.47,SGD,**************8109,MY,78
bd6fcd9b-dba3-f1c3-8625-a5c5ece314bf,2026-07-04T06:11:22.146,aml,OK,MT103,SWIFT,387.47,SGD,**************8109,MY,212
bd6fcd9b-dba3-f1c3-8625-a5c5ece314bf,2026-07-04T06:11:22.267,payment-hub,OK,MT103,SWIFT,387.47,SGD,**************8109,MY,125
bd6fcd9b-dba3-f1c3-8625-a5c5ece314bf,2026-07-04T06:11:22.489,core-banking,OK,MT103,SWIFT,387.47,SGD,**************8109,MY,57
bd6fcd9b-dba3-f1c3-8625-a5c5ece314bf,2026-07-04T06:11:22.524,settlement,SETTLED,MT103,SWIFT,387.47,SGD,**************8109,MY,119
abaa99b7-7531-2ea9-79b5-eafa6d0561c6,2026-07-10T16:38:05.195,gateway,OK,MT103,CARDS,770.63,SGD,**************7740,SG,43
abaa99b7-7531-2ea9-79b5-eafa6d0561c6,2026-07-10T16:38:05.338,auth,OK,MT103,CARDS,770.63,SGD,**************7740,SG,43
abaa99b7-7531-2ea9-79b5-eafa6d0561c6,2026-07-10T16:38:05.467,validation,OK,MT103,CARDS,770.63,SGD,**************7740,SG,69
abaa99b7-7531-2ea9-79b5-eafa6d0561c6,2026-07-10T16:38:05.552,aml,OK,MT103,CARDS,770.63,SGD,**************7740,SG,100
abaa99b7-7531-2ea9-79b5-eafa6d0561c6,2026-07-10T16:38:05.628,payment-hub,OK,MT103,CARDS,770.63,SGD,**************7740,SG,103
abaa99b7-7531-2ea9-79b5-eafa6d0561c6,2026-07-10T16:38:05.872,core-banking,OK,MT103,CARDS,770.63,SGD,**************7740,SG,62
abaa99b7-7531-2ea9-79b5-eafa6d0561c6,2026-07-10T16:38:05.957,settlement,SETTLED,MT103,CARDS,770.63,SGD,**************7740,SG,399
107fb858-034a-4a43-f5e7-620fb32a2615,2026-07-08T18:10:26.267,gateway,OK,pacs.008,FAST,121.2,USD,**************9764,US,59
107fb858-034a-4a43-f5e7-620fb32a2615,2026-07-08T18:10:26.373,auth,OK,pacs.008,FAST,121.2,USD,**************9764,US,49
107fb858-034a-4a43-f5e7-620fb32a2615,2026-07-08T18:10:26.430,validation,OK,pacs.008,FAST,121.2,USD,**************9764,US,25
107fb858-034a-4a43-f5e7-620fb32a2615,2026-07-08T18:10:26.518,aml,OK,pacs.008,FAST,121.2,USD,**************9764,US,191
107fb858-034a-4a43-f5e7-620fb32a2615,2026-07-08T18:10:26.635,payment-hub,OK,pacs.008,FAST,121.2,USD,**************9764,US,137
107fb858-034a-4a43-f5e7-620fb32a2615,2026-07-08T18:10:26.725,core-banking,OK,pacs.008,FAST,121.2,USD,**************9764,US,73
107fb858-034a-4a43-f5e7-620fb32a2615,2026-07-08T18:10:26.800,settlement,SETTLED,pacs.008,FAST,121.2,USD,**************9764,US,77
6fb44383-3965-191d-b85c-08a5221db8e3,2026-07-06T07:23:51.210,gateway,OK,MT103,FAST,755.13,GBP,**************7839,IN,31
6fb44383-3965-191d-b85c-08a5221db8e3,2026-07-06T07:23:51.368,auth,OK,MT103,FAST,755.13,GBP,**************7839,IN,44
6fb44383-3965-191d-b85c-08a5221db8e3,2026-07-06T07:23:51.412,validation,OK,MT103,FAST,755.13,GBP,**************7839,IN,91
6fb44383-3965-191d-b85c-08a5221db8e3,2026-07-06T07:23:51.501,aml,OK,MT103,FAST,755.13,GBP,**************7839,IN,234
6fb44383-3965-191d-b85c-08a5221db8e3,2026-07-06T07:23:51.690,payment-hub,OK,MT103,FAST,755.13,GBP,**************7839,IN,32
6fb44383-3965-191d-b85c-08a5221db8e3,2026-07-06T07:23:51.730,core-banking,OK,MT103,FAST,755.13,GBP,**************7839,IN,141
6fb44383-3965-191d-b85c-08a5221db8e3,2026-07-06T07:23:51.806,settlement,SETTLED,MT103,FAST,755.13,GBP,**************7839,IN,239
93bd3528-8b22-5227-8b89-9718a3a87378,2026-07-10T17:09:35.659,gateway,OK,pacs.008,FAST,1480.97,USD,**************2431,SG,41
93bd3528-8b22-5227-8b89-9718a3a87378,2026-07-10T17:09:35.885,auth,OK,pacs.008,FAST,1480.97,USD,**************2431,SG,55
93bd3528-8b22-5227-8b89-9718a3a87378,2026-07-10T17:09:36.086,validation,OK,pacs.008,FAST,1480.97,USD,**************2431,SG,81
93bd3528-8b22-5227-8b89-9718a3a87378,2026-07-10T17:09:36.170,aml,OK,pacs.008,FAST,1480.97,USD,**************2431,SG,297
93bd3528-8b22-5227-8b89-9718a3a87378,2026-07-10T17:09:36.230,payment-hub,OK,pacs.008,FAST,1480.97,USD,**************2431,SG,127
93bd3528-8b22-5227-8b89-9718a3a87378,2026-07-10T17:09:36.292,core-banking,OK,pacs.008,FAST,1480.97,USD,**************2431,SG,236
93bd3528-8b22-5227-8b89-9718a3a87378,2026-07-10T17:09:36.427,settlement,SETTLED,pacs.008,FAST,1480.97,USD,**************2431,SG,210
9d822a6f-68bb-e295-9e2a-f11272008a6d,2026-07-04T21:25:51.041,gateway,OK,MT103,FAST,977.0,SGD,**************0450,SG,41
9d822a6f-68bb-e295-9e2a-f11272008a6d,2026-07-04T21:25:51.153,auth,OK,MT103,FAST,977.0,SGD,**************0450,SG,88
9d822a6f-68bb-e295-9e2a-f11272008a6d,2026-07-04T21:25:51.244,validation,OK,MT103,FAST,977.0,SGD,**************0450,SG,104
9d822a6f-68bb-e295-9e2a-f11272008a6d,2026-07-04T21:25:51.295,aml,OK,MT103,FAST,977.0,SGD,**************0450,SG,300
9d822a6f-68bb-e295-9e2a-f11272008a6d,2026-07-04T21:25:51.383,payment-hub,OK,MT103,FAST,977.0,SGD,**************0450,SG,62
9d822a6f-68bb-e295-9e2a-f11272008a6d,2026-07-04T21:25:51.439,core-banking,OK,MT103,FAST,977.0,SGD,**************0450,SG,201
9d822a6f-68bb-e295-9e2a-f11272008a6d,2026-07-04T21:25:51.492,settlement,SETTLED,MT103,FAST,977.0,SGD,**************0450,SG,238
ea4e0bea-3c6c-f93d-dd0a-8a9aa7d1735c,2026-07-05T15:03:07.946,gateway,OK,MT103,FAST,182.82,MYR,**************2179,MY,57
ea4e0bea-3c6c-f93d-dd0a-8a9aa7d1735c,2026-07-05T15:03:08.041,auth,OK,MT103,FAST,182.82,MYR,**************2179,MY,75
ea4e0bea-3c6c-f93d-dd0a-8a9aa7d1735c,2026-07-05T15:03:08.137,validation,OK,MT103,FAST,182.82,MYR,**************2179,MY,96
ea4e0bea-3c6c-f93d-dd0a-8a9aa7d1735c,2026-07-05T15:03:08.200,aml,OK,MT103,FAST,182.82,MYR,**************2179,MY,113
ea4e0bea-3c6c-f93d-dd0a-8a9aa7d1735c,2026-07-05T15:03:08.304,payment-hub,OK,MT103,FAST,182.82,MYR,**************2179,MY,42
ea4e0bea-3c6c-f93d-dd0a-8a9aa7d1735c,2026-07-05T15:03:08.408,core-banking,OK,MT103,FAST,182.82,MYR,**************2179,MY,122
ea4e0bea-3c6c-f93d-dd0a-8a9aa7d1735c,2026-07-05T15:03:08.494,settlement,SETTLED,MT103,FAST,182.82,MYR,**************2179,MY,280
8b83599f-5152-7f55-ae2f-af51bc00f386,2026-07-10T05:44:30.170,gateway,OK,0200,FAST,982.08,MYR,**************6935,MY,37
8b83599f-5152-7f55-ae2f-af51bc00f386,2026-07-10T05:44:30.218,auth,OK,0200,FAST,982.08,MYR,**************6935,MY,81
8b83599f-5152-7f55-ae2f-af51bc00f386,2026-07-10T05:45:00.231,validation,REJECTED,0200,FAST,982.08,MYR,**************6935,MY,108
979179c8-5445-72a8-4991-e56ba5073dd0,2026-07-05T19:52:47.252,gateway,OK,MT103,FAST,378.08,EUR,**************8385,SG,42
979179c8-5445-72a8-4991-e56ba5073dd0,2026-07-05T19:52:47.385,auth,OK,MT103,FAST,378.08,EUR,**************8385,SG,78
979179c8-5445-72a8-4991-e56ba5073dd0,2026-07-05T19:52:47.510,validation,OK,MT103,FAST,378.08,EUR,**************8385,SG,111
979179c8-5445-72a8-4991-e56ba5073dd0,2026-07-05T19:52:47.618,aml,OK,MT103,FAST,378.08,EUR,**************8385,SG,208
979179c8-5445-72a8-4991-e56ba5073dd0,2026-07-05T19:52:47.729,payment-hub,OK,MT103,FAST,378.08,EUR,**************8385,SG,65
979179c8-5445-72a8-4991-e56ba5073dd0,2026-07-05T19:52:47.765,core-banking,OK,MT103,FAST,378.08,EUR,**************8385,SG,57
979179c8-5445-72a8-4991-e56ba5073dd0,2026-07-05T19:52:47.837,settlement,SETTLED,MT103,FAST,378.08,EUR,**************8385,SG,188
41cd46c1-eb52-06e1-220c-6bf82a6b6966,2026-07-02T05:25:15.533,gateway,OK,MT103,FAST,718.82,SGD,**************1424,MY,30
41cd46c1-eb52-06e1-220c-6bf82a6b6966,2026-07-02T05:25:15.779,auth,OK,MT103,FAST,718.82,SGD,**************1424,MY,50
41cd46c1-eb52-06e1-220c-6bf82a6b6966,2026-07-02T05:25:15.871,validation,OK,MT103,FAST,718.82,SGD,**************1424,MY,43
41cd46c1-eb52-06e1-220c-6bf82a6b6966,2026-07-02T05:25:16.046,aml,TIMEOUT,MT103,FAST,718.82,SGD,**************1424,MY,30000
41cd46c1-eb52-06e1-220c-6bf82a6b6966,2026-07-02T05:25:16.079,payment-hub,FAILED,MT103,FAST,718.82,SGD,**************1424,MY,60
0462a9a4-27e7-a8e6-38f5-29f72a335b16,2026-07-06T22:59:38.615,gateway,OK,MT103,FAST,67.5,INR,**************1985,IN,34
0462a9a4-27e7-a8e6-38f5-29f72a335b16,2026-07-06T22:59:38.692,auth,OK,MT103,FAST,67.5,INR,**************1985,IN,48
0462a9a4-27e7-a8e6-38f5-29f72a335b16,2026-07-06T22:59:38.781,validation,OK,MT103,FAST,67.5,INR,**************1985,IN,115
0462a9a4-27e7-a8e6-38f5-29f72a335b16,2026-07-06T22:59:38.922,aml,TIMEOUT,MT103,FAST,67.5,INR,**************1985,IN,30000
0462a9a4-27e7-a8e6-38f5-29f72a335b16,2026-07-06T22:59:39.011,payment-hub,FAILED,MT103,FAST,67.5,INR,**************1985,IN,145
49dd23df-f606-62c7-8d34-c97ffebb5fd9,2026-07-07T22:16:31.856,gateway,OK,pacs.008,FAST,49.43,SGD,**************7320,IN,18
49dd23df-f606-62c7-8d34-c97ffebb5fd9,2026-07-07T22:16:31.913,auth,OK,pacs.008,FAST,49.43,SGD,**************7320,IN,89
49dd23df-f606-62c7-8d34-c97ffebb5fd9,2026-07-07T22:16:32.096,validation,OK,pacs.008,FAST,49.43,SGD,**************7320,IN,109
49dd23df-f606-62c7-8d34-c97ffebb5fd9,2026-07-07T22:16:32.257,aml,OK,pacs.008,FAST,49.43,SGD,**************7320,IN,119
49dd23df-f606-62c7-8d34-c97ffebb5fd9,2026-07-07T22:16:32.297,payment-hub,OK,pacs.008,FAST,49.43,SGD,**************7320,IN,148
49dd23df-f606-62c7-8d34-c97ffebb5fd9,2026-07-07T22:16:32.409,core-banking,OK,pacs.008,FAST,49.43,SGD,**************7320,IN,212
49dd23df-f606-62c7-8d34-c97ffebb5fd9,2026-07-07T22:16:32.521,settlement,SETTLED,pacs.008,FAST,49.43,SGD,**************7320,IN,389
73159539-81a6-e4e4-4fb4-92243c3b3de5,2026-07-12T20:04:59.909,gateway,OK,pacs.008,FAST,744.34,EUR,**************0120,SG,24
73159539-81a6-e4e4-4fb4-92243c3b3de5,2026-07-12T20:05:00.189,auth,OK,pacs.008,FAST,744.34,EUR,**************0120,SG,38
73159539-81a6-e4e4-4fb4-92243c3b3de5,2026-07-12T20:05:00.276,validation,OK,pacs.008,FAST,744.34,EUR,**************0120,SG,59
73159539-81a6-e4e4-4fb4-92243c3b3de5,2026-07-12T20:05:00.353,aml,OK,pacs.008,FAST,744.34,EUR,**************0120,SG,159
73159539-81a6-e4e4-4fb4-92243c3b3de5,2026-07-12T20:05:00.423,payment-hub,OK,pacs.008,FAST,744.34,EUR,**************0120,SG,49
73159539-81a6-e4e4-4fb4-92243c3b3de5,2026-07-12T20:05:00.510,core-banking,OK,pacs.008,FAST,744.34,EUR,**************0120,SG,230
73159539-81a6-e4e4-4fb4-92243c3b3de5,2026-07-12T20:05:00.733,settlement,SETTLED,pacs.008,FAST,744.34,EUR,**************0120,SG,225
cf6d4733-970e-60c4-f6e2-7589bb537790,2026-07-12T23:12:18.458,gateway,OK,pacs.008,CARDS,368.88,INR,**************6985,SG,34
cf6d4733-970e-60c4-f6e2-7589bb537790,2026-07-12T23:12:18.504,auth,OK,pacs.008,CARDS,368.88,INR,**************6985,SG,62
cf6d4733-970e-60c4-f6e2-7589bb537790,2026-07-12T23:12:48.543,validation,OK,pacs.008,CARDS,368.88,INR,**************6985,SG,81
cf6d4733-970e-60c4-f6e2-7589bb537790,2026-07-12T23:12:48.671,aml,OK,pacs.008,CARDS,368.88,INR,**************6985,SG,259
cf6d4733-970e-60c4-f6e2-7589bb537790,2026-07-12T23:12:48.730,payment-hub,OK,pacs.008,CARDS,368.88,INR,**************6985,SG,98
cf6d4733-970e-60c4-f6e2-7589bb537790,2026-07-12T23:12:48.957,core-banking,OK,pacs.008,CARDS,368.88,INR,**************6985,SG,115
cf6d4733-970e-60c4-f6e2-7589bb537790,2026-07-12T23:12:49.043,settlement,SETTLED,pacs.008,CARDS,368.88,INR,**************6985,SG,177
ec8ae4b4-56a1-f827-f975-2eb6264532e1,2026-07-10T12:57:40.931,gateway,OK,0200,FAST,194.29,GBP,**************8585,US,22
ec8ae4b4-56a1-f827-f975-2eb6264532e1,2026-07-10T12:57:41.047,auth,OK,0200,FAST,194.29,GBP,**************8585,US,83
ec8ae4b4-56a1-f827-f975-2eb6264532e1,2026-07-10T12:57:41.114,validation,OK,0200,FAST,194.29,GBP,**************8585,US,28
ec8ae4b4-56a1-f827-f975-2eb6264532e1,2026-07-10T12:57:41.235,aml,OK,0200,FAST,194.29,GBP,**************8585,US,63
ec8ae4b4-56a1-f827-f975-2eb6264532e1,2026-07-10T12:57:41.325,payment-hub,OK,0200,FAST,194.29,GBP,**************8585,US,125
ec8ae4b4-56a1-f827-f975-2eb6264532e1,2026-07-10T12:57:41.364,core-banking,OK,0200,FAST,194.29,GBP,**************8585,US,225
ec8ae4b4-56a1-f827-f975-2eb6264532e1,2026-07-10T12:57:41.444,settlement,SETTLED,0200,FAST,194.29,GBP,**************8585,US,66
9720ab27-e6b8-fb61-0c92-ff67858b42c6,2026-07-14T20:41:01.962,gateway,OK,pacs.008,FAST,526.65,MYR,**************7208,SG,29
9720ab27-e6b8-fb61-0c92-ff67858b42c6,2026-07-14T20:41:02.094,auth,OK,pacs.008,FAST,526.65,MYR,**************7208,SG,88
9720ab27-e6b8-fb61-0c92-ff67858b42c6,2026-07-14T20:41:02.228,validation,OK,pacs.008,FAST,526.65,MYR,**************7208,SG,53
9720ab27-e6b8-fb61-0c92-ff67858b42c6,2026-07-14T20:41:02.334,aml,OK,pacs.008,FAST,526.65,MYR,**************7208,SG,119
9720ab27-e6b8-fb61-0c92-ff67858b42c6,2026-07-14T20:41:02.434,payment-hub,OK,pacs.008,FAST,526.65,MYR,**************7208,SG,32
9720ab27-e6b8-fb61-0c92-ff67858b42c6,2026-07-14T20:41:02.533,core-banking,OK,pacs.008,FAST,526.65,MYR,**************7208,SG,212
9720ab27-e6b8-fb61-0c92-ff67858b42c6,2026-07-14T20:41:02.586,settlement,SETTLED,pacs.008,FAST,526.65,MYR,**************7208,SG,202
b79ebeb8-5e77-c7a6-9108-591b7fa2dd6e,2026-07-12T01:35:44.396,gateway,OK,pacs.008,FAST,271.44,GBP,**************2239,MY,20
b79ebeb8-5e77-c7a6-9108-591b7fa2dd6e,2026-07-12T01:35:44.570,auth,OK,pacs.008,FAST,271.44,GBP,**************2239,MY,44
b79ebeb8-5e77-c7a6-9108-591b7fa2dd6e,2026-07-12T01:35:44.618,validation,OK,pacs.008,FAST,271.44,GBP,**************2239,MY,71
b79ebeb8-5e77-c7a6-9108-591b7fa2dd6e,2026-07-12T01:35:44.737,aml,TIMEOUT,pacs.008,FAST,271.44,GBP,**************2239,MY,30000
b79ebeb8-5e77-c7a6-9108-591b7fa2dd6e,2026-07-12T01:35:44.910,payment-hub,FAILED,pacs.008,FAST,271.44,GBP,**************2239,MY,140
47c1c37e-4b33-9550-f949-70d5e3914e22,2026-07-06T20:22:44.457,gateway,OK,MT103,FAST,231.98,SGD,**************4326,US,60
47c1c37e-4b33-9550-f949-70d5e3914e22,2026-07-06T20:22:44.528,auth,OK,MT103,FAST,231.98,SGD,**************4326,US,76
47c1c37e-4b33-9550-f949-70d5e3914e22,2026-07-06T20:22:44.624,validation,OK,MT103,FAST,231.98,SGD,**************4326,US,42
47c1c37e-4b33-9550-f949-70d5e3914e22,2026-07-06T20:22:44.703,aml,OK,MT103,FAST,231.98,SGD,**************4326,US,281
47c1c37e-4b33-9550-f949-70d5e3914e22,2026-07-06T20:22:44.783,payment-hub,OK,MT103,FAST,231.98,SGD,**************4326,US,144
47c1c37e-4b33-9550-f949-70d5e3914e22,2026-07-06T20:22:44.906,core-banking,OK,MT103,FAST,231.98,SGD,**************4326,US,237
47c1c37e-4b33-9550-f949-70d5e3914e22,2026-07-06T20:22:45.207,settlement,SETTLED,MT103,FAST,231.98,SGD,**************4326,US,224
a0471856-99f7-6773-4751-cd84ee503c0f,2026-07-15T00:45:30.556,gateway,OK,MT103,SWIFT,24740.55,SGD,**************6049,GB,29
a0471856-99f7-6773-4751-cd84ee503c0f,2026-07-15T00:45:30.588,auth,OK,MT103,SWIFT,24740.55,SGD,**************6049,GB,83
a0471856-99f7-6773-4751-cd84ee503c0f,2026-07-15T00:45:30.669,validation,OK,MT103,SWIFT,24740.55,SGD,**************6049,GB,91
a0471856-99f7-6773-4751-cd84ee503c0f,2026-07-15T00:45:30.798,aml,OK,MT103,SWIFT,24740.55,SGD,**************6049,GB,77
a0471856-99f7-6773-4751-cd84ee503c0f,2026-07-15T00:45:31.044,payment-hub,OK,MT103,SWIFT,24740.55,SGD,**************6049,GB,141
a0471856-99f7-6773-4751-cd84ee503c0f,2026-07-15T00:45:31.138,core-banking,OK,MT103,SWIFT,24740.55,SGD,**************6049,GB,209
a0471856-99f7-6773-4751-cd84ee503c0f,2026-07-15T00:45:31.241,settlement,SETTLED,MT103,SWIFT,24740.55,SGD,**************6049,GB,295
bb881824-55c6-e576-0b60-d42151d47397,2026-07-03T11:50:10.692,gateway,OK,pacs.008,FAST,1176.93,EUR,**************1447,SG,24
bb881824-55c6-e576-0b60-d42151d47397,2026-07-03T11:50:10.741,auth,OK,pacs.008,FAST,1176.93,EUR,**************1447,SG,52
bb881824-55c6-e576-0b60-d42151d47397,2026-07-03T11:50:10.804,validation,OK,pacs.008,FAST,1176.93,EUR,**************1447,SG,88
bb881824-55c6-e576-0b60-d42151d47397,2026-07-03T11:50:10.868,aml,OK,pacs.008,FAST,1176.93,EUR,**************1447,SG,225
bb881824-55c6-e576-0b60-d42151d47397,2026-07-03T11:50:11.008,payment-hub,OK,pacs.008,FAST,1176.93,EUR,**************1447,SG,120
bb881824-55c6-e576-0b60-d42151d47397,2026-07-03T11:50:11.079,core-banking,OK,pacs.008,FAST,1176.93,EUR,**************1447,SG,217
bb881824-55c6-e576-0b60-d42151d47397,2026-07-03T11:50:11.158,settlement,SETTLED,pacs.008,FAST,1176.93,EUR,**************1447,SG,174
e627a471-d9f8-624e-9d54-2e4c43e288d7,2026-07-10T08:25:45.042,gateway,OK,pacs.008,CARDS,706.72,EUR,**************4927,MY,57
e627a471-d9f8-624e-9d54-2e4c43e288d7,2026-07-10T08:25:45.142,auth,OK,pacs.008,CARDS,706.72,EUR,**************4927,MY,33
e627a471-d9f8-624e-9d54-2e4c43e288d7,2026-07-10T08:25:45.250,validation,OK,pacs.008,CARDS,706.72,EUR,**************4927,MY,27
e627a471-d9f8-624e-9d54-2e4c43e288d7,2026-07-10T08:25:45.498,aml,OK,pacs.008,CARDS,706.72,EUR,**************4927,MY,273
e627a471-d9f8-624e-9d54-2e4c43e288d7,2026-07-10T08:25:45.592,payment-hub,OK,pacs.008,CARDS,706.72,EUR,**************4927,MY,103
e627a471-d9f8-624e-9d54-2e4c43e288d7,2026-07-10T08:25:45.653,core-banking,OK,pacs.008,CARDS,706.72,EUR,**************4927,MY,94
e627a471-d9f8-624e-9d54-2e4c43e288d7,2026-07-10T08:25:45.717,settlement,SETTLED,pacs.008,CARDS,706.72,EUR,**************4927,MY,352
a1418ae1-8975-64af-485b-bbe4c3384470,2026-07-04T16:57:17.213,gateway,OK,MT103,SWIFT,20858.54,MYR,**************7243,SG,33
a1418ae1-8975-64af-485b-bbe4c3384470,2026-07-04T16:57:17.285,auth,OK,MT103,SWIFT,20858.54,MYR,**************7243,SG,84
a1418ae1-8975-64af-485b-bbe4c3384470,2026-07-04T16:57:17.422,validation,OK,MT103,SWIFT,20858.54,MYR,**************7243,SG,98
a1418ae1-8975-64af-485b-bbe4c3384470,2026-07-04T16:57:17.638,aml,OK,MT103,SWIFT,20858.54,MYR,**************7243,SG,43
a1418ae1-8975-64af-485b-bbe4c3384470,2026-07-04T16:57:17.811,payment-hub,OK,MT103,SWIFT,20858.54,MYR,**************7243,SG,92
a1418ae1-8975-64af-485b-bbe4c3384470,2026-07-04T16:57:18.065,core-banking,OK,MT103,SWIFT,20858.54,MYR,**************7243,SG,144
a1418ae1-8975-64af-485b-bbe4c3384470,2026-07-04T16:57:18.200,settlement,SETTLED,MT103,SWIFT,20858.54,MYR,**************7243,SG,127
a05293e8-c77c-9c8d-3738-790c30c07194,2026-07-05T03:02:45.617,gateway,OK,MT103,FAST,1652.68,SGD,**************2344,GB,33
a05293e8-c77c-9c8d-3738-790c30c07194,2026-07-05T03:02:45.769,auth,OK,MT103,FAST,1652.68,SGD,**************2344,GB,39
a05293e8-c77c-9c8d-3738-790c30c07194,2026-07-05T03:02:46.045,validation,OK,MT103,FAST,1652.68,SGD,**************2344,GB,28
a05293e8-c77c-9c8d-3738-790c30c07194,2026-07-05T03:02:46.208,aml,OK,MT103,FAST,1652.68,SGD,**************2344,GB,215
a05293e8-c77c-9c8d-3738-790c30c07194,2026-07-05T03:02:46.280,payment-hub,OK,MT103,FAST,1652.68,SGD,**************2344,GB,32
a05293e8-c77c-9c8d-3738-790c30c07194,2026-07-05T03:02:46.348,core-banking,OK,MT103,FAST,1652.68,SGD,**************2344,GB,101
a05293e8-c77c-9c8d-3738-790c30c07194,2026-07-05T03:02:46.419,settlement,SETTLED,MT103,FAST,1652.68,SGD,**************2344,GB,400
79d28f98-c48b-3ec4-5d7a-91f9eb2f3eab,2026-07-15T03:23:03.953,gateway,OK,pacs.008,FAST,881.04,SGD,**************8812,SG,30
79d28f98-c48b-3ec4-5d7a-91f9eb2f3eab,2026-07-15T03:23:04.043,auth,OK,pacs.008,FAST,881.04,SGD,**************8812,SG,77
79d28f98-c48b-3ec4-5d7a-91f9eb2f3eab,2026-07-15T03:23:04.117,validation,OK,pacs.008,FAST,881.04,SGD,**************8812,SG,89
79d28f98-c48b-3ec4-5d7a-91f9eb2f3eab,2026-07-15T03:23:04.264,aml,OK,pacs.008,FAST,881.04,SGD,**************8812,SG,261
79d28f98-c48b-3ec4-5d7a-91f9eb2f3eab,2026-07-15T03:23:04.504,payment-hub,OK,pacs.008,FAST,881.04,SGD,**************8812,SG,119
79d28f98-c48b-3ec4-5d7a-91f9eb2f3eab,2026-07-15T03:23:04.749,core-banking,OK,pacs.008,FAST,881.04,SGD,**************8812,SG,73
79d28f98-c48b-3ec4-5d7a-91f9eb2f3eab,2026-07-15T03:23:04.880,settlement,SETTLED,pacs.008,FAST,881.04,SGD,**************8812,SG,398
b74b41bc-295c-8852-f033-2e3a39188561,2026-07-10T01:06:19.333,gateway,OK,pacs.008,CARDS,1639.46,SGD,**************9013,SG,40
b74b41bc-295c-8852-f033-2e3a39188561,2026-07-10T01:06:19.392,auth,OK,pacs.008,CARDS,1639.46,SGD,**************9013,SG,31
b74b41bc-295c-8852-f033-2e3a39188561,2026-07-10T01:06:19.436,validation,OK,pacs.008,CARDS,1639.46,SGD,**************9013,SG,75
b74b41bc-295c-8852-f033-2e3a39188561,2026-07-10T01:06:19.539,aml,OK,pacs.008,CARDS,1639.46,SGD,**************9013,SG,209
b74b41bc-295c-8852-f033-2e3a39188561,2026-07-10T01:06:19.704,payment-hub,OK,pacs.008,CARDS,1639.46,SGD,**************9013,SG,62
b74b41bc-295c-8852-f033-2e3a39188561,2026-07-10T01:06:19.932,core-banking,OK,pacs.008,CARDS,1639.46,SGD,**************9013,SG,184
b74b41bc-295c-8852-f033-2e3a39188561,2026-07-10T01:06:20.109,settlement,SETTLED,pacs.008,CARDS,1639.46,SGD,**************9013,SG,363
a390a2a2-c82b-8aff-37e5-9ba62547b581,2026-07-04T19:50:59.495,gateway,OK,pacs.008,CARDS,244.48,EUR,**************6838,IN,60
a390a2a2-c82b-8aff-37e5-9ba62547b581,2026-07-04T19:50:59.574,auth,OK,pacs.008,CARDS,244.48,EUR,**************6838,IN,53
a390a2a2-c82b-8aff-37e5-9ba62547b581,2026-07-04T19:50:59.663,validation,OK,pacs.008,CARDS,244.48,EUR,**************6838,IN,98
a390a2a2-c82b-8aff-37e5-9ba62547b581,2026-07-04T19:50:59.712,aml,OK,pacs.008,CARDS,244.48,EUR,**************6838,IN,75
a390a2a2-c82b-8aff-37e5-9ba62547b581,2026-07-04T19:50:59.761,payment-hub,OK,pacs.008,CARDS,244.48,EUR,**************6838,IN,112
a390a2a2-c82b-8aff-37e5-9ba62547b581,2026-07-04T19:50:59.938,core-banking,OK,pacs.008,CARDS,244.48,EUR,**************6838,IN,124
a390a2a2-c82b-8aff-37e5-9ba62547b581,2026-07-04T19:51:00.014,settlement,SETTLED,pacs.008,CARDS,244.48,EUR,**************6838,IN,167
7bba57f2-cbef-cc18-d1cf-41f6b84733ac,2026-07-12T13:14:46.484,gateway,OK,pacs.008,SWIFT,436.5,MYR,**************3089,SG,29
7bba57f2-cbef-cc18-d1cf-41f6b84733ac,2026-07-12T13:14:46.544,auth,OK,pacs.008,SWIFT,436.5,MYR,**************3089,SG,71
7bba57f2-cbef-cc18-d1cf-41f6b84733ac,2026-07-12T13:14:46.667,validation,OK,pacs.008,SWIFT,436.5,MYR,**************3089,SG,87
7bba57f2-cbef-cc18-d1cf-41f6b84733ac,2026-07-12T13:14:46.797,aml,OK,pacs.008,SWIFT,436.5,MYR,**************3089,SG,137
7bba57f2-cbef-cc18-d1cf-41f6b84733ac,2026-07-12T13:14:46.862,payment-hub,OK,pacs.008,SWIFT,436.5,MYR,**************3089,SG,47
7bba57f2-cbef-cc18-d1cf-41f6b84733ac,2026-07-12T13:14:46.956,core-banking,OK,pacs.008,SWIFT,436.5,MYR,**************3089,SG,57
7bba57f2-cbef-cc18-d1cf-41f6b84733ac,2026-07-12T13:14:47.135,settlement,SETTLED,pacs.008,SWIFT,436.5,MYR,**************3089,SG,85
4e6d070f-909d-7380-a312-09b0e1abe0d2,2026-07-11T03:46:24.950,gateway,OK,pacs.008,SWIFT,208.59,SGD,**************7212,SG,44
4e6d070f-909d-7380-a312-09b0e1abe0d2,2026-07-11T03:46:25.117,auth,OK,pacs.008,SWIFT,208.59,SGD,**************7212,SG,31
4e6d070f-909d-7380-a312-09b0e1abe0d2,2026-07-11T03:46:25.163,validation,OK,pacs.008,SWIFT,208.59,SGD,**************7212,SG,51
4e6d070f-909d-7380-a312-09b0e1abe0d2,2026-07-11T03:46:25.238,aml,TIMEOUT,pacs.008,SWIFT,208.59,SGD,**************7212,SG,30000
4e6d070f-909d-7380-a312-09b0e1abe0d2,2026-07-11T03:46:25.356,payment-hub,FAILED,pacs.008,SWIFT,208.59,SGD,**************7212,SG,125
9e48ad64-b517-6a64-52f2-f5cbb166e5b1,2026-07-14T17:11:23.962,gateway,OK,MT103,FAST,2125.88,USD,**************4764,MY,31
9e48ad64-b517-6a64-52f2-f5cbb166e5b1,2026-07-14T17:11:24.003,auth,OK,MT103,FAST,2125.88,USD,**************4764,MY,24
9e48ad64-b517-6a64-52f2-f5cbb166e5b1,2026-07-14T17:11:24.078,validation,OK,MT103,FAST,2125.88,USD,**************4764,MY,66
9e48ad64-b517-6a64-52f2-f5cbb166e5b1,2026-07-14T17:11:24.183,aml,TIMEOUT,MT103,FAST,2125.88,USD,**************4764,MY,30000
9e48ad64-b517-6a64-52f2-f5cbb166e5b1,2026-07-14T17:11:24.426,payment-hub,FAILED,MT103,FAST,2125.88,USD,**************4764,MY,84
f2fa17fb-d52e-8161-447f-79489ec70ede,2026-07-13T23:57:27.444,gateway,OK,MT103,FAST,1257.01,SGD,**************7563,MY,53
f2fa17fb-d52e-8161-447f-79489ec70ede,2026-07-13T23:57:27.716,auth,OK,MT103,FAST,1257.01,SGD,**************7563,MY,72
f2fa17fb-d52e-8161-447f-79489ec70ede,2026-07-13T23:57:27.842,validation,OK,MT103,FAST,1257.01,SGD,**************7563,MY,85
f2fa17fb-d52e-8161-447f-79489ec70ede,2026-07-13T23:57:27.969,aml,OK,MT103,FAST,1257.01,SGD,**************7563,MY,285
f2fa17fb-d52e-8161-447f-79489ec70ede,2026-07-13T23:57:28.028,payment-hub,OK,MT103,FAST,1257.01,SGD,**************7563,MY,72
f2fa17fb-d52e-8161-447f-79489ec70ede,2026-07-13T23:57:28.221,core-banking,OK,MT103,FAST,1257.01,SGD,**************7563,MY,190
f2fa17fb-d52e-8161-447f-79489ec70ede,2026-07-13T23:57:28.340,settlement,SETTLED,MT103,FAST,1257.01,SGD,**************7563,MY,181
1c75b4ec-3a2e-cf68-25cb-b747355344e6,2026-07-05T11:12:11.134,gateway,OK,pacs.008,SWIFT,280.53,SGD,**************0171,SG,50
1c75b4ec-3a2e-cf68-25cb-b747355344e6,2026-07-05T11:12:11.235,auth,OK,pacs.008,SWIFT,280.53,SGD,**************0171,SG,85
1c75b4ec-3a2e-cf68-25cb-b747355344e6,2026-07-05T11:12:11.562,validation,OK,pacs.008,SWIFT,280.53,SGD,**************0171,SG,98
1c75b4ec-3a2e-cf68-25cb-b747355344e6,2026-07-05T11:12:11.607,aml,OK,pacs.008,SWIFT,280.53,SGD,**************0171,SG,87
1c75b4ec-3a2e-cf68-25cb-b747355344e6,2026-07-05T11:12:11.840,payment-hub,OK,pacs.008,SWIFT,280.53,SGD,**************0171,SG,85
1c75b4ec-3a2e-cf68-25cb-b747355344e6,2026-07-05T11:12:12.093,core-banking,OK,pacs.008,SWIFT,280.53,SGD,**************0171,SG,233
1c75b4ec-3a2e-cf68-25cb-b747355344e6,2026-07-05T11:12:12.201,settlement,SETTLED,pacs.008,SWIFT,280.53,SGD,**************0171,SG,352
2011eaed-d44f-0001-3403-aa7d64dbe568,2026-07-03T06:08:31.335,gateway,OK,pacs.008,FAST,486.81,SGD,**************1333,SG,23
2011eaed-d44f-0001-3403-aa7d64dbe568,2026-07-03T06:08:31.447,auth,OK,pacs.008,FAST,486.81,SGD,**************1333,SG,54
2011eaed-d44f-0001-3403-aa7d64dbe568,2026-07-03T06:08:31.545,validation,OK,pacs.008,FAST,486.81,SGD,**************1333,SG,85
2011eaed-d44f-0001-3403-aa7d64dbe568,2026-07-03T06:08:31.653,aml,OK,pacs.008,FAST,486.81,SGD,**************1333,SG,178
2011eaed-d44f-0001-3403-aa7d64dbe568,2026-07-03T06:08:31.729,payment-hub,OK,pacs.008,FAST,486.81,SGD,**************1333,SG,135
2011eaed-d44f-0001-3403-aa7d64dbe568,2026-07-03T06:08:31.784,core-banking,OK,pacs.008,FAST,486.81,SGD,**************1333,SG,211
2011eaed-d44f-0001-3403-aa7d64dbe568,2026-07-03T06:08:31.926,settlement,SETTLED,pacs.008,FAST,486.81,SGD,**************1333,SG,396
8187b864-b4c6-97a4-bea3-8f025e1a744c,2026-07-10T01:54:36.095,gateway,OK,MT103,FAST,297.95,USD,**************8991,IN,24
8187b864-b4c6-97a4-bea3-8f025e1a744c,2026-07-10T01:54:36.146,auth,OK,MT103,FAST,297.95,USD,**************8991,IN,61
8187b864-b4c6-97a4-bea3-8f025e1a744c,2026-07-10T01:54:36.240,validation,OK,MT103,FAST,297.95,USD,**************8991,IN,38
8187b864-b4c6-97a4-bea3-8f025e1a744c,2026-07-10T01:54:36.285,aml,OK,MT103,FAST,297.95,USD,**************8991,IN,74
8187b864-b4c6-97a4-bea3-8f025e1a744c,2026-07-10T01:54:36.556,payment-hub,OK,MT103,FAST,297.95,USD,**************8991,IN,46
8187b864-b4c6-97a4-bea3-8f025e1a744c,2026-07-10T01:54:36.755,core-banking,OK,MT103,FAST,297.95,USD,**************8991,IN,173
8187b864-b4c6-97a4-bea3-8f025e1a744c,2026-07-10T01:54:36.851,settlement,SETTLED,MT103,FAST,297.95,USD,**************8991,IN,295
f3de7649-670c-c64e-44c6-ebcff1798e7b,2026-07-07T12:48:59.676,gateway,OK,MT103,SWIFT,1154.18,USD,**************2910,IN,30
f3de7649-670c-c64e-44c6-ebcff1798e7b,2026-07-07T12:48:59.843,auth,OK,MT103,SWIFT,1154.18,USD,**************2910,IN,29
f3de7649-670c-c64e-44c6-ebcff1798e7b,2026-07-07T12:48:59.929,validation,OK,MT103,SWIFT,1154.18,USD,**************2910,IN,90
f3de7649-670c-c64e-44c6-ebcff1798e7b,2026-07-07T12:49:00.029,aml,OK,MT103,SWIFT,1154.18,USD,**************2910,IN,271
f3de7649-670c-c64e-44c6-ebcff1798e7b,2026-07-07T12:49:00.088,payment-hub,OK,MT103,SWIFT,1154.18,USD,**************2910,IN,35
f3de7649-670c-c64e-44c6-ebcff1798e7b,2026-07-07T12:49:00.252,core-banking,OK,MT103,SWIFT,1154.18,USD,**************2910,IN,67
f3de7649-670c-c64e-44c6-ebcff1798e7b,2026-07-07T12:49:00.320,settlement,SETTLED,MT103,SWIFT,1154.18,USD,**************2910,IN,310
572a4ffc-fbf8-1155-c78c-1aa94d457a4e,2026-07-13T20:28:29.198,gateway,OK,pacs.008,SWIFT,167.01,USD,**************1235,US,55
572a4ffc-fbf8-1155-c78c-1aa94d457a4e,2026-07-13T20:28:29.255,auth,OK,pacs.008,SWIFT,167.01,USD,**************1235,US,86
572a4ffc-fbf8-1155-c78c-1aa94d457a4e,2026-07-13T20:28:29.473,validation,OK,pacs.008,SWIFT,167.01,USD,**************1235,US,46
572a4ffc-fbf8-1155-c78c-1aa94d457a4e,2026-07-13T20:28:29.558,aml,OK,pacs.008,SWIFT,167.01,USD,**************1235,US,289
572a4ffc-fbf8-1155-c78c-1aa94d457a4e,2026-07-13T20:28:29.686,payment-hub,OK,pacs.008,SWIFT,167.01,USD,**************1235,US,40
572a4ffc-fbf8-1155-c78c-1aa94d457a4e,2026-07-13T20:28:29.735,core-banking,OK,pacs.008,SWIFT,167.01,USD,**************1235,US,56
572a4ffc-fbf8-1155-c78c-1aa94d457a4e,2026-07-13T20:28:29.870,settlement,SETTLED,pacs.008,SWIFT,167.01,USD,**************1235,US,117
6b8ba07f-4687-0683-a0ab-434e44ac775f,2026-07-05T07:34:07.903,gateway,OK,pacs.008,SWIFT,735.64,INR,**************5591,US,57
6b8ba07f-4687-0683-a0ab-434e44ac775f,2026-07-05T07:34:07.992,auth,OK,pacs.008,SWIFT,735.64,INR,**************5591,US,42
6b8ba07f-4687-0683-a0ab-434e44ac775f,2026-07-05T07:34:08.016,validation,OK,pacs.008,SWIFT,735.64,INR,**************5591,US,87
6b8ba07f-4687-0683-a0ab-434e44ac775f,2026-07-05T07:34:08.150,aml,OK,pacs.008,SWIFT,735.64,INR,**************5591,US,130
6b8ba07f-4687-0683-a0ab-434e44ac775f,2026-07-05T07:34:08.207,payment-hub,OK,pacs.008,SWIFT,735.64,INR,**************5591,US,118
6b8ba07f-4687-0683-a0ab-434e44ac775f,2026-07-05T07:34:08.289,core-banking,OK,pacs.008,SWIFT,735.64,INR,**************5591,US,70
6b8ba07f-4687-0683-a0ab-434e44ac775f,2026-07-05T07:34:08.341,settlement,SETTLED,pacs.008,SWIFT,735.64,INR,**************5591,US,262
28b4e49d-d1dc-8c3a-bfa9-d410bc518987,2026-07-12T00:29:21.125,gateway,OK,0200,SWIFT,1872.26,SGD,**************2568,SG,52
28b4e49d-d1dc-8c3a-bfa9-d410bc518987,2026-07-12T00:29:21.258,auth,OK,0200,SWIFT,1872.26,SGD,**************2568,SG,50
28b4e49d-d1dc-8c3a-bfa9-d410bc518987,2026-07-12T00:29:21.325,validation,OK,0200,SWIFT,1872.26,SGD,**************2568,SG,77
28b4e49d-d1dc-8c3a-bfa9-d410bc518987,2026-07-12T00:29:21.385,aml,TIMEOUT,0200,SWIFT,1872.26,SGD,**************2568,SG,30000
28b4e49d-d1dc-8c3a-bfa9-d410bc518987,2026-07-12T00:29:21.441,payment-hub,FAILED,0200,SWIFT,1872.26,SGD,**************2568,SG,123
69955fec-5939-160b-5a64-84ddcf685743,2026-07-01T15:57:41.625,gateway,OK,MT103,FAST,30.59,SGD,**************2190,SG,56
69955fec-5939-160b-5a64-84ddcf685743,2026-07-01T15:57:41.867,auth,OK,MT103,FAST,30.59,SGD,**************2190,SG,89
69955fec-5939-160b-5a64-84ddcf685743,2026-07-01T15:57:42.002,validation,OK,MT103,FAST,30.59,SGD,**************2190,SG,48
69955fec-5939-160b-5a64-84ddcf685743,2026-07-01T15:57:42.071,aml,OK,MT103,FAST,30.59,SGD,**************2190,SG,64
69955fec-5939-160b-5a64-84ddcf685743,2026-07-01T15:57:42.119,payment-hub,OK,MT103,FAST,30.59,SGD,**************2190,SG,39
69955fec-5939-160b-5a64-84ddcf685743,2026-07-01T15:57:42.197,core-banking,OK,MT103,FAST,30.59,SGD,**************2190,SG,173
69955fec-5939-160b-5a64-84ddcf685743,2026-07-01T15:57:42.335,settlement,SETTLED,MT103,FAST,30.59,SGD,**************2190,SG,90
26e117c8-0e9b-f757-b11c-d069907e3587,2026-07-06T07:39:41.533,gateway,OK,0200,CARDS,835.22,USD,**************7091,IN,20
26e117c8-0e9b-f757-b11c-d069907e3587,2026-07-06T07:39:41.696,auth,OK,0200,CARDS,835.22,USD,**************7091,IN,25
26e117c8-0e9b-f757-b11c-d069907e3587,2026-07-06T07:39:41.780,validation,REJECTED,0200,CARDS,835.22,USD,**************7091,IN,54
6b5cc0b8-4bab-4f35-b4fb-ed399e315fa2,2026-07-05T04:34:01.862,gateway,OK,pacs.008,FAST,1644.9,SGD,**************6118,SG,22
6b5cc0b8-4bab-4f35-b4fb-ed399e315fa2,2026-07-05T04:34:01.990,auth,OK,pacs.008,FAST,1644.9,SGD,**************6118,SG,82
6b5cc0b8-4bab-4f35-b4fb-ed399e315fa2,2026-07-05T04:34:02.062,validation,OK,pacs.008,FAST,1644.9,SGD,**************6118,SG,87
6b5cc0b8-4bab-4f35-b4fb-ed399e315fa2,2026-07-05T04:34:02.193,aml,OK,pacs.008,FAST,1644.9,SGD,**************6118,SG,143
6b5cc0b8-4bab-4f35-b4fb-ed399e315fa2,2026-07-05T04:34:02.434,payment-hub,OK,pacs.008,FAST,1644.9,SGD,**************6118,SG,57
6b5cc0b8-4bab-4f35-b4fb-ed399e315fa2,2026-07-05T04:34:02.496,core-banking,OK,pacs.008,FAST,1644.9,SGD,**************6118,SG,106
6b5cc0b8-4bab-4f35-b4fb-ed399e315fa2,2026-07-05T04:34:02.566,settlement,SETTLED,pacs.008,FAST,1644.9,SGD,**************6118,SG,206
9005e5f8-5097-5498-ad29-dcceb89e86e5,2026-07-13T22:39:34.360,gateway,OK,pacs.008,SWIFT,324.65,SGD,**************4209,MY,15
9005e5f8-5097-5498-ad29-dcceb89e86e5,2026-07-13T22:39:34.495,auth,OK,pacs.008,SWIFT,324.65,SGD,**************4209,MY,51
9005e5f8-5097-5498-ad29-dcceb89e86e5,2026-07-13T22:39:34.799,validation,OK,pacs.008,SWIFT,324.65,SGD,**************4209,MY,32
9005e5f8-5097-5498-ad29-dcceb89e86e5,2026-07-13T22:39:34.897,aml,OK,pacs.008,SWIFT,324.65,SGD,**************4209,MY,235
9005e5f8-5097-5498-ad29-dcceb89e86e5,2026-07-13T22:39:35.141,payment-hub,OK,pacs.008,SWIFT,324.65,SGD,**************4209,MY,86
9005e5f8-5097-5498-ad29-dcceb89e86e5,2026-07-13T22:39:35.179,core-banking,OK,pacs.008,SWIFT,324.65,SGD,**************4209,MY,101
9005e5f8-5097-5498-ad29-dcceb89e86e5,2026-07-13T22:39:35.286,settlement,SETTLED,pacs.008,SWIFT,324.65,SGD,**************4209,MY,61
2ee55b24-bbc4-f257-2f4a-ffd8369d6064,2026-07-05T08:52:39.470,gateway,OK,pacs.008,FAST,389.26,USD,**************7320,SG,17
2ee55b24-bbc4-f257-2f4a-ffd8369d6064,2026-07-05T08:52:39.585,auth,OK,pacs.008,FAST,389.26,USD,**************7320,SG,57
2ee55b24-bbc4-f257-2f4a-ffd8369d6064,2026-07-05T08:52:39.825,validation,REJECTED,pacs.008,FAST,389.26,USD,**************7320,SG,73
22732177-d2fb-ea22-40b7-fa573cd90b07,2026-07-12T07:23:02.293,gateway,OK,pacs.008,FAST,726.12,INR,**************1345,SG,50
22732177-d2fb-ea22-40b7-fa573cd90b07,2026-07-12T07:23:02.514,auth,OK,pacs.008,FAST,726.12,INR,**************1345,SG,63
22732177-d2fb-ea22-40b7-fa573cd90b07,2026-07-12T07:23:02.603,validation,OK,pacs.008,FAST,726.12,INR,**************1345,SG,25
22732177-d2fb-ea22-40b7-fa573cd90b07,2026-07-12T07:23:02.697,aml,OK,pacs.008,FAST,726.12,INR,**************1345,SG,126
22732177-d2fb-ea22-40b7-fa573cd90b07,2026-07-12T07:23:02.841,payment-hub,OK,pacs.008,FAST,726.12,INR,**************1345,SG,93
22732177-d2fb-ea22-40b7-fa573cd90b07,2026-07-12T07:23:02.933,core-banking,OK,pacs.008,FAST,726.12,INR,**************1345,SG,121
22732177-d2fb-ea22-40b7-fa573cd90b07,2026-07-12T07:23:03.061,settlement,SETTLED,pacs.008,FAST,726.12,INR,**************1345,SG,274
6af78ff4-faf5-e457-f043-d41ff42e5462,2026-07-08T11:52:40.424,gateway,OK,pacs.008,FAST,343.34,EUR,**************2983,SG,38
6af78ff4-faf5-e457-f043-d41ff42e5462,2026-07-08T11:52:40.476,auth,OK,pacs.008,FAST,343.34,EUR,**************2983,SG,32
6af78ff4-faf5-e457-f043-d41ff42e5462,2026-07-08T11:52:40.524,validation,OK,pacs.008,FAST,343.34,EUR,**************2983,SG,120
6af78ff4-faf5-e457-f043-d41ff42e5462,2026-07-08T11:52:40.633,aml,OK,pacs.008,FAST,343.34,EUR,**************2983,SG,155
6af78ff4-faf5-e457-f043-d41ff42e5462,2026-07-08T11:52:40.676,payment-hub,OK,pacs.008,FAST,343.34,EUR,**************2983,SG,79
6af78ff4-faf5-e457-f043-d41ff42e5462,2026-07-08T11:52:40.871,core-banking,OK,pacs.008,FAST,343.34,EUR,**************2983,SG,210
6af78ff4-faf5-e457-f043-d41ff42e5462,2026-07-08T11:52:41.116,settlement,SETTLED,pacs.008,FAST,343.34,EUR,**************2983,SG,235
a5f16d49-001a-dcde-959d-e8c37607b702,2026-07-09T08:59:17.110,gateway,OK,pacs.008,FAST,5738.8,SGD,**************2009,HK,25
a5f16d49-001a-dcde-959d-e8c37607b702,2026-07-09T08:59:17.234,auth,OK,pacs.008,FAST,5738.8,SGD,**************2009,HK,55
a5f16d49-001a-dcde-959d-e8c37607b702,2026-07-09T08:59:17.471,validation,OK,pacs.008,FAST,5738.8,SGD,**************2009,HK,72
a5f16d49-001a-dcde-959d-e8c37607b702,2026-07-09T08:59:17.774,aml,TIMEOUT,pacs.008,FAST,5738.8,SGD,**************2009,HK,30000
a5f16d49-001a-dcde-959d-e8c37607b702,2026-07-09T08:59:17.883,payment-hub,FAILED,pacs.008,FAST,5738.8,SGD,**************2009,HK,36
6e379f55-d432-7aed-a0da-dcf3a5c50b21,2026-07-15T01:05:27.740,gateway,OK,MT103,SWIFT,2671.83,SGD,**************0513,US,60
6e379f55-d432-7aed-a0da-dcf3a5c50b21,2026-07-15T01:05:27.886,auth,OK,MT103,SWIFT,2671.83,SGD,**************0513,US,60
6e379f55-d432-7aed-a0da-dcf3a5c50b21,2026-07-15T01:05:28.011,validation,OK,MT103,SWIFT,2671.83,SGD,**************0513,US,64
6e379f55-d432-7aed-a0da-dcf3a5c50b21,2026-07-15T01:05:28.219,aml,TIMEOUT,MT103,SWIFT,2671.83,SGD,**************0513,US,30000
6e379f55-d432-7aed-a0da-dcf3a5c50b21,2026-07-15T01:05:28.473,payment-hub,FAILED,MT103,SWIFT,2671.83,SGD,**************0513,US,68
dcf027e9-c897-ab24-91c0-49bd5ffb953b,2026-07-15T05:07:24.025,gateway,OK,pacs.008,FAST,34.47,EUR,**************3392,MY,51
dcf027e9-c897-ab24-91c0-49bd5ffb953b,2026-07-15T05:07:24.316,auth,OK,pacs.008,FAST,34.47,EUR,**************3392,MY,84
dcf027e9-c897-ab24-91c0-49bd5ffb953b,2026-07-15T05:07:24.408,validation,OK,pacs.008,FAST,34.47,EUR,**************3392,MY,114
dcf027e9-c897-ab24-91c0-49bd5ffb953b,2026-07-15T05:07:24.665,aml,OK,pacs.008,FAST,34.47,EUR,**************3392,MY,99
dcf027e9-c897-ab24-91c0-49bd5ffb953b,2026-07-15T05:07:24.802,payment-hub,OK,pacs.008,FAST,34.47,EUR,**************3392,MY,61
dcf027e9-c897-ab24-91c0-49bd5ffb953b,2026-07-15T05:07:24.942,core-banking,OK,pacs.008,FAST,34.47,EUR,**************3392,MY,184
dcf027e9-c897-ab24-91c0-49bd5ffb953b,2026-07-15T05:07:25.110,settlement,SETTLED,pacs.008,FAST,34.47,EUR,**************3392,MY,299
ba6de355-685a-3bd8-01d0-c2062b8f22b7,2026-07-13T19:39:52.811,gateway,OK,MT103,FAST,683.55,MYR,**************7949,SG,16
ba6de355-685a-3bd8-01d0-c2062b8f22b7,2026-07-13T19:39:52.897,auth,OK,MT103,FAST,683.55,MYR,**************7949,SG,33
ba6de355-685a-3bd8-01d0-c2062b8f22b7,2026-07-13T19:39:53.131,validation,OK,MT103,FAST,683.55,MYR,**************7949,SG,98
ba6de355-685a-3bd8-01d0-c2062b8f22b7,2026-07-13T19:39:53.202,aml,OK,MT103,FAST,683.55,MYR,**************7949,SG,208
ba6de355-685a-3bd8-01d0-c2062b8f22b7,2026-07-13T19:39:53.279,payment-hub,OK,MT103,FAST,683.55,MYR,**************7949,SG,75
ba6de355-685a-3bd8-01d0-c2062b8f22b7,2026-07-13T19:39:53.498,core-banking,OK,MT103,FAST,683.55,MYR,**************7949,SG,86
ba6de355-685a-3bd8-01d0-c2062b8f22b7,2026-07-13T19:39:53.660,settlement,SETTLED,MT103,FAST,683.55,MYR,**************7949,SG,202
72db7126-c1ff-ac51-d4f3-ace9c54c5f09,2026-07-12T04:09:33.055,gateway,OK,pacs.008,SWIFT,3432.75,SGD,**************6381,GB,47
72db7126-c1ff-ac51-d4f3-ace9c54c5f09,2026-07-12T04:09:33.118,auth,OK,pacs.008,SWIFT,3432.75,SGD,**************6381,GB,26
72db7126-c1ff-ac51-d4f3-ace9c54c5f09,2026-07-12T04:09:33.167,validation,OK,pacs.008,SWIFT,3432.75,SGD,**************6381,GB,77
72db7126-c1ff-ac51-d4f3-ace9c54c5f09,2026-07-12T04:09:33.231,aml,OK,pacs.008,SWIFT,3432.75,SGD,**************6381,GB,60
72db7126-c1ff-ac51-d4f3-ace9c54c5f09,2026-07-12T04:09:33.301,payment-hub,OK,pacs.008,SWIFT,3432.75,SGD,**************6381,GB,66
72db7126-c1ff-ac51-d4f3-ace9c54c5f09,2026-07-12T04:09:33.379,core-banking,OK,pacs.008,SWIFT,3432.75,SGD,**************6381,GB,100
72db7126-c1ff-ac51-d4f3-ace9c54c5f09,2026-07-12T04:09:33.542,settlement,SETTLED,pacs.008,SWIFT,3432.75,SGD,**************6381,GB,359
9dc93c80-a9fa-78c9-03b9-adb50d2b5ea3,2026-07-09T11:09:23.166,gateway,OK,MT103,FAST,1385.08,INR,**************9000,IN,22
9dc93c80-a9fa-78c9-03b9-adb50d2b5ea3,2026-07-09T11:09:23.270,auth,OK,MT103,FAST,1385.08,INR,**************9000,IN,84
9dc93c80-a9fa-78c9-03b9-adb50d2b5ea3,2026-07-09T11:09:23.316,validation,OK,MT103,FAST,1385.08,INR,**************9000,IN,48
9dc93c80-a9fa-78c9-03b9-adb50d2b5ea3,2026-07-09T11:09:23.585,aml,OK,MT103,FAST,1385.08,INR,**************9000,IN,126
9dc93c80-a9fa-78c9-03b9-adb50d2b5ea3,2026-07-09T11:09:23.756,payment-hub,OK,MT103,FAST,1385.08,INR,**************9000,IN,97
9dc93c80-a9fa-78c9-03b9-adb50d2b5ea3,2026-07-09T11:09:23.805,core-banking,OK,MT103,FAST,1385.08,INR,**************9000,IN,75
9dc93c80-a9fa-78c9-03b9-adb50d2b5ea3,2026-07-09T11:09:23.937,settlement,SETTLED,MT103,FAST,1385.08,INR,**************9000,IN,355
3d247975-60eb-9acc-527d-18252e32c693,2026-07-06T15:27:02.257,gateway,OK,0200,FAST,484.07,USD,**************8514,SG,52
3d247975-60eb-9acc-527d-18252e32c693,2026-07-06T15:27:02.342,auth,OK,0200,FAST,484.07,USD,**************8514,SG,38
3d247975-60eb-9acc-527d-18252e32c693,2026-07-06T15:27:02.432,validation,OK,0200,FAST,484.07,USD,**************8514,SG,82
3d247975-60eb-9acc-527d-18252e32c693,2026-07-06T15:27:02.558,aml,OK,0200,FAST,484.07,USD,**************8514,SG,75
3d247975-60eb-9acc-527d-18252e32c693,2026-07-06T15:27:02.661,payment-hub,OK,0200,FAST,484.07,USD,**************8514,SG,65
3d247975-60eb-9acc-527d-18252e32c693,2026-07-06T15:27:02.725,core-banking,OK,0200,FAST,484.07,USD,**************8514,SG,130
3d247975-60eb-9acc-527d-18252e32c693,2026-07-06T15:27:02.909,settlement,SETTLED,0200,FAST,484.07,USD,**************8514,SG,377
0c574cdf-c760-70c1-782b-b6ce812595f6,2026-07-02T23:40:55.739,gateway,OK,0200,SWIFT,1049.6,SGD,**************8715,US,21
0c574cdf-c760-70c1-782b-b6ce812595f6,2026-07-02T23:40:55.838,auth,OK,0200,SWIFT,1049.6,SGD,**************8715,US,69
0c574cdf-c760-70c1-782b-b6ce812595f6,2026-07-02T23:40:55.926,validation,OK,0200,SWIFT,1049.6,SGD,**************8715,US,98
0c574cdf-c760-70c1-782b-b6ce812595f6,2026-07-02T23:40:55.961,aml,OK,0200,SWIFT,1049.6,SGD,**************8715,US,125
0c574cdf-c760-70c1-782b-b6ce812595f6,2026-07-02T23:40:56.139,payment-hub,OK,0200,SWIFT,1049.6,SGD,**************8715,US,30
0c574cdf-c760-70c1-782b-b6ce812595f6,2026-07-02T23:40:56.196,core-banking,OK,0200,SWIFT,1049.6,SGD,**************8715,US,153
0c574cdf-c760-70c1-782b-b6ce812595f6,2026-07-02T23:40:56.272,settlement,SETTLED,0200,SWIFT,1049.6,SGD,**************8715,US,343
8a4a79f5-243c-1056-1946-c92efbfd2ed7,2026-07-11T17:17:41.147,gateway,OK,MT103,FAST,852.94,SGD,**************0414,SG,36
8a4a79f5-243c-1056-1946-c92efbfd2ed7,2026-07-11T17:17:41.211,auth,OK,MT103,FAST,852.94,SGD,**************0414,SG,74
8a4a79f5-243c-1056-1946-c92efbfd2ed7,2026-07-11T17:17:41.449,validation,OK,MT103,FAST,852.94,SGD,**************0414,SG,120
8a4a79f5-243c-1056-1946-c92efbfd2ed7,2026-07-11T17:17:41.748,aml,OK,MT103,FAST,852.94,SGD,**************0414,SG,283
8a4a79f5-243c-1056-1946-c92efbfd2ed7,2026-07-11T17:17:41.798,payment-hub,OK,MT103,FAST,852.94,SGD,**************0414,SG,39
8a4a79f5-243c-1056-1946-c92efbfd2ed7,2026-07-11T17:17:41.911,core-banking,OK,MT103,FAST,852.94,SGD,**************0414,SG,205
8a4a79f5-243c-1056-1946-c92efbfd2ed7,2026-07-11T17:17:42.000,settlement,SETTLED,MT103,FAST,852.94,SGD,**************0414,SG,140
5d87966f-1c24-d1f3-8b98-019418642c8a,2026-07-08T12:45:27.780,gateway,OK,0200,FAST,968.16,SGD,**************1964,SG,17
5d87966f-1c24-d1f3-8b98-019418642c8a,2026-07-08T12:45:27.883,auth,OK,0200,FAST,968.16,SGD,**************1964,SG,73
5d87966f-1c24-d1f3-8b98-019418642c8a,2026-07-08T12:45:27.992,validation,OK,0200,FAST,968.16,SGD,**************1964,SG,68
5d87966f-1c24-d1f3-8b98-019418642c8a,2026-07-08T12:45:28.060,aml,OK,0200,FAST,968.16,SGD,**************1964,SG,106
5d87966f-1c24-d1f3-8b98-019418642c8a,2026-07-08T12:45:28.108,payment-hub,OK,0200,FAST,968.16,SGD,**************1964,SG,111
5d87966f-1c24-d1f3-8b98-019418642c8a,2026-07-08T12:45:28.191,core-banking,OK,0200,FAST,968.16,SGD,**************1964,SG,217
5d87966f-1c24-d1f3-8b98-019418642c8a,2026-07-08T12:45:28.256,settlement,SETTLED,0200,FAST,968.16,SGD,**************1964,SG,119
b2cf1dc0-6b4d-1d98-fc1d-7062a32389dd,2026-07-15T06:31:20.374,gateway,OK,MT103,SWIFT,2939.01,MYR,**************1706,SG,33
b2cf1dc0-6b4d-1d98-fc1d-7062a32389dd,2026-07-15T06:31:20.447,auth,OK,MT103,SWIFT,2939.01,MYR,**************1706,SG,28
b2cf1dc0-6b4d-1d98-fc1d-7062a32389dd,2026-07-15T06:31:20.514,validation,OK,MT103,SWIFT,2939.01,MYR,**************1706,SG,43
b2cf1dc0-6b4d-1d98-fc1d-7062a32389dd,2026-07-15T06:31:20.590,aml,OK,MT103,SWIFT,2939.01,MYR,**************1706,SG,44
b2cf1dc0-6b4d-1d98-fc1d-7062a32389dd,2026-07-15T06:31:20.733,payment-hub,OK,MT103,SWIFT,2939.01,MYR,**************1706,SG,144
b2cf1dc0-6b4d-1d98-fc1d-7062a32389dd,2026-07-15T06:31:20.806,core-banking,OK,MT103,SWIFT,2939.01,MYR,**************1706,SG,86
b2cf1dc0-6b4d-1d98-fc1d-7062a32389dd,2026-07-15T06:31:20.932,settlement,SETTLED,MT103,SWIFT,2939.01,MYR,**************1706,SG,236
c3f295c1-a1a7-59d9-e274-a0a816aaa4e4,2026-07-05T21:05:36.926,gateway,OK,MT103,FAST,1279.1,MYR,**************8887,SG,28
c3f295c1-a1a7-59d9-e274-a0a816aaa4e4,2026-07-05T21:05:37.091,auth,OK,MT103,FAST,1279.1,MYR,**************8887,SG,22
c3f295c1-a1a7-59d9-e274-a0a816aaa4e4,2026-07-05T21:05:37.398,validation,OK,MT103,FAST,1279.1,MYR,**************8887,SG,115
c3f295c1-a1a7-59d9-e274-a0a816aaa4e4,2026-07-05T21:05:37.466,aml,OK,MT103,FAST,1279.1,MYR,**************8887,SG,146
c3f295c1-a1a7-59d9-e274-a0a816aaa4e4,2026-07-05T21:05:37.514,payment-hub,OK,MT103,FAST,1279.1,MYR,**************8887,SG,57
c3f295c1-a1a7-59d9-e274-a0a816aaa4e4,2026-07-05T21:05:37.654,core-banking,OK,MT103,FAST,1279.1,MYR,**************8887,SG,143
c3f295c1-a1a7-59d9-e274-a0a816aaa4e4,2026-07-05T21:05:37.827,settlement,SETTLED,MT103,FAST,1279.1,MYR,**************8887,SG,160
6385379a-0c35-af81-2027-ba7015322f17,2026-07-13T16:26:44.310,gateway,OK,MT103,FAST,240.39,MYR,**************3100,SG,50
6385379a-0c35-af81-2027-ba7015322f17,2026-07-13T16:26:44.445,auth,OK,MT103,FAST,240.39,MYR,**************3100,SG,66
6385379a-0c35-af81-2027-ba7015322f17,2026-07-13T16:26:44.517,validation,OK,MT103,FAST,240.39,MYR,**************3100,SG,50
6385379a-0c35-af81-2027-ba7015322f17,2026-07-13T16:26:44.590,aml,OK,MT103,FAST,240.39,MYR,**************3100,SG,229
6385379a-0c35-af81-2027-ba7015322f17,2026-07-13T16:26:44.696,payment-hub,OK,MT103,FAST,240.39,MYR,**************3100,SG,96
6385379a-0c35-af81-2027-ba7015322f17,2026-07-13T16:26:44.789,core-banking,OK,MT103,FAST,240.39,MYR,**************3100,SG,80
6385379a-0c35-af81-2027-ba7015322f17,2026-07-13T16:26:44.869,settlement,SETTLED,MT103,FAST,240.39,MYR,**************3100,SG,207
d19b4bad-549c-53a2-790e-d1e3f5df85a9,2026-07-09T23:35:03.998,gateway,OK,MT103,FAST,427.8,SGD,**************7722,IN,16
d19b4bad-549c-53a2-790e-d1e3f5df85a9,2026-07-09T23:35:04.042,auth,OK,MT103,FAST,427.8,SGD,**************7722,IN,47
d19b4bad-549c-53a2-790e-d1e3f5df85a9,2026-07-09T23:35:04.310,validation,OK,MT103,FAST,427.8,SGD,**************7722,IN,93
d19b4bad-549c-53a2-790e-d1e3f5df85a9,2026-07-09T23:35:04.381,aml,OK,MT103,FAST,427.8,SGD,**************7722,IN,291
d19b4bad-549c-53a2-790e-d1e3f5df85a9,2026-07-09T23:35:04.498,payment-hub,OK,MT103,FAST,427.8,SGD,**************7722,IN,80
d19b4bad-549c-53a2-790e-d1e3f5df85a9,2026-07-09T23:35:04.577,core-banking,OK,MT103,FAST,427.8,SGD,**************7722,IN,70
d19b4bad-549c-53a2-790e-d1e3f5df85a9,2026-07-09T23:35:04.746,settlement,SETTLED,MT103,FAST,427.8,SGD,**************7722,IN,294
b7643589-5b64-710d-31f1-76cfcad79b9c,2026-07-04T18:33:47.423,gateway,OK,pacs.008,SWIFT,532.83,SGD,**************3389,SG,34
b7643589-5b64-710d-31f1-76cfcad79b9c,2026-07-04T18:33:47.630,auth,OK,pacs.008,SWIFT,532.83,SGD,**************3389,SG,26
b7643589-5b64-710d-31f1-76cfcad79b9c,2026-07-04T18:33:47.804,validation,OK,pacs.008,SWIFT,532.83,SGD,**************3389,SG,53
b7643589-5b64-710d-31f1-76cfcad79b9c,2026-07-04T18:33:47.880,aml,TIMEOUT,pacs.008,SWIFT,532.83,SGD,**************3389,SG,30000
b7643589-5b64-710d-31f1-76cfcad79b9c,2026-07-04T18:33:48.181,payment-hub,FAILED,pacs.008,SWIFT,532.83,SGD,**************3389,SG,49
5e833e8f-3c41-277f-8277-b580e9952dc3,2026-07-13T23:46:38.687,gateway,OK,pacs.008,SWIFT,1077.29,USD,**************0902,SG,44
5e833e8f-3c41-277f-8277-b580e9952dc3,2026-07-13T23:46:38.744,auth,OK,pacs.008,SWIFT,1077.29,USD,**************0902,SG,71
5e833e8f-3c41-277f-8277-b580e9952dc3,2026-07-13T23:46:38.877,validation,OK,pacs.008,SWIFT,1077.29,USD,**************0902,SG,76
5e833e8f-3c41-277f-8277-b580e9952dc3,2026-07-13T23:46:38.944,aml,OK,pacs.008,SWIFT,1077.29,USD,**************0902,SG,163
5e833e8f-3c41-277f-8277-b580e9952dc3,2026-07-13T23:46:39.000,payment-hub,OK,pacs.008,SWIFT,1077.29,USD,**************0902,SG,86
5e833e8f-3c41-277f-8277-b580e9952dc3,2026-07-13T23:46:39.069,core-banking,OK,pacs.008,SWIFT,1077.29,USD,**************0902,SG,87
5e833e8f-3c41-277f-8277-b580e9952dc3,2026-07-13T23:46:39.175,settlement,SETTLED,pacs.008,SWIFT,1077.29,USD,**************0902,SG,379
f0cfa323-0563-607a-46a2-c6f646e0382f,2026-07-15T03:54:59.745,gateway,OK,0200,SWIFT,1918.46,INR,**************2827,HK,55
f0cfa323-0563-607a-46a2-c6f646e0382f,2026-07-15T03:54:59.817,auth,OK,0200,SWIFT,1918.46,INR,**************2827,HK,55
f0cfa323-0563-607a-46a2-c6f646e0382f,2026-07-15T03:54:59.883,validation,OK,0200,SWIFT,1918.46,INR,**************2827,HK,120
f0cfa323-0563-607a-46a2-c6f646e0382f,2026-07-15T03:54:59.967,aml,OK,0200,SWIFT,1918.46,INR,**************2827,HK,151
f0cfa323-0563-607a-46a2-c6f646e0382f,2026-07-15T03:55:00.078,payment-hub,OK,0200,SWIFT,1918.46,INR,**************2827,HK,90
f0cfa323-0563-607a-46a2-c6f646e0382f,2026-07-15T03:55:00.115,core-banking,OK,0200,SWIFT,1918.46,INR,**************2827,HK,109
f0cfa323-0563-607a-46a2-c6f646e0382f,2026-07-15T03:55:00.301,settlement,SETTLED,0200,SWIFT,1918.46,INR,**************2827,HK,377
fd484bec-2062-6104-dc46-262570490575,2026-07-03T16:23:36.543,gateway,OK,pacs.008,SWIFT,162.7,EUR,**************2137,US,59
fd484bec-2062-6104-dc46-262570490575,2026-07-03T16:23:36.701,auth,OK,pacs.008,SWIFT,162.7,EUR,**************2137,US,70
fd484bec-2062-6104-dc46-262570490575,2026-07-03T16:23:36.766,validation,OK,pacs.008,SWIFT,162.7,EUR,**************2137,US,38
fd484bec-2062-6104-dc46-262570490575,2026-07-03T16:23:36.810,aml,OK,pacs.008,SWIFT,162.7,EUR,**************2137,US,214
fd484bec-2062-6104-dc46-262570490575,2026-07-03T16:23:36.896,payment-hub,OK,pacs.008,SWIFT,162.7,EUR,**************2137,US,50
fd484bec-2062-6104-dc46-262570490575,2026-07-03T16:23:37.011,core-banking,OK,pacs.008,SWIFT,162.7,EUR,**************2137,US,204
fd484bec-2062-6104-dc46-262570490575,2026-07-03T16:23:37.183,settlement,SETTLED,pacs.008,SWIFT,162.7,EUR,**************2137,US,242
9552f899-0d2a-364d-17e3-07c43a241c92,2026-07-07T02:48:22.775,gateway,OK,MT103,FAST,336.67,SGD,**************7238,SG,38
9552f899-0d2a-364d-17e3-07c43a241c92,2026-07-07T02:48:22.956,auth,OK,MT103,FAST,336.67,SGD,**************7238,SG,32
9552f899-0d2a-364d-17e3-07c43a241c92,2026-07-07T02:48:23.125,validation,OK,MT103,FAST,336.67,SGD,**************7238,SG,25
9552f899-0d2a-364d-17e3-07c43a241c92,2026-07-07T02:48:53.163,aml,OK,MT103,FAST,336.67,SGD,**************7238,SG,202
9552f899-0d2a-364d-17e3-07c43a241c92,2026-07-07T02:48:53.216,payment-hub,OK,MT103,FAST,336.67,SGD,**************7238,SG,107
9552f899-0d2a-364d-17e3-07c43a241c92,2026-07-07T02:48:53.306,core-banking,OK,MT103,FAST,336.67,SGD,**************7238,SG,54
9552f899-0d2a-364d-17e3-07c43a241c92,2026-07-07T02:48:53.409,settlement,SETTLED,MT103,FAST,336.67,SGD,**************7238,SG,185
485e10ce-d409-83db-0e76-041fcb9bea40,2026-07-11T14:53:06.392,gateway,OK,MT103,SWIFT,495.15,SGD,**************0838,IN,35
485e10ce-d409-83db-0e76-041fcb9bea40,2026-07-11T14:53:06.486,auth,OK,MT103,SWIFT,495.15,SGD,**************0838,IN,59
485e10ce-d409-83db-0e76-041fcb9bea40,2026-07-11T14:53:06.557,validation,OK,MT103,SWIFT,495.15,SGD,**************0838,IN,79
485e10ce-d409-83db-0e76-041fcb9bea40,2026-07-11T14:53:06.637,aml,OK,MT103,SWIFT,495.15,SGD,**************0838,IN,44
485e10ce-d409-83db-0e76-041fcb9bea40,2026-07-11T14:53:06.822,payment-hub,OK,MT103,SWIFT,495.15,SGD,**************0838,IN,95
485e10ce-d409-83db-0e76-041fcb9bea40,2026-07-11T14:53:07.031,core-banking,OK,MT103,SWIFT,495.15,SGD,**************0838,IN,81
485e10ce-d409-83db-0e76-041fcb9bea40,2026-07-11T14:53:07.171,settlement,SETTLED,MT103,SWIFT,495.15,SGD,**************0838,IN,327
18db79a6-78e4-2e94-faf6-257578fd1ca6,2026-07-08T12:01:58.843,gateway,OK,MT103,SWIFT,122.69,MYR,**************3582,SG,44
18db79a6-78e4-2e94-faf6-257578fd1ca6,2026-07-08T12:01:58.927,auth,OK,MT103,SWIFT,122.69,MYR,**************3582,SG,74
18db79a6-78e4-2e94-faf6-257578fd1ca6,2026-07-08T12:02:28.947,validation,OK,MT103,SWIFT,122.69,MYR,**************3582,SG,32
18db79a6-78e4-2e94-faf6-257578fd1ca6,2026-07-08T12:02:29.047,aml,OK,MT103,SWIFT,122.69,MYR,**************3582,SG,159
18db79a6-78e4-2e94-faf6-257578fd1ca6,2026-07-08T12:02:29.186,payment-hub,OK,MT103,SWIFT,122.69,MYR,**************3582,SG,74
18db79a6-78e4-2e94-faf6-257578fd1ca6,2026-07-08T12:02:29.295,core-banking,OK,MT103,SWIFT,122.69,MYR,**************3582,SG,118
18db79a6-78e4-2e94-faf6-257578fd1ca6,2026-07-08T12:02:29.361,settlement,SETTLED,MT103,SWIFT,122.69,MYR,**************3582,SG,307
206ddd3f-350f-cb3c-fa2c-30246d46f996,2026-07-07T04:39:32.568,gateway,OK,pacs.008,FAST,1542.55,MYR,**************6428,SG,28
206ddd3f-350f-cb3c-fa2c-30246d46f996,2026-07-07T04:39:32.634,auth,OK,pacs.008,FAST,1542.55,MYR,**************6428,SG,41
206ddd3f-350f-cb3c-fa2c-30246d46f996,2026-07-07T04:39:32.686,validation,REJECTED,pacs.008,FAST,1542.55,MYR,**************6428,SG,60
642b4048-8342-7846-f609-4d7aa2473f05,2026-07-03T16:41:50.612,gateway,OK,pacs.008,SWIFT,279.03,EUR,**************7636,MY,57
642b4048-8342-7846-f609-4d7aa2473f05,2026-07-03T16:41:50.673,auth,OK,pacs.008,SWIFT,279.03,EUR,**************7636,MY,69
642b4048-8342-7846-f609-4d7aa2473f05,2026-07-03T16:41:50.788,validation,OK,pacs.008,SWIFT,279.03,EUR,**************7636,MY,74
642b4048-8342-7846-f609-4d7aa2473f05,2026-07-03T16:41:51.049,aml,OK,pacs.008,SWIFT,279.03,EUR,**************7636,MY,277
642b4048-8342-7846-f609-4d7aa2473f05,2026-07-03T16:41:51.124,payment-hub,OK,pacs.008,SWIFT,279.03,EUR,**************7636,MY,99
642b4048-8342-7846-f609-4d7aa2473f05,2026-07-03T16:41:51.281,core-banking,OK,pacs.008,SWIFT,279.03,EUR,**************7636,MY,123
642b4048-8342-7846-f609-4d7aa2473f05,2026-07-03T16:41:51.374,settlement,SETTLED,pacs.008,SWIFT,279.03,EUR,**************7636,MY,191
02546484-f67a-c2e1-1158-fbb2c918587e,2026-07-12T01:18:19.708,gateway,OK,pacs.008,SWIFT,971.81,GBP,**************7926,SG,49
02546484-f67a-c2e1-1158-fbb2c918587e,2026-07-12T01:18:19.869,auth,OK,pacs.008,SWIFT,971.81,GBP,**************7926,SG,64
02546484-f67a-c2e1-1158-fbb2c918587e,2026-07-12T01:18:20.026,validation,REJECTED,pacs.008,SWIFT,971.81,GBP,**************7926,SG,33
e7287fd5-83c9-7ae2-92b5-1441bb2920bb,2026-07-13T14:36:57.992,gateway,OK,MT103,SWIFT,615.03,USD,**************8155,SG,32
e7287fd5-83c9-7ae2-92b5-1441bb2920bb,2026-07-13T14:36:58.062,auth,OK,MT103,SWIFT,615.03,USD,**************8155,SG,82
e7287fd5-83c9-7ae2-92b5-1441bb2920bb,2026-07-13T14:36:58.173,validation,OK,MT103,SWIFT,615.03,USD,**************8155,SG,41
e7287fd5-83c9-7ae2-92b5-1441bb2920bb,2026-07-13T14:36:58.279,aml,OK,MT103,SWIFT,615.03,USD,**************8155,SG,199
e7287fd5-83c9-7ae2-92b5-1441bb2920bb,2026-07-13T14:36:58.339,payment-hub,OK,MT103,SWIFT,615.03,USD,**************8155,SG,87
e7287fd5-83c9-7ae2-92b5-1441bb2920bb,2026-07-13T14:36:58.481,core-banking,OK,MT103,SWIFT,615.03,USD,**************8155,SG,180
e7287fd5-83c9-7ae2-92b5-1441bb2920bb,2026-07-13T14:36:58.564,settlement,SETTLED,MT103,SWIFT,615.03,USD,**************8155,SG,379
00cb1a70-d67d-44c8-8242-89c6bb772051,2026-07-06T17:51:49.902,gateway,OK,pacs.008,FAST,182.43,EUR,**************9233,US,43
00cb1a70-d67d-44c8-8242-89c6bb772051,2026-07-06T17:51:49.930,auth,OK,pacs.008,FAST,182.43,EUR,**************9233,US,70
00cb1a70-d67d-44c8-8242-89c6bb772051,2026-07-06T17:51:49.995,validation,OK,pacs.008,FAST,182.43,EUR,**************9233,US,85
00cb1a70-d67d-44c8-8242-89c6bb772051,2026-07-06T17:51:50.067,aml,OK,pacs.008,FAST,182.43,EUR,**************9233,US,42
00cb1a70-d67d-44c8-8242-89c6bb772051,2026-07-06T17:51:50.175,payment-hub,OK,pacs.008,FAST,182.43,EUR,**************9233,US,49
00cb1a70-d67d-44c8-8242-89c6bb772051,2026-07-06T17:51:50.371,core-banking,OK,pacs.008,FAST,182.43,EUR,**************9233,US,161
00cb1a70-d67d-44c8-8242-89c6bb772051,2026-07-06T17:51:50.667,settlement,SETTLED,pacs.008,FAST,182.43,EUR,**************9233,US,101
debd3daa-cd11-9b20-f369-41241413b337,2026-07-12T16:53:35.478,gateway,OK,pacs.008,CARDS,749.08,USD,**************4216,SG,30
debd3daa-cd11-9b20-f369-41241413b337,2026-07-12T16:53:35.553,auth,OK,pacs.008,CARDS,749.08,USD,**************4216,SG,89
debd3daa-cd11-9b20-f369-41241413b337,2026-07-12T16:53:35.606,validation,OK,pacs.008,CARDS,749.08,USD,**************4216,SG,29
debd3daa-cd11-9b20-f369-41241413b337,2026-07-12T16:53:35.677,aml,OK,pacs.008,CARDS,749.08,USD,**************4216,SG,299
debd3daa-cd11-9b20-f369-41241413b337,2026-07-12T16:53:35.895,payment-hub,OK,pacs.008,CARDS,749.08,USD,**************4216,SG,133
debd3daa-cd11-9b20-f369-41241413b337,2026-07-12T16:54:05.912,core-banking,OK,pacs.008,CARDS,749.08,USD,**************4216,SG,144
debd3daa-cd11-9b20-f369-41241413b337,2026-07-12T16:54:06.018,settlement,SETTLED,pacs.008,CARDS,749.08,USD,**************4216,SG,197
b49009dc-27ac-389c-960b-6a9d2363af8a,2026-07-03T03:47:53.333,gateway,OK,MT103,SWIFT,319.12,SGD,**************4296,SG,30
b49009dc-27ac-389c-960b-6a9d2363af8a,2026-07-03T03:47:53.500,auth,OK,MT103,SWIFT,319.12,SGD,**************4296,SG,72
b49009dc-27ac-389c-960b-6a9d2363af8a,2026-07-03T03:47:53.736,validation,OK,MT103,SWIFT,319.12,SGD,**************4296,SG,34
b49009dc-27ac-389c-960b-6a9d2363af8a,2026-07-03T03:47:53.778,aml,OK,MT103,SWIFT,319.12,SGD,**************4296,SG,289
b49009dc-27ac-389c-960b-6a9d2363af8a,2026-07-03T03:47:53.856,payment-hub,OK,MT103,SWIFT,319.12,SGD,**************4296,SG,45
b49009dc-27ac-389c-960b-6a9d2363af8a,2026-07-03T03:47:53.930,core-banking,OK,MT103,SWIFT,319.12,SGD,**************4296,SG,225
b49009dc-27ac-389c-960b-6a9d2363af8a,2026-07-03T03:47:54.003,settlement,SETTLED,MT103,SWIFT,319.12,SGD,**************4296,SG,318
e9513b49-3c1f-2506-f8e3-7fa202d61bca,2026-07-09T13:29:08.178,gateway,OK,pacs.008,FAST,479.06,USD,**************8662,MY,44
e9513b49-3c1f-2506-f8e3-7fa202d61bca,2026-07-09T13:29:08.277,auth,OK,pacs.008,FAST,479.06,USD,**************8662,MY,37
e9513b49-3c1f-2506-f8e3-7fa202d61bca,2026-07-09T13:29:08.332,validation,REJECTED,pacs.008,FAST,479.06,USD,**************8662,MY,65
51c4a954-39d9-6be3-f58f-d71656b37391,2026-07-13T20:36:07.392,gateway,OK,pacs.008,SWIFT,753.0,SGD,**************0430,MY,50
51c4a954-39d9-6be3-f58f-d71656b37391,2026-07-13T20:36:07.595,auth,OK,pacs.008,SWIFT,753.0,SGD,**************0430,MY,76
51c4a954-39d9-6be3-f58f-d71656b37391,2026-07-13T20:36:07.728,validation,OK,pacs.008,SWIFT,753.0,SGD,**************0430,MY,66
51c4a954-39d9-6be3-f58f-d71656b37391,2026-07-13T20:36:07.862,aml,OK,pacs.008,SWIFT,753.0,SGD,**************0430,MY,240
51c4a954-39d9-6be3-f58f-d71656b37391,2026-07-13T20:36:07.976,payment-hub,OK,pacs.008,SWIFT,753.0,SGD,**************0430,MY,139
51c4a954-39d9-6be3-f58f-d71656b37391,2026-07-13T20:36:08.137,core-banking,OK,pacs.008,SWIFT,753.0,SGD,**************0430,MY,157
51c4a954-39d9-6be3-f58f-d71656b37391,2026-07-13T20:36:08.318,settlement,SETTLED,pacs.008,SWIFT,753.0,SGD,**************0430,MY,336
644c9b1e-249b-b415-b8fe-1da5278cfd06,2026-07-08T03:07:04.578,gateway,OK,MT103,SWIFT,484.09,SGD,**************7006,SG,32
644c9b1e-249b-b415-b8fe-1da5278cfd06,2026-07-08T03:07:04.751,auth,OK,MT103,SWIFT,484.09,SGD,**************7006,SG,73
644c9b1e-249b-b415-b8fe-1da5278cfd06,2026-07-08T03:07:05.001,validation,OK,MT103,SWIFT,484.09,SGD,**************7006,SG,38
644c9b1e-249b-b415-b8fe-1da5278cfd06,2026-07-08T03:07:05.099,aml,OK,MT103,SWIFT,484.09,SGD,**************7006,SG,118
644c9b1e-249b-b415-b8fe-1da5278cfd06,2026-07-08T03:07:05.173,payment-hub,OK,MT103,SWIFT,484.09,SGD,**************7006,SG,109
644c9b1e-249b-b415-b8fe-1da5278cfd06,2026-07-08T03:07:05.256,core-banking,OK,MT103,SWIFT,484.09,SGD,**************7006,SG,70
644c9b1e-249b-b415-b8fe-1da5278cfd06,2026-07-08T03:07:05.302,settlement,SETTLED,MT103,SWIFT,484.09,SGD,**************7006,SG,90
cb914895-1c24-0146-25b9-d6703298162e,2026-07-14T20:39:46.361,gateway,OK,pacs.008,FAST,826.82,USD,**************1645,HK,46
cb914895-1c24-0146-25b9-d6703298162e,2026-07-14T20:39:46.402,auth,OK,pacs.008,FAST,826.82,USD,**************1645,HK,90
cb914895-1c24-0146-25b9-d6703298162e,2026-07-14T20:39:46.475,validation,OK,pacs.008,FAST,826.82,USD,**************1645,HK,104
cb914895-1c24-0146-25b9-d6703298162e,2026-07-14T20:39:46.647,aml,OK,pacs.008,FAST,826.82,USD,**************1645,HK,157
cb914895-1c24-0146-25b9-d6703298162e,2026-07-14T20:39:46.772,payment-hub,OK,pacs.008,FAST,826.82,USD,**************1645,HK,72
cb914895-1c24-0146-25b9-d6703298162e,2026-07-14T20:39:46.822,core-banking,OK,pacs.008,FAST,826.82,USD,**************1645,HK,81
cb914895-1c24-0146-25b9-d6703298162e,2026-07-14T20:39:46.977,settlement,SETTLED,pacs.008,FAST,826.82,USD,**************1645,HK,163
bb33c131-3903-8604-973e-71d89075f3e0,2026-07-09T07:00:46.758,gateway,OK,MT103,CARDS,457.54,EUR,**************3217,SG,18
bb33c131-3903-8604-973e-71d89075f3e0,2026-07-09T07:00:46.900,auth,OK,MT103,CARDS,457.54,EUR,**************3217,SG,43
bb33c131-3903-8604-973e-71d89075f3e0,2026-07-09T07:00:47.031,validation,OK,MT103,CARDS,457.54,EUR,**************3217,SG,38
bb33c131-3903-8604-973e-71d89075f3e0,2026-07-09T07:00:47.124,aml,OK,MT103,CARDS,457.54,EUR,**************3217,SG,287
bb33c131-3903-8604-973e-71d89075f3e0,2026-07-09T07:00:47.226,payment-hub,OK,MT103,CARDS,457.54,EUR,**************3217,SG,55
bb33c131-3903-8604-973e-71d89075f3e0,2026-07-09T07:00:47.280,core-banking,OK,MT103,CARDS,457.54,EUR,**************3217,SG,209
bb33c131-3903-8604-973e-71d89075f3e0,2026-07-09T07:00:47.414,settlement,SETTLED,MT103,CARDS,457.54,EUR,**************3217,SG,161
342f3455-71e0-f861-4e5e-aec44e087f16,2026-07-02T05:04:35.956,gateway,OK,pacs.008,SWIFT,334.86,GBP,**************8532,US,31
342f3455-71e0-f861-4e5e-aec44e087f16,2026-07-02T05:04:36.000,auth,OK,pacs.008,SWIFT,334.86,GBP,**************8532,US,67
342f3455-71e0-f861-4e5e-aec44e087f16,2026-07-02T05:04:36.098,validation,OK,pacs.008,SWIFT,334.86,GBP,**************8532,US,87
342f3455-71e0-f861-4e5e-aec44e087f16,2026-07-02T05:04:36.151,aml,OK,pacs.008,SWIFT,334.86,GBP,**************8532,US,202
342f3455-71e0-f861-4e5e-aec44e087f16,2026-07-02T05:04:36.249,payment-hub,OK,pacs.008,SWIFT,334.86,GBP,**************8532,US,70
342f3455-71e0-f861-4e5e-aec44e087f16,2026-07-02T05:04:36.395,core-banking,OK,pacs.008,SWIFT,334.86,GBP,**************8532,US,139
342f3455-71e0-f861-4e5e-aec44e087f16,2026-07-02T05:04:36.669,settlement,SETTLED,pacs.008,SWIFT,334.86,GBP,**************8532,US,75
cd99a154-ac94-d21d-cbb6-aaa3b7a60b4a,2026-07-07T02:55:13.717,gateway,OK,pacs.008,FAST,234.26,SGD,**************4575,IN,32
cd99a154-ac94-d21d-cbb6-aaa3b7a60b4a,2026-07-07T02:55:13.867,auth,OK,pacs.008,FAST,234.26,SGD,**************4575,IN,22
cd99a154-ac94-d21d-cbb6-aaa3b7a60b4a,2026-07-07T02:55:13.932,validation,OK,pacs.008,FAST,234.26,SGD,**************4575,IN,84
cd99a154-ac94-d21d-cbb6-aaa3b7a60b4a,2026-07-07T02:55:14.044,aml,OK,pacs.008,FAST,234.26,SGD,**************4575,IN,212
cd99a154-ac94-d21d-cbb6-aaa3b7a60b4a,2026-07-07T02:55:14.104,payment-hub,OK,pacs.008,FAST,234.26,SGD,**************4575,IN,33
cd99a154-ac94-d21d-cbb6-aaa3b7a60b4a,2026-07-07T02:55:14.206,core-banking,OK,pacs.008,FAST,234.26,SGD,**************4575,IN,67
cd99a154-ac94-d21d-cbb6-aaa3b7a60b4a,2026-07-07T02:55:14.263,settlement,SETTLED,pacs.008,FAST,234.26,SGD,**************4575,IN,200
fcbfd3ed-736a-60bb-74e7-7d36683e6ca9,2026-07-12T12:07:44.591,gateway,OK,pacs.008,SWIFT,2708.37,SGD,**************7496,SG,27
fcbfd3ed-736a-60bb-74e7-7d36683e6ca9,2026-07-12T12:07:44.861,auth,OK,pacs.008,SWIFT,2708.37,SGD,**************7496,SG,67
fcbfd3ed-736a-60bb-74e7-7d36683e6ca9,2026-07-12T12:07:44.985,validation,OK,pacs.008,SWIFT,2708.37,SGD,**************7496,SG,116
fcbfd3ed-736a-60bb-74e7-7d36683e6ca9,2026-07-12T12:07:45.100,aml,OK,pacs.008,SWIFT,2708.37,SGD,**************7496,SG,109
fcbfd3ed-736a-60bb-74e7-7d36683e6ca9,2026-07-12T12:07:45.141,payment-hub,OK,pacs.008,SWIFT,2708.37,SGD,**************7496,SG,122
fcbfd3ed-736a-60bb-74e7-7d36683e6ca9,2026-07-12T12:07:45.247,core-banking,OK,pacs.008,SWIFT,2708.37,SGD,**************7496,SG,163
fcbfd3ed-736a-60bb-74e7-7d36683e6ca9,2026-07-12T12:07:45.333,settlement,SETTLED,pacs.008,SWIFT,2708.37,SGD,**************7496,SG,64
9eeca24b-49f8-32b7-4d00-32b9b3e42a78,2026-07-04T12:22:40.760,gateway,OK,pacs.008,CARDS,436.6,SGD,**************3673,SG,16
9eeca24b-49f8-32b7-4d00-32b9b3e42a78,2026-07-04T12:22:40.874,auth,OK,pacs.008,CARDS,436.6,SGD,**************3673,SG,34
9eeca24b-49f8-32b7-4d00-32b9b3e42a78,2026-07-04T12:22:40.963,validation,OK,pacs.008,CARDS,436.6,SGD,**************3673,SG,113
9eeca24b-49f8-32b7-4d00-32b9b3e42a78,2026-07-04T12:22:41.088,aml,OK,pacs.008,CARDS,436.6,SGD,**************3673,SG,54
9eeca24b-49f8-32b7-4d00-32b9b3e42a78,2026-07-04T12:22:41.266,payment-hub,OK,pacs.008,CARDS,436.6,SGD,**************3673,SG,83
9eeca24b-49f8-32b7-4d00-32b9b3e42a78,2026-07-04T12:22:41.438,core-banking,OK,pacs.008,CARDS,436.6,SGD,**************3673,SG,216
9eeca24b-49f8-32b7-4d00-32b9b3e42a78,2026-07-04T12:22:41.716,settlement,SETTLED,pacs.008,CARDS,436.6,SGD,**************3673,SG,399
bee32982-4f0d-f0d0-3d6a-8d78297a931f,2026-07-03T16:34:02.539,gateway,OK,pacs.008,SWIFT,37.92,MYR,**************3968,IN,19
bee32982-4f0d-f0d0-3d6a-8d78297a931f,2026-07-03T16:34:02.604,auth,OK,pacs.008,SWIFT,37.92,MYR,**************3968,IN,51
bee32982-4f0d-f0d0-3d6a-8d78297a931f,2026-07-03T16:34:02.696,validation,OK,pacs.008,SWIFT,37.92,MYR,**************3968,IN,50
bee32982-4f0d-f0d0-3d6a-8d78297a931f,2026-07-03T16:34:02.788,aml,OK,pacs.008,SWIFT,37.92,MYR,**************3968,IN,145
bee32982-4f0d-f0d0-3d6a-8d78297a931f,2026-07-03T16:34:03.054,payment-hub,OK,pacs.008,SWIFT,37.92,MYR,**************3968,IN,123
bee32982-4f0d-f0d0-3d6a-8d78297a931f,2026-07-03T16:34:03.212,core-banking,OK,pacs.008,SWIFT,37.92,MYR,**************3968,IN,115
bee32982-4f0d-f0d0-3d6a-8d78297a931f,2026-07-03T16:34:03.262,settlement,SETTLED,pacs.008,SWIFT,37.92,MYR,**************3968,IN,96
a7b926fc-44d4-11de-b3c5-c0a425d3f905,2026-07-06T08:10:51.370,gateway,OK,0200,FAST,414.37,MYR,**************1420,MY,24
a7b926fc-44d4-11de-b3c5-c0a425d3f905,2026-07-06T08:10:51.633,auth,OK,0200,FAST,414.37,MYR,**************1420,MY,42
a7b926fc-44d4-11de-b3c5-c0a425d3f905,2026-07-06T08:10:51.679,validation,OK,0200,FAST,414.37,MYR,**************1420,MY,63
a7b926fc-44d4-11de-b3c5-c0a425d3f905,2026-07-06T08:10:51.802,aml,OK,0200,FAST,414.37,MYR,**************1420,MY,184
a7b926fc-44d4-11de-b3c5-c0a425d3f905,2026-07-06T08:10:51.857,payment-hub,OK,0200,FAST,414.37,MYR,**************1420,MY,30
a7b926fc-44d4-11de-b3c5-c0a425d3f905,2026-07-06T08:10:51.944,core-banking,OK,0200,FAST,414.37,MYR,**************1420,MY,246
a7b926fc-44d4-11de-b3c5-c0a425d3f905,2026-07-06T08:10:52.065,settlement,SETTLED,0200,FAST,414.37,MYR,**************1420,MY,297
c6c3acc4-015d-200c-1515-0af181287372,2026-07-15T00:35:34.823,gateway,OK,pacs.008,SWIFT,519.28,INR,**************7471,MY,60
c6c3acc4-015d-200c-1515-0af181287372,2026-07-15T00:35:34.995,auth,OK,pacs.008,SWIFT,519.28,INR,**************7471,MY,69
c6c3acc4-015d-200c-1515-0af181287372,2026-07-15T00:35:35.120,validation,OK,pacs.008,SWIFT,519.28,INR,**************7471,MY,60
c6c3acc4-015d-200c-1515-0af181287372,2026-07-15T00:35:35.172,aml,OK,pacs.008,SWIFT,519.28,INR,**************7471,MY,120
c6c3acc4-015d-200c-1515-0af181287372,2026-07-15T00:35:35.440,payment-hub,OK,pacs.008,SWIFT,519.28,INR,**************7471,MY,30
c6c3acc4-015d-200c-1515-0af181287372,2026-07-15T00:35:35.489,core-banking,OK,pacs.008,SWIFT,519.28,INR,**************7471,MY,58
c6c3acc4-015d-200c-1515-0af181287372,2026-07-15T00:35:35.573,settlement,SETTLED,pacs.008,SWIFT,519.28,INR,**************7471,MY,384
ba75793d-b323-9864-0a79-b5ceec071540,2026-07-10T09:23:28.342,gateway,OK,pacs.008,SWIFT,119.65,GBP,**************0564,GB,58
ba75793d-b323-9864-0a79-b5ceec071540,2026-07-10T09:23:28.639,auth,OK,pacs.008,SWIFT,119.65,GBP,**************0564,GB,70
ba75793d-b323-9864-0a79-b5ceec071540,2026-07-10T09:23:28.731,validation,OK,pacs.008,SWIFT,119.65,GBP,**************0564,GB,106
ba75793d-b323-9864-0a79-b5ceec071540,2026-07-10T09:23:28.795,aml,OK,pacs.008,SWIFT,119.65,GBP,**************0564,GB,83
ba75793d-b323-9864-0a79-b5ceec071540,2026-07-10T09:23:28.848,payment-hub,OK,pacs.008,SWIFT,119.65,GBP,**************0564,GB,46
ba75793d-b323-9864-0a79-b5ceec071540,2026-07-10T09:23:28.974,core-banking,OK,pacs.008,SWIFT,119.65,GBP,**************0564,GB,86
ba75793d-b323-9864-0a79-b5ceec071540,2026-07-10T09:23:29.103,settlement,SETTLED,pacs.008,SWIFT,119.65,GBP,**************0564,GB,303
9d7a6c13-1128-9d5b-9621-854bca558594,2026-07-05T19:52:30.324,gateway,OK,MT103,SWIFT,237.15,SGD,**************7021,SG,28
9d7a6c13-1128-9d5b-9621-854bca558594,2026-07-05T19:52:30.371,auth,OK,MT103,SWIFT,237.15,SGD,**************7021,SG,21
9d7a6c13-1128-9d5b-9621-854bca558594,2026-07-05T19:52:30.465,validation,OK,MT103,SWIFT,237.15,SGD,**************7021,SG,115
9d7a6c13-1128-9d5b-9621-854bca558594,2026-07-05T19:52:30.572,aml,OK,MT103,SWIFT,237.15,SGD,**************7021,SG,142
9d7a6c13-1128-9d5b-9621-854bca558594,2026-07-05T19:52:30.792,payment-hub,OK,MT103,SWIFT,237.15,SGD,**************7021,SG,126
9d7a6c13-1128-9d5b-9621-854bca558594,2026-07-05T19:52:30.880,core-banking,OK,MT103,SWIFT,237.15,SGD,**************7021,SG,175
9d7a6c13-1128-9d5b-9621-854bca558594,2026-07-05T19:52:31.163,settlement,SETTLED,MT103,SWIFT,237.15,SGD,**************7021,SG,208
101fccd7-3539-3aab-a0f7-8e11f1eafda5,2026-07-14T12:57:37.385,gateway,OK,pacs.008,FAST,1750.33,USD,**************1549,HK,50
101fccd7-3539-3aab-a0f7-8e11f1eafda5,2026-07-14T12:57:37.538,auth,OK,pacs.008,FAST,1750.33,USD,**************1549,HK,55
101fccd7-3539-3aab-a0f7-8e11f1eafda5,2026-07-14T12:57:37.597,validation,OK,pacs.008,FAST,1750.33,USD,**************1549,HK,79
101fccd7-3539-3aab-a0f7-8e11f1eafda5,2026-07-14T12:57:37.668,aml,OK,pacs.008,FAST,1750.33,USD,**************1549,HK,292
101fccd7-3539-3aab-a0f7-8e11f1eafda5,2026-07-14T12:57:37.753,payment-hub,OK,pacs.008,FAST,1750.33,USD,**************1549,HK,53
101fccd7-3539-3aab-a0f7-8e11f1eafda5,2026-07-14T12:57:38.068,core-banking,OK,pacs.008,FAST,1750.33,USD,**************1549,HK,134
101fccd7-3539-3aab-a0f7-8e11f1eafda5,2026-07-14T12:57:38.248,settlement,SETTLED,pacs.008,FAST,1750.33,USD,**************1549,HK,350
dd863c58-579d-977b-c215-bb5e8375b197,2026-07-07T23:49:47.348,gateway,OK,pacs.008,SWIFT,433.1,MYR,**************1379,SG,49
dd863c58-579d-977b-c215-bb5e8375b197,2026-07-07T23:49:47.487,auth,OK,pacs.008,SWIFT,433.1,MYR,**************1379,SG,43
dd863c58-579d-977b-c215-bb5e8375b197,2026-07-07T23:49:47.523,validation,OK,pacs.008,SWIFT,433.1,MYR,**************1379,SG,117
dd863c58-579d-977b-c215-bb5e8375b197,2026-07-07T23:49:47.625,aml,OK,pacs.008,SWIFT,433.1,MYR,**************1379,SG,283
dd863c58-579d-977b-c215-bb5e8375b197,2026-07-07T23:50:17.640,payment-hub,OK,pacs.008,SWIFT,433.1,MYR,**************1379,SG,52
dd863c58-579d-977b-c215-bb5e8375b197,2026-07-07T23:50:17.915,core-banking,OK,pacs.008,SWIFT,433.1,MYR,**************1379,SG,104
dd863c58-579d-977b-c215-bb5e8375b197,2026-07-07T23:50:17.985,settlement,SETTLED,pacs.008,SWIFT,433.1,MYR,**************1379,SG,74
23472300-96ef-ab73-0fad-2439b9b69d87,2026-07-03T05:46:59.398,gateway,OK,pacs.008,SWIFT,2329.56,MYR,**************7303,SG,42
23472300-96ef-ab73-0fad-2439b9b69d87,2026-07-03T05:46:59.568,auth,OK,pacs.008,SWIFT,2329.56,MYR,**************7303,SG,67
23472300-96ef-ab73-0fad-2439b9b69d87,2026-07-03T05:46:59.657,validation,OK,pacs.008,SWIFT,2329.56,MYR,**************7303,SG,42
23472300-96ef-ab73-0fad-2439b9b69d87,2026-07-03T05:46:59.728,aml,OK,pacs.008,SWIFT,2329.56,MYR,**************7303,SG,120
23472300-96ef-ab73-0fad-2439b9b69d87,2026-07-03T05:47:00.047,payment-hub,OK,pacs.008,SWIFT,2329.56,MYR,**************7303,SG,30
23472300-96ef-ab73-0fad-2439b9b69d87,2026-07-03T05:47:00.257,core-banking,OK,pacs.008,SWIFT,2329.56,MYR,**************7303,SG,159
23472300-96ef-ab73-0fad-2439b9b69d87,2026-07-03T05:47:00.405,settlement,SETTLED,pacs.008,SWIFT,2329.56,MYR,**************7303,SG,147
fe627e3a-9067-a717-6886-197e7048e67c,2026-07-11T00:25:53.641,gateway,OK,pacs.008,SWIFT,1076.89,MYR,**************0593,SG,21
fe627e3a-9067-a717-6886-197e7048e67c,2026-07-11T00:25:53.715,auth,OK,pacs.008,SWIFT,1076.89,MYR,**************0593,SG,58
fe627e3a-9067-a717-6886-197e7048e67c,2026-07-11T00:25:53.782,validation,OK,pacs.008,SWIFT,1076.89,MYR,**************0593,SG,79
fe627e3a-9067-a717-6886-197e7048e67c,2026-07-11T00:25:53.849,aml,OK,pacs.008,SWIFT,1076.89,MYR,**************0593,SG,57
fe627e3a-9067-a717-6886-197e7048e67c,2026-07-11T00:25:53.991,payment-hub,OK,pacs.008,SWIFT,1076.89,MYR,**************0593,SG,117
fe627e3a-9067-a717-6886-197e7048e67c,2026-07-11T00:25:54.020,core-banking,OK,pacs.008,SWIFT,1076.89,MYR,**************0593,SG,178
fe627e3a-9067-a717-6886-197e7048e67c,2026-07-11T00:25:54.167,settlement,SETTLED,pacs.008,SWIFT,1076.89,MYR,**************0593,SG,126
19714607-7605-4a44-977e-afb7c9031af1,2026-07-09T14:30:08.620,gateway,OK,MT103,FAST,358.92,GBP,**************0287,SG,50
19714607-7605-4a44-977e-afb7c9031af1,2026-07-09T14:30:08.704,auth,OK,MT103,FAST,358.92,GBP,**************0287,SG,69
19714607-7605-4a44-977e-afb7c9031af1,2026-07-09T14:30:08.770,validation,OK,MT103,FAST,358.92,GBP,**************0287,SG,109
19714607-7605-4a44-977e-afb7c9031af1,2026-07-09T14:30:08.841,aml,OK,MT103,FAST,358.92,GBP,**************0287,SG,62
19714607-7605-4a44-977e-afb7c9031af1,2026-07-09T14:30:08.877,payment-hub,OK,MT103,FAST,358.92,GBP,**************0287,SG,139
19714607-7605-4a44-977e-afb7c9031af1,2026-07-09T14:30:08.992,core-banking,OK,MT103,FAST,358.92,GBP,**************0287,SG,89
19714607-7605-4a44-977e-afb7c9031af1,2026-07-09T14:30:09.050,settlement,SETTLED,MT103,FAST,358.92,GBP,**************0287,SG,227
d4156cc8-9e1a-d26b-304a-3c46a57c8d6d,2026-07-06T23:34:35.916,gateway,OK,pacs.008,FAST,953.1,EUR,**************6442,IN,41
d4156cc8-9e1a-d26b-304a-3c46a57c8d6d,2026-07-06T23:34:36.028,auth,OK,pacs.008,FAST,953.1,EUR,**************6442,IN,68
d4156cc8-9e1a-d26b-304a-3c46a57c8d6d,2026-07-06T23:34:36.115,validation,OK,pacs.008,FAST,953.1,EUR,**************6442,IN,110
d4156cc8-9e1a-d26b-304a-3c46a57c8d6d,2026-07-06T23:34:36.190,aml,TIMEOUT,pacs.008,FAST,953.1,EUR,**************6442,IN,30000
d4156cc8-9e1a-d26b-304a-3c46a57c8d6d,2026-07-06T23:34:36.258,payment-hub,FAILED,pacs.008,FAST,953.1,EUR,**************6442,IN,102
2e750514-d8c4-52b8-3a09-3849090f1d12,2026-07-07T09:35:18.358,gateway,OK,pacs.008,SWIFT,788.48,EUR,**************8582,MY,32
2e750514-d8c4-52b8-3a09-3849090f1d12,2026-07-07T09:35:18.434,auth,OK,pacs.008,SWIFT,788.48,EUR,**************8582,MY,73
2e750514-d8c4-52b8-3a09-3849090f1d12,2026-07-07T09:35:18.476,validation,OK,pacs.008,SWIFT,788.48,EUR,**************8582,MY,72
2e750514-d8c4-52b8-3a09-3849090f1d12,2026-07-07T09:35:18.566,aml,OK,pacs.008,SWIFT,788.48,EUR,**************8582,MY,183
2e750514-d8c4-52b8-3a09-3849090f1d12,2026-07-07T09:35:18.616,payment-hub,OK,pacs.008,SWIFT,788.48,EUR,**************8582,MY,118
2e750514-d8c4-52b8-3a09-3849090f1d12,2026-07-07T09:35:18.717,core-banking,OK,pacs.008,SWIFT,788.48,EUR,**************8582,MY,57
2e750514-d8c4-52b8-3a09-3849090f1d12,2026-07-07T09:35:18.838,settlement,SETTLED,pacs.008,SWIFT,788.48,EUR,**************8582,MY,121
378f379c-2fba-7854-5b40-322de94868b1,2026-07-06T06:09:12.759,gateway,OK,pacs.008,FAST,137.21,USD,**************3084,SG,20
378f379c-2fba-7854-5b40-322de94868b1,2026-07-06T06:09:12.801,auth,OK,pacs.008,FAST,137.21,USD,**************3084,SG,24
378f379c-2fba-7854-5b40-322de94868b1,2026-07-06T06:09:12.982,validation,OK,pacs.008,FAST,137.21,USD,**************3084,SG,100
378f379c-2fba-7854-5b40-322de94868b1,2026-07-06T06:09:13.039,aml,OK,pacs.008,FAST,137.21,USD,**************3084,SG,68
378f379c-2fba-7854-5b40-322de94868b1,2026-07-06T06:09:13.255,payment-hub,OK,pacs.008,FAST,137.21,USD,**************3084,SG,38
378f379c-2fba-7854-5b40-322de94868b1,2026-07-06T06:09:13.379,core-banking,OK,pacs.008,FAST,137.21,USD,**************3084,SG,114
378f379c-2fba-7854-5b40-322de94868b1,2026-07-06T06:09:13.418,settlement,SETTLED,pacs.008,FAST,137.21,USD,**************3084,SG,297
c9ba60ab-e261-c146-87f6-27b083f6d57c,2026-07-14T00:14:11.113,gateway,OK,pacs.008,FAST,204.18,SGD,**************8491,SG,18
c9ba60ab-e261-c146-87f6-27b083f6d57c,2026-07-14T00:14:41.131,auth,OK,pacs.008,FAST,204.18,SGD,**************8491,SG,74
c9ba60ab-e261-c146-87f6-27b083f6d57c,2026-07-14T00:14:41.170,validation,OK,pacs.008,FAST,204.18,SGD,**************8491,SG,49
c9ba60ab-e261-c146-87f6-27b083f6d57c,2026-07-14T00:14:41.200,aml,OK,pacs.008,FAST,204.18,SGD,**************8491,SG,284
c9ba60ab-e261-c146-87f6-27b083f6d57c,2026-07-14T00:14:41.303,payment-hub,OK,pacs.008,FAST,204.18,SGD,**************8491,SG,55
c9ba60ab-e261-c146-87f6-27b083f6d57c,2026-07-14T00:14:41.482,core-banking,OK,pacs.008,FAST,204.18,SGD,**************8491,SG,198
c9ba60ab-e261-c146-87f6-27b083f6d57c,2026-07-14T00:14:41.540,settlement,SETTLED,pacs.008,FAST,204.18,SGD,**************8491,SG,89
ebdff143-9033-0d48-de6a-8ae0ce1884d3,2026-07-04T10:32:04.642,gateway,OK,pacs.008,CARDS,5592.74,EUR,**************8315,SG,57
ebdff143-9033-0d48-de6a-8ae0ce1884d3,2026-07-04T10:32:04.760,auth,OK,pacs.008,CARDS,5592.74,EUR,**************8315,SG,37
ebdff143-9033-0d48-de6a-8ae0ce1884d3,2026-07-04T10:32:04.870,validation,OK,pacs.008,CARDS,5592.74,EUR,**************8315,SG,88
ebdff143-9033-0d48-de6a-8ae0ce1884d3,2026-07-04T10:32:05.024,aml,OK,pacs.008,CARDS,5592.74,EUR,**************8315,SG,299
ebdff143-9033-0d48-de6a-8ae0ce1884d3,2026-07-04T10:32:05.134,payment-hub,OK,pacs.008,CARDS,5592.74,EUR,**************8315,SG,135
ebdff143-9033-0d48-de6a-8ae0ce1884d3,2026-07-04T10:32:05.359,core-banking,OK,pacs.008,CARDS,5592.74,EUR,**************8315,SG,214
ebdff143-9033-0d48-de6a-8ae0ce1884d3,2026-07-04T10:32:05.430,settlement,SETTLED,pacs.008,CARDS,5592.74,EUR,**************8315,SG,342
97e8c277-b05d-2734-a27c-ad173636e2a7,2026-07-11T20:58:13.717,gateway,OK,MT103,CARDS,877.82,INR,**************9777,SG,17
97e8c277-b05d-2734-a27c-ad173636e2a7,2026-07-11T20:58:14.020,auth,OK,MT103,CARDS,877.82,INR,**************9777,SG,35
97e8c277-b05d-2734-a27c-ad173636e2a7,2026-07-11T20:58:14.184,validation,OK,MT103,CARDS,877.82,INR,**************9777,SG,89
97e8c277-b05d-2734-a27c-ad173636e2a7,2026-07-11T20:58:14.294,aml,OK,MT103,CARDS,877.82,INR,**************9777,SG,43
97e8c277-b05d-2734-a27c-ad173636e2a7,2026-07-11T20:58:14.361,payment-hub,OK,MT103,CARDS,877.82,INR,**************9777,SG,101
97e8c277-b05d-2734-a27c-ad173636e2a7,2026-07-11T20:58:14.467,core-banking,OK,MT103,CARDS,877.82,INR,**************9777,SG,202
97e8c277-b05d-2734-a27c-ad173636e2a7,2026-07-11T20:58:14.504,settlement,SETTLED,MT103,CARDS,877.82,INR,**************9777,SG,325
93bb51b6-da73-84a2-0af4-bd6b4417f758,2026-07-06T23:13:03.141,gateway,OK,pacs.008,FAST,273.97,USD,**************2888,SG,42
93bb51b6-da73-84a2-0af4-bd6b4417f758,2026-07-06T23:13:03.400,auth,OK,pacs.008,FAST,273.97,USD,**************2888,SG,63
93bb51b6-da73-84a2-0af4-bd6b4417f758,2026-07-06T23:13:03.581,validation,OK,pacs.008,FAST,273.97,USD,**************2888,SG,52
93bb51b6-da73-84a2-0af4-bd6b4417f758,2026-07-06T23:13:03.701,aml,OK,pacs.008,FAST,273.97,USD,**************2888,SG,225
93bb51b6-da73-84a2-0af4-bd6b4417f758,2026-07-06T23:13:03.795,payment-hub,OK,pacs.008,FAST,273.97,USD,**************2888,SG,87
93bb51b6-da73-84a2-0af4-bd6b4417f758,2026-07-06T23:13:03.998,core-banking,OK,pacs.008,FAST,273.97,USD,**************2888,SG,200
93bb51b6-da73-84a2-0af4-bd6b4417f758,2026-07-06T23:13:04.200,settlement,SETTLED,pacs.008,FAST,273.97,USD,**************2888,SG,308
c54b5bc5-99f2-12a9-9fbd-0932bb59fba9,2026-07-06T20:10:24.536,gateway,OK,MT103,FAST,527.74,USD,**************1096,IN,55
c54b5bc5-99f2-12a9-9fbd-0932bb59fba9,2026-07-06T20:10:24.648,auth,OK,MT103,FAST,527.74,USD,**************1096,IN,81
c54b5bc5-99f2-12a9-9fbd-0932bb59fba9,2026-07-06T20:10:24.708,validation,OK,MT103,FAST,527.74,USD,**************1096,IN,102
c54b5bc5-99f2-12a9-9fbd-0932bb59fba9,2026-07-06T20:10:24.766,aml,OK,MT103,FAST,527.74,USD,**************1096,IN,234
c54b5bc5-99f2-12a9-9fbd-0932bb59fba9,2026-07-06T20:10:24.848,payment-hub,OK,MT103,FAST,527.74,USD,**************1096,IN,113
c54b5bc5-99f2-12a9-9fbd-0932bb59fba9,2026-07-06T20:10:24.967,core-banking,OK,MT103,FAST,527.74,USD,**************1096,IN,89
c54b5bc5-99f2-12a9-9fbd-0932bb59fba9,2026-07-06T20:10:25.052,settlement,SETTLED,MT103,FAST,527.74,USD,**************1096,IN,115
786657d9-32ee-ee42-8d8f-914fb9c99b7b,2026-07-06T21:44:19.719,gateway,OK,pacs.008,FAST,452.49,USD,**************8519,SG,43
786657d9-32ee-ee42-8d8f-914fb9c99b7b,2026-07-06T21:44:19.815,auth,OK,pacs.008,FAST,452.49,USD,**************8519,SG,76
786657d9-32ee-ee42-8d8f-914fb9c99b7b,2026-07-06T21:44:20.076,validation,OK,pacs.008,FAST,452.49,USD,**************8519,SG,81
786657d9-32ee-ee42-8d8f-914fb9c99b7b,2026-07-06T21:44:20.199,aml,OK,pacs.008,FAST,452.49,USD,**************8519,SG,262
786657d9-32ee-ee42-8d8f-914fb9c99b7b,2026-07-06T21:44:20.264,payment-hub,OK,pacs.008,FAST,452.49,USD,**************8519,SG,135
786657d9-32ee-ee42-8d8f-914fb9c99b7b,2026-07-06T21:44:20.337,core-banking,OK,pacs.008,FAST,452.49,USD,**************8519,SG,185
786657d9-32ee-ee42-8d8f-914fb9c99b7b,2026-07-06T21:44:20.418,settlement,SETTLED,pacs.008,FAST,452.49,USD,**************8519,SG,253
b0e0df3b-b8de-fb5e-c11a-1ecfe8482a40,2026-07-14T01:55:58.952,gateway,OK,MT103,CARDS,541.14,SGD,**************3697,IN,41
b0e0df3b-b8de-fb5e-c11a-1ecfe8482a40,2026-07-14T01:55:59.068,auth,OK,MT103,CARDS,541.14,SGD,**************3697,IN,87
b0e0df3b-b8de-fb5e-c11a-1ecfe8482a40,2026-07-14T01:55:59.296,validation,OK,MT103,CARDS,541.14,SGD,**************3697,IN,68
b0e0df3b-b8de-fb5e-c11a-1ecfe8482a40,2026-07-14T01:55:59.339,aml,OK,MT103,CARDS,541.14,SGD,**************3697,IN,89
b0e0df3b-b8de-fb5e-c11a-1ecfe8482a40,2026-07-14T01:55:59.432,payment-hub,OK,MT103,CARDS,541.14,SGD,**************3697,IN,47
b0e0df3b-b8de-fb5e-c11a-1ecfe8482a40,2026-07-14T01:55:59.548,core-banking,OK,MT103,CARDS,541.14,SGD,**************3697,IN,142
b0e0df3b-b8de-fb5e-c11a-1ecfe8482a40,2026-07-14T01:55:59.652,settlement,SETTLED,MT103,CARDS,541.14,SGD,**************3697,IN,93
37799647-9f35-7487-d12d-08907ff41a7c,2026-07-02T16:51:20.837,gateway,OK,pacs.008,FAST,1231.02,SGD,**************0728,MY,21
37799647-9f35-7487-d12d-08907ff41a7c,2026-07-02T16:51:20.986,auth,OK,pacs.008,FAST,1231.02,SGD,**************0728,MY,54
37799647-9f35-7487-d12d-08907ff41a7c,2026-07-02T16:51:21.024,validation,OK,pacs.008,FAST,1231.02,SGD,**************0728,MY,120
37799647-9f35-7487-d12d-08907ff41a7c,2026-07-02T16:51:21.075,aml,OK,pacs.008,FAST,1231.02,SGD,**************0728,MY,120
37799647-9f35-7487-d12d-08907ff41a7c,2026-07-02T16:51:21.125,payment-hub,OK,pacs.008,FAST,1231.02,SGD,**************0728,MY,122
37799647-9f35-7487-d12d-08907ff41a7c,2026-07-02T16:51:21.236,core-banking,OK,pacs.008,FAST,1231.02,SGD,**************0728,MY,225
37799647-9f35-7487-d12d-08907ff41a7c,2026-07-02T16:51:21.335,settlement,SETTLED,pacs.008,FAST,1231.02,SGD,**************0728,MY,226
407814d8-2fff-6dd5-de87-d15b6bbd30a3,2026-07-11T00:50:34.802,gateway,OK,pacs.008,FAST,1783.54,SGD,**************5838,US,43
407814d8-2fff-6dd5-de87-d15b6bbd30a3,2026-07-11T00:50:34.924,auth,OK,pacs.008,FAST,1783.54,SGD,**************5838,US,32
407814d8-2fff-6dd5-de87-d15b6bbd30a3,2026-07-11T00:50:34.996,validation,OK,pacs.008,FAST,1783.54,SGD,**************5838,US,57
407814d8-2fff-6dd5-de87-d15b6bbd30a3,2026-07-11T00:50:35.052,aml,OK,pacs.008,FAST,1783.54,SGD,**************5838,US,112
407814d8-2fff-6dd5-de87-d15b6bbd30a3,2026-07-11T00:50:35.274,payment-hub,OK,pacs.008,FAST,1783.54,SGD,**************5838,US,90
407814d8-2fff-6dd5-de87-d15b6bbd30a3,2026-07-11T00:50:35.414,core-banking,OK,pacs.008,FAST,1783.54,SGD,**************5838,US,86
407814d8-2fff-6dd5-de87-d15b6bbd30a3,2026-07-11T00:50:35.513,settlement,SETTLED,pacs.008,FAST,1783.54,SGD,**************5838,US,335
88e06bb2-e1f2-3cfe-59f6-4113e6adb80f,2026-07-10T14:42:24.851,gateway,OK,MT103,FAST,1351.94,INR,**************6233,GB,26
88e06bb2-e1f2-3cfe-59f6-4113e6adb80f,2026-07-10T14:42:24.911,auth,OK,MT103,FAST,1351.94,INR,**************6233,GB,56
88e06bb2-e1f2-3cfe-59f6-4113e6adb80f,2026-07-10T14:42:25.211,validation,OK,MT103,FAST,1351.94,INR,**************6233,GB,118
88e06bb2-e1f2-3cfe-59f6-4113e6adb80f,2026-07-10T14:42:25.294,aml,OK,MT103,FAST,1351.94,INR,**************6233,GB,91
88e06bb2-e1f2-3cfe-59f6-4113e6adb80f,2026-07-10T14:42:25.452,payment-hub,OK,MT103,FAST,1351.94,INR,**************6233,GB,40
88e06bb2-e1f2-3cfe-59f6-4113e6adb80f,2026-07-10T14:42:25.524,core-banking,OK,MT103,FAST,1351.94,INR,**************6233,GB,235
88e06bb2-e1f2-3cfe-59f6-4113e6adb80f,2026-07-10T14:42:25.747,settlement,SETTLED,MT103,FAST,1351.94,INR,**************6233,GB,168
6c408fcb-854e-9571-44b8-2e66f4df4b1d,2026-07-10T21:09:47.065,gateway,OK,pacs.008,SWIFT,101.51,USD,**************4359,SG,15
6c408fcb-854e-9571-44b8-2e66f4df4b1d,2026-07-10T21:09:47.131,auth,OK,pacs.008,SWIFT,101.51,USD,**************4359,SG,84
6c408fcb-854e-9571-44b8-2e66f4df4b1d,2026-07-10T21:09:47.262,validation,OK,pacs.008,SWIFT,101.51,USD,**************4359,SG,83
6c408fcb-854e-9571-44b8-2e66f4df4b1d,2026-07-10T21:09:47.377,aml,OK,pacs.008,SWIFT,101.51,USD,**************4359,SG,67
6c408fcb-854e-9571-44b8-2e66f4df4b1d,2026-07-10T21:09:47.554,payment-hub,OK,pacs.008,SWIFT,101.51,USD,**************4359,SG,96
6c408fcb-854e-9571-44b8-2e66f4df4b1d,2026-07-10T21:09:47.637,core-banking,OK,pacs.008,SWIFT,101.51,USD,**************4359,SG,238
6c408fcb-854e-9571-44b8-2e66f4df4b1d,2026-07-10T21:09:47.889,settlement,SETTLED,pacs.008,SWIFT,101.51,USD,**************4359,SG,156
5f9a176f-cc0e-0716-d906-0909ab9d734c,2026-07-02T19:23:36.124,gateway,OK,pacs.008,FAST,1909.68,USD,**************9401,SG,47
5f9a176f-cc0e-0716-d906-0909ab9d734c,2026-07-02T19:23:36.266,auth,OK,pacs.008,FAST,1909.68,USD,**************9401,SG,28
5f9a176f-cc0e-0716-d906-0909ab9d734c,2026-07-02T19:23:36.337,validation,REJECTED,pacs.008,FAST,1909.68,USD,**************9401,SG,69
e6a8ad57-367c-bba8-f520-8eead8ebd07b,2026-07-12T21:10:31.015,gateway,OK,pacs.008,CARDS,1352.03,MYR,**************0966,SG,33
e6a8ad57-367c-bba8-f520-8eead8ebd07b,2026-07-12T21:10:31.130,auth,OK,pacs.008,CARDS,1352.03,MYR,**************0966,SG,70
e6a8ad57-367c-bba8-f520-8eead8ebd07b,2026-07-12T21:10:31.249,validation,OK,pacs.008,CARDS,1352.03,MYR,**************0966,SG,82
e6a8ad57-367c-bba8-f520-8eead8ebd07b,2026-07-12T21:10:31.339,aml,OK,pacs.008,CARDS,1352.03,MYR,**************0966,SG,187
e6a8ad57-367c-bba8-f520-8eead8ebd07b,2026-07-12T21:10:31.406,payment-hub,OK,pacs.008,CARDS,1352.03,MYR,**************0966,SG,60
e6a8ad57-367c-bba8-f520-8eead8ebd07b,2026-07-12T21:10:31.609,core-banking,OK,pacs.008,CARDS,1352.03,MYR,**************0966,SG,136
e6a8ad57-367c-bba8-f520-8eead8ebd07b,2026-07-12T21:10:31.704,settlement,SETTLED,pacs.008,CARDS,1352.03,MYR,**************0966,SG,130
706a3a70-a5d3-ef78-4c74-5db9e6742238,2026-07-01T23:23:06.360,gateway,OK,0200,CARDS,1239.2,SGD,**************0121,HK,47
706a3a70-a5d3-ef78-4c74-5db9e6742238,2026-07-01T23:23:06.525,auth,OK,0200,CARDS,1239.2,SGD,**************0121,HK,60
706a3a70-a5d3-ef78-4c74-5db9e6742238,2026-07-01T23:23:06.679,validation,OK,0200,CARDS,1239.2,SGD,**************0121,HK,58
706a3a70-a5d3-ef78-4c74-5db9e6742238,2026-07-01T23:23:06.758,aml,OK,0200,CARDS,1239.2,SGD,**************0121,HK,113
706a3a70-a5d3-ef78-4c74-5db9e6742238,2026-07-01T23:23:06.845,payment-hub,OK,0200,CARDS,1239.2,SGD,**************0121,HK,109
706a3a70-a5d3-ef78-4c74-5db9e6742238,2026-07-01T23:23:06.948,core-banking,OK,0200,CARDS,1239.2,SGD,**************0121,HK,174
706a3a70-a5d3-ef78-4c74-5db9e6742238,2026-07-01T23:23:07.076,settlement,SETTLED,0200,CARDS,1239.2,SGD,**************0121,HK,284
f26169a8-f0f8-6a06-9b87-88d7d60da15d,2026-07-09T12:11:35.758,gateway,OK,pacs.008,SWIFT,344.87,USD,**************2974,SG,38
f26169a8-f0f8-6a06-9b87-88d7d60da15d,2026-07-09T12:11:35.880,auth,OK,pacs.008,SWIFT,344.87,USD,**************2974,SG,81
f26169a8-f0f8-6a06-9b87-88d7d60da15d,2026-07-09T12:11:35.996,validation,OK,pacs.008,SWIFT,344.87,USD,**************2974,SG,91
f26169a8-f0f8-6a06-9b87-88d7d60da15d,2026-07-09T12:11:36.212,aml,OK,pacs.008,SWIFT,344.87,USD,**************2974,SG,147
f26169a8-f0f8-6a06-9b87-88d7d60da15d,2026-07-09T12:11:36.287,payment-hub,OK,pacs.008,SWIFT,344.87,USD,**************2974,SG,118
f26169a8-f0f8-6a06-9b87-88d7d60da15d,2026-07-09T12:11:36.347,core-banking,OK,pacs.008,SWIFT,344.87,USD,**************2974,SG,50
f26169a8-f0f8-6a06-9b87-88d7d60da15d,2026-07-09T12:11:36.435,settlement,SETTLED,pacs.008,SWIFT,344.87,USD,**************2974,SG,294
a5b71787-45a7-2a02-752a-a038b8edc6a8,2026-07-11T18:01:18.028,gateway,OK,pacs.008,FAST,94.34,EUR,**************4612,IN,47
a5b71787-45a7-2a02-752a-a038b8edc6a8,2026-07-11T18:01:18.107,auth,OK,pacs.008,FAST,94.34,EUR,**************4612,IN,64
a5b71787-45a7-2a02-752a-a038b8edc6a8,2026-07-11T18:01:18.279,validation,OK,pacs.008,FAST,94.34,EUR,**************4612,IN,113
a5b71787-45a7-2a02-752a-a038b8edc6a8,2026-07-11T18:01:18.357,aml,OK,pacs.008,FAST,94.34,EUR,**************4612,IN,245
a5b71787-45a7-2a02-752a-a038b8edc6a8,2026-07-11T18:01:18.481,payment-hub,OK,pacs.008,FAST,94.34,EUR,**************4612,IN,90
a5b71787-45a7-2a02-752a-a038b8edc6a8,2026-07-11T18:01:18.525,core-banking,OK,pacs.008,FAST,94.34,EUR,**************4612,IN,233
a5b71787-45a7-2a02-752a-a038b8edc6a8,2026-07-11T18:01:18.611,settlement,SETTLED,pacs.008,FAST,94.34,EUR,**************4612,IN,325
